// Created by Crowbar 0.74
version 1
nodes
  0 "ValveBiped.Bip01" -1
  1 "ValveBiped.Bip01_Spine" 0
  2 "ValveBiped.Bip01_Spine1" 1
  3 "ValveBiped.Bip01_Spine2" 2
  4 "ValveBiped.Bip01_Spine4" 3
  5 "ValveBiped.Bip01_L_Clavicle" 4
  6 "ValveBiped.Bip01_L_UpperArm" 5
  7 "ValveBiped.Bip01_L_Forearm" 6
  8 "ValveBiped.Bip01_L_Hand" 7
  9 "ValveBiped.Bip01_L_Finger1" 8
  10 "ValveBiped.Bip01_L_Finger11" 9
  11 "ValveBiped.Bip01_L_Finger12" 10
  12 "ValveBiped.Bip01_L_Finger2" 8
  13 "ValveBiped.Bip01_L_Finger21" 12
  14 "ValveBiped.Bip01_L_Finger22" 13
  15 "ValveBiped.Bip01_L_Finger3" 8
  16 "ValveBiped.Bip01_L_Finger31" 15
  17 "ValveBiped.Bip01_L_Finger32" 16
  18 "ValveBiped.Bip01_R_Clavicle" 4
  19 "ValveBiped.Bip01_R_UpperArm" 18
  20 "ValveBiped.Bip01_R_Forearm" 19
  21 "ValveBiped.Bip01_R_Hand" 20
  22 "ValveBiped.Bip01_R_Finger1" 21
  23 "ValveBiped.Bip01_R_Finger11" 22
  24 "ValveBiped.Bip01_R_Finger12" 23
  25 "ValveBiped.Bip01_R_Finger2" 21
  26 "ValveBiped.Bip01_R_Finger21" 25
  27 "ValveBiped.Bip01_R_Finger22" 26
  28 "ValveBiped.Bip01_R_Finger3" 21
  29 "ValveBiped.Bip01_R_Finger31" 28
  30 "ValveBiped.Bip01_R_Finger32" 29
  31 "ValveBiped.Bip01_Pelvis" 0
  32 "ValveBiped.Bip01_L_Thigh" 31
  33 "ValveBiped.Bip01_L_Calf" 32
  34 "ValveBiped.Bip01_L_Foot" 33
  35 "ValveBiped.Bip01_L_Toe0" 34
  36 "ValveBiped.Bip01_R_Thigh" 31
  37 "ValveBiped.Bip01_R_Calf" 36
  38 "ValveBiped.Bip01_R_Foot" 37
  39 "ValveBiped.Bip01_R_Toe0" 38
  40 "ValveBiped.Headcrab_Cube1" 4
  41 "ValveBiped.Headcrab_Cube2" 3
  42 "ValveBiped.Headcrab_Cube4" 3
  43 "ValveBiped.Headcrab_Cube3" 1
  44 "ValveBiped.HC5_Bodybox" -1
  45 "ValveBiped.HCB_hipsFront" 44
  46 "ValveBiped.bone" 45
  47 "ValveBiped.bone1" 46
  48 "ValveBiped.bone2" 47
  49 "ValveBiped.bone3" 45
  50 "ValveBiped.bone4" 49
  51 "ValveBiped.bone5" 50
  52 "ValveBiped.bone8" 44
  53 "ValveBiped.bone9" 52
  54 "ValveBiped.bone6" 44
  55 "ValveBiped.bone7" 54
end
skeleton
  time 0
    0 -3.606493 0.942271 36.701271 1.963495 0.000000 -0.119865
    1 0.000005 3.345125 -2.981987 0.125414 -0.434055 1.753012
    2 4.126702 0.000000 -0.000001 -0.054978 -0.314159 0.006827
    3 3.613000 0.000000 0.000002 0.023562 -0.298451 -0.202508
    4 9.183998 0.000000 0.000002 -0.007071 -0.142039 -0.024033
    5 1.667105 -2.621271 1.204555 0.167879 -0.160052 -1.817357
    6 6.028141 0.000000 0.000001 -2.406041 -0.857868 0.513757
    7 12.693000 0.000000 0.000001 0.000000 0.000000 -1.260846
    8 11.575998 0.000000 0.000001 -1.373183 0.602075 0.350723
    9 5.591134 0.133427 -1.865050 0.204204 0.169297 -0.060214
    10 5.293000 0.000001 -0.000001 -0.073575 -0.006250 0.809509
    11 3.079114 0.000001 0.000000 0.006978 -0.006850 0.667655
    12 5.739709 0.047596 -0.612883 -0.146203 -0.021738 0.350197
    13 5.652499 0.000000 0.000000 -0.067746 -0.006072 0.542602
    14 3.325017 0.000000 -0.000001 0.009338 -0.006636 1.264737
    15 5.562208 0.327350 0.486440 -0.329867 -0.354521 0.774743
    16 5.158499 0.000001 0.000000 -0.070282 -0.005680 0.432912
    17 3.325999 -0.000001 0.000000 0.008885 -0.007390 1.407859
    18 1.659054 2.569644 1.216365 -0.165570 0.036625 1.604596
    19 6.028141 0.000000 -0.000001 1.664261 -0.747770 -0.183090
    20 12.693002 0.000002 0.000000 0.000000 0.000000 0.973791
    21 11.598285 -0.138268 0.107485 -0.630719 0.044388 0.130970
    22 5.900463 -0.635063 1.689933 0.424115 -0.106558 0.188975
    23 5.248501 0.000000 0.000000 0.000000 0.000000 0.483077
    24 3.151000 0.000000 0.000000 0.000000 0.000000 0.524056
    25 6.189648 -0.664553 0.434984 0.204204 0.029273 0.408383
    26 5.511000 0.000000 0.000000 0.000000 0.000000 0.844926
    27 3.325018 0.000000 0.000000 0.000000 0.000000 0.524187
    28 5.928186 -0.249670 -0.698117 0.392699 0.156781 0.512254
    29 5.074001 0.000000 0.000000 0.000000 0.000000 0.816814
    30 3.326001 0.000000 0.000000 0.000000 -0.000001 1.115265
    31 0.000000 0.000002 0.000000 0.000000 0.000000 0.148648
    32 3.890452 -0.000007 -0.000090 -1.737824 -0.883308 -1.514527
    33 17.590998 -0.000001 0.000000 0.000000 0.000000 0.549658
    34 17.699577 0.000000 0.000000 0.025582 -0.389746 -0.858745
    35 6.879455 0.000000 0.000000 -0.085839 -0.002954 -0.584447
    36 -3.890442 -0.000009 -0.000089 1.170327 -0.707832 -1.675309
    37 17.590998 0.000000 0.000000 0.000000 0.000000 -0.728009
    38 17.699577 0.000000 0.000000 0.055567 0.158014 1.391121
    39 6.879455 0.000000 0.000000 -0.096877 0.003781 0.622900
    40 12.937188 -0.910214 -3.577372 -1.553029 -0.155316 -1.473964
    41 10.589315 -10.435698 -4.978876 -0.898032 -0.379913 -2.476032
    42 7.514539 7.672323 -6.630682 -1.257915 0.294779 -1.042108
    43 3.889216 -3.159760 -7.620186 -0.785154 -0.140023 -1.821704
    44 28.675329 -0.394760 10.933533 1.570796 0.000000 0.000000
    45 -0.002712 -0.820693 3.883316 -1.570796 0.000000 0.000000
    46 4.068216 0.218490 -2.249109 -3.141592 0.000000 0.029248
    47 3.090774 0.000000 0.000000 1.327539 -0.061618 1.278991
    48 10.185577 -0.000001 0.000001 0.000000 0.000000 0.645966
    49 -4.067999 0.218490 -2.249109 1.572073 -0.043615 3.112319
    50 3.090994 0.000000 0.000000 0.029923 1.270812 -0.265755
    51 10.185578 0.000000 0.000001 0.000000 0.000000 -0.652766
    52 -3.891819 -0.049854 -3.208424 -3.029962 1.079257 -3.065674
    53 14.659636 0.000000 0.000000 0.000000 0.000000 -1.039907
    54 3.886286 0.339840 -3.208175 -0.161572 1.076830 -0.131780
    55 14.678965 0.000000 0.000001 0.000000 0.000000 -1.013401
end
triangles
Blackcrab_sheet
  44 27.439510 7.113032 10.456321 -0.029118 0.959300 0.280883 0.276340 0.580695 1 44 1.000000
  44 25.020947 5.454831 8.507197 0.352769 -0.631394 -0.690576 0.171458 0.551682 2 44 0.800970 52 0.199030
  52 25.126959 6.101858 7.427966 0.805347 0.558160 0.199681 0.213422 0.550041 1 52 1.000000
Blackcrab_sheet
  52 27.131031 6.127445 12.075398 -0.277160 0.127265 0.952358 0.233723 0.506617 1 52 1.000000
  44 27.439510 7.113032 10.456321 -0.029118 0.959300 0.280883 0.276340 0.580695 1 44 1.000000
  52 26.179981 7.057678 10.822201 0.072627 0.746941 0.660912 0.248229 0.553183 1 52 1.000000
Blackcrab_sheet
  52 24.067867 5.084575 12.465752 -0.364027 -0.350601 0.862881 0.161420 0.482243 1 52 1.000000
  44 26.782734 3.957791 13.852237 -0.289810 0.062038 0.955071 0.244755 0.453710 1 44 1.000000
  52 27.131031 6.127445 12.075398 -0.277160 0.127265 0.952358 0.233723 0.506617 1 52 1.000000
Blackcrab_sheet
  44 23.652821 -0.209236 6.713051 -0.902769 -0.130253 -0.409929 0.025232 0.326412 1 44 1.000000
  44 23.525965 -0.941274 6.819398 -0.853432 0.148588 -0.499575 0.039924 0.291007 1 44 1.000000
  44 23.513372 0.190246 6.893217 -0.901518 0.353111 -0.250156 0.029031 0.343479 1 44 1.000000
Blackcrab_sheet
  44 23.525965 -0.941274 6.819398 -0.853432 0.148588 -0.499575 0.039924 0.291007 1 44 1.000000
  44 23.136404 -0.332352 7.650200 -0.732978 0.048799 -0.678500 0.051335 0.328490 1 44 1.000000
  44 23.513372 0.190246 6.893217 -0.901518 0.353111 -0.250156 0.029031 0.343479 1 44 1.000000
Blackcrab_sheet
  44 23.136404 -0.332352 7.650200 -0.732978 0.048799 -0.678500 0.051335 0.328490 1 44 1.000000
  44 23.057398 0.993827 7.737107 -0.793843 0.089940 -0.601435 0.063738 0.370556 1 44 1.000000
  44 23.513372 0.190246 6.893217 -0.901518 0.353111 -0.250156 0.029031 0.343479 1 44 1.000000
Blackcrab_sheet
  44 22.055523 -0.604379 8.122857 -0.522901 0.609973 -0.595405 0.068556 0.326470 1 44 1.000000
  44 23.057398 0.993827 7.737107 -0.793843 0.089940 -0.601435 0.063738 0.370556 1 44 1.000000
  44 23.136404 -0.332352 7.650200 -0.732978 0.048799 -0.678500 0.051335 0.328490 1 44 1.000000
Blackcrab_sheet
  44 22.055523 -0.604379 8.122857 -0.522901 0.609973 -0.595405 0.068556 0.326470 1 44 1.000000
  44 23.131577 3.359747 8.589890 -0.724056 0.541771 -0.426880 0.113444 0.426015 1 44 1.000000
  44 23.057398 0.993827 7.737107 -0.793843 0.089940 -0.601435 0.063738 0.370556 1 44 1.000000
Blackcrab_sheet
  44 23.131577 3.359747 8.589890 -0.724056 0.541771 -0.426880 0.113444 0.426015 1 44 1.000000
  44 22.055523 -0.604379 8.122857 -0.522901 0.609973 -0.595405 0.068556 0.326470 1 44 1.000000
  44 21.069643 -0.567080 9.032144 -0.951237 0.308436 0.003929 0.080826 0.319063 1 44 1.000000
Blackcrab_sheet
  44 23.131577 3.359747 8.589890 -0.724056 0.541771 -0.426880 0.113444 0.426015 1 44 1.000000
  44 21.069643 -0.567080 9.032144 -0.951237 0.308436 0.003929 0.080826 0.319063 1 44 1.000000
  52 22.199352 3.315915 9.362053 -0.758808 0.489092 -0.430116 0.123459 0.414476 1 52 1.000000
Blackcrab_sheet
  44 21.069643 -0.567080 9.032144 -0.951237 0.308436 0.003929 0.080826 0.319063 1 44 1.000000
  52 21.795010 3.126348 10.282725 -0.986133 -0.091161 0.138678 0.126907 0.408020 1 52 1.000000
  52 22.199352 3.315915 9.362053 -0.758808 0.489092 -0.430116 0.123459 0.414476 1 52 1.000000
Blackcrab_sheet
  52 21.795010 3.126348 10.282725 -0.986133 -0.091161 0.138678 0.126907 0.408020 1 52 1.000000
  44 21.069643 -0.567080 9.032144 -0.951237 0.308436 0.003929 0.080826 0.319063 1 44 1.000000
  44 21.131201 -2.832696 9.296060 -0.806727 -0.351356 0.475121 0.087357 0.261868 2 44 0.897544 49 0.102456
Blackcrab_sheet
  52 21.795010 3.126348 10.282725 -0.986133 -0.091161 0.138678 0.126907 0.408020 1 52 1.000000
  44 21.131201 -2.832696 9.296060 -0.806727 -0.351356 0.475121 0.087357 0.261868 2 44 0.897544 49 0.102456
  52 22.624170 2.625663 10.954822 -0.609309 -0.515962 0.602101 0.133240 0.405595 1 52 1.000000
Blackcrab_sheet
  44 21.131201 -2.832696 9.296060 -0.806727 -0.351356 0.475121 0.087357 0.261868 2 44 0.897544 49 0.102456
  44 24.190559 2.156899 12.689983 -0.780272 -0.215948 0.586977 0.171840 0.407807 1 44 1.000000
  52 22.624170 2.625663 10.954822 -0.609309 -0.515962 0.602101 0.133240 0.405595 1 52 1.000000
Blackcrab_sheet
  44 24.190559 2.156899 12.689983 -0.780272 -0.215948 0.586977 0.171840 0.407807 1 44 1.000000
  52 24.067867 5.084575 12.465752 -0.364027 -0.350601 0.862881 0.161420 0.482243 1 52 1.000000
  52 22.624170 2.625663 10.954822 -0.609309 -0.515962 0.602101 0.133240 0.405595 1 52 1.000000
Blackcrab_sheet
  44 26.902855 1.929948 14.793506 -0.305281 -0.375279 0.875197 0.252321 0.405845 1 44 1.000000
  52 24.067867 5.084575 12.465752 -0.364027 -0.350601 0.862881 0.161420 0.482243 1 52 1.000000
  44 24.190559 2.156899 12.689983 -0.780272 -0.215948 0.586977 0.171840 0.407807 1 44 1.000000
Blackcrab_sheet
  44 26.902855 1.929948 14.793506 -0.305281 -0.375279 0.875197 0.252321 0.405845 1 44 1.000000
  44 26.782734 3.957791 13.852237 -0.289810 0.062038 0.955071 0.244755 0.453710 1 44 1.000000
  52 24.067867 5.084575 12.465752 -0.364027 -0.350601 0.862881 0.161420 0.482243 1 52 1.000000
Blackcrab_sheet
  44 26.902855 1.929948 14.793506 -0.305281 -0.375279 0.875197 0.252321 0.405845 1 44 1.000000
  44 28.797350 3.092903 15.096025 0.000000 -0.186766 0.982404 0.295130 0.432815 1 44 1.000000
  44 26.782734 3.957791 13.852237 -0.289810 0.062038 0.955071 0.244755 0.453710 1 44 1.000000
Blackcrab_sheet
  52 27.131031 6.127445 12.075398 -0.277160 0.127265 0.952358 0.233723 0.506617 1 52 1.000000
  44 26.782734 3.957791 13.852237 -0.289810 0.062038 0.955071 0.244755 0.453710 1 44 1.000000
  44 28.797350 3.092903 15.096025 0.000000 -0.186766 0.982404 0.295130 0.432815 1 44 1.000000
Blackcrab_sheet
  52 27.131031 6.127445 12.075398 -0.277160 0.127265 0.952358 0.233723 0.506617 1 52 1.000000
  44 28.797350 3.092903 15.096025 0.000000 -0.186766 0.982404 0.295130 0.432815 1 44 1.000000
  44 28.797354 6.130067 12.587953 0.000000 0.251860 0.967764 0.295128 0.504820 1 44 1.000000
Blackcrab_sheet
  44 28.797354 6.130067 12.587953 0.000000 0.251860 0.967764 0.295128 0.504820 1 44 1.000000
  44 27.439510 7.113032 10.456321 -0.029118 0.959300 0.280883 0.276340 0.580695 1 44 1.000000
  52 27.131031 6.127445 12.075398 -0.277160 0.127265 0.952358 0.233723 0.506617 1 52 1.000000
Blackcrab_sheet
  44 21.131201 -2.832696 9.296060 -0.806727 -0.351356 0.475121 0.087357 0.261868 2 44 0.897544 49 0.102456
  44 21.069643 -0.567080 9.032144 -0.951237 0.308436 0.003929 0.080826 0.319063 1 44 1.000000
  44 20.532198 -2.178403 8.310806 -0.870870 -0.296162 0.392267 0.056734 0.278037 1 44 1.000000
Blackcrab_sheet
  44 22.055523 -0.604379 8.122857 -0.522901 0.609973 -0.595405 0.068556 0.326470 1 44 1.000000
  44 23.136404 -0.332352 7.650200 -0.732978 0.048799 -0.678500 0.051335 0.328490 1 44 1.000000
  44 22.997049 -1.294508 7.639457 -0.628683 0.356630 -0.691067 0.066096 0.306116 1 44 1.000000
Blackcrab_sheet
  44 23.136404 -0.332352 7.650200 -0.732978 0.048799 -0.678500 0.051335 0.328490 1 44 1.000000
  44 23.525965 -0.941274 6.819398 -0.853432 0.148588 -0.499575 0.039924 0.291007 1 44 1.000000
  44 22.997049 -1.294508 7.639457 -0.628683 0.356630 -0.691067 0.066096 0.306116 1 44 1.000000
Blackcrab_sheet
  44 22.997049 -1.294508 7.639457 -0.628683 0.356630 -0.691067 0.066096 0.306116 1 44 1.000000
  44 23.525965 -0.941274 6.819398 -0.853432 0.148588 -0.499575 0.039924 0.291007 1 44 1.000000
  49 23.261347 -1.728024 6.567566 -0.601434 0.714529 -0.357387 0.069792 0.259311 1 49 1.000000
Blackcrab_sheet
  44 28.797354 6.130067 12.587953 0.000000 0.251860 0.967764 0.295128 0.504820 1 44 1.000000
  44 28.797356 7.176379 10.443207 0.000001 0.944412 0.328763 0.295125 0.555684 1 44 1.000000
  44 27.439510 7.113032 10.456321 -0.029118 0.959300 0.280883 0.276340 0.580695 1 44 1.000000
Blackcrab_sheet
  44 28.797354 6.130067 12.587953 0.000000 0.251860 0.967764 0.295128 0.504820 1 44 1.000000
  44 30.155203 7.113029 10.456321 0.029120 0.959300 0.280882 0.313341 0.580697 1 44 1.000000
  44 28.797356 7.176379 10.443207 0.000001 0.944412 0.328763 0.295125 0.555684 1 44 1.000000
Blackcrab_sheet
  44 28.797354 6.130067 12.587953 0.000000 0.251860 0.967764 0.295128 0.504820 1 44 1.000000
  44 30.463676 6.127440 12.075401 0.277160 0.127264 0.952358 0.356535 0.506621 1 44 1.000000
  44 30.155203 7.113029 10.456321 0.029120 0.959300 0.280882 0.313341 0.580697 1 44 1.000000
Blackcrab_sheet
  54 31.414726 7.057672 10.822201 -0.072624 0.746941 0.660912 0.342021 0.553189 1 54 1.000000
  44 30.155203 7.113029 10.456321 0.029120 0.959300 0.280882 0.313341 0.580697 1 44 1.000000
  44 30.463676 6.127440 12.075401 0.277160 0.127264 0.952358 0.356535 0.506621 1 44 1.000000
Blackcrab_sheet
  44 28.797350 3.092903 15.096025 0.000000 -0.186766 0.982404 0.295130 0.432815 1 44 1.000000
  44 30.463676 6.127440 12.075401 0.277160 0.127264 0.952358 0.356535 0.506621 1 44 1.000000
  44 28.797354 6.130067 12.587953 0.000000 0.251860 0.967764 0.295128 0.504820 1 44 1.000000
Blackcrab_sheet
  44 28.797350 3.092903 15.096025 0.000000 -0.186766 0.982404 0.295130 0.432815 1 44 1.000000
  44 30.811968 3.957787 13.852237 0.289810 0.062037 0.955071 0.345505 0.453713 1 44 1.000000
  44 30.463676 6.127440 12.075401 0.277160 0.127264 0.952358 0.356535 0.506621 1 44 1.000000
Blackcrab_sheet
  44 28.797350 3.092903 15.096025 0.000000 -0.186766 0.982404 0.295130 0.432815 1 44 1.000000
  44 30.691841 1.929944 14.793506 0.305280 -0.375279 0.875197 0.337942 0.405847 1 44 1.000000
  44 30.811968 3.957787 13.852237 0.289810 0.062037 0.955071 0.345505 0.453713 1 44 1.000000
Blackcrab_sheet
  44 33.404140 2.156889 12.689984 0.780271 -0.215950 0.586977 0.418422 0.407812 1 44 1.000000
  44 30.811968 3.957787 13.852237 0.289810 0.062037 0.955071 0.345505 0.453713 1 44 1.000000
  44 30.691841 1.929944 14.793506 0.305280 -0.375279 0.875197 0.337942 0.405847 1 44 1.000000
Blackcrab_sheet
  54 33.526833 5.084564 12.465753 0.364026 -0.350601 0.862881 0.433826 0.494932 1 54 1.000000
  44 30.463676 6.127440 12.075401 0.277160 0.127264 0.952358 0.356535 0.506621 1 44 1.000000
  44 30.811968 3.957787 13.852237 0.289810 0.062037 0.955071 0.345505 0.453713 1 44 1.000000
Blackcrab_sheet
  44 33.404140 2.156889 12.689984 0.780271 -0.215950 0.586977 0.418422 0.407812 1 44 1.000000
  54 33.526833 5.084564 12.465753 0.364026 -0.350601 0.862881 0.433826 0.494932 1 54 1.000000
  44 30.811968 3.957787 13.852237 0.289810 0.062037 0.955071 0.345505 0.453713 1 44 1.000000
Blackcrab_sheet
  54 34.970524 2.625649 10.954823 0.609307 -0.515964 0.602101 0.463327 0.405600 1 54 1.000000
  54 33.526833 5.084564 12.465753 0.364026 -0.350601 0.862881 0.433826 0.494932 1 54 1.000000
  44 33.404140 2.156889 12.689984 0.780271 -0.215950 0.586977 0.418422 0.407812 1 44 1.000000
Blackcrab_sheet
  54 34.970524 2.625649 10.954823 0.609307 -0.515964 0.602101 0.463327 0.405600 1 54 1.000000
  44 33.404140 2.156889 12.689984 0.780271 -0.215950 0.586977 0.418422 0.407812 1 44 1.000000
  44 35.233860 -0.544869 11.436597 0.855039 -0.143962 0.498180 0.455883 0.331383 1 44 1.000000
Blackcrab_sheet
  44 35.233860 -0.544869 11.436597 0.855039 -0.143962 0.498180 0.455883 0.331383 1 44 1.000000
  44 33.404140 2.156889 12.689984 0.780271 -0.215950 0.586977 0.418422 0.407812 1 44 1.000000
  44 34.147846 -0.408377 12.729195 0.706450 -0.397180 0.585812 0.420683 0.343539 1 44 1.000000
Blackcrab_sheet
  44 34.147846 -0.408377 12.729195 0.706450 -0.397180 0.585812 0.420683 0.343539 1 44 1.000000
  44 33.404140 2.156889 12.689984 0.780271 -0.215950 0.586977 0.418422 0.407812 1 44 1.000000
  44 31.913671 -1.662377 14.490794 0.538324 -0.521808 0.661758 0.360939 0.326317 1 44 1.000000
Blackcrab_sheet
  44 31.913671 -1.662377 14.490794 0.538324 -0.521808 0.661758 0.360939 0.326317 1 44 1.000000
  44 33.404140 2.156889 12.689984 0.780271 -0.215950 0.586977 0.418422 0.407812 1 44 1.000000
  44 30.691841 1.929944 14.793506 0.305280 -0.375279 0.875197 0.337942 0.405847 1 44 1.000000
Blackcrab_sheet
  44 31.913671 -1.662377 14.490794 0.538324 -0.521808 0.661758 0.360939 0.326317 1 44 1.000000
  44 30.691841 1.929944 14.793506 0.305280 -0.375279 0.875197 0.337942 0.405847 1 44 1.000000
  44 28.797344 -2.641840 15.028653 -0.000001 -0.627141 0.778906 0.295134 0.314104 1 44 1.000000
Blackcrab_sheet
  44 30.691841 1.929944 14.793506 0.305280 -0.375279 0.875197 0.337942 0.405847 1 44 1.000000
  44 28.797350 3.092903 15.096025 0.000000 -0.186766 0.982404 0.295130 0.432815 1 44 1.000000
  44 28.797344 -2.641840 15.028653 -0.000001 -0.627141 0.778906 0.295134 0.314104 1 44 1.000000
Blackcrab_sheet
  44 28.797344 -2.641840 15.028653 -0.000001 -0.627141 0.778906 0.295134 0.314104 1 44 1.000000
  44 28.797350 3.092903 15.096025 0.000000 -0.186766 0.982404 0.295130 0.432815 1 44 1.000000
  44 26.902855 1.929948 14.793506 -0.305281 -0.375279 0.875197 0.252321 0.405845 1 44 1.000000
Blackcrab_sheet
  44 26.408236 -3.532223 14.306281 -0.409709 -0.804666 0.429710 0.247152 0.294481 1 44 1.000000
  44 28.797344 -2.641840 15.028653 -0.000001 -0.627141 0.778906 0.295134 0.314104 1 44 1.000000
  44 26.902855 1.929948 14.793506 -0.305281 -0.375279 0.875197 0.252321 0.405845 1 44 1.000000
Blackcrab_sheet
  44 26.408236 -3.532223 14.306281 -0.409709 -0.804666 0.429710 0.247152 0.294481 1 44 1.000000
  44 26.902855 1.929948 14.793506 -0.305281 -0.375279 0.875197 0.252321 0.405845 1 44 1.000000
  44 25.681019 -1.662370 14.490793 -0.538326 -0.521807 0.661758 0.229327 0.326316 1 44 1.000000
Blackcrab_sheet
  44 25.681019 -1.662370 14.490793 -0.538326 -0.521807 0.661758 0.229327 0.326316 1 44 1.000000
  45 23.960583 -5.126740 11.420900 -0.572432 -0.791354 0.214664 0.188053 0.230498 1 45 1.000000
  44 26.408236 -3.532223 14.306281 -0.409709 -0.804666 0.429710 0.247152 0.294481 1 44 1.000000
Blackcrab_sheet
  45 23.960583 -5.126740 11.420900 -0.572432 -0.791354 0.214664 0.188053 0.230498 1 45 1.000000
  44 25.681019 -1.662370 14.490793 -0.538326 -0.521807 0.661758 0.229327 0.326316 1 44 1.000000
  44 23.446846 -0.408365 12.729194 -0.706451 -0.397179 0.585812 0.169583 0.343535 1 44 1.000000
Blackcrab_sheet
  44 23.446846 -0.408365 12.729194 -0.706451 -0.397179 0.585812 0.169583 0.343535 1 44 1.000000
  44 21.853651 -3.610992 10.372802 -0.677906 -0.673187 0.295403 0.110547 0.239494 1 44 1.000000
  45 23.960583 -5.126740 11.420900 -0.572432 -0.791354 0.214664 0.188053 0.230498 1 45 1.000000
Blackcrab_sheet
  44 21.853651 -3.610992 10.372802 -0.677906 -0.673187 0.295403 0.110547 0.239494 1 44 1.000000
  44 23.446846 -0.408365 12.729194 -0.706451 -0.397179 0.585812 0.169583 0.343535 1 44 1.000000
  44 22.360834 -0.544855 11.436596 -0.855039 -0.143960 0.498180 0.134383 0.331376 1 44 1.000000
Blackcrab_sheet
  44 22.360834 -0.544855 11.436596 -0.855039 -0.143960 0.498180 0.134383 0.331376 1 44 1.000000
  44 21.131201 -2.832696 9.296060 -0.806727 -0.351356 0.475121 0.087357 0.261868 2 44 0.897544 49 0.102456
  44 21.853651 -3.610992 10.372802 -0.677906 -0.673187 0.295403 0.110547 0.239494 1 44 1.000000
Blackcrab_sheet
  44 21.131201 -2.832696 9.296060 -0.806727 -0.351356 0.475121 0.087357 0.261868 2 44 0.897544 49 0.102456
  44 22.360834 -0.544855 11.436596 -0.855039 -0.143960 0.498180 0.134383 0.331376 1 44 1.000000
  44 24.190559 2.156899 12.689983 -0.780272 -0.215948 0.586977 0.171840 0.407807 1 44 1.000000
Blackcrab_sheet
  44 23.446846 -0.408365 12.729194 -0.706451 -0.397179 0.585812 0.169583 0.343535 1 44 1.000000
  44 24.190559 2.156899 12.689983 -0.780272 -0.215948 0.586977 0.171840 0.407807 1 44 1.000000
  44 22.360834 -0.544855 11.436596 -0.855039 -0.143960 0.498180 0.134383 0.331376 1 44 1.000000
Blackcrab_sheet
  44 25.681019 -1.662370 14.490793 -0.538326 -0.521807 0.661758 0.229327 0.326316 1 44 1.000000
  44 24.190559 2.156899 12.689983 -0.780272 -0.215948 0.586977 0.171840 0.407807 1 44 1.000000
  44 23.446846 -0.408365 12.729194 -0.706451 -0.397179 0.585812 0.169583 0.343535 1 44 1.000000
Blackcrab_sheet
  44 26.902855 1.929948 14.793506 -0.305281 -0.375279 0.875197 0.252321 0.405845 1 44 1.000000
  44 24.190559 2.156899 12.689983 -0.780272 -0.215948 0.586977 0.171840 0.407807 1 44 1.000000
  44 25.681019 -1.662370 14.490793 -0.538326 -0.521807 0.661758 0.229327 0.326316 1 44 1.000000
Blackcrab_sheet
  45 23.960583 -5.126740 11.420900 -0.572432 -0.791354 0.214664 0.188053 0.230498 1 45 1.000000
  45 23.799829 -6.243427 9.555828 -0.472477 -0.803616 -0.361894 0.177004 0.186491 1 45 1.000000
  45 24.826973 -6.401084 7.663248 -0.596472 -0.579920 -0.554900 0.180368 0.135637 1 45 1.000000
Blackcrab_sheet
  45 23.960583 -5.126740 11.420900 -0.572432 -0.791354 0.214664 0.188053 0.230498 1 45 1.000000
  44 21.853651 -3.610992 10.372802 -0.677906 -0.673187 0.295403 0.110547 0.239494 1 44 1.000000
  49 22.794264 -5.191422 8.852373 -0.286674 -0.954316 -0.084258 0.130758 0.191263 2 49 0.694416 50 0.305584
Blackcrab_sheet
  45 23.960583 -5.126740 11.420900 -0.572432 -0.791354 0.214664 0.188053 0.230498 1 45 1.000000
  49 22.794264 -5.191422 8.852373 -0.286674 -0.954316 -0.084258 0.130758 0.191263 2 49 0.694416 50 0.305584
  45 23.799829 -6.243427 9.555828 -0.472477 -0.803616 -0.361894 0.177004 0.186491 1 45 1.000000
Blackcrab_sheet
  45 23.883465 -6.097948 7.817701 -0.525955 -0.531790 -0.663755 0.162180 0.153262 1 45 1.000000
  45 23.799829 -6.243427 9.555828 -0.472477 -0.803616 -0.361894 0.177004 0.186491 1 45 1.000000
  49 22.794264 -5.191422 8.852373 -0.286674 -0.954316 -0.084258 0.130758 0.191263 2 49 0.694416 50 0.305584
Blackcrab_sheet
  45 23.883465 -6.097948 7.817701 -0.525955 -0.531790 -0.663755 0.162180 0.153262 1 45 1.000000
  45 24.826973 -6.401084 7.663248 -0.596472 -0.579920 -0.554900 0.180368 0.135637 1 45 1.000000
  45 23.799829 -6.243427 9.555828 -0.472477 -0.803616 -0.361894 0.177004 0.186491 1 45 1.000000
Blackcrab_sheet
  45 24.548927 -5.768079 6.208287 -0.599056 -0.405897 -0.690202 0.148256 0.118509 1 45 1.000000
  45 24.826973 -6.401084 7.663248 -0.596472 -0.579920 -0.554900 0.180368 0.135637 1 45 1.000000
  45 23.883465 -6.097948 7.817701 -0.525955 -0.531790 -0.663755 0.162180 0.153262 1 45 1.000000
Blackcrab_sheet
  45 24.548927 -5.768079 6.208287 -0.599056 -0.405897 -0.690202 0.148256 0.118509 1 45 1.000000
  45 25.541059 -5.664579 6.329005 0.180174 -0.329219 -0.926904 0.161033 0.091534 1 45 1.000000
  45 24.826973 -6.401084 7.663248 -0.596472 -0.579920 -0.554900 0.180368 0.135637 1 45 1.000000
Blackcrab_sheet
  45 24.548927 -5.768079 6.208287 -0.599056 -0.405897 -0.690202 0.148256 0.118509 1 45 1.000000
  45 25.494995 -4.870647 3.969388 0.922562 -0.179395 -0.341610 0.130416 0.093024 1 45 1.000000
  45 25.541059 -5.664579 6.329005 0.180174 -0.329219 -0.926904 0.161033 0.091534 1 45 1.000000
Blackcrab_sheet
  45 25.494995 -4.870647 3.969388 0.922562 -0.179395 -0.341610 0.130416 0.093024 1 45 1.000000
  45 26.540171 -4.634125 6.891725 0.355011 0.018096 -0.934687 0.129338 0.050140 1 45 1.000000
  45 25.541059 -5.664579 6.329005 0.180174 -0.329219 -0.926904 0.161033 0.091534 1 45 1.000000
Blackcrab_sheet
  45 25.642296 -6.375570 6.415689 -0.308210 0.377357 -0.873274 0.182440 0.094130 1 45 1.000000
  45 25.541059 -5.664579 6.329005 0.180174 -0.329219 -0.926904 0.161033 0.091534 1 45 1.000000
  45 26.540171 -4.634125 6.891725 0.355011 0.018096 -0.934687 0.129338 0.050140 1 45 1.000000
Blackcrab_sheet
  45 25.642296 -6.375570 6.415689 -0.308210 0.377357 -0.873274 0.182440 0.094130 1 45 1.000000
  45 24.826973 -6.401084 7.663248 -0.596472 -0.579920 -0.554900 0.180368 0.135637 1 45 1.000000
  45 25.541059 -5.664579 6.329005 0.180174 -0.329219 -0.926904 0.161033 0.091534 1 45 1.000000
Blackcrab_sheet
  45 25.642296 -6.375570 6.415689 -0.308210 0.377357 -0.873274 0.182440 0.094130 1 45 1.000000
  45 24.903145 -7.059350 7.706857 -0.882949 -0.343376 -0.320146 0.194553 0.131136 1 45 1.000000
  45 24.826973 -6.401084 7.663248 -0.596472 -0.579920 -0.554900 0.180368 0.135637 1 45 1.000000
Blackcrab_sheet
  45 25.697805 -6.383781 11.399791 -0.479689 -0.876791 0.033711 0.229583 0.211376 1 45 1.000000
  45 24.826973 -6.401084 7.663248 -0.596472 -0.579920 -0.554900 0.180368 0.135637 1 45 1.000000
  45 24.903145 -7.059350 7.706857 -0.882949 -0.343376 -0.320146 0.194553 0.131136 1 45 1.000000
Blackcrab_sheet
  45 24.826973 -6.401084 7.663248 -0.596472 -0.579920 -0.554900 0.180368 0.135637 1 45 1.000000
  45 25.697805 -6.383781 11.399791 -0.479689 -0.876791 0.033711 0.229583 0.211376 1 45 1.000000
  45 23.960583 -5.126740 11.420900 -0.572432 -0.791354 0.214664 0.188053 0.230498 1 45 1.000000
Blackcrab_sheet
  44 26.408236 -3.532223 14.306281 -0.409709 -0.804666 0.429710 0.247152 0.294481 1 44 1.000000
  45 23.960583 -5.126740 11.420900 -0.572432 -0.791354 0.214664 0.188053 0.230498 1 45 1.000000
  45 25.697805 -6.383781 11.399791 -0.479689 -0.876791 0.033711 0.229583 0.211376 1 45 1.000000
Blackcrab_sheet
  45 24.903145 -7.059350 7.706857 -0.882949 -0.343376 -0.320146 0.194553 0.131136 1 45 1.000000
  45 25.642296 -6.375570 6.415689 -0.308210 0.377357 -0.873274 0.182440 0.094130 1 45 1.000000
  45 26.305309 -7.120876 6.242387 -0.079482 0.055380 -0.995297 0.209033 0.087953 1 45 1.000000
Blackcrab_sheet
  45 23.883465 -6.097948 7.817701 -0.525955 -0.531790 -0.663755 0.162180 0.153262 1 45 1.000000
  49 22.794264 -5.191422 8.852373 -0.286674 -0.954316 -0.084258 0.130758 0.191263 2 49 0.694416 50 0.305584
  49 23.289904 -5.046885 7.774450 -0.771732 -0.303957 -0.558605 0.131301 0.163741 2 49 0.936732 50 0.063268
Blackcrab_sheet
  49 23.289904 -5.046885 7.774450 -0.771732 -0.303957 -0.558605 0.131301 0.163741 2 49 0.936732 50 0.063268
  45 24.548927 -5.768079 6.208287 -0.599056 -0.405897 -0.690202 0.148256 0.118509 1 45 1.000000
  45 23.883465 -6.097948 7.817701 -0.525955 -0.531790 -0.663755 0.162180 0.153262 1 45 1.000000
Blackcrab_sheet
  45 24.548927 -5.768079 6.208287 -0.599056 -0.405897 -0.690202 0.148256 0.118509 1 45 1.000000
  45 24.877138 -5.219251 3.894953 -0.413720 -0.339597 -0.844695 0.118092 0.099197 1 45 1.000000
  45 25.494995 -4.870647 3.969388 0.922562 -0.179395 -0.341610 0.130416 0.093024 1 45 1.000000
Blackcrab_sheet
  45 24.809620 -4.680682 4.154619 -0.951198 -0.073368 -0.299731 0.129930 0.112054 1 45 1.000000
  45 24.877138 -5.219251 3.894953 -0.413720 -0.339597 -0.844695 0.118092 0.099197 1 45 1.000000
  45 24.548927 -5.768079 6.208287 -0.599056 -0.405897 -0.690202 0.148256 0.118509 1 45 1.000000
Blackcrab_sheet
  45 23.815994 -4.816557 6.638185 -0.883553 -0.009184 -0.468242 0.128550 0.142451 1 45 1.000000
  45 24.809620 -4.680682 4.154619 -0.951198 -0.073368 -0.299731 0.129930 0.112054 1 45 1.000000
  45 24.548927 -5.768079 6.208287 -0.599056 -0.405897 -0.690202 0.148256 0.118509 1 45 1.000000
Blackcrab_sheet
  49 23.289904 -5.046885 7.774450 -0.771732 -0.303957 -0.558605 0.131301 0.163741 2 49 0.936732 50 0.063268
  45 23.815994 -4.816557 6.638185 -0.883553 -0.009184 -0.468242 0.128550 0.142451 1 45 1.000000
  45 24.548927 -5.768079 6.208287 -0.599056 -0.405897 -0.690202 0.148256 0.118509 1 45 1.000000
Blackcrab_sheet
  49 24.227297 -3.150712 6.568187 -0.911613 0.210239 -0.353216 0.082731 0.151409 2 49 0.686804 45 0.313196
  45 24.809620 -4.680682 4.154619 -0.951198 -0.073368 -0.299731 0.129930 0.112054 1 45 1.000000
  45 23.815994 -4.816557 6.638185 -0.883553 -0.009184 -0.468242 0.128550 0.142451 1 45 1.000000
Blackcrab_sheet
  45 33.634102 -5.126750 11.420901 0.572430 -0.791355 0.214664 0.402220 0.230500 1 45 1.000000
  45 35.741035 -3.611009 10.372804 0.677904 -0.673188 0.295403 0.479728 0.239499 1 45 1.000000
  44 34.147846 -0.408377 12.729195 0.706450 -0.397180 0.585812 0.420683 0.343539 1 44 1.000000
Blackcrab_sheet
  44 34.147846 -0.408377 12.729195 0.706450 -0.397180 0.585812 0.420683 0.343539 1 44 1.000000
  44 31.913671 -1.662377 14.490794 0.538324 -0.521808 0.661758 0.360939 0.326317 1 44 1.000000
  45 33.634102 -5.126750 11.420901 0.572430 -0.791355 0.214664 0.402220 0.230500 1 45 1.000000
Blackcrab_sheet
  44 31.186451 -3.532228 14.306281 0.409706 -0.804667 0.429711 0.343116 0.294482 1 44 1.000000
  45 33.634102 -5.126750 11.420901 0.572430 -0.791355 0.214664 0.402220 0.230500 1 45 1.000000
  44 31.913671 -1.662377 14.490794 0.538324 -0.521808 0.661758 0.360939 0.326317 1 44 1.000000
Blackcrab_sheet
  44 31.913671 -1.662377 14.490794 0.538324 -0.521808 0.661758 0.360939 0.326317 1 44 1.000000
  44 28.797344 -2.641840 15.028653 -0.000001 -0.627141 0.778906 0.295134 0.314104 1 44 1.000000
  44 31.186451 -3.532228 14.306281 0.409706 -0.804667 0.429711 0.343116 0.294482 1 44 1.000000
Blackcrab_sheet
  45 28.797340 -5.410321 13.626490 -0.000001 -0.743938 0.668248 0.295134 0.252968 2 45 0.849568 44 0.150432
  44 31.186451 -3.532228 14.306281 0.409706 -0.804667 0.429711 0.343116 0.294482 1 44 1.000000
  44 28.797344 -2.641840 15.028653 -0.000001 -0.627141 0.778906 0.295134 0.314104 1 44 1.000000
Blackcrab_sheet
  44 28.797344 -2.641840 15.028653 -0.000001 -0.627141 0.778906 0.295134 0.314104 1 44 1.000000
  44 26.408236 -3.532223 14.306281 -0.409709 -0.804666 0.429710 0.247152 0.294481 1 44 1.000000
  45 28.797340 -5.410321 13.626490 -0.000001 -0.743938 0.668248 0.295134 0.252968 2 45 0.849568 44 0.150432
Blackcrab_sheet
  44 26.408236 -3.532223 14.306281 -0.409709 -0.804666 0.429710 0.247152 0.294481 1 44 1.000000
  45 27.468811 -7.020960 11.216054 -0.408340 -0.911140 0.055522 0.265730 0.196573 1 45 1.000000
  45 28.797340 -5.410321 13.626490 -0.000001 -0.743938 0.668248 0.295134 0.252968 2 45 0.849568 44 0.150432
Blackcrab_sheet
  44 26.408236 -3.532223 14.306281 -0.409709 -0.804666 0.429710 0.247152 0.294481 1 44 1.000000
  45 25.697805 -6.383781 11.399791 -0.479689 -0.876791 0.033711 0.229583 0.211376 1 45 1.000000
  45 27.468811 -7.020960 11.216054 -0.408340 -0.911140 0.055522 0.265730 0.196573 1 45 1.000000
Blackcrab_sheet
  45 25.850004 -7.463644 9.551726 -0.356391 -0.907292 -0.223174 0.232602 0.162167 1 45 1.000000
  45 27.468811 -7.020960 11.216054 -0.408340 -0.911140 0.055522 0.265730 0.196573 1 45 1.000000
  45 25.697805 -6.383781 11.399791 -0.479689 -0.876791 0.033711 0.229583 0.211376 1 45 1.000000
Blackcrab_sheet
  45 25.850004 -7.463644 9.551726 -0.356391 -0.907292 -0.223174 0.232602 0.162167 1 45 1.000000
  45 25.697805 -6.383781 11.399791 -0.479689 -0.876791 0.033711 0.229583 0.211376 1 45 1.000000
  45 24.903145 -7.059350 7.706857 -0.882949 -0.343376 -0.320146 0.194553 0.131136 1 45 1.000000
Blackcrab_sheet
  45 24.903145 -7.059350 7.706857 -0.882949 -0.343376 -0.320146 0.194553 0.131136 1 45 1.000000
  45 25.532001 -7.670342 7.614940 -0.311157 -0.699818 -0.642989 0.211799 0.122165 1 45 1.000000
  45 25.850004 -7.463644 9.551726 -0.356391 -0.907292 -0.223174 0.232602 0.162167 1 45 1.000000
Blackcrab_sheet
  45 24.903145 -7.059350 7.706857 -0.882949 -0.343376 -0.320146 0.194553 0.131136 1 45 1.000000
  45 26.305309 -7.120876 6.242387 -0.079482 0.055380 -0.995297 0.209033 0.087953 1 45 1.000000
  45 25.532001 -7.670342 7.614940 -0.311157 -0.699818 -0.642989 0.211799 0.122165 1 45 1.000000
Blackcrab_sheet
  45 25.532001 -7.670342 7.614940 -0.311157 -0.699818 -0.642989 0.211799 0.122165 1 45 1.000000
  45 26.305309 -7.120876 6.242387 -0.079482 0.055380 -0.995297 0.209033 0.087953 1 45 1.000000
  45 26.671587 -7.440764 7.280468 -0.102738 -0.687480 -0.718899 0.232780 0.102723 1 45 1.000000
Blackcrab_sheet
  45 26.671587 -7.440764 7.280468 -0.102738 -0.687480 -0.718899 0.232780 0.102723 1 45 1.000000
  45 26.305309 -7.120876 6.242387 -0.079482 0.055380 -0.995297 0.209033 0.087953 1 45 1.000000
  45 26.867071 -6.555138 6.174018 0.617172 -0.663873 -0.422339 0.213230 0.069093 1 45 1.000000
Blackcrab_sheet
  45 31.744673 -7.463650 9.551727 0.356389 -0.907293 -0.223174 0.357663 0.162171 1 45 1.000000
  45 31.896875 -6.383789 11.399791 0.479687 -0.876792 0.033711 0.360688 0.211378 1 45 1.000000
  45 30.125868 -7.020963 11.216054 0.408338 -0.911141 0.055522 0.324538 0.196574 1 45 1.000000
Blackcrab_sheet
  45 30.125868 -7.020963 11.216054 0.408338 -0.911141 0.055522 0.324538 0.196574 1 45 1.000000
  45 31.896875 -6.383789 11.399791 0.479687 -0.876792 0.033711 0.360688 0.211378 1 45 1.000000
  44 31.186451 -3.532228 14.306281 0.409706 -0.804667 0.429711 0.343116 0.294482 1 44 1.000000
Blackcrab_sheet
  45 28.797340 -5.410321 13.626490 -0.000001 -0.743938 0.668248 0.295134 0.252968 2 45 0.849568 44 0.150432
  45 30.125868 -7.020963 11.216054 0.408338 -0.911141 0.055522 0.324538 0.196574 1 45 1.000000
  44 31.186451 -3.532228 14.306281 0.409706 -0.804667 0.429711 0.343116 0.294482 1 44 1.000000
Blackcrab_sheet
  45 32.691532 -7.059359 7.706857 0.882949 -0.343377 -0.320146 0.395706 0.131138 1 45 1.000000
  45 31.896875 -6.383789 11.399791 0.479687 -0.876792 0.033711 0.360688 0.211378 1 45 1.000000
  45 31.744673 -7.463650 9.551727 0.356389 -0.907293 -0.223174 0.357663 0.162171 1 45 1.000000
Blackcrab_sheet
  45 31.744673 -7.463650 9.551727 0.356389 -0.907293 -0.223174 0.357663 0.162171 1 45 1.000000
  45 32.062675 -7.670349 7.614940 0.311155 -0.699819 -0.642989 0.378462 0.122168 1 45 1.000000
  45 32.691532 -7.059359 7.706857 0.882949 -0.343377 -0.320146 0.395706 0.131138 1 45 1.000000
Blackcrab_sheet
  45 30.427990 -7.308131 9.442219 0.387779 -0.894550 -0.222279 0.334075 0.155244 1 45 1.000000
  45 32.062675 -7.670349 7.614940 0.311155 -0.699819 -0.642989 0.378462 0.122168 1 45 1.000000
  45 31.744673 -7.463650 9.551727 0.356389 -0.907293 -0.223174 0.357663 0.162171 1 45 1.000000
Blackcrab_sheet
  45 31.744673 -7.463650 9.551727 0.356389 -0.907293 -0.223174 0.357663 0.162171 1 45 1.000000
  45 30.125868 -7.020963 11.216054 0.408338 -0.911141 0.055522 0.324538 0.196574 1 45 1.000000
  45 30.427990 -7.308131 9.442219 0.387779 -0.894550 -0.222279 0.334075 0.155244 1 45 1.000000
Blackcrab_sheet
  45 29.852037 -8.059292 9.526556 0.284328 -0.925836 -0.248969 0.314845 0.152743 1 45 1.000000
  45 30.427990 -7.308131 9.442219 0.387779 -0.894550 -0.222279 0.334075 0.155244 1 45 1.000000
  45 30.125868 -7.020963 11.216054 0.408338 -0.911141 0.055522 0.324538 0.196574 1 45 1.000000
Blackcrab_sheet
  45 29.852037 -8.059292 9.526556 0.284328 -0.925836 -0.248969 0.314845 0.152743 1 45 1.000000
  45 30.125868 -7.020963 11.216054 0.408338 -0.911141 0.055522 0.324538 0.196574 1 45 1.000000
  45 28.797340 -5.410321 13.626490 -0.000001 -0.996538 0.083135 0.295134 0.252968 2 45 0.849568 44 0.150432
Blackcrab_sheet
  45 31.896875 -6.383789 11.399791 0.479687 -0.876792 0.033711 0.360688 0.211378 1 45 1.000000
  45 33.634102 -5.126750 11.420901 0.572430 -0.791355 0.214664 0.402220 0.230500 1 45 1.000000
  44 31.186451 -3.532228 14.306281 0.409706 -0.804667 0.429711 0.343116 0.294482 1 44 1.000000
Blackcrab_sheet
  45 33.634102 -5.126750 11.420901 0.572430 -0.791355 0.214664 0.402220 0.230500 1 45 1.000000
  45 31.896875 -6.383789 11.399791 0.479687 -0.876792 0.033711 0.360688 0.211378 1 45 1.000000
  45 32.767708 -6.401093 7.663249 0.596470 -0.579921 -0.554900 0.409888 0.135639 1 45 1.000000
Blackcrab_sheet
  45 32.691532 -7.059359 7.706857 0.882949 -0.343377 -0.320146 0.395706 0.131138 1 45 1.000000
  45 32.767708 -6.401093 7.663249 0.596470 -0.579921 -0.554900 0.409888 0.135639 1 45 1.000000
  45 31.896875 -6.383789 11.399791 0.479687 -0.876792 0.033711 0.360688 0.211378 1 45 1.000000
Blackcrab_sheet
  45 32.767708 -6.401093 7.663249 0.596470 -0.579921 -0.554900 0.409888 0.135639 1 45 1.000000
  45 32.691532 -7.059359 7.706857 0.882949 -0.343377 -0.320146 0.395706 0.131138 1 45 1.000000
  45 31.952385 -6.375577 6.415689 0.308211 0.377357 -0.873274 0.407808 0.094131 1 45 1.000000
Blackcrab_sheet
  45 32.691532 -7.059359 7.706857 0.882949 -0.343377 -0.320146 0.395706 0.131138 1 45 1.000000
  45 31.289370 -7.120882 6.242387 0.079482 0.055380 -0.995297 0.381228 0.087957 1 45 1.000000
  45 31.952385 -6.375577 6.415689 0.308211 0.377357 -0.873274 0.407808 0.094131 1 45 1.000000
Blackcrab_sheet
  45 32.691532 -7.059359 7.706857 0.882949 -0.343377 -0.320146 0.395706 0.131138 1 45 1.000000
  45 32.062675 -7.670349 7.614940 0.311155 -0.699819 -0.642989 0.378462 0.122168 1 45 1.000000
  45 31.289370 -7.120882 6.242387 0.079482 0.055380 -0.995297 0.381228 0.087957 1 45 1.000000
Blackcrab_sheet
  45 30.923092 -7.440769 7.280469 0.102736 -0.687480 -0.718900 0.357484 0.102725 1 45 1.000000
  45 31.289370 -7.120882 6.242387 0.079482 0.055380 -0.995297 0.381228 0.087957 1 45 1.000000
  45 32.062675 -7.670349 7.614940 0.311155 -0.699819 -0.642989 0.378462 0.122168 1 45 1.000000
Blackcrab_sheet
  45 30.427990 -7.308131 9.442219 0.387779 -0.894550 -0.222279 0.334075 0.155244 1 45 1.000000
  45 30.923092 -7.440769 7.280469 0.102736 -0.687480 -0.718900 0.357484 0.102725 1 45 1.000000
  45 32.062675 -7.670349 7.614940 0.311155 -0.699819 -0.642989 0.378462 0.122168 1 45 1.000000
Blackcrab_sheet
  45 30.427990 -7.308131 9.442219 0.387779 -0.894550 -0.222279 0.334075 0.155244 1 45 1.000000
  45 30.301611 -8.097322 7.416127 0.515507 -0.624367 -0.586871 0.334842 0.104613 1 45 1.000000
  45 30.923092 -7.440769 7.280469 0.102736 -0.687480 -0.718900 0.357484 0.102725 1 45 1.000000
Blackcrab_sheet
  45 30.427990 -7.308131 9.442219 0.387779 -0.894550 -0.222279 0.334075 0.155244 1 45 1.000000
  45 29.852037 -8.059292 9.526556 0.284328 -0.925836 -0.248969 0.314845 0.152743 1 45 1.000000
  45 30.301611 -8.097322 7.416127 0.515507 -0.624367 -0.586871 0.334842 0.104613 1 45 1.000000
Blackcrab_sheet
  45 28.797338 -7.699713 9.455297 -0.000001 -0.927967 -0.372661 0.295134 0.152256 1 45 1.000000
  45 30.301611 -8.097322 7.416127 0.515507 -0.624367 -0.586871 0.334842 0.104613 1 45 1.000000
  45 29.852037 -8.059292 9.526556 0.284328 -0.925836 -0.248969 0.314845 0.152743 1 45 1.000000
Blackcrab_sheet
  45 29.852037 -8.059292 9.526556 0.284328 -0.925836 -0.248969 0.314845 0.152743 1 45 1.000000
  45 28.797340 -5.410321 13.626490 -0.000001 -0.996538 0.083135 0.295134 0.252968 2 45 0.849568 44 0.150432
  45 28.797338 -7.699713 9.455297 -0.000001 -0.927967 -0.372661 0.295134 0.152256 1 45 1.000000
Blackcrab_sheet
  45 27.742640 -8.059289 9.526555 -0.284330 -0.925835 -0.248969 0.275421 0.152742 2 45 0.772949 49 0.227051
  45 28.797338 -7.699713 9.455297 -0.000001 -0.927967 -0.372661 0.295134 0.152256 1 45 1.000000
  45 28.797340 -5.410321 13.626490 -0.000001 -0.996538 0.083135 0.295134 0.252968 2 45 0.849568 44 0.150432
Blackcrab_sheet
  45 27.742640 -8.059289 9.526555 -0.284330 -0.925835 -0.248969 0.275421 0.152742 2 45 0.772949 49 0.227051
  45 28.797340 -5.410321 13.626490 -0.000001 -0.996538 0.083135 0.295134 0.252968 2 45 0.849568 44 0.150432
  45 27.468811 -7.020960 11.216054 -0.408340 -0.911140 0.055522 0.265730 0.196573 1 45 1.000000
Blackcrab_sheet
  45 27.468811 -7.020960 11.216054 -0.408340 -0.911140 0.055522 0.265730 0.196573 1 45 1.000000
  45 27.166689 -7.308128 9.442219 -0.387781 -0.894549 -0.222279 0.256191 0.155242 2 45 0.730884 49 0.269116
  45 27.742640 -8.059289 9.526555 -0.284330 -0.925835 -0.248969 0.275421 0.152742 2 45 0.772949 49 0.227051
Blackcrab_sheet
  45 25.850004 -7.463644 9.551726 -0.356391 -0.907292 -0.223174 0.232602 0.162167 1 45 1.000000
  45 27.166689 -7.308128 9.442219 -0.387781 -0.894549 -0.222279 0.256191 0.155242 2 45 0.730884 49 0.269116
  45 27.468811 -7.020960 11.216054 -0.408340 -0.911140 0.055522 0.265730 0.196573 1 45 1.000000
Blackcrab_sheet
  45 25.850004 -7.463644 9.551726 -0.356391 -0.907292 -0.223174 0.232602 0.162167 1 45 1.000000
  45 26.671587 -7.440764 7.280468 -0.102738 -0.687480 -0.718899 0.232780 0.102723 1 45 1.000000
  45 27.166689 -7.308128 9.442219 -0.387781 -0.894549 -0.222279 0.256191 0.155242 2 45 0.730884 49 0.269116
Blackcrab_sheet
  45 25.850004 -7.463644 9.551726 -0.356391 -0.907292 -0.223174 0.232602 0.162167 1 45 1.000000
  45 25.532001 -7.670342 7.614940 -0.311157 -0.699818 -0.642989 0.211799 0.122165 1 45 1.000000
  45 26.671587 -7.440764 7.280468 -0.102738 -0.687480 -0.718899 0.232780 0.102723 1 45 1.000000
Blackcrab_sheet
  45 30.727610 -6.555142 6.174018 -0.617174 -0.663872 -0.422339 0.377039 0.069098 1 45 1.000000
  45 31.289370 -7.120882 6.242387 0.079482 0.055380 -0.995297 0.381228 0.087957 1 45 1.000000
  45 30.923092 -7.440769 7.280469 0.102736 -0.687480 -0.718900 0.357484 0.102725 1 45 1.000000
Blackcrab_sheet
  45 32.053623 -5.664586 6.329005 -0.180174 -0.329219 -0.926904 0.429202 0.091535 1 45 1.000000
  45 32.767708 -6.401093 7.663249 0.596470 -0.579921 -0.554900 0.409888 0.135639 1 45 1.000000
  45 31.952385 -6.375577 6.415689 0.308211 0.377357 -0.873274 0.407808 0.094131 1 45 1.000000
Blackcrab_sheet
  45 30.923092 -7.440769 7.280469 0.102736 -0.687480 -0.718900 0.357484 0.102725 1 45 1.000000
  45 30.301611 -8.097322 7.416127 0.515507 -0.624367 -0.586871 0.334842 0.104613 1 45 1.000000
  45 30.727610 -6.555142 6.174018 0.745632 -0.530620 -0.403082 0.377039 0.069098 1 45 1.000000
Blackcrab_sheet
  45 30.154404 -7.650403 5.725639 0.408512 -0.828037 -0.384021 0.333089 0.069566 1 45 1.000000
  45 30.727610 -6.555142 6.174018 0.745632 -0.530620 -0.403082 0.377039 0.069098 1 45 1.000000
  45 30.301611 -8.097322 7.416127 0.515507 -0.624367 -0.586871 0.334842 0.104613 1 45 1.000000
Blackcrab_sheet
  45 29.263130 -8.041851 6.385831 -0.304394 -0.635026 -0.709990 0.311431 0.081789 1 45 1.000000
  45 30.154404 -7.650403 5.725639 0.408512 -0.828037 -0.384021 0.333089 0.069566 1 45 1.000000
  45 30.301611 -8.097322 7.416127 0.515507 -0.624367 -0.586871 0.334842 0.104613 1 45 1.000000
Blackcrab_sheet
  45 28.797338 -7.699713 9.455297 -0.000001 -0.927967 -0.372661 0.295134 0.152256 1 45 1.000000
  45 29.263130 -8.041851 6.385831 -0.304394 -0.635026 -0.709990 0.311431 0.081789 1 45 1.000000
  45 30.301611 -8.097322 7.416127 0.515507 -0.624367 -0.586871 0.334842 0.104613 1 45 1.000000
Blackcrab_sheet
  45 28.797338 -7.596483 6.439933 -0.784987 -0.449671 -0.426135 0.295136 0.074985 1 45 1.000000
  45 29.263130 -8.041851 6.385831 -0.304394 -0.635026 -0.709990 0.311431 0.081789 1 45 1.000000
  45 28.797338 -7.699713 9.455297 -0.000001 -0.927967 -0.372661 0.295134 0.152256 1 45 1.000000
Blackcrab_sheet
  45 29.263130 -8.041851 6.385831 -0.304394 -0.635026 -0.709990 0.311431 0.081789 1 45 1.000000
  45 29.369083 -7.604746 5.722173 -0.564522 -0.510064 -0.648960 0.315825 0.068122 1 45 1.000000
  45 30.154404 -7.650403 5.725639 0.408512 -0.828037 -0.384021 0.333089 0.069566 1 45 1.000000
Blackcrab_sheet
  45 28.797338 -7.596483 6.439933 -0.784987 -0.449671 -0.426135 0.295136 0.074985 1 45 1.000000
  45 29.369083 -7.604746 5.722173 -0.564522 -0.510064 -0.648960 0.315825 0.068122 1 45 1.000000
  45 29.263130 -8.041851 6.385831 -0.304394 -0.635026 -0.709990 0.311431 0.081789 1 45 1.000000
Blackcrab_sheet
  45 29.369083 -7.604746 5.722173 -0.564522 -0.510064 -0.648960 0.315825 0.068122 1 45 1.000000
  45 28.797338 -7.596483 6.439933 -0.784987 -0.449671 -0.426135 0.295136 0.074985 1 45 1.000000
  45 28.797340 -5.613160 6.816930 -0.776073 0.117766 -0.619550 0.295141 0.012207 1 45 1.000000
Blackcrab_sheet
  45 27.742640 -8.059289 9.526555 -0.284330 -0.925835 -0.248969 0.275421 0.152742 2 45 0.772949 49 0.227051
  45 28.331547 -8.041850 6.385831 0.304392 -0.635027 -0.709990 0.278840 0.081788 1 45 1.000000
  45 28.797338 -7.699713 9.455297 -0.000001 -0.927967 -0.372661 0.295134 0.152256 1 45 1.000000
Blackcrab_sheet
  45 28.331547 -8.041850 6.385831 0.304392 -0.635027 -0.709990 0.278840 0.081788 1 45 1.000000
  45 28.797338 -7.596483 6.439933 0.784986 -0.449673 -0.426135 0.295136 0.074985 1 45 1.000000
  45 28.797338 -7.699713 9.455297 -0.000001 -0.927967 -0.372661 0.295134 0.152256 1 45 1.000000
Blackcrab_sheet
  45 26.671587 -7.440764 7.280468 -0.102738 -0.687480 -0.718899 0.232780 0.102723 1 45 1.000000
  45 27.742640 -8.059289 9.526555 -0.284330 -0.925835 -0.248969 0.275421 0.152742 2 45 0.772949 49 0.227051
  45 27.166689 -7.308128 9.442219 -0.387781 -0.894549 -0.222279 0.256191 0.155242 2 45 0.730884 49 0.269116
Blackcrab_sheet
  45 26.671587 -7.440764 7.280468 -0.102738 -0.687480 -0.718899 0.232780 0.102723 1 45 1.000000
  45 27.293066 -8.097319 7.416126 -0.515508 -0.624366 -0.586871 0.255425 0.104611 1 45 1.000000
  45 27.742640 -8.059289 9.526555 -0.284330 -0.925835 -0.248969 0.275421 0.152742 2 45 0.772949 49 0.227051
Blackcrab_sheet
  45 27.742640 -8.059289 9.526555 -0.284330 -0.925835 -0.248969 0.275421 0.152742 2 45 0.772949 49 0.227051
  45 27.293066 -8.097319 7.416126 -0.515508 -0.624366 -0.586871 0.255425 0.104611 1 45 1.000000
  45 28.331547 -8.041850 6.385831 0.304392 -0.635027 -0.709990 0.278840 0.081788 1 45 1.000000
Blackcrab_sheet
  45 27.293066 -8.097319 7.416126 -0.515508 -0.624366 -0.586871 0.255425 0.104611 1 45 1.000000
  45 27.440273 -7.650400 5.725639 -0.408514 -0.828036 -0.384021 0.257183 0.069564 1 45 1.000000
  45 28.331547 -8.041850 6.385831 0.304392 -0.635027 -0.709990 0.278840 0.081788 1 45 1.000000
Blackcrab_sheet
  45 27.440273 -7.650400 5.725639 -0.408514 -0.828036 -0.384021 0.257183 0.069564 1 45 1.000000
  45 28.225594 -7.604744 5.722173 0.564521 -0.510065 -0.648960 0.274447 0.068121 1 45 1.000000
  45 28.331547 -8.041850 6.385831 0.304392 -0.635027 -0.709990 0.278840 0.081788 1 45 1.000000
Blackcrab_sheet
  45 28.331547 -8.041850 6.385831 0.304392 -0.635027 -0.709990 0.278840 0.081788 1 45 1.000000
  45 28.225594 -7.604744 5.722173 0.564521 -0.510065 -0.648960 0.274447 0.068121 1 45 1.000000
  45 28.797338 -7.596483 6.439933 0.784986 -0.449673 -0.426135 0.295136 0.074985 1 45 1.000000
Blackcrab_sheet
  45 28.797340 -5.613160 6.816930 0.776073 0.117765 -0.619550 0.295141 0.012207 1 45 1.000000
  45 28.797338 -7.596483 6.439933 0.784986 -0.449673 -0.426135 0.295136 0.074985 1 45 1.000000
  45 28.225594 -7.604744 5.722173 0.564521 -0.510065 -0.648960 0.274447 0.068121 1 45 1.000000
Blackcrab_sheet
  45 26.867071 -6.555138 6.174018 -0.745633 -0.530619 -0.403082 0.213230 0.069093 1 45 1.000000
  45 27.293066 -8.097319 7.416126 -0.515508 -0.624366 -0.586871 0.255425 0.104611 1 45 1.000000
  45 26.671587 -7.440764 7.280468 -0.102738 -0.687480 -0.718899 0.232780 0.102723 1 45 1.000000
Blackcrab_sheet
  45 27.293066 -8.097319 7.416126 -0.515508 -0.624366 -0.586871 0.255425 0.104611 1 45 1.000000
  45 26.867071 -6.555138 6.174018 -0.745633 -0.530619 -0.403082 0.213230 0.069093 1 45 1.000000
  45 27.440273 -7.650400 5.725639 -0.408514 -0.828036 -0.384021 0.257183 0.069564 1 45 1.000000
Blackcrab_sheet
  45 33.634102 -5.126750 11.420901 0.572430 -0.791355 0.214664 0.402220 0.230500 1 45 1.000000
  45 32.767708 -6.401093 7.663249 0.596470 -0.579921 -0.554900 0.409888 0.135639 1 45 1.000000
  45 33.794853 -6.243438 9.555829 0.472475 -0.803617 -0.361894 0.413267 0.186490 1 45 1.000000
Blackcrab_sheet
  45 33.794853 -6.243438 9.555829 0.472475 -0.803617 -0.361894 0.413267 0.186490 1 45 1.000000
  45 32.767708 -6.401093 7.663249 0.596470 -0.579921 -0.554900 0.409888 0.135639 1 45 1.000000
  45 33.711216 -6.097959 7.817702 0.525953 -0.531791 -0.663755 0.428087 0.153259 1 45 1.000000
Blackcrab_sheet
  45 33.711216 -6.097959 7.817702 0.525953 -0.531791 -0.663755 0.428087 0.153259 1 45 1.000000
  45 32.767708 -6.401093 7.663249 0.596470 -0.579921 -0.554900 0.409888 0.135639 1 45 1.000000
  45 32.053623 -5.664586 6.329005 -0.180174 -0.329219 -0.926904 0.429202 0.091535 1 45 1.000000
Blackcrab_sheet
  45 33.711216 -6.097959 7.817702 0.525953 -0.531791 -0.663755 0.428087 0.153259 1 45 1.000000
  45 32.053623 -5.664586 6.329005 -0.180174 -0.329219 -0.926904 0.429202 0.091535 1 45 1.000000
  45 33.045753 -5.768088 6.208288 0.599055 -0.405898 -0.690203 0.441962 0.118508 1 45 1.000000
Blackcrab_sheet
  46 34.800426 -5.191437 8.852373 0.286672 -0.954316 -0.084257 0.459523 0.191261 3 46 0.555660 47 0.370622 45 0.073718
  45 35.741035 -3.611009 10.372804 0.677904 -0.673188 0.295403 0.479728 0.239499 1 45 1.000000
  45 33.634102 -5.126750 11.420901 0.572430 -0.791355 0.214664 0.402220 0.230500 1 45 1.000000
Blackcrab_sheet
  45 33.634102 -5.126750 11.420901 0.572430 -0.791355 0.214664 0.402220 0.230500 1 45 1.000000
  45 33.794853 -6.243438 9.555829 0.472475 -0.803617 -0.361894 0.413267 0.186490 1 45 1.000000
  46 34.800426 -5.191437 8.852373 0.286672 -0.954316 -0.084257 0.459523 0.191261 3 46 0.555660 47 0.370622 45 0.073718
Blackcrab_sheet
  45 34.304783 -5.046898 7.774452 0.771732 -0.303959 -0.558604 0.458981 0.163731 2 45 0.518694 47 0.481306
  46 34.800426 -5.191437 8.852373 0.286672 -0.954316 -0.084257 0.459523 0.191261 3 46 0.555660 47 0.370622 45 0.073718
  45 33.794853 -6.243438 9.555829 0.472475 -0.803617 -0.361894 0.413267 0.186490 1 45 1.000000
Blackcrab_sheet
  45 34.304783 -5.046898 7.774452 0.771732 -0.303959 -0.558604 0.458981 0.163731 2 45 0.518694 47 0.481306
  45 33.794853 -6.243438 9.555829 0.472475 -0.803617 -0.361894 0.413267 0.186490 1 45 1.000000
  45 33.711216 -6.097959 7.817702 0.525953 -0.531791 -0.663755 0.428087 0.153259 1 45 1.000000
Blackcrab_sheet
  45 33.711216 -6.097959 7.817702 0.525953 -0.531791 -0.663755 0.428087 0.153259 1 45 1.000000
  45 33.778690 -4.816568 6.638186 0.883553 -0.009186 -0.468241 0.461725 0.142416 2 45 0.502005 47 0.497995
  45 34.304783 -5.046898 7.774452 0.771732 -0.303959 -0.558604 0.458981 0.163731 2 45 0.518694 47 0.481306
Blackcrab_sheet
  45 33.711216 -6.097959 7.817702 0.525953 -0.531791 -0.663755 0.428087 0.153259 1 45 1.000000
  45 33.045753 -5.768088 6.208288 0.599055 -0.405898 -0.690203 0.441962 0.118508 1 45 1.000000
  45 33.778690 -4.816568 6.638186 0.883553 -0.009186 -0.468241 0.461725 0.142416 2 45 0.502005 47 0.497995
Blackcrab_sheet
  45 33.045753 -5.768088 6.208288 0.599055 -0.405898 -0.690203 0.441962 0.118508 1 45 1.000000
  45 32.785065 -4.680691 4.154619 0.951198 -0.073370 -0.299731 0.460262 0.111552 1 45 1.000000
  45 33.778690 -4.816568 6.638186 0.883553 -0.009186 -0.468241 0.461725 0.142416 2 45 0.502005 47 0.497995
Blackcrab_sheet
  45 32.785065 -4.680691 4.154619 0.951198 -0.073370 -0.299731 0.460262 0.111552 1 45 1.000000
  45 33.045753 -5.768088 6.208288 0.599055 -0.405898 -0.690203 0.441962 0.118508 1 45 1.000000
  45 32.717545 -5.219260 3.894954 0.413720 -0.339598 -0.844695 0.471499 0.098204 1 45 1.000000
Blackcrab_sheet
  45 32.053623 -5.664586 6.329005 -0.180174 -0.329219 -0.926904 0.429202 0.091535 1 45 1.000000
  45 32.717545 -5.219260 3.894954 0.413720 -0.339598 -0.844695 0.471499 0.098204 1 45 1.000000
  45 33.045753 -5.768088 6.208288 0.599055 -0.405898 -0.690203 0.441962 0.118508 1 45 1.000000
Blackcrab_sheet
  45 32.053623 -5.664586 6.329005 -0.180174 -0.329219 -0.926904 0.429202 0.091535 1 45 1.000000
  45 32.099689 -4.870655 3.969389 -0.922562 -0.179393 -0.341610 0.460085 0.093142 1 45 1.000000
  45 32.717545 -5.219260 3.894954 0.413720 -0.339598 -0.844695 0.471499 0.098204 1 45 1.000000
Blackcrab_sheet
  45 32.053623 -5.664586 6.329005 -0.180174 -0.329219 -0.926904 0.429202 0.091535 1 45 1.000000
  45 31.054514 -4.634130 6.891726 -0.355010 0.018098 -0.934687 0.460970 0.050176 1 45 1.000000
  45 32.099689 -4.870655 3.969389 -0.922562 -0.179393 -0.341610 0.460085 0.093142 1 45 1.000000
Blackcrab_sheet
  45 31.054514 -4.634130 6.891726 -0.355010 0.018098 -0.934687 0.460970 0.050176 1 45 1.000000
  45 32.053623 -5.664586 6.329005 -0.180174 -0.329219 -0.926904 0.429202 0.091535 1 45 1.000000
  45 31.952385 -6.375577 6.415689 0.308211 0.377357 -0.873274 0.407808 0.094131 1 45 1.000000
Blackcrab_sheet
  45 31.952385 -6.375577 6.415689 0.308211 0.377357 -0.873274 0.407808 0.094131 1 45 1.000000
  45 31.704962 -6.107307 6.536756 -0.212790 0.606605 -0.765996 0.411024 0.083742 1 45 1.000000
  45 31.054514 -4.634130 6.891726 -0.355010 0.018098 -0.934687 0.460970 0.050176 1 45 1.000000
Blackcrab_sheet
  45 31.289370 -7.120882 6.242387 0.079482 0.055380 -0.995297 0.381228 0.087957 1 45 1.000000
  45 31.704962 -6.107307 6.536756 -0.212790 0.606605 -0.765996 0.411024 0.083742 1 45 1.000000
  45 31.952385 -6.375577 6.415689 0.308211 0.377357 -0.873274 0.407808 0.094131 1 45 1.000000
Blackcrab_sheet
  45 31.289370 -7.120882 6.242387 0.079482 0.055380 -0.995297 0.381228 0.087957 1 45 1.000000
  45 31.201780 -6.447165 6.344822 0.159854 0.796133 -0.583625 0.391048 0.075559 1 45 1.000000
  45 31.704962 -6.107307 6.536756 -0.212790 0.606605 -0.765996 0.411024 0.083742 1 45 1.000000
Blackcrab_sheet
  45 30.727610 -6.555142 6.174018 0.446873 0.473696 -0.758892 0.377039 0.069098 1 45 1.000000
  45 31.201780 -6.447165 6.344822 0.159854 0.796133 -0.583625 0.391048 0.075559 1 45 1.000000
  45 31.289370 -7.120882 6.242387 0.079482 0.055380 -0.995297 0.381228 0.087957 1 45 1.000000
Blackcrab_sheet
  45 31.201780 -6.447165 6.344822 0.159854 0.796133 -0.583625 0.391048 0.075559 1 45 1.000000
  45 30.727610 -6.555142 6.174018 0.446873 0.473696 -0.758892 0.377039 0.069098 1 45 1.000000
  45 30.721569 -5.902230 6.812351 0.546977 0.281226 -0.788497 0.397443 0.058304 1 45 1.000000
Blackcrab_sheet
  45 30.393686 -5.581570 6.475560 0.218866 0.161065 -0.962370 0.390018 0.042619 1 45 1.000000
  45 30.721569 -5.902230 6.812351 0.546977 0.281226 -0.788497 0.397443 0.058304 1 45 1.000000
  45 30.727610 -6.555142 6.174018 0.446873 0.473696 -0.758892 0.377039 0.069098 1 45 1.000000
Blackcrab_sheet
  45 30.721569 -5.902230 6.812351 0.546977 0.281226 -0.788497 0.397443 0.058304 1 45 1.000000
  45 30.393686 -5.581570 6.475560 0.218866 0.161065 -0.962370 0.390018 0.042619 1 45 1.000000
  45 30.997158 -5.609543 6.805114 0.225239 -0.097617 -0.969401 0.410796 0.060571 1 45 1.000000
Blackcrab_sheet
  45 31.054514 -4.634130 6.891726 -0.355010 0.018098 -0.934687 0.460970 0.050176 1 45 1.000000
  45 30.997158 -5.609543 6.805114 0.225239 -0.097617 -0.969401 0.410796 0.060571 1 45 1.000000
  45 30.393686 -5.581570 6.475560 0.218866 0.161065 -0.962370 0.390018 0.042619 1 45 1.000000
Blackcrab_sheet
  45 30.997158 -5.609543 6.805114 0.225239 -0.097617 -0.969401 0.410796 0.060571 1 45 1.000000
  45 31.054514 -4.634130 6.891726 -0.355010 0.018098 -0.934687 0.460970 0.050176 1 45 1.000000
  45 31.704962 -6.107307 6.536756 -0.212790 0.606605 -0.765996 0.411024 0.083742 1 45 1.000000
Blackcrab_sheet
  45 33.778690 -4.816568 6.638186 0.883553 -0.009186 -0.468241 0.461725 0.142416 2 45 0.502005 47 0.497995
  45 32.785065 -4.680691 4.154619 0.951198 -0.073370 -0.299731 0.460262 0.111552 1 45 1.000000
  46 33.367393 -3.150722 6.568186 0.911613 0.210238 -0.353215 0.507557 0.151412 1 46 1.000000
Blackcrab_sheet
  45 29.369083 -7.604746 5.722173 0.057129 0.962554 -0.265001 0.315825 0.068122 1 45 1.000000
  45 29.263382 -7.336234 6.674693 -0.021673 0.942866 -0.332467 0.318134 0.059373 1 45 1.000000
  45 30.154404 -7.650403 5.725639 -0.358781 0.899429 -0.249607 0.333089 0.069566 1 45 1.000000
Blackcrab_sheet
  45 30.392216 -7.217793 6.661946 -0.844413 0.345699 -0.409216 0.329047 0.049021 1 45 1.000000
  45 30.154404 -7.650403 5.725639 -0.358781 0.899429 -0.249607 0.333089 0.069566 1 45 1.000000
  45 29.263382 -7.336234 6.674693 -0.021673 0.942866 -0.332467 0.318134 0.059373 1 45 1.000000
Blackcrab_sheet
  45 30.154404 -7.650403 5.725639 -0.358781 0.899429 -0.249607 0.333089 0.069566 1 45 1.000000
  45 30.392216 -7.217793 6.661946 -0.844413 0.345699 -0.409216 0.329047 0.049021 1 45 1.000000
  45 30.727610 -6.555142 6.174018 -0.833593 0.144453 -0.533157 0.377039 0.069098 1 45 1.000000
Blackcrab_sheet
  45 30.727610 -6.555142 6.174018 -0.833593 0.144453 -0.533157 0.377039 0.069098 1 45 1.000000
  45 30.392216 -7.217793 6.661946 -0.844413 0.345699 -0.409216 0.329047 0.049021 1 45 1.000000
  45 30.035906 -5.338418 6.762357 -0.714545 0.083924 -0.694537 0.378905 0.020690 1 45 1.000000
Blackcrab_sheet
  45 30.035906 -5.338418 6.762357 -0.714545 0.083924 -0.694537 0.378905 0.020690 1 45 1.000000
  45 30.393686 -5.581570 6.475560 0.218866 0.161065 -0.962370 0.390018 0.042619 1 45 1.000000
  45 30.727610 -6.555142 6.174018 -0.833593 0.144453 -0.533157 0.377039 0.069098 1 45 1.000000
Blackcrab_sheet
  45 31.054514 -4.634130 6.891726 -0.355010 0.018098 -0.934687 0.460970 0.050176 1 45 1.000000
  45 30.393686 -5.581570 6.475560 0.218866 0.161065 -0.962370 0.390018 0.042619 1 45 1.000000
  45 30.035906 -5.338418 6.762357 -0.714545 0.083924 -0.694537 0.378905 0.020690 1 45 1.000000
Blackcrab_sheet
  45 29.862951 -5.623559 7.573524 -0.950849 -0.166315 -0.261201 0.356161 0.032562 1 45 1.000000
  45 30.035906 -5.338418 6.762357 -0.714545 0.083924 -0.694537 0.378905 0.020690 1 45 1.000000
  45 30.392216 -7.217793 6.661946 -0.844413 0.345699 -0.409216 0.329047 0.049021 1 45 1.000000
Blackcrab_sheet
  45 32.099689 -4.870655 3.969389 -0.922562 -0.179393 -0.341610 0.460085 0.093142 1 45 1.000000
  45 31.054514 -4.634130 6.891726 -0.606866 0.771935 0.189285 0.460970 0.050176 1 45 1.000000
  45 32.578621 -3.533152 7.176495 -0.469255 0.883050 -0.004668 0.527967 0.112607 1 45 1.000000
Blackcrab_sheet
  45 32.099689 -4.870655 3.969389 -0.922562 -0.179393 -0.341610 0.460085 0.093142 1 45 1.000000
  45 32.578621 -3.533152 7.176495 -0.469255 0.883050 -0.004668 0.527967 0.112607 1 45 1.000000
  45 32.209190 -4.493430 4.277268 -0.226274 0.870661 0.436748 0.461404 0.102212 1 45 1.000000
Blackcrab_sheet
  45 32.209190 -4.493430 4.277268 -0.226274 0.870661 0.436748 0.461404 0.102212 1 45 1.000000
  45 32.578621 -3.533152 7.176495 -0.469255 0.883050 -0.004668 0.527967 0.112607 1 45 1.000000
  45 32.785065 -4.680691 4.154619 -0.016418 0.979871 -0.198953 0.460262 0.111552 1 45 1.000000
Blackcrab_sheet
  46 33.367393 -3.150722 6.568186 -0.598943 0.451457 -0.661403 0.507557 0.151412 1 46 1.000000
  45 32.785065 -4.680691 4.154619 -0.016418 0.979871 -0.198953 0.460262 0.111552 1 45 1.000000
  45 32.578621 -3.533152 7.176495 -0.469255 0.883050 -0.004668 0.527967 0.112607 1 45 1.000000
Blackcrab_sheet
  45 32.578621 -3.533152 7.176495 -0.469255 0.883050 -0.004668 0.527967 0.112607 1 45 1.000000
  44 33.444065 -1.444787 7.114253 -0.527108 0.162436 -0.834129 0.564272 0.237460 1 44 1.000000
  46 33.367393 -3.150722 6.568186 -0.598943 0.451457 -0.661403 0.507557 0.151412 1 46 1.000000
Blackcrab_sheet
  44 33.444065 -1.444787 7.114253 -0.527108 0.162436 -0.834129 0.564272 0.237460 1 44 1.000000
  46 34.333347 -1.728036 6.567565 -0.471517 0.184150 -0.862416 0.520478 0.259326 1 46 1.000000
  46 33.367393 -3.150722 6.568186 -0.598943 0.451457 -0.661403 0.507557 0.151412 1 46 1.000000
Blackcrab_sheet
  44 33.444065 -1.444787 7.114253 -0.527108 0.162436 -0.834129 0.564272 0.237460 1 44 1.000000
  44 34.040146 -1.042643 6.798257 -0.466589 -0.080194 -0.880831 0.548490 0.286156 1 44 1.000000
  46 34.333347 -1.728036 6.567565 -0.471517 0.184150 -0.862416 0.520478 0.259326 1 46 1.000000
Blackcrab_sheet
  44 34.040146 -1.042643 6.798257 -0.466589 -0.080194 -0.880831 0.548490 0.286156 1 44 1.000000
  44 33.444065 -1.444787 7.114253 -0.527108 0.162436 -0.834129 0.564272 0.237460 1 44 1.000000
  44 33.428993 -0.669234 7.140847 -0.685102 -0.107269 -0.720506 0.583380 0.296905 1 44 1.000000
Blackcrab_sheet
  44 33.428993 -0.669234 7.140847 -0.685102 -0.107269 -0.720506 0.583380 0.296905 1 44 1.000000
  44 33.568851 -0.003221 6.782657 -0.650909 -0.029605 -0.758578 0.570270 0.337282 1 44 1.000000
  44 34.040146 -1.042643 6.798257 -0.466589 -0.080194 -0.880831 0.548490 0.286156 1 44 1.000000
Blackcrab_sheet
  44 33.568851 -0.003221 6.782657 -0.650909 -0.029605 -0.758578 0.570270 0.337282 1 44 1.000000
  44 33.428993 -0.669234 7.140847 -0.685102 -0.107269 -0.720506 0.583380 0.296905 1 44 1.000000
  44 33.302139 0.667813 7.251814 -0.721079 -0.119278 -0.682508 0.585642 0.372117 1 44 1.000000
Blackcrab_sheet
  44 33.302139 0.667813 7.251814 -0.721079 -0.119278 -0.682508 0.585642 0.372117 1 44 1.000000
  44 33.792103 0.415875 6.794720 -0.715560 0.253814 -0.650809 0.565977 0.354173 1 44 1.000000
  44 33.568851 -0.003221 6.782657 -0.650909 -0.029605 -0.758578 0.570270 0.337282 1 44 1.000000
Blackcrab_sheet
  44 33.302139 0.667813 7.251814 -0.721079 -0.119278 -0.682508 0.585642 0.372117 1 44 1.000000
  44 33.819374 0.955780 6.745208 -0.480960 -0.444786 -0.755541 0.557573 0.383515 1 44 1.000000
  44 33.792103 0.415875 6.794720 -0.715560 0.253814 -0.650809 0.565977 0.354173 1 44 1.000000
Blackcrab_sheet
  44 33.819374 0.955780 6.745208 -0.480960 -0.444786 -0.755541 0.557573 0.383515 1 44 1.000000
  44 33.302139 0.667813 7.251814 -0.721079 -0.119278 -0.682508 0.585642 0.372117 1 44 1.000000
  44 33.533661 1.144580 6.717424 -0.663103 -0.142032 -0.734930 0.558199 0.392714 1 44 1.000000
Blackcrab_sheet
  44 33.533661 1.144580 6.717424 -0.663103 -0.142032 -0.734930 0.558199 0.392714 1 44 1.000000
  44 33.302139 0.667813 7.251814 -0.721079 -0.119278 -0.682508 0.585642 0.372117 1 44 1.000000
  44 33.070831 1.657391 7.312416 -0.666617 0.514356 -0.539499 0.567883 0.427119 1 44 1.000000
Blackcrab_sheet
  44 33.070831 1.657391 7.312416 -0.666617 0.514356 -0.539499 0.567883 0.427119 1 44 1.000000
  44 33.688896 1.411140 6.719918 -0.603977 0.457604 -0.652541 0.553550 0.399625 1 44 1.000000
  44 33.533661 1.144580 6.717424 -0.663103 -0.142032 -0.734930 0.558199 0.392714 1 44 1.000000
Blackcrab_sheet
  44 33.688896 1.411140 6.719918 -0.603977 0.457604 -0.652541 0.553550 0.399625 1 44 1.000000
  44 33.070831 1.657391 7.312416 -0.666617 0.514356 -0.539499 0.567883 0.427119 1 44 1.000000
  44 33.589920 1.788281 7.085693 0.229390 0.644045 -0.729785 0.545742 0.417983 1 44 1.000000
Blackcrab_sheet
  44 33.004330 2.972515 7.422843 -0.617687 0.365213 -0.696478 0.524918 0.480170 1 44 1.000000
  44 33.589920 1.788281 7.085693 0.229390 0.644045 -0.729785 0.545742 0.417983 1 44 1.000000
  44 33.070831 1.657391 7.312416 -0.666617 0.514356 -0.539499 0.567883 0.427119 1 44 1.000000
Blackcrab_sheet
  44 33.004330 2.972515 7.422843 -0.617687 0.365213 -0.696478 0.524918 0.480170 1 44 1.000000
  44 33.552864 2.488693 6.962821 -0.000001 -0.505658 0.862734 0.527387 0.443001 1 44 1.000000
  44 33.589920 1.788281 7.085693 0.229390 0.644045 -0.729785 0.545742 0.417983 1 44 1.000000
Blackcrab_sheet
  44 33.568851 -0.003221 6.782657 -0.650909 -0.029605 -0.758578 0.570270 0.337282 1 44 1.000000
  44 33.941875 -0.209247 6.713052 -0.333490 -0.302100 -0.893039 0.565031 0.326430 1 44 1.000000
  44 34.040146 -1.042643 6.798257 -0.466589 -0.080194 -0.880831 0.548490 0.286156 1 44 1.000000
Blackcrab_sheet
  44 33.589920 1.788281 7.085693 0.229390 0.644045 -0.729785 0.545742 0.417983 1 44 1.000000
  44 33.552864 2.488693 6.962821 -0.212186 -0.028284 -0.976820 0.527387 0.443001 1 44 1.000000
  44 34.243347 2.763514 7.160645 0.595960 0.439578 -0.672013 0.510036 0.434349 1 44 1.000000
Blackcrab_sheet
  44 33.567051 3.219376 7.045063 -0.221856 0.659548 -0.718175 0.507175 0.460735 1 44 1.000000
  44 34.243347 2.763514 7.160645 0.595960 0.439578 -0.672013 0.510036 0.434349 1 44 1.000000
  44 33.552864 2.488693 6.962821 -0.212186 -0.028284 -0.976820 0.527387 0.443001 1 44 1.000000
Blackcrab_sheet
  44 33.567051 3.219376 7.045063 -0.221856 0.659548 -0.718175 0.507175 0.460735 1 44 1.000000
  44 31.948921 5.432012 7.394319 0.494633 0.864560 -0.088732 0.439602 0.574250 2 44 0.800843 54 0.199157
  44 34.243347 2.763514 7.160645 0.595960 0.439578 -0.672013 0.510036 0.434349 1 44 1.000000
Blackcrab_sheet
  44 33.589920 1.788281 7.085693 0.229390 0.644045 -0.729785 0.545742 0.417983 1 44 1.000000
  44 33.911095 1.243497 6.834907 0.852184 0.350901 -0.388138 0.551568 0.391088 1 44 1.000000
  44 33.688896 1.411140 6.719918 0.615879 0.786654 -0.043231 0.553550 0.399625 1 44 1.000000
Blackcrab_sheet
  44 34.481949 2.097228 7.842472 0.868205 0.102216 -0.485563 0.509717 0.404084 1 44 1.000000
  44 33.911095 1.243497 6.834907 0.852184 0.350901 -0.388138 0.551568 0.391088 1 44 1.000000
  44 33.589920 1.788281 7.085693 0.229390 0.644045 -0.729785 0.545742 0.417983 1 44 1.000000
Blackcrab_sheet
  44 34.243347 2.763514 7.160645 0.595960 0.439578 -0.672013 0.510036 0.434349 1 44 1.000000
  44 34.481949 2.097228 7.842472 0.868205 0.102216 -0.485563 0.509717 0.404084 1 44 1.000000
  44 33.589920 1.788281 7.085693 0.229390 0.644045 -0.729785 0.545742 0.417983 1 44 1.000000
Blackcrab_sheet
  44 34.463127 3.359734 8.589891 0.724058 0.541770 -0.426879 0.476811 0.426022 1 44 1.000000
  44 34.481949 2.097228 7.842472 0.868205 0.102216 -0.485563 0.509717 0.404084 1 44 1.000000
  44 34.243347 2.763514 7.160645 0.595960 0.439578 -0.672013 0.510036 0.434349 1 44 1.000000
Blackcrab_sheet
  44 34.463127 3.359734 8.589891 0.724058 0.541770 -0.426879 0.476811 0.426022 1 44 1.000000
  44 34.243347 2.763514 7.160645 0.595960 0.439578 -0.672013 0.510036 0.434349 1 44 1.000000
  44 31.948921 5.432012 7.394319 0.494633 0.864560 -0.088732 0.439602 0.574250 2 44 0.800843 54 0.199157
Blackcrab_sheet
  44 34.463127 3.359734 8.589891 0.724058 0.541770 -0.426879 0.476811 0.426022 1 44 1.000000
  44 31.948921 5.432012 7.394319 0.494633 0.864560 -0.088732 0.439602 0.574250 2 44 0.800843 54 0.199157
  54 32.442894 5.905931 8.556049 0.499160 0.859822 0.107449 0.397242 0.550864 1 54 1.000000
Blackcrab_sheet
  44 31.948921 5.432012 7.394319 0.494633 0.864560 -0.088732 0.439602 0.574250 2 44 0.800843 54 0.199157
  44 30.155203 7.113029 10.456321 0.029120 0.959300 0.280882 0.313341 0.580697 1 44 1.000000
  54 32.442894 5.905931 8.556049 0.499160 0.859822 0.107449 0.397242 0.550864 1 54 1.000000
Blackcrab_sheet
  44 31.948921 5.432012 7.394319 0.494633 0.864560 -0.088732 0.439602 0.574250 2 44 0.800843 54 0.199157
  44 28.797354 6.430078 8.010780 0.000001 0.958545 0.284940 0.294839 0.607363 1 44 1.000000
  44 30.155203 7.113029 10.456321 0.029120 0.959300 0.280882 0.313341 0.580697 1 44 1.000000
Blackcrab_sheet
  44 28.797356 7.176379 10.443207 0.000001 0.996946 0.078094 0.295125 0.555684 1 44 1.000000
  44 30.155203 7.113029 10.456321 0.029120 0.959300 0.280882 0.313341 0.580697 1 44 1.000000
  44 28.797354 6.430078 8.010780 0.000001 0.958545 0.284940 0.294839 0.607363 1 44 1.000000
Blackcrab_sheet
  44 28.797354 6.430078 8.010780 0.000001 0.958545 0.284940 0.294839 0.607363 1 44 1.000000
  44 27.439510 7.113032 10.456321 -0.029118 0.959300 0.280883 0.276340 0.580695 1 44 1.000000
  44 28.797356 7.176379 10.443207 0.000001 0.996946 0.078094 0.295125 0.555684 1 44 1.000000
Blackcrab_sheet
  44 25.020947 5.454831 8.507197 -0.499158 0.859823 0.107449 0.171458 0.551682 2 44 0.800970 52 0.199030
  44 27.439510 7.113032 10.456321 -0.029118 0.959300 0.280883 0.276340 0.580695 1 44 1.000000
  44 28.797354 6.430078 8.010780 0.000001 0.958545 0.284940 0.294839 0.607363 1 44 1.000000
Blackcrab_sheet
  44 23.131577 3.359747 8.589890 -0.724056 0.541771 -0.426880 0.113444 0.426015 1 44 1.000000
  44 23.112751 2.097240 7.842471 -0.868205 0.102218 -0.485564 0.080540 0.404074 1 44 1.000000
  44 23.057398 0.993827 7.737107 -0.793843 0.089940 -0.601435 0.063738 0.370556 1 44 1.000000
Blackcrab_sheet
  44 23.351355 2.763526 7.160644 -0.595960 0.439579 -0.672013 0.080219 0.434340 1 44 1.000000
  44 23.112751 2.097240 7.842471 -0.868205 0.102218 -0.485564 0.080540 0.404074 1 44 1.000000
  44 23.131577 3.359747 8.589890 -0.724056 0.541771 -0.426880 0.113444 0.426015 1 44 1.000000
Blackcrab_sheet
  44 25.020947 5.454831 8.507197 -0.499158 0.859823 0.107449 0.171458 0.551682 2 44 0.800970 52 0.199030
  44 23.351355 2.763526 7.160644 -0.595960 0.439579 -0.672013 0.080219 0.434340 1 44 1.000000
  44 23.131577 3.359747 8.589890 -0.724056 0.541771 -0.426880 0.113444 0.426015 1 44 1.000000
Blackcrab_sheet
  44 25.020947 5.454831 8.507197 -0.499158 0.859823 0.107449 0.171458 0.551682 2 44 0.800970 52 0.199030
  44 25.645784 5.432019 7.394318 -0.494631 0.864561 -0.088733 0.150077 0.574247 1 44 1.000000
  44 23.351355 2.763526 7.160644 -0.595960 0.439579 -0.672013 0.080219 0.434340 1 44 1.000000
Blackcrab_sheet
  44 25.020947 5.454831 8.507197 -0.499158 0.859823 0.107449 0.171458 0.551682 2 44 0.800970 52 0.199030
  44 28.797354 6.430078 8.010780 0.000001 0.958545 0.284940 0.294839 0.607363 1 44 1.000000
  44 25.645784 5.432019 7.394318 -0.494631 0.864561 -0.088733 0.150077 0.574247 1 44 1.000000
Blackcrab_sheet
  44 23.513372 0.190246 6.893217 -0.901518 0.353111 -0.250156 0.029031 0.343479 1 44 1.000000
  44 23.057398 0.993827 7.737107 -0.793843 0.089940 -0.601435 0.063738 0.370556 1 44 1.000000
  44 23.802591 0.415886 6.794719 -0.789039 0.605647 -0.103002 0.024283 0.354157 1 44 1.000000
Blackcrab_sheet
  44 23.057398 0.993827 7.737107 -0.793843 0.089940 -0.601435 0.063738 0.370556 1 44 1.000000
  44 23.775326 0.955792 6.745207 -0.903895 -0.172351 -0.391495 0.032685 0.383501 1 44 1.000000
  44 23.802591 0.415886 6.794719 -0.789039 0.605647 -0.103002 0.024283 0.354157 1 44 1.000000
Blackcrab_sheet
  44 23.775326 0.955792 6.745207 -0.903895 -0.172351 -0.391495 0.032685 0.383501 1 44 1.000000
  44 23.057398 0.993827 7.737107 -0.793843 0.089940 -0.601435 0.063738 0.370556 1 44 1.000000
  44 23.683603 1.243508 6.834906 -0.852184 0.350902 -0.388137 0.038690 0.391076 1 44 1.000000
Blackcrab_sheet
  44 23.112751 2.097240 7.842471 -0.868205 0.102218 -0.485564 0.080540 0.404074 1 44 1.000000
  44 23.683603 1.243508 6.834906 -0.852184 0.350902 -0.388137 0.038690 0.391076 1 44 1.000000
  44 23.057398 0.993827 7.737107 -0.793843 0.089940 -0.601435 0.063738 0.370556 1 44 1.000000
Blackcrab_sheet
  44 24.004778 1.788292 7.085692 -0.229388 0.644045 -0.729785 0.044513 0.417971 1 44 1.000000
  44 23.683603 1.243508 6.834906 -0.852184 0.350902 -0.388137 0.038690 0.391076 1 44 1.000000
  44 23.112751 2.097240 7.842471 -0.868205 0.102218 -0.485564 0.080540 0.404074 1 44 1.000000
Blackcrab_sheet
  44 24.004778 1.788292 7.085692 -0.229388 0.644045 -0.729785 0.044513 0.417971 1 44 1.000000
  44 23.112751 2.097240 7.842471 -0.868205 0.102218 -0.485564 0.080540 0.404074 1 44 1.000000
  44 23.351355 2.763526 7.160644 -0.595960 0.439579 -0.672013 0.080219 0.434340 1 44 1.000000
Blackcrab_sheet
  44 23.351355 2.763526 7.160644 -0.595960 0.439579 -0.672013 0.080219 0.434340 1 44 1.000000
  44 24.041840 2.488703 6.962820 0.222178 -0.019098 -0.974819 0.062866 0.442990 1 44 1.000000
  44 24.004778 1.788292 7.085692 -0.229388 0.644045 -0.729785 0.044513 0.417971 1 44 1.000000
Blackcrab_sheet
  44 24.041840 2.488703 6.962820 0.222178 -0.019098 -0.974819 0.062866 0.442990 1 44 1.000000
  44 23.351355 2.763526 7.160644 -0.595960 0.439579 -0.672013 0.080219 0.434340 1 44 1.000000
  44 24.027653 3.219387 7.045062 0.221858 0.659548 -0.718175 0.083078 0.460726 1 44 1.000000
Blackcrab_sheet
  44 23.351355 2.763526 7.160644 -0.595960 0.439579 -0.672013 0.080219 0.434340 1 44 1.000000
  44 25.645784 5.432019 7.394318 -0.494631 0.864561 -0.088733 0.150077 0.574247 1 44 1.000000
  44 24.027653 3.219387 7.045062 0.221858 0.659548 -0.718175 0.083078 0.460726 1 44 1.000000
Blackcrab_sheet
  44 23.905804 1.411151 6.719917 -0.615878 0.786654 -0.043231 0.036706 0.399612 1 44 1.000000
  44 23.683603 1.243508 6.834906 -0.852184 0.350902 -0.388137 0.038690 0.391076 1 44 1.000000
  44 24.004778 1.788292 7.085692 -0.229388 0.644045 -0.729785 0.044513 0.417971 1 44 1.000000
Blackcrab_sheet
  44 23.131577 3.359747 8.589890 -0.724056 0.541771 -0.426880 0.113444 0.426015 1 44 1.000000
  52 24.108067 5.406148 8.402362 -0.590765 -0.072115 -0.803615 0.167543 0.532830 1 52 1.000000
  44 25.020947 5.454831 8.507197 0.352769 -0.631394 -0.690576 0.149504 0.551682 2 44 0.800970 52 0.199030
Blackcrab_sheet
  44 33.552864 2.488693 6.962821 -0.000001 -0.505658 0.862734 0.527387 0.443001 1 44 1.000000
  44 33.004330 2.972515 7.422843 -0.617687 0.365213 -0.696478 0.524918 0.480170 1 44 1.000000
  44 33.567051 3.219376 7.045063 -0.221856 0.659548 -0.718175 0.507175 0.460735 1 44 1.000000
Blackcrab_sheet
  44 31.798882 4.822203 7.806675 -0.440697 0.104968 -0.891498 0.467995 0.583243 1 44 1.000000
  44 33.567051 3.219376 7.045063 -0.221856 0.659548 -0.718175 0.507175 0.460735 1 44 1.000000
  44 33.004330 2.972515 7.422843 -0.617687 0.365213 -0.696478 0.524918 0.480170 1 44 1.000000
Blackcrab_sheet
  44 31.798882 4.822203 7.806675 -0.440697 0.104968 -0.891498 0.467995 0.583243 1 44 1.000000
  44 31.948921 5.432012 7.394319 -0.440697 0.104968 -0.891498 0.439602 0.574250 2 44 0.800843 54 0.199157
  44 33.567051 3.219376 7.045063 -0.221856 0.659548 -0.718175 0.507175 0.460735 1 44 1.000000
Blackcrab_sheet
  44 30.117626 5.486061 8.026423 0.225177 0.929520 -0.292041 0.380663 0.610503 1 44 1.000000
  44 31.948921 5.432012 7.394319 -0.440697 0.104968 -0.891498 0.439602 0.574250 2 44 0.800843 54 0.199157
  44 31.798882 4.822203 7.806675 -0.440697 0.104968 -0.891498 0.467995 0.583243 1 44 1.000000
Blackcrab_sheet
  44 30.117626 5.486061 8.026423 0.225177 0.929520 -0.292041 0.380663 0.610503 1 44 1.000000
  44 28.797354 6.430078 8.010780 0.000001 0.442369 -0.896833 0.294839 0.607363 1 44 1.000000
  44 31.948921 5.432012 7.394319 -0.440697 0.104968 -0.891498 0.439602 0.574250 2 44 0.800843 54 0.199157
Blackcrab_sheet
  44 30.117626 5.486061 8.026423 0.225177 0.929520 -0.292041 0.380663 0.610503 1 44 1.000000
  44 28.797354 5.867671 7.805550 0.000001 0.988980 -0.148047 0.294838 0.617885 1 44 1.000000
  44 28.797354 6.430078 8.010780 0.000001 0.442369 -0.896833 0.294839 0.607363 1 44 1.000000
Blackcrab_sheet
  44 28.797354 6.430078 8.010780 0.000001 0.442369 -0.896833 0.294839 0.607363 1 44 1.000000
  44 28.797354 5.867671 7.805550 0.000001 0.988980 -0.148047 0.294838 0.617885 1 44 1.000000
  44 27.477081 5.486064 8.026423 -0.225175 0.929520 -0.292041 0.209015 0.610501 1 44 1.000000
Blackcrab_sheet
  44 25.795826 4.822210 7.806674 0.440697 0.104967 -0.891497 0.121683 0.583239 1 44 1.000000
  44 28.797354 6.430078 8.010780 0.000001 0.442369 -0.896833 0.294839 0.607363 1 44 1.000000
  44 27.477081 5.486064 8.026423 -0.225175 0.929520 -0.292041 0.209015 0.610501 1 44 1.000000
Blackcrab_sheet
  44 25.795826 4.822210 7.806674 0.440697 0.104967 -0.891497 0.121683 0.583239 1 44 1.000000
  44 25.645784 5.432019 7.394318 0.440697 0.104967 -0.891497 0.150077 0.574247 1 44 1.000000
  44 28.797354 6.430078 8.010780 0.000001 0.442369 -0.896833 0.294839 0.607363 1 44 1.000000
Blackcrab_sheet
  44 24.590374 2.972524 7.422843 0.617688 0.365212 -0.696478 0.065333 0.480160 1 44 1.000000
  44 25.645784 5.432019 7.394318 0.440697 0.104967 -0.891497 0.150077 0.574247 1 44 1.000000
  44 25.795826 4.822210 7.806674 0.440697 0.104967 -0.891497 0.121683 0.583239 1 44 1.000000
Blackcrab_sheet
  44 24.590374 2.972524 7.422843 0.617688 0.365212 -0.696478 0.065333 0.480160 1 44 1.000000
  44 24.027653 3.219387 7.045062 0.221858 0.659548 -0.718175 0.083078 0.460726 1 44 1.000000
  44 25.645784 5.432019 7.394318 0.440697 0.104967 -0.891497 0.150077 0.574247 1 44 1.000000
Blackcrab_sheet
  44 24.027653 3.219387 7.045062 0.221858 0.659548 -0.718175 0.083078 0.460726 1 44 1.000000
  44 24.590374 2.972524 7.422843 0.617688 0.365212 -0.696478 0.065333 0.480160 1 44 1.000000
  44 24.041840 2.488703 6.962820 0.308777 0.461601 -0.831614 0.062866 0.442990 1 44 1.000000
Blackcrab_sheet
  44 24.523869 1.657401 7.312415 0.666619 0.514354 -0.539498 0.022371 0.427105 1 44 1.000000
  44 24.041840 2.488703 6.962820 0.308777 0.461601 -0.831614 0.062866 0.442990 1 44 1.000000
  44 24.590374 2.972524 7.422843 0.617688 0.365212 -0.696478 0.065333 0.480160 1 44 1.000000
Blackcrab_sheet
  44 24.523869 1.657401 7.312415 0.666619 0.514354 -0.539498 0.022371 0.427105 1 44 1.000000
  44 24.004778 1.788292 7.085692 -0.229388 0.644045 -0.729785 0.044513 0.417971 1 44 1.000000
  44 24.041840 2.488703 6.962820 0.308777 0.461601 -0.831614 0.062866 0.442990 1 44 1.000000
Blackcrab_sheet
  44 24.004778 1.788292 7.085692 -0.229388 0.644045 -0.729785 0.044513 0.417971 1 44 1.000000
  44 24.523869 1.657401 7.312415 0.666619 0.514354 -0.539498 0.022371 0.427105 1 44 1.000000
  44 23.905804 1.411151 6.719917 0.603977 0.457605 -0.652540 0.036706 0.399612 1 44 1.000000
Blackcrab_sheet
  44 24.061039 1.144590 6.717423 0.663103 -0.142033 -0.734929 0.032058 0.392700 1 44 1.000000
  44 23.905804 1.411151 6.719917 0.603977 0.457605 -0.652540 0.036706 0.399612 1 44 1.000000
  44 24.523869 1.657401 7.312415 0.666619 0.514354 -0.539498 0.022371 0.427105 1 44 1.000000
Blackcrab_sheet
  44 24.523869 1.657401 7.312415 0.666619 0.514354 -0.539498 0.022371 0.427105 1 44 1.000000
  44 24.292557 0.667823 7.251813 0.721079 -0.119281 -0.682508 0.004615 0.372101 1 44 1.000000
  44 24.061039 1.144590 6.717423 0.663103 -0.142033 -0.734929 0.032058 0.392700 1 44 1.000000
Blackcrab_sheet
  44 24.061039 1.144590 6.717423 0.663103 -0.142033 -0.734929 0.032058 0.392700 1 44 1.000000
  44 24.292557 0.667823 7.251813 0.721079 -0.119281 -0.682508 0.004615 0.372101 1 44 1.000000
  44 23.775326 0.955792 6.745207 0.480960 -0.444787 -0.755541 0.032685 0.383501 1 44 1.000000
Blackcrab_sheet
  44 23.802591 0.415886 6.794719 0.715560 0.253813 -0.650809 0.024283 0.354157 1 44 1.000000
  44 23.775326 0.955792 6.745207 0.480960 -0.444787 -0.755541 0.032685 0.383501 1 44 1.000000
  44 24.292557 0.667823 7.251813 0.721079 -0.119281 -0.682508 0.004615 0.372101 1 44 1.000000
Blackcrab_sheet
  44 24.025843 -0.003211 6.782656 0.645015 -0.046323 -0.762765 0.019991 0.337265 1 44 1.000000
  44 23.802591 0.415886 6.794719 0.715560 0.253813 -0.650809 0.024283 0.354157 1 44 1.000000
  44 24.292557 0.667823 7.251813 0.721079 -0.119281 -0.682508 0.004615 0.372101 1 44 1.000000
Blackcrab_sheet
  44 24.292557 0.667823 7.251813 0.721079 -0.119281 -0.682508 0.004615 0.372101 1 44 1.000000
  44 24.165701 -0.669224 7.140846 0.655209 -0.119060 -0.746006 0.006884 0.296884 1 44 1.000000
  44 24.025843 -0.003211 6.782656 0.645015 -0.046323 -0.762765 0.019991 0.337265 1 44 1.000000
Blackcrab_sheet
  44 23.525965 -0.941274 6.819398 0.444994 -0.093524 -0.890637 0.039924 0.291007 1 44 1.000000
  44 24.025843 -0.003211 6.782656 0.645015 -0.046323 -0.762765 0.019991 0.337265 1 44 1.000000
  44 24.165701 -0.669224 7.140846 0.655209 -0.119060 -0.746006 0.006884 0.296884 1 44 1.000000
Blackcrab_sheet
  44 24.165701 -0.669224 7.140846 0.655209 -0.119060 -0.746006 0.006884 0.296884 1 44 1.000000
  44 24.150625 -1.444777 7.114252 0.515006 0.171973 -0.839758 0.026001 0.237435 1 44 1.000000
  44 23.525965 -0.941274 6.819398 0.444994 -0.093524 -0.890637 0.039924 0.291007 1 44 1.000000
Blackcrab_sheet
  49 23.261347 -1.728024 6.567566 0.465436 0.201932 -0.861738 0.069792 0.259311 1 49 1.000000
  44 23.525965 -0.941274 6.819398 0.444994 -0.093524 -0.890637 0.039924 0.291007 1 44 1.000000
  44 24.150625 -1.444777 7.114252 0.515006 0.171973 -0.839758 0.026001 0.237435 1 44 1.000000
Blackcrab_sheet
  49 24.227297 -3.150712 6.568187 0.598945 0.451455 -0.661403 0.082731 0.151409 2 49 0.686804 45 0.313196
  49 23.261347 -1.728024 6.567566 0.465436 0.201932 -0.861738 0.069792 0.259311 1 49 1.000000
  44 24.150625 -1.444777 7.114252 0.515006 0.171973 -0.839758 0.026001 0.237435 1 44 1.000000
Blackcrab_sheet
  49 24.227297 -3.150712 6.568187 0.598945 0.451455 -0.661403 0.082731 0.151409 2 49 0.686804 45 0.313196
  44 24.150625 -1.444777 7.114252 0.515006 0.171973 -0.839758 0.026001 0.237435 1 44 1.000000
  45 25.016068 -3.533143 7.176494 0.469257 0.883049 -0.004668 0.062362 0.112571 2 45 0.795009 49 0.204991
Blackcrab_sheet
  45 25.016068 -3.533143 7.176494 0.469257 0.883049 -0.004668 0.062362 0.112571 2 45 0.795009 49 0.204991
  45 24.809620 -4.680682 4.154619 0.016420 0.979871 -0.198953 0.129930 0.112054 1 45 1.000000
  49 24.227297 -3.150712 6.568187 0.598945 0.451455 -0.661403 0.082731 0.151409 2 49 0.686804 45 0.313196
Blackcrab_sheet
  45 24.809620 -4.680682 4.154619 0.016420 0.979871 -0.198953 0.129930 0.112054 1 45 1.000000
  45 25.016068 -3.533143 7.176494 0.469257 0.883049 -0.004668 0.062362 0.112571 2 45 0.795009 49 0.204991
  45 25.385494 -4.493422 4.277267 0.226276 0.870661 0.436748 0.129081 0.102262 1 45 1.000000
Blackcrab_sheet
  45 25.385494 -4.493422 4.277267 0.226276 0.870661 0.436748 0.129081 0.102262 1 45 1.000000
  45 25.016068 -3.533143 7.176494 0.469257 0.883049 -0.004668 0.062362 0.112571 2 45 0.795009 49 0.204991
  45 26.540171 -4.634125 6.891725 0.606868 0.771934 0.189285 0.129338 0.050140 1 45 1.000000
Blackcrab_sheet
  45 25.385494 -4.493422 4.277267 0.226276 0.870661 0.436748 0.129081 0.102262 1 45 1.000000
  45 26.540171 -4.634125 6.891725 0.606868 0.771934 0.189285 0.129338 0.050140 1 45 1.000000
  45 25.494995 -4.870647 3.969388 0.922562 -0.179395 -0.341610 0.130416 0.093024 1 45 1.000000
Blackcrab_sheet
  44 23.525965 -0.941274 6.819398 0.444994 -0.093524 -0.890637 0.039924 0.291007 1 44 1.000000
  44 23.652821 -0.209236 6.713051 0.345865 -0.329396 -0.878564 0.025232 0.326412 1 44 1.000000
  44 24.025843 -0.003211 6.782656 0.645015 -0.046323 -0.762765 0.019991 0.337265 1 44 1.000000
Blackcrab_sheet
  45 29.250208 -6.502216 5.426640 -0.972235 -0.199174 -0.122836 0.703192 0.966943 1 45 1.000000
  45 29.263382 -7.336234 6.674693 -0.978727 -0.166442 -0.119962 0.698051 0.981797 1 45 1.000000
  45 29.201227 -5.767800 7.599094 -0.999394 -0.032875 -0.011418 0.709663 0.980951 1 45 1.000000
Blackcrab_sheet
  45 29.441326 -6.392869 4.501348 -0.984179 -0.157804 -0.080556 0.701327 0.959160 1 45 1.000000
  45 29.263382 -7.336234 6.674693 -0.978727 -0.166442 -0.119962 0.698051 0.981797 1 45 1.000000
  45 29.250208 -6.502216 5.426640 -0.972235 -0.199174 -0.122836 0.703192 0.966943 1 45 1.000000
Blackcrab_sheet
  45 29.478302 -7.089984 4.585004 -0.993653 -0.103501 -0.044052 0.695542 0.960068 1 45 1.000000
  45 29.263382 -7.336234 6.674693 -0.978727 -0.166442 -0.119962 0.698051 0.981797 1 45 1.000000
  45 29.441326 -6.392869 4.501348 -0.984179 -0.157804 -0.080556 0.701327 0.959160 1 45 1.000000
Blackcrab_sheet
  45 29.336294 -5.966867 3.649726 -0.993926 -0.040438 0.102354 0.707170 0.944170 1 45 1.000000
  45 29.478302 -7.089984 4.585004 -0.993653 -0.103501 -0.044052 0.695542 0.960068 1 45 1.000000
  45 29.441326 -6.392869 4.501348 -0.984179 -0.157804 -0.080556 0.701327 0.959160 1 45 1.000000
Blackcrab_sheet
  45 29.263382 -7.336234 6.674693 -0.978727 -0.166442 -0.119962 0.698051 0.981797 1 45 1.000000
  45 29.478302 -7.089984 4.585004 -0.993653 -0.103501 -0.044052 0.695542 0.960068 1 45 1.000000
  45 29.448509 -7.328590 5.208263 -0.971578 -0.201821 -0.123708 0.693629 0.966813 1 45 1.000000
Blackcrab_sheet
  45 29.827099 -6.637262 4.191730 0.708053 0.705647 0.026897 0.698189 0.954757 1 45 1.000000
  45 29.336294 -5.966867 3.649726 0.660271 0.701095 0.269272 0.707170 0.944170 1 45 1.000000
  45 29.441326 -6.392869 4.501348 0.285261 0.956936 0.053845 0.701327 0.959160 1 45 1.000000
Blackcrab_sheet
  45 29.728672 -6.337465 5.514951 0.411265 0.855926 0.313451 0.704575 0.967661 1 45 1.000000
  45 29.441326 -6.392869 4.501348 0.285261 0.956936 0.053845 0.701327 0.959160 1 45 1.000000
  45 29.250208 -6.502216 5.426640 -0.272888 0.942112 -0.194826 0.703192 0.966943 1 45 1.000000
Blackcrab_sheet
  45 29.728672 -6.337465 5.514951 0.411265 0.855926 0.313451 0.704575 0.967661 1 45 1.000000
  45 29.827099 -6.637262 4.191730 0.708053 0.705647 0.026897 0.698189 0.954757 1 45 1.000000
  45 29.441326 -6.392869 4.501348 0.285261 0.956936 0.053845 0.701327 0.959160 1 45 1.000000
Blackcrab_sheet
  45 30.095661 -7.178200 5.308524 0.904553 0.410861 0.113911 0.694849 0.967761 1 45 1.000000
  45 29.827099 -6.637262 4.191730 0.708053 0.705647 0.026897 0.698189 0.954757 1 45 1.000000
  45 29.728672 -6.337465 5.514951 0.411265 0.855926 0.313451 0.704575 0.967661 1 45 1.000000
Blackcrab_sheet
  45 30.392216 -7.217793 6.661946 0.888243 0.457381 0.042730 0.699077 0.981453 1 45 1.000000
  45 30.095661 -7.178200 5.308524 0.904553 0.410861 0.113911 0.694849 0.967761 1 45 1.000000
  45 29.728672 -6.337465 5.514951 0.411265 0.855926 0.313451 0.704575 0.967661 1 45 1.000000
Blackcrab_sheet
  45 30.392216 -7.217793 6.661946 0.888243 0.457381 0.042730 0.699077 0.981453 1 45 1.000000
  45 29.728672 -6.337465 5.514951 0.411265 0.855926 0.313451 0.704575 0.967661 1 45 1.000000
  45 29.862951 -5.623559 7.573524 0.888243 0.457381 0.042730 0.710892 0.980432 1 45 1.000000
Blackcrab_sheet
  45 29.728672 -6.337465 5.514951 0.411265 0.855926 0.313451 0.704575 0.967661 1 45 1.000000
  45 29.250208 -6.502216 5.426640 -0.272888 0.942112 -0.194826 0.703192 0.966943 1 45 1.000000
  45 29.862951 -5.623559 7.573524 -0.237051 0.920957 -0.309264 0.710892 0.980432 1 45 1.000000
Blackcrab_sheet
  45 29.862951 -5.623559 7.573524 -0.237051 0.920957 -0.309264 0.710892 0.980432 1 45 1.000000
  45 29.250208 -6.502216 5.426640 -0.272888 0.942112 -0.194826 0.703192 0.966943 1 45 1.000000
  45 29.201227 -5.767800 7.599094 -0.213663 0.923984 -0.317178 0.709663 0.980951 1 45 1.000000
Blackcrab_sheet
  51 17.309927 -21.368765 0.996153 0.484034 0.848497 0.213924 0.764669 0.279832 1 51 1.000000
  51 17.319773 -20.897758 0.170512 0.987363 0.132297 0.087245 0.795430 0.337386 1 51 1.000000
  51 17.234692 -20.183735 1.553057 0.998242 0.045567 0.037898 0.688908 0.328325 1 51 1.000000
Blackcrab_sheet
  51 17.621853 -21.707382 0.564671 0.850717 0.470090 -0.235152 0.803994 0.275209 1 51 1.000000
  51 17.309927 -21.368765 0.996153 0.484034 0.848497 0.213924 0.764669 0.279832 1 51 1.000000
  51 17.658741 -21.599705 0.920361 0.799672 0.600432 -0.002472 0.779736 0.268318 1 51 1.000000
Blackcrab_sheet
  51 17.526602 -21.768124 0.093623 0.843986 0.334885 -0.418975 0.832843 0.289201 1 51 1.000000
  51 17.309927 -21.368765 0.996153 0.484034 0.848497 0.213924 0.764669 0.279832 1 51 1.000000
  51 17.621853 -21.707382 0.564671 0.850717 0.470090 -0.235152 0.803994 0.275209 1 51 1.000000
Blackcrab_sheet
  51 17.309927 -21.368765 0.996153 0.484034 0.848497 0.213924 0.764669 0.279832 1 51 1.000000
  51 17.526602 -21.768124 0.093623 0.843986 0.334885 -0.418975 0.832843 0.289201 1 51 1.000000
  51 17.319773 -20.897758 0.170512 0.987363 0.132297 0.087245 0.795430 0.337386 1 51 1.000000
Blackcrab_sheet
  51 17.526602 -21.768124 0.093623 0.843986 0.334885 -0.418975 0.832843 0.289201 1 51 1.000000
  51 17.116688 -21.921120 0.120813 0.173656 -0.162454 -0.971315 0.834127 0.280391 1 51 1.000000
  51 17.319773 -20.897758 0.170512 -0.090634 0.066242 -0.993679 0.795430 0.337386 1 51 1.000000
Blackcrab_sheet
  45 31.704962 -6.107307 6.536756 0.576127 0.817032 0.023175 0.659038 0.976979 1 45 1.000000
  45 31.071516 -5.637931 5.736308 0.577181 0.816172 0.026927 0.665482 0.958995 1 45 1.000000
  45 30.997158 -5.609543 6.805114 0.579882 0.814485 0.018711 0.671581 0.979150 1 45 1.000000
Blackcrab_sheet
  45 31.071516 -5.637931 5.736308 0.577181 0.816172 0.026927 0.665482 0.958995 1 45 1.000000
  45 31.704962 -6.107307 6.536756 0.576127 0.817032 0.023175 0.659038 0.976979 1 45 1.000000
  45 31.258322 -5.758900 5.454853 0.575813 0.816992 0.031035 0.660821 0.953960 1 45 1.000000
Blackcrab_sheet
  45 30.825430 -5.439589 5.184927 0.579261 0.814415 0.034431 0.669325 0.943003 1 45 1.000000
  45 31.071516 -5.637931 5.736308 0.577181 0.816172 0.026927 0.665482 0.958995 1 45 1.000000
  45 31.258322 -5.758900 5.454853 0.575813 0.816992 0.031035 0.660821 0.953960 1 45 1.000000
Blackcrab_sheet
  51 17.156473 -22.583252 1.363934 -0.956522 -0.291129 0.017622 0.879864 0.565833 1 51 1.000000
  51 16.962893 -20.163307 3.925980 -0.984669 0.174336 -0.005823 0.804967 0.658227 1 51 1.000000
  51 16.940134 -21.915281 0.874387 -0.984910 0.159842 -0.066353 0.843493 0.561772 1 51 1.000000
Blackcrab_sheet
  51 16.962893 -20.163307 3.925980 -0.984669 0.174336 -0.005823 0.804967 0.658227 1 51 1.000000
  51 17.156473 -22.583252 1.363934 -0.956522 -0.291129 0.017622 0.879560 0.565793 1 51 1.000000
  51 17.188427 -20.982950 4.323910 -0.057911 -0.982995 0.174263 0.843726 0.673419 1 51 1.000000
Blackcrab_sheet
  51 17.188427 -20.982950 4.323910 -0.057911 -0.982995 0.174263 0.843726 0.673419 1 51 1.000000
  51 17.519684 -22.513531 1.381288 0.482025 -0.723648 -0.493949 0.910137 0.574373 1 51 1.000000
  51 17.712780 -22.207180 1.056402 0.961796 -0.130660 -0.240575 0.922588 0.579378 1 51 1.000000
Blackcrab_sheet
  51 17.188427 -20.982950 4.323910 -0.057911 -0.982995 0.174263 0.843726 0.673419 1 51 1.000000
  51 17.156473 -22.583252 1.363934 0.188437 -0.982084 0.001683 0.879560 0.565793 1 51 1.000000
  51 17.519684 -22.513531 1.381288 0.482025 -0.723648 -0.493949 0.910137 0.574373 1 51 1.000000
Blackcrab_sheet
  51 17.818119 -19.866455 3.595916 0.900910 0.369922 -0.226976 0.922314 0.705505 1 51 1.000000
  51 17.658741 -21.599705 0.920361 0.799672 0.600432 -0.002472 0.934076 0.596066 1 51 1.000000
  51 17.309927 -21.368765 0.996153 0.484034 0.848497 0.213924 0.945916 0.604329 1 51 1.000000
Blackcrab_sheet
  51 17.818119 -19.866455 3.595916 0.900910 0.369922 -0.226976 0.922314 0.705505 1 51 1.000000
  51 17.712780 -22.207180 1.056402 0.961796 -0.130660 -0.240575 0.922588 0.579378 1 51 1.000000
  51 17.658741 -21.599705 0.920361 0.799672 0.600432 -0.002472 0.934076 0.596066 1 51 1.000000
Blackcrab_sheet
  51 17.188427 -20.982950 4.323910 -0.057911 -0.982995 0.174263 0.843726 0.673419 1 51 1.000000
  51 17.712780 -22.207180 1.056402 0.961796 -0.130660 -0.240575 0.922588 0.579378 1 51 1.000000
  51 17.818119 -19.866455 3.595916 0.900910 0.369922 -0.226976 0.922314 0.705505 1 51 1.000000
Blackcrab_sheet
  51 17.188427 -20.982950 4.323910 -0.057911 -0.982995 0.174263 0.843726 0.673419 1 51 1.000000
  51 17.818119 -19.866455 3.595916 0.900910 0.369922 -0.226976 0.922314 0.705505 1 51 1.000000
  51 19.048515 -16.576200 5.617175 0.984530 -0.117881 -0.129635 0.911030 0.853993 1 51 1.000000
Blackcrab_sheet
  51 17.188427 -20.982950 4.323910 -0.057911 -0.982995 0.174263 0.843726 0.673419 1 51 1.000000
  51 19.048515 -16.576200 5.617175 0.984530 -0.117881 -0.129635 0.911030 0.853993 1 51 1.000000
  51 18.821093 -18.255228 6.475246 0.855767 -0.511711 0.076250 0.858647 0.813413 2 51 0.929389 50 0.070611
Blackcrab_sheet
  50 19.140726 -13.771806 8.092769 0.705374 -0.701445 -0.102090 0.872378 0.987588 1 50 1.000000
  51 18.821093 -18.255228 6.475246 0.855767 -0.511711 0.076250 0.858647 0.813413 2 51 0.929389 50 0.070611
  51 19.048515 -16.576200 5.617175 0.984530 -0.117881 -0.129635 0.911030 0.853993 1 51 1.000000
Blackcrab_sheet
  50 18.662649 -14.526937 8.570532 0.853826 -0.466924 0.230135 0.820575 0.979825 2 50 0.500000 51 0.500000
  51 18.821093 -18.255228 6.475246 0.855767 -0.511711 0.076250 0.858647 0.813413 2 51 0.929389 50 0.070611
  50 19.140726 -13.771806 8.092769 0.705374 -0.701445 -0.102090 0.872378 0.987588 1 50 1.000000
Blackcrab_sheet
  50 18.662649 -14.526937 8.570532 0.853826 -0.466924 0.230135 0.820575 0.979825 2 50 0.500000 51 0.500000
  51 18.532160 -17.746170 7.138723 -0.065691 -0.875575 0.478595 0.842455 0.839354 2 51 0.873343 50 0.126657
  51 18.821093 -18.255228 6.475246 0.855767 -0.511711 0.076250 0.858647 0.813413 2 51 0.929389 50 0.070611
Blackcrab_sheet
  51 18.821093 -18.255228 6.475246 0.855767 -0.511711 0.076250 0.858647 0.813413 2 51 0.929389 50 0.070611
  51 18.532160 -17.746170 7.138723 -0.065691 -0.875575 0.478595 0.842455 0.839354 2 51 0.873343 50 0.126657
  51 17.188427 -20.982950 4.323910 -0.057911 -0.982995 0.174263 0.843726 0.673419 1 51 1.000000
Blackcrab_sheet
  51 17.853281 -17.155859 6.855016 -0.817149 -0.438020 0.374708 0.818984 0.844205 2 51 0.927848 50 0.072152
  51 17.188427 -20.982950 4.323910 -0.057911 -0.982995 0.174263 0.843726 0.673419 1 51 1.000000
  51 18.532160 -17.746170 7.138723 -0.065691 -0.875575 0.478595 0.842455 0.839354 2 51 0.873343 50 0.126657
Blackcrab_sheet
  51 17.853281 -17.155859 6.855016 -0.817149 -0.438020 0.374708 0.818984 0.844205 2 51 0.927848 50 0.072152
  51 16.962893 -20.163307 3.925980 -0.984669 0.174336 -0.005823 0.804967 0.658227 1 51 1.000000
  51 17.188427 -20.982950 4.323910 -0.057911 -0.982995 0.174263 0.843726 0.673419 1 51 1.000000
Blackcrab_sheet
  51 17.853281 -17.155859 6.855016 -0.817149 -0.438020 0.374708 0.818984 0.844205 2 51 0.927848 50 0.072152
  51 17.307777 -17.489895 5.604982 -0.906373 -0.301716 0.295729 0.779355 0.798840 1 51 1.000000
  51 16.962893 -20.163307 3.925980 -0.984669 0.174336 -0.005823 0.804967 0.658227 1 51 1.000000
Blackcrab_sheet
  51 17.307777 -17.489895 5.604982 -0.906373 -0.301716 0.295729 0.779355 0.798840 1 51 1.000000
  51 17.853281 -17.155859 6.855016 -0.817149 -0.438020 0.374708 0.818984 0.844205 2 51 0.927848 50 0.072152
  51 17.312481 -15.602015 6.099990 -0.887377 -0.323376 0.328617 0.757033 0.863703 1 51 1.000000
Blackcrab_sheet
  50 17.516424 -13.360291 7.173864 -0.984698 -0.057745 -0.164421 0.757838 0.955941 2 50 0.500000 51 0.500000
  51 17.312481 -15.602015 6.099990 -0.887377 -0.323376 0.328617 0.757033 0.863703 1 51 1.000000
  51 17.853281 -17.155859 6.855016 -0.817149 -0.438020 0.374708 0.818984 0.844205 2 51 0.927848 50 0.072152
Blackcrab_sheet
  50 17.516424 -13.360291 7.173864 -0.984698 -0.057745 -0.164421 0.757838 0.955941 2 50 0.500000 51 0.500000
  51 17.853281 -17.155859 6.855016 -0.817149 -0.438020 0.374708 0.818984 0.844205 2 51 0.927848 50 0.072152
  50 18.089600 -13.713476 8.008026 -0.831886 -0.524420 0.181518 0.792077 0.970978 2 50 0.500000 51 0.500000
Blackcrab_sheet
  50 18.089600 -13.713476 8.008026 -0.831886 -0.524420 0.181518 0.792077 0.970978 2 50 0.500000 51 0.500000
  51 17.853281 -17.155859 6.855016 -0.817149 -0.438020 0.374708 0.818984 0.844205 2 51 0.927848 50 0.072152
  51 18.532160 -17.746170 7.138723 -0.065691 -0.875575 0.478595 0.842455 0.839354 2 51 0.873343 50 0.126657
Blackcrab_sheet
  50 18.089600 -13.713476 8.008026 -0.831886 -0.524420 0.181518 0.792077 0.970978 2 50 0.500000 51 0.500000
  51 18.532160 -17.746170 7.138723 -0.065691 -0.875575 0.478595 0.842455 0.839354 2 51 0.873343 50 0.126657
  50 18.662649 -14.526937 8.570532 -0.658016 -0.638685 0.398869 0.820575 0.979825 2 50 0.500000 51 0.500000
Blackcrab_sheet
  50 19.324932 -13.672611 7.403310 0.997446 -0.052685 -0.048216 0.908097 0.981519 1 50 1.000000
  51 19.048515 -16.576200 5.617175 0.984530 -0.117881 -0.129635 0.911030 0.853993 1 51 1.000000
  50 19.233912 -13.513764 6.756969 0.989951 -0.007370 -0.141221 0.927629 0.974497 1 50 1.000000
Blackcrab_sheet
  50 19.140726 -13.771806 8.092769 0.705374 -0.701445 -0.102090 0.872378 0.987588 1 50 1.000000
  51 19.048515 -16.576200 5.617175 0.984530 -0.117881 -0.129635 0.911030 0.853993 1 51 1.000000
  50 19.324932 -13.672611 7.403310 0.997446 -0.052685 -0.048216 0.908097 0.981519 1 50 1.000000
Blackcrab_sheet
  50 19.233912 -13.513764 6.756969 0.206720 0.713007 -0.669991 0.927629 0.974497 1 50 1.000000
  51 19.048515 -16.576200 5.617175 0.129857 0.804136 -0.580089 0.911030 0.853993 1 51 1.000000
  51 18.216129 -16.483263 5.658464 -0.333994 0.791460 -0.511898 0.947490 0.857929 1 51 1.000000
Blackcrab_sheet
  51 18.216129 -16.483263 5.658464 -0.333994 0.791460 -0.511898 0.947490 0.857929 1 51 1.000000
  51 19.048515 -16.576200 5.617175 0.129857 0.804136 -0.580089 0.911030 0.853993 1 51 1.000000
  51 17.818119 -19.866455 3.595916 0.900910 0.369922 -0.226976 0.922314 0.705505 1 51 1.000000
Blackcrab_sheet
  51 18.216129 -16.483263 5.658464 -0.333994 0.791460 -0.511898 0.947490 0.857929 1 51 1.000000
  51 17.818119 -19.866455 3.595916 0.900910 0.369922 -0.226976 0.922314 0.705505 1 51 1.000000
  51 17.234215 -19.741205 3.603191 -0.574672 0.812344 -0.099240 0.947443 0.704950 1 51 1.000000
Blackcrab_sheet
  51 17.818119 -19.866455 3.595916 0.900910 0.369922 -0.226976 0.922314 0.705505 1 51 1.000000
  51 17.309927 -21.368765 0.996153 0.484034 0.848497 0.213924 0.945916 0.604329 1 51 1.000000
  51 17.234215 -19.741205 3.603191 -0.574672 0.812344 -0.099240 0.947443 0.704950 1 51 1.000000
Blackcrab_sheet
  51 17.047483 -21.468708 1.047970 -0.727194 0.665049 0.169995 0.945916 0.604329 1 51 1.000000
  51 17.234215 -19.741205 3.603191 -0.574672 0.812344 -0.099240 0.947443 0.704950 1 51 1.000000
  51 17.309927 -21.368765 0.996153 0.484034 0.848497 0.213924 0.945916 0.604329 1 51 1.000000
Blackcrab_sheet
  51 16.940134 -21.915281 0.874387 -0.984910 0.159842 -0.066353 0.970035 0.609947 1 51 1.000000
  51 17.234215 -19.741205 3.603191 -0.574672 0.812344 -0.099240 0.947443 0.704950 1 51 1.000000
  51 17.047483 -21.468708 1.047970 -0.727194 0.665049 0.169995 0.945916 0.604329 1 51 1.000000
Blackcrab_sheet
  51 17.234215 -19.741205 3.603191 -0.574672 0.812344 -0.099240 0.947443 0.704950 1 51 1.000000
  51 16.940134 -21.915281 0.874387 -0.984910 0.159842 -0.066353 0.970035 0.609947 1 51 1.000000
  51 16.962893 -20.163307 3.925980 -0.984669 0.174336 -0.005823 0.967608 0.699248 1 51 1.000000
Blackcrab_sheet
  51 16.962893 -20.163307 3.925980 -0.984669 0.174336 -0.005823 0.967608 0.699248 1 51 1.000000
  51 18.216129 -16.483263 5.658464 -0.333994 0.791460 -0.511898 0.947490 0.857929 1 51 1.000000
  51 17.234215 -19.741205 3.603191 -0.574672 0.812344 -0.099240 0.947443 0.704950 1 51 1.000000
Blackcrab_sheet
  51 18.216129 -16.483263 5.658464 -0.333994 0.791460 -0.511898 0.947490 0.857929 1 51 1.000000
  51 16.962893 -20.163307 3.925980 -0.984669 0.174336 -0.005823 0.967608 0.699248 1 51 1.000000
  51 17.307777 -17.489895 5.604982 -0.377849 0.385674 -0.841716 0.977131 0.823937 1 51 1.000000
Blackcrab_sheet
  51 17.312481 -15.602015 6.099990 -0.321028 0.702810 -0.634822 0.971938 0.888975 1 51 1.000000
  51 18.216129 -16.483263 5.658464 -0.333994 0.791460 -0.511898 0.947490 0.857929 1 51 1.000000
  51 17.307777 -17.489895 5.604982 -0.377849 0.385674 -0.841716 0.977131 0.823937 1 51 1.000000
Blackcrab_sheet
  51 18.377983 -13.358168 6.417006 -0.281057 0.422008 -0.861926 0.956872 0.971021 2 51 0.567467 50 0.432533
  51 18.216129 -16.483263 5.658464 -0.333994 0.791460 -0.511898 0.947490 0.857929 1 51 1.000000
  51 17.312481 -15.602015 6.099990 -0.321028 0.702810 -0.634822 0.971938 0.888975 1 51 1.000000
Blackcrab_sheet
  51 18.377983 -13.358168 6.417006 -0.281057 0.422008 -0.861926 0.956872 0.971021 2 51 0.567467 50 0.432533
  51 17.312481 -15.602015 6.099990 -0.321028 0.702810 -0.634822 0.971938 0.888975 1 51 1.000000
  50 17.516424 -13.360291 7.173864 -0.984698 -0.057745 -0.164421 0.995251 0.983376 2 50 0.500000 51 0.500000
Blackcrab_sheet
  50 19.233912 -13.513764 6.756969 0.206720 0.713007 -0.669991 0.927629 0.974497 1 50 1.000000
  51 18.216129 -16.483263 5.658464 -0.333994 0.791460 -0.511898 0.947490 0.857929 1 51 1.000000
  51 18.377983 -13.358168 6.417006 -0.281057 0.422008 -0.861926 0.956872 0.971021 2 51 0.567467 50 0.432533
Blackcrab_sheet
  53 16.753738 16.013634 10.296341 -0.724738 -0.339533 0.599560 0.533711 0.990824 1 53 1.000000
  52 18.227470 15.677675 11.619358 -0.678271 -0.239080 0.694830 0.421134 0.983898 1 52 1.000000
  53 17.991354 16.423264 11.645408 -0.724738 -0.339533 0.599560 0.451081 0.987739 1 53 1.000000
Blackcrab_sheet
  45 31.155674 -5.928763 5.548400 0.474842 -0.632897 -0.611527 0.658311 0.956338 1 45 1.000000
  45 31.704962 -6.107307 6.536756 0.617582 -0.638930 -0.458650 0.659038 0.976979 1 45 1.000000
  45 31.201780 -6.447165 6.344822 0.610976 -0.646839 -0.456407 0.654107 0.974326 1 45 1.000000
Blackcrab_sheet
  45 31.704962 -6.107307 6.536756 0.617582 -0.638930 -0.458650 0.659038 0.976979 1 45 1.000000
  45 31.155674 -5.928763 5.548400 0.474842 -0.632897 -0.611527 0.658311 0.956338 1 45 1.000000
  45 31.258322 -5.758900 5.454853 0.394965 -0.614688 -0.682760 0.660821 0.953960 1 45 1.000000
Blackcrab_sheet
  45 30.825430 -5.439589 5.184927 0.125513 -0.535713 -0.835020 0.669325 0.943003 1 45 1.000000
  45 31.258322 -5.758900 5.454853 0.394965 -0.614688 -0.682760 0.660821 0.953960 1 45 1.000000
  45 31.155674 -5.928763 5.548400 0.474842 -0.632897 -0.611527 0.658311 0.956338 1 45 1.000000
Blackcrab_sheet
  53 18.095053 16.583559 9.047662 0.587668 0.103296 -0.802481 0.633985 0.038206 1 53 1.000000
  53 18.861380 16.748280 10.228073 0.621081 0.783746 0.000118 0.672775 0.022435 1 53 1.000000
  53 18.426067 16.103092 9.569422 0.327493 0.638981 -0.696026 0.645427 0.023702 1 53 1.000000
Blackcrab_sheet
  53 18.095053 16.583559 9.047662 0.587668 0.103296 -0.802481 0.633985 0.038206 1 53 1.000000
  53 16.806551 20.142248 7.046736 0.848285 -0.128886 -0.513615 0.645491 0.110876 1 53 1.000000
  53 18.861380 16.748280 10.228073 0.621081 0.783746 0.000118 0.672775 0.022435 1 53 1.000000
Blackcrab_sheet
  53 15.219337 20.345415 0.012589 0.230127 0.958160 0.170208 0.674803 0.261200 1 53 1.000000
  53 15.706822 21.114687 2.672351 0.346624 0.897973 0.271102 0.638590 0.186703 1 53 1.000000
  53 15.487029 20.329010 0.213289 0.291287 0.903400 -0.314674 0.643560 0.233807 1 53 1.000000
Blackcrab_sheet
  53 14.609698 20.379770 0.280829 0.167966 0.973635 0.154345 0.759741 0.235990 1 53 1.000000
  53 15.706822 21.114687 2.672351 0.346624 0.897973 0.271102 0.638590 0.186703 1 53 1.000000
  53 15.219337 20.345415 0.012589 0.230127 0.958160 0.170208 0.674803 0.261200 1 53 1.000000
Blackcrab_sheet
  53 14.609698 20.379770 0.280829 0.167966 0.973635 0.154345 0.759741 0.235990 1 53 1.000000
  53 14.947498 21.529795 2.912745 0.373765 0.872598 0.314440 0.726864 0.184136 1 53 1.000000
  53 15.706822 21.114687 2.672351 0.346624 0.897973 0.271102 0.638590 0.186703 1 53 1.000000
Blackcrab_sheet
  53 14.947498 21.529795 2.912745 0.373765 0.872598 0.314440 0.726864 0.184136 1 53 1.000000
  53 16.806551 20.142248 7.046736 0.592336 0.558111 0.581078 0.645491 0.110876 1 53 1.000000
  53 15.706822 21.114687 2.672351 0.346624 0.897973 0.271102 0.638590 0.186703 1 53 1.000000
Blackcrab_sheet
  53 14.947498 21.529795 2.912745 0.373765 0.872598 0.314440 0.726864 0.184136 1 53 1.000000
  53 16.129152 20.639502 7.712707 0.592336 0.558111 0.581078 0.718900 0.110109 1 53 1.000000
  53 16.806551 20.142248 7.046736 0.592336 0.558111 0.581078 0.645491 0.110876 1 53 1.000000
Blackcrab_sheet
  53 16.129152 20.639502 7.712707 0.592336 0.558111 0.581078 0.718900 0.110109 1 53 1.000000
  53 18.861380 16.748280 10.228073 0.621081 0.783746 0.000118 0.672775 0.022435 1 53 1.000000
  53 16.806551 20.142248 7.046736 0.592336 0.558111 0.581078 0.645491 0.110876 1 53 1.000000
Blackcrab_sheet
  53 16.129152 20.639502 7.712707 0.592336 0.558111 0.581078 0.718900 0.110109 1 53 1.000000
  53 17.991354 16.423264 11.645408 0.201623 0.681102 0.703881 0.702071 0.018999 1 53 1.000000
  53 18.861380 16.748280 10.228073 0.621081 0.783746 0.000118 0.672775 0.022435 1 53 1.000000
Blackcrab_sheet
  53 14.862168 20.460913 2.840279 0.230748 -0.813437 -0.533925 0.772459 0.186763 1 53 1.000000
  53 16.558075 19.432777 6.897805 0.590322 -0.140214 -0.794896 0.793782 0.108155 1 53 1.000000
  53 15.671425 19.158792 7.065681 -0.477553 -0.434362 -0.763723 0.768607 0.107053 1 53 1.000000
Blackcrab_sheet
  53 17.392214 15.766187 9.649424 -0.466673 0.186700 -0.864500 0.786845 0.021198 1 53 1.000000
  53 15.671425 19.158792 7.065681 -0.477553 -0.434362 -0.763723 0.768607 0.107053 1 53 1.000000
  53 16.558075 19.432777 6.897805 0.590322 -0.140214 -0.794896 0.793782 0.108155 1 53 1.000000
Blackcrab_sheet
  53 15.671425 19.158792 7.065681 -0.477553 -0.434362 -0.763723 0.768607 0.107053 1 53 1.000000
  53 17.392214 15.766187 9.649424 -0.466673 0.186700 -0.864500 0.786845 0.021198 1 53 1.000000
  53 16.753738 16.013634 10.296341 -0.817536 -0.101750 -0.566817 0.742041 0.017726 1 53 1.000000
Blackcrab_sheet
  53 15.671425 19.158792 7.065681 -0.477553 -0.434362 -0.763723 0.768607 0.107053 1 53 1.000000
  53 16.753738 16.013634 10.296341 -0.817536 -0.101750 -0.566817 0.742041 0.017726 1 53 1.000000
  53 15.487334 19.899662 7.395730 -0.974981 -0.157568 0.156794 0.747936 0.109996 1 53 1.000000
Blackcrab_sheet
  53 15.671425 19.158792 7.065681 -0.477553 -0.434362 -0.763723 0.768607 0.107053 1 53 1.000000
  53 15.487334 19.899662 7.395730 -0.974981 -0.157568 0.156794 0.747936 0.109996 1 53 1.000000
  53 14.862168 20.460913 2.840279 -0.988713 -0.039478 0.144526 0.772459 0.186763 1 53 1.000000
Blackcrab_sheet
  53 14.947498 21.529795 2.912745 -0.966346 0.089021 0.241350 0.726864 0.184136 1 53 1.000000
  53 14.862168 20.460913 2.840279 -0.988713 -0.039478 0.144526 0.772459 0.186763 1 53 1.000000
  53 15.487334 19.899662 7.395730 -0.974981 -0.157568 0.156794 0.747936 0.109996 1 53 1.000000
Blackcrab_sheet
  53 14.609698 20.379770 0.280829 -0.992754 0.072770 0.095621 0.759741 0.235990 1 53 1.000000
  53 14.862168 20.460913 2.840279 -0.988713 -0.039478 0.144526 0.772459 0.186763 1 53 1.000000
  53 14.947498 21.529795 2.912745 -0.966346 0.089021 0.241350 0.726864 0.184136 1 53 1.000000
Blackcrab_sheet
  53 18.426067 16.103092 9.569422 0.327493 0.638981 -0.696026 0.828128 0.023702 1 53 1.000000
  53 17.392214 15.766187 9.649424 -0.466673 0.186700 -0.864500 0.786845 0.021198 1 53 1.000000
  53 18.095053 16.583559 9.047662 0.587668 0.103296 -0.802481 0.816686 0.038206 1 53 1.000000
Blackcrab_sheet
  53 17.392214 15.766187 9.649424 -0.466673 0.186700 -0.864500 0.786845 0.021198 1 53 1.000000
  53 16.558075 19.432777 6.897805 0.590322 -0.140214 -0.794896 0.793782 0.108155 1 53 1.000000
  53 18.095053 16.583559 9.047662 0.587668 0.103296 -0.802481 0.816686 0.038206 1 53 1.000000
Blackcrab_sheet
  53 16.806551 20.142248 7.046736 0.848285 -0.128886 -0.513615 0.828192 0.110876 1 53 1.000000
  53 18.095053 16.583559 9.047662 0.587668 0.103296 -0.802481 0.816686 0.038206 1 53 1.000000
  53 16.558075 19.432777 6.897805 0.590322 -0.140214 -0.794896 0.793782 0.108155 1 53 1.000000
Blackcrab_sheet
  53 15.706822 21.114687 2.672351 0.693035 -0.512560 -0.506937 0.821291 0.186703 1 53 1.000000
  53 16.806551 20.142248 7.046736 0.848285 -0.128886 -0.513615 0.828192 0.110876 1 53 1.000000
  53 16.558075 19.432777 6.897805 0.590322 -0.140214 -0.794896 0.793782 0.108155 1 53 1.000000
Blackcrab_sheet
  53 14.862168 20.460913 2.840279 0.230748 -0.813437 -0.533925 0.772459 0.186763 1 53 1.000000
  53 15.706822 21.114687 2.672351 0.693035 -0.512560 -0.506937 0.821291 0.186703 1 53 1.000000
  53 16.558075 19.432777 6.897805 0.590322 -0.140214 -0.794896 0.793782 0.108155 1 53 1.000000
Blackcrab_sheet
  53 15.487029 20.329010 0.213289 0.470063 -0.673019 -0.571039 0.826261 0.233807 1 53 1.000000
  53 15.706822 21.114687 2.672351 0.693035 -0.512560 -0.506937 0.821291 0.186703 1 53 1.000000
  53 14.862168 20.460913 2.840279 0.230748 -0.813437 -0.533925 0.772459 0.186763 1 53 1.000000
Blackcrab_sheet
  53 15.487029 20.329010 0.213289 0.470063 -0.673019 -0.571039 0.826261 0.233807 1 53 1.000000
  53 14.862168 20.460913 2.840279 0.230748 -0.813437 -0.533925 0.772459 0.186763 1 53 1.000000
  53 15.157706 20.172380 0.284757 0.068801 -0.723275 -0.687124 0.809605 0.234464 1 53 1.000000
Blackcrab_sheet
  53 15.157706 20.172380 0.284757 0.068801 -0.723275 -0.687124 0.809605 0.234464 1 53 1.000000
  53 14.862168 20.460913 2.840279 0.230748 -0.813437 -0.533925 0.772459 0.186763 1 53 1.000000
  53 14.609698 20.379770 0.280829 -0.339992 -0.903346 -0.261479 0.759741 0.235990 1 53 1.000000
Blackcrab_sheet
  53 14.609698 20.379770 0.280829 -0.339992 -0.903346 -0.261479 0.759741 0.235990 1 53 1.000000
  53 15.219337 20.345415 0.012589 0.003450 -0.844240 -0.535955 0.824317 0.238887 1 53 1.000000
  53 15.157706 20.172380 0.284757 0.068801 -0.723275 -0.687124 0.809605 0.234464 1 53 1.000000
Blackcrab_sheet
  53 14.947498 21.529795 2.912745 -0.966346 0.089021 0.241350 0.726864 0.184136 1 53 1.000000
  53 15.487334 19.899662 7.395730 -0.974981 -0.157568 0.156794 0.747936 0.109996 1 53 1.000000
  53 16.129152 20.639502 7.712707 -0.844611 0.031913 0.534428 0.718900 0.110109 1 53 1.000000
Blackcrab_sheet
  53 16.129152 20.639502 7.712707 -0.844611 0.031913 0.534428 0.718900 0.110109 1 53 1.000000
  53 15.487334 19.899662 7.395730 -0.974981 -0.157568 0.156794 0.747936 0.109996 1 53 1.000000
  53 16.753738 16.013634 10.296341 -0.724738 -0.339533 0.599560 0.742041 0.017726 1 53 1.000000
Blackcrab_sheet
  53 16.129152 20.639502 7.712707 -0.844611 0.031913 0.534428 0.718900 0.110109 1 53 1.000000
  53 16.753738 16.013634 10.296341 -0.724738 -0.339533 0.599560 0.742041 0.017726 1 53 1.000000
  53 17.991354 16.423264 11.645408 -0.724738 -0.339533 0.599560 0.702071 0.018999 1 53 1.000000
Blackcrab_sheet
  53 17.392214 15.766187 9.649424 -0.466673 0.186700 -0.864500 0.508987 0.989680 1 53 1.000000
  53 18.426067 16.103092 9.569422 0.327493 0.638981 -0.696026 0.456369 0.985285 1 53 1.000000
  52 19.029099 15.142675 9.231521 0.502504 0.595633 -0.626666 0.458565 0.956394 1 52 1.000000
Blackcrab_sheet
  53 17.991354 16.423264 11.645408 0.201623 0.681102 0.703881 0.451081 0.987739 1 53 1.000000
  53 19.141726 16.816824 10.328572 0.655922 0.693500 0.298035 0.397879 0.985051 1 53 1.000000
  53 18.861380 16.748280 10.228073 0.621081 0.783746 0.000118 0.417404 0.984423 1 53 1.000000
Blackcrab_sheet
  53 18.426067 16.103092 9.569422 0.327493 0.638981 -0.696026 0.456369 0.985285 1 53 1.000000
  53 18.861380 16.748280 10.228073 0.621081 0.783746 0.000118 0.417404 0.984423 1 53 1.000000
  53 19.141726 16.816824 10.328572 0.655922 0.693500 0.298035 0.397879 0.985051 1 53 1.000000
Blackcrab_sheet
  52 19.029099 15.142675 9.231521 0.502504 0.595633 -0.626666 0.458565 0.956394 1 52 1.000000
  53 18.426067 16.103092 9.569422 0.327493 0.638981 -0.696026 0.456369 0.985285 1 53 1.000000
  53 19.141726 16.816824 10.328572 0.655922 0.693500 0.298035 0.397879 0.985051 1 53 1.000000
Blackcrab_sheet
  53 19.141726 16.816824 10.328572 0.655922 0.693500 0.298035 0.397879 0.985051 1 53 1.000000
  52 19.482637 15.236460 10.763245 0.838523 0.357862 0.410871 0.410465 0.942142 1 52 1.000000
  52 19.029099 15.142675 9.231521 0.502504 0.595633 -0.626666 0.458565 0.956394 1 52 1.000000
Blackcrab_sheet
  52 19.482637 15.236460 10.763245 0.838523 0.357862 0.410871 0.410465 0.942142 1 52 1.000000
  52 20.761681 13.853955 10.764735 0.780651 0.603885 -0.160958 0.405171 0.891874 1 52 1.000000
  52 19.029099 15.142675 9.231521 0.502504 0.595633 -0.626666 0.458565 0.956394 1 52 1.000000
Blackcrab_sheet
  53 19.141726 16.816824 10.328572 0.655922 0.693500 0.298035 0.397879 0.985051 1 53 1.000000
  53 17.991354 16.423264 11.645408 0.707388 0.200334 0.677841 0.451081 0.987739 1 53 1.000000
  52 18.227470 15.677675 11.619358 0.096433 -0.084444 0.991751 0.421134 0.983898 1 52 1.000000
Blackcrab_sheet
  52 18.227470 15.677675 11.619358 0.096433 -0.084444 0.991751 0.421134 0.983898 1 52 1.000000
  53 16.753738 16.013634 10.296341 -0.177887 0.888170 0.423687 0.533711 0.990824 1 53 1.000000
  53 16.553835 15.834296 10.588350 -0.982924 0.164251 0.082954 0.566159 0.993697 1 53 1.000000
Blackcrab_sheet
  53 17.392214 15.766187 9.649424 -0.466673 0.186700 -0.864500 0.508987 0.989680 1 53 1.000000
  53 16.553835 15.834296 10.588350 -0.982924 0.164251 0.082954 0.566159 0.993697 1 53 1.000000
  53 16.753738 16.013634 10.296341 -0.817536 -0.101750 -0.566817 0.533711 0.990824 1 53 1.000000
Blackcrab_sheet
  53 16.553835 15.834296 10.588350 -0.982924 0.164251 0.082954 0.566159 0.993697 1 53 1.000000
  53 17.392214 15.766187 9.649424 -0.466673 0.186700 -0.864500 0.508987 0.989680 1 53 1.000000
  52 17.168110 14.799026 9.299672 -0.678119 0.238507 -0.695175 0.528369 0.971282 1 52 1.000000
Blackcrab_sheet
  53 17.392214 15.766187 9.649424 -0.466673 0.186700 -0.864500 0.508987 0.989680 1 53 1.000000
  52 19.029099 15.142675 9.231521 0.502504 0.595633 -0.626666 0.458565 0.956394 1 52 1.000000
  52 17.168110 14.799026 9.299672 -0.678119 0.238507 -0.695175 0.528369 0.971282 1 52 1.000000
Blackcrab_sheet
  52 19.029099 15.142675 9.231521 0.502504 0.595633 -0.626666 0.458565 0.956394 1 52 1.000000
  52 18.929037 11.111187 10.694226 -0.563010 -0.422221 -0.710456 0.539562 0.848536 1 52 1.000000
  52 17.168110 14.799026 9.299672 -0.678119 0.238507 -0.695175 0.528369 0.971282 1 52 1.000000
Blackcrab_sheet
  52 18.929037 11.111187 10.694226 -0.563010 -0.422221 -0.710456 0.539562 0.848536 1 52 1.000000
  52 19.029099 15.142675 9.231521 0.502504 0.595633 -0.626666 0.458565 0.956394 1 52 1.000000
  52 20.761681 13.853955 10.764735 0.780651 0.603885 -0.160958 0.405171 0.891874 1 52 1.000000
Blackcrab_sheet
  52 22.038944 8.597164 9.878465 0.094132 0.245394 -0.964842 0.475153 0.752845 1 52 1.000000
  52 18.929037 11.111187 10.694226 -0.563010 -0.422221 -0.710456 0.539562 0.848536 1 52 1.000000
  52 20.761681 13.853955 10.764735 0.780651 0.603885 -0.160958 0.405171 0.891874 1 52 1.000000
Blackcrab_sheet
  52 22.038944 8.597164 9.878465 0.094132 0.245394 -0.964842 0.475153 0.752845 1 52 1.000000
  52 20.761681 13.853955 10.764735 0.780651 0.603885 -0.160958 0.405171 0.891874 1 52 1.000000
  52 22.297907 10.512123 11.234279 0.834008 0.375543 0.404224 0.422782 0.786979 1 52 1.000000
Blackcrab_sheet
  52 22.297907 10.512123 11.234279 0.834008 0.375543 0.404224 0.422782 0.786979 1 52 1.000000
  52 23.648468 8.749235 10.592183 0.512330 0.856739 0.059300 0.430663 0.730985 1 52 1.000000
  52 22.038944 8.597164 9.878465 0.094132 0.245394 -0.964842 0.475153 0.752845 1 52 1.000000
Blackcrab_sheet
  52 24.171070 7.399725 9.641437 0.290627 0.935755 -0.199746 0.447064 0.697882 1 52 1.000000
  52 22.038944 8.597164 9.878465 0.094132 0.245394 -0.964842 0.475153 0.752845 1 52 1.000000
  52 23.648468 8.749235 10.592183 0.512330 0.856739 0.059300 0.430663 0.730985 1 52 1.000000
Blackcrab_sheet
  52 23.648468 8.749235 10.592183 0.512330 0.856739 0.059300 0.430663 0.730985 1 52 1.000000
  52 26.179981 7.057678 10.822201 0.072627 0.746941 0.660912 0.410248 0.663325 1 52 1.000000
  52 24.171070 7.399725 9.641437 0.290627 0.935755 -0.199746 0.447064 0.697882 1 52 1.000000
Blackcrab_sheet
  52 25.126959 6.101858 7.427966 0.805347 0.558160 0.199681 0.446158 0.665375 1 52 1.000000
  52 24.171070 7.399725 9.641437 0.290627 0.935755 -0.199746 0.447064 0.697882 1 52 1.000000
  52 26.179981 7.057678 10.822201 0.072627 0.746941 0.660912 0.410248 0.663325 1 52 1.000000
Blackcrab_sheet
  52 25.126959 6.101858 7.427966 0.805347 0.558160 0.199681 0.446158 0.665375 1 52 1.000000
  52 26.179981 7.057678 10.822201 0.072627 0.746941 0.660912 0.410248 0.663325 1 52 1.000000
  44 27.439510 7.113032 10.456321 -0.029118 0.959300 0.280883 0.404871 0.637308 1 44 1.000000
Blackcrab_sheet
  52 22.038944 8.597164 9.878465 0.094132 0.245394 -0.964842 0.475153 0.752845 1 52 1.000000
  52 21.781553 5.786268 10.083327 -0.646483 0.328219 -0.688717 0.513419 0.685763 1 52 1.000000
  52 18.929037 11.111187 10.694226 -0.563010 -0.422221 -0.710456 0.539562 0.848536 1 52 1.000000
Blackcrab_sheet
  52 23.090551 6.762666 9.691978 -0.553132 0.465112 -0.691170 0.474413 0.695719 1 52 1.000000
  52 21.781553 5.786268 10.083327 -0.646483 0.328219 -0.688717 0.513419 0.685763 1 52 1.000000
  52 22.038944 8.597164 9.878465 0.094132 0.245394 -0.964842 0.475153 0.752845 1 52 1.000000
Blackcrab_sheet
  52 24.171070 7.399725 9.641437 0.290627 0.935755 -0.199746 0.447064 0.697882 1 52 1.000000
  52 23.090551 6.762666 9.691978 -0.553132 0.465112 -0.691170 0.474413 0.695719 1 52 1.000000
  52 22.038944 8.597164 9.878465 0.094132 0.245394 -0.964842 0.475153 0.752845 1 52 1.000000
Blackcrab_sheet
  52 25.126959 6.101858 7.427966 -0.313358 0.919625 -0.236846 0.446158 0.665375 1 52 1.000000
  52 23.090551 6.762666 9.691978 -0.553132 0.465112 -0.691170 0.474413 0.695719 1 52 1.000000
  52 24.171070 7.399725 9.641437 0.290627 0.935755 -0.199746 0.447064 0.697882 1 52 1.000000
Blackcrab_sheet
  52 24.108067 5.406148 8.402362 -0.590765 -0.072115 -0.803615 0.472001 0.658495 1 52 1.000000
  52 25.126959 6.101858 7.427966 0.805347 0.558160 0.199681 0.446158 0.665375 1 52 1.000000
  44 25.020947 5.454831 8.507197 0.561713 -0.791337 -0.241380 0.457982 0.647281 2 44 0.800970 52 0.199030
Blackcrab_sheet
  52 24.108067 5.406148 8.402362 -0.590765 -0.072115 -0.803615 0.472001 0.658495 1 52 1.000000
  52 23.090551 6.762666 9.691978 -0.553132 0.465112 -0.691170 0.474413 0.695719 1 52 1.000000
  52 25.126959 6.101858 7.427966 0.805347 0.558160 0.199681 0.446158 0.665375 1 52 1.000000
Blackcrab_sheet
  44 23.131577 3.359747 8.589890 -0.724056 0.541771 -0.426880 0.502659 0.619477 1 44 1.000000
  52 23.090551 6.762666 9.691978 -0.553132 0.465112 -0.691170 0.474413 0.695719 1 52 1.000000
  52 24.108067 5.406148 8.402362 -0.590765 -0.072115 -0.803615 0.472001 0.658495 1 52 1.000000
Blackcrab_sheet
  52 21.781553 5.786268 10.083327 -0.646483 0.328219 -0.688717 0.513419 0.685763 1 52 1.000000
  52 23.090551 6.762666 9.691978 -0.553132 0.465112 -0.691170 0.474413 0.695719 1 52 1.000000
  44 23.131577 3.359747 8.589890 -0.724056 0.541771 -0.426880 0.502659 0.619477 1 44 1.000000
Blackcrab_sheet
  52 21.781553 5.786268 10.083327 -0.646483 0.328219 -0.688717 0.513419 0.685763 1 52 1.000000
  44 23.131577 3.359747 8.589890 -0.724056 0.541771 -0.426880 0.502659 0.619477 1 44 1.000000
  52 22.199352 3.315915 9.362053 -0.758808 0.489092 -0.430116 0.520704 0.624901 1 52 1.000000
Blackcrab_sheet
  52 22.199352 3.315915 9.362053 -0.758808 0.489092 -0.430116 0.520704 0.624901 1 52 1.000000
  52 21.162621 6.332963 11.162279 -0.888217 0.189960 -0.418313 0.532524 0.699510 1 52 1.000000
  52 21.781553 5.786268 10.083327 -0.646483 0.328219 -0.688717 0.513419 0.685763 1 52 1.000000
Blackcrab_sheet
  52 22.199352 3.315915 9.362053 -0.758808 0.489092 -0.430116 0.520704 0.624901 1 52 1.000000
  52 21.795010 3.126348 10.282725 -0.986133 -0.091161 0.138678 0.535499 0.618958 1 52 1.000000
  52 21.162621 6.332963 11.162279 -0.888217 0.189960 -0.418313 0.532524 0.699510 1 52 1.000000
Blackcrab_sheet
  52 18.929037 11.111187 10.694226 -0.864032 -0.364262 -0.347508 0.539562 0.848536 1 52 1.000000
  52 21.781553 5.786268 10.083327 -0.646483 0.328219 -0.688717 0.513419 0.685763 1 52 1.000000
  52 21.162621 6.332963 11.162279 -0.888217 0.189960 -0.418313 0.532524 0.699510 1 52 1.000000
Blackcrab_sheet
  52 18.929037 11.111187 10.694226 -0.864032 -0.364262 -0.347508 0.539562 0.848536 1 52 1.000000
  52 21.162621 6.332963 11.162279 -0.888217 0.189960 -0.418313 0.532524 0.699510 1 52 1.000000
  52 20.138386 9.140962 11.275152 -0.760252 -0.645794 0.070476 0.533455 0.780677 1 52 1.000000
Blackcrab_sheet
  52 18.508072 11.108348 11.886854 -0.810910 -0.580880 0.070728 0.591617 0.845476 1 52 1.000000
  52 18.929037 11.111187 10.694226 -0.864032 -0.364262 -0.347508 0.539562 0.848536 1 52 1.000000
  52 20.138386 9.140962 11.275152 -0.760252 -0.645794 0.070476 0.533455 0.780677 1 52 1.000000
Blackcrab_sheet
  52 18.508072 11.108348 11.886854 -0.810910 -0.580880 0.070728 0.591617 0.845476 1 52 1.000000
  52 17.168110 14.799026 9.299672 -0.678119 0.238507 -0.695175 0.528369 0.971282 1 52 1.000000
  52 18.929037 11.111187 10.694226 -0.864032 -0.364262 -0.347508 0.539562 0.848536 1 52 1.000000
Blackcrab_sheet
  52 18.508072 11.108348 11.886854 -0.810910 -0.580880 0.070728 0.591617 0.845476 1 52 1.000000
  52 17.271084 14.468086 11.005084 -0.855678 -0.455899 0.244888 0.575510 0.949878 1 52 1.000000
  52 17.168110 14.799026 9.299672 -0.678119 0.238507 -0.695175 0.528369 0.971282 1 52 1.000000
Blackcrab_sheet
  53 16.553835 15.834296 10.588350 -0.982924 0.164251 0.082954 0.566159 0.993697 1 53 1.000000
  52 17.168110 14.799026 9.299672 -0.678119 0.238507 -0.695175 0.528369 0.971282 1 52 1.000000
  52 17.271084 14.468086 11.005084 -0.855678 -0.455899 0.244888 0.575510 0.949878 1 52 1.000000
Blackcrab_sheet
  47 38.269733 -13.672635 7.403311 0.099593 -0.982665 -0.156369 0.367797 0.960272 1 47 1.000000
  47 37.763206 -13.668602 6.964509 -0.067560 -0.522046 -0.850237 0.342832 0.977716 1 47 1.000000
  47 38.360756 -13.513788 6.756969 0.059021 -0.906966 -0.417048 0.363202 0.922325 1 47 1.000000
Blackcrab_sheet
  47 37.763206 -13.668602 6.964509 -0.067560 -0.522046 -0.850237 0.342832 0.977716 1 47 1.000000
  47 38.269733 -13.672635 7.403311 0.099593 -0.982665 -0.156369 0.367797 0.960272 1 47 1.000000
  47 37.850937 -13.742598 7.743485 -0.630435 -0.766895 0.120102 0.350689 0.978248 1 47 1.000000
Blackcrab_sheet
  46 33.532532 -1.718867 5.837435 -0.721113 0.379116 0.579886 0.012857 0.935117 1 46 1.000000
  46 33.367393 -3.150722 6.568186 -0.987959 -0.139473 -0.066965 0.027492 0.967478 1 46 1.000000
  46 34.333347 -1.728036 6.567565 -0.610456 0.414775 0.674764 0.002306 0.916493 1 46 1.000000
Blackcrab_sheet
  46 33.532532 -1.718867 5.837435 -0.721113 0.379116 0.579886 0.012857 0.935117 1 46 1.000000
  46 33.123024 -2.554186 5.722588 -0.973197 -0.212788 0.087226 0.031816 0.948260 1 46 1.000000
  46 33.367393 -3.150722 6.568186 -0.987959 -0.139473 -0.066965 0.027492 0.967478 1 46 1.000000
Blackcrab_sheet
  46 33.367393 -3.150722 6.568186 -0.987959 -0.139473 -0.066965 0.027492 0.967478 1 46 1.000000
  46 33.123024 -2.554186 5.722588 -0.973197 -0.212788 0.087226 0.031816 0.948260 1 46 1.000000
  46 33.340599 -2.704416 5.183189 -0.783533 0.054652 -0.618942 0.045109 0.940844 1 46 1.000000
Blackcrab_sheet
  46 33.340599 -2.704416 5.183189 -0.783533 0.054652 -0.618942 0.045109 0.940844 1 46 1.000000
  46 34.088989 -4.067216 6.206895 -0.709904 -0.472283 -0.522479 0.079307 0.957977 1 46 1.000000
  46 33.367393 -3.150722 6.568186 -0.987959 -0.139473 -0.066965 0.027492 0.967478 1 46 1.000000
Blackcrab_sheet
  46 34.088989 -4.067216 6.206895 -0.709904 -0.472283 -0.522479 0.079307 0.957977 1 46 1.000000
  46 33.340599 -2.704416 5.183189 -0.783533 0.054652 -0.618942 0.045109 0.940844 1 46 1.000000
  47 34.909668 -5.520818 6.689053 -0.680031 -0.308918 -0.664926 0.121226 0.962721 1 47 1.000000
Blackcrab_sheet
  46 34.088989 -4.067216 6.206895 -0.709904 -0.472283 -0.522479 0.079307 0.957977 1 46 1.000000
  47 34.909668 -5.520818 6.689053 -0.680031 -0.308918 -0.664926 0.121226 0.962721 1 47 1.000000
  45 33.778690 -4.816568 6.638186 -0.538791 -0.178347 -0.823345 0.096602 0.978025 2 45 0.502005 47 0.497995
Blackcrab_sheet
  45 33.778690 -4.816568 6.638186 -0.538791 -0.178347 -0.823345 0.096602 0.978025 2 45 0.502005 47 0.497995
  47 34.909668 -5.520818 6.689053 -0.680031 -0.308918 -0.664926 0.121226 0.962721 1 47 1.000000
  45 34.304783 -5.046898 7.774452 -0.638201 -0.769434 0.025918 0.102612 0.997869 2 45 0.518694 47 0.481306
Blackcrab_sheet
  47 34.588058 -5.316609 7.454592 -0.661859 -0.656385 -0.362080 0.114068 0.994267 1 47 1.000000
  45 34.304783 -5.046898 7.774452 -0.638201 -0.769434 0.025918 0.102612 0.997869 2 45 0.518694 47 0.481306
  47 34.909668 -5.520818 6.689053 -0.680031 -0.308918 -0.664926 0.121226 0.962721 1 47 1.000000
Blackcrab_sheet
  47 34.588058 -5.316609 7.454592 -0.661859 -0.656385 -0.362080 0.114068 0.994267 1 47 1.000000
  47 34.909668 -5.520818 6.689053 -0.680031 -0.308918 -0.664926 0.121226 0.962721 1 47 1.000000
  47 34.905098 -5.592667 7.285116 -0.823834 -0.534353 -0.189114 0.123226 0.993575 1 47 1.000000
Blackcrab_sheet
  47 34.909668 -5.520818 6.689053 -0.680031 -0.308918 -0.664926 0.121226 0.962721 1 47 1.000000
  47 35.994595 -9.239886 7.124834 -0.932264 -0.336930 -0.131768 0.220234 0.996736 1 47 1.000000
  47 34.905098 -5.592667 7.285116 -0.823834 -0.534353 -0.189114 0.123226 0.993575 1 47 1.000000
Blackcrab_sheet
  47 36.886772 -9.130491 6.475755 -0.049818 0.468274 -0.882178 0.224354 0.916029 1 47 1.000000
  47 35.994595 -9.239886 7.124834 -0.932264 -0.336930 -0.131768 0.220234 0.996736 1 47 1.000000
  47 34.909668 -5.520818 6.689053 -0.680031 -0.308918 -0.664926 0.121226 0.962721 1 47 1.000000
Blackcrab_sheet
  47 36.886772 -9.130491 6.475755 -0.049818 0.468274 -0.882178 0.224354 0.916029 1 47 1.000000
  47 37.763206 -13.668602 6.964509 -0.067560 -0.522046 -0.850237 0.342832 0.977716 1 47 1.000000
  47 35.994595 -9.239886 7.124834 -0.932264 -0.336930 -0.131768 0.220234 0.996736 1 47 1.000000
Blackcrab_sheet
  47 36.886772 -9.130491 6.475755 -0.049818 0.468274 -0.882178 0.224354 0.916029 1 47 1.000000
  47 38.656582 -13.231349 6.281249 -0.050464 0.078825 -0.995610 0.338154 0.887772 1 47 1.000000
  47 37.763206 -13.668602 6.964509 -0.067560 -0.522046 -0.850237 0.342832 0.977716 1 47 1.000000
Blackcrab_sheet
  47 38.360756 -13.513788 6.756969 0.059021 -0.906966 -0.417048 0.363202 0.922325 1 47 1.000000
  47 37.763206 -13.668602 6.964509 -0.067560 -0.522046 -0.850237 0.342832 0.977716 1 47 1.000000
  47 38.656582 -13.231349 6.281249 -0.050464 0.078825 -0.995610 0.338154 0.887772 1 47 1.000000
Blackcrab_sheet
  47 38.656582 -13.231349 6.281249 -0.050464 0.078825 -0.995610 0.338154 0.887772 1 47 1.000000
  47 39.216682 -13.358193 6.417008 0.281058 0.422008 -0.861926 0.365413 0.876993 2 47 0.779691 48 0.220309
  47 38.360756 -13.513788 6.756969 0.059021 -0.906966 -0.417048 0.363202 0.922325 1 47 1.000000
Blackcrab_sheet
  47 39.535824 -12.249234 6.466859 0.422028 0.530332 -0.735283 0.320275 0.847232 1 47 1.000000
  47 39.216682 -13.358193 6.417008 0.281058 0.422008 -0.861926 0.365413 0.876993 2 47 0.779691 48 0.220309
  47 38.656582 -13.231349 6.281249 -0.050464 0.078825 -0.995610 0.338154 0.887772 1 47 1.000000
Blackcrab_sheet
  47 40.145531 -11.850594 7.487368 0.966753 0.249671 -0.055261 0.314747 0.811320 1 47 1.000000
  47 39.216682 -13.358193 6.417008 0.281058 0.422008 -0.861926 0.365413 0.876993 2 47 0.779691 48 0.220309
  47 39.535824 -12.249234 6.466859 0.422028 0.530332 -0.735283 0.320275 0.847232 1 47 1.000000
Blackcrab_sheet
  47 38.179802 -8.224323 7.032437 0.544205 0.563138 -0.621865 0.211047 0.829411 1 47 1.000000
  47 40.145531 -11.850594 7.487368 0.966753 0.249671 -0.055261 0.314747 0.811320 1 47 1.000000
  47 39.535824 -12.249234 6.466859 0.422028 0.530332 -0.735283 0.320275 0.847232 1 47 1.000000
Blackcrab_sheet
  47 36.886772 -9.130491 6.475755 -0.049818 0.468274 -0.882178 0.224354 0.916029 1 47 1.000000
  47 39.535824 -12.249234 6.466859 0.422028 0.530332 -0.735283 0.320275 0.847232 1 47 1.000000
  47 38.656582 -13.231349 6.281249 -0.050464 0.078825 -0.995610 0.338154 0.887772 1 47 1.000000
Blackcrab_sheet
  47 36.886772 -9.130491 6.475755 -0.049818 0.468274 -0.882178 0.224354 0.916029 1 47 1.000000
  47 34.909668 -5.520818 6.689053 -0.680031 -0.308918 -0.664926 0.121226 0.962721 1 47 1.000000
  47 35.301277 -5.318263 6.237771 -0.283487 0.129716 -0.950163 0.118931 0.933025 1 47 1.000000
Blackcrab_sheet
  47 38.179802 -8.224323 7.032437 0.544205 0.563138 -0.621865 0.211047 0.829411 1 47 1.000000
  47 39.535824 -12.249234 6.466859 0.422028 0.530332 -0.735283 0.320275 0.847232 1 47 1.000000
  47 36.886772 -9.130491 6.475755 -0.049818 0.468274 -0.882178 0.224354 0.916029 1 47 1.000000
Blackcrab_sheet
  47 36.082619 -4.696326 6.062551 0.499293 -0.000919 -0.866433 0.109156 0.891300 1 47 1.000000
  47 38.179802 -8.224323 7.032437 0.544205 0.563138 -0.621865 0.211047 0.829411 1 47 1.000000
  47 36.886772 -9.130491 6.475755 -0.049818 0.468274 -0.882178 0.224354 0.916029 1 47 1.000000
Blackcrab_sheet
  47 36.082619 -4.696326 6.062551 0.499293 -0.000919 -0.866433 0.109156 0.891300 1 47 1.000000
  47 36.886772 -9.130491 6.475755 -0.049818 0.468274 -0.882178 0.224354 0.916029 1 47 1.000000
  47 35.301277 -5.318263 6.237771 -0.283487 0.129716 -0.950163 0.118931 0.933025 1 47 1.000000
Blackcrab_sheet
  47 35.301277 -5.318263 6.237771 -0.283487 0.129716 -0.950163 0.118931 0.933025 1 47 1.000000
  46 34.506317 -3.163829 5.052891 -0.084089 0.198378 -0.976512 0.059960 0.925106 1 46 1.000000
  47 36.082619 -4.696326 6.062551 0.499293 -0.000919 -0.866433 0.109156 0.891300 1 47 1.000000
Blackcrab_sheet
  47 35.301277 -5.318263 6.237771 -0.283487 0.129716 -0.950163 0.118931 0.933025 1 47 1.000000
  47 34.909668 -5.520818 6.689053 -0.680031 -0.308918 -0.664926 0.121226 0.962721 1 47 1.000000
  46 34.506317 -3.163829 5.052891 -0.084089 0.198378 -0.976512 0.059960 0.925106 1 46 1.000000
Blackcrab_sheet
  46 33.340599 -2.704416 5.183189 -0.783533 0.054652 -0.618942 0.045109 0.940844 1 46 1.000000
  46 34.506317 -3.163829 5.052891 -0.084089 0.198378 -0.976512 0.059960 0.925106 1 46 1.000000
  47 34.909668 -5.520818 6.689053 -0.680031 -0.308918 -0.664926 0.121226 0.962721 1 47 1.000000
Blackcrab_sheet
  46 33.340599 -2.704416 5.183189 -0.783533 0.054652 -0.618942 0.045109 0.940844 1 46 1.000000
  46 35.040440 -2.384225 5.113867 0.451578 0.829109 -0.329629 0.044659 0.907013 1 46 1.000000
  46 34.506317 -3.163829 5.052891 -0.084089 0.198378 -0.976512 0.059960 0.925106 1 46 1.000000
Blackcrab_sheet
  46 33.340599 -2.704416 5.183189 -0.783533 0.054652 -0.618942 0.045109 0.940844 1 46 1.000000
  46 33.778015 -2.155972 5.495030 -0.345892 0.839909 -0.418225 0.027504 0.933978 1 46 1.000000
  46 35.040440 -2.384225 5.113867 0.451578 0.829109 -0.329629 0.044659 0.907013 1 46 1.000000
Blackcrab_sheet
  46 35.040440 -2.384225 5.113867 0.451578 0.829109 -0.329629 0.044659 0.907013 1 46 1.000000
  46 33.778015 -2.155972 5.495030 -0.345892 0.839909 -0.418225 0.027504 0.933978 1 46 1.000000
  46 33.532532 -1.718867 5.837435 -0.137614 0.686887 -0.713616 0.012857 0.935117 1 46 1.000000
Blackcrab_sheet
  46 33.123024 -2.554186 5.722588 -0.550528 0.543349 -0.633790 0.031816 0.948260 1 46 1.000000
  46 33.532532 -1.718867 5.837435 -0.137614 0.686887 -0.713616 0.012857 0.935117 1 46 1.000000
  46 33.778015 -2.155972 5.495030 -0.345892 0.839909 -0.418225 0.027504 0.933978 1 46 1.000000
Blackcrab_sheet
  46 33.778015 -2.155972 5.495030 -0.345892 0.839909 -0.418225 0.027504 0.933978 1 46 1.000000
  46 33.340599 -2.704416 5.183189 -0.783533 0.054652 -0.618942 0.045109 0.940844 1 46 1.000000
  46 33.123024 -2.554186 5.722588 -0.550528 0.543349 -0.633790 0.031816 0.948260 1 46 1.000000
Blackcrab_sheet
  46 34.506317 -3.163829 5.052891 -0.084089 0.198378 -0.976512 0.059960 0.925106 1 46 1.000000
  46 35.040440 -2.384225 5.113867 0.451578 0.829109 -0.329629 0.044659 0.907013 1 46 1.000000
  47 36.082619 -4.696326 6.062551 0.499293 -0.000919 -0.866433 0.109156 0.891300 1 47 1.000000
Blackcrab_sheet
  47 37.162029 -4.823478 7.151288 0.707143 0.267291 -0.654602 0.119816 0.825828 1 47 1.000000
  47 38.179802 -8.224323 7.032437 0.544205 0.563138 -0.621865 0.211047 0.829411 1 47 1.000000
  47 36.082619 -4.696326 6.062551 0.499293 -0.000919 -0.866433 0.109156 0.891300 1 47 1.000000
Blackcrab_sheet
  47 37.162029 -4.823478 7.151288 0.707143 0.267291 -0.654602 0.119816 0.825828 1 47 1.000000
  47 36.082619 -4.696326 6.062551 0.499293 -0.000919 -0.866433 0.109156 0.891300 1 47 1.000000
  46 35.827080 -3.473176 6.280919 0.766432 0.428867 -0.478178 0.077117 0.883465 1 46 1.000000
Blackcrab_sheet
  46 35.827080 -3.473176 6.280919 0.766432 0.428867 -0.478178 0.077117 0.883465 1 46 1.000000
  47 36.082619 -4.696326 6.062551 0.499293 -0.000919 -0.866433 0.109156 0.891300 1 47 1.000000
  46 35.040440 -2.384225 5.113867 0.451578 0.829109 -0.329629 0.044659 0.907013 1 46 1.000000
Blackcrab_sheet
  46 35.827080 -3.473176 6.280919 0.766432 0.428867 -0.478178 0.077117 0.883465 1 46 1.000000
  46 35.040440 -2.384225 5.113867 0.451578 0.829109 -0.329629 0.044659 0.907013 1 46 1.000000
  46 34.333347 -1.728036 6.567565 0.588062 0.724886 -0.358781 0.002306 0.916493 1 46 1.000000
Blackcrab_sheet
  46 35.040440 -2.384225 5.113867 0.451578 0.829109 -0.329629 0.044659 0.907013 1 46 1.000000
  46 33.532532 -1.718867 5.837435 -0.137614 0.686887 -0.713616 0.012857 0.935117 1 46 1.000000
  46 34.333347 -1.728036 6.567565 0.588062 0.724886 -0.358781 0.002306 0.916493 1 46 1.000000
Blackcrab_sheet
  44 37.062492 -2.178422 8.310807 0.532227 0.491592 -0.689254 0.043084 0.777899 1 44 1.000000
  47 37.162029 -4.823478 7.151288 0.707143 0.267291 -0.654602 0.119816 0.825828 1 47 1.000000
  46 35.827080 -3.473176 6.280919 0.766432 0.428867 -0.478178 0.077117 0.883465 1 46 1.000000
Blackcrab_sheet
  46 35.827080 -3.473176 6.280919 0.766432 0.428867 -0.478178 0.077117 0.883465 1 46 1.000000
  46 34.333347 -1.728036 6.567565 0.588062 0.724886 -0.358781 0.002306 0.916493 1 46 1.000000
  44 37.062492 -2.178422 8.310807 0.532227 0.491592 -0.689254 0.043084 0.777899 1 44 1.000000
Blackcrab_sheet
  44 34.597641 -1.294521 7.639458 0.613489 0.370247 -0.697530 0.017134 0.830134 1 44 1.000000
  44 37.062492 -2.178422 8.310807 0.532227 0.491592 -0.689254 0.043084 0.777899 1 44 1.000000
  46 34.333347 -1.728036 6.567565 0.588062 0.724886 -0.358781 0.002306 0.916493 1 46 1.000000
Blackcrab_sheet
  44 35.539169 -0.604394 8.122858 0.522902 0.609972 -0.595405 0.014848 0.813045 1 44 1.000000
  44 37.062492 -2.178422 8.310807 0.532227 0.491592 -0.689254 0.043084 0.777899 1 44 1.000000
  44 34.597641 -1.294521 7.639458 0.613489 0.370247 -0.697530 0.017134 0.830134 1 44 1.000000
Blackcrab_sheet
  44 36.525051 -0.567097 9.032146 0.951237 0.308434 0.003929 0.012762 0.797712 1 44 1.000000
  44 37.062492 -2.178422 8.310807 0.532227 0.491592 -0.689254 0.043084 0.777899 1 44 1.000000
  44 35.539169 -0.604394 8.122858 0.522902 0.609972 -0.595405 0.014848 0.813045 1 44 1.000000
Blackcrab_sheet
  47 36.623005 -5.110027 8.173899 0.736849 -0.382154 0.557684 0.122327 0.770758 1 47 1.000000
  47 38.179802 -8.224323 7.032437 0.742279 -0.029652 0.669434 0.211047 0.829411 1 47 1.000000
  47 37.162029 -4.823478 7.151288 0.870791 -0.220917 0.439225 0.119816 0.825828 1 47 1.000000
Blackcrab_sheet
  47 36.623005 -5.110027 8.173899 0.736849 -0.382154 0.557684 0.122327 0.770758 1 47 1.000000
  47 37.426243 -8.963407 8.421933 0.469938 -0.245242 0.847947 0.222816 0.745884 1 47 1.000000
  47 38.179802 -8.224323 7.032437 0.742279 -0.029652 0.669434 0.211047 0.829411 1 47 1.000000
Blackcrab_sheet
  47 37.426243 -8.963407 8.421933 0.469938 -0.245242 0.847947 0.222816 0.745884 1 47 1.000000
  47 40.145531 -11.850594 7.487368 0.966753 0.249671 -0.055261 0.314747 0.811320 1 47 1.000000
  47 38.179802 -8.224323 7.032437 0.742279 -0.029652 0.669434 0.211047 0.829411 1 47 1.000000
Blackcrab_sheet
  47 37.426243 -8.963407 8.421933 0.469938 -0.245242 0.847947 0.222816 0.745884 1 47 1.000000
  47 39.584774 -13.242647 8.769058 0.694641 -0.516993 0.500192 0.344328 0.764468 1 47 1.000000
  47 40.145531 -11.850594 7.487368 0.966753 0.249671 -0.055261 0.314747 0.811320 1 47 1.000000
Blackcrab_sheet
  47 37.710812 -12.320099 8.547672 -0.753222 -0.452036 0.477828 0.307075 0.705926 1 47 1.000000
  47 39.584774 -13.242647 8.769058 0.694641 -0.516993 0.500192 0.344328 0.764468 1 47 1.000000
  47 37.426243 -8.963407 8.421933 0.469938 -0.245242 0.847947 0.222816 0.745884 1 47 1.000000
Blackcrab_sheet
  47 35.939011 -5.301607 8.549264 0.164887 -0.838562 0.519256 0.121510 0.726486 1 47 1.000000
  47 37.710812 -12.320099 8.547672 -0.753222 -0.452036 0.477828 0.307075 0.705926 1 47 1.000000
  47 37.426243 -8.963407 8.421933 0.469938 -0.245242 0.847947 0.222816 0.745884 1 47 1.000000
Blackcrab_sheet
  47 35.939011 -5.301607 8.549264 0.164887 -0.838562 0.519256 0.121510 0.726486 1 47 1.000000
  47 37.426243 -8.963407 8.421933 0.469938 -0.245242 0.847947 0.222816 0.745884 1 47 1.000000
  47 36.623005 -5.110027 8.173899 0.736849 -0.382154 0.557684 0.122327 0.770758 1 47 1.000000
Blackcrab_sheet
  47 37.850937 -13.742598 7.743485 -0.630435 -0.766895 0.120102 0.343621 0.654375 1 47 1.000000
  47 37.833263 -11.644958 7.792530 -0.948564 -0.290947 0.124807 0.290950 0.653494 1 47 1.000000
  47 37.763206 -13.668602 6.964509 -0.877022 -0.155627 0.454547 0.333832 0.629188 1 47 1.000000
Blackcrab_sheet
  47 37.833263 -11.644958 7.792530 -0.948564 -0.290947 0.124807 0.290950 0.653494 1 47 1.000000
  47 37.850937 -13.742598 7.743485 -0.630435 -0.766895 0.120102 0.343621 0.654375 1 47 1.000000
  47 37.710812 -12.320099 8.547672 -0.753222 -0.452036 0.477828 0.307075 0.705926 1 47 1.000000
Blackcrab_sheet
  47 37.710812 -12.320099 8.547672 -0.753222 -0.452036 0.477828 0.307075 0.705926 1 47 1.000000
  47 37.850937 -13.742598 7.743485 -0.630435 -0.766895 0.120102 0.343621 0.654375 1 47 1.000000
  47 38.721729 -13.623681 8.868916 -0.407483 -0.799515 0.441286 0.354754 0.735329 1 47 1.000000
Blackcrab_sheet
  47 37.710812 -12.320099 8.547672 -0.753222 -0.452036 0.477828 0.307075 0.705926 1 47 1.000000
  47 38.721729 -13.623681 8.868916 -0.407483 -0.799515 0.441286 0.354754 0.735329 1 47 1.000000
  47 39.584774 -13.242647 8.769058 0.694641 -0.516993 0.500192 0.344328 0.764468 1 47 1.000000
Blackcrab_sheet
  47 38.932014 -14.526961 8.570534 0.658014 -0.638687 0.398869 0.371837 0.743205 2 47 0.500000 48 0.500000
  47 39.584774 -13.242647 8.769058 0.694641 -0.516993 0.500192 0.344328 0.764468 1 47 1.000000
  47 38.721729 -13.623681 8.868916 -0.407483 -0.799515 0.441286 0.354754 0.735329 1 47 1.000000
Blackcrab_sheet
  47 39.505066 -13.713503 8.008028 0.831885 -0.524422 0.181518 0.373981 0.788847 2 47 0.500000 48 0.500000
  47 39.584774 -13.242647 8.769058 0.694641 -0.516993 0.500192 0.344328 0.764468 1 47 1.000000
  47 38.932014 -14.526961 8.570534 0.658014 -0.638687 0.398869 0.371837 0.743205 2 47 0.500000 48 0.500000
Blackcrab_sheet
  47 39.505066 -13.713503 8.008028 0.831885 -0.524422 0.181518 0.373981 0.788847 2 47 0.500000 48 0.500000
  47 40.078239 -13.360318 7.173866 0.984698 -0.057747 -0.164421 0.371977 0.830731 2 47 0.500000 48 0.500000
  47 39.584774 -13.242647 8.769058 0.694641 -0.516993 0.500192 0.344328 0.764468 1 47 1.000000
Blackcrab_sheet
  47 39.584774 -13.242647 8.769058 0.694641 -0.516993 0.500192 0.344328 0.764468 1 47 1.000000
  47 40.078239 -13.360318 7.173866 0.984698 -0.057747 -0.164421 0.371977 0.830731 2 47 0.500000 48 0.500000
  47 40.145531 -11.850594 7.487368 0.966753 0.249671 -0.055261 0.314747 0.811320 1 47 1.000000
Blackcrab_sheet
  47 40.145531 -11.850594 7.487368 0.966753 0.249671 -0.055261 0.314747 0.811320 1 47 1.000000
  47 40.078239 -13.360318 7.173866 0.984698 -0.057747 -0.164421 0.371977 0.830731 2 47 0.500000 48 0.500000
  47 39.216682 -13.358193 6.417008 0.281058 0.422008 -0.861926 0.365413 0.876993 2 47 0.779691 48 0.220309
Blackcrab_sheet
  47 37.710812 -12.320099 8.547672 -0.753222 -0.452036 0.477828 0.307075 0.705926 1 47 1.000000
  47 35.939011 -5.301607 8.549264 -0.907570 -0.229034 -0.351937 0.121510 0.726486 1 47 1.000000
  47 37.833263 -11.644958 7.792530 -0.948564 -0.290947 0.124807 0.290950 0.653494 1 47 1.000000
Blackcrab_sheet
  47 38.932014 -14.526961 8.570534 -0.853827 -0.466923 0.230136 0.371837 0.743205 2 47 0.500000 48 0.500000
  47 38.721729 -13.623681 8.868916 -0.407483 -0.799515 0.441286 0.354754 0.735329 1 47 1.000000
  47 38.453938 -13.771830 8.092769 -0.705376 -0.701443 -0.102089 0.366999 0.697303 1 47 1.000000
Blackcrab_sheet
  47 37.850937 -13.742598 7.743485 -0.630435 -0.766895 0.120102 0.343621 0.654375 1 47 1.000000
  47 38.453938 -13.771830 8.092769 -0.705376 -0.701443 -0.102089 0.366999 0.697303 1 47 1.000000
  47 38.721729 -13.623681 8.868916 -0.407483 -0.799515 0.441286 0.354754 0.735329 1 47 1.000000
Blackcrab_sheet
  47 37.850937 -13.742598 7.743485 -0.630435 -0.766895 0.120102 0.343621 0.654375 1 47 1.000000
  47 38.269733 -13.672635 7.403311 0.099593 -0.982665 -0.156369 0.362810 0.649737 1 47 1.000000
  47 38.453938 -13.771830 8.092769 -0.705376 -0.701443 -0.102089 0.366999 0.697303 1 47 1.000000
Blackcrab_sheet
  45 34.304783 -5.046898 7.774452 -0.638201 -0.769434 0.025918 0.094770 0.631047 2 45 0.518694 47 0.481306
  47 34.588058 -5.316609 7.454592 -0.661859 -0.656385 -0.362080 0.107243 0.629989 1 47 1.000000
  46 34.800426 -5.191437 8.852373 0.286672 -0.954316 -0.084257 0.093946 0.681604 3 46 0.555660 47 0.370622 45 0.073718
Blackcrab_sheet
  46 34.800426 -5.191437 8.852373 0.286672 -0.954316 -0.084257 0.093946 0.681604 3 46 0.555660 47 0.370622 45 0.073718
  47 34.588058 -5.316609 7.454592 -0.661859 -0.656385 -0.362080 0.107243 0.629989 1 47 1.000000
  47 34.905098 -5.592667 7.285116 -0.823834 -0.534353 -0.189114 0.120046 0.629241 1 47 1.000000
Blackcrab_sheet
  46 34.800426 -5.191437 8.852373 0.286672 -0.954316 -0.084257 0.093946 0.681604 3 46 0.555660 47 0.370622 45 0.073718
  47 34.905098 -5.592667 7.285116 -0.823834 -0.534353 -0.189114 0.120046 0.629241 1 47 1.000000
  47 35.292004 -5.674598 8.149632 -0.557891 -0.814352 0.159962 0.125391 0.678042 1 47 1.000000
Blackcrab_sheet
  47 34.905098 -5.592667 7.285116 -0.823834 -0.534353 -0.189114 0.120046 0.629241 1 47 1.000000
  47 35.994595 -9.239886 7.124834 -0.932264 -0.336930 -0.131768 0.217055 0.632402 1 47 1.000000
  47 35.292004 -5.674598 8.149632 -0.557891 -0.814352 0.159962 0.125391 0.678042 1 47 1.000000
Blackcrab_sheet
  47 35.292004 -5.674598 8.149632 -0.557891 -0.814352 0.159962 0.125391 0.678042 1 47 1.000000
  47 35.994595 -9.239886 7.124834 -0.932264 -0.336930 -0.131768 0.217055 0.632402 1 47 1.000000
  47 37.833263 -11.644958 7.792530 -0.948564 -0.290947 0.124807 0.290950 0.653494 1 47 1.000000
Blackcrab_sheet
  47 35.292004 -5.674598 8.149632 -0.557891 -0.814352 0.159962 0.125391 0.678042 1 47 1.000000
  47 37.833263 -11.644958 7.792530 -0.948564 -0.290947 0.124807 0.290950 0.653494 1 47 1.000000
  47 35.939011 -5.301607 8.549264 0.164887 -0.838562 0.519256 0.121510 0.726486 1 47 1.000000
Blackcrab_sheet
  47 35.292004 -5.674598 8.149632 -0.557891 -0.814352 0.159962 0.125391 0.678042 1 47 1.000000
  47 35.939011 -5.301607 8.549264 0.164887 -0.838562 0.519256 0.121510 0.726486 1 47 1.000000
  46 34.800426 -5.191437 8.852373 0.286672 -0.954316 -0.084257 0.093946 0.681604 3 46 0.555660 47 0.370622 45 0.073718
Blackcrab_sheet
  47 35.939011 -5.301607 8.549264 0.164887 -0.838562 0.519256 0.121510 0.726486 1 47 1.000000
  45 35.741035 -3.611009 10.372804 0.677904 -0.673188 0.295403 0.076912 0.722853 1 45 1.000000
  46 34.800426 -5.191437 8.852373 0.286672 -0.954316 -0.084257 0.093946 0.681604 3 46 0.555660 47 0.370622 45 0.073718
Blackcrab_sheet
  47 36.623005 -5.110027 8.173899 0.736849 -0.382154 0.557684 0.122327 0.770758 1 47 1.000000
  45 35.741035 -3.611009 10.372804 0.677904 -0.673188 0.295403 0.076912 0.722853 1 45 1.000000
  47 35.939011 -5.301607 8.549264 0.164887 -0.838562 0.519256 0.121510 0.726486 1 47 1.000000
Blackcrab_sheet
  47 36.623005 -5.110027 8.173899 0.736849 -0.382154 0.557684 0.122327 0.770758 1 47 1.000000
  44 36.463486 -2.832712 9.296060 0.806726 -0.351358 0.475121 0.054524 0.756262 1 44 1.000000
  45 35.741035 -3.611009 10.372804 0.677904 -0.673188 0.295403 0.076912 0.722853 1 45 1.000000
Blackcrab_sheet
  47 37.162029 -4.823478 7.151288 0.870791 -0.220917 0.439225 0.119816 0.825828 1 47 1.000000
  44 36.463486 -2.832712 9.296060 0.806726 -0.351358 0.475121 0.054524 0.756262 1 44 1.000000
  47 36.623005 -5.110027 8.173899 0.736849 -0.382154 0.557684 0.122327 0.770758 1 47 1.000000
Blackcrab_sheet
  47 37.162029 -4.823478 7.151288 0.870791 -0.220917 0.439225 0.119816 0.825828 1 47 1.000000
  44 37.062492 -2.178422 8.310807 0.870869 -0.296164 0.392267 0.043084 0.777899 1 44 1.000000
  44 36.463486 -2.832712 9.296060 0.806726 -0.351358 0.475121 0.054524 0.756262 1 44 1.000000
Blackcrab_sheet
  53 15.157706 20.172380 0.284757 0.068801 -0.723275 -0.687124 0.639407 0.239246 1 53 1.000000
  53 15.219337 20.345415 0.012589 0.003450 -0.844240 -0.535955 0.674803 0.261200 1 53 1.000000
  53 15.487029 20.329010 0.213289 0.470063 -0.673019 -0.571039 0.643560 0.233807 1 53 1.000000
Blackcrab_sheet
  55 42.437035 20.172348 0.284762 -0.068803 -0.723275 -0.687124 0.809605 0.234464 1 55 1.000000
  55 42.375404 20.345385 0.012593 -0.003452 -0.844240 -0.535955 0.824317 0.238887 1 55 1.000000
  55 42.985043 20.379740 0.280834 0.339990 -0.903347 -0.261479 0.759741 0.235990 1 55 1.000000
Blackcrab_sheet
  55 42.985043 20.379740 0.280834 0.339990 -0.903347 -0.261479 0.759741 0.235990 1 55 1.000000
  55 42.732574 20.460880 2.840284 -0.230749 -0.813436 -0.533925 0.772459 0.186763 1 55 1.000000
  55 42.437035 20.172348 0.284762 -0.068803 -0.723275 -0.687124 0.809605 0.234464 1 55 1.000000
Blackcrab_sheet
  55 42.437035 20.172348 0.284762 -0.068803 -0.723275 -0.687124 0.809605 0.234464 1 55 1.000000
  55 42.732574 20.460880 2.840284 -0.230749 -0.813436 -0.533925 0.772459 0.186763 1 55 1.000000
  55 41.887920 21.114656 2.672355 -0.693035 -0.512558 -0.506938 0.821291 0.186703 1 55 1.000000
Blackcrab_sheet
  55 41.923313 19.158764 7.065686 0.477552 -0.434363 -0.763723 0.768607 0.107053 1 55 1.000000
  55 41.887920 21.114656 2.672355 -0.693035 -0.512558 -0.506938 0.821291 0.186703 1 55 1.000000
  55 42.732574 20.460880 2.840284 -0.230749 -0.813436 -0.533925 0.772459 0.186763 1 55 1.000000
Blackcrab_sheet
  55 41.923313 19.158764 7.065686 0.477552 -0.434363 -0.763723 0.768607 0.107053 1 55 1.000000
  55 41.036663 19.432749 6.897810 -0.590322 -0.140213 -0.794896 0.793782 0.108155 1 55 1.000000
  55 41.887920 21.114656 2.672355 -0.693035 -0.512558 -0.506938 0.821291 0.186703 1 55 1.000000
Blackcrab_sheet
  55 41.887920 21.114656 2.672355 -0.693035 -0.512558 -0.506938 0.821291 0.186703 1 55 1.000000
  55 41.036663 19.432749 6.897810 -0.590322 -0.140213 -0.794896 0.793782 0.108155 1 55 1.000000
  55 40.788189 20.142221 7.046740 -0.848285 -0.128884 -0.513616 0.828192 0.110876 1 55 1.000000
Blackcrab_sheet
  55 41.036663 19.432749 6.897810 -0.590322 -0.140213 -0.794896 0.793782 0.108155 1 55 1.000000
  55 39.499680 16.583536 9.047667 -0.587667 0.103298 -0.802482 0.816686 0.038206 1 55 1.000000
  55 40.788189 20.142221 7.046740 -0.848285 -0.128884 -0.513616 0.828192 0.110876 1 55 1.000000
Blackcrab_sheet
  55 42.437035 20.172348 0.284762 -0.068803 -0.723275 -0.687124 0.809605 0.234464 1 55 1.000000
  55 41.887920 21.114656 2.672355 -0.693035 -0.512558 -0.506938 0.821291 0.186703 1 55 1.000000
  55 42.107712 20.328979 0.213293 -0.470064 -0.673018 -0.571039 0.826261 0.233807 1 55 1.000000
Blackcrab_sheet
  55 42.107403 19.899632 7.395734 0.974980 -0.157571 0.156794 0.747936 0.109996 2 55 0.937537 54 0.062463
  55 40.840988 16.013605 10.296346 0.817536 -0.101752 -0.566817 0.742041 0.017726 1 55 1.000000
  55 40.202511 15.766160 9.649428 0.466673 0.186699 -0.864500 0.786845 0.021198 2 55 0.889537 54 0.110463
Blackcrab_sheet
  55 42.107403 19.899632 7.395734 0.974980 -0.157571 0.156794 0.747936 0.109996 2 55 0.937537 54 0.062463
  55 40.202511 15.766160 9.649428 0.466673 0.186699 -0.864500 0.786845 0.021198 2 55 0.889537 54 0.110463
  55 41.923313 19.158764 7.065686 0.477552 -0.434363 -0.763723 0.768607 0.107053 1 55 1.000000
Blackcrab_sheet
  55 39.499680 16.583536 9.047667 -0.587667 0.103298 -0.802482 0.816686 0.038206 1 55 1.000000
  55 41.923313 19.158764 7.065686 0.477552 -0.434363 -0.763723 0.768607 0.107053 1 55 1.000000
  55 40.202511 15.766160 9.649428 0.466673 0.186699 -0.864500 0.786845 0.021198 2 55 0.889537 54 0.110463
Blackcrab_sheet
  55 39.499680 16.583536 9.047667 -0.587667 0.103298 -0.802482 0.816686 0.038206 1 55 1.000000
  55 41.036663 19.432749 6.897810 -0.590322 -0.140213 -0.794896 0.793782 0.108155 1 55 1.000000
  55 41.923313 19.158764 7.065686 0.477552 -0.434363 -0.763723 0.768607 0.107053 1 55 1.000000
Blackcrab_sheet
  55 42.732574 20.460880 2.840284 0.988713 -0.039480 0.144527 0.772459 0.186763 1 55 1.000000
  55 42.107403 19.899632 7.395734 0.974980 -0.157571 0.156794 0.747936 0.109996 2 55 0.937537 54 0.062463
  55 41.923313 19.158764 7.065686 0.477552 -0.434363 -0.763723 0.768607 0.107053 1 55 1.000000
Blackcrab_sheet
  55 39.499680 16.583536 9.047667 -0.587667 0.103298 -0.802482 0.816686 0.038206 1 55 1.000000
  55 40.202511 15.766160 9.649428 0.466673 0.186699 -0.864500 0.786845 0.021198 2 55 0.889537 54 0.110463
  54 39.168659 16.103067 9.569427 -0.327491 0.638981 -0.696026 0.828128 0.023702 2 54 0.632099 55 0.367901
Blackcrab_sheet
  55 42.985043 20.379740 0.280834 0.992754 0.072767 0.095621 0.759741 0.235990 1 55 1.000000
  55 42.647247 21.529764 2.912750 0.966347 0.089018 0.241350 0.726864 0.184136 1 55 1.000000
  55 42.732574 20.460880 2.840284 0.988713 -0.039480 0.144527 0.772459 0.186763 1 55 1.000000
Blackcrab_sheet
  55 41.465588 20.639473 7.712712 0.844611 0.031912 0.534429 0.718900 0.110109 1 55 1.000000
  55 42.732574 20.460880 2.840284 0.988713 -0.039480 0.144527 0.772459 0.186763 1 55 1.000000
  55 42.647247 21.529764 2.912750 0.966347 0.089018 0.241350 0.726864 0.184136 1 55 1.000000
Blackcrab_sheet
  55 41.465588 20.639473 7.712712 0.844611 0.031912 0.534429 0.718900 0.110109 1 55 1.000000
  55 42.107403 19.899632 7.395734 0.974980 -0.157571 0.156794 0.747936 0.109996 2 55 0.937537 54 0.062463
  55 42.732574 20.460880 2.840284 0.988713 -0.039480 0.144527 0.772459 0.186763 1 55 1.000000
Blackcrab_sheet
  55 39.603374 16.423239 11.645412 0.724737 -0.339535 0.599560 0.702071 0.018999 1 55 1.000000
  55 42.107403 19.899632 7.395734 0.974980 -0.157571 0.156794 0.747936 0.109996 2 55 0.937537 54 0.062463
  55 41.465588 20.639473 7.712712 0.844611 0.031912 0.534429 0.718900 0.110109 1 55 1.000000
Blackcrab_sheet
  55 39.603374 16.423239 11.645412 0.724737 -0.339535 0.599560 0.702071 0.018999 1 55 1.000000
  55 40.840988 16.013605 10.296346 0.724737 -0.339535 0.599560 0.742041 0.017726 1 55 1.000000
  55 42.107403 19.899632 7.395734 0.974980 -0.157571 0.156794 0.747936 0.109996 2 55 0.937537 54 0.062463
Blackcrab_sheet
  47 37.833263 -11.644958 7.792530 -0.948564 -0.290947 0.124807 0.303481 0.996964 1 47 1.000000
  47 35.994595 -9.239886 7.124834 -0.932264 -0.336930 -0.131768 0.220234 0.996736 1 47 1.000000
  47 37.763206 -13.668602 6.964509 -0.877022 -0.155627 0.454547 0.342832 0.977716 1 47 1.000000
Blackcrab_sheet
  44 30.463676 6.127440 12.075401 0.277160 0.127264 0.952358 0.825649 0.502206 1 44 1.000000
  54 33.526833 5.084564 12.465753 0.364026 -0.350601 0.862881 0.907098 0.467734 1 54 1.000000
  54 33.714432 8.029923 12.000754 -0.484877 0.075196 0.871344 0.862572 0.375564 1 54 1.000000
Blackcrab_sheet
  44 30.463676 6.127440 12.075401 0.277160 0.127264 0.952358 0.825649 0.502206 1 44 1.000000
  54 33.714432 8.029923 12.000754 -0.484877 0.075196 0.871344 0.862572 0.375564 1 54 1.000000
  54 31.414726 7.057672 10.822201 -0.072624 0.746941 0.660912 0.801875 0.442244 1 54 1.000000
Blackcrab_sheet
  54 31.414726 7.057672 10.822201 -0.072624 0.746941 0.660912 0.801875 0.442244 1 54 1.000000
  54 33.714432 8.029923 12.000754 -0.484877 0.075196 0.871344 0.862572 0.375564 1 54 1.000000
  54 33.946239 8.749224 10.592184 -0.512328 0.856740 0.059300 0.848424 0.349861 1 54 1.000000
Blackcrab_sheet
  54 33.714432 8.029923 12.000754 -0.484877 0.075196 0.871344 0.862572 0.375564 1 54 1.000000
  54 35.296806 10.512109 11.234280 -0.834008 0.375545 0.404224 0.864738 0.274656 1 54 1.000000
  54 33.946239 8.749224 10.592184 -0.512328 0.856740 0.059300 0.848424 0.349861 1 54 1.000000
Blackcrab_sheet
  54 35.296806 10.512109 11.234280 -0.834008 0.375545 0.404224 0.864738 0.274656 1 54 1.000000
  54 33.714432 8.029923 12.000754 -0.484877 0.075196 0.871344 0.862572 0.375564 1 54 1.000000
  54 36.370411 9.700098 12.262328 0.196704 -0.567011 0.799878 0.916488 0.281864 1 54 1.000000
Blackcrab_sheet
  54 33.714432 8.029923 12.000754 -0.484877 0.075196 0.871344 0.862572 0.375564 1 54 1.000000
  54 33.526833 5.084564 12.465753 0.364026 -0.350601 0.862881 0.907098 0.467734 1 54 1.000000
  54 36.370411 9.700098 12.262328 0.196704 -0.567011 0.799878 0.916488 0.281864 1 54 1.000000
Blackcrab_sheet
  54 36.370411 9.700098 12.262328 0.196704 -0.567011 0.799878 0.916488 0.281864 1 54 1.000000
  54 33.526833 5.084564 12.465753 0.364026 -0.350601 0.862881 0.907098 0.467734 1 54 1.000000
  54 34.970524 2.625649 10.954823 0.609307 -0.515964 0.602101 0.978835 0.518387 1 54 1.000000
Blackcrab_sheet
  54 37.720753 11.599394 12.877385 0.150712 -0.554211 0.818618 0.930438 0.202535 1 54 1.000000
  54 39.086647 11.108326 11.886857 0.810909 -0.580882 0.070728 0.972042 0.195021 1 54 1.000000
  54 40.323639 14.468060 11.005087 0.855677 -0.455901 0.244888 0.949201 0.073187 1 54 1.000000
Blackcrab_sheet
  54 37.720753 11.599394 12.877385 0.150712 -0.554211 0.818618 0.930438 0.202535 1 54 1.000000
  54 40.323639 14.468060 11.005087 0.855677 -0.455901 0.244888 0.949201 0.073187 1 54 1.000000
  54 39.367256 15.677652 11.619360 -0.096433 -0.084444 0.991751 0.904565 0.027472 1 54 1.000000
Blackcrab_sheet
  54 37.720753 11.599394 12.877385 0.150712 -0.554211 0.818618 0.930438 0.202535 1 54 1.000000
  54 39.367256 15.677652 11.619360 -0.096433 -0.084444 0.991751 0.904565 0.027472 1 54 1.000000
  54 37.142986 13.223060 12.549124 -0.556383 -0.014398 0.830801 0.885206 0.162804 1 54 1.000000
Blackcrab_sheet
  54 37.142986 13.223060 12.549124 -0.556383 -0.014398 0.830801 0.885206 0.162804 1 54 1.000000
  54 39.367256 15.677652 11.619360 -0.096433 -0.084444 0.991751 0.904565 0.027472 1 54 1.000000
  54 38.112087 15.236441 10.763247 -0.838522 0.357863 0.410870 0.869739 0.085923 1 54 1.000000
Blackcrab_sheet
  54 37.142986 13.223060 12.549124 -0.556383 -0.014398 0.830801 0.885206 0.162804 1 54 1.000000
  54 38.112087 15.236441 10.763247 -0.838522 0.357863 0.410870 0.869739 0.085923 1 54 1.000000
  54 36.833042 13.853938 10.764737 -0.780649 0.603887 -0.160959 0.853853 0.148545 1 54 1.000000
Blackcrab_sheet
  54 36.833042 13.853938 10.764737 -0.780649 0.603887 -0.160959 0.853853 0.148545 1 54 1.000000
  54 35.296806 10.512109 11.234280 -0.834008 0.375545 0.404224 0.864738 0.274656 1 54 1.000000
  54 37.142986 13.223060 12.549124 -0.556383 -0.014398 0.830801 0.885206 0.162804 1 54 1.000000
Blackcrab_sheet
  54 35.296806 10.512109 11.234280 -0.834008 0.375545 0.404224 0.864738 0.274656 1 54 1.000000
  54 37.720753 11.599394 12.877385 0.150712 -0.554211 0.818618 0.930438 0.202535 1 54 1.000000
  54 37.142986 13.223060 12.549124 -0.556383 -0.014398 0.830801 0.885206 0.162804 1 54 1.000000
Blackcrab_sheet
  54 35.296806 10.512109 11.234280 -0.834008 0.375545 0.404224 0.864738 0.274656 1 54 1.000000
  54 36.370411 9.700098 12.262328 0.196704 -0.567011 0.799878 0.916488 0.281864 1 54 1.000000
  54 37.720753 11.599394 12.877385 0.150712 -0.554211 0.818618 0.930438 0.202535 1 54 1.000000
Blackcrab_sheet
  54 39.086647 11.108326 11.886857 0.810909 -0.580882 0.070728 0.972042 0.195021 1 54 1.000000
  54 37.720753 11.599394 12.877385 0.150712 -0.554211 0.818618 0.930438 0.202535 1 54 1.000000
  54 36.370411 9.700098 12.262328 0.196704 -0.567011 0.799878 0.916488 0.281864 1 54 1.000000
Blackcrab_sheet
  54 39.086647 11.108326 11.886857 0.810909 -0.580882 0.070728 0.972042 0.195021 1 54 1.000000
  54 36.370411 9.700098 12.262328 0.196704 -0.567011 0.799878 0.916488 0.281864 1 54 1.000000
  54 37.456326 9.140944 11.275155 0.760250 -0.645796 0.070476 0.950898 0.280967 1 54 1.000000
Blackcrab_sheet
  54 36.370411 9.700098 12.262328 0.196704 -0.567011 0.799878 0.916488 0.281864 1 54 1.000000
  54 36.432083 6.332947 11.162281 0.888217 0.189958 -0.418313 0.964506 0.382528 1 54 1.000000
  54 37.456326 9.140944 11.275155 0.760250 -0.645796 0.070476 0.950898 0.280967 1 54 1.000000
Blackcrab_sheet
  54 34.970524 2.625649 10.954823 0.609307 -0.515964 0.602101 0.978835 0.518387 1 54 1.000000
  54 36.432083 6.332947 11.162281 0.888217 0.189958 -0.418313 0.964506 0.382528 1 54 1.000000
  54 36.370411 9.700098 12.262328 0.196704 -0.567011 0.799878 0.916488 0.281864 1 54 1.000000
Blackcrab_sheet
  54 34.970524 2.625649 10.954823 0.609307 -0.515964 0.602101 0.978835 0.518387 1 54 1.000000
  54 35.799686 3.126332 10.282727 0.986133 -0.091163 0.138678 0.990882 0.489665 1 54 1.000000
  54 36.432083 6.332947 11.162281 0.888217 0.189958 -0.418313 0.964506 0.382528 1 54 1.000000
Blackcrab_sheet
  54 40.323639 14.468060 11.005087 0.855677 -0.455901 0.244888 0.949201 0.073187 1 54 1.000000
  55 41.040894 15.834270 10.588355 0.982925 0.164248 0.082954 0.940098 0.022263 1 55 1.000000
  54 39.367256 15.677652 11.619360 -0.096433 -0.084444 0.991751 0.904565 0.027472 1 54 1.000000
Blackcrab_sheet
  54 39.367256 15.677652 11.619360 -0.096433 -0.084444 0.991751 0.904565 0.027472 1 54 1.000000
  55 38.453003 16.816801 10.328577 -0.655920 0.693501 0.298035 0.858690 0.035581 1 55 1.000000
  54 38.112087 15.236441 10.763247 -0.838522 0.357863 0.410870 0.869739 0.085923 1 54 1.000000
Blackcrab_sheet
  54 35.555763 8.597150 9.878467 -0.142418 0.227712 -0.963257 0.475153 0.752845 1 54 1.000000
  54 35.813152 5.786252 10.083329 0.646484 0.328218 -0.688717 0.513419 0.685763 1 54 1.000000
  54 34.304665 6.885513 9.654058 0.418929 0.640647 -0.643482 0.469024 0.696447 1 54 1.000000
Blackcrab_sheet
  54 38.665680 11.111165 10.694228 -0.021584 -0.151271 -0.988257 0.539562 0.848536 1 54 1.000000
  54 35.813152 5.786252 10.083329 0.646484 0.328218 -0.688717 0.513419 0.685763 1 54 1.000000
  54 35.555763 8.597150 9.878467 -0.142418 0.227712 -0.963257 0.475153 0.752845 1 54 1.000000
Blackcrab_sheet
  54 36.833042 13.853938 10.764737 -0.780649 0.603887 -0.160959 0.405171 0.891874 1 54 1.000000
  54 38.565628 15.142654 9.231523 -0.502502 0.595634 -0.626666 0.458565 0.956394 1 54 1.000000
  54 38.665680 11.111165 10.694228 -0.021584 -0.151271 -0.988257 0.539562 0.848536 1 54 1.000000
Blackcrab_sheet
  54 36.833042 13.853938 10.764737 -0.780649 0.603887 -0.160959 0.405171 0.891874 1 54 1.000000
  54 38.665680 11.111165 10.694228 -0.021584 -0.151271 -0.988257 0.539562 0.848536 1 54 1.000000
  54 35.555763 8.597150 9.878467 -0.142418 0.227712 -0.963257 0.475153 0.752845 1 54 1.000000
Blackcrab_sheet
  54 35.296806 10.512109 11.234280 -0.834008 0.375545 0.404224 0.422782 0.786979 1 54 1.000000
  54 36.833042 13.853938 10.764737 -0.780649 0.603887 -0.160959 0.405171 0.891874 1 54 1.000000
  54 35.555763 8.597150 9.878467 -0.142418 0.227712 -0.963257 0.475153 0.752845 1 54 1.000000
Blackcrab_sheet
  54 35.555763 8.597150 9.878467 -0.142418 0.227712 -0.963257 0.475153 0.752845 1 54 1.000000
  54 33.946239 8.749224 10.592184 -0.512328 0.856740 0.059300 0.430663 0.730985 1 54 1.000000
  54 35.296806 10.512109 11.234280 -0.834008 0.375545 0.404224 0.422782 0.786979 1 54 1.000000
Blackcrab_sheet
  54 33.946239 8.749224 10.592184 -0.512328 0.856740 0.059300 0.430663 0.730985 1 54 1.000000
  54 35.555763 8.597150 9.878467 -0.142418 0.227712 -0.963257 0.475153 0.752845 1 54 1.000000
  54 34.304665 6.885513 9.654058 0.418929 0.640647 -0.643482 0.469024 0.696447 1 54 1.000000
Blackcrab_sheet
  54 34.304665 6.885513 9.654058 0.418929 0.640647 -0.643482 0.469024 0.696447 1 54 1.000000
  54 31.414726 7.057672 10.822201 -0.072624 0.746941 0.660912 0.410248 0.663325 1 54 1.000000
  54 33.946239 8.749224 10.592184 -0.512328 0.856740 0.059300 0.430663 0.730985 1 54 1.000000
Blackcrab_sheet
  54 34.304665 6.885513 9.654058 0.418929 0.640647 -0.643482 0.469024 0.696447 1 54 1.000000
  54 32.776169 6.907713 9.644681 -0.388472 0.919138 -0.065374 0.441120 0.677514 1 54 1.000000
  54 31.414726 7.057672 10.822201 -0.072624 0.746941 0.660912 0.410248 0.663325 1 54 1.000000
Blackcrab_sheet
  44 30.155203 7.113029 10.456321 0.029120 0.959300 0.280882 0.404871 0.637308 1 44 1.000000
  54 31.414726 7.057672 10.822201 -0.072624 0.746941 0.660912 0.410248 0.663325 1 54 1.000000
  54 32.776169 6.907713 9.644681 -0.388472 0.919138 -0.065374 0.441120 0.677514 1 54 1.000000
Blackcrab_sheet
  44 30.155203 7.113029 10.456321 0.029120 0.959300 0.280882 0.404871 0.637308 1 44 1.000000
  54 32.776169 6.907713 9.644681 -0.388472 0.919138 -0.065374 0.441120 0.677514 1 54 1.000000
  54 32.442894 5.905931 8.556049 -0.561714 -0.791336 -0.241380 0.452070 0.656328 1 54 1.000000
Blackcrab_sheet
  54 32.585449 5.945477 7.031656 0.780654 -0.141128 -0.608821 0.459261 0.669821 1 54 1.000000
  54 32.442894 5.905931 8.556049 -0.561714 -0.791336 -0.241380 0.452070 0.656328 1 54 1.000000
  54 32.776169 6.907713 9.644681 -0.388472 0.919138 -0.065374 0.441120 0.677514 1 54 1.000000
Blackcrab_sheet
  54 32.442894 5.905931 8.556049 -0.561714 -0.791336 -0.241380 0.452070 0.656328 1 54 1.000000
  54 32.585449 5.945477 7.031656 0.780654 -0.141128 -0.608821 0.459261 0.669821 1 54 1.000000
  54 33.486637 5.406138 8.402363 0.590764 -0.072117 -0.803615 0.472001 0.658495 1 54 1.000000
Blackcrab_sheet
  54 32.585449 5.945477 7.031656 0.780654 -0.141128 -0.608821 0.459261 0.669821 1 54 1.000000
  54 34.304665 6.885513 9.654058 0.418929 0.640647 -0.643482 0.469024 0.696447 1 54 1.000000
  54 33.486637 5.406138 8.402363 0.590764 -0.072117 -0.803615 0.472001 0.658495 1 54 1.000000
Blackcrab_sheet
  54 33.486637 5.406138 8.402363 0.590764 -0.072117 -0.803615 0.472001 0.658495 1 54 1.000000
  54 34.304665 6.885513 9.654058 0.418929 0.640647 -0.643482 0.469024 0.696447 1 54 1.000000
  44 34.463127 3.359734 8.589891 0.724058 0.541770 -0.426879 0.502659 0.619477 1 44 1.000000
Blackcrab_sheet
  44 35.395344 3.315899 9.362056 0.758809 0.489090 -0.430115 0.520704 0.624901 2 44 0.573271 54 0.426729
  44 34.463127 3.359734 8.589891 0.724058 0.541770 -0.426879 0.502659 0.619477 1 44 1.000000
  54 34.304665 6.885513 9.654058 0.418929 0.640647 -0.643482 0.469024 0.696447 1 54 1.000000
Blackcrab_sheet
  44 35.395344 3.315899 9.362056 0.758809 0.489090 -0.430115 0.520704 0.624901 2 44 0.573271 54 0.426729
  54 34.304665 6.885513 9.654058 0.418929 0.640647 -0.643482 0.469024 0.696447 1 54 1.000000
  54 35.813152 5.786252 10.083329 0.646484 0.328218 -0.688717 0.513419 0.685763 1 54 1.000000
Blackcrab_sheet
  54 35.813152 5.786252 10.083329 0.646484 0.328218 -0.688717 0.513419 0.685763 1 54 1.000000
  54 35.799686 3.126332 10.282727 0.986133 -0.091163 0.138678 0.535499 0.618958 1 54 1.000000
  44 35.395344 3.315899 9.362056 0.758809 0.489090 -0.430115 0.520704 0.624901 2 44 0.573271 54 0.426729
Blackcrab_sheet
  54 35.813152 5.786252 10.083329 0.646484 0.328218 -0.688717 0.513419 0.685763 1 54 1.000000
  54 36.432083 6.332947 11.162281 0.888217 0.189958 -0.418313 0.532524 0.699510 1 54 1.000000
  54 35.799686 3.126332 10.282727 0.986133 -0.091163 0.138678 0.535499 0.618958 1 54 1.000000
Blackcrab_sheet
  54 37.456326 9.140944 11.275155 0.760250 -0.645796 0.070476 0.533455 0.780677 1 54 1.000000
  54 36.432083 6.332947 11.162281 0.888217 0.189958 -0.418313 0.532524 0.699510 1 54 1.000000
  54 35.813152 5.786252 10.083329 0.646484 0.328218 -0.688717 0.513419 0.685763 1 54 1.000000
Blackcrab_sheet
  54 32.585449 5.945477 7.031656 0.780654 -0.141128 -0.608821 0.459261 0.669821 1 54 1.000000
  54 32.776169 6.907713 9.644681 -0.388472 0.919138 -0.065374 0.441120 0.677514 1 54 1.000000
  54 34.304665 6.885513 9.654058 0.418929 0.640647 -0.643482 0.469024 0.696447 1 54 1.000000
Blackcrab_sheet
  54 40.426617 14.799001 9.299674 0.678120 0.238506 -0.695175 0.528369 0.971282 1 54 1.000000
  54 39.168659 16.103067 9.569427 -0.327491 0.638981 -0.696026 0.456369 0.985285 2 54 0.632099 55 0.367901
  55 40.202511 15.766160 9.649428 0.466673 0.186699 -0.864500 0.508987 0.989680 2 55 0.889537 54 0.110463
Blackcrab_sheet
  54 40.426617 14.799001 9.299674 0.678120 0.238506 -0.695175 0.528369 0.971282 1 54 1.000000
  54 38.565628 15.142654 9.231523 -0.502502 0.595634 -0.626666 0.458565 0.956394 1 54 1.000000
  54 39.168659 16.103067 9.569427 -0.327491 0.638981 -0.696026 0.456369 0.985285 2 54 0.632099 55 0.367901
Blackcrab_sheet
  54 40.426617 14.799001 9.299674 0.678120 0.238506 -0.695175 0.528369 0.971282 1 54 1.000000
  54 38.665680 11.111165 10.694228 -0.021584 -0.151271 -0.988257 0.539562 0.848536 1 54 1.000000
  54 38.565628 15.142654 9.231523 -0.502502 0.595634 -0.626666 0.458565 0.956394 1 54 1.000000
Blackcrab_sheet
  55 38.733349 16.748257 10.228078 -0.621079 0.783748 0.000118 0.417404 0.984423 1 55 1.000000
  55 38.453003 16.816801 10.328577 -0.655920 0.693501 0.298035 0.397879 0.985051 1 55 1.000000
  55 39.603374 16.423239 11.645412 -0.201621 0.681103 0.703880 0.451081 0.987739 1 55 1.000000
Blackcrab_sheet
  55 38.453003 16.816801 10.328577 -0.655920 0.693501 0.298035 0.397879 0.985051 1 55 1.000000
  55 38.733349 16.748257 10.228078 -0.621079 0.783748 0.000118 0.417404 0.984423 1 55 1.000000
  54 39.168659 16.103067 9.569427 -0.327491 0.638981 -0.696026 0.456369 0.985285 2 54 0.632099 55 0.367901
Blackcrab_sheet
  55 38.453003 16.816801 10.328577 -0.655920 0.693501 0.298035 0.397879 0.985051 1 55 1.000000
  54 39.168659 16.103067 9.569427 -0.327491 0.638981 -0.696026 0.456369 0.985285 2 54 0.632099 55 0.367901
  54 38.565628 15.142654 9.231523 -0.502502 0.595634 -0.626666 0.458565 0.956394 1 54 1.000000
Blackcrab_sheet
  54 38.112087 15.236441 10.763247 -0.838522 0.357863 0.410870 0.410465 0.942142 1 54 1.000000
  55 38.453003 16.816801 10.328577 -0.655920 0.693501 0.298035 0.397879 0.985051 1 55 1.000000
  54 38.565628 15.142654 9.231523 -0.502502 0.595634 -0.626666 0.458565 0.956394 1 54 1.000000
Blackcrab_sheet
  54 38.565628 15.142654 9.231523 -0.502502 0.595634 -0.626666 0.458565 0.956394 1 54 1.000000
  54 36.833042 13.853938 10.764737 -0.780649 0.603887 -0.160959 0.405171 0.891874 1 54 1.000000
  54 38.112087 15.236441 10.763247 -0.838522 0.357863 0.410870 0.410465 0.942142 1 54 1.000000
Blackcrab_sheet
  54 39.367256 15.677652 11.619360 -0.096433 -0.084444 0.991751 0.421134 0.983898 1 54 1.000000
  55 39.603374 16.423239 11.645412 -0.707388 0.200336 0.677840 0.451081 0.987739 1 55 1.000000
  55 38.453003 16.816801 10.328577 -0.655920 0.693501 0.298035 0.397879 0.985051 1 55 1.000000
Blackcrab_sheet
  55 41.040894 15.834270 10.588355 0.982925 0.164248 0.082954 0.566159 0.993697 1 55 1.000000
  55 40.840988 16.013605 10.296346 0.177889 0.888169 0.423687 0.533711 0.990824 1 55 1.000000
  54 39.367256 15.677652 11.619360 -0.096433 -0.084444 0.991751 0.421134 0.983898 1 54 1.000000
Blackcrab_sheet
  54 37.456326 9.140944 11.275155 0.760250 -0.645796 0.070476 0.533455 0.780677 1 54 1.000000
  54 35.813152 5.786252 10.083329 0.646484 0.328218 -0.688717 0.513419 0.685763 1 54 1.000000
  54 38.665680 11.111165 10.694228 0.864031 -0.364264 -0.347507 0.539562 0.848536 1 54 1.000000
Blackcrab_sheet
  54 37.456326 9.140944 11.275155 0.760250 -0.645796 0.070476 0.533455 0.780677 1 54 1.000000
  54 38.665680 11.111165 10.694228 0.864031 -0.364264 -0.347507 0.539562 0.848536 1 54 1.000000
  54 39.086647 11.108326 11.886857 0.810909 -0.580882 0.070728 0.591617 0.845476 1 54 1.000000
Blackcrab_sheet
  54 38.665680 11.111165 10.694228 0.864031 -0.364264 -0.347507 0.539562 0.848536 1 54 1.000000
  54 40.323639 14.468060 11.005087 0.855677 -0.455901 0.244888 0.575510 0.949878 1 54 1.000000
  54 39.086647 11.108326 11.886857 0.810909 -0.580882 0.070728 0.591617 0.845476 1 54 1.000000
Blackcrab_sheet
  54 38.665680 11.111165 10.694228 0.864031 -0.364264 -0.347507 0.539562 0.848536 1 54 1.000000
  54 40.426617 14.799001 9.299674 0.678120 0.238506 -0.695175 0.528369 0.971282 1 54 1.000000
  54 40.323639 14.468060 11.005087 0.855677 -0.455901 0.244888 0.575510 0.949878 1 54 1.000000
Blackcrab_sheet
  54 40.323639 14.468060 11.005087 0.855677 -0.455901 0.244888 0.575510 0.949878 1 54 1.000000
  54 40.426617 14.799001 9.299674 0.678120 0.238506 -0.695175 0.528369 0.971282 1 54 1.000000
  55 41.040894 15.834270 10.588355 0.982925 0.164248 0.082954 0.566159 0.993697 1 55 1.000000
Blackcrab_sheet
  54 40.426617 14.799001 9.299674 0.678120 0.238506 -0.695175 0.528369 0.971282 1 54 1.000000
  55 40.202511 15.766160 9.649428 0.466673 0.186699 -0.864500 0.508987 0.989680 2 55 0.889537 54 0.110463
  55 41.040894 15.834270 10.588355 0.982925 0.164248 0.082954 0.566159 0.993697 1 55 1.000000
Blackcrab_sheet
  55 40.840988 16.013605 10.296346 0.817536 -0.101752 -0.566817 0.533711 0.990824 1 55 1.000000
  55 41.040894 15.834270 10.588355 0.982925 0.164248 0.082954 0.566159 0.993697 1 55 1.000000
  55 40.202511 15.766160 9.649428 0.466673 0.186699 -0.864500 0.508987 0.989680 2 55 0.889537 54 0.110463
Blackcrab_sheet
  46 33.367393 -3.150722 6.568186 -0.987959 -0.139473 -0.066965 0.507557 0.151412 1 46 1.000000
  46 34.088989 -4.067216 6.206895 -0.709904 -0.472283 -0.522479 0.476110 0.162531 1 46 1.000000
  45 33.778690 -4.816568 6.638186 -0.538791 -0.178347 -0.823345 0.461725 0.142416 2 45 0.502005 47 0.497995
Blackcrab_sheet
  44 34.085983 0.476636 6.235857 -0.721170 0.339813 -0.603689 0.643334 0.879137 1 44 1.000000
  44 33.568851 -0.003221 6.782657 -0.650909 -0.029605 -0.758578 0.631843 0.904780 1 44 1.000000
  44 33.792103 0.415875 6.794720 -0.715560 0.253814 -0.650809 0.647097 0.903439 1 44 1.000000
Blackcrab_sheet
  44 33.568851 -0.003221 6.782657 -0.650909 -0.029605 -0.758578 0.631843 0.904780 1 44 1.000000
  44 34.085983 0.476636 6.235857 -0.721170 0.339813 -0.603689 0.643334 0.879137 1 44 1.000000
  44 33.941875 -0.209247 6.713052 -0.333490 -0.302100 -0.893039 0.620678 0.904431 1 44 1.000000
Blackcrab_sheet
  44 32.377701 -1.145702 7.211092 -0.505024 0.511838 -0.694962 0.600761 0.650506 1 44 1.000000
  44 31.838192 -3.309501 6.563208 -0.602665 0.784366 -0.146847 0.625038 0.729850 1 44 1.000000
  44 31.613792 -3.225949 7.157693 -0.432802 0.779759 -0.452392 0.635136 0.726786 1 44 1.000000
Blackcrab_sheet
  44 32.377701 -1.145702 7.211092 -0.505024 0.511838 -0.694962 0.600761 0.650506 1 44 1.000000
  44 33.102894 -1.261395 6.537590 -0.682158 0.422161 -0.597025 0.568127 0.654748 1 44 1.000000
  44 31.838192 -3.309501 6.563208 -0.602665 0.784366 -0.146847 0.625038 0.729850 1 44 1.000000
Blackcrab_sheet
  44 31.985516 1.711845 7.122887 -0.431006 0.272289 -0.860286 0.618409 0.545723 1 44 1.000000
  44 33.102894 -1.261395 6.537590 -0.682158 0.422161 -0.597025 0.568127 0.654748 1 44 1.000000
  44 32.377701 -1.145702 7.211092 -0.505024 0.511838 -0.694962 0.600761 0.650506 1 44 1.000000
Blackcrab_sheet
  44 31.985516 1.711845 7.122887 -0.431006 0.272289 -0.860286 0.618409 0.545723 1 44 1.000000
  44 32.812389 2.643788 6.459136 0.535338 0.534300 -0.654169 0.581200 0.511549 1 44 1.000000
  44 33.102894 -1.261395 6.537590 -0.682158 0.422161 -0.597025 0.568127 0.654748 1 44 1.000000
Blackcrab_sheet
  44 32.812389 2.643788 6.459136 0.535338 0.534300 -0.654169 0.581200 0.511549 1 44 1.000000
  44 31.985516 1.711845 7.122887 -0.431006 0.272289 -0.860286 0.618409 0.545723 1 44 1.000000
  44 31.265795 4.140715 6.376992 -0.142586 0.342182 -0.928752 0.650797 0.456659 1 44 1.000000
Blackcrab_sheet
  44 28.797354 4.956493 6.545135 0.000000 0.231567 -0.972819 0.761185 0.426745 1 44 1.000000
  44 31.265795 4.140715 6.376992 -0.142586 0.342182 -0.928752 0.650797 0.456659 1 44 1.000000
  44 30.477224 3.263422 7.205794 -0.284014 -0.418132 -0.862845 0.686282 0.488828 1 44 1.000000
Blackcrab_sheet
  44 30.477224 3.263422 7.205794 -0.284014 -0.418132 -0.862845 0.686282 0.488828 1 44 1.000000
  44 31.265795 4.140715 6.376992 -0.142586 0.342182 -0.928752 0.650797 0.456659 1 44 1.000000
  44 31.985516 1.711845 7.122887 -0.431006 0.272289 -0.860286 0.618409 0.545723 1 44 1.000000
Blackcrab_sheet
  44 30.477224 3.263422 7.205794 -0.284014 -0.418132 -0.862845 0.686282 0.488828 1 44 1.000000
  44 31.985516 1.711845 7.122887 -0.431006 0.272289 -0.860286 0.618409 0.545723 1 44 1.000000
  44 31.342342 1.451765 7.380434 -0.255561 0.375661 -0.890824 0.647352 0.555260 1 44 1.000000
Blackcrab_sheet
  44 31.342342 1.451765 7.380434 -0.255561 0.375661 -0.890824 0.647352 0.555260 1 44 1.000000
  44 31.985516 1.711845 7.122887 -0.431006 0.272289 -0.860286 0.618409 0.545723 1 44 1.000000
  44 32.377701 -1.145702 7.211092 -0.505024 0.511838 -0.694962 0.600761 0.650506 1 44 1.000000
Blackcrab_sheet
  44 31.342342 1.451765 7.380434 -0.255561 0.375661 -0.890824 0.647352 0.555260 1 44 1.000000
  44 32.377701 -1.145702 7.211092 -0.505024 0.511838 -0.694962 0.600761 0.650506 1 44 1.000000
  44 30.757153 -2.364618 7.518630 -0.713103 0.633585 -0.300089 0.673685 0.695202 1 44 1.000000
Blackcrab_sheet
  44 30.757153 -2.364618 7.518630 -0.713103 0.633585 -0.300089 0.673685 0.695202 1 44 1.000000
  44 32.377701 -1.145702 7.211092 -0.505024 0.511838 -0.694962 0.600761 0.650506 1 44 1.000000
  44 31.613792 -3.225949 7.157693 -0.432802 0.779759 -0.452392 0.635136 0.726786 1 44 1.000000
Blackcrab_sheet
  44 30.757153 -2.364618 7.518630 -0.713103 0.633585 -0.300089 0.673685 0.695202 1 44 1.000000
  44 31.613792 -3.225949 7.157693 -0.432802 0.779759 -0.452392 0.635136 0.726786 1 44 1.000000
  45 28.797342 -4.781855 6.940801 0.000001 0.991294 -0.131667 0.761185 0.783840 1 45 1.000000
Blackcrab_sheet
  45 28.797342 -4.781855 6.940801 0.000001 0.991294 -0.131667 0.761185 0.783840 1 45 1.000000
  44 31.613792 -3.225949 7.157693 -0.432802 0.779759 -0.452392 0.635136 0.726786 1 44 1.000000
  44 31.838192 -3.309501 6.563208 -0.602665 0.784366 -0.146847 0.625038 0.729850 1 44 1.000000
Blackcrab_sheet
  45 28.797342 -4.781855 6.940801 0.000001 0.991294 -0.131667 0.761185 0.783840 1 45 1.000000
  44 31.838192 -3.309501 6.563208 -0.602665 0.784366 -0.146847 0.625038 0.729850 1 44 1.000000
  45 30.208794 -4.473923 6.225439 -0.387321 0.911252 0.140008 0.698362 0.772548 1 45 1.000000
Blackcrab_sheet
  45 28.797342 -4.781855 6.940801 0.000001 0.991294 -0.131667 0.761185 0.783840 1 45 1.000000
  45 30.208794 -4.473923 6.225439 -0.387321 0.911252 0.140008 0.698362 0.772548 1 45 1.000000
  45 28.797342 -4.979782 6.267650 0.000001 0.959388 -0.282090 0.761185 0.791098 1 45 1.000000
Blackcrab_sheet
  45 27.385891 -4.473919 6.225438 0.387323 0.911251 0.140008 0.698362 0.772548 1 45 1.000000
  45 28.797342 -4.781855 6.940801 0.000001 0.991294 -0.131667 0.761185 0.783840 1 45 1.000000
  45 28.797342 -4.979782 6.267650 0.000001 0.959388 -0.282090 0.761185 0.791098 1 45 1.000000
Blackcrab_sheet
  45 27.385891 -4.473919 6.225438 0.387323 0.911251 0.140008 0.698362 0.772548 1 45 1.000000
  44 25.980896 -3.225942 7.157692 0.432804 0.779758 -0.452392 0.635136 0.726786 1 44 1.000000
  45 28.797342 -4.781855 6.940801 0.000001 0.991294 -0.131667 0.761185 0.783840 1 45 1.000000
Blackcrab_sheet
  45 27.385891 -4.473919 6.225438 0.387323 0.911251 0.140008 0.698362 0.772548 1 45 1.000000
  49 25.756498 -3.309495 6.563207 0.602667 0.784365 -0.146847 0.625038 0.729850 2 49 0.646280 45 0.353720
  44 25.980896 -3.225942 7.157692 0.432804 0.779758 -0.452392 0.635136 0.726786 1 44 1.000000
Blackcrab_sheet
  44 25.980896 -3.225942 7.157692 0.432804 0.779758 -0.452392 0.635136 0.726786 1 44 1.000000
  49 25.756498 -3.309495 6.563207 0.602667 0.784365 -0.146847 0.625038 0.729850 2 49 0.646280 45 0.353720
  44 24.491798 -1.261386 6.537589 0.682160 0.422160 -0.597025 0.568127 0.654748 1 44 1.000000
Blackcrab_sheet
  44 25.980896 -3.225942 7.157692 0.432804 0.779758 -0.452392 0.635136 0.726786 1 44 1.000000
  44 24.491798 -1.261386 6.537589 0.682160 0.422160 -0.597025 0.568127 0.654748 1 44 1.000000
  44 25.216993 -1.145694 7.211091 0.505024 0.511837 -0.694962 0.600761 0.650506 1 44 1.000000
Blackcrab_sheet
  44 25.609182 1.711852 7.122886 0.431007 0.272289 -0.860286 0.618409 0.545723 1 44 1.000000
  44 25.216993 -1.145694 7.211091 0.505024 0.511837 -0.694962 0.600761 0.650506 1 44 1.000000
  44 24.491798 -1.261386 6.537589 0.682160 0.422160 -0.597025 0.568127 0.654748 1 44 1.000000
Blackcrab_sheet
  44 26.837538 -2.364613 7.518630 0.713105 0.633584 -0.300089 0.673685 0.695202 1 44 1.000000
  44 25.216993 -1.145694 7.211091 0.505024 0.511837 -0.694962 0.600761 0.650506 1 44 1.000000
  44 25.609182 1.711852 7.122886 0.431007 0.272289 -0.860286 0.618409 0.545723 1 44 1.000000
Blackcrab_sheet
  44 26.837538 -2.364613 7.518630 0.713105 0.633584 -0.300089 0.673685 0.695202 1 44 1.000000
  44 25.609182 1.711852 7.122886 0.431007 0.272289 -0.860286 0.618409 0.545723 1 44 1.000000
  44 26.252356 1.451771 7.380433 0.255561 0.375660 -0.890824 0.647352 0.555260 1 44 1.000000
Blackcrab_sheet
  44 26.837538 -2.364613 7.518630 0.713105 0.633584 -0.300089 0.673685 0.695202 1 44 1.000000
  44 25.980896 -3.225942 7.157692 0.432804 0.779758 -0.452392 0.635136 0.726786 1 44 1.000000
  44 25.216993 -1.145694 7.211091 0.505024 0.511837 -0.694962 0.600761 0.650506 1 44 1.000000
Blackcrab_sheet
  44 28.797342 -3.684823 7.463269 0.000001 0.982630 -0.185577 0.761185 0.743613 1 44 1.000000
  44 25.980896 -3.225942 7.157692 0.432804 0.779758 -0.452392 0.635136 0.726786 1 44 1.000000
  44 26.837538 -2.364613 7.518630 0.713105 0.633584 -0.300089 0.673685 0.695202 1 44 1.000000
Blackcrab_sheet
  44 28.797342 -3.684823 7.463269 0.000001 0.982630 -0.185577 0.761185 0.743613 1 44 1.000000
  45 28.797342 -4.781855 6.940801 0.000001 0.991294 -0.131667 0.761185 0.783840 1 45 1.000000
  44 25.980896 -3.225942 7.157692 0.432804 0.779758 -0.452392 0.635136 0.726786 1 44 1.000000
Blackcrab_sheet
  44 30.757153 -2.364618 7.518630 -0.713103 0.633585 -0.300089 0.673685 0.695202 1 44 1.000000
  45 28.797342 -4.781855 6.940801 0.000001 0.991294 -0.131667 0.761185 0.783840 1 45 1.000000
  44 28.797342 -3.684823 7.463269 0.000001 0.982630 -0.185577 0.761185 0.743613 1 44 1.000000
Blackcrab_sheet
  44 27.117477 3.263426 7.205793 0.284014 -0.418132 -0.862845 0.686282 0.488828 1 44 1.000000
  44 28.797354 4.956493 6.545135 0.000000 0.231567 -0.972819 0.761185 0.426745 1 44 1.000000
  44 28.797352 3.846942 7.193706 0.000000 -0.504646 -0.863326 0.761185 0.467431 1 44 1.000000
Blackcrab_sheet
  44 28.797354 4.956493 6.545135 0.000000 0.231567 -0.972819 0.761185 0.426745 1 44 1.000000
  44 30.477224 3.263422 7.205794 -0.284014 -0.418132 -0.862845 0.686282 0.488828 1 44 1.000000
  44 28.797352 3.846942 7.193706 0.000000 -0.504646 -0.863326 0.761185 0.467431 1 44 1.000000
Blackcrab_sheet
  44 24.782310 2.643796 6.459136 -0.535336 0.534301 -0.654169 0.581200 0.511549 1 44 1.000000
  44 26.256248 4.915841 6.618445 -0.425147 0.894824 -0.136163 0.647527 0.428235 1 44 1.000000
  44 26.328911 4.140720 6.376992 0.142586 0.342181 -0.928752 0.650797 0.456659 1 44 1.000000
Blackcrab_sheet
  44 26.328911 4.140720 6.376992 0.142586 0.342181 -0.928752 0.650797 0.456659 1 44 1.000000
  44 25.609182 1.711852 7.122886 0.431007 0.272289 -0.860286 0.618409 0.545723 1 44 1.000000
  44 24.782310 2.643796 6.459136 -0.535336 0.534301 -0.654169 0.581200 0.511549 1 44 1.000000
Blackcrab_sheet
  44 24.491798 -1.261386 6.537589 0.682160 0.422160 -0.597025 0.568127 0.654748 1 44 1.000000
  44 24.782310 2.643796 6.459136 -0.535336 0.534301 -0.654169 0.581200 0.511549 1 44 1.000000
  44 25.609182 1.711852 7.122886 0.431007 0.272289 -0.860286 0.618409 0.545723 1 44 1.000000
Blackcrab_sheet
  44 26.252356 1.451771 7.380433 0.255561 0.375660 -0.890824 0.647352 0.555260 1 44 1.000000
  44 25.609182 1.711852 7.122886 0.431007 0.272289 -0.860286 0.618409 0.545723 1 44 1.000000
  44 27.117477 3.263426 7.205793 0.284014 -0.418132 -0.862845 0.686282 0.488828 1 44 1.000000
Blackcrab_sheet
  44 26.328911 4.140720 6.376992 0.142586 0.342181 -0.928752 0.650797 0.456659 1 44 1.000000
  44 27.117477 3.263426 7.205793 0.284014 -0.418132 -0.862845 0.686282 0.488828 1 44 1.000000
  44 25.609182 1.711852 7.122886 0.431007 0.272289 -0.860286 0.618409 0.545723 1 44 1.000000
Blackcrab_sheet
  44 28.797354 4.956493 6.545135 0.000000 0.231567 -0.972819 0.761185 0.426745 1 44 1.000000
  44 27.117477 3.263426 7.205793 0.284014 -0.418132 -0.862845 0.686282 0.488828 1 44 1.000000
  44 26.328911 4.140720 6.376992 0.142586 0.342181 -0.928752 0.650797 0.456659 1 44 1.000000
Blackcrab_sheet
  44 26.256248 4.915841 6.618445 -0.425147 0.894824 -0.136163 0.647527 0.428235 1 44 1.000000
  44 28.797354 4.956493 6.545135 0.000000 0.231567 -0.972819 0.761185 0.426745 1 44 1.000000
  44 26.328911 4.140720 6.376992 0.142586 0.342181 -0.928752 0.650797 0.456659 1 44 1.000000
Blackcrab_sheet
  44 26.256248 4.915841 6.618445 -0.425147 0.894824 -0.136163 0.647527 0.428235 1 44 1.000000
  44 28.797354 5.730519 6.694711 0.000001 0.700390 -0.713760 0.761185 0.398362 1 44 1.000000
  44 28.797354 4.956493 6.545135 0.000000 0.231567 -0.972819 0.761185 0.426745 1 44 1.000000
Blackcrab_sheet
  44 28.797354 5.730519 6.694711 0.000001 0.700390 -0.713760 0.761185 0.398362 1 44 1.000000
  44 31.265795 4.140715 6.376992 -0.142586 0.342182 -0.928752 0.650797 0.456659 1 44 1.000000
  44 28.797354 4.956493 6.545135 0.000000 0.231567 -0.972819 0.761185 0.426745 1 44 1.000000
Blackcrab_sheet
  44 28.797354 5.730519 6.694711 0.000001 0.700390 -0.713760 0.761185 0.398362 1 44 1.000000
  44 31.338459 4.915835 6.618446 0.425149 0.894823 -0.136163 0.647527 0.428235 1 44 1.000000
  44 31.265795 4.140715 6.376992 -0.142586 0.342182 -0.928752 0.650797 0.456659 1 44 1.000000
Blackcrab_sheet
  44 31.265795 4.140715 6.376992 -0.142586 0.342182 -0.928752 0.650797 0.456659 1 44 1.000000
  44 31.338459 4.915835 6.618446 0.425149 0.894823 -0.136163 0.647527 0.428235 1 44 1.000000
  44 32.812389 2.643788 6.459136 0.535338 0.534300 -0.654169 0.581200 0.511549 1 44 1.000000
Blackcrab_sheet
  44 31.338459 4.915835 6.618446 0.425149 0.894823 -0.136163 0.647527 0.428235 1 44 1.000000
  44 33.004330 2.972515 7.422843 0.909717 0.409529 -0.068565 0.572562 0.499495 1 44 1.000000
  44 32.812389 2.643788 6.459136 0.535338 0.534300 -0.654169 0.581200 0.511549 1 44 1.000000
Blackcrab_sheet
  44 32.812389 2.643788 6.459136 0.535338 0.534300 -0.654169 0.581200 0.511549 1 44 1.000000
  44 33.004330 2.972515 7.422843 0.909717 0.409529 -0.068565 0.572562 0.499495 1 44 1.000000
  44 33.070831 1.657391 7.312416 0.908168 0.116426 -0.402090 0.569570 0.547719 1 44 1.000000
Blackcrab_sheet
  44 33.070831 1.657391 7.312416 0.908168 0.116426 -0.402090 0.569570 0.547719 1 44 1.000000
  44 33.102894 -1.261395 6.537590 0.825932 0.300069 -0.477278 0.568127 0.654748 1 44 1.000000
  44 32.812389 2.643788 6.459136 0.535338 0.534300 -0.654169 0.581200 0.511549 1 44 1.000000
Blackcrab_sheet
  44 33.302139 0.667813 7.251814 0.744602 0.162761 -0.647361 0.559161 0.584006 1 44 1.000000
  44 33.102894 -1.261395 6.537590 0.825932 0.300069 -0.477278 0.568127 0.654748 1 44 1.000000
  44 33.070831 1.657391 7.312416 0.908168 0.116426 -0.402090 0.569570 0.547719 1 44 1.000000
Blackcrab_sheet
  44 33.428993 -0.669234 7.140847 0.842313 0.079261 -0.533129 0.553452 0.633034 1 44 1.000000
  44 33.102894 -1.261395 6.537590 0.825932 0.300069 -0.477278 0.568127 0.654748 1 44 1.000000
  44 33.302139 0.667813 7.251814 0.744602 0.162761 -0.647361 0.559161 0.584006 1 44 1.000000
Blackcrab_sheet
  44 33.444065 -1.444787 7.114253 0.772292 0.174450 -0.610845 0.552774 0.661473 1 44 1.000000
  44 33.102894 -1.261395 6.537590 0.825932 0.300069 -0.477278 0.568127 0.654748 1 44 1.000000
  44 33.428993 -0.669234 7.140847 0.842313 0.079261 -0.533129 0.553452 0.633034 1 44 1.000000
Blackcrab_sheet
  44 31.838192 -3.309501 6.563208 0.560770 0.020176 -0.827726 0.625038 0.729850 1 44 1.000000
  44 33.102894 -1.261395 6.537590 0.825932 0.300069 -0.477278 0.568127 0.654748 1 44 1.000000
  44 33.444065 -1.444787 7.114253 0.772292 0.174450 -0.610845 0.552774 0.661473 1 44 1.000000
Blackcrab_sheet
  44 31.838192 -3.309501 6.563208 0.560770 0.020176 -0.827726 0.625038 0.729850 1 44 1.000000
  44 33.444065 -1.444787 7.114253 0.772292 0.174450 -0.610845 0.552774 0.661473 1 44 1.000000
  45 32.578621 -3.533152 7.176495 0.535932 -0.001963 -0.844259 0.591719 0.738051 1 45 1.000000
Blackcrab_sheet
  44 31.838192 -3.309501 6.563208 0.560770 0.020176 -0.827726 0.625038 0.729850 1 44 1.000000
  45 32.578621 -3.533152 7.176495 0.535932 -0.001963 -0.844259 0.591719 0.738051 1 45 1.000000
  45 30.208794 -4.473923 6.225439 0.397335 -0.068873 -0.915085 0.698362 0.772548 1 45 1.000000
Blackcrab_sheet
  45 31.054514 -4.634130 6.891726 0.471828 -0.507569 -0.720938 0.660304 0.778423 1 45 1.000000
  45 30.208794 -4.473923 6.225439 0.397335 -0.068873 -0.915085 0.698362 0.772548 1 45 1.000000
  45 32.578621 -3.533152 7.176495 0.535932 -0.001963 -0.844259 0.591719 0.738051 1 45 1.000000
Blackcrab_sheet
  44 26.256248 4.915841 6.618445 -0.425147 0.894824 -0.136163 0.647527 0.428235 1 44 1.000000
  44 27.477081 5.486064 8.026423 -0.225175 0.929520 -0.292041 0.702465 0.383117 1 44 1.000000
  44 28.797354 5.867671 7.805550 0.000001 0.988980 -0.148047 0.761185 0.369124 1 44 1.000000
Blackcrab_sheet
  44 26.256248 4.915841 6.618445 -0.425147 0.894824 -0.136163 0.647527 0.428235 1 44 1.000000
  44 28.797354 5.867671 7.805550 0.000001 0.988980 -0.148047 0.761185 0.369124 1 44 1.000000
  44 28.797354 5.730519 6.694711 0.000001 0.920086 0.391716 0.761185 0.398362 1 44 1.000000
Blackcrab_sheet
  44 28.797354 5.867671 7.805550 0.000001 0.988980 -0.148047 0.761185 0.369124 1 44 1.000000
  44 31.338459 4.915835 6.618446 0.425149 0.894823 -0.136163 0.647527 0.428235 1 44 1.000000
  44 28.797354 5.730519 6.694711 0.000001 0.920086 0.391716 0.761185 0.398362 1 44 1.000000
Blackcrab_sheet
  44 28.797354 5.867671 7.805550 0.000001 0.988980 -0.148047 0.761185 0.369124 1 44 1.000000
  44 30.117626 5.486061 8.026423 0.225177 0.929520 -0.292041 0.702465 0.383117 1 44 1.000000
  44 31.338459 4.915835 6.618446 0.425149 0.894823 -0.136163 0.647527 0.428235 1 44 1.000000
Blackcrab_sheet
  44 31.798882 4.822203 7.806675 0.599799 0.766833 0.228491 0.626808 0.407460 1 44 1.000000
  44 31.338459 4.915835 6.618446 0.425149 0.894823 -0.136163 0.647527 0.428235 1 44 1.000000
  44 30.117626 5.486061 8.026423 0.225177 0.929520 -0.292041 0.702465 0.383117 1 44 1.000000
Blackcrab_sheet
  44 31.338459 4.915835 6.618446 0.425149 0.894823 -0.136163 0.647527 0.428235 1 44 1.000000
  44 31.798882 4.822203 7.806675 0.599799 0.766833 0.228491 0.626808 0.407460 1 44 1.000000
  44 33.004330 2.972515 7.422843 0.909717 0.409529 -0.068565 0.572562 0.499495 1 44 1.000000
Blackcrab_sheet
  45 30.035906 -5.338418 6.762357 0.280888 -0.306854 -0.909364 0.706141 0.804249 1 45 1.000000
  45 30.208794 -4.473923 6.225439 0.397335 -0.068873 -0.915085 0.698362 0.772548 1 45 1.000000
  45 31.054514 -4.634130 6.891726 0.471828 -0.507569 -0.720938 0.660304 0.778423 1 45 1.000000
Blackcrab_sheet
  45 28.797342 -4.979782 6.267650 0.000000 -0.110770 -0.993846 0.761185 0.791098 1 45 1.000000
  45 30.208794 -4.473923 6.225439 0.397335 -0.068873 -0.915085 0.698362 0.772548 1 45 1.000000
  45 30.035906 -5.338418 6.762357 0.280888 -0.306854 -0.909364 0.706141 0.804249 1 45 1.000000
Blackcrab_sheet
  45 28.797342 -4.979782 6.267650 0.000000 -0.110770 -0.993846 0.761185 0.791098 1 45 1.000000
  45 30.035906 -5.338418 6.762357 0.280888 -0.306854 -0.909364 0.706141 0.804249 1 45 1.000000
  45 28.797340 -5.613160 6.816930 -0.000001 -0.509854 -0.860261 0.761185 0.814323 1 45 1.000000
Blackcrab_sheet
  45 28.797342 -4.979782 6.267650 0.000000 -0.110770 -0.993846 0.761185 0.791098 1 45 1.000000
  45 28.797340 -5.613160 6.816930 -0.000001 -0.509854 -0.860261 0.761185 0.814323 1 45 1.000000
  45 27.558777 -5.338415 6.762357 -0.280888 -0.306853 -0.909364 0.706141 0.804249 1 45 1.000000
Blackcrab_sheet
  45 28.797342 -4.979782 6.267650 0.000000 -0.110770 -0.993846 0.761185 0.791098 1 45 1.000000
  45 27.558777 -5.338415 6.762357 -0.280888 -0.306853 -0.909364 0.706141 0.804249 1 45 1.000000
  45 27.385891 -4.473919 6.225438 -0.397335 -0.068872 -0.915085 0.698362 0.772548 1 45 1.000000
Blackcrab_sheet
  45 26.540171 -4.634125 6.891725 -0.471829 -0.507568 -0.720938 0.660304 0.778423 1 45 1.000000
  45 27.385891 -4.473919 6.225438 -0.397335 -0.068872 -0.915085 0.698362 0.772548 1 45 1.000000
  45 27.558777 -5.338415 6.762357 -0.280888 -0.306853 -0.909364 0.706141 0.804249 1 45 1.000000
Blackcrab_sheet
  45 25.016068 -3.533143 7.176494 -0.535932 -0.001962 -0.844259 0.591719 0.738051 2 45 0.795009 49 0.204991
  45 27.385891 -4.473919 6.225438 -0.397335 -0.068872 -0.915085 0.698362 0.772548 1 45 1.000000
  45 26.540171 -4.634125 6.891725 -0.471829 -0.507568 -0.720938 0.660304 0.778423 1 45 1.000000
Blackcrab_sheet
  45 27.385891 -4.473919 6.225438 -0.397335 -0.068872 -0.915085 0.698362 0.772548 1 45 1.000000
  45 25.016068 -3.533143 7.176494 -0.535932 -0.001962 -0.844259 0.591719 0.738051 2 45 0.795009 49 0.204991
  49 25.756498 -3.309495 6.563207 -0.560770 0.020177 -0.827726 0.625038 0.729850 2 49 0.646280 45 0.353720
Blackcrab_sheet
  45 25.016068 -3.533143 7.176494 -0.535932 -0.001962 -0.844259 0.591719 0.738051 2 45 0.795009 49 0.204991
  44 24.491798 -1.261386 6.537589 -0.825932 0.300070 -0.477278 0.568127 0.654748 1 44 1.000000
  49 25.756498 -3.309495 6.563207 -0.560770 0.020177 -0.827726 0.625038 0.729850 2 49 0.646280 45 0.353720
Blackcrab_sheet
  45 25.016068 -3.533143 7.176494 -0.535932 -0.001962 -0.844259 0.591719 0.738051 2 45 0.795009 49 0.204991
  44 24.150625 -1.444777 7.114252 -0.772292 0.174451 -0.610845 0.552774 0.661473 1 44 1.000000
  44 24.491798 -1.261386 6.537589 -0.825932 0.300070 -0.477278 0.568127 0.654748 1 44 1.000000
Blackcrab_sheet
  44 24.165701 -0.669224 7.140846 -0.842313 0.079264 -0.533129 0.553452 0.633034 1 44 1.000000
  44 24.491798 -1.261386 6.537589 -0.825932 0.300070 -0.477278 0.568127 0.654748 1 44 1.000000
  44 24.150625 -1.444777 7.114252 -0.772292 0.174451 -0.610845 0.552774 0.661473 1 44 1.000000
Blackcrab_sheet
  44 24.292557 0.667823 7.251813 -0.744602 0.162762 -0.647361 0.559161 0.584006 1 44 1.000000
  44 24.491798 -1.261386 6.537589 -0.825932 0.300070 -0.477278 0.568127 0.654748 1 44 1.000000
  44 24.165701 -0.669224 7.140846 -0.842313 0.079264 -0.533129 0.553452 0.633034 1 44 1.000000
Blackcrab_sheet
  44 24.523869 1.657401 7.312415 -0.908167 0.116428 -0.402090 0.569570 0.547719 1 44 1.000000
  44 24.491798 -1.261386 6.537589 -0.825932 0.300070 -0.477278 0.568127 0.654748 1 44 1.000000
  44 24.292557 0.667823 7.251813 -0.744602 0.162762 -0.647361 0.559161 0.584006 1 44 1.000000
Blackcrab_sheet
  44 24.782310 2.643796 6.459136 -0.535336 0.534301 -0.654169 0.581200 0.511549 1 44 1.000000
  44 24.491798 -1.261386 6.537589 -0.825932 0.300070 -0.477278 0.568127 0.654748 1 44 1.000000
  44 24.523869 1.657401 7.312415 -0.908167 0.116428 -0.402090 0.569570 0.547719 1 44 1.000000
Blackcrab_sheet
  44 24.523869 1.657401 7.312415 -0.908167 0.116428 -0.402090 0.569570 0.547719 1 44 1.000000
  44 24.590374 2.972524 7.422843 -0.909716 0.409531 -0.068566 0.572562 0.499495 1 44 1.000000
  44 24.782310 2.643796 6.459136 -0.535336 0.534301 -0.654169 0.581200 0.511549 1 44 1.000000
Blackcrab_sheet
  44 24.782310 2.643796 6.459136 -0.535336 0.534301 -0.654169 0.581200 0.511549 1 44 1.000000
  44 24.590374 2.972524 7.422843 -0.909716 0.409531 -0.068566 0.572562 0.499495 1 44 1.000000
  44 25.795826 4.822210 7.806674 -0.599797 0.766834 0.228491 0.626808 0.407460 1 44 1.000000
Blackcrab_sheet
  44 24.782310 2.643796 6.459136 -0.535336 0.534301 -0.654169 0.581200 0.511549 1 44 1.000000
  44 25.795826 4.822210 7.806674 -0.599797 0.766834 0.228491 0.626808 0.407460 1 44 1.000000
  44 26.256248 4.915841 6.618445 -0.425147 0.894824 -0.136163 0.647527 0.428235 1 44 1.000000
Blackcrab_sheet
  44 27.477081 5.486064 8.026423 -0.225175 0.929520 -0.292041 0.702465 0.383117 1 44 1.000000
  44 26.256248 4.915841 6.618445 -0.425147 0.894824 -0.136163 0.647527 0.428235 1 44 1.000000
  44 25.795826 4.822210 7.806674 -0.599797 0.766834 0.228491 0.626808 0.407460 1 44 1.000000
Blackcrab_sheet
  47 38.453938 -13.771830 8.092769 -0.705376 -0.701443 -0.102089 0.872378 0.987588 1 47 1.000000
  48 39.062500 -17.746193 7.138726 0.065690 -0.875575 0.478595 0.842455 0.839354 2 48 0.870003 47 0.129997
  47 38.932014 -14.526961 8.570534 -0.853827 -0.466923 0.230136 0.820575 0.979825 2 47 0.500000 48 0.500000
Blackcrab_sheet
  47 38.269733 -13.672635 7.403311 -0.997447 -0.052681 -0.048217 0.908097 0.981519 1 47 1.000000
  48 38.773563 -18.255253 6.475249 -0.855768 -0.511709 0.076249 0.858647 0.813413 2 48 0.930942 47 0.069058
  47 38.453938 -13.771830 8.092769 -0.705376 -0.701443 -0.102089 0.872378 0.987588 1 47 1.000000
Blackcrab_sheet
  47 38.453938 -13.771830 8.092769 -0.705376 -0.701443 -0.102089 0.872378 0.987588 1 47 1.000000
  48 38.773563 -18.255253 6.475249 -0.855768 -0.511709 0.076249 0.858647 0.813413 2 48 0.930942 47 0.069058
  48 39.062500 -17.746193 7.138726 0.065690 -0.875575 0.478595 0.842455 0.839354 2 48 0.870003 47 0.129997
Blackcrab_sheet
  48 40.406223 -20.982977 4.323914 0.057909 -0.982995 0.174262 0.843726 0.673419 1 48 1.000000
  48 39.062500 -17.746193 7.138726 0.065690 -0.875575 0.478595 0.842455 0.839354 2 48 0.870003 47 0.129997
  48 38.773563 -18.255253 6.475249 -0.855768 -0.511709 0.076249 0.858647 0.813413 2 48 0.930942 47 0.069058
Blackcrab_sheet
  48 39.062500 -17.746193 7.138726 0.065690 -0.875575 0.478595 0.842455 0.839354 2 48 0.870003 47 0.129997
  48 40.406223 -20.982977 4.323914 0.057909 -0.982995 0.174262 0.843726 0.673419 1 48 1.000000
  48 39.741379 -17.155884 6.855019 0.817148 -0.438021 0.374708 0.818984 0.844205 2 48 0.916322 47 0.083678
Blackcrab_sheet
  48 40.406223 -20.982977 4.323914 0.057909 -0.982995 0.174262 0.843726 0.673419 1 48 1.000000
  48 40.286880 -17.489922 5.604986 0.906372 -0.301718 0.295729 0.779355 0.798840 1 48 1.000000
  48 39.741379 -17.155884 6.855019 0.817148 -0.438021 0.374708 0.818984 0.844205 2 48 0.916322 47 0.083678
Blackcrab_sheet
  48 40.282181 -15.602041 6.099994 0.887376 -0.323379 0.328617 0.757033 0.863703 1 48 1.000000
  48 39.741379 -17.155884 6.855019 0.817148 -0.438021 0.374708 0.818984 0.844205 2 48 0.916322 47 0.083678
  48 40.286880 -17.489922 5.604986 0.906372 -0.301718 0.295729 0.779355 0.798840 1 48 1.000000
Blackcrab_sheet
  47 39.505066 -13.713503 8.008028 0.831885 -0.524422 0.181518 0.792077 0.970978 2 47 0.500000 48 0.500000
  48 39.741379 -17.155884 6.855019 0.817148 -0.438021 0.374708 0.818984 0.844205 2 48 0.916322 47 0.083678
  48 40.282181 -15.602041 6.099994 0.887376 -0.323379 0.328617 0.757033 0.863703 1 48 1.000000
Blackcrab_sheet
  47 39.505066 -13.713503 8.008028 0.831885 -0.524422 0.181518 0.792077 0.970978 2 47 0.500000 48 0.500000
  48 40.282181 -15.602041 6.099994 0.887376 -0.323379 0.328617 0.757033 0.863703 1 48 1.000000
  47 40.078239 -13.360318 7.173866 0.984698 -0.057747 -0.164421 0.757838 0.955941 2 47 0.500000 48 0.500000
Blackcrab_sheet
  47 38.932014 -14.526961 8.570534 0.658014 -0.638687 0.398869 0.820575 0.979825 2 47 0.500000 48 0.500000
  48 39.741379 -17.155884 6.855019 0.817148 -0.438021 0.374708 0.818984 0.844205 2 48 0.916322 47 0.083678
  47 39.505066 -13.713503 8.008028 0.831885 -0.524422 0.181518 0.792077 0.970978 2 47 0.500000 48 0.500000
Blackcrab_sheet
  47 38.932014 -14.526961 8.570534 0.658014 -0.638687 0.398869 0.820575 0.979825 2 47 0.500000 48 0.500000
  48 39.062500 -17.746193 7.138726 0.065690 -0.875575 0.478595 0.842455 0.839354 2 48 0.870003 47 0.129997
  48 39.741379 -17.155884 6.855019 0.817148 -0.438021 0.374708 0.818984 0.844205 2 48 0.916322 47 0.083678
Blackcrab_sheet
  48 40.406223 -20.982977 4.323914 0.057909 -0.982995 0.174262 0.843726 0.673419 1 48 1.000000
  48 40.438171 -22.583279 1.363938 0.956521 -0.291132 0.017621 0.879560 0.565793 1 48 1.000000
  48 40.631760 -20.163334 3.925983 0.984669 0.174333 -0.005823 0.804967 0.658227 1 48 1.000000
Blackcrab_sheet
  48 40.406223 -20.982977 4.323914 0.057909 -0.982995 0.174262 0.843726 0.673419 1 48 1.000000
  48 40.631760 -20.163334 3.925983 0.984669 0.174333 -0.005823 0.804967 0.658227 1 48 1.000000
  48 40.286880 -17.489922 5.604986 0.906372 -0.301718 0.295729 0.779355 0.798840 1 48 1.000000
Blackcrab_sheet
  47 38.360756 -13.513788 6.756969 -0.989950 0.065054 -0.125563 0.927629 0.974497 1 47 1.000000
  48 38.546146 -16.576221 5.617178 -0.984530 -0.117878 -0.129636 0.911030 0.853993 1 48 1.000000
  47 38.269733 -13.672635 7.403311 -0.997447 -0.052681 -0.048217 0.908097 0.981519 1 47 1.000000
Blackcrab_sheet
  47 38.269733 -13.672635 7.403311 -0.997447 -0.052681 -0.048217 0.908097 0.981519 1 47 1.000000
  48 38.546146 -16.576221 5.617178 -0.984530 -0.117878 -0.129636 0.911030 0.853993 1 48 1.000000
  48 38.773563 -18.255253 6.475249 -0.855768 -0.511709 0.076249 0.858647 0.813413 2 48 0.930942 47 0.069058
Blackcrab_sheet
  48 38.773563 -18.255253 6.475249 -0.855768 -0.511709 0.076249 0.858647 0.813413 2 48 0.930942 47 0.069058
  48 38.546146 -16.576221 5.617178 -0.984530 -0.117878 -0.129636 0.911030 0.853993 1 48 1.000000
  48 39.776535 -19.866480 3.595919 -0.900909 0.369923 -0.226977 0.922314 0.705505 1 48 1.000000
Blackcrab_sheet
  48 38.773563 -18.255253 6.475249 -0.855768 -0.511709 0.076249 0.858647 0.813413 2 48 0.930942 47 0.069058
  48 39.776535 -19.866480 3.595919 -0.900909 0.369923 -0.226977 0.922314 0.705505 1 48 1.000000
  48 40.406223 -20.982977 4.323914 0.057909 -0.982995 0.174262 0.843726 0.673419 1 48 1.000000
Blackcrab_sheet
  48 39.776535 -19.866480 3.595919 -0.900909 0.369923 -0.226977 0.922314 0.705505 1 48 1.000000
  48 40.074963 -22.513557 1.381292 -0.482027 -0.723647 -0.493949 0.910137 0.574373 1 48 1.000000
  48 40.406223 -20.982977 4.323914 0.057909 -0.982995 0.174262 0.843726 0.673419 1 48 1.000000
Blackcrab_sheet
  48 40.406223 -20.982977 4.323914 0.057909 -0.982995 0.174262 0.843726 0.673419 1 48 1.000000
  48 40.074963 -22.513557 1.381292 -0.482027 -0.723647 -0.493949 0.910137 0.574373 1 48 1.000000
  48 40.438171 -22.583279 1.363938 -0.188440 -0.982083 0.001683 0.879560 0.565793 1 48 1.000000
Blackcrab_sheet
  48 40.654514 -21.915310 0.874391 0.984910 0.159839 -0.066355 0.843493 0.561772 1 48 1.000000
  48 40.631760 -20.163334 3.925983 0.984669 0.174333 -0.005823 0.804967 0.658227 1 48 1.000000
  48 40.438171 -22.583279 1.363938 0.956521 -0.291132 0.017621 0.879864 0.565833 1 48 1.000000
Blackcrab_sheet
  48 40.284725 -21.368792 0.996157 -0.484031 0.848499 0.213923 0.945916 0.604329 1 48 1.000000
  48 40.360439 -19.741232 3.603194 0.574674 0.812343 -0.099240 0.947443 0.704950 1 48 1.000000
  48 40.547165 -21.468735 1.047974 0.727195 0.665048 0.169996 0.945916 0.604329 1 48 1.000000
Blackcrab_sheet
  48 40.360439 -19.741232 3.603194 0.574674 0.812343 -0.099240 0.947443 0.704950 1 48 1.000000
  48 40.284725 -21.368792 0.996157 -0.484031 0.848499 0.213923 0.945916 0.604329 1 48 1.000000
  48 39.935905 -21.599730 0.920365 -0.799670 0.600435 -0.002474 0.934076 0.596066 1 48 1.000000
Blackcrab_sheet
  48 40.360439 -19.741232 3.603194 0.574674 0.812343 -0.099240 0.947443 0.704950 1 48 1.000000
  48 39.935905 -21.599730 0.920365 -0.799670 0.600435 -0.002474 0.934076 0.596066 1 48 1.000000
  48 39.776535 -19.866480 3.595919 -0.900909 0.369923 -0.226977 0.922314 0.705505 1 48 1.000000
Blackcrab_sheet
  48 39.776535 -19.866480 3.595919 -0.900909 0.369923 -0.226977 0.922314 0.705505 1 48 1.000000
  48 39.935905 -21.599730 0.920365 -0.799670 0.600435 -0.002474 0.934076 0.596066 1 48 1.000000
  48 39.881866 -22.207205 1.056406 -0.961796 -0.130656 -0.240576 0.922588 0.579378 1 48 1.000000
Blackcrab_sheet
  48 39.776535 -19.866480 3.595919 -0.900909 0.369923 -0.226977 0.922314 0.705505 1 48 1.000000
  48 39.881866 -22.207205 1.056406 -0.961796 -0.130656 -0.240576 0.922588 0.579378 1 48 1.000000
  48 40.074963 -22.513557 1.381292 -0.482027 -0.723647 -0.493949 0.910137 0.574373 1 48 1.000000
Blackcrab_sheet
  48 40.360439 -19.741232 3.603194 0.574674 0.812343 -0.099240 0.947443 0.704950 1 48 1.000000
  48 38.546146 -16.576221 5.617178 -0.129855 0.804136 -0.580089 0.911030 0.853993 1 48 1.000000
  48 39.378532 -16.483288 5.658468 0.333996 0.791459 -0.511897 0.947490 0.857929 1 48 1.000000
Blackcrab_sheet
  48 40.360439 -19.741232 3.603194 0.574674 0.812343 -0.099240 0.947443 0.704950 1 48 1.000000
  48 39.776535 -19.866480 3.595919 -0.900909 0.369923 -0.226977 0.922314 0.705505 1 48 1.000000
  48 38.546146 -16.576221 5.617178 -0.129855 0.804136 -0.580089 0.911030 0.853993 1 48 1.000000
Blackcrab_sheet
  48 40.547165 -21.468735 1.047974 0.727195 0.665048 0.169996 0.945916 0.604329 1 48 1.000000
  48 40.360439 -19.741232 3.603194 0.574674 0.812343 -0.099240 0.947443 0.704950 1 48 1.000000
  48 40.654514 -21.915310 0.874391 0.984910 0.159839 -0.066355 0.970035 0.609947 1 48 1.000000
Blackcrab_sheet
  48 40.631760 -20.163334 3.925983 0.984669 0.174333 -0.005823 0.967608 0.699248 1 48 1.000000
  48 40.654514 -21.915310 0.874391 0.984910 0.159839 -0.066355 0.970035 0.609947 1 48 1.000000
  48 40.360439 -19.741232 3.603194 0.574674 0.812343 -0.099240 0.947443 0.704950 1 48 1.000000
Blackcrab_sheet
  48 40.360439 -19.741232 3.603194 0.574674 0.812343 -0.099240 0.947443 0.704950 1 48 1.000000
  48 39.378532 -16.483288 5.658468 0.333996 0.791459 -0.511897 0.947490 0.857929 1 48 1.000000
  48 40.631760 -20.163334 3.925983 0.984669 0.174333 -0.005823 0.967608 0.699248 1 48 1.000000
Blackcrab_sheet
  48 40.286880 -17.489922 5.604986 0.377850 0.385674 -0.841716 0.977131 0.823937 1 48 1.000000
  48 40.631760 -20.163334 3.925983 0.984669 0.174333 -0.005823 0.967608 0.699248 1 48 1.000000
  48 39.378532 -16.483288 5.658468 0.333996 0.791459 -0.511897 0.947490 0.857929 1 48 1.000000
Blackcrab_sheet
  48 40.286880 -17.489922 5.604986 0.377850 0.385674 -0.841716 0.977131 0.823937 1 48 1.000000
  48 39.378532 -16.483288 5.658468 0.333996 0.791459 -0.511897 0.947490 0.857929 1 48 1.000000
  48 40.282181 -15.602041 6.099994 0.321030 0.702809 -0.634822 0.971938 0.888975 1 48 1.000000
Blackcrab_sheet
  47 40.078239 -13.360318 7.173866 0.984698 -0.057747 -0.164421 0.995251 0.983376 2 47 0.500000 48 0.500000
  48 40.282181 -15.602041 6.099994 0.321030 0.702809 -0.634822 0.971938 0.888975 1 48 1.000000
  48 39.378532 -16.483288 5.658468 0.333996 0.791459 -0.511897 0.947490 0.857929 1 48 1.000000
Blackcrab_sheet
  47 40.078239 -13.360318 7.173866 0.984698 -0.057747 -0.164421 0.995251 0.983376 2 47 0.500000 48 0.500000
  48 39.378532 -16.483288 5.658468 0.333996 0.791459 -0.511897 0.947490 0.857929 1 48 1.000000
  47 39.216682 -13.358193 6.417008 0.281058 0.422008 -0.861926 0.956872 0.971021 2 47 0.779691 48 0.220309
Blackcrab_sheet
  47 39.216682 -13.358193 6.417008 0.281058 0.422008 -0.861926 0.956872 0.971021 2 47 0.779691 48 0.220309
  48 39.378532 -16.483288 5.658468 0.333996 0.791459 -0.511897 0.947490 0.857929 1 48 1.000000
  48 38.546146 -16.576221 5.617178 -0.129855 0.804136 -0.580089 0.911030 0.853993 1 48 1.000000
Blackcrab_sheet
  47 39.216682 -13.358193 6.417008 0.281058 0.422008 -0.861926 0.956872 0.971021 2 47 0.779691 48 0.220309
  48 38.546146 -16.576221 5.617178 -0.129855 0.804136 -0.580089 0.911030 0.853993 1 48 1.000000
  47 38.360756 -13.513788 6.756969 -0.206718 0.713008 -0.669991 0.927629 0.974497 1 47 1.000000
Blackcrab_sheet
  44 23.775326 0.955792 6.745207 0.480960 -0.444787 -0.755541 0.693036 0.911597 1 44 1.000000
  52 23.582205 1.444895 6.241458 0.332845 -0.609581 -0.719462 0.725409 0.880338 3 52 0.586497 49 0.338306 44 0.075197
  44 24.061039 1.144590 6.717423 0.663103 -0.142033 -0.734929 0.704433 0.912242 1 44 1.000000
Blackcrab_sheet
  44 24.061039 1.144590 6.717423 0.663103 -0.142033 -0.734929 0.704433 0.912242 1 44 1.000000
  52 23.582205 1.444895 6.241458 0.756117 0.444830 -0.480014 0.725409 0.880338 3 52 0.586497 49 0.338306 44 0.075197
  44 23.905804 1.411151 6.719917 0.603977 0.457605 -0.652540 0.720469 0.913464 1 44 1.000000
Blackcrab_sheet
  52 23.582205 1.444895 6.241458 -0.946424 -0.318438 0.053647 0.725409 0.880338 3 52 0.586497 49 0.338306 44 0.075197
  44 23.775326 0.955792 6.745207 -0.903895 -0.172351 -0.391495 0.693036 0.911597 1 44 1.000000
  44 23.683603 1.243508 6.834906 -0.852184 0.350902 -0.388137 0.709809 0.919056 1 44 1.000000
Blackcrab_sheet
  52 23.582205 1.444895 6.241458 -0.438952 0.825367 0.355092 0.725409 0.880338 3 52 0.586497 49 0.338306 44 0.075197
  44 23.683603 1.243508 6.834906 -0.852184 0.350902 -0.388137 0.709809 0.919056 1 44 1.000000
  44 23.905804 1.411151 6.719917 -0.615878 0.786654 -0.043231 0.720469 0.913464 1 44 1.000000
Blackcrab_sheet
  52 20.451736 13.223078 12.549122 0.556383 -0.014399 0.830801 0.885206 0.162804 1 52 1.000000
  52 22.297907 10.512123 11.234279 0.834008 0.375543 0.404224 0.864738 0.274656 1 52 1.000000
  52 20.761681 13.853955 10.764735 0.780651 0.603885 -0.160958 0.853853 0.148545 1 52 1.000000
Blackcrab_sheet
  52 18.227470 15.677675 11.619358 0.096433 -0.084444 0.991751 0.904565 0.027472 1 52 1.000000
  53 16.553835 15.834296 10.588350 -0.982924 0.164251 0.082954 0.940098 0.022263 1 53 1.000000
  52 17.271084 14.468086 11.005084 -0.855678 -0.455899 0.244888 0.949201 0.073187 1 52 1.000000
Blackcrab_sheet
  52 18.227470 15.677675 11.619358 0.096433 -0.084444 0.991751 0.904565 0.027472 1 52 1.000000
  52 17.271084 14.468086 11.005084 -0.855678 -0.455899 0.244888 0.949201 0.073187 1 52 1.000000
  52 18.508072 11.108348 11.886854 -0.810910 -0.580880 0.070728 0.972042 0.195021 1 52 1.000000
Blackcrab_sheet
  52 18.227470 15.677675 11.619358 0.096433 -0.084444 0.991751 0.904565 0.027472 1 52 1.000000
  52 18.508072 11.108348 11.886854 -0.810910 -0.580880 0.070728 0.972042 0.195021 1 52 1.000000
  52 19.873964 11.599413 12.877382 -0.150714 -0.554211 0.818618 0.930438 0.202535 1 52 1.000000
Blackcrab_sheet
  52 20.138386 9.140962 11.275152 -0.760252 -0.645794 0.070476 0.950898 0.280967 1 52 1.000000
  52 19.873964 11.599413 12.877382 -0.150714 -0.554211 0.818618 0.930438 0.202535 1 52 1.000000
  52 18.508072 11.108348 11.886854 -0.810910 -0.580880 0.070728 0.972042 0.195021 1 52 1.000000
Blackcrab_sheet
  52 20.138386 9.140962 11.275152 -0.760252 -0.645794 0.070476 0.950898 0.280967 1 52 1.000000
  52 21.224304 9.700114 12.262326 -0.196706 -0.567011 0.799878 0.916488 0.281864 1 52 1.000000
  52 19.873964 11.599413 12.877382 -0.150714 -0.554211 0.818618 0.930438 0.202535 1 52 1.000000
Blackcrab_sheet
  52 21.224304 9.700114 12.262326 -0.196706 -0.567011 0.799878 0.916488 0.281864 1 52 1.000000
  52 20.138386 9.140962 11.275152 -0.760252 -0.645794 0.070476 0.950898 0.280967 1 52 1.000000
  52 21.162621 6.332963 11.162279 -0.888217 0.189960 -0.418313 0.964506 0.382528 1 52 1.000000
Blackcrab_sheet
  52 21.224304 9.700114 12.262326 -0.196706 -0.567011 0.799878 0.916488 0.281864 1 52 1.000000
  52 21.162621 6.332963 11.162279 -0.888217 0.189960 -0.418313 0.964506 0.382528 1 52 1.000000
  52 21.795010 3.126348 10.282725 -0.986133 -0.091161 0.138678 0.990882 0.489665 1 52 1.000000
Blackcrab_sheet
  52 21.224304 9.700114 12.262326 -0.196706 -0.567011 0.799878 0.916488 0.281864 1 52 1.000000
  52 21.795010 3.126348 10.282725 -0.986133 -0.091161 0.138678 0.990882 0.489665 1 52 1.000000
  52 22.624170 2.625663 10.954822 -0.609309 -0.515962 0.602101 0.978835 0.518387 1 52 1.000000
Blackcrab_sheet
  52 22.624170 2.625663 10.954822 -0.609309 -0.515962 0.602101 0.978835 0.518387 1 52 1.000000
  52 24.067867 5.084575 12.465752 -0.364027 -0.350601 0.862881 0.907098 0.467734 1 52 1.000000
  52 21.224304 9.700114 12.262326 -0.196706 -0.567011 0.799878 0.916488 0.281864 1 52 1.000000
Blackcrab_sheet
  52 21.224304 9.700114 12.262326 -0.196706 -0.567011 0.799878 0.916488 0.281864 1 52 1.000000
  52 24.067867 5.084575 12.465752 -0.364027 -0.350601 0.862881 0.907098 0.467734 1 52 1.000000
  52 23.880278 8.029934 12.000753 0.484877 0.075194 0.871344 0.862572 0.375564 1 52 1.000000
Blackcrab_sheet
  52 27.131031 6.127445 12.075398 -0.277160 0.127265 0.952358 0.825649 0.502206 1 52 1.000000
  52 23.880278 8.029934 12.000753 0.484877 0.075194 0.871344 0.862572 0.375564 1 52 1.000000
  52 24.067867 5.084575 12.465752 -0.364027 -0.350601 0.862881 0.907098 0.467734 1 52 1.000000
Blackcrab_sheet
  52 27.131031 6.127445 12.075398 -0.277160 0.127265 0.952358 0.825649 0.502206 1 52 1.000000
  52 26.179981 7.057678 10.822201 0.072627 0.746941 0.660912 0.801875 0.442244 1 52 1.000000
  52 23.880278 8.029934 12.000753 0.484877 0.075194 0.871344 0.862572 0.375564 1 52 1.000000
Blackcrab_sheet
  52 23.648468 8.749235 10.592183 0.512330 0.856739 0.059300 0.848424 0.349861 1 52 1.000000
  52 23.880278 8.029934 12.000753 0.484877 0.075194 0.871344 0.862572 0.375564 1 52 1.000000
  52 26.179981 7.057678 10.822201 0.072627 0.746941 0.660912 0.801875 0.442244 1 52 1.000000
Blackcrab_sheet
  52 23.648468 8.749235 10.592183 0.512330 0.856739 0.059300 0.848424 0.349861 1 52 1.000000
  52 22.297907 10.512123 11.234279 0.834008 0.375543 0.404224 0.864738 0.274656 1 52 1.000000
  52 23.880278 8.029934 12.000753 0.484877 0.075194 0.871344 0.862572 0.375564 1 52 1.000000
Blackcrab_sheet
  52 21.224304 9.700114 12.262326 -0.196706 -0.567011 0.799878 0.916488 0.281864 1 52 1.000000
  52 23.880278 8.029934 12.000753 0.484877 0.075194 0.871344 0.862572 0.375564 1 52 1.000000
  52 22.297907 10.512123 11.234279 0.834008 0.375543 0.404224 0.864738 0.274656 1 52 1.000000
Blackcrab_sheet
  52 20.451736 13.223078 12.549122 0.556383 -0.014399 0.830801 0.885206 0.162804 1 52 1.000000
  52 21.224304 9.700114 12.262326 -0.196706 -0.567011 0.799878 0.916488 0.281864 1 52 1.000000
  52 22.297907 10.512123 11.234279 0.834008 0.375543 0.404224 0.864738 0.274656 1 52 1.000000
Blackcrab_sheet
  52 20.451736 13.223078 12.549122 0.556383 -0.014399 0.830801 0.885206 0.162804 1 52 1.000000
  52 19.873964 11.599413 12.877382 -0.150714 -0.554211 0.818618 0.930438 0.202535 1 52 1.000000
  52 21.224304 9.700114 12.262326 -0.196706 -0.567011 0.799878 0.916488 0.281864 1 52 1.000000
Blackcrab_sheet
  52 20.451736 13.223078 12.549122 0.556383 -0.014399 0.830801 0.885206 0.162804 1 52 1.000000
  52 18.227470 15.677675 11.619358 0.096433 -0.084444 0.991751 0.904565 0.027472 1 52 1.000000
  52 19.873964 11.599413 12.877382 -0.150714 -0.554211 0.818618 0.930438 0.202535 1 52 1.000000
Blackcrab_sheet
  52 20.761681 13.853955 10.764735 0.780651 0.603885 -0.160958 0.853853 0.148545 1 52 1.000000
  52 18.227470 15.677675 11.619358 0.096433 -0.084444 0.991751 0.904565 0.027472 1 52 1.000000
  52 20.451736 13.223078 12.549122 0.556383 -0.014399 0.830801 0.885206 0.162804 1 52 1.000000
Blackcrab_sheet
  52 20.761681 13.853955 10.764735 0.780651 0.603885 -0.160958 0.853853 0.148545 1 52 1.000000
  52 19.482637 15.236460 10.763245 0.838523 0.357862 0.410871 0.869739 0.085923 1 52 1.000000
  52 18.227470 15.677675 11.619358 0.096433 -0.084444 0.991751 0.904565 0.027472 1 52 1.000000
Blackcrab_sheet
  52 19.482637 15.236460 10.763245 0.838523 0.357862 0.410871 0.869739 0.085923 1 52 1.000000
  53 19.141726 16.816824 10.328572 0.655922 0.693500 0.298035 0.858690 0.035581 1 53 1.000000
  52 18.227470 15.677675 11.619358 0.096433 -0.084444 0.991751 0.904565 0.027472 1 52 1.000000
Blackcrab_sheet
  55 42.107712 20.328979 0.213293 -0.470064 -0.673018 -0.571039 0.643560 0.233807 1 55 1.000000
  55 42.375404 20.345385 0.012593 -0.003452 -0.844240 -0.535955 0.674803 0.261200 1 55 1.000000
  55 42.437035 20.172348 0.284762 -0.068803 -0.723275 -0.687124 0.639407 0.239246 1 55 1.000000
Blackcrab_sheet
  48 40.074963 -22.513557 1.381292 -0.482027 -0.723647 -0.493949 0.487443 0.068787 1 48 1.000000
  48 40.477962 -21.921146 0.120817 -0.173656 -0.162453 -0.971315 0.583355 0.034729 1 48 1.000000
  48 40.438171 -22.583279 1.363938 -0.188440 -0.982083 0.001683 0.481340 0.054583 1 48 1.000000
Blackcrab_sheet
  48 39.881866 -22.207205 1.056406 -0.961796 -0.130656 -0.240576 0.522139 0.076198 1 48 1.000000
  48 40.477962 -21.921146 0.120817 -0.173656 -0.162453 -0.971315 0.583355 0.034729 1 48 1.000000
  48 40.074963 -22.513557 1.381292 -0.482027 -0.723647 -0.493949 0.487443 0.068787 1 48 1.000000
Blackcrab_sheet
  48 39.881866 -22.207205 1.056406 -0.961796 -0.130656 -0.240576 0.522139 0.076198 1 48 1.000000
  48 40.068050 -21.768148 0.093627 -0.843985 0.334887 -0.418975 0.596213 0.052708 1 48 1.000000
  48 40.477962 -21.921146 0.120817 -0.173656 -0.162453 -0.971315 0.583355 0.034729 1 48 1.000000
Blackcrab_sheet
  48 39.972797 -21.707407 0.564675 -0.850715 0.470092 -0.235155 0.571824 0.079130 1 48 1.000000
  48 40.068050 -21.768148 0.093627 -0.843985 0.334887 -0.418975 0.596213 0.052708 1 48 1.000000
  48 39.881866 -22.207205 1.056406 -0.961796 -0.130656 -0.240576 0.522139 0.076198 1 48 1.000000
Blackcrab_sheet
  48 39.935905 -21.599730 0.920365 -0.799670 0.600435 -0.002474 0.555654 0.101470 1 48 1.000000
  48 39.972797 -21.707407 0.564675 -0.850715 0.470092 -0.235155 0.571824 0.079130 1 48 1.000000
  48 39.881866 -22.207205 1.056406 -0.961796 -0.130656 -0.240576 0.522139 0.076198 1 48 1.000000
Blackcrab_sheet
  48 40.547165 -21.468735 1.047974 0.727195 0.665048 0.169996 0.546674 0.097782 1 48 1.000000
  48 40.426010 -21.401623 0.765573 0.923554 0.264098 0.278029 0.567768 0.092267 1 48 1.000000
  48 40.284725 -21.368792 0.996157 -0.484031 0.848499 0.213923 0.557043 0.107895 1 48 1.000000
Blackcrab_sheet
  48 40.654514 -21.915310 0.874391 0.984910 0.159839 -0.066355 0.536665 0.063306 1 48 1.000000
  48 40.426010 -21.401623 0.765573 0.923554 0.264098 0.278029 0.567768 0.092267 1 48 1.000000
  48 40.547165 -21.468735 1.047974 0.727195 0.665048 0.169996 0.546674 0.097782 1 48 1.000000
Blackcrab_sheet
  48 40.654514 -21.915310 0.874391 0.984910 0.159839 -0.066355 0.536665 0.063306 1 48 1.000000
  48 40.535976 -21.600243 0.633352 0.946175 0.320274 0.046670 0.565885 0.072865 1 48 1.000000
  48 40.426010 -21.401623 0.765573 0.923554 0.264098 0.278029 0.567768 0.092267 1 48 1.000000
Blackcrab_sheet
  48 40.654514 -21.915310 0.874391 0.984910 0.159839 -0.066355 0.536665 0.063306 1 48 1.000000
  48 40.477962 -21.921146 0.120817 0.972874 -0.015880 -0.230791 0.583355 0.034729 1 48 1.000000
  48 40.535976 -21.600243 0.633352 0.946175 0.320274 0.046670 0.565885 0.072865 1 48 1.000000
Blackcrab_sheet
  48 40.438171 -22.583279 1.363938 0.956521 -0.291132 0.017621 0.481340 0.054583 1 48 1.000000
  48 40.477962 -21.921146 0.120817 0.972874 -0.015880 -0.230791 0.583355 0.034729 1 48 1.000000
  48 40.654514 -21.915310 0.874391 0.984910 0.159839 -0.066355 0.536665 0.063306 1 48 1.000000
Blackcrab_sheet
  48 40.359962 -20.183762 1.553061 -0.998242 0.045570 0.037898 0.688908 0.328325 1 48 1.000000
  48 40.274879 -20.897785 0.170515 -0.987363 0.132299 0.087245 0.795430 0.337386 1 48 1.000000
  48 40.284725 -21.368792 0.996157 -0.484031 0.848499 0.213923 0.764669 0.279832 1 48 1.000000
Blackcrab_sheet
  48 40.274879 -20.897785 0.170515 -0.987363 0.132299 0.087245 0.795430 0.337386 1 48 1.000000
  48 40.068050 -21.768148 0.093627 -0.843985 0.334887 -0.418975 0.832843 0.289201 1 48 1.000000
  48 40.284725 -21.368792 0.996157 -0.484031 0.848499 0.213923 0.764669 0.279832 1 48 1.000000
Blackcrab_sheet
  48 39.972797 -21.707407 0.564675 -0.850715 0.470092 -0.235155 0.803994 0.275209 1 48 1.000000
  48 40.284725 -21.368792 0.996157 -0.484031 0.848499 0.213923 0.764669 0.279832 1 48 1.000000
  48 40.068050 -21.768148 0.093627 -0.843985 0.334887 -0.418975 0.832843 0.289201 1 48 1.000000
Blackcrab_sheet
  48 39.935905 -21.599730 0.920365 -0.799670 0.600435 -0.002474 0.779736 0.268318 1 48 1.000000
  48 40.284725 -21.368792 0.996157 -0.484031 0.848499 0.213923 0.764669 0.279832 1 48 1.000000
  48 39.972797 -21.707407 0.564675 -0.850715 0.470092 -0.235155 0.803994 0.275209 1 48 1.000000
Blackcrab_sheet
  48 40.274879 -20.897785 0.170515 0.090634 0.066242 -0.993679 0.795430 0.337386 1 48 1.000000
  48 40.477962 -21.921146 0.120817 -0.173656 -0.162453 -0.971315 0.834127 0.280391 1 48 1.000000
  48 40.068050 -21.768148 0.093627 -0.843985 0.334887 -0.418975 0.832843 0.289201 1 48 1.000000
Blackcrab_sheet
  45 28.225594 -7.604744 5.722173 -0.969851 0.211796 -0.120547 0.274447 0.068121 1 45 1.000000
  45 28.393456 -5.767799 7.599094 -0.969851 0.211796 -0.120547 0.235519 0.044116 1 45 1.000000
  45 28.797340 -5.613160 6.816930 -0.834190 0.429575 -0.345821 0.295141 0.012207 1 45 1.000000
Blackcrab_sheet
  45 28.225594 -7.604744 5.722173 -0.969851 0.211796 -0.120547 0.274447 0.068121 1 45 1.000000
  45 28.331297 -7.336233 6.674693 -0.992447 -0.030675 0.118780 0.272140 0.059371 1 45 1.000000
  45 28.393456 -5.767799 7.599094 -0.969851 0.211796 -0.120547 0.235519 0.044116 1 45 1.000000
Blackcrab_sheet
  45 26.562603 -5.611173 5.509744 0.916043 -0.399687 -0.033391 0.664208 0.953679 1 45 1.000000
  45 26.439007 -5.928758 5.548400 0.930781 -0.348979 0.108902 0.658311 0.956338 1 45 1.000000
  45 26.769253 -5.439584 5.184926 0.869470 -0.289666 0.400145 0.669325 0.943003 1 45 1.000000
Blackcrab_sheet
  45 26.562603 -5.611173 5.509744 0.916043 -0.399687 -0.033391 0.664208 0.953679 1 45 1.000000
  45 26.392902 -6.447159 6.344821 0.870530 -0.424831 -0.248387 0.654107 0.974326 1 45 1.000000
  45 26.439007 -5.928758 5.548400 0.930781 -0.348979 0.108902 0.658311 0.956338 1 45 1.000000
Blackcrab_sheet
  45 26.873114 -5.902226 6.812351 0.828778 -0.470626 -0.302717 0.667672 0.980366 1 45 1.000000
  45 26.392902 -6.447159 6.344821 0.870530 -0.424831 -0.248387 0.654107 0.974326 1 45 1.000000
  45 26.562603 -5.611173 5.509744 0.916043 -0.399687 -0.033391 0.664208 0.953679 1 45 1.000000
Blackcrab_sheet
  45 24.809620 -4.680682 4.154619 -0.951198 -0.073368 -0.299731 0.629133 0.974821 1 45 1.000000
  45 25.101017 -4.453886 3.243996 -0.798897 -0.236622 -0.552968 0.620198 0.956586 1 45 1.000000
  45 24.877138 -5.219251 3.894953 -0.413720 -0.339597 -0.844695 0.617464 0.976516 1 45 1.000000
Blackcrab_sheet
  45 25.101017 -4.453886 3.243996 -0.798897 -0.236622 -0.552968 0.620198 0.956586 1 45 1.000000
  45 25.650736 -4.158857 2.659295 0.075460 -0.732725 -0.676328 0.616226 0.940895 1 45 1.000000
  45 24.877138 -5.219251 3.894953 -0.413720 -0.339597 -0.844695 0.617464 0.976516 1 45 1.000000
Blackcrab_sheet
  45 24.877138 -5.219251 3.894953 -0.413720 -0.339597 -0.844695 0.617464 0.976516 1 45 1.000000
  45 25.650736 -4.158857 2.659295 0.075460 -0.732725 -0.676328 0.616226 0.940895 1 45 1.000000
  45 25.436989 -4.725468 3.305401 0.755586 -0.625894 -0.193250 0.616501 0.961056 1 45 1.000000
Blackcrab_sheet
  45 25.436989 -4.725468 3.305401 0.755586 -0.625894 -0.193250 0.616501 0.961056 1 45 1.000000
  45 25.650736 -4.158857 2.659295 0.075460 -0.732725 -0.676328 0.616226 0.940895 1 45 1.000000
  45 26.157017 -3.569155 2.758588 0.867216 -0.483250 0.120025 0.633731 0.934319 1 45 1.000000
Blackcrab_sheet
  45 25.463657 -4.417072 3.434922 0.982969 -0.045560 0.178035 0.624051 0.957914 1 45 1.000000
  45 25.436989 -4.725468 3.305401 0.755586 -0.625894 -0.193250 0.616501 0.961056 1 45 1.000000
  45 26.157017 -3.569155 2.758588 0.867216 -0.483250 0.120025 0.633731 0.934319 1 45 1.000000
Blackcrab_sheet
  45 25.494995 -4.870647 3.969388 0.922562 -0.179395 -0.341610 0.623820 0.973802 1 45 1.000000
  45 25.436989 -4.725468 3.305401 0.755586 -0.625894 -0.193250 0.616501 0.961056 1 45 1.000000
  45 25.463657 -4.417072 3.434922 0.982969 -0.045560 0.178035 0.624051 0.957914 1 45 1.000000
Blackcrab_sheet
  45 25.385494 -4.493422 4.277267 0.226276 0.870661 0.436748 0.633604 0.974791 1 45 1.000000
  45 25.494995 -4.870647 3.969388 0.922562 -0.179395 -0.341610 0.623820 0.973802 1 45 1.000000
  45 25.463657 -4.417072 3.434922 0.982969 -0.045560 0.178035 0.624051 0.957914 1 45 1.000000
Blackcrab_sheet
  45 24.877138 -5.219251 3.894953 -0.413720 -0.339597 -0.844695 0.617464 0.976516 1 45 1.000000
  45 25.436989 -4.725468 3.305401 0.755586 -0.625894 -0.193250 0.616501 0.961056 1 45 1.000000
  45 25.494995 -4.870647 3.969388 0.922562 -0.179395 -0.341610 0.623820 0.973802 1 45 1.000000
Blackcrab_sheet
  45 24.809620 -4.680682 4.154619 0.016420 0.979871 -0.198953 0.629133 0.974821 1 45 1.000000
  45 25.385494 -4.493422 4.277267 0.226276 0.870661 0.436748 0.633604 0.974791 1 45 1.000000
  45 25.101017 -4.453886 3.243996 -0.416290 0.901435 0.118817 0.620198 0.956586 1 45 1.000000
Blackcrab_sheet
  45 25.385494 -4.493422 4.277267 0.226276 0.870661 0.436748 0.633604 0.974791 1 45 1.000000
  45 25.463657 -4.417072 3.434922 -0.266035 0.905457 0.330715 0.624051 0.957914 1 45 1.000000
  45 25.101017 -4.453886 3.243996 -0.416290 0.901435 0.118817 0.620198 0.956586 1 45 1.000000
Blackcrab_sheet
  45 25.463657 -4.417072 3.434922 -0.266035 0.905457 0.330715 0.624051 0.957914 1 45 1.000000
  45 26.157017 -3.569155 2.758588 -0.600124 0.788889 0.132307 0.633731 0.934319 1 45 1.000000
  45 25.101017 -4.453886 3.243996 -0.416290 0.901435 0.118817 0.620198 0.956586 1 45 1.000000
Blackcrab_sheet
  45 26.157017 -3.569155 2.758588 -0.600124 0.788889 0.132307 0.633731 0.934319 1 45 1.000000
  45 25.650736 -4.158857 2.659295 -0.690606 0.647246 -0.322700 0.616226 0.940895 1 45 1.000000
  45 25.101017 -4.453886 3.243996 -0.416290 0.901435 0.118817 0.620198 0.956586 1 45 1.000000
Blackcrab_sheet
  54 39.168659 16.103067 9.569427 -0.327491 0.638981 -0.696026 0.645427 0.023702 2 54 0.632099 55 0.367901
  55 38.733349 16.748257 10.228078 -0.621079 0.783748 0.000118 0.672775 0.022435 1 55 1.000000
  55 39.499680 16.583536 9.047667 -0.587667 0.103298 -0.802482 0.633985 0.038206 1 55 1.000000
Blackcrab_sheet
  55 38.733349 16.748257 10.228078 -0.621079 0.783748 0.000118 0.672775 0.022435 1 55 1.000000
  55 40.788189 20.142221 7.046740 -0.848285 -0.128884 -0.513616 0.645491 0.110876 1 55 1.000000
  55 39.499680 16.583536 9.047667 -0.587667 0.103298 -0.802482 0.633985 0.038206 1 55 1.000000
Blackcrab_sheet
  55 42.107712 20.328979 0.213293 -0.291285 0.903401 -0.314674 0.643560 0.233807 1 55 1.000000
  55 41.887920 21.114656 2.672355 -0.346621 0.897974 0.271103 0.638590 0.186703 1 55 1.000000
  55 42.375404 20.345385 0.012593 -0.230125 0.958161 0.170208 0.674803 0.261200 1 55 1.000000
Blackcrab_sheet
  55 42.375404 20.345385 0.012593 -0.230125 0.958161 0.170208 0.674803 0.261200 1 55 1.000000
  55 41.887920 21.114656 2.672355 -0.346621 0.897974 0.271103 0.638590 0.186703 1 55 1.000000
  55 42.647247 21.529764 2.912750 -0.373763 0.872599 0.314440 0.726864 0.184136 1 55 1.000000
Blackcrab_sheet
  55 41.887920 21.114656 2.672355 -0.346621 0.897974 0.271103 0.638590 0.186703 1 55 1.000000
  55 41.465588 20.639473 7.712712 -0.592334 0.558112 0.581077 0.718900 0.110109 1 55 1.000000
  55 42.647247 21.529764 2.912750 -0.373763 0.872599 0.314440 0.726864 0.184136 1 55 1.000000
Blackcrab_sheet
  55 41.887920 21.114656 2.672355 -0.346621 0.897974 0.271103 0.638590 0.186703 1 55 1.000000
  55 40.788189 20.142221 7.046740 -0.592334 0.558112 0.581077 0.645491 0.110876 1 55 1.000000
  55 41.465588 20.639473 7.712712 -0.592334 0.558112 0.581077 0.718900 0.110109 1 55 1.000000
Blackcrab_sheet
  55 40.788189 20.142221 7.046740 -0.592334 0.558112 0.581077 0.645491 0.110876 1 55 1.000000
  55 39.603374 16.423239 11.645412 -0.201621 0.681103 0.703880 0.702071 0.018999 1 55 1.000000
  55 41.465588 20.639473 7.712712 -0.592334 0.558112 0.581077 0.718900 0.110109 1 55 1.000000
Blackcrab_sheet
  55 40.788189 20.142221 7.046740 -0.592334 0.558112 0.581077 0.645491 0.110876 1 55 1.000000
  55 38.733349 16.748257 10.228078 -0.621079 0.783748 0.000118 0.672775 0.022435 1 55 1.000000
  55 39.603374 16.423239 11.645412 -0.201621 0.681103 0.703880 0.702071 0.018999 1 55 1.000000
Blackcrab_sheet
  55 42.375404 20.345385 0.012593 -0.230125 0.958161 0.170208 0.674803 0.261200 1 55 1.000000
  55 42.647247 21.529764 2.912750 -0.373763 0.872599 0.314440 0.726864 0.184136 1 55 1.000000
  55 42.985043 20.379740 0.280834 -0.167963 0.973635 0.154344 0.759741 0.235990 1 55 1.000000
Blackcrab_sheet
  55 39.603374 16.423239 11.645412 0.724737 -0.339535 0.599560 0.451081 0.987739 1 55 1.000000
  54 39.367256 15.677652 11.619360 0.678271 -0.239080 0.694830 0.421134 0.983898 1 54 1.000000
  55 40.840988 16.013605 10.296346 0.724737 -0.339535 0.599560 0.533711 0.990824 1 55 1.000000
Blackcrab_sheet
  45 27.202463 -7.217790 6.661946 -0.171492 -0.984517 -0.036290 0.699077 0.981453 1 45 1.000000
  45 28.146170 -7.328589 5.208263 -0.245719 -0.738008 -0.628463 0.693629 0.966813 1 45 1.000000
  45 28.331297 -7.336233 6.674693 -0.104439 -0.994499 0.008001 0.698051 0.981797 1 45 1.000000
Blackcrab_sheet
  45 27.202463 -7.217790 6.661946 -0.171492 -0.984517 -0.036290 0.699077 0.981453 1 45 1.000000
  45 27.499018 -7.178197 5.308524 -0.312789 -0.659768 -0.683278 0.694849 0.967761 1 45 1.000000
  45 28.146170 -7.328589 5.208263 -0.245719 -0.738008 -0.628463 0.693629 0.966813 1 45 1.000000
Blackcrab_sheet
  45 27.499018 -7.178197 5.308524 -0.312789 -0.659768 -0.683278 0.694849 0.967761 1 45 1.000000
  45 28.116377 -7.089983 4.585004 -0.179870 -0.346758 -0.920546 0.695542 0.960068 1 45 1.000000
  45 28.146170 -7.328589 5.208263 -0.245719 -0.738008 -0.628463 0.693629 0.966813 1 45 1.000000
Blackcrab_sheet
  45 27.499018 -7.178197 5.308524 -0.312789 -0.659768 -0.683278 0.694849 0.967761 1 45 1.000000
  45 27.767582 -6.637260 4.191729 -0.179870 -0.346758 -0.920546 0.698189 0.954757 1 45 1.000000
  45 28.116377 -7.089983 4.585004 -0.179870 -0.346758 -0.920546 0.695542 0.960068 1 45 1.000000
Blackcrab_sheet
  45 28.116377 -7.089983 4.585004 -0.179870 -0.346758 -0.920546 0.695542 0.960068 1 45 1.000000
  45 27.767582 -6.637260 4.191729 -0.179870 -0.346758 -0.920546 0.698189 0.954757 1 45 1.000000
  45 28.258389 -5.966866 3.649726 0.030698 -0.641908 -0.766167 0.707170 0.944170 1 45 1.000000
Blackcrab_sheet
  54 32.442894 5.905931 8.556049 -0.235623 -0.199591 -0.951128 0.436940 0.549315 1 54 1.000000
  54 33.486637 5.406138 8.402363 0.590764 -0.072117 -0.803615 0.423450 0.531390 1 54 1.000000
  44 34.463127 3.359734 8.589891 0.724058 0.541770 -0.426879 0.473886 0.429835 1 44 1.000000
Blackcrab_sheet
  45 26.392902 -6.447159 6.344821 -0.610977 -0.646839 -0.456406 0.654107 0.974326 1 45 1.000000
  45 25.889719 -6.107301 6.536756 -0.709911 -0.509229 -0.486531 0.659038 0.976979 1 45 1.000000
  45 26.439007 -5.928758 5.548400 -0.550913 -0.539008 -0.637153 0.658311 0.956338 1 45 1.000000
Blackcrab_sheet
  45 26.418655 -5.625745 5.365220 -0.507755 -0.470410 -0.721733 0.662324 0.949998 1 45 1.000000
  45 26.439007 -5.928758 5.548400 -0.550913 -0.539008 -0.637153 0.658311 0.956338 1 45 1.000000
  45 25.889719 -6.107301 6.536756 -0.709911 -0.509229 -0.486531 0.659038 0.976979 1 45 1.000000
Blackcrab_sheet
  45 26.439007 -5.928758 5.548400 -0.550913 -0.539008 -0.637153 0.658311 0.956338 1 45 1.000000
  45 26.418655 -5.625745 5.365220 -0.507755 -0.470410 -0.721733 0.662324 0.949998 1 45 1.000000
  45 26.769253 -5.439584 5.184926 -0.156831 -0.518634 -0.840490 0.669325 0.943003 1 45 1.000000
Blackcrab_sheet
  44 33.688896 1.411140 6.719918 -0.603977 0.457604 -0.652541 0.720469 0.913464 1 44 1.000000
  44 34.012493 1.444883 6.241461 -0.756116 0.444828 -0.480016 0.725409 0.880338 1 44 1.000000
  44 33.533661 1.144580 6.717424 -0.663103 -0.142032 -0.734930 0.704433 0.912242 1 44 1.000000
Blackcrab_sheet
  44 33.533661 1.144580 6.717424 -0.663103 -0.142032 -0.734930 0.704433 0.912242 1 44 1.000000
  44 34.012493 1.444883 6.241461 -0.332848 -0.609580 -0.719461 0.725409 0.880338 1 44 1.000000
  44 33.819374 0.955780 6.745208 -0.480960 -0.444786 -0.755541 0.693036 0.911597 1 44 1.000000
Blackcrab_sheet
  44 36.463486 -2.832712 9.296060 0.806726 -0.351358 0.475121 0.502917 0.261878 1 44 1.000000
  44 37.062492 -2.178422 8.310807 0.870869 -0.296164 0.392267 0.533538 0.278050 1 44 1.000000
  44 36.525051 -0.567097 9.032146 0.951237 0.308434 0.003929 0.509442 0.319073 1 44 1.000000
Blackcrab_sheet
  46 34.333347 -1.728036 6.567565 0.588062 0.724886 -0.358781 0.520478 0.259326 1 46 1.000000
  44 34.040146 -1.042643 6.798257 0.844595 0.160294 -0.510846 0.548490 0.286156 1 44 1.000000
  44 34.597641 -1.294521 7.639458 0.613489 0.370247 -0.697530 0.524170 0.306130 1 44 1.000000
Blackcrab_sheet
  44 34.597641 -1.294521 7.639458 0.613489 0.370247 -0.697530 0.524170 0.306130 1 44 1.000000
  44 34.040146 -1.042643 6.798257 0.844595 0.160294 -0.510846 0.548490 0.286156 1 44 1.000000
  44 34.458290 -0.332364 7.650201 0.728047 0.045358 -0.684025 0.538928 0.328504 1 44 1.000000
Blackcrab_sheet
  44 34.081322 0.190234 6.893218 0.901519 0.353109 -0.250156 0.561231 0.343496 1 44 1.000000
  44 34.458290 -0.332364 7.650201 0.728047 0.045358 -0.684025 0.538928 0.328504 1 44 1.000000
  44 34.040146 -1.042643 6.798257 0.844595 0.160294 -0.510846 0.548490 0.286156 1 44 1.000000
Blackcrab_sheet
  44 34.081322 0.190234 6.893218 0.901519 0.353109 -0.250156 0.561231 0.343496 1 44 1.000000
  44 34.537300 0.993814 7.737108 0.793843 0.089938 -0.601435 0.526521 0.370569 1 44 1.000000
  44 34.458290 -0.332364 7.650201 0.728047 0.045358 -0.684025 0.538928 0.328504 1 44 1.000000
Blackcrab_sheet
  44 33.792103 0.415875 6.794720 0.789040 0.605645 -0.103002 0.565977 0.354173 1 44 1.000000
  44 34.537300 0.993814 7.737108 0.793843 0.089938 -0.601435 0.526521 0.370569 1 44 1.000000
  44 34.081322 0.190234 6.893218 0.901519 0.353109 -0.250156 0.561231 0.343496 1 44 1.000000
Blackcrab_sheet
  44 33.792103 0.415875 6.794720 0.789040 0.605645 -0.103002 0.565977 0.354173 1 44 1.000000
  44 33.819374 0.955780 6.745208 0.903894 -0.172354 -0.391495 0.557573 0.383515 1 44 1.000000
  44 34.537300 0.993814 7.737108 0.793843 0.089938 -0.601435 0.526521 0.370569 1 44 1.000000
Blackcrab_sheet
  44 33.911095 1.243497 6.834907 0.852184 0.350901 -0.388138 0.551568 0.391088 1 44 1.000000
  44 34.537300 0.993814 7.737108 0.793843 0.089938 -0.601435 0.526521 0.370569 1 44 1.000000
  44 33.819374 0.955780 6.745208 0.903894 -0.172354 -0.391495 0.557573 0.383515 1 44 1.000000
Blackcrab_sheet
  44 34.537300 0.993814 7.737108 0.793843 0.089938 -0.601435 0.526521 0.370569 1 44 1.000000
  44 33.911095 1.243497 6.834907 0.852184 0.350901 -0.388138 0.551568 0.391088 1 44 1.000000
  44 34.481949 2.097228 7.842472 0.868205 0.102216 -0.485563 0.509717 0.404084 1 44 1.000000
Blackcrab_sheet
  44 34.537300 0.993814 7.737108 0.793843 0.089938 -0.601435 0.526521 0.370569 1 44 1.000000
  44 34.481949 2.097228 7.842472 0.868205 0.102216 -0.485563 0.509717 0.404084 1 44 1.000000
  44 34.463127 3.359734 8.589891 0.724058 0.541770 -0.426879 0.476811 0.426022 1 44 1.000000
Blackcrab_sheet
  44 34.537300 0.993814 7.737108 0.793843 0.089938 -0.601435 0.526521 0.370569 1 44 1.000000
  44 34.463127 3.359734 8.589891 0.724058 0.541770 -0.426879 0.476811 0.426022 1 44 1.000000
  44 35.539169 -0.604394 8.122858 0.522902 0.609972 -0.595405 0.521709 0.326481 1 44 1.000000
Blackcrab_sheet
  44 35.395344 3.315899 9.362056 0.758809 0.489090 -0.430115 0.476411 0.414483 2 44 0.573271 54 0.426729
  44 35.539169 -0.604394 8.122858 0.522902 0.609972 -0.595405 0.521709 0.326481 1 44 1.000000
  44 34.463127 3.359734 8.589891 0.724058 0.541770 -0.426879 0.476811 0.426022 1 44 1.000000
Blackcrab_sheet
  44 35.395344 3.315899 9.362056 0.758809 0.489090 -0.430115 0.476411 0.414483 2 44 0.573271 54 0.426729
  44 36.525051 -0.567097 9.032146 0.951237 0.308434 0.003929 0.509442 0.319073 1 44 1.000000
  44 35.539169 -0.604394 8.122858 0.522902 0.609972 -0.595405 0.521709 0.326481 1 44 1.000000
Blackcrab_sheet
  44 35.395344 3.315899 9.362056 0.758809 0.489090 -0.430115 0.476411 0.414483 2 44 0.573271 54 0.426729
  54 35.799686 3.126332 10.282727 0.986133 -0.091163 0.138678 0.472413 0.408025 1 54 1.000000
  44 36.525051 -0.567097 9.032146 0.951237 0.308434 0.003929 0.509442 0.319073 1 44 1.000000
Blackcrab_sheet
  54 34.970524 2.625649 10.954823 0.609307 -0.515964 0.602101 0.463327 0.405600 1 54 1.000000
  44 36.525051 -0.567097 9.032146 0.951237 0.308434 0.003929 0.509442 0.319073 1 44 1.000000
  54 35.799686 3.126332 10.282727 0.986133 -0.091163 0.138678 0.472413 0.408025 1 54 1.000000
Blackcrab_sheet
  54 34.970524 2.625649 10.954823 0.609307 -0.515964 0.602101 0.463327 0.405600 1 54 1.000000
  44 36.463486 -2.832712 9.296060 0.806726 -0.351358 0.475121 0.502917 0.261878 1 44 1.000000
  44 36.525051 -0.567097 9.032146 0.951237 0.308434 0.003929 0.509442 0.319073 1 44 1.000000
Blackcrab_sheet
  54 34.970524 2.625649 10.954823 0.609307 -0.515964 0.602101 0.463327 0.405600 1 54 1.000000
  44 35.233860 -0.544869 11.436597 0.855039 -0.143962 0.498180 0.455883 0.331383 1 44 1.000000
  44 36.463486 -2.832712 9.296060 0.806726 -0.351358 0.475121 0.502917 0.261878 1 44 1.000000
Blackcrab_sheet
  45 35.741035 -3.611009 10.372804 0.677904 -0.673188 0.295403 0.479728 0.239499 1 45 1.000000
  44 36.463486 -2.832712 9.296060 0.806726 -0.351358 0.475121 0.502917 0.261878 1 44 1.000000
  44 35.233860 -0.544869 11.436597 0.855039 -0.143962 0.498180 0.455883 0.331383 1 44 1.000000
Blackcrab_sheet
  44 35.233860 -0.544869 11.436597 0.855039 -0.143962 0.498180 0.455883 0.331383 1 44 1.000000
  44 34.147846 -0.408377 12.729195 0.706450 -0.397180 0.585812 0.420683 0.343539 1 44 1.000000
  45 35.741035 -3.611009 10.372804 0.677904 -0.673188 0.295403 0.479728 0.239499 1 45 1.000000
Blackcrab_sheet
  44 34.597641 -1.294521 7.639458 0.613489 0.370247 -0.697530 0.524170 0.306130 1 44 1.000000
  44 34.458290 -0.332364 7.650201 0.728047 0.045358 -0.684025 0.538928 0.328504 1 44 1.000000
  44 35.539169 -0.604394 8.122858 0.522902 0.609972 -0.595405 0.521709 0.326481 1 44 1.000000
Blackcrab_sheet
  44 34.458290 -0.332364 7.650201 0.728047 0.045358 -0.684025 0.538928 0.328504 1 44 1.000000
  44 34.537300 0.993814 7.737108 0.793843 0.089938 -0.601435 0.526521 0.370569 1 44 1.000000
  44 35.539169 -0.604394 8.122858 0.522902 0.609972 -0.595405 0.521709 0.326481 1 44 1.000000
Blackcrab_sheet
  44 34.081322 0.190234 6.893218 0.901519 0.353109 -0.250156 0.561231 0.343496 1 44 1.000000
  44 34.040146 -1.042643 6.798257 0.844595 0.160294 -0.510846 0.548490 0.286156 1 44 1.000000
  44 33.941875 -0.209247 6.713052 0.905939 -0.135294 -0.401210 0.565031 0.326430 1 44 1.000000
Blackcrab_sheet
  45 27.731730 -5.623557 7.573524 -0.888242 0.457383 0.042730 0.710892 0.980432 1 45 1.000000
  45 27.499018 -7.178197 5.308524 -0.904553 0.410863 0.113911 0.694849 0.967761 1 45 1.000000
  45 27.202463 -7.217790 6.661946 -0.888242 0.457383 0.042730 0.699077 0.981453 1 45 1.000000
Blackcrab_sheet
  45 27.731730 -5.623557 7.573524 -0.888242 0.457383 0.042730 0.710892 0.980432 1 45 1.000000
  45 27.866009 -6.337463 5.514951 -0.411263 0.855927 0.313451 0.704575 0.967661 1 45 1.000000
  45 27.499018 -7.178197 5.308524 -0.904553 0.410863 0.113911 0.694849 0.967761 1 45 1.000000
Blackcrab_sheet
  45 27.866009 -6.337463 5.514951 -0.411263 0.855927 0.313451 0.704575 0.967661 1 45 1.000000
  45 27.767582 -6.637260 4.191729 -0.708051 0.705648 0.026897 0.698189 0.954757 1 45 1.000000
  45 27.499018 -7.178197 5.308524 -0.904553 0.410863 0.113911 0.694849 0.967761 1 45 1.000000
Blackcrab_sheet
  45 28.393456 -5.767799 7.599094 0.213665 0.923983 -0.317178 0.709663 0.980951 1 45 1.000000
  45 28.344473 -6.502215 5.426640 0.272890 0.942111 -0.194826 0.703192 0.966943 1 45 1.000000
  45 27.731730 -5.623557 7.573524 0.237053 0.920957 -0.309264 0.710892 0.980432 1 45 1.000000
Blackcrab_sheet
  45 27.731730 -5.623557 7.573524 0.237053 0.920957 -0.309264 0.710892 0.980432 1 45 1.000000
  45 28.344473 -6.502215 5.426640 0.272890 0.942111 -0.194826 0.703192 0.966943 1 45 1.000000
  45 27.866009 -6.337463 5.514951 -0.411263 0.855927 0.313451 0.704575 0.967661 1 45 1.000000
Blackcrab_sheet
  45 28.344473 -6.502215 5.426640 0.272890 0.942111 -0.194826 0.703192 0.966943 1 45 1.000000
  45 28.153355 -6.392867 4.501348 -0.285259 0.956937 0.053845 0.701327 0.959160 1 45 1.000000
  45 27.866009 -6.337463 5.514951 -0.411263 0.855927 0.313451 0.704575 0.967661 1 45 1.000000
Blackcrab_sheet
  45 28.153355 -6.392867 4.501348 -0.285259 0.956937 0.053845 0.701327 0.959160 1 45 1.000000
  45 27.767582 -6.637260 4.191729 -0.708051 0.705648 0.026897 0.698189 0.954757 1 45 1.000000
  45 27.866009 -6.337463 5.514951 -0.411263 0.855927 0.313451 0.704575 0.967661 1 45 1.000000
Blackcrab_sheet
  45 28.153355 -6.392867 4.501348 -0.285259 0.956937 0.053845 0.701327 0.959160 1 45 1.000000
  45 28.258389 -5.966866 3.649726 -0.660270 0.701096 0.269272 0.707170 0.944170 1 45 1.000000
  45 27.767582 -6.637260 4.191729 -0.708051 0.705648 0.026897 0.698189 0.954757 1 45 1.000000
Blackcrab_sheet
  44 34.012493 1.444883 6.241461 0.946424 -0.318440 0.053647 0.725409 0.880338 1 44 1.000000
  44 33.911095 1.243497 6.834907 0.852184 0.350901 -0.388138 0.709809 0.919056 1 44 1.000000
  44 33.819374 0.955780 6.745208 0.903894 -0.172354 -0.391495 0.693036 0.911597 1 44 1.000000
Blackcrab_sheet
  44 33.688896 1.411140 6.719918 0.615879 0.786654 -0.043231 0.720469 0.913464 1 44 1.000000
  44 33.911095 1.243497 6.834907 0.852184 0.350901 -0.388138 0.709809 0.919056 1 44 1.000000
  44 34.012493 1.444883 6.241461 0.438954 0.825366 0.355092 0.725409 0.880338 1 44 1.000000
Blackcrab_sheet
  44 34.085983 0.476636 6.235857 0.499684 0.792808 0.348957 0.643334 0.879137 1 44 1.000000
  44 33.792103 0.415875 6.794720 0.789040 0.605645 -0.103002 0.647097 0.903439 1 44 1.000000
  44 34.081322 0.190234 6.893218 0.901519 0.353109 -0.250156 0.636980 0.910426 1 44 1.000000
Blackcrab_sheet
  44 34.085983 0.476636 6.235857 0.952870 -0.280544 -0.115474 0.643334 0.879137 1 44 1.000000
  44 34.081322 0.190234 6.893218 0.901519 0.353109 -0.250156 0.636980 0.910426 1 44 1.000000
  44 33.941875 -0.209247 6.713052 0.905939 -0.135294 -0.401210 0.620678 0.904431 1 44 1.000000
Blackcrab_sheet
  44 23.802591 0.415886 6.794719 0.715560 0.253813 -0.650809 0.647097 0.903439 1 44 1.000000
  44 24.025843 -0.003211 6.782656 0.645015 -0.046323 -0.762765 0.631843 0.904780 1 44 1.000000
  49 23.508715 0.476648 6.235857 0.721171 0.339813 -0.603688 0.643334 0.879137 2 49 0.574569 50 0.425431
Blackcrab_sheet
  44 23.652821 -0.209236 6.713051 0.345865 -0.329396 -0.878564 0.620678 0.904431 1 44 1.000000
  49 23.508715 0.476648 6.235857 0.721171 0.339813 -0.603688 0.643334 0.879137 2 49 0.574569 50 0.425431
  44 24.025843 -0.003211 6.782656 0.645015 -0.046323 -0.762765 0.631843 0.904780 1 44 1.000000
Blackcrab_sheet
  49 23.508715 0.476648 6.235857 -0.499682 0.792809 0.348957 0.643334 0.879137 2 49 0.574569 50 0.425431
  44 23.513372 0.190246 6.893217 -0.901518 0.353111 -0.250156 0.636980 0.910426 1 44 1.000000
  44 23.802591 0.415886 6.794719 -0.789039 0.605647 -0.103002 0.647097 0.903439 1 44 1.000000
Blackcrab_sheet
  44 23.652821 -0.209236 6.713051 -0.902769 -0.130253 -0.409929 0.620678 0.904431 1 44 1.000000
  44 23.513372 0.190246 6.893217 -0.901518 0.353111 -0.250156 0.636980 0.910426 1 44 1.000000
  49 23.508715 0.476648 6.235857 -0.952870 -0.280542 -0.115473 0.643334 0.879137 2 49 0.574569 50 0.425431
Blackcrab_sheet
  48 40.477962 -21.921146 0.120817 0.972874 -0.015880 -0.230791 0.834127 0.280391 1 48 1.000000
  48 40.274879 -20.897785 0.170515 0.963037 0.256588 -0.081990 0.795430 0.337386 1 48 1.000000
  48 40.535976 -21.600243 0.633352 0.946175 0.320274 0.046670 0.792422 0.280360 1 48 1.000000
Blackcrab_sheet
  48 40.426010 -21.401623 0.765573 0.923554 0.264098 0.278029 0.778281 0.286746 1 48 1.000000
  48 40.535976 -21.600243 0.633352 0.946175 0.320274 0.046670 0.792422 0.280360 1 48 1.000000
  48 40.274879 -20.897785 0.170515 0.963037 0.256588 -0.081990 0.795430 0.337386 1 48 1.000000
Blackcrab_sheet
  48 40.274879 -20.897785 0.170515 0.963037 0.256588 -0.081990 0.795430 0.337386 1 48 1.000000
  48 40.359962 -20.183762 1.553061 0.972107 -0.087887 0.217449 0.688908 0.328325 1 48 1.000000
  48 40.426010 -21.401623 0.765573 0.923554 0.264098 0.278029 0.778281 0.286746 1 48 1.000000
Blackcrab_sheet
  48 40.426010 -21.401623 0.765573 0.923554 0.264098 0.278029 0.778281 0.286746 1 48 1.000000
  48 40.359962 -20.183762 1.553061 0.972107 -0.087887 0.217449 0.688908 0.328325 1 48 1.000000
  48 40.284725 -21.368792 0.996157 0.794072 -0.299090 0.529146 0.764669 0.279832 1 48 1.000000
Blackcrab_sheet
  45 27.558777 -5.338415 6.762357 0.714545 0.083922 -0.694537 0.211382 0.020682 1 45 1.000000
  45 27.731730 -5.623557 7.573524 0.950848 -0.166317 -0.261201 0.234121 0.032556 1 45 1.000000
  45 27.202463 -7.217790 6.661946 0.844414 0.345697 -0.409216 0.261229 0.049021 1 45 1.000000
Blackcrab_sheet
  45 27.440273 -7.650400 5.725639 0.358783 0.899428 -0.249607 0.257183 0.069564 1 45 1.000000
  45 28.331297 -7.336233 6.674693 0.021675 0.942866 -0.332467 0.272140 0.059371 1 45 1.000000
  45 28.225594 -7.604744 5.722173 -0.057127 0.962554 -0.265001 0.274447 0.068121 1 45 1.000000
Blackcrab_sheet
  45 27.440273 -7.650400 5.725639 0.358783 0.899428 -0.249607 0.257183 0.069564 1 45 1.000000
  45 27.202463 -7.217790 6.661946 0.844414 0.345697 -0.409216 0.261229 0.049021 1 45 1.000000
  45 28.331297 -7.336233 6.674693 0.021675 0.942866 -0.332467 0.272140 0.059371 1 45 1.000000
Blackcrab_sheet
  45 26.867071 -6.555138 6.174018 0.833593 0.144451 -0.533157 0.213230 0.069093 1 45 1.000000
  45 27.202463 -7.217790 6.661946 0.844414 0.345697 -0.409216 0.261229 0.049021 1 45 1.000000
  45 27.440273 -7.650400 5.725639 0.358783 0.899428 -0.249607 0.257183 0.069564 1 45 1.000000
Blackcrab_sheet
  45 27.558777 -5.338415 6.762357 0.714545 0.083922 -0.694537 0.211382 0.020682 1 45 1.000000
  45 27.202463 -7.217790 6.661946 0.844414 0.345697 -0.409216 0.261229 0.049021 1 45 1.000000
  45 26.867071 -6.555138 6.174018 0.833593 0.144451 -0.533157 0.213230 0.069093 1 45 1.000000
Blackcrab_sheet
  45 26.867071 -6.555138 6.174018 0.833593 0.144451 -0.533157 0.213230 0.069093 1 45 1.000000
  45 27.200994 -5.581566 6.475560 -0.218866 0.161066 -0.962370 0.200264 0.042609 1 45 1.000000
  45 27.558777 -5.338415 6.762357 0.714545 0.083922 -0.694537 0.211382 0.020682 1 45 1.000000
Blackcrab_sheet
  45 27.558777 -5.338415 6.762357 0.714545 0.083922 -0.694537 0.211382 0.020682 1 45 1.000000
  45 27.200994 -5.581566 6.475560 -0.218866 0.161066 -0.962370 0.200264 0.042609 1 45 1.000000
  45 26.540171 -4.634125 6.891725 0.355011 0.018096 -0.934687 0.129338 0.050140 1 45 1.000000
Blackcrab_sheet
  45 27.200994 -5.581566 6.475560 -0.218866 0.161066 -0.962370 0.200264 0.042609 1 45 1.000000
  45 26.597525 -5.609539 6.805114 -0.225239 -0.097617 -0.969401 0.179483 0.060558 1 45 1.000000
  45 26.540171 -4.634125 6.891725 0.355011 0.018096 -0.934687 0.129338 0.050140 1 45 1.000000
Blackcrab_sheet
  45 25.889719 -6.107301 6.536756 0.212792 0.606605 -0.765996 0.179233 0.083734 1 45 1.000000
  45 26.540171 -4.634125 6.891725 0.355011 0.018096 -0.934687 0.129338 0.050140 1 45 1.000000
  45 26.597525 -5.609539 6.805114 -0.225239 -0.097617 -0.969401 0.179483 0.060558 1 45 1.000000
Blackcrab_sheet
  45 26.540171 -4.634125 6.891725 0.355011 0.018096 -0.934687 0.129338 0.050140 1 45 1.000000
  45 25.889719 -6.107301 6.536756 0.212792 0.606605 -0.765996 0.179233 0.083734 1 45 1.000000
  45 25.642296 -6.375570 6.415689 -0.308210 0.377357 -0.873274 0.182440 0.094130 1 45 1.000000
Blackcrab_sheet
  45 25.642296 -6.375570 6.415689 -0.308210 0.377357 -0.873274 0.182440 0.094130 1 45 1.000000
  45 25.889719 -6.107301 6.536756 0.212792 0.606605 -0.765996 0.179233 0.083734 1 45 1.000000
  45 26.392902 -6.447159 6.344821 -0.159852 0.796134 -0.583625 0.199214 0.075552 1 45 1.000000
Blackcrab_sheet
  45 25.642296 -6.375570 6.415689 -0.308210 0.377357 -0.873274 0.182440 0.094130 1 45 1.000000
  45 26.392902 -6.447159 6.344821 -0.159852 0.796134 -0.583625 0.199214 0.075552 1 45 1.000000
  45 26.305309 -7.120876 6.242387 -0.079482 0.055380 -0.995297 0.209033 0.087953 1 45 1.000000
Blackcrab_sheet
  45 26.305309 -7.120876 6.242387 -0.079482 0.055380 -0.995297 0.209033 0.087953 1 45 1.000000
  45 26.392902 -6.447159 6.344821 -0.159852 0.796134 -0.583625 0.199214 0.075552 1 45 1.000000
  45 26.867071 -6.555138 6.174018 -0.446872 0.473697 -0.758891 0.213230 0.069093 1 45 1.000000
Blackcrab_sheet
  45 26.873114 -5.902226 6.812351 -0.546976 0.281227 -0.788497 0.192834 0.058290 1 45 1.000000
  45 26.867071 -6.555138 6.174018 -0.446872 0.473697 -0.758891 0.213230 0.069093 1 45 1.000000
  45 26.392902 -6.447159 6.344821 -0.159852 0.796134 -0.583625 0.199214 0.075552 1 45 1.000000
Blackcrab_sheet
  45 26.867071 -6.555138 6.174018 -0.446872 0.473697 -0.758891 0.213230 0.069093 1 45 1.000000
  45 26.873114 -5.902226 6.812351 -0.546976 0.281227 -0.788497 0.192834 0.058290 1 45 1.000000
  45 27.200994 -5.581566 6.475560 -0.218866 0.161066 -0.962370 0.200264 0.042609 1 45 1.000000
Blackcrab_sheet
  45 26.597525 -5.609539 6.805114 -0.225239 -0.097617 -0.969401 0.179483 0.060558 1 45 1.000000
  45 27.200994 -5.581566 6.475560 -0.218866 0.161066 -0.962370 0.200264 0.042609 1 45 1.000000
  45 26.873114 -5.902226 6.812351 -0.546976 0.281227 -0.788497 0.192834 0.058290 1 45 1.000000
Blackcrab_sheet
  45 26.418655 -5.625745 5.365220 -0.357120 0.927529 0.110251 0.662324 0.949998 1 45 1.000000
  45 25.889719 -6.107301 6.536756 -0.590243 0.804663 0.064264 0.659038 0.976979 1 45 1.000000
  45 26.597525 -5.609539 6.805114 0.014364 0.999731 0.018216 0.671581 0.979150 1 45 1.000000
Blackcrab_sheet
  45 26.597525 -5.609539 6.805114 0.014364 0.999731 0.018216 0.671581 0.979150 1 45 1.000000
  45 26.873114 -5.902226 6.812351 0.728155 0.685106 -0.020494 0.667672 0.980366 1 45 1.000000
  45 26.562603 -5.611173 5.509744 0.106694 0.990152 0.090641 0.664208 0.953679 1 45 1.000000
Blackcrab_sheet
  45 26.597525 -5.609539 6.805114 0.014364 0.999731 0.018216 0.671581 0.979150 1 45 1.000000
  45 26.562603 -5.611173 5.509744 0.106694 0.990152 0.090641 0.664208 0.953679 1 45 1.000000
  45 26.418655 -5.625745 5.365220 -0.357120 0.927529 0.110251 0.662324 0.949998 1 45 1.000000
Blackcrab_sheet
  45 26.562603 -5.611173 5.509744 0.106694 0.990152 0.090641 0.664208 0.953679 1 45 1.000000
  45 26.769253 -5.439584 5.184926 -0.347714 0.902157 0.255358 0.669325 0.943003 1 45 1.000000
  45 26.418655 -5.625745 5.365220 -0.357120 0.927529 0.110251 0.662324 0.949998 1 45 1.000000
Blackcrab_sheet
  45 28.146170 -7.328589 5.208263 0.971578 -0.201823 -0.123707 0.693629 0.966813 1 45 1.000000
  45 28.116377 -7.089983 4.585004 0.993653 -0.103503 -0.044052 0.695542 0.960068 1 45 1.000000
  45 28.331297 -7.336233 6.674693 0.978726 -0.166444 -0.119962 0.698051 0.981797 1 45 1.000000
Blackcrab_sheet
  45 28.153355 -6.392867 4.501348 0.984179 -0.157806 -0.080556 0.701327 0.959160 1 45 1.000000
  45 28.116377 -7.089983 4.585004 0.993653 -0.103503 -0.044052 0.695542 0.960068 1 45 1.000000
  45 28.258389 -5.966866 3.649726 0.993926 -0.040440 0.102354 0.707170 0.944170 1 45 1.000000
Blackcrab_sheet
  45 28.153355 -6.392867 4.501348 0.984179 -0.157806 -0.080556 0.701327 0.959160 1 45 1.000000
  45 28.331297 -7.336233 6.674693 0.978726 -0.166444 -0.119962 0.698051 0.981797 1 45 1.000000
  45 28.116377 -7.089983 4.585004 0.993653 -0.103503 -0.044052 0.695542 0.960068 1 45 1.000000
Blackcrab_sheet
  45 28.344473 -6.502215 5.426640 0.972235 -0.199176 -0.122835 0.703192 0.966943 1 45 1.000000
  45 28.331297 -7.336233 6.674693 0.978726 -0.166444 -0.119962 0.698051 0.981797 1 45 1.000000
  45 28.153355 -6.392867 4.501348 0.984179 -0.157806 -0.080556 0.701327 0.959160 1 45 1.000000
Blackcrab_sheet
  45 28.393456 -5.767799 7.599094 0.999394 -0.032877 -0.011418 0.709663 0.980951 1 45 1.000000
  45 28.331297 -7.336233 6.674693 0.978726 -0.166444 -0.119962 0.698051 0.981797 1 45 1.000000
  45 28.344473 -6.502215 5.426640 0.972235 -0.199176 -0.122835 0.703192 0.966943 1 45 1.000000
Blackcrab_sheet
  45 28.797340 -5.613160 6.816930 -0.000001 -0.509854 -0.860261 0.295141 0.012207 1 45 1.000000
  45 27.731730 -5.623557 7.573524 -0.194424 -0.938077 -0.286724 0.234121 0.032556 1 45 1.000000
  45 27.558777 -5.338415 6.762357 -0.280888 -0.306853 -0.909364 0.211382 0.020682 1 45 1.000000
Blackcrab_sheet
  45 27.731730 -5.623557 7.573524 -0.194424 -0.938077 -0.286724 0.234121 0.032556 1 45 1.000000
  45 28.797340 -5.613160 6.816930 -0.000001 -0.509854 -0.860261 0.295141 0.012207 1 45 1.000000
  45 28.393456 -5.767799 7.599094 -0.193566 -0.938621 -0.285522 0.235519 0.044116 1 45 1.000000
Blackcrab_sheet
  45 30.035906 -5.338418 6.762357 0.280888 -0.306854 -0.909364 0.378905 0.020690 1 45 1.000000
  45 29.862951 -5.623559 7.573524 0.194422 -0.938078 -0.286724 0.356161 0.032562 1 45 1.000000
  45 28.797340 -5.613160 6.816930 -0.000001 -0.509854 -0.860261 0.295141 0.012207 1 45 1.000000
Blackcrab_sheet
  45 29.862951 -5.623559 7.573524 0.194422 -0.938078 -0.286724 0.356161 0.032562 1 45 1.000000
  45 29.201227 -5.767800 7.599094 0.193564 -0.938621 -0.285522 0.354760 0.044124 1 45 1.000000
  45 28.797340 -5.613160 6.816930 -0.000001 -0.509854 -0.860261 0.295141 0.012207 1 45 1.000000
Blackcrab_sheet
  44 22.055523 -0.604379 8.122857 -0.522901 0.609973 -0.595405 0.014848 0.813045 1 44 1.000000
  44 20.532198 -2.178403 8.310806 -0.532226 0.491593 -0.689254 0.043084 0.777899 1 44 1.000000
  44 21.069643 -0.567080 9.032144 -0.951237 0.308436 0.003929 0.012762 0.797712 1 44 1.000000
Blackcrab_sheet
  44 22.997049 -1.294508 7.639457 -0.628683 0.356630 -0.691067 0.017134 0.830134 1 44 1.000000
  44 20.532198 -2.178403 8.310806 -0.532226 0.491593 -0.689254 0.043084 0.777899 1 44 1.000000
  44 22.055523 -0.604379 8.122857 -0.522901 0.609973 -0.595405 0.014848 0.813045 1 44 1.000000
Blackcrab_sheet
  49 23.261347 -1.728024 6.567566 -0.601434 0.714529 -0.357387 0.002306 0.916493 1 49 1.000000
  44 20.532198 -2.178403 8.310806 -0.532226 0.491593 -0.689254 0.043084 0.777899 1 44 1.000000
  44 22.997049 -1.294508 7.639457 -0.628683 0.356630 -0.691067 0.017134 0.830134 1 44 1.000000
Blackcrab_sheet
  44 20.532198 -2.178403 8.310806 -0.532226 0.491593 -0.689254 0.043084 0.777899 1 44 1.000000
  49 23.261347 -1.728024 6.567566 -0.601434 0.714529 -0.357387 0.002306 0.916493 1 49 1.000000
  49 21.767611 -3.473160 6.280920 -0.766431 0.428869 -0.478178 0.077117 0.883465 1 49 1.000000
Blackcrab_sheet
  49 21.767611 -3.473160 6.280920 -0.766431 0.428869 -0.478178 0.077117 0.883465 1 49 1.000000
  50 20.432659 -4.823457 7.151287 -0.707142 0.267293 -0.654602 0.119816 0.825828 1 50 1.000000
  44 20.532198 -2.178403 8.310806 -0.532226 0.491593 -0.689254 0.043084 0.777899 1 44 1.000000
Blackcrab_sheet
  50 20.707905 -9.130471 6.475755 0.049820 0.468274 -0.882178 0.224354 0.916029 1 50 1.000000
  50 18.938084 -13.231324 6.281249 0.050464 0.078825 -0.995610 0.338154 0.887772 1 50 1.000000
  50 18.058844 -12.249207 6.466858 -0.422026 0.530333 -0.735283 0.320275 0.847232 1 50 1.000000
Blackcrab_sheet
  50 20.707905 -9.130471 6.475755 0.049820 0.468274 -0.882178 0.224354 0.916029 1 50 1.000000
  50 18.058844 -12.249207 6.466858 -0.422026 0.530333 -0.735283 0.320275 0.847232 1 50 1.000000
  50 17.449135 -11.850566 7.487367 -0.966752 0.249673 -0.055261 0.314747 0.811320 1 50 1.000000
Blackcrab_sheet
  50 20.707905 -9.130471 6.475755 0.049820 0.468274 -0.882178 0.224354 0.916029 1 50 1.000000
  50 17.449135 -11.850566 7.487367 -0.966752 0.249673 -0.055261 0.314747 0.811320 1 50 1.000000
  50 19.414879 -8.224300 7.032436 -0.544203 0.563139 -0.621865 0.211047 0.829411 1 50 1.000000
Blackcrab_sheet
  49 21.512072 -4.696308 6.062550 -0.499294 -0.000917 -0.866432 0.109156 0.891300 2 49 0.837865 50 0.162135
  50 20.707905 -9.130471 6.475755 0.049820 0.468274 -0.882178 0.224354 0.916029 1 50 1.000000
  50 19.414879 -8.224300 7.032436 -0.544203 0.563139 -0.621865 0.211047 0.829411 1 50 1.000000
Blackcrab_sheet
  49 21.512072 -4.696308 6.062550 -0.499294 -0.000917 -0.866432 0.109156 0.891300 2 49 0.837865 50 0.162135
  50 19.414879 -8.224300 7.032436 -0.544203 0.563139 -0.621865 0.211047 0.829411 1 50 1.000000
  50 20.432659 -4.823457 7.151287 -0.707142 0.267293 -0.654602 0.119816 0.825828 1 50 1.000000
Blackcrab_sheet
  49 21.767611 -3.473160 6.280920 -0.766431 0.428869 -0.478178 0.077117 0.883465 1 49 1.000000
  49 21.512072 -4.696308 6.062550 -0.499294 -0.000917 -0.866432 0.109156 0.891300 2 49 0.837865 50 0.162135
  50 20.432659 -4.823457 7.151287 -0.707142 0.267293 -0.654602 0.119816 0.825828 1 50 1.000000
Blackcrab_sheet
  49 21.512072 -4.696308 6.062550 -0.499294 -0.000917 -0.866432 0.109156 0.891300 2 49 0.837865 50 0.162135
  49 21.767611 -3.473160 6.280920 -0.766431 0.428869 -0.478178 0.077117 0.883465 1 49 1.000000
  49 22.554251 -2.384212 5.113868 -0.451576 0.829110 -0.329629 0.044659 0.907013 1 49 1.000000
Blackcrab_sheet
  49 23.261347 -1.728024 6.567566 -0.601434 0.714529 -0.357387 0.002306 0.916493 1 49 1.000000
  49 22.554251 -2.384212 5.113868 -0.451576 0.829110 -0.329629 0.044659 0.907013 1 49 1.000000
  49 21.767611 -3.473160 6.280920 -0.766431 0.428869 -0.478178 0.077117 0.883465 1 49 1.000000
Blackcrab_sheet
  49 23.261347 -1.728024 6.567566 -0.601434 0.714529 -0.357387 0.002306 0.916493 1 49 1.000000
  49 24.062162 -1.718857 5.837436 0.137616 0.686887 -0.713616 0.012857 0.935117 1 49 1.000000
  49 22.554251 -2.384212 5.113868 -0.451576 0.829110 -0.329629 0.044659 0.907013 1 49 1.000000
Blackcrab_sheet
  50 19.233912 -13.513764 6.756969 -0.059023 -0.906966 -0.417048 0.363202 0.922325 1 50 1.000000
  50 19.831459 -13.668580 6.964509 0.067559 -0.522046 -0.850237 0.342832 0.977716 1 50 1.000000
  50 19.324932 -13.672611 7.403310 -0.099595 -0.982664 -0.156369 0.367797 0.960272 1 50 1.000000
Blackcrab_sheet
  50 18.938084 -13.231324 6.281249 0.050464 0.078825 -0.995610 0.338154 0.887772 1 50 1.000000
  50 19.831459 -13.668580 6.964509 0.067559 -0.522046 -0.850237 0.342832 0.977716 1 50 1.000000
  50 19.233912 -13.513764 6.756969 -0.059023 -0.906966 -0.417048 0.363202 0.922325 1 50 1.000000
Blackcrab_sheet
  50 21.600082 -9.239867 7.124834 0.932263 -0.336932 -0.131768 0.220234 0.996736 1 50 1.000000
  50 19.831459 -13.668580 6.964509 0.067559 -0.522046 -0.850237 0.342832 0.977716 1 50 1.000000
  50 18.938084 -13.231324 6.281249 0.050464 0.078825 -0.995610 0.338154 0.887772 1 50 1.000000
Blackcrab_sheet
  50 21.600082 -9.239867 7.124834 0.932263 -0.336932 -0.131768 0.220234 0.996736 1 50 1.000000
  50 18.938084 -13.231324 6.281249 0.050464 0.078825 -0.995610 0.338154 0.887772 1 50 1.000000
  50 20.707905 -9.130471 6.475755 0.049820 0.468274 -0.882178 0.224354 0.916029 1 50 1.000000
Blackcrab_sheet
  50 22.293413 -5.318247 6.237770 0.283487 0.129715 -0.950162 0.118931 0.933025 2 50 0.557562 49 0.442438
  50 21.600082 -9.239867 7.124834 0.932263 -0.336932 -0.131768 0.220234 0.996736 1 50 1.000000
  50 20.707905 -9.130471 6.475755 0.049820 0.468274 -0.882178 0.224354 0.916029 1 50 1.000000
Blackcrab_sheet
  50 22.293413 -5.318247 6.237770 0.283487 0.129715 -0.950162 0.118931 0.933025 2 50 0.557562 49 0.442438
  50 20.707905 -9.130471 6.475755 0.049820 0.468274 -0.882178 0.224354 0.916029 1 50 1.000000
  49 21.512072 -4.696308 6.062550 -0.499294 -0.000917 -0.866432 0.109156 0.891300 2 49 0.837865 50 0.162135
Blackcrab_sheet
  49 23.088371 -3.163816 5.052891 0.084089 0.198378 -0.976512 0.059960 0.925106 1 49 1.000000
  50 22.293413 -5.318247 6.237770 0.283487 0.129715 -0.950162 0.118931 0.933025 2 50 0.557562 49 0.442438
  49 21.512072 -4.696308 6.062550 -0.499294 -0.000917 -0.866432 0.109156 0.891300 2 49 0.837865 50 0.162135
Blackcrab_sheet
  49 21.512072 -4.696308 6.062550 -0.499294 -0.000917 -0.866432 0.109156 0.891300 2 49 0.837865 50 0.162135
  49 22.554251 -2.384212 5.113868 -0.451576 0.829110 -0.329629 0.044659 0.907013 1 49 1.000000
  49 23.088371 -3.163816 5.052891 0.084089 0.198378 -0.976512 0.059960 0.925106 1 49 1.000000
Blackcrab_sheet
  49 23.088371 -3.163816 5.052891 0.084089 0.198378 -0.976512 0.059960 0.925106 1 49 1.000000
  49 22.554251 -2.384212 5.113868 -0.451576 0.829110 -0.329629 0.044659 0.907013 1 49 1.000000
  49 23.816679 -2.155962 5.495030 0.345894 0.839907 -0.418225 0.027504 0.933978 1 49 1.000000
Blackcrab_sheet
  49 22.554251 -2.384212 5.113868 -0.451576 0.829110 -0.329629 0.044659 0.907013 1 49 1.000000
  49 24.062162 -1.718857 5.837436 0.137616 0.686887 -0.713616 0.012857 0.935117 1 49 1.000000
  49 23.816679 -2.155962 5.495030 0.345894 0.839907 -0.418225 0.027504 0.933978 1 49 1.000000
Blackcrab_sheet
  49 23.816679 -2.155962 5.495030 0.345894 0.839907 -0.418225 0.027504 0.933978 1 49 1.000000
  49 24.062162 -1.718857 5.837436 0.137616 0.686887 -0.713616 0.012857 0.935117 1 49 1.000000
  49 24.471670 -2.554178 5.722588 0.550531 0.543347 -0.633790 0.031816 0.948260 1 49 1.000000
Blackcrab_sheet
  49 24.471670 -2.554178 5.722588 0.550531 0.543347 -0.633790 0.031816 0.948260 1 49 1.000000
  49 24.254093 -2.704406 5.183190 0.783533 0.054650 -0.618942 0.045109 0.940844 1 49 1.000000
  49 23.816679 -2.155962 5.495030 0.345894 0.839907 -0.418225 0.027504 0.933978 1 49 1.000000
Blackcrab_sheet
  49 23.088371 -3.163816 5.052891 0.084089 0.198378 -0.976512 0.059960 0.925106 1 49 1.000000
  49 23.816679 -2.155962 5.495030 0.345894 0.839907 -0.418225 0.027504 0.933978 1 49 1.000000
  49 24.254093 -2.704406 5.183190 0.783533 0.054650 -0.618942 0.045109 0.940844 1 49 1.000000
Blackcrab_sheet
  49 22.685017 -5.520803 6.689052 0.680030 -0.308921 -0.664926 0.121226 0.962721 2 49 0.525993 50 0.474007
  49 23.088371 -3.163816 5.052891 0.084089 0.198378 -0.976512 0.059960 0.925106 1 49 1.000000
  49 24.254093 -2.704406 5.183190 0.783533 0.054650 -0.618942 0.045109 0.940844 1 49 1.000000
Blackcrab_sheet
  49 23.088371 -3.163816 5.052891 0.084089 0.198378 -0.976512 0.059960 0.925106 1 49 1.000000
  49 22.685017 -5.520803 6.689052 0.680030 -0.308921 -0.664926 0.121226 0.962721 2 49 0.525993 50 0.474007
  50 22.293413 -5.318247 6.237770 0.283487 0.129715 -0.950162 0.118931 0.933025 2 50 0.557562 49 0.442438
Blackcrab_sheet
  50 22.293413 -5.318247 6.237770 0.283487 0.129715 -0.950162 0.118931 0.933025 2 50 0.557562 49 0.442438
  49 22.685017 -5.520803 6.689052 0.680030 -0.308921 -0.664926 0.121226 0.962721 2 49 0.525993 50 0.474007
  50 21.600082 -9.239867 7.124834 0.932263 -0.336932 -0.131768 0.220234 0.996736 1 50 1.000000
Blackcrab_sheet
  49 22.689587 -5.592652 7.285115 0.823833 -0.534354 -0.189114 0.123226 0.993575 2 49 0.515008 50 0.484992
  50 21.600082 -9.239867 7.124834 0.932263 -0.336932 -0.131768 0.220234 0.996736 1 50 1.000000
  49 22.685017 -5.520803 6.689052 0.680030 -0.308921 -0.664926 0.121226 0.962721 2 49 0.525993 50 0.474007
Blackcrab_sheet
  49 22.689587 -5.592652 7.285115 0.823833 -0.534354 -0.189114 0.123226 0.993575 2 49 0.515008 50 0.484992
  49 22.685017 -5.520803 6.689052 0.680030 -0.308921 -0.664926 0.121226 0.962721 2 49 0.525993 50 0.474007
  49 23.006628 -5.316594 7.454591 0.661857 -0.656387 -0.362080 0.114068 0.994267 2 49 0.779669 50 0.220331
Blackcrab_sheet
  50 19.743731 -13.742576 7.743484 0.630433 -0.766896 0.120102 0.350689 0.978248 1 50 1.000000
  50 19.324932 -13.672611 7.403310 -0.099595 -0.982664 -0.156369 0.367797 0.960272 1 50 1.000000
  50 19.831459 -13.668580 6.964509 0.067559 -0.522046 -0.850237 0.342832 0.977716 1 50 1.000000
Blackcrab_sheet
  49 22.685017 -5.520803 6.689052 0.680030 -0.308921 -0.664926 0.121226 0.962721 2 49 0.525993 50 0.474007
  49 23.289904 -5.046885 7.774450 0.638198 -0.769436 0.025918 0.102612 0.997869 2 49 0.936732 50 0.063268
  49 23.006628 -5.316594 7.454591 0.661857 -0.656387 -0.362080 0.114068 0.994267 2 49 0.779669 50 0.220331
Blackcrab_sheet
  49 23.289904 -5.046885 7.774450 0.638198 -0.769436 0.025918 0.102612 0.997869 2 49 0.936732 50 0.063268
  49 22.685017 -5.520803 6.689052 0.680030 -0.308921 -0.664926 0.121226 0.962721 2 49 0.525993 50 0.474007
  45 23.815994 -4.816557 6.638185 0.538791 -0.178348 -0.823345 0.096602 0.978025 1 45 1.000000
Blackcrab_sheet
  45 23.815994 -4.816557 6.638185 0.538791 -0.178348 -0.823345 0.096602 0.978025 1 45 1.000000
  49 22.685017 -5.520803 6.689052 0.680030 -0.308921 -0.664926 0.121226 0.962721 2 49 0.525993 50 0.474007
  49 23.505699 -4.067204 6.206895 0.709903 -0.472284 -0.522479 0.079307 0.957977 1 49 1.000000
Blackcrab_sheet
  49 22.685017 -5.520803 6.689052 0.680030 -0.308921 -0.664926 0.121226 0.962721 2 49 0.525993 50 0.474007
  49 24.254093 -2.704406 5.183190 0.783533 0.054650 -0.618942 0.045109 0.940844 1 49 1.000000
  49 23.505699 -4.067204 6.206895 0.709903 -0.472284 -0.522479 0.079307 0.957977 1 49 1.000000
Blackcrab_sheet
  49 24.227297 -3.150712 6.568187 0.987959 -0.139475 -0.066965 0.027492 0.967478 2 49 0.686804 45 0.313196
  49 23.505699 -4.067204 6.206895 0.709903 -0.472284 -0.522479 0.079307 0.957977 1 49 1.000000
  49 24.254093 -2.704406 5.183190 0.783533 0.054650 -0.618942 0.045109 0.940844 1 49 1.000000
Blackcrab_sheet
  49 24.254093 -2.704406 5.183190 0.783533 0.054650 -0.618942 0.045109 0.940844 1 49 1.000000
  49 24.471670 -2.554178 5.722588 0.973197 -0.212790 0.087225 0.031816 0.948260 1 49 1.000000
  49 24.227297 -3.150712 6.568187 0.987959 -0.139475 -0.066965 0.027492 0.967478 2 49 0.686804 45 0.313196
Blackcrab_sheet
  49 24.227297 -3.150712 6.568187 0.987959 -0.139475 -0.066965 0.027492 0.967478 2 49 0.686804 45 0.313196
  49 24.471670 -2.554178 5.722588 0.973197 -0.212790 0.087225 0.031816 0.948260 1 49 1.000000
  49 24.062162 -1.718857 5.837436 0.721114 0.379114 0.579886 0.012857 0.935117 1 49 1.000000
Blackcrab_sheet
  49 23.261347 -1.728024 6.567566 0.610457 0.414773 0.674764 0.002306 0.916493 1 49 1.000000
  49 24.227297 -3.150712 6.568187 0.987959 -0.139475 -0.066965 0.027492 0.967478 2 49 0.686804 45 0.313196
  49 24.062162 -1.718857 5.837436 0.721114 0.379114 0.579886 0.012857 0.935117 1 49 1.000000
Blackcrab_sheet
  50 19.831459 -13.668580 6.964509 0.877022 -0.155628 0.454546 0.342832 0.977716 1 50 1.000000
  50 21.600082 -9.239867 7.124834 0.932263 -0.336932 -0.131768 0.220234 0.996736 1 50 1.000000
  50 19.761408 -11.644935 7.792530 0.948563 -0.290948 0.124807 0.303481 0.996964 1 50 1.000000
Blackcrab_sheet
  45 31.071516 -5.637931 5.736308 -0.995067 0.080704 -0.057698 0.665482 0.958995 1 45 1.000000
  45 30.721569 -5.902230 6.812351 -0.965199 0.048366 -0.257006 0.667672 0.980366 1 45 1.000000
  45 30.997158 -5.609543 6.805114 -0.727180 0.682998 -0.068731 0.671581 0.979150 1 45 1.000000
Blackcrab_sheet
  45 31.071516 -5.637931 5.736308 -0.995067 0.080704 -0.057698 0.665482 0.958995 1 45 1.000000
  45 31.155674 -5.928763 5.548400 -0.931801 -0.341136 -0.123989 0.658311 0.956338 1 45 1.000000
  45 30.721569 -5.902230 6.812351 -0.965199 0.048366 -0.257006 0.667672 0.980366 1 45 1.000000
Blackcrab_sheet
  45 30.721569 -5.902230 6.812351 -0.965199 0.048366 -0.257006 0.667672 0.980366 1 45 1.000000
  45 31.155674 -5.928763 5.548400 -0.931801 -0.341136 -0.123989 0.658311 0.956338 1 45 1.000000
  45 31.201780 -6.447165 6.344822 -0.825827 -0.493284 -0.273276 0.654107 0.974326 1 45 1.000000
Blackcrab_sheet
  45 30.825430 -5.439589 5.184927 -0.878119 -0.411644 0.243837 0.669325 0.943003 1 45 1.000000
  45 31.155674 -5.928763 5.548400 -0.931801 -0.341136 -0.123989 0.658311 0.956338 1 45 1.000000
  45 31.071516 -5.637931 5.736308 -0.995067 0.080704 -0.057698 0.665482 0.958995 1 45 1.000000
Blackcrab_sheet
  50 19.140726 -13.771806 8.092769 0.705374 -0.701445 -0.102090 0.366999 0.697303 1 50 1.000000
  50 18.872938 -13.623657 8.868915 0.407481 -0.799516 0.441286 0.354754 0.735329 1 50 1.000000
  50 18.662649 -14.526937 8.570532 0.853826 -0.466924 0.230135 0.371837 0.743205 2 50 0.500000 51 0.500000
Blackcrab_sheet
  50 18.872938 -13.623657 8.868915 0.407481 -0.799516 0.441286 0.354754 0.735329 1 50 1.000000
  50 19.140726 -13.771806 8.092769 0.705374 -0.701445 -0.102090 0.366999 0.697303 1 50 1.000000
  50 19.743731 -13.742576 7.743484 0.630433 -0.766896 0.120102 0.343621 0.654375 1 50 1.000000
Blackcrab_sheet
  50 18.872938 -13.623657 8.868915 0.407481 -0.799516 0.441286 0.354754 0.735329 1 50 1.000000
  50 19.743731 -13.742576 7.743484 0.630433 -0.766896 0.120102 0.343621 0.654375 1 50 1.000000
  50 19.883856 -12.320076 8.547672 0.753221 -0.452038 0.477828 0.307075 0.705926 1 50 1.000000
Blackcrab_sheet
  50 19.883856 -12.320076 8.547672 0.753221 -0.452038 0.477828 0.307075 0.705926 1 50 1.000000
  50 19.743731 -13.742576 7.743484 0.630433 -0.766896 0.120102 0.343621 0.654375 1 50 1.000000
  50 19.761408 -11.644935 7.792530 0.948563 -0.290948 0.124807 0.290950 0.653494 1 50 1.000000
Blackcrab_sheet
  50 19.761408 -11.644935 7.792530 0.948563 -0.290948 0.124807 0.290950 0.653494 1 50 1.000000
  50 21.655674 -5.301589 8.549264 0.907570 -0.229036 -0.351937 0.121510 0.726486 1 50 1.000000
  50 19.883856 -12.320076 8.547672 0.753221 -0.452038 0.477828 0.307075 0.705926 1 50 1.000000
Blackcrab_sheet
  50 19.831459 -13.668580 6.964509 0.877022 -0.155628 0.454546 0.333832 0.629188 1 50 1.000000
  50 19.761408 -11.644935 7.792530 0.948563 -0.290948 0.124807 0.290950 0.653494 1 50 1.000000
  50 19.743731 -13.742576 7.743484 0.630433 -0.766896 0.120102 0.343621 0.654375 1 50 1.000000
Blackcrab_sheet
  50 19.743731 -13.742576 7.743484 0.630433 -0.766896 0.120102 0.343621 0.654375 1 50 1.000000
  50 19.140726 -13.771806 8.092769 0.705374 -0.701445 -0.102090 0.366999 0.697303 1 50 1.000000
  50 19.324932 -13.672611 7.403310 -0.099595 -0.982664 -0.156369 0.362810 0.649737 1 50 1.000000
Blackcrab_sheet
  50 20.971682 -5.110008 8.173898 -0.736850 -0.382152 0.557684 0.122327 0.770758 1 50 1.000000
  50 19.883856 -12.320076 8.547672 0.753221 -0.452038 0.477828 0.307075 0.705926 1 50 1.000000
  50 21.655674 -5.301589 8.549264 -0.164889 -0.838561 0.519256 0.121510 0.726486 1 50 1.000000
Blackcrab_sheet
  50 20.971682 -5.110008 8.173898 -0.736850 -0.382152 0.557684 0.122327 0.770758 1 50 1.000000
  50 20.168434 -8.963386 8.421933 -0.469939 -0.245241 0.847947 0.222816 0.745884 1 50 1.000000
  50 19.883856 -12.320076 8.547672 0.753221 -0.452038 0.477828 0.307075 0.705926 1 50 1.000000
Blackcrab_sheet
  50 20.168434 -8.963386 8.421933 -0.469939 -0.245241 0.847947 0.222816 0.745884 1 50 1.000000
  50 18.872938 -13.623657 8.868915 0.407481 -0.799516 0.441286 0.354754 0.735329 1 50 1.000000
  50 19.883856 -12.320076 8.547672 0.753221 -0.452038 0.477828 0.307075 0.705926 1 50 1.000000
Blackcrab_sheet
  50 20.168434 -8.963386 8.421933 -0.469939 -0.245241 0.847947 0.222816 0.745884 1 50 1.000000
  50 18.009892 -13.242620 8.769057 -0.694642 -0.516992 0.500192 0.344328 0.764468 1 50 1.000000
  50 18.872938 -13.623657 8.868915 0.407481 -0.799516 0.441286 0.354754 0.735329 1 50 1.000000
Blackcrab_sheet
  50 18.872938 -13.623657 8.868915 0.407481 -0.799516 0.441286 0.354754 0.735329 1 50 1.000000
  50 18.009892 -13.242620 8.769057 -0.694642 -0.516992 0.500192 0.344328 0.764468 1 50 1.000000
  50 18.662649 -14.526937 8.570532 -0.658016 -0.638685 0.398869 0.371837 0.743205 2 50 0.500000 51 0.500000
Blackcrab_sheet
  50 18.662649 -14.526937 8.570532 -0.658016 -0.638685 0.398869 0.371837 0.743205 2 50 0.500000 51 0.500000
  50 18.009892 -13.242620 8.769057 -0.694642 -0.516992 0.500192 0.344328 0.764468 1 50 1.000000
  50 18.089600 -13.713476 8.008026 -0.831886 -0.524420 0.181518 0.373981 0.788847 2 50 0.500000 51 0.500000
Blackcrab_sheet
  50 18.089600 -13.713476 8.008026 -0.831886 -0.524420 0.181518 0.373981 0.788847 2 50 0.500000 51 0.500000
  50 18.009892 -13.242620 8.769057 -0.694642 -0.516992 0.500192 0.344328 0.764468 1 50 1.000000
  50 17.516424 -13.360291 7.173864 -0.984698 -0.057745 -0.164421 0.371977 0.830731 2 50 0.500000 51 0.500000
Blackcrab_sheet
  50 19.233912 -13.513764 6.756969 -0.059023 -0.906966 -0.417048 0.363202 0.922325 1 50 1.000000
  51 18.377983 -13.358168 6.417006 -0.281057 0.422008 -0.861926 0.365413 0.876993 2 51 0.567467 50 0.432533
  50 18.938084 -13.231324 6.281249 0.050464 0.078825 -0.995610 0.338154 0.887772 1 50 1.000000
Blackcrab_sheet
  50 18.938084 -13.231324 6.281249 0.050464 0.078825 -0.995610 0.338154 0.887772 1 50 1.000000
  51 18.377983 -13.358168 6.417006 -0.281057 0.422008 -0.861926 0.365413 0.876993 2 51 0.567467 50 0.432533
  50 18.058844 -12.249207 6.466858 -0.422026 0.530333 -0.735283 0.320275 0.847232 1 50 1.000000
Blackcrab_sheet
  50 18.058844 -12.249207 6.466858 -0.422026 0.530333 -0.735283 0.320275 0.847232 1 50 1.000000
  51 18.377983 -13.358168 6.417006 -0.281057 0.422008 -0.861926 0.365413 0.876993 2 51 0.567467 50 0.432533
  50 17.516424 -13.360291 7.173864 -0.984698 -0.057745 -0.164421 0.371977 0.830731 2 50 0.500000 51 0.500000
Blackcrab_sheet
  50 18.058844 -12.249207 6.466858 -0.422026 0.530333 -0.735283 0.320275 0.847232 1 50 1.000000
  50 17.516424 -13.360291 7.173864 -0.984698 -0.057745 -0.164421 0.371977 0.830731 2 50 0.500000 51 0.500000
  50 17.449135 -11.850566 7.487367 -0.966752 0.249673 -0.055261 0.314747 0.811320 1 50 1.000000
Blackcrab_sheet
  50 17.449135 -11.850566 7.487367 -0.966752 0.249673 -0.055261 0.314747 0.811320 1 50 1.000000
  50 17.516424 -13.360291 7.173864 -0.984698 -0.057745 -0.164421 0.371977 0.830731 2 50 0.500000 51 0.500000
  50 18.009892 -13.242620 8.769057 -0.694642 -0.516992 0.500192 0.344328 0.764468 1 50 1.000000
Blackcrab_sheet
  50 19.414879 -8.224300 7.032436 -0.742279 -0.029650 0.669434 0.211047 0.829411 1 50 1.000000
  50 17.449135 -11.850566 7.487367 -0.966752 0.249673 -0.055261 0.314747 0.811320 1 50 1.000000
  50 18.009892 -13.242620 8.769057 -0.694642 -0.516992 0.500192 0.344328 0.764468 1 50 1.000000
Blackcrab_sheet
  50 19.414879 -8.224300 7.032436 -0.742279 -0.029650 0.669434 0.211047 0.829411 1 50 1.000000
  50 18.009892 -13.242620 8.769057 -0.694642 -0.516992 0.500192 0.344328 0.764468 1 50 1.000000
  50 20.168434 -8.963386 8.421933 -0.469939 -0.245241 0.847947 0.222816 0.745884 1 50 1.000000
Blackcrab_sheet
  50 20.432659 -4.823457 7.151287 -0.870792 -0.220914 0.439224 0.119816 0.825828 1 50 1.000000
  50 19.414879 -8.224300 7.032436 -0.742279 -0.029650 0.669434 0.211047 0.829411 1 50 1.000000
  50 20.168434 -8.963386 8.421933 -0.469939 -0.245241 0.847947 0.222816 0.745884 1 50 1.000000
Blackcrab_sheet
  50 20.432659 -4.823457 7.151287 -0.870792 -0.220914 0.439224 0.119816 0.825828 1 50 1.000000
  50 20.168434 -8.963386 8.421933 -0.469939 -0.245241 0.847947 0.222816 0.745884 1 50 1.000000
  50 20.971682 -5.110008 8.173898 -0.736850 -0.382152 0.557684 0.122327 0.770758 1 50 1.000000
Blackcrab_sheet
  50 20.971682 -5.110008 8.173898 -0.736850 -0.382152 0.557684 0.122327 0.770758 1 50 1.000000
  44 20.532198 -2.178403 8.310806 -0.870870 -0.296162 0.392267 0.043084 0.777899 1 44 1.000000
  50 20.432659 -4.823457 7.151287 -0.870792 -0.220914 0.439224 0.119816 0.825828 1 50 1.000000
Blackcrab_sheet
  50 20.971682 -5.110008 8.173898 -0.736850 -0.382152 0.557684 0.122327 0.770758 1 50 1.000000
  44 21.131201 -2.832696 9.296060 -0.806727 -0.351356 0.475121 0.054524 0.756262 2 44 0.897544 49 0.102456
  44 20.532198 -2.178403 8.310806 -0.870870 -0.296162 0.392267 0.043084 0.777899 1 44 1.000000
Blackcrab_sheet
  50 21.655674 -5.301589 8.549264 -0.164889 -0.838561 0.519256 0.121510 0.726486 1 50 1.000000
  44 21.131201 -2.832696 9.296060 -0.806727 -0.351356 0.475121 0.054524 0.756262 2 44 0.897544 49 0.102456
  50 20.971682 -5.110008 8.173898 -0.736850 -0.382152 0.557684 0.122327 0.770758 1 50 1.000000
Blackcrab_sheet
  50 21.655674 -5.301589 8.549264 -0.164889 -0.838561 0.519256 0.121510 0.726486 1 50 1.000000
  44 21.853651 -3.610992 10.372802 -0.677906 -0.673187 0.295403 0.076912 0.722853 1 44 1.000000
  44 21.131201 -2.832696 9.296060 -0.806727 -0.351356 0.475121 0.054524 0.756262 2 44 0.897544 49 0.102456
Blackcrab_sheet
  49 22.794264 -5.191422 8.852373 -0.286674 -0.954316 -0.084258 0.093946 0.681604 2 49 0.694416 50 0.305584
  44 21.853651 -3.610992 10.372802 -0.677906 -0.673187 0.295403 0.076912 0.722853 1 44 1.000000
  50 21.655674 -5.301589 8.549264 -0.164889 -0.838561 0.519256 0.121510 0.726486 1 50 1.000000
Blackcrab_sheet
  49 22.794264 -5.191422 8.852373 -0.286674 -0.954316 -0.084258 0.093946 0.681604 2 49 0.694416 50 0.305584
  50 21.655674 -5.301589 8.549264 -0.164889 -0.838561 0.519256 0.121510 0.726486 1 50 1.000000
  50 22.302683 -5.674582 8.149632 0.557889 -0.814354 0.159962 0.125391 0.678042 2 50 0.737839 49 0.262161
Blackcrab_sheet
  50 22.302683 -5.674582 8.149632 0.557889 -0.814354 0.159962 0.125391 0.678042 2 50 0.737839 49 0.262161
  49 23.006628 -5.316594 7.454591 0.661857 -0.656387 -0.362080 0.107243 0.629989 2 49 0.779669 50 0.220331
  49 22.794264 -5.191422 8.852373 -0.286674 -0.954316 -0.084258 0.093946 0.681604 2 49 0.694416 50 0.305584
Blackcrab_sheet
  50 22.302683 -5.674582 8.149632 0.557889 -0.814354 0.159962 0.125391 0.678042 2 50 0.737839 49 0.262161
  49 22.689587 -5.592652 7.285115 0.823833 -0.534354 -0.189114 0.120046 0.629241 2 49 0.515008 50 0.484992
  49 23.006628 -5.316594 7.454591 0.661857 -0.656387 -0.362080 0.107243 0.629989 2 49 0.779669 50 0.220331
Blackcrab_sheet
  49 22.794264 -5.191422 8.852373 -0.286674 -0.954316 -0.084258 0.093946 0.681604 2 49 0.694416 50 0.305584
  49 23.006628 -5.316594 7.454591 0.661857 -0.656387 -0.362080 0.107243 0.629989 2 49 0.779669 50 0.220331
  49 23.289904 -5.046885 7.774450 0.638198 -0.769436 0.025918 0.094770 0.631047 2 49 0.936732 50 0.063268
Blackcrab_sheet
  50 22.302683 -5.674582 8.149632 0.557889 -0.814354 0.159962 0.125391 0.678042 2 50 0.737839 49 0.262161
  50 21.600082 -9.239867 7.124834 0.932263 -0.336932 -0.131768 0.217055 0.632402 1 50 1.000000
  49 22.689587 -5.592652 7.285115 0.823833 -0.534354 -0.189114 0.120046 0.629241 2 49 0.515008 50 0.484992
Blackcrab_sheet
  50 21.655674 -5.301589 8.549264 -0.164889 -0.838561 0.519256 0.121510 0.726486 1 50 1.000000
  50 21.600082 -9.239867 7.124834 0.932263 -0.336932 -0.131768 0.217055 0.632402 1 50 1.000000
  50 22.302683 -5.674582 8.149632 0.557889 -0.814354 0.159962 0.125391 0.678042 2 50 0.737839 49 0.262161
Blackcrab_sheet
  50 21.655674 -5.301589 8.549264 -0.164889 -0.838561 0.519256 0.121510 0.726486 1 50 1.000000
  50 19.761408 -11.644935 7.792530 0.948563 -0.290948 0.124807 0.290950 0.653494 1 50 1.000000
  50 21.600082 -9.239867 7.124834 0.932263 -0.336932 -0.131768 0.217055 0.632402 1 50 1.000000
Blackcrab_sheet
  51 16.940134 -21.915281 0.874387 -0.984910 0.159842 -0.066353 0.536665 0.063306 1 51 1.000000
  51 17.116688 -21.921120 0.120813 -0.972874 -0.015876 -0.230790 0.583355 0.034729 1 51 1.000000
  51 17.156473 -22.583252 1.363934 -0.956522 -0.291129 0.017622 0.481340 0.054583 1 51 1.000000
Blackcrab_sheet
  51 17.058674 -21.600218 0.633348 -0.946173 0.320277 0.046670 0.565885 0.072865 1 51 1.000000
  51 17.116688 -21.921120 0.120813 -0.972874 -0.015876 -0.230790 0.583355 0.034729 1 51 1.000000
  51 16.940134 -21.915281 0.874387 -0.984910 0.159842 -0.066353 0.536665 0.063306 1 51 1.000000
Blackcrab_sheet
  51 17.047483 -21.468708 1.047970 -0.727194 0.665049 0.169995 0.546674 0.097782 1 51 1.000000
  51 17.058674 -21.600218 0.633348 -0.946173 0.320277 0.046670 0.565885 0.072865 1 51 1.000000
  51 16.940134 -21.915281 0.874387 -0.984910 0.159842 -0.066353 0.536665 0.063306 1 51 1.000000
Blackcrab_sheet
  51 17.047483 -21.468708 1.047970 -0.727194 0.665049 0.169995 0.546674 0.097782 1 51 1.000000
  51 17.168640 -21.401598 0.765569 -0.923553 0.264101 0.278028 0.567768 0.092267 1 51 1.000000
  51 17.058674 -21.600218 0.633348 -0.946173 0.320277 0.046670 0.565885 0.072865 1 51 1.000000
Blackcrab_sheet
  51 17.309927 -21.368765 0.996153 0.484034 0.848497 0.213924 0.557043 0.107895 1 51 1.000000
  51 17.168640 -21.401598 0.765569 -0.923553 0.264101 0.278028 0.567768 0.092267 1 51 1.000000
  51 17.047483 -21.468708 1.047970 -0.727194 0.665049 0.169995 0.546674 0.097782 1 51 1.000000
Blackcrab_sheet
  51 17.712780 -22.207180 1.056402 0.961796 -0.130660 -0.240575 0.522139 0.076198 1 51 1.000000
  51 17.621853 -21.707382 0.564671 0.850717 0.470090 -0.235152 0.571824 0.079130 1 51 1.000000
  51 17.658741 -21.599705 0.920361 0.799672 0.600432 -0.002472 0.555654 0.101470 1 51 1.000000
Blackcrab_sheet
  51 17.712780 -22.207180 1.056402 0.961796 -0.130660 -0.240575 0.522139 0.076198 1 51 1.000000
  51 17.526602 -21.768124 0.093623 0.843986 0.334885 -0.418975 0.596213 0.052708 1 51 1.000000
  51 17.621853 -21.707382 0.564671 0.850717 0.470090 -0.235152 0.571824 0.079130 1 51 1.000000
Blackcrab_sheet
  51 17.519684 -22.513531 1.381288 0.482025 -0.723648 -0.493949 0.487443 0.068787 1 51 1.000000
  51 17.526602 -21.768124 0.093623 0.843986 0.334885 -0.418975 0.596213 0.052708 1 51 1.000000
  51 17.712780 -22.207180 1.056402 0.961796 -0.130660 -0.240575 0.522139 0.076198 1 51 1.000000
Blackcrab_sheet
  51 17.519684 -22.513531 1.381288 0.482025 -0.723648 -0.493949 0.487443 0.068787 1 51 1.000000
  51 17.116688 -21.921120 0.120813 0.173656 -0.162454 -0.971315 0.583355 0.034729 1 51 1.000000
  51 17.526602 -21.768124 0.093623 0.843986 0.334885 -0.418975 0.596213 0.052708 1 51 1.000000
Blackcrab_sheet
  51 17.156473 -22.583252 1.363934 0.188437 -0.982084 0.001683 0.481340 0.054583 1 51 1.000000
  51 17.116688 -21.921120 0.120813 0.173656 -0.162454 -0.971315 0.583355 0.034729 1 51 1.000000
  51 17.519684 -22.513531 1.381288 0.482025 -0.723648 -0.493949 0.487443 0.068787 1 51 1.000000
Blackcrab_sheet
  44 31.576824 1.906582 8.728786 -0.979548 -0.086316 -0.181757 0.666285 0.553538 1 44 1.000000
  44 30.477224 3.263422 7.205794 -0.623757 -0.770028 -0.134102 0.686282 0.488828 1 44 1.000000
  44 31.342342 1.451765 7.380434 -0.930769 -0.304330 0.202615 0.647352 0.555260 1 44 1.000000
Blackcrab_sheet
  44 31.576824 1.906582 8.728786 -0.979548 -0.086316 -0.181757 0.666285 0.553538 1 44 1.000000
  44 30.871641 3.680616 8.981833 -0.641529 -0.518200 -0.565606 0.695657 0.511208 1 44 1.000000
  44 30.477224 3.263422 7.205794 -0.623757 -0.770028 -0.134102 0.686282 0.488828 1 44 1.000000
Blackcrab_sheet
  44 28.797352 3.846942 7.193706 -0.000001 -0.952946 -0.303138 0.761185 0.467431 1 44 1.000000
  44 30.477224 3.263422 7.205794 -0.623757 -0.770028 -0.134102 0.686282 0.488828 1 44 1.000000
  44 30.871641 3.680616 8.981833 -0.641529 -0.518200 -0.565606 0.695657 0.511208 1 44 1.000000
Blackcrab_sheet
  44 31.700052 -0.259065 8.705309 -0.961659 0.271036 -0.041841 0.663827 0.613881 1 44 1.000000
  44 31.342342 1.451765 7.380434 -0.930769 -0.304330 0.202615 0.647352 0.555260 1 44 1.000000
  44 30.757153 -2.364618 7.518630 -0.713103 0.633585 -0.300089 0.673685 0.695202 1 44 1.000000
Blackcrab_sheet
  44 31.700052 -0.259065 8.705309 -0.961659 0.271036 -0.041841 0.663827 0.613881 1 44 1.000000
  44 31.576824 1.906582 8.728786 -0.979548 -0.086316 -0.181757 0.666285 0.553538 1 44 1.000000
  44 31.342342 1.451765 7.380434 -0.930769 -0.304330 0.202615 0.647352 0.555260 1 44 1.000000
Blackcrab_sheet
  44 31.700052 -0.259065 8.705309 -0.961659 0.271036 -0.041841 0.663827 0.613881 1 44 1.000000
  44 30.119867 1.895556 11.107301 -0.518539 0.178780 -0.836155 0.722873 0.563386 1 44 1.000000
  44 31.576824 1.906582 8.728786 -0.979548 -0.086316 -0.181757 0.666285 0.553538 1 44 1.000000
Blackcrab_sheet
  44 30.871641 3.680616 8.981833 -0.641529 -0.518200 -0.565606 0.695657 0.511208 1 44 1.000000
  44 31.576824 1.906582 8.728786 -0.979548 -0.086316 -0.181757 0.666285 0.553538 1 44 1.000000
  44 30.119867 1.895556 11.107301 -0.518539 0.178780 -0.836155 0.722873 0.563386 1 44 1.000000
Blackcrab_sheet
  44 28.797352 4.118970 8.948843 -0.000001 -0.684484 -0.729028 0.767738 0.490128 1 44 1.000000
  44 30.871641 3.680616 8.981833 -0.641529 -0.518200 -0.565606 0.695657 0.511208 1 44 1.000000
  44 30.119867 1.895556 11.107301 -0.518539 0.178780 -0.836155 0.722873 0.563386 1 44 1.000000
Blackcrab_sheet
  44 28.797352 3.846942 7.193706 -0.000001 -0.952946 -0.303138 0.761185 0.467431 1 44 1.000000
  44 30.871641 3.680616 8.981833 -0.641529 -0.518200 -0.565606 0.695657 0.511208 1 44 1.000000
  44 28.797352 4.118970 8.948843 -0.000001 -0.684484 -0.729028 0.767738 0.490128 1 44 1.000000
Blackcrab_sheet
  44 27.117477 3.263426 7.205793 0.623755 -0.770030 -0.134102 0.686282 0.488828 1 44 1.000000
  44 28.797352 3.846942 7.193706 -0.000001 -0.952946 -0.303138 0.761185 0.467431 1 44 1.000000
  44 28.797352 4.118970 8.948843 -0.000001 -0.684484 -0.729028 0.767738 0.490128 1 44 1.000000
Blackcrab_sheet
  44 27.117477 3.263426 7.205793 0.623755 -0.770030 -0.134102 0.686282 0.488828 1 44 1.000000
  44 28.797352 4.118970 8.948843 -0.000001 -0.684484 -0.729028 0.767738 0.490128 1 44 1.000000
  44 26.723063 3.680621 8.981833 0.641528 -0.518201 -0.565605 0.695657 0.511208 1 44 1.000000
Blackcrab_sheet
  44 26.252356 1.451771 7.380433 0.930768 -0.304332 0.202616 0.647352 0.555260 1 44 1.000000
  44 27.117477 3.263426 7.205793 0.623755 -0.770030 -0.134102 0.686282 0.488828 1 44 1.000000
  44 26.723063 3.680621 8.981833 0.641528 -0.518201 -0.565605 0.695657 0.511208 1 44 1.000000
Blackcrab_sheet
  44 28.797342 -3.684823 7.463269 0.000001 0.982630 -0.185577 0.761185 0.743613 1 44 1.000000
  44 26.837538 -2.364613 7.518630 0.713105 0.633584 -0.300089 0.673685 0.695202 1 44 1.000000
  44 26.606176 -2.011168 8.615217 0.743830 0.668027 0.021353 0.685090 0.665263 1 44 1.000000
Blackcrab_sheet
  44 28.797342 -3.684823 7.463269 0.000001 0.982630 -0.185577 0.761185 0.743613 1 44 1.000000
  44 26.606176 -2.011168 8.615217 0.743830 0.668027 0.021353 0.685090 0.665263 1 44 1.000000
  44 28.797342 -3.636977 8.561906 0.000001 0.998015 0.062979 0.767738 0.726786 1 44 1.000000
Blackcrab_sheet
  44 28.797342 -3.636977 8.561906 0.000001 0.998015 0.062979 0.767738 0.726786 1 44 1.000000
  44 30.757153 -2.364618 7.518630 -0.713103 0.633585 -0.300089 0.673685 0.695202 1 44 1.000000
  44 28.797342 -3.684823 7.463269 0.000001 0.982630 -0.185577 0.761185 0.743613 1 44 1.000000
Blackcrab_sheet
  44 28.797342 -3.636977 8.561906 0.000001 0.998015 0.062979 0.767738 0.726786 1 44 1.000000
  44 30.988514 -2.011173 8.615218 -0.743829 0.668028 0.021352 0.685090 0.665263 1 44 1.000000
  44 30.757153 -2.364618 7.518630 -0.713103 0.633585 -0.300089 0.673685 0.695202 1 44 1.000000
Blackcrab_sheet
  44 30.988514 -2.011173 8.615218 -0.743829 0.668028 0.021352 0.685090 0.665263 1 44 1.000000
  44 31.700052 -0.259065 8.705309 -0.961659 0.271036 -0.041841 0.663827 0.613881 1 44 1.000000
  44 30.757153 -2.364618 7.518630 -0.713103 0.633585 -0.300089 0.673685 0.695202 1 44 1.000000
Blackcrab_sheet
  44 31.700052 -0.259065 8.705309 -0.961659 0.271036 -0.041841 0.663827 0.613881 1 44 1.000000
  44 30.988514 -2.011173 8.615218 -0.743829 0.668028 0.021352 0.685090 0.665263 1 44 1.000000
  44 30.248838 -0.187540 10.924341 -0.486356 0.639767 -0.595110 0.718446 0.621411 1 44 1.000000
Blackcrab_sheet
  44 31.700052 -0.259065 8.705309 -0.961659 0.271036 -0.041841 0.663827 0.613881 1 44 1.000000
  44 30.248838 -0.187540 10.924341 -0.486356 0.639767 -0.595110 0.718446 0.621411 1 44 1.000000
  44 30.119867 1.895556 11.107301 -0.518539 0.178780 -0.836155 0.722873 0.563386 1 44 1.000000
Blackcrab_sheet
  44 30.119867 1.895556 11.107301 -0.518539 0.178780 -0.836155 0.722873 0.563386 1 44 1.000000
  44 30.248838 -0.187540 10.924341 -0.486356 0.639767 -0.595110 0.718446 0.621411 1 44 1.000000
  44 28.797348 1.724195 11.126906 0.000000 0.322265 -0.946649 0.767738 0.568160 1 44 1.000000
Blackcrab_sheet
  44 28.797352 4.118970 8.948843 -0.000001 -0.684484 -0.729028 0.767738 0.490128 1 44 1.000000
  44 30.119867 1.895556 11.107301 -0.518539 0.178780 -0.836155 0.722873 0.563386 1 44 1.000000
  44 28.797348 1.724195 11.126906 0.000000 0.322265 -0.946649 0.767738 0.568160 1 44 1.000000
Blackcrab_sheet
  44 28.797352 4.118970 8.948843 -0.000001 -0.684484 -0.729028 0.767738 0.490128 1 44 1.000000
  44 28.797348 1.724195 11.126906 0.000000 0.322265 -0.946649 0.767738 0.568160 1 44 1.000000
  44 27.474831 1.895559 11.107301 0.518539 0.178779 -0.836155 0.722873 0.563386 1 44 1.000000
Blackcrab_sheet
  44 28.797352 4.118970 8.948843 -0.000001 -0.684484 -0.729028 0.767738 0.490128 1 44 1.000000
  44 27.474831 1.895559 11.107301 0.518539 0.178779 -0.836155 0.722873 0.563386 1 44 1.000000
  44 26.723063 3.680621 8.981833 0.641528 -0.518201 -0.565605 0.695657 0.511208 1 44 1.000000
Blackcrab_sheet
  44 27.474831 1.895559 11.107301 0.518539 0.178779 -0.836155 0.722873 0.563386 1 44 1.000000
  44 26.017876 1.906588 8.728786 0.979548 -0.086319 -0.181757 0.666285 0.553538 1 44 1.000000
  44 26.723063 3.680621 8.981833 0.641528 -0.518201 -0.565605 0.695657 0.511208 1 44 1.000000
Blackcrab_sheet
  44 26.252356 1.451771 7.380433 0.930768 -0.304332 0.202616 0.647352 0.555260 1 44 1.000000
  44 26.723063 3.680621 8.981833 0.641528 -0.518201 -0.565605 0.695657 0.511208 1 44 1.000000
  44 26.017876 1.906588 8.728786 0.979548 -0.086319 -0.181757 0.666285 0.553538 1 44 1.000000
Blackcrab_sheet
  44 26.837538 -2.364613 7.518630 0.713105 0.633584 -0.300089 0.673685 0.695202 1 44 1.000000
  44 26.252356 1.451771 7.380433 0.930768 -0.304332 0.202616 0.647352 0.555260 1 44 1.000000
  44 26.017876 1.906588 8.728786 0.979548 -0.086319 -0.181757 0.666285 0.553538 1 44 1.000000
Blackcrab_sheet
  44 26.837538 -2.364613 7.518630 0.713105 0.633584 -0.300089 0.673685 0.695202 1 44 1.000000
  44 26.017876 1.906588 8.728786 0.979548 -0.086319 -0.181757 0.666285 0.553538 1 44 1.000000
  44 25.894642 -0.259058 8.705308 0.961660 0.271034 -0.041840 0.663827 0.613881 2 44 0.595290 52 0.404710
Blackcrab_sheet
  44 26.837538 -2.364613 7.518630 0.713105 0.633584 -0.300089 0.673685 0.695202 1 44 1.000000
  44 25.894642 -0.259058 8.705308 0.961660 0.271034 -0.041840 0.663827 0.613881 2 44 0.595290 52 0.404710
  44 26.606176 -2.011168 8.615217 0.743830 0.668027 0.021353 0.685090 0.665263 1 44 1.000000
Blackcrab_sheet
  44 27.345856 -0.187537 10.924341 0.486358 0.639766 -0.595110 0.718446 0.621411 1 44 1.000000
  44 26.606176 -2.011168 8.615217 0.743830 0.668027 0.021353 0.685090 0.665263 1 44 1.000000
  44 25.894642 -0.259058 8.705308 0.961660 0.271034 -0.041840 0.663827 0.613881 2 44 0.595290 52 0.404710
Blackcrab_sheet
  44 28.797342 -3.636977 8.561906 0.000001 0.998015 0.062979 0.767738 0.726786 1 44 1.000000
  44 26.606176 -2.011168 8.615217 0.743830 0.668027 0.021353 0.685090 0.665263 1 44 1.000000
  44 27.345856 -0.187537 10.924341 0.486358 0.639766 -0.595110 0.718446 0.621411 1 44 1.000000
Blackcrab_sheet
  44 28.797342 -3.636977 8.561906 0.000001 0.998015 0.062979 0.767738 0.726786 1 44 1.000000
  44 27.345856 -0.187537 10.924341 0.486358 0.639766 -0.595110 0.718446 0.621411 1 44 1.000000
  44 28.797346 -1.249799 10.905279 0.000001 0.804518 -0.593928 0.773068 0.651001 1 44 1.000000
Blackcrab_sheet
  44 28.797346 -1.249799 10.905279 0.000001 0.804518 -0.593928 0.773068 0.651001 1 44 1.000000
  44 30.988514 -2.011173 8.615218 -0.743829 0.668028 0.021352 0.685090 0.665263 1 44 1.000000
  44 28.797342 -3.636977 8.561906 0.000001 0.998015 0.062979 0.767738 0.726786 1 44 1.000000
Blackcrab_sheet
  44 28.797346 -1.249799 10.905279 0.000001 0.804518 -0.593928 0.773068 0.651001 1 44 1.000000
  44 30.248838 -0.187540 10.924341 -0.486356 0.639767 -0.595110 0.718446 0.621411 1 44 1.000000
  44 30.988514 -2.011173 8.615218 -0.743829 0.668028 0.021352 0.685090 0.665263 1 44 1.000000
Blackcrab_sheet
  44 30.248838 -0.187540 10.924341 -0.486356 0.639767 -0.595110 0.718446 0.621411 1 44 1.000000
  44 28.797346 -1.249799 10.905279 0.000001 0.804518 -0.593928 0.773068 0.651001 1 44 1.000000
  44 28.797348 1.724195 11.126906 0.000000 0.322265 -0.946649 0.767738 0.568160 1 44 1.000000
Blackcrab_sheet
  44 27.345856 -0.187537 10.924341 0.486358 0.639766 -0.595110 0.718446 0.621411 1 44 1.000000
  44 28.797348 1.724195 11.126906 0.000000 0.322265 -0.946649 0.767738 0.568160 1 44 1.000000
  44 28.797346 -1.249799 10.905279 0.000001 0.804518 -0.593928 0.773068 0.651001 1 44 1.000000
Blackcrab_sheet
  44 28.797348 1.724195 11.126906 0.000000 0.322265 -0.946649 0.767738 0.568160 1 44 1.000000
  44 27.345856 -0.187537 10.924341 0.486358 0.639766 -0.595110 0.718446 0.621411 1 44 1.000000
  44 27.474831 1.895559 11.107301 0.518539 0.178779 -0.836155 0.722873 0.563386 1 44 1.000000
Blackcrab_sheet
  44 26.017876 1.906588 8.728786 0.979548 -0.086319 -0.181757 0.666285 0.553538 1 44 1.000000
  44 27.474831 1.895559 11.107301 0.518539 0.178779 -0.836155 0.722873 0.563386 1 44 1.000000
  44 27.345856 -0.187537 10.924341 0.486358 0.639766 -0.595110 0.718446 0.621411 1 44 1.000000
Blackcrab_sheet
  44 26.017876 1.906588 8.728786 0.979548 -0.086319 -0.181757 0.666285 0.553538 1 44 1.000000
  44 27.345856 -0.187537 10.924341 0.486358 0.639766 -0.595110 0.718446 0.621411 1 44 1.000000
  44 25.894642 -0.259058 8.705308 0.961660 0.271034 -0.041840 0.663827 0.613881 2 44 0.595290 52 0.404710
Blackcrab_sheet
  45 23.815994 -4.816557 6.638185 0.538791 -0.178348 -0.823345 0.128550 0.142451 1 45 1.000000
  49 23.505699 -4.067204 6.206895 0.709903 -0.472284 -0.522479 0.114157 0.162549 1 49 1.000000
  49 24.227297 -3.150712 6.568187 0.987959 -0.139475 -0.066965 0.082731 0.151409 2 49 0.686804 45 0.313196
Blackcrab_sheet
  45 32.131031 -4.417080 3.434922 -0.982969 -0.045557 0.178035 0.624051 0.957914 1 45 1.000000
  45 32.099689 -4.870655 3.969389 -0.922562 -0.179393 -0.341610 0.623820 0.973802 1 45 1.000000
  45 32.209190 -4.493430 4.277268 -0.226274 0.870661 0.436748 0.633604 0.974791 1 45 1.000000
Blackcrab_sheet
  45 32.131031 -4.417080 3.434922 -0.982969 -0.045557 0.178035 0.624051 0.957914 1 45 1.000000
  45 32.157696 -4.725475 3.305402 -0.755588 -0.625892 -0.193251 0.616501 0.961056 1 45 1.000000
  45 32.099689 -4.870655 3.969389 -0.922562 -0.179393 -0.341610 0.623820 0.973802 1 45 1.000000
Blackcrab_sheet
  45 31.437670 -3.569160 2.758589 -0.867217 -0.483248 0.120025 0.633731 0.934319 1 45 1.000000
  45 32.157696 -4.725475 3.305402 -0.755588 -0.625892 -0.193251 0.616501 0.961056 1 45 1.000000
  45 32.131031 -4.417080 3.434922 -0.982969 -0.045557 0.178035 0.624051 0.957914 1 45 1.000000
Blackcrab_sheet
  45 31.437670 -3.569160 2.758589 -0.867217 -0.483248 0.120025 0.633731 0.934319 1 45 1.000000
  45 31.943951 -4.158864 2.659296 -0.075462 -0.732725 -0.676328 0.616226 0.940895 1 45 1.000000
  45 32.157696 -4.725475 3.305402 -0.755588 -0.625892 -0.193251 0.616501 0.961056 1 45 1.000000
Blackcrab_sheet
  45 32.157696 -4.725475 3.305402 -0.755588 -0.625892 -0.193251 0.616501 0.961056 1 45 1.000000
  45 31.943951 -4.158864 2.659296 -0.075462 -0.732725 -0.676328 0.616226 0.940895 1 45 1.000000
  45 32.717545 -5.219260 3.894954 0.413720 -0.339598 -0.844695 0.617464 0.976516 1 45 1.000000
Blackcrab_sheet
  45 32.717545 -5.219260 3.894954 0.413720 -0.339598 -0.844695 0.617464 0.976516 1 45 1.000000
  45 31.943951 -4.158864 2.659296 -0.075462 -0.732725 -0.676328 0.616226 0.940895 1 45 1.000000
  45 32.493668 -4.453894 3.243997 0.798897 -0.236624 -0.552968 0.620198 0.956586 1 45 1.000000
Blackcrab_sheet
  45 32.717545 -5.219260 3.894954 0.413720 -0.339598 -0.844695 0.617464 0.976516 1 45 1.000000
  45 32.493668 -4.453894 3.243997 0.798897 -0.236624 -0.552968 0.620198 0.956586 1 45 1.000000
  45 32.785065 -4.680691 4.154619 0.951198 -0.073370 -0.299731 0.629133 0.974821 1 45 1.000000
Blackcrab_sheet
  45 32.099689 -4.870655 3.969389 -0.922562 -0.179393 -0.341610 0.623820 0.973802 1 45 1.000000
  45 32.157696 -4.725475 3.305402 -0.755588 -0.625892 -0.193251 0.616501 0.961056 1 45 1.000000
  45 32.717545 -5.219260 3.894954 0.413720 -0.339598 -0.844695 0.617464 0.976516 1 45 1.000000
Blackcrab_sheet
  45 32.493668 -4.453894 3.243997 0.416292 0.901434 0.118817 0.620198 0.956586 1 45 1.000000
  45 32.209190 -4.493430 4.277268 -0.226274 0.870661 0.436748 0.633604 0.974791 1 45 1.000000
  45 32.785065 -4.680691 4.154619 -0.016418 0.979871 -0.198953 0.629133 0.974821 1 45 1.000000
Blackcrab_sheet
  45 32.493668 -4.453894 3.243997 0.416292 0.901434 0.118817 0.620198 0.956586 1 45 1.000000
  45 32.131031 -4.417080 3.434922 0.266036 0.905457 0.330715 0.624051 0.957914 1 45 1.000000
  45 32.209190 -4.493430 4.277268 -0.226274 0.870661 0.436748 0.633604 0.974791 1 45 1.000000
Blackcrab_sheet
  45 32.493668 -4.453894 3.243997 0.416292 0.901434 0.118817 0.620198 0.956586 1 45 1.000000
  45 31.437670 -3.569160 2.758589 0.600126 0.788888 0.132307 0.633731 0.934319 1 45 1.000000
  45 32.131031 -4.417080 3.434922 0.266036 0.905457 0.330715 0.624051 0.957914 1 45 1.000000
Blackcrab_sheet
  45 32.493668 -4.453894 3.243997 0.416292 0.901434 0.118817 0.620198 0.956586 1 45 1.000000
  45 31.943951 -4.158864 2.659296 0.690607 0.647245 -0.322701 0.616226 0.940895 1 45 1.000000
  45 31.437670 -3.569160 2.758589 0.600126 0.788888 0.132307 0.633731 0.934319 1 45 1.000000
Blackcrab_sheet
  51 17.309927 -21.368765 0.996153 -0.794072 -0.299088 0.529146 0.764669 0.279832 1 51 1.000000
  51 17.234692 -20.183735 1.553057 -0.972107 -0.087884 0.217449 0.688908 0.328325 1 51 1.000000
  51 17.168640 -21.401598 0.765569 -0.923553 0.264101 0.278028 0.778281 0.286746 1 51 1.000000
Blackcrab_sheet
  51 17.168640 -21.401598 0.765569 -0.923553 0.264101 0.278028 0.778281 0.286746 1 51 1.000000
  51 17.234692 -20.183735 1.553057 -0.972107 -0.087884 0.217449 0.688908 0.328325 1 51 1.000000
  51 17.319773 -20.897758 0.170512 -0.963036 0.256591 -0.081990 0.795430 0.337386 1 51 1.000000
Blackcrab_sheet
  51 17.319773 -20.897758 0.170512 -0.963036 0.256591 -0.081990 0.795430 0.337386 1 51 1.000000
  51 17.058674 -21.600218 0.633348 -0.946173 0.320277 0.046670 0.792422 0.280360 1 51 1.000000
  51 17.168640 -21.401598 0.765569 -0.923553 0.264101 0.278028 0.778281 0.286746 1 51 1.000000
Blackcrab_sheet
  51 17.058674 -21.600218 0.633348 -0.946173 0.320277 0.046670 0.792422 0.280360 1 51 1.000000
  51 17.319773 -20.897758 0.170512 -0.963036 0.256591 -0.081990 0.795430 0.337386 1 51 1.000000
  51 17.116688 -21.921120 0.120813 -0.972874 -0.015876 -0.230790 0.834127 0.280391 1 51 1.000000
Blackcrab_sheet
  45 28.797340 -5.613160 6.816930 0.834191 0.429573 -0.345821 0.295141 0.012207 1 45 1.000000
  45 29.201227 -5.767800 7.599094 0.969851 0.211794 -0.120547 0.354760 0.044124 1 45 1.000000
  45 29.369083 -7.604746 5.722173 0.969851 0.211794 -0.120547 0.315825 0.068122 1 45 1.000000
Blackcrab_sheet
  45 29.263382 -7.336234 6.674693 0.992446 -0.030677 0.118780 0.318134 0.059373 1 45 1.000000
  45 29.369083 -7.604746 5.722173 0.969851 0.211794 -0.120547 0.315825 0.068122 1 45 1.000000
  45 29.201227 -5.767800 7.599094 0.969851 0.211794 -0.120547 0.354760 0.044124 1 45 1.000000
Blackcrab_sheet
  45 29.263382 -7.336234 6.674693 0.104437 -0.994499 0.008001 0.698051 0.981797 1 45 1.000000
  45 29.448509 -7.328590 5.208263 0.245717 -0.738009 -0.628463 0.693629 0.966813 1 45 1.000000
  45 30.392216 -7.217793 6.661946 0.171490 -0.984517 -0.036290 0.699077 0.981453 1 45 1.000000
Blackcrab_sheet
  45 29.448509 -7.328590 5.208263 0.245717 -0.738009 -0.628463 0.693629 0.966813 1 45 1.000000
  45 30.095661 -7.178200 5.308524 0.312787 -0.659769 -0.683278 0.694849 0.967761 1 45 1.000000
  45 30.392216 -7.217793 6.661946 0.171490 -0.984517 -0.036290 0.699077 0.981453 1 45 1.000000
Blackcrab_sheet
  45 29.448509 -7.328590 5.208263 0.245717 -0.738009 -0.628463 0.693629 0.966813 1 45 1.000000
  45 29.827099 -6.637262 4.191730 0.179870 -0.346758 -0.920546 0.698189 0.954757 1 45 1.000000
  45 30.095661 -7.178200 5.308524 0.312787 -0.659769 -0.683278 0.694849 0.967761 1 45 1.000000
Blackcrab_sheet
  45 29.448509 -7.328590 5.208263 0.245717 -0.738009 -0.628463 0.693629 0.966813 1 45 1.000000
  45 29.478302 -7.089984 4.585004 0.179870 -0.346758 -0.920546 0.695542 0.960068 1 45 1.000000
  45 29.827099 -6.637262 4.191730 0.179870 -0.346758 -0.920546 0.698189 0.954757 1 45 1.000000
Blackcrab_sheet
  45 29.336294 -5.966867 3.649726 -0.030700 -0.641908 -0.766167 0.707170 0.944170 1 45 1.000000
  45 29.827099 -6.637262 4.191730 0.179870 -0.346758 -0.920546 0.698189 0.954757 1 45 1.000000
  45 29.478302 -7.089984 4.585004 0.179870 -0.346758 -0.920546 0.695542 0.960068 1 45 1.000000
end
