// Created by Crowbar 0.74
version 1
nodes
  0 "ValveBiped.Bip01" -1
  1 "ValveBiped.Bip01_Pelvis" 0
  2 "ValveBiped.Bip01_L_Thigh" 1
  3 "ValveBiped.Bip01_L_Calf" 2
  4 "ValveBiped.Bip01_L_Foot" 3
  5 "ValveBiped.Bip01_L_Toe0" 4
  6 "ValveBiped.Bip01_R_Thigh" 1
  7 "ValveBiped.Bip01_R_Calf" 6
  8 "ValveBiped.Bip01_R_Foot" 7
  9 "ValveBiped.Bip01_R_Toe0" 8
  10 "ValveBiped.Cod_Bone" 1
  11 "ValveBiped.Bip01_Spine" 0
end
skeleton
  time 0
    0 -0.000005 1.515989 38.353996 1.570797 0.000000 0.000000
    1 0.000000 -0.000001 0.000000 0.000000 -0.000001 0.000000
    2 3.890453 -0.000001 -0.000004 -1.570796 -0.109921 -1.580062
    3 17.593168 0.000000 0.000000 0.000000 0.000000 0.279395
    4 17.699579 0.000000 0.000000 -0.015823 -0.048781 -1.155617
    5 6.879456 0.000000 0.000000 -0.063774 0.049411 -0.584607
    6 -3.890452 -0.000001 0.000007 -1.570796 -0.109186 -1.576205
    7 17.593164 0.000000 0.000000 0.000000 0.000000 0.279462
    8 17.699577 0.000000 0.000000 0.038763 0.040677 -1.155872
    9 6.879456 0.000000 0.000000 -0.025721 -0.055308 -0.584140
    10 0.003197 1.916844 7.635197 0.000000 0.000000 0.000000
    11 0.000005 3.345117 -2.981992 1.570795 0.086295 1.570796
end
triangles
combinesoldiersheet_zombie
  3 1.144379 -0.748640 8.514812 -0.707521 -0.352505 -0.612499 0.346652 0.023000 1 3 1.000000
  3 1.510792 -0.441546 7.419110 -0.684675 -0.336998 -0.646261 0.360273 0.011373 1 3 1.000000
  3 3.358191 -2.020369 7.427493 -0.326023 -0.532343 -0.781229 0.284714 0.010995 1 3 1.000000
combinesoldiersheet_zombie
  3 4.037529 4.155854 17.723438 -0.160577 0.959136 0.232965 0.104384 0.119439 1 3 1.000000
  3 5.747486 6.083645 11.632897 0.445453 0.893393 0.058494 0.129971 0.057354 1 3 1.000000
  3 1.891857 5.182803 10.298901 -0.796729 0.604224 0.011654 0.092003 0.045747 1 3 1.000000
combinesoldiersheet_zombie
  3 0.872412 1.854010 17.193558 -0.952862 0.300672 0.040618 0.023141 0.111392 1 3 1.000000
  3 4.037529 4.155854 17.723438 -0.160577 0.959136 0.232965 0.104384 0.119439 1 3 1.000000
  3 1.891857 5.182803 10.298901 -0.796729 0.604224 0.011654 0.092003 0.045747 1 3 1.000000
combinesoldiersheet_zombie
  3 0.998064 2.005061 12.914898 -0.991329 0.129667 0.021279 0.046950 0.067981 1 3 1.000000
  3 0.872412 1.854010 17.193558 -0.952862 0.300672 0.040618 0.023141 0.111392 1 3 1.000000
  3 1.891857 5.182803 10.298901 -0.796729 0.604224 0.011654 0.092003 0.045747 1 3 1.000000
combinesoldiersheet_zombie
  3 0.998064 2.005061 12.914898 -0.991329 0.129667 0.021279 0.046950 0.067981 1 3 1.000000
  3 1.891857 5.182803 10.298901 -0.796729 0.604224 0.011654 0.092003 0.045747 1 3 1.000000
  3 0.939755 1.689706 11.909498 -0.970512 0.239894 -0.023592 0.035845 0.057566 1 3 1.000000
combinesoldiersheet_zombie
  3 0.939755 1.689706 11.909498 -0.970512 0.239894 -0.023592 0.035845 0.057566 1 3 1.000000
  3 1.891857 5.182803 10.298901 -0.796729 0.604224 0.011654 0.092003 0.045747 1 3 1.000000
  3 0.861719 1.146687 9.974632 -0.985691 0.149838 -0.077213 0.045646 0.040679 1 3 1.000000
combinesoldiersheet_zombie
  3 0.861719 1.146687 9.974632 -0.985691 0.149838 -0.077213 0.045646 0.040679 1 3 1.000000
  3 1.891857 5.182803 10.298901 -0.796729 0.604224 0.011654 0.092003 0.045747 1 3 1.000000
  3 2.258288 4.913019 7.766149 -0.400513 0.649207 -0.646622 0.082892 0.018279 1 3 1.000000
combinesoldiersheet_zombie
  3 0.861719 1.146687 9.974632 -0.985691 0.149838 -0.077213 0.045646 0.040679 1 3 1.000000
  3 2.258288 4.913019 7.766149 -0.400513 0.649207 -0.646622 0.082892 0.018279 1 3 1.000000
  3 1.497058 1.938068 7.209178 -0.803119 0.078032 -0.590686 0.050134 0.010569 1 3 1.000000
combinesoldiersheet_zombie
  3 2.806690 4.471476 7.521491 -0.069668 0.541792 -0.837620 0.091354 0.015478 1 3 1.000000
  3 1.497058 1.938068 7.209178 -0.803119 0.078032 -0.590686 0.050134 0.010569 1 3 1.000000
  3 2.258288 4.913019 7.766149 -0.400513 0.649207 -0.646622 0.082892 0.018279 1 3 1.000000
combinesoldiersheet_zombie
  3 2.258288 4.913019 7.766149 -0.400513 0.649207 -0.646622 0.082892 0.018279 1 3 1.000000
  3 5.603987 5.249486 8.390115 0.154362 0.824191 -0.544869 0.129512 0.026542 1 3 1.000000
  3 2.806690 4.471476 7.521491 -0.069668 0.541792 -0.837620 0.091354 0.015478 1 3 1.000000
combinesoldiersheet_zombie
  3 5.603987 5.249486 8.390115 0.154362 0.824191 -0.544869 0.129512 0.026542 1 3 1.000000
  3 5.038768 4.430819 7.524460 0.037836 0.594083 -0.803513 0.133090 0.022043 2 3 0.852036 4 0.147964
  3 2.806690 4.471476 7.521491 -0.069668 0.541792 -0.837620 0.091354 0.015478 1 3 1.000000
combinesoldiersheet_zombie
  3 5.603987 5.249486 8.390115 0.154362 0.824191 -0.544869 0.129512 0.026542 1 3 1.000000
  3 6.718177 2.059112 6.859539 0.305220 0.212650 -0.928235 0.166395 0.008310 2 3 0.779012 4 0.220988
  3 5.038768 4.430819 7.524460 0.037836 0.594083 -0.803513 0.133090 0.022043 2 3 0.852036 4 0.147964
combinesoldiersheet_zombie
  3 5.603987 5.249486 8.390115 0.154362 0.824191 -0.544869 0.129512 0.026542 1 3 1.000000
  3 7.706053 4.273688 7.626332 0.775678 0.396131 -0.491329 0.158179 0.017912 1 3 1.000000
  3 6.718177 2.059112 6.859539 0.305220 0.212650 -0.928235 0.166395 0.008310 2 3 0.779012 4 0.220988
combinesoldiersheet_zombie
  3 6.718177 2.059112 6.859539 0.305220 0.212650 -0.928235 0.166395 0.008310 2 3 0.779012 4 0.220988
  3 7.706053 4.273688 7.626332 0.775678 0.396131 -0.491329 0.158179 0.017912 1 3 1.000000
  3 8.114591 0.008320 7.305382 0.793736 -0.189173 -0.578098 0.194768 0.012302 2 3 0.865756 4 0.134244
combinesoldiersheet_zombie
  3 8.114591 0.008320 7.305382 0.793736 -0.189173 -0.578098 0.194768 0.012302 2 3 0.865756 4 0.134244
  3 6.764975 0.110655 6.750656 0.290202 -0.288369 -0.912483 0.193529 0.005967 2 3 0.733003 4 0.266997
  3 6.718177 2.059112 6.859539 0.305220 0.212650 -0.928235 0.166395 0.008310 2 3 0.779012 4 0.220988
combinesoldiersheet_zombie
  3 6.764975 0.110655 6.750656 0.290202 -0.288369 -0.912483 0.193529 0.005967 2 3 0.733003 4 0.266997
  3 8.114591 0.008320 7.305382 0.793736 -0.189173 -0.578098 0.194768 0.012302 2 3 0.865756 4 0.134244
  3 5.461871 -2.194727 7.604898 0.295367 -0.726957 -0.619913 0.238930 0.013416 2 3 0.894900 4 0.105100
combinesoldiersheet_zombie
  3 5.461871 -2.194727 7.604898 0.295367 -0.726957 -0.619913 0.238930 0.013416 2 3 0.894900 4 0.105100
  3 5.046536 -0.817617 6.889496 0.088075 -0.427111 -0.899899 0.221391 0.006401 2 3 0.727759 4 0.272241
  3 6.764975 0.110655 6.750656 0.290202 -0.288369 -0.912483 0.193529 0.005967 2 3 0.733003 4 0.266997
combinesoldiersheet_zombie
  3 3.147663 -0.796655 6.875272 -0.157643 -0.441501 -0.883304 0.288567 0.005718 2 3 0.787014 4 0.212987
  3 5.046536 -0.817617 6.889496 0.088075 -0.427111 -0.899899 0.221391 0.006401 2 3 0.727759 4 0.272241
  3 5.461871 -2.194727 7.604898 0.295367 -0.726957 -0.619913 0.238930 0.013416 2 3 0.894900 4 0.105100
combinesoldiersheet_zombie
  3 3.147663 -0.796655 6.875272 -0.157643 -0.441501 -0.883304 0.288567 0.005718 2 3 0.787014 4 0.212987
  3 5.461871 -2.194727 7.604898 0.295367 -0.726957 -0.619913 0.238930 0.013416 2 3 0.894900 4 0.105100
  3 3.358191 -2.020369 7.427493 -0.326023 -0.532343 -0.781229 0.284714 0.010995 1 3 1.000000
combinesoldiersheet_zombie
  3 2.175181 0.032243 6.830487 -0.437169 -0.316369 -0.841899 0.370434 0.005478 2 3 0.862796 4 0.137204
  3 3.147663 -0.796655 6.875272 -0.157643 -0.441501 -0.883304 0.288567 0.005718 2 3 0.787014 4 0.212987
  3 3.358191 -2.020369 7.427493 -0.326023 -0.532343 -0.781229 0.284714 0.010995 1 3 1.000000
combinesoldiersheet_zombie
  3 3.358191 -2.020369 7.427493 -0.326023 -0.532343 -0.781229 0.284714 0.010995 1 3 1.000000
  3 1.510792 -0.441546 7.419110 -0.684675 -0.336998 -0.646261 0.360424 0.011373 1 3 1.000000
  3 2.175181 0.032243 6.830487 -0.437169 -0.316369 -0.841899 0.370434 0.005478 2 3 0.862796 4 0.137204
combinesoldiersheet_zombie
  3 2.806690 4.471476 7.521491 -0.069668 0.541792 -0.837620 0.091354 0.015478 1 3 1.000000
  3 2.033386 1.960318 6.958989 -0.445554 0.120872 -0.887058 0.062792 0.008007 2 3 0.919810 4 0.080190
  3 1.497058 1.938068 7.209178 -0.803119 0.078032 -0.590686 0.050134 0.010569 1 3 1.000000
combinesoldiersheet_zombie
  3 2.258288 4.913019 7.766149 -0.400513 0.649207 -0.646622 0.082892 0.018279 1 3 1.000000
  3 5.747486 6.083645 11.632897 0.445453 0.893393 0.058494 0.129971 0.057354 1 3 1.000000
  3 5.603987 5.249486 8.390115 0.154362 0.824191 -0.544869 0.129512 0.026542 1 3 1.000000
combinesoldiersheet_zombie
  3 2.258288 4.913019 7.766149 -0.400513 0.649207 -0.646622 0.082892 0.018279 1 3 1.000000
  3 1.891857 5.182803 10.298901 -0.796729 0.604224 0.011654 0.092003 0.045747 1 3 1.000000
  3 5.747486 6.083645 11.632897 0.445453 0.893393 0.058494 0.129971 0.057354 1 3 1.000000
combinesoldiersheet_zombie
  3 1.510792 -0.441546 7.419110 -0.684675 -0.336998 -0.646261 0.360424 0.011373 1 3 1.000000
  3 1.144379 -0.748640 8.514812 -0.707521 -0.352505 -0.612499 0.346595 0.023000 1 3 1.000000
  3 1.497058 1.938068 7.209178 -0.803119 0.078032 -0.590686 0.417556 0.010569 1 3 1.000000
combinesoldiersheet_zombie
  3 1.497058 1.938068 7.209178 -0.803119 0.078032 -0.590686 0.417556 0.010569 1 3 1.000000
  3 1.144379 -0.748640 8.514812 -0.707521 -0.352505 -0.612499 0.346480 0.023000 1 3 1.000000
  3 0.274706 -1.380204 9.373715 -0.918623 -0.285273 -0.273405 0.347926 0.031705 1 3 1.000000
combinesoldiersheet_zombie
  3 1.497058 1.938068 7.209178 -0.803119 0.078032 -0.590686 0.417556 0.010569 1 3 1.000000
  3 2.033386 1.960318 6.958989 -0.445554 0.120872 -0.887058 0.430214 0.008007 2 3 0.919810 4 0.080190
  3 2.175181 0.032243 6.830487 -0.437169 -0.316369 -0.841899 0.371212 0.005478 2 3 0.862796 4 0.137204
combinesoldiersheet_zombie
  3 1.497058 1.938068 7.209178 -0.803119 0.078032 -0.590686 0.417556 0.010569 1 3 1.000000
  3 2.175181 0.032243 6.830487 -0.437169 -0.316369 -0.841899 0.371212 0.005478 2 3 0.862796 4 0.137204
  3 1.510792 -0.441546 7.419110 -0.684675 -0.336998 -0.646261 0.360575 0.011373 1 3 1.000000
combinesoldiersheet_zombie
  3 1.497058 1.938068 7.209178 -0.803119 0.078032 -0.590686 0.417556 0.010569 1 3 1.000000
  3 0.274706 -1.380204 9.373715 -0.918623 -0.285273 -0.273405 0.348041 0.031705 1 3 1.000000
  3 0.861719 1.146687 9.974632 -0.985691 0.149838 -0.077213 0.413067 0.040679 1 3 1.000000
combinesoldiersheet_zombie
  3 0.938849 -1.449149 12.112247 -0.897128 -0.438938 -0.049939 0.335803 0.057108 1 3 1.000000
  3 0.861719 1.146687 9.974632 -0.985691 0.149838 -0.077213 0.413067 0.040679 1 3 1.000000
  3 0.274706 -1.380204 9.373715 -0.918623 -0.285273 -0.273405 0.347926 0.031705 1 3 1.000000
combinesoldiersheet_zombie
  3 0.505501 -0.141536 12.117510 -0.998883 -0.007606 -0.046640 0.366242 0.057847 1 3 1.000000
  3 0.861719 1.146687 9.974632 -0.985691 0.149838 -0.077213 0.413067 0.040679 1 3 1.000000
  3 0.938849 -1.449149 12.112247 -0.897128 -0.438938 -0.049939 0.335918 0.057108 1 3 1.000000
combinesoldiersheet_zombie
  3 1.609653 -1.116340 18.211075 -0.922038 -0.386592 0.019789 0.338622 0.113543 2 3 0.686844 2 0.313156
  3 0.505501 -0.141536 12.117510 -0.998883 -0.007606 -0.046640 0.366242 0.057847 1 3 1.000000
  3 0.783354 -1.936801 13.189149 -0.748676 -0.662340 -0.028104 0.332078 0.068483 1 3 1.000000
combinesoldiersheet_zombie
  3 1.609653 -1.116340 18.211075 -0.922038 -0.386592 0.019789 0.338622 0.113543 2 3 0.686844 2 0.313156
  3 0.998064 2.005061 12.914898 -0.991329 0.129667 0.021279 0.414372 0.067981 1 3 1.000000
  3 0.505501 -0.141536 12.117510 -0.998883 -0.007606 -0.046640 0.366242 0.057847 1 3 1.000000
combinesoldiersheet_zombie
  3 0.783354 -1.936801 13.189149 -0.748676 -0.662340 -0.028104 0.332078 0.068483 1 3 1.000000
  3 0.505501 -0.141536 12.117510 -0.998883 -0.007606 -0.046640 0.366356 0.057847 1 3 1.000000
  3 0.938849 -1.449149 12.112247 -0.897128 -0.438938 -0.049939 0.335975 0.057108 1 3 1.000000
combinesoldiersheet_zombie
  3 0.505501 -0.141536 12.117510 -0.998883 -0.007606 -0.046640 0.366185 0.057847 1 3 1.000000
  3 0.939755 1.689706 11.909498 -0.970512 0.239894 -0.023592 0.403267 0.057566 1 3 1.000000
  3 0.861719 1.146687 9.974632 -0.985691 0.149838 -0.077213 0.413067 0.040679 1 3 1.000000
combinesoldiersheet_zombie
  3 0.505501 -0.141536 12.117510 -0.998883 -0.007606 -0.046640 0.366185 0.057847 1 3 1.000000
  3 0.998064 2.005061 12.914898 -0.991329 0.129667 0.021279 0.414372 0.067981 1 3 1.000000
  3 0.939755 1.689706 11.909498 -0.970512 0.239894 -0.023592 0.403267 0.057566 1 3 1.000000
combinesoldiersheet_zombie
  3 0.938849 -1.449149 12.112247 -0.897128 -0.438938 -0.049939 0.335975 0.057108 1 3 1.000000
  3 0.274706 -1.380204 9.373715 -0.918623 -0.285273 -0.273405 0.348098 0.031705 1 3 1.000000
  3 2.021837 -3.354924 11.011475 -0.500674 -0.857279 0.119995 0.292315 0.044255 1 3 1.000000
combinesoldiersheet_zombie
  3 1.144379 -0.748640 8.514812 -0.707521 -0.352505 -0.612499 0.346595 0.023000 1 3 1.000000
  3 3.358191 -2.020369 7.427493 -0.326023 -0.532343 -0.781229 0.284714 0.010995 1 3 1.000000
  3 2.130084 -3.273201 8.705351 -0.152001 -0.870871 -0.467417 0.288666 0.023773 1 3 1.000000
combinesoldiersheet_zombie
  3 1.144379 -0.748640 8.514812 -0.707521 -0.352505 -0.612499 0.346595 0.023000 1 3 1.000000
  3 2.130084 -3.273201 8.705351 -0.152001 -0.870871 -0.467417 0.288666 0.023773 1 3 1.000000
  3 0.274706 -1.380204 9.373715 -0.918623 -0.285273 -0.273405 0.348041 0.031705 1 3 1.000000
combinesoldiersheet_zombie
  3 2.021837 -3.354924 11.011475 -0.500674 -0.857279 0.119995 0.292315 0.044255 1 3 1.000000
  3 0.274706 -1.380204 9.373715 -0.918623 -0.285273 -0.273405 0.348041 0.031705 1 3 1.000000
  3 2.130084 -3.273201 8.705351 -0.152001 -0.870871 -0.467417 0.288666 0.023773 1 3 1.000000
combinesoldiersheet_zombie
  3 5.799646 -3.433196 9.536274 0.421817 -0.841495 -0.337574 0.247628 0.033769 1 3 1.000000
  3 2.021837 -3.354924 11.011475 -0.500674 -0.857279 0.119995 0.292315 0.044255 1 3 1.000000
  3 2.130084 -3.273201 8.705351 -0.152001 -0.870871 -0.467417 0.288666 0.023773 1 3 1.000000
combinesoldiersheet_zombie
  3 5.799646 -3.433196 9.536274 0.421817 -0.841495 -0.337574 0.247628 0.033769 1 3 1.000000
  3 5.658317 -2.804644 12.094081 0.419444 -0.905208 0.068303 0.245485 0.057419 1 3 1.000000
  3 2.021837 -3.354924 11.011475 -0.500674 -0.857279 0.119995 0.292315 0.044255 1 3 1.000000
combinesoldiersheet_zombie
  3 8.405836 -0.493745 10.257726 0.944533 -0.320337 0.072396 0.201139 0.044194 1 3 1.000000
  3 5.658317 -2.804644 12.094081 0.419444 -0.905208 0.068303 0.245485 0.057419 1 3 1.000000
  3 5.799646 -3.433196 9.536274 0.421817 -0.841495 -0.337574 0.247628 0.033769 1 3 1.000000
combinesoldiersheet_zombie
  3 5.370989 -3.485967 14.914959 0.187068 -0.980093 0.066512 0.258437 0.084646 1 3 1.000000
  3 5.658317 -2.804644 12.094081 0.419444 -0.905208 0.068303 0.245485 0.057419 1 3 1.000000
  3 8.405836 -0.493745 10.257726 0.944533 -0.320337 0.072396 0.201139 0.044194 1 3 1.000000
combinesoldiersheet_zombie
  3 2.021837 -3.354924 11.011475 -0.500674 -0.857279 0.119995 0.292315 0.044255 1 3 1.000000
  3 5.658317 -2.804644 12.094081 0.419444 -0.905208 0.068303 0.245485 0.057419 1 3 1.000000
  3 5.370989 -3.485967 14.914959 0.187068 -0.980093 0.066512 0.258437 0.084646 1 3 1.000000
combinesoldiersheet_zombie
  3 2.021837 -3.354924 11.011475 -0.500674 -0.857279 0.119995 0.292315 0.044255 1 3 1.000000
  3 5.370989 -3.485967 14.914959 0.187068 -0.980093 0.066512 0.258437 0.084646 1 3 1.000000
  3 2.355524 -2.782621 12.815161 -0.443838 -0.895947 0.016965 0.285481 0.064341 1 3 1.000000
combinesoldiersheet_zombie
  3 2.355524 -2.782621 12.815161 -0.443838 -0.895947 0.016965 0.285481 0.064341 1 3 1.000000
  3 0.938849 -1.449149 12.112247 -0.897128 -0.438938 -0.049939 0.335918 0.057108 1 3 1.000000
  3 2.021837 -3.354924 11.011475 -0.500674 -0.857279 0.119995 0.292315 0.044255 1 3 1.000000
combinesoldiersheet_zombie
  3 0.783354 -1.936801 13.189149 -0.748676 -0.662340 -0.028104 0.332078 0.068483 1 3 1.000000
  3 0.938849 -1.449149 12.112247 -0.897128 -0.438938 -0.049939 0.335918 0.057108 1 3 1.000000
  3 2.355524 -2.782621 12.815161 -0.443838 -0.895947 0.016965 0.285481 0.064341 1 3 1.000000
combinesoldiersheet_zombie
  3 2.355524 -2.782621 12.815161 -0.443838 -0.895947 0.016965 0.285481 0.064341 1 3 1.000000
  3 3.207392 -2.399530 16.630651 -0.404280 -0.914618 -0.005651 0.292982 0.103364 2 3 0.902543 2 0.097457
  3 0.783354 -1.936801 13.189149 -0.748676 -0.662340 -0.028104 0.332078 0.068483 1 3 1.000000
combinesoldiersheet_zombie
  3 1.609653 -1.116340 18.211075 -0.922038 -0.386592 0.019789 0.338622 0.113543 2 3 0.686844 2 0.313156
  3 0.783354 -1.936801 13.189149 -0.748676 -0.662340 -0.028104 0.332078 0.068483 1 3 1.000000
  3 3.207392 -2.399530 16.630651 -0.404280 -0.914618 -0.005651 0.292982 0.103364 2 3 0.902543 2 0.097457
combinesoldiersheet_zombie
  3 1.609653 -1.116340 18.211075 -0.922038 -0.386592 0.019789 0.338622 0.113543 2 3 0.686844 2 0.313156
  3 3.207392 -2.399530 16.630651 -0.404280 -0.914618 -0.005651 0.292982 0.103364 2 3 0.902543 2 0.097457
  2 3.116873 -3.518533 20.800726 -0.367478 -0.916823 -0.156192 0.293988 0.166064 2 2 0.649406 3 0.350594
combinesoldiersheet_zombie
  2 1.124662 -0.341888 21.144506 -0.916856 -0.378327 -0.127448 0.346573 0.182961 2 2 0.805489 3 0.194511
  3 1.609653 -1.116340 18.211075 -0.922038 -0.386592 0.019789 0.338622 0.113543 2 3 0.686844 2 0.313156
  2 3.116873 -3.518533 20.800726 -0.367478 -0.916823 -0.156192 0.293988 0.166064 2 2 0.649406 3 0.350594
combinesoldiersheet_zombie
  2 3.116873 -3.518533 20.800726 -0.367478 -0.916823 -0.156192 0.293988 0.166064 2 2 0.649406 3 0.350594
  2 -0.025515 -1.478366 26.815592 -0.952878 -0.282418 -0.110741 0.347586 0.221735 1 2 1.000000
  2 1.124662 -0.341888 21.144506 -0.916856 -0.378327 -0.127448 0.346573 0.182961 2 2 0.805489 3 0.194511
combinesoldiersheet_zombie
  2 -0.153854 1.808115 25.847816 -0.979923 0.134994 -0.146719 0.386106 0.211530 1 2 1.000000
  2 1.124662 -0.341888 21.144506 -0.916856 -0.378327 -0.127448 0.346573 0.182961 2 2 0.805489 3 0.194511
  2 -0.025515 -1.478366 26.815592 -0.952878 -0.282418 -0.110741 0.347586 0.221735 1 2 1.000000
combinesoldiersheet_zombie
  2 -0.153854 1.808115 25.847816 -0.979923 0.134994 -0.146719 0.386106 0.211530 1 2 1.000000
  2 -0.025515 -1.478366 26.815592 -0.952878 -0.282418 -0.110741 0.347586 0.221735 1 2 1.000000
  2 -0.039467 -0.767872 31.896191 -0.965714 -0.253907 -0.054115 0.358042 0.277237 2 2 0.743495 6 0.256506
combinesoldiersheet_zombie
  2 4.849768 -3.709839 23.362972 -0.502483 -0.749696 -0.430659 0.271649 0.185292 1 2 1.000000
  2 4.237418 -3.690978 23.153446 -0.056611 -0.996455 -0.062226 0.279304 0.182837 1 2 1.000000
  2 3.116873 -3.518533 20.800726 -0.367478 -0.916823 -0.156192 0.293988 0.166064 2 2 0.649406 3 0.350594
combinesoldiersheet_zombie
  2 4.849768 -3.709839 23.362972 -0.502483 -0.749696 -0.430659 0.271649 0.185292 1 2 1.000000
  2 3.116873 -3.518533 20.800726 -0.367478 -0.916823 -0.156192 0.293988 0.166064 2 2 0.649406 3 0.350594
  2 5.125845 -3.184863 20.332108 0.403231 -0.911881 -0.076671 0.263998 0.158641 2 2 0.538261 3 0.461739
combinesoldiersheet_zombie
  2 5.125845 -3.184863 20.332108 0.403231 -0.911881 -0.076671 0.263998 0.158641 2 2 0.538261 3 0.461739
  2 3.116873 -3.518533 20.800726 -0.367478 -0.916823 -0.156192 0.293988 0.166064 2 2 0.649406 3 0.350594
  3 3.207392 -2.399530 16.630651 -0.404280 -0.914618 -0.005651 0.292982 0.103364 2 3 0.902543 2 0.097457
combinesoldiersheet_zombie
  3 3.207392 -2.399530 16.630651 -0.404280 -0.914618 -0.005651 0.292982 0.103364 2 3 0.902543 2 0.097457
  3 5.370989 -3.485967 14.914959 0.187068 -0.980093 0.066512 0.258437 0.084646 1 3 1.000000
  2 5.125845 -3.184863 20.332108 0.403231 -0.911881 -0.076671 0.263998 0.158641 2 2 0.538261 3 0.461739
combinesoldiersheet_zombie
  3 2.355524 -2.782621 12.815161 -0.443838 -0.895947 0.016965 0.285481 0.064341 1 3 1.000000
  3 5.370989 -3.485967 14.914959 0.187068 -0.980093 0.066512 0.258437 0.084646 1 3 1.000000
  3 3.207392 -2.399530 16.630651 -0.404280 -0.914618 -0.005651 0.292982 0.103364 2 3 0.902543 2 0.097457
combinesoldiersheet_zombie
  3 1.609653 -1.116340 18.211075 -0.922038 -0.386592 0.019789 0.338622 0.113543 2 3 0.686844 2 0.313156
  2 1.124662 -0.341888 21.144506 -0.916856 -0.378327 -0.127448 0.346573 0.182961 2 2 0.805489 3 0.194511
  2 0.514977 1.269585 20.459377 -0.986738 0.129198 -0.098264 0.375802 0.161357 2 2 0.823592 3 0.176408
combinesoldiersheet_zombie
  2 -0.153854 1.808115 25.847816 -0.979923 0.134994 -0.146719 0.386106 0.211530 1 2 1.000000
  2 0.514977 1.269585 20.459377 -0.986738 0.129198 -0.098264 0.375802 0.161357 2 2 0.823592 3 0.176408
  2 1.124662 -0.341888 21.144506 -0.916856 -0.378327 -0.127448 0.346573 0.182961 2 2 0.805489 3 0.194511
combinesoldiersheet_zombie
  2 4.849768 -3.709839 23.362972 -0.502483 -0.749696 -0.430659 0.271649 0.185292 1 2 1.000000
  2 5.125845 -3.184863 20.332108 0.403231 -0.911881 -0.076671 0.263998 0.158641 2 2 0.538261 3 0.461739
  2 7.155785 -0.863241 22.062441 0.877609 -0.479340 -0.005877 0.228498 0.172138 1 2 1.000000
combinesoldiersheet_zombie
  3 8.405836 -0.493745 10.257726 0.944533 -0.320337 0.072396 0.201139 0.044194 1 3 1.000000
  3 5.799646 -3.433196 9.536274 0.421817 -0.841495 -0.337574 0.247628 0.033769 1 3 1.000000
  3 8.092154 -0.369614 9.174410 0.825306 -0.350506 -0.442737 0.199786 0.032394 1 3 1.000000
combinesoldiersheet_zombie
  3 8.092154 -0.369614 9.174410 0.825306 -0.350506 -0.442737 0.199786 0.032394 1 3 1.000000
  3 5.799646 -3.433196 9.536274 0.421817 -0.841495 -0.337574 0.247628 0.033769 1 3 1.000000
  3 2.130084 -3.273201 8.705351 -0.152001 -0.870871 -0.467417 0.288666 0.023773 1 3 1.000000
combinesoldiersheet_zombie
  2 -0.039467 -0.767872 31.896191 -0.965714 -0.253907 -0.054115 0.357913 0.277237 2 2 0.743495 6 0.256506
  2 -0.491704 2.830826 30.799721 -0.979445 0.182668 0.085558 0.397717 0.265562 2 2 0.614948 6 0.385052
  2 -0.153854 1.808115 25.847816 -0.979923 0.134994 -0.146719 0.386106 0.211530 1 2 1.000000
combinesoldiersheet_zombie
  3 7.299601 -0.859335 17.100290 0.928440 -0.364539 -0.071482 0.214309 0.110570 1 3 1.000000
  2 7.556975 3.457455 22.959620 0.608569 0.786281 -0.106796 0.173108 0.184524 1 2 1.000000
  2 7.155785 -0.863241 22.062441 0.877609 -0.479340 -0.005877 0.228498 0.172138 1 2 1.000000
combinesoldiersheet_zombie
  2 -0.491704 2.830826 30.799721 -0.979445 0.182668 0.085558 0.397717 0.265562 2 2 0.614948 6 0.385052
  2 0.024000 -0.185952 33.238674 -0.041091 0.265878 0.963130 0.366041 0.291900 2 2 0.529920 6 0.470080
  2 0.023072 1.717179 32.212837 -0.037932 0.325269 0.944860 0.384210 0.280700 2 2 0.532835 6 0.467165
combinesoldiersheet_zombie
  2 -0.039467 -0.767872 31.896191 -0.965714 -0.253907 -0.054115 0.357999 0.277237 2 2 0.743495 6 0.256506
  2 0.024000 -0.185952 33.238674 -0.041091 0.265878 0.963130 0.366127 0.291900 2 2 0.529920 6 0.470080
  2 -0.491704 2.830826 30.799721 -0.979445 0.182668 0.085558 0.397717 0.265562 2 2 0.614948 6 0.385052
combinesoldiersheet_zombie
  2 7.155785 -0.863241 22.062441 0.877609 -0.479340 -0.005877 0.228498 0.172138 1 2 1.000000
  2 5.125845 -3.184863 20.332108 0.403231 -0.911881 -0.076671 0.263998 0.158641 2 2 0.538261 3 0.461739
  3 7.299601 -0.859335 17.100290 0.928440 -0.364539 -0.071482 0.214309 0.110570 1 3 1.000000
combinesoldiersheet_zombie
  3 5.370989 -3.485967 14.914959 0.187068 -0.980093 0.066512 0.258437 0.084646 1 3 1.000000
  3 7.299601 -0.859335 17.100290 0.928440 -0.364539 -0.071482 0.214309 0.110570 1 3 1.000000
  2 5.125845 -3.184863 20.332108 0.403231 -0.911881 -0.076671 0.263998 0.158641 2 2 0.538261 3 0.461739
combinesoldiersheet_zombie
  3 5.370989 -3.485967 14.914959 0.187068 -0.980093 0.066512 0.258437 0.084646 1 3 1.000000
  3 6.900384 -0.659455 15.900557 0.940383 -0.339737 0.016070 0.213385 0.097526 1 3 1.000000
  3 7.299601 -0.859335 17.100290 0.928440 -0.364539 -0.071482 0.214309 0.110570 1 3 1.000000
combinesoldiersheet_zombie
  3 5.370989 -3.485967 14.914959 0.187068 -0.980093 0.066512 0.258437 0.084646 1 3 1.000000
  3 8.405836 -0.493745 10.257726 0.944533 -0.320337 0.072396 0.201139 0.044194 1 3 1.000000
  3 6.900384 -0.659455 15.900557 0.940383 -0.339737 0.016070 0.213385 0.097526 1 3 1.000000
combinesoldiersheet_zombie
  3 7.969326 3.873596 11.695045 0.900723 0.403478 0.160945 0.165017 0.057296 1 3 1.000000
  3 6.900384 -0.659455 15.900557 0.940383 -0.339737 0.016070 0.213385 0.097526 1 3 1.000000
  3 8.405836 -0.493745 10.257726 0.944533 -0.320337 0.072396 0.201139 0.044194 1 3 1.000000
combinesoldiersheet_zombie
  3 8.092154 -0.369614 9.174410 0.825306 -0.350506 -0.442737 0.199786 0.032394 1 3 1.000000
  3 7.969326 3.873596 11.695045 0.900723 0.403478 0.160945 0.165017 0.057296 1 3 1.000000
  3 8.405836 -0.493745 10.257726 0.944533 -0.320337 0.072396 0.201139 0.044194 1 3 1.000000
combinesoldiersheet_zombie
  3 8.092154 -0.369614 9.174410 0.825306 -0.350506 -0.442737 0.199786 0.032394 1 3 1.000000
  3 7.846782 4.030222 10.079586 0.918309 0.388858 -0.074152 0.162514 0.044340 1 3 1.000000
  3 7.969326 3.873596 11.695045 0.900723 0.403478 0.160945 0.165017 0.057296 1 3 1.000000
combinesoldiersheet_zombie
  3 5.747486 6.083645 11.632897 0.445453 0.893393 0.058494 0.129971 0.057354 1 3 1.000000
  3 7.969326 3.873596 11.695045 0.900723 0.403478 0.160945 0.165017 0.057296 1 3 1.000000
  3 7.846782 4.030222 10.079586 0.918309 0.388858 -0.074152 0.162514 0.044340 1 3 1.000000
combinesoldiersheet_zombie
  3 5.747486 6.083645 11.632897 0.445453 0.893393 0.058494 0.129971 0.057354 1 3 1.000000
  3 7.846782 4.030222 10.079586 0.918309 0.388858 -0.074152 0.162514 0.044340 1 3 1.000000
  3 6.409801 5.464259 9.965837 0.511913 0.850227 -0.122714 0.140100 0.043589 1 3 1.000000
combinesoldiersheet_zombie
  3 6.409801 5.464259 9.965837 0.511913 0.850227 -0.122714 0.140100 0.043589 1 3 1.000000
  3 5.603987 5.249486 8.390115 0.154362 0.824191 -0.544869 0.129512 0.026542 1 3 1.000000
  3 5.747486 6.083645 11.632897 0.445453 0.893393 0.058494 0.129971 0.057354 1 3 1.000000
combinesoldiersheet_zombie
  3 5.603987 5.249486 8.390115 0.154362 0.824191 -0.544869 0.129512 0.026542 1 3 1.000000
  3 6.409801 5.464259 9.965837 0.511913 0.850227 -0.122714 0.140100 0.043589 1 3 1.000000
  3 7.846782 4.030222 10.079586 0.918309 0.388858 -0.074152 0.162514 0.044340 1 3 1.000000
combinesoldiersheet_zombie
  3 5.603987 5.249486 8.390115 0.154362 0.824191 -0.544869 0.129512 0.026542 1 3 1.000000
  3 7.846782 4.030222 10.079586 0.918309 0.388858 -0.074152 0.162514 0.044340 1 3 1.000000
  3 7.706053 4.273688 7.626332 0.775678 0.396131 -0.491329 0.158179 0.017912 1 3 1.000000
combinesoldiersheet_zombie
  3 7.846782 4.030222 10.079586 0.918309 0.388858 -0.074152 0.162514 0.044340 1 3 1.000000
  3 7.960963 1.295679 8.523761 0.996815 0.079361 -0.007896 0.181416 0.026315 1 3 1.000000
  3 7.706053 4.273688 7.626332 0.775678 0.396131 -0.491329 0.158179 0.017912 1 3 1.000000
combinesoldiersheet_zombie
  3 7.706053 4.273688 7.626332 0.775678 0.396131 -0.491329 0.158179 0.017912 1 3 1.000000
  3 7.960963 1.295679 8.523761 0.996815 0.079361 -0.007896 0.181416 0.026315 1 3 1.000000
  3 8.114591 0.008320 7.305382 0.793736 -0.189173 -0.578098 0.194768 0.012302 2 3 0.865756 4 0.134244
combinesoldiersheet_zombie
  3 7.960963 1.295679 8.523761 0.996815 0.079361 -0.007896 0.181416 0.026315 1 3 1.000000
  3 8.092154 -0.369614 9.174410 0.896803 -0.438960 0.055297 0.199786 0.032394 1 3 1.000000
  3 8.114591 0.008320 7.305382 0.793736 -0.189173 -0.578098 0.194768 0.012302 2 3 0.865756 4 0.134244
combinesoldiersheet_zombie
  3 5.461871 -2.194727 7.604898 0.295367 -0.726957 -0.619913 0.238930 0.013416 2 3 0.894900 4 0.105100
  3 8.114591 0.008320 7.305382 0.793736 -0.189173 -0.578098 0.194768 0.012302 2 3 0.865756 4 0.134244
  3 8.092154 -0.369614 9.174410 0.896803 -0.438960 0.055297 0.199786 0.032394 1 3 1.000000
combinesoldiersheet_zombie
  3 8.092154 -0.369614 9.174410 0.896803 -0.438960 0.055297 0.199786 0.032394 1 3 1.000000
  3 2.130084 -3.273201 8.705351 -0.152001 -0.870871 -0.467417 0.288666 0.023773 1 3 1.000000
  3 5.461871 -2.194727 7.604898 0.295367 -0.726957 -0.619913 0.238930 0.013416 2 3 0.894900 4 0.105100
combinesoldiersheet_zombie
  3 2.130084 -3.273201 8.705351 -0.152001 -0.870871 -0.467417 0.288666 0.023773 1 3 1.000000
  3 3.358191 -2.020369 7.427493 -0.326023 -0.532343 -0.781229 0.284714 0.010995 1 3 1.000000
  3 5.461871 -2.194727 7.604898 0.295367 -0.726957 -0.619913 0.238930 0.013416 2 3 0.894900 4 0.105100
combinesoldiersheet_zombie
  3 7.846782 4.030222 10.079586 0.918309 0.388858 -0.074152 0.162514 0.044340 1 3 1.000000
  3 8.092154 -0.369614 9.174410 0.896803 -0.438960 0.055297 0.199786 0.032394 1 3 1.000000
  3 7.960963 1.295679 8.523761 0.996815 0.079361 -0.007896 0.181416 0.026315 1 3 1.000000
combinesoldiersheet_zombie
  2 0.025072 -3.313285 34.374592 -0.702130 -0.610140 -0.367073 0.405152 0.371035 3 2 0.563576 6 0.348493 1 0.087931
  2 0.033584 -1.820152 33.533878 0.053398 0.492729 0.868543 0.352107 0.294942 2 2 0.524655 6 0.475345
  2 0.024000 -0.185952 33.238674 -0.041091 0.265878 0.963130 0.366127 0.291900 2 2 0.529920 6 0.470080
combinesoldiersheet_zombie
  2 0.025072 -3.313285 34.374592 -0.702130 -0.610140 -0.367073 0.405152 0.371035 3 2 0.563576 6 0.348493 1 0.087931
  2 0.029485 -3.601940 34.628410 -0.002133 -0.650177 -0.759779 0.339457 0.306675 3 2 0.461177 6 0.390177 1 0.148646
  2 0.033584 -1.820152 33.533878 0.053398 0.492729 0.868543 0.352107 0.294942 2 2 0.524655 6 0.475345
combinesoldiersheet_zombie
  2 0.025072 -3.313285 34.374592 -0.702130 -0.610140 -0.367073 0.405152 0.371035 3 2 0.563576 6 0.348493 1 0.087931
  2 0.024000 -0.185952 33.238674 -0.041091 0.265878 0.963130 0.366213 0.291900 2 2 0.529920 6 0.470080
  2 -0.039467 -0.767872 31.896191 -0.965714 -0.253907 -0.054115 0.358085 0.277237 2 2 0.743495 6 0.256506
combinesoldiersheet_zombie
  1 2.620355 -5.287544 38.615810 0.317273 -0.948329 0.003167 0.303863 0.348757 3 1 0.586525 11 0.238652 2 0.174823
  11 0.071035 -5.365960 38.132679 -0.001304 -0.999972 -0.007392 0.329232 0.344056 3 11 0.460273 1 0.298079 2 0.241648
  2 -0.010077 -4.916972 35.711006 -0.004486 -0.863701 -0.503985 0.332074 0.318327 3 2 0.412189 6 0.327075 1 0.260736
combinesoldiersheet_zombie
  1 2.620355 -5.287544 38.615810 0.317273 -0.948329 0.003167 0.303863 0.348757 3 1 0.586525 11 0.238652 2 0.174823
  2 -0.010077 -4.916972 35.711006 -0.004486 -0.863701 -0.503985 0.332074 0.318327 3 2 0.412189 6 0.327075 1 0.260736
  2 1.893838 -4.888350 36.117237 0.032113 -0.970315 -0.239701 0.310863 0.323293 3 2 0.510158 1 0.271319 6 0.218524
combinesoldiersheet_zombie
  2 1.893838 -4.888350 36.117237 0.032113 -0.970315 -0.239701 0.310863 0.323293 3 2 0.510158 1 0.271319 6 0.218524
  2 -0.010077 -4.916972 35.711006 -0.004486 -0.863701 -0.503985 0.332074 0.318327 3 2 0.412189 6 0.327075 1 0.260736
  2 0.029485 -3.601940 34.628410 -0.002133 -0.650177 -0.759779 0.339457 0.306675 3 2 0.461177 6 0.390177 1 0.148646
combinesoldiersheet_zombie
  2 0.025072 -3.313285 34.374592 -0.702130 -0.610140 -0.367073 0.405152 0.371035 3 2 0.563576 6 0.348493 1 0.087931
  2 1.893838 -4.888350 36.117237 0.032113 -0.970315 -0.239701 0.310863 0.323293 3 2 0.510158 1 0.271319 6 0.218524
  2 0.029485 -3.601940 34.628410 -0.002133 -0.650177 -0.759779 0.339457 0.306675 3 2 0.461177 6 0.390177 1 0.148646
combinesoldiersheet_zombie
  2 1.883701 -4.903615 33.659447 -0.503918 -0.852230 -0.140610 0.310485 0.296537 3 2 0.744050 6 0.163656 1 0.092295
  2 1.893838 -4.888350 36.117237 0.032113 -0.970315 -0.239701 0.310863 0.323293 3 2 0.510158 1 0.271319 6 0.218524
  2 0.025072 -3.313285 34.374592 -0.702130 -0.610140 -0.367073 0.405152 0.371035 3 2 0.563576 6 0.348493 1 0.087931
combinesoldiersheet_zombie
  2 1.883701 -4.903615 33.659447 -0.503918 -0.852230 -0.140610 0.310485 0.296537 3 2 0.744050 6 0.163656 1 0.092295
  2 0.025072 -3.313285 34.374592 -0.702130 -0.610140 -0.367073 0.405152 0.371035 3 2 0.563576 6 0.348493 1 0.087931
  2 -0.039467 -0.767872 31.896191 -0.965714 -0.253907 -0.054115 0.357999 0.277237 2 2 0.743495 6 0.256506
combinesoldiersheet_zombie
  2 1.510264 -4.291675 26.663534 -0.311998 -0.945713 -0.091018 0.308890 0.220295 1 2 1.000000
  2 1.883701 -4.903615 33.659447 -0.503918 -0.852230 -0.140610 0.310485 0.296537 3 2 0.744050 6 0.163656 1 0.092295
  2 -0.039467 -0.767872 31.896191 -0.965714 -0.253907 -0.054115 0.357999 0.277237 2 2 0.743495 6 0.256506
combinesoldiersheet_zombie
  2 3.632474 -4.827223 33.052212 -0.027113 -0.999278 -0.026601 0.290363 0.290433 1 2 1.000000
  2 1.883701 -4.903615 33.659447 -0.503918 -0.852230 -0.140610 0.310485 0.296537 3 2 0.744050 6 0.163656 1 0.092295
  2 1.510264 -4.291675 26.663534 -0.311998 -0.945713 -0.091018 0.308890 0.220295 1 2 1.000000
combinesoldiersheet_zombie
  1 4.759248 -4.910461 36.731060 0.350475 -0.929693 0.113304 0.279511 0.331234 2 1 0.542970 2 0.457030
  2 1.883701 -4.903615 33.659447 -0.503918 -0.852230 -0.140610 0.385764 0.364531 3 2 0.744050 6 0.163656 1 0.092295
  2 3.632474 -4.827223 33.052212 -0.027113 -0.999278 -0.026601 0.290363 0.290433 1 2 1.000000
combinesoldiersheet_zombie
  1 4.759248 -4.910461 36.731060 0.350475 -0.929693 0.113304 0.279511 0.331234 2 1 0.542970 2 0.457030
  2 1.893838 -4.888350 36.117237 0.032113 -0.970315 -0.239701 0.310863 0.323293 3 2 0.510158 1 0.271319 6 0.218524
  2 1.883701 -4.903615 33.659447 -0.503918 -0.852230 -0.140610 0.385764 0.364531 3 2 0.744050 6 0.163656 1 0.092295
combinesoldiersheet_zombie
  1 4.759248 -4.910461 36.731060 0.350475 -0.929693 0.113304 0.279511 0.331234 2 1 0.542970 2 0.457030
  1 6.056042 -3.006238 39.518036 0.581675 -0.718807 0.380750 0.259436 0.369550 3 1 0.537580 2 0.247831 11 0.214589
  2 1.893838 -4.888350 36.117237 0.032113 -0.970315 -0.239701 0.310863 0.323293 3 2 0.510158 1 0.271319 6 0.218524
combinesoldiersheet_zombie
  1 6.056042 -3.006238 39.518036 0.581675 -0.718807 0.380750 0.259436 0.369550 3 1 0.537580 2 0.247831 11 0.214589
  1 2.620355 -5.287544 38.615810 0.317273 -0.948329 0.003167 0.303863 0.348757 3 1 0.586525 11 0.238652 2 0.174823
  2 1.893838 -4.888350 36.117237 0.032113 -0.970315 -0.239701 0.310863 0.323293 3 2 0.510158 1 0.271319 6 0.218524
combinesoldiersheet_zombie
  1 6.056042 -3.006238 39.518036 0.581675 -0.718807 0.380750 0.259436 0.369550 3 1 0.537580 2 0.247831 11 0.214589
  1 4.759248 -4.910461 36.731060 0.350475 -0.929693 0.113304 0.279511 0.331234 2 1 0.542970 2 0.457030
  1 7.467669 -2.507873 38.083771 0.829334 -0.531242 0.173166 0.239115 0.348873 3 1 0.565173 2 0.339713 11 0.095114
combinesoldiersheet_zombie
  1 7.753760 0.707912 39.641312 0.976862 0.020681 0.212867 0.187762 0.371452 3 1 0.541020 2 0.252824 11 0.206157
  1 6.056042 -3.006238 39.518036 0.581675 -0.718807 0.380750 0.259436 0.369550 3 1 0.537580 2 0.247831 11 0.214589
  1 7.467669 -2.507873 38.083771 0.829334 -0.531242 0.173166 0.239115 0.348873 3 1 0.565173 2 0.339713 11 0.095114
combinesoldiersheet_zombie
  2 4.062331 -3.653078 23.747202 -0.076995 -0.989359 -0.123455 0.281758 0.189232 1 2 1.000000
  2 3.833155 -4.416346 25.850460 -0.112448 -0.992714 -0.043298 0.285491 0.212087 1 2 1.000000
  2 1.510264 -4.291675 26.663534 -0.311998 -0.945713 -0.091018 0.308890 0.220295 1 2 1.000000
combinesoldiersheet_zombie
  2 4.401924 -4.372615 26.995749 -0.143176 -0.983714 0.108664 0.277890 0.224479 1 2 1.000000
  2 3.833155 -4.416346 25.850460 -0.112448 -0.992714 -0.043298 0.285491 0.212087 1 2 1.000000
  2 4.542055 -4.517585 25.938776 -0.143176 -0.983714 0.108664 0.275889 0.213545 1 2 1.000000
combinesoldiersheet_zombie
  2 4.401924 -4.372615 26.995749 -0.143176 -0.983714 0.108664 0.277890 0.224479 1 2 1.000000
  2 3.712939 -4.292650 26.882624 -0.047181 -0.998621 0.023019 0.287492 0.223308 1 2 1.000000
  2 3.833155 -4.416346 25.850460 -0.112448 -0.992714 -0.043298 0.285491 0.212087 1 2 1.000000
combinesoldiersheet_zombie
  2 3.833155 -4.416346 25.850460 -0.112448 -0.992714 -0.043298 0.285491 0.212087 1 2 1.000000
  2 3.712939 -4.292650 26.882624 -0.047181 -0.998621 0.023019 0.287492 0.223308 1 2 1.000000
  2 1.510264 -4.291675 26.663534 -0.311998 -0.945713 -0.091018 0.308890 0.220295 1 2 1.000000
combinesoldiersheet_zombie
  2 3.712939 -4.292650 26.882624 -0.047181 -0.998621 0.023019 0.287492 0.223308 1 2 1.000000
  2 3.618554 -4.658570 29.161150 -0.067665 -0.994525 -0.079636 0.289447 0.248083 1 2 1.000000
  2 1.510264 -4.291675 26.663534 -0.311998 -0.945713 -0.091018 0.308890 0.220295 1 2 1.000000
combinesoldiersheet_zombie
  2 4.335255 -4.766160 30.179880 -0.093500 -0.994844 -0.039287 0.280083 0.259099 1 2 1.000000
  2 3.618554 -4.658570 29.161150 -0.067665 -0.994525 -0.079636 0.289447 0.248083 1 2 1.000000
  2 4.365109 -4.732221 29.218689 -0.093500 -0.994844 -0.039287 0.279346 0.249315 1 2 1.000000
combinesoldiersheet_zombie
  2 4.335255 -4.766160 30.179880 -0.093500 -0.994844 -0.039287 0.280083 0.259099 1 2 1.000000
  2 3.605406 -4.695016 30.084604 -0.110586 -0.992960 -0.042429 0.289890 0.258130 1 2 1.000000
  2 3.618554 -4.658570 29.161150 -0.067665 -0.994525 -0.079636 0.289447 0.248083 1 2 1.000000
combinesoldiersheet_zombie
  2 3.618554 -4.658570 29.161150 -0.067665 -0.994525 -0.079636 0.289447 0.248083 1 2 1.000000
  2 3.605406 -4.695016 30.084604 -0.110586 -0.992960 -0.042429 0.289890 0.258130 1 2 1.000000
  2 1.510264 -4.291675 26.663534 -0.311998 -0.945713 -0.091018 0.308890 0.220295 1 2 1.000000
combinesoldiersheet_zombie
  2 3.605406 -4.695016 30.084604 -0.110586 -0.992960 -0.042429 0.289890 0.258130 1 2 1.000000
  2 3.581476 -4.799369 32.341518 -0.102416 -0.994623 -0.015374 0.290811 0.282684 1 2 1.000000
  2 1.510264 -4.291675 26.663534 -0.311998 -0.945713 -0.091018 0.308890 0.220295 1 2 1.000000
combinesoldiersheet_zombie
  2 3.581476 -4.799369 32.341518 -0.102416 -0.994623 -0.015374 0.290811 0.282684 1 2 1.000000
  2 3.632474 -4.827223 33.052212 -0.027113 -0.999278 -0.026601 0.290363 0.290433 1 2 1.000000
  2 1.510264 -4.291675 26.663534 -0.311998 -0.945713 -0.091018 0.308890 0.220295 1 2 1.000000
combinesoldiersheet_zombie
  2 4.233563 -4.800870 32.843491 0.267888 -0.962427 -0.044390 0.282714 0.288334 1 2 1.000000
  2 3.632474 -4.827223 33.052212 -0.027113 -0.999278 -0.026601 0.290363 0.290433 1 2 1.000000
  2 3.581476 -4.799369 32.341518 -0.102416 -0.994623 -0.015374 0.290811 0.282684 1 2 1.000000
combinesoldiersheet_zombie
  2 3.632474 -4.827223 33.052212 -0.027113 -0.999278 -0.026601 0.290363 0.290433 1 2 1.000000
  2 4.233563 -4.800870 32.843491 0.267888 -0.962427 -0.044390 0.282714 0.288334 1 2 1.000000
  1 4.759248 -4.910461 36.731060 0.350475 -0.929693 0.113304 0.279511 0.331234 2 1 0.542970 2 0.457030
combinesoldiersheet_zombie
  2 4.940661 -4.269146 34.222507 0.704295 -0.700882 -0.112841 0.273325 0.303603 1 2 1.000000
  1 4.759248 -4.910461 36.731060 0.350475 -0.929693 0.113304 0.279511 0.331234 2 1 0.542970 2 0.457030
  2 4.233563 -4.800870 32.843491 0.267888 -0.962427 -0.044390 0.282714 0.288334 1 2 1.000000
combinesoldiersheet_zombie
  2 4.940661 -4.269146 34.222507 0.704295 -0.700882 -0.112841 0.273325 0.303603 1 2 1.000000
  1 7.467669 -2.507873 38.083771 0.829334 -0.531242 0.173166 0.239115 0.348873 3 1 0.565173 2 0.339713 11 0.095114
  1 4.759248 -4.910461 36.731060 0.350475 -0.929693 0.113304 0.279511 0.331234 2 1 0.542970 2 0.457030
combinesoldiersheet_zombie
  2 4.940661 -4.269146 34.222507 0.704295 -0.700882 -0.112841 0.273325 0.303603 1 2 1.000000
  2 7.017878 -2.591980 35.116062 0.902508 -0.408198 -0.137307 0.241309 0.314099 1 2 1.000000
  1 7.467669 -2.507873 38.083771 0.829334 -0.531242 0.173166 0.239115 0.348873 3 1 0.565173 2 0.339713 11 0.095114
combinesoldiersheet_zombie
  1 7.753760 0.707912 39.641312 0.976862 0.020681 0.212867 0.187762 0.371452 3 1 0.541020 2 0.252824 11 0.206157
  1 7.467669 -2.507873 38.083771 0.829334 -0.531242 0.173166 0.239115 0.348873 3 1 0.565173 2 0.339713 11 0.095114
  2 7.017878 -2.591980 35.116062 0.902508 -0.408198 -0.137307 0.241309 0.314099 1 2 1.000000
combinesoldiersheet_zombie
  1 7.753760 0.707912 39.641312 0.976862 0.020681 0.212867 0.187762 0.371452 3 1 0.541020 2 0.252824 11 0.206157
  2 7.017878 -2.591980 35.116062 0.902508 -0.408198 -0.137307 0.241309 0.314099 1 2 1.000000
  2 7.182669 0.658004 35.691704 0.989490 0.004343 -0.144538 0.199152 0.320756 1 2 1.000000
combinesoldiersheet_zombie
  1 7.753760 0.707912 39.641312 0.976862 0.020681 0.212867 0.187762 0.371452 3 1 0.541020 2 0.252824 11 0.206157
  2 7.182669 0.658004 35.691704 0.989490 0.004343 -0.144538 0.199152 0.320756 1 2 1.000000
  2 7.147667 1.870126 35.700718 0.995961 0.020327 -0.087459 0.179112 0.320973 1 2 1.000000
combinesoldiersheet_zombie
  1 7.753760 0.707912 39.641312 0.976862 0.020681 0.212867 0.187762 0.371452 3 1 0.541020 2 0.252824 11 0.206157
  2 7.147667 1.870126 35.700718 0.995961 0.020327 -0.087459 0.179112 0.320973 1 2 1.000000
  1 7.178436 4.987971 37.041157 0.921379 0.386159 0.044069 0.142852 0.335174 2 1 0.798027 2 0.201973
combinesoldiersheet_zombie
  1 7.178436 4.987971 37.041157 0.921379 0.386159 0.044069 0.142852 0.335174 2 1 0.798027 2 0.201973
  2 7.147667 1.870126 35.700718 0.995961 0.020327 -0.087459 0.179112 0.320973 1 2 1.000000
  2 7.199555 4.009610 35.041100 0.994159 0.100717 -0.038770 0.152095 0.314036 1 2 1.000000
combinesoldiersheet_zombie
  2 7.199555 4.009610 35.041100 0.994159 0.100717 -0.038770 0.152095 0.314036 1 2 1.000000
  2 6.918731 4.609232 33.566280 0.804038 0.582267 -0.120364 0.143963 0.297969 1 2 1.000000
  1 7.178436 4.987971 37.041157 0.921379 0.386159 0.044069 0.142852 0.335174 2 1 0.798027 2 0.201973
combinesoldiersheet_zombie
  2 4.910295 6.380040 33.497173 0.439009 0.872256 -0.215502 0.112471 0.296835 3 2 0.683908 1 0.194413 6 0.121679
  1 7.178436 4.987971 37.041157 0.921379 0.386159 0.044069 0.142852 0.335174 2 1 0.798027 2 0.201973
  2 6.918731 4.609232 33.566280 0.804038 0.582267 -0.120364 0.143963 0.297969 1 2 1.000000
combinesoldiersheet_zombie
  2 6.918731 4.609232 33.566280 0.804038 0.582267 -0.120364 0.143963 0.297969 1 2 1.000000
  2 6.452976 4.510295 29.467520 0.574086 0.814690 -0.081885 0.142414 0.253222 1 2 1.000000
  2 4.910295 6.380040 33.497173 0.439009 0.872256 -0.215502 0.112471 0.296835 3 2 0.683908 1 0.194413 6 0.121679
combinesoldiersheet_zombie
  2 4.233563 -4.800870 32.843491 0.267888 -0.962427 -0.044390 0.282714 0.288334 1 2 1.000000
  2 3.581476 -4.799369 32.341518 -0.102416 -0.994623 -0.015374 0.290811 0.282684 1 2 1.000000
  2 4.299459 -4.862529 32.341965 -0.023530 -0.999343 0.027578 0.281408 0.283265 1 2 1.000000
combinesoldiersheet_zombie
  1 7.178436 4.987971 37.041157 0.921379 0.386159 0.044069 0.142852 0.335174 2 1 0.798027 2 0.201973
  1 5.371748 5.595269 40.056133 0.694129 0.692776 0.195568 0.116697 0.372705 3 1 0.582899 11 0.274175 2 0.142926
  1 7.753760 0.707912 39.641312 0.976862 0.020681 0.212867 0.187762 0.371452 3 1 0.541020 2 0.252824 11 0.206157
combinesoldiersheet_zombie
  2 2.111671 4.350244 26.584475 -0.429692 0.872748 -0.231679 0.066965 0.220568 1 2 1.000000
  2 -0.491704 2.830826 30.799721 -0.979445 0.182668 0.085558 0.030295 0.265562 2 2 0.614948 6 0.385052
  2 1.825568 6.042041 30.807161 -0.390577 0.839357 -0.378061 0.072997 0.266649 3 2 0.592071 6 0.297367 1 0.110563
combinesoldiersheet_zombie
  6 0.024897 5.314432 32.500061 0.003320 0.880499 -0.474036 0.045474 0.284212 3 6 0.457724 2 0.441597 1 0.100678
  2 1.825568 6.042041 30.807161 -0.390577 0.839357 -0.378061 0.072997 0.266649 3 2 0.592071 6 0.297367 1 0.110563
  2 -0.491704 2.830826 30.799721 -0.979445 0.182668 0.085558 0.030295 0.265562 2 2 0.614948 6 0.385052
combinesoldiersheet_zombie
  2 1.825568 6.042041 30.807161 -0.390577 0.839357 -0.378061 0.072997 0.266649 3 2 0.592071 6 0.297367 1 0.110563
  6 0.024897 5.314432 32.500061 0.003320 0.880499 -0.474036 0.045474 0.284212 3 6 0.457724 2 0.441597 1 0.100678
  2 2.395492 7.285170 33.681107 -0.065648 0.927115 -0.368982 0.082575 0.298217 3 2 0.491128 6 0.299722 1 0.209150
combinesoldiersheet_zombie
  2 2.395492 7.285170 33.681107 -0.065648 0.927115 -0.368982 0.082575 0.298217 3 2 0.491128 6 0.299722 1 0.209150
  6 0.024897 5.314432 32.500061 0.003320 0.880499 -0.474036 0.045474 0.284212 3 6 0.457724 2 0.441597 1 0.100678
  6 0.036950 6.835017 34.011879 0.008572 0.883123 -0.469064 0.053771 0.301067 3 6 0.413677 2 0.385030 1 0.201293
combinesoldiersheet_zombie
  2 2.395492 7.285170 33.681107 -0.065648 0.927115 -0.368982 0.082575 0.298217 3 2 0.491128 6 0.299722 1 0.209150
  6 0.036950 6.835017 34.011879 0.008572 0.883123 -0.469064 0.053771 0.301067 3 6 0.413677 2 0.385030 1 0.201293
  6 0.022522 7.433531 36.206318 0.009886 0.996048 -0.088258 0.056340 0.324838 3 6 0.353240 1 0.336066 2 0.310694
combinesoldiersheet_zombie
  2 2.395492 7.285170 33.681107 -0.065648 0.927115 -0.368982 0.082575 0.298217 3 2 0.491128 6 0.299722 1 0.209150
  6 0.022522 7.433531 36.206318 0.009886 0.996048 -0.088258 0.056340 0.324838 3 6 0.353240 1 0.336066 2 0.310694
  2 2.731251 7.544124 35.844841 0.131123 0.990904 0.030259 0.079182 0.322421 3 2 0.428143 1 0.311920 6 0.259938
combinesoldiersheet_zombie
  2 2.731251 7.544124 35.844841 0.131123 0.990904 0.030259 0.079182 0.322421 3 2 0.428143 1 0.311920 6 0.259938
  6 0.022522 7.433531 36.206318 0.009886 0.996048 -0.088258 0.056340 0.324838 3 6 0.353240 1 0.336066 2 0.310694
  1 0.021430 7.409033 37.778709 -0.007649 0.991705 0.128307 0.056039 0.341960 3 1 0.419040 11 0.307897 6 0.273063
combinesoldiersheet_zombie
  1 0.023245 6.989127 39.853302 -0.021001 0.996492 0.081008 0.053777 0.354651 2 1 0.759623 11 0.240377
  2 2.731251 7.544124 35.844841 0.131123 0.990904 0.030259 0.079182 0.322421 3 2 0.428143 1 0.311920 6 0.259938
  1 0.021430 7.409033 37.778709 -0.007649 0.991705 0.128307 0.056039 0.341960 3 1 0.419040 11 0.307897 6 0.273063
combinesoldiersheet_zombie
  1 0.023245 6.989127 39.853302 -0.021001 0.996492 0.081008 0.053777 0.354651 2 1 0.759623 11 0.240377
  1 3.274271 6.134724 40.687412 0.282852 0.958614 -0.032467 0.086850 0.368459 2 1 0.937373 11 0.062627
  2 2.731251 7.544124 35.844841 0.131123 0.990904 0.030259 0.079182 0.322421 3 2 0.428143 1 0.311920 6 0.259938
combinesoldiersheet_zombie
  2 2.731251 7.544124 35.844841 0.131123 0.990904 0.030259 0.079182 0.322421 3 2 0.428143 1 0.311920 6 0.259938
  1 3.274271 6.134724 40.687412 0.282852 0.958614 -0.032467 0.086850 0.368459 2 1 0.937373 11 0.062627
  1 5.371748 5.595269 40.056133 0.694129 0.692776 0.195568 0.116697 0.372705 3 1 0.582899 11 0.274175 2 0.142926
combinesoldiersheet_zombie
  2 2.731251 7.544124 35.844841 0.131123 0.990904 0.030259 0.079182 0.322421 3 2 0.428143 1 0.311920 6 0.259938
  1 5.371748 5.595269 40.056133 0.694129 0.692776 0.195568 0.116697 0.372705 3 1 0.582899 11 0.274175 2 0.142926
  2 5.368661 6.606613 35.890751 0.494970 0.868478 0.027394 0.108656 0.322821 3 2 0.520732 1 0.376513 11 0.102754
combinesoldiersheet_zombie
  1 5.371748 5.595269 40.056133 0.694129 0.692776 0.195568 0.116697 0.372705 3 1 0.582899 11 0.274175 2 0.142926
  1 7.178436 4.987971 37.041157 0.921379 0.386159 0.044069 0.142852 0.335174 2 1 0.798027 2 0.201973
  2 5.368661 6.606613 35.890751 0.494970 0.868478 0.027394 0.108656 0.322821 3 2 0.520732 1 0.376513 11 0.102754
combinesoldiersheet_zombie
  2 4.910295 6.380040 33.497173 0.439009 0.872256 -0.215502 0.112471 0.296835 3 2 0.683908 1 0.194413 6 0.121679
  2 5.368661 6.606613 35.890751 0.494970 0.868478 0.027394 0.108656 0.322821 3 2 0.520732 1 0.376513 11 0.102754
  1 7.178436 4.987971 37.041157 0.921379 0.386159 0.044069 0.142852 0.335174 2 1 0.798027 2 0.201973
combinesoldiersheet_zombie
  2 5.368661 6.606613 35.890751 0.494970 0.868478 0.027394 0.108656 0.322821 3 2 0.520732 1 0.376513 11 0.102754
  2 4.910295 6.380040 33.497173 0.439009 0.872256 -0.215502 0.112471 0.296835 3 2 0.683908 1 0.194413 6 0.121679
  2 2.395492 7.285170 33.681107 -0.065648 0.927115 -0.368982 0.082575 0.298217 3 2 0.491128 6 0.299722 1 0.209150
combinesoldiersheet_zombie
  2 1.825568 6.042041 30.807161 -0.390577 0.839357 -0.378061 0.072997 0.266649 3 2 0.592071 6 0.297367 1 0.110563
  2 2.395492 7.285170 33.681107 -0.065648 0.927115 -0.368982 0.082575 0.298217 3 2 0.491128 6 0.299722 1 0.209150
  2 4.910295 6.380040 33.497173 0.439009 0.872256 -0.215502 0.112471 0.296835 3 2 0.683908 1 0.194413 6 0.121679
combinesoldiersheet_zombie
  2 1.825568 6.042041 30.807161 -0.390577 0.839357 -0.378061 0.072997 0.266649 3 2 0.592071 6 0.297367 1 0.110563
  2 4.910295 6.380040 33.497173 0.439009 0.872256 -0.215502 0.112471 0.296835 3 2 0.683908 1 0.194413 6 0.121679
  2 5.107605 5.135194 27.071604 0.239267 0.956489 -0.166972 0.121825 0.226809 1 2 1.000000
combinesoldiersheet_zombie
  2 1.825568 6.042041 30.807161 -0.390577 0.839357 -0.378061 0.072997 0.266649 3 2 0.592071 6 0.297367 1 0.110563
  2 5.107605 5.135194 27.071604 0.239267 0.956489 -0.166972 0.121825 0.226809 1 2 1.000000
  2 2.111671 4.350244 26.584475 -0.429692 0.872748 -0.231679 0.066965 0.220568 1 2 1.000000
combinesoldiersheet_zombie
  2 5.107605 5.135194 27.071604 0.239267 0.956489 -0.166972 0.121825 0.226809 1 2 1.000000
  2 4.302637 3.875271 20.440834 -0.043644 0.993336 -0.106666 0.114561 0.163781 2 2 0.519583 3 0.480417
  2 2.111671 4.350244 26.584475 -0.429692 0.872748 -0.231679 0.066965 0.220568 1 2 1.000000
combinesoldiersheet_zombie
  2 5.368661 6.606613 35.890751 0.494970 0.868478 0.027394 0.108656 0.322821 3 2 0.520732 1 0.376513 11 0.102754
  2 2.395492 7.285170 33.681107 -0.065648 0.927115 -0.368982 0.082575 0.298217 3 2 0.491128 6 0.299722 1 0.209150
  2 2.731251 7.544124 35.844841 0.131123 0.990904 0.030259 0.079182 0.322421 3 2 0.428143 1 0.311920 6 0.259938
combinesoldiersheet_zombie
  2 -0.491704 2.830826 30.799721 -0.979445 0.182668 0.085558 0.030295 0.265562 2 2 0.614948 6 0.385052
  2 0.022536 2.930975 32.125328 -0.031212 -0.043243 0.998577 0.027745 0.279877 2 2 0.526133 6 0.473867
  6 0.024897 5.314432 32.500061 0.003320 0.880499 -0.474036 0.045474 0.284212 3 6 0.457724 2 0.441597 1 0.100678
combinesoldiersheet_zombie
  2 -0.491704 2.830826 30.799721 -0.979445 0.182668 0.085558 0.030295 0.265562 2 2 0.614948 6 0.385052
  2 0.023072 1.717179 32.212837 -0.037932 0.325269 0.944860 0.016788 0.280700 2 2 0.532835 6 0.467165
  2 0.022536 2.930975 32.125328 -0.031212 -0.043243 0.998577 0.027745 0.279877 2 2 0.526133 6 0.473867
combinesoldiersheet_zombie
  2 5.107605 5.135194 27.071604 0.239267 0.956489 -0.166972 0.121825 0.226809 1 2 1.000000
  2 4.910295 6.380040 33.497173 0.439009 0.872256 -0.215502 0.112471 0.296835 3 2 0.683908 1 0.194413 6 0.121679
  2 6.452976 4.510295 29.467520 0.574086 0.814690 -0.081885 0.142414 0.253222 1 2 1.000000
combinesoldiersheet_zombie
  2 6.452976 4.510295 29.467520 0.574086 0.814690 -0.081885 0.142414 0.253222 1 2 1.000000
  2 7.167782 4.086576 25.933390 0.350639 0.926783 -0.134631 0.153377 0.214892 1 2 1.000000
  2 5.107605 5.135194 27.071604 0.239267 0.956489 -0.166972 0.121825 0.226809 1 2 1.000000
combinesoldiersheet_zombie
  2 4.302637 3.875271 20.440834 -0.043644 0.993336 -0.106666 0.114561 0.163781 2 2 0.519583 3 0.480417
  2 5.107605 5.135194 27.071604 0.239267 0.956489 -0.166972 0.121825 0.226809 1 2 1.000000
  2 7.167782 4.086576 25.933390 0.350639 0.926783 -0.134631 0.153377 0.214892 1 2 1.000000
combinesoldiersheet_zombie
  2 7.167782 4.086576 25.933390 0.350639 0.926783 -0.134631 0.153377 0.214892 1 2 1.000000
  2 7.556975 3.457455 22.959620 0.608569 0.786281 -0.106796 0.173108 0.184524 1 2 1.000000
  2 4.302637 3.875271 20.440834 -0.043644 0.993336 -0.106666 0.114561 0.163781 2 2 0.519583 3 0.480417
combinesoldiersheet_zombie
  2 4.302637 3.875271 20.440834 -0.043644 0.993336 -0.106666 0.114561 0.163781 2 2 0.519583 3 0.480417
  2 7.556975 3.457455 22.959620 0.608569 0.786281 -0.106796 0.173108 0.184524 1 2 1.000000
  3 7.414868 2.935809 16.862686 0.824354 0.563994 -0.048484 0.172658 0.110310 1 3 1.000000
combinesoldiersheet_zombie
  3 7.299601 -0.859335 17.100290 0.928440 -0.364539 -0.071482 0.214309 0.110570 1 3 1.000000
  3 7.414868 2.935809 16.862686 0.824354 0.563994 -0.048484 0.172658 0.110310 1 3 1.000000
  2 7.556975 3.457455 22.959620 0.608569 0.786281 -0.106796 0.173108 0.184524 1 2 1.000000
combinesoldiersheet_zombie
  3 6.900384 -0.659455 15.900557 0.940383 -0.339737 0.016070 0.213385 0.097526 1 3 1.000000
  3 7.414868 2.935809 16.862686 0.824354 0.563994 -0.048484 0.172658 0.110310 1 3 1.000000
  3 7.299601 -0.859335 17.100290 0.928440 -0.364539 -0.071482 0.214309 0.110570 1 3 1.000000
combinesoldiersheet_zombie
  3 6.900384 -0.659455 15.900557 0.940383 -0.339737 0.016070 0.213385 0.097526 1 3 1.000000
  3 7.011198 2.026957 15.513923 0.985082 0.167803 0.038147 0.180114 0.094982 1 3 1.000000
  3 7.414868 2.935809 16.862686 0.824354 0.563994 -0.048484 0.172658 0.110310 1 3 1.000000
combinesoldiersheet_zombie
  3 7.969326 3.873596 11.695045 0.900723 0.403478 0.160945 0.165017 0.057296 1 3 1.000000
  3 7.011198 2.026957 15.513923 0.985082 0.167803 0.038147 0.180114 0.094982 1 3 1.000000
  3 6.900384 -0.659455 15.900557 0.940383 -0.339737 0.016070 0.213385 0.097526 1 3 1.000000
combinesoldiersheet_zombie
  3 7.011198 2.026957 15.513923 0.985082 0.167803 0.038147 0.180114 0.094982 1 3 1.000000
  3 7.969326 3.873596 11.695045 0.900723 0.403478 0.160945 0.165017 0.057296 1 3 1.000000
  3 5.747486 6.083645 11.632897 0.445453 0.893393 0.058494 0.129971 0.057354 1 3 1.000000
combinesoldiersheet_zombie
  3 7.011198 2.026957 15.513923 0.985082 0.167803 0.038147 0.180114 0.094982 1 3 1.000000
  3 5.747486 6.083645 11.632897 0.445453 0.893393 0.058494 0.129971 0.057354 1 3 1.000000
  3 7.414868 2.935809 16.862686 0.824354 0.563994 -0.048484 0.172658 0.110310 1 3 1.000000
combinesoldiersheet_zombie
  3 5.747486 6.083645 11.632897 0.445453 0.893393 0.058494 0.129971 0.057354 1 3 1.000000
  3 4.037529 4.155854 17.723438 -0.160577 0.959136 0.232965 0.104384 0.119439 1 3 1.000000
  3 7.414868 2.935809 16.862686 0.824354 0.563994 -0.048484 0.172658 0.110310 1 3 1.000000
combinesoldiersheet_zombie
  3 7.414868 2.935809 16.862686 0.824354 0.563994 -0.048484 0.172658 0.110310 1 3 1.000000
  3 4.037529 4.155854 17.723438 -0.160577 0.959136 0.232965 0.104384 0.119439 1 3 1.000000
  2 4.302637 3.875271 20.440834 -0.043644 0.993336 -0.106666 0.114561 0.163781 2 2 0.519583 3 0.480417
combinesoldiersheet_zombie
  3 0.872412 1.854010 17.193558 -0.952862 0.300672 0.040618 0.023141 0.111392 1 3 1.000000
  2 4.302637 3.875271 20.440834 -0.043644 0.993336 -0.106666 0.114561 0.163781 2 2 0.519583 3 0.480417
  3 4.037529 4.155854 17.723438 -0.160577 0.959136 0.232965 0.104384 0.119439 1 3 1.000000
combinesoldiersheet_zombie
  3 0.872412 1.854010 17.193558 -0.952862 0.300672 0.040618 0.023141 0.111392 1 3 1.000000
  2 0.514977 1.269585 20.459377 -0.986738 0.129198 -0.098264 0.008380 0.161357 2 2 0.823592 3 0.176408
  2 4.302637 3.875271 20.440834 -0.043644 0.993336 -0.106666 0.114561 0.163781 2 2 0.519583 3 0.480417
combinesoldiersheet_zombie
  2 -0.153854 1.808115 25.847816 -0.979923 0.134994 -0.146719 0.018684 0.211530 1 2 1.000000
  2 4.302637 3.875271 20.440834 -0.043644 0.993336 -0.106666 0.114561 0.163781 2 2 0.519583 3 0.480417
  2 0.514977 1.269585 20.459377 -0.986738 0.129198 -0.098264 0.008380 0.161357 2 2 0.823592 3 0.176408
combinesoldiersheet_zombie
  2 -0.153854 1.808115 25.847816 -0.979923 0.134994 -0.146719 0.018684 0.211530 1 2 1.000000
  2 2.111671 4.350244 26.584475 -0.429692 0.872748 -0.231679 0.066965 0.220568 1 2 1.000000
  2 4.302637 3.875271 20.440834 -0.043644 0.993336 -0.106666 0.114561 0.163781 2 2 0.519583 3 0.480417
combinesoldiersheet_zombie
  2 2.111671 4.350244 26.584475 -0.429692 0.872748 -0.231679 0.066965 0.220568 1 2 1.000000
  2 -0.153854 1.808115 25.847816 -0.979923 0.134994 -0.146719 0.018684 0.211530 1 2 1.000000
  2 -0.491704 2.830826 30.799721 -0.979445 0.182668 0.085558 0.030295 0.265562 2 2 0.614948 6 0.385052
combinesoldiersheet_zombie
  7 -2.020256 -0.026809 5.600097 0.920088 -0.379472 0.097151 0.942269 0.314096 3 7 0.635889 8 0.310083 9 0.054028
  8 -1.876870 1.851850 3.855196 0.968677 0.247600 -0.018971 0.963542 0.293740 3 8 0.583886 7 0.364773 9 0.051341
  7 -1.823924 1.821142 5.503041 0.983247 0.182270 0.001363 0.963094 0.312852 2 7 0.720922 8 0.279078
combinesoldiersheet_zombie
  7 -2.020256 -0.026809 5.600097 0.920088 -0.379472 0.097151 0.942269 0.314096 3 7 0.635889 8 0.310083 9 0.054028
  8 -1.699053 0.014063 3.805045 0.960566 -0.190713 0.202338 0.942151 0.293186 3 8 0.557664 7 0.266860 9 0.175476
  8 -1.876870 1.851850 3.855196 0.968677 0.247600 -0.018971 0.963542 0.293740 3 8 0.583886 7 0.364773 9 0.051341
combinesoldiersheet_zombie
  8 -3.430181 4.307945 1.118343 0.593530 0.694994 -0.405839 0.994534 0.262258 2 8 0.885443 7 0.114557
  8 -2.116229 2.182611 1.390036 0.943836 0.270797 -0.189323 0.967771 0.265177 3 8 0.778706 7 0.150061 9 0.071233
  8 -2.071306 0.679336 0.543134 0.897738 0.236288 -0.371798 0.950457 0.255395 2 8 0.842424 9 0.157576
combinesoldiersheet_zombie
  8 -1.754392 -2.861058 0.636132 0.996622 0.027828 -0.077261 0.909295 0.256534 2 8 0.568833 9 0.431167
  8 -2.071306 0.679336 0.543134 0.897738 0.236288 -0.371798 0.950457 0.255395 2 8 0.842424 9 0.157576
  8 -2.116229 2.182611 1.390036 0.943836 0.270797 -0.189323 0.967771 0.265177 3 8 0.778706 7 0.150061 9 0.071233
combinesoldiersheet_zombie
  8 -1.779436 -3.241390 1.786437 0.980868 -0.060808 0.184933 0.904981 0.269904 2 8 0.522019 9 0.477981
  8 -1.754392 -2.861058 0.636132 0.996622 0.027828 -0.077261 0.909295 0.256534 2 8 0.568833 9 0.431167
  8 -2.116229 2.182611 1.390036 0.943836 0.270797 -0.189323 0.967771 0.265177 3 8 0.778706 7 0.150061 9 0.071233
combinesoldiersheet_zombie
  9 -1.852917 -6.032879 2.099028 0.917219 -0.272553 0.290558 0.873117 0.273656 2 9 0.731414 8 0.268587
  8 -1.754392 -2.861058 0.636132 0.996622 0.027828 -0.077261 0.909295 0.256534 2 8 0.568833 9 0.431167
  8 -1.779436 -3.241390 1.786437 0.980868 -0.060808 0.184933 0.904981 0.269904 2 8 0.522019 9 0.477981
combinesoldiersheet_zombie
  8 -1.779436 -3.241390 1.786437 0.980868 -0.060808 0.184933 0.904981 0.269904 2 8 0.522019 9 0.477981
  9 -2.332995 -3.532737 2.874397 0.787591 -0.111137 0.606094 0.902653 0.282674 2 9 0.527606 8 0.472394
  9 -1.852917 -6.032879 2.099028 0.917219 -0.272553 0.290558 0.873117 0.273656 2 9 0.731414 8 0.268587
combinesoldiersheet_zombie
  8 -1.699053 0.014063 3.805045 0.960566 -0.190713 0.202338 0.942151 0.293186 3 8 0.557664 7 0.266860 9 0.175476
  9 -2.332995 -3.532737 2.874397 0.787591 -0.111137 0.606094 0.902653 0.282674 2 9 0.527606 8 0.472394
  8 -1.779436 -3.241390 1.786437 0.980868 -0.060808 0.184933 0.904981 0.269904 2 8 0.522019 9 0.477981
combinesoldiersheet_zombie
  8 -1.779436 -3.241390 1.786437 0.980868 -0.060808 0.184933 0.904981 0.269904 2 8 0.522019 9 0.477981
  8 -2.116229 2.182611 1.390036 0.943836 0.270797 -0.189323 0.967771 0.265177 3 8 0.778706 7 0.150061 9 0.071233
  8 -1.699053 0.014063 3.805045 0.960566 -0.190713 0.202338 0.942151 0.293186 3 8 0.557664 7 0.266860 9 0.175476
combinesoldiersheet_zombie
  8 -2.116229 2.182611 1.390036 0.943836 0.270797 -0.189323 0.967771 0.265177 3 8 0.778706 7 0.150061 9 0.071233
  8 -1.876870 1.851850 3.855196 0.968677 0.247600 -0.018971 0.963542 0.293740 3 8 0.583886 7 0.364773 9 0.051341
  8 -1.699053 0.014063 3.805045 0.960566 -0.190713 0.202338 0.942151 0.293186 3 8 0.557664 7 0.266860 9 0.175476
combinesoldiersheet_zombie
  8 -3.420574 4.636698 2.216505 0.502515 0.855192 -0.126988 0.998285 0.274987 2 8 0.662821 7 0.337179
  8 -1.876870 1.851850 3.855196 0.968677 0.247600 -0.018971 0.963542 0.293740 3 8 0.583886 7 0.364773 9 0.051341
  8 -2.116229 2.182611 1.390036 0.943836 0.270797 -0.189323 0.967771 0.265177 3 8 0.778706 7 0.150061 9 0.071233
combinesoldiersheet_zombie
  8 -3.420574 4.636698 2.216505 0.502515 0.855192 -0.126988 0.998285 0.274987 2 8 0.662821 7 0.337179
  7 -3.029261 4.419364 4.021494 0.530350 0.841499 0.102994 0.995078 0.295849 2 7 0.515703 8 0.484297
  8 -1.876870 1.851850 3.855196 0.968677 0.247600 -0.018971 0.963542 0.293740 3 8 0.583886 7 0.364773 9 0.051341
combinesoldiersheet_zombie
  8 -1.876870 1.851850 3.855196 0.968677 0.247600 -0.018971 0.963542 0.293740 3 8 0.583886 7 0.364773 9 0.051341
  7 -3.029261 4.419364 4.021494 0.530350 0.841499 0.102994 0.995078 0.295849 2 7 0.515703 8 0.484297
  7 -2.800543 3.806891 5.721194 0.562722 0.825857 -0.036112 0.987640 0.315542 2 7 0.754629 8 0.245371
combinesoldiersheet_zombie
  8 -1.876870 1.851850 3.855196 0.968677 0.247600 -0.018971 0.963542 0.293740 3 8 0.583886 7 0.364773 9 0.051341
  7 -2.800543 3.806891 5.721194 0.562722 0.825857 -0.036112 0.987640 0.315542 2 7 0.754629 8 0.245371
  7 -1.823924 1.821142 5.503041 0.983247 0.182270 0.001363 0.963094 0.312852 2 7 0.720922 8 0.279078
combinesoldiersheet_zombie
  7 -1.823924 1.821142 5.503041 0.983247 0.182270 0.001363 0.963094 0.312852 2 7 0.720922 8 0.279078
  7 -2.800543 3.806891 5.721194 0.562722 0.825857 -0.036112 0.987640 0.315542 2 7 0.754629 8 0.245371
  7 -2.665931 4.471477 7.519712 0.552291 0.791950 -0.260366 0.995012 0.336356 2 7 0.944624 8 0.055376
combinesoldiersheet_zombie
  7 -1.823924 1.821142 5.503041 0.983247 0.182270 0.001363 0.963094 0.312852 2 7 0.720922 8 0.279078
  7 -2.665931 4.471477 7.519712 0.552291 0.791950 -0.260366 0.995012 0.336356 2 7 0.944624 8 0.055376
  7 -1.890241 1.960095 6.957272 0.988048 0.148882 -0.039938 0.964807 0.329738 2 7 0.930191 8 0.069809
combinesoldiersheet_zombie
  7 -2.020256 -0.026809 5.600097 0.920088 -0.379472 0.097151 0.942269 0.314096 3 7 0.635889 8 0.310083 9 0.054028
  7 -1.823924 1.821142 5.503041 0.983247 0.182270 0.001363 0.963094 0.312852 2 7 0.720922 8 0.279078
  7 -1.890241 1.960095 6.957272 0.988048 0.148882 -0.039938 0.964807 0.329738 2 7 0.930191 8 0.069809
combinesoldiersheet_zombie
  7 -2.020256 -0.026809 5.600097 0.920088 -0.379472 0.097151 0.942269 0.314096 3 7 0.635889 8 0.310083 9 0.054028
  7 -1.890241 1.960095 6.957272 0.988048 0.148882 -0.039938 0.964807 0.329738 2 7 0.930191 8 0.069809
  7 -2.031095 0.032246 6.828796 0.904398 -0.418341 0.083992 0.942966 0.328355 2 7 0.895854 8 0.104147
combinesoldiersheet_zombie
  8 -3.430181 4.307945 1.118343 0.593530 0.694994 -0.405839 0.994534 0.262258 2 8 0.885443 7 0.114557
  8 -3.420574 4.636698 2.216505 0.502515 0.855192 -0.126988 0.998285 0.274987 2 8 0.662821 7 0.337179
  8 -2.116229 2.182611 1.390036 0.943836 0.270797 -0.189323 0.967771 0.265177 3 8 0.778706 7 0.150061 9 0.071233
combinesoldiersheet_zombie
  9 -1.852917 -6.032879 2.099028 0.917219 -0.272553 0.290558 0.873117 0.273656 2 9 0.731414 8 0.268587
  9 -2.024818 -6.168159 0.658697 0.906553 -0.414314 -0.080656 0.871880 0.256988 2 9 0.851537 8 0.148463
  8 -1.754392 -2.861058 0.636132 0.996622 0.027828 -0.077261 0.909295 0.256534 2 8 0.568833 9 0.431167
combinesoldiersheet_zombie
  10 -3.536928 -6.399098 35.126328 0.022769 0.997536 -0.066362 0.835106 0.792966 1 10 1.000000
  10 3.803822 -5.444304 40.942825 0.083377 0.988006 0.129972 0.894047 0.843368 1 10 1.000000
  10 -2.840545 -6.288113 32.493927 -0.143707 0.989386 0.021542 0.840697 0.769948 1 10 1.000000
combinesoldiersheet_zombie
  10 -3.536928 -6.399098 35.126328 0.022769 0.997536 -0.066362 0.835106 0.792966 1 10 1.000000
  10 0.050706 -6.179665 40.612522 0.074682 0.993443 -0.086559 0.863912 0.840765 1 10 1.000000
  10 3.803822 -5.444304 40.942825 0.083377 0.988006 0.129972 0.894047 0.843368 1 10 1.000000
combinesoldiersheet_zombie
  10 -4.109461 -5.802483 37.727497 0.194605 0.970528 -0.142138 0.830508 0.815441 1 10 1.000000
  10 0.050706 -6.179665 40.612522 0.074682 0.993443 -0.086559 0.863912 0.840765 1 10 1.000000
  10 -3.536928 -6.399098 35.126328 0.022769 0.997536 -0.066362 0.835106 0.792966 1 10 1.000000
combinesoldiersheet_zombie
  10 -3.910370 -5.440192 40.831738 0.187569 0.974172 -0.125724 0.832107 0.842397 1 10 1.000000
  10 0.050706 -6.179665 40.612522 0.074682 0.993443 -0.086559 0.863912 0.840765 1 10 1.000000
  10 -4.109461 -5.802483 37.727497 0.194605 0.970528 -0.142138 0.830508 0.815441 1 10 1.000000
combinesoldiersheet_zombie
  10 -4.341628 -5.420447 40.301266 0.199740 0.971686 -0.126214 0.828644 0.837759 1 10 1.000000
  10 -3.910370 -5.440192 40.831738 0.187569 0.974172 -0.125724 0.832107 0.842397 1 10 1.000000
  10 -4.109461 -5.802483 37.727497 0.194605 0.970528 -0.142138 0.830508 0.815441 1 10 1.000000
combinesoldiersheet_zombie
  10 4.208986 -5.802497 37.727501 -0.226715 0.964418 -0.136006 0.897300 0.815441 1 10 1.000000
  10 3.803822 -5.444304 40.942825 0.083377 0.988006 0.129972 0.894047 0.843368 1 10 1.000000
  10 4.331387 -5.428283 40.510960 0.799672 0.507275 0.321243 0.898283 0.839592 1 10 1.000000
combinesoldiersheet_zombie
  10 3.632974 -6.399109 35.126335 0.192345 0.967448 -0.164461 0.892675 0.792966 1 10 1.000000
  10 3.803822 -5.444304 40.942825 0.083377 0.988006 0.129972 0.894047 0.843368 1 10 1.000000
  10 4.208986 -5.802497 37.727501 -0.226715 0.964418 -0.136006 0.897300 0.815441 1 10 1.000000
combinesoldiersheet_zombie
  10 2.934721 -6.287121 32.493969 0.476401 0.868699 -0.135663 0.888978 0.769845 1 10 1.000000
  10 3.803822 -5.444304 40.942825 0.083377 0.988006 0.129972 0.894047 0.843368 1 10 1.000000
  10 3.632974 -6.399109 35.126335 0.192345 0.967448 -0.164461 0.892675 0.792966 1 10 1.000000
combinesoldiersheet_zombie
  10 2.549189 -6.240723 31.983767 0.281939 0.951378 -0.124056 0.882640 0.765770 1 10 1.000000
  10 3.803822 -5.444304 40.942825 0.083377 0.988006 0.129972 0.894047 0.843368 1 10 1.000000
  10 2.934721 -6.287121 32.493969 0.476401 0.868699 -0.135663 0.888978 0.769845 1 10 1.000000
combinesoldiersheet_zombie
  10 1.360366 -5.925486 31.662392 0.287610 0.949561 -0.124959 0.874428 0.762553 1 10 1.000000
  10 3.803822 -5.444304 40.942825 0.083377 0.988006 0.129972 0.894047 0.843368 1 10 1.000000
  10 2.549189 -6.240723 31.983767 0.281939 0.951378 -0.124056 0.882640 0.765770 1 10 1.000000
combinesoldiersheet_zombie
  10 0.050868 -5.523936 31.676678 -0.000994 0.999966 -0.008191 0.863913 0.762524 1 10 1.000000
  10 3.803822 -5.444304 40.942825 0.083377 0.988006 0.129972 0.894047 0.843368 1 10 1.000000
  10 1.360366 -5.925486 31.662392 0.287610 0.949561 -0.124959 0.874428 0.762553 1 10 1.000000
combinesoldiersheet_zombie
  10 -1.262629 -5.925207 31.662403 -0.271720 0.957298 0.098733 0.853367 0.762553 1 10 1.000000
  10 3.803822 -5.444304 40.942825 0.083377 0.988006 0.129972 0.894047 0.843368 1 10 1.000000
  10 0.050868 -5.523936 31.676678 -0.000994 0.999966 -0.008191 0.863913 0.762524 1 10 1.000000
combinesoldiersheet_zombie
  10 -2.340061 -6.227290 31.889315 -0.188118 0.981213 0.042801 0.844716 0.764648 1 10 1.000000
  10 3.803822 -5.444304 40.942825 0.083377 0.988006 0.129972 0.894047 0.843368 1 10 1.000000
  10 -1.262629 -5.925207 31.662403 -0.271720 0.957298 0.098733 0.853367 0.762553 1 10 1.000000
combinesoldiersheet_zombie
  10 -2.840545 -6.288113 32.493927 -0.143707 0.989386 0.021542 0.837437 0.766134 1 10 1.000000
  10 3.803822 -5.444304 40.942825 0.083377 0.988006 0.129972 0.894047 0.843368 1 10 1.000000
  10 -2.340061 -6.227290 31.889315 -0.188118 0.981213 0.042801 0.844716 0.764648 1 10 1.000000
combinesoldiersheet_zombie
  10 1.360366 -6.541718 31.635489 -0.059793 -0.490767 -0.869237 0.876508 0.757568 1 10 1.000000
  10 0.050868 -5.523936 31.676678 0.000004 0.043620 -0.999048 0.863913 0.762524 1 10 1.000000
  10 1.360366 -5.925486 31.662392 0.138061 0.043199 -0.989481 0.874428 0.762553 1 10 1.000000
combinesoldiersheet_zombie
  10 2.549186 -6.854545 31.956970 0.462967 -0.380459 -0.800570 0.886001 0.760221 1 10 1.000000
  10 1.360366 -6.541718 31.635489 -0.059793 -0.490767 -0.869237 0.876508 0.757568 1 10 1.000000
  10 1.360366 -5.925486 31.662392 0.138061 0.043199 -0.989481 0.874428 0.762553 1 10 1.000000
combinesoldiersheet_zombie
  10 2.549186 -6.854545 31.956970 0.462967 -0.380459 -0.800570 0.886001 0.760221 1 10 1.000000
  10 1.360366 -5.925486 31.662392 0.138061 0.043199 -0.989481 0.874428 0.762553 1 10 1.000000
  10 2.549189 -6.240723 31.983767 0.564505 0.035998 -0.824644 0.882640 0.765770 1 10 1.000000
combinesoldiersheet_zombie
  10 2.934716 -6.902077 32.467125 0.857629 -0.277232 -0.433144 0.891687 0.765777 1 10 1.000000
  10 2.549186 -6.854545 31.956970 0.462967 -0.380459 -0.800570 0.886001 0.760221 1 10 1.000000
  10 2.549189 -6.240723 31.983767 0.564505 0.035998 -0.824644 0.882640 0.765770 1 10 1.000000
combinesoldiersheet_zombie
  10 2.934716 -6.902077 32.467125 0.857629 -0.277232 -0.433144 0.891687 0.765777 1 10 1.000000
  10 2.549189 -6.240723 31.983767 0.564505 0.035998 -0.824644 0.882640 0.765770 1 10 1.000000
  10 2.934721 -6.287121 32.493969 0.899418 0.019056 -0.436673 0.888978 0.769845 1 10 1.000000
combinesoldiersheet_zombie
  10 3.632969 -7.015409 35.099430 0.937650 -0.283139 -0.201605 0.897644 0.792796 1 10 1.000000
  10 2.934716 -6.902077 32.467125 0.857629 -0.277232 -0.433144 0.891687 0.765777 1 10 1.000000
  10 2.934721 -6.287121 32.493969 0.899418 0.019056 -0.436673 0.888978 0.769845 1 10 1.000000
combinesoldiersheet_zombie
  10 3.632969 -7.015409 35.099430 0.937650 -0.283139 -0.201605 0.897644 0.792796 1 10 1.000000
  10 2.934721 -6.287121 32.493969 0.899418 0.019056 -0.436673 0.888978 0.769845 1 10 1.000000
  10 3.632974 -6.399109 35.126335 0.971418 0.010348 -0.237150 0.892675 0.792966 1 10 1.000000
combinesoldiersheet_zombie
  10 4.208989 -6.418696 37.700600 0.957297 -0.278989 -0.075808 0.903001 0.818829 1 10 1.000000
  10 3.632969 -7.015409 35.099430 0.937650 -0.283139 -0.201605 0.897644 0.792796 1 10 1.000000
  10 3.632974 -6.399109 35.126335 0.971418 0.010348 -0.237150 0.892675 0.792966 1 10 1.000000
combinesoldiersheet_zombie
  10 4.208989 -6.418696 37.700600 0.957297 -0.278989 -0.075808 0.903001 0.818829 1 10 1.000000
  10 3.632974 -6.399109 35.126335 0.971418 0.010348 -0.237150 0.892675 0.792966 1 10 1.000000
  10 4.208986 -5.802497 37.727501 0.991267 0.005751 -0.131745 0.897300 0.815441 1 10 1.000000
combinesoldiersheet_zombie
  10 4.331385 -6.043504 40.484104 0.860301 -0.317182 0.399097 0.904140 0.846803 1 10 1.000000
  10 4.208989 -6.418696 37.700600 0.957297 -0.278989 -0.075808 0.903001 0.818829 1 10 1.000000
  10 4.208986 -5.802497 37.727501 0.991267 0.005751 -0.131745 0.897300 0.815441 1 10 1.000000
combinesoldiersheet_zombie
  10 4.331385 -6.043504 40.484104 0.860301 -0.317182 0.399097 0.904140 0.846803 1 10 1.000000
  10 4.208986 -5.802497 37.727501 0.991267 0.005751 -0.131745 0.897300 0.815441 1 10 1.000000
  10 4.331387 -5.428283 40.510960 0.799672 0.507275 0.321243 0.898283 0.839592 1 10 1.000000
combinesoldiersheet_zombie
  10 3.803821 -6.059294 40.915981 0.316335 -0.366997 0.874783 0.899233 0.851176 1 10 1.000000
  10 4.331385 -6.043504 40.484104 0.860301 -0.317182 0.399097 0.904140 0.846803 1 10 1.000000
  10 4.331387 -5.428283 40.510960 0.799672 0.507275 0.321243 0.898283 0.839592 1 10 1.000000
combinesoldiersheet_zombie
  10 3.803821 -6.059294 40.915981 0.316335 -0.366997 0.874783 0.899233 0.851176 1 10 1.000000
  10 4.331387 -5.428283 40.510960 0.799672 0.507275 0.321243 0.898283 0.839592 1 10 1.000000
  10 3.803822 -5.444304 40.942825 0.083377 0.988006 0.129972 0.894047 0.843368 1 10 1.000000
combinesoldiersheet_zombie
  10 0.050703 -6.926095 40.480225 -0.009114 -0.489783 0.871797 0.864327 0.847154 1 10 1.000000
  10 3.803821 -6.059294 40.915981 0.316335 -0.366997 0.874783 0.899233 0.851176 1 10 1.000000
  10 3.803822 -5.444304 40.942825 0.083377 0.988006 0.129972 0.894047 0.843368 1 10 1.000000
combinesoldiersheet_zombie
  10 0.050703 -6.926095 40.480225 -0.009114 -0.489783 0.871797 0.864327 0.847154 1 10 1.000000
  10 3.782614 -6.321684 40.703415 0.228068 -0.746870 0.624636 0.899036 0.849143 1 10 1.000000
  10 3.803821 -6.059294 40.915981 0.316335 -0.366997 0.874783 0.899233 0.851176 1 10 1.000000
combinesoldiersheet_zombie
  10 3.782614 -6.321684 40.703415 0.228068 -0.746870 0.624636 0.899036 0.849143 1 10 1.000000
  10 0.050703 -6.926095 40.480225 -0.009114 -0.489783 0.871797 0.864327 0.847154 1 10 1.000000
  10 0.068223 -7.227218 40.196018 -0.003446 -0.950471 0.310793 0.864490 0.844413 1 10 1.000000
combinesoldiersheet_zombie
  10 4.178004 -6.310101 40.386341 0.474742 -0.847449 0.237593 0.902713 0.845933 1 10 1.000000
  10 3.782614 -6.321684 40.703415 0.228068 -0.746870 0.624636 0.899036 0.849143 1 10 1.000000
  10 0.068223 -7.227218 40.196018 -0.003446 -0.950471 0.310793 0.864490 0.844413 1 10 1.000000
combinesoldiersheet_zombie
  10 4.178004 -6.310101 40.386341 0.474742 -0.847449 0.237593 0.902713 0.845933 1 10 1.000000
  10 0.068223 -7.227218 40.196018 -0.003446 -0.950471 0.310793 0.864490 0.844413 1 10 1.000000
  10 0.068033 -6.669552 38.029037 0.000307 -0.999435 0.033608 0.864488 0.822260 1 10 1.000000
combinesoldiersheet_zombie
  10 3.632969 -7.015409 35.099430 0.937650 -0.283139 -0.201605 0.897644 0.792796 1 10 1.000000
  10 2.769486 -7.170511 32.540260 0.290281 -0.933466 -0.210660 0.889613 0.766992 1 10 1.000000
  10 2.934716 -6.902077 32.467125 0.857629 -0.277232 -0.433144 0.891687 0.765777 1 10 1.000000
combinesoldiersheet_zombie
  10 3.632969 -7.015409 35.099430 0.937650 -0.283139 -0.201605 0.897644 0.792796 1 10 1.000000
  10 3.457799 -7.287856 35.137112 0.395965 -0.916047 -0.063791 0.896015 0.793297 1 10 1.000000
  10 2.769486 -7.170511 32.540260 0.290281 -0.933466 -0.210660 0.889613 0.766992 1 10 1.000000
combinesoldiersheet_zombie
  10 4.208989 -6.418696 37.700600 0.957297 -0.278989 -0.075808 0.903001 0.818829 1 10 1.000000
  10 3.457799 -7.287856 35.137112 0.395965 -0.916047 -0.063791 0.896015 0.793297 1 10 1.000000
  10 3.632969 -7.015409 35.099430 0.937650 -0.283139 -0.201605 0.897644 0.792796 1 10 1.000000
combinesoldiersheet_zombie
  10 4.208989 -6.418696 37.700600 0.957297 -0.278989 -0.075808 0.903001 0.818829 1 10 1.000000
  10 4.030171 -6.690079 37.718788 0.486220 -0.873760 0.011578 0.901338 0.819133 1 10 1.000000
  10 3.457799 -7.287856 35.137112 0.395965 -0.916047 -0.063791 0.896015 0.793297 1 10 1.000000
combinesoldiersheet_zombie
  10 4.331385 -6.043504 40.484104 0.860301 -0.317182 0.399097 0.904140 0.846803 1 10 1.000000
  10 4.030171 -6.690079 37.718788 0.486220 -0.873760 0.011578 0.901338 0.819133 1 10 1.000000
  10 4.208989 -6.418696 37.700600 0.957297 -0.278989 -0.075808 0.903001 0.818829 1 10 1.000000
combinesoldiersheet_zombie
  10 4.331385 -6.043504 40.484104 0.860301 -0.317182 0.399097 0.904140 0.846803 1 10 1.000000
  10 4.178004 -6.310101 40.386341 0.474742 -0.847449 0.237593 0.902713 0.845933 1 10 1.000000
  10 4.030171 -6.690079 37.718788 0.486220 -0.873760 0.011578 0.901338 0.819133 1 10 1.000000
combinesoldiersheet_zombie
  10 3.803821 -6.059294 40.915981 0.316335 -0.366997 0.874783 0.899233 0.851176 1 10 1.000000
  10 4.178004 -6.310101 40.386341 0.474742 -0.847449 0.237593 0.902713 0.845933 1 10 1.000000
  10 4.331385 -6.043504 40.484104 0.860301 -0.317182 0.399097 0.904140 0.846803 1 10 1.000000
combinesoldiersheet_zombie
  10 3.803821 -6.059294 40.915981 0.316335 -0.366997 0.874783 0.899233 0.851176 1 10 1.000000
  10 3.782614 -6.321684 40.703415 0.228068 -0.746870 0.624636 0.899036 0.849143 1 10 1.000000
  10 4.178004 -6.310101 40.386341 0.474742 -0.847449 0.237593 0.902713 0.845933 1 10 1.000000
combinesoldiersheet_zombie
  10 4.178004 -6.310101 40.386341 0.474742 -0.847449 0.237593 0.902713 0.845933 1 10 1.000000
  10 0.068033 -6.669552 38.029037 0.000307 -0.999435 0.033608 0.864488 0.822260 1 10 1.000000
  10 4.030171 -6.690079 37.718788 0.486220 -0.873760 0.011578 0.901338 0.819133 1 10 1.000000
combinesoldiersheet_zombie
  10 4.030171 -6.690079 37.718788 0.486220 -0.873760 0.011578 0.901338 0.819133 1 10 1.000000
  10 0.068033 -6.669552 38.029037 0.000307 -0.999435 0.033608 0.864488 0.822260 1 10 1.000000
  10 0.068317 -6.629137 35.006664 -0.000732 -0.999309 0.037152 0.864491 0.791687 1 10 1.000000
combinesoldiersheet_zombie
  10 4.030171 -6.690079 37.718788 0.486220 -0.873760 0.011578 0.901338 0.819133 1 10 1.000000
  10 0.068317 -6.629137 35.006664 -0.000732 -0.999309 0.037152 0.864491 0.791687 1 10 1.000000
  10 3.457799 -7.287856 35.137112 0.395965 -0.916047 -0.063791 0.896015 0.793297 1 10 1.000000
combinesoldiersheet_zombie
  10 3.457799 -7.287856 35.137112 0.395965 -0.916047 -0.063791 0.896015 0.793297 1 10 1.000000
  10 0.068317 -6.629137 35.006664 -0.000732 -0.999309 0.037152 0.864491 0.791687 1 10 1.000000
  10 1.159134 -6.690876 32.194447 -0.177633 -0.947337 -0.266456 0.874636 0.763284 1 10 1.000000
combinesoldiersheet_zombie
  10 3.457799 -7.287856 35.137112 0.395965 -0.916047 -0.063791 0.896015 0.793297 1 10 1.000000
  10 1.159134 -6.690876 32.194447 -0.177633 -0.947337 -0.266456 0.874636 0.763284 1 10 1.000000
  10 2.769486 -7.170511 32.540260 0.290281 -0.933466 -0.210660 0.889613 0.766992 1 10 1.000000
combinesoldiersheet_zombie
  10 2.456758 -7.125423 32.098438 0.065068 -0.917073 -0.393375 0.886705 0.762505 1 10 1.000000
  10 2.769486 -7.170511 32.540260 0.290281 -0.933466 -0.210660 0.889613 0.766992 1 10 1.000000
  10 1.159134 -6.690876 32.194447 -0.177633 -0.947337 -0.266456 0.874636 0.763284 1 10 1.000000
combinesoldiersheet_zombie
  10 2.934716 -6.902077 32.467125 0.857629 -0.277232 -0.433144 0.891687 0.765777 1 10 1.000000
  10 2.769486 -7.170511 32.540260 0.290281 -0.933466 -0.210660 0.889613 0.766992 1 10 1.000000
  10 2.456758 -7.125423 32.098438 0.065068 -0.917073 -0.393375 0.886705 0.762505 1 10 1.000000
combinesoldiersheet_zombie
  10 2.934716 -6.902077 32.467125 0.857629 -0.277232 -0.433144 0.891687 0.765777 1 10 1.000000
  10 2.456758 -7.125423 32.098438 0.065068 -0.917073 -0.393375 0.886705 0.762505 1 10 1.000000
  10 2.549186 -6.854545 31.956970 0.462967 -0.380459 -0.800570 0.886001 0.760221 1 10 1.000000
combinesoldiersheet_zombie
  10 2.549186 -6.854545 31.956970 0.462967 -0.380459 -0.800570 0.886001 0.760221 1 10 1.000000
  10 2.456758 -7.125423 32.098438 0.065068 -0.917073 -0.393375 0.886705 0.762505 1 10 1.000000
  10 1.159134 -6.690876 32.194447 -0.177633 -0.947337 -0.266456 0.874636 0.763284 1 10 1.000000
combinesoldiersheet_zombie
  10 2.549186 -6.854545 31.956970 0.462967 -0.380459 -0.800570 0.886001 0.760221 1 10 1.000000
  10 1.159134 -6.690876 32.194447 -0.177633 -0.947337 -0.266456 0.874636 0.763284 1 10 1.000000
  10 1.360366 -6.541718 31.635489 -0.059793 -0.490767 -0.869237 0.876508 0.757568 1 10 1.000000
combinesoldiersheet_zombie
  10 1.159134 -6.690876 32.194447 -0.177633 -0.947337 -0.266456 0.874636 0.763284 1 10 1.000000
  10 0.050863 -6.139133 31.649817 -0.000490 -0.578574 -0.815630 0.864329 0.757535 1 10 1.000000
  10 1.360366 -6.541718 31.635489 -0.059793 -0.490767 -0.869237 0.876508 0.757568 1 10 1.000000
combinesoldiersheet_zombie
  10 1.159134 -6.690876 32.194447 -0.177633 -0.947337 -0.266456 0.874636 0.763284 1 10 1.000000
  10 -1.042300 -6.689459 32.194496 0.185734 -0.946280 -0.264681 0.854162 0.763284 1 10 1.000000
  10 0.050863 -6.139133 31.649817 -0.000490 -0.578574 -0.815630 0.864329 0.757535 1 10 1.000000
combinesoldiersheet_zombie
  10 -1.042300 -6.689459 32.194496 0.185734 -0.946280 -0.264681 0.854162 0.763284 1 10 1.000000
  10 -1.262634 -6.541449 31.635498 0.089164 -0.482248 -0.871485 0.852113 0.757568 1 10 1.000000
  10 0.050863 -6.139133 31.649817 -0.000490 -0.578574 -0.815630 0.864329 0.757535 1 10 1.000000
combinesoldiersheet_zombie
  10 -1.262634 -6.541449 31.635498 0.089164 -0.482248 -0.871485 0.852113 0.757568 1 10 1.000000
  10 -1.042300 -6.689459 32.194496 0.185734 -0.946280 -0.264681 0.854162 0.763284 1 10 1.000000
  10 -2.248606 -7.113821 32.019142 -0.030762 -0.915820 -0.400408 0.842943 0.761699 1 10 1.000000
combinesoldiersheet_zombie
  10 -1.262634 -6.541449 31.635498 0.089164 -0.482248 -0.871485 0.852113 0.757568 1 10 1.000000
  10 -2.248606 -7.113821 32.019142 -0.030762 -0.915820 -0.400408 0.842943 0.761699 1 10 1.000000
  10 -2.340066 -6.840930 31.862524 -0.413951 -0.378018 -0.828098 0.842092 0.759995 1 10 1.000000
combinesoldiersheet_zombie
  10 -2.340066 -6.840930 31.862524 -0.413951 -0.378018 -0.828098 0.842092 0.759995 1 10 1.000000
  10 -2.248606 -7.113821 32.019142 -0.030762 -0.915820 -0.400408 0.842943 0.761699 1 10 1.000000
  10 -2.675279 -7.172462 32.540108 -0.279376 -0.936098 -0.213704 0.838974 0.766991 1 10 1.000000
combinesoldiersheet_zombie
  10 -2.340066 -6.840930 31.862524 -0.413951 -0.378018 -0.828098 0.842092 0.759995 1 10 1.000000
  10 -2.675279 -7.172462 32.540108 -0.279376 -0.936098 -0.213704 0.838974 0.766991 1 10 1.000000
  10 -2.840546 -6.903214 32.467068 -0.845684 -0.280530 -0.454005 0.837437 0.766134 1 10 1.000000
combinesoldiersheet_zombie
  10 -2.840546 -6.903214 32.467068 -0.845684 -0.280530 -0.454005 0.837437 0.766134 1 10 1.000000
  10 -2.675279 -7.172462 32.540108 -0.279376 -0.936098 -0.213704 0.838974 0.766991 1 10 1.000000
  10 -3.361710 -7.287837 35.136921 -0.396900 -0.915667 -0.063432 0.832590 0.793295 1 10 1.000000
combinesoldiersheet_zombie
  10 0.068317 -6.629137 35.006664 -0.000732 -0.999309 0.037152 0.864491 0.791687 1 10 1.000000
  10 -1.042300 -6.689459 32.194496 0.185734 -0.946280 -0.264681 0.854162 0.763284 1 10 1.000000
  10 1.159134 -6.690876 32.194447 -0.177633 -0.947337 -0.266456 0.874636 0.763284 1 10 1.000000
combinesoldiersheet_zombie
  10 -2.840546 -6.903214 32.467068 -0.845684 -0.280530 -0.454005 0.837437 0.766134 1 10 1.000000
  10 -3.361710 -7.287837 35.136921 -0.396900 -0.915667 -0.063432 0.832590 0.793295 1 10 1.000000
  10 -3.536925 -7.015398 35.099422 -0.937907 -0.282996 -0.200607 0.830961 0.792796 1 10 1.000000
combinesoldiersheet_zombie
  10 -3.536925 -7.015398 35.099422 -0.937907 -0.282996 -0.200607 0.830961 0.792796 1 10 1.000000
  10 -3.361710 -7.287837 35.136921 -0.396900 -0.915667 -0.063432 0.832590 0.793295 1 10 1.000000
  10 -3.930614 -6.690060 37.718597 -0.478414 -0.878120 0.005067 0.827299 0.819131 1 10 1.000000
combinesoldiersheet_zombie
  10 -3.536925 -7.015398 35.099422 -0.937907 -0.282996 -0.200607 0.830961 0.792796 1 10 1.000000
  10 -3.930614 -6.690060 37.718597 -0.478414 -0.878120 0.005067 0.827299 0.819131 1 10 1.000000
  10 -4.109457 -6.418683 37.700596 -0.953489 -0.286666 -0.093177 0.825636 0.818829 1 10 1.000000
combinesoldiersheet_zombie
  10 -4.109457 -6.418683 37.700596 -0.953489 -0.286666 -0.093177 0.825636 0.818829 1 10 1.000000
  10 -3.930614 -6.690060 37.718597 -0.478414 -0.878120 0.005067 0.827299 0.819131 1 10 1.000000
  10 -4.157681 -6.304580 40.236263 -0.501491 -0.847337 0.174717 0.825187 0.844413 1 10 1.000000
combinesoldiersheet_zombie
  10 -4.109457 -6.418683 37.700596 -0.953489 -0.286666 -0.093177 0.825636 0.818829 1 10 1.000000
  10 -4.157681 -6.304580 40.236263 -0.501491 -0.847337 0.174717 0.825187 0.844413 1 10 1.000000
  10 -4.341621 -6.035778 40.274399 -0.903335 -0.309687 0.296781 0.823477 0.844680 1 10 1.000000
combinesoldiersheet_zombie
  10 -4.341621 -6.035778 40.274399 -0.903335 -0.309687 0.296781 0.823477 0.844680 1 10 1.000000
  10 -4.157681 -6.304580 40.236263 -0.501491 -0.847337 0.174717 0.825187 0.844413 1 10 1.000000
  10 -3.838375 -6.318634 40.619881 -0.275685 -0.754273 0.595877 0.828157 0.848297 1 10 1.000000
combinesoldiersheet_zombie
  10 -4.341621 -6.035778 40.274399 -0.903335 -0.309687 0.296781 0.823477 0.844680 1 10 1.000000
  10 -3.838375 -6.318634 40.619881 -0.275685 -0.754273 0.595877 0.828157 0.848297 1 10 1.000000
  10 -3.910371 -6.055243 40.804890 -0.412482 -0.358825 0.837319 0.827487 0.850051 1 10 1.000000
combinesoldiersheet_zombie
  10 -3.910371 -6.055243 40.804890 -0.412482 -0.358825 0.837319 0.827487 0.850051 1 10 1.000000
  10 -3.838375 -6.318634 40.619881 -0.275685 -0.754273 0.595877 0.828157 0.848297 1 10 1.000000
  10 0.050703 -6.926095 40.480225 -0.009114 -0.489783 0.871797 0.864327 0.847154 1 10 1.000000
combinesoldiersheet_zombie
  10 0.050703 -6.926095 40.480225 -0.009114 -0.489783 0.871797 0.864327 0.847154 1 10 1.000000
  10 -3.838375 -6.318634 40.619881 -0.275685 -0.754273 0.595877 0.828157 0.848297 1 10 1.000000
  10 0.068223 -7.227218 40.196018 -0.003446 -0.950471 0.310793 0.864490 0.844413 1 10 1.000000
combinesoldiersheet_zombie
  10 -3.838375 -6.318634 40.619881 -0.275685 -0.754273 0.595877 0.828157 0.848297 1 10 1.000000
  10 -4.157681 -6.304580 40.236263 -0.501491 -0.847337 0.174717 0.825187 0.844413 1 10 1.000000
  10 0.068223 -7.227218 40.196018 -0.003446 -0.950471 0.310793 0.864490 0.844413 1 10 1.000000
combinesoldiersheet_zombie
  10 -3.930614 -6.690060 37.718597 -0.478414 -0.878120 0.005067 0.827299 0.819131 1 10 1.000000
  10 0.068223 -7.227218 40.196018 -0.003446 -0.950471 0.310793 0.864490 0.844413 1 10 1.000000
  10 -4.157681 -6.304580 40.236263 -0.501491 -0.847337 0.174717 0.825187 0.844413 1 10 1.000000
combinesoldiersheet_zombie
  10 -3.930614 -6.690060 37.718597 -0.478414 -0.878120 0.005067 0.827299 0.819131 1 10 1.000000
  10 0.068033 -6.669552 38.029037 0.000307 -0.999435 0.033608 0.864488 0.822260 1 10 1.000000
  10 0.068223 -7.227218 40.196018 -0.003446 -0.950471 0.310793 0.864490 0.844413 1 10 1.000000
combinesoldiersheet_zombie
  10 -3.361710 -7.287837 35.136921 -0.396900 -0.915667 -0.063432 0.832590 0.793295 1 10 1.000000
  10 0.068033 -6.669552 38.029037 0.000307 -0.999435 0.033608 0.864488 0.822260 1 10 1.000000
  10 -3.930614 -6.690060 37.718597 -0.478414 -0.878120 0.005067 0.827299 0.819131 1 10 1.000000
combinesoldiersheet_zombie
  10 -3.361710 -7.287837 35.136921 -0.396900 -0.915667 -0.063432 0.832590 0.793295 1 10 1.000000
  10 0.068317 -6.629137 35.006664 -0.000732 -0.999309 0.037152 0.864491 0.791687 1 10 1.000000
  10 0.068033 -6.669552 38.029037 0.000307 -0.999435 0.033608 0.864488 0.822260 1 10 1.000000
combinesoldiersheet_zombie
  10 -2.675279 -7.172462 32.540108 -0.279376 -0.936098 -0.213704 0.838974 0.766991 1 10 1.000000
  10 0.068317 -6.629137 35.006664 -0.000732 -0.999309 0.037152 0.864491 0.791687 1 10 1.000000
  10 -3.361710 -7.287837 35.136921 -0.396900 -0.915667 -0.063432 0.832590 0.793295 1 10 1.000000
combinesoldiersheet_zombie
  10 -2.675279 -7.172462 32.540108 -0.279376 -0.936098 -0.213704 0.838974 0.766991 1 10 1.000000
  10 -1.042300 -6.689459 32.194496 0.185734 -0.946280 -0.264681 0.854162 0.763284 1 10 1.000000
  10 0.068317 -6.629137 35.006664 -0.000732 -0.999309 0.037152 0.864491 0.791687 1 10 1.000000
combinesoldiersheet_zombie
  10 -2.675279 -7.172462 32.540108 -0.279376 -0.936098 -0.213704 0.838974 0.766991 1 10 1.000000
  10 -2.248606 -7.113821 32.019142 -0.030762 -0.915820 -0.400408 0.842943 0.761699 1 10 1.000000
  10 -1.042300 -6.689459 32.194496 0.185734 -0.946280 -0.264681 0.854162 0.763284 1 10 1.000000
combinesoldiersheet_zombie
  10 0.050703 -6.926095 40.480225 -0.009114 -0.489783 0.871797 0.864327 0.847154 1 10 1.000000
  10 3.803822 -5.444304 40.942825 0.083377 0.988006 0.129972 0.894047 0.843368 1 10 1.000000
  10 0.050706 -6.179665 40.612522 -0.015937 -0.116091 0.993111 0.863912 0.840765 1 10 1.000000
combinesoldiersheet_zombie
  10 -3.910371 -6.055243 40.804890 -0.412482 -0.358825 0.837319 0.827487 0.850051 1 10 1.000000
  10 0.050703 -6.926095 40.480225 -0.009114 -0.489783 0.871797 0.864327 0.847154 1 10 1.000000
  10 0.050706 -6.179665 40.612522 -0.015937 -0.116091 0.993111 0.863912 0.840765 1 10 1.000000
combinesoldiersheet_zombie
  10 -3.910371 -6.055243 40.804890 -0.412482 -0.358825 0.837319 0.827487 0.850051 1 10 1.000000
  10 0.050706 -6.179665 40.612522 -0.015937 -0.116091 0.993111 0.863912 0.840765 1 10 1.000000
  10 -3.910370 -5.440192 40.831738 -0.409788 -0.080375 0.908633 0.832107 0.842397 1 10 1.000000
combinesoldiersheet_zombie
  10 -4.341621 -6.035778 40.274399 -0.903335 -0.309687 0.296781 0.823477 0.844680 1 10 1.000000
  10 -3.910371 -6.055243 40.804890 -0.412482 -0.358825 0.837319 0.827487 0.850051 1 10 1.000000
  10 -3.910370 -5.440192 40.831738 -0.409788 -0.080375 0.908633 0.832107 0.842397 1 10 1.000000
combinesoldiersheet_zombie
  10 -4.341621 -6.035778 40.274399 -0.903335 -0.309687 0.296781 0.823477 0.844680 1 10 1.000000
  10 -3.910370 -5.440192 40.831738 -0.409788 -0.080375 0.908633 0.832107 0.842397 1 10 1.000000
  10 -4.341628 -5.420447 40.301266 -0.956564 -0.012722 0.291243 0.828644 0.837759 1 10 1.000000
combinesoldiersheet_zombie
  10 -4.109457 -6.418683 37.700596 -0.953489 -0.286666 -0.093177 0.825636 0.818829 1 10 1.000000
  10 -4.341621 -6.035778 40.274399 -0.903335 -0.309687 0.296781 0.823477 0.844680 1 10 1.000000
  10 -4.341628 -5.420447 40.301266 -0.956564 -0.012722 0.291243 0.828644 0.837759 1 10 1.000000
combinesoldiersheet_zombie
  10 -4.109457 -6.418683 37.700596 -0.953489 -0.286666 -0.093177 0.825636 0.818829 1 10 1.000000
  10 -4.341628 -5.420447 40.301266 -0.956564 -0.012722 0.291243 0.828644 0.837759 1 10 1.000000
  10 -4.109461 -5.802483 37.727497 -0.988042 0.006718 -0.154037 0.830508 0.815441 1 10 1.000000
combinesoldiersheet_zombie
  10 -3.536925 -7.015398 35.099422 -0.937907 -0.282996 -0.200607 0.830961 0.792796 1 10 1.000000
  10 -4.109457 -6.418683 37.700596 -0.953489 -0.286666 -0.093177 0.825636 0.818829 1 10 1.000000
  10 -4.109461 -5.802483 37.727497 -0.988042 0.006718 -0.154037 0.830508 0.815441 1 10 1.000000
combinesoldiersheet_zombie
  10 -3.536925 -7.015398 35.099422 -0.937907 -0.282996 -0.200607 0.830961 0.792796 1 10 1.000000
  10 -4.109461 -5.802483 37.727497 -0.988042 0.006718 -0.154037 0.830508 0.815441 1 10 1.000000
  10 -3.536928 -6.399098 35.126328 -0.971649 0.010309 -0.236201 0.835106 0.792966 1 10 1.000000
combinesoldiersheet_zombie
  10 -2.840546 -6.903214 32.467068 -0.845684 -0.280530 -0.454005 0.837437 0.766134 1 10 1.000000
  10 -3.536925 -7.015398 35.099422 -0.937907 -0.282996 -0.200607 0.830961 0.792796 1 10 1.000000
  10 -3.536928 -6.399098 35.126328 -0.971649 0.010309 -0.236201 0.835106 0.792966 1 10 1.000000
combinesoldiersheet_zombie
  10 -2.840546 -6.903214 32.467068 -0.845684 -0.280530 -0.454005 0.837437 0.766134 1 10 1.000000
  10 -3.536928 -6.399098 35.126328 -0.971649 0.010309 -0.236201 0.835106 0.792966 1 10 1.000000
  10 -2.840545 -6.288113 32.493927 -0.889712 0.019915 -0.456087 0.837437 0.766134 1 10 1.000000
combinesoldiersheet_zombie
  10 -2.340066 -6.840930 31.862524 -0.413951 -0.378018 -0.828098 0.842092 0.759995 1 10 1.000000
  10 -2.840546 -6.903214 32.467068 -0.845684 -0.280530 -0.454005 0.837437 0.766134 1 10 1.000000
  10 -2.840545 -6.288113 32.493927 -0.889712 0.019915 -0.456087 0.837437 0.766134 1 10 1.000000
combinesoldiersheet_zombie
  10 -2.340066 -6.840930 31.862524 -0.413951 -0.378018 -0.828098 0.842092 0.759995 1 10 1.000000
  10 -2.840545 -6.288113 32.493927 -0.889712 0.019915 -0.456087 0.837437 0.766134 1 10 1.000000
  10 -2.340061 -6.227290 31.889315 -0.522726 0.037188 -0.851689 0.844716 0.764648 1 10 1.000000
combinesoldiersheet_zombie
  10 -1.262634 -6.541449 31.635498 0.089164 -0.482248 -0.871485 0.852113 0.757568 1 10 1.000000
  10 -2.340066 -6.840930 31.862524 -0.413951 -0.378018 -0.828098 0.842092 0.759995 1 10 1.000000
  10 -2.340061 -6.227290 31.889315 -0.522726 0.037188 -0.851689 0.844716 0.764648 1 10 1.000000
combinesoldiersheet_zombie
  10 -1.262634 -6.541449 31.635498 0.089164 -0.482248 -0.871485 0.852113 0.757568 1 10 1.000000
  10 -2.340061 -6.227290 31.889315 -0.522726 0.037188 -0.851689 0.844716 0.764648 1 10 1.000000
  10 -1.262629 -5.925207 31.662403 -0.110539 0.043353 -0.992926 0.853367 0.762553 1 10 1.000000
combinesoldiersheet_zombie
  10 -1.262629 -5.925207 31.662403 -0.110539 0.043353 -0.992926 0.853367 0.762553 1 10 1.000000
  10 0.050863 -6.139133 31.649817 -0.000490 -0.578574 -0.815630 0.864329 0.757535 1 10 1.000000
  10 -1.262634 -6.541449 31.635498 0.089164 -0.482248 -0.871485 0.852113 0.757568 1 10 1.000000
combinesoldiersheet_zombie
  10 -1.262629 -5.925207 31.662403 -0.110539 0.043353 -0.992926 0.853367 0.762553 1 10 1.000000
  10 0.050868 -5.523936 31.676678 0.000004 0.043620 -0.999048 0.863913 0.762524 1 10 1.000000
  10 0.050863 -6.139133 31.649817 -0.000490 -0.578574 -0.815630 0.864329 0.757535 1 10 1.000000
combinesoldiersheet_zombie
  10 1.360366 -6.541718 31.635489 -0.059793 -0.490767 -0.869237 0.876508 0.757568 1 10 1.000000
  10 0.050863 -6.139133 31.649817 -0.000490 -0.578574 -0.815630 0.864329 0.757535 1 10 1.000000
  10 0.050868 -5.523936 31.676678 0.000004 0.043620 -0.999048 0.863913 0.762524 1 10 1.000000
combinesoldiersheet_zombie
  9 -1.899468 -6.224977 -0.109303 -0.006539 -0.160225 -0.987059 0.952106 0.375293 2 9 0.868899 8 0.131101
  9 -3.225231 -7.554574 0.224591 -0.008422 -0.235646 -0.971802 0.946860 0.382072 1 9 1.000000
  9 -5.007212 -7.520638 0.231805 -0.007952 -0.236706 -0.971549 0.938746 0.382974 1 9 1.000000
combinesoldiersheet_zombie
  9 -5.007212 -7.520638 0.231805 -0.007952 -0.236706 -0.971549 0.938746 0.382974 1 9 1.000000
  9 -6.446609 -6.215785 -0.076524 -0.005577 -0.121891 -0.992528 0.931446 0.377945 2 9 0.910082 8 0.089918
  9 -1.899468 -6.224977 -0.109303 -0.006539 -0.160225 -0.987059 0.952106 0.375293 2 9 0.868899 8 0.131101
combinesoldiersheet_zombie
  8 -7.193366 -1.386736 -0.111207 -0.001530 0.149952 -0.988692 0.925626 0.357054 2 8 0.562006 9 0.437994
  9 -1.899468 -6.224977 -0.109303 -0.006539 -0.160225 -0.987059 0.952106 0.375293 2 9 0.868899 8 0.131101
  9 -6.446609 -6.215785 -0.076524 -0.005577 -0.121891 -0.992528 0.931446 0.377945 2 9 0.910082 8 0.089918
combinesoldiersheet_zombie
  8 -7.193366 -1.386736 -0.111207 -0.001530 0.149952 -0.988692 0.925626 0.357054 2 8 0.562006 9 0.437994
  8 -1.680131 -1.493939 -0.114080 -0.001530 0.149952 -0.988692 0.950074 0.354441 2 8 0.559740 9 0.440260
  9 -1.899468 -6.224977 -0.109303 -0.006539 -0.160225 -0.987059 0.952106 0.375293 2 9 0.868899 8 0.131101
combinesoldiersheet_zombie
  8 -1.680131 -1.493939 -0.114080 -0.001530 0.149952 -0.988692 0.950074 0.354441 2 8 0.559740 9 0.440260
  8 -7.193366 -1.386736 -0.111207 -0.001530 0.149952 -0.988692 0.925626 0.357054 2 8 0.562006 9 0.437994
  8 -6.665006 0.724957 0.582388 0.000571 0.300641 -0.953737 0.926474 0.347149 3 8 0.697847 9 0.243836 7 0.058317
combinesoldiersheet_zombie
  8 -1.680131 -1.493939 -0.114080 -0.001530 0.149952 -0.988692 0.950074 0.354441 2 8 0.559740 9 0.440260
  8 -6.665006 0.724957 0.582388 0.000571 0.300641 -0.953737 0.926474 0.347149 3 8 0.697847 9 0.243836 7 0.058317
  8 -2.071306 0.679336 0.543134 0.000571 0.300641 -0.953737 0.947138 0.344856 2 8 0.842424 9 0.157576
combinesoldiersheet_zombie
  9 -3.344144 -7.353047 1.026590 0.264159 -0.414492 0.870871 0.822002 0.277680 1 9 1.000000
  9 -3.278413 -7.583807 0.898619 0.375148 -0.756837 0.535221 0.823342 0.271589 1 9 1.000000
  9 -2.024818 -6.168159 0.658697 0.905550 -0.310457 0.289130 0.852046 0.288461 2 9 0.851537 8 0.148463
combinesoldiersheet_zombie
  9 -3.278413 -7.583807 0.898619 0.375148 -0.756837 0.535221 0.823342 0.271589 1 9 1.000000
  9 -3.344144 -7.353047 1.026590 0.264159 -0.414492 0.870871 0.822002 0.277680 1 9 1.000000
  9 -5.035385 -7.312010 1.070071 -0.255582 -0.459544 0.850586 0.784330 0.279797 1 9 1.000000
combinesoldiersheet_zombie
  9 -3.278413 -7.583807 0.898619 0.375148 -0.756837 0.535221 0.823342 0.271589 1 9 1.000000
  9 -5.035385 -7.312010 1.070071 -0.255582 -0.459544 0.850586 0.784330 0.279797 1 9 1.000000
  9 -5.060266 -7.541780 0.936617 -0.363470 -0.799882 0.477575 0.783652 0.273650 1 9 1.000000
combinesoldiersheet_zombie
  9 -5.060266 -7.541780 0.936617 -0.363470 -0.799882 0.477575 0.783652 0.273650 1 9 1.000000
  9 -5.035385 -7.312010 1.070071 -0.255582 -0.459544 0.850586 0.784330 0.279797 1 9 1.000000
  9 -6.513930 -6.159173 0.696041 -0.828141 -0.500054 0.253236 0.752000 0.291015 2 9 0.871874 8 0.128126
combinesoldiersheet_zombie
  9 -5.060266 -7.541780 0.936617 -0.363470 -0.799882 0.477575 0.783652 0.273650 1 9 1.000000
  9 -6.513930 -6.159173 0.696041 -0.828141 -0.500054 0.253236 0.752000 0.291015 2 9 0.871874 8 0.128126
  9 -6.446609 -6.215785 -0.076524 -0.922700 -0.372587 -0.099017 0.753469 0.275133 2 9 0.910082 8 0.089918
combinesoldiersheet_zombie
  9 -5.060266 -7.541780 0.936617 -0.363470 -0.799882 0.477575 0.783652 0.273650 1 9 1.000000
  9 -6.446609 -6.215785 -0.076524 -0.922700 -0.372587 -0.099017 0.753469 0.275133 2 9 0.910082 8 0.089918
  9 -5.007212 -7.520638 0.231805 -0.373015 -0.926945 -0.040407 0.784845 0.260295 1 9 1.000000
combinesoldiersheet_zombie
  9 -5.007212 -7.520638 0.231805 -0.373015 -0.926945 -0.040407 0.784845 0.260295 1 9 1.000000
  9 -3.278413 -7.583807 0.898619 0.375148 -0.756837 0.535221 0.823342 0.271589 1 9 1.000000
  9 -5.060266 -7.541780 0.936617 -0.363470 -0.799882 0.477575 0.783652 0.273650 1 9 1.000000
combinesoldiersheet_zombie
  9 -5.007212 -7.520638 0.231805 -0.373015 -0.926945 -0.040407 0.784845 0.260295 1 9 1.000000
  9 -3.225231 -7.554574 0.224591 0.393081 -0.918792 0.036179 0.824543 0.258957 1 9 1.000000
  9 -3.278413 -7.583807 0.898619 0.375148 -0.756837 0.535221 0.823342 0.271589 1 9 1.000000
combinesoldiersheet_zombie
  9 -3.225231 -7.554574 0.224591 0.393081 -0.918792 0.036179 0.824543 0.258957 1 9 1.000000
  9 -2.024818 -6.168159 0.658697 0.905550 -0.310457 0.289130 0.852046 0.288461 2 9 0.851537 8 0.148463
  9 -3.278413 -7.583807 0.898619 0.375148 -0.756837 0.535221 0.823342 0.271589 1 9 1.000000
combinesoldiersheet_zombie
  9 -3.225231 -7.554574 0.224591 0.393081 -0.918792 0.036179 0.824543 0.258957 1 9 1.000000
  9 -1.899468 -6.224977 -0.109303 0.914073 -0.379734 0.142384 0.854809 0.272643 2 9 0.868899 8 0.131101
  9 -2.024818 -6.168159 0.658697 0.905550 -0.310457 0.289130 0.852046 0.288461 2 9 0.851537 8 0.148463
combinesoldiersheet_zombie
  9 -5.933407 -5.526852 2.885378 -0.565151 -0.209582 0.797922 0.765280 0.343062 2 9 0.685884 8 0.314117
  8 -4.959710 -3.952362 3.324708 -0.344737 -0.227506 0.910713 0.787831 0.375675 3 8 0.450219 9 0.445613 7 0.104168
  8 -6.130617 -3.318679 2.634029 -0.750590 -0.081760 0.655691 0.762077 0.372572 3 8 0.482894 9 0.437324 7 0.079782
combinesoldiersheet_zombie
  8 -5.141366 -1.671095 4.566370 -0.461019 -0.643726 0.610801 0.785015 0.435257 3 8 0.458857 7 0.350017 9 0.191126
  8 -6.130617 -3.318679 2.634029 -0.750590 -0.081760 0.655691 0.762077 0.372572 3 8 0.482894 9 0.437324 7 0.079782
  8 -4.959710 -3.952362 3.324708 -0.344737 -0.227506 0.910713 0.787831 0.375675 3 8 0.450219 9 0.445613 7 0.104168
combinesoldiersheet_zombie
  9 -3.236317 -3.974358 3.500978 0.259831 -0.237788 0.935919 0.826230 0.378101 3 9 0.456505 8 0.446558 7 0.096936
  8 -5.141366 -1.671095 4.566370 -0.461019 -0.643726 0.610801 0.785015 0.435257 3 8 0.458857 7 0.350017 9 0.191126
  8 -4.959710 -3.952362 3.324708 -0.344737 -0.227506 0.910713 0.787831 0.375675 3 8 0.450219 9 0.445613 7 0.104168
combinesoldiersheet_zombie
  9 -3.236317 -3.974358 3.500978 0.259831 -0.237788 0.935919 0.826230 0.378101 3 9 0.456505 8 0.446558 7 0.096936
  8 -3.246641 -1.697765 4.604907 0.395242 -0.675449 0.622537 0.827229 0.434877 3 8 0.460846 7 0.333199 9 0.205955
  8 -5.141366 -1.671095 4.566370 -0.461019 -0.643726 0.610801 0.785015 0.435257 3 8 0.458857 7 0.350017 9 0.191126
combinesoldiersheet_zombie
  7 -2.973838 -1.086463 5.890763 0.397797 -0.880181 0.258918 0.833639 0.469199 3 7 0.600067 8 0.327265 9 0.072668
  8 -5.141366 -1.671095 4.566370 -0.461019 -0.643726 0.610801 0.785015 0.435257 3 8 0.458857 7 0.350017 9 0.191126
  8 -3.246641 -1.697765 4.604907 0.395242 -0.675449 0.622537 0.827229 0.434877 3 8 0.460846 7 0.333199 9 0.205955
combinesoldiersheet_zombie
  7 -2.973838 -1.086463 5.890763 0.397797 -0.880181 0.258918 0.833639 0.469199 3 7 0.600067 8 0.327265 9 0.072668
  7 -4.858947 -1.071251 5.848501 -0.372873 -0.895909 0.241479 0.791633 0.469326 3 7 0.596521 8 0.337170 9 0.066309
  8 -5.141366 -1.671095 4.566370 -0.461019 -0.643726 0.610801 0.785015 0.435257 3 8 0.458857 7 0.350017 9 0.191126
combinesoldiersheet_zombie
  8 -5.141366 -1.671095 4.566370 -0.461019 -0.643726 0.610801 0.785015 0.435257 3 8 0.458857 7 0.350017 9 0.191126
  8 -6.156126 0.089627 3.841414 -0.942771 -0.168653 0.287643 0.763349 0.448942 3 8 0.519122 7 0.358316 9 0.122563
  8 -6.130617 -3.318679 2.634029 -0.750590 -0.081760 0.655691 0.762077 0.372572 3 8 0.482894 9 0.437324 7 0.079782
combinesoldiersheet_zombie
  8 -6.156126 0.089627 3.841414 -0.942771 -0.168653 0.287643 0.763349 0.448942 3 8 0.519122 7 0.358316 9 0.122563
  8 -5.141366 -1.671095 4.566370 -0.461019 -0.643726 0.610801 0.785015 0.435257 3 8 0.458857 7 0.350017 9 0.191126
  7 -4.858947 -1.071251 5.848501 -0.372873 -0.895909 0.241479 0.791633 0.469326 3 7 0.596521 8 0.337170 9 0.066309
combinesoldiersheet_zombie
  8 -6.156126 0.089627 3.841414 -0.942771 -0.168653 0.287643 0.763349 0.448942 3 8 0.519122 7 0.358316 9 0.122563
  7 -4.858947 -1.071251 5.848501 -0.372873 -0.895909 0.241479 0.791633 0.469326 3 7 0.596521 8 0.337170 9 0.066309
  7 -6.152908 -0.025373 5.372609 -0.926994 -0.374222 -0.025310 0.763358 0.476837 2 7 0.664919 8 0.335082
combinesoldiersheet_zombie
  7 -6.152908 -0.025373 5.372609 -0.926994 -0.374222 -0.025310 0.763358 0.476837 2 7 0.664919 8 0.335082
  7 -4.858947 -1.071251 5.848501 -0.372873 -0.895909 0.241479 0.791633 0.469326 3 7 0.596521 8 0.337170 9 0.066309
  7 -4.909529 -0.817611 6.887619 -0.289214 -0.946362 0.144060 0.790643 0.493429 2 7 0.802623 8 0.197377
combinesoldiersheet_zombie
  7 -3.002851 -0.796649 6.873602 0.381907 -0.900716 0.207022 0.833149 0.492766 2 7 0.815341 8 0.184659
  7 -4.909529 -0.817611 6.887619 -0.289214 -0.946362 0.144060 0.790643 0.493429 2 7 0.802623 8 0.197377
  7 -4.858947 -1.071251 5.848501 -0.372873 -0.895909 0.241479 0.791633 0.469326 3 7 0.596521 8 0.337170 9 0.066309
combinesoldiersheet_zombie
  7 -3.002851 -0.796649 6.873602 0.381907 -0.900716 0.207022 0.833149 0.492766 2 7 0.815341 8 0.184659
  7 -4.858947 -1.071251 5.848501 -0.372873 -0.895909 0.241479 0.791633 0.469326 3 7 0.596521 8 0.337170 9 0.066309
  7 -2.973838 -1.086463 5.890763 0.397797 -0.880181 0.258918 0.833639 0.469199 3 7 0.600067 8 0.327265 9 0.072668
combinesoldiersheet_zombie
  7 -2.031095 0.032246 6.828796 0.904398 -0.418341 0.083992 0.855255 0.504410 2 7 0.895854 8 0.104147
  7 -3.002851 -0.796649 6.873602 0.381907 -0.900716 0.207022 0.833149 0.492766 2 7 0.815341 8 0.184659
  7 -2.973838 -1.086463 5.890763 0.397797 -0.880181 0.258918 0.833639 0.469199 3 7 0.600067 8 0.327265 9 0.072668
combinesoldiersheet_zombie
  7 -2.031095 0.032246 6.828796 0.904398 -0.418341 0.083992 0.855255 0.504410 2 7 0.895854 8 0.104147
  7 -2.973838 -1.086463 5.890763 0.397797 -0.880181 0.258918 0.833639 0.469199 3 7 0.600067 8 0.327265 9 0.072668
  7 -2.020256 -0.026809 5.600097 0.920088 -0.379472 0.097151 0.855464 0.479669 3 7 0.635889 8 0.310083 9 0.054028
combinesoldiersheet_zombie
  7 -2.973838 -1.086463 5.890763 0.397797 -0.880181 0.258918 0.833639 0.469199 3 7 0.600067 8 0.327265 9 0.072668
  8 -1.699053 0.014063 3.805045 0.960566 -0.190713 0.202338 0.862645 0.445385 3 8 0.557664 7 0.266860 9 0.175476
  7 -2.020256 -0.026809 5.600097 0.920088 -0.379472 0.097151 0.855464 0.479669 3 7 0.635889 8 0.310083 9 0.054028
combinesoldiersheet_zombie
  7 -2.973838 -1.086463 5.890763 0.397797 -0.880181 0.258918 0.833639 0.469199 3 7 0.600067 8 0.327265 9 0.072668
  8 -3.246641 -1.697765 4.604907 0.395242 -0.675449 0.622537 0.827229 0.434877 3 8 0.460846 7 0.333199 9 0.205955
  8 -1.699053 0.014063 3.805045 0.960566 -0.190713 0.202338 0.862645 0.445385 3 8 0.557664 7 0.266860 9 0.175476
combinesoldiersheet_zombie
  8 -3.246641 -1.697765 4.604907 0.395242 -0.675449 0.622537 0.827229 0.434877 3 8 0.460846 7 0.333199 9 0.205955
  9 -2.332995 -3.532737 2.874397 0.787591 -0.111137 0.606094 0.846601 0.372476 2 9 0.527606 8 0.472394
  8 -1.699053 0.014063 3.805045 0.960566 -0.190713 0.202338 0.862645 0.445385 3 8 0.557664 7 0.266860 9 0.175476
combinesoldiersheet_zombie
  8 -3.246641 -1.697765 4.604907 0.395242 -0.675449 0.622537 0.827229 0.434877 3 8 0.460846 7 0.333199 9 0.205955
  9 -3.236317 -3.974358 3.500978 0.259831 -0.237788 0.935919 0.826230 0.378101 3 9 0.456505 8 0.446558 7 0.096936
  9 -2.332995 -3.532737 2.874397 0.787591 -0.111137 0.606094 0.846601 0.372476 2 9 0.527606 8 0.472394
combinesoldiersheet_zombie
  9 -2.332995 -3.532737 2.874397 0.787591 -0.111137 0.606094 0.846601 0.372476 2 9 0.527606 8 0.472394
  9 -3.236317 -3.974358 3.500978 0.259831 -0.237788 0.935919 0.826230 0.378101 3 9 0.456505 8 0.446558 7 0.096936
  9 -3.281810 -5.597970 3.323645 0.140522 -0.159257 0.977185 0.824339 0.349455 2 9 0.667623 8 0.332377
combinesoldiersheet_zombie
  9 -3.281810 -5.597970 3.323645 0.140522 -0.159257 0.977185 0.824339 0.349455 2 9 0.667623 8 0.332377
  9 -3.236317 -3.974358 3.500978 0.259831 -0.237788 0.935919 0.826230 0.378101 3 9 0.456505 8 0.446558 7 0.096936
  8 -4.959710 -3.952362 3.324708 -0.344737 -0.227506 0.910713 0.787831 0.375675 3 8 0.450219 9 0.445613 7 0.104168
combinesoldiersheet_zombie
  9 -3.281810 -5.597970 3.323645 0.140522 -0.159257 0.977185 0.824339 0.349455 2 9 0.667623 8 0.332377
  8 -4.959710 -3.952362 3.324708 -0.344737 -0.227506 0.910713 0.787831 0.375675 3 8 0.450219 9 0.445613 7 0.104168
  9 -4.921904 -5.574322 3.177727 -0.225740 -0.159950 0.960967 0.787798 0.347611 2 9 0.679199 8 0.320801
combinesoldiersheet_zombie
  9 -5.933407 -5.526852 2.885378 -0.565151 -0.209582 0.797922 0.765280 0.343062 2 9 0.685884 8 0.314117
  9 -4.921904 -5.574322 3.177727 -0.225740 -0.159950 0.960967 0.787798 0.347611 2 9 0.679199 8 0.320801
  8 -4.959710 -3.952362 3.324708 -0.344737 -0.227506 0.910713 0.787831 0.375675 3 8 0.450219 9 0.445613 7 0.104168
combinesoldiersheet_zombie
  9 -5.002480 -7.084173 2.723780 -0.299975 -0.538783 0.787228 0.785187 0.315383 2 9 0.858998 8 0.141002
  9 -4.921904 -5.574322 3.177727 -0.225740 -0.159950 0.960967 0.787798 0.347611 2 9 0.679199 8 0.320801
  9 -5.933407 -5.526852 2.885378 -0.565151 -0.209582 0.797922 0.765280 0.343062 2 9 0.685884 8 0.314117
combinesoldiersheet_zombie
  9 -6.553960 -5.997409 1.888202 -0.866727 -0.403055 0.293822 0.751195 0.316654 2 9 0.770117 8 0.229883
  9 -5.002480 -7.084173 2.723780 -0.299975 -0.538783 0.787228 0.785187 0.315383 2 9 0.858998 8 0.141002
  9 -5.933407 -5.526852 2.885378 -0.565151 -0.209582 0.797922 0.765280 0.343062 2 9 0.685884 8 0.314117
combinesoldiersheet_zombie
  7 -6.152908 -0.025373 5.372609 -0.926994 -0.374222 -0.025310 0.763358 0.476837 2 7 0.664919 8 0.335082
  7 -4.909529 -0.817611 6.887619 -0.289214 -0.946362 0.144060 0.790643 0.493429 2 7 0.802623 8 0.197377
  7 -6.630064 0.110663 6.748724 -0.867844 -0.462521 -0.181440 0.752797 0.505807 2 7 0.857539 8 0.142461
combinesoldiersheet_zombie
  9 -6.553960 -5.997409 1.888202 -0.866727 -0.403055 0.293822 0.751195 0.316654 2 9 0.770117 8 0.229883
  9 -5.382783 -7.366396 1.959300 -0.395460 -0.889016 0.230786 0.776558 0.296321 2 9 0.924133 8 0.075867
  9 -5.002480 -7.084173 2.723780 -0.299975 -0.538783 0.787228 0.785187 0.315383 2 9 0.858998 8 0.141002
combinesoldiersheet_zombie
  9 -5.382783 -7.366396 1.959300 -0.395460 -0.889016 0.230786 0.776558 0.296321 2 9 0.924133 8 0.075867
  9 -6.553960 -5.997409 1.888202 -0.866727 -0.403055 0.293822 0.751195 0.316654 2 9 0.770117 8 0.229883
  9 -6.513930 -6.159173 0.696041 -0.873578 -0.481833 -0.068541 0.752000 0.291015 2 9 0.871874 8 0.128126
combinesoldiersheet_zombie
  9 -5.382783 -7.366396 1.959300 -0.395460 -0.889016 0.230786 0.776558 0.296321 2 9 0.924133 8 0.075867
  9 -6.513930 -6.159173 0.696041 -0.873578 -0.481833 -0.068541 0.752000 0.291015 2 9 0.871874 8 0.128126
  9 -5.035385 -7.312010 1.070071 -0.372963 -0.924724 -0.076051 0.784330 0.279797 1 9 1.000000
combinesoldiersheet_zombie
  9 -3.344144 -7.353047 1.026590 0.366815 -0.927124 -0.076734 0.822002 0.277680 1 9 1.000000
  9 -5.382783 -7.366396 1.959300 -0.395460 -0.889016 0.230786 0.776558 0.296321 2 9 0.924133 8 0.075867
  9 -5.035385 -7.312010 1.070071 -0.372963 -0.924724 -0.076051 0.784330 0.279797 1 9 1.000000
combinesoldiersheet_zombie
  9 -3.344144 -7.353047 1.026590 0.366815 -0.927124 -0.076734 0.822002 0.277680 1 9 1.000000
  9 -3.102304 -7.405356 2.170985 0.377738 -0.900097 0.217114 0.827363 0.298961 2 9 0.901792 8 0.098208
  9 -5.382783 -7.366396 1.959300 -0.395460 -0.889016 0.230786 0.776558 0.296321 2 9 0.924133 8 0.075867
combinesoldiersheet_zombie
  9 -2.024818 -6.168159 0.658697 0.906553 -0.414314 -0.080656 0.852046 0.288461 2 9 0.851537 8 0.148463
  9 -3.102304 -7.405356 2.170985 0.377738 -0.900097 0.217114 0.827363 0.298961 2 9 0.901792 8 0.098208
  9 -3.344144 -7.353047 1.026590 0.366815 -0.927124 -0.076734 0.822002 0.277680 1 9 1.000000
combinesoldiersheet_zombie
  9 -2.024818 -6.168159 0.658697 0.906553 -0.414314 -0.080656 0.852046 0.288461 2 9 0.851537 8 0.148463
  9 -1.852917 -6.032879 2.099028 0.917219 -0.272553 0.290558 0.855950 0.318420 2 9 0.731414 8 0.268587
  9 -3.102304 -7.405356 2.170985 0.377738 -0.900097 0.217114 0.827363 0.298961 2 9 0.901792 8 0.098208
combinesoldiersheet_zombie
  9 -2.393311 -5.519446 3.061611 0.619773 -0.197332 0.759566 0.844184 0.345261 2 9 0.669615 8 0.330385
  9 -3.102304 -7.405356 2.170985 0.377738 -0.900097 0.217114 0.827363 0.298961 2 9 0.901792 8 0.098208
  9 -1.852917 -6.032879 2.099028 0.917219 -0.272553 0.290558 0.855950 0.318420 2 9 0.731414 8 0.268587
combinesoldiersheet_zombie
  9 -2.332995 -3.532737 2.874397 0.787591 -0.111137 0.606094 0.846601 0.372476 2 9 0.527606 8 0.472394
  9 -2.393311 -5.519446 3.061611 0.619773 -0.197332 0.759566 0.844184 0.345261 2 9 0.669615 8 0.330385
  9 -1.852917 -6.032879 2.099028 0.917219 -0.272553 0.290558 0.855950 0.318420 2 9 0.731414 8 0.268587
combinesoldiersheet_zombie
  9 -2.332995 -3.532737 2.874397 0.787591 -0.111137 0.606094 0.846601 0.372476 2 9 0.527606 8 0.472394
  9 -3.281810 -5.597970 3.323645 0.140522 -0.159257 0.977185 0.824339 0.349455 2 9 0.667623 8 0.332377
  9 -2.393311 -5.519446 3.061611 0.619773 -0.197332 0.759566 0.844184 0.345261 2 9 0.669615 8 0.330385
combinesoldiersheet_zombie
  9 -3.281810 -5.597970 3.323645 0.140522 -0.159257 0.977185 0.824339 0.349455 2 9 0.667623 8 0.332377
  9 -3.253501 -7.074171 2.936897 0.238530 -0.554254 0.797437 0.824172 0.319011 2 9 0.829333 8 0.170667
  9 -2.393311 -5.519446 3.061611 0.619773 -0.197332 0.759566 0.844184 0.345261 2 9 0.669615 8 0.330385
combinesoldiersheet_zombie
  9 -3.253501 -7.074171 2.936897 0.238530 -0.554254 0.797437 0.824172 0.319011 2 9 0.829333 8 0.170667
  9 -3.281810 -5.597970 3.323645 0.140522 -0.159257 0.977185 0.824339 0.349455 2 9 0.667623 8 0.332377
  9 -4.921904 -5.574322 3.177727 -0.225740 -0.159950 0.960967 0.787798 0.347611 2 9 0.679199 8 0.320801
combinesoldiersheet_zombie
  9 -3.253501 -7.074171 2.936897 0.238530 -0.554254 0.797437 0.824172 0.319011 2 9 0.829333 8 0.170667
  9 -4.921904 -5.574322 3.177727 -0.225740 -0.159950 0.960967 0.787798 0.347611 2 9 0.679199 8 0.320801
  9 -5.002480 -7.084173 2.723780 -0.299975 -0.538783 0.787228 0.785187 0.315383 2 9 0.858998 8 0.141002
combinesoldiersheet_zombie
  9 -3.102304 -7.405356 2.170985 0.377738 -0.900097 0.217114 0.827363 0.298961 2 9 0.901792 8 0.098208
  9 -3.253501 -7.074171 2.936897 0.238530 -0.554254 0.797437 0.824172 0.319011 2 9 0.829333 8 0.170667
  9 -5.002480 -7.084173 2.723780 -0.299975 -0.538783 0.787228 0.785187 0.315383 2 9 0.858998 8 0.141002
combinesoldiersheet_zombie
  9 -3.102304 -7.405356 2.170985 0.377738 -0.900097 0.217114 0.827363 0.298961 2 9 0.901792 8 0.098208
  9 -5.002480 -7.084173 2.723780 -0.299975 -0.538783 0.787228 0.785187 0.315383 2 9 0.858998 8 0.141002
  9 -5.382783 -7.366396 1.959300 -0.395460 -0.889016 0.230786 0.776558 0.296321 2 9 0.924133 8 0.075867
combinesoldiersheet_zombie
  9 -2.393311 -5.519446 3.061611 0.619773 -0.197332 0.759566 0.844184 0.345261 2 9 0.669615 8 0.330385
  9 -3.253501 -7.074171 2.936897 0.238530 -0.554254 0.797437 0.824172 0.319011 2 9 0.829333 8 0.170667
  9 -3.102304 -7.405356 2.170985 0.377738 -0.900097 0.217114 0.827363 0.298961 2 9 0.901792 8 0.098208
combinesoldiersheet_zombie
  9 -6.446609 -6.215785 -0.076524 -0.922700 -0.372587 -0.099017 0.876768 0.317856 2 9 0.910082 8 0.089918
  9 -6.513930 -6.159173 0.696041 -0.828141 -0.500054 0.253236 0.887968 0.318423 2 9 0.871874 8 0.128126
  9 -7.114865 -2.781379 0.673999 -0.997306 -0.068312 0.026710 0.886695 0.366822 2 9 0.523895 8 0.476105
combinesoldiersheet_zombie
  9 -7.114865 -2.781379 0.673999 -0.997306 -0.068312 0.026710 0.886695 0.366822 2 9 0.523895 8 0.476105
  8 -7.193366 -1.386736 -0.111207 -0.996854 -0.011999 0.078348 0.874971 0.387529 2 8 0.562006 9 0.437994
  9 -6.446609 -6.215785 -0.076524 -0.922700 -0.372587 -0.099017 0.876768 0.317856 2 9 0.910082 8 0.089918
combinesoldiersheet_zombie
  8 -6.665006 0.724957 0.582388 -0.937800 0.128743 0.322423 0.885029 0.421645 3 8 0.697847 9 0.243836 7 0.058317
  8 -7.193366 -1.386736 -0.111207 -0.996854 -0.011999 0.078348 0.874971 0.387529 2 8 0.562006 9 0.437994
  9 -7.114865 -2.781379 0.673999 -0.997306 -0.068312 0.026710 0.886695 0.366822 2 9 0.523895 8 0.476105
combinesoldiersheet_zombie
  8 -1.754392 -2.861058 0.636132 0.994057 0.005661 0.108713 0.909295 0.256534 2 8 0.568833 9 0.431167
  8 -1.680131 -1.493939 -0.114080 0.991771 -0.011596 0.127495 0.924830 0.247758 2 8 0.559740 9 0.440260
  8 -2.071306 0.679336 0.543134 0.959968 0.092872 0.264265 0.950457 0.255395 2 8 0.842424 9 0.157576
combinesoldiersheet_zombie
  8 -1.680131 -1.493939 -0.114080 0.991771 -0.011596 0.127495 0.924830 0.247758 2 8 0.559740 9 0.440260
  8 -1.754392 -2.861058 0.636132 0.994057 0.005661 0.108713 0.909295 0.256534 2 8 0.568833 9 0.431167
  9 -2.024818 -6.168159 0.658697 0.905550 -0.310457 0.289130 0.871880 0.256988 2 9 0.851537 8 0.148463
combinesoldiersheet_zombie
  9 -2.024818 -6.168159 0.658697 0.905550 -0.310457 0.289130 0.871880 0.256988 2 9 0.851537 8 0.148463
  9 -1.899468 -6.224977 -0.109303 0.914073 -0.379734 0.142384 0.871000 0.248047 2 9 0.868899 8 0.131101
  8 -1.680131 -1.493939 -0.114080 0.991771 -0.011596 0.127495 0.924830 0.247758 2 8 0.559740 9 0.440260
combinesoldiersheet_zombie
  7 -6.016875 1.856825 5.185193 -0.953966 0.277950 -0.112664 0.952258 0.441488 2 7 0.719516 8 0.280484
  7 -6.630064 0.110663 6.748724 -0.867844 -0.462521 -0.181440 0.974953 0.412526 2 7 0.857539 8 0.142461
  7 -6.581429 2.059485 6.857656 -0.908780 0.305577 -0.284149 0.976232 0.442137 2 7 0.927291 8 0.072709
combinesoldiersheet_zombie
  7 -6.016875 1.856825 5.185193 -0.953966 0.277950 -0.112664 0.952258 0.441488 2 7 0.719516 8 0.280484
  7 -6.152908 -0.025373 5.372609 -0.926994 -0.374222 -0.025310 0.955229 0.412510 2 7 0.664919 8 0.335082
  7 -6.630064 0.110663 6.748724 -0.867844 -0.462521 -0.181440 0.974953 0.412526 2 7 0.857539 8 0.142461
combinesoldiersheet_zombie
  7 -6.016875 1.856825 5.185193 -0.953966 0.277950 -0.112664 0.952258 0.441488 2 7 0.719516 8 0.280484
  8 -6.156126 0.089627 3.841414 -0.942771 -0.168653 0.287643 0.932910 0.414231 3 8 0.519122 7 0.358316 9 0.122563
  7 -6.152908 -0.025373 5.372609 -0.926994 -0.374222 -0.025310 0.955229 0.412510 2 7 0.664919 8 0.335082
combinesoldiersheet_zombie
  8 -7.168381 -2.888622 1.447855 -0.986347 0.007834 0.164493 0.897950 0.364976 2 8 0.564855 9 0.435145
  9 -6.513930 -6.159173 0.696041 -0.873578 -0.481833 -0.068541 0.887968 0.318423 2 9 0.871874 8 0.128126
  9 -6.553960 -5.997409 1.888202 -0.866727 -0.403055 0.293822 0.905276 0.320693 2 9 0.770117 8 0.229883
combinesoldiersheet_zombie
  8 -7.168381 -2.888622 1.447855 -0.986347 0.007834 0.164493 0.897950 0.364976 2 8 0.564855 9 0.435145
  9 -7.114865 -2.781379 0.673999 -0.998422 -0.030922 -0.046879 0.886695 0.366822 2 9 0.523895 8 0.476105
  9 -6.513930 -6.159173 0.696041 -0.873578 -0.481833 -0.068541 0.887968 0.318423 2 9 0.871874 8 0.128126
combinesoldiersheet_zombie
  9 -7.114865 -2.781379 0.673999 -0.998422 -0.030922 -0.046879 0.886695 0.366822 2 9 0.523895 8 0.476105
  8 -7.168381 -2.888622 1.447855 -0.986347 0.007834 0.164493 0.897950 0.364976 2 8 0.564855 9 0.435145
  8 -6.665006 0.724957 0.582388 -0.990082 0.120699 -0.071903 0.885029 0.421645 3 8 0.697847 9 0.243836 7 0.058317
combinesoldiersheet_zombie
  8 -6.539304 2.287323 1.189159 -0.968084 0.209478 0.137595 0.893672 0.445754 3 8 0.740680 7 0.181105 9 0.078215
  8 -6.665006 0.724957 0.582388 -0.990082 0.120699 -0.071903 0.885029 0.421645 3 8 0.697847 9 0.243836 7 0.058317
  8 -7.168381 -2.888622 1.447855 -0.986347 0.007834 0.164493 0.897950 0.364976 2 8 0.564855 9 0.435145
combinesoldiersheet_zombie
  8 -6.130617 -3.318679 2.634029 -0.750590 -0.081760 0.655691 0.915932 0.362916 3 8 0.482894 9 0.437324 7 0.079782
  8 -6.539304 2.287323 1.189159 -0.968084 0.209478 0.137595 0.893672 0.445754 3 8 0.740680 7 0.181105 9 0.078215
  8 -7.168381 -2.888622 1.447855 -0.986347 0.007834 0.164493 0.897950 0.364976 2 8 0.564855 9 0.435145
combinesoldiersheet_zombie
  8 -6.130617 -3.318679 2.634029 -0.750590 -0.081760 0.655691 0.915932 0.362916 3 8 0.482894 9 0.437324 7 0.079782
  8 -6.156126 0.089627 3.841414 -0.942771 -0.168653 0.287643 0.932910 0.414231 3 8 0.519122 7 0.358316 9 0.122563
  8 -6.539304 2.287323 1.189159 -0.968084 0.209478 0.137595 0.893672 0.445754 3 8 0.740680 7 0.181105 9 0.078215
combinesoldiersheet_zombie
  8 -6.156126 0.089627 3.841414 -0.942771 -0.168653 0.287643 0.932910 0.414231 3 8 0.519122 7 0.358316 9 0.122563
  8 -6.121281 1.891903 4.006420 -0.965876 0.229231 0.120565 0.935022 0.441572 2 8 0.525893 7 0.474108
  8 -6.539304 2.287323 1.189159 -0.968084 0.209478 0.137595 0.893672 0.445754 3 8 0.740680 7 0.181105 9 0.078215
combinesoldiersheet_zombie
  7 -6.016875 1.856825 5.185193 -0.953966 0.277950 -0.112664 0.952258 0.441488 2 7 0.719516 8 0.280484
  8 -6.121281 1.891903 4.006420 -0.965876 0.229231 0.120565 0.935022 0.441572 2 8 0.525893 7 0.474108
  8 -6.156126 0.089627 3.841414 -0.942771 -0.168653 0.287643 0.932910 0.414231 3 8 0.519122 7 0.358316 9 0.122563
combinesoldiersheet_zombie
  7 -5.037087 3.873829 5.735019 -0.507140 0.860587 -0.046891 0.960515 0.476102 2 7 0.753961 8 0.246039
  8 -6.121281 1.891903 4.006420 -0.965876 0.229231 0.120565 0.935022 0.441572 2 8 0.525893 7 0.474108
  7 -6.016875 1.856825 5.185193 -0.953966 0.277950 -0.112664 0.952258 0.441488 2 7 0.719516 8 0.280484
combinesoldiersheet_zombie
  7 -5.037087 3.873829 5.735019 -0.507140 0.860587 -0.046891 0.960515 0.476102 2 7 0.753961 8 0.246039
  7 -6.016875 1.856825 5.185193 -0.953966 0.277950 -0.112664 0.952258 0.441488 2 7 0.719516 8 0.280484
  7 -6.581429 2.059485 6.857656 -0.908780 0.305577 -0.284149 0.976232 0.442137 2 7 0.927291 8 0.072709
combinesoldiersheet_zombie
  7 -5.037087 3.873829 5.735019 -0.507140 0.860587 -0.046891 0.960515 0.476102 2 7 0.753961 8 0.246039
  7 -6.581429 2.059485 6.857656 -0.908780 0.305577 -0.284149 0.976232 0.442137 2 7 0.927291 8 0.072709
  7 -4.900031 4.430825 7.522630 -0.449763 0.839567 -0.304697 0.986534 0.485091 2 7 0.945214 8 0.054786
combinesoldiersheet_zombie
  7 -4.900031 4.430825 7.522630 -0.449763 0.839567 -0.304697 0.986534 0.485091 2 7 0.945214 8 0.054786
  7 -2.800543 3.806891 5.721194 0.562722 0.825857 -0.036112 0.961693 0.496703 2 7 0.754629 8 0.245371
  7 -5.037087 3.873829 5.735019 -0.507140 0.860587 -0.046891 0.960515 0.476102 2 7 0.753961 8 0.246039
combinesoldiersheet_zombie
  7 -4.900031 4.430825 7.522630 -0.449763 0.839567 -0.304697 0.986534 0.485091 2 7 0.945214 8 0.054786
  7 -2.665931 4.471477 7.519712 0.552291 0.791950 -0.260366 0.987851 0.507304 2 7 0.944624 8 0.055376
  7 -2.800543 3.806891 5.721194 0.562722 0.825857 -0.036112 0.961693 0.496703 2 7 0.754629 8 0.245371
combinesoldiersheet_zombie
  9 -6.553960 -5.997409 1.888202 -0.866727 -0.403055 0.293822 0.905276 0.320693 2 9 0.770117 8 0.229883
  8 -6.130617 -3.318679 2.634029 -0.750590 -0.081760 0.655691 0.915932 0.362916 3 8 0.482894 9 0.437324 7 0.079782
  8 -7.168381 -2.888622 1.447855 -0.986347 0.007834 0.164493 0.897950 0.364976 2 8 0.564855 9 0.435145
combinesoldiersheet_zombie
  9 -6.553960 -5.997409 1.888202 -0.866727 -0.403055 0.293822 0.905276 0.320693 2 9 0.770117 8 0.229883
  9 -5.933407 -5.526852 2.885378 -0.565151 -0.209582 0.797922 0.920096 0.330441 2 9 0.685884 8 0.314117
  8 -6.130617 -3.318679 2.634029 -0.750590 -0.081760 0.655691 0.915932 0.362916 3 8 0.482894 9 0.437324 7 0.079782
combinesoldiersheet_zombie
  7 -5.037087 3.873829 5.735019 -0.507140 0.860587 -0.046891 0.960515 0.476102 2 7 0.753961 8 0.246039
  7 -4.902693 4.422033 3.906846 -0.532334 0.821413 0.204700 0.933879 0.484946 2 7 0.533193 8 0.466807
  8 -6.121281 1.891903 4.006420 -0.965876 0.229231 0.120565 0.935022 0.441572 2 8 0.525893 7 0.474108
combinesoldiersheet_zombie
  8 -6.539304 2.287323 1.189159 -0.968084 0.209478 0.137595 0.893672 0.445754 3 8 0.740680 7 0.181105 9 0.078215
  8 -6.121281 1.891903 4.006420 -0.965876 0.229231 0.120565 0.935022 0.441572 2 8 0.525893 7 0.474108
  7 -4.902693 4.422033 3.906846 -0.532334 0.821413 0.204700 0.933879 0.484946 2 7 0.533193 8 0.466807
combinesoldiersheet_zombie
  8 -6.539304 2.287323 1.189159 -0.968084 0.209478 0.137595 0.893672 0.445754 3 8 0.740680 7 0.181105 9 0.078215
  7 -4.902693 4.422033 3.906846 -0.532334 0.821413 0.204700 0.933879 0.484946 2 7 0.533193 8 0.466807
  8 -5.348809 4.562608 1.955884 -0.540620 0.841134 0.014935 0.905171 0.485164 2 8 0.654023 7 0.345977
combinesoldiersheet_zombie
  8 -6.539304 2.287323 1.189159 -0.968084 0.209478 0.137595 0.893672 0.445754 3 8 0.740680 7 0.181105 9 0.078215
  8 -5.348809 4.562608 1.955884 -0.540620 0.841134 0.014935 0.905171 0.485164 2 8 0.654023 7 0.345977
  8 -5.546591 4.257215 1.041082 -0.530790 0.833547 -0.153169 0.891782 0.479712 2 8 0.854598 7 0.145403
combinesoldiersheet_zombie
  8 -5.348809 4.562608 1.955884 -0.540620 0.841134 0.014935 0.905171 0.485164 2 8 0.654023 7 0.345977
  8 -3.430181 4.307945 1.118343 0.593530 0.694994 -0.405839 0.894193 0.501575 2 8 0.885443 7 0.114557
  8 -5.546591 4.257215 1.041082 -0.530790 0.833547 -0.153169 0.891782 0.479712 2 8 0.854598 7 0.145403
combinesoldiersheet_zombie
  8 -5.348809 4.562608 1.955884 -0.540620 0.841134 0.014935 0.905171 0.485164 2 8 0.654023 7 0.345977
  8 -3.420574 4.636698 2.216505 0.502515 0.855192 -0.126988 0.910134 0.506576 2 8 0.662821 7 0.337179
  8 -3.430181 4.307945 1.118343 0.593530 0.694994 -0.405839 0.894193 0.501575 2 8 0.885443 7 0.114557
combinesoldiersheet_zombie
  7 -4.902693 4.422033 3.906846 -0.532334 0.821413 0.204700 0.933879 0.484946 2 7 0.533193 8 0.466807
  8 -3.420574 4.636698 2.216505 0.502515 0.855192 -0.126988 0.910134 0.506576 2 8 0.662821 7 0.337179
  8 -5.348809 4.562608 1.955884 -0.540620 0.841134 0.014935 0.905171 0.485164 2 8 0.654023 7 0.345977
combinesoldiersheet_zombie
  7 -4.902693 4.422033 3.906846 -0.532334 0.821413 0.204700 0.933879 0.484946 2 7 0.533193 8 0.466807
  7 -3.029261 4.419364 4.021494 0.530350 0.841499 0.102994 0.936696 0.504967 2 7 0.515703 8 0.484297
  8 -3.420574 4.636698 2.216505 0.502515 0.855192 -0.126988 0.910134 0.506576 2 8 0.662821 7 0.337179
combinesoldiersheet_zombie
  7 -5.037087 3.873829 5.735019 -0.507140 0.860587 -0.046891 0.960515 0.476102 2 7 0.753961 8 0.246039
  7 -3.029261 4.419364 4.021494 0.530350 0.841499 0.102994 0.936696 0.504967 2 7 0.515703 8 0.484297
  7 -4.902693 4.422033 3.906846 -0.532334 0.821413 0.204700 0.933879 0.484946 2 7 0.533193 8 0.466807
combinesoldiersheet_zombie
  7 -5.037087 3.873829 5.735019 -0.507140 0.860587 -0.046891 0.960515 0.476102 2 7 0.753961 8 0.246039
  7 -2.800543 3.806891 5.721194 0.562722 0.825857 -0.036112 0.961693 0.496703 2 7 0.754629 8 0.245371
  7 -3.029261 4.419364 4.021494 0.530350 0.841499 0.102994 0.936696 0.504967 2 7 0.515703 8 0.484297
combinesoldiersheet_zombie
  4 1.816131 -1.493938 -0.114085 -0.991771 -0.011596 0.127495 0.924830 0.247758 2 4 0.557293 5 0.442708
  5 2.035468 -6.224976 -0.109308 -0.914073 -0.379734 0.142384 0.871000 0.248047 2 5 0.915935 4 0.084065
  5 2.160818 -6.168159 0.658692 -0.905550 -0.310457 0.289130 0.871880 0.256988 2 5 0.877284 4 0.122716
combinesoldiersheet_zombie
  5 2.160818 -6.168159 0.658692 -0.905550 -0.310457 0.289130 0.871880 0.256988 2 5 0.877284 4 0.122716
  4 1.890392 -2.861057 0.636127 -0.994057 0.005661 0.108713 0.909295 0.256534 2 4 0.572565 5 0.427436
  4 1.816131 -1.493938 -0.114085 -0.991771 -0.011596 0.127495 0.924830 0.247758 2 4 0.557293 5 0.442708
combinesoldiersheet_zombie
  4 2.207306 0.679338 0.543128 -0.959968 0.092872 0.264265 0.950457 0.255395 2 4 0.825100 5 0.174900
  4 1.816131 -1.493938 -0.114085 -0.991771 -0.011596 0.127495 0.924830 0.247758 2 4 0.557293 5 0.442708
  4 1.890392 -2.861057 0.636127 -0.994057 0.005661 0.108713 0.909295 0.256534 2 4 0.572565 5 0.427436
combinesoldiersheet_zombie
  8 -6.636985 0.721382 -0.074356 -0.593307 -0.537518 -0.599217 0.926546 0.343900 2 8 0.866032 9 0.133968
  8 -2.071306 0.679336 0.543134 0.880807 -0.376553 0.287030 0.947138 0.344856 2 8 0.842424 9 0.157576
  8 -6.665006 0.724957 0.582388 -0.739366 -0.673101 -0.016511 0.926474 0.347149 3 8 0.697847 9 0.243836 7 0.058317
combinesoldiersheet_zombie
  8 -6.636985 0.721382 -0.074356 -0.593307 -0.537518 -0.599217 0.926546 0.343900 2 8 0.866032 9 0.133968
  8 -2.043290 0.676014 -0.113607 0.581678 -0.586308 -0.563820 0.946970 0.341755 2 8 0.894887 9 0.105113
  8 -2.071306 0.679336 0.543134 0.880807 -0.376553 0.287030 0.947138 0.344856 2 8 0.842424 9 0.157576
combinesoldiersheet_zombie
  8 -6.509612 2.347012 -0.087258 -0.662874 0.213820 -0.717551 0.925896 0.337231 3 8 0.891957 7 0.056304 9 0.051739
  8 -2.043290 0.676014 -0.113607 0.581678 -0.586308 -0.563820 0.946970 0.341755 2 8 0.894887 9 0.105113
  8 -6.636985 0.721382 -0.074356 -0.593307 -0.537518 -0.599217 0.926546 0.343900 2 8 0.866032 9 0.133968
combinesoldiersheet_zombie
  8 -6.509612 2.347012 -0.087258 -0.662874 0.213820 -0.717551 0.925896 0.337231 3 8 0.891957 7 0.056304 9 0.051739
  8 -2.060436 2.239903 -0.105820 0.851589 0.270141 -0.449244 0.946169 0.335081 1 8 1.000000
  8 -2.043290 0.676014 -0.113607 0.581678 -0.586308 -0.563820 0.946970 0.341755 2 8 0.894887 9 0.105113
combinesoldiersheet_zombie
  8 -3.389633 4.285108 0.044068 0.395186 0.780162 -0.484949 0.938908 0.326518 1 8 1.000000
  8 -2.060436 2.239903 -0.105820 0.851589 0.270141 -0.449244 0.946169 0.335081 1 8 1.000000
  8 -6.509612 2.347012 -0.087258 -0.662874 0.213820 -0.717551 0.925896 0.337231 3 8 0.891957 7 0.056304 9 0.051739
combinesoldiersheet_zombie
  8 -3.389633 4.285108 0.044068 0.395186 0.780162 -0.484949 0.938908 0.326518 1 8 1.000000
  8 -6.509612 2.347012 -0.087258 -0.662874 0.213820 -0.717551 0.925896 0.337231 3 8 0.891957 7 0.056304 9 0.051739
  8 -5.504166 4.233355 0.026792 -0.442204 0.740796 -0.505645 0.929335 0.328013 1 8 1.000000
combinesoldiersheet_zombie
  4 1.816131 -1.493938 -0.114085 0.001530 0.149952 -0.988692 0.950074 0.354441 2 4 0.557293 5 0.442708
  4 2.207306 0.679338 0.543128 -0.000571 0.300641 -0.953737 0.947138 0.344856 2 4 0.825100 5 0.174900
  4 6.801005 0.724959 0.582382 -0.000571 0.300641 -0.953737 0.926474 0.347149 2 4 0.683834 5 0.316166
combinesoldiersheet_zombie
  4 1.816131 -1.493938 -0.114085 0.001530 0.149952 -0.988692 0.950074 0.354441 2 4 0.557293 5 0.442708
  4 6.801005 0.724959 0.582382 -0.000571 0.300641 -0.953737 0.926474 0.347149 2 4 0.683834 5 0.316166
  4 7.329365 -1.386735 -0.111212 0.001530 0.149952 -0.988692 0.925626 0.357054 2 4 0.513670 5 0.486330
combinesoldiersheet_zombie
  4 1.816131 -1.493938 -0.114085 0.001530 0.149952 -0.988692 0.950074 0.354441 2 4 0.557293 5 0.442708
  4 7.329365 -1.386735 -0.111212 0.001530 0.149952 -0.988692 0.925626 0.357054 2 4 0.513670 5 0.486330
  5 6.582611 -6.215785 -0.076529 0.005577 -0.121891 -0.992528 0.931446 0.377945 2 5 0.809543 4 0.190458
combinesoldiersheet_zombie
  4 1.816131 -1.493938 -0.114085 0.001530 0.149952 -0.988692 0.950074 0.354441 2 4 0.557293 5 0.442708
  5 6.582611 -6.215785 -0.076529 0.005577 -0.121891 -0.992528 0.931446 0.377945 2 5 0.809543 4 0.190458
  5 2.035468 -6.224976 -0.109308 0.006539 -0.160225 -0.987059 0.952106 0.375293 2 5 0.915935 4 0.084065
combinesoldiersheet_zombie
  5 2.035468 -6.224976 -0.109308 0.006539 -0.160225 -0.987059 0.952106 0.375293 2 5 0.915935 4 0.084065
  5 6.582611 -6.215785 -0.076529 0.005577 -0.121891 -0.992528 0.931446 0.377945 2 5 0.809543 4 0.190458
  5 5.143211 -7.520639 0.231801 0.007952 -0.236706 -0.971549 0.938746 0.382974 1 5 1.000000
combinesoldiersheet_zombie
  5 5.143211 -7.520639 0.231801 0.007952 -0.236706 -0.971549 0.938746 0.382974 1 5 1.000000
  5 3.361231 -7.554574 0.224587 0.008422 -0.235646 -0.971802 0.946860 0.382072 1 5 1.000000
  5 2.035468 -6.224976 -0.109308 0.006539 -0.160225 -0.987059 0.952106 0.375293 2 5 0.915935 4 0.084065
combinesoldiersheet_zombie
  11 -5.250202 -3.471954 41.664505 -0.664994 -0.243727 -0.705960 0.926522 0.999864 3 11 0.558670 1 0.372384 6 0.068946
  1 -2.486533 -5.079195 40.369152 -0.421093 -0.790806 -0.444192 0.998807 0.980305 3 1 0.537035 11 0.382243 6 0.080722
  11 -3.560683 -5.726694 41.014961 -0.271442 -0.469894 -0.839952 0.998807 0.999864 3 11 0.735241 1 0.208190 6 0.056569
combinesoldiersheet_zombie
  11 -5.250202 -3.471954 41.664505 -0.664994 -0.243727 -0.705960 0.926522 0.999864 3 11 0.558670 1 0.372384 6 0.068946
  1 -5.233963 -2.206023 41.085083 -0.820507 -0.568440 -0.060365 0.899150 0.981042 3 1 0.504452 11 0.377276 6 0.118273
  1 -2.486533 -5.079195 40.369152 -0.421093 -0.790806 -0.444192 0.998807 0.980305 3 1 0.537035 11 0.382243 6 0.080722
combinesoldiersheet_zombie
  1 -2.424942 -5.286317 38.585785 -0.366842 -0.927681 0.069528 0.998807 0.955399 3 1 0.595222 11 0.265088 6 0.139689
  1 -2.486533 -5.079195 40.369152 -0.421093 -0.790806 -0.444192 0.998807 0.980305 3 1 0.537035 11 0.382243 6 0.080722
  1 -5.233963 -2.206023 41.085083 -0.820507 -0.568440 -0.060365 0.899150 0.981042 3 1 0.504452 11 0.377276 6 0.118273
combinesoldiersheet_zombie
  1 -5.233963 -2.206023 41.085083 -0.820507 -0.568440 -0.060365 0.899150 0.981042 3 1 0.504452 11 0.377276 6 0.118273
  1 -5.846033 -3.073277 39.513039 -0.541858 -0.730610 0.415450 0.903013 0.955399 3 1 0.549844 11 0.232980 6 0.217176
  1 -2.424942 -5.286317 38.585785 -0.366842 -0.927681 0.069528 0.998807 0.955399 3 1 0.595222 11 0.265088 6 0.139689
combinesoldiersheet_zombie
  1 6.056042 -3.006238 39.518036 0.581675 -0.718807 0.380750 0.993113 0.955315 3 1 0.537580 2 0.247831 11 0.214589
  11 2.734865 -5.081343 40.425575 0.382325 -0.853519 -0.354025 0.912133 0.984365 3 11 0.470612 1 0.402755 2 0.126633
  1 2.620355 -5.287544 38.615810 0.317273 -0.948329 0.003167 0.904588 0.955315 3 1 0.586525 11 0.238652 2 0.174823
combinesoldiersheet_zombie
  1 6.056042 -3.006238 39.518036 0.581675 -0.718807 0.380750 0.993113 0.955315 3 1 0.537580 2 0.247831 11 0.214589
  1 5.651078 -2.095133 40.912125 0.835593 -0.502451 -0.222096 0.995197 0.977020 3 1 0.485845 11 0.397855 2 0.116301
  11 2.734865 -5.081343 40.425575 0.382325 -0.853519 -0.354025 0.912133 0.984365 3 11 0.470612 1 0.402755 2 0.126633
combinesoldiersheet_zombie
  11 5.347271 -4.132565 41.729176 0.648833 -0.360670 -0.670024 0.966294 0.999722 3 11 0.776299 1 0.149119 2 0.074583
  11 2.734865 -5.081343 40.425575 0.382325 -0.853519 -0.354025 0.912133 0.984365 3 11 0.470612 1 0.402755 2 0.126633
  1 5.651078 -2.095133 40.912125 0.835593 -0.502451 -0.222096 0.995197 0.977020 3 1 0.485845 11 0.397855 2 0.116301
combinesoldiersheet_zombie
  1 5.651078 -2.095133 40.912125 0.835593 -0.502451 -0.222096 0.995197 0.977020 3 1 0.485845 11 0.397855 2 0.116301
  11 5.629406 -3.641475 41.818775 0.815000 -0.261452 -0.517124 0.978199 0.999722 3 11 0.813443 1 0.116698 2 0.069859
  11 5.347271 -4.132565 41.729176 0.648833 -0.360670 -0.670024 0.966294 0.999722 3 11 0.776299 1 0.149119 2 0.074583
combinesoldiersheet_zombie
  11 5.347271 -4.132565 41.729176 0.648833 -0.360670 -0.670024 0.966294 0.999722 3 11 0.776299 1 0.149119 2 0.074583
  11 3.028104 -5.826412 40.963890 0.342247 -0.472278 -0.812293 0.904588 0.999722 3 11 0.666186 1 0.265492 2 0.068322
  11 2.734865 -5.081343 40.425575 0.382325 -0.853519 -0.354025 0.912133 0.984365 3 11 0.470612 1 0.402755 2 0.126633
combinesoldiersheet_zombie
  8 -5.504166 4.233355 0.026792 -0.442204 0.740796 -0.505645 0.877041 0.479533 1 8 1.000000
  8 -3.430181 4.307945 1.118343 0.662276 0.716756 0.218294 0.894193 0.501575 2 8 0.885443 7 0.114557
  8 -3.389633 4.285108 0.044068 0.395186 0.780162 -0.484949 0.878577 0.501404 1 8 1.000000
combinesoldiersheet_zombie
  8 -5.504166 4.233355 0.026792 -0.442204 0.740796 -0.505645 0.877041 0.479533 1 8 1.000000
  8 -5.546591 4.257215 1.041082 -0.529579 0.847875 -0.025591 0.891782 0.479712 2 8 0.854598 7 0.145403
  8 -3.430181 4.307945 1.118343 0.662276 0.716756 0.218294 0.894193 0.501575 2 8 0.885443 7 0.114557
combinesoldiersheet_zombie
  8 -5.546591 4.257215 1.041082 -0.529579 0.847875 -0.025591 0.891782 0.479712 2 8 0.854598 7 0.145403
  8 -5.504166 4.233355 0.026792 -0.442204 0.740796 -0.505645 0.877041 0.479533 1 8 1.000000
  8 -6.509612 2.347012 -0.087258 -0.662874 0.213820 -0.717551 0.875092 0.446781 3 8 0.891957 7 0.056304 9 0.051739
combinesoldiersheet_zombie
  8 -5.546591 4.257215 1.041082 -0.529579 0.847875 -0.025591 0.891782 0.479712 2 8 0.854598 7 0.145403
  8 -6.509612 2.347012 -0.087258 -0.662874 0.213820 -0.717551 0.875092 0.446781 3 8 0.891957 7 0.056304 9 0.051739
  8 -6.539304 2.287323 1.189159 -0.960459 0.277343 -0.024498 0.893672 0.445754 3 8 0.740680 7 0.181105 9 0.078215
combinesoldiersheet_zombie
  8 -6.509612 2.347012 -0.087258 -0.662874 0.213820 -0.717551 0.875092 0.446781 3 8 0.891957 7 0.056304 9 0.051739
  8 -6.665006 0.724957 0.582388 -0.739366 -0.673101 -0.016511 0.885029 0.421645 3 8 0.697847 9 0.243836 7 0.058317
  8 -6.539304 2.287323 1.189159 -0.960459 0.277343 -0.024498 0.893672 0.445754 3 8 0.740680 7 0.181105 9 0.078215
combinesoldiersheet_zombie
  8 -6.509612 2.347012 -0.087258 -0.662874 0.213820 -0.717551 0.875092 0.446781 3 8 0.891957 7 0.056304 9 0.051739
  8 -6.636985 0.721382 -0.074356 -0.593307 -0.537518 -0.599217 0.875483 0.421710 2 8 0.866032 9 0.133968
  8 -6.665006 0.724957 0.582388 -0.739366 -0.673101 -0.016511 0.885029 0.421645 3 8 0.697847 9 0.243836 7 0.058317
combinesoldiersheet_zombie
  1 7.753760 0.707912 39.641312 0.976862 0.020681 0.212867 0.987984 0.955315 3 1 0.541020 2 0.252824 11 0.206157
  1 5.651078 -2.095133 40.912125 0.835593 -0.502451 -0.222096 0.919349 0.977020 3 1 0.485845 11 0.397855 2 0.116301
  1 6.056042 -3.006238 39.518036 0.581675 -0.718807 0.380750 0.903181 0.955315 3 1 0.537580 2 0.247831 11 0.214589
combinesoldiersheet_zombie
  1 7.753760 0.707912 39.641312 0.976862 0.020681 0.212867 0.987984 0.955315 3 1 0.541020 2 0.252824 11 0.206157
  1 6.942896 1.496834 41.247959 0.999182 0.038411 0.012608 0.993583 0.984542 3 1 0.490007 11 0.388150 2 0.121844
  1 5.651078 -2.095133 40.912125 0.835593 -0.502451 -0.222096 0.919349 0.977020 3 1 0.485845 11 0.397855 2 0.116301
combinesoldiersheet_zombie
  11 5.629406 -3.641475 41.818775 0.815000 -0.261452 -0.517124 0.900456 0.999722 3 11 0.813443 1 0.116698 2 0.069859
  1 5.651078 -2.095133 40.912125 0.835593 -0.502451 -0.222096 0.919349 0.977020 3 1 0.485845 11 0.397855 2 0.116301
  1 6.942896 1.496834 41.247959 0.999182 0.038411 0.012608 0.993583 0.984542 3 1 0.490007 11 0.388150 2 0.121844
combinesoldiersheet_zombie
  1 6.942896 1.496834 41.247959 0.999182 0.038411 0.012608 0.993583 0.984542 3 1 0.490007 11 0.388150 2 0.121844
  11 7.059824 0.977564 42.118778 0.998151 0.059184 -0.013814 0.987984 0.999722 3 11 0.822768 1 0.101746 2 0.075486
  11 5.629406 -3.641475 41.818775 0.815000 -0.261452 -0.517124 0.900456 0.999722 3 11 0.813443 1 0.116698 2 0.069859
combinesoldiersheet_zombie
  1 0.021430 7.409033 37.778709 -0.007649 0.991705 0.128307 0.434467 0.337153 3 1 0.419040 11 0.307897 6 0.273063
  1 -3.007142 6.065206 40.596817 -0.259986 0.964703 0.041887 0.465276 0.363651 2 1 0.720256 11 0.279744
  1 0.023245 6.989127 39.853302 -0.021001 0.996492 0.081008 0.432205 0.349844 2 1 0.759623 11 0.240377
combinesoldiersheet_zombie
  1 0.021430 7.409033 37.778709 -0.007649 0.991705 0.128307 0.434467 0.337153 3 1 0.419040 11 0.307897 6 0.273063
  6 -1.916698 7.541376 35.907864 -0.128030 0.990946 0.040419 0.457609 0.317615 3 6 0.428423 1 0.316993 2 0.254584
  1 -3.007142 6.065206 40.596817 -0.259986 0.964703 0.041887 0.465276 0.363651 2 1 0.720256 11 0.279744
combinesoldiersheet_zombie
  6 0.022522 7.433531 36.206318 0.009886 0.996048 -0.088258 0.434768 0.320032 3 6 0.353240 1 0.336066 2 0.310694
  6 -1.916698 7.541376 35.907864 -0.128030 0.990946 0.040419 0.457609 0.317615 3 6 0.428423 1 0.316993 2 0.254584
  1 0.021430 7.409033 37.778709 -0.007649 0.991705 0.128307 0.434467 0.337153 3 1 0.419040 11 0.307897 6 0.273063
combinesoldiersheet_zombie
  6 0.036950 6.835017 34.011879 0.008572 0.883123 -0.469064 0.432199 0.296262 3 6 0.413677 2 0.385030 1 0.201293
  6 -1.916698 7.541376 35.907864 -0.128030 0.990946 0.040419 0.457609 0.317615 3 6 0.428423 1 0.316993 2 0.254584
  6 0.022522 7.433531 36.206318 0.009886 0.996048 -0.088258 0.434768 0.320032 3 6 0.353240 1 0.336066 2 0.310694
combinesoldiersheet_zombie
  6 0.036950 6.835017 34.011879 0.008572 0.883123 -0.469064 0.432199 0.296262 3 6 0.413677 2 0.385030 1 0.201293
  6 -2.252714 7.285334 33.677483 0.076229 0.932668 -0.352590 0.461002 0.293412 3 6 0.520888 2 0.284394 1 0.194718
  6 -1.916698 7.541376 35.907864 -0.128030 0.990946 0.040419 0.457609 0.317615 3 6 0.428423 1 0.316993 2 0.254584
combinesoldiersheet_zombie
  6 -2.252714 7.285334 33.677483 0.076229 0.932668 -0.352590 0.461002 0.293412 3 6 0.520888 2 0.284394 1 0.194718
  6 -4.555473 6.606890 35.884777 -0.448034 0.892633 0.049709 0.487082 0.318015 3 6 0.494962 1 0.313844 11 0.191194
  6 -1.916698 7.541376 35.907864 -0.128030 0.990946 0.040419 0.457609 0.317615 3 6 0.428423 1 0.316993 2 0.254584
combinesoldiersheet_zombie
  1 -3.007142 6.065206 40.596817 -0.259986 0.964703 0.041887 0.465276 0.363651 2 1 0.720256 11 0.279744
  6 -1.916698 7.541376 35.907864 -0.128030 0.990946 0.040419 0.457609 0.317615 3 6 0.428423 1 0.316993 2 0.254584
  6 -4.555473 6.606890 35.884777 -0.448034 0.892633 0.049709 0.487082 0.318015 3 6 0.494962 1 0.313844 11 0.191194
combinesoldiersheet_zombie
  1 -3.007142 6.065206 40.596817 -0.259986 0.964703 0.041887 0.465276 0.363651 2 1 0.720256 11 0.279744
  6 -4.555473 6.606890 35.884777 -0.448034 0.892633 0.049709 0.487082 0.318015 3 6 0.494962 1 0.313844 11 0.191194
  1 -5.073164 5.653487 40.059120 -0.592294 0.786664 0.174208 0.495123 0.367897 2 1 0.869811 11 0.130189
combinesoldiersheet_zombie
  6 -6.956999 4.990975 36.972778 -0.902631 0.426869 0.055137 0.521276 0.330368 3 6 0.554828 1 0.269864 11 0.175308
  1 -5.073164 5.653487 40.059120 -0.592294 0.786664 0.174208 0.495123 0.367897 2 1 0.869811 11 0.130189
  6 -4.555473 6.606890 35.884777 -0.448034 0.892633 0.049709 0.487082 0.318015 3 6 0.494962 1 0.313844 11 0.191194
combinesoldiersheet_zombie
  1 -5.073164 5.653487 40.059120 -0.592294 0.786664 0.174208 0.495123 0.367897 2 1 0.869811 11 0.130189
  6 -6.956999 4.990975 36.972778 -0.902631 0.426869 0.055137 0.521276 0.330368 3 6 0.554828 1 0.269864 11 0.175308
  1 -7.611653 0.712882 39.637962 -0.984362 0.025333 0.174324 0.566185 0.366645 3 1 0.493548 6 0.256695 11 0.249757
combinesoldiersheet_zombie
  6 0.024897 5.314432 32.500061 0.003320 0.880499 -0.474036 0.423903 0.279408 3 6 0.457724 2 0.441597 1 0.100678
  6 -2.252714 7.285334 33.677483 0.076229 0.932668 -0.352590 0.461002 0.293412 3 6 0.520888 2 0.284394 1 0.194718
  6 0.036950 6.835017 34.011879 0.008572 0.883123 -0.469064 0.432199 0.296262 3 6 0.413677 2 0.385030 1 0.201293
combinesoldiersheet_zombie
  1 -5.846033 -3.073277 39.513039 -0.541858 -0.730610 0.415450 0.637856 0.364742 3 1 0.549844 11 0.232980 6 0.217176
  1 -7.611653 0.712882 39.637962 -0.984362 0.025333 0.174324 0.566185 0.366645 3 1 0.493548 6 0.256695 11 0.249757
  1 -7.274011 -2.507751 38.081470 -0.830600 -0.530790 0.168418 0.617536 0.344066 3 1 0.586330 6 0.267162 11 0.146508
combinesoldiersheet_zombie
  2 0.023072 1.717179 32.212837 -0.037932 0.325269 0.944860 0.395218 0.275896 2 2 0.532835 6 0.467165
  6 0.634464 2.830984 30.796091 0.974356 0.188057 0.123552 0.408724 0.260758 2 6 0.628095 2 0.371905
  2 0.022536 2.930975 32.125328 -0.031212 -0.043243 0.998577 0.406174 0.275072 2 2 0.526133 6 0.473867
combinesoldiersheet_zombie
  2 0.022536 2.930975 32.125328 -0.031212 -0.043243 0.998577 0.406174 0.275072 2 2 0.526133 6 0.473867
  6 0.634464 2.830984 30.796091 0.974356 0.188057 0.123552 0.408724 0.260758 2 6 0.628095 2 0.371905
  6 0.024897 5.314432 32.500061 0.003320 0.880499 -0.474036 0.423903 0.279408 3 6 0.457724 2 0.441597 1 0.100678
combinesoldiersheet_zombie
  6 -1.682798 6.042205 30.803526 0.396893 0.840567 -0.368677 0.451424 0.261845 3 6 0.638472 2 0.270545 1 0.090983
  6 0.024897 5.314432 32.500061 0.003320 0.880499 -0.474036 0.423903 0.279408 3 6 0.457724 2 0.441597 1 0.100678
  6 0.634464 2.830984 30.796091 0.974356 0.188057 0.123552 0.408724 0.260758 2 6 0.628095 2 0.371905
combinesoldiersheet_zombie
  6 0.024897 5.314432 32.500061 0.003320 0.880499 -0.474036 0.423903 0.279408 3 6 0.457724 2 0.441597 1 0.100678
  6 -1.682798 6.042205 30.803526 0.396893 0.840567 -0.368677 0.451424 0.261845 3 6 0.638472 2 0.270545 1 0.090983
  6 -2.252714 7.285334 33.677483 0.076229 0.932668 -0.352590 0.461002 0.293412 3 6 0.520888 2 0.284394 1 0.194718
combinesoldiersheet_zombie
  6 -2.252714 7.285334 33.677483 0.076229 0.932668 -0.352590 0.461002 0.293412 3 6 0.520888 2 0.284394 1 0.194718
  6 -1.682798 6.042205 30.803526 0.396893 0.840567 -0.368677 0.451424 0.261845 3 6 0.638472 2 0.270545 1 0.090983
  6 -4.767526 6.380216 33.493546 -0.429031 0.884263 -0.184423 0.490897 0.292030 3 6 0.704660 1 0.164418 2 0.130922
combinesoldiersheet_zombie
  6 -2.252714 7.285334 33.677483 0.076229 0.932668 -0.352590 0.461002 0.293412 3 6 0.520888 2 0.284394 1 0.194718
  6 -4.767526 6.380216 33.493546 -0.429031 0.884263 -0.184423 0.490897 0.292030 3 6 0.704660 1 0.164418 2 0.130922
  6 -4.555473 6.606890 35.884777 -0.448034 0.892633 0.049709 0.487082 0.318015 3 6 0.494962 1 0.313844 11 0.191194
combinesoldiersheet_zombie
  6 -4.555473 6.606890 35.884777 -0.448034 0.892633 0.049709 0.487082 0.318015 3 6 0.494962 1 0.313844 11 0.191194
  6 -4.767526 6.380216 33.493546 -0.429031 0.884263 -0.184423 0.490897 0.292030 3 6 0.704660 1 0.164418 2 0.130922
  6 -6.762819 4.609396 33.563004 -0.782603 0.616231 -0.088269 0.522388 0.293164 1 6 1.000000
combinesoldiersheet_zombie
  6 -4.555473 6.606890 35.884777 -0.448034 0.892633 0.049709 0.487082 0.318015 3 6 0.494962 1 0.313844 11 0.191194
  6 -6.762819 4.609396 33.563004 -0.782603 0.616231 -0.088269 0.522388 0.293164 1 6 1.000000
  6 -6.956999 4.990975 36.972778 -0.902631 0.426869 0.055137 0.521276 0.330368 3 6 0.554828 1 0.269864 11 0.175308
combinesoldiersheet_zombie
  6 -6.762819 4.609396 33.563004 -0.782603 0.616231 -0.088269 0.522388 0.293164 1 6 1.000000
  6 -7.043649 4.009777 35.037811 -0.992508 0.121001 -0.016912 0.530519 0.309230 3 6 0.814221 1 0.128550 11 0.057228
  6 -6.956999 4.990975 36.972778 -0.902631 0.426869 0.055137 0.521276 0.330368 3 6 0.554828 1 0.269864 11 0.175308
combinesoldiersheet_zombie
  6 -6.991763 1.870290 35.697433 -0.996511 0.029196 -0.078181 0.557535 0.316167 3 6 0.697108 1 0.222347 11 0.080544
  6 -6.956999 4.990975 36.972778 -0.902631 0.426869 0.055137 0.521276 0.330368 3 6 0.554828 1 0.269864 11 0.175308
  6 -7.043649 4.009777 35.037811 -0.992508 0.121001 -0.016912 0.530519 0.309230 3 6 0.814221 1 0.128550 11 0.057228
combinesoldiersheet_zombie
  6 -6.991763 1.870290 35.697433 -0.996511 0.029196 -0.078181 0.557535 0.316167 3 6 0.697108 1 0.222347 11 0.080544
  1 -7.611653 0.712882 39.637962 -0.984362 0.025333 0.174324 0.566185 0.366645 3 1 0.493548 6 0.256695 11 0.249757
  6 -6.956999 4.990975 36.972778 -0.902631 0.426869 0.055137 0.521276 0.330368 3 6 0.554828 1 0.269864 11 0.175308
combinesoldiersheet_zombie
  6 -7.026764 0.658170 35.688419 -0.989510 -0.000201 -0.144465 0.577574 0.315950 1 6 1.000000
  1 -7.611653 0.712882 39.637962 -0.984362 0.025333 0.174324 0.566185 0.366645 3 1 0.493548 6 0.256695 11 0.249757
  6 -6.991763 1.870290 35.697433 -0.996511 0.029196 -0.078181 0.557535 0.316167 3 6 0.697108 1 0.222347 11 0.080544
combinesoldiersheet_zombie
  6 -7.026764 0.658170 35.688419 -0.989510 -0.000201 -0.144465 0.577574 0.315950 1 6 1.000000
  1 -7.274011 -2.507751 38.081470 -0.830600 -0.530790 0.168418 0.617536 0.344066 3 1 0.586330 6 0.267162 11 0.146508
  1 -7.611653 0.712882 39.637962 -0.984362 0.025333 0.174324 0.566185 0.366645 3 1 0.493548 6 0.256695 11 0.249757
combinesoldiersheet_zombie
  6 -7.026764 0.658170 35.688419 -0.989510 -0.000201 -0.144465 0.577574 0.315950 1 6 1.000000
  6 -6.861990 -2.591817 35.112774 -0.902324 -0.410232 -0.132368 0.619730 0.309293 1 6 1.000000
  1 -7.274011 -2.507751 38.081470 -0.830600 -0.530790 0.168418 0.617536 0.344066 3 1 0.586330 6 0.267162 11 0.146508
combinesoldiersheet_zombie
  6 -4.797923 -4.268974 34.218876 -0.706324 -0.699221 -0.110442 0.651745 0.298798 1 6 1.000000
  1 -7.274011 -2.507751 38.081470 -0.830600 -0.530790 0.168418 0.617536 0.344066 3 1 0.586330 6 0.267162 11 0.146508
  6 -6.861990 -2.591817 35.112774 -0.902324 -0.410232 -0.132368 0.619730 0.309293 1 6 1.000000
combinesoldiersheet_zombie
  6 -4.797923 -4.268974 34.218876 -0.706324 -0.699221 -0.110442 0.651745 0.298798 1 6 1.000000
  1 -4.616606 -4.910287 36.727428 -0.353840 -0.928998 0.108438 0.657931 0.326428 3 1 0.539070 6 0.390476 11 0.070455
  1 -7.274011 -2.507751 38.081470 -0.830600 -0.530790 0.168418 0.617536 0.344066 3 1 0.586330 6 0.267162 11 0.146508
combinesoldiersheet_zombie
  1 -4.616606 -4.910287 36.727428 -0.353840 -0.928998 0.108438 0.657931 0.326428 3 1 0.539070 6 0.390476 11 0.070455
  1 -5.846033 -3.073277 39.513039 -0.541858 -0.730610 0.415450 0.637856 0.364742 3 1 0.549844 11 0.232980 6 0.217176
  1 -7.274011 -2.507751 38.081470 -0.830600 -0.530790 0.168418 0.617536 0.344066 3 1 0.586330 6 0.267162 11 0.146508
combinesoldiersheet_zombie
  1 -5.846033 -3.073277 39.513039 -0.541858 -0.730610 0.415450 0.637856 0.364742 3 1 0.549844 11 0.232980 6 0.217176
  1 -4.616606 -4.910287 36.727428 -0.353840 -0.928998 0.108438 0.657931 0.326428 3 1 0.539070 6 0.390476 11 0.070455
  6 -1.751101 -4.888186 36.113602 -0.030245 -0.970364 -0.239746 0.689281 0.318487 3 6 0.440542 2 0.302977 1 0.256481
combinesoldiersheet_zombie
  6 0.370425 1.808271 25.844191 0.967955 0.181834 -0.173201 0.397114 0.206728 1 6 1.000000
  6 -1.682798 6.042205 30.803526 0.396893 0.840567 -0.368677 0.451424 0.261845 3 6 0.638472 2 0.270545 1 0.090983
  6 0.634464 2.830984 30.796091 0.974356 0.188057 0.123552 0.408724 0.260758 2 6 0.628095 2 0.371905
combinesoldiersheet_zombie
  1 -4.616606 -4.910287 36.727428 -0.353840 -0.928998 0.108438 0.657931 0.326428 3 1 0.539070 6 0.390476 11 0.070455
  6 -4.797923 -4.268974 34.218876 -0.706324 -0.699221 -0.110442 0.651745 0.298798 1 6 1.000000
  6 -4.090821 -4.800700 32.839859 -0.267898 -0.962424 -0.044397 0.661133 0.283530 1 6 1.000000
combinesoldiersheet_zombie
  6 -6.310216 4.510471 29.463884 -0.574996 0.814111 -0.081257 0.520839 0.248418 1 6 1.000000
  6 -6.762819 4.609396 33.563004 -0.782603 0.616231 -0.088269 0.522388 0.293164 1 6 1.000000
  6 -4.767526 6.380216 33.493546 -0.429031 0.884263 -0.184423 0.490897 0.292030 3 6 0.704660 1 0.164418 2 0.130922
combinesoldiersheet_zombie
  6 -4.767526 6.380216 33.493546 -0.429031 0.884263 -0.184423 0.490897 0.292030 3 6 0.704660 1 0.164418 2 0.130922
  6 -4.964838 5.135367 27.067978 -0.239261 0.956489 -0.166981 0.500250 0.222006 1 6 1.000000
  6 -6.310216 4.510471 29.463884 -0.574996 0.814111 -0.081257 0.520839 0.248418 1 6 1.000000
combinesoldiersheet_zombie
  6 -4.964838 5.135367 27.067978 -0.239261 0.956489 -0.166981 0.500250 0.222006 1 6 1.000000
  6 -4.767526 6.380216 33.493546 -0.429031 0.884263 -0.184423 0.490897 0.292030 3 6 0.704660 1 0.164418 2 0.130922
  6 -1.682798 6.042205 30.803526 0.396893 0.840567 -0.368677 0.451424 0.261845 3 6 0.638472 2 0.270545 1 0.090983
combinesoldiersheet_zombie
  6 -4.964838 5.135367 27.067978 -0.239261 0.956489 -0.166981 0.500250 0.222006 1 6 1.000000
  6 -1.682798 6.042205 30.803526 0.396893 0.840567 -0.368677 0.451424 0.261845 3 6 0.638472 2 0.270545 1 0.090983
  6 -1.968910 4.350407 26.580835 0.426935 0.874266 -0.231053 0.445393 0.215766 1 6 1.000000
combinesoldiersheet_zombie
  6 0.370425 1.808271 25.844191 0.967955 0.181834 -0.173201 0.397114 0.206728 1 6 1.000000
  6 -1.968910 4.350407 26.580835 0.426935 0.874266 -0.231053 0.445393 0.215766 1 6 1.000000
  6 -1.682798 6.042205 30.803526 0.396893 0.840567 -0.368677 0.451424 0.261845 3 6 0.638472 2 0.270545 1 0.090983
combinesoldiersheet_zombie
  6 0.370425 1.808271 25.844191 0.967955 0.181834 -0.173201 0.397114 0.206728 1 6 1.000000
  7 -4.159874 3.875283 20.437201 0.042839 0.993326 -0.107089 0.492987 0.158981 2 7 0.809548 6 0.190452
  6 -1.968910 4.350407 26.580835 0.426935 0.874266 -0.231053 0.445393 0.215766 1 6 1.000000
combinesoldiersheet_zombie
  6 0.370425 1.808271 25.844191 0.967955 0.181834 -0.173201 0.397114 0.206728 1 6 1.000000
  6 -0.372219 1.269585 20.455742 0.986350 0.129200 -0.102082 0.386809 0.156557 2 6 0.599370 7 0.400630
  7 -4.159874 3.875283 20.437201 0.042839 0.993326 -0.107089 0.492987 0.158981 2 7 0.809548 6 0.190452
combinesoldiersheet_zombie
  6 -4.964838 5.135367 27.067978 -0.239261 0.956489 -0.166981 0.500250 0.222006 1 6 1.000000
  6 -1.968910 4.350407 26.580835 0.426935 0.874266 -0.231053 0.445393 0.215766 1 6 1.000000
  7 -4.159874 3.875283 20.437201 0.042839 0.993326 -0.107089 0.492987 0.158981 2 7 0.809548 6 0.190452
combinesoldiersheet_zombie
  6 -4.964838 5.135367 27.067978 -0.239261 0.956489 -0.166981 0.500250 0.222006 1 6 1.000000
  7 -4.159874 3.875283 20.437201 0.042839 0.993326 -0.107089 0.492987 0.158981 2 7 0.809548 6 0.190452
  6 -7.025030 4.086758 25.929756 -0.350619 0.926789 -0.134640 0.531801 0.210090 1 6 1.000000
combinesoldiersheet_zombie
  6 -7.025030 4.086758 25.929756 -0.350619 0.926789 -0.134640 0.531801 0.210090 1 6 1.000000
  6 -6.310216 4.510471 29.463884 -0.574996 0.814111 -0.081257 0.520839 0.248418 1 6 1.000000
  6 -4.964838 5.135367 27.067978 -0.239261 0.956489 -0.166981 0.500250 0.222006 1 6 1.000000
combinesoldiersheet_zombie
  6 -7.414217 3.457636 22.955986 -0.608546 0.786297 -0.106810 0.551531 0.179723 1 6 1.000000
  6 -7.025030 4.086758 25.929756 -0.350619 0.926789 -0.134640 0.531801 0.210090 1 6 1.000000
  7 -4.159874 3.875283 20.437201 0.042839 0.993326 -0.107089 0.492987 0.158981 2 7 0.809548 6 0.190452
combinesoldiersheet_zombie
  1 -4.616606 -4.910287 36.727428 -0.353840 -0.928998 0.108438 0.657931 0.326428 3 1 0.539070 6 0.390476 11 0.070455
  6 -1.740974 -4.903451 33.655811 0.512055 -0.848667 -0.132530 0.712463 0.360383 3 6 0.690162 2 0.202949 1 0.106889
  6 -1.751101 -4.888186 36.113602 -0.030245 -0.970364 -0.239746 0.689281 0.318487 3 6 0.440542 2 0.302977 1 0.256481
combinesoldiersheet_zombie
  1 -4.616606 -4.910287 36.727428 -0.353840 -0.928998 0.108438 0.657931 0.326428 3 1 0.539070 6 0.390476 11 0.070455
  6 -3.489737 -4.827055 33.048573 0.027110 -0.999278 -0.026601 0.668782 0.285628 1 6 1.000000
  6 -1.740974 -4.903451 33.655811 0.512055 -0.848667 -0.132530 0.712463 0.360383 3 6 0.690162 2 0.202949 1 0.106889
combinesoldiersheet_zombie
  6 -4.090821 -4.800700 32.839859 -0.267898 -0.962424 -0.044397 0.661133 0.283530 1 6 1.000000
  6 -3.489737 -4.827055 33.048573 0.027110 -0.999278 -0.026601 0.668782 0.285628 1 6 1.000000
  1 -4.616606 -4.910287 36.727428 -0.353840 -0.928998 0.108438 0.657931 0.326428 3 1 0.539070 6 0.390476 11 0.070455
combinesoldiersheet_zombie
  6 -3.438734 -4.799200 32.337891 0.102412 -0.994623 -0.015374 0.669230 0.277880 1 6 1.000000
  6 -3.489737 -4.827055 33.048573 0.027110 -0.999278 -0.026601 0.668782 0.285628 1 6 1.000000
  6 -4.090821 -4.800700 32.839859 -0.267898 -0.962424 -0.044397 0.661133 0.283530 1 6 1.000000
combinesoldiersheet_zombie
  6 -3.438734 -4.799200 32.337891 0.102412 -0.994623 -0.015374 0.669230 0.277880 1 6 1.000000
  6 -4.090821 -4.800700 32.839859 -0.267898 -0.962424 -0.044397 0.661133 0.283530 1 6 1.000000
  6 -4.156716 -4.862358 32.338333 0.023528 -0.999343 0.027577 0.659827 0.278461 1 6 1.000000
combinesoldiersheet_zombie
  6 -1.740974 -4.903451 33.655811 0.512055 -0.848667 -0.132530 0.688903 0.291732 3 6 0.690162 2 0.202949 1 0.106889
  6 -3.489737 -4.827055 33.048573 0.027110 -0.999278 -0.026601 0.668782 0.285628 1 6 1.000000
  6 -1.367517 -4.291513 26.659903 0.237889 -0.965959 -0.101642 0.687308 0.215493 1 6 1.000000
combinesoldiersheet_zombie
  6 -3.489737 -4.827055 33.048573 0.027110 -0.999278 -0.026601 0.668782 0.285628 1 6 1.000000
  6 -3.438734 -4.799200 32.337891 0.102412 -0.994623 -0.015374 0.669230 0.277880 1 6 1.000000
  6 -1.367517 -4.291513 26.659903 0.237889 -0.965959 -0.101642 0.687308 0.215493 1 6 1.000000
combinesoldiersheet_zombie
  6 -3.438734 -4.799200 32.337891 0.102412 -0.994623 -0.015374 0.669230 0.277880 1 6 1.000000
  6 -3.462670 -4.694848 30.080973 0.110583 -0.992961 -0.042429 0.668309 0.253327 1 6 1.000000
  6 -1.367517 -4.291513 26.659903 0.237889 -0.965959 -0.101642 0.687308 0.215493 1 6 1.000000
combinesoldiersheet_zombie
  6 -1.751101 -4.888186 36.113602 -0.030245 -0.970364 -0.239746 0.689281 0.318487 3 6 0.440542 2 0.302977 1 0.256481
  6 -1.740974 -4.903451 33.655811 0.512055 -0.848667 -0.132530 0.688903 0.291732 3 6 0.690162 2 0.202949 1 0.106889
  6 0.027183 -3.313126 34.370960 0.682019 -0.604941 -0.410970 0.731850 0.366886 3 6 0.495514 2 0.407966 1 0.096520
combinesoldiersheet_zombie
  1 -2.424942 -5.286317 38.585785 -0.366842 -0.927681 0.069528 0.682281 0.343950 3 1 0.595222 11 0.265088 6 0.139689
  1 -5.846033 -3.073277 39.513039 -0.541858 -0.730610 0.415450 0.637856 0.364742 3 1 0.549844 11 0.232980 6 0.217176
  6 -1.751101 -4.888186 36.113602 -0.030245 -0.970364 -0.239746 0.689281 0.318487 3 6 0.440542 2 0.302977 1 0.256481
combinesoldiersheet_zombie
  11 0.071035 -5.365960 38.132679 -0.001304 -0.999972 -0.007392 0.707649 0.339249 3 11 0.460273 1 0.298079 2 0.241648
  1 -2.424942 -5.286317 38.585785 -0.366842 -0.927681 0.069528 0.682281 0.343950 3 1 0.595222 11 0.265088 6 0.139689
  6 -1.751101 -4.888186 36.113602 -0.030245 -0.970364 -0.239746 0.689281 0.318487 3 6 0.440542 2 0.302977 1 0.256481
combinesoldiersheet_zombie
  11 0.071035 -5.365960 38.132679 -0.001304 -0.999972 -0.007392 0.707649 0.339249 3 11 0.460273 1 0.298079 2 0.241648
  6 -1.751101 -4.888186 36.113602 -0.030245 -0.970364 -0.239746 0.689281 0.318487 3 6 0.440542 2 0.302977 1 0.256481
  2 -0.010077 -4.916972 35.711006 -0.004486 -0.863701 -0.503985 0.710491 0.313521 3 2 0.412189 6 0.327075 1 0.260736
combinesoldiersheet_zombie
  2 -0.010077 -4.916972 35.711006 -0.004486 -0.863701 -0.503985 0.710491 0.313521 3 2 0.412189 6 0.327075 1 0.260736
  6 -1.751101 -4.888186 36.113602 -0.030245 -0.970364 -0.239746 0.689281 0.318487 3 6 0.440542 2 0.302977 1 0.256481
  2 0.029485 -3.601940 34.628410 -0.002133 -0.650177 -0.759779 0.717874 0.301870 3 2 0.461177 6 0.390177 1 0.148646
combinesoldiersheet_zombie
  6 -1.751101 -4.888186 36.113602 -0.030245 -0.970364 -0.239746 0.689281 0.318487 3 6 0.440542 2 0.302977 1 0.256481
  6 0.027183 -3.313126 34.370960 0.682019 -0.604941 -0.410970 0.731850 0.366886 3 6 0.495514 2 0.407966 1 0.096520
  2 0.029485 -3.601940 34.628410 -0.002133 -0.650177 -0.759779 0.717874 0.301870 3 2 0.461177 6 0.390177 1 0.148646
combinesoldiersheet_zombie
  2 0.029485 -3.601940 34.628410 -0.002133 -0.650177 -0.759779 0.717874 0.301870 3 2 0.461177 6 0.390177 1 0.148646
  6 0.027183 -3.313126 34.370960 0.682019 -0.604941 -0.410970 0.731850 0.366886 3 6 0.495514 2 0.407966 1 0.096520
  2 0.033584 -1.820152 33.533878 0.053398 0.492729 0.868543 0.730524 0.290137 2 2 0.524655 6 0.475345
combinesoldiersheet_zombie
  2 0.033584 -1.820152 33.533878 0.053398 0.492729 0.868543 0.730524 0.290137 2 2 0.524655 6 0.475345
  6 0.027183 -3.313126 34.370960 0.682019 -0.604941 -0.410970 0.731850 0.366886 3 6 0.495514 2 0.407966 1 0.096520
  2 0.024000 -0.185952 33.238674 -0.041091 0.265878 0.963130 0.744629 0.287096 2 2 0.529920 6 0.470080
combinesoldiersheet_zombie
  2 0.024000 -0.185952 33.238674 -0.041091 0.265878 0.963130 0.744629 0.287096 2 2 0.529920 6 0.470080
  6 0.027183 -3.313126 34.370960 0.682019 -0.604941 -0.410970 0.731850 0.366886 3 6 0.495514 2 0.407966 1 0.096520
  6 0.019838 -0.767714 31.892561 0.963812 -0.252191 -0.086410 0.736501 0.272433 2 6 0.691314 2 0.308686
combinesoldiersheet_zombie
  6 0.027183 -3.313126 34.370960 0.682019 -0.604941 -0.410970 0.731850 0.366886 3 6 0.495514 2 0.407966 1 0.096520
  6 -1.740974 -4.903451 33.655811 0.512055 -0.848667 -0.132530 0.688903 0.291732 3 6 0.690162 2 0.202949 1 0.106889
  6 0.019838 -0.767714 31.892561 0.963812 -0.252191 -0.086410 0.736501 0.272433 2 6 0.691314 2 0.308686
combinesoldiersheet_zombie
  6 0.242073 -1.478208 26.811956 0.951110 -0.286189 -0.116123 0.726072 0.216933 1 6 1.000000
  6 0.019838 -0.767714 31.892561 0.963812 -0.252191 -0.086410 0.736501 0.272433 2 6 0.691314 2 0.308686
  6 -1.740974 -4.903451 33.655811 0.512055 -0.848667 -0.132530 0.688903 0.291732 3 6 0.690162 2 0.202949 1 0.106889
combinesoldiersheet_zombie
  6 0.242073 -1.478208 26.811956 0.951110 -0.286189 -0.116123 0.726072 0.216933 1 6 1.000000
  6 -1.740974 -4.903451 33.655811 0.512055 -0.848667 -0.132530 0.688903 0.291732 3 6 0.690162 2 0.202949 1 0.106889
  6 -1.367517 -4.291513 26.659903 0.237889 -0.965959 -0.101642 0.687308 0.215493 1 6 1.000000
combinesoldiersheet_zombie
  6 -1.367517 -4.291513 26.659903 0.237889 -0.965959 -0.101642 0.687308 0.215493 1 6 1.000000
  6 -0.981909 -0.341806 21.140871 0.914750 -0.381328 -0.133500 0.733040 0.172377 2 6 0.665847 7 0.334153
  6 0.242073 -1.478208 26.811956 0.951110 -0.286189 -0.116123 0.726072 0.216933 1 6 1.000000
combinesoldiersheet_zombie
  6 -1.367517 -4.291513 26.659903 0.237889 -0.965959 -0.101642 0.687308 0.215493 1 6 1.000000
  6 -2.974138 -3.518447 20.797089 0.366283 -0.917182 -0.156887 0.672406 0.161264 2 6 0.725653 7 0.274347
  6 -0.981909 -0.341806 21.140871 0.914750 -0.381328 -0.133500 0.733040 0.172377 2 6 0.665847 7 0.334153
combinesoldiersheet_zombie
  6 -2.974138 -3.518447 20.797089 0.366283 -0.917182 -0.156887 0.672406 0.161264 2 6 0.725653 7 0.274347
  6 -1.367517 -4.291513 26.659903 0.237889 -0.965959 -0.101642 0.687308 0.215493 1 6 1.000000
  6 -3.919595 -3.652908 23.743574 0.076976 -0.989361 -0.123447 0.660178 0.184432 1 6 1.000000
combinesoldiersheet_zombie
  6 -3.919595 -3.652908 23.743574 0.076976 -0.989361 -0.123447 0.660178 0.184432 1 6 1.000000
  6 -4.094676 -3.690809 23.149811 0.056601 -0.996457 -0.062205 0.657723 0.178036 1 6 1.000000
  6 -2.974138 -3.518447 20.797089 0.366283 -0.917182 -0.156887 0.672406 0.161264 2 6 0.725653 7 0.274347
combinesoldiersheet_zombie
  6 -4.572589 -3.774752 23.855099 -0.133494 -0.978080 -0.159808 0.651478 0.185457 1 6 1.000000
  6 -4.094676 -3.690809 23.149811 0.056601 -0.996457 -0.062205 0.657723 0.178036 1 6 1.000000
  6 -3.919595 -3.652908 23.743574 0.076976 -0.989361 -0.123447 0.660178 0.184432 1 6 1.000000
combinesoldiersheet_zombie
  6 -4.572589 -3.774752 23.855099 -0.133494 -0.978080 -0.159808 0.651478 0.185457 1 6 1.000000
  6 -4.707029 -3.709665 23.359343 -0.059864 -0.987844 -0.143460 0.650069 0.180491 1 6 1.000000
  6 -4.094676 -3.690809 23.149811 0.056601 -0.996457 -0.062205 0.657723 0.178036 1 6 1.000000
combinesoldiersheet_zombie
  6 -4.572589 -3.774752 23.855099 -0.133494 -0.978080 -0.159808 0.651478 0.185457 1 6 1.000000
  6 -4.386765 -4.661876 26.969448 0.370130 -0.915236 -0.159205 0.651386 0.221011 1 6 1.000000
  6 -4.707029 -3.709665 23.359343 -0.059864 -0.987844 -0.143460 0.650069 0.180491 1 6 1.000000
combinesoldiersheet_zombie
  6 -2.974138 -3.518447 20.797089 0.366283 -0.917182 -0.156887 0.672406 0.161264 2 6 0.725653 7 0.274347
  6 -4.094676 -3.690809 23.149811 0.056601 -0.996457 -0.062205 0.657723 0.178036 1 6 1.000000
  6 -4.707029 -3.709665 23.359343 -0.059864 -0.987844 -0.143460 0.650069 0.180491 1 6 1.000000
combinesoldiersheet_zombie
  6 -3.690411 -4.416175 25.846825 0.112445 -0.992714 -0.043299 0.663911 0.207285 1 6 1.000000
  6 -3.919595 -3.652908 23.743574 0.076976 -0.989361 -0.123447 0.660178 0.184432 1 6 1.000000
  6 -1.367517 -4.291513 26.659903 0.237889 -0.965959 -0.101642 0.687308 0.215493 1 6 1.000000
combinesoldiersheet_zombie
  6 -3.475822 -4.658402 29.157515 0.067661 -0.994525 -0.079637 0.667866 0.243280 1 6 1.000000
  6 -4.192515 -4.765989 30.176249 0.093498 -0.994844 -0.039287 0.658502 0.254295 1 6 1.000000
  6 -4.222368 -4.732051 29.215059 0.093498 -0.994844 -0.039287 0.657766 0.244512 1 6 1.000000
combinesoldiersheet_zombie
  6 -3.475822 -4.658402 29.157515 0.067661 -0.994525 -0.079637 0.667866 0.243280 1 6 1.000000
  6 -3.462670 -4.694848 30.080973 0.110583 -0.992961 -0.042429 0.668309 0.253327 1 6 1.000000
  6 -4.192515 -4.765989 30.176249 0.093498 -0.994844 -0.039287 0.658502 0.254295 1 6 1.000000
combinesoldiersheet_zombie
  6 -3.462670 -4.694848 30.080973 0.110583 -0.992961 -0.042429 0.668309 0.253327 1 6 1.000000
  6 -3.475822 -4.658402 29.157515 0.067661 -0.994525 -0.079637 0.667866 0.243280 1 6 1.000000
  6 -1.367517 -4.291513 26.659903 0.237889 -0.965959 -0.101642 0.687308 0.215493 1 6 1.000000
combinesoldiersheet_zombie
  6 -3.475822 -4.658402 29.157515 0.067661 -0.994525 -0.079637 0.667866 0.243280 1 6 1.000000
  6 -3.570200 -4.292480 26.878992 0.047178 -0.998621 0.023019 0.665911 0.218506 1 6 1.000000
  6 -1.367517 -4.291513 26.659903 0.237889 -0.965959 -0.101642 0.687308 0.215493 1 6 1.000000
combinesoldiersheet_zombie
  6 -3.570200 -4.292480 26.878992 0.047178 -0.998621 0.023019 0.665911 0.218506 1 6 1.000000
  6 -3.690411 -4.416175 25.846825 0.112445 -0.992714 -0.043299 0.663911 0.207285 1 6 1.000000
  6 -1.367517 -4.291513 26.659903 0.237889 -0.965959 -0.101642 0.687308 0.215493 1 6 1.000000
combinesoldiersheet_zombie
  6 -4.259189 -4.372444 26.992117 0.143173 -0.983714 0.108665 0.656309 0.219676 1 6 1.000000
  6 -3.690411 -4.416175 25.846825 0.112445 -0.992714 -0.043299 0.663911 0.207285 1 6 1.000000
  6 -3.570200 -4.292480 26.878992 0.047178 -0.998621 0.023019 0.665911 0.218506 1 6 1.000000
combinesoldiersheet_zombie
  6 -4.259189 -4.372444 26.992117 0.143173 -0.983714 0.108665 0.656309 0.219676 1 6 1.000000
  6 -4.399318 -4.517414 25.935146 0.143173 -0.983714 0.108665 0.654309 0.208743 1 6 1.000000
  6 -3.690411 -4.416175 25.846825 0.112445 -0.992714 -0.043299 0.663911 0.207285 1 6 1.000000
combinesoldiersheet_zombie
  6 -0.981909 -0.341806 21.140871 0.914750 -0.381328 -0.133500 0.733040 0.172377 2 6 0.665847 7 0.334153
  6 -2.974138 -3.518447 20.797089 0.366283 -0.917182 -0.156887 0.672406 0.161264 2 6 0.725653 7 0.274347
  7 -1.466910 -1.116336 18.207443 0.877733 -0.476979 -0.045566 0.717125 0.108746 2 7 0.536879 6 0.463121
combinesoldiersheet_zombie
  7 -3.064650 -2.399522 16.627020 0.467122 -0.883624 -0.031704 0.671401 0.098566 2 7 0.668538 6 0.331462
  7 -1.466910 -1.116336 18.207443 0.877733 -0.476979 -0.045566 0.717125 0.108746 2 7 0.536879 6 0.463121
  6 -2.974138 -3.518447 20.797089 0.366283 -0.917182 -0.156887 0.672406 0.161264 2 6 0.725653 7 0.274347
combinesoldiersheet_zombie
  6 -2.974138 -3.518447 20.797089 0.366283 -0.917182 -0.156887 0.672406 0.161264 2 6 0.725653 7 0.274347
  6 -4.983103 -3.184848 20.328470 -0.403231 -0.911883 -0.076648 0.642418 0.153841 2 6 0.631049 7 0.368951
  7 -3.064650 -2.399522 16.627020 0.467122 -0.883624 -0.031704 0.671401 0.098566 2 7 0.668538 6 0.331462
combinesoldiersheet_zombie
  6 -2.974138 -3.518447 20.797089 0.366283 -0.917182 -0.156887 0.672406 0.161264 2 6 0.725653 7 0.274347
  6 -4.707029 -3.709665 23.359343 -0.059864 -0.987844 -0.143460 0.650069 0.180491 1 6 1.000000
  6 -4.983103 -3.184848 20.328470 -0.403231 -0.911883 -0.076648 0.642418 0.153841 2 6 0.631049 7 0.368951
combinesoldiersheet_zombie
  6 -4.983103 -3.184848 20.328470 -0.403231 -0.911883 -0.076648 0.642418 0.153841 2 6 0.631049 7 0.368951
  6 -4.707029 -3.709665 23.359343 -0.059864 -0.987844 -0.143460 0.650069 0.180491 1 6 1.000000
  6 -7.013031 -0.863063 22.058809 -0.877617 -0.479327 -0.005856 0.606919 0.167338 2 6 0.934514 7 0.065486
combinesoldiersheet_zombie
  6 -4.983103 -3.184848 20.328470 -0.403231 -0.911883 -0.076648 0.642418 0.153841 2 6 0.631049 7 0.368951
  6 -7.013031 -0.863063 22.058809 -0.877617 -0.479327 -0.005856 0.606919 0.167338 2 6 0.934514 7 0.065486
  7 -7.156847 -0.859315 17.096661 -0.928444 -0.364531 -0.071474 0.592731 0.105773 2 7 0.788766 6 0.211234
combinesoldiersheet_zombie
  7 -7.156847 -0.859315 17.096661 -0.928444 -0.364531 -0.071474 0.592731 0.105773 2 7 0.788766 6 0.211234
  6 -7.013031 -0.863063 22.058809 -0.877617 -0.479327 -0.005856 0.606919 0.167338 2 6 0.934514 7 0.065486
  6 -7.414217 3.457636 22.955986 -0.608546 0.786297 -0.106810 0.551531 0.179723 1 6 1.000000
combinesoldiersheet_zombie
  7 -7.156847 -0.859315 17.096661 -0.928444 -0.364531 -0.071474 0.592731 0.105773 2 7 0.788766 6 0.211234
  6 -7.414217 3.457636 22.955986 -0.608546 0.786297 -0.106810 0.551531 0.179723 1 6 1.000000
  7 -7.272107 2.935831 16.859055 -0.824350 0.564000 -0.048488 0.551082 0.105512 1 7 1.000000
combinesoldiersheet_zombie
  6 -7.414217 3.457636 22.955986 -0.608546 0.786297 -0.106810 0.551531 0.179723 1 6 1.000000
  7 -4.159874 3.875283 20.437201 0.042839 0.993326 -0.107089 0.492987 0.158981 2 7 0.809548 6 0.190452
  7 -7.272107 2.935831 16.859055 -0.824350 0.564000 -0.048488 0.551082 0.105512 1 7 1.000000
combinesoldiersheet_zombie
  7 -3.894763 4.155864 17.719807 0.160580 0.959136 0.232964 0.482810 0.114641 1 7 1.000000
  7 -7.272107 2.935831 16.859055 -0.824350 0.564000 -0.048488 0.551082 0.105512 1 7 1.000000
  7 -4.159874 3.875283 20.437201 0.042839 0.993326 -0.107089 0.492987 0.158981 2 7 0.809548 6 0.190452
combinesoldiersheet_zombie
  6 -0.372219 1.269585 20.455742 0.986350 0.129200 -0.102082 0.386809 0.156557 2 6 0.599370 7 0.400630
  7 -3.894763 4.155864 17.719807 0.160580 0.959136 0.232964 0.482810 0.114641 1 7 1.000000
  7 -4.159874 3.875283 20.437201 0.042839 0.993326 -0.107089 0.492987 0.158981 2 7 0.809548 6 0.190452
combinesoldiersheet_zombie
  6 -0.372219 1.269585 20.455742 0.986350 0.129200 -0.102082 0.386809 0.156557 2 6 0.599370 7 0.400630
  7 -0.729656 1.854012 17.189928 0.939118 0.337223 0.065864 0.401571 0.106594 2 7 0.747281 6 0.252719
  7 -3.894763 4.155864 17.719807 0.160580 0.959136 0.232964 0.482810 0.114641 1 7 1.000000
combinesoldiersheet_zombie
  7 -3.894763 4.155864 17.719807 0.160580 0.959136 0.232964 0.482810 0.114641 1 7 1.000000
  7 -0.729656 1.854012 17.189928 0.939118 0.337223 0.065864 0.401571 0.106594 2 7 0.747281 6 0.252719
  7 -1.749088 5.182804 10.295269 0.749975 0.661205 0.018574 0.470429 0.040952 1 7 1.000000
combinesoldiersheet_zombie
  7 -0.729656 1.854012 17.189928 0.939118 0.337223 0.065864 0.401571 0.106594 2 7 0.747281 6 0.252719
  7 -0.826151 1.847385 12.408566 0.990548 0.136755 0.010577 0.422452 0.057614 1 7 1.000000
  7 -1.749088 5.182804 10.295269 0.749975 0.661205 0.018574 0.470429 0.040952 1 7 1.000000
combinesoldiersheet_zombie
  7 -0.131956 -1.380202 9.370081 0.916291 -0.278828 -0.287515 0.726515 0.026910 1 7 1.000000
  7 -0.540555 -0.917254 12.380475 0.920875 -0.366504 0.132903 0.729582 0.052682 1 7 1.000000
  7 -2.212786 -2.782615 12.811530 0.488335 -0.859049 0.153502 0.663900 0.059545 1 7 1.000000
combinesoldiersheet_zombie
  7 -3.064650 -2.399522 16.627020 0.467122 -0.883624 -0.031704 0.671401 0.098566 2 7 0.668538 6 0.331462
  7 -2.212786 -2.782615 12.811530 0.488335 -0.859049 0.153502 0.663900 0.059545 1 7 1.000000
  7 -0.540555 -0.917254 12.380475 0.920875 -0.366504 0.132903 0.729582 0.052682 1 7 1.000000
combinesoldiersheet_zombie
  7 -0.540555 -0.917254 12.380475 0.920875 -0.366504 0.132903 0.729582 0.052682 1 7 1.000000
  7 -1.466910 -1.116336 18.207443 0.877733 -0.476979 -0.045566 0.717125 0.108746 2 7 0.536879 6 0.463121
  7 -3.064650 -2.399522 16.627020 0.467122 -0.883624 -0.031704 0.671401 0.098566 2 7 0.668538 6 0.331462
combinesoldiersheet_zombie
  7 -7.563277 4.273708 7.622699 -0.775751 0.396038 -0.491289 0.536603 0.013118 1 7 1.000000
  7 -7.704017 4.030245 10.075954 -0.918310 0.388855 -0.074147 0.540938 0.039545 1 7 1.000000
  7 -6.267040 5.464278 9.962206 -0.511949 0.850209 -0.122689 0.518524 0.038794 1 7 1.000000
combinesoldiersheet_zombie
  7 -7.563277 4.273708 7.622699 -0.775751 0.396038 -0.491289 0.536603 0.013118 1 7 1.000000
  7 -6.267040 5.464278 9.962206 -0.511949 0.850209 -0.122689 0.518524 0.038794 1 7 1.000000
  7 -5.461219 5.249660 8.386480 -0.154376 0.823846 -0.545385 0.507938 0.021748 1 7 1.000000
combinesoldiersheet_zombie
  7 -5.461219 5.249660 8.386480 -0.154376 0.823846 -0.545385 0.507938 0.021748 1 7 1.000000
  7 -6.267040 5.464278 9.962206 -0.511949 0.850209 -0.122689 0.518524 0.038794 1 7 1.000000
  7 -5.604714 6.083658 11.629263 -0.445460 0.893388 0.058509 0.508396 0.052558 1 7 1.000000
combinesoldiersheet_zombie
  7 -2.114913 4.913024 7.762534 0.399461 0.648919 -0.647561 0.461319 0.013485 1 7 1.000000
  7 -5.461219 5.249660 8.386480 -0.154376 0.823846 -0.545385 0.507938 0.021748 1 7 1.000000
  7 -5.604714 6.083658 11.629263 -0.445460 0.893388 0.058509 0.508396 0.052558 1 7 1.000000
combinesoldiersheet_zombie
  7 -2.114913 4.913024 7.762534 0.399461 0.648919 -0.647561 0.461319 0.013485 1 7 1.000000
  7 -5.604714 6.083658 11.629263 -0.445460 0.893388 0.058509 0.508396 0.052558 1 7 1.000000
  7 -1.749088 5.182804 10.295269 0.749975 0.661205 0.018574 0.470429 0.040952 1 7 1.000000
combinesoldiersheet_zombie
  7 -2.114913 4.913024 7.762534 0.399461 0.648919 -0.647561 0.461319 0.013485 1 7 1.000000
  7 -1.749088 5.182804 10.295269 0.749975 0.661205 0.018574 0.470429 0.040952 1 7 1.000000
  7 -0.718962 1.146690 9.971001 0.975417 0.216177 -0.042767 0.406294 0.035189 1 7 1.000000
combinesoldiersheet_zombie
  7 -1.749088 5.182804 10.295269 0.749975 0.661205 0.018574 0.470429 0.040952 1 7 1.000000
  7 -0.826151 1.847385 12.408566 0.990548 0.136755 0.010577 0.422452 0.057614 1 7 1.000000
  7 -0.718962 1.146690 9.971001 0.975417 0.216177 -0.042767 0.406294 0.035189 1 7 1.000000
combinesoldiersheet_zombie
  7 -0.826151 1.847385 12.408566 0.990548 0.136755 0.010577 0.422452 0.057614 1 7 1.000000
  7 -0.540555 -0.917254 12.380475 0.920875 -0.366504 0.132903 0.362003 0.052682 1 7 1.000000
  7 -0.718962 1.146690 9.971001 0.975417 0.216177 -0.042767 0.406294 0.035189 1 7 1.000000
combinesoldiersheet_zombie
  7 -0.540555 -0.917254 12.380475 0.920875 -0.366504 0.132903 0.362003 0.052682 1 7 1.000000
  7 -0.826151 1.847385 12.408566 0.990548 0.136755 0.010577 0.422452 0.057614 1 7 1.000000
  7 -0.729656 1.854012 17.189928 0.939118 0.337223 0.065864 0.401571 0.106594 2 7 0.747281 6 0.252719
combinesoldiersheet_zombie
  7 -0.540555 -0.917254 12.380475 0.920875 -0.366504 0.132903 0.362003 0.052682 1 7 1.000000
  7 -0.729656 1.854012 17.189928 0.939118 0.337223 0.065864 0.401571 0.106594 2 7 0.747281 6 0.252719
  7 -1.466910 -1.116336 18.207443 0.877733 -0.476979 -0.045566 0.349545 0.108746 2 7 0.536879 6 0.463121
combinesoldiersheet_zombie
  7 -0.729656 1.854012 17.189928 0.939118 0.337223 0.065864 0.401571 0.106594 2 7 0.747281 6 0.252719
  6 -0.372219 1.269585 20.455742 0.986350 0.129200 -0.102082 0.386809 0.156557 2 6 0.599370 7 0.400630
  7 -1.466910 -1.116336 18.207443 0.877733 -0.476979 -0.045566 0.349545 0.108746 2 7 0.536879 6 0.463121
combinesoldiersheet_zombie
  6 -0.981909 -0.341806 21.140871 0.914750 -0.381328 -0.133500 0.365460 0.172377 2 6 0.665847 7 0.334153
  7 -1.466910 -1.116336 18.207443 0.877733 -0.476979 -0.045566 0.349545 0.108746 2 7 0.536879 6 0.463121
  6 -0.372219 1.269585 20.455742 0.986350 0.129200 -0.102082 0.386809 0.156557 2 6 0.599370 7 0.400630
combinesoldiersheet_zombie
  6 -0.372219 1.269585 20.455742 0.986350 0.129200 -0.102082 0.386809 0.156557 2 6 0.599370 7 0.400630
  6 0.370425 1.808271 25.844191 0.967955 0.181834 -0.173201 0.397114 0.206728 1 6 1.000000
  6 -0.981909 -0.341806 21.140871 0.914750 -0.381328 -0.133500 0.365460 0.172377 2 6 0.665847 7 0.334153
combinesoldiersheet_zombie
  6 -0.981909 -0.341806 21.140871 0.914750 -0.381328 -0.133500 0.365460 0.172377 2 6 0.665847 7 0.334153
  6 0.370425 1.808271 25.844191 0.967955 0.181834 -0.173201 0.397114 0.206728 1 6 1.000000
  6 0.242073 -1.478208 26.811956 0.951110 -0.286189 -0.116123 0.358492 0.216933 1 6 1.000000
combinesoldiersheet_zombie
  6 0.370425 1.808271 25.844191 0.967955 0.181834 -0.173201 0.397114 0.206728 1 6 1.000000
  6 0.019838 -0.767714 31.892561 0.963812 -0.252191 -0.086410 0.368922 0.272433 2 6 0.691314 2 0.308686
  6 0.242073 -1.478208 26.811956 0.951110 -0.286189 -0.116123 0.358492 0.216933 1 6 1.000000
combinesoldiersheet_zombie
  6 0.370425 1.808271 25.844191 0.967955 0.181834 -0.173201 0.397114 0.206728 1 6 1.000000
  6 0.634464 2.830984 30.796091 0.974356 0.188057 0.123552 0.408724 0.260758 2 6 0.628095 2 0.371905
  6 0.019838 -0.767714 31.892561 0.963812 -0.252191 -0.086410 0.368922 0.272433 2 6 0.691314 2 0.308686
combinesoldiersheet_zombie
  2 0.024000 -0.185952 33.238674 -0.041091 0.265878 0.963130 0.377050 0.287096 2 2 0.529920 6 0.470080
  6 0.019838 -0.767714 31.892561 0.963812 -0.252191 -0.086410 0.368922 0.272433 2 6 0.691314 2 0.308686
  6 0.634464 2.830984 30.796091 0.974356 0.188057 0.123552 0.408724 0.260758 2 6 0.628095 2 0.371905
combinesoldiersheet_zombie
  2 0.024000 -0.185952 33.238674 -0.041091 0.265878 0.963130 0.377050 0.287096 2 2 0.529920 6 0.470080
  6 0.634464 2.830984 30.796091 0.974356 0.188057 0.123552 0.408724 0.260758 2 6 0.628095 2 0.371905
  2 0.023072 1.717179 32.212837 -0.037932 0.325269 0.944860 0.395218 0.275896 2 2 0.532835 6 0.467165
combinesoldiersheet_zombie
  7 -7.826568 3.873618 11.691411 -0.900722 0.403481 0.160944 0.543441 0.052500 1 7 1.000000
  7 -6.267040 5.464278 9.962206 -0.511949 0.850209 -0.122689 0.518524 0.038794 1 7 1.000000
  7 -7.704017 4.030245 10.075954 -0.918310 0.388855 -0.074147 0.540938 0.039545 1 7 1.000000
combinesoldiersheet_zombie
  7 -7.826568 3.873618 11.691411 -0.900722 0.403481 0.160944 0.543441 0.052500 1 7 1.000000
  7 -5.604714 6.083658 11.629263 -0.445460 0.893388 0.058509 0.508396 0.052558 1 7 1.000000
  7 -6.267040 5.464278 9.962206 -0.511949 0.850209 -0.122689 0.518524 0.038794 1 7 1.000000
combinesoldiersheet_zombie
  7 -7.826568 3.873618 11.691411 -0.900722 0.403481 0.160944 0.543441 0.052500 1 7 1.000000
  7 -6.868450 2.026976 15.510291 -0.985081 0.167807 0.038149 0.558537 0.090185 1 7 1.000000
  7 -5.604714 6.083658 11.629263 -0.445460 0.893388 0.058509 0.508396 0.052558 1 7 1.000000
combinesoldiersheet_zombie
  7 -0.718962 1.146690 9.971001 0.975417 0.216177 -0.042767 0.406294 0.035189 1 7 1.000000
  7 -0.540555 -0.917254 12.380475 0.920875 -0.366504 0.132903 0.362003 0.052682 1 7 1.000000
  7 -0.131956 -1.380202 9.370081 0.916291 -0.278828 -0.287515 0.358935 0.026910 1 7 1.000000
combinesoldiersheet_zombie
  7 -0.131956 -1.380202 9.370081 0.916291 -0.278828 -0.287515 0.358935 0.026910 1 7 1.000000
  7 -1.351262 1.938042 7.205625 0.802608 0.077679 -0.591428 0.428562 0.005775 1 7 1.000000
  7 -0.718962 1.146690 9.971001 0.975417 0.216177 -0.042767 0.406294 0.035189 1 7 1.000000
combinesoldiersheet_zombie
  7 -2.114913 4.913024 7.762534 0.399461 0.648919 -0.647561 0.461319 0.013485 1 7 1.000000
  7 -0.718962 1.146690 9.971001 0.975417 0.216177 -0.042767 0.406294 0.035189 1 7 1.000000
  7 -1.351262 1.938042 7.205625 0.802608 0.077679 -0.591428 0.428562 0.005775 1 7 1.000000
combinesoldiersheet_zombie
  7 -1.351262 1.938042 7.205625 0.802608 0.077679 -0.591428 0.428562 0.005775 1 7 1.000000
  7 -2.665931 4.471477 7.519712 0.068235 0.540570 -0.838527 0.464796 0.007598 2 7 0.944624 8 0.055376
  7 -2.114913 4.913024 7.762534 0.399461 0.648919 -0.647561 0.461319 0.013485 1 7 1.000000
combinesoldiersheet_zombie
  7 -5.461219 5.249660 8.386480 -0.154376 0.823846 -0.545385 0.507938 0.021748 1 7 1.000000
  7 -2.114913 4.913024 7.762534 0.399461 0.648919 -0.647561 0.461319 0.013485 1 7 1.000000
  7 -2.665931 4.471477 7.519712 0.068235 0.540570 -0.838527 0.464796 0.007598 2 7 0.944624 8 0.055376
combinesoldiersheet_zombie
  7 -4.900031 4.430825 7.522630 -0.037544 0.593459 -0.803988 0.508666 0.011314 2 7 0.945214 8 0.054786
  7 -5.461219 5.249660 8.386480 -0.154376 0.823846 -0.545385 0.507938 0.021748 1 7 1.000000
  7 -2.665931 4.471477 7.519712 0.068235 0.540570 -0.838527 0.464796 0.007598 2 7 0.944624 8 0.055376
combinesoldiersheet_zombie
  7 -7.563277 4.273708 7.622699 -0.775751 0.396038 -0.491289 0.536603 0.013118 1 7 1.000000
  7 -5.461219 5.249660 8.386480 -0.154376 0.823846 -0.545385 0.507938 0.021748 1 7 1.000000
  7 -4.900031 4.430825 7.522630 -0.037544 0.593459 -0.803988 0.508666 0.011314 2 7 0.945214 8 0.054786
combinesoldiersheet_zombie
  7 -7.563277 4.273708 7.622699 -0.775751 0.396038 -0.491289 0.536603 0.013118 1 7 1.000000
  7 -4.900031 4.430825 7.522630 -0.037544 0.593459 -0.803988 0.508666 0.011314 2 7 0.945214 8 0.054786
  7 -6.581429 2.059485 6.857656 -0.305641 0.212663 -0.928094 0.544818 0.003516 2 7 0.927291 8 0.072709
combinesoldiersheet_zombie
  7 -7.563277 4.273708 7.622699 -0.775751 0.396038 -0.491289 0.536603 0.013118 1 7 1.000000
  7 -6.581429 2.059485 6.857656 -0.305641 0.212663 -0.928094 0.544818 0.003516 2 7 0.927291 8 0.072709
  7 -7.971843 0.008342 7.301754 -0.794036 -0.189138 -0.577697 0.573191 0.007508 1 7 1.000000
combinesoldiersheet_zombie
  7 -6.630064 0.110663 6.748724 -0.290595 -0.288341 -0.912367 0.571952 0.001173 2 7 0.857539 8 0.142461
  7 -7.971843 0.008342 7.301754 -0.794036 -0.189138 -0.577697 0.573191 0.007508 1 7 1.000000
  7 -6.581429 2.059485 6.857656 -0.305641 0.212663 -0.928094 0.544818 0.003516 2 7 0.927291 8 0.072709
combinesoldiersheet_zombie
  7 -7.818210 1.295701 8.520130 -0.996814 0.079365 -0.007895 0.559839 0.021521 1 7 1.000000
  7 -7.563277 4.273708 7.622699 -0.775751 0.396038 -0.491289 0.536603 0.013118 1 7 1.000000
  7 -7.971843 0.008342 7.301754 -0.794036 -0.189138 -0.577697 0.573191 0.007508 1 7 1.000000
combinesoldiersheet_zombie
  7 -1.351262 1.938042 7.205625 0.802608 0.077679 -0.591428 0.428562 0.005775 1 7 1.000000
  7 -1.890241 1.960095 6.957272 0.442428 0.120539 -0.888666 0.441220 0.003214 2 7 0.930191 8 0.069809
  7 -2.665931 4.471477 7.519712 0.068235 0.540570 -0.838527 0.464796 0.007598 2 7 0.944624 8 0.055376
combinesoldiersheet_zombie
  7 -1.890241 1.960095 6.957272 0.442428 0.120539 -0.888666 0.441220 0.003214 2 7 0.930191 8 0.069809
  7 -1.351262 1.938042 7.205625 0.802608 0.077679 -0.591428 0.428562 0.005775 1 7 1.000000
  7 -1.367465 -0.441543 7.415491 0.684020 -0.337112 -0.646894 0.371584 0.006579 1 7 1.000000
combinesoldiersheet_zombie
  7 -1.001628 -0.748639 8.511177 0.707462 -0.352931 -0.612322 0.357489 0.018205 1 7 1.000000
  7 -1.367465 -0.441543 7.415491 0.684020 -0.337112 -0.646894 0.371584 0.006579 1 7 1.000000
  7 -1.351262 1.938042 7.205625 0.802608 0.077679 -0.591428 0.428562 0.005775 1 7 1.000000
combinesoldiersheet_zombie
  7 -1.001628 -0.748639 8.511177 0.707462 -0.352931 -0.612322 0.357489 0.018205 1 7 1.000000
  7 -1.351262 1.938042 7.205625 0.802608 0.077679 -0.591428 0.428562 0.005775 1 7 1.000000
  7 -0.131956 -1.380202 9.370081 0.916291 -0.278828 -0.287515 0.358935 0.026910 1 7 1.000000
combinesoldiersheet_zombie
  7 -1.890241 1.960095 6.957272 0.442428 0.120539 -0.888666 0.441220 0.003214 2 7 0.930191 8 0.069809
  7 -1.367465 -0.441543 7.415491 0.684020 -0.337112 -0.646894 0.371584 0.006579 1 7 1.000000
  7 -2.031095 0.032246 6.828796 0.435877 -0.315767 -0.842794 0.382220 0.000685 2 7 0.895854 8 0.104147
combinesoldiersheet_zombie
  7 -5.228245 -3.485952 14.911331 -0.148026 -0.986047 0.076149 0.636857 0.079849 1 7 1.000000
  7 -3.064650 -2.399522 16.627020 0.467122 -0.883624 -0.031704 0.671401 0.098566 2 7 0.668538 6 0.331462
  6 -4.983103 -3.184848 20.328470 -0.403231 -0.911883 -0.076648 0.642418 0.153841 2 6 0.631049 7 0.368951
combinesoldiersheet_zombie
  7 -3.064650 -2.399522 16.627020 0.467122 -0.883624 -0.031704 0.671401 0.098566 2 7 0.668538 6 0.331462
  7 -5.228245 -3.485952 14.911331 -0.148026 -0.986047 0.076149 0.636857 0.079849 1 7 1.000000
  7 -2.212786 -2.782615 12.811530 0.488335 -0.859049 0.153502 0.663900 0.059545 1 7 1.000000
combinesoldiersheet_zombie
  7 -1.879100 -3.354918 11.007841 0.417223 -0.905578 0.076501 0.670734 0.039459 1 7 1.000000
  7 -2.212786 -2.782615 12.811530 0.488335 -0.859049 0.153502 0.663900 0.059545 1 7 1.000000
  7 -5.228245 -3.485952 14.911331 -0.148026 -0.986047 0.076149 0.636857 0.079849 1 7 1.000000
combinesoldiersheet_zombie
  7 -0.131956 -1.380202 9.370081 0.916291 -0.278828 -0.287515 0.726515 0.026910 1 7 1.000000
  7 -2.212786 -2.782615 12.811530 0.488335 -0.859049 0.153502 0.663900 0.059545 1 7 1.000000
  7 -1.879100 -3.354918 11.007841 0.417223 -0.905578 0.076501 0.670734 0.039459 1 7 1.000000
combinesoldiersheet_zombie
  7 -0.131956 -1.380202 9.370081 0.916291 -0.278828 -0.287515 0.726515 0.026910 1 7 1.000000
  7 -1.879100 -3.354918 11.007841 0.417223 -0.905578 0.076501 0.670734 0.039459 1 7 1.000000
  7 -1.987345 -3.273195 8.701715 0.152040 -0.870883 -0.467382 0.667085 0.018978 1 7 1.000000
combinesoldiersheet_zombie
  7 -1.987345 -3.273195 8.701715 0.152040 -0.870883 -0.467382 0.667085 0.018978 1 7 1.000000
  7 -1.001628 -0.748639 8.511177 0.707462 -0.352931 -0.612322 0.725069 0.018205 1 7 1.000000
  7 -0.131956 -1.380202 9.370081 0.916291 -0.278828 -0.287515 0.726515 0.026910 1 7 1.000000
combinesoldiersheet_zombie
  7 -1.987345 -3.273195 8.701715 0.152040 -0.870883 -0.467382 0.667085 0.018978 1 7 1.000000
  7 -3.214209 -2.020360 7.423894 0.325913 -0.531908 -0.781572 0.663495 0.006201 2 7 0.865225 8 0.134775
  7 -1.001628 -0.748639 8.511177 0.707462 -0.352931 -0.612322 0.725069 0.018205 1 7 1.000000
combinesoldiersheet_zombie
  7 -1.367465 -0.441543 7.415491 0.684020 -0.337112 -0.646894 0.739321 0.006579 1 7 1.000000
  7 -1.001628 -0.748639 8.511177 0.707462 -0.352931 -0.612322 0.725069 0.018205 1 7 1.000000
  7 -3.214209 -2.020360 7.423894 0.325913 -0.531908 -0.781572 0.663495 0.006201 2 7 0.865225 8 0.134775
combinesoldiersheet_zombie
  7 -1.367465 -0.441543 7.415491 0.684020 -0.337112 -0.646894 0.739321 0.006579 1 7 1.000000
  7 -3.214209 -2.020360 7.423894 0.325913 -0.531908 -0.781572 0.663495 0.006201 2 7 0.865225 8 0.134775
  7 -2.031095 0.032246 6.828796 0.435877 -0.315767 -0.842794 0.750115 0.000685 2 7 0.895854 8 0.104147
combinesoldiersheet_zombie
  7 -3.002851 -0.796649 6.873602 0.157371 -0.440521 -0.883841 0.667618 0.000924 2 7 0.815341 8 0.184659
  7 -2.031095 0.032246 6.828796 0.435877 -0.315767 -0.842794 0.750115 0.000685 2 7 0.895854 8 0.104147
  7 -3.214209 -2.020360 7.423894 0.325913 -0.531908 -0.781572 0.663495 0.006201 2 7 0.865225 8 0.134775
combinesoldiersheet_zombie
  7 -3.002851 -0.796649 6.873602 0.157371 -0.440521 -0.883841 0.667618 0.000924 2 7 0.815341 8 0.184659
  7 -3.214209 -2.020360 7.423894 0.325913 -0.531908 -0.781572 0.663495 0.006201 2 7 0.865225 8 0.134775
  7 -5.319403 -2.194711 7.601258 -0.295414 -0.726857 -0.620007 0.617351 0.008622 2 7 0.882377 8 0.117623
combinesoldiersheet_zombie
  7 -3.002851 -0.796649 6.873602 0.157371 -0.440521 -0.883841 0.667618 0.000924 2 7 0.815341 8 0.184659
  7 -5.319403 -2.194711 7.601258 -0.295414 -0.726857 -0.620007 0.617351 0.008622 2 7 0.882377 8 0.117623
  7 -4.909529 -0.817611 6.887619 -0.087857 -0.426453 -0.900233 0.599813 0.001607 2 7 0.802623 8 0.197377
combinesoldiersheet_zombie
  7 -4.909529 -0.817611 6.887619 -0.087857 -0.426453 -0.900233 0.599813 0.001607 2 7 0.802623 8 0.197377
  7 -5.319403 -2.194711 7.601258 -0.295414 -0.726857 -0.620007 0.617351 0.008622 2 7 0.882377 8 0.117623
  7 -6.630064 0.110663 6.748724 -0.290595 -0.288341 -0.912367 0.571952 0.001173 2 7 0.857539 8 0.142461
combinesoldiersheet_zombie
  7 -7.971843 0.008342 7.301754 -0.794036 -0.189138 -0.577697 0.573191 0.007508 1 7 1.000000
  7 -6.630064 0.110663 6.748724 -0.290595 -0.288341 -0.912367 0.571952 0.001173 2 7 0.857539 8 0.142461
  7 -5.319403 -2.194711 7.601258 -0.295414 -0.726857 -0.620007 0.617351 0.008622 2 7 0.882377 8 0.117623
combinesoldiersheet_zombie
  7 -7.971843 0.008342 7.301754 -0.794036 -0.189138 -0.577697 0.573191 0.007508 1 7 1.000000
  7 -5.319403 -2.194711 7.601258 -0.295414 -0.726857 -0.620007 0.617351 0.008622 2 7 0.882377 8 0.117623
  7 -7.949399 -0.369591 9.170782 -0.896810 -0.438943 0.055323 0.578208 0.027599 1 7 1.000000
combinesoldiersheet_zombie
  7 -7.949399 -0.369591 9.170782 -0.896810 -0.438943 0.055323 0.578208 0.027599 1 7 1.000000
  7 -7.818210 1.295701 8.520130 -0.996814 0.079365 -0.007895 0.559839 0.021521 1 7 1.000000
  7 -7.971843 0.008342 7.301754 -0.794036 -0.189138 -0.577697 0.573191 0.007508 1 7 1.000000
combinesoldiersheet_zombie
  7 -7.949399 -0.369591 9.170782 -0.896810 -0.438943 0.055323 0.578208 0.027599 1 7 1.000000
  7 -7.704017 4.030245 10.075954 -0.918310 0.388855 -0.074147 0.540938 0.039545 1 7 1.000000
  7 -7.818210 1.295701 8.520130 -0.996814 0.079365 -0.007895 0.559839 0.021521 1 7 1.000000
combinesoldiersheet_zombie
  7 -7.818210 1.295701 8.520130 -0.996814 0.079365 -0.007895 0.559839 0.021521 1 7 1.000000
  7 -7.704017 4.030245 10.075954 -0.918310 0.388855 -0.074147 0.540938 0.039545 1 7 1.000000
  7 -7.563277 4.273708 7.622699 -0.775751 0.396038 -0.491289 0.536603 0.013118 1 7 1.000000
combinesoldiersheet_zombie
  7 -3.214209 -2.020360 7.423894 0.325913 -0.531908 -0.781572 0.663495 0.006201 2 7 0.865225 8 0.134775
  7 -1.987345 -3.273195 8.701715 0.152040 -0.870883 -0.467382 0.667085 0.018978 1 7 1.000000
  7 -5.319403 -2.194711 7.601258 -0.295414 -0.726857 -0.620007 0.617351 0.008622 2 7 0.882377 8 0.117623
combinesoldiersheet_zombie
  7 -1.987345 -3.273195 8.701715 0.152040 -0.870883 -0.467382 0.667085 0.018978 1 7 1.000000
  7 -7.949399 -0.369591 9.170782 -0.896810 -0.438943 0.055323 0.578208 0.027599 1 7 1.000000
  7 -5.319403 -2.194711 7.601258 -0.295414 -0.726857 -0.620007 0.617351 0.008622 2 7 0.882377 8 0.117623
combinesoldiersheet_zombie
  7 -5.604714 6.083658 11.629263 -0.445460 0.893388 0.058509 0.508396 0.052558 1 7 1.000000
  7 -3.894763 4.155864 17.719807 0.160580 0.959136 0.232964 0.482810 0.114641 1 7 1.000000
  7 -1.749088 5.182804 10.295269 0.749975 0.661205 0.018574 0.470429 0.040952 1 7 1.000000
combinesoldiersheet_zombie
  7 -3.894763 4.155864 17.719807 0.160580 0.959136 0.232964 0.482810 0.114641 1 7 1.000000
  7 -5.604714 6.083658 11.629263 -0.445460 0.893388 0.058509 0.508396 0.052558 1 7 1.000000
  7 -7.272107 2.935831 16.859055 -0.824350 0.564000 -0.048488 0.551082 0.105512 1 7 1.000000
combinesoldiersheet_zombie
  7 -5.604714 6.083658 11.629263 -0.445460 0.893388 0.058509 0.508396 0.052558 1 7 1.000000
  7 -6.868450 2.026976 15.510291 -0.985081 0.167807 0.038149 0.558537 0.090185 1 7 1.000000
  7 -7.272107 2.935831 16.859055 -0.824350 0.564000 -0.048488 0.551082 0.105512 1 7 1.000000
combinesoldiersheet_zombie
  7 -6.868450 2.026976 15.510291 -0.985081 0.167807 0.038149 0.558537 0.090185 1 7 1.000000
  7 -7.156847 -0.859315 17.096661 -0.928444 -0.364531 -0.071474 0.592731 0.105773 2 7 0.788766 6 0.211234
  7 -7.272107 2.935831 16.859055 -0.824350 0.564000 -0.048488 0.551082 0.105512 1 7 1.000000
combinesoldiersheet_zombie
  7 -6.868450 2.026976 15.510291 -0.985081 0.167807 0.038149 0.558537 0.090185 1 7 1.000000
  7 -6.757637 -0.659436 15.896924 -0.940384 -0.339735 0.016071 0.591807 0.092728 2 7 0.932712 6 0.067288
  7 -7.156847 -0.859315 17.096661 -0.928444 -0.364531 -0.071474 0.592731 0.105773 2 7 0.788766 6 0.211234
combinesoldiersheet_zombie
  7 -7.826568 3.873618 11.691411 -0.900722 0.403481 0.160944 0.543441 0.052500 1 7 1.000000
  7 -6.757637 -0.659436 15.896924 -0.940384 -0.339735 0.016071 0.591807 0.092728 2 7 0.932712 6 0.067288
  7 -6.868450 2.026976 15.510291 -0.985081 0.167807 0.038149 0.558537 0.090185 1 7 1.000000
combinesoldiersheet_zombie
  7 -7.826568 3.873618 11.691411 -0.900722 0.403481 0.160944 0.543441 0.052500 1 7 1.000000
  7 -8.263087 -0.493723 10.254092 -0.944534 -0.320335 0.072394 0.579562 0.039398 1 7 1.000000
  7 -6.757637 -0.659436 15.896924 -0.940384 -0.339735 0.016071 0.591807 0.092728 2 7 0.932712 6 0.067288
combinesoldiersheet_zombie
  7 -7.704017 4.030245 10.075954 -0.918310 0.388855 -0.074147 0.540938 0.039545 1 7 1.000000
  7 -8.263087 -0.493723 10.254092 -0.944534 -0.320335 0.072394 0.579562 0.039398 1 7 1.000000
  7 -7.826568 3.873618 11.691411 -0.900722 0.403481 0.160944 0.543441 0.052500 1 7 1.000000
combinesoldiersheet_zombie
  7 -7.704017 4.030245 10.075954 -0.918310 0.388855 -0.074147 0.540938 0.039545 1 7 1.000000
  7 -7.949399 -0.369591 9.170782 -0.825306 -0.350503 -0.442738 0.578208 0.027599 1 7 1.000000
  7 -8.263087 -0.493723 10.254092 -0.944534 -0.320335 0.072394 0.579562 0.039398 1 7 1.000000
combinesoldiersheet_zombie
  7 -8.263087 -0.493723 10.254092 -0.944534 -0.320335 0.072394 0.579562 0.039398 1 7 1.000000
  7 -7.949399 -0.369591 9.170782 -0.825306 -0.350503 -0.442738 0.578208 0.027599 1 7 1.000000
  7 -5.656910 -3.433180 9.532642 -0.421820 -0.841494 -0.337574 0.626049 0.028974 1 7 1.000000
combinesoldiersheet_zombie
  7 -5.656910 -3.433180 9.532642 -0.421820 -0.841494 -0.337574 0.626049 0.028974 1 7 1.000000
  7 -7.949399 -0.369591 9.170782 -0.825306 -0.350503 -0.442738 0.578208 0.027599 1 7 1.000000
  7 -1.987345 -3.273195 8.701715 0.152040 -0.870883 -0.467382 0.667085 0.018978 1 7 1.000000
combinesoldiersheet_zombie
  7 -1.987345 -3.273195 8.701715 0.152040 -0.870883 -0.467382 0.667085 0.018978 1 7 1.000000
  7 -5.515572 -2.804627 12.090449 -0.419446 -0.905207 0.068303 0.623906 0.052623 1 7 1.000000
  7 -5.656910 -3.433180 9.532642 -0.421820 -0.841494 -0.337574 0.626049 0.028974 1 7 1.000000
combinesoldiersheet_zombie
  7 -1.987345 -3.273195 8.701715 0.152040 -0.870883 -0.467382 0.667085 0.018978 1 7 1.000000
  7 -1.879100 -3.354918 11.007841 0.417223 -0.905578 0.076501 0.670734 0.039459 1 7 1.000000
  7 -5.515572 -2.804627 12.090449 -0.419446 -0.905207 0.068303 0.623906 0.052623 1 7 1.000000
combinesoldiersheet_zombie
  7 -1.879100 -3.354918 11.007841 0.417223 -0.905578 0.076501 0.670734 0.039459 1 7 1.000000
  7 -5.228245 -3.485952 14.911331 -0.148026 -0.986047 0.076149 0.636857 0.079849 1 7 1.000000
  7 -5.515572 -2.804627 12.090449 -0.419446 -0.905207 0.068303 0.623906 0.052623 1 7 1.000000
combinesoldiersheet_zombie
  7 -8.263087 -0.493723 10.254092 -0.944534 -0.320335 0.072394 0.579562 0.039398 1 7 1.000000
  7 -5.515572 -2.804627 12.090449 -0.419446 -0.905207 0.068303 0.623906 0.052623 1 7 1.000000
  7 -5.228245 -3.485952 14.911331 -0.148026 -0.986047 0.076149 0.636857 0.079849 1 7 1.000000
combinesoldiersheet_zombie
  7 -8.263087 -0.493723 10.254092 -0.944534 -0.320335 0.072394 0.579562 0.039398 1 7 1.000000
  7 -5.228245 -3.485952 14.911331 -0.148026 -0.986047 0.076149 0.636857 0.079849 1 7 1.000000
  7 -6.757637 -0.659436 15.896924 -0.940384 -0.339735 0.016071 0.591807 0.092728 2 7 0.932712 6 0.067288
combinesoldiersheet_zombie
  7 -7.156847 -0.859315 17.096661 -0.928444 -0.364531 -0.071474 0.592731 0.105773 2 7 0.788766 6 0.211234
  7 -6.757637 -0.659436 15.896924 -0.940384 -0.339735 0.016071 0.591807 0.092728 2 7 0.932712 6 0.067288
  7 -5.228245 -3.485952 14.911331 -0.148026 -0.986047 0.076149 0.636857 0.079849 1 7 1.000000
combinesoldiersheet_zombie
  7 -7.156847 -0.859315 17.096661 -0.928444 -0.364531 -0.071474 0.592731 0.105773 2 7 0.788766 6 0.211234
  7 -5.228245 -3.485952 14.911331 -0.148026 -0.986047 0.076149 0.636857 0.079849 1 7 1.000000
  6 -4.983103 -3.184848 20.328470 -0.403231 -0.911883 -0.076648 0.642418 0.153841 2 6 0.631049 7 0.368951
combinesoldiersheet_zombie
  7 -8.263087 -0.493723 10.254092 -0.944534 -0.320335 0.072394 0.579562 0.039398 1 7 1.000000
  7 -5.656910 -3.433180 9.532642 -0.421820 -0.841494 -0.337574 0.626049 0.028974 1 7 1.000000
  7 -5.515572 -2.804627 12.090449 -0.419446 -0.905207 0.068303 0.623906 0.052623 1 7 1.000000
combinesoldiersheet_zombie
  8 -2.071306 0.679336 0.543134 0.880807 -0.376553 0.287030 0.950457 0.255395 2 8 0.842424 9 0.157576
  8 -2.043290 0.676014 -0.113607 0.581678 -0.586308 -0.563820 0.950368 0.247767 2 8 0.894887 9 0.105113
  8 -2.060436 2.239903 -0.105820 0.851589 0.270141 -0.449244 0.968326 0.247802 1 8 1.000000
combinesoldiersheet_zombie
  8 -2.060436 2.239903 -0.105820 0.851589 0.270141 -0.449244 0.968326 0.247802 1 8 1.000000
  8 -3.430181 4.307945 1.118343 0.662276 0.716756 0.218294 0.994534 0.262258 2 8 0.885443 7 0.114557
  8 -2.071306 0.679336 0.543134 0.880807 -0.376553 0.287030 0.950457 0.255395 2 8 0.842424 9 0.157576
combinesoldiersheet_zombie
  8 -2.060436 2.239903 -0.105820 0.851589 0.270141 -0.449244 0.968326 0.247802 1 8 1.000000
  8 -3.389633 4.285108 0.044068 0.395186 0.780162 -0.484949 0.994198 0.249782 1 8 1.000000
  8 -3.430181 4.307945 1.118343 0.662276 0.716756 0.218294 0.994534 0.262258 2 8 0.885443 7 0.114557
combinesoldiersheet_zombie
  6 -7.508568 3.830143 35.043308 -0.965369 0.235218 0.112848 0.539930 0.304969 1 6 1.000000
  6 -7.069265 4.802355 33.590679 -0.292319 0.947492 0.129649 0.528354 0.290156 1 6 1.000000
  6 -7.227553 4.429924 33.568535 -0.941249 0.329451 -0.074247 0.532552 0.289936 1 6 1.000000
combinesoldiersheet_zombie
  6 -7.508568 3.830143 35.043308 -0.965369 0.235218 0.112848 0.539930 0.304969 1 6 1.000000
  6 -7.337855 4.164948 35.201771 -0.221618 0.654455 0.722893 0.535649 0.306571 2 6 0.939093 1 0.060907
  6 -7.069265 4.802355 33.590679 -0.292319 0.947492 0.129649 0.528354 0.290156 1 6 1.000000
combinesoldiersheet_zombie
  6 -6.762819 4.609396 33.563004 0.553209 0.803530 0.219769 0.522388 0.293164 1 6 1.000000
  6 -7.069265 4.802355 33.590679 -0.292319 0.947492 0.129649 0.528354 0.290156 1 6 1.000000
  6 -7.337855 4.164948 35.201771 -0.221618 0.654455 0.722893 0.535649 0.306571 2 6 0.939093 1 0.060907
combinesoldiersheet_zombie
  6 -6.607821 4.700326 29.449360 -0.294086 0.954163 -0.055554 0.527061 0.247852 1 6 1.000000
  6 -7.069265 4.802355 33.590679 -0.292319 0.947492 0.129649 0.528354 0.290156 1 6 1.000000
  6 -6.762819 4.609396 33.563004 0.553209 0.803530 0.219769 0.522388 0.293164 1 6 1.000000
combinesoldiersheet_zombie
  6 -7.227553 4.429924 33.568535 -0.941249 0.329451 -0.074247 0.532552 0.289936 1 6 1.000000
  6 -7.069265 4.802355 33.590679 -0.292319 0.947492 0.129649 0.528354 0.290156 1 6 1.000000
  6 -6.607821 4.700326 29.449360 -0.294086 0.954163 -0.055554 0.527061 0.247852 1 6 1.000000
combinesoldiersheet_zombie
  6 -7.227553 4.429924 33.568535 -0.941249 0.329451 -0.074247 0.532552 0.289936 1 6 1.000000
  6 -6.607821 4.700326 29.449360 -0.294086 0.954163 -0.055554 0.527061 0.247852 1 6 1.000000
  6 -6.761385 4.331736 29.469828 -0.957936 0.286945 -0.004497 0.531287 0.248063 1 6 1.000000
combinesoldiersheet_zombie
  6 -6.761385 4.331736 29.469828 -0.957936 0.286945 -0.004497 0.531287 0.248063 1 6 1.000000
  6 -7.508568 3.830143 35.043308 -0.965369 0.235218 0.112848 0.539930 0.304969 1 6 1.000000
  6 -7.227553 4.429924 33.568535 -0.941249 0.329451 -0.074247 0.532552 0.289936 1 6 1.000000
combinesoldiersheet_zombie
  6 -7.456769 1.690662 35.702961 -0.890759 0.234314 0.389417 0.563846 0.311461 2 6 0.929028 1 0.070972
  6 -7.508568 3.830143 35.043308 -0.965369 0.235218 0.112848 0.539930 0.304969 1 6 1.000000
  6 -6.761385 4.331736 29.469828 -0.957936 0.286945 -0.004497 0.531287 0.248063 1 6 1.000000
combinesoldiersheet_zombie
  6 -7.456769 1.690662 35.702961 -0.890759 0.234314 0.389417 0.563846 0.311461 2 6 0.929028 1 0.070972
  6 -7.337855 4.164948 35.201771 -0.221618 0.654455 0.722893 0.535649 0.306571 2 6 0.939093 1 0.060907
  6 -7.508568 3.830143 35.043308 -0.965369 0.235218 0.112848 0.539930 0.304969 1 6 1.000000
combinesoldiersheet_zombie
  6 -7.456769 1.690662 35.702961 -0.890759 0.234314 0.389417 0.563846 0.311461 2 6 0.929028 1 0.070972
  6 -7.238616 1.850428 35.937698 -0.133468 0.184306 0.973765 0.561061 0.313809 2 6 0.856297 1 0.143703
  6 -7.337855 4.164948 35.201771 -0.221618 0.654455 0.722893 0.535649 0.306571 2 6 0.939093 1 0.060907
combinesoldiersheet_zombie
  6 -7.238616 1.850428 35.937698 -0.133468 0.184306 0.973765 0.561061 0.313809 2 6 0.856297 1 0.143703
  6 -7.456769 1.690662 35.702961 -0.890759 0.234314 0.389417 0.563846 0.311461 2 6 0.929028 1 0.070972
  6 -7.519182 0.540041 35.960011 -0.261681 0.003920 0.965146 0.579321 0.313981 1 6 1.000000
combinesoldiersheet_zombie
  6 -8.002995 0.486305 35.517223 -0.924596 0.095693 0.368735 0.578988 0.309595 1 6 1.000000
  6 -7.519182 0.540041 35.960011 -0.261681 0.003920 0.965146 0.579321 0.313981 1 6 1.000000
  6 -7.456769 1.690662 35.702961 -0.890759 0.234314 0.389417 0.563846 0.311461 2 6 0.929028 1 0.070972
combinesoldiersheet_zombie
  6 -7.838140 -2.763649 34.941597 -0.788970 -0.560254 0.252272 0.610856 0.303366 1 6 1.000000
  6 -7.519182 0.540041 35.960011 -0.261681 0.003920 0.965146 0.579321 0.313981 1 6 1.000000
  6 -8.002995 0.486305 35.517223 -0.924596 0.095693 0.368735 0.578988 0.309595 1 6 1.000000
combinesoldiersheet_zombie
  6 -7.838140 -2.763649 34.941597 -0.788970 -0.560254 0.252272 0.610856 0.303366 1 6 1.000000
  6 -8.002995 0.486305 35.517223 -0.924596 0.095693 0.368735 0.578988 0.309595 1 6 1.000000
  6 -7.838563 0.508153 32.161854 -0.994451 0.104715 -0.010047 0.577853 0.275380 1 6 1.000000
combinesoldiersheet_zombie
  6 -7.838140 -2.763649 34.941597 -0.788970 -0.560254 0.252272 0.610856 0.303366 1 6 1.000000
  6 -7.838563 0.508153 32.161854 -0.994451 0.104715 -0.010047 0.577853 0.275380 1 6 1.000000
  6 -7.120325 -2.962739 31.980217 -0.801215 -0.595261 -0.060984 0.616902 0.272991 1 6 1.000000
combinesoldiersheet_zombie
  6 -7.357634 -2.529257 26.873125 -0.817402 -0.567488 -0.099050 0.611821 0.221042 1 6 1.000000
  6 -7.120325 -2.962739 31.980217 -0.801215 -0.595261 -0.060984 0.616902 0.272991 1 6 1.000000
  6 -7.838563 0.508153 32.161854 -0.994451 0.104715 -0.010047 0.577853 0.275380 1 6 1.000000
combinesoldiersheet_zombie
  6 -4.684269 -4.471694 26.974104 -0.540049 -0.839855 -0.054676 0.647598 0.221158 1 6 1.000000
  6 -7.120325 -2.962739 31.980217 -0.801215 -0.595261 -0.060984 0.616902 0.272991 1 6 1.000000
  6 -7.357634 -2.529257 26.873125 -0.817402 -0.567488 -0.099050 0.611821 0.221042 1 6 1.000000
combinesoldiersheet_zombie
  6 -4.684269 -4.471694 26.974104 -0.540049 -0.839855 -0.054676 0.647598 0.221158 1 6 1.000000
  6 -7.357634 -2.529257 26.873125 -0.817402 -0.567488 -0.099050 0.611821 0.221042 1 6 1.000000
  6 -4.915196 -4.141691 23.640709 -0.558073 -0.816945 -0.145448 0.645049 0.187188 1 6 1.000000
combinesoldiersheet_zombie
  6 -4.700941 -4.188016 23.476755 0.394275 -0.812046 -0.430266 0.647379 0.185454 1 6 1.000000
  6 -4.684269 -4.471694 26.974104 -0.540049 -0.839855 -0.054676 0.647598 0.221158 1 6 1.000000
  6 -4.915196 -4.141691 23.640709 -0.558073 -0.816945 -0.145448 0.645049 0.187188 1 6 1.000000
combinesoldiersheet_zombie
  6 -5.286545 -3.829306 23.122068 -0.649247 -0.713823 -0.262555 0.640139 0.182033 1 6 1.000000
  6 -4.700941 -4.188016 23.476755 0.394275 -0.812046 -0.430266 0.647379 0.185454 1 6 1.000000
  6 -4.915196 -4.141691 23.640709 -0.558073 -0.816945 -0.145448 0.645049 0.187188 1 6 1.000000
combinesoldiersheet_zombie
  6 -4.684269 -4.471694 26.974104 -0.540049 -0.839855 -0.054676 0.647598 0.221158 1 6 1.000000
  6 -4.542009 -4.980278 32.845726 -0.553841 -0.832026 -0.031518 0.651577 0.280919 1 6 1.000000
  6 -7.120325 -2.962739 31.980217 -0.801215 -0.595261 -0.060984 0.616902 0.272991 1 6 1.000000
combinesoldiersheet_zombie
  6 -8.002995 0.486305 35.517223 -0.924596 0.095693 0.368735 0.578988 0.309595 1 6 1.000000
  6 -7.456769 1.690662 35.702961 -0.890759 0.234314 0.389417 0.563846 0.311461 2 6 0.929028 1 0.070972
  6 -7.838563 0.508153 32.161854 -0.994451 0.104715 -0.010047 0.577853 0.275380 1 6 1.000000
combinesoldiersheet_zombie
  6 -7.456769 1.690662 35.702961 -0.890759 0.234314 0.389417 0.563846 0.311461 2 6 0.929028 1 0.070972
  6 -6.761385 4.331736 29.469828 -0.957936 0.286945 -0.004497 0.531287 0.248063 1 6 1.000000
  6 -7.838563 0.508153 32.161854 -0.994451 0.104715 -0.010047 0.577853 0.275380 1 6 1.000000
combinesoldiersheet_zombie
  6 -6.761385 4.331736 29.469828 -0.957936 0.286945 -0.004497 0.531287 0.248063 1 6 1.000000
  6 -8.353334 0.522646 26.921272 -0.999627 0.026365 -0.007048 0.578295 0.222114 1 6 1.000000
  6 -7.838563 0.508153 32.161854 -0.994451 0.104715 -0.010047 0.577853 0.275380 1 6 1.000000
combinesoldiersheet_zombie
  6 -6.761385 4.331736 29.469828 -0.957936 0.286945 -0.004497 0.531287 0.248063 1 6 1.000000
  6 -7.489672 3.909081 25.935387 -0.916043 0.398849 0.042236 0.540784 0.212197 1 6 1.000000
  6 -8.353334 0.522646 26.921272 -0.999627 0.026365 -0.007048 0.578295 0.222114 1 6 1.000000
combinesoldiersheet_zombie
  6 -7.731390 3.228048 23.088404 -0.964797 0.156229 -0.211562 0.556771 0.183104 1 6 1.000000
  6 -8.353334 0.522646 26.921272 -0.999627 0.026365 -0.007048 0.578295 0.222114 1 6 1.000000
  6 -7.489672 3.909081 25.935387 -0.916043 0.398849 0.042236 0.540784 0.212197 1 6 1.000000
combinesoldiersheet_zombie
  6 -7.731390 3.228048 23.088404 -0.964797 0.156229 -0.211562 0.556771 0.183104 1 6 1.000000
  6 -7.489672 3.909081 25.935387 -0.916043 0.398849 0.042236 0.540784 0.212197 1 6 1.000000
  6 -7.330847 4.270867 25.884310 -0.232711 0.960371 -0.153404 0.536541 0.211672 1 6 1.000000
combinesoldiersheet_zombie
  6 -6.761385 4.331736 29.469828 -0.957936 0.286945 -0.004497 0.531287 0.248063 1 6 1.000000
  6 -7.330847 4.270867 25.884310 -0.232711 0.960371 -0.153404 0.536541 0.211672 1 6 1.000000
  6 -7.489672 3.909081 25.935387 -0.916043 0.398849 0.042236 0.540784 0.212197 1 6 1.000000
combinesoldiersheet_zombie
  6 -6.761385 4.331736 29.469828 -0.957936 0.286945 -0.004497 0.531287 0.248063 1 6 1.000000
  6 -6.607821 4.700326 29.449360 -0.294086 0.954163 -0.055554 0.527061 0.247852 1 6 1.000000
  6 -7.330847 4.270867 25.884310 -0.232711 0.960371 -0.153404 0.536541 0.211672 1 6 1.000000
combinesoldiersheet_zombie
  6 -7.357634 -2.529257 26.873125 -0.817402 -0.567488 -0.099050 0.611821 0.221042 1 6 1.000000
  6 -5.286545 -3.829306 23.122068 -0.649247 -0.713823 -0.262555 0.640139 0.182033 1 6 1.000000
  6 -4.915196 -4.141691 23.640709 -0.558073 -0.816945 -0.145448 0.645049 0.187188 1 6 1.000000
combinesoldiersheet_zombie
  6 -7.357634 -2.529257 26.873125 -0.817402 -0.567488 -0.099050 0.611821 0.221042 1 6 1.000000
  6 -7.214067 -1.301193 23.833290 -0.914412 -0.397631 -0.075759 0.608830 0.190068 1 6 1.000000
  6 -5.286545 -3.829306 23.122068 -0.649247 -0.713823 -0.262555 0.640139 0.182033 1 6 1.000000
combinesoldiersheet_zombie
  6 -5.286545 -3.829306 23.122068 -0.649247 -0.713823 -0.262555 0.640139 0.182033 1 6 1.000000
  6 -7.214067 -1.301193 23.833290 -0.914412 -0.397631 -0.075759 0.608830 0.190068 1 6 1.000000
  6 -7.449967 -1.077884 22.082952 -0.870381 -0.348176 -0.348154 0.604708 0.172316 1 6 1.000000
combinesoldiersheet_zombie
  6 -7.449967 -1.077884 22.082952 -0.870381 -0.348176 -0.348154 0.604708 0.172316 1 6 1.000000
  6 -7.214067 -1.301193 23.833290 -0.914412 -0.397631 -0.075759 0.608830 0.190068 1 6 1.000000
  6 -7.731390 3.228048 23.088404 -0.964797 0.156229 -0.211562 0.556771 0.183104 1 6 1.000000
combinesoldiersheet_zombie
  6 -7.214067 -1.301193 23.833290 -0.914412 -0.397631 -0.075759 0.608830 0.190068 1 6 1.000000
  6 -8.353334 0.522646 26.921272 -0.999627 0.026365 -0.007048 0.578295 0.222114 1 6 1.000000
  6 -7.731390 3.228048 23.088404 -0.964797 0.156229 -0.211562 0.556771 0.183104 1 6 1.000000
combinesoldiersheet_zombie
  6 -7.214067 -1.301193 23.833290 -0.914412 -0.397631 -0.075759 0.608830 0.190068 1 6 1.000000
  6 -7.357634 -2.529257 26.873125 -0.817402 -0.567488 -0.099050 0.611821 0.221042 1 6 1.000000
  6 -8.353334 0.522646 26.921272 -0.999627 0.026365 -0.007048 0.578295 0.222114 1 6 1.000000
combinesoldiersheet_zombie
  6 -7.357634 -2.529257 26.873125 -0.817402 -0.567488 -0.099050 0.611821 0.221042 1 6 1.000000
  6 -7.838563 0.508153 32.161854 -0.994451 0.104715 -0.010047 0.577853 0.275380 1 6 1.000000
  6 -8.353334 0.522646 26.921272 -0.999627 0.026365 -0.007048 0.578295 0.222114 1 6 1.000000
combinesoldiersheet_zombie
  6 -5.286545 -3.829306 23.122068 -0.649247 -0.713823 -0.262555 0.640139 0.182033 1 6 1.000000
  6 -5.073446 -3.876248 22.937870 0.196876 -0.543635 -0.815905 0.642499 0.180093 1 6 1.000000
  6 -4.700941 -4.188016 23.476755 0.394275 -0.812046 -0.430266 0.647379 0.185454 1 6 1.000000
combinesoldiersheet_zombie
  6 -5.073446 -3.876248 22.937870 0.196876 -0.543635 -0.815905 0.642499 0.180093 1 6 1.000000
  6 -5.286545 -3.829306 23.122068 -0.649247 -0.713823 -0.262555 0.640139 0.182033 1 6 1.000000
  6 -7.449967 -1.077884 22.082952 -0.870381 -0.348176 -0.348154 0.604708 0.172316 1 6 1.000000
combinesoldiersheet_zombie
  6 -5.073446 -3.876248 22.937870 0.196876 -0.543635 -0.815905 0.642499 0.180093 1 6 1.000000
  6 -7.449967 -1.077884 22.082952 -0.870381 -0.348176 -0.348154 0.604708 0.172316 1 6 1.000000
  6 -7.238174 -0.992418 21.832006 0.046541 -0.013892 -0.998820 0.605356 0.169711 1 6 1.000000
combinesoldiersheet_zombie
  6 -7.731390 3.228048 23.088404 -0.964797 0.156229 -0.211562 0.556771 0.183104 1 6 1.000000
  6 -7.238174 -0.992418 21.832006 0.046541 -0.013892 -0.998820 0.605356 0.169711 1 6 1.000000
  6 -7.449967 -1.077884 22.082952 -0.870381 -0.348176 -0.348154 0.604708 0.172316 1 6 1.000000
combinesoldiersheet_zombie
  6 -7.731390 3.228048 23.088404 -0.964797 0.156229 -0.211562 0.556771 0.183104 1 6 1.000000
  6 -7.414217 3.457636 22.955986 -0.105094 0.688720 -0.717370 0.551531 0.179723 1 6 1.000000
  6 -7.238174 -0.992418 21.832006 0.046541 -0.013892 -0.998820 0.605356 0.169711 1 6 1.000000
combinesoldiersheet_zombie
  6 -7.731390 3.228048 23.088404 -0.964797 0.156229 -0.211562 0.556771 0.183104 1 6 1.000000
  6 -7.330847 4.270867 25.884310 -0.232711 0.960371 -0.153404 0.536541 0.211672 1 6 1.000000
  6 -7.414217 3.457636 22.955986 -0.105094 0.688720 -0.717370 0.551531 0.179723 1 6 1.000000
combinesoldiersheet_zombie
  6 -7.414217 3.457636 22.955986 -0.105094 0.688720 -0.717370 0.551531 0.179723 1 6 1.000000
  6 -7.330847 4.270867 25.884310 -0.232711 0.960371 -0.153404 0.536541 0.211672 1 6 1.000000
  6 -7.025030 4.086758 25.929756 0.528475 0.818911 -0.223828 0.531801 0.210090 1 6 1.000000
combinesoldiersheet_zombie
  6 -7.025030 4.086758 25.929756 0.528475 0.818911 -0.223828 0.531801 0.210090 1 6 1.000000
  6 -7.330847 4.270867 25.884310 -0.232711 0.960371 -0.153404 0.536541 0.211672 1 6 1.000000
  6 -6.607821 4.700326 29.449360 -0.294086 0.954163 -0.055554 0.527061 0.247852 1 6 1.000000
combinesoldiersheet_zombie
  6 -7.025030 4.086758 25.929756 0.528475 0.818911 -0.223828 0.531801 0.210090 1 6 1.000000
  6 -6.607821 4.700326 29.449360 -0.294086 0.954163 -0.055554 0.527061 0.247852 1 6 1.000000
  6 -6.310216 4.510471 29.463884 0.536919 0.839408 -0.084337 0.520839 0.248418 1 6 1.000000
combinesoldiersheet_zombie
  6 -6.607821 4.700326 29.449360 -0.294086 0.954163 -0.055554 0.527061 0.247852 1 6 1.000000
  6 -6.762819 4.609396 33.563004 0.553209 0.803530 0.219769 0.522388 0.293164 1 6 1.000000
  6 -6.310216 4.510471 29.463884 0.536919 0.839408 -0.084337 0.520839 0.248418 1 6 1.000000
combinesoldiersheet_zombie
  6 -7.838140 -2.763649 34.941597 -0.788970 -0.560254 0.252272 0.610856 0.303366 1 6 1.000000
  6 -7.322244 -2.833560 35.363129 -0.057463 -0.356970 0.932347 0.615570 0.307514 1 6 1.000000
  6 -7.519182 0.540041 35.960011 -0.261681 0.003920 0.965146 0.579321 0.313981 1 6 1.000000
combinesoldiersheet_zombie
  6 -5.250821 -4.554335 34.027637 -0.541772 -0.838490 0.058461 0.643089 0.293190 1 6 1.000000
  6 -7.322244 -2.833560 35.363129 -0.057463 -0.356970 0.932347 0.615570 0.307514 1 6 1.000000
  6 -7.838140 -2.763649 34.941597 -0.788970 -0.560254 0.252272 0.610856 0.303366 1 6 1.000000
combinesoldiersheet_zombie
  6 -7.120325 -2.962739 31.980217 -0.801215 -0.595261 -0.060984 0.616902 0.272991 1 6 1.000000
  6 -5.250821 -4.554335 34.027637 -0.541772 -0.838490 0.058461 0.643089 0.293190 1 6 1.000000
  6 -7.838140 -2.763649 34.941597 -0.788970 -0.560254 0.252272 0.610856 0.303366 1 6 1.000000
combinesoldiersheet_zombie
  6 -7.120325 -2.962739 31.980217 -0.801215 -0.595261 -0.060984 0.616902 0.272991 1 6 1.000000
  6 -4.542009 -4.980278 32.845726 -0.553841 -0.832026 -0.031518 0.651577 0.280919 1 6 1.000000
  6 -5.250821 -4.554335 34.027637 -0.541772 -0.838490 0.058461 0.643089 0.293190 1 6 1.000000
combinesoldiersheet_zombie
  6 -4.242692 -5.173925 32.924770 0.551189 -0.832566 0.055004 0.655131 0.281626 1 6 1.000000
  6 -5.250821 -4.554335 34.027637 -0.541772 -0.838490 0.058461 0.643089 0.293190 1 6 1.000000
  6 -4.542009 -4.980278 32.845726 -0.553841 -0.832026 -0.031518 0.651577 0.280919 1 6 1.000000
combinesoldiersheet_zombie
  6 -4.684269 -4.471694 26.974104 -0.540049 -0.839855 -0.054676 0.647598 0.221158 1 6 1.000000
  6 -4.242692 -5.173925 32.924770 0.551189 -0.832566 0.055004 0.655131 0.281626 1 6 1.000000
  6 -4.542009 -4.980278 32.845726 -0.553841 -0.832026 -0.031518 0.651577 0.280919 1 6 1.000000
combinesoldiersheet_zombie
  6 -4.684269 -4.471694 26.974104 -0.540049 -0.839855 -0.054676 0.647598 0.221158 1 6 1.000000
  6 -4.386765 -4.661876 26.969448 0.370130 -0.915236 -0.159205 0.651386 0.221011 1 6 1.000000
  6 -4.242692 -5.173925 32.924770 0.551189 -0.832566 0.055004 0.655131 0.281626 1 6 1.000000
combinesoldiersheet_zombie
  6 -4.700941 -4.188016 23.476755 0.394275 -0.812046 -0.430266 0.647379 0.185454 1 6 1.000000
  6 -4.386765 -4.661876 26.969448 0.370130 -0.915236 -0.159205 0.651386 0.221011 1 6 1.000000
  6 -4.684269 -4.471694 26.974104 -0.540049 -0.839855 -0.054676 0.647598 0.221158 1 6 1.000000
combinesoldiersheet_zombie
  6 -4.700941 -4.188016 23.476755 0.394275 -0.812046 -0.430266 0.647379 0.185454 1 6 1.000000
  6 -4.707029 -3.709665 23.359343 0.864015 0.025215 -0.502835 0.650069 0.180491 1 6 1.000000
  6 -4.386765 -4.661876 26.969448 0.370130 -0.915236 -0.159205 0.651386 0.221011 1 6 1.000000
combinesoldiersheet_zombie
  6 -5.073446 -3.876248 22.937870 0.196876 -0.543635 -0.815905 0.642499 0.180093 1 6 1.000000
  6 -4.707029 -3.709665 23.359343 0.864015 0.025215 -0.502835 0.650069 0.180491 1 6 1.000000
  6 -4.700941 -4.188016 23.476755 0.394275 -0.812046 -0.430266 0.647379 0.185454 1 6 1.000000
combinesoldiersheet_zombie
  6 -5.073446 -3.876248 22.937870 0.196876 -0.543635 -0.815905 0.642499 0.180093 1 6 1.000000
  6 -7.013031 -0.863063 22.058809 0.648838 0.218038 -0.729019 0.606919 0.167338 2 6 0.934514 7 0.065486
  6 -4.707029 -3.709665 23.359343 0.864015 0.025215 -0.502835 0.650069 0.180491 1 6 1.000000
combinesoldiersheet_zombie
  6 -5.073446 -3.876248 22.937870 0.196876 -0.543635 -0.815905 0.642499 0.180093 1 6 1.000000
  6 -7.238174 -0.992418 21.832006 0.046541 -0.013892 -0.998820 0.605356 0.169711 1 6 1.000000
  6 -7.013031 -0.863063 22.058809 0.648838 0.218038 -0.729019 0.606919 0.167338 2 6 0.934514 7 0.065486
combinesoldiersheet_zombie
  6 -7.013031 -0.863063 22.058809 0.648838 0.218038 -0.729019 0.606919 0.167338 2 6 0.934514 7 0.065486
  6 -7.238174 -0.992418 21.832006 0.046541 -0.013892 -0.998820 0.605356 0.169711 1 6 1.000000
  6 -7.414217 3.457636 22.955986 -0.105094 0.688720 -0.717370 0.551531 0.179723 1 6 1.000000
combinesoldiersheet_zombie
  6 -5.250821 -4.554335 34.027637 -0.541772 -0.838490 0.058461 0.643089 0.293190 1 6 1.000000
  6 -4.982018 -4.650134 34.286045 0.109328 -0.722290 0.682894 0.646486 0.295741 1 6 1.000000
  6 -7.322244 -2.833560 35.363129 -0.057463 -0.356970 0.932347 0.615570 0.307514 1 6 1.000000
combinesoldiersheet_zombie
  6 -4.242692 -5.173925 32.924770 0.551189 -0.832566 0.055004 0.655131 0.281626 1 6 1.000000
  6 -4.982018 -4.650134 34.286045 0.109328 -0.722290 0.682894 0.646486 0.295741 1 6 1.000000
  6 -5.250821 -4.554335 34.027637 -0.541772 -0.838490 0.058461 0.643089 0.293190 1 6 1.000000
combinesoldiersheet_zombie
  6 -4.399318 -4.517414 25.935146 -0.048761 -0.989289 -0.137583 0.654309 0.208743 1 6 1.000000
  6 -4.386765 -4.661876 26.969448 0.370130 -0.915236 -0.159205 0.651386 0.221011 1 6 1.000000
  6 -4.572589 -3.774752 23.855099 -0.133494 -0.978080 -0.159808 0.651478 0.185457 1 6 1.000000
combinesoldiersheet_zombie
  6 -4.259189 -4.372444 26.992117 0.596729 -0.794086 -0.115505 0.656309 0.219676 1 6 1.000000
  6 -4.386765 -4.661876 26.969448 0.370130 -0.915236 -0.159205 0.651386 0.221011 1 6 1.000000
  6 -4.399318 -4.517414 25.935146 -0.048761 -0.989289 -0.137583 0.654309 0.208743 1 6 1.000000
combinesoldiersheet_zombie
  6 -4.386765 -4.661876 26.969448 0.370130 -0.915236 -0.159205 0.651386 0.221011 1 6 1.000000
  6 -4.259189 -4.372444 26.992117 0.596729 -0.794086 -0.115505 0.656309 0.219676 1 6 1.000000
  6 -4.242692 -5.173925 32.924770 0.551189 -0.832566 0.055004 0.655131 0.281626 1 6 1.000000
combinesoldiersheet_zombie
  6 -4.222368 -4.732051 29.215059 0.033576 -0.992442 -0.118029 0.657766 0.244512 1 6 1.000000
  6 -4.242692 -5.173925 32.924770 0.551189 -0.832566 0.055004 0.655131 0.281626 1 6 1.000000
  6 -4.259189 -4.372444 26.992117 0.596729 -0.794086 -0.115505 0.656309 0.219676 1 6 1.000000
combinesoldiersheet_zombie
  6 -4.192515 -4.765989 30.176249 0.345753 -0.804453 -0.483021 0.658502 0.254295 1 6 1.000000
  6 -4.242692 -5.173925 32.924770 0.551189 -0.832566 0.055004 0.655131 0.281626 1 6 1.000000
  6 -4.222368 -4.732051 29.215059 0.033576 -0.992442 -0.118029 0.657766 0.244512 1 6 1.000000
combinesoldiersheet_zombie
  6 -4.156716 -4.862358 32.338333 0.402412 -0.827773 0.390968 0.659827 0.278461 1 6 1.000000
  6 -4.242692 -5.173925 32.924770 0.551189 -0.832566 0.055004 0.655131 0.281626 1 6 1.000000
  6 -4.192515 -4.765989 30.176249 0.345753 -0.804453 -0.483021 0.658502 0.254295 1 6 1.000000
combinesoldiersheet_zombie
  6 -4.090821 -4.800700 32.839859 0.909808 -0.339479 0.238752 0.661133 0.283530 1 6 1.000000
  6 -4.242692 -5.173925 32.924770 0.551189 -0.832566 0.055004 0.655131 0.281626 1 6 1.000000
  6 -4.156716 -4.862358 32.338333 0.402412 -0.827773 0.390968 0.659827 0.278461 1 6 1.000000
combinesoldiersheet_zombie
  6 -4.090821 -4.800700 32.839859 0.909808 -0.339479 0.238752 0.661133 0.283530 1 6 1.000000
  6 -4.982018 -4.650134 34.286045 0.109328 -0.722290 0.682894 0.646486 0.295741 1 6 1.000000
  6 -4.242692 -5.173925 32.924770 0.551189 -0.832566 0.055004 0.655131 0.281626 1 6 1.000000
combinesoldiersheet_zombie
  6 -4.090821 -4.800700 32.839859 0.909808 -0.339479 0.238752 0.661133 0.283530 1 6 1.000000
  6 -4.797923 -4.268974 34.218876 0.648207 -0.121691 0.751677 0.651745 0.298798 1 6 1.000000
  6 -4.982018 -4.650134 34.286045 0.109328 -0.722290 0.682894 0.646486 0.295741 1 6 1.000000
combinesoldiersheet_zombie
  6 -6.861990 -2.591817 35.112774 0.469775 -0.049823 0.881379 0.619730 0.309293 1 6 1.000000
  6 -4.982018 -4.650134 34.286045 0.109328 -0.722290 0.682894 0.646486 0.295741 1 6 1.000000
  6 -4.797923 -4.268974 34.218876 0.648207 -0.121691 0.751677 0.651745 0.298798 1 6 1.000000
combinesoldiersheet_zombie
  6 -6.861990 -2.591817 35.112774 0.469775 -0.049823 0.881379 0.619730 0.309293 1 6 1.000000
  6 -7.322244 -2.833560 35.363129 -0.057463 -0.356970 0.932347 0.615570 0.307514 1 6 1.000000
  6 -4.982018 -4.650134 34.286045 0.109328 -0.722290 0.682894 0.646486 0.295741 1 6 1.000000
combinesoldiersheet_zombie
  6 -7.026764 0.658170 35.688419 0.544842 -0.095279 0.833108 0.577574 0.315950 1 6 1.000000
  6 -7.322244 -2.833560 35.363129 -0.057463 -0.356970 0.932347 0.615570 0.307514 1 6 1.000000
  6 -6.861990 -2.591817 35.112774 0.469775 -0.049823 0.881379 0.619730 0.309293 1 6 1.000000
combinesoldiersheet_zombie
  6 -7.026764 0.658170 35.688419 0.544842 -0.095279 0.833108 0.577574 0.315950 1 6 1.000000
  6 -7.519182 0.540041 35.960011 -0.261681 0.003920 0.965146 0.579321 0.313981 1 6 1.000000
  6 -7.322244 -2.833560 35.363129 -0.057463 -0.356970 0.932347 0.615570 0.307514 1 6 1.000000
combinesoldiersheet_zombie
  6 -6.991763 1.870290 35.697433 0.606076 0.094351 0.789791 0.557535 0.316167 3 6 0.697108 1 0.222347 11 0.080544
  6 -7.519182 0.540041 35.960011 -0.261681 0.003920 0.965146 0.579321 0.313981 1 6 1.000000
  6 -7.026764 0.658170 35.688419 0.544842 -0.095279 0.833108 0.577574 0.315950 1 6 1.000000
combinesoldiersheet_zombie
  6 -6.991763 1.870290 35.697433 0.606076 0.094351 0.789791 0.557535 0.316167 3 6 0.697108 1 0.222347 11 0.080544
  6 -7.238616 1.850428 35.937698 -0.133468 0.184306 0.973765 0.561061 0.313809 2 6 0.856297 1 0.143703
  6 -7.519182 0.540041 35.960011 -0.261681 0.003920 0.965146 0.579321 0.313981 1 6 1.000000
combinesoldiersheet_zombie
  6 -7.043649 4.009777 35.037811 0.613487 0.518564 0.595587 0.530519 0.309230 3 6 0.814221 1 0.128550 11 0.057228
  6 -7.238616 1.850428 35.937698 -0.133468 0.184306 0.973765 0.561061 0.313809 2 6 0.856297 1 0.143703
  6 -6.991763 1.870290 35.697433 0.606076 0.094351 0.789791 0.557535 0.316167 3 6 0.697108 1 0.222347 11 0.080544
combinesoldiersheet_zombie
  6 -7.043649 4.009777 35.037811 0.613487 0.518564 0.595587 0.530519 0.309230 3 6 0.814221 1 0.128550 11 0.057228
  6 -7.337855 4.164948 35.201771 -0.221618 0.654455 0.722893 0.535649 0.306571 2 6 0.939093 1 0.060907
  6 -7.238616 1.850428 35.937698 -0.133468 0.184306 0.973765 0.561061 0.313809 2 6 0.856297 1 0.143703
combinesoldiersheet_zombie
  6 -6.762819 4.609396 33.563004 0.553209 0.803530 0.219769 0.522388 0.293164 1 6 1.000000
  6 -7.337855 4.164948 35.201771 -0.221618 0.654455 0.722893 0.535649 0.306571 2 6 0.939093 1 0.060907
  6 -7.043649 4.009777 35.037811 0.613487 0.518564 0.595587 0.530519 0.309230 3 6 0.814221 1 0.128550 11 0.057228
combinesoldiersheet_zombie
  6 -4.399318 -4.517414 25.935146 -0.178968 -0.837286 0.516645 0.864456 0.513776 1 6 1.000000
  6 -4.070666 -4.644587 25.684406 -0.040167 -0.998516 -0.036771 0.889656 0.564347 1 6 1.000000
  6 -3.739892 -4.576226 25.810135 0.687899 -0.703335 0.179209 0.874337 0.595748 1 6 1.000000
combinesoldiersheet_zombie
  6 -3.690411 -4.416175 25.846825 0.769995 -0.358974 0.527490 0.864461 0.613406 1 6 1.000000
  6 -4.399318 -4.517414 25.935146 -0.178968 -0.837286 0.516645 0.864456 0.513776 1 6 1.000000
  6 -3.739892 -4.576226 25.810135 0.687899 -0.703335 0.179209 0.874337 0.595748 1 6 1.000000
combinesoldiersheet_zombie
  6 -3.690411 -4.416175 25.846825 0.769995 -0.358974 0.527490 0.864461 0.613406 1 6 1.000000
  6 -3.739892 -4.576226 25.810135 0.687899 -0.703335 0.179209 0.874337 0.595748 1 6 1.000000
  6 -3.919595 -3.652908 23.743574 0.731385 -0.421635 -0.536003 0.999866 0.613388 1 6 1.000000
combinesoldiersheet_zombie
  6 -3.956302 -3.807697 23.824333 0.369178 -0.628877 -0.684267 0.989325 0.594301 1 6 1.000000
  6 -3.919595 -3.652908 23.743574 0.731385 -0.421635 -0.536003 0.999866 0.613388 1 6 1.000000
  6 -3.739892 -4.576226 25.810135 0.687899 -0.703335 0.179209 0.874337 0.595748 1 6 1.000000
combinesoldiersheet_zombie
  6 -3.956302 -3.807697 23.824333 0.369178 -0.628877 -0.684267 0.989325 0.594301 1 6 1.000000
  6 -4.572589 -3.774752 23.855099 -0.263532 -0.644537 -0.717720 0.999948 0.513725 1 6 1.000000
  6 -3.919595 -3.652908 23.743574 0.731385 -0.421635 -0.536003 0.999866 0.613388 1 6 1.000000
combinesoldiersheet_zombie
  6 -3.956302 -3.807697 23.824333 0.369178 -0.628877 -0.684267 0.989325 0.594301 1 6 1.000000
  6 -4.228418 -4.126090 24.042253 -0.070044 -0.832270 -0.549928 0.970053 0.562293 1 6 1.000000
  6 -4.572589 -3.774752 23.855099 -0.263532 -0.644537 -0.717720 0.999948 0.513725 1 6 1.000000
combinesoldiersheet_zombie
  6 -4.070666 -4.644587 25.684406 -0.040167 -0.998516 -0.036771 0.889656 0.564347 1 6 1.000000
  6 -4.572589 -3.774752 23.855099 -0.263532 -0.644537 -0.717720 0.999948 0.513725 1 6 1.000000
  6 -4.228418 -4.126090 24.042253 -0.070044 -0.832270 -0.549928 0.970053 0.562293 1 6 1.000000
combinesoldiersheet_zombie
  6 -4.228418 -4.126090 24.042253 -0.070044 -0.832270 -0.549928 0.970053 0.562293 1 6 1.000000
  6 -3.739892 -4.576226 25.810135 0.687899 -0.703335 0.179209 0.874337 0.595748 1 6 1.000000
  6 -4.070666 -4.644587 25.684406 -0.040167 -0.998516 -0.036771 0.889656 0.564347 1 6 1.000000
combinesoldiersheet_zombie
  6 -4.228418 -4.126090 24.042253 -0.070044 -0.832270 -0.549928 0.970053 0.562293 1 6 1.000000
  6 -3.956302 -3.807697 23.824333 0.369178 -0.628877 -0.684267 0.989325 0.594301 1 6 1.000000
  6 -3.739892 -4.576226 25.810135 0.687899 -0.703335 0.179209 0.874337 0.595748 1 6 1.000000
combinesoldiersheet_zombie
  6 -4.070666 -4.644587 25.684406 -0.040167 -0.998516 -0.036771 0.889656 0.564347 1 6 1.000000
  6 -4.399318 -4.517414 25.935146 -0.178968 -0.837286 0.516645 0.864456 0.513776 1 6 1.000000
  6 -4.572589 -3.774752 23.855099 -0.263532 -0.644537 -0.717720 0.999948 0.513725 1 6 1.000000
combinesoldiersheet_zombie
  5 5.143211 -7.520639 0.231801 0.373015 -0.926945 -0.040407 0.784845 0.260295 1 5 1.000000
  5 6.582611 -6.215785 -0.076529 0.922700 -0.372587 -0.099017 0.753469 0.275133 2 5 0.809543 4 0.190458
  5 6.649931 -6.159174 0.696036 0.828141 -0.500054 0.253236 0.752000 0.291015 2 5 0.807207 4 0.192793
combinesoldiersheet_zombie
  5 5.196265 -7.541781 0.936613 0.363470 -0.799882 0.477575 0.783652 0.273650 1 5 1.000000
  5 3.480144 -7.353048 1.026585 -0.264159 -0.414492 0.870871 0.822002 0.277680 1 5 1.000000
  5 3.414413 -7.583807 0.898615 -0.375148 -0.756837 0.535221 0.823342 0.271589 1 5 1.000000
combinesoldiersheet_zombie
  5 2.160818 -6.168159 0.658692 -0.905550 -0.310457 0.289130 0.852046 0.288461 2 5 0.877284 4 0.122716
  5 3.414413 -7.583807 0.898615 -0.375148 -0.756837 0.535221 0.823342 0.271589 1 5 1.000000
  5 3.480144 -7.353048 1.026585 -0.264159 -0.414492 0.870871 0.822002 0.277680 1 5 1.000000
combinesoldiersheet_zombie
  5 3.414413 -7.583807 0.898615 -0.375148 -0.756837 0.535221 0.823342 0.271589 1 5 1.000000
  5 2.160818 -6.168159 0.658692 -0.905550 -0.310457 0.289130 0.852046 0.288461 2 5 0.877284 4 0.122716
  5 2.035468 -6.224976 -0.109308 -0.914073 -0.379734 0.142384 0.854809 0.272643 2 5 0.915935 4 0.084065
combinesoldiersheet_zombie
  5 3.414413 -7.583807 0.898615 -0.375148 -0.756837 0.535221 0.823342 0.271589 1 5 1.000000
  5 2.035468 -6.224976 -0.109308 -0.914073 -0.379734 0.142384 0.854809 0.272643 2 5 0.915935 4 0.084065
  5 3.361231 -7.554574 0.224587 -0.393081 -0.918792 0.036179 0.824543 0.258957 1 5 1.000000
combinesoldiersheet_zombie
  5 3.414413 -7.583807 0.898615 -0.375148 -0.756837 0.535221 0.823342 0.271589 1 5 1.000000
  5 3.361231 -7.554574 0.224587 -0.393081 -0.918792 0.036179 0.824543 0.258957 1 5 1.000000
  5 5.143211 -7.520639 0.231801 0.373015 -0.926945 -0.040407 0.784845 0.260295 1 5 1.000000
combinesoldiersheet_zombie
  5 3.414413 -7.583807 0.898615 -0.375148 -0.756837 0.535221 0.823342 0.271589 1 5 1.000000
  5 5.143211 -7.520639 0.231801 0.373015 -0.926945 -0.040407 0.784845 0.260295 1 5 1.000000
  5 5.196265 -7.541781 0.936613 0.363470 -0.799882 0.477575 0.783652 0.273650 1 5 1.000000
combinesoldiersheet_zombie
  5 5.143211 -7.520639 0.231801 0.373015 -0.926945 -0.040407 0.784845 0.260295 1 5 1.000000
  5 6.649931 -6.159174 0.696036 0.828141 -0.500054 0.253236 0.752000 0.291015 2 5 0.807207 4 0.192793
  5 5.196265 -7.541781 0.936613 0.363470 -0.799882 0.477575 0.783652 0.273650 1 5 1.000000
combinesoldiersheet_zombie
  5 6.649931 -6.159174 0.696036 0.828141 -0.500054 0.253236 0.752000 0.291015 2 5 0.807207 4 0.192793
  5 5.171385 -7.312011 1.070067 0.255582 -0.459544 0.850586 0.784330 0.279797 2 5 0.948603 4 0.051397
  5 5.196265 -7.541781 0.936613 0.363470 -0.799882 0.477575 0.783652 0.273650 1 5 1.000000
combinesoldiersheet_zombie
  5 5.196265 -7.541781 0.936613 0.363470 -0.799882 0.477575 0.783652 0.273650 1 5 1.000000
  5 5.171385 -7.312011 1.070067 0.255582 -0.459544 0.850586 0.784330 0.279797 2 5 0.948603 4 0.051397
  5 3.480144 -7.353048 1.026585 -0.264159 -0.414492 0.870871 0.822002 0.277680 1 5 1.000000
combinesoldiersheet_zombie
  6 -4.156716 -4.862358 32.338333 0.402412 -0.827773 0.390968 0.864456 0.513776 1 6 1.000000
  6 -3.816786 -5.037428 32.107063 -0.093027 -0.981145 0.169410 0.890481 0.563877 1 6 1.000000
  6 -3.493746 -4.952116 32.275803 0.383860 -0.807848 0.447250 0.873839 0.595745 1 6 1.000000
combinesoldiersheet_zombie
  6 -3.493746 -4.952116 32.275803 0.383860 -0.807848 0.447250 0.873839 0.595745 1 6 1.000000
  6 -3.438734 -4.799200 32.337891 0.648830 -0.475054 0.594426 0.864461 0.613406 1 6 1.000000
  6 -4.156716 -4.862358 32.338333 0.402412 -0.827773 0.390968 0.864456 0.513776 1 6 1.000000
combinesoldiersheet_zombie
  6 -3.493746 -4.952116 32.275803 0.383860 -0.807848 0.447250 0.873839 0.595745 1 6 1.000000
  6 -3.462670 -4.694848 30.080973 0.589444 -0.459119 -0.664655 0.999866 0.613388 1 6 1.000000
  6 -3.438734 -4.799200 32.337891 0.648830 -0.475054 0.594426 0.864461 0.613406 1 6 1.000000
combinesoldiersheet_zombie
  6 -3.493746 -4.952116 32.275803 0.383860 -0.807848 0.447250 0.873839 0.595745 1 6 1.000000
  6 -3.516362 -4.853094 30.142733 0.325946 -0.787531 -0.523024 0.990922 0.595653 1 6 1.000000
  6 -3.462670 -4.694848 30.080973 0.589444 -0.459119 -0.664655 0.999866 0.613388 1 6 1.000000
combinesoldiersheet_zombie
  6 -3.516362 -4.853094 30.142733 0.325946 -0.787531 -0.523024 0.990922 0.595653 1 6 1.000000
  6 -4.192515 -4.765989 30.176249 0.345753 -0.804453 -0.483021 0.999948 0.513725 1 6 1.000000
  6 -3.462670 -4.694848 30.080973 0.589444 -0.459119 -0.664655 0.999866 0.613388 1 6 1.000000
combinesoldiersheet_zombie
  6 -3.516362 -4.853094 30.142733 0.325946 -0.787531 -0.523024 0.990922 0.595653 1 6 1.000000
  6 -3.840573 -4.957511 30.353603 -0.118099 -0.961922 -0.246493 0.974306 0.562162 1 6 1.000000
  6 -4.192515 -4.765989 30.176249 0.345753 -0.804453 -0.483021 0.999948 0.513725 1 6 1.000000
combinesoldiersheet_zombie
  6 -3.816786 -5.037428 32.107063 -0.093027 -0.981145 0.169410 0.890481 0.563877 1 6 1.000000
  6 -4.192515 -4.765989 30.176249 0.345753 -0.804453 -0.483021 0.999948 0.513725 1 6 1.000000
  6 -3.840573 -4.957511 30.353603 -0.118099 -0.961922 -0.246493 0.974306 0.562162 1 6 1.000000
combinesoldiersheet_zombie
  6 -3.840573 -4.957511 30.353603 -0.118099 -0.961922 -0.246493 0.974306 0.562162 1 6 1.000000
  6 -3.493746 -4.952116 32.275803 0.383860 -0.807848 0.447250 0.873839 0.595745 1 6 1.000000
  6 -3.816786 -5.037428 32.107063 -0.093027 -0.981145 0.169410 0.890481 0.563877 1 6 1.000000
combinesoldiersheet_zombie
  6 -3.840573 -4.957511 30.353603 -0.118099 -0.961922 -0.246493 0.974306 0.562162 1 6 1.000000
  6 -3.516362 -4.853094 30.142733 0.325946 -0.787531 -0.523024 0.990922 0.595653 1 6 1.000000
  6 -3.493746 -4.952116 32.275803 0.383860 -0.807848 0.447250 0.873839 0.595745 1 6 1.000000
combinesoldiersheet_zombie
  6 -3.816786 -5.037428 32.107063 -0.093027 -0.981145 0.169410 0.890481 0.563877 1 6 1.000000
  6 -4.156716 -4.862358 32.338333 0.402412 -0.827773 0.390968 0.864456 0.513776 1 6 1.000000
  6 -4.192515 -4.765989 30.176249 0.345753 -0.804453 -0.483021 0.999948 0.513725 1 6 1.000000
combinesoldiersheet_zombie
  5 7.250865 -2.781378 0.673994 0.997306 -0.068312 0.026710 0.886695 0.366822 2 5 0.554835 4 0.445165
  4 7.329365 -1.386735 -0.111212 0.996854 -0.011999 0.078348 0.874971 0.387529 2 4 0.513670 5 0.486330
  4 6.801005 0.724959 0.582382 0.937800 0.128743 0.322423 0.885029 0.421645 2 4 0.683834 5 0.316166
combinesoldiersheet_zombie
  5 6.582611 -6.215785 -0.076529 0.922700 -0.372587 -0.099017 0.876768 0.317856 2 5 0.809543 4 0.190458
  4 7.329365 -1.386735 -0.111212 0.996854 -0.011999 0.078348 0.874971 0.387529 2 4 0.513670 5 0.486330
  5 7.250865 -2.781378 0.673994 0.997306 -0.068312 0.026710 0.886695 0.366822 2 5 0.554835 4 0.445165
combinesoldiersheet_zombie
  5 7.250865 -2.781378 0.673994 0.997306 -0.068312 0.026710 0.886695 0.366822 2 5 0.554835 4 0.445165
  5 6.649931 -6.159174 0.696036 0.828141 -0.500054 0.253236 0.887968 0.318423 2 5 0.807207 4 0.192793
  5 6.582611 -6.215785 -0.076529 0.922700 -0.372587 -0.099017 0.876768 0.317856 2 5 0.809543 4 0.190458
combinesoldiersheet_zombie
  2 3.618554 -4.658570 29.161150 -0.695684 -0.468597 0.544464 0.864456 0.513776 1 2 1.000000
  2 3.671824 -4.811502 29.102699 -0.423109 -0.840142 0.339324 0.873617 0.531194 1 2 1.000000
  2 4.365109 -4.732221 29.218689 0.164798 -0.869397 0.465822 0.864461 0.613406 1 2 1.000000
combinesoldiersheet_zombie
  2 3.712939 -4.292650 26.882624 -0.561954 -0.453346 -0.691871 0.999948 0.513725 1 2 1.000000
  2 3.671824 -4.811502 29.102699 -0.423109 -0.840142 0.339324 0.873617 0.531194 1 2 1.000000
  2 3.618554 -4.658570 29.161150 -0.695684 -0.468597 0.544464 0.864456 0.513776 1 2 1.000000
combinesoldiersheet_zombie
  2 3.712939 -4.292650 26.882624 -0.561954 -0.453346 -0.691871 0.999948 0.513725 1 2 1.000000
  2 3.764883 -4.451299 26.948496 -0.313967 -0.732415 -0.604146 0.990001 0.532842 1 2 1.000000
  2 3.671824 -4.811502 29.102699 -0.423109 -0.840142 0.339324 0.873617 0.531194 1 2 1.000000
combinesoldiersheet_zombie
  2 4.401924 -4.372615 26.995749 0.270441 -0.705510 -0.655070 0.999866 0.613388 1 2 1.000000
  2 3.764883 -4.451299 26.948496 -0.313967 -0.732415 -0.604146 0.990001 0.532842 1 2 1.000000
  2 3.712939 -4.292650 26.882624 -0.561954 -0.453346 -0.691871 0.999948 0.513725 1 2 1.000000
combinesoldiersheet_zombie
  2 4.068571 -4.619402 27.166279 0.120304 -0.922979 -0.365563 0.973811 0.565435 1 2 1.000000
  2 3.764883 -4.451299 26.948496 -0.313967 -0.732415 -0.604146 0.990001 0.532842 1 2 1.000000
  2 4.401924 -4.372615 26.995749 0.270441 -0.705510 -0.655070 0.999866 0.613388 1 2 1.000000
combinesoldiersheet_zombie
  2 4.068571 -4.619402 27.166279 0.120304 -0.922979 -0.365563 0.973811 0.565435 1 2 1.000000
  2 4.401924 -4.372615 26.995749 0.270441 -0.705510 -0.655070 0.999866 0.613388 1 2 1.000000
  2 4.365109 -4.732221 29.218689 0.164798 -0.869397 0.465822 0.864461 0.613406 1 2 1.000000
combinesoldiersheet_zombie
  2 4.068571 -4.619402 27.166279 0.120304 -0.922979 -0.365563 0.973811 0.565435 1 2 1.000000
  2 4.365109 -4.732221 29.218689 0.164798 -0.869397 0.465822 0.864461 0.613406 1 2 1.000000
  2 4.009076 -4.853221 28.959190 0.084121 -0.995768 0.037006 0.889628 0.562242 1 2 1.000000
combinesoldiersheet_zombie
  2 4.009076 -4.853221 28.959190 0.084121 -0.995768 0.037006 0.889628 0.562242 1 2 1.000000
  2 4.365109 -4.732221 29.218689 0.164798 -0.869397 0.465822 0.864461 0.613406 1 2 1.000000
  2 3.671824 -4.811502 29.102699 -0.423109 -0.840142 0.339324 0.873617 0.531194 1 2 1.000000
combinesoldiersheet_zombie
  2 4.009076 -4.853221 28.959190 0.084121 -0.995768 0.037006 0.889628 0.562242 1 2 1.000000
  2 3.671824 -4.811502 29.102699 -0.423109 -0.840142 0.339324 0.873617 0.531194 1 2 1.000000
  2 3.764883 -4.451299 26.948496 -0.313967 -0.732415 -0.604146 0.990001 0.532842 1 2 1.000000
combinesoldiersheet_zombie
  2 4.009076 -4.853221 28.959190 0.084121 -0.995768 0.037006 0.889628 0.562242 1 2 1.000000
  2 3.764883 -4.451299 26.948496 -0.313967 -0.732415 -0.604146 0.990001 0.532842 1 2 1.000000
  2 4.068571 -4.619402 27.166279 0.120304 -0.922979 -0.365563 0.973811 0.565435 1 2 1.000000
combinesoldiersheet_zombie
  3 6.718177 2.059112 6.859539 0.908907 0.305219 -0.284130 0.976232 0.442137 2 3 0.779012 4 0.220988
  3 6.764975 0.110655 6.750656 0.867883 -0.462560 -0.181156 0.974953 0.412526 2 3 0.733003 4 0.266997
  4 6.288908 -0.025373 5.372604 0.926988 -0.374244 -0.025191 0.955229 0.412510 3 4 0.528212 3 0.409133 5 0.062655
combinesoldiersheet_zombie
  5 6.689960 -5.997410 1.888197 0.866727 -0.403055 0.293822 0.905276 0.320693 2 5 0.724723 4 0.275277
  5 6.649931 -6.159174 0.696036 0.873578 -0.481833 -0.068541 0.887968 0.318423 2 5 0.807207 4 0.192793
  5 7.250865 -2.781378 0.673994 0.998422 -0.030922 -0.046879 0.886695 0.366822 2 5 0.554835 4 0.445165
combinesoldiersheet_zombie
  5 6.689960 -5.997410 1.888197 0.866727 -0.403055 0.293822 0.905276 0.320693 2 5 0.724723 4 0.275277
  5 7.250865 -2.781378 0.673994 0.998422 -0.030922 -0.046879 0.886695 0.366822 2 5 0.554835 4 0.445165
  4 7.304381 -2.888621 1.447850 0.986347 0.007834 0.164493 0.897950 0.364976 2 4 0.523665 5 0.476335
combinesoldiersheet_zombie
  4 6.801005 0.724959 0.582382 0.990082 0.120699 -0.071903 0.885029 0.421645 2 4 0.683834 5 0.316166
  4 7.304381 -2.888621 1.447850 0.986347 0.007834 0.164493 0.897950 0.364976 2 4 0.523665 5 0.476335
  5 7.250865 -2.781378 0.673994 0.998422 -0.030922 -0.046879 0.886695 0.366822 2 5 0.554835 4 0.445165
combinesoldiersheet_zombie
  4 7.304381 -2.888621 1.447850 0.986347 0.007834 0.164493 0.897950 0.364976 2 4 0.523665 5 0.476335
  4 6.801005 0.724959 0.582382 0.990082 0.120699 -0.071903 0.885029 0.421645 2 4 0.683834 5 0.316166
  4 6.675303 2.287324 1.189153 0.968084 0.209478 0.137595 0.893672 0.445754 3 4 0.792094 5 0.144231 3 0.063675
combinesoldiersheet_zombie
  4 7.304381 -2.888621 1.447850 0.986347 0.007834 0.164493 0.897950 0.364976 2 4 0.523665 5 0.476335
  4 6.675303 2.287324 1.189153 0.968084 0.209478 0.137595 0.893672 0.445754 3 4 0.792094 5 0.144231 3 0.063675
  4 6.292126 0.089627 3.841409 0.942771 -0.168653 0.287643 0.932910 0.414231 3 4 0.668057 3 0.173434 5 0.158509
combinesoldiersheet_zombie
  4 6.675303 2.287324 1.189153 0.968084 0.209478 0.137595 0.893672 0.445754 3 4 0.792094 5 0.144231 3 0.063675
  4 6.257280 1.891903 4.006415 0.965876 0.229231 0.120565 0.935022 0.441572 3 4 0.732510 3 0.185817 5 0.081673
  4 6.292126 0.089627 3.841409 0.942771 -0.168653 0.287643 0.932910 0.414231 3 4 0.668057 3 0.173434 5 0.158509
combinesoldiersheet_zombie
  4 6.288908 -0.025373 5.372604 0.926988 -0.374244 -0.025191 0.955229 0.412510 3 4 0.528212 3 0.409133 5 0.062655
  4 6.292126 0.089627 3.841409 0.942771 -0.168653 0.287643 0.932910 0.414231 3 4 0.668057 3 0.173434 5 0.158509
  4 6.257280 1.891903 4.006415 0.965876 0.229231 0.120565 0.935022 0.441572 3 4 0.732510 3 0.185817 5 0.081673
combinesoldiersheet_zombie
  4 6.288908 -0.025373 5.372604 0.926988 -0.374244 -0.025191 0.955229 0.412510 3 4 0.528212 3 0.409133 5 0.062655
  4 6.257280 1.891903 4.006415 0.965876 0.229231 0.120565 0.935022 0.441572 3 4 0.732510 3 0.185817 5 0.081673
  4 6.152875 1.856825 5.185188 0.954020 0.277767 -0.112653 0.952258 0.441488 2 4 0.583969 3 0.416031
combinesoldiersheet_zombie
  3 6.718177 2.059112 6.859539 0.908907 0.305219 -0.284130 0.976232 0.442137 2 3 0.779012 4 0.220988
  4 6.288908 -0.025373 5.372604 0.926988 -0.374244 -0.025191 0.955229 0.412510 3 4 0.528212 3 0.409133 5 0.062655
  4 6.152875 1.856825 5.185188 0.954020 0.277767 -0.112653 0.952258 0.441488 2 4 0.583969 3 0.416031
combinesoldiersheet_zombie
  3 6.718177 2.059112 6.859539 0.908907 0.305219 -0.284130 0.976232 0.442137 2 3 0.779012 4 0.220988
  4 6.152875 1.856825 5.185188 0.954020 0.277767 -0.112653 0.952258 0.441488 2 4 0.583969 3 0.416031
  4 5.173087 3.873829 5.735014 0.507170 0.860567 -0.046941 0.960515 0.476102 2 4 0.598676 3 0.401324
combinesoldiersheet_zombie
  3 6.718177 2.059112 6.859539 0.908907 0.305219 -0.284130 0.976232 0.442137 2 3 0.779012 4 0.220988
  4 5.173087 3.873829 5.735014 0.507170 0.860567 -0.046941 0.960515 0.476102 2 4 0.598676 3 0.401324
  3 5.038768 4.430819 7.524460 0.449805 0.839508 -0.304798 0.986534 0.485091 2 3 0.852036 4 0.147964
combinesoldiersheet_zombie
  4 5.173087 3.873829 5.735014 0.507170 0.860567 -0.046941 0.960515 0.476102 2 4 0.598676 3 0.401324
  3 2.806690 4.471476 7.521491 -0.553130 0.792078 -0.258186 0.987851 0.507304 1 3 1.000000
  3 5.038768 4.430819 7.524460 0.449805 0.839508 -0.304798 0.986534 0.485091 2 3 0.852036 4 0.147964
combinesoldiersheet_zombie
  4 5.173087 3.873829 5.735014 0.507170 0.860567 -0.046941 0.960515 0.476102 2 4 0.598676 3 0.401324
  4 2.936543 3.806891 5.721190 -0.563005 0.825716 -0.034908 0.961693 0.496703 2 4 0.678679 3 0.321321
  3 2.806690 4.471476 7.521491 -0.553130 0.792078 -0.258186 0.987851 0.507304 1 3 1.000000
combinesoldiersheet_zombie
  4 5.038693 4.422033 3.906841 0.532334 0.821413 0.204700 0.933879 0.484946 2 4 0.849416 3 0.150584
  4 2.936543 3.806891 5.721190 -0.563005 0.825716 -0.034908 0.961693 0.496703 2 4 0.678679 3 0.321321
  4 5.173087 3.873829 5.735014 0.507170 0.860567 -0.046941 0.960515 0.476102 2 4 0.598676 3 0.401324
combinesoldiersheet_zombie
  4 5.038693 4.422033 3.906841 0.532334 0.821413 0.204700 0.933879 0.484946 2 4 0.849416 3 0.150584
  4 3.165261 4.419365 4.021489 -0.530350 0.841499 0.102994 0.936696 0.504967 2 4 0.877505 3 0.122495
  4 2.936543 3.806891 5.721190 -0.563005 0.825716 -0.034908 0.961693 0.496703 2 4 0.678679 3 0.321321
combinesoldiersheet_zombie
  4 5.484809 4.562609 1.955878 0.540620 0.841134 0.014935 0.905171 0.485164 3 4 0.878636 3 0.064096 5 0.057268
  4 3.165261 4.419365 4.021489 -0.530350 0.841499 0.102994 0.936696 0.504967 2 4 0.877505 3 0.122495
  4 5.038693 4.422033 3.906841 0.532334 0.821413 0.204700 0.933879 0.484946 2 4 0.849416 3 0.150584
combinesoldiersheet_zombie
  4 5.484809 4.562609 1.955878 0.540620 0.841134 0.014935 0.905171 0.485164 3 4 0.878636 3 0.064096 5 0.057268
  4 3.556574 4.636699 2.216499 -0.502515 0.855192 -0.126988 0.910134 0.506576 2 4 0.940225 3 0.059775
  4 3.165261 4.419365 4.021489 -0.530350 0.841499 0.102994 0.936696 0.504967 2 4 0.877505 3 0.122495
combinesoldiersheet_zombie
  4 5.682591 4.257216 1.041076 0.530790 0.833547 -0.153169 0.891782 0.479712 2 4 0.937964 5 0.062036
  4 3.556574 4.636699 2.216499 -0.502515 0.855192 -0.126988 0.910134 0.506576 2 4 0.940225 3 0.059775
  4 5.484809 4.562609 1.955878 0.540620 0.841134 0.014935 0.905171 0.485164 3 4 0.878636 3 0.064096 5 0.057268
combinesoldiersheet_zombie
  4 5.682591 4.257216 1.041076 0.530790 0.833547 -0.153169 0.891782 0.479712 2 4 0.937964 5 0.062036
  4 3.566181 4.307947 1.118337 -0.593530 0.694994 -0.405839 0.894193 0.501575 1 4 1.000000
  4 3.556574 4.636699 2.216499 -0.502515 0.855192 -0.126988 0.910134 0.506576 2 4 0.940225 3 0.059775
combinesoldiersheet_zombie
  4 6.152875 1.856825 5.185188 0.954020 0.277767 -0.112653 0.952258 0.441488 2 4 0.583969 3 0.416031
  4 5.038693 4.422033 3.906841 0.532334 0.821413 0.204700 0.933879 0.484946 2 4 0.849416 3 0.150584
  4 5.173087 3.873829 5.735014 0.507170 0.860567 -0.046941 0.960515 0.476102 2 4 0.598676 3 0.401324
combinesoldiersheet_zombie
  4 6.152875 1.856825 5.185188 0.954020 0.277767 -0.112653 0.952258 0.441488 2 4 0.583969 3 0.416031
  4 6.257280 1.891903 4.006415 0.965876 0.229231 0.120565 0.935022 0.441572 3 4 0.732510 3 0.185817 5 0.081673
  4 5.038693 4.422033 3.906841 0.532334 0.821413 0.204700 0.933879 0.484946 2 4 0.849416 3 0.150584
combinesoldiersheet_zombie
  4 5.038693 4.422033 3.906841 0.532334 0.821413 0.204700 0.933879 0.484946 2 4 0.849416 3 0.150584
  4 6.257280 1.891903 4.006415 0.965876 0.229231 0.120565 0.935022 0.441572 3 4 0.732510 3 0.185817 5 0.081673
  4 6.675303 2.287324 1.189153 0.968084 0.209478 0.137595 0.893672 0.445754 3 4 0.792094 5 0.144231 3 0.063675
combinesoldiersheet_zombie
  4 5.038693 4.422033 3.906841 0.532334 0.821413 0.204700 0.933879 0.484946 2 4 0.849416 3 0.150584
  4 6.675303 2.287324 1.189153 0.968084 0.209478 0.137595 0.893672 0.445754 3 4 0.792094 5 0.144231 3 0.063675
  4 5.484809 4.562609 1.955878 0.540620 0.841134 0.014935 0.905171 0.485164 3 4 0.878636 3 0.064096 5 0.057268
combinesoldiersheet_zombie
  4 5.682591 4.257216 1.041076 0.530790 0.833547 -0.153169 0.891782 0.479712 2 4 0.937964 5 0.062036
  4 5.484809 4.562609 1.955878 0.540620 0.841134 0.014935 0.905171 0.485164 3 4 0.878636 3 0.064096 5 0.057268
  4 6.675303 2.287324 1.189153 0.968084 0.209478 0.137595 0.893672 0.445754 3 4 0.792094 5 0.144231 3 0.063675
combinesoldiersheet_zombie
  4 7.304381 -2.888621 1.447850 0.986347 0.007834 0.164493 0.897950 0.364976 2 4 0.523665 5 0.476335
  5 6.069407 -5.526852 2.885374 0.565151 -0.209582 0.797922 0.920096 0.330441 2 5 0.662113 4 0.337887
  5 6.689960 -5.997410 1.888197 0.866727 -0.403055 0.293822 0.905276 0.320693 2 5 0.724723 4 0.275277
combinesoldiersheet_zombie
  4 7.304381 -2.888621 1.447850 0.986347 0.007834 0.164493 0.897950 0.364976 2 4 0.523665 5 0.476335
  4 6.266617 -3.318678 2.634023 0.750589 -0.081760 0.655691 0.915932 0.362916 2 4 0.537472 5 0.462528
  5 6.069407 -5.526852 2.885374 0.565151 -0.209582 0.797922 0.920096 0.330441 2 5 0.662113 4 0.337887
combinesoldiersheet_zombie
  4 7.304381 -2.888621 1.447850 0.986347 0.007834 0.164493 0.897950 0.364976 2 4 0.523665 5 0.476335
  4 6.292126 0.089627 3.841409 0.942771 -0.168653 0.287643 0.932910 0.414231 3 4 0.668057 3 0.173434 5 0.158509
  4 6.266617 -3.318678 2.634023 0.750589 -0.081760 0.655691 0.915932 0.362916 2 4 0.537472 5 0.462528
combinesoldiersheet_zombie
  5 5.138480 -7.084174 2.723776 0.299975 -0.538783 0.787228 0.785187 0.315383 2 5 0.845214 4 0.154786
  5 5.057904 -5.574322 3.177723 0.225740 -0.159950 0.960967 0.787798 0.347611 2 5 0.662711 4 0.337289
  5 3.417810 -5.597970 3.323641 -0.140522 -0.159257 0.977185 0.824339 0.349455 2 5 0.667265 4 0.332735
combinesoldiersheet_zombie
  4 5.095710 -3.952362 3.324704 0.344737 -0.227506 0.910713 0.787831 0.375675 2 4 0.532438 5 0.467562
  4 5.277367 -1.671094 4.566365 0.461019 -0.643726 0.610801 0.785015 0.435257 3 4 0.607304 5 0.204099 3 0.188597
  4 3.382641 -1.697766 4.604902 -0.395242 -0.675449 0.622537 0.827229 0.434877 3 4 0.617034 5 0.205414 3 0.177552
combinesoldiersheet_zombie
  4 5.095710 -3.952362 3.324704 0.344737 -0.227506 0.910713 0.787831 0.375675 2 4 0.532438 5 0.467562
  4 3.382641 -1.697766 4.604902 -0.395242 -0.675449 0.622537 0.827229 0.434877 3 4 0.617034 5 0.205414 3 0.177552
  4 3.372317 -3.974358 3.500973 -0.259831 -0.237788 0.935919 0.826230 0.378101 2 4 0.527969 5 0.472031
combinesoldiersheet_zombie
  5 5.057904 -5.574322 3.177723 0.225740 -0.159950 0.960967 0.787798 0.347611 2 5 0.662711 4 0.337289
  4 5.095710 -3.952362 3.324704 0.344737 -0.227506 0.910713 0.787831 0.375675 2 4 0.532438 5 0.467562
  4 3.372317 -3.974358 3.500973 -0.259831 -0.237788 0.935919 0.826230 0.378101 2 4 0.527969 5 0.472031
combinesoldiersheet_zombie
  5 5.057904 -5.574322 3.177723 0.225740 -0.159950 0.960967 0.787798 0.347611 2 5 0.662711 4 0.337289
  4 3.372317 -3.974358 3.500973 -0.259831 -0.237788 0.935919 0.826230 0.378101 2 4 0.527969 5 0.472031
  5 3.417810 -5.597970 3.323641 -0.140522 -0.159257 0.977185 0.824339 0.349455 2 5 0.667265 4 0.332735
combinesoldiersheet_zombie
  5 2.529311 -5.519447 3.061607 -0.619773 -0.197332 0.759566 0.844184 0.345261 2 5 0.677715 4 0.322285
  5 3.417810 -5.597970 3.323641 -0.140522 -0.159257 0.977185 0.824339 0.349455 2 5 0.667265 4 0.332735
  4 3.372317 -3.974358 3.500973 -0.259831 -0.237788 0.935919 0.826230 0.378101 2 4 0.527969 5 0.472031
combinesoldiersheet_zombie
  5 2.529311 -5.519447 3.061607 -0.619773 -0.197332 0.759566 0.844184 0.345261 2 5 0.677715 4 0.322285
  5 3.389501 -7.074172 2.936893 -0.238530 -0.554254 0.797437 0.824172 0.319011 2 5 0.845016 4 0.154984
  5 3.417810 -5.597970 3.323641 -0.140522 -0.159257 0.977185 0.824339 0.349455 2 5 0.667265 4 0.332735
combinesoldiersheet_zombie
  5 5.138480 -7.084174 2.723776 0.299975 -0.538783 0.787228 0.785187 0.315383 2 5 0.845214 4 0.154786
  5 3.417810 -5.597970 3.323641 -0.140522 -0.159257 0.977185 0.824339 0.349455 2 5 0.667265 4 0.332735
  5 3.389501 -7.074172 2.936893 -0.238530 -0.554254 0.797437 0.824172 0.319011 2 5 0.845016 4 0.154984
combinesoldiersheet_zombie
  5 5.518784 -7.366397 1.959296 0.395460 -0.889016 0.230786 0.776558 0.296321 2 5 0.897739 4 0.102261
  5 5.138480 -7.084174 2.723776 0.299975 -0.538783 0.787228 0.785187 0.315383 2 5 0.845214 4 0.154786
  5 3.389501 -7.074172 2.936893 -0.238530 -0.554254 0.797437 0.824172 0.319011 2 5 0.845016 4 0.154984
combinesoldiersheet_zombie
  5 6.069407 -5.526852 2.885374 0.565151 -0.209582 0.797922 0.765280 0.343062 2 5 0.662113 4 0.337887
  5 5.138480 -7.084174 2.723776 0.299975 -0.538783 0.787228 0.785187 0.315383 2 5 0.845214 4 0.154786
  5 5.518784 -7.366397 1.959296 0.395460 -0.889016 0.230786 0.776558 0.296321 2 5 0.897739 4 0.102261
combinesoldiersheet_zombie
  5 6.069407 -5.526852 2.885374 0.565151 -0.209582 0.797922 0.765280 0.343062 2 5 0.662113 4 0.337887
  5 5.518784 -7.366397 1.959296 0.395460 -0.889016 0.230786 0.776558 0.296321 2 5 0.897739 4 0.102261
  5 6.689960 -5.997410 1.888197 0.866727 -0.403055 0.293822 0.751195 0.316654 2 5 0.724723 4 0.275277
combinesoldiersheet_zombie
  4 3.382641 -1.697766 4.604902 -0.395242 -0.675449 0.622537 0.827229 0.434877 3 4 0.617034 5 0.205414 3 0.177552
  4 4.994946 -1.071252 5.848495 0.372947 -0.895916 0.241341 0.791633 0.469326 3 4 0.505834 3 0.418480 5 0.075686
  4 3.109838 -1.086463 5.890759 -0.397700 -0.879861 0.260152 0.833639 0.469199 3 4 0.478749 3 0.448701 5 0.072550
combinesoldiersheet_zombie
  4 3.382641 -1.697766 4.604902 -0.395242 -0.675449 0.622537 0.827229 0.434877 3 4 0.617034 5 0.205414 3 0.177552
  4 5.277367 -1.671094 4.566365 0.461019 -0.643726 0.610801 0.785015 0.435257 3 4 0.607304 5 0.204099 3 0.188597
  4 4.994946 -1.071252 5.848495 0.372947 -0.895916 0.241341 0.791633 0.469326 3 4 0.505834 3 0.418480 5 0.075686
combinesoldiersheet_zombie
  5 6.069407 -5.526852 2.885374 0.565151 -0.209582 0.797922 0.765280 0.343062 2 5 0.662113 4 0.337887
  5 5.057904 -5.574322 3.177723 0.225740 -0.159950 0.960967 0.787798 0.347611 2 5 0.662711 4 0.337289
  5 5.138480 -7.084174 2.723776 0.299975 -0.538783 0.787228 0.785187 0.315383 2 5 0.845214 4 0.154786
combinesoldiersheet_zombie
  4 6.266617 -3.318678 2.634023 0.750589 -0.081760 0.655691 0.762077 0.372572 2 4 0.537472 5 0.462528
  5 5.057904 -5.574322 3.177723 0.225740 -0.159950 0.960967 0.787798 0.347611 2 5 0.662711 4 0.337289
  5 6.069407 -5.526852 2.885374 0.565151 -0.209582 0.797922 0.765280 0.343062 2 5 0.662113 4 0.337887
combinesoldiersheet_zombie
  4 6.266617 -3.318678 2.634023 0.750589 -0.081760 0.655691 0.762077 0.372572 2 4 0.537472 5 0.462528
  4 5.095710 -3.952362 3.324704 0.344737 -0.227506 0.910713 0.787831 0.375675 2 4 0.532438 5 0.467562
  5 5.057904 -5.574322 3.177723 0.225740 -0.159950 0.960967 0.787798 0.347611 2 5 0.662711 4 0.337289
combinesoldiersheet_zombie
  4 5.095710 -3.952362 3.324704 0.344737 -0.227506 0.910713 0.787831 0.375675 2 4 0.532438 5 0.467562
  4 6.266617 -3.318678 2.634023 0.750589 -0.081760 0.655691 0.762077 0.372572 2 4 0.537472 5 0.462528
  4 6.292126 0.089627 3.841409 0.942771 -0.168653 0.287643 0.763349 0.448942 3 4 0.668057 3 0.173434 5 0.158509
combinesoldiersheet_zombie
  4 5.095710 -3.952362 3.324704 0.344737 -0.227506 0.910713 0.787831 0.375675 2 4 0.532438 5 0.467562
  4 6.292126 0.089627 3.841409 0.942771 -0.168653 0.287643 0.763349 0.448942 3 4 0.668057 3 0.173434 5 0.158509
  4 5.277367 -1.671094 4.566365 0.461019 -0.643726 0.610801 0.785015 0.435257 3 4 0.607304 5 0.204099 3 0.188597
combinesoldiersheet_zombie
  4 6.288908 -0.025373 5.372604 0.926988 -0.374244 -0.025191 0.763358 0.476837 3 4 0.528212 3 0.409133 5 0.062655
  4 5.277367 -1.671094 4.566365 0.461019 -0.643726 0.610801 0.785015 0.435257 3 4 0.607304 5 0.204099 3 0.188597
  4 6.292126 0.089627 3.841409 0.942771 -0.168653 0.287643 0.763349 0.448942 3 4 0.668057 3 0.173434 5 0.158509
combinesoldiersheet_zombie
  4 6.288908 -0.025373 5.372604 0.926988 -0.374244 -0.025191 0.763358 0.476837 3 4 0.528212 3 0.409133 5 0.062655
  4 4.994946 -1.071252 5.848495 0.372947 -0.895916 0.241341 0.791633 0.469326 3 4 0.505834 3 0.418480 5 0.075686
  4 5.277367 -1.671094 4.566365 0.461019 -0.643726 0.610801 0.785015 0.435257 3 4 0.607304 5 0.204099 3 0.188597
combinesoldiersheet_zombie
  3 6.764975 0.110655 6.750656 0.867883 -0.462560 -0.181156 0.752797 0.505807 2 3 0.733003 4 0.266997
  4 4.994946 -1.071252 5.848495 0.372947 -0.895916 0.241341 0.791633 0.469326 3 4 0.505834 3 0.418480 5 0.075686
  4 6.288908 -0.025373 5.372604 0.926988 -0.374244 -0.025191 0.763358 0.476837 3 4 0.528212 3 0.409133 5 0.062655
combinesoldiersheet_zombie
  3 6.764975 0.110655 6.750656 0.867883 -0.462560 -0.181156 0.752797 0.505807 2 3 0.733003 4 0.266997
  3 5.046536 -0.817617 6.889496 0.289347 -0.946363 0.143789 0.790643 0.493429 2 3 0.727759 4 0.272241
  4 4.994946 -1.071252 5.848495 0.372947 -0.895916 0.241341 0.791633 0.469326 3 4 0.505834 3 0.418480 5 0.075686
combinesoldiersheet_zombie
  4 3.109838 -1.086463 5.890759 -0.397700 -0.879861 0.260152 0.833639 0.469199 3 4 0.478749 3 0.448701 5 0.072550
  4 4.994946 -1.071252 5.848495 0.372947 -0.895916 0.241341 0.791633 0.469326 3 4 0.505834 3 0.418480 5 0.075686
  3 5.046536 -0.817617 6.889496 0.289347 -0.946363 0.143789 0.790643 0.493429 2 3 0.727759 4 0.272241
combinesoldiersheet_zombie
  4 3.109838 -1.086463 5.890759 -0.397700 -0.879861 0.260152 0.833639 0.469199 3 4 0.478749 3 0.448701 5 0.072550
  3 5.046536 -0.817617 6.889496 0.289347 -0.946363 0.143789 0.790643 0.493429 2 3 0.727759 4 0.272241
  3 3.147663 -0.796655 6.875272 -0.381773 -0.900200 0.209496 0.833149 0.492766 2 3 0.787014 4 0.212987
combinesoldiersheet_zombie
  4 2.156256 -0.026809 5.600091 -0.919862 -0.379286 0.099981 0.855464 0.479669 2 4 0.526317 3 0.473683
  4 3.109838 -1.086463 5.890759 -0.397700 -0.879861 0.260152 0.833639 0.469199 3 4 0.478749 3 0.448701 5 0.072550
  3 3.147663 -0.796655 6.875272 -0.381773 -0.900200 0.209496 0.833149 0.492766 2 3 0.787014 4 0.212987
combinesoldiersheet_zombie
  4 2.156256 -0.026809 5.600091 -0.919862 -0.379286 0.099981 0.855464 0.479669 2 4 0.526317 3 0.473683
  4 3.382641 -1.697766 4.604902 -0.395242 -0.675449 0.622537 0.827229 0.434877 3 4 0.617034 5 0.205414 3 0.177552
  4 3.109838 -1.086463 5.890759 -0.397700 -0.879861 0.260152 0.833639 0.469199 3 4 0.478749 3 0.448701 5 0.072550
combinesoldiersheet_zombie
  4 2.156256 -0.026809 5.600091 -0.919862 -0.379286 0.099981 0.855464 0.479669 2 4 0.526317 3 0.473683
  4 1.835053 0.014063 3.805040 -0.960566 -0.190713 0.202338 0.862645 0.445385 3 4 0.689579 5 0.174512 3 0.135909
  4 3.382641 -1.697766 4.604902 -0.395242 -0.675449 0.622537 0.827229 0.434877 3 4 0.617034 5 0.205414 3 0.177552
combinesoldiersheet_zombie
  4 1.835053 0.014063 3.805040 -0.960566 -0.190713 0.202338 0.862645 0.445385 3 4 0.689579 5 0.174512 3 0.135909
  4 3.372317 -3.974358 3.500973 -0.259831 -0.237788 0.935919 0.826230 0.378101 2 4 0.527969 5 0.472031
  4 3.382641 -1.697766 4.604902 -0.395242 -0.675449 0.622537 0.827229 0.434877 3 4 0.617034 5 0.205414 3 0.177552
combinesoldiersheet_zombie
  4 1.835053 0.014063 3.805040 -0.960566 -0.190713 0.202338 0.862645 0.445385 3 4 0.689579 5 0.174512 3 0.135909
  5 2.468995 -3.532737 2.874392 -0.787590 -0.111137 0.606094 0.846601 0.372476 2 5 0.513676 4 0.486324
  4 3.372317 -3.974358 3.500973 -0.259831 -0.237788 0.935919 0.826230 0.378101 2 4 0.527969 5 0.472031
combinesoldiersheet_zombie
  5 2.529311 -5.519447 3.061607 -0.619773 -0.197332 0.759566 0.844184 0.345261 2 5 0.677715 4 0.322285
  4 3.372317 -3.974358 3.500973 -0.259831 -0.237788 0.935919 0.826230 0.378101 2 4 0.527969 5 0.472031
  5 2.468995 -3.532737 2.874392 -0.787590 -0.111137 0.606094 0.846601 0.372476 2 5 0.513676 4 0.486324
combinesoldiersheet_zombie
  5 1.988917 -6.032880 2.099024 -0.917219 -0.272553 0.290558 0.855950 0.318420 2 5 0.774535 4 0.225465
  5 2.529311 -5.519447 3.061607 -0.619773 -0.197332 0.759566 0.844184 0.345261 2 5 0.677715 4 0.322285
  5 2.468995 -3.532737 2.874392 -0.787590 -0.111137 0.606094 0.846601 0.372476 2 5 0.513676 4 0.486324
combinesoldiersheet_zombie
  4 2.156256 -0.026809 5.600091 -0.919862 -0.379286 0.099981 0.855464 0.479669 2 4 0.526317 3 0.473683
  3 3.147663 -0.796655 6.875272 -0.381773 -0.900200 0.209496 0.833149 0.492766 2 3 0.787014 4 0.212987
  3 2.175181 0.032243 6.830487 -0.904016 -0.417991 0.089657 0.855255 0.504410 2 3 0.862796 4 0.137204
combinesoldiersheet_zombie
  5 1.988917 -6.032880 2.099024 -0.917219 -0.272553 0.290558 0.855950 0.318420 2 5 0.774535 4 0.225465
  5 3.389501 -7.074172 2.936893 -0.238530 -0.554254 0.797437 0.824172 0.319011 2 5 0.845016 4 0.154984
  5 2.529311 -5.519447 3.061607 -0.619773 -0.197332 0.759566 0.844184 0.345261 2 5 0.677715 4 0.322285
combinesoldiersheet_zombie
  5 1.988917 -6.032880 2.099024 -0.917219 -0.272553 0.290558 0.855950 0.318420 2 5 0.774535 4 0.225465
  5 3.238304 -7.405357 2.170981 -0.377738 -0.900097 0.217114 0.827363 0.298961 2 5 0.918373 4 0.081627
  5 3.389501 -7.074172 2.936893 -0.238530 -0.554254 0.797437 0.824172 0.319011 2 5 0.845016 4 0.154984
combinesoldiersheet_zombie
  5 5.518784 -7.366397 1.959296 0.395460 -0.889016 0.230786 0.776558 0.296321 2 5 0.897739 4 0.102261
  5 3.389501 -7.074172 2.936893 -0.238530 -0.554254 0.797437 0.824172 0.319011 2 5 0.845016 4 0.154984
  5 3.238304 -7.405357 2.170981 -0.377738 -0.900097 0.217114 0.827363 0.298961 2 5 0.918373 4 0.081627
combinesoldiersheet_zombie
  5 5.171385 -7.312011 1.070067 0.372963 -0.924724 -0.076051 0.784330 0.279797 2 5 0.948603 4 0.051397
  5 5.518784 -7.366397 1.959296 0.395460 -0.889016 0.230786 0.776558 0.296321 2 5 0.897739 4 0.102261
  5 3.238304 -7.405357 2.170981 -0.377738 -0.900097 0.217114 0.827363 0.298961 2 5 0.918373 4 0.081627
combinesoldiersheet_zombie
  5 5.171385 -7.312011 1.070067 0.372963 -0.924724 -0.076051 0.784330 0.279797 2 5 0.948603 4 0.051397
  5 6.689960 -5.997410 1.888197 0.866727 -0.403055 0.293822 0.751195 0.316654 2 5 0.724723 4 0.275277
  5 5.518784 -7.366397 1.959296 0.395460 -0.889016 0.230786 0.776558 0.296321 2 5 0.897739 4 0.102261
combinesoldiersheet_zombie
  5 5.171385 -7.312011 1.070067 0.372963 -0.924724 -0.076051 0.784330 0.279797 2 5 0.948603 4 0.051397
  5 6.649931 -6.159174 0.696036 0.873578 -0.481833 -0.068541 0.752000 0.291015 2 5 0.807207 4 0.192793
  5 6.689960 -5.997410 1.888197 0.866727 -0.403055 0.293822 0.751195 0.316654 2 5 0.724723 4 0.275277
combinesoldiersheet_zombie
  5 3.480144 -7.353048 1.026585 -0.366815 -0.927124 -0.076734 0.822002 0.277680 1 5 1.000000
  5 1.988917 -6.032880 2.099024 -0.917219 -0.272553 0.290558 0.855950 0.318420 2 5 0.774535 4 0.225465
  5 2.160818 -6.168159 0.658692 -0.906553 -0.414314 -0.080656 0.852046 0.288461 2 5 0.877284 4 0.122716
combinesoldiersheet_zombie
  5 3.480144 -7.353048 1.026585 -0.366815 -0.927124 -0.076734 0.822002 0.277680 1 5 1.000000
  5 3.238304 -7.405357 2.170981 -0.377738 -0.900097 0.217114 0.827363 0.298961 2 5 0.918373 4 0.081627
  5 1.988917 -6.032880 2.099024 -0.917219 -0.272553 0.290558 0.855950 0.318420 2 5 0.774535 4 0.225465
combinesoldiersheet_zombie
  5 5.171385 -7.312011 1.070067 0.372963 -0.924724 -0.076051 0.784330 0.279797 2 5 0.948603 4 0.051397
  5 3.238304 -7.405357 2.170981 -0.377738 -0.900097 0.217114 0.827363 0.298961 2 5 0.918373 4 0.081627
  5 3.480144 -7.353048 1.026585 -0.366815 -0.927124 -0.076734 0.822002 0.277680 1 5 1.000000
combinesoldiersheet_zombie
  2 4.715323 -3.774925 23.858730 0.235729 -0.644223 -0.727605 0.864456 0.513776 1 2 1.000000
  2 4.099047 -3.807867 23.827969 -0.344600 -0.632990 -0.693234 0.873577 0.594635 1 2 1.000000
  2 4.062331 -3.653078 23.747202 -0.731376 -0.421657 -0.535998 0.864461 0.613406 1 2 1.000000
combinesoldiersheet_zombie
  2 4.371159 -4.025186 23.976885 0.072987 -0.826119 -0.558749 0.889461 0.562877 1 2 1.000000
  2 4.099047 -3.807867 23.827969 -0.344600 -0.632990 -0.693234 0.873577 0.594635 1 2 1.000000
  2 4.715323 -3.774925 23.858730 0.235729 -0.644223 -0.727605 0.864456 0.513776 1 2 1.000000
combinesoldiersheet_zombie
  2 4.213402 -4.644757 25.688036 0.044427 -0.997343 -0.057728 0.975638 0.564358 1 2 1.000000
  2 4.099047 -3.807867 23.827969 -0.344600 -0.632990 -0.693234 0.873577 0.594635 1 2 1.000000
  2 4.371159 -4.025186 23.976885 0.072987 -0.826119 -0.558749 0.889461 0.562877 1 2 1.000000
combinesoldiersheet_zombie
  2 4.371159 -4.025186 23.976885 0.072987 -0.826119 -0.558749 0.889461 0.562877 1 2 1.000000
  2 4.542055 -4.517585 25.938776 0.149260 -0.852543 0.500892 0.999948 0.513725 1 2 1.000000
  2 4.213402 -4.644757 25.688036 0.044427 -0.997343 -0.057728 0.975638 0.564358 1 2 1.000000
combinesoldiersheet_zombie
  2 4.213402 -4.644757 25.688036 0.044427 -0.997343 -0.057728 0.975638 0.564358 1 2 1.000000
  2 4.542055 -4.517585 25.938776 0.149260 -0.852543 0.500892 0.999948 0.513725 1 2 1.000000
  2 3.882630 -4.576396 25.813766 -0.671715 -0.719772 0.175292 0.991113 0.596098 1 2 1.000000
combinesoldiersheet_zombie
  2 3.833155 -4.416346 25.850460 -0.769998 -0.358955 0.527498 0.999866 0.613388 1 2 1.000000
  2 3.882630 -4.576396 25.813766 -0.671715 -0.719772 0.175292 0.991113 0.596098 1 2 1.000000
  2 4.542055 -4.517585 25.938776 0.149260 -0.852543 0.500892 0.999948 0.513725 1 2 1.000000
combinesoldiersheet_zombie
  2 3.882630 -4.576396 25.813766 -0.671715 -0.719772 0.175292 0.991113 0.596098 1 2 1.000000
  2 3.833155 -4.416346 25.850460 -0.769998 -0.358955 0.527498 0.999866 0.613388 1 2 1.000000
  2 4.062331 -3.653078 23.747202 -0.731376 -0.421657 -0.535998 0.864461 0.613406 1 2 1.000000
combinesoldiersheet_zombie
  2 4.062331 -3.653078 23.747202 -0.731376 -0.421657 -0.535998 0.864461 0.613406 1 2 1.000000
  2 4.099047 -3.807867 23.827969 -0.344600 -0.632990 -0.693234 0.873577 0.594635 1 2 1.000000
  2 3.882630 -4.576396 25.813766 -0.671715 -0.719772 0.175292 0.991113 0.596098 1 2 1.000000
combinesoldiersheet_zombie
  2 4.213402 -4.644757 25.688036 0.044427 -0.997343 -0.057728 0.975638 0.564358 1 2 1.000000
  2 3.882630 -4.576396 25.813766 -0.671715 -0.719772 0.175292 0.991113 0.596098 1 2 1.000000
  2 4.099047 -3.807867 23.827969 -0.344600 -0.632990 -0.693234 0.873577 0.594635 1 2 1.000000
combinesoldiersheet_zombie
  2 4.371159 -4.025186 23.976885 0.072987 -0.826119 -0.558749 0.889461 0.562877 1 2 1.000000
  2 4.715323 -3.774925 23.858730 0.235729 -0.644223 -0.727605 0.864456 0.513776 1 2 1.000000
  2 4.542055 -4.517585 25.938776 0.149260 -0.852543 0.500892 0.999948 0.513725 1 2 1.000000
combinesoldiersheet_zombie
  1 5.880244 7.753422 36.350109 -0.003394 -0.174542 -0.984644 0.788135 0.534016 1 1 1.000000
  1 3.942167 11.724102 37.224628 0.078803 0.601780 -0.794764 0.822283 0.551658 1 1 1.000000
  1 7.262220 10.141809 37.209236 0.374346 0.478351 -0.794384 0.790780 0.553904 1 1 1.000000
combinesoldiersheet_zombie
  1 5.880244 7.753422 36.350109 -0.003394 -0.174542 -0.984644 0.788135 0.534016 1 1 1.000000
  1 1.707303 9.882725 36.633053 -0.280334 -0.150073 -0.948099 0.823813 0.529290 1 1 1.000000
  1 3.942167 11.724102 37.224628 0.078803 0.601780 -0.794764 0.822283 0.551658 1 1 1.000000
combinesoldiersheet_zombie
  1 9.306140 8.798788 38.016541 0.839419 0.326210 -0.434699 0.768719 0.559690 1 1 1.000000
  1 7.262220 10.141809 37.209236 0.374346 0.478351 -0.794384 0.790780 0.553904 1 1 1.000000
  1 7.894853 10.931953 38.677578 0.633355 0.766997 -0.102845 0.790411 0.565251 1 1 1.000000
combinesoldiersheet_zombie
  1 7.262220 10.141809 37.209236 0.374346 0.478351 -0.794384 0.790780 0.553904 1 1 1.000000
  1 9.306140 8.798788 38.016541 0.839419 0.326210 -0.434699 0.768719 0.559690 1 1 1.000000
  1 8.156560 6.642446 36.677959 0.502915 -0.204973 -0.839680 0.768719 0.534723 1 1 1.000000
combinesoldiersheet_zombie
  1 7.262220 10.141809 37.209236 0.374346 0.478351 -0.794384 0.790780 0.553904 1 1 1.000000
  1 8.156560 6.642446 36.677959 0.502915 -0.204973 -0.839680 0.768719 0.534723 1 1 1.000000
  1 5.880244 7.753422 36.350109 -0.003394 -0.174542 -0.984644 0.788135 0.534016 1 1 1.000000
combinesoldiersheet_zombie
  1 8.156560 6.642446 36.677959 0.502915 -0.204973 -0.839680 0.768719 0.534723 1 1 1.000000
  1 8.184796 5.244044 37.414906 0.271020 -0.747990 -0.605854 0.768719 0.520556 1 1 1.000000
  1 5.880244 7.753422 36.350109 -0.003394 -0.174542 -0.984644 0.788135 0.534016 1 1 1.000000
combinesoldiersheet_zombie
  1 1.707303 9.882725 36.633053 -0.280334 -0.150073 -0.948099 0.823813 0.529290 1 1 1.000000
  1 5.880244 7.753422 36.350109 -0.003394 -0.174542 -0.984644 0.788135 0.534016 1 1 1.000000
  1 8.184796 5.244044 37.414906 0.271020 -0.747990 -0.605854 0.768719 0.520556 1 1 1.000000
combinesoldiersheet_zombie
  1 8.184796 5.244044 37.414906 0.271020 -0.747990 -0.605854 0.768719 0.520556 1 1 1.000000
  1 -0.467423 9.310366 37.943172 -0.806904 -0.069509 -0.586578 0.843598 0.518683 1 1 1.000000
  1 1.707303 9.882725 36.633053 -0.280334 -0.150073 -0.948099 0.823813 0.529290 1 1 1.000000
combinesoldiersheet_zombie
  1 1.918283 12.890428 38.082504 -0.292483 0.870391 -0.396072 0.843598 0.559286 1 1 1.000000
  1 1.707303 9.882725 36.633053 -0.280334 -0.150073 -0.948099 0.823813 0.529290 1 1 1.000000
  1 -0.467423 9.310366 37.943172 -0.806904 -0.069509 -0.586578 0.843598 0.518683 1 1 1.000000
combinesoldiersheet_zombie
  1 1.918283 12.890428 38.082504 -0.292483 0.870391 -0.396072 0.843598 0.559286 1 1 1.000000
  1 3.942167 11.724102 37.224628 0.078803 0.601780 -0.794764 0.822283 0.551658 1 1 1.000000
  1 1.707303 9.882725 36.633053 -0.280334 -0.150073 -0.948099 0.823813 0.529290 1 1 1.000000
combinesoldiersheet_zombie
  1 1.918283 12.890428 38.082504 -0.292483 0.870391 -0.396072 0.843598 0.559286 1 1 1.000000
  1 4.245920 12.715025 38.705509 0.289673 0.951996 -0.098958 0.823760 0.564784 1 1 1.000000
  1 3.942167 11.724102 37.224628 0.078803 0.601780 -0.794764 0.822283 0.551658 1 1 1.000000
combinesoldiersheet_zombie
  1 7.262220 10.141809 37.209236 0.374346 0.478351 -0.794384 0.790780 0.553904 1 1 1.000000
  1 3.942167 11.724102 37.224628 0.078803 0.601780 -0.794764 0.822283 0.551658 1 1 1.000000
  1 4.245920 12.715025 38.705509 0.289673 0.951996 -0.098958 0.823760 0.564784 1 1 1.000000
combinesoldiersheet_zombie
  1 7.262220 10.141809 37.209236 0.374346 0.478351 -0.794384 0.790780 0.553904 1 1 1.000000
  1 4.245920 12.715025 38.705509 0.289673 0.951996 -0.098958 0.823760 0.564784 1 1 1.000000
  1 7.894853 10.931953 38.677578 0.633355 0.766997 -0.102845 0.790411 0.565251 1 1 1.000000
combinesoldiersheet_zombie
  1 7.894853 10.931953 38.677578 0.633355 0.766997 -0.102845 0.790411 0.565251 1 1 1.000000
  1 4.245920 12.715025 38.705509 0.289673 0.951996 -0.098958 0.823760 0.564784 1 1 1.000000
  1 3.725250 12.196804 39.995193 0.217631 0.886714 0.407891 0.825222 0.576571 1 1 1.000000
combinesoldiersheet_zombie
  1 7.894853 10.931953 38.677578 0.633355 0.766997 -0.102845 0.790411 0.565251 1 1 1.000000
  1 3.725250 12.196804 39.995193 0.217631 0.886714 0.407891 0.825222 0.576571 1 1 1.000000
  1 7.717182 10.191103 39.981827 0.622441 0.670579 0.403598 0.789815 0.576571 1 1 1.000000
combinesoldiersheet_zombie
  1 7.717182 10.191103 39.981827 0.622441 0.670579 0.403598 0.789815 0.576571 1 1 1.000000
  1 9.306140 8.798788 38.016541 0.839419 0.326210 -0.434699 0.768719 0.559690 1 1 1.000000
  1 7.894853 10.931953 38.677578 0.633355 0.766997 -0.102845 0.790411 0.565251 1 1 1.000000
combinesoldiersheet_zombie
  1 7.717182 10.191103 39.981827 0.622441 0.670579 0.403598 0.789815 0.576571 1 1 1.000000
  1 9.309016 8.070086 39.753735 0.999412 -0.000020 -0.034283 0.768719 0.576571 1 1 1.000000
  1 9.306140 8.798788 38.016541 0.839419 0.326210 -0.434699 0.768719 0.559690 1 1 1.000000
combinesoldiersheet_zombie
  1 1.430342 12.459446 39.795353 -0.447361 0.889887 0.089271 0.843598 0.576571 1 1 1.000000
  1 4.245920 12.715025 38.705509 0.289673 0.951996 -0.098958 0.823760 0.564784 1 1 1.000000
  1 1.918283 12.890428 38.082504 -0.292483 0.870391 -0.396072 0.843598 0.559286 1 1 1.000000
combinesoldiersheet_zombie
  1 1.430342 12.459446 39.795353 -0.447361 0.889887 0.089271 0.843598 0.576571 1 1 1.000000
  1 3.725250 12.196804 39.995193 0.217631 0.886714 0.407891 0.825222 0.576571 1 1 1.000000
  1 4.245920 12.715025 38.705509 0.289673 0.951996 -0.098958 0.823760 0.564784 1 1 1.000000
combinesoldiersheet_zombie
  1 7.091281 4.054584 42.504692 -0.113220 -0.932082 0.344099 0.768719 0.509126 1 1 1.000000
  1 -0.467423 9.310366 37.943172 -0.806904 -0.069509 -0.586578 0.843598 0.518683 1 1 1.000000
  1 8.184796 5.244044 37.414906 0.271020 -0.747990 -0.605854 0.768719 0.520556 1 1 1.000000
combinesoldiersheet_zombie
  1 7.091281 4.054584 42.504692 -0.113220 -0.932082 0.344099 0.768719 0.509126 1 1 1.000000
  1 -0.887805 7.735585 42.536880 -0.880823 -0.471064 -0.047426 0.843598 0.509126 1 1 1.000000
  1 -0.467423 9.310366 37.943172 -0.806904 -0.069509 -0.586578 0.843598 0.518683 1 1 1.000000
combinesoldiersheet_zombie
  1 9.306140 8.798788 38.016541 0.839419 0.326210 -0.434699 0.762078 0.522249 1 1 1.000000
  1 8.184796 5.244044 37.414906 0.271020 -0.747990 -0.605854 0.750906 0.546274 1 1 1.000000
  1 8.156560 6.642446 36.677959 0.502915 -0.204973 -0.839680 0.751302 0.532674 1 1 1.000000
combinesoldiersheet_zombie
  1 9.306140 8.798788 38.016541 0.839419 0.326210 -0.434699 0.762078 0.522249 1 1 1.000000
  1 9.309016 8.070086 39.753735 0.999412 -0.000020 -0.034283 0.766397 0.536643 1 1 1.000000
  1 8.184796 5.244044 37.414906 0.271020 -0.747990 -0.605854 0.750906 0.546274 1 1 1.000000
combinesoldiersheet_zombie
  1 8.832036 5.675659 40.738834 0.846568 -0.523390 -0.096882 0.763974 0.559660 1 1 1.000000
  1 8.184796 5.244044 37.414906 0.271020 -0.747990 -0.605854 0.750906 0.546274 1 1 1.000000
  1 9.309016 8.070086 39.753735 0.999412 -0.000020 -0.034283 0.766397 0.536643 1 1 1.000000
combinesoldiersheet_zombie
  1 7.091281 4.054584 42.504692 -0.113220 -0.932082 0.344099 0.763818 0.574772 1 1 1.000000
  1 8.184796 5.244044 37.414906 0.271020 -0.747990 -0.605854 0.750906 0.546274 1 1 1.000000
  1 8.832036 5.675659 40.738834 0.846568 -0.523390 -0.096882 0.763974 0.559660 1 1 1.000000
combinesoldiersheet_zombie
  1 0.023406 7.147394 41.691345 -0.016203 -0.074567 0.997084 0.183458 0.819450 2 1 0.531018 11 0.468982
  11 7.059824 0.977564 42.118778 0.998151 0.059184 -0.013814 0.259492 0.791845 3 11 0.822768 1 0.101746 2 0.075486
  11 5.972138 5.201814 42.456963 0.515046 0.069848 0.854312 0.247739 0.810745 1 11 1.000000
combinesoldiersheet_zombie
  1 0.023406 7.147394 41.691345 -0.016203 -0.074567 0.997084 0.183458 0.819450 2 1 0.531018 11 0.468982
  11 5.960488 -3.238967 42.023251 0.882114 -0.316581 0.348785 0.247613 0.772979 2 11 0.927373 1 0.072627
  11 7.059824 0.977564 42.118778 0.998151 0.059184 -0.013814 0.259492 0.791845 3 11 0.822768 1 0.101746 2 0.075486
combinesoldiersheet_zombie
  1 0.023406 7.147394 41.691345 -0.016203 -0.074567 0.997084 0.183458 0.819450 2 1 0.531018 11 0.468982
  11 5.629406 -3.641475 41.818775 -0.016203 -0.074567 0.997084 0.244035 0.771178 3 11 0.813443 1 0.116698 2 0.069859
  11 5.960488 -3.238967 42.023251 0.882114 -0.316581 0.348785 0.247613 0.772979 2 11 0.927373 1 0.072627
combinesoldiersheet_zombie
  1 0.023406 7.147394 41.691345 -0.016203 -0.074567 0.997084 0.183458 0.819450 2 1 0.531018 11 0.468982
  11 5.347271 -4.132565 41.729176 -0.016203 -0.074567 0.997084 0.240986 0.768980 3 11 0.776299 1 0.149119 2 0.074583
  11 5.629406 -3.641475 41.818775 -0.016203 -0.074567 0.997084 0.244035 0.771178 3 11 0.813443 1 0.116698 2 0.069859
combinesoldiersheet_zombie
  1 0.023406 7.147394 41.691345 -0.016203 -0.074567 0.997084 0.183458 0.819450 2 1 0.531018 11 0.468982
  11 3.028104 -5.826412 40.963890 -0.016203 -0.074567 0.997084 0.215926 0.761402 3 11 0.666186 1 0.265492 2 0.068322
  11 5.347271 -4.132565 41.729176 -0.016203 -0.074567 0.997084 0.240986 0.768980 3 11 0.776299 1 0.149119 2 0.074583
combinesoldiersheet_zombie
  1 0.023406 7.147394 41.691345 -0.016203 -0.074567 0.997084 0.183458 0.819450 2 1 0.531018 11 0.468982
  11 0.709022 -6.218132 40.813278 0.055588 -0.897099 -0.438318 0.190866 0.759649 2 11 0.708982 1 0.291018
  11 3.028104 -5.826412 40.963890 -0.016203 -0.074567 0.997084 0.215926 0.761402 3 11 0.666186 1 0.265492 2 0.068322
combinesoldiersheet_zombie
  1 0.023406 7.147394 41.691345 -0.016203 -0.074567 0.997084 0.183458 0.819450 2 1 0.531018 11 0.468982
  11 -1.149389 -6.054883 40.819656 -0.153253 -0.888592 -0.432340 0.170785 0.760379 2 11 0.747442 1 0.252558
  11 0.709022 -6.218132 40.813278 0.055588 -0.897099 -0.438318 0.190866 0.759649 2 11 0.708982 1 0.291018
combinesoldiersheet_zombie
  1 0.023406 7.147394 41.691345 -0.016203 -0.074567 0.997084 0.183458 0.819450 2 1 0.531018 11 0.468982
  11 -3.560683 -5.726694 41.014961 -0.016203 -0.074567 0.997084 0.144729 0.761848 3 11 0.735241 1 0.208190 6 0.056569
  11 -1.149389 -6.054883 40.819656 -0.153253 -0.888592 -0.432340 0.170785 0.760379 2 11 0.747442 1 0.252558
combinesoldiersheet_zombie
  1 0.023406 7.147394 41.691345 -0.016203 -0.074567 0.997084 0.183458 0.819450 2 1 0.531018 11 0.468982
  11 -5.250202 -3.471954 41.664505 -0.016203 -0.074567 0.997084 0.126472 0.771936 3 11 0.558670 1 0.372384 6 0.068946
  11 -3.560683 -5.726694 41.014961 -0.016203 -0.074567 0.997084 0.144729 0.761848 3 11 0.735241 1 0.208190 6 0.056569
combinesoldiersheet_zombie
  1 0.023406 7.147394 41.691345 -0.016203 -0.074567 0.997084 0.183458 0.819450 2 1 0.531018 11 0.468982
  11 -6.911502 0.988416 42.018551 -0.016203 -0.074567 0.997084 0.108520 0.791893 3 11 0.487574 1 0.431635 6 0.080791
  11 -5.250202 -3.471954 41.664505 -0.016203 -0.074567 0.997084 0.126472 0.771936 3 11 0.558670 1 0.372384 6 0.068946
combinesoldiersheet_zombie
  1 0.023406 7.147394 41.691345 -0.016203 -0.074567 0.997084 0.183458 0.819450 2 1 0.531018 11 0.468982
  1 -5.045603 6.105253 42.155964 -0.016203 -0.074567 0.997084 0.128683 0.814787 2 1 0.735349 11 0.264651
  11 -6.911502 0.988416 42.018551 -0.016203 -0.074567 0.997084 0.108520 0.791893 3 11 0.487574 1 0.431635 6 0.080791
combinesoldiersheet_zombie
  1 -0.354893 10.399730 40.518234 -0.917596 0.385446 -0.097204 0.848715 0.547353 1 1 1.000000
  1 -0.467423 9.310366 37.943172 -0.806904 -0.069509 -0.586578 0.862414 0.545037 1 1 1.000000
  1 -0.887805 7.735585 42.536880 -0.880823 -0.471064 -0.047426 0.846828 0.571207 1 1 1.000000
combinesoldiersheet_zombie
  1 -0.354893 10.399730 40.518234 -0.917596 0.385446 -0.097204 0.848715 0.547353 1 1 1.000000
  1 1.918283 12.890428 38.082504 -0.292483 0.870391 -0.396072 0.856753 0.517736 1 1 1.000000
  1 -0.467423 9.310366 37.943172 -0.806904 -0.069509 -0.586578 0.862414 0.545037 1 1 1.000000
combinesoldiersheet_zombie
  1 -0.354893 10.399730 40.518234 -0.917596 0.385446 -0.097204 0.848715 0.547353 1 1 1.000000
  1 1.430342 12.459446 39.795353 -0.447361 0.889887 0.089271 0.847529 0.527565 1 1 1.000000
  1 1.918283 12.890428 38.082504 -0.292483 0.870391 -0.396072 0.856753 0.517736 1 1 1.000000
combinesoldiersheet_zombie
  1 7.824404 10.470212 40.214596 0.612500 0.757193 -0.226941 0.790478 0.581184 1 1 1.000000
  1 3.582647 11.441972 42.171310 0.136075 0.566885 0.812481 0.824340 0.592803 1 1 1.000000
  1 7.356480 9.580430 42.150967 0.461756 0.469458 0.752589 0.791756 0.593203 1 1 1.000000
combinesoldiersheet_zombie
  1 7.356480 9.580430 42.150967 0.461756 0.469458 0.752589 0.791756 0.593203 1 1 1.000000
  1 9.613275 8.189791 39.958286 0.964479 0.150275 -0.217248 0.769703 0.587296 1 1 1.000000
  1 7.824404 10.470212 40.214596 0.612500 0.757193 -0.226941 0.790478 0.581184 1 1 1.000000
combinesoldiersheet_zombie
  1 7.356480 9.580430 42.150967 0.461756 0.469458 0.752589 0.791756 0.593203 1 1 1.000000
  1 9.048800 7.497129 41.667591 0.791666 0.094103 0.603663 0.772205 0.597799 1 1 1.000000
  1 9.613275 8.189791 39.958286 0.964479 0.150275 -0.217248 0.769703 0.587296 1 1 1.000000
combinesoldiersheet_zombie
  1 9.613275 8.189791 39.958286 0.964479 0.150275 -0.217248 0.769703 0.587296 1 1 1.000000
  1 9.048800 7.497129 41.667591 0.791666 0.094103 0.603663 0.772205 0.597799 1 1 1.000000
  1 9.055667 5.774858 41.063122 0.900233 -0.430979 0.061949 0.765380 0.604046 1 1 1.000000
combinesoldiersheet_zombie
  1 1.355130 12.815681 40.003471 -0.402305 0.891996 -0.206140 0.843042 0.583747 1 1 1.000000
  1 3.725250 12.196804 39.995193 0.209315 0.556705 -0.803907 0.827162 0.577998 1 1 1.000000
  1 1.430342 12.459446 39.795353 -0.327426 0.535728 -0.778324 0.845539 0.581614 1 1 1.000000
combinesoldiersheet_zombie
  1 -0.354893 10.399730 40.518234 -0.884993 0.226615 -0.406734 0.851209 0.600045 1 1 1.000000
  1 1.355130 12.815681 40.003471 -0.402305 0.891996 -0.206140 0.843042 0.583747 1 1 1.000000
  1 1.430342 12.459446 39.795353 -0.327426 0.535728 -0.778324 0.845539 0.581614 1 1 1.000000
combinesoldiersheet_zombie
  1 -0.354893 10.399730 40.518234 -0.884993 0.226615 -0.406734 0.851209 0.600045 1 1 1.000000
  1 -0.413287 10.786619 40.996220 -0.869845 0.492442 0.029511 0.848310 0.600984 1 1 1.000000
  1 1.355130 12.815681 40.003471 -0.402305 0.891996 -0.206140 0.843042 0.583747 1 1 1.000000
combinesoldiersheet_zombie
  1 -0.354893 10.399730 40.518234 -0.884993 0.226615 -0.406734 0.851209 0.600045 1 1 1.000000
  1 -1.002867 8.003371 42.975548 -0.678096 -0.117176 0.725573 0.843466 0.622594 1 1 1.000000
  1 -0.413287 10.786619 40.996220 -0.869845 0.492442 0.029511 0.848310 0.600984 1 1 1.000000
combinesoldiersheet_zombie
  1 -1.002867 8.003371 42.975548 -0.678096 -0.117176 0.725573 0.843466 0.622594 1 1 1.000000
  1 1.166634 11.872849 41.726772 -0.362960 0.688930 0.627403 0.842071 0.594658 1 1 1.000000
  1 -0.413287 10.786619 40.996220 -0.869845 0.492442 0.029511 0.848310 0.600984 1 1 1.000000
combinesoldiersheet_zombie
  1 -1.002867 8.003371 42.975548 -0.678096 -0.117176 0.725573 0.843466 0.622594 1 1 1.000000
  1 3.582647 11.441972 42.171310 0.136075 0.566885 0.812481 0.824340 0.592803 1 1 1.000000
  1 1.166634 11.872849 41.726772 -0.362960 0.688930 0.627403 0.842071 0.594658 1 1 1.000000
combinesoldiersheet_zombie
  1 1.166634 11.872849 41.726772 -0.362960 0.688930 0.627403 0.842071 0.594658 1 1 1.000000
  1 3.582647 11.441972 42.171310 0.136075 0.566885 0.812481 0.824340 0.592803 1 1 1.000000
  1 3.831439 12.476416 40.228058 0.296456 0.929274 -0.220371 0.825083 0.580555 1 1 1.000000
combinesoldiersheet_zombie
  1 7.824404 10.470212 40.214596 0.612500 0.757193 -0.226941 0.790478 0.581184 1 1 1.000000
  1 3.831439 12.476416 40.228058 0.296456 0.929274 -0.220371 0.825083 0.580555 1 1 1.000000
  1 3.582647 11.441972 42.171310 0.136075 0.566885 0.812481 0.824340 0.592803 1 1 1.000000
combinesoldiersheet_zombie
  1 7.717182 10.191103 39.981827 0.357016 0.489496 -0.795571 0.788533 0.578700 1 1 1.000000
  1 3.831439 12.476416 40.228058 0.296456 0.929274 -0.220371 0.825083 0.580555 1 1 1.000000
  1 7.824404 10.470212 40.214596 0.612500 0.757193 -0.226941 0.790478 0.581184 1 1 1.000000
combinesoldiersheet_zombie
  1 9.613275 8.189791 39.958286 0.964479 0.150275 -0.217248 0.769703 0.587296 1 1 1.000000
  1 7.717182 10.191103 39.981827 0.357016 0.489496 -0.795571 0.788533 0.578700 1 1 1.000000
  1 7.824404 10.470212 40.214596 0.612500 0.757193 -0.226941 0.790478 0.581184 1 1 1.000000
combinesoldiersheet_zombie
  1 9.613275 8.189791 39.958286 0.964479 0.150275 -0.217248 0.769703 0.587296 1 1 1.000000
  1 9.309016 8.070086 39.753735 0.651026 0.012757 -0.758948 0.767514 0.585273 1 1 1.000000
  1 7.717182 10.191103 39.981827 0.357016 0.489496 -0.795571 0.788533 0.578700 1 1 1.000000
combinesoldiersheet_zombie
  1 8.832036 5.675659 40.738834 0.705852 -0.620361 -0.341944 0.762063 0.603212 1 1 1.000000
  1 9.309016 8.070086 39.753735 0.651026 0.012757 -0.758948 0.767514 0.585273 1 1 1.000000
  1 9.613275 8.189791 39.958286 0.964479 0.150275 -0.217248 0.769703 0.587296 1 1 1.000000
combinesoldiersheet_zombie
  1 8.832036 5.675659 40.738834 0.705852 -0.620361 -0.341944 0.762063 0.603212 1 1 1.000000
  1 9.613275 8.189791 39.958286 0.964479 0.150275 -0.217248 0.769703 0.587296 1 1 1.000000
  1 9.055667 5.774858 41.063122 0.900233 -0.430979 0.061949 0.765380 0.604046 1 1 1.000000
combinesoldiersheet_zombie
  1 8.832036 5.675659 40.738834 0.705852 -0.620361 -0.341944 0.762063 0.603212 1 1 1.000000
  1 9.055667 5.774858 41.063122 0.900233 -0.430979 0.061949 0.765380 0.604046 1 1 1.000000
  1 7.239836 4.160601 42.940735 0.456437 -0.590235 0.665799 0.773127 0.622422 1 1 1.000000
combinesoldiersheet_zombie
  1 9.055667 5.774858 41.063122 0.900233 -0.430979 0.061949 0.765380 0.604046 1 1 1.000000
  1 9.048800 7.497129 41.667591 0.791666 0.094103 0.603663 0.772205 0.597799 1 1 1.000000
  1 7.239836 4.160601 42.940735 0.456437 -0.590235 0.665799 0.773127 0.622422 1 1 1.000000
combinesoldiersheet_zombie
  1 9.048800 7.497129 41.667591 0.791666 0.094103 0.603663 0.772205 0.597799 1 1 1.000000
  1 5.353350 6.039739 43.527489 -0.050675 -0.164987 0.984993 0.793321 0.619609 1 1 1.000000
  1 7.239836 4.160601 42.940735 0.456437 -0.590235 0.665799 0.773127 0.622422 1 1 1.000000
combinesoldiersheet_zombie
  1 9.048800 7.497129 41.667591 0.791666 0.094103 0.603663 0.772205 0.597799 1 1 1.000000
  1 7.356480 9.580430 42.150967 0.461756 0.469458 0.752589 0.791756 0.593203 1 1 1.000000
  1 5.353350 6.039739 43.527489 -0.050675 -0.164987 0.984993 0.793321 0.619609 1 1 1.000000
combinesoldiersheet_zombie
  1 3.582647 11.441972 42.171310 0.136075 0.566885 0.812481 0.824340 0.592803 1 1 1.000000
  1 5.353350 6.039739 43.527489 -0.050675 -0.164987 0.984993 0.793321 0.619609 1 1 1.000000
  1 7.356480 9.580430 42.150967 0.461756 0.469458 0.752589 0.791756 0.593203 1 1 1.000000
combinesoldiersheet_zombie
  1 -0.413287 10.786619 40.996220 -0.869845 0.492442 0.029511 0.848310 0.600984 1 1 1.000000
  1 1.166634 11.872849 41.726772 -0.362960 0.688930 0.627403 0.842071 0.594658 1 1 1.000000
  1 1.355130 12.815681 40.003471 -0.402305 0.891996 -0.206140 0.843042 0.583747 1 1 1.000000
combinesoldiersheet_zombie
  1 1.166634 11.872849 41.726772 -0.362960 0.688930 0.627403 0.842071 0.594658 1 1 1.000000
  1 3.831439 12.476416 40.228058 0.296456 0.929274 -0.220371 0.825083 0.580555 1 1 1.000000
  1 1.355130 12.815681 40.003471 -0.402305 0.891996 -0.206140 0.843042 0.583747 1 1 1.000000
combinesoldiersheet_zombie
  1 1.355130 12.815681 40.003471 -0.402305 0.891996 -0.206140 0.843042 0.583747 1 1 1.000000
  1 3.831439 12.476416 40.228058 0.296456 0.929274 -0.220371 0.825083 0.580555 1 1 1.000000
  1 3.725250 12.196804 39.995193 0.209315 0.556705 -0.803907 0.827162 0.577998 1 1 1.000000
combinesoldiersheet_zombie
  1 7.717182 10.191103 39.981827 0.357016 0.489496 -0.795571 0.788533 0.578700 1 1 1.000000
  1 3.725250 12.196804 39.995193 0.209315 0.556705 -0.803907 0.827162 0.577998 1 1 1.000000
  1 3.831439 12.476416 40.228058 0.296456 0.929274 -0.220371 0.825083 0.580555 1 1 1.000000
combinesoldiersheet_zombie
  1 -1.002867 8.003371 42.975548 -0.678096 -0.117176 0.725573 0.843466 0.622594 1 1 1.000000
  1 1.806010 7.757189 43.545113 -0.144380 -0.143420 0.979074 0.823829 0.619384 1 1 1.000000
  1 3.582647 11.441972 42.171310 0.136075 0.566885 0.812481 0.824340 0.592803 1 1 1.000000
combinesoldiersheet_zombie
  1 5.353350 6.039739 43.527489 -0.050675 -0.164987 0.984993 0.793321 0.619609 1 1 1.000000
  1 3.582647 11.441972 42.171310 0.136075 0.566885 0.812481 0.824340 0.592803 1 1 1.000000
  1 1.806010 7.757189 43.545113 -0.144380 -0.143420 0.979074 0.823829 0.619384 1 1 1.000000
combinesoldiersheet_zombie
  1 8.832036 5.675659 40.738834 0.705852 -0.620361 -0.341944 0.762063 0.603212 1 1 1.000000
  1 7.239836 4.160601 42.940735 0.456437 -0.590235 0.665799 0.773127 0.622422 1 1 1.000000
  1 7.091281 4.054584 42.504692 -0.113220 -0.932082 0.344099 0.770025 0.623161 1 1 1.000000
combinesoldiersheet_zombie
  1 -0.354893 10.399730 40.518234 -0.884993 0.226615 -0.406734 0.851209 0.600045 1 1 1.000000
  1 -0.887805 7.735585 42.536880 -0.880823 -0.471064 -0.047426 0.845891 0.623551 1 1 1.000000
  1 -1.002867 8.003371 42.975548 -0.678096 -0.117176 0.725573 0.843466 0.622594 1 1 1.000000
combinesoldiersheet_zombie
  4 6.675303 2.287324 1.189153 0.960459 0.277343 -0.024498 0.893672 0.445754 3 4 0.792094 5 0.144231 3 0.063675
  4 6.801005 0.724959 0.582382 0.739366 -0.673101 -0.016511 0.885029 0.421645 2 4 0.683834 5 0.316166
  4 6.772985 0.721384 -0.074362 0.593307 -0.537518 -0.599217 0.875483 0.421710 2 4 0.812186 5 0.187814
combinesoldiersheet_zombie
  4 6.675303 2.287324 1.189153 0.960459 0.277343 -0.024498 0.893672 0.445754 3 4 0.792094 5 0.144231 3 0.063675
  4 6.772985 0.721384 -0.074362 0.593307 -0.537518 -0.599217 0.875483 0.421710 2 4 0.812186 5 0.187814
  4 6.645611 2.347014 -0.087263 0.662874 0.213820 -0.717551 0.875092 0.446781 2 4 0.888313 5 0.111687
combinesoldiersheet_zombie
  4 6.675303 2.287324 1.189153 0.960459 0.277343 -0.024498 0.893672 0.445754 3 4 0.792094 5 0.144231 3 0.063675
  4 6.645611 2.347014 -0.087263 0.662874 0.213820 -0.717551 0.875092 0.446781 2 4 0.888313 5 0.111687
  4 5.640166 4.233356 0.026786 0.442204 0.740796 -0.505645 0.877041 0.479533 1 4 1.000000
combinesoldiersheet_zombie
  4 6.675303 2.287324 1.189153 0.960459 0.277343 -0.024498 0.893672 0.445754 3 4 0.792094 5 0.144231 3 0.063675
  4 5.640166 4.233356 0.026786 0.442204 0.740796 -0.505645 0.877041 0.479533 1 4 1.000000
  4 5.682591 4.257216 1.041076 0.529579 0.847875 -0.025591 0.891782 0.479712 2 4 0.937964 5 0.062036
combinesoldiersheet_zombie
  4 5.640166 4.233356 0.026786 0.442204 0.740796 -0.505645 0.877041 0.479533 1 4 1.000000
  4 3.566181 4.307947 1.118337 -0.662276 0.716756 0.218294 0.894193 0.501575 1 4 1.000000
  4 5.682591 4.257216 1.041076 0.529579 0.847875 -0.025591 0.891782 0.479712 2 4 0.937964 5 0.062036
combinesoldiersheet_zombie
  4 5.640166 4.233356 0.026786 0.442204 0.740796 -0.505645 0.877041 0.479533 1 4 1.000000
  4 3.525633 4.285109 0.044062 -0.395186 0.780162 -0.484949 0.878577 0.501404 1 4 1.000000
  4 3.566181 4.307947 1.118337 -0.662276 0.716756 0.218294 0.894193 0.501575 1 4 1.000000
combinesoldiersheet_zombie
  2 4.684755 -4.980449 32.849354 0.553143 -0.832495 -0.031366 0.273157 0.285724 1 2 1.000000
  2 4.529498 -4.662047 26.973080 -0.370135 -0.915234 -0.159205 0.272966 0.225813 1 2 1.000000
  2 4.827001 -4.471869 26.977739 0.539762 -0.840027 -0.054879 0.269178 0.225960 1 2 1.000000
combinesoldiersheet_zombie
  2 4.684755 -4.980449 32.849354 0.553143 -0.832495 -0.031366 0.273157 0.285724 1 2 1.000000
  2 4.385428 -5.174095 32.928387 -0.551198 -0.832559 0.055007 0.276712 0.286430 1 2 1.000000
  2 4.529498 -4.662047 26.973080 -0.370135 -0.915234 -0.159205 0.272966 0.225813 1 2 1.000000
combinesoldiersheet_zombie
  2 4.684755 -4.980449 32.849354 0.553143 -0.832495 -0.031366 0.273157 0.285724 1 2 1.000000
  2 5.124747 -4.650307 34.289673 -0.109290 -0.722395 0.682790 0.268066 0.300546 1 2 1.000000
  2 4.385428 -5.174095 32.928387 -0.551198 -0.832559 0.055007 0.276712 0.286430 1 2 1.000000
combinesoldiersheet_zombie
  2 4.684755 -4.980449 32.849354 0.553143 -0.832495 -0.031366 0.273157 0.285724 1 2 1.000000
  2 5.393561 -4.554508 34.031265 0.540457 -0.839328 0.058602 0.264669 0.297995 1 2 1.000000
  2 5.124747 -4.650307 34.289673 -0.109290 -0.722395 0.682790 0.268066 0.300546 1 2 1.000000
combinesoldiersheet_zombie
  2 7.994030 -2.763815 34.944889 0.788312 -0.561249 0.252117 0.232435 0.308171 1 2 1.000000
  2 5.124747 -4.650307 34.289673 -0.109290 -0.722395 0.682790 0.268066 0.300546 1 2 1.000000
  2 5.393561 -4.554508 34.031265 0.540457 -0.839328 0.058602 0.264669 0.297995 1 2 1.000000
combinesoldiersheet_zombie
  2 5.393561 -4.554508 34.031265 0.540457 -0.839328 0.058602 0.264669 0.297995 1 2 1.000000
  2 7.276208 -2.962903 31.983507 0.800480 -0.596220 -0.061267 0.238481 0.277795 1 2 1.000000
  2 7.994030 -2.763815 34.944889 0.788312 -0.561249 0.252117 0.232435 0.308171 1 2 1.000000
combinesoldiersheet_zombie
  2 4.684755 -4.980449 32.849354 0.553143 -0.832495 -0.031366 0.273157 0.285724 1 2 1.000000
  2 7.276208 -2.962903 31.983507 0.800480 -0.596220 -0.061267 0.238481 0.277795 1 2 1.000000
  2 5.393561 -4.554508 34.031265 0.540457 -0.839328 0.058602 0.264669 0.297995 1 2 1.000000
combinesoldiersheet_zombie
  2 7.276208 -2.962903 31.983507 0.800480 -0.596220 -0.061267 0.238481 0.277795 1 2 1.000000
  2 4.684755 -4.980449 32.849354 0.553143 -0.832495 -0.031366 0.273157 0.285724 1 2 1.000000
  2 4.827001 -4.471869 26.977739 0.539762 -0.840027 -0.054879 0.269178 0.225960 1 2 1.000000
combinesoldiersheet_zombie
  2 7.276208 -2.962903 31.983507 0.800480 -0.596220 -0.061267 0.238481 0.277795 1 2 1.000000
  2 4.827001 -4.471869 26.977739 0.539762 -0.840027 -0.054879 0.269178 0.225960 1 2 1.000000
  2 7.500376 -2.529436 26.876743 0.817212 -0.567642 -0.099737 0.233400 0.225844 1 2 1.000000
combinesoldiersheet_zombie
  2 7.500376 -2.529436 26.876743 0.817212 -0.567642 -0.099737 0.233400 0.225844 1 2 1.000000
  2 4.827001 -4.471869 26.977739 0.539762 -0.840027 -0.054879 0.269178 0.225960 1 2 1.000000
  2 5.057939 -4.141862 23.644339 0.558068 -0.816949 -0.145449 0.266629 0.191989 1 2 1.000000
combinesoldiersheet_zombie
  2 7.356820 -1.301374 23.836924 0.914412 -0.397632 -0.075761 0.230409 0.194869 1 2 1.000000
  2 7.500376 -2.529436 26.876743 0.817212 -0.567642 -0.099737 0.233400 0.225844 1 2 1.000000
  2 5.057939 -4.141862 23.644339 0.558068 -0.816949 -0.145449 0.266629 0.191989 1 2 1.000000
combinesoldiersheet_zombie
  2 7.356820 -1.301374 23.836924 0.914412 -0.397632 -0.075761 0.230409 0.194869 1 2 1.000000
  2 5.057939 -4.141862 23.644339 0.558068 -0.816949 -0.145449 0.266629 0.191989 1 2 1.000000
  2 5.429280 -3.829479 23.125689 0.649242 -0.713826 -0.262560 0.261719 0.186834 1 2 1.000000
combinesoldiersheet_zombie
  2 7.356820 -1.301374 23.836924 0.914412 -0.397632 -0.075761 0.230409 0.194869 1 2 1.000000
  2 5.429280 -3.829479 23.125689 0.649242 -0.713826 -0.262560 0.261719 0.186834 1 2 1.000000
  2 7.592713 -1.078064 22.086588 0.870378 -0.348177 -0.348160 0.226286 0.177116 1 2 1.000000
combinesoldiersheet_zombie
  2 7.356820 -1.301374 23.836924 0.914412 -0.397632 -0.075761 0.230409 0.194869 1 2 1.000000
  2 7.592713 -1.078064 22.086588 0.870378 -0.348177 -0.348160 0.226286 0.177116 1 2 1.000000
  2 7.874144 3.227867 23.092035 0.964798 0.156224 -0.211562 0.178348 0.187905 1 2 1.000000
combinesoldiersheet_zombie
  2 7.874144 3.227867 23.092035 0.964798 0.156224 -0.211562 0.178348 0.187905 1 2 1.000000
  2 7.500376 -2.529436 26.876743 0.817212 -0.567642 -0.099737 0.233400 0.225844 1 2 1.000000
  2 7.356820 -1.301374 23.836924 0.914412 -0.397632 -0.075761 0.230409 0.194869 1 2 1.000000
combinesoldiersheet_zombie
  2 7.874144 3.227867 23.092035 0.964798 0.156224 -0.211562 0.178348 0.187905 1 2 1.000000
  2 8.496079 0.522464 26.924906 0.999613 0.026616 -0.008068 0.199873 0.226916 1 2 1.000000
  2 7.500376 -2.529436 26.876743 0.817212 -0.567642 -0.099737 0.233400 0.225844 1 2 1.000000
combinesoldiersheet_zombie
  2 8.496079 0.522464 26.924906 0.999613 0.026616 -0.008068 0.199873 0.226916 1 2 1.000000
  2 7.276208 -2.962903 31.983507 0.800480 -0.596220 -0.061267 0.238481 0.277795 1 2 1.000000
  2 7.500376 -2.529436 26.876743 0.817212 -0.567642 -0.099737 0.233400 0.225844 1 2 1.000000
combinesoldiersheet_zombie
  2 5.057939 -4.141862 23.644339 0.558068 -0.816949 -0.145449 0.266629 0.191989 1 2 1.000000
  2 4.827001 -4.471869 26.977739 0.539762 -0.840027 -0.054879 0.269178 0.225960 1 2 1.000000
  2 4.529498 -4.662047 26.973080 -0.370135 -0.915234 -0.159205 0.272966 0.225813 1 2 1.000000
combinesoldiersheet_zombie
  2 8.496079 0.522464 26.924906 0.999613 0.026616 -0.008068 0.199873 0.226916 1 2 1.000000
  2 7.994464 0.507988 32.165142 0.994390 0.105180 -0.011173 0.199431 0.280184 1 2 1.000000
  2 7.276208 -2.962903 31.983507 0.800480 -0.596220 -0.061267 0.238481 0.277795 1 2 1.000000
combinesoldiersheet_zombie
  2 7.276208 -2.962903 31.983507 0.800480 -0.596220 -0.061267 0.238481 0.277795 1 2 1.000000
  2 7.994464 0.507988 32.165142 0.994390 0.105180 -0.011173 0.199431 0.280184 1 2 1.000000
  2 8.158902 0.486139 35.520515 0.924595 0.095691 0.368738 0.200566 0.314400 1 2 1.000000
combinesoldiersheet_zombie
  2 7.276208 -2.962903 31.983507 0.800480 -0.596220 -0.061267 0.238481 0.277795 1 2 1.000000
  2 8.158902 0.486139 35.520515 0.924595 0.095691 0.368738 0.200566 0.314400 1 2 1.000000
  2 7.994030 -2.763815 34.944889 0.788312 -0.561249 0.252117 0.232435 0.308171 1 2 1.000000
combinesoldiersheet_zombie
  2 8.158902 0.486139 35.520515 0.924595 0.095691 0.368738 0.200566 0.314400 1 2 1.000000
  2 7.478129 -2.833725 35.366409 0.057549 -0.356959 0.932346 0.237149 0.312320 1 2 1.000000
  2 7.994030 -2.763815 34.944889 0.788312 -0.561249 0.252117 0.232435 0.308171 1 2 1.000000
combinesoldiersheet_zombie
  2 7.994030 -2.763815 34.944889 0.788312 -0.561249 0.252117 0.232435 0.308171 1 2 1.000000
  2 7.478129 -2.833725 35.366409 0.057549 -0.356959 0.932346 0.237149 0.312320 1 2 1.000000
  2 5.124747 -4.650307 34.289673 -0.109290 -0.722395 0.682790 0.268066 0.300546 1 2 1.000000
combinesoldiersheet_zombie
  2 4.940661 -4.269146 34.222507 -0.647766 -0.120926 0.752181 0.273325 0.303603 1 2 1.000000
  2 5.124747 -4.650307 34.289673 -0.109290 -0.722395 0.682790 0.268066 0.300546 1 2 1.000000
  2 7.478129 -2.833725 35.366409 0.057549 -0.356959 0.932346 0.237149 0.312320 1 2 1.000000
combinesoldiersheet_zombie
  2 4.385428 -5.174095 32.928387 -0.551198 -0.832559 0.055007 0.276712 0.286430 1 2 1.000000
  2 5.124747 -4.650307 34.289673 -0.109290 -0.722395 0.682790 0.268066 0.300546 1 2 1.000000
  2 4.940661 -4.269146 34.222507 -0.647766 -0.120926 0.752181 0.273325 0.303603 1 2 1.000000
combinesoldiersheet_zombie
  2 4.385428 -5.174095 32.928387 -0.551198 -0.832559 0.055007 0.276712 0.286430 1 2 1.000000
  2 4.940661 -4.269146 34.222507 -0.647766 -0.120926 0.752181 0.273325 0.303603 1 2 1.000000
  2 4.233563 -4.800870 32.843491 -0.909813 -0.339470 0.238748 0.282714 0.288334 1 2 1.000000
combinesoldiersheet_zombie
  2 4.385428 -5.174095 32.928387 -0.551198 -0.832559 0.055007 0.276712 0.286430 1 2 1.000000
  2 4.233563 -4.800870 32.843491 -0.909813 -0.339470 0.238748 0.282714 0.288334 1 2 1.000000
  2 4.299459 -4.862529 32.341965 -0.933756 -0.354213 -0.051304 0.281408 0.283265 1 2 1.000000
combinesoldiersheet_zombie
  2 4.385428 -5.174095 32.928387 -0.551198 -0.832559 0.055007 0.276712 0.286430 1 2 1.000000
  2 4.299459 -4.862529 32.341965 -0.933756 -0.354213 -0.051304 0.281408 0.283265 1 2 1.000000
  2 4.335255 -4.766160 30.179880 -0.932695 -0.358841 -0.036233 0.280083 0.259099 1 2 1.000000
combinesoldiersheet_zombie
  2 4.385428 -5.174095 32.928387 -0.551198 -0.832559 0.055007 0.276712 0.286430 1 2 1.000000
  2 4.335255 -4.766160 30.179880 -0.932695 -0.358841 -0.036233 0.280083 0.259099 1 2 1.000000
  2 4.365109 -4.732221 29.218689 -0.033541 -0.992443 -0.118030 0.279346 0.249315 1 2 1.000000
combinesoldiersheet_zombie
  2 4.385428 -5.174095 32.928387 -0.551198 -0.832559 0.055007 0.276712 0.286430 1 2 1.000000
  2 4.365109 -4.732221 29.218689 -0.033541 -0.992443 -0.118030 0.279346 0.249315 1 2 1.000000
  2 4.401924 -4.372615 26.995749 -0.596740 -0.794078 -0.115506 0.277890 0.224479 1 2 1.000000
combinesoldiersheet_zombie
  2 4.401924 -4.372615 26.995749 -0.596740 -0.794078 -0.115506 0.277890 0.224479 1 2 1.000000
  2 4.529498 -4.662047 26.973080 -0.370135 -0.915234 -0.159205 0.272966 0.225813 1 2 1.000000
  2 4.385428 -5.174095 32.928387 -0.551198 -0.832559 0.055007 0.276712 0.286430 1 2 1.000000
combinesoldiersheet_zombie
  2 4.529498 -4.662047 26.973080 -0.370135 -0.915234 -0.159205 0.272966 0.225813 1 2 1.000000
  2 4.401924 -4.372615 26.995749 -0.596740 -0.794078 -0.115506 0.277890 0.224479 1 2 1.000000
  2 4.542055 -4.517585 25.938776 0.048770 -0.989289 -0.137582 0.275889 0.213545 1 2 1.000000
combinesoldiersheet_zombie
  2 4.529498 -4.662047 26.973080 -0.370135 -0.915234 -0.159205 0.272966 0.225813 1 2 1.000000
  2 4.542055 -4.517585 25.938776 0.048770 -0.989289 -0.137582 0.275889 0.213545 1 2 1.000000
  2 4.715323 -3.774925 23.858730 0.133499 -0.978079 -0.159807 0.273059 0.190258 1 2 1.000000
combinesoldiersheet_zombie
  2 8.158902 0.486139 35.520515 0.924595 0.095691 0.368738 0.200566 0.314400 1 2 1.000000
  2 7.675089 0.539876 35.963299 0.261675 0.003920 0.965148 0.200899 0.318787 1 2 1.000000
  2 7.478129 -2.833725 35.366409 0.057549 -0.356959 0.932346 0.237149 0.312320 1 2 1.000000
combinesoldiersheet_zombie
  2 -0.039467 -0.767872 31.896191 -0.965714 -0.253907 -0.054115 0.358042 0.277237 2 2 0.743495 6 0.256506
  2 -0.025515 -1.478366 26.815592 -0.952878 -0.282418 -0.110741 0.347586 0.221735 1 2 1.000000
  2 1.510264 -4.291675 26.663534 -0.311998 -0.945713 -0.091018 0.308890 0.220295 1 2 1.000000
combinesoldiersheet_zombie
  2 3.116873 -3.518533 20.800726 -0.367478 -0.916823 -0.156192 0.293988 0.166064 2 2 0.649406 3 0.350594
  2 1.510264 -4.291675 26.663534 -0.311998 -0.945713 -0.091018 0.308890 0.220295 1 2 1.000000
  2 -0.025515 -1.478366 26.815592 -0.952878 -0.282418 -0.110741 0.347586 0.221735 1 2 1.000000
combinesoldiersheet_zombie
  2 1.510264 -4.291675 26.663534 -0.311998 -0.945713 -0.091018 0.308890 0.220295 1 2 1.000000
  2 3.116873 -3.518533 20.800726 -0.367478 -0.916823 -0.156192 0.293988 0.166064 2 2 0.649406 3 0.350594
  2 4.062331 -3.653078 23.747202 -0.076995 -0.989359 -0.123455 0.281758 0.189232 1 2 1.000000
combinesoldiersheet_zombie
  2 4.237418 -3.690978 23.153446 -0.056611 -0.996455 -0.062226 0.279304 0.182837 1 2 1.000000
  2 4.062331 -3.653078 23.747202 -0.076995 -0.989359 -0.123455 0.281758 0.189232 1 2 1.000000
  2 3.116873 -3.518533 20.800726 -0.367478 -0.916823 -0.156192 0.293988 0.166064 2 2 0.649406 3 0.350594
combinesoldiersheet_zombie
  2 4.237418 -3.690978 23.153446 -0.056611 -0.996455 -0.062226 0.279304 0.182837 1 2 1.000000
  2 4.715323 -3.774925 23.858730 0.133499 -0.978079 -0.159807 0.273059 0.190258 1 2 1.000000
  2 4.062331 -3.653078 23.747202 -0.076995 -0.989359 -0.123455 0.281758 0.189232 1 2 1.000000
combinesoldiersheet_zombie
  2 4.237418 -3.690978 23.153446 -0.056611 -0.996455 -0.062226 0.279304 0.182837 1 2 1.000000
  2 4.849768 -3.709839 23.362972 -0.502483 -0.749696 -0.430659 0.271649 0.185292 1 2 1.000000
  2 4.715323 -3.774925 23.858730 0.133499 -0.978079 -0.159807 0.273059 0.190258 1 2 1.000000
combinesoldiersheet_zombie
  2 4.529498 -4.662047 26.973080 -0.370135 -0.915234 -0.159205 0.272966 0.225813 1 2 1.000000
  2 4.715323 -3.774925 23.858730 0.133499 -0.978079 -0.159807 0.273059 0.190258 1 2 1.000000
  2 4.849768 -3.709839 23.362972 -0.502483 -0.749696 -0.430659 0.271649 0.185292 1 2 1.000000
combinesoldiersheet_zombie
  2 4.849768 -3.709839 23.362972 -0.502483 -0.749696 -0.430659 0.271649 0.185292 1 2 1.000000
  2 4.843674 -4.188189 23.480387 -0.394282 -0.812041 -0.430268 0.268959 0.190255 1 2 1.000000
  2 4.529498 -4.662047 26.973080 -0.370135 -0.915234 -0.159205 0.272966 0.225813 1 2 1.000000
combinesoldiersheet_zombie
  2 5.057939 -4.141862 23.644339 0.558068 -0.816949 -0.145449 0.266629 0.191989 1 2 1.000000
  2 4.529498 -4.662047 26.973080 -0.370135 -0.915234 -0.159205 0.272966 0.225813 1 2 1.000000
  2 4.843674 -4.188189 23.480387 -0.394282 -0.812041 -0.430268 0.268959 0.190255 1 2 1.000000
combinesoldiersheet_zombie
  2 5.057939 -4.141862 23.644339 0.558068 -0.816949 -0.145449 0.266629 0.191989 1 2 1.000000
  2 4.843674 -4.188189 23.480387 -0.394282 -0.812041 -0.430268 0.268959 0.190255 1 2 1.000000
  2 5.216185 -3.876420 22.941500 -0.196882 -0.543630 -0.815907 0.264079 0.184893 1 2 1.000000
combinesoldiersheet_zombie
  2 5.057939 -4.141862 23.644339 0.558068 -0.816949 -0.145449 0.266629 0.191989 1 2 1.000000
  2 5.216185 -3.876420 22.941500 -0.196882 -0.543630 -0.815907 0.264079 0.184893 1 2 1.000000
  2 5.429280 -3.829479 23.125689 0.649242 -0.713826 -0.262560 0.261719 0.186834 1 2 1.000000
combinesoldiersheet_zombie
  2 5.429280 -3.829479 23.125689 0.649242 -0.713826 -0.262560 0.261719 0.186834 1 2 1.000000
  2 5.216185 -3.876420 22.941500 -0.196882 -0.543630 -0.815907 0.264079 0.184893 1 2 1.000000
  2 7.380915 -0.992598 21.835642 -0.046550 -0.013890 -0.998819 0.226935 0.174511 1 2 1.000000
combinesoldiersheet_zombie
  2 5.429280 -3.829479 23.125689 0.649242 -0.713826 -0.262560 0.261719 0.186834 1 2 1.000000
  2 7.380915 -0.992598 21.835642 -0.046550 -0.013890 -0.998819 0.226935 0.174511 1 2 1.000000
  2 7.592713 -1.078064 22.086588 0.870378 -0.348177 -0.348160 0.226286 0.177116 1 2 1.000000
combinesoldiersheet_zombie
  2 7.592713 -1.078064 22.086588 0.870378 -0.348177 -0.348160 0.226286 0.177116 1 2 1.000000
  2 7.380915 -0.992598 21.835642 -0.046550 -0.013890 -0.998819 0.226935 0.174511 1 2 1.000000
  2 7.556975 3.457455 22.959620 0.105097 0.688720 -0.717369 0.173108 0.184524 1 2 1.000000
combinesoldiersheet_zombie
  2 7.592713 -1.078064 22.086588 0.870378 -0.348177 -0.348160 0.226286 0.177116 1 2 1.000000
  2 7.556975 3.457455 22.959620 0.105097 0.688720 -0.717369 0.173108 0.184524 1 2 1.000000
  2 7.874144 3.227867 23.092035 0.964798 0.156224 -0.211562 0.178348 0.187905 1 2 1.000000
combinesoldiersheet_zombie
  2 7.556975 3.457455 22.959620 0.105097 0.688720 -0.717369 0.173108 0.184524 1 2 1.000000
  2 7.632428 3.908900 25.939016 0.915970 0.399056 0.041862 0.162360 0.216998 1 2 1.000000
  2 7.874144 3.227867 23.092035 0.964798 0.156224 -0.211562 0.178348 0.187905 1 2 1.000000
combinesoldiersheet_zombie
  2 8.496079 0.522464 26.924906 0.999613 0.026616 -0.008068 0.199873 0.226916 1 2 1.000000
  2 7.874144 3.227867 23.092035 0.964798 0.156224 -0.211562 0.178348 0.187905 1 2 1.000000
  2 7.632428 3.908900 25.939016 0.915970 0.399056 0.041862 0.162360 0.216998 1 2 1.000000
combinesoldiersheet_zombie
  2 7.994464 0.507988 32.165142 0.994390 0.105180 -0.011173 0.199431 0.280184 1 2 1.000000
  2 8.496079 0.522464 26.924906 0.999613 0.026616 -0.008068 0.199873 0.226916 1 2 1.000000
  2 7.632428 3.908900 25.939016 0.915970 0.399056 0.041862 0.162360 0.216998 1 2 1.000000
combinesoldiersheet_zombie
  2 7.994464 0.507988 32.165142 0.994390 0.105180 -0.011173 0.199431 0.280184 1 2 1.000000
  2 7.632428 3.908900 25.939016 0.915970 0.399056 0.041862 0.162360 0.216998 1 2 1.000000
  2 6.904152 4.331557 29.473461 0.958213 0.285985 -0.006313 0.152862 0.252867 1 2 1.000000
combinesoldiersheet_zombie
  2 7.556975 3.457455 22.959620 0.105097 0.688720 -0.717369 0.173108 0.184524 1 2 1.000000
  2 7.380915 -0.992598 21.835642 -0.046550 -0.013890 -0.998819 0.226935 0.174511 1 2 1.000000
  2 7.155785 -0.863241 22.062441 -0.648847 0.218042 -0.729010 0.228498 0.172138 1 2 1.000000
combinesoldiersheet_zombie
  2 7.155785 -0.863241 22.062441 -0.648847 0.218042 -0.729010 0.228498 0.172138 1 2 1.000000
  2 7.380915 -0.992598 21.835642 -0.046550 -0.013890 -0.998819 0.226935 0.174511 1 2 1.000000
  2 5.216185 -3.876420 22.941500 -0.196882 -0.543630 -0.815907 0.264079 0.184893 1 2 1.000000
combinesoldiersheet_zombie
  2 7.155785 -0.863241 22.062441 -0.648847 0.218042 -0.729010 0.228498 0.172138 1 2 1.000000
  2 5.216185 -3.876420 22.941500 -0.196882 -0.543630 -0.815907 0.264079 0.184893 1 2 1.000000
  2 4.849768 -3.709839 23.362972 -0.502483 -0.749696 -0.430659 0.271649 0.185292 1 2 1.000000
combinesoldiersheet_zombie
  2 4.849768 -3.709839 23.362972 -0.502483 -0.749696 -0.430659 0.271649 0.185292 1 2 1.000000
  2 5.216185 -3.876420 22.941500 -0.196882 -0.543630 -0.815907 0.264079 0.184893 1 2 1.000000
  2 4.843674 -4.188189 23.480387 -0.394282 -0.812041 -0.430268 0.268959 0.190255 1 2 1.000000
combinesoldiersheet_zombie
  2 7.664479 3.829978 35.046593 0.965861 0.233752 0.111682 0.161506 0.309775 1 2 1.000000
  2 6.904152 4.331557 29.473461 0.958213 0.285985 -0.006313 0.152862 0.252867 1 2 1.000000
  2 7.383470 4.429762 33.571812 0.941884 0.327160 -0.076288 0.154128 0.294740 1 2 1.000000
combinesoldiersheet_zombie
  2 7.994464 0.507988 32.165142 0.994390 0.105180 -0.011173 0.199431 0.280184 1 2 1.000000
  2 6.904152 4.331557 29.473461 0.958213 0.285985 -0.006313 0.152862 0.252867 1 2 1.000000
  2 7.664479 3.829978 35.046593 0.965861 0.233752 0.111682 0.161506 0.309775 1 2 1.000000
combinesoldiersheet_zombie
  2 7.994464 0.507988 32.165142 0.994390 0.105180 -0.011173 0.199431 0.280184 1 2 1.000000
  2 7.664479 3.829978 35.046593 0.965861 0.233752 0.111682 0.161506 0.309775 1 2 1.000000
  2 7.612676 1.690496 35.706245 0.890799 0.234618 0.389141 0.185423 0.316266 1 2 1.000000
combinesoldiersheet_zombie
  2 7.612676 1.690496 35.706245 0.890799 0.234618 0.389141 0.185423 0.316266 1 2 1.000000
  2 8.158902 0.486139 35.520515 0.924595 0.095691 0.368738 0.200566 0.314400 1 2 1.000000
  2 7.994464 0.507988 32.165142 0.994390 0.105180 -0.011173 0.199431 0.280184 1 2 1.000000
combinesoldiersheet_zombie
  2 7.675089 0.539876 35.963299 0.261675 0.003920 0.965148 0.200899 0.318787 1 2 1.000000
  2 8.158902 0.486139 35.520515 0.924595 0.095691 0.368738 0.200566 0.314400 1 2 1.000000
  2 7.612676 1.690496 35.706245 0.890799 0.234618 0.389141 0.185423 0.316266 1 2 1.000000
combinesoldiersheet_zombie
  2 7.612676 1.690496 35.706245 0.890799 0.234618 0.389141 0.185423 0.316266 1 2 1.000000
  2 7.394517 1.850263 35.940983 0.133463 0.184306 0.973765 0.182638 0.318614 1 2 1.000000
  2 7.675089 0.539876 35.963299 0.261675 0.003920 0.965148 0.200899 0.318787 1 2 1.000000
combinesoldiersheet_zombie
  2 7.664479 3.829978 35.046593 0.965861 0.233752 0.111682 0.161506 0.309775 1 2 1.000000
  2 7.394517 1.850263 35.940983 0.133463 0.184306 0.973765 0.182638 0.318614 1 2 1.000000
  2 7.612676 1.690496 35.706245 0.890799 0.234618 0.389141 0.185423 0.316266 1 2 1.000000
combinesoldiersheet_zombie
  2 7.664479 3.829978 35.046593 0.965861 0.233752 0.111682 0.161506 0.309775 1 2 1.000000
  2 7.493763 4.164783 35.205055 0.221612 0.654454 0.722896 0.157225 0.311376 1 2 1.000000
  2 7.394517 1.850263 35.940983 0.133463 0.184306 0.973765 0.182638 0.318614 1 2 1.000000
combinesoldiersheet_zombie
  2 7.383470 4.429762 33.571812 0.941884 0.327160 -0.076288 0.154128 0.294740 1 2 1.000000
  2 7.493763 4.164783 35.205055 0.221612 0.654454 0.722896 0.157225 0.311376 1 2 1.000000
  2 7.664479 3.829978 35.046593 0.965861 0.233752 0.111682 0.161506 0.309775 1 2 1.000000
combinesoldiersheet_zombie
  2 7.383470 4.429762 33.571812 0.941884 0.327160 -0.076288 0.154128 0.294740 1 2 1.000000
  2 7.225176 4.802192 33.593971 0.292246 0.947575 0.129202 0.149930 0.294961 1 2 1.000000
  2 7.493763 4.164783 35.205055 0.221612 0.654454 0.722896 0.157225 0.311376 1 2 1.000000
combinesoldiersheet_zombie
  2 6.904152 4.331557 29.473461 0.958213 0.285985 -0.006313 0.152862 0.252867 1 2 1.000000
  2 7.225176 4.802192 33.593971 0.292246 0.947575 0.129202 0.149930 0.294961 1 2 1.000000
  2 7.383470 4.429762 33.571812 0.941884 0.327160 -0.076288 0.154128 0.294740 1 2 1.000000
combinesoldiersheet_zombie
  2 6.904152 4.331557 29.473461 0.958213 0.285985 -0.006313 0.152862 0.252867 1 2 1.000000
  2 6.750590 4.700149 29.452993 0.294001 0.954162 -0.056018 0.148636 0.252655 1 2 1.000000
  2 7.225176 4.802192 33.593971 0.292246 0.947575 0.129202 0.149930 0.294961 1 2 1.000000
combinesoldiersheet_zombie
  2 7.632428 3.908900 25.939016 0.915970 0.399056 0.041862 0.162360 0.216998 1 2 1.000000
  2 6.750590 4.700149 29.452993 0.294001 0.954162 -0.056018 0.148636 0.252655 1 2 1.000000
  2 6.904152 4.331557 29.473461 0.958213 0.285985 -0.006313 0.152862 0.252867 1 2 1.000000
combinesoldiersheet_zombie
  2 7.632428 3.908900 25.939016 0.915970 0.399056 0.041862 0.162360 0.216998 1 2 1.000000
  2 7.473615 4.270689 25.887943 0.232725 0.960368 -0.153403 0.158117 0.216474 1 2 1.000000
  2 6.750590 4.700149 29.452993 0.294001 0.954162 -0.056018 0.148636 0.252655 1 2 1.000000
combinesoldiersheet_zombie
  2 7.556975 3.457455 22.959620 0.105097 0.688720 -0.717369 0.173108 0.184524 1 2 1.000000
  2 7.473615 4.270689 25.887943 0.232725 0.960368 -0.153403 0.158117 0.216474 1 2 1.000000
  2 7.632428 3.908900 25.939016 0.915970 0.399056 0.041862 0.162360 0.216998 1 2 1.000000
combinesoldiersheet_zombie
  2 7.556975 3.457455 22.959620 0.105097 0.688720 -0.717369 0.173108 0.184524 1 2 1.000000
  2 7.167782 4.086576 25.933390 -0.528463 0.818919 -0.223828 0.153377 0.214892 1 2 1.000000
  2 7.473615 4.270689 25.887943 0.232725 0.960368 -0.153403 0.158117 0.216474 1 2 1.000000
combinesoldiersheet_zombie
  2 6.452976 4.510295 29.467520 -0.536961 0.839466 -0.083484 0.142414 0.253222 1 2 1.000000
  2 7.473615 4.270689 25.887943 0.232725 0.960368 -0.153403 0.158117 0.216474 1 2 1.000000
  2 7.167782 4.086576 25.933390 -0.528463 0.818919 -0.223828 0.153377 0.214892 1 2 1.000000
combinesoldiersheet_zombie
  2 6.452976 4.510295 29.467520 -0.536961 0.839466 -0.083484 0.142414 0.253222 1 2 1.000000
  2 6.750590 4.700149 29.452993 0.294001 0.954162 -0.056018 0.148636 0.252655 1 2 1.000000
  2 7.473615 4.270689 25.887943 0.232725 0.960368 -0.153403 0.158117 0.216474 1 2 1.000000
combinesoldiersheet_zombie
  2 6.918731 4.609232 33.566280 -0.553115 0.803367 0.220603 0.143963 0.297969 1 2 1.000000
  2 6.750590 4.700149 29.452993 0.294001 0.954162 -0.056018 0.148636 0.252655 1 2 1.000000
  2 6.452976 4.510295 29.467520 -0.536961 0.839466 -0.083484 0.142414 0.253222 1 2 1.000000
combinesoldiersheet_zombie
  2 6.918731 4.609232 33.566280 -0.553115 0.803367 0.220603 0.143963 0.297969 1 2 1.000000
  2 7.225176 4.802192 33.593971 0.292246 0.947575 0.129202 0.149930 0.294961 1 2 1.000000
  2 6.750590 4.700149 29.452993 0.294001 0.954162 -0.056018 0.148636 0.252655 1 2 1.000000
combinesoldiersheet_zombie
  2 7.199555 4.009610 35.041100 -0.613486 0.518564 0.595589 0.152095 0.314036 1 2 1.000000
  2 7.225176 4.802192 33.593971 0.292246 0.947575 0.129202 0.149930 0.294961 1 2 1.000000
  2 6.918731 4.609232 33.566280 -0.553115 0.803367 0.220603 0.143963 0.297969 1 2 1.000000
combinesoldiersheet_zombie
  2 7.199555 4.009610 35.041100 -0.613486 0.518564 0.595589 0.152095 0.314036 1 2 1.000000
  2 7.493763 4.164783 35.205055 0.221612 0.654454 0.722896 0.157225 0.311376 1 2 1.000000
  2 7.225176 4.802192 33.593971 0.292246 0.947575 0.129202 0.149930 0.294961 1 2 1.000000
combinesoldiersheet_zombie
  2 7.147667 1.870126 35.700718 -0.606073 0.094351 0.789793 0.179112 0.320973 1 2 1.000000
  2 7.493763 4.164783 35.205055 0.221612 0.654454 0.722896 0.157225 0.311376 1 2 1.000000
  2 7.199555 4.009610 35.041100 -0.613486 0.518564 0.595589 0.152095 0.314036 1 2 1.000000
combinesoldiersheet_zombie
  2 7.147667 1.870126 35.700718 -0.606073 0.094351 0.789793 0.179112 0.320973 1 2 1.000000
  2 7.394517 1.850263 35.940983 0.133463 0.184306 0.973765 0.182638 0.318614 1 2 1.000000
  2 7.493763 4.164783 35.205055 0.221612 0.654454 0.722896 0.157225 0.311376 1 2 1.000000
combinesoldiersheet_zombie
  2 7.182669 0.658004 35.691704 -0.544841 -0.095279 0.833109 0.199152 0.320756 1 2 1.000000
  2 7.394517 1.850263 35.940983 0.133463 0.184306 0.973765 0.182638 0.318614 1 2 1.000000
  2 7.147667 1.870126 35.700718 -0.606073 0.094351 0.789793 0.179112 0.320973 1 2 1.000000
combinesoldiersheet_zombie
  2 7.182669 0.658004 35.691704 -0.544841 -0.095279 0.833109 0.199152 0.320756 1 2 1.000000
  2 7.675089 0.539876 35.963299 0.261675 0.003920 0.965148 0.200899 0.318787 1 2 1.000000
  2 7.394517 1.850263 35.940983 0.133463 0.184306 0.973765 0.182638 0.318614 1 2 1.000000
combinesoldiersheet_zombie
  2 7.017878 -2.591980 35.116062 -0.469204 -0.049060 0.881726 0.241309 0.314099 1 2 1.000000
  2 7.675089 0.539876 35.963299 0.261675 0.003920 0.965148 0.200899 0.318787 1 2 1.000000
  2 7.182669 0.658004 35.691704 -0.544841 -0.095279 0.833109 0.199152 0.320756 1 2 1.000000
combinesoldiersheet_zombie
  2 7.017878 -2.591980 35.116062 -0.469204 -0.049060 0.881726 0.241309 0.314099 1 2 1.000000
  2 7.478129 -2.833725 35.366409 0.057549 -0.356959 0.932346 0.237149 0.312320 1 2 1.000000
  2 7.675089 0.539876 35.963299 0.261675 0.003920 0.965148 0.200899 0.318787 1 2 1.000000
combinesoldiersheet_zombie
  2 4.940661 -4.269146 34.222507 -0.647766 -0.120926 0.752181 0.273325 0.303603 1 2 1.000000
  2 7.478129 -2.833725 35.366409 0.057549 -0.356959 0.932346 0.237149 0.312320 1 2 1.000000
  2 7.017878 -2.591980 35.116062 -0.469204 -0.049060 0.881726 0.241309 0.314099 1 2 1.000000
combinesoldiersheet_zombie
  11 5.941297 5.727856 42.287628 0.715203 0.664198 -0.217546 0.781040 0.769709 2 11 0.908337 1 0.091663
  11 5.972138 5.201814 42.456963 0.515046 0.069848 0.854312 0.781153 0.769941 1 11 1.000000
  11 7.059824 0.977564 42.118778 0.998151 0.059184 -0.013814 0.765593 0.770314 3 11 0.822768 1 0.101746 2 0.075486
combinesoldiersheet_zombie
  11 5.960488 -3.238967 42.023251 0.882114 -0.316581 0.348785 0.762966 0.771171 2 11 0.927373 1 0.072627
  11 5.629406 -3.641475 41.818775 0.815000 -0.261452 -0.517124 0.763341 0.770817 3 11 0.813443 1 0.116698 2 0.069859
  11 7.059824 0.977564 42.118778 0.998151 0.059184 -0.013814 0.765593 0.770314 3 11 0.822768 1 0.101746 2 0.075486
combinesoldiersheet_zombie
  1 0.023406 7.147394 41.691345 -0.059652 0.972076 -0.226956 0.905668 0.998968 2 1 0.531018 11 0.468982
  1 0.023245 6.989127 39.853302 -0.021001 0.996492 0.081008 0.902609 0.956552 2 1 0.759623 11 0.240377
  1 -3.007142 6.065206 40.596817 -0.259986 0.964703 0.041887 0.965138 0.955764 2 1 0.720256 11 0.279744
combinesoldiersheet_zombie
  1 -5.073164 5.653487 40.059120 -0.592294 0.786664 0.174208 0.992701 0.954612 2 1 0.869811 11 0.130189
  1 -5.029362 5.633697 41.500683 -0.535400 0.811536 -0.233999 0.994972 0.987221 2 1 0.804478 11 0.195522
  1 -3.007142 6.065206 40.596817 -0.259986 0.964703 0.041887 0.965138 0.955764 2 1 0.720256 11 0.279744
combinesoldiersheet_zombie
  1 0.023406 7.147394 41.691345 -0.059652 0.972076 -0.226956 0.905668 0.998968 2 1 0.531018 11 0.468982
  1 -3.007142 6.065206 40.596817 -0.259986 0.964703 0.041887 0.965138 0.955764 2 1 0.720256 11 0.279744
  1 -5.029362 5.633697 41.500683 -0.535400 0.811536 -0.233999 0.994972 0.987221 2 1 0.804478 11 0.195522
combinesoldiersheet_zombie
  1 -5.029362 5.633697 41.500683 -0.535400 0.811536 -0.233999 0.994972 0.987221 2 1 0.804478 11 0.195522
  1 -5.045603 6.105253 42.155964 -0.755745 0.620390 -0.209681 0.990568 0.998171 2 1 0.735349 11 0.264651
  1 0.023406 7.147394 41.691345 -0.059652 0.972076 -0.226956 0.905668 0.998968 2 1 0.531018 11 0.468982
combinesoldiersheet_zombie
  11 -3.560683 -5.726694 41.014961 -0.271442 -0.469894 -0.839952 0.906731 0.978958 3 11 0.735241 1 0.208190 6 0.056569
  1 -2.486533 -5.079195 40.369152 -0.421093 -0.790806 -0.444192 0.917342 0.970427 3 1 0.537035 11 0.382243 6 0.080722
  11 0.151129 -4.987810 39.878296 -0.034945 -0.827264 -0.560725 0.957130 0.963944 3 11 0.622397 1 0.268380 2 0.109223
combinesoldiersheet_zombie
  11 0.151129 -4.987810 39.878296 -0.034945 -0.827264 -0.560725 0.957130 0.963944 3 11 0.622397 1 0.268380 2 0.109223
  11 -1.149389 -6.054883 40.819656 -0.153253 -0.888592 -0.432340 0.939017 0.976378 2 11 0.747442 1 0.252558
  11 -3.560683 -5.726694 41.014961 -0.271442 -0.469894 -0.839952 0.906731 0.978958 3 11 0.735241 1 0.208190 6 0.056569
combinesoldiersheet_zombie
  11 0.151129 -4.987810 39.878296 -0.034945 -0.827264 -0.560725 0.957130 0.963944 3 11 0.622397 1 0.268380 2 0.109223
  11 0.709022 -6.218132 40.813278 0.055588 -0.897099 -0.438318 0.964295 0.976294 2 11 0.708982 1 0.291018
  11 -1.149389 -6.054883 40.819656 -0.153253 -0.888592 -0.432340 0.939017 0.976378 2 11 0.747442 1 0.252558
combinesoldiersheet_zombie
  11 2.734865 -5.081343 40.425575 0.382325 -0.853519 -0.354025 0.995571 0.971173 3 11 0.470612 1 0.402755 2 0.126633
  11 0.709022 -6.218132 40.813278 0.055588 -0.897099 -0.438318 0.964295 0.976294 2 11 0.708982 1 0.291018
  11 0.151129 -4.987810 39.878296 -0.034945 -0.827264 -0.560725 0.957130 0.963944 3 11 0.622397 1 0.268380 2 0.109223
combinesoldiersheet_zombie
  11 2.734865 -5.081343 40.425575 0.382325 -0.853519 -0.354025 0.995571 0.971173 3 11 0.470612 1 0.402755 2 0.126633
  11 3.028104 -5.826412 40.963890 0.342247 -0.472278 -0.812293 0.995764 0.978283 3 11 0.666186 1 0.265492 2 0.068322
  11 0.709022 -6.218132 40.813278 0.055588 -0.897099 -0.438318 0.964295 0.976294 2 11 0.708982 1 0.291018
combinesoldiersheet_zombie
  4 2.196436 2.239904 -0.105826 -0.851589 0.270141 -0.449244 0.968326 0.247802 2 4 0.935969 5 0.064031
  4 2.179290 0.676016 -0.113613 -0.581678 -0.586308 -0.563820 0.950368 0.247767 2 4 0.893867 5 0.106133
  4 2.207306 0.679338 0.543128 -0.880807 -0.376553 0.287030 0.950457 0.255395 2 4 0.825100 5 0.174900
combinesoldiersheet_zombie
  4 2.207306 0.679338 0.543128 -0.880807 -0.376553 0.287030 0.950457 0.255395 2 4 0.825100 5 0.174900
  4 3.566181 4.307947 1.118337 -0.662276 0.716756 0.218294 0.994534 0.262258 1 4 1.000000
  4 2.196436 2.239904 -0.105826 -0.851589 0.270141 -0.449244 0.968326 0.247802 2 4 0.935969 5 0.064031
combinesoldiersheet_zombie
  4 3.566181 4.307947 1.118337 -0.662276 0.716756 0.218294 0.994534 0.262258 1 4 1.000000
  4 3.525633 4.285109 0.044062 -0.395186 0.780162 -0.484949 0.994198 0.249782 1 4 1.000000
  4 2.196436 2.239904 -0.105826 -0.851589 0.270141 -0.449244 0.968326 0.247802 2 4 0.935969 5 0.064031
combinesoldiersheet_zombie
  1 0.023245 6.989127 39.853302 -0.021001 0.996492 0.081008 0.993305 0.960826 2 1 0.759623 11 0.240377
  1 0.023406 7.147394 41.691345 -0.059652 0.972076 -0.226956 0.994005 0.987835 2 1 0.531018 11 0.468982
  1 3.274271 6.134724 40.687412 0.282852 0.958614 -0.032467 0.943951 0.973323 2 1 0.937373 11 0.062627
combinesoldiersheet_zombie
  11 5.941297 5.727856 42.287628 0.715203 0.664198 -0.217546 0.904767 0.997541 2 11 0.908337 1 0.091663
  1 3.274271 6.134724 40.687412 0.282852 0.958614 -0.032467 0.943951 0.973323 2 1 0.937373 11 0.062627
  1 0.023406 7.147394 41.691345 -0.059652 0.972076 -0.226956 0.994005 0.987835 2 1 0.531018 11 0.468982
combinesoldiersheet_zombie
  11 5.941297 5.727856 42.287628 0.715203 0.664198 -0.217546 0.904767 0.997541 2 11 0.908337 1 0.091663
  11 5.475302 5.515770 41.491219 0.764073 0.610187 -0.209437 0.910358 0.985155 2 11 0.770592 1 0.229408
  1 3.274271 6.134724 40.687412 0.282852 0.958614 -0.032467 0.943951 0.973323 2 1 0.937373 11 0.062627
combinesoldiersheet_zombie
  11 5.475302 5.515770 41.491219 0.764073 0.610187 -0.209437 0.910358 0.985155 2 11 0.770592 1 0.229408
  1 5.371748 5.595269 40.056133 0.694129 0.692776 0.195568 0.912162 0.964467 3 1 0.582899 11 0.274175 2 0.142926
  1 3.274271 6.134724 40.687412 0.282852 0.958614 -0.032467 0.943951 0.973323 2 1 0.937373 11 0.062627
combinesoldiersheet_zombie
  1 2.620355 -5.287544 38.615810 0.317273 -0.948329 0.003167 0.999641 0.955692 3 1 0.586525 11 0.238652 2 0.174823
  11 2.734865 -5.081343 40.425575 0.382325 -0.853519 -0.354025 0.999614 1.000082 3 11 0.470612 1 0.402755 2 0.126633
  11 0.151129 -4.987810 39.878296 -0.034945 -0.827264 -0.560725 0.950143 0.999665 3 11 0.622397 1 0.268380 2 0.109223
combinesoldiersheet_zombie
  1 2.620355 -5.287544 38.615810 0.317273 -0.948329 0.003167 0.999641 0.955692 3 1 0.586525 11 0.238652 2 0.174823
  11 0.151129 -4.987810 39.878296 -0.034945 -0.827264 -0.560725 0.950143 0.999665 3 11 0.622397 1 0.268380 2 0.109223
  11 0.071035 -5.365960 38.132679 -0.001304 -0.999972 -0.007392 0.948563 0.955912 3 11 0.460273 1 0.298079 2 0.241648
combinesoldiersheet_zombie
  1 -2.486533 -5.079195 40.369152 -0.421093 -0.790806 -0.444192 0.899320 0.999631 3 1 0.537035 11 0.382243 6 0.080722
  11 0.071035 -5.365960 38.132679 -0.001304 -0.999972 -0.007392 0.948563 0.955912 3 11 0.460273 1 0.298079 2 0.241648
  11 0.151129 -4.987810 39.878296 -0.034945 -0.827264 -0.560725 0.950143 0.999665 3 11 0.622397 1 0.268380 2 0.109223
combinesoldiersheet_zombie
  1 -2.486533 -5.079195 40.369152 -0.421093 -0.790806 -0.444192 0.899320 0.999631 3 1 0.537035 11 0.382243 6 0.080722
  1 -2.424942 -5.286317 38.585785 -0.366842 -0.927681 0.069528 0.899667 0.954971 3 1 0.595222 11 0.265088 6 0.139689
  11 0.071035 -5.365960 38.132679 -0.001304 -0.999972 -0.007392 0.948563 0.955912 3 11 0.460273 1 0.298079 2 0.241648
combinesoldiersheet_zombie
  1 -7.172687 1.505031 41.060665 -0.987806 0.085664 0.130000 0.983606 0.980129 3 1 0.464202 11 0.396360 6 0.139437
  11 -6.911502 0.988416 42.018551 -0.985166 -0.157955 -0.067072 0.996716 0.998674 3 11 0.487574 1 0.431635 6 0.080791
  1 -5.045603 6.105253 42.155964 -0.755745 0.620390 -0.209681 0.899900 0.998592 2 1 0.735349 11 0.264651
combinesoldiersheet_zombie
  1 -5.045603 6.105253 42.155964 -0.755745 0.620390 -0.209681 0.899900 0.998592 2 1 0.735349 11 0.264651
  1 -5.029362 5.633697 41.500683 -0.535400 0.811536 -0.233999 0.906913 0.986273 2 1 0.804478 11 0.195522
  1 -7.172687 1.505031 41.060665 -0.987806 0.085664 0.130000 0.983606 0.980129 3 1 0.464202 11 0.396360 6 0.139437
combinesoldiersheet_zombie
  1 -5.029362 5.633697 41.500683 -0.535400 0.811536 -0.233999 0.906913 0.986273 2 1 0.804478 11 0.195522
  1 -7.611653 0.712882 39.637962 -0.984362 0.025333 0.174324 0.999514 0.955551 3 1 0.493548 6 0.256695 11 0.249757
  1 -7.172687 1.505031 41.060665 -0.987806 0.085664 0.130000 0.983606 0.980129 3 1 0.464202 11 0.396360 6 0.139437
combinesoldiersheet_zombie
  1 -5.029362 5.633697 41.500683 -0.535400 0.811536 -0.233999 0.906913 0.986273 2 1 0.804478 11 0.195522
  1 -5.073164 5.653487 40.059120 -0.592294 0.786664 0.174208 0.901295 0.955581 2 1 0.869811 11 0.130189
  1 -7.611653 0.712882 39.637962 -0.984362 0.025333 0.174324 0.999514 0.955551 3 1 0.493548 6 0.256695 11 0.249757
combinesoldiersheet_zombie
  1 -5.233963 -2.206023 41.085083 -0.820507 -0.568440 -0.060365 0.977143 0.980776 3 1 0.504452 11 0.377276 6 0.118273
  11 -5.250202 -3.471954 41.664505 -0.664994 -0.243727 -0.705960 0.998635 0.999598 3 11 0.558670 1 0.372384 6 0.068946
  11 -6.911502 0.988416 42.018551 -0.985166 -0.157955 -0.067072 0.904946 0.999598 3 11 0.487574 1 0.431635 6 0.080791
combinesoldiersheet_zombie
  11 -6.911502 0.988416 42.018551 -0.985166 -0.157955 -0.067072 0.904946 0.999598 3 11 0.487574 1 0.431635 6 0.080791
  1 -7.172687 1.505031 41.060665 -0.987806 0.085664 0.130000 0.904946 0.981861 3 1 0.464202 11 0.396360 6 0.139437
  1 -5.233963 -2.206023 41.085083 -0.820507 -0.568440 -0.060365 0.977143 0.980776 3 1 0.504452 11 0.377276 6 0.118273
combinesoldiersheet_zombie
  1 -7.172687 1.505031 41.060665 -0.987806 0.085664 0.130000 0.904946 0.981861 3 1 0.464202 11 0.396360 6 0.139437
  1 -5.846033 -3.073277 39.513039 -0.541858 -0.730610 0.415450 0.980176 0.955133 3 1 0.549844 11 0.232980 6 0.217176
  1 -5.233963 -2.206023 41.085083 -0.820507 -0.568440 -0.060365 0.977143 0.980776 3 1 0.504452 11 0.377276 6 0.118273
combinesoldiersheet_zombie
  1 -7.172687 1.505031 41.060665 -0.987806 0.085664 0.130000 0.904946 0.981861 3 1 0.464202 11 0.396360 6 0.139437
  1 -7.611653 0.712882 39.637962 -0.984362 0.025333 0.174324 0.904946 0.955133 3 1 0.493548 6 0.256695 11 0.249757
  1 -5.846033 -3.073277 39.513039 -0.541858 -0.730610 0.415450 0.980176 0.955133 3 1 0.549844 11 0.232980 6 0.217176
combinesoldiersheet_zombie
  11 5.475302 5.515770 41.491219 0.764073 0.610187 -0.209437 0.998430 0.982748 2 11 0.770592 1 0.229408
  11 5.941297 5.727856 42.287628 0.715203 0.664198 -0.217546 0.998089 0.996441 2 11 0.908337 1 0.091663
  11 7.059824 0.977564 42.118778 0.998151 0.059184 -0.013814 0.906252 0.999616 3 11 0.822768 1 0.101746 2 0.075486
combinesoldiersheet_zombie
  11 7.059824 0.977564 42.118778 0.998151 0.059184 -0.013814 0.906252 0.999616 3 11 0.822768 1 0.101746 2 0.075486
  1 6.942896 1.496834 41.247959 0.999182 0.038411 0.012608 0.914565 0.984119 3 1 0.490007 11 0.388150 2 0.121844
  11 5.475302 5.515770 41.491219 0.764073 0.610187 -0.209437 0.998430 0.982748 2 11 0.770592 1 0.229408
combinesoldiersheet_zombie
  1 5.371748 5.595269 40.056133 0.694129 0.692776 0.195568 0.999622 0.958037 3 1 0.582899 11 0.274175 2 0.142926
  11 5.475302 5.515770 41.491219 0.764073 0.610187 -0.209437 0.998430 0.982748 2 11 0.770592 1 0.229408
  1 6.942896 1.496834 41.247959 0.999182 0.038411 0.012608 0.914565 0.984119 3 1 0.490007 11 0.388150 2 0.121844
combinesoldiersheet_zombie
  1 6.942896 1.496834 41.247959 0.999182 0.038411 0.012608 0.914565 0.984119 3 1 0.490007 11 0.388150 2 0.121844
  1 7.753760 0.707912 39.641312 0.976862 0.020681 0.212867 0.901699 0.957393 3 1 0.541020 2 0.252824 11 0.206157
  1 5.371748 5.595269 40.056133 0.694129 0.692776 0.195568 0.999622 0.958037 3 1 0.582899 11 0.274175 2 0.142926
combinesoldiersheet_zombie
  4 1.835053 0.014063 3.805040 -0.960566 -0.190713 0.202338 0.942151 0.293186 3 4 0.689579 5 0.174512 3 0.135909
  4 2.012870 1.851850 3.855191 -0.968677 0.247600 -0.018971 0.963542 0.293740 3 4 0.812327 3 0.137257 5 0.050416
  4 2.252229 2.182612 1.390030 -0.943836 0.270797 -0.189323 0.967771 0.265177 3 4 0.829815 5 0.105779 3 0.064406
combinesoldiersheet_zombie
  4 1.835053 0.014063 3.805040 -0.960566 -0.190713 0.202338 0.942151 0.293186 3 4 0.689579 5 0.174512 3 0.135909
  4 2.252229 2.182612 1.390030 -0.943836 0.270797 -0.189323 0.967771 0.265177 3 4 0.829815 5 0.105779 3 0.064406
  4 1.890392 -2.861057 0.636127 -0.996622 0.027828 -0.077261 0.909295 0.256534 2 4 0.572565 5 0.427436
combinesoldiersheet_zombie
  4 1.835053 0.014063 3.805040 -0.960566 -0.190713 0.202338 0.942151 0.293186 3 4 0.689579 5 0.174512 3 0.135909
  4 1.890392 -2.861057 0.636127 -0.996622 0.027828 -0.077261 0.909295 0.256534 2 4 0.572565 5 0.427436
  4 1.915437 -3.241389 1.786432 -0.980868 -0.060808 0.184933 0.904981 0.269904 2 4 0.540517 5 0.459483
combinesoldiersheet_zombie
  4 1.915437 -3.241389 1.786432 -0.980868 -0.060808 0.184933 0.904981 0.269904 2 4 0.540517 5 0.459483
  4 1.890392 -2.861057 0.636127 -0.996622 0.027828 -0.077261 0.909295 0.256534 2 4 0.572565 5 0.427436
  5 2.160818 -6.168159 0.658692 -0.906553 -0.414314 -0.080656 0.871880 0.256988 2 5 0.877284 4 0.122716
combinesoldiersheet_zombie
  4 1.915437 -3.241389 1.786432 -0.980868 -0.060808 0.184933 0.904981 0.269904 2 4 0.540517 5 0.459483
  5 2.160818 -6.168159 0.658692 -0.906553 -0.414314 -0.080656 0.871880 0.256988 2 5 0.877284 4 0.122716
  5 1.988917 -6.032880 2.099024 -0.917219 -0.272553 0.290558 0.873117 0.273656 2 5 0.774535 4 0.225465
combinesoldiersheet_zombie
  5 1.988917 -6.032880 2.099024 -0.917219 -0.272553 0.290558 0.873117 0.273656 2 5 0.774535 4 0.225465
  5 2.468995 -3.532737 2.874392 -0.787590 -0.111137 0.606094 0.902653 0.282674 2 5 0.513676 4 0.486324
  4 1.915437 -3.241389 1.786432 -0.980868 -0.060808 0.184933 0.904981 0.269904 2 4 0.540517 5 0.459483
combinesoldiersheet_zombie
  4 1.915437 -3.241389 1.786432 -0.980868 -0.060808 0.184933 0.904981 0.269904 2 4 0.540517 5 0.459483
  5 2.468995 -3.532737 2.874392 -0.787590 -0.111137 0.606094 0.902653 0.282674 2 5 0.513676 4 0.486324
  4 1.835053 0.014063 3.805040 -0.960566 -0.190713 0.202338 0.942151 0.293186 3 4 0.689579 5 0.174512 3 0.135909
combinesoldiersheet_zombie
  4 2.252229 2.182612 1.390030 -0.943836 0.270797 -0.189323 0.967771 0.265177 3 4 0.829815 5 0.105779 3 0.064406
  4 2.207306 0.679338 0.543128 -0.897738 0.236288 -0.371798 0.950457 0.255395 2 4 0.825100 5 0.174900
  4 1.890392 -2.861057 0.636127 -0.996622 0.027828 -0.077261 0.909295 0.256534 2 4 0.572565 5 0.427436
combinesoldiersheet_zombie
  4 2.207306 0.679338 0.543128 -0.897738 0.236288 -0.371798 0.950457 0.255395 2 4 0.825100 5 0.174900
  4 2.252229 2.182612 1.390030 -0.943836 0.270797 -0.189323 0.967771 0.265177 3 4 0.829815 5 0.105779 3 0.064406
  4 3.566181 4.307947 1.118337 -0.593530 0.694994 -0.405839 0.994534 0.262258 1 4 1.000000
combinesoldiersheet_zombie
  4 2.252229 2.182612 1.390030 -0.943836 0.270797 -0.189323 0.967771 0.265177 3 4 0.829815 5 0.105779 3 0.064406
  4 3.556574 4.636699 2.216499 -0.502515 0.855192 -0.126988 0.998285 0.274987 2 4 0.940225 3 0.059775
  4 3.566181 4.307947 1.118337 -0.593530 0.694994 -0.405839 0.994534 0.262258 1 4 1.000000
combinesoldiersheet_zombie
  4 2.252229 2.182612 1.390030 -0.943836 0.270797 -0.189323 0.967771 0.265177 3 4 0.829815 5 0.105779 3 0.064406
  4 3.165261 4.419365 4.021489 -0.530350 0.841499 0.102994 0.995078 0.295849 2 4 0.877505 3 0.122495
  4 3.556574 4.636699 2.216499 -0.502515 0.855192 -0.126988 0.998285 0.274987 2 4 0.940225 3 0.059775
combinesoldiersheet_zombie
  4 2.252229 2.182612 1.390030 -0.943836 0.270797 -0.189323 0.967771 0.265177 3 4 0.829815 5 0.105779 3 0.064406
  4 2.012870 1.851850 3.855191 -0.968677 0.247600 -0.018971 0.963542 0.293740 3 4 0.812327 3 0.137257 5 0.050416
  4 3.165261 4.419365 4.021489 -0.530350 0.841499 0.102994 0.995078 0.295849 2 4 0.877505 3 0.122495
combinesoldiersheet_zombie
  4 1.959924 1.821142 5.503037 -0.983295 0.181978 0.003747 0.963094 0.312852 2 4 0.580219 3 0.419781
  4 3.165261 4.419365 4.021489 -0.530350 0.841499 0.102994 0.995078 0.295849 2 4 0.877505 3 0.122495
  4 2.012870 1.851850 3.855191 -0.968677 0.247600 -0.018971 0.963542 0.293740 3 4 0.812327 3 0.137257 5 0.050416
combinesoldiersheet_zombie
  4 1.959924 1.821142 5.503037 -0.983295 0.181978 0.003747 0.963094 0.312852 2 4 0.580219 3 0.419781
  4 2.012870 1.851850 3.855191 -0.968677 0.247600 -0.018971 0.963542 0.293740 3 4 0.812327 3 0.137257 5 0.050416
  4 1.835053 0.014063 3.805040 -0.960566 -0.190713 0.202338 0.942151 0.293186 3 4 0.689579 5 0.174512 3 0.135909
combinesoldiersheet_zombie
  4 1.959924 1.821142 5.503037 -0.983295 0.181978 0.003747 0.963094 0.312852 2 4 0.580219 3 0.419781
  4 1.835053 0.014063 3.805040 -0.960566 -0.190713 0.202338 0.942151 0.293186 3 4 0.689579 5 0.174512 3 0.135909
  4 2.156256 -0.026809 5.600091 -0.919862 -0.379286 0.099981 0.942269 0.314096 2 4 0.526317 3 0.473683
combinesoldiersheet_zombie
  3 2.175181 0.032243 6.830487 -0.904016 -0.417991 0.089657 0.942966 0.328355 2 3 0.862796 4 0.137204
  4 1.959924 1.821142 5.503037 -0.983295 0.181978 0.003747 0.963094 0.312852 2 4 0.580219 3 0.419781
  4 2.156256 -0.026809 5.600091 -0.919862 -0.379286 0.099981 0.942269 0.314096 2 4 0.526317 3 0.473683
combinesoldiersheet_zombie
  3 2.175181 0.032243 6.830487 -0.904016 -0.417991 0.089657 0.942966 0.328355 2 3 0.862796 4 0.137204
  3 2.033386 1.960318 6.958989 -0.988313 0.148329 -0.035160 0.964807 0.329738 2 3 0.919810 4 0.080190
  4 1.959924 1.821142 5.503037 -0.983295 0.181978 0.003747 0.963094 0.312852 2 4 0.580219 3 0.419781
combinesoldiersheet_zombie
  3 2.033386 1.960318 6.958989 -0.988313 0.148329 -0.035160 0.964807 0.329738 2 3 0.919810 4 0.080190
  4 2.936543 3.806891 5.721190 -0.563005 0.825716 -0.034908 0.987640 0.315542 2 4 0.678679 3 0.321321
  4 1.959924 1.821142 5.503037 -0.983295 0.181978 0.003747 0.963094 0.312852 2 4 0.580219 3 0.419781
combinesoldiersheet_zombie
  3 2.033386 1.960318 6.958989 -0.988313 0.148329 -0.035160 0.964807 0.329738 2 3 0.919810 4 0.080190
  3 2.806690 4.471476 7.521491 -0.553130 0.792078 -0.258186 0.995012 0.336356 1 3 1.000000
  4 2.936543 3.806891 5.721190 -0.563005 0.825716 -0.034908 0.987640 0.315542 2 4 0.678679 3 0.321321
combinesoldiersheet_zombie
  4 1.959924 1.821142 5.503037 -0.983295 0.181978 0.003747 0.963094 0.312852 2 4 0.580219 3 0.419781
  4 2.936543 3.806891 5.721190 -0.563005 0.825716 -0.034908 0.987640 0.315542 2 4 0.678679 3 0.321321
  4 3.165261 4.419365 4.021489 -0.530350 0.841499 0.102994 0.995078 0.295849 2 4 0.877505 3 0.122495
combinesoldiersheet_zombie
  2 3.581476 -4.799369 32.341518 -0.648838 -0.475039 0.594430 0.864456 0.513776 1 2 1.000000
  2 3.636481 -4.952284 32.279430 -0.335081 -0.853689 0.398667 0.874374 0.530927 1 2 1.000000
  2 4.299459 -4.862529 32.341965 0.162194 -0.859326 0.485028 0.864461 0.613406 1 2 1.000000
combinesoldiersheet_zombie
  2 3.605406 -4.695016 30.084604 -0.589449 -0.459101 -0.664662 0.999948 0.513725 1 2 1.000000
  2 3.636481 -4.952284 32.279430 -0.335081 -0.853689 0.398667 0.874374 0.530927 1 2 1.000000
  2 3.581476 -4.799369 32.341518 -0.648838 -0.475039 0.594430 0.864456 0.513776 1 2 1.000000
combinesoldiersheet_zombie
  2 3.605406 -4.695016 30.084604 -0.589449 -0.459101 -0.664662 0.999948 0.513725 1 2 1.000000
  2 3.659101 -4.853263 30.146362 -0.281877 -0.831890 -0.478022 0.990465 0.531020 1 2 1.000000
  2 3.636481 -4.952284 32.279430 -0.335081 -0.853689 0.398667 0.874374 0.530927 1 2 1.000000
combinesoldiersheet_zombie
  2 4.335255 -4.766160 30.179880 0.224483 -0.812619 -0.537827 0.999866 0.613388 1 2 1.000000
  2 3.659101 -4.853263 30.146362 -0.281877 -0.831890 -0.478022 0.990465 0.531020 1 2 1.000000
  2 3.605406 -4.695016 30.084604 -0.589449 -0.459101 -0.664662 0.999948 0.513725 1 2 1.000000
combinesoldiersheet_zombie
  2 3.983310 -4.910244 30.357239 0.125919 -0.974664 -0.184861 0.974348 0.564921 1 2 1.000000
  2 3.659101 -4.853263 30.146362 -0.281877 -0.831890 -0.478022 0.990465 0.531020 1 2 1.000000
  2 4.335255 -4.766160 30.179880 0.224483 -0.812619 -0.537827 0.999866 0.613388 1 2 1.000000
combinesoldiersheet_zombie
  2 3.983310 -4.910244 30.357239 0.125919 -0.974664 -0.184861 0.974348 0.564921 1 2 1.000000
  2 4.335255 -4.766160 30.179880 0.224483 -0.812619 -0.537827 0.999866 0.613388 1 2 1.000000
  2 4.299459 -4.862529 32.341965 0.162194 -0.859326 0.485028 0.864461 0.613406 1 2 1.000000
combinesoldiersheet_zombie
  2 3.983310 -4.910244 30.357239 0.125919 -0.974664 -0.184861 0.974348 0.564921 1 2 1.000000
  2 4.299459 -4.862529 32.341965 0.162194 -0.859326 0.485028 0.864461 0.613406 1 2 1.000000
  2 3.959520 -4.990159 32.110691 0.109700 -0.988676 0.102402 0.890674 0.563150 1 2 1.000000
combinesoldiersheet_zombie
  2 3.959520 -4.990159 32.110691 0.109700 -0.988676 0.102402 0.890674 0.563150 1 2 1.000000
  2 4.299459 -4.862529 32.341965 0.162194 -0.859326 0.485028 0.864461 0.613406 1 2 1.000000
  2 3.636481 -4.952284 32.279430 -0.335081 -0.853689 0.398667 0.874374 0.530927 1 2 1.000000
combinesoldiersheet_zombie
  2 3.959520 -4.990159 32.110691 0.109700 -0.988676 0.102402 0.890674 0.563150 1 2 1.000000
  2 3.636481 -4.952284 32.279430 -0.335081 -0.853689 0.398667 0.874374 0.530927 1 2 1.000000
  2 3.659101 -4.853263 30.146362 -0.281877 -0.831890 -0.478022 0.990465 0.531020 1 2 1.000000
combinesoldiersheet_zombie
  2 3.959520 -4.990159 32.110691 0.109700 -0.988676 0.102402 0.890674 0.563150 1 2 1.000000
  2 3.659101 -4.853263 30.146362 -0.281877 -0.831890 -0.478022 0.990465 0.531020 1 2 1.000000
  2 3.983310 -4.910244 30.357239 0.125919 -0.974664 -0.184861 0.974348 0.564921 1 2 1.000000
combinesoldiersheet_zombie
  6 -3.925837 -4.685325 27.162647 -0.113697 -0.907425 -0.404540 0.972279 0.562758 1 6 1.000000
  6 -3.622141 -4.451130 26.944866 0.345924 -0.694683 -0.630676 0.989874 0.595797 1 6 1.000000
  6 -3.529086 -4.811332 29.099066 0.448563 -0.825537 0.342460 0.872876 0.597476 1 6 1.000000
combinesoldiersheet_zombie
  6 -4.222368 -4.732051 29.215059 -0.189283 -0.859131 0.475463 0.864456 0.513776 1 6 1.000000
  6 -3.529086 -4.811332 29.099066 0.448563 -0.825537 0.342460 0.872876 0.597476 1 6 1.000000
  6 -3.475822 -4.658402 29.157515 0.695693 -0.468573 0.544473 0.864461 0.613406 1 6 1.000000
combinesoldiersheet_zombie
  6 -3.570200 -4.292480 26.878992 0.561962 -0.453344 -0.691866 0.999866 0.613388 1 6 1.000000
  6 -3.475822 -4.658402 29.157515 0.695693 -0.468573 0.544473 0.864461 0.613406 1 6 1.000000
  6 -3.529086 -4.811332 29.099066 0.448563 -0.825537 0.342460 0.872876 0.597476 1 6 1.000000
combinesoldiersheet_zombie
  6 -3.570200 -4.292480 26.878992 0.561962 -0.453344 -0.691866 0.999866 0.613388 1 6 1.000000
  6 -3.529086 -4.811332 29.099066 0.448563 -0.825537 0.342460 0.872876 0.597476 1 6 1.000000
  6 -3.622141 -4.451130 26.944866 0.345924 -0.694683 -0.630676 0.989874 0.595797 1 6 1.000000
combinesoldiersheet_zombie
  6 -3.622141 -4.451130 26.944866 0.345924 -0.694683 -0.630676 0.989874 0.595797 1 6 1.000000
  6 -4.259189 -4.372444 26.992117 -0.293983 -0.663065 -0.688418 0.999948 0.513725 1 6 1.000000
  6 -3.570200 -4.292480 26.878992 0.561962 -0.453344 -0.691866 0.999866 0.613388 1 6 1.000000
combinesoldiersheet_zombie
  6 -3.622141 -4.451130 26.944866 0.345924 -0.694683 -0.630676 0.989874 0.595797 1 6 1.000000
  6 -3.925837 -4.685325 27.162647 -0.113697 -0.907425 -0.404540 0.972279 0.562758 1 6 1.000000
  6 -4.259189 -4.372444 26.992117 -0.293983 -0.663065 -0.688418 0.999948 0.513725 1 6 1.000000
combinesoldiersheet_zombie
  6 -3.866337 -4.853050 28.955555 -0.076039 -0.995779 0.051392 0.888746 0.565836 1 6 1.000000
  6 -4.259189 -4.372444 26.992117 -0.293983 -0.663065 -0.688418 0.999948 0.513725 1 6 1.000000
  6 -3.925837 -4.685325 27.162647 -0.113697 -0.907425 -0.404540 0.972279 0.562758 1 6 1.000000
combinesoldiersheet_zombie
  6 -3.925837 -4.685325 27.162647 -0.113697 -0.907425 -0.404540 0.972279 0.562758 1 6 1.000000
  6 -3.529086 -4.811332 29.099066 0.448563 -0.825537 0.342460 0.872876 0.597476 1 6 1.000000
  6 -3.866337 -4.853050 28.955555 -0.076039 -0.995779 0.051392 0.888746 0.565836 1 6 1.000000
combinesoldiersheet_zombie
  6 -4.222368 -4.732051 29.215059 -0.189283 -0.859131 0.475463 0.864456 0.513776 1 6 1.000000
  6 -3.866337 -4.853050 28.955555 -0.076039 -0.995779 0.051392 0.888746 0.565836 1 6 1.000000
  6 -3.529086 -4.811332 29.099066 0.448563 -0.825537 0.342460 0.872876 0.597476 1 6 1.000000
combinesoldiersheet_zombie
  6 -3.866337 -4.853050 28.955555 -0.076039 -0.995779 0.051392 0.888746 0.565836 1 6 1.000000
  6 -4.222368 -4.732051 29.215059 -0.189283 -0.859131 0.475463 0.864456 0.513776 1 6 1.000000
  6 -4.259189 -4.372444 26.992117 -0.293983 -0.663065 -0.688418 0.999948 0.513725 1 6 1.000000
combinesoldiersheet_zombie
  4 6.645611 2.347014 -0.087263 0.662874 0.213820 -0.717551 0.925896 0.337231 2 4 0.888313 5 0.111687
  4 3.525633 4.285109 0.044062 -0.395186 0.780162 -0.484949 0.938908 0.326518 1 4 1.000000
  4 5.640166 4.233356 0.026786 0.442204 0.740796 -0.505645 0.929335 0.328013 1 4 1.000000
combinesoldiersheet_zombie
  4 6.645611 2.347014 -0.087263 0.662874 0.213820 -0.717551 0.925896 0.337231 2 4 0.888313 5 0.111687
  4 2.196436 2.239904 -0.105826 -0.851589 0.270141 -0.449244 0.946169 0.335081 2 4 0.935969 5 0.064031
  4 3.525633 4.285109 0.044062 -0.395186 0.780162 -0.484949 0.938908 0.326518 1 4 1.000000
combinesoldiersheet_zombie
  4 6.772985 0.721384 -0.074362 0.593307 -0.537518 -0.599217 0.926546 0.343900 2 4 0.812186 5 0.187814
  4 2.196436 2.239904 -0.105826 -0.851589 0.270141 -0.449244 0.946169 0.335081 2 4 0.935969 5 0.064031
  4 6.645611 2.347014 -0.087263 0.662874 0.213820 -0.717551 0.925896 0.337231 2 4 0.888313 5 0.111687
combinesoldiersheet_zombie
  4 6.772985 0.721384 -0.074362 0.593307 -0.537518 -0.599217 0.926546 0.343900 2 4 0.812186 5 0.187814
  4 2.179290 0.676016 -0.113613 -0.581678 -0.586308 -0.563820 0.946970 0.341755 2 4 0.893867 5 0.106133
  4 2.196436 2.239904 -0.105826 -0.851589 0.270141 -0.449244 0.946169 0.335081 2 4 0.935969 5 0.064031
combinesoldiersheet_zombie
  4 6.801005 0.724959 0.582382 0.739366 -0.673101 -0.016511 0.926474 0.347149 2 4 0.683834 5 0.316166
  4 2.179290 0.676016 -0.113613 -0.581678 -0.586308 -0.563820 0.946970 0.341755 2 4 0.893867 5 0.106133
  4 6.772985 0.721384 -0.074362 0.593307 -0.537518 -0.599217 0.926546 0.343900 2 4 0.812186 5 0.187814
combinesoldiersheet_zombie
  4 6.801005 0.724959 0.582382 0.739366 -0.673101 -0.016511 0.926474 0.347149 2 4 0.683834 5 0.316166
  4 2.207306 0.679338 0.543128 -0.880807 -0.376553 0.287030 0.947138 0.344856 2 4 0.825100 5 0.174900
  4 2.179290 0.676016 -0.113613 -0.581678 -0.586308 -0.563820 0.946970 0.341755 2 4 0.893867 5 0.106133
combinesoldiersheet_zombie
  1 -1.002867 8.003371 42.975548 -0.678096 -0.117176 0.725573 0.756392 0.606999 1 1 1.000000
  1 -0.887805 7.735585 42.536880 -0.880823 -0.471064 -0.047426 0.754243 0.606562 1 1 1.000000
  1 7.091281 4.054584 42.504692 -0.113220 -0.932082 0.344099 0.754427 0.566390 1 1 1.000000
combinesoldiersheet_zombie
  1 7.091281 4.054584 42.504692 -0.113220 -0.932082 0.344099 0.754427 0.566390 1 1 1.000000
  1 1.806010 7.757189 43.545113 -0.144380 -0.143420 0.979074 0.762071 0.596582 1 1 1.000000
  1 -1.002867 8.003371 42.975548 -0.678096 -0.117176 0.725573 0.756392 0.606999 1 1 1.000000
combinesoldiersheet_zombie
  1 7.091281 4.054584 42.504692 -0.113220 -0.932082 0.344099 0.754427 0.566390 1 1 1.000000
  1 5.353350 6.039739 43.527489 -0.050675 -0.164987 0.984993 0.761663 0.577012 1 1 1.000000
  1 1.806010 7.757189 43.545113 -0.144380 -0.143420 0.979074 0.762071 0.596582 1 1 1.000000
combinesoldiersheet_zombie
  1 7.091281 4.054584 42.504692 -0.113220 -0.932082 0.344099 0.754427 0.566390 1 1 1.000000
  1 7.239836 4.160601 42.940735 0.456437 -0.590235 0.665799 0.756616 0.566337 1 1 1.000000
  1 5.353350 6.039739 43.527489 -0.050675 -0.164987 0.984993 0.761663 0.577012 1 1 1.000000
combinesoldiersheet_zombie
  2 0.514977 1.269585 20.459377 -0.986738 0.129198 -0.098264 0.375802 0.161357 2 2 0.823592 3 0.176408
  3 0.872412 1.854010 17.193558 -0.952862 0.300672 0.040618 0.390563 0.111392 1 3 1.000000
  3 1.609653 -1.116340 18.211075 -0.922038 -0.386592 0.019789 0.338536 0.113543 2 3 0.686844 2 0.313156
combinesoldiersheet_zombie
  3 0.998064 2.005061 12.914898 -0.991329 0.129667 0.021279 0.414372 0.067981 1 3 1.000000
  3 1.609653 -1.116340 18.211075 -0.922038 -0.386592 0.019789 0.338536 0.113543 2 3 0.686844 2 0.313156
  3 0.872412 1.854010 17.193558 -0.952862 0.300672 0.040618 0.390563 0.111392 1 3 1.000000
end
