// Created by Crowbar 0.74
version 1
nodes
  0 "ValveBiped.hips" -1
  1 "ValveBiped.leg_bone1_L" 0
  2 "ValveBiped.leg_bone2_L" 1
  3 "ValveBiped.leg_bone3_L" 2
  4 "ValveBiped.Bip01_L_Foot" 3
  5 "ValveBiped.Bip01_L_Toe0" 4
  6 "ValveBiped.leg_bone1_R" 0
  7 "ValveBiped.leg_bone2_R" 6
  8 "ValveBiped.leg_bone3_R" 7
  9 "ValveBiped.Bip01_R_Foot" 8
  10 "ValveBiped.Bip01_R_Toe0" 9
  11 "ValveBiped.spine1" 0
  12 "ValveBiped.spine2" 11
  13 "ValveBiped.spine3" 12
  14 "ValveBiped.spine4" 13
  15 "ValveBiped.neck1" 14
  16 "ValveBiped.neck2" 15
  17 "ValveBiped.head" 16
  18 "ValveBiped.clavical_L" 14
  19 "ValveBiped.arm1_L" 18
  20 "ValveBiped.arm2_L" 19
  21 "ValveBiped.hand1_L" 20
  22 "ValveBiped.index1_L" 21
  23 "ValveBiped.index2_L" 22
  24 "ValveBiped.index3_L" 23
  25 "ValveBiped.pinky1_L" 21
  26 "ValveBiped.pinky2_L" 25
  27 "ValveBiped.pinky3_L" 26
  28 "ValveBiped.clavical_R" 14
  29 "ValveBiped.arm1_R" 28
  30 "ValveBiped.arm2_R" 29
  31 "ValveBiped.hand1_R" 30
  32 "ValveBiped.index1_R" 31
  33 "ValveBiped.index2_R" 32
  34 "ValveBiped.index3_R" 33
  35 "ValveBiped.pinky1_R" 31
  36 "ValveBiped.pinky2_R" 35
  37 "ValveBiped.pinky3_R" 36
  38 "ValveBiped.cleaver_attachment" 31
  39 "ValveBiped.bone" 13
  40 "ValveBiped.bone1" 39
  41 "ValveBiped.bone2" 40
  42 "ValveBiped.bone3" 41
  43 "ValveBiped.bone4" 42
  44 "ValveBiped.bone5" 41
  45 "ValveBiped.bone6" 44
  46 "ValveBiped.nectar" 21
  47 "ValveBiped.forward" 17
  48 "ValveBiped.hlp_wrist_L" 20
  49 "ValveBiped.hlp_ulna_L" 20
  50 "ValveBiped.l_shoulderBlade" 18
  51 "ValveBiped.hlp_ulna_R" 30
  52 "ValveBiped.hlp_wrist_R" 30
  53 "ValveBiped.r_shoulderBlade" 28
end
skeleton
  time 0
    0 0.000002 6.868948 40.376724 0.000000 -0.261799 -1.570795
    1 0.000002 3.722111 -0.000003 -1.019347 1.246155 0.575673
    2 16.293058 -0.000001 0.000000 0.000000 0.000000 1.509012
    3 14.550485 0.000000 0.000000 0.000000 0.000000 -1.542944
    4 13.312028 0.000000 0.000000 0.029086 0.172969 0.169211
    5 7.548074 0.000000 -0.000001 -0.005134 -0.005140 -1.136543
    6 -0.000008 -3.722115 -0.000005 -2.133289 1.231027 -0.642961
    7 16.293055 -0.000002 0.000000 0.000000 0.000000 1.514068
    8 14.550489 -0.000001 0.000000 0.000000 0.000000 -1.548196
    9 13.312049 0.000122 0.000000 -0.075193 -0.191641 0.184708
    10 7.637530 0.000000 0.000000 -0.076864 -0.005156 -1.140261
    11 1.521736 0.000004 4.280872 -1.570805 -1.405235 0.000008
    12 3.403125 0.000000 0.000000 0.000000 0.000000 0.110428
    13 4.482062 0.000000 0.000000 0.000000 0.000000 0.204522
    14 10.798348 0.000000 0.000000 0.000000 0.000000 0.769527
    15 4.747087 0.000003 0.000000 0.000001 0.000000 0.673778
    16 6.478227 0.000000 0.000000 0.000000 0.000000 0.122291
    17 5.452011 -0.000002 0.000000 0.000000 0.000000 0.253363
    18 1.508954 -0.508922 1.824568 0.000002 -1.370796 -3.141541
    19 5.310891 -0.000001 0.000000 -1.134135 -0.122254 -0.073018
    20 20.607864 0.000001 0.000005 0.000000 0.000000 -0.916453
    21 15.149604 0.000003 -0.000002 -0.286585 0.235568 -0.144811
    22 4.065570 0.002192 -1.519180 -0.071226 0.269312 -0.307220
    23 3.619752 0.000000 -0.000002 0.000000 0.000000 0.113446
    24 3.076452 0.000003 -0.000006 0.000000 0.000000 0.436333
    25 4.173203 -0.002194 1.519182 0.010009 0.088350 -0.196909
    26 3.619755 0.000001 0.000006 0.000000 0.000000 0.017457
    27 3.076452 0.000002 -0.000002 0.000000 0.000000 0.366516
    28 1.508950 -0.508920 -1.824640 -0.000008 1.370793 -3.141546
    29 5.310891 0.000001 0.000000 0.954234 0.160528 -0.006549
    30 20.607861 -0.000001 0.000003 0.000000 0.000000 -0.916453
    31 15.149600 0.000000 0.000000 0.286586 -0.235569 -0.144810
    32 4.065568 0.002194 1.519178 0.071226 -0.269312 -0.307220
    33 3.619751 -0.000001 -0.000002 0.000000 0.000000 0.113446
    34 3.076451 -0.000001 0.000004 0.000000 0.000000 0.436333
    35 4.173203 -0.002192 -1.519185 -0.010009 -0.088350 -0.196909
    36 3.619754 0.000001 0.000000 0.000000 0.000000 0.017457
    37 3.076450 0.000002 0.000000 0.000000 0.000000 0.366516
    38 3.548693 1.687083 1.906621 -3.054447 0.049373 -1.604879
    39 3.444982 7.027712 -0.000027 0.000001 -0.000001 2.739691
    40 6.662012 0.000000 0.000000 0.000000 0.000000 -2.340418
    41 6.061831 -0.000001 0.000000 0.000000 0.000000 0.987911
    42 2.288945 0.044154 -0.938771 -0.141729 -0.059397 0.338445
    43 3.500005 -0.000005 -0.000001 0.000000 0.000000 1.460283
    44 2.463229 -0.122145 0.785866 -0.037350 -0.273327 0.333895
    45 3.453002 -0.000004 -0.000001 0.000000 0.000000 1.447892
    46 5.179169 2.228604 -0.990341 -0.716974 0.883236 -0.667835
    47 3.999999 1.999997 0.000000 1.570796 0.000000 -0.122173
    48 15.149603 0.000000 -0.000006 -0.240625 0.235568 -0.144811
    49 7.910053 0.000000 -0.000004 -0.065928 0.000000 0.000000
    50 3.808902 2.999998 -1.557297 -2.027529 -0.521202 -0.556116
    51 7.438743 0.000001 -0.000001 0.000000 0.000000 0.000000
    52 15.149600 0.000001 0.000000 0.445865 -0.105183 -0.171931
    53 4.808901 3.000004 1.557291 2.140411 0.378178 -0.355629
end
triangles
shackles
  31 -35.927998 -12.073653 62.441460 0.740722 -0.567360 0.359769 0.146553 0.939119 1 31 1.000000
  31 -35.008949 -9.556026 64.519577 0.740722 -0.567360 0.359769 0.070380 0.929291 1 31 1.000000
  31 -36.688007 -12.148058 63.595215 0.740722 -0.567360 0.359769 0.145133 0.925107 1 31 1.000000
shackles
  31 -35.927998 -12.073653 62.441460 0.740722 -0.567360 0.359769 0.146553 0.939119 1 31 1.000000
  31 -34.553020 -9.336195 63.633869 0.740722 -0.567360 0.359769 0.069919 0.940386 1 31 1.000000
  31 -35.008949 -9.556026 64.519577 0.740722 -0.567360 0.359769 0.070380 0.929291 1 31 1.000000
shackles
  21 34.927986 -7.312038 63.924377 -0.916559 0.327822 0.229024 0.039485 0.911305 1 21 1.000000
  21 36.243305 -10.095108 62.216648 -0.872429 -0.279827 -0.400705 0.117453 0.899285 2 21 0.581951 22 0.418049
  21 36.322292 -10.768013 63.241127 -0.915520 -0.398365 -0.055936 0.120778 0.920692 2 21 0.631040 22 0.368960
shackles
  21 35.840122 -7.238967 62.191536 -0.687498 0.226001 -0.690123 0.064679 0.873446 1 21 1.000000
  21 37.192028 -8.832216 60.760544 -0.711758 -0.123576 -0.691469 0.118279 0.860555 1 21 1.000000
  21 36.914902 -9.870022 61.457878 -0.711758 -0.123576 -0.691469 0.128000 0.879306 2 21 0.915342 22 0.084658
shackles
  21 35.840122 -7.238967 62.191536 -0.687498 0.226001 -0.690123 0.064679 0.873446 1 21 1.000000
  21 36.914902 -9.870022 61.457878 -0.711758 -0.123576 -0.691469 0.128000 0.879306 2 21 0.915342 22 0.084658
  21 36.243305 -10.095108 62.216648 -0.872429 -0.279827 -0.400705 0.117453 0.899285 2 21 0.581951 22 0.418049
shackles
  21 35.840122 -7.238967 62.191536 -0.687498 0.226001 -0.690123 0.064679 0.873446 1 21 1.000000
  21 36.243305 -10.095108 62.216648 -0.872429 -0.279827 -0.400705 0.117453 0.899285 2 21 0.581951 22 0.418049
  21 34.892250 -7.436500 62.920689 -0.901073 0.153862 -0.405456 0.050938 0.894693 1 21 1.000000
shackles
  21 34.927986 -7.312038 63.924377 -0.916559 0.327822 0.229024 0.039485 0.911305 1 21 1.000000
  21 34.892250 -7.436500 62.920689 -0.901073 0.153862 -0.405456 0.050938 0.894693 1 21 1.000000
  21 36.243305 -10.095108 62.216648 -0.872429 -0.279827 -0.400705 0.117453 0.899285 2 21 0.581951 22 0.418049
shackles
  21 34.927986 -7.312038 63.924377 -0.916559 0.327822 0.229024 0.039485 0.911305 1 21 1.000000
  21 35.296467 -6.718001 63.184982 -0.723293 0.682882 -0.102563 0.039162 0.894023 1 21 1.000000
  21 34.892250 -7.436500 62.920689 -0.901073 0.153862 -0.405456 0.050938 0.894693 1 21 1.000000
shackles
  21 36.073513 -6.717056 64.208595 -0.477409 0.755371 0.448883 0.029149 0.935818 1 21 1.000000
  21 35.296467 -6.718001 63.184982 -0.723293 0.682882 -0.102563 0.039162 0.894023 1 21 1.000000
  21 34.927986 -7.312038 63.924377 -0.916559 0.327822 0.229024 0.039485 0.911305 1 21 1.000000
shackles
  21 35.840122 -7.238967 62.191536 -0.687498 0.226001 -0.690123 0.064679 0.873446 1 21 1.000000
  21 34.892250 -7.436500 62.920689 -0.901073 0.153862 -0.405456 0.050938 0.894693 1 21 1.000000
  21 35.296467 -6.718001 63.184982 -0.723293 0.682882 -0.102563 0.039162 0.894023 1 21 1.000000
shackles
  21 35.174423 -9.177320 65.159126 -0.833059 0.224586 0.505543 0.068172 0.929114 1 21 1.000000
  21 34.927986 -7.312038 63.924377 -0.916559 0.327822 0.229024 0.039485 0.911305 1 21 1.000000
  21 34.655037 -9.130320 64.282364 -0.833059 0.224586 0.505543 0.069792 0.918131 1 21 1.000000
shackles
  21 35.174423 -9.177320 65.159126 -0.833059 0.224586 0.505543 0.068172 0.929114 1 21 1.000000
  21 35.447380 -7.359036 64.801140 -0.625674 0.606304 0.490844 0.035893 0.929015 1 21 1.000000
  21 34.927986 -7.312038 63.924377 -0.916559 0.327822 0.229024 0.039485 0.911305 1 21 1.000000
shackles
  21 36.073513 -6.717056 64.208595 -0.477409 0.755371 0.448883 0.029149 0.935818 1 21 1.000000
  21 34.927986 -7.312038 63.924377 -0.916559 0.327822 0.229024 0.039485 0.911305 1 21 1.000000
  21 35.447380 -7.359036 64.801140 -0.625674 0.606304 0.490844 0.035893 0.929015 1 21 1.000000
shackles
  21 36.743935 -7.237978 65.472519 0.127976 0.590560 0.796781 0.035049 0.952063 1 21 1.000000
  21 36.073513 -6.717056 64.208595 -0.477409 0.755371 0.448883 0.029149 0.935818 1 21 1.000000
  21 35.447380 -7.359036 64.801140 -0.625674 0.606304 0.490844 0.035893 0.929015 1 21 1.000000
shackles
  21 36.743935 -7.237978 65.472519 0.127976 0.590560 0.796781 0.035049 0.952063 1 21 1.000000
  21 36.795673 -6.497271 64.787384 -0.081072 0.733055 0.675321 0.021913 0.958301 1 21 1.000000
  21 36.073513 -6.717056 64.208595 -0.477409 0.755371 0.448883 0.029149 0.935818 1 21 1.000000
shackles
  21 38.601078 -6.468012 63.993374 0.406415 0.432136 0.805037 0.030640 0.992020 1 21 1.000000
  21 36.795673 -6.497271 64.787384 -0.081072 0.733055 0.675321 0.021913 0.958301 1 21 1.000000
  21 36.743935 -7.237978 65.472519 0.127976 0.590560 0.796781 0.035049 0.952063 1 21 1.000000
shackles
  21 38.273113 -10.522257 65.143211 0.485827 0.201890 0.850419 0.112465 0.961689 1 21 1.000000
  21 38.601078 -6.468012 63.993374 0.406415 0.432136 0.805037 0.030640 0.992020 1 21 1.000000
  21 36.743935 -7.237978 65.472519 0.127976 0.590560 0.796781 0.035049 0.952063 1 21 1.000000
shackles
  21 38.273113 -10.522257 65.143211 0.485827 0.201890 0.850419 0.112465 0.961689 1 21 1.000000
  21 39.782310 -9.609738 64.299820 0.485827 0.201890 0.850419 0.103733 0.986840 1 21 1.000000
  21 38.601078 -6.468012 63.993374 0.406415 0.432136 0.805037 0.030640 0.992020 1 21 1.000000
shackles
  0 0.728163 5.312974 31.225737 -0.943325 0.095376 -0.317868 0.507352 0.377531 3 0 0.500000 1 0.344207 6 0.155793
  0 1.217002 8.578941 33.268543 -0.918468 0.370612 -0.138072 0.513575 0.434698 2 0 0.750000 1 0.250000
  0 1.598648 8.832191 32.931602 -0.408247 0.662061 -0.628497 0.498503 0.435540 2 0 0.750000 1 0.250000
shackles
  1 1.887567 3.303991 30.540888 0.418402 -0.033272 -0.907652 0.486556 0.341028 2 1 0.550000 0 0.450000
  0 1.319571 5.218850 30.807522 0.400291 0.310440 -0.862203 0.487268 0.373771 3 0 0.500000 1 0.399404 6 0.100596
  0 1.543525 5.167467 31.112698 0.944620 0.143361 -0.295195 0.477976 0.374196 3 0 0.500000 1 0.421020 6 0.078980
shackles
  1 1.459562 3.297378 30.559212 -0.443409 -0.179718 -0.878117 0.496322 0.341998 2 1 0.550000 0 0.450000
  0 1.319571 5.218850 30.807522 0.400291 0.310440 -0.862203 0.487268 0.373771 3 0 0.500000 1 0.399404 6 0.100596
  1 1.887567 3.303991 30.540888 0.418402 -0.033272 -0.907652 0.486556 0.341028 2 1 0.550000 0 0.450000
shackles
  1 1.459562 3.297378 30.559212 -0.443409 -0.179718 -0.878117 0.496322 0.341998 2 1 0.550000 0 0.450000
  0 0.981414 5.282635 30.855865 -0.469131 0.281761 -0.836974 0.495398 0.375206 3 0 0.500000 1 0.368107 6 0.131893
  0 1.319571 5.218850 30.807522 0.400291 0.310440 -0.862203 0.487268 0.373771 3 0 0.500000 1 0.399404 6 0.100596
shackles
  1 1.129857 3.345894 30.915384 -0.917031 -0.184802 -0.353416 0.508148 0.342956 2 1 0.550000 0 0.450000
  0 0.981414 5.282635 30.855865 -0.469131 0.281761 -0.836974 0.495398 0.375206 3 0 0.500000 1 0.368107 6 0.131893
  1 1.459562 3.297378 30.559212 -0.443409 -0.179718 -0.878117 0.496322 0.341998 2 1 0.550000 0 0.450000
shackles
  1 1.129857 3.345894 30.915384 -0.917031 -0.184802 -0.353416 0.508148 0.342956 2 1 0.550000 0 0.450000
  0 0.728163 5.312974 31.225737 -0.943325 0.095376 -0.317868 0.507352 0.377531 3 0 0.500000 1 0.344207 6 0.155793
  0 0.981414 5.282635 30.855865 -0.469131 0.281761 -0.836974 0.495398 0.375206 3 0 0.500000 1 0.368107 6 0.131893
shackles
  1 1.091799 3.422635 31.401403 -0.947731 -0.110532 0.299313 0.520422 0.343359 2 1 0.550000 0 0.450000
  0 0.728163 5.312974 31.225737 -0.943325 0.095376 -0.317868 0.507352 0.377531 3 0 0.500000 1 0.344207 6 0.155793
  1 1.129857 3.345894 30.915384 -0.917031 -0.184802 -0.353416 0.508148 0.342956 2 1 0.550000 0 0.450000
shackles
  1 1.091799 3.422635 31.401403 -0.947731 -0.110532 0.299313 0.520422 0.343359 2 1 0.550000 0 0.450000
  0 0.708241 5.290914 31.698656 -0.938270 -0.134405 0.318724 0.521652 0.379354 3 0 0.500000 1 0.346357 6 0.153643
  0 0.728163 5.312974 31.225737 -0.943325 0.095376 -0.317868 0.507352 0.377531 3 0 0.500000 1 0.344207 6 0.155793
shackles
  0 0.708241 5.290914 31.698656 -0.938270 -0.134405 0.318724 0.521652 0.379354 3 0 0.500000 1 0.346357 6 0.153643
  0 1.217002 8.578941 33.268543 -0.918468 0.370612 -0.138072 0.513575 0.434698 2 0 0.750000 1 0.250000
  0 0.728163 5.312974 31.225737 -0.943325 0.095376 -0.317868 0.507352 0.377531 3 0 0.500000 1 0.344207 6 0.155793
shackles
  0 0.708241 5.290914 31.698656 -0.938270 -0.134405 0.318724 0.521652 0.379354 3 0 0.500000 1 0.346357 6 0.153643
  0 1.187081 8.178674 33.409389 -0.908090 -0.106534 0.404998 0.522004 0.431724 2 0 0.750000 1 0.250000
  0 1.217002 8.578941 33.268543 -0.918468 0.370612 -0.138072 0.513575 0.434698 2 0 0.750000 1 0.250000
shackles
  1 1.129857 3.345894 30.915384 -0.917031 -0.184802 -0.353416 0.508148 0.342956 2 1 0.550000 0 0.450000
  1 1.459562 3.297378 30.559212 -0.443409 -0.179718 -0.878117 0.496322 0.341998 2 1 0.550000 0 0.450000
  0 1.664435 1.192673 31.392960 -0.366989 -0.594221 -0.715696 0.495790 0.308823 2 0 0.739533 1 0.260467
shackles
  1 1.459562 3.297378 30.559212 -0.443409 -0.179718 -0.878117 0.496322 0.341998 2 1 0.550000 0 0.450000
  0 2.085177 1.202278 31.384640 0.442543 -0.483915 -0.754972 0.484967 0.307970 2 0 0.744157 1 0.255843
  0 1.664435 1.192673 31.392960 -0.366989 -0.594221 -0.715696 0.495790 0.308823 2 0 0.739533 1 0.260467
shackles
  1 1.459562 3.297378 30.559212 -0.443409 -0.179718 -0.878117 0.496322 0.341998 2 1 0.550000 0 0.450000
  1 1.887567 3.303991 30.540888 0.418402 -0.033272 -0.907652 0.486556 0.341028 2 1 0.550000 0 0.450000
  0 2.085177 1.202278 31.384640 0.442543 -0.483915 -0.754972 0.484967 0.307970 2 0 0.744157 1 0.255843
shackles
  1 1.887567 3.303991 30.540888 0.418402 -0.033272 -0.907652 0.486556 0.341028 2 1 0.550000 0 0.450000
  0 2.353749 1.265116 31.718409 0.959760 -0.057924 -0.274782 0.475581 0.305157 2 0 0.745249 1 0.254751
  0 2.085177 1.202278 31.384640 0.442543 -0.483915 -0.754972 0.484967 0.307970 2 0 0.744157 1 0.255843
shackles
  1 1.887567 3.303991 30.540888 0.418402 -0.033272 -0.907652 0.486556 0.341028 2 1 0.550000 0 0.450000
  1 2.160977 3.368424 30.872746 0.942560 0.155721 -0.295519 0.476458 0.340706 2 1 0.550000 0 0.450000
  0 2.353749 1.265116 31.718409 0.959760 -0.057924 -0.274782 0.475581 0.305157 2 0 0.745249 1 0.254751
shackles
  0 2.407385 -0.037334 32.876709 0.466106 -0.742427 -0.481193 0.484961 0.273333 1 0 1.000000
  0 2.085177 1.202278 31.384640 0.442543 -0.483915 -0.754972 0.484967 0.307970 2 0 0.744157 1 0.255843
  0 2.353749 1.265116 31.718409 0.959760 -0.057924 -0.274782 0.475581 0.305157 2 0 0.745249 1 0.254751
shackles
  0 2.096340 -0.074186 32.897995 -0.315232 -0.873603 -0.370738 0.496180 0.274032 1 0 1.000000
  0 2.085177 1.202278 31.384640 0.442543 -0.483915 -0.754972 0.484967 0.307970 2 0 0.744157 1 0.255843
  0 2.407385 -0.037334 32.876709 0.466106 -0.742427 -0.481193 0.484961 0.273333 1 0 1.000000
shackles
  0 2.096340 -0.074186 32.897995 -0.315232 -0.873603 -0.370738 0.496180 0.274032 1 0 1.000000
  0 1.664435 1.192673 31.392960 -0.366989 -0.594221 -0.715696 0.495790 0.308823 2 0 0.739533 1 0.260467
  0 2.085177 1.202278 31.384640 0.442543 -0.483915 -0.754972 0.484967 0.307970 2 0 0.744157 1 0.255843
shackles
  0 2.546713 -0.617167 35.072575 -0.271419 -0.961317 -0.046909 0.500235 0.237526 1 0 1.000000
  0 2.096340 -0.074186 32.897995 -0.315232 -0.873603 -0.370738 0.496180 0.274032 1 0 1.000000
  0 2.407385 -0.037334 32.876709 0.466106 -0.742427 -0.481193 0.484961 0.273333 1 0 1.000000
shackles
  1 1.091799 3.422635 31.401403 -0.947731 -0.110532 0.299313 0.520422 0.343359 2 1 0.550000 0 0.450000
  1 1.129857 3.345894 30.915384 -0.917031 -0.184802 -0.353416 0.508148 0.342956 2 1 0.550000 0 0.450000
  0 1.345554 1.236583 31.736696 -0.876767 -0.400124 -0.266795 0.508805 0.307152 2 0 0.731334 1 0.268666
shackles
  1 1.129857 3.345894 30.915384 -0.917031 -0.184802 -0.353416 0.508148 0.342956 2 1 0.550000 0 0.450000
  0 1.664435 1.192673 31.392960 -0.366989 -0.594221 -0.715696 0.495790 0.308823 2 0 0.739533 1 0.260467
  0 1.345554 1.236583 31.736696 -0.876767 -0.400124 -0.266795 0.508805 0.307152 2 0 0.731334 1 0.268666
shackles
  0 1.829761 0.118165 33.050686 -0.822869 -0.563948 -0.069638 0.512207 0.274136 1 0 1.000000
  0 1.345554 1.236583 31.736696 -0.876767 -0.400124 -0.266795 0.508805 0.307152 2 0 0.731334 1 0.268666
  0 1.664435 1.192673 31.392960 -0.366989 -0.594221 -0.715696 0.495790 0.308823 2 0 0.739533 1 0.260467
shackles
  0 1.829761 0.118165 33.050686 -0.822869 -0.563948 -0.069638 0.512207 0.274136 1 0 1.000000
  0 1.664435 1.192673 31.392960 -0.366989 -0.594221 -0.715696 0.495790 0.308823 2 0 0.739533 1 0.260467
  0 2.096340 -0.074186 32.897995 -0.315232 -0.873603 -0.370738 0.496180 0.274032 1 0 1.000000
shackles
  0 2.265356 -0.410320 35.073463 -0.820802 -0.551929 0.147168 0.508987 0.239041 1 0 1.000000
  0 1.829761 0.118165 33.050686 -0.822869 -0.563948 -0.069638 0.512207 0.274136 1 0 1.000000
  0 2.096340 -0.074186 32.897995 -0.315232 -0.873603 -0.370738 0.496180 0.274032 1 0 1.000000
shackles
  0 2.265356 -0.410320 35.073463 -0.820802 -0.551929 0.147168 0.508987 0.239041 1 0 1.000000
  0 2.096340 -0.074186 32.897995 -0.315232 -0.873603 -0.370738 0.496180 0.274032 1 0 1.000000
  0 2.546713 -0.617167 35.072575 -0.271419 -0.961317 -0.046909 0.500235 0.237526 1 0 1.000000
shackles
  0 2.265356 -0.410320 35.073463 -0.820802 -0.551929 0.147168 0.508987 0.239041 1 0 1.000000
  0 2.546713 -0.617167 35.072575 -0.271419 -0.961317 -0.046909 0.500235 0.237526 1 0 1.000000
  0 2.879151 -0.602530 36.162628 -0.119167 -0.988082 0.097431 0.500073 0.219618 1 0 1.000000
shackles
  0 2.546713 -0.617167 35.072575 -0.271419 -0.961317 -0.046909 0.500235 0.237526 1 0 1.000000
  0 3.135530 -0.556326 36.078075 0.583881 -0.806160 -0.095861 0.490763 0.219921 1 0 1.000000
  0 2.879151 -0.602530 36.162628 -0.119167 -0.988082 0.097431 0.500073 0.219618 1 0 1.000000
shackles
  0 2.546713 -0.617167 35.072575 -0.271419 -0.961317 -0.046909 0.500235 0.237526 1 0 1.000000
  0 2.845556 -0.607542 34.980110 0.503705 -0.836335 -0.216393 0.492448 0.237709 1 0 1.000000
  0 3.135530 -0.556326 36.078075 0.583881 -0.806160 -0.095861 0.490763 0.219921 1 0 1.000000
shackles
  0 2.546713 -0.617167 35.072575 -0.271419 -0.961317 -0.046909 0.500235 0.237526 1 0 1.000000
  0 2.407385 -0.037334 32.876709 0.466106 -0.742427 -0.481193 0.484961 0.273333 1 0 1.000000
  0 2.845556 -0.607542 34.980110 0.503705 -0.836335 -0.216393 0.492448 0.237709 1 0 1.000000
shackles
  0 2.845556 -0.607542 34.980110 0.503705 -0.836335 -0.216393 0.492448 0.237709 1 0 1.000000
  0 2.407385 -0.037334 32.876709 0.466106 -0.742427 -0.481193 0.484961 0.273333 1 0 1.000000
  0 2.580496 0.209449 32.998089 0.962657 -0.110095 -0.247328 0.474829 0.272479 1 0 1.000000
shackles
  0 2.407385 -0.037334 32.876709 0.466106 -0.742427 -0.481193 0.484961 0.273333 1 0 1.000000
  0 2.353749 1.265116 31.718409 0.959760 -0.057924 -0.274782 0.475581 0.305157 2 0 0.745249 1 0.254751
  0 2.580496 0.209449 32.998089 0.962657 -0.110095 -0.247328 0.474829 0.272479 1 0 1.000000
shackles
  0 2.580496 0.209449 32.998089 0.962657 -0.110095 -0.247328 0.474829 0.272479 1 0 1.000000
  0 2.353749 1.265116 31.718409 0.959760 -0.057924 -0.274782 0.475581 0.305157 2 0 0.745249 1 0.254751
  0 2.313236 1.342744 32.199310 0.884870 0.360075 0.295552 0.464082 0.302007 2 0 0.744824 1 0.255176
shackles
  1 2.160977 3.368424 30.872746 0.942560 0.155721 -0.295519 0.476458 0.340706 2 1 0.550000 0 0.450000
  0 2.313236 1.342744 32.199310 0.884870 0.360075 0.295552 0.464082 0.302007 2 0 0.744824 1 0.255176
  0 2.353749 1.265116 31.718409 0.959760 -0.057924 -0.274782 0.475581 0.305157 2 0 0.745249 1 0.254751
shackles
  1 2.160977 3.368424 30.872746 0.942560 0.155721 -0.295519 0.476458 0.340706 2 1 0.550000 0 0.450000
  1 2.119644 3.454545 31.361633 0.905498 0.240774 0.349429 0.464075 0.341241 2 1 0.550000 0 0.450000
  0 2.313236 1.342744 32.199310 0.884870 0.360075 0.295552 0.464082 0.302007 2 0 0.744824 1 0.255176
shackles
  1 2.160977 3.368424 30.872746 0.942560 0.155721 -0.295519 0.476458 0.340706 2 1 0.550000 0 0.450000
  0 1.522266 5.157384 31.591106 0.938229 -0.058312 0.341065 0.463801 0.376197 3 0 0.500000 1 0.425262 6 0.074738
  1 2.119644 3.454545 31.361633 0.905498 0.240774 0.349429 0.464075 0.341241 2 1 0.550000 0 0.450000
shackles
  1 2.160977 3.368424 30.872746 0.942560 0.155721 -0.295519 0.476458 0.340706 2 1 0.550000 0 0.450000
  0 1.543525 5.167467 31.112698 0.944620 0.143361 -0.295195 0.477976 0.374196 3 0 0.500000 1 0.421020 6 0.078980
  0 1.522266 5.157384 31.591106 0.938229 -0.058312 0.341065 0.463801 0.376197 3 0 0.500000 1 0.425262 6 0.074738
shackles
  1 1.887567 3.303991 30.540888 0.418402 -0.033272 -0.907652 0.486556 0.341028 2 1 0.550000 0 0.450000
  0 1.543525 5.167467 31.112698 0.944620 0.143361 -0.295195 0.477976 0.374196 3 0 0.500000 1 0.421020 6 0.078980
  1 2.160977 3.368424 30.872746 0.942560 0.155721 -0.295519 0.476458 0.340706 2 1 0.550000 0 0.450000
shackles
  0 0.728163 5.312974 31.225737 -0.943325 0.095376 -0.317868 0.507352 0.377531 3 0 0.500000 1 0.344207 6 0.155793
  0 1.598648 8.832191 32.931602 -0.408247 0.662061 -0.628497 0.498503 0.435540 2 0 0.750000 1 0.250000
  0 0.981414 5.282635 30.855865 -0.469131 0.281761 -0.836974 0.495398 0.375206 3 0 0.500000 1 0.368107 6 0.131893
shackles
  0 0.981414 5.282635 30.855865 -0.469131 0.281761 -0.836974 0.495398 0.375206 3 0 0.500000 1 0.368107 6 0.131893
  0 1.598648 8.832191 32.931602 -0.408247 0.662061 -0.628497 0.498503 0.435540 2 0 0.750000 1 0.250000
  0 2.046714 8.570573 32.689064 0.450824 0.496219 -0.741973 0.486002 0.432125 2 0 0.750000 1 0.250000
shackles
  0 0.981414 5.282635 30.855865 -0.469131 0.281761 -0.836974 0.495398 0.375206 3 0 0.500000 1 0.368107 6 0.131893
  0 2.046714 8.570573 32.689064 0.450824 0.496219 -0.741973 0.486002 0.432125 2 0 0.750000 1 0.250000
  0 1.319571 5.218850 30.807522 0.400291 0.310440 -0.862203 0.487268 0.373771 3 0 0.500000 1 0.399404 6 0.100596
shackles
  0 1.319571 5.218850 30.807522 0.400291 0.310440 -0.862203 0.487268 0.373771 3 0 0.500000 1 0.399404 6 0.100596
  0 2.046714 8.570573 32.689064 0.450824 0.496219 -0.741973 0.486002 0.432125 2 0 0.750000 1 0.250000
  0 2.230993 8.342946 32.882633 0.947889 -0.022230 -0.317824 0.478206 0.432031 2 0 0.750000 1 0.250000
shackles
  0 1.319571 5.218850 30.807522 0.400291 0.310440 -0.862203 0.487268 0.373771 3 0 0.500000 1 0.399404 6 0.100596
  0 2.230993 8.342946 32.882633 0.947889 -0.022230 -0.317824 0.478206 0.432031 2 0 0.750000 1 0.250000
  0 1.543525 5.167467 31.112698 0.944620 0.143361 -0.295195 0.477976 0.374196 3 0 0.500000 1 0.421020 6 0.078980
shackles
  0 1.543525 5.167467 31.112698 0.944620 0.143361 -0.295195 0.477976 0.374196 3 0 0.500000 1 0.421020 6 0.078980
  0 2.230993 8.342946 32.882633 0.947889 -0.022230 -0.317824 0.478206 0.432031 2 0 0.750000 1 0.250000
  0 2.147837 8.019464 33.136700 0.874942 -0.438146 0.206169 0.468286 0.430662 2 0 0.750000 1 0.250000
shackles
  0 1.543525 5.167467 31.112698 0.944620 0.143361 -0.295195 0.477976 0.374196 3 0 0.500000 1 0.421020 6 0.078980
  0 2.147837 8.019464 33.136700 0.874942 -0.438146 0.206169 0.468286 0.430662 2 0 0.750000 1 0.250000
  0 1.522266 5.157384 31.591106 0.938229 -0.058312 0.341065 0.463801 0.376197 3 0 0.500000 1 0.425262 6 0.074738
shackles
  0 1.522266 5.157384 31.591106 0.938229 -0.058312 0.341065 0.463801 0.376197 3 0 0.500000 1 0.425262 6 0.074738
  0 2.147837 8.019464 33.136700 0.874942 -0.438146 0.206169 0.468286 0.430662 2 0 0.750000 1 0.250000
  0 1.846193 7.795083 33.306129 0.444582 -0.645551 0.620976 0.457657 0.428909 2 0 0.750000 1 0.250000
shackles
  0 1.522266 5.157384 31.591106 0.938229 -0.058312 0.341065 0.463801 0.376197 3 0 0.500000 1 0.425262 6 0.074738
  0 1.846193 7.795083 33.306129 0.444582 -0.645551 0.620976 0.457657 0.428909 2 0 0.750000 1 0.250000
  0 1.269631 5.185919 31.958559 0.475632 -0.255757 0.841643 0.452305 0.378471 3 0 0.500000 1 0.409100 6 0.090900
shackles
  1 2.119644 3.454545 31.361633 0.905498 0.240774 0.349429 0.464075 0.341241 2 1 0.550000 0 0.450000
  0 1.522266 5.157384 31.591106 0.938229 -0.058312 0.341065 0.463801 0.376197 3 0 0.500000 1 0.425262 6 0.074738
  0 1.269631 5.185919 31.958559 0.475632 -0.255757 0.841643 0.452305 0.378471 3 0 0.500000 1 0.409100 6 0.090900
shackles
  1 2.119644 3.454545 31.361633 0.905498 0.240774 0.349429 0.464075 0.341241 2 1 0.550000 0 0.450000
  0 1.269631 5.185919 31.958559 0.475632 -0.255757 0.841643 0.452305 0.378471 3 0 0.500000 1 0.409100 6 0.090900
  1 1.790584 3.504987 31.719049 0.438027 0.200346 0.876352 0.452213 0.342222 2 1 0.550000 0 0.450000
shackles
  1 2.119644 3.454545 31.361633 0.905498 0.240774 0.349429 0.464075 0.341241 2 1 0.550000 0 0.450000
  1 1.790584 3.504987 31.719049 0.438027 0.200346 0.876352 0.452213 0.342222 2 1 0.550000 0 0.450000
  0 1.997996 1.383647 32.543011 0.364355 0.586298 0.723533 0.450988 0.300293 2 0 0.750000 1 0.250000
shackles
  1 2.119644 3.454545 31.361633 0.905498 0.240774 0.349429 0.464075 0.341241 2 1 0.550000 0 0.450000
  0 1.997996 1.383647 32.543011 0.364355 0.586298 0.723533 0.450988 0.300293 2 0 0.750000 1 0.250000
  0 2.313236 1.342744 32.199310 0.884870 0.360075 0.295552 0.464082 0.302007 2 0 0.744824 1 0.255176
shackles
  0 2.513671 0.524478 33.191761 0.847665 0.516750 0.120141 0.462795 0.271979 1 0 1.000000
  0 2.313236 1.342744 32.199310 0.884870 0.360075 0.295552 0.464082 0.302007 2 0 0.744824 1 0.255176
  0 1.997996 1.383647 32.543011 0.364355 0.586298 0.723533 0.450988 0.300293 2 0 0.750000 1 0.250000
shackles
  0 2.580496 0.209449 32.998089 0.962657 -0.110095 -0.247328 0.474829 0.272479 1 0 1.000000
  0 2.313236 1.342744 32.199310 0.884870 0.360075 0.295552 0.464082 0.302007 2 0 0.744824 1 0.255176
  0 2.513671 0.524478 33.191761 0.847665 0.516750 0.120141 0.462795 0.271979 1 0 1.000000
shackles
  0 2.955292 -0.365271 34.833729 0.956475 -0.179007 -0.230460 0.485780 0.239902 1 0 1.000000
  0 2.580496 0.209449 32.998089 0.962657 -0.110095 -0.247328 0.474829 0.272479 1 0 1.000000
  0 2.513671 0.524478 33.191761 0.847665 0.516750 0.120141 0.462795 0.271979 1 0 1.000000
shackles
  0 2.845556 -0.607542 34.980110 0.503705 -0.836335 -0.216393 0.492448 0.237709 1 0 1.000000
  0 2.580496 0.209449 32.998089 0.962657 -0.110095 -0.247328 0.474829 0.272479 1 0 1.000000
  0 2.955292 -0.365271 34.833729 0.956475 -0.179007 -0.230460 0.485780 0.239902 1 0 1.000000
shackles
  0 2.845556 -0.607542 34.980110 0.503705 -0.836335 -0.216393 0.492448 0.237709 1 0 1.000000
  0 2.955292 -0.365271 34.833729 0.956475 -0.179007 -0.230460 0.485780 0.239902 1 0 1.000000
  0 3.193615 -0.414915 35.953491 0.931731 -0.292174 -0.215666 0.485392 0.221820 1 0 1.000000
shackles
  0 2.513671 0.524478 33.191761 0.847665 0.516750 0.120141 0.462795 0.271979 1 0 1.000000
  0 1.997996 1.383647 32.543011 0.364355 0.586298 0.723533 0.450988 0.300293 2 0 0.750000 1 0.250000
  0 2.246613 0.720445 33.345299 0.320076 0.846443 0.425542 0.451734 0.272095 1 0 1.000000
shackles
  0 2.885468 -0.078320 34.760536 0.859895 0.503218 -0.085743 0.477375 0.241806 1 0 1.000000
  0 2.513671 0.524478 33.191761 0.847665 0.516750 0.120141 0.462795 0.271979 1 0 1.000000
  0 2.246613 0.720445 33.345299 0.320076 0.846443 0.425542 0.451734 0.272095 1 0 1.000000
shackles
  0 2.955292 -0.365271 34.833729 0.956475 -0.179007 -0.230460 0.485780 0.239902 1 0 1.000000
  0 2.513671 0.524478 33.191761 0.847665 0.516750 0.120141 0.462795 0.271979 1 0 1.000000
  0 2.885468 -0.078320 34.760536 0.859895 0.503218 -0.085743 0.477375 0.241806 1 0 1.000000
shackles
  0 2.955292 -0.365271 34.833729 0.956475 -0.179007 -0.230460 0.485780 0.239902 1 0 1.000000
  0 2.885468 -0.078320 34.760536 0.859895 0.503218 -0.085743 0.477375 0.241806 1 0 1.000000
  0 3.181308 -0.172142 35.864025 0.911783 0.342308 -0.226884 0.475783 0.223656 1 0 1.000000
shackles
  0 2.955292 -0.365271 34.833729 0.956475 -0.179007 -0.230460 0.485780 0.239902 1 0 1.000000
  0 3.181308 -0.172142 35.864025 0.911783 0.342308 -0.226884 0.475783 0.223656 1 0 1.000000
  0 3.193615 -0.414915 35.953491 0.931731 -0.292174 -0.215666 0.485392 0.221820 1 0 1.000000
shackles
  0 3.445549 -0.205146 36.779030 0.939982 0.218977 -0.261691 0.472271 0.208605 2 0 0.848499 1 0.151501
  0 3.193615 -0.414915 35.953491 0.931731 -0.292174 -0.215666 0.485392 0.221820 1 0 1.000000
  0 3.181308 -0.172142 35.864025 0.911783 0.342308 -0.226884 0.475783 0.223656 1 0 1.000000
shackles
  0 3.445549 -0.205146 36.779030 0.939982 0.218977 -0.261691 0.472271 0.208605 2 0 0.848499 1 0.151501
  0 3.391810 -0.401561 36.903591 0.784991 -0.602834 -0.142756 0.482620 0.206592 2 0 0.848252 1 0.151748
  0 3.193615 -0.414915 35.953491 0.931731 -0.292174 -0.215666 0.485392 0.221820 1 0 1.000000
shackles
  0 2.718653 0.031886 35.908123 -0.285035 0.940484 0.185053 0.450925 0.225261 1 0 1.000000
  0 3.105466 -0.004794 36.621822 -0.219803 0.962229 0.160627 0.452876 0.212754 2 0 0.848492 1 0.151508
  0 3.327208 -0.040529 36.662422 0.470911 0.873607 -0.122691 0.463994 0.211156 2 0 0.848599 1 0.151401
shackles
  0 2.718653 0.031886 35.908123 -0.285035 0.940484 0.185053 0.450925 0.225261 1 0 1.000000
  0 3.327208 -0.040529 36.662422 0.470911 0.873607 -0.122691 0.463994 0.211156 2 0 0.848599 1 0.151401
  0 2.971586 0.019865 35.837048 0.410965 0.908951 -0.070110 0.459521 0.225271 1 0 1.000000
shackles
  0 3.445549 -0.205146 36.779030 0.939982 0.218977 -0.261691 0.472271 0.208605 2 0 0.848499 1 0.151501
  0 2.971586 0.019865 35.837048 0.410965 0.908951 -0.070110 0.459521 0.225271 1 0 1.000000
  0 3.327208 -0.040529 36.662422 0.470911 0.873607 -0.122691 0.463994 0.211156 2 0 0.848599 1 0.151401
shackles
  0 3.445549 -0.205146 36.779030 0.939982 0.218977 -0.261691 0.472271 0.208605 2 0 0.848499 1 0.151501
  0 3.181308 -0.172142 35.864025 0.911783 0.342308 -0.226884 0.475783 0.223656 1 0 1.000000
  0 2.971586 0.019865 35.837048 0.410965 0.908951 -0.070110 0.459521 0.225271 1 0 1.000000
shackles
  0 2.885468 -0.078320 34.760536 0.859895 0.503218 -0.085743 0.477375 0.241806 1 0 1.000000
  0 2.971586 0.019865 35.837048 0.410965 0.908951 -0.070110 0.459521 0.225271 1 0 1.000000
  0 3.181308 -0.172142 35.864025 0.911783 0.342308 -0.226884 0.475783 0.223656 1 0 1.000000
shackles
  0 2.885468 -0.078320 34.760536 0.859895 0.503218 -0.085743 0.477375 0.241806 1 0 1.000000
  0 2.601687 0.133576 34.760578 0.339257 0.931291 0.132668 0.453743 0.243353 1 0 1.000000
  0 2.971586 0.019865 35.837048 0.410965 0.908951 -0.070110 0.459521 0.225271 1 0 1.000000
shackles
  0 2.885468 -0.078320 34.760536 0.859895 0.503218 -0.085743 0.477375 0.241806 1 0 1.000000
  0 2.246613 0.720445 33.345299 0.320076 0.846443 0.425542 0.451734 0.272095 1 0 1.000000
  0 2.601687 0.133576 34.760578 0.339257 0.931291 0.132668 0.453743 0.243353 1 0 1.000000
shackles
  0 2.845556 -0.607542 34.980110 0.503705 -0.836335 -0.216393 0.492448 0.237709 1 0 1.000000
  0 3.193615 -0.414915 35.953491 0.931731 -0.292174 -0.215666 0.485392 0.221820 1 0 1.000000
  0 3.135530 -0.556326 36.078075 0.583881 -0.806160 -0.095861 0.490763 0.219921 1 0 1.000000
shackles
  0 3.193615 -0.414915 35.953491 0.931731 -0.292174 -0.215666 0.485392 0.221820 1 0 1.000000
  0 3.391810 -0.401561 36.903591 0.784991 -0.602834 -0.142756 0.482620 0.206592 2 0 0.848252 1 0.151748
  0 3.135530 -0.556326 36.078075 0.583881 -0.806160 -0.095861 0.490763 0.219921 1 0 1.000000
shackles
  0 3.195864 -0.517012 36.961025 -0.003756 -0.993962 0.109660 0.496576 0.206329 2 0 0.847987 1 0.152013
  0 3.135530 -0.556326 36.078075 0.583881 -0.806160 -0.095861 0.490763 0.219921 1 0 1.000000
  0 3.391810 -0.401561 36.903591 0.784991 -0.602834 -0.142756 0.482620 0.206592 2 0 0.848252 1 0.151748
shackles
  0 3.195864 -0.517012 36.961025 -0.003756 -0.993962 0.109660 0.496576 0.206329 2 0 0.847987 1 0.152013
  0 2.879151 -0.602530 36.162628 -0.119167 -0.988082 0.097431 0.500073 0.219618 1 0 1.000000
  0 3.135530 -0.556326 36.078075 0.583881 -0.806160 -0.095861 0.490763 0.219921 1 0 1.000000
shackles
  0 2.972138 -0.484537 36.917522 -0.348646 -0.918510 0.186510 0.507436 0.207973 2 0 0.850000 1 0.150000
  0 2.879151 -0.602530 36.162628 -0.119167 -0.988082 0.097431 0.500073 0.219618 1 0 1.000000
  0 3.195864 -0.517012 36.961025 -0.003756 -0.993962 0.109660 0.496576 0.206329 2 0 0.847987 1 0.152013
shackles
  0 2.972138 -0.484537 36.917522 -0.348646 -0.918510 0.186510 0.507436 0.207973 2 0 0.850000 1 0.150000
  0 2.627665 -0.465069 36.154686 -0.789162 -0.532606 0.305868 0.509212 0.221021 1 0 1.000000
  0 2.879151 -0.602530 36.162628 -0.119167 -0.988082 0.097431 0.500073 0.219618 1 0 1.000000
shackles
  0 2.265356 -0.410320 35.073463 -0.820802 -0.551929 0.147168 0.508987 0.239041 1 0 1.000000
  0 2.879151 -0.602530 36.162628 -0.119167 -0.988082 0.097431 0.500073 0.219618 1 0 1.000000
  0 2.627665 -0.465069 36.154686 -0.789162 -0.532606 0.305868 0.509212 0.221021 1 0 1.000000
shackles
  0 2.164740 -0.105323 34.981567 -0.924995 0.218265 0.311037 0.517504 0.241388 1 0 1.000000
  0 2.265356 -0.410320 35.073463 -0.820802 -0.551929 0.147168 0.508987 0.239041 1 0 1.000000
  0 2.627665 -0.465069 36.154686 -0.789162 -0.532606 0.305868 0.509212 0.221021 1 0 1.000000
shackles
  0 2.164740 -0.105323 34.981567 -0.924995 0.218265 0.311037 0.517504 0.241388 1 0 1.000000
  0 1.829761 0.118165 33.050686 -0.822869 -0.563948 -0.069638 0.512207 0.274136 1 0 1.000000
  0 2.265356 -0.410320 35.073463 -0.820802 -0.551929 0.147168 0.508987 0.239041 1 0 1.000000
shackles
  0 2.164740 -0.105323 34.981567 -0.924995 0.218265 0.311037 0.517504 0.241388 1 0 1.000000
  0 1.763313 0.429378 33.245777 -0.949077 0.044424 0.311896 0.524642 0.273592 1 0 1.000000
  0 1.829761 0.118165 33.050686 -0.822869 -0.563948 -0.069638 0.512207 0.274136 1 0 1.000000
shackles
  0 1.763313 0.429378 33.245777 -0.949077 0.044424 0.311896 0.524642 0.273592 1 0 1.000000
  0 1.345554 1.236583 31.736696 -0.876767 -0.400124 -0.266795 0.508805 0.307152 2 0 0.731334 1 0.268666
  0 1.829761 0.118165 33.050686 -0.822869 -0.563948 -0.069638 0.512207 0.274136 1 0 1.000000
shackles
  0 1.763313 0.429378 33.245777 -0.949077 0.044424 0.311896 0.524642 0.273592 1 0 1.000000
  0 1.318229 1.307351 32.214104 -0.945440 -0.012115 0.325571 0.520014 0.303921 2 0 0.750000 1 0.250000
  0 1.345554 1.236583 31.736696 -0.876767 -0.400124 -0.266795 0.508805 0.307152 2 0 0.731334 1 0.268666
shackles
  1 1.091799 3.422635 31.401403 -0.947731 -0.110532 0.299313 0.520422 0.343359 2 1 0.550000 0 0.450000
  0 1.345554 1.236583 31.736696 -0.876767 -0.400124 -0.266795 0.508805 0.307152 2 0 0.731334 1 0.268666
  0 1.318229 1.307351 32.214104 -0.945440 -0.012115 0.325571 0.520014 0.303921 2 0 0.750000 1 0.250000
shackles
  1 1.365864 3.488978 31.734489 -0.423401 0.039331 0.905088 0.530610 0.343060 2 1 0.550000 0 0.450000
  1 1.091799 3.422635 31.401403 -0.947731 -0.110532 0.299313 0.520422 0.343359 2 1 0.550000 0 0.450000
  0 1.318229 1.307351 32.214104 -0.945440 -0.012115 0.325571 0.520014 0.303921 2 0 0.750000 1 0.250000
shackles
  1 1.365864 3.488978 31.734489 -0.423401 0.039331 0.905088 0.530610 0.343060 2 1 0.550000 0 0.450000
  0 0.708241 5.290914 31.698656 -0.938270 -0.134405 0.318724 0.521652 0.379354 3 0 0.500000 1 0.346357 6 0.153643
  1 1.091799 3.422635 31.401403 -0.947731 -0.110532 0.299313 0.520422 0.343359 2 1 0.550000 0 0.450000
shackles
  1 1.365864 3.488978 31.734489 -0.423401 0.039331 0.905088 0.530610 0.343060 2 1 0.550000 0 0.450000
  0 0.932811 5.237705 32.001392 -0.369240 -0.315188 0.874253 0.530765 0.379728 3 0 0.500000 1 0.375756 6 0.124244
  0 0.708241 5.290914 31.698656 -0.938270 -0.134405 0.318724 0.521652 0.379354 3 0 0.500000 1 0.346357 6 0.153643
shackles
  0 0.932811 5.237705 32.001392 -0.369240 -0.315188 0.874253 0.530765 0.379728 3 0 0.500000 1 0.375756 6 0.124244
  0 1.187081 8.178674 33.409389 -0.908090 -0.106534 0.404998 0.522004 0.431724 2 0 0.750000 1 0.250000
  0 0.708241 5.290914 31.698656 -0.938270 -0.134405 0.318724 0.521652 0.379354 3 0 0.500000 1 0.346357 6 0.153643
shackles
  0 0.932811 5.237705 32.001392 -0.369240 -0.315188 0.874253 0.530765 0.379728 3 0 0.500000 1 0.375756 6 0.124244
  0 1.408405 7.917021 33.520321 -0.322792 -0.554919 0.766727 0.529767 0.430678 2 0 0.750000 1 0.250000
  0 1.187081 8.178674 33.409389 -0.908090 -0.106534 0.404998 0.522004 0.431724 2 0 0.750000 1 0.250000
shackles
  0 2.853139 -0.320679 36.800507 -0.920366 0.026307 0.390172 0.515907 0.210531 2 0 0.850000 1 0.150000
  0 2.627665 -0.465069 36.154686 -0.789162 -0.532606 0.305868 0.509212 0.221021 1 0 1.000000
  0 2.972138 -0.484537 36.917522 -0.920366 0.026307 0.390172 0.507436 0.207973 2 0 0.850000 1 0.150000
shackles
  0 2.853139 -0.320679 36.800507 -0.920366 0.026307 0.390172 0.515907 0.210531 2 0 0.850000 1 0.150000
  0 2.569348 -0.139525 36.043407 -0.847127 0.387126 0.364017 0.520440 0.223524 1 0 1.000000
  0 2.627665 -0.465069 36.154686 -0.789162 -0.532606 0.305868 0.509212 0.221021 1 0 1.000000
shackles
  0 2.164740 -0.105323 34.981567 -0.924995 0.218265 0.311037 0.517504 0.241388 1 0 1.000000
  0 2.627665 -0.465069 36.154686 -0.789162 -0.532606 0.305868 0.509212 0.221021 1 0 1.000000
  0 2.569348 -0.139525 36.043407 -0.847127 0.387126 0.364017 0.520440 0.223524 1 0 1.000000
shackles
  0 2.303411 0.121207 34.851669 -0.397000 0.864366 0.308645 0.526225 0.243184 1 0 1.000000
  0 2.164740 -0.105323 34.981567 -0.924995 0.218265 0.311037 0.517504 0.241388 1 0 1.000000
  0 2.569348 -0.139525 36.043407 -0.847127 0.387126 0.364017 0.520440 0.223524 1 0 1.000000
shackles
  0 2.303411 0.121207 34.851669 -0.397000 0.864366 0.308645 0.526225 0.243184 1 0 1.000000
  0 1.763313 0.429378 33.245777 -0.949077 0.044424 0.311896 0.524642 0.273592 1 0 1.000000
  0 2.164740 -0.105323 34.981567 -0.924995 0.218265 0.311037 0.517504 0.241388 1 0 1.000000
shackles
  0 2.303411 0.121207 34.851669 -0.397000 0.864366 0.308645 0.526225 0.243184 1 0 1.000000
  0 1.935946 0.679775 33.367992 -0.452621 0.702144 0.549662 0.533629 0.272750 1 0 1.000000
  0 1.763313 0.429378 33.245777 -0.949077 0.044424 0.311896 0.524642 0.273592 1 0 1.000000
shackles
  0 1.935946 0.679775 33.367992 -0.452621 0.702144 0.549662 0.533629 0.272750 1 0 1.000000
  0 1.318229 1.307351 32.214104 -0.945440 -0.012115 0.325571 0.520014 0.303921 2 0 0.750000 1 0.250000
  0 1.763313 0.429378 33.245777 -0.949077 0.044424 0.311896 0.524642 0.273592 1 0 1.000000
shackles
  0 1.935946 0.679775 33.367992 -0.452621 0.702144 0.549662 0.533629 0.272750 1 0 1.000000
  0 1.590765 1.367314 32.547771 -0.446972 0.439054 0.779389 0.529492 0.301066 2 0 0.750000 1 0.250000
  0 1.318229 1.307351 32.214104 -0.945440 -0.012115 0.325571 0.520014 0.303921 2 0 0.750000 1 0.250000
shackles
  1 1.365864 3.488978 31.734489 -0.423401 0.039331 0.905088 0.530610 0.343060 2 1 0.550000 0 0.450000
  0 1.318229 1.307351 32.214104 -0.945440 -0.012115 0.325571 0.520014 0.303921 2 0 0.750000 1 0.250000
  0 1.590765 1.367314 32.547771 -0.446972 0.439054 0.779389 0.529492 0.301066 2 0 0.750000 1 0.250000
shackles
  1 1.790584 3.504987 31.719049 0.438027 0.200346 0.876352 0.540372 0.342222 2 1 0.550000 0 0.450000
  1 1.365864 3.488978 31.734489 -0.423401 0.039331 0.905088 0.530610 0.343060 2 1 0.550000 0 0.450000
  0 1.590765 1.367314 32.547771 -0.446972 0.439054 0.779389 0.529492 0.301066 2 0 0.750000 1 0.250000
shackles
  1 1.790584 3.504987 31.719049 0.438027 0.200346 0.876352 0.540372 0.342222 2 1 0.550000 0 0.450000
  0 0.932811 5.237705 32.001392 -0.369240 -0.315188 0.874253 0.530765 0.379728 3 0 0.500000 1 0.375756 6 0.124244
  1 1.365864 3.488978 31.734489 -0.423401 0.039331 0.905088 0.530610 0.343060 2 1 0.550000 0 0.450000
shackles
  1 1.790584 3.504987 31.719049 0.438027 0.200346 0.876352 0.540372 0.342222 2 1 0.550000 0 0.450000
  0 1.269631 5.185919 31.958559 0.475632 -0.255757 0.841643 0.538630 0.378471 3 0 0.500000 1 0.409100 6 0.090900
  0 0.932811 5.237705 32.001392 -0.369240 -0.315188 0.874253 0.530765 0.379728 3 0 0.500000 1 0.375756 6 0.124244
shackles
  0 1.269631 5.185919 31.958559 0.475632 -0.255757 0.841643 0.538630 0.378471 3 0 0.500000 1 0.409100 6 0.090900
  0 1.408405 7.917021 33.520321 -0.322792 -0.554919 0.766727 0.529767 0.430678 2 0 0.750000 1 0.250000
  0 0.932811 5.237705 32.001392 -0.369240 -0.315188 0.874253 0.530765 0.379728 3 0 0.500000 1 0.375756 6 0.124244
shackles
  0 1.269631 5.185919 31.958559 0.475632 -0.255757 0.841643 0.538630 0.378471 3 0 0.500000 1 0.409100 6 0.090900
  0 1.846193 7.795083 33.306129 0.444582 -0.645551 0.620976 0.541634 0.428909 2 0 0.750000 1 0.250000
  0 1.408405 7.917021 33.520321 -0.322792 -0.554919 0.766727 0.529767 0.430678 2 0 0.750000 1 0.250000
shackles
  1 2.791811 9.785463 35.621243 0.380817 -0.862509 0.333252 0.546026 0.480847 2 1 0.600000 0 0.400000
  0 1.408405 7.917021 33.520321 -0.322792 -0.554919 0.766727 0.529767 0.430678 2 0 0.750000 1 0.250000
  0 1.846193 7.795083 33.306129 0.444582 -0.645551 0.620976 0.541634 0.428909 2 0 0.750000 1 0.250000
shackles
  0 2.853139 -0.320679 36.800507 -0.920366 0.026307 0.390172 0.515907 0.210531 2 0 0.850000 1 0.150000
  0 2.908855 -0.121001 36.678852 -0.799924 0.466130 0.377948 0.527399 0.212498 2 0 0.848221 1 0.151779
  0 2.569348 -0.139525 36.043407 -0.847127 0.387126 0.364017 0.520440 0.223524 1 0 1.000000
shackles
  0 2.908855 -0.121001 36.678852 -0.799924 0.466130 0.377948 0.527399 0.212498 2 0 0.848221 1 0.151779
  0 2.718653 0.031886 35.908123 -0.285035 0.940484 0.185053 0.531360 0.225261 1 0 1.000000
  0 2.569348 -0.139525 36.043407 -0.847127 0.387126 0.364017 0.520440 0.223524 1 0 1.000000
shackles
  0 2.303411 0.121207 34.851669 -0.397000 0.864366 0.308645 0.526225 0.243184 1 0 1.000000
  0 2.569348 -0.139525 36.043407 -0.847127 0.387126 0.364017 0.520440 0.223524 1 0 1.000000
  0 2.718653 0.031886 35.908123 -0.285035 0.940484 0.185053 0.531360 0.225261 1 0 1.000000
shackles
  0 2.601687 0.133576 34.760578 0.339257 0.931291 0.132668 0.544530 0.243353 1 0 1.000000
  0 2.303411 0.121207 34.851669 -0.397000 0.864366 0.308645 0.526225 0.243184 1 0 1.000000
  0 2.718653 0.031886 35.908123 -0.285035 0.940484 0.185053 0.531360 0.225261 1 0 1.000000
shackles
  0 2.601687 0.133576 34.760578 0.339257 0.931291 0.132668 0.544530 0.243353 1 0 1.000000
  0 1.935946 0.679775 33.367992 -0.452621 0.702144 0.549662 0.533629 0.272750 1 0 1.000000
  0 2.303411 0.121207 34.851669 -0.397000 0.864366 0.308645 0.526225 0.243184 1 0 1.000000
shackles
  0 2.601687 0.133576 34.760578 0.339257 0.931291 0.132668 0.544530 0.243353 1 0 1.000000
  0 2.246613 0.720445 33.345299 0.320076 0.846443 0.425542 0.542395 0.272095 1 0 1.000000
  0 1.935946 0.679775 33.367992 -0.452621 0.702144 0.549662 0.533629 0.272750 1 0 1.000000
shackles
  0 2.246613 0.720445 33.345299 0.320076 0.846443 0.425542 0.542395 0.272095 1 0 1.000000
  0 1.590765 1.367314 32.547771 -0.446972 0.439054 0.779389 0.529492 0.301066 2 0 0.750000 1 0.250000
  0 1.935946 0.679775 33.367992 -0.452621 0.702144 0.549662 0.533629 0.272750 1 0 1.000000
shackles
  0 2.246613 0.720445 33.345299 0.320076 0.846443 0.425542 0.542395 0.272095 1 0 1.000000
  0 1.997996 1.383647 32.543011 0.364355 0.586298 0.723533 0.540091 0.300293 2 0 0.750000 1 0.250000
  0 1.590765 1.367314 32.547771 -0.446972 0.439054 0.779389 0.529492 0.301066 2 0 0.750000 1 0.250000
shackles
  1 1.790584 3.504987 31.719049 0.438027 0.200346 0.876352 0.540372 0.342222 2 1 0.550000 0 0.450000
  0 1.590765 1.367314 32.547771 -0.446972 0.439054 0.779389 0.529492 0.301066 2 0 0.750000 1 0.250000
  0 1.997996 1.383647 32.543011 0.364355 0.586298 0.723533 0.540091 0.300293 2 0 0.750000 1 0.250000
shackles
  0 2.908855 -0.121001 36.678852 -0.799924 0.466130 0.377948 0.527399 0.212498 2 0 0.848221 1 0.151779
  0 3.105466 -0.004794 36.621822 -0.219803 0.962229 0.160627 0.543663 0.212754 2 0 0.848492 1 0.151508
  0 2.718653 0.031886 35.908123 -0.285035 0.940484 0.185053 0.531360 0.225261 1 0 1.000000
shackles
  0 2.601687 0.133576 34.760578 0.339257 0.931291 0.132668 0.544530 0.243353 1 0 1.000000
  0 2.718653 0.031886 35.908123 -0.285035 0.940484 0.185053 0.531360 0.225261 1 0 1.000000
  0 2.971586 0.019865 35.837048 0.410965 0.908951 -0.070110 0.550308 0.225271 1 0 1.000000
shackles
  1 2.345693 9.875542 35.878994 -0.333838 -0.761667 0.555351 0.532330 0.482385 2 1 0.600000 0 0.400000
  0 1.187081 8.178674 33.409389 -0.908090 -0.106534 0.404998 0.522004 0.431724 2 0 0.750000 1 0.250000
  0 1.408405 7.917021 33.520321 -0.322792 -0.554919 0.766727 0.529767 0.430678 2 0 0.750000 1 0.250000
shackles
  1 2.791811 9.785463 35.621243 0.380817 -0.862509 0.333252 0.546026 0.480847 2 1 0.600000 0 0.400000
  1 2.345693 9.875542 35.878994 -0.333838 -0.761667 0.555351 0.532330 0.482385 2 1 0.600000 0 0.400000
  0 1.408405 7.917021 33.520321 -0.322792 -0.554919 0.766727 0.529767 0.430678 2 0 0.750000 1 0.250000
shackles
  1 2.791811 9.785463 35.621243 0.380817 -0.862509 0.333252 0.546026 0.480847 2 1 0.600000 0 0.400000
  1 3.467370 10.682213 38.382137 -0.424831 -0.855004 0.297468 0.534814 0.530423 2 1 0.650000 0 0.350000
  1 2.345693 9.875542 35.878994 -0.333838 -0.761667 0.555351 0.532330 0.482385 2 1 0.600000 0 0.400000
shackles
  1 2.791811 9.785463 35.621243 0.380817 -0.862509 0.333252 0.546026 0.480847 2 1 0.600000 0 0.400000
  1 3.834563 10.625756 38.220474 0.244686 -0.968893 -0.037074 0.547057 0.530757 2 1 0.650000 0 0.350000
  1 3.467370 10.682213 38.382137 -0.424831 -0.855004 0.297468 0.534814 0.530423 2 1 0.650000 0 0.350000
shackles
  1 5.416467 10.187228 40.825497 0.026706 -0.900499 -0.434038 0.547666 0.594637 2 1 0.900000 0 0.100000
  1 3.467370 10.682213 38.382137 -0.424831 -0.855004 0.297468 0.534814 0.530423 2 1 0.650000 0 0.350000
  1 3.834563 10.625756 38.220474 0.244686 -0.968893 -0.037074 0.547057 0.530757 2 1 0.650000 0 0.350000
shackles
  1 5.416467 10.187228 40.825497 0.026706 -0.900499 -0.434038 0.547666 0.594637 2 1 0.900000 0 0.100000
  1 5.117961 10.258072 40.977432 -0.565638 -0.823454 0.044460 0.536802 0.593237 2 1 0.900000 0 0.100000
  1 3.467370 10.682213 38.382137 -0.424831 -0.855004 0.297468 0.534814 0.530423 2 1 0.650000 0 0.350000
shackles
  1 5.416467 10.187228 40.825497 0.026706 -0.900499 -0.434038 0.547666 0.594637 2 1 0.900000 0 0.100000
  1 5.902861 9.525850 41.853249 -0.634715 -0.768984 -0.076151 0.537835 0.625075 2 1 0.908442 0 0.091558
  1 5.117961 10.258072 40.977432 -0.565638 -0.823454 0.044460 0.536802 0.593237 2 1 0.900000 0 0.100000
shackles
  1 5.117961 10.258072 40.977432 -0.565638 -0.823454 0.044460 0.536802 0.593237 2 1 0.900000 0 0.100000
  1 5.902861 9.525850 41.853249 -0.634715 -0.768984 -0.076151 0.537835 0.625075 2 1 0.908442 0 0.091558
  0 5.836059 9.719291 42.129013 -0.822788 -0.323149 0.467541 0.525945 0.625793 1 0 1.000000
shackles
  1 5.117961 10.258072 40.977432 -0.565638 -0.823454 0.044460 0.536802 0.593237 2 1 0.900000 0 0.100000
  0 5.836059 9.719291 42.129013 -0.822788 -0.323149 0.467541 0.525945 0.625793 1 0 1.000000
  1 4.917470 10.546449 41.095211 -0.823825 -0.319936 0.467925 0.525267 0.590951 2 1 0.900000 0 0.100000
shackles
  1 4.917470 10.546449 41.095211 -0.823825 -0.319936 0.467925 0.525267 0.590951 2 1 0.900000 0 0.100000
  0 5.836059 9.719291 42.129013 -0.822788 -0.323149 0.467541 0.525945 0.625793 1 0 1.000000
  0 5.999593 9.935926 42.317944 -0.546875 0.351327 0.759932 0.515659 0.627761 1 0 1.000000
shackles
  1 4.917470 10.546449 41.095211 -0.823825 -0.319936 0.467925 0.525267 0.590951 2 1 0.900000 0 0.100000
  0 5.999593 9.935926 42.317944 -0.546875 0.351327 0.759932 0.515659 0.627761 1 0 1.000000
  1 4.932625 10.882607 41.109921 -0.642773 0.406496 0.649310 0.515244 0.589127 2 1 0.900000 0 0.100000
shackles
  1 4.932625 10.882607 41.109921 -0.642773 0.406496 0.649310 0.515244 0.589127 2 1 0.900000 0 0.100000
  0 5.999593 9.935926 42.317944 -0.546875 0.351327 0.759932 0.515659 0.627761 1 0 1.000000
  0 6.297435 10.053522 42.314022 0.073330 0.812018 0.579008 0.506106 0.629834 1 0 1.000000
shackles
  1 4.932625 10.882607 41.109921 -0.642773 0.406496 0.649310 0.515244 0.589127 2 1 0.900000 0 0.100000
  0 6.297435 10.053522 42.314022 0.073330 0.812018 0.579008 0.506106 0.629834 1 0 1.000000
  1 5.155300 11.074955 41.017479 -0.025756 0.907677 0.418879 0.505584 0.588869 2 1 0.900000 0 0.100000
shackles
  1 5.155300 11.074955 41.017479 -0.025756 0.907677 0.418879 0.505584 0.588869 2 1 0.900000 0 0.100000
  0 6.297435 10.053522 42.314022 0.073330 0.812018 0.579008 0.506106 0.629834 1 0 1.000000
  0 6.555174 10.004089 42.118862 0.622309 0.778755 0.079200 0.495446 0.630780 1 0 1.000000
shackles
  1 5.155300 11.074955 41.017479 -0.025756 0.907677 0.418879 0.505584 0.588869 2 1 0.900000 0 0.100000
  0 6.555174 10.004089 42.118862 0.622309 0.778755 0.079200 0.495446 0.630780 1 0 1.000000
  1 5.455368 11.011420 40.871796 0.573008 0.818623 -0.038950 0.494717 0.590324 2 1 0.900000 0 0.100000
shackles
  1 5.455368 11.011420 40.871796 0.573008 0.818623 -0.038950 0.494717 0.590324 2 1 0.900000 0 0.100000
  0 6.555174 10.004089 42.118862 0.622309 0.778755 0.079200 0.495446 0.630780 1 0 1.000000
  0 6.621978 9.812211 41.842461 0.824081 0.328578 -0.461441 0.483713 0.630038 1 0 1.000000
shackles
  1 5.455368 11.011420 40.871796 0.573008 0.818623 -0.038950 0.494717 0.590324 2 1 0.900000 0 0.100000
  0 6.621978 9.812211 41.842461 0.824081 0.328578 -0.461441 0.483713 0.630038 1 0 1.000000
  1 5.656190 10.725026 40.754456 0.836377 0.308604 -0.453030 0.483002 0.592607 2 1 0.900000 0 0.100000
shackles
  1 5.656190 10.725026 40.754456 0.836377 0.308604 -0.453030 0.483002 0.592607 2 1 0.900000 0 0.100000
  0 6.621978 9.812211 41.842461 0.824081 0.328578 -0.461441 0.483713 0.630038 1 0 1.000000
  0 6.458444 9.588977 41.647148 0.540817 -0.333159 -0.772348 0.473192 0.628058 2 0 0.542291 1 0.457709
shackles
  1 5.416467 10.187228 40.825497 0.026706 -0.900499 -0.434038 0.547666 0.594637 2 1 0.900000 0 0.100000
  1 6.160601 9.469839 41.651722 -0.096993 -0.796539 -0.596756 0.548741 0.626010 2 1 0.755599 0 0.244401
  1 5.902861 9.525850 41.853249 -0.634715 -0.768984 -0.076151 0.537835 0.625075 2 1 0.908442 0 0.091558
shackles
  1 2.345693 9.875542 35.878994 -0.333838 -0.761667 0.555351 0.532330 0.482385 2 1 0.600000 0 0.400000
  1 3.270184 10.953526 38.476772 -0.834506 -0.297057 0.464065 0.524589 0.530516 2 1 0.650000 0 0.350000
  1 2.095434 10.113042 35.806160 -0.859565 -0.219204 0.461624 0.523883 0.481884 2 1 0.600000 0 0.400000
shackles
  1 2.345693 9.875542 35.878994 -0.333838 -0.761667 0.555351 0.532330 0.482385 2 1 0.600000 0 0.400000
  1 3.467370 10.682213 38.382137 -0.424831 -0.855004 0.297468 0.534814 0.530423 2 1 0.650000 0 0.350000
  1 3.270184 10.953526 38.476772 -0.834506 -0.297057 0.464065 0.524589 0.530516 2 1 0.650000 0 0.350000
shackles
  1 5.117961 10.258072 40.977432 -0.565638 -0.823454 0.044460 0.536802 0.593237 2 1 0.900000 0 0.100000
  1 3.270184 10.953526 38.476772 -0.834506 -0.297057 0.464065 0.524589 0.530516 2 1 0.650000 0 0.350000
  1 3.467370 10.682213 38.382137 -0.424831 -0.855004 0.297468 0.534814 0.530423 2 1 0.650000 0 0.350000
shackles
  1 5.117961 10.258072 40.977432 -0.565638 -0.823454 0.044460 0.536802 0.593237 2 1 0.900000 0 0.100000
  1 4.917470 10.546449 41.095211 -0.823825 -0.319936 0.467925 0.525267 0.590951 2 1 0.900000 0 0.100000
  1 3.270184 10.953526 38.476772 -0.834506 -0.297057 0.464065 0.524589 0.530516 2 1 0.650000 0 0.350000
shackles
  1 4.917470 10.546449 41.095211 -0.823825 -0.319936 0.467925 0.525267 0.590951 2 1 0.900000 0 0.100000
  1 3.290131 11.299367 38.474075 -0.793427 0.479557 0.374832 0.514802 0.530856 2 1 0.650000 0 0.350000
  1 3.270184 10.953526 38.476772 -0.834506 -0.297057 0.464065 0.524589 0.530516 2 1 0.650000 0 0.350000
shackles
  1 4.917470 10.546449 41.095211 -0.823825 -0.319936 0.467925 0.525267 0.590951 2 1 0.900000 0 0.100000
  1 4.932625 10.882607 41.109921 -0.642773 0.406496 0.649310 0.515244 0.589127 2 1 0.900000 0 0.100000
  1 3.290131 11.299367 38.474075 -0.793427 0.479557 0.374832 0.514802 0.530856 2 1 0.650000 0 0.350000
shackles
  1 4.932625 10.882607 41.109921 -0.642773 0.406496 0.649310 0.515244 0.589127 2 1 0.900000 0 0.100000
  1 3.582604 11.527990 38.345936 -0.179384 0.983269 0.031672 0.503262 0.531317 2 1 0.650000 0 0.350000
  1 3.290131 11.299367 38.474075 -0.793427 0.479557 0.374832 0.514802 0.530856 2 1 0.650000 0 0.350000
shackles
  1 4.932625 10.882607 41.109921 -0.642773 0.406496 0.649310 0.515244 0.589127 2 1 0.900000 0 0.100000
  1 5.155300 11.074955 41.017479 -0.025756 0.907677 0.418879 0.505584 0.588869 2 1 0.900000 0 0.100000
  1 3.582604 11.527990 38.345936 -0.179384 0.983269 0.031672 0.503262 0.531317 2 1 0.650000 0 0.350000
shackles
  1 5.155300 11.074955 41.017479 -0.025756 0.907677 0.418879 0.505584 0.588869 2 1 0.900000 0 0.100000
  1 3.950069 11.435105 38.198689 0.506637 0.815754 -0.279041 0.490930 0.531828 2 1 0.650000 0 0.350000
  1 3.582604 11.527990 38.345936 -0.179384 0.983269 0.031672 0.503262 0.531317 2 1 0.650000 0 0.350000
shackles
  1 5.155300 11.074955 41.017479 -0.025756 0.907677 0.418879 0.505584 0.588869 2 1 0.900000 0 0.100000
  1 5.455368 11.011420 40.871796 0.573008 0.818623 -0.038950 0.494717 0.590324 2 1 0.900000 0 0.100000
  1 3.950069 11.435105 38.198689 0.506637 0.815754 -0.279041 0.490930 0.531828 2 1 0.650000 0 0.350000
shackles
  1 5.455368 11.011420 40.871796 0.573008 0.818623 -0.038950 0.494717 0.590324 2 1 0.900000 0 0.100000
  1 4.129131 11.162826 38.107384 0.882996 0.224714 -0.412094 0.481350 0.531651 2 1 0.650000 0 0.350000
  1 3.950069 11.435105 38.198689 0.506637 0.815754 -0.279041 0.490930 0.531828 2 1 0.650000 0 0.350000
shackles
  1 5.455368 11.011420 40.871796 0.573008 0.818623 -0.038950 0.494717 0.590324 2 1 0.900000 0 0.100000
  1 5.656190 10.725026 40.754456 0.836377 0.308604 -0.453030 0.483002 0.592607 2 1 0.900000 0 0.100000
  1 4.129131 11.162826 38.107384 0.882996 0.224714 -0.412094 0.481350 0.531651 2 1 0.650000 0 0.350000
shackles
  1 5.656190 10.725026 40.754456 0.836377 0.308604 -0.453030 0.483002 0.592607 2 1 0.900000 0 0.100000
  1 4.080616 10.826642 38.116932 0.792896 -0.512752 -0.329244 0.472067 0.531209 2 1 0.650000 0 0.350000
  1 4.129131 11.162826 38.107384 0.882996 0.224714 -0.412094 0.481350 0.531651 2 1 0.650000 0 0.350000
shackles
  1 5.656190 10.725026 40.754456 0.836377 0.308604 -0.453030 0.483002 0.592607 2 1 0.900000 0 0.100000
  1 5.639501 10.381588 40.733547 0.643902 -0.403846 -0.649845 0.472514 0.594376 2 1 0.900000 0 0.100000
  1 4.080616 10.826642 38.116932 0.792896 -0.512752 -0.329244 0.472067 0.531209 2 1 0.650000 0 0.350000
shackles
  1 3.110097 10.293227 35.270161 0.928874 0.078453 -0.361992 0.480041 0.481339 2 1 0.600000 0 0.400000
  1 4.129131 11.162826 38.107384 0.882996 0.224714 -0.412094 0.481350 0.531651 2 1 0.650000 0 0.350000
  1 4.080616 10.826642 38.116932 0.792896 -0.512752 -0.329244 0.472067 0.531209 2 1 0.650000 0 0.350000
shackles
  1 2.898546 10.508678 35.094658 0.491240 0.694924 -0.525132 0.487499 0.479688 2 1 0.600000 0 0.400000
  1 4.129131 11.162826 38.107384 0.882996 0.224714 -0.412094 0.481350 0.531651 2 1 0.650000 0 0.350000
  1 3.110097 10.293227 35.270161 0.928874 0.078453 -0.361992 0.480041 0.481339 2 1 0.600000 0 0.400000
shackles
  1 2.898546 10.508678 35.094658 0.491240 0.694924 -0.525132 0.487499 0.479688 2 1 0.600000 0 0.400000
  1 3.950069 11.435105 38.198689 0.506637 0.815754 -0.279041 0.490930 0.531828 2 1 0.650000 0 0.350000
  1 4.129131 11.162826 38.107384 0.882996 0.224714 -0.412094 0.481350 0.531651 2 1 0.650000 0 0.350000
shackles
  1 2.447285 10.718504 35.360973 -0.297131 0.891480 -0.342018 0.501037 0.482039 2 1 0.600000 0 0.400000
  1 3.950069 11.435105 38.198689 0.506637 0.815754 -0.279041 0.490930 0.531828 2 1 0.650000 0 0.350000
  1 2.898546 10.508678 35.094658 0.491240 0.694924 -0.525132 0.487499 0.479688 2 1 0.600000 0 0.400000
shackles
  1 2.447285 10.718504 35.360973 -0.297131 0.891480 -0.342018 0.501037 0.482039 2 1 0.600000 0 0.400000
  1 3.582604 11.527990 38.345936 -0.179384 0.983269 0.031672 0.503262 0.531317 2 1 0.650000 0 0.350000
  1 3.950069 11.435105 38.198689 0.506637 0.815754 -0.279041 0.490930 0.531828 2 1 0.650000 0 0.350000
shackles
  1 2.092890 10.473793 35.710312 -0.880102 0.462819 0.105922 0.515249 0.482986 2 1 0.600000 0 0.400000
  1 3.582604 11.527990 38.345936 -0.179384 0.983269 0.031672 0.503262 0.531317 2 1 0.650000 0 0.350000
  1 2.447285 10.718504 35.360973 -0.297131 0.891480 -0.342018 0.501037 0.482039 2 1 0.600000 0 0.400000
shackles
  1 2.092890 10.473793 35.710312 -0.880102 0.462819 0.105922 0.515249 0.482986 2 1 0.600000 0 0.400000
  1 3.290131 11.299367 38.474075 -0.793427 0.479557 0.374832 0.514802 0.530856 2 1 0.650000 0 0.350000
  1 3.582604 11.527990 38.345936 -0.179384 0.983269 0.031672 0.503262 0.531317 2 1 0.650000 0 0.350000
shackles
  1 2.095434 10.113042 35.806160 -0.859565 -0.219204 0.461624 0.523883 0.481884 2 1 0.600000 0 0.400000
  1 3.290131 11.299367 38.474075 -0.793427 0.479557 0.374832 0.514802 0.530856 2 1 0.650000 0 0.350000
  1 2.092890 10.473793 35.710312 -0.880102 0.462819 0.105922 0.515249 0.482986 2 1 0.600000 0 0.400000
shackles
  1 2.095434 10.113042 35.806160 -0.859565 -0.219204 0.461624 0.523883 0.481884 2 1 0.600000 0 0.400000
  1 3.270184 10.953526 38.476772 -0.834506 -0.297057 0.464065 0.524589 0.530516 2 1 0.650000 0 0.350000
  1 3.290131 11.299367 38.474075 -0.793427 0.479557 0.374832 0.514802 0.530856 2 1 0.650000 0 0.350000
shackles
  1 5.656190 10.725026 40.754456 0.836377 0.308604 -0.453030 0.483002 0.592607 2 1 0.900000 0 0.100000
  0 6.458444 9.588977 41.647148 0.540817 -0.333159 -0.772348 0.473192 0.628058 2 0 0.542291 1 0.457709
  1 5.639501 10.381588 40.733547 0.643902 -0.403846 -0.649845 0.472514 0.594376 2 1 0.900000 0 0.100000
shackles
  1 5.639501 10.381588 40.733547 0.643902 -0.403846 -0.649845 0.472514 0.594376 2 1 0.900000 0 0.100000
  0 6.458444 9.588977 41.647148 0.540817 -0.333159 -0.772348 0.473192 0.628058 2 0 0.542291 1 0.457709
  1 6.160601 9.469839 41.651722 -0.096993 -0.796539 -0.596756 0.463635 0.626010 2 1 0.755599 0 0.244401
shackles
  1 5.639501 10.381588 40.733547 0.643902 -0.403846 -0.649845 0.472514 0.594376 2 1 0.900000 0 0.100000
  1 6.160601 9.469839 41.651722 -0.096993 -0.796539 -0.596756 0.463635 0.626010 2 1 0.755599 0 0.244401
  1 5.416467 10.187228 40.825497 0.026706 -0.900499 -0.434038 0.462840 0.594637 2 1 0.900000 0 0.100000
shackles
  1 5.639501 10.381588 40.733547 0.643902 -0.403846 -0.649845 0.472514 0.594376 2 1 0.900000 0 0.100000
  1 5.416467 10.187228 40.825497 0.026706 -0.900499 -0.434038 0.462840 0.594637 2 1 0.900000 0 0.100000
  1 3.834563 10.625756 38.220474 0.244686 -0.968893 -0.037074 0.462578 0.530757 2 1 0.650000 0 0.350000
shackles
  1 5.639501 10.381588 40.733547 0.643902 -0.403846 -0.649845 0.472514 0.594376 2 1 0.900000 0 0.100000
  1 3.834563 10.625756 38.220474 0.244686 -0.968893 -0.037074 0.462578 0.530757 2 1 0.650000 0 0.350000
  1 4.080616 10.826642 38.116932 0.792896 -0.512752 -0.329244 0.472067 0.531209 2 1 0.650000 0 0.350000
shackles
  1 3.066797 9.991664 35.487587 0.847743 -0.529958 -0.021812 0.471285 0.481803 2 1 0.600000 0 0.400000
  1 4.080616 10.826642 38.116932 0.792896 -0.512752 -0.329244 0.472067 0.531209 2 1 0.650000 0 0.350000
  1 3.834563 10.625756 38.220474 0.244686 -0.968893 -0.037074 0.462578 0.530757 2 1 0.650000 0 0.350000
shackles
  1 3.110097 10.293227 35.270161 0.928874 0.078453 -0.361992 0.480041 0.481339 2 1 0.600000 0 0.400000
  1 4.080616 10.826642 38.116932 0.792896 -0.512752 -0.329244 0.472067 0.531209 2 1 0.650000 0 0.350000
  1 3.066797 9.991664 35.487587 0.847743 -0.529958 -0.021812 0.471285 0.481803 2 1 0.600000 0 0.400000
shackles
  1 3.110097 10.293227 35.270161 0.928874 0.078453 -0.361992 0.480041 0.481339 2 1 0.600000 0 0.400000
  1 3.066797 9.991664 35.487587 0.847743 -0.529958 -0.021812 0.471285 0.481803 2 1 0.600000 0 0.400000
  0 2.147837 8.019464 33.136700 0.874942 -0.438146 0.206169 0.468286 0.430662 2 0 0.750000 1 0.250000
shackles
  1 3.110097 10.293227 35.270161 0.928874 0.078453 -0.361992 0.480041 0.481339 2 1 0.600000 0 0.400000
  0 2.147837 8.019464 33.136700 0.874942 -0.438146 0.206169 0.468286 0.430662 2 0 0.750000 1 0.250000
  0 2.230993 8.342946 32.882633 0.947889 -0.022230 -0.317824 0.478206 0.432031 2 0 0.750000 1 0.250000
shackles
  1 2.898546 10.508678 35.094658 0.491240 0.694924 -0.525132 0.487499 0.479688 2 1 0.600000 0 0.400000
  1 3.110097 10.293227 35.270161 0.928874 0.078453 -0.361992 0.480041 0.481339 2 1 0.600000 0 0.400000
  0 2.230993 8.342946 32.882633 0.947889 -0.022230 -0.317824 0.478206 0.432031 2 0 0.750000 1 0.250000
shackles
  1 2.898546 10.508678 35.094658 0.491240 0.694924 -0.525132 0.487499 0.479688 2 1 0.600000 0 0.400000
  0 2.230993 8.342946 32.882633 0.947889 -0.022230 -0.317824 0.478206 0.432031 2 0 0.750000 1 0.250000
  0 2.046714 8.570573 32.689064 0.450824 0.496219 -0.741973 0.486002 0.432125 2 0 0.750000 1 0.250000
shackles
  1 2.447285 10.718504 35.360973 -0.297131 0.891480 -0.342018 0.501037 0.482039 2 1 0.600000 0 0.400000
  1 2.898546 10.508678 35.094658 0.491240 0.694924 -0.525132 0.487499 0.479688 2 1 0.600000 0 0.400000
  0 2.046714 8.570573 32.689064 0.450824 0.496219 -0.741973 0.486002 0.432125 2 0 0.750000 1 0.250000
shackles
  1 2.447285 10.718504 35.360973 -0.297131 0.891480 -0.342018 0.501037 0.482039 2 1 0.600000 0 0.400000
  0 2.046714 8.570573 32.689064 0.450824 0.496219 -0.741973 0.486002 0.432125 2 0 0.750000 1 0.250000
  0 1.598648 8.832191 32.931602 -0.408247 0.662061 -0.628497 0.498503 0.435540 2 0 0.750000 1 0.250000
shackles
  1 2.092890 10.473793 35.710312 -0.880102 0.462819 0.105922 0.515249 0.482986 2 1 0.600000 0 0.400000
  1 2.447285 10.718504 35.360973 -0.297131 0.891480 -0.342018 0.501037 0.482039 2 1 0.600000 0 0.400000
  0 1.598648 8.832191 32.931602 -0.408247 0.662061 -0.628497 0.498503 0.435540 2 0 0.750000 1 0.250000
shackles
  1 2.092890 10.473793 35.710312 -0.880102 0.462819 0.105922 0.515249 0.482986 2 1 0.600000 0 0.400000
  0 1.598648 8.832191 32.931602 -0.408247 0.662061 -0.628497 0.498503 0.435540 2 0 0.750000 1 0.250000
  0 1.217002 8.578941 33.268543 -0.918468 0.370612 -0.138072 0.513575 0.434698 2 0 0.750000 1 0.250000
shackles
  1 2.095434 10.113042 35.806160 -0.859565 -0.219204 0.461624 0.523883 0.481884 2 1 0.600000 0 0.400000
  1 2.092890 10.473793 35.710312 -0.880102 0.462819 0.105922 0.515249 0.482986 2 1 0.600000 0 0.400000
  0 1.217002 8.578941 33.268543 -0.918468 0.370612 -0.138072 0.513575 0.434698 2 0 0.750000 1 0.250000
shackles
  1 2.095434 10.113042 35.806160 -0.859565 -0.219204 0.461624 0.523883 0.481884 2 1 0.600000 0 0.400000
  0 1.217002 8.578941 33.268543 -0.918468 0.370612 -0.138072 0.513575 0.434698 2 0 0.750000 1 0.250000
  0 1.187081 8.178674 33.409389 -0.908090 -0.106534 0.404998 0.522004 0.431724 2 0 0.750000 1 0.250000
shackles
  1 2.345693 9.875542 35.878994 -0.333838 -0.761667 0.555351 0.532330 0.482385 2 1 0.600000 0 0.400000
  1 2.095434 10.113042 35.806160 -0.859565 -0.219204 0.461624 0.523883 0.481884 2 1 0.600000 0 0.400000
  0 1.187081 8.178674 33.409389 -0.908090 -0.106534 0.404998 0.522004 0.431724 2 0 0.750000 1 0.250000
shackles
  1 3.066797 9.991664 35.487587 0.847743 -0.529958 -0.021812 0.471285 0.481803 2 1 0.600000 0 0.400000
  0 1.846193 7.795083 33.306129 0.444582 -0.645551 0.620976 0.457657 0.428909 2 0 0.750000 1 0.250000
  0 2.147837 8.019464 33.136700 0.874942 -0.438146 0.206169 0.468286 0.430662 2 0 0.750000 1 0.250000
shackles
  1 3.066797 9.991664 35.487587 0.847743 -0.529958 -0.021812 0.471285 0.481803 2 1 0.600000 0 0.400000
  1 2.791811 9.785463 35.621243 0.380817 -0.862509 0.333252 0.461844 0.480847 2 1 0.600000 0 0.400000
  0 1.846193 7.795083 33.306129 0.444582 -0.645551 0.620976 0.457657 0.428909 2 0 0.750000 1 0.250000
shackles
  1 3.066797 9.991664 35.487587 0.847743 -0.529958 -0.021812 0.471285 0.481803 2 1 0.600000 0 0.400000
  1 3.834563 10.625756 38.220474 0.244686 -0.968893 -0.037074 0.462578 0.530757 2 1 0.650000 0 0.350000
  1 2.791811 9.785463 35.621243 0.380817 -0.862509 0.333252 0.461844 0.480847 2 1 0.600000 0 0.400000
shackles
  11 6.356530 6.738063 43.392979 -0.263043 -0.872629 0.411494 0.767648 0.665263 2 11 0.573020 0 0.426980
  0 6.398767 7.251240 44.508240 -0.227114 -0.698612 0.678498 0.733821 0.680851 3 0 0.625480 11 0.239385 12 0.135135
  11 5.816481 7.037697 43.592941 -0.352874 -0.826926 0.437806 0.755036 0.655498 2 11 0.603417 0 0.396583
shackles
  11 6.356530 6.738063 43.392979 -0.263043 -0.872629 0.411494 0.767648 0.665263 2 11 0.573020 0 0.426980
  0 6.966936 6.699183 43.610493 -0.178046 -0.876574 0.447121 0.780336 0.679381 1 0 1.000000
  0 6.398767 7.251240 44.508240 -0.227114 -0.698612 0.678498 0.733821 0.680851 3 0 0.625480 11 0.239385 12 0.135135
shackles
  0 6.966936 6.699183 43.610493 -0.178046 -0.876574 0.447121 0.780336 0.679381 1 0 1.000000
  0 7.290270 6.943494 44.117638 0.057973 -0.678026 0.732748 0.801577 0.689584 1 0 1.000000
  0 6.398767 7.251240 44.508240 -0.227114 -0.698612 0.678498 0.733821 0.680851 3 0 0.625480 11 0.239385 12 0.135135
shackles
  0 6.596591 8.167246 44.817459 -0.128966 -0.355813 0.925616 0.860708 0.663621 1 0 1.000000
  0 7.290270 6.943494 44.117638 0.057973 -0.678026 0.732748 0.801577 0.689584 1 0 1.000000
  0 7.136641 7.867611 44.617489 0.200244 -0.398370 0.895100 0.848860 0.673386 1 0 1.000000
shackles
  0 6.596591 8.167246 44.817459 -0.128966 -0.355813 0.925616 0.860708 0.663621 1 0 1.000000
  0 6.398767 7.251240 44.508240 -0.227114 -0.698612 0.678498 0.881181 0.680851 3 0 0.625480 11 0.239385 12 0.135135
  0 7.290270 6.943494 44.117638 0.057973 -0.678026 0.732748 0.801577 0.689584 1 0 1.000000
shackles
  0 5.986187 8.206122 44.599937 -0.625668 0.270363 0.731740 0.871076 0.649503 3 0 0.458286 11 0.344768 12 0.196946
  0 6.398767 7.251240 44.508240 -0.227114 -0.698612 0.678498 0.881181 0.680851 3 0 0.625480 11 0.239385 12 0.135135
  0 6.596591 8.167246 44.817459 -0.128966 -0.355813 0.925616 0.860708 0.663621 1 0 1.000000
shackles
  0 5.986187 8.206122 44.599937 -0.625668 0.270363 0.731740 0.871076 0.649503 3 0 0.458286 11 0.344768 12 0.196946
  11 5.662852 7.422350 44.092808 -0.841975 -0.291345 0.454089 0.889616 0.655798 2 11 0.654347 0 0.345653
  0 6.398767 7.251240 44.508240 -0.227114 -0.698612 0.678498 0.881181 0.680851 3 0 0.625480 11 0.239385 12 0.135135
shackles
  11 5.662852 7.422350 44.092808 -0.841975 -0.291345 0.454089 0.889616 0.655798 2 11 0.654347 0 0.345653
  11 5.816481 7.037697 43.592941 -0.352874 -0.826926 0.437806 0.902396 0.655498 2 11 0.603417 0 0.396583
  0 6.398767 7.251240 44.508240 -0.227114 -0.698612 0.678498 0.881181 0.680851 3 0 0.625480 11 0.239385 12 0.135135
shackles
  1 6.160601 9.469839 41.651722 -0.343847 0.014304 -0.938917 0.787417 0.531406 2 1 0.755599 0 0.244401
  0 5.709890 8.944277 42.022114 -0.839137 -0.148870 -0.523150 0.760364 0.552598 2 0 0.583144 11 0.416856
  1 5.902861 9.525850 41.853249 -0.796089 0.090369 -0.598394 0.761180 0.532336 2 1 0.908442 0 0.091558
shackles
  1 6.160601 9.469839 41.651722 -0.343847 0.014304 -0.938917 0.787417 0.531406 2 1 0.755599 0 0.244401
  1 6.232913 8.833109 41.615963 -0.282102 -0.326934 -0.901960 0.782348 0.550711 2 1 0.934661 0 0.065339
  0 5.709890 8.944277 42.022114 -0.839137 -0.148870 -0.523150 0.760364 0.552598 2 0 0.583144 11 0.416856
shackles
  1 6.232913 8.833109 41.615963 -0.282102 -0.326934 -0.901960 0.782348 0.550711 2 1 0.934661 0 0.065339
  11 5.816481 7.037697 43.592941 -0.826596 -0.385464 -0.410069 0.755036 0.655498 2 11 0.603417 0 0.396583
  0 5.709890 8.944277 42.022114 -0.839137 -0.148870 -0.523150 0.760364 0.552598 2 0 0.583144 11 0.416856
shackles
  1 6.232913 8.833109 41.615963 -0.282102 -0.326934 -0.901960 0.782348 0.550711 2 1 0.934661 0 0.065339
  11 6.356530 6.738063 43.392979 -0.181532 -0.639372 -0.747161 0.767648 0.665263 2 11 0.573020 0 0.426980
  11 5.816481 7.037697 43.592941 -0.826596 -0.385464 -0.410069 0.755036 0.655498 2 11 0.603417 0 0.396583
shackles
  0 6.837317 9.074764 41.606647 0.447632 -0.141215 -0.882997 0.800024 0.549917 2 0 0.539088 1 0.460912
  11 6.356530 6.738063 43.392979 -0.181532 -0.639372 -0.747161 0.767648 0.665263 2 11 0.573020 0 0.426980
  1 6.232913 8.833109 41.615963 -0.282102 -0.326934 -0.901960 0.782348 0.550711 2 1 0.934661 0 0.065339
shackles
  0 6.837317 9.074764 41.606647 0.447632 -0.141215 -0.882997 0.800024 0.549917 2 0 0.539088 1 0.460912
  0 6.966936 6.699183 43.610493 0.598126 -0.497321 -0.628424 0.780336 0.679381 1 0 1.000000
  11 6.356530 6.738063 43.392979 -0.181532 -0.639372 -0.747161 0.767648 0.665263 2 11 0.573020 0 0.426980
shackles
  0 7.169174 9.522887 42.001072 0.841470 0.297139 -0.451261 0.816637 0.550870 1 0 1.000000
  0 6.966936 6.699183 43.610493 0.598126 -0.497321 -0.628424 0.780336 0.679381 1 0 1.000000
  0 6.837317 9.074764 41.606647 0.447632 -0.141215 -0.882997 0.800024 0.549917 2 0 0.539088 1 0.460912
shackles
  0 7.169174 9.522887 42.001072 0.841470 0.297139 -0.451261 0.816637 0.550870 1 0 1.000000
  0 7.290270 6.943494 44.117638 0.983423 -0.081781 -0.161836 0.801577 0.689584 1 0 1.000000
  0 6.966936 6.699183 43.610493 0.598126 -0.497321 -0.628424 0.780336 0.679381 1 0 1.000000
shackles
  0 7.033609 9.896110 42.550018 0.665467 0.740479 0.094041 0.832161 0.553081 1 0 1.000000
  0 7.290270 6.943494 44.117638 0.983423 -0.081781 -0.161836 0.801577 0.689584 1 0 1.000000
  0 7.169174 9.522887 42.001072 0.841470 0.297139 -0.451261 0.816637 0.550870 1 0 1.000000
shackles
  0 7.033609 9.896110 42.550018 0.665467 0.740479 0.094041 0.832161 0.553081 1 0 1.000000
  0 7.136641 7.867611 44.617489 0.832837 0.413030 0.368494 0.848860 0.673386 1 0 1.000000
  0 7.290270 6.943494 44.117638 0.983423 -0.081781 -0.161836 0.801577 0.689584 1 0 1.000000
shackles
  0 6.510584 9.984199 42.930374 0.042697 0.904156 0.425063 0.847229 0.554961 1 0 1.000000
  0 7.136641 7.867611 44.617489 0.832837 0.413030 0.368494 0.848860 0.673386 1 0 1.000000
  0 7.033609 9.896110 42.550018 0.665467 0.740479 0.094041 0.832161 0.553081 1 0 1.000000
shackles
  0 6.510584 9.984199 42.930374 0.042697 0.904156 0.425063 0.847229 0.554961 1 0 1.000000
  0 6.596591 8.167246 44.817459 0.166809 0.715897 0.677987 0.860708 0.663621 1 0 1.000000
  0 7.136641 7.867611 44.617489 0.832837 0.413030 0.368494 0.848860 0.673386 1 0 1.000000
shackles
  0 5.906182 9.747403 42.937145 -0.640893 0.681050 0.354157 0.863609 0.555535 1 0 1.000000
  0 6.596591 8.167246 44.817459 0.166809 0.715897 0.677987 0.860708 0.663621 1 0 1.000000
  0 6.510584 9.984199 42.930374 0.042697 0.904156 0.425063 0.847229 0.554961 1 0 1.000000
shackles
  0 5.906182 9.747403 42.937145 -0.640893 0.681050 0.354157 0.863609 0.555535 1 0 1.000000
  0 5.986187 8.206122 44.599937 -0.625668 0.270363 0.731740 0.871076 0.649503 3 0 0.458286 11 0.344768 12 0.196946
  0 6.596591 8.167246 44.817459 0.166809 0.715897 0.677987 0.860708 0.663621 1 0 1.000000
shackles
  0 5.574327 9.323608 42.568520 -0.971477 0.234430 -0.035693 0.883534 0.553648 1 0 1.000000
  0 5.986187 8.206122 44.599937 -0.625668 0.270363 0.731740 0.871076 0.649503 3 0 0.458286 11 0.344768 12 0.196946
  0 5.906182 9.747403 42.937145 -0.640893 0.681050 0.354157 0.863609 0.555535 1 0 1.000000
shackles
  0 5.574327 9.323608 42.568520 -0.971477 0.234430 -0.035693 0.883534 0.553648 1 0 1.000000
  11 5.662852 7.422350 44.092808 -0.841975 -0.291345 0.454089 0.889616 0.655798 2 11 0.654347 0 0.345653
  0 5.986187 8.206122 44.599937 -0.625668 0.270363 0.731740 0.871076 0.649503 3 0 0.458286 11 0.344768 12 0.196946
shackles
  0 5.709890 8.944277 42.022114 -0.839137 -0.148870 -0.523150 0.904995 0.547552 2 0 0.583144 11 0.416856
  11 5.662852 7.422350 44.092808 -0.841975 -0.291345 0.454089 0.889616 0.655798 2 11 0.654347 0 0.345653
  0 5.574327 9.323608 42.568520 -0.971477 0.234430 -0.035693 0.883534 0.553648 1 0 1.000000
shackles
  0 5.709890 8.944277 42.022114 -0.839137 -0.148870 -0.523150 0.904995 0.547552 2 0 0.583144 11 0.416856
  11 5.816481 7.037697 43.592941 -0.826596 -0.385464 -0.410069 0.902396 0.655498 2 11 0.603417 0 0.396583
  11 5.662852 7.422350 44.092808 -0.841975 -0.291345 0.454089 0.889616 0.655798 2 11 0.654347 0 0.345653
shackles
  1 5.902861 9.525850 41.853249 -0.796089 0.090369 -0.598394 0.889508 0.529839 2 1 0.908442 0 0.091558
  0 5.709890 8.944277 42.022114 -0.839137 -0.148870 -0.523150 0.904995 0.547552 2 0 0.583144 11 0.416856
  0 5.574327 9.323608 42.568520 -0.971477 0.234430 -0.035693 0.883534 0.553648 1 0 1.000000
shackles
  1 5.902861 9.525850 41.853249 -0.796089 0.090369 -0.598394 0.889508 0.529839 2 1 0.908442 0 0.091558
  0 5.574327 9.323608 42.568520 -0.971477 0.234430 -0.035693 0.883534 0.553648 1 0 1.000000
  0 5.836059 9.719291 42.129013 -0.898345 0.407951 -0.162948 0.878676 0.533680 1 0 1.000000
shackles
  0 5.836059 9.719291 42.129013 -0.898345 0.407951 -0.162948 0.878676 0.533680 1 0 1.000000
  0 5.574327 9.323608 42.568520 -0.971477 0.234430 -0.035693 0.883534 0.553648 1 0 1.000000
  0 5.906182 9.747403 42.937145 -0.640893 0.681050 0.354157 0.863609 0.555535 1 0 1.000000
shackles
  0 5.836059 9.719291 42.129013 -0.898345 0.407951 -0.162948 0.878676 0.533680 1 0 1.000000
  0 5.906182 9.747403 42.937145 -0.640893 0.681050 0.354157 0.863609 0.555535 1 0 1.000000
  0 5.999593 9.935926 42.317944 -0.609096 0.780057 0.143223 0.858828 0.533727 1 0 1.000000
shackles
  0 5.999593 9.935926 42.317944 -0.609096 0.780057 0.143223 0.858828 0.533727 1 0 1.000000
  0 5.906182 9.747403 42.937145 -0.640893 0.681050 0.354157 0.863609 0.555535 1 0 1.000000
  0 6.510584 9.984199 42.930374 0.042697 0.904156 0.425063 0.847229 0.554961 1 0 1.000000
shackles
  0 5.999593 9.935926 42.317944 -0.609096 0.780057 0.143223 0.858828 0.533727 1 0 1.000000
  0 6.510584 9.984199 42.930374 0.042697 0.904156 0.425063 0.847229 0.554961 1 0 1.000000
  0 6.297435 10.053522 42.314022 -0.081484 0.987443 0.135338 0.845264 0.533400 1 0 1.000000
shackles
  0 6.297435 10.053522 42.314022 -0.081484 0.987443 0.135338 0.845264 0.533400 1 0 1.000000
  0 6.510584 9.984199 42.930374 0.042697 0.904156 0.425063 0.847229 0.554961 1 0 1.000000
  0 7.033609 9.896110 42.550018 0.665467 0.740479 0.094041 0.832161 0.553081 1 0 1.000000
shackles
  0 6.297435 10.053522 42.314022 -0.081484 0.987443 0.135338 0.845264 0.533400 1 0 1.000000
  0 7.033609 9.896110 42.550018 0.665467 0.740479 0.094041 0.832161 0.553081 1 0 1.000000
  0 6.555174 10.004089 42.118862 0.374945 0.908059 -0.186666 0.832422 0.532445 1 0 1.000000
shackles
  0 6.555174 10.004089 42.118862 0.374945 0.908059 -0.186666 0.832422 0.532445 1 0 1.000000
  0 7.033609 9.896110 42.550018 0.665467 0.740479 0.094041 0.832161 0.553081 1 0 1.000000
  0 7.169174 9.522887 42.001072 0.841470 0.297139 -0.451261 0.816637 0.550870 1 0 1.000000
shackles
  0 6.555174 10.004089 42.118862 0.374945 0.908059 -0.186666 0.832422 0.532445 1 0 1.000000
  0 7.169174 9.522887 42.001072 0.841470 0.297139 -0.451261 0.816637 0.550870 1 0 1.000000
  0 6.621978 9.812211 41.842461 0.499944 0.597592 -0.626849 0.818870 0.531436 1 0 1.000000
shackles
  0 6.621978 9.812211 41.842461 0.499944 0.597592 -0.626849 0.818870 0.531436 1 0 1.000000
  0 7.169174 9.522887 42.001072 0.841470 0.297139 -0.451261 0.816637 0.550870 1 0 1.000000
  0 6.837317 9.074764 41.606647 0.447632 -0.141215 -0.882997 0.800024 0.549917 2 0 0.539088 1 0.460912
shackles
  0 6.621978 9.812211 41.842461 0.499944 0.597592 -0.626849 0.818870 0.531436 1 0 1.000000
  0 6.837317 9.074764 41.606647 0.447632 -0.141215 -0.882997 0.800024 0.549917 2 0 0.539088 1 0.460912
  0 6.458444 9.588977 41.647148 0.211862 0.230770 -0.949663 0.804187 0.531014 2 0 0.542291 1 0.457709
shackles
  0 6.458444 9.588977 41.647148 0.211862 0.230770 -0.949663 0.804187 0.531014 2 0 0.542291 1 0.457709
  0 6.837317 9.074764 41.606647 0.447632 -0.141215 -0.882997 0.800024 0.549917 2 0 0.539088 1 0.460912
  1 6.232913 8.833109 41.615963 -0.282102 -0.326934 -0.901960 0.782348 0.550711 2 1 0.934661 0 0.065339
shackles
  0 6.458444 9.588977 41.647148 0.211862 0.230770 -0.949663 0.804187 0.531014 2 0 0.542291 1 0.457709
  1 6.232913 8.833109 41.615963 -0.282102 -0.326934 -0.901960 0.782348 0.550711 2 1 0.934661 0 0.065339
  1 6.160601 9.469839 41.651722 -0.343847 0.014304 -0.938917 0.787417 0.531406 2 1 0.755599 0 0.244401
shackles
  21 36.243305 -10.095108 62.216648 0.029187 -0.896630 -0.441817 0.117453 0.899285 2 21 0.581951 22 0.418049
  21 37.316132 -10.208043 62.516712 0.029187 -0.896630 -0.441817 0.125793 0.905849 1 21 1.000000
  21 36.322292 -10.768013 63.241127 0.029187 -0.896630 -0.441817 0.120778 0.920692 2 21 0.631040 22 0.368960
shackles
  21 36.243305 -10.095108 62.216648 0.029187 -0.896630 -0.441817 0.117453 0.899285 2 21 0.581951 22 0.418049
  21 36.914902 -9.870022 61.457878 0.029187 -0.896630 -0.441817 0.128000 0.879306 2 21 0.915342 22 0.084658
  21 37.316132 -10.208043 62.516712 0.029187 -0.896630 -0.441817 0.125793 0.905849 1 21 1.000000
shackles
  0 2.986254 -0.016186 39.107426 0.474642 0.116912 -0.872380 0.076643 0.752717 1 0 1.000000
  0 3.293433 0.277205 39.180759 0.482099 -0.298906 -0.823551 0.096088 0.754274 1 0 1.000000
  0 3.606713 0.035394 39.451916 0.474642 0.116912 -0.872380 0.096342 0.759769 1 0 1.000000
shackles
  0 3.606713 0.035394 39.451916 0.474642 0.116912 -0.872380 0.096342 0.759769 1 0 1.000000
  0 3.299534 -0.260241 39.101276 0.383960 0.512229 -0.768242 0.076815 0.752009 1 0 1.000000
  0 2.986254 -0.016186 39.107426 0.474642 0.116912 -0.872380 0.076643 0.752717 1 0 1.000000
shackles
  0 2.514379 -0.610571 38.830360 0.241030 -0.970096 0.028610 0.906735 0.898461 1 0 1.000000
  0 2.455980 -0.447891 40.974300 0.478983 -0.807948 0.343213 0.904830 0.940266 1 0 1.000000
  0 1.728634 -0.327714 41.495640 -0.208728 -0.977065 0.042158 0.875202 0.950624 1 0 1.000000
shackles
  0 2.514379 -0.610571 38.830360 0.241030 -0.970096 0.028610 0.906735 0.898461 1 0 1.000000
  0 1.728634 -0.327714 41.495640 -0.208728 -0.977065 0.042158 0.875202 0.950624 1 0 1.000000
  0 1.675191 -0.381729 38.641941 -0.160313 -0.986503 0.033349 0.871749 0.895267 1 0 1.000000
shackles
  0 1.675191 -0.381729 38.641941 -0.160313 -0.986503 0.033349 0.871749 0.895267 1 0 1.000000
  0 2.413982 -0.516217 36.546730 0.277801 -0.960148 0.030706 0.901063 0.854402 1 0 1.000000
  0 2.514379 -0.610571 38.830360 0.241030 -0.970096 0.028610 0.906735 0.898461 1 0 1.000000
shackles
  0 1.675191 -0.381729 38.641941 -0.160313 -0.986503 0.033349 0.871749 0.895267 1 0 1.000000
  0 1.617405 -0.598101 35.247532 -0.111495 -0.993464 0.024455 0.868519 0.829161 1 0 1.000000
  0 2.413982 -0.516217 36.546730 0.277801 -0.960148 0.030706 0.901063 0.854402 1 0 1.000000
shackles
  0 1.728634 -0.327714 41.495640 0.359672 -0.687640 0.630704 0.875202 0.950624 1 0 1.000000
  0 2.455980 -0.447891 40.974300 0.478983 -0.807948 0.343213 0.904830 0.940266 1 0 1.000000
  0 3.247817 0.564806 40.935783 0.830606 -0.435022 0.347634 0.932542 0.941192 1 0 1.000000
shackles
  0 3.247817 0.564806 40.935783 0.830606 -0.435022 0.347634 0.932542 0.941192 1 0 1.000000
  0 3.069311 1.209489 42.459217 0.381782 -0.689521 0.615470 0.936747 0.971531 1 0 1.000000
  0 1.728634 -0.327714 41.495640 0.359672 -0.687640 0.630704 0.875202 0.950624 1 0 1.000000
shackles
  0 3.069311 1.942656 43.074936 0.277863 -0.617782 0.735620 0.935424 0.984680 1 0 1.000000
  0 -0.176043 0.816042 43.354649 -0.000267 -0.708588 0.705622 0.794280 0.987669 1 0 1.000000
  0 3.069311 1.209489 42.459217 0.381782 -0.689521 0.615470 0.936747 0.971531 1 0 1.000000
shackles
  0 3.069311 1.209489 42.459217 0.381782 -0.689521 0.615470 0.936747 0.971531 1 0 1.000000
  0 -0.176043 0.816042 43.354649 -0.000267 -0.708588 0.705622 0.794280 0.987669 1 0 1.000000
  0 1.728634 -0.327714 41.495640 0.359672 -0.687640 0.630704 0.875202 0.950624 1 0 1.000000
shackles
  0 1.728634 -0.327714 41.495640 0.359672 -0.687640 0.630704 0.875202 0.950624 1 0 1.000000
  0 -0.176043 0.816042 43.354649 -0.000267 -0.708588 0.705622 0.794280 0.987669 1 0 1.000000
  0 -1.828166 -0.395409 41.526218 -0.319305 -0.857144 0.404165 0.731739 0.951373 1 0 1.000000
shackles
  0 2.926616 1.741216 35.981667 0.922043 0.221573 -0.317400 0.957831 0.846311 1 0 1.000000
  0 3.417770 0.442900 38.669460 0.986533 -0.163160 -0.011442 0.938718 0.897078 1 0 1.000000
  0 3.177787 0.420419 36.366299 0.920455 -0.337326 -0.197416 0.927886 0.852451 1 0 1.000000
shackles
  0 2.926616 1.741216 35.981667 0.922043 0.221573 -0.317400 0.957831 0.846311 1 0 1.000000
  0 3.196739 1.468245 38.357002 0.989485 0.140909 -0.032616 0.971166 0.891827 1 0 1.000000
  0 3.417770 0.442900 38.669460 0.986533 -0.163160 -0.011442 0.938718 0.897078 1 0 1.000000
shackles
  0 3.247817 0.564806 40.935783 0.830606 -0.435022 0.347634 0.932542 0.941192 1 0 1.000000
  0 3.417770 0.442900 38.669460 0.986533 -0.163160 -0.011442 0.938718 0.897078 1 0 1.000000
  0 3.196739 1.468245 38.357002 0.989485 0.140909 -0.032616 0.971166 0.891827 1 0 1.000000
shackles
  0 3.247817 0.564806 40.935783 0.830606 -0.435022 0.347634 0.932542 0.941192 1 0 1.000000
  0 3.196739 1.468245 38.357002 0.989485 0.140909 -0.032616 0.971166 0.891827 1 0 1.000000
  0 3.069311 1.942656 43.074936 0.992165 0.117392 0.042741 0.935424 0.984680 1 0 1.000000
shackles
  0 3.247817 0.564806 40.935783 0.830606 -0.435022 0.347634 0.932542 0.941192 1 0 1.000000
  0 3.069311 1.942656 43.074936 0.992165 0.117392 0.042741 0.935424 0.984680 1 0 1.000000
  0 3.069311 1.209489 42.459217 0.992165 0.117392 0.042741 0.936747 0.971531 1 0 1.000000
shackles
  0 -3.291384 1.942654 43.074936 -0.288512 -0.615760 0.733212 0.625094 0.986293 1 0 1.000000
  0 -3.291384 1.209488 42.459217 -0.655717 -0.576317 0.487744 0.649658 0.972653 1 0 1.000000
  0 -0.176043 0.816042 43.354649 -0.000267 -0.708588 0.705622 0.794280 0.987669 1 0 1.000000
shackles
  0 -1.828166 -0.395409 41.526218 -0.319305 -0.857144 0.404165 0.731739 0.951373 1 0 1.000000
  0 -0.176043 0.816042 43.354649 -0.000267 -0.708588 0.705622 0.794280 0.987669 1 0 1.000000
  0 -3.291384 1.209488 42.459217 -0.655717 -0.576317 0.487744 0.649658 0.972653 1 0 1.000000
shackles
  0 -3.319036 -0.056472 38.535351 -0.878731 -0.476385 -0.029819 0.668455 0.894142 1 0 1.000000
  0 -1.828166 -0.395409 41.526218 -0.319305 -0.857144 0.404165 0.731739 0.951373 1 0 1.000000
  0 -3.291384 1.209488 42.459217 -0.655717 -0.576317 0.487744 0.649658 0.972653 1 0 1.000000
shackles
  0 -3.319036 -0.056472 38.535351 -0.878731 -0.476385 -0.029819 0.668455 0.894142 1 0 1.000000
  0 -1.839477 -0.598101 35.247532 -0.674391 -0.675780 -0.297520 0.728793 0.829425 1 0 1.000000
  0 -1.828166 -0.395409 41.526218 -0.319305 -0.857144 0.404165 0.731739 0.951373 1 0 1.000000
shackles
  0 -3.319036 -0.056472 38.535351 -0.878731 -0.476385 -0.029819 0.668455 0.894142 1 0 1.000000
  0 -2.972282 1.148944 35.510353 -0.916717 -0.133628 -0.376527 0.675772 0.837591 1 0 1.000000
  0 -1.839477 -0.598101 35.247532 -0.674391 -0.675780 -0.297520 0.728793 0.829425 1 0 1.000000
shackles
  0 -2.972282 1.148944 35.510353 -0.916717 -0.133628 -0.376527 0.675772 0.837591 1 0 1.000000
  0 -1.408065 1.589141 33.119560 -0.624912 0.107017 -0.773326 0.733805 0.769617 1 0 1.000000
  0 -1.839477 -0.598101 35.247532 -0.674391 -0.675780 -0.297520 0.728793 0.829425 1 0 1.000000
shackles
  0 -2.972282 1.148944 35.510353 -0.916717 -0.133628 -0.376527 0.675772 0.837591 1 0 1.000000
  0 -1.229936 3.746242 33.998737 -0.469081 0.383554 -0.795518 0.696061 0.754253 2 0 0.700000 6 0.300000
  0 -1.408065 1.589141 33.119560 -0.624912 0.107017 -0.773326 0.733805 0.769617 1 0 1.000000
shackles
  0 -1.229936 3.746242 33.998737 -0.469081 0.383554 -0.795518 0.696061 0.754253 2 0 0.700000 6 0.300000
  0 1.185992 1.589140 33.119560 0.568986 0.058884 -0.820236 0.849923 0.769180 1 0 1.000000
  0 -1.408065 1.589141 33.119560 -0.624912 0.107017 -0.773326 0.733805 0.769617 1 0 1.000000
shackles
  0 -1.229936 3.746242 33.998737 -0.469081 0.383554 -0.795518 0.696061 0.754253 2 0 0.700000 6 0.300000
  0 1.185993 3.806973 33.985569 0.460353 0.356305 -0.813094 0.890096 0.754123 1 0 1.000000
  0 1.185992 1.589140 33.119560 0.568986 0.058884 -0.820236 0.849923 0.769180 1 0 1.000000
shackles
  0 1.185992 1.589140 33.119560 0.568986 0.058884 -0.820236 0.849923 0.769180 1 0 1.000000
  0 1.185993 3.806973 33.985569 0.460353 0.356305 -0.813094 0.890096 0.754123 1 0 1.000000
  0 2.926616 1.741216 35.981667 0.922043 0.221573 -0.317400 0.957831 0.846311 1 0 1.000000
shackles
  0 1.185992 1.589140 33.119560 0.568986 0.058884 -0.820236 0.849923 0.769180 1 0 1.000000
  0 2.926616 1.741216 35.981667 0.922043 0.221573 -0.317400 0.957831 0.846311 1 0 1.000000
  0 2.926617 1.004863 35.296028 0.866518 -0.177835 -0.466391 0.914697 0.832742 1 0 1.000000
shackles
  0 2.926616 1.741216 35.981667 0.922043 0.221573 -0.317400 0.957831 0.846311 1 0 1.000000
  0 3.177787 0.420419 36.366299 0.920455 -0.337326 -0.197416 0.927886 0.852451 1 0 1.000000
  0 2.926617 1.004863 35.296028 0.866518 -0.177835 -0.466391 0.914697 0.832742 1 0 1.000000
shackles
  0 2.926617 1.004863 35.296028 0.866518 -0.177835 -0.466391 0.914697 0.832742 1 0 1.000000
  0 3.177787 0.420419 36.366299 0.920455 -0.337326 -0.197416 0.927886 0.852451 1 0 1.000000
  0 2.413982 -0.516217 36.546730 0.688883 -0.584585 -0.428604 0.901063 0.854402 1 0 1.000000
shackles
  0 2.926617 1.004863 35.296028 0.866518 -0.177835 -0.466391 0.914697 0.832742 1 0 1.000000
  0 2.413982 -0.516217 36.546730 0.688883 -0.584585 -0.428604 0.901063 0.854402 1 0 1.000000
  0 1.617405 -0.598101 35.247532 0.656547 -0.537802 -0.528881 0.868519 0.829161 1 0 1.000000
shackles
  0 2.926617 1.004863 35.296028 0.866518 -0.177835 -0.466391 0.914697 0.832742 1 0 1.000000
  0 1.617405 -0.598101 35.247532 0.656547 -0.537802 -0.528881 0.868519 0.829161 1 0 1.000000
  0 1.185992 1.589140 33.119560 0.568986 0.058884 -0.820236 0.849923 0.769180 1 0 1.000000
shackles
  0 -2.972282 1.148944 35.510353 -0.916717 -0.133628 -0.376527 0.675772 0.837591 1 0 1.000000
  0 -2.926616 1.741216 35.981667 -0.938561 0.199880 -0.281339 0.636909 0.848543 1 0 1.000000
  0 -1.229936 3.746242 33.998737 -0.469081 0.383554 -0.795518 0.696061 0.754253 2 0 0.700000 6 0.300000
shackles
  0 -3.319036 -0.056472 38.535351 -0.878731 -0.476385 -0.029819 0.668455 0.894142 1 0 1.000000
  0 -2.926616 1.741216 35.981667 -0.938561 0.199880 -0.281339 0.636909 0.848543 1 0 1.000000
  0 -2.972282 1.148944 35.510353 -0.916717 -0.133628 -0.376527 0.675772 0.837591 1 0 1.000000
shackles
  0 -3.319036 -0.056472 38.535351 -0.878731 -0.476385 -0.029819 0.668455 0.894142 1 0 1.000000
  0 -3.196739 1.468244 38.357002 -0.995766 0.074431 -0.053937 0.628408 0.894100 1 0 1.000000
  0 -2.926616 1.741216 35.981667 -0.938561 0.199880 -0.281339 0.636909 0.848543 1 0 1.000000
shackles
  0 -3.291384 1.942654 43.074936 -0.998139 0.057818 -0.019382 0.625094 0.986293 1 0 1.000000
  0 -3.196739 1.468244 38.357002 -0.995766 0.074431 -0.053937 0.628408 0.894100 1 0 1.000000
  0 -3.319036 -0.056472 38.535351 -0.878731 -0.476385 -0.029819 0.668455 0.894142 1 0 1.000000
shackles
  0 -3.291384 1.942654 43.074936 -0.998139 0.057818 -0.019382 0.625094 0.986293 1 0 1.000000
  0 -3.319036 -0.056472 38.535351 -0.878731 -0.476385 -0.029819 0.668455 0.894142 1 0 1.000000
  0 -3.291384 1.209488 42.459217 -0.655717 -0.576317 0.487744 0.649658 0.972653 1 0 1.000000
shackles
  0 3.177787 0.420419 36.366299 -0.334905 0.093863 -0.937565 0.097947 0.691593 1 0 1.000000
  0 3.049502 -0.851333 36.250732 -0.334905 0.093863 -0.937565 0.048240 0.688016 1 0 1.000000
  0 2.413982 -0.516217 36.546730 -0.334905 0.093863 -0.937565 0.042101 0.695650 1 0 1.000000
shackles
  0 3.177787 0.420419 36.366299 -0.334905 0.093863 -0.937565 0.097947 0.691593 1 0 1.000000
  0 3.646892 -0.705448 36.130581 -0.334905 0.093863 -0.937565 0.070688 0.684788 1 0 1.000000
  0 3.049502 -0.851333 36.250732 -0.334905 0.093863 -0.937565 0.048240 0.688016 1 0 1.000000
shackles
  0 3.177787 0.420419 36.366299 -0.334905 0.093863 -0.937565 0.097947 0.691593 1 0 1.000000
  0 3.644825 -0.114110 36.112591 -0.334905 0.093863 -0.937565 0.092027 0.684916 1 0 1.000000
  0 3.646892 -0.705448 36.130581 -0.334905 0.093863 -0.937565 0.070688 0.684788 1 0 1.000000
shackles
  0 3.596762 0.015121 40.333115 0.021049 -0.017045 0.999633 0.095322 0.779468 1 0 1.000000
  0 2.778348 -0.374060 40.343712 0.021049 -0.017045 0.999633 0.057718 0.780278 1 0 1.000000
  0 3.091629 -0.618115 40.332294 0.021049 -0.017045 0.999633 0.057890 0.779452 1 0 1.000000
shackles
  0 3.596762 0.015121 40.333115 0.021049 -0.017045 0.999633 0.095322 0.779468 1 0 1.000000
  0 3.283482 0.259175 40.343216 0.021049 -0.017045 0.999633 0.095150 0.780265 1 0 1.000000
  0 2.778348 -0.374060 40.343712 0.021049 -0.017045 0.999633 0.057718 0.780278 1 0 1.000000
shackles
  0 6.555038 9.114852 43.294895 -0.056281 0.995461 -0.076743 0.516880 0.960064 1 0 1.000000
  0 5.363485 9.249276 45.912418 -0.056281 0.995461 -0.076743 0.583576 0.876542 1 0 1.000000
  0 6.257764 9.317935 45.979519 -0.056281 0.995461 -0.076743 0.531780 0.900215 1 0 1.000000
shackles
  0 6.555038 9.114852 43.294895 -0.056281 0.995461 -0.076743 0.516880 0.960064 1 0 1.000000
  0 5.663965 9.042864 42.846935 -0.056281 0.995461 -0.076743 0.558966 0.982758 1 0 1.000000
  0 5.363485 9.249276 45.912418 -0.056281 0.995461 -0.076743 0.583576 0.876542 1 0 1.000000
shackles
  0 7.217416 7.278041 43.035179 0.970000 0.076157 0.230867 0.433340 0.967114 1 0 1.000000
  0 6.555038 9.114852 43.294895 0.965167 0.180017 0.189859 0.516880 0.960064 1 0 1.000000
  0 6.257764 9.317935 45.979519 0.965167 0.180017 0.189859 0.531780 0.900215 1 0 1.000000
shackles
  0 7.217416 7.278041 43.035179 0.970000 0.076157 0.230867 0.433340 0.967114 1 0 1.000000
  0 6.257764 9.317935 45.979519 0.965167 0.180017 0.189859 0.531780 0.900215 1 0 1.000000
  0 6.285509 7.458747 46.235325 0.970000 0.076157 0.230867 0.449747 0.892484 1 0 1.000000
shackles
  0 6.285509 7.458747 46.235325 0.970000 0.076157 0.230867 0.449747 0.892484 1 0 1.000000
  0 7.155629 5.105959 42.870556 0.962716 -0.028654 0.268992 0.336828 0.967649 1 0 1.000000
  0 7.217416 7.278041 43.035179 0.970000 0.076157 0.230867 0.433340 0.967114 1 0 1.000000
shackles
  0 6.285509 7.458747 46.235325 0.970000 0.076157 0.230867 0.449747 0.892484 1 0 1.000000
  0 6.485995 5.668262 45.481441 0.962716 -0.028654 0.268992 0.368400 0.907782 1 0 1.000000
  0 7.155629 5.105959 42.870556 0.962716 -0.028654 0.268992 0.336828 0.967649 1 0 1.000000
shackles
  0 7.217416 7.278041 43.035179 0.363967 0.136348 -0.921378 0.433340 0.967114 1 0 1.000000
  0 5.663965 9.042864 42.846935 0.366166 0.226027 -0.902682 0.558966 0.982758 1 0 1.000000
  0 6.555038 9.114852 43.294895 0.366166 0.226027 -0.902682 0.516880 0.960064 1 0 1.000000
shackles
  0 7.217416 7.278041 43.035179 0.363967 0.136348 -0.921378 0.433340 0.967114 1 0 1.000000
  0 5.911180 6.901149 42.479416 0.363967 0.136348 -0.921378 0.408906 0.993213 2 0 0.829564 11 0.170436
  0 5.663965 9.042864 42.846935 0.366166 0.226027 -0.902682 0.558966 0.982758 1 0 1.000000
shackles
  0 7.155629 5.105959 42.870556 0.358711 0.045525 -0.932338 0.336828 0.967649 1 0 1.000000
  0 5.911180 6.901149 42.479416 0.363967 0.136348 -0.921378 0.408906 0.993213 2 0 0.829564 11 0.170436
  0 7.217416 7.278041 43.035179 0.363967 0.136348 -0.921378 0.433340 0.967114 1 0 1.000000
shackles
  0 7.155629 5.105959 42.870556 0.358711 0.045525 -0.932338 0.336828 0.967649 1 0 1.000000
  0 5.902399 5.033971 42.419659 0.358711 0.045525 -0.932338 0.279693 0.991540 1 0 1.000000
  0 5.911180 6.901149 42.479416 0.363967 0.136348 -0.921378 0.408906 0.993213 2 0 0.829564 11 0.170436
shackles
  0 -1.832665 -0.968754 34.936249 -0.997913 0.031206 -0.056521 0.742686 0.822504 1 0 1.000000
  0 -1.408065 1.589141 33.119560 -0.989913 0.082542 -0.115145 0.733805 0.769617 1 0 1.000000
  0 -1.401253 1.230210 32.790710 -0.989913 0.082542 -0.115145 0.739206 0.779517 1 0 1.000000
shackles
  0 -1.832665 -0.968754 34.936249 -0.997913 0.031206 -0.056521 0.742686 0.822504 1 0 1.000000
  0 -1.839477 -0.598101 35.247532 -0.997913 0.031206 -0.056521 0.728793 0.829425 1 0 1.000000
  0 -1.408065 1.589141 33.119560 -0.989913 0.082542 -0.115145 0.733805 0.769617 1 0 1.000000
shackles
  0 -1.839477 -0.598101 35.247532 -0.997913 0.031206 -0.056521 0.728793 0.829425 1 0 1.000000
  0 -1.832665 -0.968754 34.936249 -0.997913 0.031206 -0.056521 0.742686 0.822504 1 0 1.000000
  0 -1.821353 -0.769579 41.219765 -0.999790 -0.020321 0.002451 0.743425 0.944586 1 0 1.000000
shackles
  0 -1.839477 -0.598101 35.247532 -0.997913 0.031206 -0.056521 0.728793 0.829425 1 0 1.000000
  0 -1.821353 -0.769579 41.219765 -0.999790 -0.020321 0.002451 0.743425 0.944586 1 0 1.000000
  0 -1.828166 -0.395409 41.526218 -0.999790 -0.020321 0.002451 0.731739 0.951373 1 0 1.000000
shackles
  0 3.238339 -0.342115 39.467758 0.604011 -0.257687 -0.754167 0.512200 0.234079 1 0 1.000000
  0 3.392794 -0.189959 39.560364 0.609693 -0.144567 -0.779342 0.514454 0.244619 1 0 1.000000
  0 4.520776 0.462315 40.321808 0.332259 0.285610 -0.898905 0.514678 0.324710 1 0 1.000000
shackles
  0 4.373261 0.181411 40.989243 -0.368106 -0.342948 0.864225 0.482004 0.328265 1 0 1.000000
  1 4.984698 1.635992 41.638096 -0.783927 0.028746 0.620187 0.475353 0.406360 2 1 0.536438 0 0.463562
  0 4.213348 0.392418 40.921608 -0.743730 0.176761 0.644687 0.474277 0.328690 1 0 1.000000
shackles
  0 4.373261 0.181411 40.989243 -0.368106 -0.342948 0.864225 0.482004 0.328265 1 0 1.000000
  1 5.234052 1.469216 41.761978 -0.204481 -0.398135 0.894246 0.483369 0.407058 2 1 0.535393 0 0.464607
  1 4.984698 1.635992 41.638096 -0.783927 0.028746 0.620187 0.475353 0.406360 2 1 0.536438 0 0.463562
shackles
  1 5.234052 1.469216 41.761978 -0.204481 -0.398135 0.894246 0.483369 0.407058 2 1 0.535393 0 0.464607
  0 5.522128 3.239202 42.487293 -0.809869 -0.098312 0.578314 0.474669 0.491462 1 0 1.000000
  1 4.984698 1.635992 41.638096 -0.783927 0.028746 0.620187 0.475353 0.406360 2 1 0.536438 0 0.463562
shackles
  1 5.234052 1.469216 41.761978 -0.204481 -0.398135 0.894246 0.483369 0.407058 2 1 0.535393 0 0.464607
  0 5.788190 3.125640 42.625782 -0.188057 -0.422579 0.886601 0.482761 0.492554 1 0 1.000000
  0 5.522128 3.239202 42.487293 -0.809869 -0.098312 0.578314 0.474669 0.491462 1 0 1.000000
shackles
  1 5.524208 1.383724 41.650883 0.492166 -0.599275 0.631381 0.491282 0.406944 2 1 0.538338 0 0.461662
  0 5.788190 3.125640 42.625782 -0.188057 -0.422579 0.886601 0.482761 0.492554 1 0 1.000000
  1 5.234052 1.469216 41.761978 -0.204481 -0.398135 0.894246 0.483369 0.407058 2 1 0.535393 0 0.464607
shackles
  1 5.524208 1.383724 41.650883 0.492166 -0.599275 0.631381 0.491282 0.406944 2 1 0.538338 0 0.461662
  0 6.092757 3.085644 42.534100 0.542408 -0.499380 0.675583 0.490876 0.492202 1 0 1.000000
  0 5.788190 3.125640 42.625782 -0.188057 -0.422579 0.886601 0.482761 0.492554 1 0 1.000000
shackles
  1 5.685138 1.429731 41.366879 0.888434 -0.459004 -0.000257 0.499595 0.406037 2 1 0.543460 0 0.456540
  0 6.092757 3.085644 42.534100 0.542408 -0.499380 0.675583 0.490876 0.492202 1 0 1.000000
  1 5.524208 1.383724 41.650883 0.492166 -0.599275 0.631381 0.491282 0.406944 2 1 0.538338 0 0.461662
shackles
  1 5.685138 1.429731 41.366879 0.888434 -0.459004 -0.000257 0.499595 0.406037 2 1 0.543460 0 0.456540
  0 6.257351 3.142751 42.264595 0.955843 -0.285329 0.070371 0.498985 0.490590 1 0 1.000000
  0 6.092757 3.085644 42.534100 0.542408 -0.499380 0.675583 0.490876 0.492202 1 0 1.000000
shackles
  1 5.622799 1.580137 41.070129 0.773082 -0.066509 -0.630809 0.508229 0.404756 2 1 0.548298 0 0.451702
  0 6.257351 3.142751 42.264595 0.955843 -0.285329 0.070371 0.498985 0.490590 1 0 1.000000
  1 5.685138 1.429731 41.366879 0.888434 -0.459004 -0.000257 0.499595 0.406037 2 1 0.543460 0 0.456540
shackles
  0 4.680689 0.251308 40.395210 0.664349 -0.246287 -0.705679 0.506960 0.326912 1 0 1.000000
  1 5.622799 1.580137 41.070129 0.773082 -0.066509 -0.630809 0.508229 0.404756 2 1 0.548298 0 0.451702
  1 5.685138 1.429731 41.366879 0.888434 -0.459004 -0.000257 0.499595 0.406037 2 1 0.543460 0 0.456540
shackles
  0 4.520776 0.462315 40.321808 0.332259 0.285610 -0.898905 0.514678 0.324710 1 0 1.000000
  1 5.622799 1.580137 41.070129 0.773082 -0.066509 -0.630809 0.508229 0.404756 2 1 0.548298 0 0.451702
  0 4.680689 0.251308 40.395210 0.664349 -0.246287 -0.705679 0.506960 0.326912 1 0 1.000000
shackles
  0 4.520776 0.462315 40.321808 0.332259 0.285610 -0.898905 0.514678 0.324710 1 0 1.000000
  0 4.680689 0.251308 40.395210 0.664349 -0.246287 -0.705679 0.506960 0.326912 1 0 1.000000
  0 3.238339 -0.342115 39.467758 0.604011 -0.257687 -0.754167 0.512200 0.234079 1 0 1.000000
shackles
  0 3.106456 -0.502517 39.572330 0.486291 -0.835666 -0.255312 0.506670 0.228205 1 0 1.000000
  0 3.238339 -0.342115 39.467758 0.604011 -0.257687 -0.754167 0.512200 0.234079 1 0 1.000000
  0 4.680689 0.251308 40.395210 0.664349 -0.246287 -0.705679 0.506960 0.326912 1 0 1.000000
shackles
  1 4.984698 1.635992 41.638096 -0.783927 0.028746 0.620187 0.475353 0.406360 2 1 0.536438 0 0.463562
  0 5.450572 3.359859 42.194962 -0.956079 0.285891 -0.064650 0.466506 0.489477 1 0 1.000000
  1 4.922359 1.786399 41.345314 -0.905484 0.424274 -0.009468 0.466851 0.405149 2 1 0.541569 0 0.458431
shackles
  0 4.213348 0.392418 40.921608 -0.743730 0.176761 0.644687 0.474277 0.328690 1 0 1.000000
  1 4.984698 1.635992 41.638096 -0.783927 0.028746 0.620187 0.475353 0.406360 2 1 0.536438 0 0.463562
  1 4.922359 1.786399 41.345314 -0.905484 0.424274 -0.009468 0.466851 0.405149 2 1 0.541569 0 0.458431
shackles
  0 4.213348 0.392418 40.921608 -0.743730 0.176761 0.644687 0.474277 0.328690 1 0 1.000000
  1 4.922359 1.786399 41.345314 -0.905484 0.424274 -0.009468 0.466851 0.405149 2 1 0.541569 0 0.458431
  0 4.190404 0.562069 40.698402 -0.778852 0.623586 0.067300 0.465925 0.327657 1 0 1.000000
shackles
  0 3.359112 -0.170567 40.019650 -0.680672 0.724744 0.106914 0.469750 0.255797 1 0 1.000000
  0 4.213348 0.392418 40.921608 -0.743730 0.176761 0.644687 0.474277 0.328690 1 0 1.000000
  0 4.190404 0.562069 40.698402 -0.778852 0.623586 0.067300 0.465925 0.327657 1 0 1.000000
shackles
  0 3.359112 -0.170567 40.019650 -0.680672 0.724744 0.106914 0.469750 0.255797 1 0 1.000000
  0 3.208962 -0.322826 40.117107 -0.691090 0.197523 0.695255 0.476806 0.249809 1 0 1.000000
  0 4.213348 0.392418 40.921608 -0.743730 0.176761 0.644687 0.474277 0.328690 1 0 1.000000
shackles
  0 4.373261 0.181411 40.989243 -0.368106 -0.342948 0.864225 0.482004 0.328265 1 0 1.000000
  0 4.213348 0.392418 40.921608 -0.743730 0.176761 0.644687 0.474277 0.328690 1 0 1.000000
  0 3.208962 -0.322826 40.117107 -0.691090 0.197523 0.695255 0.476806 0.249809 1 0 1.000000
shackles
  0 3.208962 -0.322826 40.117107 -0.691090 0.197523 0.695255 0.476806 0.249809 1 0 1.000000
  0 3.072775 -0.483125 40.027210 -0.622393 0.092927 0.777169 0.479268 0.239267 1 0 1.000000
  0 4.373261 0.181411 40.989243 -0.368106 -0.342948 0.864225 0.482004 0.328265 1 0 1.000000
shackles
  0 3.435309 -0.115472 39.789066 -0.562355 0.815058 -0.139420 0.518959 0.253651 1 0 1.000000
  0 3.359112 -0.170567 40.019650 -0.680672 0.724744 0.106914 0.534792 0.255797 1 0 1.000000
  0 4.190404 0.562069 40.698402 -0.778852 0.623586 0.067300 0.531275 0.327657 1 0 1.000000
shackles
  0 3.435309 -0.115472 39.789066 -0.562355 0.815058 -0.139420 0.518959 0.253651 1 0 1.000000
  0 4.190404 0.562069 40.698402 -0.778852 0.623586 0.067300 0.531275 0.327657 1 0 1.000000
  0 4.317684 0.591100 40.448242 -0.442001 0.767867 -0.463697 0.522601 0.324717 1 0 1.000000
shackles
  0 3.392794 -0.189959 39.560364 -0.269705 0.844771 -0.462192 0.514454 0.244619 1 0 1.000000
  0 3.435309 -0.115472 39.789066 -0.562355 0.815058 -0.139420 0.518959 0.253651 1 0 1.000000
  0 4.317684 0.591100 40.448242 -0.442001 0.767867 -0.463697 0.522601 0.324717 1 0 1.000000
shackles
  0 4.317684 0.591100 40.448242 -0.442001 0.767867 -0.463697 0.522601 0.324717 1 0 1.000000
  0 4.520776 0.462315 40.321808 0.332259 0.285610 -0.898905 0.514678 0.324710 1 0 1.000000
  0 3.392794 -0.189959 39.560364 -0.269705 0.844771 -0.462192 0.514454 0.244619 1 0 1.000000
shackles
  0 4.317684 0.591100 40.448242 -0.442001 0.767867 -0.463697 0.522601 0.324717 1 0 1.000000
  1 5.373446 1.746913 40.937317 0.190664 0.370379 -0.909102 0.516323 0.403901 2 1 0.550224 0 0.449776
  0 4.520776 0.462315 40.321808 0.332259 0.285610 -0.898905 0.514678 0.324710 1 0 1.000000
shackles
  0 4.520776 0.462315 40.321808 0.332259 0.285610 -0.898905 0.514678 0.324710 1 0 1.000000
  1 5.373446 1.746913 40.937317 0.190664 0.370379 -0.909102 0.516323 0.403901 2 1 0.550224 0 0.449776
  1 5.622799 1.580137 41.070129 0.773082 -0.066509 -0.630809 0.508229 0.404756 2 1 0.548298 0 0.451702
shackles
  1 5.373446 1.746913 40.937317 0.190664 0.370379 -0.909102 0.516323 0.403901 2 1 0.550224 0 0.449776
  0 6.185797 3.263408 41.968681 0.815265 0.095862 -0.571098 0.507285 0.488536 1 0 1.000000
  1 5.622799 1.580137 41.070129 0.773082 -0.066509 -0.630809 0.508229 0.404756 2 1 0.548298 0 0.451702
shackles
  1 5.622799 1.580137 41.070129 0.773082 -0.066509 -0.630809 0.508229 0.404756 2 1 0.548298 0 0.451702
  0 6.185797 3.263408 41.968681 0.815265 0.095862 -0.571098 0.507285 0.488536 1 0 1.000000
  0 6.257351 3.142751 42.264595 0.955843 -0.285329 0.070371 0.498985 0.490590 1 0 1.000000
shackles
  0 6.185797 3.263408 41.968681 0.815265 0.095862 -0.571098 0.507285 0.488536 1 0 1.000000
  0 6.729141 5.655780 43.620304 0.969045 -0.230073 0.089549 0.499158 0.612555 1 0 1.000000
  0 6.257351 3.142751 42.264595 0.955843 -0.285329 0.070371 0.498985 0.490590 1 0 1.000000
shackles
  0 6.257351 3.142751 42.264595 0.955843 -0.285329 0.070371 0.498985 0.490590 1 0 1.000000
  0 6.729141 5.655780 43.620304 0.969045 -0.230073 0.089549 0.499158 0.612555 1 0 1.000000
  0 6.562202 5.585192 43.884052 0.552997 -0.474338 0.684980 0.490933 0.614074 1 0 1.000000
shackles
  0 6.257351 3.142751 42.264595 0.955843 -0.285329 0.070371 0.498985 0.490590 1 0 1.000000
  0 6.562202 5.585192 43.884052 0.552997 -0.474338 0.684980 0.490933 0.614074 1 0 1.000000
  0 6.092757 3.085644 42.534100 0.542408 -0.499380 0.675583 0.490876 0.492202 1 0 1.000000
shackles
  0 6.092757 3.085644 42.534100 0.542408 -0.499380 0.675583 0.490876 0.492202 1 0 1.000000
  0 6.562202 5.585192 43.884052 0.552997 -0.474338 0.684980 0.490933 0.614074 1 0 1.000000
  0 6.252218 5.592174 43.964458 -0.181674 -0.442370 0.878239 0.482651 0.613780 1 0 1.000000
shackles
  0 6.092757 3.085644 42.534100 0.542408 -0.499380 0.675583 0.490876 0.492202 1 0 1.000000
  0 6.252218 5.592174 43.964458 -0.181674 -0.442370 0.878239 0.482651 0.613780 1 0 1.000000
  0 5.788190 3.125640 42.625782 -0.188057 -0.422579 0.886601 0.482761 0.492554 1 0 1.000000
shackles
  0 5.788190 3.125640 42.625782 -0.188057 -0.422579 0.886601 0.482761 0.492554 1 0 1.000000
  0 6.252218 5.592174 43.964458 -0.181674 -0.442370 0.878239 0.482651 0.613780 1 0 1.000000
  0 5.980839 5.672539 43.814678 -0.813276 -0.152616 0.561508 0.474600 0.611847 1 0 1.000000
shackles
  0 5.788190 3.125640 42.625782 -0.188057 -0.422579 0.886601 0.482761 0.492554 1 0 1.000000
  0 5.980839 5.672539 43.814678 -0.813276 -0.152616 0.561508 0.474600 0.611847 1 0 1.000000
  0 5.522128 3.239202 42.487293 -0.809869 -0.098312 0.578314 0.474669 0.491462 1 0 1.000000
shackles
  0 5.522128 3.239202 42.487293 -0.809869 -0.098312 0.578314 0.474669 0.491462 1 0 1.000000
  0 5.980839 5.672539 43.814678 -0.813276 -0.152616 0.561508 0.474600 0.611847 1 0 1.000000
  0 5.907186 5.779274 43.522217 -0.969326 0.230383 -0.085619 0.466701 0.609405 1 0 1.000000
shackles
  0 5.522128 3.239202 42.487293 -0.809869 -0.098312 0.578314 0.474669 0.491462 1 0 1.000000
  0 5.907186 5.779274 43.522217 -0.969326 0.230383 -0.085619 0.466701 0.609405 1 0 1.000000
  0 5.450572 3.359859 42.194962 -0.956079 0.285891 -0.064650 0.466506 0.489477 1 0 1.000000
shackles
  1 4.984698 1.635992 41.638096 -0.783927 0.028746 0.620187 0.475353 0.406360 2 1 0.536438 0 0.463562
  0 5.522128 3.239202 42.487293 -0.809869 -0.098312 0.578314 0.474669 0.491462 1 0 1.000000
  0 5.450572 3.359859 42.194962 -0.956079 0.285891 -0.064650 0.466506 0.489477 1 0 1.000000
shackles
  0 5.450572 3.359859 42.194962 -0.956079 0.285891 -0.064650 0.531997 0.489477 1 0 1.000000
  0 5.907186 5.779274 43.522217 -0.969326 0.230383 -0.085619 0.531585 0.609405 1 0 1.000000
  0 6.074126 5.849863 43.258465 -0.555632 0.478965 -0.679607 0.523539 0.607885 1 0 1.000000
shackles
  0 5.450572 3.359859 42.194962 -0.956079 0.285891 -0.064650 0.531997 0.489477 1 0 1.000000
  0 6.074126 5.849863 43.258465 -0.555632 0.478965 -0.679607 0.523539 0.607885 1 0 1.000000
  0 5.615168 3.416968 41.916576 -0.545396 0.507249 -0.667264 0.523682 0.487694 1 0 1.000000
shackles
  1 4.922359 1.786399 41.345314 -0.905484 0.424274 -0.009468 0.532731 0.405149 2 1 0.541569 0 0.458431
  0 5.450572 3.359859 42.194962 -0.956079 0.285891 -0.064650 0.531997 0.489477 1 0 1.000000
  0 5.615168 3.416968 41.916576 -0.545396 0.507249 -0.667264 0.523682 0.487694 1 0 1.000000
shackles
  1 4.922359 1.786399 41.345314 -0.905484 0.424274 -0.009468 0.532731 0.405149 2 1 0.541569 0 0.458431
  0 5.615168 3.416968 41.916576 -0.545396 0.507249 -0.667264 0.523682 0.487694 1 0 1.000000
  1 5.083291 1.832406 41.052372 -0.516610 0.572219 -0.636930 0.524227 0.404084 2 1 0.547580 0 0.452420
shackles
  0 4.190404 0.562069 40.698402 -0.778852 0.623586 0.067300 0.531275 0.327657 1 0 1.000000
  1 4.922359 1.786399 41.345314 -0.905484 0.424274 -0.009468 0.532731 0.405149 2 1 0.541569 0 0.458431
  1 5.083291 1.832406 41.052372 -0.516610 0.572219 -0.636930 0.524227 0.404084 2 1 0.547580 0 0.452420
shackles
  0 4.190404 0.562069 40.698402 -0.778852 0.623586 0.067300 0.531275 0.327657 1 0 1.000000
  1 5.083291 1.832406 41.052372 -0.516610 0.572219 -0.636930 0.524227 0.404084 2 1 0.547580 0 0.452420
  0 4.317684 0.591100 40.448242 -0.442001 0.767867 -0.463697 0.522601 0.324717 1 0 1.000000
shackles
  0 4.317684 0.591100 40.448242 -0.442001 0.767867 -0.463697 0.522601 0.324717 1 0 1.000000
  1 5.083291 1.832406 41.052372 -0.516610 0.572219 -0.636930 0.524227 0.404084 2 1 0.547580 0 0.452420
  1 5.373446 1.746913 40.937317 0.190664 0.370379 -0.909102 0.516323 0.403901 2 1 0.550224 0 0.449776
shackles
  1 5.083291 1.832406 41.052372 -0.516610 0.572219 -0.636930 0.524227 0.404084 2 1 0.547580 0 0.452420
  0 5.919734 3.376971 41.821896 0.194863 0.429146 -0.881965 0.515524 0.487285 1 0 1.000000
  1 5.373446 1.746913 40.937317 0.190664 0.370379 -0.909102 0.516323 0.403901 2 1 0.550224 0 0.449776
shackles
  1 5.373446 1.746913 40.937317 0.190664 0.370379 -0.909102 0.516323 0.403901 2 1 0.550224 0 0.449776
  0 5.919734 3.376971 41.821896 0.194863 0.429146 -0.881965 0.515524 0.487285 1 0 1.000000
  0 6.185797 3.263408 41.968681 0.815265 0.095862 -0.571098 0.507285 0.488536 1 0 1.000000
shackles
  0 5.919734 3.376971 41.821896 0.194863 0.429146 -0.881965 0.515524 0.487285 1 0 1.000000
  0 6.655489 5.762516 43.327839 0.816583 0.150559 -0.557247 0.507223 0.610113 1 0 1.000000
  0 6.185797 3.263408 41.968681 0.815265 0.095862 -0.571098 0.507285 0.488536 1 0 1.000000
shackles
  0 6.185797 3.263408 41.968681 0.815265 0.095862 -0.571098 0.507285 0.488536 1 0 1.000000
  0 6.655489 5.762516 43.327839 0.816583 0.150559 -0.557247 0.507223 0.610113 1 0 1.000000
  0 6.729141 5.655780 43.620304 0.969045 -0.230073 0.089549 0.499158 0.612555 1 0 1.000000
shackles
  1 5.083291 1.832406 41.052372 -0.516610 0.572219 -0.636930 0.524227 0.404084 2 1 0.547580 0 0.452420
  0 5.615168 3.416968 41.916576 -0.545396 0.507249 -0.667264 0.523682 0.487694 1 0 1.000000
  0 5.919734 3.376971 41.821896 0.194863 0.429146 -0.881965 0.515524 0.487285 1 0 1.000000
shackles
  0 5.615168 3.416968 41.916576 -0.545396 0.507249 -0.667264 0.523682 0.487694 1 0 1.000000
  0 6.384110 5.842882 43.178062 0.185466 0.445820 -0.875698 0.515339 0.608180 1 0 1.000000
  0 5.919734 3.376971 41.821896 0.194863 0.429146 -0.881965 0.515524 0.487285 1 0 1.000000
shackles
  0 5.615168 3.416968 41.916576 -0.545396 0.507249 -0.667264 0.523682 0.487694 1 0 1.000000
  0 6.074126 5.849863 43.258465 -0.555632 0.478965 -0.679607 0.523539 0.607885 1 0 1.000000
  0 6.384110 5.842882 43.178062 0.185466 0.445820 -0.875698 0.515339 0.608180 1 0 1.000000
shackles
  0 5.919734 3.376971 41.821896 0.194863 0.429146 -0.881965 0.515524 0.487285 1 0 1.000000
  0 6.384110 5.842882 43.178062 0.185466 0.445820 -0.875698 0.515339 0.608180 1 0 1.000000
  0 6.655489 5.762516 43.327839 0.816583 0.150559 -0.557247 0.507223 0.610113 1 0 1.000000
shackles
  0 6.485995 5.668262 45.481441 -0.011880 -0.773926 0.633165 0.368400 0.907782 1 0 1.000000
  0 5.902399 5.033971 42.419659 0.014725 -0.979656 0.200143 0.279693 0.991540 1 0 1.000000
  0 7.155629 5.105959 42.870556 0.014725 -0.979656 0.200143 0.336828 0.967649 1 0 1.000000
shackles
  0 6.485995 5.668262 45.481441 -0.011880 -0.773926 0.633165 0.368400 0.907782 1 0 1.000000
  0 5.422688 5.599606 45.414337 -0.011880 -0.773926 0.633165 0.329582 0.886871 1 0 1.000000
  0 5.902399 5.033971 42.419659 0.014725 -0.979656 0.200143 0.279693 0.991540 1 0 1.000000
shackles
  0 6.285509 7.458747 46.235325 -0.062314 -0.132343 0.989243 0.449747 0.892484 1 0 1.000000
  0 5.422688 5.599606 45.414337 -0.011880 -0.773926 0.633165 0.329582 0.886871 1 0 1.000000
  0 6.485995 5.668262 45.481441 -0.011880 -0.773926 0.633165 0.368400 0.907782 1 0 1.000000
shackles
  0 6.285509 7.458747 46.235325 -0.062314 -0.132343 0.989243 0.449747 0.892484 1 0 1.000000
  0 5.391229 7.390089 46.168224 -0.062314 -0.132343 0.989243 0.455732 0.864494 1 0 1.000000
  0 5.422688 5.599606 45.414337 -0.011880 -0.773926 0.633165 0.329582 0.886871 1 0 1.000000
shackles
  0 6.257764 9.317935 45.979519 -0.084412 0.134582 0.987300 0.531780 0.900215 1 0 1.000000
  0 5.391229 7.390089 46.168224 -0.062314 -0.132343 0.989243 0.455732 0.864494 1 0 1.000000
  0 6.285509 7.458747 46.235325 -0.062314 -0.132343 0.989243 0.449747 0.892484 1 0 1.000000
shackles
  0 6.257764 9.317935 45.979519 -0.084412 0.134582 0.987300 0.531780 0.900215 1 0 1.000000
  0 5.363485 9.249276 45.912418 -0.084412 0.134582 0.987300 0.583576 0.876542 1 0 1.000000
  0 5.391229 7.390089 46.168224 -0.062314 -0.132343 0.989243 0.455732 0.864494 1 0 1.000000
shackles
  0 1.624217 -0.969391 34.935413 0.996011 0.068390 -0.057312 0.853533 0.822832 1 0 1.000000
  0 1.728634 -0.327714 41.495640 0.999216 0.034567 -0.019269 0.875202 0.950624 1 0 1.000000
  0 1.735445 -0.701883 41.189186 0.999216 0.034567 -0.019269 0.866898 0.944260 1 0 1.000000
shackles
  0 1.624217 -0.969391 34.935413 0.996011 0.068390 -0.057312 0.853533 0.822832 1 0 1.000000
  0 1.675191 -0.381729 38.641941 0.999216 0.034567 -0.019269 0.871749 0.895267 1 0 1.000000
  0 1.728634 -0.327714 41.495640 0.999216 0.034567 -0.019269 0.875202 0.950624 1 0 1.000000
shackles
  0 1.624217 -0.969391 34.935413 0.996011 0.068390 -0.057312 0.853533 0.822832 1 0 1.000000
  0 1.617405 -0.598101 35.247532 0.996011 0.068390 -0.057312 0.868519 0.829161 1 0 1.000000
  0 1.675191 -0.381729 38.641941 0.999216 0.034567 -0.019269 0.871749 0.895267 1 0 1.000000
shackles
  0 1.192805 1.228835 32.789310 0.990215 0.102034 -0.095205 0.844062 0.779289 1 0 1.000000
  0 1.617405 -0.598101 35.247532 0.996011 0.068390 -0.057312 0.868519 0.829161 1 0 1.000000
  0 1.624217 -0.969391 34.935413 0.996011 0.068390 -0.057312 0.853533 0.822832 1 0 1.000000
shackles
  0 1.192805 1.228835 32.789310 0.990215 0.102034 -0.095205 0.844062 0.779289 1 0 1.000000
  0 1.185992 1.589140 33.119560 0.990215 0.102034 -0.095205 0.849923 0.769180 1 0 1.000000
  0 1.617405 -0.598101 35.247532 0.996011 0.068390 -0.057312 0.868519 0.829161 1 0 1.000000
shackles
  21 37.161522 -10.621013 64.331276 -0.472162 -0.333547 0.815972 0.113598 0.943737 1 21 1.000000
  21 36.743935 -7.237978 65.472519 -0.472162 -0.333547 0.815972 0.035049 0.952063 1 21 1.000000
  21 35.447380 -7.359036 64.801140 -0.472162 -0.333547 0.815972 0.035893 0.929015 1 21 1.000000
shackles
  21 37.161522 -10.621013 64.331276 -0.472162 -0.333547 0.815972 0.113598 0.943737 1 21 1.000000
  21 38.273113 -10.522257 65.143211 -0.472162 -0.333547 0.815972 0.112465 0.961689 1 21 1.000000
  21 36.743935 -7.237978 65.472519 -0.472162 -0.333547 0.815972 0.035049 0.952063 1 21 1.000000
shackles
  0 -1.401253 1.230210 32.790710 -0.000020 0.675612 -0.737258 0.739206 0.779517 1 0 1.000000
  0 1.185992 1.589140 33.119560 -0.000020 0.675612 -0.737258 0.849923 0.769180 1 0 1.000000
  0 1.192805 1.228835 32.789310 -0.000020 0.675612 -0.737258 0.844062 0.779289 1 0 1.000000
shackles
  0 -1.401253 1.230210 32.790710 -0.000020 0.675612 -0.737258 0.739206 0.779517 1 0 1.000000
  0 -1.408065 1.589141 33.119560 -0.000020 0.675612 -0.737258 0.733805 0.769617 1 0 1.000000
  0 1.185992 1.589140 33.119560 -0.000020 0.675612 -0.737258 0.849923 0.769180 1 0 1.000000
shackles
  0 -1.401253 1.230210 32.790710 -0.000497 -0.698465 -0.715644 0.739206 0.779517 1 0 1.000000
  0 1.624217 -0.969391 34.935413 -0.000497 -0.698465 -0.715644 0.853533 0.822832 1 0 1.000000
  0 -1.832665 -0.968754 34.936249 -0.000497 -0.698465 -0.715644 0.742686 0.822504 1 0 1.000000
shackles
  0 -1.401253 1.230210 32.790710 -0.000497 -0.698465 -0.715644 0.739206 0.779517 1 0 1.000000
  0 1.192805 1.228835 32.789310 -0.000497 -0.698465 -0.715644 0.844062 0.779289 1 0 1.000000
  0 1.624217 -0.969391 34.935413 -0.000497 -0.698465 -0.715644 0.853533 0.822832 1 0 1.000000
shackles
  0 3.076346 -0.663596 39.547401 -0.107148 -0.569000 -0.815327 0.055805 0.761877 1 0 1.000000
  0 2.986254 -0.016186 39.107426 -0.107148 -0.569000 -0.815327 0.076643 0.752717 1 0 1.000000
  0 3.299534 -0.260241 39.101276 -0.107148 -0.569000 -0.815327 0.076815 0.752009 1 0 1.000000
shackles
  0 3.076346 -0.663596 39.547401 -0.107148 -0.569000 -0.815327 0.055805 0.761877 1 0 1.000000
  0 2.763066 -0.421683 39.284443 -0.107148 -0.569000 -0.815327 0.055555 0.756565 1 0 1.000000
  0 2.986254 -0.016186 39.107426 -0.107148 -0.569000 -0.815327 0.076643 0.752717 1 0 1.000000
shackles
  0 2.763066 -0.421683 39.284443 -0.624499 -0.779443 0.049701 0.055555 0.756565 1 0 1.000000
  0 3.091629 -0.618115 40.332294 -0.624499 -0.779443 0.049701 0.057890 0.779452 1 0 1.000000
  0 2.778348 -0.374060 40.343712 -0.624499 -0.779443 0.049701 0.057718 0.780278 1 0 1.000000
shackles
  0 2.763066 -0.421683 39.284443 -0.624499 -0.779443 0.049701 0.055555 0.756565 1 0 1.000000
  0 3.076346 -0.663596 39.547401 -0.624499 -0.779443 0.049701 0.055805 0.761877 1 0 1.000000
  0 3.091629 -0.618115 40.332294 -0.624499 -0.779443 0.049701 0.057890 0.779452 1 0 1.000000
shackles
  0 3.606713 0.035394 39.451916 0.607235 0.794250 0.020800 0.096342 0.759769 1 0 1.000000
  0 3.283482 0.259175 40.343216 0.607235 0.794250 0.020800 0.095150 0.780265 1 0 1.000000
  0 3.596762 0.015121 40.333115 0.607235 0.794250 0.020800 0.095322 0.779468 1 0 1.000000
shackles
  0 3.606713 0.035394 39.451916 0.607235 0.794250 0.020800 0.096342 0.759769 1 0 1.000000
  0 3.293433 0.277205 39.180759 0.607235 0.794250 0.020800 0.096088 0.754274 1 0 1.000000
  0 3.283482 0.259175 40.343216 0.607235 0.794250 0.020800 0.095150 0.780265 1 0 1.000000
shackles
  0 3.299734 -0.265713 38.367157 -0.129398 -0.120581 0.984234 0.076623 0.735587 1 0 1.000000
  0 2.769055 -0.458718 38.273743 -0.129398 -0.120581 0.984234 0.054387 0.733923 1 0 1.000000
  0 3.088305 -0.693386 38.287094 -0.129398 -0.120581 0.984234 0.055071 0.733653 1 0 1.000000
shackles
  0 3.299734 -0.265713 38.367157 -0.129398 -0.120581 0.984234 0.076623 0.735587 1 0 1.000000
  0 2.980484 -0.033662 38.353745 -0.129398 -0.120581 0.984234 0.075845 0.735854 1 0 1.000000
  0 2.769055 -0.458718 38.273743 -0.129398 -0.120581 0.984234 0.054387 0.733923 1 0 1.000000
shackles
  0 3.628781 0.008246 38.213375 0.182015 0.309927 0.933175 0.095994 0.732023 1 0 1.000000
  0 2.980484 -0.033662 38.353745 0.182015 0.309927 0.933175 0.075845 0.735854 1 0 1.000000
  0 3.299734 -0.265713 38.367157 0.182015 0.309927 0.933175 0.076623 0.735587 1 0 1.000000
shackles
  0 3.628781 0.008246 38.213375 0.182015 0.309927 0.933175 0.095994 0.732023 1 0 1.000000
  0 3.309530 0.236753 38.198368 0.182015 0.309927 0.933175 0.095087 0.732251 1 0 1.000000
  0 2.980484 -0.033662 38.353745 0.182015 0.309927 0.933175 0.075845 0.735854 1 0 1.000000
shackles
  0 -1.821353 -0.769579 41.219765 0.015592 -0.895526 0.444736 0.743425 0.944586 1 0 1.000000
  0 -1.832665 -0.968754 34.936249 0.009720 -0.999264 0.037101 0.742686 0.822504 1 0 1.000000
  0 1.624217 -0.969391 34.935413 0.009720 -0.999264 0.037101 0.853533 0.822832 1 0 1.000000
shackles
  0 -1.821353 -0.769579 41.219765 0.015592 -0.895526 0.444736 0.743425 0.944586 1 0 1.000000
  0 1.624217 -0.969391 34.935413 0.009720 -0.999264 0.037101 0.853533 0.822832 1 0 1.000000
  0 1.735445 -0.701883 41.189186 0.015592 -0.895526 0.444736 0.866898 0.944260 1 0 1.000000
shackles
  0 1.735445 -0.701883 41.189186 0.015592 -0.895526 0.444736 0.866898 0.944260 1 0 1.000000
  0 -1.828166 -0.395409 41.526218 0.018705 -0.633313 0.773670 0.731739 0.951373 1 0 1.000000
  0 -1.821353 -0.769579 41.219765 0.015592 -0.895526 0.444736 0.743425 0.944586 1 0 1.000000
shackles
  0 1.735445 -0.701883 41.189186 0.015592 -0.895526 0.444736 0.866898 0.944260 1 0 1.000000
  0 1.728634 -0.327714 41.495640 0.018705 -0.633313 0.773670 0.875202 0.950624 1 0 1.000000
  0 -1.828166 -0.395409 41.526218 0.018705 -0.633313 0.773670 0.731739 0.951373 1 0 1.000000
shackles
  21 35.983070 -12.043353 63.536285 0.371074 -0.914298 -0.162368 0.140676 0.925072 1 21 1.000000
  21 37.595230 -11.469905 63.991585 0.371074 -0.914298 -0.162368 0.135213 0.945710 1 21 1.000000
  21 36.822289 -11.896342 64.626427 0.371074 -0.914298 -0.162368 0.135669 0.940703 1 21 1.000000
shackles
  21 35.983070 -12.043353 63.536285 0.371074 -0.914298 -0.162368 0.140676 0.925072 1 21 1.000000
  21 36.756004 -11.616911 62.901440 0.371074 -0.914298 -0.162368 0.142888 0.920975 1 21 1.000000
  21 37.595230 -11.469905 63.991585 0.371074 -0.914298 -0.162368 0.135213 0.945710 1 21 1.000000
shackles
  21 36.822289 -11.896342 64.626427 -0.705765 -0.489253 0.512374 0.135669 0.940703 1 21 1.000000
  21 34.655037 -9.130320 64.282364 -0.705765 -0.489253 0.512374 0.069792 0.918131 1 21 1.000000
  21 35.983070 -12.043353 63.536285 -0.705765 -0.489253 0.512374 0.140676 0.925072 1 21 1.000000
shackles
  21 36.822289 -11.896342 64.626427 -0.705765 -0.489253 0.512374 0.135669 0.940703 1 21 1.000000
  21 35.174423 -9.177320 65.159126 -0.705765 -0.489253 0.512374 0.068172 0.929114 1 21 1.000000
  21 34.655037 -9.130320 64.282364 -0.705765 -0.489253 0.512374 0.069792 0.918131 1 21 1.000000
shackles
  21 39.255825 -10.111439 64.150803 0.438745 -0.898604 0.003656 0.111576 0.980824 1 21 1.000000
  21 39.782310 -9.609738 64.299820 0.611258 -0.731321 0.302544 0.103733 0.986840 1 21 1.000000
  21 38.273113 -10.522257 65.143211 0.438745 -0.898604 0.003656 0.112465 0.961689 1 21 1.000000
shackles
  21 37.161522 -10.621013 64.331276 0.201701 -0.933722 -0.295769 0.113598 0.943737 1 21 1.000000
  21 39.255825 -10.111439 64.150803 0.438745 -0.898604 0.003656 0.111576 0.980824 1 21 1.000000
  21 38.273113 -10.522257 65.143211 0.438745 -0.898604 0.003656 0.112465 0.961689 1 21 1.000000
shackles
  21 37.161522 -10.621013 64.331276 0.201701 -0.933722 -0.295769 0.113598 0.943737 1 21 1.000000
  21 38.155354 -10.061037 63.606865 0.201701 -0.933722 -0.295769 0.108093 0.964779 1 21 1.000000
  21 39.255825 -10.111439 64.150803 0.438745 -0.898604 0.003656 0.111576 0.980824 1 21 1.000000
shackles
  31 -36.688007 -12.148058 63.595215 -0.380836 -0.872149 -0.307115 0.145133 0.925107 1 31 1.000000
  31 -36.744339 -11.545698 61.954475 -0.380837 -0.872149 -0.307114 0.150695 0.942278 2 31 0.833943 32 0.166057
  31 -35.927998 -12.073653 62.441460 -0.380836 -0.872149 -0.307115 0.146553 0.939119 1 31 1.000000
shackles
  31 -36.688007 -12.148058 63.595215 -0.380836 -0.872149 -0.307115 0.145133 0.925107 1 31 1.000000
  31 -37.504356 -11.620110 63.108231 -0.380836 -0.872149 -0.307115 0.149275 0.920884 1 31 1.000000
  31 -36.744339 -11.545698 61.954475 -0.380837 -0.872149 -0.307114 0.150695 0.942278 2 31 0.833943 32 0.166057
shackles
  31 -36.288406 -10.770480 62.418453 -0.059621 -0.796916 -0.601141 0.127031 0.941489 1 31 1.000000
  31 -37.006645 -9.559247 60.883991 -0.059621 -0.796916 -0.601141 0.127800 0.979655 1 31 1.000000
  31 -36.282784 -9.914466 61.537651 -0.059621 -0.796916 -0.601141 0.119920 0.961039 1 31 1.000000
shackles
  31 -36.288406 -10.770480 62.418453 -0.059621 -0.796916 -0.601141 0.127031 0.941489 1 31 1.000000
  31 -37.331558 -10.097618 61.884468 -0.059621 -0.796916 -0.601141 0.131500 0.953641 1 31 1.000000
  31 -37.006645 -9.559247 60.883991 -0.059621 -0.796916 -0.601141 0.127800 0.979655 1 31 1.000000
shackles
  31 -35.308186 -7.706953 64.533684 0.529075 -0.475409 0.702898 0.039880 0.926019 1 31 1.000000
  31 -38.099792 -10.917830 64.463249 0.529075 -0.475409 0.702898 0.129937 0.904135 1 31 1.000000
  31 -37.048424 -10.844897 63.572216 0.529075 -0.475409 0.702898 0.125612 0.920248 1 31 1.000000
shackles
  31 -35.308186 -7.706953 64.533684 0.529075 -0.475409 0.702898 0.039880 0.926019 1 31 1.000000
  31 -36.554028 -7.733994 65.304153 0.529075 -0.475409 0.702898 0.046691 0.900982 1 31 1.000000
  31 -38.099792 -10.917830 64.463249 0.529075 -0.475409 0.702898 0.129937 0.904135 1 31 1.000000
shackles
  31 -37.627647 -10.200766 62.498402 -0.779500 -0.326634 -0.534499 0.130703 0.923472 1 31 1.000000
  31 -37.504356 -11.620110 63.108231 -0.757733 -0.312063 -0.573112 0.149275 0.920884 1 31 1.000000
  31 -38.091572 -10.172029 63.038231 -0.726022 -0.323739 -0.606700 0.130080 0.901626 1 31 1.000000
shackles
  31 -37.504356 -11.620110 63.108231 -0.757733 -0.312063 -0.573112 0.149275 0.920884 1 31 1.000000
  31 -37.627647 -10.200766 62.498402 -0.779500 -0.326634 -0.534499 0.130703 0.923472 1 31 1.000000
  31 -36.744339 -11.545698 61.954475 -0.803910 -0.327092 -0.496728 0.150695 0.942278 2 31 0.833943 32 0.166057
shackles
  31 -36.744339 -11.545698 61.954475 -0.803910 -0.327092 -0.496728 0.150695 0.942278 2 31 0.833943 32 0.166057
  31 -37.627647 -10.200766 62.498402 -0.779500 -0.326634 -0.534499 0.130703 0.923472 1 31 1.000000
  31 -37.331558 -10.097618 61.884468 -0.817900 -0.353611 -0.453871 0.131500 0.953641 1 31 1.000000
shackles
  31 -34.553020 -9.336195 63.633869 0.866581 0.136575 0.479984 0.069919 0.940386 1 31 1.000000
  31 -35.308186 -7.706953 64.533684 0.658338 0.511142 0.552562 0.039880 0.926019 1 31 1.000000
  31 -35.008949 -9.556026 64.519577 0.866581 0.136575 0.479984 0.070380 0.929291 1 31 1.000000
shackles
  31 -34.553020 -9.336195 63.633869 0.866581 0.136575 0.479984 0.069919 0.940386 1 31 1.000000
  31 -34.852249 -7.487123 63.647976 0.930191 0.291555 0.223026 0.039418 0.947033 1 31 1.000000
  31 -35.308186 -7.706953 64.533684 0.658338 0.511142 0.552562 0.039880 0.926019 1 31 1.000000
shackles
  31 -36.554028 -7.733994 65.304153 -0.071731 0.426872 0.901463 0.046691 0.900982 1 31 1.000000
  31 -39.665749 -9.883681 63.915543 -0.424539 0.029993 0.904913 0.133745 0.880686 1 31 1.000000
  31 -38.099792 -10.917830 64.463249 -0.424539 0.029993 0.904913 0.129937 0.904135 1 31 1.000000
shackles
  31 -36.554028 -7.733994 65.304153 -0.071731 0.426872 0.901463 0.046691 0.900982 1 31 1.000000
  31 -38.511971 -6.724237 64.130882 -0.348745 0.265781 0.898742 0.061348 0.863570 1 31 1.000000
  31 -39.665749 -9.883681 63.915543 -0.424539 0.029993 0.904913 0.133745 0.880686 1 31 1.000000
shackles
  31 -36.554028 -7.733994 65.304153 -0.071731 0.426872 0.901463 0.046691 0.900982 1 31 1.000000
  31 -36.654831 -6.877633 64.777634 0.128062 0.592794 0.795107 0.037316 0.889115 1 31 1.000000
  31 -38.511971 -6.724237 64.130882 -0.348745 0.265781 0.898742 0.061348 0.863570 1 31 1.000000
shackles
  31 -35.308186 -7.706953 64.533684 0.658338 0.511142 0.552562 0.039880 0.926019 1 31 1.000000
  31 -36.654831 -6.877633 64.777634 0.128062 0.592794 0.795107 0.037316 0.889115 1 31 1.000000
  31 -36.554028 -7.733994 65.304153 -0.071731 0.426872 0.901463 0.046691 0.900982 1 31 1.000000
shackles
  31 -35.308186 -7.706953 64.533684 0.658338 0.511142 0.552562 0.039880 0.926019 1 31 1.000000
  31 -35.975288 -6.973310 64.118927 0.507341 0.663320 0.550101 0.037924 0.913870 2 31 0.940485 30 0.059515
  31 -36.654831 -6.877633 64.777634 0.128062 0.592794 0.795107 0.037316 0.889115 1 31 1.000000
shackles
  31 -35.308186 -7.706953 64.533684 0.658338 0.511142 0.552562 0.039880 0.926019 1 31 1.000000
  31 -35.272709 -6.769010 63.062408 0.713606 0.700239 -0.020774 0.036671 0.969960 1 31 1.000000
  31 -35.975288 -6.973310 64.118927 0.507341 0.663320 0.550101 0.037924 0.913870 2 31 0.940485 30 0.059515
shackles
  31 -35.308186 -7.706953 64.533684 0.658338 0.511142 0.552562 0.039880 0.926019 1 31 1.000000
  31 -34.852249 -7.487123 63.647976 0.930191 0.291555 0.223026 0.039418 0.947033 1 31 1.000000
  31 -35.272709 -6.769010 63.062408 0.713606 0.700239 -0.020774 0.036671 0.969960 1 31 1.000000
shackles
  31 -34.887596 -7.418491 62.638916 0.869949 0.240851 -0.430324 0.048343 0.964784 1 31 1.000000
  31 -35.272709 -6.769010 63.062408 0.713606 0.700239 -0.020774 0.036671 0.969960 1 31 1.000000
  31 -34.852249 -7.487123 63.647976 0.930191 0.291555 0.223026 0.039418 0.947033 1 31 1.000000
shackles
  31 -36.288406 -10.770480 62.418453 0.909608 -0.367366 -0.194048 0.127031 0.941489 1 31 1.000000
  31 -34.887596 -7.418491 62.638916 0.869949 0.240851 -0.430324 0.048343 0.964784 1 31 1.000000
  31 -34.852249 -7.487123 63.647976 0.930191 0.291555 0.223026 0.039418 0.947033 1 31 1.000000
shackles
  31 -36.288406 -10.770480 62.418453 0.909608 -0.367366 -0.194048 0.127031 0.941489 1 31 1.000000
  31 -36.282784 -9.914466 61.537651 0.842097 -0.186237 -0.506150 0.119920 0.961039 1 31 1.000000
  31 -34.887596 -7.418491 62.638916 0.869949 0.240851 -0.430324 0.048343 0.964784 1 31 1.000000
shackles
  31 -34.887596 -7.418491 62.638916 0.869949 0.240851 -0.430324 0.048343 0.964784 1 31 1.000000
  31 -36.282784 -9.914466 61.537651 0.842097 -0.186237 -0.506150 0.119920 0.961039 1 31 1.000000
  31 -37.006645 -9.559247 60.883991 0.661093 0.019992 -0.750037 0.127800 0.979655 1 31 1.000000
shackles
  31 -34.887596 -7.418491 62.638916 0.869949 0.240851 -0.430324 0.048343 0.964784 1 31 1.000000
  31 -37.006645 -9.559247 60.883991 0.661093 0.019992 -0.750037 0.127800 0.979655 1 31 1.000000
  31 -37.333393 -8.412125 60.417652 0.661093 0.019992 -0.750037 0.115047 0.997020 1 31 1.000000
shackles
  31 -34.887596 -7.418491 62.638916 0.869949 0.240851 -0.430324 0.048343 0.964784 1 31 1.000000
  31 -37.333393 -8.412125 60.417652 0.661093 0.019992 -0.750037 0.115047 0.997020 1 31 1.000000
  31 -35.884918 -7.099896 62.028183 0.636681 0.362588 -0.680563 0.059501 0.986272 2 31 0.947227 30 0.052773
shackles
  31 -35.272709 -6.769010 63.062408 0.713606 0.700239 -0.020774 0.036671 0.969960 1 31 1.000000
  31 -34.887596 -7.418491 62.638916 0.869949 0.240851 -0.430324 0.048343 0.964784 1 31 1.000000
  31 -35.884918 -7.099896 62.028183 0.636681 0.362588 -0.680563 0.059501 0.986272 2 31 0.947227 30 0.052773
shackles
  0 3.247817 0.564806 40.935783 0.830606 -0.435022 0.347634 0.105184 0.793830 1 0 1.000000
  0 3.283482 0.259175 40.343216 0.848496 -0.497046 0.181660 0.095150 0.780265 1 0 1.000000
  0 3.293433 0.277205 39.180759 0.918282 -0.394929 0.028090 0.096088 0.754274 1 0 1.000000
shackles
  0 2.455980 -0.447891 40.974300 0.478983 -0.807948 0.343213 0.045781 0.794677 1 0 1.000000
  0 3.283482 0.259175 40.343216 0.848496 -0.497046 0.181660 0.095150 0.780265 1 0 1.000000
  0 3.247817 0.564806 40.935783 0.830606 -0.435022 0.347634 0.105184 0.793830 1 0 1.000000
shackles
  0 2.455980 -0.447891 40.974300 0.478983 -0.807948 0.343213 0.045781 0.794677 1 0 1.000000
  0 2.778348 -0.374060 40.343712 0.679384 -0.713527 0.171220 0.057718 0.780278 1 0 1.000000
  0 3.283482 0.259175 40.343216 0.848496 -0.497046 0.181660 0.095150 0.780265 1 0 1.000000
shackles
  0 2.514379 -0.610571 38.830360 0.241030 -0.970096 0.028610 0.041573 0.746521 1 0 1.000000
  0 2.778348 -0.374060 40.343712 0.679384 -0.713527 0.171220 0.057718 0.780278 1 0 1.000000
  0 2.455980 -0.447891 40.974300 0.478983 -0.807948 0.343213 0.045781 0.794677 1 0 1.000000
shackles
  0 2.514379 -0.610571 38.830360 0.241030 -0.970096 0.028610 0.041573 0.746521 1 0 1.000000
  0 2.763066 -0.421683 39.284443 0.581182 -0.813749 0.006243 0.055555 0.756565 1 0 1.000000
  0 2.778348 -0.374060 40.343712 0.679384 -0.713527 0.171220 0.057718 0.780278 1 0 1.000000
shackles
  0 2.514379 -0.610571 38.830360 0.241030 -0.970096 0.028610 0.041573 0.746521 1 0 1.000000
  0 2.986254 -0.016186 39.107426 0.778433 -0.627474 0.017824 0.076643 0.752717 1 0 1.000000
  0 2.763066 -0.421683 39.284443 0.581182 -0.813749 0.006243 0.055555 0.756565 1 0 1.000000
shackles
  0 2.514379 -0.610571 38.830360 0.241030 -0.970096 0.028610 0.041573 0.746521 1 0 1.000000
  0 2.983299 -0.025134 38.721546 0.767230 -0.641187 0.015418 0.076234 0.744083 1 0 1.000000
  0 2.986254 -0.016186 39.107426 0.778433 -0.627474 0.017824 0.076643 0.752717 1 0 1.000000
shackles
  0 3.293433 0.277205 39.180759 0.918282 -0.394929 0.028090 0.096088 0.754274 1 0 1.000000
  0 2.986254 -0.016186 39.107426 0.778433 -0.627474 0.017824 0.076643 0.752717 1 0 1.000000
  0 2.983299 -0.025134 38.721546 0.767230 -0.641187 0.015418 0.076234 0.744083 1 0 1.000000
shackles
  0 3.293433 0.277205 39.180759 0.918282 -0.394929 0.028090 0.096088 0.754274 1 0 1.000000
  0 2.983299 -0.025134 38.721546 0.767230 -0.641187 0.015418 0.076234 0.744083 1 0 1.000000
  0 3.417770 0.442900 38.669460 0.986533 -0.163160 -0.011442 0.105658 0.742848 1 0 1.000000
shackles
  0 3.293433 0.277205 39.180759 0.918282 -0.394929 0.028090 0.096088 0.754274 1 0 1.000000
  0 3.417770 0.442900 38.669460 0.986533 -0.163160 -0.011442 0.105658 0.742848 1 0 1.000000
  0 3.247817 0.564806 40.935783 0.830606 -0.435022 0.347634 0.105184 0.793830 1 0 1.000000
shackles
  0 2.769055 -0.458718 38.273743 0.624676 -0.780217 0.032269 0.054387 0.733923 1 0 1.000000
  0 2.514379 -0.610571 38.830360 0.241030 -0.970096 0.028610 0.041573 0.746521 1 0 1.000000
  0 2.413982 -0.516217 36.546730 0.277801 -0.960148 0.030706 0.042101 0.695650 1 0 1.000000
shackles
  0 2.769055 -0.458718 38.273743 0.624676 -0.780217 0.032269 0.054387 0.733923 1 0 1.000000
  0 2.983299 -0.025134 38.721546 0.767230 -0.641187 0.015418 0.076234 0.744083 1 0 1.000000
  0 2.514379 -0.610571 38.830360 0.241030 -0.970096 0.028610 0.041573 0.746521 1 0 1.000000
shackles
  0 2.769055 -0.458718 38.273743 0.624676 -0.780217 0.032269 0.054387 0.733923 1 0 1.000000
  0 2.980484 -0.033662 38.353745 0.756019 -0.654419 0.013056 0.075845 0.735854 1 0 1.000000
  0 2.983299 -0.025134 38.721546 0.767230 -0.641187 0.015418 0.076234 0.744083 1 0 1.000000
shackles
  0 3.309530 0.236753 38.198368 0.862077 -0.506734 -0.006593 0.095087 0.732251 1 0 1.000000
  0 2.983299 -0.025134 38.721546 0.767230 -0.641187 0.015418 0.076234 0.744083 1 0 1.000000
  0 2.980484 -0.033662 38.353745 0.756019 -0.654419 0.013056 0.075845 0.735854 1 0 1.000000
shackles
  0 3.309530 0.236753 38.198368 0.862077 -0.506734 -0.006593 0.095087 0.732251 1 0 1.000000
  0 3.417770 0.442900 38.669460 0.986533 -0.163160 -0.011442 0.105658 0.742848 1 0 1.000000
  0 2.983299 -0.025134 38.721546 0.767230 -0.641187 0.015418 0.076234 0.744083 1 0 1.000000
shackles
  0 3.309530 0.236753 38.198368 0.862077 -0.506734 -0.006593 0.095087 0.732251 1 0 1.000000
  0 3.177787 0.420419 36.366299 0.920455 -0.337326 -0.197416 0.097947 0.691593 1 0 1.000000
  0 3.417770 0.442900 38.669460 0.986533 -0.163160 -0.011442 0.105658 0.742848 1 0 1.000000
shackles
  0 2.413982 -0.516217 36.546730 -0.487706 -0.867182 0.100689 0.042101 0.695650 1 0 1.000000
  0 3.088305 -0.693386 38.287094 0.256354 -0.952600 0.163817 0.055071 0.733653 1 0 1.000000
  0 2.769055 -0.458718 38.273743 -0.487706 -0.867182 0.100689 0.054387 0.733923 1 0 1.000000
shackles
  0 2.413982 -0.516217 36.546730 -0.487706 -0.867182 0.100689 0.042101 0.695650 1 0 1.000000
  0 3.049502 -0.851333 36.250732 -0.128098 -0.987482 0.092036 0.048240 0.688016 1 0 1.000000
  0 3.088305 -0.693386 38.287094 0.256354 -0.952600 0.163817 0.055071 0.733653 1 0 1.000000
shackles
  0 3.049502 -0.851333 36.250732 -0.128098 -0.987482 0.092036 0.048240 0.688016 1 0 1.000000
  0 3.646892 -0.705448 36.130581 0.787660 -0.596722 0.153347 0.070688 0.684788 1 0 1.000000
  0 3.088305 -0.693386 38.287094 0.256354 -0.952600 0.163817 0.055071 0.733653 1 0 1.000000
shackles
  0 3.299734 -0.265713 38.367157 0.778367 -0.582064 0.235257 0.076623 0.735587 1 0 1.000000
  0 3.088305 -0.693386 38.287094 0.256354 -0.952600 0.163817 0.055071 0.733653 1 0 1.000000
  0 3.646892 -0.705448 36.130581 0.787660 -0.596722 0.153347 0.070688 0.684788 1 0 1.000000
shackles
  0 3.299734 -0.265713 38.367157 0.778367 -0.582064 0.235257 0.076623 0.735587 1 0 1.000000
  0 3.646892 -0.705448 36.130581 0.787660 -0.596722 0.153347 0.070688 0.684788 1 0 1.000000
  0 3.628781 0.008246 38.213375 0.994859 0.014814 0.100176 0.095994 0.732023 1 0 1.000000
shackles
  0 3.644825 -0.114110 36.112591 0.919862 0.392240 -0.000985 0.092027 0.684916 1 0 1.000000
  0 3.628781 0.008246 38.213375 0.994859 0.014814 0.100176 0.095994 0.732023 1 0 1.000000
  0 3.646892 -0.705448 36.130581 0.787660 -0.596722 0.153347 0.070688 0.684788 1 0 1.000000
shackles
  0 3.644825 -0.114110 36.112591 0.919862 0.392240 -0.000985 0.092027 0.684916 1 0 1.000000
  0 3.309530 0.236753 38.198368 0.694941 0.719007 -0.009235 0.095087 0.732251 1 0 1.000000
  0 3.628781 0.008246 38.213375 0.994859 0.014814 0.100176 0.095994 0.732023 1 0 1.000000
shackles
  0 3.644825 -0.114110 36.112591 0.919862 0.392240 -0.000985 0.092027 0.684916 1 0 1.000000
  0 3.177787 0.420419 36.366299 0.694941 0.719007 -0.009235 0.097947 0.691593 1 0 1.000000
  0 3.309530 0.236753 38.198368 0.694941 0.719007 -0.009235 0.095087 0.732251 1 0 1.000000
shackles
  15 -0.000002 -2.432761 70.850266 0.707108 -0.632130 -0.316875 0.017143 0.144646 2 15 0.599030 14 0.400970
  15 -0.000002 -1.676552 70.084061 0.689154 -0.515733 -0.509004 0.046540 0.128239 2 15 0.575128 14 0.424872
  15 0.426002 -1.480663 70.462364 0.689154 -0.515733 -0.509004 0.054156 0.136340 2 15 0.549502 14 0.450498
shackles
  15 -0.000002 -2.432761 70.850266 0.707108 -0.632130 -0.316875 0.017143 0.144646 2 15 0.599030 14 0.400970
  15 0.426002 -1.480663 70.462364 0.689154 -0.515733 -0.509004 0.054156 0.136340 2 15 0.549502 14 0.450498
  15 0.426002 -2.051928 71.041176 0.707108 -0.632130 -0.316875 0.031948 0.148734 2 15 0.567666 14 0.432334
shackles
  15 0.426002 -2.051928 71.041176 0.707108 -0.632130 -0.316875 0.031948 0.148734 2 15 0.567666 14 0.432334
  15 -0.000003 -2.594184 71.914619 0.707105 -0.697661 0.115199 0.010868 0.167437 2 15 0.573838 14 0.426162
  15 -0.000002 -2.432761 70.850266 0.707108 -0.632130 -0.316875 0.017143 0.144646 2 15 0.599030 14 0.400970
shackles
  15 0.426002 -2.051928 71.041176 0.707108 -0.632130 -0.316875 0.031948 0.148734 2 15 0.567666 14 0.432334
  15 0.426002 -2.173872 71.845230 0.707105 -0.697661 0.115199 0.027207 0.165951 2 15 0.554323 14 0.445677
  15 -0.000003 -2.594184 71.914619 0.707105 -0.697661 0.115199 0.010868 0.167437 2 15 0.573838 14 0.426162
shackles
  15 0.426002 -2.173872 71.845230 0.707105 -0.697661 0.115199 0.027207 0.165951 2 15 0.554323 14 0.445677
  15 -0.000003 -2.099161 72.870590 0.707108 -0.496708 0.503268 0.030111 0.187908 2 15 0.534759 14 0.465241
  15 -0.000003 -2.594184 71.914619 0.707105 -0.697661 0.115199 0.010868 0.167437 2 15 0.573838 14 0.426162
shackles
  15 0.426002 -2.173872 71.845230 0.707105 -0.697661 0.115199 0.027207 0.165951 2 15 0.554323 14 0.445677
  15 0.426002 -1.799916 72.567398 0.707108 -0.496708 0.503268 0.041745 0.181415 2 15 0.528284 14 0.471716
  15 -0.000003 -2.099161 72.870590 0.707108 -0.496708 0.503268 0.030111 0.187908 2 15 0.534759 14 0.465241
shackles
  15 -0.000002 -1.136777 73.353043 0.707115 -0.106027 0.699104 0.067524 0.198239 2 15 0.507341 14 0.492659
  15 -0.000003 -2.099161 72.870590 0.707108 -0.496708 0.503268 0.030111 0.187908 2 15 0.534759 14 0.465241
  15 0.426002 -1.799916 72.567398 0.707108 -0.496708 0.503268 0.041745 0.181415 2 15 0.528284 14 0.471716
shackles
  15 -0.000002 -1.136777 73.353043 0.707115 -0.106027 0.699104 0.067524 0.198239 2 15 0.507341 14 0.492659
  15 0.426002 -1.799916 72.567398 0.707108 -0.496708 0.503268 0.041745 0.181415 2 15 0.528284 14 0.471716
  15 0.426002 -1.072898 72.931831 0.707115 -0.106027 0.699104 0.070007 0.189219 2 15 0.507766 14 0.492234
shackles
  14 -0.000003 -0.074628 73.177643 0.707112 0.325149 0.627910 0.108815 0.194483 2 14 0.500000 15 0.500000
  15 -0.000002 -1.136777 73.353043 0.707115 -0.106027 0.699104 0.067524 0.198239 2 15 0.507341 14 0.492659
  15 0.426002 -1.072898 72.931831 0.707115 -0.106027 0.699104 0.070007 0.189219 2 15 0.507766 14 0.492234
shackles
  14 -0.000003 -0.074628 73.177643 0.707112 0.325149 0.627910 0.108815 0.194483 2 14 0.500000 15 0.500000
  15 0.426002 -1.072898 72.931831 0.707115 -0.106027 0.699104 0.070007 0.189219 2 15 0.507766 14 0.492234
  15 0.426002 -0.270517 72.799347 0.707112 0.325149 0.627910 0.101200 0.186382 2 15 0.500115 14 0.499885
shackles
  15 0.426002 -0.270517 72.799347 0.707112 0.325149 0.627910 0.101200 0.186382 2 15 0.500115 14 0.499885
  14 -0.000003 0.681582 72.411446 0.707109 0.632128 0.316876 0.138213 0.178076 2 14 0.500000 15 0.500000
  14 -0.000003 -0.074628 73.177643 0.707112 0.325149 0.627910 0.108815 0.194483 2 14 0.500000 15 0.500000
shackles
  15 0.426002 -0.270517 72.799347 0.707112 0.325149 0.627910 0.101200 0.186382 2 15 0.500115 14 0.499885
  14 0.426002 0.300748 72.220528 0.707109 0.632128 0.316876 0.123408 0.173988 2 14 0.500000 15 0.500000
  14 -0.000003 0.681582 72.411446 0.707109 0.632128 0.316876 0.138213 0.178076 2 14 0.500000 15 0.500000
shackles
  14 0.426002 0.300748 72.220528 0.707109 0.632128 0.316876 0.123408 0.173988 2 14 0.500000 15 0.500000
  14 -0.000003 0.843004 71.347084 0.707105 0.697662 -0.115199 0.144488 0.155285 2 14 0.500000 15 0.500000
  14 -0.000003 0.681582 72.411446 0.707109 0.632128 0.316876 0.138213 0.178076 2 14 0.500000 15 0.500000
shackles
  14 0.426002 0.300748 72.220528 0.707109 0.632128 0.316876 0.123408 0.173988 2 14 0.500000 15 0.500000
  14 0.426002 0.422690 71.416473 0.707105 0.697662 -0.115199 0.128148 0.156771 2 14 0.500000 15 0.500000
  14 -0.000003 0.843004 71.347084 0.707105 0.697662 -0.115199 0.144488 0.155285 2 14 0.500000 15 0.500000
shackles
  14 0.426002 0.422690 71.416473 0.707105 0.697662 -0.115199 0.128148 0.156771 2 14 0.500000 15 0.500000
  14 -0.000003 0.347982 70.391113 0.689148 0.643469 -0.333201 0.125244 0.134814 2 14 0.500000 15 0.500000
  14 -0.000003 0.843004 71.347084 0.707105 0.697662 -0.115199 0.144488 0.155285 2 14 0.500000 15 0.500000
shackles
  14 0.426002 0.422690 71.416473 0.707105 0.697662 -0.115199 0.128148 0.156771 2 14 0.500000 15 0.500000
  14 0.426002 0.048735 70.694305 0.689148 0.643469 -0.333201 0.113611 0.141307 2 14 0.500000 15 0.500000
  14 -0.000003 0.347982 70.391113 0.689148 0.643469 -0.333201 0.125244 0.134814 2 14 0.500000 15 0.500000
shackles
  3 6.776615 11.735454 18.430029 -0.615075 -0.594922 0.517446 0.010229 0.099665 2 3 0.692378 2 0.307622
  3 6.350611 12.626904 18.948574 -0.668193 -0.414496 0.617828 0.044884 0.110768 1 3 1.000000
  3 6.350611 11.941412 18.294849 -0.615075 -0.594922 0.517446 0.018235 0.096770 1 3 1.000000
shackles
  3 6.776615 11.735454 18.430029 -0.615075 -0.594922 0.517446 0.010229 0.099665 2 3 0.692378 2 0.307622
  3 6.776614 12.371224 19.295399 -0.668193 -0.414496 0.617828 0.034944 0.118195 1 3 1.000000
  3 6.350611 12.626904 18.948574 -0.668193 -0.414496 0.617828 0.044884 0.110768 1 3 1.000000
shackles
  3 6.350609 13.410830 19.193110 -0.707112 0.005512 0.707080 0.075359 0.116005 1 3 1.000000
  3 6.350611 12.626904 18.948574 -0.668193 -0.414496 0.617828 0.044884 0.110768 1 3 1.000000
  3 6.776614 12.371224 19.295399 -0.668193 -0.414496 0.617828 0.034944 0.118195 1 3 1.000000
shackles
  3 6.350609 13.410830 19.193110 -0.707112 0.005512 0.707080 0.075359 0.116005 1 3 1.000000
  3 6.776614 12.371224 19.295399 -0.668193 -0.414496 0.617828 0.034944 0.118195 1 3 1.000000
  3 6.776614 13.409342 19.619097 -0.707112 0.005512 0.707080 0.075301 0.125126 1 3 1.000000
shackles
  3 6.776614 14.451291 19.277487 -0.707087 0.414093 0.573197 0.115807 0.117811 1 3 1.000000
  3 6.350609 13.410830 19.193110 -0.707112 0.005512 0.707080 0.075359 0.116005 1 3 1.000000
  3 6.776614 13.409342 19.619097 -0.707112 0.005512 0.707080 0.075301 0.125126 1 3 1.000000
shackles
  3 6.776614 14.451291 19.277487 -0.707087 0.414093 0.573197 0.115807 0.117811 1 3 1.000000
  3 6.350609 14.197742 18.935043 -0.707087 0.414093 0.573197 0.105950 0.110479 1 3 1.000000
  3 6.350609 13.410830 19.193110 -0.707112 0.005512 0.707080 0.075359 0.116005 1 3 1.000000
shackles
  3 6.776614 14.451291 19.277487 -0.707087 0.414093 0.573197 0.115807 0.117811 1 3 1.000000
  3 6.350608 14.686068 18.272963 -0.710925 0.667433 0.221627 0.124933 0.096301 1 3 1.000000
  3 6.350609 14.197742 18.935043 -0.707087 0.414093 0.573197 0.105950 0.110479 1 3 1.000000
shackles
  3 6.776614 14.451291 19.277487 -0.707087 0.414093 0.573197 0.115807 0.117811 1 3 1.000000
  3 6.776611 15.097372 18.401054 -0.710925 0.667433 0.221627 0.140923 0.099044 1 3 1.000000
  3 6.350608 14.686068 18.272963 -0.710925 0.667433 0.221627 0.124933 0.096301 1 3 1.000000
shackles
  3 6.776611 15.097372 18.401054 -0.710925 0.667433 0.221627 0.140923 0.099044 1 3 1.000000
  3 6.350607 14.689714 17.459747 -0.713335 0.666293 -0.217273 0.125075 0.078888 1 3 1.000000
  3 6.350608 14.686068 18.272963 -0.710925 0.667433 0.221627 0.124933 0.096301 1 3 1.000000
shackles
  3 6.776611 15.097372 18.401054 -0.710925 0.667433 0.221627 0.140923 0.099044 1 3 1.000000
  3 6.776611 15.101605 17.324562 -0.713335 0.666293 -0.217273 0.141087 0.075993 1 3 1.000000
  3 6.350607 14.689714 17.459747 -0.713335 0.666293 -0.217273 0.125075 0.078888 1 3 1.000000
shackles
  3 6.776611 15.101605 17.324562 -0.713335 0.666293 -0.217273 0.141087 0.075993 1 3 1.000000
  3 6.350608 14.208449 16.806025 -0.711228 0.407761 -0.572613 0.106366 0.064890 1 3 1.000000
  3 6.350607 14.689714 17.459747 -0.713335 0.666293 -0.217273 0.125075 0.078888 1 3 1.000000
shackles
  3 6.776611 15.101605 17.324562 -0.713335 0.666293 -0.217273 0.141087 0.075993 1 3 1.000000
  3 6.776611 14.464349 16.459200 -0.711228 0.407761 -0.572613 0.116314 0.057463 1 3 1.000000
  3 6.350608 14.208449 16.806025 -0.711228 0.407761 -0.572613 0.106366 0.064890 1 3 1.000000
shackles
  3 6.776611 14.464349 16.459200 -0.711228 0.407761 -0.572613 0.116314 0.057463 1 3 1.000000
  3 6.350608 13.426472 16.561483 -0.752617 0.061382 -0.655591 0.075967 0.059653 1 3 1.000000
  3 6.350608 14.208449 16.806025 -0.711228 0.407761 -0.572613 0.106366 0.064890 1 3 1.000000
shackles
  3 6.776611 14.464349 16.459200 -0.711228 0.407761 -0.572613 0.116314 0.057463 1 3 1.000000
  3 6.776612 13.429645 16.135496 -0.752617 0.061382 -0.655591 0.076090 0.050531 1 3 1.000000
  3 6.350608 13.426472 16.561483 -0.752617 0.061382 -0.655591 0.075967 0.059653 1 3 1.000000
shackles
  3 6.776612 13.429645 16.135496 -0.752617 0.061382 -0.655591 0.076090 0.050531 1 3 1.000000
  3 6.350609 12.641597 16.819546 -0.762155 -0.352894 -0.542758 0.045455 0.065179 1 3 1.000000
  3 6.350608 13.426472 16.561483 -0.752617 0.061382 -0.655591 0.075967 0.059653 1 3 1.000000
shackles
  3 6.776612 13.429645 16.135496 -0.752617 0.061382 -0.655591 0.076090 0.050531 1 3 1.000000
  3 6.775517 12.462511 16.154308 -0.762155 -0.352894 -0.542758 0.038493 0.050934 1 3 1.000000
  3 6.350609 12.641597 16.819546 -0.762155 -0.352894 -0.542758 0.045455 0.065179 1 3 1.000000
shackles
  3 6.775517 12.462511 16.154308 -0.762155 -0.352894 -0.542758 0.038493 0.050934 1 3 1.000000
  3 6.350611 11.947520 17.481636 -0.677700 -0.585945 -0.444287 0.018473 0.079357 1 3 1.000000
  3 6.350609 12.641597 16.819546 -0.762155 -0.352894 -0.542758 0.045455 0.065179 1 3 1.000000
shackles
  3 6.775517 12.462511 16.154308 -0.762155 -0.352894 -0.542758 0.038493 0.050934 1 3 1.000000
  3 6.776615 11.743979 17.353542 -0.677700 -0.585945 -0.444287 0.010560 0.076614 2 3 0.502032 2 0.497968
  3 6.350611 11.947520 17.481636 -0.677700 -0.585945 -0.444287 0.018473 0.079357 1 3 1.000000
shackles
  3 6.350609 12.641597 16.819546 -0.692011 0.362985 0.623990 0.045455 0.065179 1 3 1.000000
  3 6.350611 11.947520 17.481636 -0.680410 0.490962 0.544057 0.018473 0.079357 1 3 1.000000
  3 6.776613 12.356348 17.609730 -0.680410 0.490962 0.544057 0.034366 0.082099 1 3 1.000000
shackles
  3 6.350609 12.641597 16.819546 -0.692011 0.362985 0.623990 0.045455 0.065179 1 3 1.000000
  3 6.776613 12.356348 17.609730 -0.680410 0.490962 0.544057 0.034366 0.082099 1 3 1.000000
  3 6.776613 12.892122 17.161985 -0.692011 0.362985 0.623990 0.055194 0.072512 1 3 1.000000
shackles
  3 6.350608 13.426472 16.561483 -0.707018 0.005668 0.707172 0.075967 0.059653 1 3 1.000000
  3 6.350609 12.641597 16.819546 -0.692011 0.362985 0.623990 0.045455 0.065179 1 3 1.000000
  3 6.776613 12.892122 17.161985 -0.692011 0.362985 0.623990 0.055194 0.072512 1 3 1.000000
shackles
  3 6.350608 13.426472 16.561483 -0.707018 0.005668 0.707172 0.075967 0.059653 1 3 1.000000
  3 6.776613 12.892122 17.161985 -0.692011 0.362985 0.623990 0.055194 0.072512 1 3 1.000000
  3 6.776613 13.423184 16.987473 -0.707018 0.005668 0.707172 0.075839 0.068775 1 3 1.000000
shackles
  3 6.350608 14.208449 16.806025 -0.711363 -0.407669 0.572511 0.106366 0.064890 1 3 1.000000
  3 6.350608 13.426472 16.561483 -0.707018 0.005668 0.707172 0.075967 0.059653 1 3 1.000000
  3 6.776613 13.423184 16.987473 -0.707018 0.005668 0.707172 0.075839 0.068775 1 3 1.000000
shackles
  3 6.350608 14.208449 16.806025 -0.711363 -0.407669 0.572511 0.106366 0.064890 1 3 1.000000
  3 6.776613 13.423184 16.987473 -0.707018 0.005668 0.707172 0.075839 0.068775 1 3 1.000000
  3 6.776612 13.952224 17.152838 -0.711363 -0.407669 0.572511 0.096405 0.072316 1 3 1.000000
shackles
  3 6.350607 14.689714 17.459747 -0.713489 -0.666222 0.216982 0.125075 0.078888 1 3 1.000000
  3 6.350608 14.208449 16.806025 -0.711363 -0.407669 0.572511 0.106366 0.064890 1 3 1.000000
  3 6.776612 13.952224 17.152838 -0.711363 -0.407669 0.572511 0.096405 0.072316 1 3 1.000000
shackles
  3 6.350607 14.689714 17.459747 -0.713489 -0.666222 0.216982 0.125075 0.078888 1 3 1.000000
  3 6.776612 13.952224 17.152838 -0.711363 -0.407669 0.572511 0.096405 0.072316 1 3 1.000000
  3 6.776612 14.277588 17.594927 -0.713489 -0.666222 0.216982 0.109054 0.081782 1 3 1.000000
shackles
  3 6.350608 14.686068 18.272963 -0.710895 -0.667368 -0.221919 0.124933 0.096301 1 3 1.000000
  3 6.350607 14.689714 17.459747 -0.713489 -0.666222 0.216982 0.125075 0.078888 1 3 1.000000
  3 6.776612 14.277588 17.594927 -0.713489 -0.666222 0.216982 0.109054 0.081782 1 3 1.000000
shackles
  3 6.350608 14.686068 18.272963 -0.710895 -0.667368 -0.221919 0.124933 0.096301 1 3 1.000000
  3 6.776612 14.277588 17.594927 -0.713489 -0.666222 0.216982 0.109054 0.081782 1 3 1.000000
  3 6.776613 14.274816 18.144865 -0.710895 -0.667368 -0.221919 0.108946 0.093558 1 3 1.000000
shackles
  3 6.350609 14.197742 18.935043 -0.706997 -0.414109 -0.573297 0.105950 0.110479 1 3 1.000000
  3 6.350608 14.686068 18.272963 -0.710895 -0.667368 -0.221919 0.124933 0.096301 1 3 1.000000
  3 6.776613 14.274816 18.144865 -0.710895 -0.667368 -0.221919 0.108946 0.093558 1 3 1.000000
shackles
  3 6.350609 14.197742 18.935043 -0.706997 -0.414109 -0.573297 0.105950 0.110479 1 3 1.000000
  3 6.776613 14.274816 18.144865 -0.710895 -0.667368 -0.221919 0.108946 0.093558 1 3 1.000000
  3 6.776613 13.944427 18.592602 -0.706997 -0.414109 -0.573297 0.096102 0.103146 1 3 1.000000
shackles
  3 6.776613 13.412428 18.767117 -0.707103 -0.005513 -0.707089 0.075421 0.106883 1 3 1.000000
  3 6.350609 14.197742 18.935043 -0.706997 -0.414109 -0.573297 0.105950 0.110479 1 3 1.000000
  3 6.776613 13.944427 18.592602 -0.706997 -0.414109 -0.573297 0.096102 0.103146 1 3 1.000000
shackles
  3 6.776613 13.412428 18.767117 -0.707103 -0.005513 -0.707089 0.075421 0.106883 1 3 1.000000
  3 6.350609 13.410830 19.193110 -0.707103 -0.005513 -0.707089 0.075359 0.116005 1 3 1.000000
  3 6.350609 14.197742 18.935043 -0.706997 -0.414109 -0.573297 0.105950 0.110479 1 3 1.000000
shackles
  3 6.776613 13.412428 18.767117 -0.707103 -0.005513 -0.707089 0.075421 0.106883 1 3 1.000000
  3 6.350611 12.626904 18.948574 -0.697156 0.355394 -0.622630 0.044884 0.110768 1 3 1.000000
  3 6.350609 13.410830 19.193110 -0.707103 -0.005513 -0.707089 0.075359 0.116005 1 3 1.000000
shackles
  3 6.776613 13.412428 18.767117 -0.707103 -0.005513 -0.707089 0.075421 0.106883 1 3 1.000000
  3 6.776613 12.882490 18.601753 -0.697156 0.355394 -0.622630 0.054820 0.103342 1 3 1.000000
  3 6.350611 12.626904 18.948574 -0.697156 0.355394 -0.622630 0.044884 0.110768 1 3 1.000000
shackles
  3 6.350611 11.941412 18.294849 -0.686481 0.486883 -0.540082 0.018235 0.096770 1 3 1.000000
  3 6.350611 12.626904 18.948574 -0.697156 0.355394 -0.622630 0.044884 0.110768 1 3 1.000000
  3 6.776613 12.882490 18.601753 -0.697156 0.355394 -0.622630 0.054820 0.103342 1 3 1.000000
shackles
  3 6.350611 11.941412 18.294849 -0.686481 0.486883 -0.540082 0.018235 0.096770 1 3 1.000000
  3 6.776613 12.882490 18.601753 -0.697156 0.355394 -0.622630 0.054820 0.103342 1 3 1.000000
  3 6.776615 12.352440 18.159668 -0.686481 0.486883 -0.540082 0.034214 0.093875 1 3 1.000000
shackles
  3 7.202618 12.641815 16.819550 0.761345 -0.353455 -0.543529 0.045463 0.065179 1 3 1.000000
  3 7.202619 11.947760 17.481632 0.677089 -0.586010 -0.445132 0.018482 0.079357 1 3 1.000000
  3 6.776615 11.743979 17.353542 0.677089 -0.586010 -0.445132 0.010560 0.076614 2 3 0.502032 2 0.497968
shackles
  3 7.202618 12.641815 16.819550 0.761345 -0.353455 -0.543529 0.045463 0.065179 1 3 1.000000
  3 6.776615 11.743979 17.353542 0.677089 -0.586010 -0.445132 0.010560 0.076614 2 3 0.502032 2 0.497968
  3 6.775517 12.462511 16.154308 0.761345 -0.353455 -0.543529 0.038493 0.050934 1 3 1.000000
shackles
  3 7.202617 13.426674 16.561487 0.752258 0.060826 -0.656055 0.075975 0.059653 1 3 1.000000
  3 7.202618 12.641815 16.819550 0.761345 -0.353455 -0.543529 0.045463 0.065179 1 3 1.000000
  3 6.775517 12.462511 16.154308 0.761345 -0.353455 -0.543529 0.038493 0.050934 1 3 1.000000
shackles
  3 7.202617 13.426674 16.561487 0.752258 0.060826 -0.656055 0.075975 0.059653 1 3 1.000000
  3 6.775517 12.462511 16.154308 0.761345 -0.353455 -0.543529 0.038493 0.050934 1 3 1.000000
  3 6.776612 13.429645 16.135496 0.752258 0.060826 -0.656055 0.076090 0.050531 1 3 1.000000
shackles
  3 7.202616 14.208642 16.806019 0.711133 0.407826 -0.572684 0.106374 0.064889 1 3 1.000000
  3 7.202617 13.426674 16.561487 0.752258 0.060826 -0.656055 0.075975 0.059653 1 3 1.000000
  3 6.776612 13.429645 16.135496 0.752258 0.060826 -0.656055 0.076090 0.050531 1 3 1.000000
shackles
  3 7.202616 14.208642 16.806019 0.711133 0.407826 -0.572684 0.106374 0.064889 1 3 1.000000
  3 6.776612 13.429645 16.135496 0.752258 0.060826 -0.656055 0.076090 0.050531 1 3 1.000000
  3 6.776611 14.464349 16.459200 0.711133 0.407826 -0.572684 0.116314 0.057463 1 3 1.000000
shackles
  3 7.202616 14.689909 17.459747 0.713179 0.666444 -0.217319 0.125083 0.078888 1 3 1.000000
  3 7.202616 14.208642 16.806019 0.711133 0.407826 -0.572684 0.106374 0.064889 1 3 1.000000
  3 6.776611 14.464349 16.459200 0.711133 0.407826 -0.572684 0.116314 0.057463 1 3 1.000000
shackles
  3 7.202616 14.689909 17.459747 0.713179 0.666444 -0.217319 0.125083 0.078888 1 3 1.000000
  3 6.776611 14.464349 16.459200 0.711133 0.407826 -0.572684 0.116314 0.057463 1 3 1.000000
  3 6.776611 15.101605 17.324562 0.713179 0.666444 -0.217319 0.141087 0.075993 1 3 1.000000
shackles
  3 7.202617 14.686277 18.272959 0.710761 0.667594 0.221668 0.124942 0.096301 1 3 1.000000
  3 7.202616 14.689909 17.459747 0.713179 0.666444 -0.217319 0.125083 0.078888 1 3 1.000000
  3 6.776611 15.101605 17.324562 0.713179 0.666444 -0.217319 0.141087 0.075993 1 3 1.000000
shackles
  3 7.202617 14.686277 18.272959 0.710761 0.667594 0.221668 0.124942 0.096301 1 3 1.000000
  3 6.776611 15.101605 17.324562 0.713179 0.666444 -0.217319 0.141087 0.075993 1 3 1.000000
  3 6.776611 15.097372 18.401054 0.710761 0.667594 0.221668 0.140923 0.099044 1 3 1.000000
shackles
  3 7.202617 14.197974 18.935047 0.706976 0.414173 0.573276 0.105959 0.110479 1 3 1.000000
  3 7.202617 14.686277 18.272959 0.710761 0.667594 0.221668 0.124942 0.096301 1 3 1.000000
  3 6.776611 15.097372 18.401054 0.710761 0.667594 0.221668 0.140923 0.099044 1 3 1.000000
shackles
  3 7.202617 14.197974 18.935047 0.706976 0.414173 0.573276 0.105959 0.110479 1 3 1.000000
  3 6.776611 15.097372 18.401054 0.710761 0.667594 0.221668 0.140923 0.099044 1 3 1.000000
  3 6.776614 14.451291 19.277487 0.706976 0.414173 0.573276 0.115807 0.117811 1 3 1.000000
shackles
  3 6.776614 14.451291 19.277487 0.706976 0.414173 0.573276 0.115807 0.117811 1 3 1.000000
  3 7.202618 13.411082 19.193111 0.707111 0.005534 0.707081 0.075369 0.116005 1 3 1.000000
  3 7.202617 14.197974 18.935047 0.706976 0.414173 0.573276 0.105959 0.110479 1 3 1.000000
shackles
  3 6.776614 14.451291 19.277487 0.706976 0.414173 0.573276 0.115807 0.117811 1 3 1.000000
  3 6.776614 13.409342 19.619097 0.707111 0.005534 0.707081 0.075301 0.125126 1 3 1.000000
  3 7.202618 13.411082 19.193111 0.707111 0.005534 0.707081 0.075369 0.116005 1 3 1.000000
shackles
  3 6.776614 13.409342 19.619097 0.707111 0.005534 0.707081 0.075301 0.125126 1 3 1.000000
  3 7.202620 12.627168 18.948576 0.668335 -0.414412 0.617730 0.044894 0.110768 1 3 1.000000
  3 7.202618 13.411082 19.193111 0.707111 0.005534 0.707081 0.075369 0.116005 1 3 1.000000
shackles
  3 6.776614 13.409342 19.619097 0.707111 0.005534 0.707081 0.075301 0.125126 1 3 1.000000
  3 6.776614 12.371224 19.295399 0.668335 -0.414412 0.617730 0.034944 0.118195 1 3 1.000000
  3 7.202620 12.627168 18.948576 0.668335 -0.414412 0.617730 0.044894 0.110768 1 3 1.000000
shackles
  3 7.202620 11.941669 18.294846 0.615302 -0.594788 0.517331 0.018245 0.096770 2 3 0.617508 2 0.382492
  3 7.202620 12.627168 18.948576 0.668335 -0.414412 0.617730 0.044894 0.110768 1 3 1.000000
  3 6.776614 12.371224 19.295399 0.668335 -0.414412 0.617730 0.034944 0.118195 1 3 1.000000
shackles
  3 7.202620 11.941669 18.294846 0.615302 -0.594788 0.517331 0.018245 0.096770 2 3 0.617508 2 0.382492
  3 6.776614 12.371224 19.295399 0.668335 -0.414412 0.617730 0.034944 0.118195 1 3 1.000000
  3 6.776615 11.735454 18.430029 0.615302 -0.594788 0.517331 0.010229 0.099665 2 3 0.692378 2 0.307622
shackles
  3 6.776613 12.892122 17.161985 0.691910 0.363044 0.624067 0.055194 0.072512 1 3 1.000000
  3 6.776613 12.356348 17.609730 0.680267 0.491055 0.544152 0.034366 0.082099 1 3 1.000000
  3 7.202619 11.947760 17.481632 0.680267 0.491055 0.544152 0.018482 0.079357 1 3 1.000000
shackles
  3 6.776613 12.892122 17.161985 0.691910 0.363044 0.624067 0.055194 0.072512 1 3 1.000000
  3 7.202619 11.947760 17.481632 0.680267 0.491055 0.544152 0.018482 0.079357 1 3 1.000000
  3 7.202618 12.641815 16.819550 0.691910 0.363044 0.624067 0.045463 0.065179 1 3 1.000000
shackles
  3 6.776613 13.423184 16.987473 0.707014 0.005689 0.707176 0.075839 0.068775 1 3 1.000000
  3 6.776613 12.892122 17.161985 0.691910 0.363044 0.624067 0.055194 0.072512 1 3 1.000000
  3 7.202618 12.641815 16.819550 0.691910 0.363044 0.624067 0.045463 0.065179 1 3 1.000000
shackles
  3 6.776613 13.423184 16.987473 0.707014 0.005689 0.707176 0.075839 0.068775 1 3 1.000000
  3 7.202618 12.641815 16.819550 0.691910 0.363044 0.624067 0.045463 0.065179 1 3 1.000000
  3 7.202617 13.426674 16.561487 0.707014 0.005689 0.707176 0.075975 0.059653 1 3 1.000000
shackles
  3 6.776612 13.952224 17.152838 0.711456 -0.407602 0.572443 0.096405 0.072316 1 3 1.000000
  3 6.776613 13.423184 16.987473 0.707014 0.005689 0.707176 0.075839 0.068775 1 3 1.000000
  3 7.202617 13.426674 16.561487 0.707014 0.005689 0.707176 0.075975 0.059653 1 3 1.000000
shackles
  3 6.776612 13.952224 17.152838 0.711456 -0.407602 0.572443 0.096405 0.072316 1 3 1.000000
  3 7.202617 13.426674 16.561487 0.707014 0.005689 0.707176 0.075975 0.059653 1 3 1.000000
  3 7.202616 14.208642 16.806019 0.711456 -0.407602 0.572443 0.106374 0.064889 1 3 1.000000
shackles
  3 6.776612 14.277588 17.594927 0.713642 -0.666071 0.216943 0.109054 0.081782 1 3 1.000000
  3 6.776612 13.952224 17.152838 0.711456 -0.407602 0.572443 0.096405 0.072316 1 3 1.000000
  3 7.202616 14.208642 16.806019 0.711456 -0.407602 0.572443 0.106374 0.064889 1 3 1.000000
shackles
  3 6.776612 14.277588 17.594927 0.713642 -0.666071 0.216943 0.109054 0.081782 1 3 1.000000
  3 7.202616 14.208642 16.806019 0.711456 -0.407602 0.572443 0.106374 0.064889 1 3 1.000000
  3 7.202616 14.689909 17.459747 0.713642 -0.666071 0.216943 0.125083 0.078888 1 3 1.000000
shackles
  3 6.776613 14.274816 18.144865 0.711057 -0.667214 -0.221863 0.108946 0.093558 1 3 1.000000
  3 6.776612 14.277588 17.594927 0.713642 -0.666071 0.216943 0.109054 0.081782 1 3 1.000000
  3 7.202616 14.689909 17.459747 0.713642 -0.666071 0.216943 0.125083 0.078888 1 3 1.000000
shackles
  3 6.776613 14.274816 18.144865 0.711057 -0.667214 -0.221863 0.108946 0.093558 1 3 1.000000
  3 7.202616 14.689909 17.459747 0.713642 -0.666071 0.216943 0.125083 0.078888 1 3 1.000000
  3 7.202617 14.686277 18.272959 0.711057 -0.667214 -0.221863 0.124942 0.096301 1 3 1.000000
shackles
  3 6.776613 13.944427 18.592602 0.707108 -0.414037 -0.573212 0.096102 0.103146 1 3 1.000000
  3 6.776613 14.274816 18.144865 0.711057 -0.667214 -0.221863 0.108946 0.093558 1 3 1.000000
  3 7.202617 14.686277 18.272959 0.711057 -0.667214 -0.221863 0.124942 0.096301 1 3 1.000000
shackles
  3 6.776613 13.944427 18.592602 0.707108 -0.414037 -0.573212 0.096102 0.103146 1 3 1.000000
  3 7.202617 14.686277 18.272959 0.711057 -0.667214 -0.221863 0.124942 0.096301 1 3 1.000000
  3 7.202617 14.197974 18.935047 0.707108 -0.414037 -0.573212 0.105959 0.110479 1 3 1.000000
shackles
  3 7.202618 13.411082 19.193111 0.707102 -0.005491 -0.707090 0.075369 0.116005 1 3 1.000000
  3 6.776613 13.944427 18.592602 0.707108 -0.414037 -0.573212 0.096102 0.103146 1 3 1.000000
  3 7.202617 14.197974 18.935047 0.707108 -0.414037 -0.573212 0.105959 0.110479 1 3 1.000000
shackles
  3 7.202618 13.411082 19.193111 0.707102 -0.005491 -0.707090 0.075369 0.116005 1 3 1.000000
  3 6.776613 13.412428 18.767117 0.707102 -0.005491 -0.707090 0.075421 0.106883 1 3 1.000000
  3 6.776613 13.944427 18.592602 0.707108 -0.414037 -0.573212 0.096102 0.103146 1 3 1.000000
shackles
  3 7.202618 13.411082 19.193111 0.707102 -0.005491 -0.707090 0.075369 0.116005 1 3 1.000000
  3 6.776613 12.882490 18.601753 0.697041 0.355458 -0.622722 0.054820 0.103342 1 3 1.000000
  3 6.776613 13.412428 18.767117 0.707102 -0.005491 -0.707090 0.075421 0.106883 1 3 1.000000
shackles
  3 7.202618 13.411082 19.193111 0.707102 -0.005491 -0.707090 0.075369 0.116005 1 3 1.000000
  3 7.202620 12.627168 18.948576 0.697041 0.355458 -0.622722 0.044894 0.110768 1 3 1.000000
  3 6.776613 12.882490 18.601753 0.697041 0.355458 -0.622722 0.054820 0.103342 1 3 1.000000
shackles
  3 6.776615 12.352440 18.159668 0.686319 0.486985 -0.540195 0.034214 0.093875 1 3 1.000000
  3 6.776613 12.882490 18.601753 0.697041 0.355458 -0.622722 0.054820 0.103342 1 3 1.000000
  3 7.202620 12.627168 18.948576 0.697041 0.355458 -0.622722 0.044894 0.110768 1 3 1.000000
shackles
  3 6.776615 12.352440 18.159668 0.686319 0.486985 -0.540195 0.034214 0.093875 1 3 1.000000
  3 7.202620 12.627168 18.948576 0.697041 0.355458 -0.622722 0.044894 0.110768 1 3 1.000000
  3 7.202620 11.941669 18.294846 0.686319 0.486985 -0.540195 0.018245 0.096770 2 3 0.617508 2 0.382492
shackles
  8 -6.333019 12.306937 18.092014 0.716429 0.441214 -0.540426 0.034214 0.093875 1 8 1.000000
  8 -5.896169 12.563865 18.880896 0.719932 0.308544 -0.621690 0.044884 0.110768 1 8 1.000000
  8 -5.932245 11.873294 18.233543 0.716429 0.441214 -0.540426 0.018235 0.096770 1 8 1.000000
shackles
  8 -6.333019 12.306937 18.092014 0.716429 0.441214 -0.540426 0.034214 0.093875 1 8 1.000000
  8 -6.304777 12.840308 18.529177 0.719932 0.308544 -0.621690 0.054820 0.103342 1 8 1.000000
  8 -5.896169 12.563865 18.880896 0.719932 0.308544 -0.621690 0.044884 0.110768 1 8 1.000000
shackles
  8 -5.852165 13.348784 19.118176 0.709451 -0.053126 -0.702749 0.075359 0.116005 1 8 1.000000
  8 -5.896169 12.563865 18.880896 0.719932 0.308544 -0.621690 0.044884 0.110768 1 8 1.000000
  8 -6.304777 12.840308 18.529177 0.719932 0.308544 -0.621690 0.054820 0.103342 1 8 1.000000
shackles
  8 -5.852165 13.348784 19.118176 0.709451 -0.053126 -0.702749 0.075359 0.116005 1 8 1.000000
  8 -6.304777 12.840308 18.529177 0.719932 0.308544 -0.621690 0.054820 0.103342 1 8 1.000000
  8 -6.275031 13.370918 18.689636 0.709451 -0.053126 -0.702749 0.075421 0.106883 1 8 1.000000
shackles
  8 -6.243309 13.900334 18.510218 0.684983 -0.459735 -0.565192 0.096102 0.103146 1 8 1.000000
  8 -5.852165 13.348784 19.118176 0.709451 -0.053126 -0.702749 0.075359 0.116005 1 8 1.000000
  8 -6.275031 13.370918 18.689636 0.709451 -0.053126 -0.702749 0.075421 0.106883 1 8 1.000000
shackles
  8 -6.243309 13.900334 18.510218 0.684983 -0.459735 -0.565192 0.096102 0.103146 1 8 1.000000
  8 -5.805244 14.131878 18.852856 0.684983 -0.459735 -0.565192 0.105950 0.110479 1 8 1.000000
  8 -5.852165 13.348784 19.118176 0.709451 -0.053126 -0.702749 0.075359 0.116005 1 8 1.000000
shackles
  8 -6.243309 13.900334 18.510218 0.684983 -0.459735 -0.565192 0.096102 0.103146 1 8 1.000000
  8 -5.773386 14.613029 18.186304 0.672309 -0.709422 -0.211473 0.124933 0.096301 1 8 1.000000
  8 -5.805244 14.131878 18.852856 0.684983 -0.459735 -0.565192 0.105950 0.110479 1 8 1.000000
shackles
  8 -6.243309 13.900334 18.510218 0.684983 -0.459735 -0.565192 0.096102 0.103146 1 8 1.000000
  8 -6.221757 14.225872 18.059456 0.672309 -0.709422 -0.211473 0.108946 0.093558 1 8 1.000000
  8 -5.773386 14.613029 18.186304 0.672309 -0.709422 -0.211473 0.124933 0.096301 1 8 1.000000
shackles
  8 -6.221757 14.225872 18.059456 0.672309 -0.709422 -0.211473 0.108946 0.093558 1 8 1.000000
  8 -5.768735 14.608889 17.373104 0.672569 -0.704228 0.227407 0.125075 0.078888 1 8 1.000000
  8 -5.773386 14.613029 18.186304 0.672309 -0.709422 -0.211473 0.124933 0.096301 1 8 1.000000
shackles
  8 -6.221757 14.225872 18.059456 0.672309 -0.709422 -0.211473 0.108946 0.093558 1 8 1.000000
  8 -6.218593 14.223376 17.509523 0.672569 -0.704228 0.227407 0.109054 0.081782 1 8 1.000000
  8 -5.768735 14.608889 17.373104 0.672569 -0.704228 0.227407 0.125075 0.078888 1 8 1.000000
shackles
  8 -6.218593 14.223376 17.509523 0.672569 -0.704228 0.227407 0.109054 0.081782 1 8 1.000000
  8 -5.793001 14.122193 16.723866 0.683459 -0.442594 0.580513 0.106366 0.064890 1 8 1.000000
  8 -5.768735 14.608889 17.373104 0.672569 -0.704228 0.227407 0.125075 0.078888 1 8 1.000000
shackles
  8 -6.218593 14.223376 17.509523 0.672569 -0.704228 0.227407 0.109054 0.081782 1 8 1.000000
  8 -6.234997 13.894341 17.070469 0.683459 -0.442594 0.580513 0.096405 0.072316 1 8 1.000000
  8 -5.793001 14.122193 16.723866 0.683459 -0.442594 0.580513 0.106366 0.064890 1 8 1.000000
shackles
  8 -6.234997 13.894341 17.070469 0.683459 -0.442594 0.580513 0.096405 0.072316 1 8 1.000000
  8 -5.836890 13.339218 16.486565 0.702291 -0.028427 0.711322 0.075967 0.059653 1 8 1.000000
  8 -5.793001 14.122193 16.723866 0.683459 -0.442594 0.580513 0.106366 0.064890 1 8 1.000000
shackles
  8 -6.234997 13.894341 17.070469 0.683459 -0.442594 0.580513 0.096405 0.072316 1 8 1.000000
  8 -6.264692 13.364628 16.910000 0.702291 -0.028427 0.711322 0.075839 0.068775 1 8 1.000000
  8 -5.836890 13.339218 16.486565 0.702291 -0.028427 0.711322 0.075967 0.059653 1 8 1.000000
shackles
  8 -6.264692 13.364628 16.910000 0.702291 -0.028427 0.711322 0.075839 0.068775 1 8 1.000000
  8 -5.883693 12.558160 16.751862 0.708428 0.328348 0.624753 0.045455 0.065179 1 8 1.000000
  8 -5.836890 13.339218 16.486565 0.702291 -0.028427 0.711322 0.075967 0.059653 1 8 1.000000
shackles
  8 -6.264692 13.364628 16.910000 0.702291 -0.028427 0.711322 0.075839 0.068775 1 8 1.000000
  8 -6.296358 12.836146 17.089409 0.708428 0.328348 0.624753 0.055194 0.072512 1 8 1.000000
  8 -5.883693 12.558160 16.751862 0.708428 0.328348 0.624753 0.045455 0.065179 1 8 1.000000
shackles
  8 -6.296358 12.836146 17.089409 0.708428 0.328348 0.624753 0.055194 0.072512 1 8 1.000000
  8 -5.927451 11.871611 17.420322 0.704685 0.456011 0.543574 0.018473 0.079357 1 8 1.000000
  8 -5.883693 12.558160 16.751862 0.708428 0.328348 0.624753 0.045455 0.065179 1 8 1.000000
shackles
  8 -6.296358 12.836146 17.089409 0.708428 0.328348 0.624753 0.055194 0.072512 1 8 1.000000
  8 -6.329790 12.305576 17.542074 0.704685 0.456011 0.543574 0.034366 0.082099 1 8 1.000000
  8 -5.927451 11.871611 17.420322 0.704685 0.456011 0.543574 0.018473 0.079357 1 8 1.000000
shackles
  8 -6.782800 11.922781 18.228422 -0.654047 0.520636 -0.548781 0.018245 0.096770 1 8 1.000000
  8 -6.304777 12.840308 18.529177 -0.671906 0.389164 -0.630153 0.054820 0.103342 1 8 1.000000
  8 -6.333019 12.306937 18.092014 -0.654047 0.520636 -0.548781 0.034214 0.093875 1 8 1.000000
shackles
  8 -6.782800 11.922781 18.228422 -0.654047 0.520636 -0.548781 0.018245 0.096770 1 8 1.000000
  8 -6.746724 12.613358 18.875780 -0.671906 0.389164 -0.630153 0.044894 0.110768 1 8 1.000000
  8 -6.304777 12.840308 18.529177 -0.671906 0.389164 -0.630153 0.054820 0.103342 1 8 1.000000
shackles
  8 -6.275031 13.370918 18.689636 -0.702365 0.028609 -0.711242 0.075421 0.106883 1 8 1.000000
  8 -6.304777 12.840308 18.529177 -0.671906 0.389164 -0.630153 0.054820 0.103342 1 8 1.000000
  8 -6.746724 12.613358 18.875780 -0.671906 0.389164 -0.630153 0.044894 0.110768 1 8 1.000000
shackles
  8 -6.275031 13.370918 18.689636 -0.702365 0.028609 -0.711242 0.075421 0.106883 1 8 1.000000
  8 -6.746724 12.613358 18.875780 -0.671906 0.389164 -0.630153 0.044894 0.110768 1 8 1.000000
  8 -6.702720 13.398266 19.113060 -0.702365 0.028609 -0.711242 0.075369 0.116005 1 8 1.000000
shackles
  8 -6.655801 14.181338 18.847742 -0.726730 -0.377954 -0.573598 0.105959 0.110479 1 8 1.000000
  8 -6.275031 13.370918 18.689636 -0.702365 0.028609 -0.711242 0.075421 0.106883 1 8 1.000000
  8 -6.702720 13.398266 19.113060 -0.702365 0.028609 -0.711242 0.075369 0.116005 1 8 1.000000
shackles
  8 -6.655801 14.181338 18.847742 -0.726730 -0.377954 -0.573598 0.105959 0.110479 1 8 1.000000
  8 -6.243309 13.900334 18.510218 -0.726730 -0.377954 -0.573598 0.096102 0.103146 1 8 1.000000
  8 -6.275031 13.370918 18.689636 -0.702365 0.028609 -0.711242 0.075421 0.106883 1 8 1.000000
shackles
  8 -6.655801 14.181338 18.847742 -0.726730 -0.377954 -0.573598 0.105959 0.110479 1 8 1.000000
  8 -6.221757 14.225872 18.059456 -0.747233 -0.627107 -0.219955 0.108946 0.093558 1 8 1.000000
  8 -6.243309 13.900334 18.510218 -0.726730 -0.377954 -0.573598 0.096102 0.103146 1 8 1.000000
shackles
  8 -6.655801 14.181338 18.847742 -0.726730 -0.377954 -0.573598 0.105959 0.110479 1 8 1.000000
  8 -6.623944 14.662467 18.181185 -0.747233 -0.627107 -0.219955 0.124942 0.096301 1 8 1.000000
  8 -6.221757 14.225872 18.059456 -0.747233 -0.627107 -0.219955 0.108946 0.093558 1 8 1.000000
shackles
  8 -6.623944 14.662467 18.181185 -0.747233 -0.627107 -0.219955 0.124942 0.096301 1 8 1.000000
  8 -6.218593 14.223376 17.509523 -0.752143 -0.621618 0.218798 0.109054 0.081782 1 8 1.000000
  8 -6.221757 14.225872 18.059456 -0.747233 -0.627107 -0.219955 0.108946 0.093558 1 8 1.000000
shackles
  8 -6.623944 14.662467 18.181185 -0.747233 -0.627107 -0.219955 0.124942 0.096301 1 8 1.000000
  8 -6.619294 14.658312 17.367987 -0.752143 -0.621618 0.218798 0.125083 0.078888 1 8 1.000000
  8 -6.218593 14.223376 17.509523 -0.752143 -0.621618 0.218798 0.109054 0.081782 1 8 1.000000
shackles
  8 -6.619294 14.658312 17.367987 -0.752143 -0.621618 0.218798 0.125083 0.078888 1 8 1.000000
  8 -6.234997 13.894341 17.070469 -0.736953 -0.360316 0.571902 0.096405 0.072316 1 8 1.000000
  8 -6.218593 14.223376 17.509523 -0.752143 -0.621618 0.218798 0.109054 0.081782 1 8 1.000000
shackles
  8 -6.619294 14.658312 17.367987 -0.752143 -0.621618 0.218798 0.125083 0.078888 1 8 1.000000
  8 -6.643559 14.171615 16.718744 -0.736953 -0.360316 0.571902 0.106374 0.064889 1 8 1.000000
  8 -6.234997 13.894341 17.070469 -0.736953 -0.360316 0.571902 0.096405 0.072316 1 8 1.000000
shackles
  8 -6.643559 14.171615 16.718744 -0.736953 -0.360316 0.571902 0.106374 0.064889 1 8 1.000000
  8 -6.264692 13.364628 16.910000 -0.709352 0.053298 0.702836 0.075839 0.068775 1 8 1.000000
  8 -6.234997 13.894341 17.070469 -0.736953 -0.360316 0.571902 0.096405 0.072316 1 8 1.000000
shackles
  8 -6.643559 14.171615 16.718744 -0.736953 -0.360316 0.571902 0.106374 0.064889 1 8 1.000000
  8 -6.687449 13.388649 16.481451 -0.709352 0.053298 0.702836 0.075975 0.059653 1 8 1.000000
  8 -6.264692 13.364628 16.910000 -0.709352 0.053298 0.702836 0.075839 0.068775 1 8 1.000000
shackles
  8 -6.687449 13.388649 16.481451 -0.709352 0.053298 0.702836 0.075975 0.059653 1 8 1.000000
  8 -6.296358 12.836146 17.089409 -0.673152 0.408371 0.616521 0.055194 0.072512 1 8 1.000000
  8 -6.264692 13.364628 16.910000 -0.709352 0.053298 0.702836 0.075839 0.068775 1 8 1.000000
shackles
  8 -6.687449 13.388649 16.481451 -0.709352 0.053298 0.702836 0.075975 0.059653 1 8 1.000000
  8 -6.734250 12.607607 16.746746 -0.673152 0.408371 0.616521 0.045463 0.065179 1 8 1.000000
  8 -6.296358 12.836146 17.089409 -0.673152 0.408371 0.616521 0.055194 0.072512 1 8 1.000000
shackles
  8 -6.734250 12.607607 16.746746 -0.673152 0.408371 0.616521 0.045463 0.065179 1 8 1.000000
  8 -6.329790 12.305576 17.542074 -0.653690 0.534725 0.535498 0.034366 0.082099 1 8 1.000000
  8 -6.296358 12.836146 17.089409 -0.673152 0.408371 0.616521 0.055194 0.072512 1 8 1.000000
shackles
  8 -6.734250 12.607607 16.746746 -0.673152 0.408371 0.616521 0.045463 0.065179 1 8 1.000000
  8 -6.778006 11.921079 17.415203 -0.653690 0.534725 0.535498 0.018482 0.079357 1 8 1.000000
  8 -6.329790 12.305576 17.542074 -0.653690 0.534725 0.535498 0.034366 0.082099 1 8 1.000000
shackles
  8 -6.370179 11.693599 18.368061 -0.651486 -0.553264 0.519100 0.010229 0.099665 1 8 1.000000
  8 -6.746724 12.613358 18.875780 -0.694546 -0.369173 0.617509 0.044894 0.110768 1 8 1.000000
  8 -6.782800 11.922781 18.228422 -0.651486 -0.553264 0.519100 0.018245 0.096770 1 8 1.000000
shackles
  8 -6.370179 11.693599 18.368061 -0.651486 -0.553264 0.519100 0.010229 0.099665 1 8 1.000000
  8 -6.338133 12.336557 19.227503 -0.694546 -0.369173 0.617509 0.034944 0.118195 1 8 1.000000
  8 -6.746724 12.613358 18.875780 -0.694546 -0.369173 0.617509 0.044894 0.110768 1 8 1.000000
shackles
  8 -6.702720 13.398266 19.113060 -0.709457 0.053148 0.702742 0.075369 0.116005 1 8 1.000000
  8 -6.746724 12.613358 18.875780 -0.694546 -0.369173 0.617509 0.044894 0.110768 1 8 1.000000
  8 -6.338133 12.336557 19.227503 -0.694546 -0.369173 0.617509 0.034944 0.118195 1 8 1.000000
shackles
  8 -6.702720 13.398266 19.113060 -0.709457 0.053148 0.702742 0.075369 0.116005 1 8 1.000000
  8 -6.338133 12.336557 19.227503 -0.694546 -0.369173 0.617509 0.034944 0.118195 1 8 1.000000
  8 -6.279861 13.375991 19.541594 -0.709457 0.053148 0.702742 0.075301 0.125126 1 8 1.000000
shackles
  8 -6.655801 14.181338 18.847742 -0.684959 0.459797 0.565170 0.105959 0.110479 1 8 1.000000
  8 -6.702720 13.398266 19.113060 -0.709457 0.053148 0.702742 0.075369 0.116005 1 8 1.000000
  8 -6.279861 13.375991 19.541594 -0.709457 0.053148 0.702742 0.075301 0.125126 1 8 1.000000
shackles
  8 -6.655801 14.181338 18.847742 -0.684959 0.459797 0.565170 0.105959 0.110479 1 8 1.000000
  8 -6.279861 13.375991 19.541594 -0.709457 0.053148 0.702742 0.075301 0.125126 1 8 1.000000
  8 -6.217736 14.412883 19.190380 -0.684959 0.459797 0.565170 0.115807 0.117811 1 8 1.000000
shackles
  8 -6.217736 14.412883 19.190380 -0.684959 0.459797 0.565170 0.115807 0.117811 1 8 1.000000
  8 -6.623944 14.662467 18.181185 -0.672161 0.709638 0.211221 0.124942 0.096301 1 8 1.000000
  8 -6.655801 14.181338 18.847742 -0.684959 0.459797 0.565170 0.105959 0.110479 1 8 1.000000
shackles
  8 -6.217736 14.412883 19.190380 -0.684959 0.459797 0.565170 0.115807 0.117811 1 8 1.000000
  8 -6.175583 15.049468 18.308031 -0.672161 0.709638 0.211221 0.140923 0.099044 1 8 1.000000
  8 -6.623944 14.662467 18.181185 -0.672161 0.709638 0.211221 0.124942 0.096301 1 8 1.000000
shackles
  8 -6.175583 15.049468 18.308031 -0.672161 0.709638 0.211221 0.140923 0.099044 1 8 1.000000
  8 -6.619294 14.658312 17.367987 -0.672245 0.704428 -0.227744 0.125083 0.078888 1 8 1.000000
  8 -6.623944 14.662467 18.181185 -0.672161 0.709638 0.211221 0.124942 0.096301 1 8 1.000000
shackles
  8 -6.175583 15.049468 18.308031 -0.672161 0.709638 0.211221 0.140923 0.099044 1 8 1.000000
  8 -6.169460 15.043392 17.231565 -0.672245 0.704428 -0.227744 0.141087 0.075993 1 8 1.000000
  8 -6.619294 14.658312 17.367987 -0.672245 0.704428 -0.227744 0.125083 0.078888 1 8 1.000000
shackles
  8 -6.169460 15.043392 17.231565 -0.672245 0.704428 -0.227744 0.141087 0.075993 1 8 1.000000
  8 -6.643559 14.171615 16.718744 -0.683219 0.442736 -0.580686 0.106374 0.064889 1 8 1.000000
  8 -6.619294 14.658312 17.367987 -0.672245 0.704428 -0.227744 0.125083 0.078888 1 8 1.000000
shackles
  8 -6.169460 15.043392 17.231565 -0.672245 0.704428 -0.227744 0.141087 0.075993 1 8 1.000000
  8 -6.201591 14.398949 16.372141 -0.683219 0.442736 -0.580686 0.116314 0.057463 1 8 1.000000
  8 -6.643559 14.171615 16.718744 -0.683219 0.442736 -0.580686 0.106374 0.064889 1 8 1.000000
shackles
  8 -6.201591 14.398949 16.372141 -0.683219 0.442736 -0.580686 0.116314 0.057463 1 8 1.000000
  8 -6.687449 13.388649 16.481451 -0.743887 0.097910 -0.661094 0.075975 0.059653 1 8 1.000000
  8 -6.643559 14.171615 16.718744 -0.683219 0.442736 -0.580686 0.106374 0.064889 1 8 1.000000
shackles
  8 -6.201591 14.398949 16.372141 -0.683219 0.442736 -0.580686 0.116314 0.057463 1 8 1.000000
  8 -6.259665 13.362924 16.058016 -0.743887 0.097910 -0.661094 0.076090 0.050531 1 8 1.000000
  8 -6.687449 13.388649 16.481451 -0.743887 0.097910 -0.661094 0.075975 0.059653 1 8 1.000000
shackles
  8 -6.259665 13.362924 16.058016 -0.743887 0.097910 -0.661094 0.076090 0.050531 1 8 1.000000
  8 -6.734250 12.607607 16.746746 -0.777533 -0.314058 -0.544802 0.045463 0.065179 1 8 1.000000
  8 -6.687449 13.388649 16.481451 -0.743887 0.097910 -0.661094 0.075975 0.059653 1 8 1.000000
shackles
  8 -6.259665 13.362924 16.058016 -0.743887 0.097910 -0.661094 0.076090 0.050531 1 8 1.000000
  8 -6.314609 12.397567 16.085766 -0.777533 -0.314058 -0.544802 0.038493 0.050934 1 8 1.000000
  8 -6.734250 12.607607 16.746746 -0.777533 -0.314058 -0.544802 0.045463 0.065179 1 8 1.000000
shackles
  8 -6.314609 12.397567 16.085766 -0.777533 -0.314058 -0.544802 0.038493 0.050934 1 8 1.000000
  8 -6.778006 11.921079 17.415203 -0.707407 -0.550141 -0.443757 0.018482 0.079357 1 8 1.000000
  8 -6.734250 12.607607 16.746746 -0.777533 -0.314058 -0.544802 0.045463 0.065179 1 8 1.000000
shackles
  8 -6.314609 12.397567 16.085766 -0.777533 -0.314058 -0.544802 0.038493 0.050934 1 8 1.000000
  8 -6.363809 11.691807 17.291563 -0.707407 -0.550141 -0.443757 0.010560 0.076614 2 8 0.503569 7 0.496431
  8 -6.778006 11.921079 17.415203 -0.707407 -0.550141 -0.443757 0.018482 0.079357 1 8 1.000000
shackles
  8 -5.883693 12.558160 16.751862 0.743421 -0.401520 -0.534889 0.045455 0.065179 1 8 1.000000
  8 -5.927451 11.871611 17.420322 0.645093 -0.628349 -0.434779 0.018473 0.079357 1 8 1.000000
  8 -6.363809 11.691807 17.291563 0.645093 -0.628349 -0.434779 0.010560 0.076614 2 8 0.503569 7 0.496431
shackles
  8 -5.883693 12.558160 16.751862 0.743421 -0.401520 -0.534889 0.045455 0.065179 1 8 1.000000
  8 -6.363809 11.691807 17.291563 0.645093 -0.628349 -0.434779 0.010560 0.076614 2 8 0.503569 7 0.496431
  8 -6.314609 12.397567 16.085766 0.743421 -0.401520 -0.534889 0.038493 0.050934 1 8 1.000000
shackles
  8 -5.836890 13.339218 16.486565 0.758476 0.011517 -0.651599 0.075967 0.059653 1 8 1.000000
  8 -5.883693 12.558160 16.751862 0.743421 -0.401520 -0.534889 0.045455 0.065179 1 8 1.000000
  8 -6.314609 12.397567 16.085766 0.743421 -0.401520 -0.534889 0.038493 0.050934 1 8 1.000000
shackles
  8 -5.836890 13.339218 16.486565 0.758476 0.011517 -0.651599 0.075967 0.059653 1 8 1.000000
  8 -6.314609 12.397567 16.085766 0.743421 -0.401520 -0.534889 0.038493 0.050934 1 8 1.000000
  8 -6.259665 13.362924 16.058016 0.758476 0.011517 -0.651599 0.076090 0.050531 1 8 1.000000
shackles
  8 -5.793001 14.122193 16.723866 0.736736 0.360487 -0.572075 0.106366 0.064890 1 8 1.000000
  8 -5.836890 13.339218 16.486565 0.758476 0.011517 -0.651599 0.075967 0.059653 1 8 1.000000
  8 -6.259665 13.362924 16.058016 0.758476 0.011517 -0.651599 0.076090 0.050531 1 8 1.000000
shackles
  8 -5.793001 14.122193 16.723866 0.736736 0.360487 -0.572075 0.106366 0.064890 1 8 1.000000
  8 -6.259665 13.362924 16.058016 0.758476 0.011517 -0.651599 0.076090 0.050531 1 8 1.000000
  8 -6.201591 14.398949 16.372141 0.736736 0.360487 -0.572075 0.116314 0.057463 1 8 1.000000
shackles
  8 -5.768735 14.608889 17.373104 0.751851 0.621853 -0.219132 0.125075 0.078888 1 8 1.000000
  8 -5.793001 14.122193 16.723866 0.736736 0.360487 -0.572075 0.106366 0.064890 1 8 1.000000
  8 -6.201591 14.398949 16.372141 0.736736 0.360487 -0.572075 0.116314 0.057463 1 8 1.000000
shackles
  8 -5.768735 14.608889 17.373104 0.751851 0.621853 -0.219132 0.125075 0.078888 1 8 1.000000
  8 -6.201591 14.398949 16.372141 0.736736 0.360487 -0.572075 0.116314 0.057463 1 8 1.000000
  8 -6.169460 15.043392 17.231565 0.751851 0.621853 -0.219132 0.141087 0.075993 1 8 1.000000
shackles
  8 -5.773386 14.613029 18.186304 0.747115 0.627331 0.219716 0.124933 0.096301 1 8 1.000000
  8 -5.768735 14.608889 17.373104 0.751851 0.621853 -0.219132 0.125075 0.078888 1 8 1.000000
  8 -6.169460 15.043392 17.231565 0.751851 0.621853 -0.219132 0.141087 0.075993 1 8 1.000000
shackles
  8 -5.773386 14.613029 18.186304 0.747115 0.627331 0.219716 0.124933 0.096301 1 8 1.000000
  8 -6.169460 15.043392 17.231565 0.751851 0.621853 -0.219132 0.141087 0.075993 1 8 1.000000
  8 -6.175583 15.049468 18.308031 0.747115 0.627331 0.219716 0.140923 0.099044 1 8 1.000000
shackles
  8 -5.805244 14.131878 18.852856 0.726712 0.378011 0.573582 0.105950 0.110479 1 8 1.000000
  8 -5.773386 14.613029 18.186304 0.747115 0.627331 0.219716 0.124933 0.096301 1 8 1.000000
  8 -6.175583 15.049468 18.308031 0.747115 0.627331 0.219716 0.140923 0.099044 1 8 1.000000
shackles
  8 -5.805244 14.131878 18.852856 0.726712 0.378011 0.573582 0.105950 0.110479 1 8 1.000000
  8 -6.175583 15.049468 18.308031 0.747115 0.627331 0.219716 0.140923 0.099044 1 8 1.000000
  8 -6.217736 14.412883 19.190380 0.726712 0.378011 0.573582 0.115807 0.117811 1 8 1.000000
shackles
  8 -6.279861 13.375991 19.541594 0.702376 -0.028589 0.711232 0.075301 0.125126 1 8 1.000000
  8 -5.805244 14.131878 18.852856 0.726712 0.378011 0.573582 0.105950 0.110479 1 8 1.000000
  8 -6.217736 14.412883 19.190380 0.726712 0.378011 0.573582 0.115807 0.117811 1 8 1.000000
shackles
  8 -6.279861 13.375991 19.541594 0.702376 -0.028589 0.711232 0.075301 0.125126 1 8 1.000000
  8 -5.852165 13.348784 19.118176 0.702376 -0.028589 0.711232 0.075359 0.116005 1 8 1.000000
  8 -5.805244 14.131878 18.852856 0.726712 0.378011 0.573582 0.105950 0.110479 1 8 1.000000
shackles
  8 -6.279861 13.375991 19.541594 0.702376 -0.028589 0.711232 0.075301 0.125126 1 8 1.000000
  8 -5.896169 12.563865 18.880896 0.639719 -0.446481 0.625631 0.044884 0.110768 1 8 1.000000
  8 -5.852165 13.348784 19.118176 0.702376 -0.028589 0.711232 0.075359 0.116005 1 8 1.000000
shackles
  8 -6.279861 13.375991 19.541594 0.702376 -0.028589 0.711232 0.075301 0.125126 1 8 1.000000
  8 -6.338133 12.336557 19.227503 0.639719 -0.446481 0.625631 0.034944 0.118195 1 8 1.000000
  8 -5.896169 12.563865 18.880896 0.639719 -0.446481 0.625631 0.044884 0.110768 1 8 1.000000
shackles
  8 -5.932245 11.873294 18.233543 0.576804 -0.624489 0.526603 0.018235 0.096770 1 8 1.000000
  8 -5.896169 12.563865 18.880896 0.639719 -0.446481 0.625631 0.044884 0.110768 1 8 1.000000
  8 -6.338133 12.336557 19.227503 0.639719 -0.446481 0.625631 0.034944 0.118195 1 8 1.000000
shackles
  8 -5.932245 11.873294 18.233543 0.576804 -0.624489 0.526603 0.018235 0.096770 1 8 1.000000
  8 -6.338133 12.336557 19.227503 0.639719 -0.446481 0.625631 0.034944 0.118195 1 8 1.000000
  8 -6.370179 11.693599 18.368061 0.576804 -0.624489 0.526603 0.010229 0.099665 1 8 1.000000
shackles
  15 -0.111037 -6.209444 60.817120 0.000000 0.697069 -0.717004 0.884826 0.144203 2 15 0.500000 16 0.500000
  16 2.589746 -8.353723 61.485519 0.536382 0.362659 -0.762084 0.755009 0.200421 2 16 0.750000 17 0.250000
  16 -0.111044 -8.286786 60.886879 0.000000 0.236105 -0.971727 0.752546 0.145918 2 16 0.750000 17 0.250000
shackles
  15 -0.111037 -6.209444 60.817120 0.000000 0.697069 -0.717004 0.884826 0.144203 2 15 0.500000 16 0.500000
  15 1.676937 -6.344200 62.146282 0.564648 0.657270 -0.499168 0.880939 0.191395 2 15 0.500000 16 0.500000
  16 2.589746 -8.353723 61.485519 0.536382 0.362659 -0.762084 0.755009 0.200421 2 16 0.750000 17 0.250000
shackles
  15 1.676937 -6.344200 62.146282 0.564648 0.657270 -0.499168 0.880939 0.191395 2 15 0.500000 16 0.500000
  16 3.600898 -8.472963 62.504265 0.723183 0.526528 -0.446962 0.750009 0.227184 2 16 0.750000 17 0.250000
  16 2.589746 -8.353723 61.485519 0.536382 0.362659 -0.762084 0.755009 0.200421 2 16 0.750000 17 0.250000
shackles
  16 4.069747 -8.658802 64.128387 0.865965 0.496550 -0.059522 0.739483 0.258963 2 16 0.750000 17 0.250000
  16 3.600898 -8.472963 62.504265 0.723183 0.526528 -0.446962 0.750009 0.227184 2 16 0.750000 17 0.250000
  15 1.676937 -6.344200 62.146282 0.564648 0.657270 -0.499168 0.880939 0.191395 2 15 0.500000 16 0.500000
shackles
  16 4.069747 -8.658802 64.128387 0.865965 0.496550 -0.059522 0.739483 0.258963 2 16 0.750000 17 0.250000
  15 1.676937 -6.344200 62.146282 0.564648 0.657270 -0.499168 0.880939 0.191395 2 15 0.500000 16 0.500000
  15 2.804636 -6.540976 64.011032 0.717936 0.693508 -0.060127 0.871753 0.249469 2 15 0.500000 16 0.500000
shackles
  16 3.398249 -8.934118 66.468918 0.849974 0.289551 0.440118 0.720513 0.307800 2 16 0.750000 17 0.250000
  16 4.069747 -8.658802 64.128387 0.865965 0.496550 -0.059522 0.739483 0.258963 2 16 0.750000 17 0.250000
  15 2.804636 -6.540976 64.011032 0.717936 0.693508 -0.060127 0.871753 0.249469 2 15 0.500000 16 0.500000
shackles
  16 3.398249 -8.934118 66.468918 0.849974 0.289551 0.440118 0.720513 0.307800 2 16 0.750000 17 0.250000
  15 2.804636 -6.540976 64.011032 0.717936 0.693508 -0.060127 0.871753 0.249469 2 15 0.500000 16 0.500000
  15 2.754312 -6.804224 66.452530 0.714406 0.592315 0.372541 0.855772 0.315242 2 15 0.500000 16 0.500000
shackles
  15 2.754312 -6.804224 66.452530 0.714406 0.592315 0.372541 0.855772 0.315242 2 15 0.500000 16 0.500000
  16 2.114633 -9.072392 67.665092 0.664661 0.036453 0.746255 0.708648 0.346021 2 16 0.750000 17 0.250000
  16 3.398249 -8.934118 66.468918 0.849974 0.289551 0.440118 0.720513 0.307800 2 16 0.750000 17 0.250000
shackles
  15 2.754312 -6.804224 66.452530 0.714406 0.592315 0.372541 0.855772 0.315242 2 15 0.500000 16 0.500000
  15 1.137098 -7.026683 68.551369 0.533437 0.310934 0.786616 0.838540 0.376305 2 15 0.500000 16 0.500000
  16 2.114633 -9.072392 67.665092 0.664661 0.036453 0.746255 0.708648 0.346021 2 16 0.750000 17 0.250000
shackles
  15 1.137098 -7.026683 68.551369 0.533437 0.310934 0.786616 0.838540 0.376305 2 15 0.500000 16 0.500000
  16 1.085012 -9.156752 68.391472 0.369712 -0.599216 0.710108 0.700800 0.374333 2 16 0.750000 17 0.250000
  16 2.114633 -9.072392 67.665092 0.664661 0.036453 0.746255 0.708648 0.346021 2 16 0.750000 17 0.250000
shackles
  16 -0.111045 -9.184187 68.633972 0.000018 -0.633875 0.773435 0.696120 0.401343 2 16 0.750000 17 0.250000
  16 1.085012 -9.156752 68.391472 0.369712 -0.599216 0.710108 0.700800 0.374333 2 16 0.750000 17 0.250000
  15 1.137098 -7.026683 68.551369 0.533437 0.310934 0.786616 0.838540 0.376305 2 15 0.500000 16 0.500000
shackles
  16 -0.111045 -9.184187 68.633972 0.000018 -0.633875 0.773435 0.696120 0.401343 2 16 0.750000 17 0.250000
  15 1.137098 -7.026683 68.551369 0.533437 0.310934 0.786616 0.838540 0.376305 2 15 0.500000 16 0.500000
  15 -0.111037 -7.083561 69.099319 0.000000 0.301786 0.953376 0.832158 0.403167 2 15 0.500000 16 0.500000
shackles
  16 -1.307100 -9.156750 68.391472 -0.369596 -0.599532 0.709901 0.694891 0.428509 2 16 0.750000 17 0.250000
  16 -0.111045 -9.184187 68.633972 0.000018 -0.633875 0.773435 0.696120 0.401343 2 16 0.750000 17 0.250000
  15 -0.111037 -7.083561 69.099319 0.000000 0.301786 0.953376 0.832158 0.403167 2 15 0.500000 16 0.500000
shackles
  16 -1.307100 -9.156750 68.391472 -0.369596 -0.599532 0.709901 0.694891 0.428509 2 16 0.750000 17 0.250000
  15 -0.111037 -7.083561 69.099319 0.000000 0.301786 0.953376 0.832158 0.403167 2 15 0.500000 16 0.500000
  15 -1.359171 -7.026683 68.551369 -0.533436 0.310938 0.786615 0.832631 0.430151 2 15 0.500000 16 0.500000
shackles
  15 -1.359171 -7.026683 68.551369 -0.533436 0.310938 0.786615 0.832631 0.430151 2 15 0.500000 16 0.500000
  16 -2.336722 -9.072390 67.665092 -0.664661 0.036457 0.746255 0.697651 0.457288 2 16 0.750000 17 0.250000
  16 -1.307100 -9.156750 68.391472 -0.369596 -0.599532 0.709901 0.694891 0.428509 2 16 0.750000 17 0.250000
shackles
  15 -2.976385 -6.804224 66.452530 -0.714404 0.592317 0.372541 0.842206 0.490935 2 15 0.500000 16 0.500000
  16 -2.336722 -9.072390 67.665092 -0.664661 0.036457 0.746255 0.697651 0.457288 2 16 0.750000 17 0.250000
  15 -1.359171 -7.026683 68.551369 -0.533436 0.310938 0.786615 0.832631 0.430151 2 15 0.500000 16 0.500000
shackles
  15 -2.976385 -6.804224 66.452530 -0.714404 0.592317 0.372541 0.842206 0.490935 2 15 0.500000 16 0.500000
  16 -3.620338 -8.934118 66.468918 -0.849973 0.289556 0.440118 0.703175 0.496604 2 16 0.750000 17 0.250000
  16 -2.336722 -9.072390 67.665092 -0.664661 0.036457 0.746255 0.697651 0.457288 2 16 0.750000 17 0.250000
shackles
  15 -2.976385 -6.804224 66.452530 -0.714404 0.592317 0.372541 0.842206 0.490935 2 15 0.500000 16 0.500000
  16 -4.291838 -8.658800 64.128387 -0.865962 0.496555 -0.059522 0.718827 0.546542 2 16 0.750000 17 0.250000
  16 -3.620338 -8.934118 66.468918 -0.849973 0.289556 0.440118 0.703175 0.496604 2 16 0.750000 17 0.250000
shackles
  15 1.457361 -6.209412 62.386990 0.387040 0.885056 -0.258605 0.888541 0.189657 2 15 0.500000 16 0.500000
  15 -0.111037 -6.209444 60.817120 0.000000 0.697069 -0.717004 0.884826 0.144203 2 15 0.500000 16 0.500000
  15 -0.111037 -6.100680 61.167217 0.000000 0.957702 -0.287760 0.891379 0.143992 2 15 0.500000 16 0.500000
shackles
  15 1.457361 -6.209412 62.386990 0.387040 0.885056 -0.258605 0.888541 0.189657 2 15 0.500000 16 0.500000
  15 1.676937 -6.344200 62.146282 0.564648 0.657270 -0.499168 0.880939 0.191395 2 15 0.500000 16 0.500000
  15 -0.111037 -6.209444 60.817120 0.000000 0.697069 -0.717004 0.884826 0.144203 2 15 0.500000 16 0.500000
shackles
  15 2.446571 -6.243732 64.097969 0.529874 0.846148 -0.057162 0.888815 0.248651 2 15 0.500000 16 0.500000
  15 1.676937 -6.344200 62.146282 0.564648 0.657270 -0.499168 0.880939 0.191395 2 15 0.500000 16 0.500000
  15 1.457361 -6.209412 62.386990 0.387040 0.885056 -0.258605 0.888541 0.189657 2 15 0.500000 16 0.500000
shackles
  15 2.446571 -6.243732 64.097969 0.529874 0.846148 -0.057162 0.888815 0.248651 2 15 0.500000 16 0.500000
  15 2.804636 -6.540976 64.011032 0.717936 0.693508 -0.060127 0.871753 0.249469 2 15 0.500000 16 0.500000
  15 1.676937 -6.344200 62.146282 0.564648 0.657270 -0.499168 0.880939 0.191395 2 15 0.500000 16 0.500000
shackles
  15 2.402427 -6.625277 66.341614 0.504968 0.821015 0.266347 0.865721 0.317414 2 15 0.500000 16 0.500000
  15 2.804636 -6.540976 64.011032 0.717936 0.693508 -0.060127 0.871753 0.249469 2 15 0.500000 16 0.500000
  15 2.446571 -6.243732 64.097969 0.529874 0.846148 -0.057162 0.888815 0.248651 2 15 0.500000 16 0.500000
shackles
  15 2.402427 -6.625277 66.341614 0.504968 0.821015 0.266347 0.865721 0.317414 2 15 0.500000 16 0.500000
  15 2.754312 -6.804224 66.452530 0.714406 0.592315 0.372541 0.855772 0.315242 2 15 0.500000 16 0.500000
  15 2.804636 -6.540976 64.011032 0.717936 0.693508 -0.060127 0.871753 0.249469 2 15 0.500000 16 0.500000
shackles
  15 0.983818 -6.722720 68.268005 0.383143 0.739439 0.553562 0.856491 0.377861 2 15 0.500000 16 0.500000
  15 2.754312 -6.804224 66.452530 0.714406 0.592315 0.372541 0.855772 0.315242 2 15 0.500000 16 0.500000
  15 2.402427 -6.625277 66.341614 0.504968 0.821015 0.266347 0.865721 0.317414 2 15 0.500000 16 0.500000
shackles
  15 0.983818 -6.722720 68.268005 0.383143 0.739439 0.553562 0.856491 0.377861 2 15 0.500000 16 0.500000
  15 1.137098 -7.026683 68.551369 0.533437 0.310934 0.786616 0.838540 0.376305 2 15 0.500000 16 0.500000
  15 2.754312 -6.804224 66.452530 0.714406 0.592315 0.372541 0.855772 0.315242 2 15 0.500000 16 0.500000
shackles
  15 -0.111036 -6.676111 68.770195 0.000000 0.691258 0.722608 0.856708 0.403552 2 15 0.500000 16 0.500000
  15 1.137098 -7.026683 68.551369 0.533437 0.310934 0.786616 0.838540 0.376305 2 15 0.500000 16 0.500000
  15 0.983818 -6.722720 68.268005 0.383143 0.739439 0.553562 0.856491 0.377861 2 15 0.500000 16 0.500000
shackles
  15 -0.111036 -6.676111 68.770195 0.000000 0.691258 0.722608 0.856708 0.403552 2 15 0.500000 16 0.500000
  15 -0.111037 -7.083561 69.099319 0.000000 0.301786 0.953376 0.832158 0.403167 2 15 0.500000 16 0.500000
  15 1.137098 -7.026683 68.551369 0.533437 0.310934 0.786616 0.838540 0.376305 2 15 0.500000 16 0.500000
shackles
  15 -1.205891 -6.722721 68.267998 -0.383142 0.739442 0.553559 0.851308 0.429235 2 15 0.500000 16 0.500000
  15 -0.111037 -7.083561 69.099319 0.000000 0.301786 0.953376 0.832158 0.403167 2 15 0.500000 16 0.500000
  15 -0.111036 -6.676111 68.770195 0.000000 0.691258 0.722608 0.856708 0.403552 2 15 0.500000 16 0.500000
shackles
  15 -1.205891 -6.722721 68.267998 -0.383142 0.739442 0.553559 0.851308 0.429235 2 15 0.500000 16 0.500000
  15 -1.359171 -7.026683 68.551369 -0.533436 0.310938 0.786615 0.832631 0.430151 2 15 0.500000 16 0.500000
  15 -0.111037 -7.083561 69.099319 0.000000 0.301786 0.953376 0.832158 0.403167 2 15 0.500000 16 0.500000
shackles
  15 -2.624500 -6.625277 66.341629 -0.504968 0.821015 0.266348 0.853821 0.489123 2 15 0.500000 16 0.500000
  15 -1.359171 -7.026683 68.551369 -0.533436 0.310938 0.786615 0.832631 0.430151 2 15 0.500000 16 0.500000
  15 -1.205891 -6.722721 68.267998 -0.383142 0.739442 0.553559 0.851308 0.429235 2 15 0.500000 16 0.500000
shackles
  15 -2.624500 -6.625277 66.341629 -0.504968 0.821015 0.266348 0.853821 0.489123 2 15 0.500000 16 0.500000
  15 -2.976385 -6.804224 66.452530 -0.714404 0.592317 0.372541 0.842206 0.490935 2 15 0.500000 16 0.500000
  15 -1.359171 -7.026683 68.551369 -0.533436 0.310938 0.786615 0.832631 0.430151 2 15 0.500000 16 0.500000
shackles
  15 -2.668645 -6.243732 64.097977 -0.529874 0.846148 -0.057161 0.876705 0.555472 2 15 0.500000 16 0.500000
  15 -2.976385 -6.804224 66.452530 -0.714404 0.592317 0.372541 0.842206 0.490935 2 15 0.500000 16 0.500000
  15 -2.624500 -6.625277 66.341629 -0.504968 0.821015 0.266348 0.853821 0.489123 2 15 0.500000 16 0.500000
shackles
  15 -2.668645 -6.243732 64.097977 -0.529874 0.846148 -0.057161 0.876705 0.555472 2 15 0.500000 16 0.500000
  15 -3.026710 -6.540977 64.011032 -0.717934 0.693510 -0.060126 0.857948 0.554996 2 15 0.500000 16 0.500000
  15 -2.976385 -6.804224 66.452530 -0.714404 0.592317 0.372541 0.842206 0.490935 2 15 0.500000 16 0.500000
shackles
  15 -1.679435 -6.209413 62.386990 -0.387039 0.885056 -0.258605 0.881115 0.612652 2 15 0.500000 16 0.500000
  15 -3.026710 -6.540977 64.011032 -0.717934 0.693510 -0.060126 0.857948 0.554996 2 15 0.500000 16 0.500000
  15 -2.668645 -6.243732 64.097977 -0.529874 0.846148 -0.057161 0.876705 0.555472 2 15 0.500000 16 0.500000
shackles
  15 -1.679435 -6.209413 62.386990 -0.387039 0.885056 -0.258605 0.881115 0.612652 2 15 0.500000 16 0.500000
  15 -1.899011 -6.344201 62.146282 -0.564647 0.657272 -0.499166 0.872474 0.611452 2 15 0.500000 16 0.500000
  15 -3.026710 -6.540977 64.011032 -0.717934 0.693510 -0.060126 0.857948 0.554996 2 15 0.500000 16 0.500000
shackles
  15 -0.111037 -6.100680 61.167217 0.000000 0.957702 -0.287760 0.891379 0.658320 2 15 0.500000 16 0.500000
  15 -1.899011 -6.344201 62.146282 -0.564647 0.657272 -0.499166 0.872474 0.611452 2 15 0.500000 16 0.500000
  15 -1.679435 -6.209413 62.386990 -0.387039 0.885056 -0.258605 0.881115 0.612652 2 15 0.500000 16 0.500000
shackles
  15 -0.111037 -6.100680 61.167217 0.000000 0.957702 -0.287760 0.891379 0.658320 2 15 0.500000 16 0.500000
  15 -0.111037 -6.209444 60.817120 0.000000 0.697069 -0.717004 0.884826 0.658531 2 15 0.500000 16 0.500000
  15 -1.899011 -6.344201 62.146282 -0.564647 0.657272 -0.499166 0.872474 0.611452 2 15 0.500000 16 0.500000
shackles
  15 -2.976385 -6.804224 66.452530 -0.714404 0.592317 0.372541 0.842206 0.490935 2 15 0.500000 16 0.500000
  15 -3.026710 -6.540977 64.011032 -0.717934 0.693510 -0.060126 0.857948 0.554996 2 15 0.500000 16 0.500000
  16 -4.291838 -8.658800 64.128387 -0.865962 0.496555 -0.059522 0.718827 0.546542 2 16 0.750000 17 0.250000
shackles
  15 -3.026710 -6.540977 64.011032 -0.717934 0.693510 -0.060126 0.857948 0.554996 2 15 0.500000 16 0.500000
  16 -3.822986 -8.472963 62.504269 -0.723182 0.526531 -0.446959 0.731670 0.578661 2 16 0.750000 17 0.250000
  16 -4.291838 -8.658800 64.128387 -0.865962 0.496555 -0.059522 0.718827 0.546542 2 16 0.750000 17 0.250000
shackles
  15 -3.026710 -6.540977 64.011032 -0.717934 0.693510 -0.060126 0.857948 0.554996 2 15 0.500000 16 0.500000
  15 -1.899011 -6.344201 62.146282 -0.564647 0.657272 -0.499166 0.872474 0.611452 2 15 0.500000 16 0.500000
  16 -3.822986 -8.472963 62.504269 -0.723182 0.526531 -0.446959 0.731670 0.578661 2 16 0.750000 17 0.250000
shackles
  15 -1.899011 -6.344201 62.146282 -0.564647 0.657272 -0.499166 0.872474 0.611452 2 15 0.500000 16 0.500000
  16 -2.811834 -8.353723 61.485519 -0.536383 0.362663 -0.762082 0.741665 0.605566 2 16 0.750000 17 0.250000
  16 -3.822986 -8.472963 62.504269 -0.723182 0.526531 -0.446959 0.731670 0.578661 2 16 0.750000 17 0.250000
shackles
  16 -2.811834 -8.353723 61.485519 -0.536383 0.362663 -0.762082 0.741665 0.605566 2 16 0.750000 17 0.250000
  15 -1.899011 -6.344201 62.146282 -0.564647 0.657272 -0.499166 0.872474 0.611452 2 15 0.500000 16 0.500000
  15 -0.111037 -6.209444 60.817120 0.000000 0.697069 -0.717004 0.884826 0.658531 2 15 0.500000 16 0.500000
shackles
  16 -2.811834 -8.353723 61.485519 -0.536383 0.362663 -0.762082 0.741665 0.605566 2 16 0.750000 17 0.250000
  15 -0.111037 -6.209444 60.817120 0.000000 0.697069 -0.717004 0.884826 0.658531 2 15 0.500000 16 0.500000
  16 -0.111044 -8.286786 60.886879 0.000000 0.236105 -0.971727 0.752546 0.660246 2 16 0.750000 17 0.250000
shackles
  0 3.091629 -0.618115 40.332294 0.788644 -0.614231 -0.027585 0.057890 0.779452 1 0 1.000000
  0 3.606713 0.035394 39.451916 0.788644 -0.614231 -0.027585 0.096342 0.759769 1 0 1.000000
  0 3.596762 0.015121 40.333115 0.788644 -0.614231 -0.027585 0.095322 0.779468 1 0 1.000000
shackles
  0 3.091629 -0.618115 40.332294 0.788644 -0.614231 -0.027585 0.057890 0.779452 1 0 1.000000
  0 3.299534 -0.260241 39.101276 0.788644 -0.614231 -0.027585 0.076815 0.752009 1 0 1.000000
  0 3.606713 0.035394 39.451916 0.788644 -0.614231 -0.027585 0.096342 0.759769 1 0 1.000000
shackles
  0 3.091629 -0.618115 40.332294 0.788644 -0.614231 -0.027585 0.057890 0.779452 1 0 1.000000
  0 3.076346 -0.663596 39.547401 0.788644 -0.614231 -0.027585 0.055805 0.761877 1 0 1.000000
  0 3.299534 -0.260241 39.101276 0.788644 -0.614231 -0.027585 0.076815 0.752009 1 0 1.000000
shackles
  14 1.706268 -3.154170 59.365654 0.595704 -0.180283 -0.782710 0.374963 0.697543 3 14 0.535196 13 0.364804 16 0.100000
  15 -0.111037 -4.813163 59.746326 0.011644 -0.861811 -0.507096 0.496603 0.740348 2 15 0.506706 16 0.493294
  14 -0.111036 -3.800825 58.667374 0.009308 -0.340208 -0.940304 0.414557 0.735940 2 14 0.571994 13 0.428006
shackles
  14 1.706268 -3.154170 59.365654 0.595704 -0.180283 -0.782710 0.374963 0.697543 3 14 0.535196 13 0.364804 16 0.100000
  15 1.790489 -4.497864 60.437164 0.520354 -0.828535 -0.206790 0.485368 0.693025 2 15 0.518616 16 0.481384
  15 -0.111037 -4.813163 59.746326 0.011644 -0.861811 -0.507096 0.496603 0.740348 2 15 0.506706 16 0.493294
shackles
  15 1.790489 -4.497864 60.437164 0.520354 -0.828535 -0.206790 0.485368 0.693025 2 15 0.518616 16 0.481384
  15 -0.111036 -4.904372 60.014935 0.004844 -0.977934 -0.208855 0.503945 0.740950 2 15 0.505937 16 0.494063
  15 -0.111037 -4.813163 59.746326 0.011644 -0.861811 -0.507096 0.496603 0.740348 2 15 0.506706 16 0.493294
shackles
  15 1.790489 -4.497864 60.437164 0.520354 -0.828535 -0.206790 0.485368 0.693025 2 15 0.518616 16 0.481384
  15 1.531722 -4.575588 60.616848 0.321827 -0.937709 0.130875 0.489855 0.697733 2 15 0.518226 16 0.481774
  15 -0.111036 -4.904372 60.014935 0.004844 -0.977934 -0.208855 0.503945 0.740950 2 15 0.505937 16 0.494063
shackles
  15 2.314452 -3.562911 61.812752 0.595613 -0.792258 0.132559 0.414793 0.659094 2 15 0.601060 16 0.398940
  15 1.531722 -4.575588 60.616848 0.321827 -0.937709 0.130875 0.489855 0.697733 2 15 0.518226 16 0.481774
  15 1.790489 -4.497864 60.437164 0.520354 -0.828535 -0.206790 0.485368 0.693025 2 15 0.518616 16 0.481384
shackles
  15 2.314452 -3.562911 61.812752 0.595613 -0.792258 0.132559 0.414793 0.659094 2 15 0.601060 16 0.398940
  15 1.984382 -3.558547 61.958866 0.248266 -0.900959 0.355861 0.412124 0.664625 2 15 0.615594 16 0.384406
  15 1.531722 -4.575588 60.616848 0.321827 -0.937709 0.130875 0.489855 0.697733 2 15 0.518226 16 0.481774
shackles
  15 2.799255 -2.654256 65.077271 0.702739 -0.688718 0.178396 0.353643 0.542937 2 15 0.834086 14 0.165914
  15 1.984382 -3.558547 61.958866 0.248266 -0.900959 0.355861 0.412124 0.664625 2 15 0.615594 16 0.384406
  15 2.314452 -3.562911 61.812752 0.595613 -0.792258 0.132559 0.414793 0.659094 2 15 0.601060 16 0.398940
shackles
  15 2.799255 -2.654256 65.077271 0.702739 -0.688718 0.178396 0.353643 0.542937 2 15 0.834086 14 0.165914
  15 2.403212 -2.711665 65.122704 0.122405 -0.984986 0.121735 0.356567 0.539215 2 15 0.881971 14 0.118029
  15 1.984382 -3.558547 61.958866 0.248266 -0.900959 0.355861 0.412124 0.664625 2 15 0.615594 16 0.384406
shackles
  15 2.192922 -2.739292 67.626968 0.048489 -0.998592 0.021504 0.363720 0.471223 2 15 0.600000 14 0.400000
  15 2.403212 -2.711665 65.122704 0.122405 -0.984986 0.121735 0.356567 0.539215 2 15 0.881971 14 0.118029
  15 2.799255 -2.654256 65.077271 0.702739 -0.688718 0.178396 0.353643 0.542937 2 15 0.834086 14 0.165914
shackles
  15 2.192922 -2.739292 67.626968 0.048489 -0.998592 0.021504 0.363720 0.471223 2 15 0.600000 14 0.400000
  15 1.879390 -2.759049 67.424133 0.048489 -0.998592 0.021504 0.364200 0.465982 2 15 0.600000 14 0.400000
  15 2.403212 -2.711665 65.122704 0.122405 -0.984986 0.121735 0.356567 0.539215 2 15 0.881971 14 0.118029
shackles
  14 1.082249 -2.651981 69.603859 0.004237 -0.999861 0.016087 0.355465 0.417126 3 14 0.450000 15 0.450000 16 0.100000
  15 1.879390 -2.759049 67.424133 0.048489 -0.998592 0.021504 0.364200 0.465982 2 15 0.600000 14 0.400000
  15 2.192922 -2.739292 67.626968 0.048489 -0.998592 0.021504 0.363720 0.471223 2 15 0.600000 14 0.400000
shackles
  14 1.082249 -2.651981 69.603859 0.004237 -0.999861 0.016087 0.355465 0.417126 3 14 0.450000 15 0.450000 16 0.100000
  14 0.919862 -2.652043 69.239708 0.004237 -0.999861 0.016087 0.354957 0.414143 3 14 0.450000 15 0.450000 16 0.100000
  15 1.879390 -2.759049 67.424133 0.048489 -0.998592 0.021504 0.364200 0.465982 2 15 0.600000 14 0.400000
shackles
  14 -0.111037 -2.684071 70.126068 0.000000 -0.999920 -0.012619 0.355869 0.372673 3 14 0.450000 15 0.450000 16 0.100000
  14 0.919862 -2.652043 69.239708 0.004237 -0.999861 0.016087 0.354957 0.414143 3 14 0.450000 15 0.450000 16 0.100000
  14 1.082249 -2.651981 69.603859 0.004237 -0.999861 0.016087 0.355465 0.417126 3 14 0.450000 15 0.450000 16 0.100000
shackles
  14 -0.111037 -2.684071 70.126068 0.000000 -0.999920 -0.012619 0.355869 0.372673 3 14 0.450000 15 0.450000 16 0.100000
  14 -0.111037 -2.677495 69.713905 0.000000 -0.999920 -0.012619 0.355423 0.372514 3 14 0.450000 15 0.450000 16 0.100000
  14 0.919862 -2.652043 69.239708 0.004237 -0.999861 0.016087 0.354957 0.414143 3 14 0.450000 15 0.450000 16 0.100000
shackles
  14 -1.304323 -2.651981 69.603867 -0.004238 -0.999861 0.016088 0.351241 0.328046 3 14 0.450000 15 0.450000 16 0.100000
  14 -0.111037 -2.677495 69.713905 0.000000 -0.999920 -0.012619 0.355423 0.372514 3 14 0.450000 15 0.450000 16 0.100000
  14 -0.111037 -2.684071 70.126068 0.000000 -0.999920 -0.012619 0.355869 0.372673 3 14 0.450000 15 0.450000 16 0.100000
shackles
  14 -1.304323 -2.651981 69.603867 -0.004238 -0.999861 0.016088 0.351241 0.328046 3 14 0.450000 15 0.450000 16 0.100000
  14 -1.141936 -2.652043 69.239700 -0.004238 -0.999861 0.016088 0.351926 0.330686 3 14 0.450000 15 0.450000 16 0.100000
  14 -0.111037 -2.677495 69.713905 0.000000 -0.999920 -0.012619 0.355423 0.372514 3 14 0.450000 15 0.450000 16 0.100000
shackles
  15 -2.414996 -2.739291 67.626968 -0.048490 -0.998592 0.021505 0.357748 0.276313 2 15 0.790509 14 0.209491
  14 -1.141936 -2.652043 69.239700 -0.004238 -0.999861 0.016088 0.351926 0.330686 3 14 0.450000 15 0.450000 16 0.100000
  14 -1.304323 -2.651981 69.603867 -0.004238 -0.999861 0.016088 0.351241 0.328046 3 14 0.450000 15 0.450000 16 0.100000
shackles
  15 -2.414996 -2.739291 67.626968 -0.048490 -0.998592 0.021505 0.357748 0.276313 2 15 0.790509 14 0.209491
  15 -2.101464 -2.759050 67.424133 -0.048490 -0.998592 0.021505 0.360616 0.281065 2 15 0.834119 14 0.165881
  14 -1.141936 -2.652043 69.239700 -0.004238 -0.999861 0.016088 0.351926 0.330686 3 14 0.450000 15 0.450000 16 0.100000
shackles
  14 3.281035 -2.384792 60.729603 0.834510 -0.538831 -0.115128 0.324523 0.652953 2 14 0.653908 13 0.346092
  15 1.790489 -4.497864 60.437164 0.520354 -0.828535 -0.206790 0.485368 0.693025 2 15 0.518616 16 0.481384
  14 1.706268 -3.154170 59.365654 0.595704 -0.180283 -0.782710 0.374963 0.697543 3 14 0.535196 13 0.364804 16 0.100000
shackles
  14 3.281035 -2.384792 60.729603 0.834510 -0.538831 -0.115128 0.324523 0.652953 2 14 0.653908 13 0.346092
  15 2.314452 -3.562911 61.812752 0.595613 -0.792258 0.132559 0.414793 0.659094 2 15 0.601060 16 0.398940
  15 1.790489 -4.497864 60.437164 0.520354 -0.828535 -0.206790 0.485368 0.693025 2 15 0.518616 16 0.481384
shackles
  15 3.391904 -1.687791 63.426094 0.909692 -0.393631 0.132344 0.273328 0.593903 2 15 0.640556 14 0.359444
  15 2.314452 -3.562911 61.812752 0.595613 -0.792258 0.132559 0.414793 0.659094 2 15 0.601060 16 0.398940
  14 3.281035 -2.384792 60.729603 0.834510 -0.538831 -0.115128 0.324523 0.652953 2 14 0.653908 13 0.346092
shackles
  15 3.391904 -1.687791 63.426094 0.909692 -0.393631 0.132344 0.273328 0.593903 2 15 0.640556 14 0.359444
  15 2.799255 -2.654256 65.077271 0.702739 -0.688718 0.178396 0.353643 0.542937 2 15 0.834086 14 0.165914
  15 2.314452 -3.562911 61.812752 0.595613 -0.792258 0.132559 0.414793 0.659094 2 15 0.601060 16 0.398940
shackles
  15 3.391904 -1.687791 63.426094 0.909692 -0.393631 0.132344 0.273328 0.593903 2 15 0.640556 14 0.359444
  15 3.181554 -0.945774 65.309113 0.949318 -0.216499 0.227868 0.217087 0.532844 2 15 0.592440 14 0.407560
  15 2.799255 -2.654256 65.077271 0.702739 -0.688718 0.178396 0.353643 0.542937 2 15 0.834086 14 0.165914
shackles
  15 2.650290 0.226930 67.812492 0.929402 0.291550 0.226296 0.189287 0.479675 2 15 0.600000 14 0.400000
  15 2.799255 -2.654256 65.077271 0.702739 -0.688718 0.178396 0.353643 0.542937 2 15 0.834086 14 0.165914
  15 3.181554 -0.945774 65.309113 0.949318 -0.216499 0.227868 0.217087 0.532844 2 15 0.592440 14 0.407560
shackles
  15 2.650290 0.226930 67.812492 0.929402 0.291550 0.226296 0.189287 0.479675 2 15 0.600000 14 0.400000
  15 2.192922 -2.739292 67.626968 0.916381 -0.201065 0.346147 0.363720 0.471223 2 15 0.600000 14 0.400000
  15 2.799255 -2.654256 65.077271 0.702739 -0.688718 0.178396 0.353643 0.542937 2 15 0.834086 14 0.165914
shackles
  14 1.082249 -2.651981 69.603859 0.659035 -0.374282 0.652369 0.355465 0.417126 3 14 0.450000 15 0.450000 16 0.100000
  15 2.192922 -2.739292 67.626968 0.916381 -0.201065 0.346147 0.363720 0.471223 2 15 0.600000 14 0.400000
  15 2.650290 0.226930 67.812492 0.929402 0.291550 0.226296 0.189287 0.479675 2 15 0.600000 14 0.400000
shackles
  14 1.082249 -2.651981 69.603859 0.659035 -0.374282 0.652369 0.355465 0.417126 3 14 0.450000 15 0.450000 16 0.100000
  15 2.650290 0.226930 67.812492 0.929402 0.291550 0.226296 0.189287 0.479675 2 15 0.600000 14 0.400000
  14 1.082249 -0.580293 70.900146 0.696970 -0.056507 0.714870 0.242961 0.410440 3 14 0.450000 15 0.450000 16 0.100000
shackles
  14 -0.111037 -2.684071 70.126068 0.000001 -0.530993 0.847376 0.355869 0.372673 3 14 0.450000 15 0.450000 16 0.100000
  14 1.082249 -2.651981 69.603859 0.659035 -0.374282 0.652369 0.355465 0.417126 3 14 0.450000 15 0.450000 16 0.100000
  14 1.082249 -0.580293 70.900146 0.696970 -0.056507 0.714870 0.242961 0.410440 3 14 0.450000 15 0.450000 16 0.100000
shackles
  14 -0.111037 -2.684071 70.126068 0.000001 -0.530993 0.847376 0.355869 0.372673 3 14 0.450000 15 0.450000 16 0.100000
  14 1.082249 -0.580293 70.900146 0.696970 -0.056507 0.714870 0.242961 0.410440 3 14 0.450000 15 0.450000 16 0.100000
  14 -0.111037 -0.619216 71.421883 0.001317 -0.111865 0.993722 0.243775 0.373537 3 14 0.450000 15 0.450000 16 0.100000
shackles
  14 -1.304323 -2.651981 69.603867 -0.654039 -0.380085 0.654040 0.351241 0.328046 3 14 0.450000 15 0.450000 16 0.100000
  14 -0.111037 -2.684071 70.126068 0.000001 -0.530993 0.847376 0.355869 0.372673 3 14 0.450000 15 0.450000 16 0.100000
  14 -0.111037 -0.619216 71.421883 0.001317 -0.111865 0.993722 0.243775 0.373537 3 14 0.450000 15 0.450000 16 0.100000
shackles
  14 -1.304323 -2.651981 69.603867 -0.654039 -0.380085 0.654040 0.351241 0.328046 3 14 0.450000 15 0.450000 16 0.100000
  14 -0.111037 -0.619216 71.421883 0.001317 -0.111865 0.993722 0.243775 0.373537 3 14 0.450000 15 0.450000 16 0.100000
  14 -1.304323 -0.580293 70.900146 -0.697026 -0.063033 0.714270 0.239482 0.336840 3 14 0.450000 15 0.450000 16 0.100000
shackles
  14 1.458962 -2.957941 59.316650 0.413562 0.272785 -0.868651 0.357228 0.701764 3 14 0.525081 13 0.374919 16 0.100000
  14 -0.111036 -3.800825 58.667374 0.009308 -0.340208 -0.940304 0.414557 0.735940 2 14 0.571994 13 0.428006
  14 -0.111037 -3.618703 58.615082 0.000015 0.001961 -0.999998 0.399759 0.735265 2 14 0.560368 13 0.439632
shackles
  14 1.458962 -2.957941 59.316650 0.413562 0.272785 -0.868651 0.357228 0.701764 3 14 0.525081 13 0.374919 16 0.100000
  14 1.706268 -3.154170 59.365654 0.595704 -0.180283 -0.782710 0.374963 0.697543 3 14 0.535196 13 0.364804 16 0.100000
  14 -0.111036 -3.800825 58.667374 0.009308 -0.340208 -0.940304 0.414557 0.735940 2 14 0.571994 13 0.428006
shackles
  14 2.819429 -2.127096 60.703426 0.461229 0.722519 -0.515009 0.300320 0.660363 2 14 0.649881 13 0.350119
  14 1.706268 -3.154170 59.365654 0.595704 -0.180283 -0.782710 0.374963 0.697543 3 14 0.535196 13 0.364804 16 0.100000
  14 1.458962 -2.957941 59.316650 0.413562 0.272785 -0.868651 0.357228 0.701764 3 14 0.525081 13 0.374919 16 0.100000
shackles
  14 2.819429 -2.127096 60.703426 0.461229 0.722519 -0.515009 0.300320 0.660363 2 14 0.649881 13 0.350119
  14 3.281035 -2.384792 60.729603 0.461229 0.722519 -0.515009 0.324523 0.652953 2 14 0.653908 13 0.346092
  14 1.706268 -3.154170 59.365654 0.595704 -0.180283 -0.782710 0.374963 0.697543 3 14 0.535196 13 0.364804 16 0.100000
shackles
  15 2.958994 -1.482765 63.363861 0.483387 0.836086 -0.259416 0.253674 0.600382 2 15 0.637985 14 0.362015
  14 3.281035 -2.384792 60.729603 0.461229 0.722519 -0.515009 0.324523 0.652953 2 14 0.653908 13 0.346092
  14 2.819429 -2.127096 60.703426 0.461229 0.722519 -0.515009 0.300320 0.660363 2 14 0.649881 13 0.350119
shackles
  15 2.958994 -1.482765 63.363861 0.483387 0.836086 -0.259416 0.253674 0.600382 2 15 0.637985 14 0.362015
  15 3.391904 -1.687791 63.426094 0.483387 0.836086 -0.259416 0.273328 0.593903 2 15 0.640556 14 0.359444
  14 3.281035 -2.384792 60.729603 0.461229 0.722519 -0.515009 0.324523 0.652953 2 14 0.653908 13 0.346092
shackles
  15 2.716107 -0.621470 65.309036 0.559037 0.786809 -0.261553 0.188443 0.529510 2 15 0.577458 14 0.422542
  15 3.391904 -1.687791 63.426094 0.483387 0.836086 -0.259416 0.273328 0.593903 2 15 0.640556 14 0.359444
  15 2.958994 -1.482765 63.363861 0.483387 0.836086 -0.259416 0.253674 0.600382 2 15 0.637985 14 0.362015
shackles
  15 2.716107 -0.621470 65.309036 0.559037 0.786809 -0.261553 0.188443 0.529510 2 15 0.577458 14 0.422542
  15 3.181554 -0.945774 65.309113 0.559037 0.786809 -0.261553 0.217087 0.532844 2 15 0.592440 14 0.407560
  15 3.391904 -1.687791 63.426094 0.483387 0.836086 -0.259416 0.273328 0.593903 2 15 0.640556 14 0.359444
shackles
  14 2.248813 0.539035 67.588242 0.664927 0.740035 -0.101100 0.167013 0.474532 2 14 0.500000 15 0.500000
  15 3.181554 -0.945774 65.309113 0.559037 0.786809 -0.261553 0.217087 0.532844 2 15 0.592440 14 0.407560
  15 2.716107 -0.621470 65.309036 0.559037 0.786809 -0.261553 0.188443 0.529510 2 15 0.577458 14 0.422542
shackles
  14 2.248813 0.539035 67.588242 0.664927 0.740035 -0.101100 0.167013 0.474532 2 14 0.500000 15 0.500000
  15 2.650290 0.226930 67.812492 0.929402 0.291550 0.226296 0.189287 0.479675 2 15 0.600000 14 0.400000
  15 3.181554 -0.945774 65.309113 0.559037 0.786809 -0.261553 0.217087 0.532844 2 15 0.592440 14 0.407560
shackles
  14 0.919862 1.828276 69.719269 0.558502 0.784655 0.269057 0.079856 0.412658 2 14 0.500000 15 0.500000
  15 2.650290 0.226930 67.812492 0.929402 0.291550 0.226296 0.189287 0.479675 2 15 0.600000 14 0.400000
  14 2.248813 0.539035 67.588242 0.664927 0.740035 -0.101100 0.167013 0.474532 2 14 0.500000 15 0.500000
shackles
  14 0.919862 1.828276 69.719269 0.558502 0.784655 0.269057 0.079856 0.412658 2 14 0.500000 15 0.500000
  14 1.082249 1.553642 70.065010 0.649656 0.557893 0.516432 0.098803 0.414999 2 14 0.500000 15 0.500000
  15 2.650290 0.226930 67.812492 0.929402 0.291550 0.226296 0.189287 0.479675 2 15 0.600000 14 0.400000
shackles
  15 2.650290 0.226930 67.812492 0.929402 0.291550 0.226296 0.189287 0.479675 2 15 0.600000 14 0.400000
  14 1.082249 1.553642 70.065010 0.649656 0.557893 0.516432 0.098803 0.414999 2 14 0.500000 15 0.500000
  14 1.082249 -0.580293 70.900146 0.696970 -0.056507 0.714870 0.242961 0.410440 3 14 0.450000 15 0.450000 16 0.100000
shackles
  14 -0.111037 1.768680 70.619743 0.007889 0.644778 0.764329 0.082898 0.373894 2 14 0.500000 15 0.500000
  14 1.082249 -0.580293 70.900146 0.696970 -0.056507 0.714870 0.242961 0.410440 3 14 0.450000 15 0.450000 16 0.100000
  14 1.082249 1.553642 70.065010 0.649656 0.557893 0.516432 0.098803 0.414999 2 14 0.500000 15 0.500000
shackles
  14 -0.111037 1.768680 70.619743 0.007889 0.644778 0.764329 0.082898 0.373894 2 14 0.500000 15 0.500000
  14 -0.111037 -0.619216 71.421883 0.001317 -0.111865 0.993722 0.243775 0.373537 3 14 0.450000 15 0.450000 16 0.100000
  14 1.082249 -0.580293 70.900146 0.696970 -0.056507 0.714870 0.242961 0.410440 3 14 0.450000 15 0.450000 16 0.100000
shackles
  14 -1.304324 1.595955 70.065018 -0.657146 0.574373 0.488114 0.093227 0.333487 2 14 0.500000 15 0.500000
  14 -0.111037 -0.619216 71.421883 0.001317 -0.111865 0.993722 0.243775 0.373537 3 14 0.450000 15 0.450000 16 0.100000
  14 -0.111037 1.768680 70.619743 0.007889 0.644778 0.764329 0.082898 0.373894 2 14 0.500000 15 0.500000
shackles
  14 -1.304324 1.595955 70.065018 -0.657146 0.574373 0.488114 0.093227 0.333487 2 14 0.500000 15 0.500000
  14 -1.304323 -0.580293 70.900146 -0.697026 -0.063033 0.714270 0.239482 0.336840 3 14 0.450000 15 0.450000 16 0.100000
  14 -0.111037 -0.619216 71.421883 0.001317 -0.111865 0.993722 0.243775 0.373537 3 14 0.450000 15 0.450000 16 0.100000
shackles
  15 -2.872365 -0.034958 67.812485 -0.934745 0.289515 0.205993 0.202812 0.268171 2 15 0.504389 14 0.495611
  14 -1.304323 -0.580293 70.900146 -0.697026 -0.063033 0.714270 0.239482 0.336840 3 14 0.450000 15 0.450000 16 0.100000
  14 -1.304324 1.595955 70.065018 -0.657146 0.574373 0.488114 0.093227 0.333487 2 14 0.500000 15 0.500000
shackles
  14 -0.111037 2.014137 70.226082 0.012317 0.866295 0.499380 0.066359 0.374481 2 14 0.500000 15 0.500000
  14 1.082249 1.553642 70.065010 0.649656 0.557893 0.516432 0.098803 0.414999 2 14 0.500000 15 0.500000
  14 0.919862 1.828276 69.719269 0.558502 0.784655 0.269057 0.079856 0.412658 2 14 0.500000 15 0.500000
shackles
  14 -0.111037 2.014137 70.226082 0.012317 0.866295 0.499380 0.066359 0.374481 2 14 0.500000 15 0.500000
  14 -0.111037 1.768680 70.619743 0.007889 0.644778 0.764329 0.082898 0.373894 2 14 0.500000 15 0.500000
  14 1.082249 1.553642 70.065010 0.649656 0.557893 0.516432 0.098803 0.414999 2 14 0.500000 15 0.500000
shackles
  14 -1.141936 1.828274 69.719269 -0.551335 0.808748 0.204830 0.077988 0.337139 2 14 0.500000 15 0.500000
  14 -0.111037 1.768680 70.619743 0.007889 0.644778 0.764329 0.082898 0.373894 2 14 0.500000 15 0.500000
  14 -0.111037 2.014137 70.226082 0.012317 0.866295 0.499380 0.066359 0.374481 2 14 0.500000 15 0.500000
shackles
  14 -1.141936 1.828274 69.719269 -0.551335 0.808748 0.204830 0.077988 0.337139 2 14 0.500000 15 0.500000
  14 -1.304324 1.595955 70.065018 -0.657146 0.574373 0.488114 0.093227 0.333487 2 14 0.500000 15 0.500000
  14 -0.111037 1.768680 70.619743 0.007889 0.644778 0.764329 0.082898 0.373894 2 14 0.500000 15 0.500000
shackles
  15 -2.496592 0.207959 67.604477 -0.646745 0.747535 -0.151371 0.187579 0.273907 2 15 0.500567 14 0.499433
  14 -1.304324 1.595955 70.065018 -0.657146 0.574373 0.488114 0.093227 0.333487 2 14 0.500000 15 0.500000
  14 -1.141936 1.828274 69.719269 -0.551335 0.808748 0.204830 0.077988 0.337139 2 14 0.500000 15 0.500000
shackles
  15 -2.496592 0.207959 67.604477 -0.646745 0.747535 -0.151371 0.187579 0.273907 2 15 0.500567 14 0.499433
  15 -2.872365 -0.034958 67.812485 -0.934745 0.289515 0.205993 0.202812 0.268171 2 15 0.504389 14 0.495611
  14 -1.304324 1.595955 70.065018 -0.657146 0.574373 0.488114 0.093227 0.333487 2 14 0.500000 15 0.500000
shackles
  15 -2.946045 -0.863913 65.283676 -0.525304 0.817343 -0.236655 0.208307 0.212344 2 15 0.595334 14 0.404666
  15 -2.872365 -0.034958 67.812485 -0.934745 0.289515 0.205993 0.202812 0.268171 2 15 0.504389 14 0.495611
  15 -2.496592 0.207959 67.604477 -0.646745 0.747535 -0.151371 0.187579 0.273907 2 15 0.500567 14 0.499433
shackles
  15 -2.946045 -0.863913 65.283676 -0.525304 0.817343 -0.236655 0.208307 0.212344 2 15 0.595334 14 0.404666
  15 -3.412056 -1.169007 65.382034 -0.525304 0.817343 -0.236655 0.230604 0.213553 2 15 0.605115 14 0.394885
  15 -2.872365 -0.034958 67.812485 -0.934745 0.289515 0.205993 0.202812 0.268171 2 15 0.504389 14 0.495611
shackles
  15 -3.135026 -1.561112 63.417809 -0.416798 0.881444 -0.222116 0.270919 0.145774 2 15 0.639466 14 0.360534
  15 -3.412056 -1.169007 65.382034 -0.525304 0.817343 -0.236655 0.230604 0.213553 2 15 0.605115 14 0.394885
  15 -2.946045 -0.863913 65.283676 -0.525304 0.817343 -0.236655 0.208307 0.212344 2 15 0.595334 14 0.404666
shackles
  15 -3.135026 -1.561112 63.417809 -0.416798 0.881444 -0.222116 0.270919 0.145774 2 15 0.639466 14 0.360534
  15 -3.639519 -1.760326 63.373283 -0.416798 0.881444 -0.222116 0.283967 0.151454 2 15 0.635284 14 0.364716
  15 -3.412056 -1.169007 65.382034 -0.525304 0.817343 -0.236655 0.230604 0.213553 2 15 0.605115 14 0.394885
shackles
  14 -3.041503 -2.127096 60.703434 -0.397066 0.770980 -0.497924 0.323543 0.089026 2 14 0.646170 13 0.353830
  15 -3.639519 -1.760326 63.373283 -0.416798 0.881444 -0.222116 0.283967 0.151454 2 15 0.635284 14 0.364716
  15 -3.135026 -1.561112 63.417809 -0.416798 0.881444 -0.222116 0.270919 0.145774 2 15 0.639466 14 0.360534
shackles
  14 -3.041503 -2.127096 60.703434 -0.397066 0.770980 -0.497924 0.323543 0.089026 2 14 0.646170 13 0.353830
  14 -3.503109 -2.332105 60.729603 -0.397066 0.770980 -0.497924 0.336968 0.097967 2 14 0.647981 13 0.352019
  15 -3.639519 -1.760326 63.373283 -0.416798 0.881444 -0.222116 0.283967 0.151454 2 15 0.635284 14 0.364716
shackles
  14 -1.681036 -2.957941 59.316650 -0.397941 0.293612 -0.869157 0.402253 0.053738 2 14 0.582509 13 0.417491
  14 -3.503109 -2.332105 60.729603 -0.397066 0.770980 -0.497924 0.336968 0.097967 2 14 0.647981 13 0.352019
  14 -3.041503 -2.127096 60.703434 -0.397066 0.770980 -0.497924 0.323543 0.089026 2 14 0.646170 13 0.353830
shackles
  14 -1.681036 -2.957941 59.316650 -0.397941 0.293612 -0.869157 0.402253 0.053738 2 14 0.582509 13 0.417491
  14 -1.928341 -3.134644 59.365654 -0.583217 -0.152439 -0.797885 0.414829 0.059258 2 14 0.592708 13 0.407292
  14 -3.503109 -2.332105 60.729603 -0.397066 0.770980 -0.497924 0.336968 0.097967 2 14 0.647981 13 0.352019
shackles
  14 -0.111037 -3.618703 58.615082 0.000015 0.001961 -0.999998 0.467451 0.024882 2 14 0.560368 13 0.439632
  14 -1.928341 -3.134644 59.365654 -0.583217 -0.152439 -0.797885 0.414829 0.059258 2 14 0.592708 13 0.407292
  14 -1.681036 -2.957941 59.316650 -0.397941 0.293612 -0.869157 0.402253 0.053738 2 14 0.582509 13 0.417491
shackles
  14 -0.111037 -3.618703 58.615082 0.000015 0.001961 -0.999998 0.467451 0.024882 2 14 0.560368 13 0.439632
  14 -0.111036 -3.800825 58.667374 0.009308 -0.340208 -0.940304 0.482249 0.025557 2 14 0.571994 13 0.428006
  14 -1.928341 -3.134644 59.365654 -0.583217 -0.152439 -0.797885 0.414829 0.059258 2 14 0.592708 13 0.407292
shackles
  14 -1.304323 -2.651981 69.603867 -0.654039 -0.380085 0.654040 0.351241 0.328046 3 14 0.450000 15 0.450000 16 0.100000
  14 -1.304323 -0.580293 70.900146 -0.697026 -0.063033 0.714270 0.239482 0.336840 3 14 0.450000 15 0.450000 16 0.100000
  15 -2.872365 -0.034958 67.812485 -0.934745 0.289515 0.205993 0.202812 0.268171 2 15 0.504389 14 0.495611
shackles
  14 -1.304323 -2.651981 69.603867 -0.654039 -0.380085 0.654040 0.351241 0.328046 3 14 0.450000 15 0.450000 16 0.100000
  15 -2.872365 -0.034958 67.812485 -0.934745 0.289515 0.205993 0.202812 0.268171 2 15 0.504389 14 0.495611
  15 -2.414996 -2.739291 67.626968 -0.908970 -0.221451 0.353175 0.357748 0.276313 2 15 0.790509 14 0.209491
shackles
  15 -3.412056 -1.169007 65.382034 -0.940269 -0.253807 0.226884 0.230604 0.213553 2 15 0.605115 14 0.394885
  15 -2.414996 -2.739291 67.626968 -0.908970 -0.221451 0.353175 0.357748 0.276313 2 15 0.790509 14 0.209491
  15 -2.872365 -0.034958 67.812485 -0.934745 0.289515 0.205993 0.202812 0.268171 2 15 0.504389 14 0.495611
shackles
  15 -3.412056 -1.169007 65.382034 -0.940269 -0.253807 0.226884 0.230604 0.213553 2 15 0.605115 14 0.394885
  15 -3.021328 -2.654257 65.077271 -0.689037 -0.703510 0.174076 0.354572 0.207812 2 15 0.811091 14 0.188909
  15 -2.414996 -2.739291 67.626968 -0.908970 -0.221451 0.353175 0.357748 0.276313 2 15 0.790509 14 0.209491
shackles
  15 -3.639519 -1.760326 63.373283 -0.896831 -0.425092 0.122438 0.283967 0.151454 2 15 0.635284 14 0.364716
  15 -3.021328 -2.654257 65.077271 -0.689037 -0.703510 0.174076 0.354572 0.207812 2 15 0.811091 14 0.188909
  15 -3.412056 -1.169007 65.382034 -0.940269 -0.253807 0.226884 0.230604 0.213553 2 15 0.605115 14 0.394885
shackles
  14 -3.503109 -2.332105 60.729603 -0.836989 -0.533589 -0.121373 0.336968 0.097967 2 14 0.647981 13 0.352019
  15 -3.021328 -2.654257 65.077271 -0.689037 -0.703510 0.174076 0.354572 0.207812 2 15 0.811091 14 0.188909
  15 -3.639519 -1.760326 63.373283 -0.896831 -0.425092 0.122438 0.283967 0.151454 2 15 0.635284 14 0.364716
shackles
  14 -3.503109 -2.332105 60.729603 -0.836989 -0.533589 -0.121373 0.336968 0.097967 2 14 0.647981 13 0.352019
  15 -2.536524 -3.562909 61.812752 -0.627270 -0.772699 0.097302 0.442072 0.101642 2 15 0.596322 16 0.403678
  15 -3.021328 -2.654257 65.077271 -0.689037 -0.703510 0.174076 0.354572 0.207812 2 15 0.811091 14 0.188909
shackles
  14 -1.928341 -3.134644 59.365654 -0.583217 -0.152439 -0.797885 0.414829 0.059258 2 14 0.592708 13 0.407292
  15 -2.536524 -3.562909 61.812752 -0.627270 -0.772699 0.097302 0.442072 0.101642 2 15 0.596322 16 0.403678
  14 -3.503109 -2.332105 60.729603 -0.836989 -0.533589 -0.121373 0.336968 0.097967 2 14 0.647981 13 0.352019
shackles
  14 -1.928341 -3.134644 59.365654 -0.583217 -0.152439 -0.797885 0.414829 0.059258 2 14 0.592708 13 0.407292
  15 -2.012562 -4.459174 60.182365 -0.548075 -0.800104 -0.243818 0.521169 0.072060 2 15 0.517096 16 0.482904
  15 -2.536524 -3.562909 61.812752 -0.627270 -0.772699 0.097302 0.442072 0.101642 2 15 0.596322 16 0.403678
shackles
  14 -0.111036 -3.800825 58.667374 0.009308 -0.340208 -0.940304 0.482249 0.025557 2 14 0.571994 13 0.428006
  15 -2.012562 -4.459174 60.182365 -0.548075 -0.800104 -0.243818 0.521169 0.072060 2 15 0.517096 16 0.482904
  14 -1.928341 -3.134644 59.365654 -0.583217 -0.152439 -0.797885 0.414829 0.059258 2 14 0.592708 13 0.407292
shackles
  14 -0.111036 -3.800825 58.667374 0.009308 -0.340208 -0.940304 0.482249 0.025557 2 14 0.571994 13 0.428006
  15 -0.111037 -4.813163 59.746326 0.011644 -0.861811 -0.507096 0.564296 0.029966 2 15 0.506706 16 0.493294
  15 -2.012562 -4.459174 60.182365 -0.548075 -0.800104 -0.243818 0.521169 0.072060 2 15 0.517096 16 0.482904
shackles
  15 -0.111037 -4.813163 59.746326 0.011644 -0.861811 -0.507096 0.564296 0.029966 2 15 0.506706 16 0.493294
  15 -1.753795 -4.575588 60.616848 -0.386653 -0.918552 0.082227 0.532064 0.071113 2 15 0.517732 16 0.482268
  15 -2.012562 -4.459174 60.182365 -0.548075 -0.800104 -0.243818 0.521169 0.072060 2 15 0.517096 16 0.482904
shackles
  15 -0.111037 -4.813163 59.746326 0.011644 -0.861811 -0.507096 0.564296 0.029966 2 15 0.506706 16 0.493294
  15 -0.111036 -4.904372 60.014935 0.004844 -0.977934 -0.208855 0.571637 0.030568 2 15 0.505937 16 0.494063
  15 -1.753795 -4.575588 60.616848 -0.386653 -0.918552 0.082227 0.532064 0.071113 2 15 0.517732 16 0.482268
shackles
  15 -3.021328 -2.654257 65.077271 -0.689037 -0.703510 0.174076 0.354572 0.207812 2 15 0.811091 14 0.188909
  15 -2.101464 -2.759050 67.424133 -0.048490 -0.998592 0.021505 0.360616 0.281065 2 15 0.834119 14 0.165881
  15 -2.414996 -2.739291 67.626968 -0.048490 -0.998592 0.021505 0.357748 0.276313 2 15 0.790509 14 0.209491
shackles
  15 -3.021328 -2.654257 65.077271 -0.689037 -0.703510 0.174076 0.354572 0.207812 2 15 0.811091 14 0.188909
  15 -2.625285 -2.711665 65.122704 -0.122403 -0.984986 0.121735 0.361004 0.211553 2 15 0.858474 14 0.141526
  15 -2.101464 -2.759050 67.424133 -0.048490 -0.998592 0.021505 0.360616 0.281065 2 15 0.834119 14 0.165881
shackles
  15 -2.536524 -3.562909 61.812752 -0.627270 -0.772699 0.097302 0.442072 0.101642 2 15 0.596322 16 0.403678
  15 -2.625285 -2.711665 65.122704 -0.122403 -0.984986 0.121735 0.361004 0.211553 2 15 0.858474 14 0.141526
  15 -3.021328 -2.654257 65.077271 -0.689037 -0.703510 0.174076 0.354572 0.207812 2 15 0.811091 14 0.188909
shackles
  15 -2.536524 -3.562909 61.812752 -0.627270 -0.772699 0.097302 0.442072 0.101642 2 15 0.596322 16 0.403678
  15 -2.206455 -3.558547 61.958851 -0.321842 -0.897089 0.302736 0.443913 0.096744 2 15 0.610337 16 0.389663
  15 -2.625285 -2.711665 65.122704 -0.122403 -0.984986 0.121735 0.361004 0.211553 2 15 0.858474 14 0.141526
shackles
  15 -2.012562 -4.459174 60.182365 -0.548075 -0.800104 -0.243818 0.521169 0.072060 2 15 0.517096 16 0.482904
  15 -2.206455 -3.558547 61.958851 -0.321842 -0.897089 0.302736 0.443913 0.096744 2 15 0.610337 16 0.389663
  15 -2.536524 -3.562909 61.812752 -0.627270 -0.772699 0.097302 0.442072 0.101642 2 15 0.596322 16 0.403678
shackles
  15 -2.012562 -4.459174 60.182365 -0.548075 -0.800104 -0.243818 0.521169 0.072060 2 15 0.517096 16 0.482904
  15 -1.753795 -4.575588 60.616848 -0.386653 -0.918552 0.082227 0.532064 0.071113 2 15 0.517732 16 0.482268
  15 -2.206455 -3.558547 61.958851 -0.321842 -0.897089 0.302736 0.443913 0.096744 2 15 0.610337 16 0.389663
shackles
  31 -36.288406 -10.770480 62.418453 0.532836 0.133934 -0.835552 0.127031 0.941489 1 31 1.000000
  31 -36.744339 -11.545698 61.954475 0.553688 0.163104 -0.816594 0.150695 0.942278 2 31 0.833943 32 0.166057
  31 -37.331558 -10.097618 61.884468 0.553688 0.163104 -0.816594 0.131500 0.953641 1 31 1.000000
shackles
  31 -36.288406 -10.770480 62.418453 0.532836 0.133934 -0.835552 0.127031 0.941489 1 31 1.000000
  31 -35.927998 -12.073653 62.441460 0.532836 0.133934 -0.835552 0.146553 0.939119 1 31 1.000000
  31 -36.744339 -11.545698 61.954475 0.553688 0.163104 -0.816594 0.150695 0.942278 2 31 0.833943 32 0.166057
shackles
  31 -34.852249 -7.487123 63.647976 0.511107 0.104545 -0.853135 0.039418 0.947033 1 31 1.000000
  31 -35.927998 -12.073653 62.441460 0.532836 0.133934 -0.835552 0.146553 0.939119 1 31 1.000000
  31 -36.288406 -10.770480 62.418453 0.532836 0.133934 -0.835552 0.127031 0.941489 1 31 1.000000
shackles
  31 -34.852249 -7.487123 63.647976 0.511107 0.104545 -0.853135 0.039418 0.947033 1 31 1.000000
  31 -34.553020 -9.336195 63.633869 0.511107 0.104545 -0.853135 0.069919 0.940386 1 31 1.000000
  31 -35.927998 -12.073653 62.441460 0.532836 0.133934 -0.835552 0.146553 0.939119 1 31 1.000000
shackles
  16 -2.479271 -8.548498 61.913757 -0.149664 -0.906232 -0.395404 0.730238 0.605653 2 16 0.750000 17 0.250000
  16 -0.111044 -8.286786 60.886879 0.000032 -0.885342 -0.464939 0.752546 0.660246 2 16 0.750000 17 0.250000
  16 -0.110156 -8.617842 61.385941 0.000032 -0.885342 -0.464939 0.731730 0.660613 2 16 0.750000 17 0.250000
shackles
  16 -2.479271 -8.548498 61.913757 -0.149664 -0.906232 -0.395404 0.730238 0.605653 2 16 0.750000 17 0.250000
  16 -2.811834 -8.353723 61.485519 -0.149664 -0.906232 -0.395404 0.741665 0.605566 2 16 0.750000 17 0.250000
  16 -0.111044 -8.286786 60.886879 0.000032 -0.885342 -0.464939 0.752546 0.660246 2 16 0.750000 17 0.250000
shackles
  16 -3.366246 -8.704676 62.814892 -0.220062 -0.947313 -0.232745 0.718227 0.578548 2 16 0.750000 17 0.250000
  16 -2.811834 -8.353723 61.485519 -0.149664 -0.906232 -0.395404 0.741665 0.605566 2 16 0.750000 17 0.250000
  16 -2.479271 -8.548498 61.913757 -0.149664 -0.906232 -0.395404 0.730238 0.605653 2 16 0.750000 17 0.250000
shackles
  16 -3.366246 -8.704676 62.814892 -0.220062 -0.947313 -0.232745 0.718227 0.578548 2 16 0.750000 17 0.250000
  16 -3.822986 -8.472963 62.504269 -0.220062 -0.947313 -0.232745 0.731670 0.578661 2 16 0.750000 17 0.250000
  16 -2.811834 -8.353723 61.485519 -0.149664 -0.906232 -0.395404 0.741665 0.605566 2 16 0.750000 17 0.250000
shackles
  16 -3.777518 -8.734533 64.249168 -0.275730 -0.955945 -0.100708 0.715333 0.546041 2 16 0.750000 17 0.250000
  16 -3.822986 -8.472963 62.504269 -0.220062 -0.947313 -0.232745 0.731670 0.578661 2 16 0.750000 17 0.250000
  16 -3.366246 -8.704676 62.814892 -0.220062 -0.947313 -0.232745 0.718227 0.578548 2 16 0.750000 17 0.250000
shackles
  16 -3.777518 -8.734533 64.249168 -0.275730 -0.955945 -0.100708 0.715333 0.546041 2 16 0.750000 17 0.250000
  16 -4.291838 -8.658800 64.128387 -0.275730 -0.955945 -0.100708 0.718827 0.546542 2 16 0.750000 17 0.250000
  16 -3.822986 -8.472963 62.504269 -0.220062 -0.947313 -0.232745 0.731670 0.578661 2 16 0.750000 17 0.250000
shackles
  16 -3.188485 -9.163404 66.320236 -0.334151 -0.935960 0.111004 0.689823 0.495505 2 16 0.750000 17 0.250000
  16 -4.291838 -8.658800 64.128387 -0.275730 -0.955945 -0.100708 0.718827 0.546542 2 16 0.750000 17 0.250000
  16 -3.777518 -8.734533 64.249168 -0.275730 -0.955945 -0.100708 0.715333 0.546041 2 16 0.750000 17 0.250000
shackles
  16 -3.188485 -9.163404 66.320236 -0.334151 -0.935960 0.111004 0.689823 0.495505 2 16 0.750000 17 0.250000
  16 -3.620338 -8.934118 66.468918 -0.334151 -0.935960 0.111004 0.703175 0.496604 2 16 0.750000 17 0.250000
  16 -4.291838 -8.658800 64.128387 -0.275730 -0.955945 -0.100708 0.718827 0.546542 2 16 0.750000 17 0.250000
shackles
  16 -2.062505 -9.257502 67.377365 -0.322427 -0.899181 0.295827 0.686688 0.456182 2 16 0.750000 17 0.250000
  16 -3.620338 -8.934118 66.468918 -0.334151 -0.935960 0.111004 0.703175 0.496604 2 16 0.750000 17 0.250000
  16 -3.188485 -9.163404 66.320236 -0.334151 -0.935960 0.111004 0.689823 0.495505 2 16 0.750000 17 0.250000
shackles
  16 -2.062505 -9.257502 67.377365 -0.322427 -0.899181 0.295827 0.686688 0.456182 2 16 0.750000 17 0.250000
  16 -2.336722 -9.072390 67.665092 -0.322427 -0.899181 0.295827 0.697651 0.457288 2 16 0.750000 17 0.250000
  16 -3.620338 -8.934118 66.468918 -0.334151 -0.935960 0.111004 0.703175 0.496604 2 16 0.750000 17 0.250000
shackles
  16 -1.159329 -9.334782 68.019516 -0.188906 -0.921490 0.339369 0.684060 0.427744 2 16 0.750000 17 0.250000
  16 -2.336722 -9.072390 67.665092 -0.322427 -0.899181 0.295827 0.697651 0.457288 2 16 0.750000 17 0.250000
  16 -2.062505 -9.257502 67.377365 -0.322427 -0.899181 0.295827 0.686688 0.456182 2 16 0.750000 17 0.250000
shackles
  16 -1.159329 -9.334782 68.019516 -0.188906 -0.921490 0.339369 0.684060 0.427744 2 16 0.750000 17 0.250000
  16 -1.307100 -9.156750 68.391472 -0.369596 -0.599532 0.709901 0.694891 0.428509 2 16 0.750000 17 0.250000
  16 -2.336722 -9.072390 67.665092 -0.322427 -0.899181 0.295827 0.697651 0.457288 2 16 0.750000 17 0.250000
shackles
  16 -0.110157 -9.323339 68.233505 0.000030 -0.930374 0.366612 0.687371 0.401055 2 16 0.750000 17 0.250000
  16 -1.307100 -9.156750 68.391472 -0.369596 -0.599532 0.709901 0.694891 0.428509 2 16 0.750000 17 0.250000
  16 -1.159329 -9.334782 68.019516 -0.188906 -0.921490 0.339369 0.684060 0.427744 2 16 0.750000 17 0.250000
shackles
  16 -0.110157 -9.323339 68.233505 0.000030 -0.930374 0.366612 0.687371 0.401055 2 16 0.750000 17 0.250000
  16 -0.111045 -9.184187 68.633972 0.000018 -0.633875 0.773435 0.696120 0.401343 2 16 0.750000 17 0.250000
  16 -1.307100 -9.156750 68.391472 -0.369596 -0.599532 0.709901 0.694891 0.428509 2 16 0.750000 17 0.250000
shackles
  16 0.939015 -9.334783 68.019531 0.189248 -0.921188 0.339996 0.689243 0.374470 2 16 0.750000 17 0.250000
  16 -0.111045 -9.184187 68.633972 0.000018 -0.633875 0.773435 0.696120 0.401343 2 16 0.750000 17 0.250000
  16 -0.110157 -9.323339 68.233505 0.000030 -0.930374 0.366612 0.687371 0.401055 2 16 0.750000 17 0.250000
shackles
  16 0.939015 -9.334783 68.019531 0.189248 -0.921188 0.339996 0.689243 0.374470 2 16 0.750000 17 0.250000
  16 1.085012 -9.156752 68.391472 0.369712 -0.599216 0.710108 0.700800 0.374333 2 16 0.750000 17 0.250000
  16 -0.111045 -9.184187 68.633972 0.000018 -0.633875 0.773435 0.696120 0.401343 2 16 0.750000 17 0.250000
shackles
  16 1.842192 -9.257502 67.377365 0.323143 -0.898618 0.296757 0.696334 0.346570 2 16 0.750000 17 0.250000
  16 1.085012 -9.156752 68.391472 0.369712 -0.599216 0.710108 0.700800 0.374333 2 16 0.750000 17 0.250000
  16 0.939015 -9.334783 68.019531 0.189248 -0.921188 0.339996 0.689243 0.374470 2 16 0.750000 17 0.250000
shackles
  16 1.842192 -9.257502 67.377365 0.323143 -0.898618 0.296757 0.696334 0.346570 2 16 0.750000 17 0.250000
  16 2.114633 -9.072392 67.665092 0.323143 -0.898618 0.296757 0.708648 0.346021 2 16 0.750000 17 0.250000
  16 1.085012 -9.156752 68.391472 0.369712 -0.599216 0.710108 0.700800 0.374333 2 16 0.750000 17 0.250000
shackles
  16 2.968172 -9.163404 66.320236 0.335117 -0.935536 0.111665 0.705032 0.308582 2 16 0.750000 17 0.250000
  16 2.114633 -9.072392 67.665092 0.323143 -0.898618 0.296757 0.708648 0.346021 2 16 0.750000 17 0.250000
  16 1.842192 -9.257502 67.377365 0.323143 -0.898618 0.296757 0.696334 0.346570 2 16 0.750000 17 0.250000
shackles
  16 2.968172 -9.163404 66.320236 0.335117 -0.935536 0.111665 0.705032 0.308582 2 16 0.750000 17 0.250000
  16 3.398249 -8.934118 66.468918 0.335117 -0.935536 0.111665 0.720513 0.307800 2 16 0.750000 17 0.250000
  16 2.114633 -9.072392 67.665092 0.323143 -0.898618 0.296757 0.708648 0.346021 2 16 0.750000 17 0.250000
shackles
  16 3.557206 -8.734533 64.249176 0.276625 -0.955694 -0.100633 0.733453 0.259514 2 16 0.750000 17 0.250000
  16 3.398249 -8.934118 66.468918 0.335117 -0.935536 0.111665 0.720513 0.307800 2 16 0.750000 17 0.250000
  16 2.968172 -9.163404 66.320236 0.335117 -0.935536 0.111665 0.705032 0.308582 2 16 0.750000 17 0.250000
shackles
  16 3.557206 -8.734533 64.249176 0.276625 -0.955694 -0.100633 0.733453 0.259514 2 16 0.750000 17 0.250000
  16 4.069747 -8.658802 64.128387 0.276625 -0.955694 -0.100633 0.739483 0.258963 2 16 0.750000 17 0.250000
  16 3.398249 -8.934118 66.468918 0.335117 -0.935536 0.111665 0.720513 0.307800 2 16 0.750000 17 0.250000
shackles
  16 3.145933 -8.704674 62.814892 0.220637 -0.947109 -0.233033 0.734314 0.227589 2 16 0.750000 17 0.250000
  16 4.069747 -8.658802 64.128387 0.276625 -0.955694 -0.100633 0.739483 0.258963 2 16 0.750000 17 0.250000
  16 3.557206 -8.734533 64.249176 0.276625 -0.955694 -0.100633 0.733453 0.259514 2 16 0.750000 17 0.250000
shackles
  16 3.145933 -8.704674 62.814892 0.220637 -0.947109 -0.233033 0.734314 0.227589 2 16 0.750000 17 0.250000
  16 3.600898 -8.472963 62.504265 0.220637 -0.947109 -0.233033 0.750009 0.227184 2 16 0.750000 17 0.250000
  16 4.069747 -8.658802 64.128387 0.276625 -0.955694 -0.100633 0.739483 0.258963 2 16 0.750000 17 0.250000
shackles
  16 2.258957 -8.548498 61.913765 0.149900 -0.906049 -0.395733 0.741943 0.200697 2 16 0.750000 17 0.250000
  16 3.600898 -8.472963 62.504265 0.220637 -0.947109 -0.233033 0.750009 0.227184 2 16 0.750000 17 0.250000
  16 3.145933 -8.704674 62.814892 0.220637 -0.947109 -0.233033 0.734314 0.227589 2 16 0.750000 17 0.250000
shackles
  16 2.258957 -8.548498 61.913765 0.149900 -0.906049 -0.395733 0.741943 0.200697 2 16 0.750000 17 0.250000
  16 2.589746 -8.353723 61.485519 0.149900 -0.906049 -0.395733 0.755009 0.200421 2 16 0.750000 17 0.250000
  16 3.600898 -8.472963 62.504265 0.220637 -0.947109 -0.233033 0.750009 0.227184 2 16 0.750000 17 0.250000
shackles
  16 -0.110156 -8.617842 61.385941 0.000032 -0.885342 -0.464939 0.731730 0.146285 2 16 0.750000 17 0.250000
  16 2.589746 -8.353723 61.485519 0.149900 -0.906049 -0.395733 0.755009 0.200421 2 16 0.750000 17 0.250000
  16 2.258957 -8.548498 61.913765 0.149900 -0.906049 -0.395733 0.741943 0.200697 2 16 0.750000 17 0.250000
shackles
  16 -0.110156 -8.617842 61.385941 0.000032 -0.885342 -0.464939 0.731730 0.146285 2 16 0.750000 17 0.250000
  16 -0.111044 -8.286786 60.886879 0.000032 -0.885342 -0.464939 0.752546 0.145918 2 16 0.750000 17 0.250000
  16 2.589746 -8.353723 61.485519 0.149900 -0.906049 -0.395733 0.755009 0.200421 2 16 0.750000 17 0.250000
shackles
  15 -0.000002 -2.432761 70.850266 -0.707106 -0.632131 -0.316877 0.017143 0.144646 2 15 0.599030 14 0.400970
  15 -0.426007 -1.480663 70.462357 -0.689151 -0.515735 -0.509006 0.054156 0.136340 2 15 0.549502 14 0.450498
  15 -0.000002 -1.676552 70.084061 -0.689151 -0.515735 -0.509006 0.046540 0.128239 2 15 0.575128 14 0.424872
shackles
  15 -0.000002 -2.432761 70.850266 -0.707106 -0.632131 -0.316877 0.017143 0.144646 2 15 0.599030 14 0.400970
  15 -0.426007 -2.051927 71.041168 -0.707106 -0.632131 -0.316877 0.031948 0.148734 2 15 0.567666 14 0.432334
  15 -0.426007 -1.480663 70.462357 -0.689151 -0.515735 -0.509006 0.054156 0.136340 2 15 0.549502 14 0.450498
shackles
  15 -0.000002 -2.432761 70.850266 -0.707106 -0.632131 -0.316877 0.017143 0.144646 2 15 0.599030 14 0.400970
  15 -0.426006 -2.173872 71.845230 -0.707106 -0.697661 0.115198 0.027207 0.165951 2 15 0.554323 14 0.445677
  15 -0.426007 -2.051927 71.041168 -0.707106 -0.632131 -0.316877 0.031948 0.148734 2 15 0.567666 14 0.432334
shackles
  15 -0.000002 -2.432761 70.850266 -0.707106 -0.632131 -0.316877 0.017143 0.144646 2 15 0.599030 14 0.400970
  15 -0.000003 -2.594184 71.914619 -0.707106 -0.697661 0.115198 0.010868 0.167437 2 15 0.573838 14 0.426162
  15 -0.426006 -2.173872 71.845230 -0.707106 -0.697661 0.115198 0.027207 0.165951 2 15 0.554323 14 0.445677
shackles
  15 -0.000003 -2.594184 71.914619 -0.707106 -0.697661 0.115198 0.010868 0.167437 2 15 0.573838 14 0.426162
  15 -0.426007 -1.799915 72.567398 -0.707107 -0.496709 0.503268 0.041745 0.181415 2 15 0.528284 14 0.471716
  15 -0.426006 -2.173872 71.845230 -0.707106 -0.697661 0.115198 0.027207 0.165951 2 15 0.554323 14 0.445677
shackles
  15 -0.000003 -2.594184 71.914619 -0.707106 -0.697661 0.115198 0.010868 0.167437 2 15 0.573838 14 0.426162
  15 -0.000003 -2.099161 72.870590 -0.707107 -0.496709 0.503268 0.030111 0.187908 2 15 0.534759 14 0.465241
  15 -0.426007 -1.799915 72.567398 -0.707107 -0.496709 0.503268 0.041745 0.181415 2 15 0.528284 14 0.471716
shackles
  15 -0.426007 -1.072899 72.931839 -0.707113 -0.106027 0.699106 0.070007 0.189219 2 15 0.507766 14 0.492234
  15 -0.426007 -1.799915 72.567398 -0.707107 -0.496709 0.503268 0.041745 0.181415 2 15 0.528284 14 0.471716
  15 -0.000003 -2.099161 72.870590 -0.707107 -0.496709 0.503268 0.030111 0.187908 2 15 0.534759 14 0.465241
shackles
  15 -0.426007 -1.072899 72.931839 -0.707113 -0.106027 0.699106 0.070007 0.189219 2 15 0.507766 14 0.492234
  15 -0.000003 -2.099161 72.870590 -0.707107 -0.496709 0.503268 0.030111 0.187908 2 15 0.534759 14 0.465241
  15 -0.000002 -1.136777 73.353043 -0.707113 -0.106027 0.699106 0.067524 0.198239 2 15 0.507341 14 0.492659
shackles
  14 -0.000003 -0.074628 73.177643 -0.707110 0.325150 0.627912 0.108815 0.194483 2 14 0.500000 15 0.500000
  15 -0.426007 -1.072899 72.931839 -0.707113 -0.106027 0.699106 0.070007 0.189219 2 15 0.507766 14 0.492234
  15 -0.000002 -1.136777 73.353043 -0.707113 -0.106027 0.699106 0.067524 0.198239 2 15 0.507341 14 0.492659
shackles
  14 -0.000003 -0.074628 73.177643 -0.707110 0.325150 0.627912 0.108815 0.194483 2 14 0.500000 15 0.500000
  15 -0.426007 -0.270517 72.799347 -0.707110 0.325150 0.627912 0.101200 0.186382 2 15 0.500115 14 0.499885
  15 -0.426007 -1.072899 72.931839 -0.707113 -0.106027 0.699106 0.070007 0.189219 2 15 0.507766 14 0.492234
shackles
  14 -0.000003 -0.074628 73.177643 -0.707110 0.325150 0.627912 0.108815 0.194483 2 14 0.500000 15 0.500000
  14 -0.426007 0.300746 72.220535 -0.707108 0.632128 0.316877 0.123408 0.173988 2 14 0.500000 15 0.500000
  15 -0.426007 -0.270517 72.799347 -0.707110 0.325150 0.627912 0.101200 0.186382 2 15 0.500115 14 0.499885
shackles
  14 -0.000003 -0.074628 73.177643 -0.707110 0.325150 0.627912 0.108815 0.194483 2 14 0.500000 15 0.500000
  14 -0.000003 0.681582 72.411446 -0.707108 0.632128 0.316877 0.138213 0.178076 2 14 0.500000 15 0.500000
  14 -0.426007 0.300746 72.220535 -0.707108 0.632128 0.316877 0.123408 0.173988 2 14 0.500000 15 0.500000
shackles
  14 -0.000003 0.681582 72.411446 -0.707108 0.632128 0.316877 0.138213 0.178076 2 14 0.500000 15 0.500000
  14 -0.426007 0.422691 71.416473 -0.707106 0.697661 -0.115200 0.128148 0.156771 2 14 0.500000 15 0.500000
  14 -0.426007 0.300746 72.220535 -0.707108 0.632128 0.316877 0.123408 0.173988 2 14 0.500000 15 0.500000
shackles
  14 -0.000003 0.681582 72.411446 -0.707108 0.632128 0.316877 0.138213 0.178076 2 14 0.500000 15 0.500000
  14 -0.000003 0.843004 71.347084 -0.707106 0.697661 -0.115200 0.144488 0.155285 2 14 0.500000 15 0.500000
  14 -0.426007 0.422691 71.416473 -0.707106 0.697661 -0.115200 0.128148 0.156771 2 14 0.500000 15 0.500000
shackles
  14 -0.000003 0.843004 71.347084 -0.707106 0.697661 -0.115200 0.144488 0.155285 2 14 0.500000 15 0.500000
  14 -0.426007 0.048736 70.694313 -0.689149 0.643467 -0.333201 0.113611 0.141307 2 14 0.500000 15 0.500000
  14 -0.426007 0.422691 71.416473 -0.707106 0.697661 -0.115200 0.128148 0.156771 2 14 0.500000 15 0.500000
shackles
  14 -0.000003 0.843004 71.347084 -0.707106 0.697661 -0.115200 0.144488 0.155285 2 14 0.500000 15 0.500000
  14 -0.000003 0.347982 70.391113 -0.689149 0.643467 -0.333201 0.125244 0.134814 2 14 0.500000 15 0.500000
  14 -0.426007 0.048736 70.694313 -0.689149 0.643467 -0.333201 0.113611 0.141307 2 14 0.500000 15 0.500000
shackles
  31 -36.688007 -12.148058 63.595215 -0.469555 -0.120718 0.874611 0.145133 0.925107 1 31 1.000000
  31 -38.091572 -10.172029 63.038231 -0.553685 -0.163107 0.816596 0.130080 0.901626 1 31 1.000000
  31 -37.504356 -11.620110 63.108231 -0.553685 -0.163107 0.816596 0.149275 0.920884 1 31 1.000000
shackles
  31 -36.688007 -12.148058 63.595215 -0.469555 -0.120718 0.874611 0.145133 0.925107 1 31 1.000000
  31 -37.048424 -10.844897 63.572216 -0.469555 -0.120718 0.874611 0.125612 0.920248 1 31 1.000000
  31 -38.091572 -10.172029 63.038231 -0.553685 -0.163107 0.816596 0.130080 0.901626 1 31 1.000000
shackles
  31 -37.048424 -10.844897 63.572216 -0.469555 -0.120718 0.874611 0.125612 0.920248 1 31 1.000000
  31 -36.688007 -12.148058 63.595215 -0.469555 -0.120718 0.874611 0.145133 0.925107 1 31 1.000000
  31 -35.008949 -9.556026 64.519577 -0.379678 -0.076851 0.921921 0.070380 0.929291 1 31 1.000000
shackles
  31 -37.048424 -10.844897 63.572216 -0.469555 -0.120718 0.874611 0.125612 0.920248 1 31 1.000000
  31 -35.008949 -9.556026 64.519577 -0.379678 -0.076851 0.921921 0.070380 0.929291 1 31 1.000000
  31 -35.308186 -7.706953 64.533684 -0.379678 -0.076851 0.921921 0.039880 0.926019 1 31 1.000000
shackles
  31 -38.099792 -10.917830 64.463249 -0.436589 -0.889192 -0.136848 0.129937 0.904135 1 31 1.000000
  31 -38.091572 -10.172029 63.038231 -0.221322 -0.863497 -0.453200 0.130080 0.901626 1 31 1.000000
  31 -37.048424 -10.844897 63.572216 -0.221322 -0.863497 -0.453200 0.125612 0.920248 1 31 1.000000
shackles
  31 -38.099792 -10.917830 64.463249 -0.436589 -0.889192 -0.136848 0.129937 0.904135 1 31 1.000000
  31 -39.150700 -10.340425 63.637680 -0.436589 -0.889192 -0.136848 0.139057 0.887603 1 31 1.000000
  31 -38.091572 -10.172029 63.038231 -0.221322 -0.863497 -0.453200 0.130080 0.901626 1 31 1.000000
shackles
  31 -38.099792 -10.917830 64.463249 -0.436589 -0.889192 -0.136848 0.129937 0.904135 1 31 1.000000
  31 -39.665749 -9.883681 63.915543 -0.587643 -0.784106 0.199631 0.133745 0.880686 1 31 1.000000
  31 -39.150700 -10.340425 63.637680 -0.436589 -0.889192 -0.136848 0.139057 0.887603 1 31 1.000000
shackles
  15 -0.000003 -1.284773 70.840645 -0.689149 0.515735 0.509009 0.061771 0.144440 2 15 0.531697 14 0.468303
  15 -0.426007 -1.480663 70.462357 -0.689149 0.515735 0.509009 0.054156 0.136340 2 15 0.549502 14 0.450498
  15 -0.426007 -2.051927 71.041168 -0.707106 0.632131 0.316878 0.031948 0.148734 2 15 0.567666 14 0.432334
shackles
  15 -0.000003 -1.284773 70.840645 -0.689149 0.515735 0.509009 0.061771 0.144440 2 15 0.531697 14 0.468303
  15 -0.426007 -2.051927 71.041168 -0.707106 0.632131 0.316878 0.031948 0.148734 2 15 0.567666 14 0.432334
  15 -0.000003 -1.671093 71.232071 -0.707106 0.632131 0.316878 0.046753 0.152822 2 15 0.542946 14 0.457054
shackles
  15 -0.426007 -2.051927 71.041168 -0.707106 0.632131 0.316878 0.031948 0.148734 2 15 0.567666 14 0.432334
  15 -0.000002 -1.753558 71.775826 -0.707107 0.697660 -0.115198 0.043547 0.164465 2 15 0.537142 14 0.462858
  15 -0.000003 -1.671093 71.232071 -0.707106 0.632131 0.316878 0.046753 0.152822 2 15 0.542946 14 0.457054
shackles
  15 -0.426007 -2.051927 71.041168 -0.707106 0.632131 0.316878 0.031948 0.148734 2 15 0.567666 14 0.432334
  15 -0.426006 -2.173872 71.845230 -0.707107 0.697660 -0.115198 0.027207 0.165951 2 15 0.554323 14 0.445677
  15 -0.000002 -1.753558 71.775826 -0.707107 0.697660 -0.115198 0.043547 0.164465 2 15 0.537142 14 0.462858
shackles
  15 -0.426006 -2.173872 71.845230 -0.707107 0.697660 -0.115198 0.027207 0.165951 2 15 0.554323 14 0.445677
  15 -0.000003 -1.500669 72.264191 -0.707105 0.496709 -0.503272 0.053378 0.174923 2 15 0.522059 14 0.477942
  15 -0.000002 -1.753558 71.775826 -0.707107 0.697660 -0.115198 0.043547 0.164465 2 15 0.537142 14 0.462858
shackles
  15 -0.426006 -2.173872 71.845230 -0.707107 0.697660 -0.115198 0.027207 0.165951 2 15 0.554323 14 0.445677
  15 -0.426007 -1.799915 72.567398 -0.707105 0.496709 -0.503272 0.041745 0.181415 2 15 0.528284 14 0.471716
  15 -0.000003 -1.500669 72.264191 -0.707105 0.496709 -0.503272 0.053378 0.174923 2 15 0.522059 14 0.477942
shackles
  15 -0.000002 -1.009022 72.510658 -0.707103 0.106028 -0.699116 0.072491 0.180201 2 15 0.508320 14 0.491680
  15 -0.000003 -1.500669 72.264191 -0.707105 0.496709 -0.503272 0.053378 0.174923 2 15 0.522059 14 0.477942
  15 -0.426007 -1.799915 72.567398 -0.707105 0.496709 -0.503272 0.041745 0.181415 2 15 0.528284 14 0.471716
shackles
  15 -0.000002 -1.009022 72.510658 -0.707103 0.106028 -0.699116 0.072491 0.180201 2 15 0.508320 14 0.491680
  15 -0.426007 -1.799915 72.567398 -0.707105 0.496709 -0.503272 0.041745 0.181415 2 15 0.528284 14 0.471716
  15 -0.426007 -1.072899 72.931839 -0.707103 0.106028 -0.699116 0.070007 0.189219 2 15 0.507766 14 0.492234
shackles
  15 -0.000002 -1.009022 72.510658 -0.707103 0.106028 -0.699116 0.072491 0.180201 2 15 0.508320 14 0.491680
  15 -0.426007 -1.072899 72.931839 -0.707103 0.106028 -0.699116 0.070007 0.189219 2 15 0.507766 14 0.492234
  15 -0.426007 -0.270517 72.799347 -0.707103 -0.325150 -0.627919 0.101200 0.186382 2 15 0.500115 14 0.499885
shackles
  15 -0.000002 -1.009022 72.510658 -0.707103 0.106028 -0.699116 0.072491 0.180201 2 15 0.508320 14 0.491680
  15 -0.426007 -0.270517 72.799347 -0.707103 -0.325150 -0.627919 0.101200 0.186382 2 15 0.500115 14 0.499885
  15 -0.000002 -0.466406 72.421051 -0.707103 -0.325150 -0.627919 0.093585 0.178282 2 15 0.501301 14 0.498699
shackles
  15 -0.426007 -0.270517 72.799347 -0.707103 -0.325150 -0.627919 0.101200 0.186382 2 15 0.500115 14 0.499885
  14 -0.000002 -0.080086 72.029633 -0.707106 -0.632131 -0.316878 0.108603 0.169900 2 14 0.500000 15 0.500000
  15 -0.000002 -0.466406 72.421051 -0.707103 -0.325150 -0.627919 0.093585 0.178282 2 15 0.501301 14 0.498699
shackles
  15 -0.426007 -0.270517 72.799347 -0.707103 -0.325150 -0.627919 0.101200 0.186382 2 15 0.500115 14 0.499885
  14 -0.426007 0.300746 72.220535 -0.707106 -0.632131 -0.316878 0.123408 0.173988 2 14 0.500000 15 0.500000
  14 -0.000002 -0.080086 72.029633 -0.707106 -0.632131 -0.316878 0.108603 0.169900 2 14 0.500000 15 0.500000
shackles
  14 -0.426007 0.300746 72.220535 -0.707106 -0.632131 -0.316878 0.123408 0.173988 2 14 0.500000 15 0.500000
  14 -0.000002 0.002378 71.485886 -0.707107 -0.697660 0.115199 0.111809 0.158257 2 14 0.500000 15 0.500000
  14 -0.000002 -0.080086 72.029633 -0.707106 -0.632131 -0.316878 0.108603 0.169900 2 14 0.500000 15 0.500000
shackles
  14 -0.426007 0.300746 72.220535 -0.707106 -0.632131 -0.316878 0.123408 0.173988 2 14 0.500000 15 0.500000
  14 -0.426007 0.422691 71.416473 -0.707107 -0.697660 0.115199 0.128148 0.156771 2 14 0.500000 15 0.500000
  14 -0.000002 0.002378 71.485886 -0.707107 -0.697660 0.115199 0.111809 0.158257 2 14 0.500000 15 0.500000
shackles
  14 -0.426007 0.422691 71.416473 -0.707107 -0.697660 0.115199 0.128148 0.156771 2 14 0.500000 15 0.500000
  15 -0.000002 -0.250510 70.997505 -0.689153 -0.643464 0.333201 0.101978 0.147799 2 15 0.501185 14 0.498815
  14 -0.000002 0.002378 71.485886 -0.707107 -0.697660 0.115199 0.111809 0.158257 2 14 0.500000 15 0.500000
shackles
  14 -0.426007 0.422691 71.416473 -0.707107 -0.697660 0.115199 0.128148 0.156771 2 14 0.500000 15 0.500000
  14 -0.426007 0.048736 70.694313 -0.689153 -0.643464 0.333201 0.113611 0.141307 2 14 0.500000 15 0.500000
  15 -0.000002 -0.250510 70.997505 -0.689153 -0.643464 0.333201 0.101978 0.147799 2 15 0.501185 14 0.498815
shackles
  21 36.322292 -10.768013 63.241127 -0.591390 -0.027860 -0.805904 0.120778 0.920692 2 21 0.631040 22 0.368960
  21 34.655037 -9.130320 64.282364 -0.570514 -0.060038 -0.819090 0.069792 0.918131 1 21 1.000000
  21 34.927986 -7.312038 63.924377 -0.570514 -0.060038 -0.819090 0.039485 0.911305 1 21 1.000000
shackles
  21 36.322292 -10.768013 63.241127 -0.591390 -0.027860 -0.805904 0.120778 0.920692 2 21 0.631040 22 0.368960
  21 35.983070 -12.043353 63.536285 -0.591390 -0.027860 -0.805904 0.140676 0.925072 1 21 1.000000
  21 34.655037 -9.130320 64.282364 -0.570514 -0.060038 -0.819090 0.069792 0.918131 1 21 1.000000
shackles
  21 37.316132 -10.208043 62.516712 -0.611292 0.004364 -0.791393 0.125793 0.905849 1 21 1.000000
  21 35.983070 -12.043353 63.536285 -0.591390 -0.027860 -0.805904 0.140676 0.925072 1 21 1.000000
  21 36.322292 -10.768013 63.241127 -0.591390 -0.027860 -0.805904 0.120778 0.920692 2 21 0.631040 22 0.368960
shackles
  21 37.316132 -10.208043 62.516712 -0.611292 0.004364 -0.791393 0.125793 0.905849 1 21 1.000000
  21 36.756004 -11.616911 62.901440 -0.611292 0.004364 -0.791393 0.142888 0.920975 1 21 1.000000
  21 35.983070 -12.043353 63.536285 -0.591390 -0.027860 -0.805904 0.140676 0.925072 1 21 1.000000
shackles
  15 0.426002 -1.480663 70.462364 0.689145 0.515737 0.509012 0.054156 0.136340 2 15 0.549502 14 0.450498
  15 -0.000003 -1.284773 70.840645 0.689145 0.515737 0.509012 0.061771 0.144440 2 15 0.531697 14 0.468303
  15 -0.000003 -1.671093 71.232071 0.707104 0.632133 0.316878 0.046753 0.152822 2 15 0.542946 14 0.457054
shackles
  15 0.426002 -1.480663 70.462364 0.689145 0.515737 0.509012 0.054156 0.136340 2 15 0.549502 14 0.450498
  15 -0.000003 -1.671093 71.232071 0.707104 0.632133 0.316878 0.046753 0.152822 2 15 0.542946 14 0.457054
  15 0.426002 -2.051928 71.041176 0.707104 0.632133 0.316878 0.031948 0.148734 2 15 0.567666 14 0.432334
shackles
  15 -0.000003 -1.671093 71.232071 0.707104 0.632133 0.316878 0.046753 0.152822 2 15 0.542946 14 0.457054
  15 0.426002 -2.173872 71.845230 0.707107 0.697660 -0.115199 0.027207 0.165951 2 15 0.554323 14 0.445677
  15 0.426002 -2.051928 71.041176 0.707104 0.632133 0.316878 0.031948 0.148734 2 15 0.567666 14 0.432334
shackles
  15 -0.000003 -1.671093 71.232071 0.707104 0.632133 0.316878 0.046753 0.152822 2 15 0.542946 14 0.457054
  15 -0.000002 -1.753558 71.775826 0.707107 0.697660 -0.115199 0.043547 0.164465 2 15 0.537142 14 0.462858
  15 0.426002 -2.173872 71.845230 0.707107 0.697660 -0.115199 0.027207 0.165951 2 15 0.554323 14 0.445677
shackles
  15 -0.000002 -1.753558 71.775826 0.707107 0.697660 -0.115199 0.043547 0.164465 2 15 0.537142 14 0.462858
  15 0.426002 -1.799916 72.567398 0.707105 0.496707 -0.503273 0.041745 0.181415 2 15 0.528284 14 0.471716
  15 0.426002 -2.173872 71.845230 0.707107 0.697660 -0.115199 0.027207 0.165951 2 15 0.554323 14 0.445677
shackles
  15 -0.000002 -1.753558 71.775826 0.707107 0.697660 -0.115199 0.043547 0.164465 2 15 0.537142 14 0.462858
  15 -0.000003 -1.500669 72.264191 0.707105 0.496707 -0.503273 0.053378 0.174923 2 15 0.522059 14 0.477942
  15 0.426002 -1.799916 72.567398 0.707105 0.496707 -0.503273 0.041745 0.181415 2 15 0.528284 14 0.471716
shackles
  15 0.426002 -1.072898 72.931831 0.707100 0.106028 -0.699119 0.070007 0.189219 2 15 0.507766 14 0.492234
  15 0.426002 -1.799916 72.567398 0.707105 0.496707 -0.503273 0.041745 0.181415 2 15 0.528284 14 0.471716
  15 -0.000003 -1.500669 72.264191 0.707105 0.496707 -0.503273 0.053378 0.174923 2 15 0.522059 14 0.477942
shackles
  15 0.426002 -1.072898 72.931831 0.707100 0.106028 -0.699119 0.070007 0.189219 2 15 0.507766 14 0.492234
  15 -0.000003 -1.500669 72.264191 0.707105 0.496707 -0.503273 0.053378 0.174923 2 15 0.522059 14 0.477942
  15 -0.000002 -1.009022 72.510658 0.707100 0.106028 -0.699119 0.072491 0.180201 2 15 0.508320 14 0.491680
shackles
  15 0.426002 -1.072898 72.931831 0.707100 0.106028 -0.699119 0.070007 0.189219 2 15 0.507766 14 0.492234
  15 -0.000002 -1.009022 72.510658 0.707100 0.106028 -0.699119 0.072491 0.180201 2 15 0.508320 14 0.491680
  15 -0.000002 -0.466406 72.421051 0.707101 -0.325151 -0.627921 0.093585 0.178282 2 15 0.501301 14 0.498699
shackles
  15 0.426002 -1.072898 72.931831 0.707100 0.106028 -0.699119 0.070007 0.189219 2 15 0.507766 14 0.492234
  15 -0.000002 -0.466406 72.421051 0.707101 -0.325151 -0.627921 0.093585 0.178282 2 15 0.501301 14 0.498699
  15 0.426002 -0.270517 72.799347 0.707101 -0.325151 -0.627921 0.101200 0.186382 2 15 0.500115 14 0.499885
shackles
  15 -0.000002 -0.466406 72.421051 0.707101 -0.325151 -0.627921 0.093585 0.178282 2 15 0.501301 14 0.498699
  14 0.426002 0.300748 72.220528 0.707105 -0.632132 -0.316877 0.123408 0.173988 2 14 0.500000 15 0.500000
  15 0.426002 -0.270517 72.799347 0.707101 -0.325151 -0.627921 0.101200 0.186382 2 15 0.500115 14 0.499885
shackles
  15 -0.000002 -0.466406 72.421051 0.707101 -0.325151 -0.627921 0.093585 0.178282 2 15 0.501301 14 0.498699
  14 -0.000002 -0.080086 72.029633 0.707105 -0.632132 -0.316877 0.108603 0.169900 2 14 0.500000 15 0.500000
  14 0.426002 0.300748 72.220528 0.707105 -0.632132 -0.316877 0.123408 0.173988 2 14 0.500000 15 0.500000
shackles
  14 -0.000002 -0.080086 72.029633 0.707105 -0.632132 -0.316877 0.108603 0.169900 2 14 0.500000 15 0.500000
  14 0.426002 0.422690 71.416473 0.707107 -0.697660 0.115198 0.128148 0.156771 2 14 0.500000 15 0.500000
  14 0.426002 0.300748 72.220528 0.707105 -0.632132 -0.316877 0.123408 0.173988 2 14 0.500000 15 0.500000
shackles
  14 -0.000002 -0.080086 72.029633 0.707105 -0.632132 -0.316877 0.108603 0.169900 2 14 0.500000 15 0.500000
  14 -0.000002 0.002378 71.485886 0.707107 -0.697660 0.115198 0.111809 0.158257 2 14 0.500000 15 0.500000
  14 0.426002 0.422690 71.416473 0.707107 -0.697660 0.115198 0.128148 0.156771 2 14 0.500000 15 0.500000
shackles
  14 -0.000002 0.002378 71.485886 0.707107 -0.697660 0.115198 0.111809 0.158257 2 14 0.500000 15 0.500000
  14 0.426002 0.048735 70.694305 0.689154 -0.643464 0.333197 0.113611 0.141307 2 14 0.500000 15 0.500000
  14 0.426002 0.422690 71.416473 0.707107 -0.697660 0.115198 0.128148 0.156771 2 14 0.500000 15 0.500000
shackles
  14 -0.000002 0.002378 71.485886 0.707107 -0.697660 0.115198 0.111809 0.158257 2 14 0.500000 15 0.500000
  15 -0.000002 -0.250510 70.997505 0.689154 -0.643464 0.333197 0.101978 0.147799 2 15 0.501185 14 0.498815
  14 0.426002 0.048735 70.694305 0.689154 -0.643464 0.333197 0.113611 0.141307 2 14 0.500000 15 0.500000
shackles
  21 35.447380 -7.359036 64.801140 0.443791 0.100190 0.890512 0.035893 0.929015 1 21 1.000000
  21 35.174423 -9.177320 65.159126 0.443791 0.100190 0.890512 0.068172 0.929114 1 21 1.000000
  21 36.822289 -11.896342 64.626427 0.530788 0.048207 0.846133 0.135669 0.940703 1 21 1.000000
shackles
  21 35.447380 -7.359036 64.801140 0.443791 0.100190 0.890512 0.035893 0.929015 1 21 1.000000
  21 36.822289 -11.896342 64.626427 0.530788 0.048207 0.846133 0.135669 0.940703 1 21 1.000000
  21 37.161522 -10.621013 64.331276 0.530788 0.048207 0.846133 0.113598 0.943737 1 21 1.000000
shackles
  21 37.595230 -11.469905 63.991585 0.611289 -0.004366 0.791395 0.135213 0.945710 1 21 1.000000
  21 37.161522 -10.621013 64.331276 0.530788 0.048207 0.846133 0.113598 0.943737 1 21 1.000000
  21 36.822289 -11.896342 64.626427 0.530788 0.048207 0.846133 0.135669 0.940703 1 21 1.000000
shackles
  21 37.595230 -11.469905 63.991585 0.611289 -0.004366 0.791395 0.135213 0.945710 1 21 1.000000
  21 38.155354 -10.061037 63.606865 0.611289 -0.004366 0.791395 0.108093 0.964779 1 21 1.000000
  21 37.161522 -10.621013 64.331276 0.530788 0.048207 0.846133 0.113598 0.943737 1 21 1.000000
shackles
  0 3.106456 -0.502517 39.572330 0.486291 -0.835666 -0.255312 0.506670 0.228205 1 0 1.000000
  0 4.680689 0.251308 40.395210 0.664349 -0.246287 -0.705679 0.506960 0.326912 1 0 1.000000
  0 4.703634 0.081657 40.621544 0.670182 -0.724911 -0.159248 0.498435 0.328012 1 0 1.000000
shackles
  0 4.680689 0.251308 40.395210 0.664349 -0.246287 -0.705679 0.506960 0.326912 1 0 1.000000
  1 5.685138 1.429731 41.366879 0.888434 -0.459004 -0.000257 0.499595 0.406037 2 1 0.543460 0 0.456540
  0 4.703634 0.081657 40.621544 0.670182 -0.724911 -0.159248 0.498435 0.328012 1 0 1.000000
shackles
  0 4.703634 0.081657 40.621544 0.670182 -0.724911 -0.159248 0.498435 0.328012 1 0 1.000000
  1 5.685138 1.429731 41.366879 0.888434 -0.459004 -0.000257 0.499595 0.406037 2 1 0.543460 0 0.456540
  1 5.524208 1.383724 41.650883 0.492166 -0.599275 0.631381 0.491282 0.406944 2 1 0.538338 0 0.461662
shackles
  0 4.703634 0.081657 40.621544 0.670182 -0.724911 -0.159248 0.498435 0.328012 1 0 1.000000
  1 5.524208 1.383724 41.650883 0.492166 -0.599275 0.631381 0.491282 0.406944 2 1 0.538338 0 0.461662
  0 4.576354 0.052626 40.865929 0.281882 -0.851814 0.441538 0.489911 0.328329 1 0 1.000000
shackles
  0 4.576354 0.052626 40.865929 0.281882 -0.851814 0.441538 0.489911 0.328329 1 0 1.000000
  1 5.524208 1.383724 41.650883 0.492166 -0.599275 0.631381 0.491282 0.406944 2 1 0.538338 0 0.461662
  1 5.234052 1.469216 41.761978 -0.204481 -0.398135 0.894246 0.483369 0.407058 2 1 0.535393 0 0.464607
shackles
  0 4.576354 0.052626 40.865929 0.281882 -0.851814 0.441538 0.489911 0.328329 1 0 1.000000
  1 5.234052 1.469216 41.761978 -0.204481 -0.398135 0.894246 0.483369 0.407058 2 1 0.535393 0 0.464607
  0 4.373261 0.181411 40.989243 -0.368106 -0.342948 0.864225 0.482004 0.328265 1 0 1.000000
shackles
  0 4.576354 0.052626 40.865929 0.281882 -0.851814 0.441538 0.489911 0.328329 1 0 1.000000
  0 4.373261 0.181411 40.989243 -0.368106 -0.342948 0.864225 0.482004 0.328265 1 0 1.000000
  0 3.072775 -0.483125 40.027210 0.046932 -0.877857 0.476617 0.479268 0.239267 1 0 1.000000
shackles
  0 3.072775 -0.483125 40.027210 0.046932 -0.877857 0.476617 0.479268 0.239267 1 0 1.000000
  0 3.030259 -0.557613 39.802864 0.274908 -0.951762 0.136287 0.482024 0.230349 1 0 1.000000
  0 4.576354 0.052626 40.865929 0.281882 -0.851814 0.441538 0.489911 0.328329 1 0 1.000000
shackles
  0 3.106456 -0.502517 39.572330 0.486291 -0.835666 -0.255312 0.506670 0.228205 1 0 1.000000
  0 4.576354 0.052626 40.865929 0.281882 -0.851814 0.441538 0.489911 0.328329 1 0 1.000000
  0 3.030259 -0.557613 39.802864 0.274908 -0.951762 0.136287 0.482024 0.230349 1 0 1.000000
shackles
  0 3.106456 -0.502517 39.572330 0.486291 -0.835666 -0.255312 0.506670 0.228205 1 0 1.000000
  0 4.703634 0.081657 40.621544 0.670182 -0.724911 -0.159248 0.498435 0.328012 1 0 1.000000
  0 4.576354 0.052626 40.865929 0.281882 -0.851814 0.441538 0.489911 0.328329 1 0 1.000000
shackles
  21 37.316132 -10.208043 62.516712 0.789423 -0.432740 -0.435370 0.125793 0.905849 1 21 1.000000
  21 37.655552 -10.192308 63.116520 0.745139 -0.421621 -0.516724 0.115637 0.940498 1 21 1.000000
  21 36.756004 -11.616911 62.901440 0.772116 -0.414866 -0.481376 0.142888 0.920975 1 21 1.000000
shackles
  21 36.756004 -11.616911 62.901440 0.772116 -0.414866 -0.481376 0.142888 0.920975 1 21 1.000000
  21 37.655552 -10.192308 63.116520 0.745139 -0.421621 -0.516724 0.115637 0.940498 1 21 1.000000
  21 37.595230 -11.469905 63.991585 0.720539 -0.414677 -0.555758 0.135213 0.945710 1 21 1.000000
shackles
  21 38.155354 -10.061037 63.606865 0.686744 -0.432555 -0.584190 0.108093 0.964779 1 21 1.000000
  21 37.595230 -11.469905 63.991585 0.720539 -0.414677 -0.555758 0.135213 0.945710 1 21 1.000000
  21 37.655552 -10.192308 63.116520 0.745139 -0.421621 -0.516724 0.115637 0.940498 1 21 1.000000
end
