// Created by Crowbar 0.74
version 1
nodes
  0 "ValveBiped.Bip01" -1
  1 "ValveBiped.Bip01_Spine" 0
  2 "ValveBiped.Bip01_Spine1" 1
  3 "ValveBiped.Bip01_Spine2" 2
  4 "ValveBiped.Bip01_Spine4" 3
  5 "ValveBiped.Bip01_R_Clavicle" 4
  6 "ValveBiped.Bip01_R_UpperArm" 5
  7 "ValveBiped.Bip01_R_Forearm" 6
end
skeleton
  time 0
    0 0.000000 -1.071307 36.874279 1.570796 0.000000 0.000000
    1 0.000000 3.345132 -2.981898 1.570796 -0.167321 1.570796
    2 4.001674 0.000000 0.000000 0.000000 0.000000 -0.329319
    3 3.501194 0.000000 0.000000 0.000000 0.000000 0.097307
    4 10.379999 0.000000 0.000000 0.000000 0.000000 0.186413
    5 1.966377 0.994008 -1.937661 -1.661569 1.286515 2.950147
    6 4.145986 0.000002 0.000000 1.600799 -0.075845 -0.445917
    7 12.835727 0.000000 -0.000003 0.000000 0.000000 -0.292849
end
triangles
skeleton
  5 -2.599876 4.320647 53.760155 0.139075 0.811822 -0.567100 0.947040 0.776179 1 5 1.000000
  5 -2.319717 4.420478 54.460663 0.469965 0.880053 -0.068114 0.953210 0.793214 1 5 1.000000
  5 -2.377634 4.379563 53.999897 0.567937 0.732092 -0.376149 0.952148 0.782212 1 5 1.000000
skeleton
  5 -2.265368 2.300644 60.971199 -0.180509 0.632364 0.753347 0.935419 0.963127 1 5 1.000000
  5 -2.684314 2.269445 60.855347 -0.310743 0.588747 0.746201 0.925486 0.959526 1 5 1.000000
  5 -2.747071 1.986732 61.007511 -0.352613 -0.030306 0.935278 0.921873 0.966238 1 5 1.000000
skeleton
  5 -2.265368 2.300644 60.971199 -0.180509 0.632364 0.753347 0.935419 0.963127 1 5 1.000000
  5 -2.747071 1.986732 61.007511 -0.352613 -0.030306 0.935278 0.921873 0.966238 1 5 1.000000
  5 -2.121561 2.050498 61.222420 0.128768 0.198346 0.971636 0.937375 0.971492 1 5 1.000000
skeleton
  5 -2.121561 2.050498 61.222420 0.128768 0.198346 0.971636 0.937375 0.971492 1 5 1.000000
  5 -1.782379 3.322180 60.143028 0.001613 0.754689 0.656081 0.953689 0.934423 1 5 1.000000
  5 -2.265368 2.300644 60.971199 -0.180509 0.632364 0.753347 0.935419 0.963127 1 5 1.000000
skeleton
  5 -2.121561 2.050498 61.222420 0.128768 0.198346 0.971636 0.937375 0.971492 1 5 1.000000
  5 -1.479670 3.197045 60.197342 0.679203 0.531074 0.506600 0.959413 0.937581 1 5 1.000000
  5 -1.782379 3.322180 60.143028 0.001613 0.754689 0.656081 0.953689 0.934423 1 5 1.000000
skeleton
  5 -1.479670 3.197045 60.197342 0.679203 0.531074 0.506600 0.959413 0.937581 1 5 1.000000
  5 -1.877090 3.620450 59.307526 -0.119065 0.991798 0.046485 0.953838 0.911731 1 5 1.000000
  5 -1.782379 3.322180 60.143028 0.001613 0.754689 0.656081 0.953689 0.934423 1 5 1.000000
skeleton
  5 -1.479670 3.197045 60.197342 0.679203 0.531074 0.506600 0.959413 0.937581 1 5 1.000000
  5 -1.471428 3.452320 59.363613 0.756943 0.645791 0.099954 0.962640 0.915601 1 5 1.000000
  5 -1.877090 3.620450 59.307526 -0.119065 0.991798 0.046485 0.953838 0.911731 1 5 1.000000
skeleton
  5 -1.729388 3.810692 58.176205 0.673511 0.737473 0.050161 0.959759 0.884446 1 5 1.000000
  5 -1.877090 3.620450 59.307526 -0.119065 0.991798 0.046485 0.953838 0.911731 1 5 1.000000
  5 -1.471428 3.452320 59.363613 0.756943 0.645791 0.099954 0.962640 0.915601 1 5 1.000000
skeleton
  5 -1.729388 3.810692 58.176205 0.673511 0.737473 0.050161 0.959759 0.884446 1 5 1.000000
  5 -1.978786 3.727655 58.477913 -0.163857 0.961993 0.218448 0.953273 0.890999 1 5 1.000000
  5 -1.877090 3.620450 59.307526 -0.119065 0.991798 0.046485 0.953838 0.911731 1 5 1.000000
skeleton
  5 -1.889384 4.113610 56.951180 -0.257938 0.942707 0.211593 0.959133 0.853724 1 5 1.000000
  5 -1.978786 3.727655 58.477913 -0.163857 0.961993 0.218448 0.953273 0.890999 1 5 1.000000
  5 -1.729388 3.810692 58.176205 0.673511 0.737473 0.050161 0.959759 0.884446 1 5 1.000000
skeleton
  5 -1.889384 4.113610 56.951180 -0.257938 0.942707 0.211593 0.959133 0.853724 1 5 1.000000
  5 -2.124411 3.967457 57.197495 -0.240769 0.948122 0.207593 0.952718 0.859485 1 5 1.000000
  5 -1.978786 3.727655 58.477913 -0.163857 0.961993 0.218448 0.953273 0.890999 1 5 1.000000
skeleton
  5 -2.014219 4.299517 55.781506 -0.306077 0.935572 0.176128 0.958451 0.825200 1 5 1.000000
  5 -2.124411 3.967457 57.197495 -0.240769 0.948122 0.207593 0.952718 0.859485 1 5 1.000000
  5 -1.889384 4.113610 56.951180 -0.257938 0.942707 0.211593 0.959133 0.853724 1 5 1.000000
skeleton
  5 -2.014219 4.299517 55.781506 -0.306077 0.935572 0.176128 0.958451 0.825200 1 5 1.000000
  5 -2.316203 4.154933 56.033459 -0.282799 0.943959 0.170194 0.950441 0.830973 1 5 1.000000
  5 -2.124411 3.967457 57.197495 -0.240769 0.948122 0.207593 0.952718 0.859485 1 5 1.000000
skeleton
  5 -2.319717 4.420478 54.460663 0.469965 0.880053 -0.068114 0.953210 0.793214 1 5 1.000000
  5 -2.316203 4.154933 56.033459 -0.282799 0.943959 0.170194 0.950441 0.830973 1 5 1.000000
  5 -2.014219 4.299517 55.781506 -0.306077 0.935572 0.176128 0.958451 0.825200 1 5 1.000000
skeleton
  5 -2.319717 4.420478 54.460663 0.469965 0.880053 -0.068114 0.953210 0.793214 1 5 1.000000
  5 -2.668800 4.329949 54.421524 -0.239047 0.967724 0.079789 0.944695 0.791882 1 5 1.000000
  5 -2.316203 4.154933 56.033459 -0.282799 0.943959 0.170194 0.950441 0.830973 1 5 1.000000
skeleton
  5 -2.599876 4.320647 53.760155 0.139075 0.811822 -0.567100 0.947040 0.776179 1 5 1.000000
  5 -2.668800 4.329949 54.421524 -0.239047 0.967724 0.079789 0.944695 0.791882 1 5 1.000000
  5 -2.319717 4.420478 54.460663 0.469965 0.880053 -0.068114 0.953210 0.793214 1 5 1.000000
skeleton
  5 -3.296949 4.267828 54.129486 -0.318634 0.947078 -0.038919 0.930122 0.784038 1 5 1.000000
  5 -2.668800 4.329949 54.421524 -0.239047 0.967724 0.079789 0.944695 0.791882 1 5 1.000000
  5 -2.599876 4.320647 53.760155 0.139075 0.811822 -0.567100 0.947040 0.776179 1 5 1.000000
skeleton
  5 -3.296949 4.267828 54.129486 -0.318634 0.947078 -0.038919 0.930122 0.784038 1 5 1.000000
  5 -2.599876 4.320647 53.760155 0.139075 0.811822 -0.567100 0.947040 0.776179 1 5 1.000000
  5 -3.210150 4.133048 53.570984 -0.389156 0.625318 -0.676414 0.931819 0.770864 1 5 1.000000
skeleton
  5 -3.850135 3.907448 54.194832 -0.778358 0.377490 -0.501657 0.914401 0.785155 1 5 1.000000
  5 -3.296949 4.267828 54.129486 -0.318634 0.947078 -0.038919 0.930122 0.784038 1 5 1.000000
  5 -3.210150 4.133048 53.570984 -0.389156 0.625318 -0.676414 0.931819 0.770864 1 5 1.000000
skeleton
  5 -2.684314 2.269445 60.855347 -0.310743 0.588747 0.746201 0.925486 0.959526 1 5 1.000000
  5 -1.782379 3.322180 60.143028 0.001613 0.754689 0.656081 0.953689 0.934423 1 5 1.000000
  5 -2.322850 3.087558 60.165829 -0.162934 0.464121 0.870657 0.939621 0.937392 1 5 1.000000
skeleton
  5 -2.684314 2.269445 60.855347 -0.310743 0.588747 0.746201 0.925486 0.959526 1 5 1.000000
  5 -2.265368 2.300644 60.971199 -0.180509 0.632364 0.753347 0.935419 0.963127 1 5 1.000000
  5 -1.782379 3.322180 60.143028 0.001613 0.754689 0.656081 0.953689 0.934423 1 5 1.000000
skeleton
  5 -2.715877 3.776168 57.543636 -0.276044 0.937402 0.212312 0.937717 0.866924 1 5 1.000000
  5 -1.978786 3.727655 58.477913 -0.163857 0.961993 0.218448 0.953273 0.890999 1 5 1.000000
  5 -2.124411 3.967457 57.197495 -0.240769 0.948122 0.207593 0.952718 0.859485 1 5 1.000000
skeleton
  5 -2.124411 3.967457 57.197495 -0.240769 0.948122 0.207593 0.952718 0.859485 1 5 1.000000
  5 -2.316203 4.154933 56.033459 -0.282799 0.943959 0.170194 0.950441 0.830973 1 5 1.000000
  5 -3.064183 3.895407 56.420605 -0.329488 0.928345 0.172086 0.931394 0.839507 1 5 1.000000
skeleton
  5 -2.124411 3.967457 57.197495 -0.240769 0.948122 0.207593 0.952718 0.859485 1 5 1.000000
  5 -3.064183 3.895407 56.420605 -0.329488 0.928345 0.172086 0.931394 0.839507 1 5 1.000000
  5 -2.715877 3.776168 57.543636 -0.276044 0.937402 0.212312 0.937717 0.866924 1 5 1.000000
skeleton
  5 -2.715877 3.776168 57.543636 -0.276044 0.937402 0.212312 0.937717 0.866924 1 5 1.000000
  5 -3.064183 3.895407 56.420605 -0.329488 0.928345 0.172086 0.931394 0.839507 1 5 1.000000
  5 -3.662992 3.500844 56.945210 -0.439397 0.874226 0.206541 0.914430 0.851962 1 5 1.000000
skeleton
  5 -2.715877 3.776168 57.543636 -0.276044 0.937402 0.212312 0.937717 0.866924 1 5 1.000000
  5 -3.662992 3.500844 56.945210 -0.439397 0.874226 0.206541 0.914430 0.851962 1 5 1.000000
  5 -3.298846 3.475312 57.943024 -0.415250 0.880864 0.227255 0.921974 0.875951 1 5 1.000000
skeleton
  5 -3.298846 3.475312 57.943024 -0.415250 0.880864 0.227255 0.921974 0.875951 1 5 1.000000
  5 -3.662992 3.500844 56.945210 -0.439397 0.874226 0.206541 0.914430 0.851962 1 5 1.000000
  5 -4.125011 3.019010 57.702999 -0.481900 0.839575 0.250770 0.899218 0.870509 1 5 1.000000
skeleton
  5 -3.298846 3.475312 57.943024 -0.415250 0.880864 0.227255 0.921974 0.875951 1 5 1.000000
  5 -4.125011 3.019010 57.702999 -0.481900 0.839575 0.250770 0.899218 0.870509 1 5 1.000000
  5 -3.896220 2.966782 58.402561 -0.506674 0.836922 0.206984 0.903542 0.887286 1 5 1.000000
skeleton
  5 -4.567222 2.558775 58.245312 -0.462291 0.852989 0.242275 0.884594 0.884000 1 5 1.000000
  5 -3.896220 2.966782 58.402561 -0.506674 0.836922 0.206984 0.903542 0.887286 1 5 1.000000
  5 -4.125011 3.019010 57.702999 -0.481900 0.839575 0.250770 0.899218 0.870509 1 5 1.000000
skeleton
  5 -4.567222 2.558775 58.245312 -0.462291 0.852989 0.242275 0.884594 0.884000 1 5 1.000000
  5 -4.471283 2.501952 58.877342 -0.484212 0.857812 0.172331 0.885933 0.898898 1 5 1.000000
  5 -3.896220 2.966782 58.402561 -0.506674 0.836922 0.206984 0.903542 0.887286 1 5 1.000000
skeleton
  5 -4.471283 2.501952 58.877342 -0.484212 0.857812 0.172331 0.885933 0.898898 1 5 1.000000
  5 -4.567222 2.558775 58.245312 -0.462291 0.852989 0.242275 0.884594 0.884000 1 5 1.000000
  5 -5.031856 2.400733 58.119400 -0.411138 0.873829 0.259591 0.872947 0.880579 1 5 1.000000
skeleton
  5 -5.031856 2.400733 58.119400 -0.411138 0.873829 0.259591 0.872947 0.880579 1 5 1.000000
  5 -4.567222 2.558775 58.245312 -0.462291 0.852989 0.242275 0.884594 0.884000 1 5 1.000000
  5 -4.125011 3.019010 57.702999 -0.481900 0.839575 0.250770 0.899218 0.870509 1 5 1.000000
skeleton
  5 -5.031856 2.400733 58.119400 -0.411138 0.873829 0.259591 0.872947 0.880579 1 5 1.000000
  5 -4.125011 3.019010 57.702999 -0.481900 0.839575 0.250770 0.899218 0.870509 1 5 1.000000
  5 -4.618031 2.930409 57.245571 -0.432265 0.857818 0.278019 0.887811 0.859054 1 5 1.000000
skeleton
  5 -4.159014 3.435177 56.185848 -0.394129 0.888073 0.236618 0.903106 0.833561 1 5 1.000000
  5 -4.618031 2.930409 57.245571 -0.432265 0.857818 0.278019 0.887811 0.859054 1 5 1.000000
  5 -4.125011 3.019010 57.702999 -0.481900 0.839575 0.250770 0.899218 0.870509 1 5 1.000000
skeleton
  5 -4.159014 3.435177 56.185848 -0.394129 0.888073 0.236618 0.903106 0.833561 1 5 1.000000
  5 -4.125011 3.019010 57.702999 -0.481900 0.839575 0.250770 0.899218 0.870509 1 5 1.000000
  5 -3.662992 3.500844 56.945210 -0.439397 0.874226 0.206541 0.914430 0.851962 1 5 1.000000
skeleton
  5 -4.159014 3.435177 56.185848 -0.394129 0.888073 0.236618 0.903106 0.833561 1 5 1.000000
  5 -3.662992 3.500844 56.945210 -0.439397 0.874226 0.206541 0.914430 0.851962 1 5 1.000000
  5 -3.064183 3.895407 56.420605 -0.329488 0.928345 0.172086 0.931394 0.839507 1 5 1.000000
skeleton
  5 -4.159014 3.435177 56.185848 -0.394129 0.888073 0.236618 0.903106 0.833561 1 5 1.000000
  5 -3.064183 3.895407 56.420605 -0.329488 0.928345 0.172086 0.931394 0.839507 1 5 1.000000
  5 -3.427503 3.943117 55.162647 -0.290946 0.931537 0.218150 0.924187 0.809205 1 5 1.000000
skeleton
  5 -3.427503 3.943117 55.162647 -0.290946 0.931537 0.218150 0.924187 0.809205 1 5 1.000000
  5 -3.064183 3.895407 56.420605 -0.329488 0.928345 0.172086 0.931394 0.839507 1 5 1.000000
  5 -2.316203 4.154933 56.033459 -0.282799 0.943959 0.170194 0.950441 0.830973 1 5 1.000000
skeleton
  5 -3.427503 3.943117 55.162647 -0.290946 0.931537 0.218150 0.924187 0.809205 1 5 1.000000
  5 -2.316203 4.154933 56.033459 -0.282799 0.943959 0.170194 0.950441 0.830973 1 5 1.000000
  5 -2.668800 4.329949 54.421524 -0.239047 0.967724 0.079789 0.944695 0.791882 1 5 1.000000
skeleton
  5 -3.789725 4.032629 54.545094 -0.402584 0.913133 0.064141 0.916944 0.793602 1 5 1.000000
  5 -3.427503 3.943117 55.162647 -0.290946 0.931537 0.218150 0.924187 0.809205 1 5 1.000000
  5 -2.668800 4.329949 54.421524 -0.239047 0.967724 0.079789 0.944695 0.791882 1 5 1.000000
skeleton
  5 -3.789725 4.032629 54.545094 -0.402584 0.913133 0.064141 0.916944 0.793602 1 5 1.000000
  5 -2.668800 4.329949 54.421524 -0.239047 0.967724 0.079789 0.944695 0.791882 1 5 1.000000
  5 -3.296949 4.267828 54.129486 -0.318634 0.947078 -0.038919 0.930122 0.784038 1 5 1.000000
skeleton
  5 -3.789725 4.032629 54.545094 -0.402584 0.913133 0.064141 0.916944 0.793602 1 5 1.000000
  5 -4.159014 3.435177 56.185848 -0.394129 0.888073 0.236618 0.903106 0.833561 1 5 1.000000
  5 -3.427503 3.943117 55.162647 -0.290946 0.931537 0.218150 0.924187 0.809205 1 5 1.000000
skeleton
  5 -3.789725 4.032629 54.545094 -0.402584 0.913133 0.064141 0.916944 0.793602 1 5 1.000000
  5 -4.075428 3.823595 55.027763 -0.449601 0.880857 0.148155 0.908640 0.805142 1 5 1.000000
  5 -4.159014 3.435177 56.185848 -0.394129 0.888073 0.236618 0.903106 0.833561 1 5 1.000000
skeleton
  5 -3.850135 3.907448 54.194832 -0.778358 0.377490 -0.501657 0.914401 0.785155 1 5 1.000000
  5 -3.789725 4.032629 54.545094 -0.402584 0.913133 0.064141 0.916944 0.793602 1 5 1.000000
  5 -3.296949 4.267828 54.129486 -0.318634 0.947078 -0.038919 0.930122 0.784038 1 5 1.000000
skeleton
  5 -4.155494 3.803372 54.663361 -0.816693 0.418995 -0.396807 0.906657 0.796506 1 5 1.000000
  5 -3.789725 4.032629 54.545094 -0.402584 0.913133 0.064141 0.916944 0.793602 1 5 1.000000
  5 -3.850135 3.907448 54.194832 -0.778358 0.377490 -0.501657 0.914401 0.785155 1 5 1.000000
skeleton
  5 -4.155494 3.803372 54.663361 -0.816693 0.418995 -0.396807 0.906657 0.796506 1 5 1.000000
  5 -4.075428 3.823595 55.027763 -0.449601 0.880857 0.148155 0.908640 0.805142 1 5 1.000000
  5 -3.789725 4.032629 54.545094 -0.402584 0.913133 0.064141 0.916944 0.793602 1 5 1.000000
skeleton
  5 -4.418705 3.610972 54.954548 -0.973629 0.142938 -0.177809 0.898974 0.803681 1 5 1.000000
  5 -4.075428 3.823595 55.027763 -0.449601 0.880857 0.148155 0.908640 0.805142 1 5 1.000000
  5 -4.155494 3.803372 54.663361 -0.816693 0.418995 -0.396807 0.906657 0.796506 1 5 1.000000
skeleton
  5 -4.418705 3.610972 54.954548 -0.973629 0.142938 -0.177809 0.898974 0.803681 1 5 1.000000
  5 -4.354888 3.585710 55.272346 -0.934723 0.349134 0.066312 0.900114 0.811247 1 5 1.000000
  5 -4.075428 3.823595 55.027763 -0.449601 0.880857 0.148155 0.908640 0.805142 1 5 1.000000
skeleton
  5 -4.354888 3.585710 55.272346 -0.934723 0.349134 0.066312 0.900114 0.811247 1 5 1.000000
  5 -4.159014 3.435177 56.185848 -0.394129 0.888073 0.236618 0.903106 0.833561 1 5 1.000000
  5 -4.075428 3.823595 55.027763 -0.449601 0.880857 0.148155 0.908640 0.805142 1 5 1.000000
skeleton
  5 -4.354888 3.585710 55.272346 -0.934723 0.349134 0.066312 0.900114 0.811247 1 5 1.000000
  5 -4.591485 3.210583 56.271729 -0.896679 0.433663 -0.088902 0.891343 0.835494 1 5 1.000000
  5 -4.159014 3.435177 56.185848 -0.394129 0.888073 0.236618 0.903106 0.833561 1 5 1.000000
skeleton
  5 -4.897852 2.820924 57.091434 -0.852570 0.487166 -0.189193 0.880579 0.855347 1 5 1.000000
  5 -4.159014 3.435177 56.185848 -0.394129 0.888073 0.236618 0.903106 0.833561 1 5 1.000000
  5 -4.591485 3.210583 56.271729 -0.896679 0.433663 -0.088902 0.891343 0.835494 1 5 1.000000
skeleton
  5 -4.897852 2.820924 57.091434 -0.852570 0.487166 -0.189193 0.880579 0.855347 1 5 1.000000
  5 -4.618031 2.930409 57.245571 -0.432265 0.857818 0.278019 0.887811 0.859054 1 5 1.000000
  5 -4.159014 3.435177 56.185848 -0.394129 0.888073 0.236618 0.903106 0.833561 1 5 1.000000
skeleton
  5 -5.543726 2.239012 57.877468 -0.618853 0.749349 -0.235578 0.860299 0.874502 1 5 1.000000
  5 -4.618031 2.930409 57.245571 -0.432265 0.857818 0.278019 0.887811 0.859054 1 5 1.000000
  5 -4.897852 2.820924 57.091434 -0.852570 0.487166 -0.189193 0.880579 0.855347 1 5 1.000000
skeleton
  5 -5.543726 2.239012 57.877468 -0.618853 0.749349 -0.235578 0.860299 0.874502 1 5 1.000000
  5 -5.031856 2.400733 58.119400 -0.411138 0.873829 0.259591 0.872947 0.880579 1 5 1.000000
  5 -4.618031 2.930409 57.245571 -0.432265 0.857818 0.278019 0.887811 0.859054 1 5 1.000000
skeleton
  5 -5.078012 2.190264 58.849281 -0.473097 0.856004 0.208413 0.869533 0.898214 1 5 1.000000
  5 -5.031856 2.400733 58.119400 -0.411138 0.873829 0.259591 0.872947 0.880579 1 5 1.000000
  5 -5.543726 2.239012 57.877468 -0.618853 0.749349 -0.235578 0.860299 0.874502 1 5 1.000000
skeleton
  5 -4.471283 2.501952 58.877342 -0.484212 0.857812 0.172331 0.885933 0.898898 1 5 1.000000
  5 -5.031856 2.400733 58.119400 -0.411138 0.873829 0.259591 0.872947 0.880579 1 5 1.000000
  5 -5.078012 2.190264 58.849281 -0.473097 0.856004 0.208413 0.869533 0.898214 1 5 1.000000
skeleton
  5 -4.409316 2.469014 59.491997 -0.536130 0.835526 -0.120256 0.887009 0.912900 1 5 1.000000
  5 -4.471283 2.501952 58.877342 -0.484212 0.857812 0.172331 0.885933 0.898898 1 5 1.000000
  5 -5.078012 2.190264 58.849281 -0.473097 0.856004 0.208413 0.869533 0.898214 1 5 1.000000
skeleton
  5 -4.409316 2.469014 59.491997 -0.536130 0.835526 -0.120256 0.887009 0.912900 1 5 1.000000
  5 -3.896220 2.966782 58.402561 -0.506674 0.836922 0.206984 0.903542 0.887286 1 5 1.000000
  5 -4.471283 2.501952 58.877342 -0.484212 0.857812 0.172331 0.885933 0.898898 1 5 1.000000
skeleton
  5 -4.409316 2.469014 59.491997 -0.536130 0.835526 -0.120256 0.887009 0.912900 1 5 1.000000
  5 -3.694668 2.861417 59.289616 -0.463568 0.878622 0.114579 0.906613 0.908451 1 5 1.000000
  5 -3.896220 2.966782 58.402561 -0.506674 0.836922 0.206984 0.903542 0.887286 1 5 1.000000
skeleton
  5 -3.298846 3.475312 57.943024 -0.415250 0.880864 0.227255 0.921974 0.875951 1 5 1.000000
  5 -3.896220 2.966782 58.402561 -0.506674 0.836922 0.206984 0.903542 0.887286 1 5 1.000000
  5 -3.694668 2.861417 59.289616 -0.463568 0.878622 0.114579 0.906613 0.908451 1 5 1.000000
skeleton
  5 -3.298846 3.475312 57.943024 -0.415250 0.880864 0.227255 0.921974 0.875951 1 5 1.000000
  5 -3.694668 2.861417 59.289616 -0.463568 0.878622 0.114579 0.906613 0.908451 1 5 1.000000
  5 -3.001498 3.325491 58.911850 -0.362817 0.904721 0.223257 0.926635 0.899581 1 5 1.000000
skeleton
  5 -6.230812 1.888784 58.732529 -0.346000 0.884029 0.314288 0.841364 0.894710 1 5 1.000000
  5 -5.543726 2.239012 57.877468 -0.618853 0.749349 -0.235578 0.860299 0.874502 1 5 1.000000
  5 -6.134326 1.876059 58.130531 -0.863630 0.169509 -0.474773 0.843897 0.880592 1 5 1.000000
skeleton
  5 -6.230812 1.888784 58.732529 -0.346000 0.884029 0.314288 0.841364 0.894710 1 5 1.000000
  5 -5.555060 2.017794 58.821945 -0.420648 0.861306 0.284969 0.857541 0.897577 1 5 1.000000
  5 -5.543726 2.239012 57.877468 -0.618853 0.749349 -0.235578 0.860299 0.874502 1 5 1.000000
skeleton
  5 -5.078012 2.190264 58.849281 -0.473097 0.856004 0.208413 0.869533 0.898214 1 5 1.000000
  5 -5.543726 2.239012 57.877468 -0.618853 0.749349 -0.235578 0.860299 0.874502 1 5 1.000000
  5 -5.555060 2.017794 58.821945 -0.420648 0.861306 0.284969 0.857541 0.897577 1 5 1.000000
skeleton
  5 -5.102022 1.987283 59.876686 -0.868671 0.451759 0.203284 0.869795 0.923861 1 5 1.000000
  5 -5.078012 2.190264 58.849281 -0.473097 0.856004 0.208413 0.869533 0.898214 1 5 1.000000
  5 -5.555060 2.017794 58.821945 -0.420648 0.861306 0.284969 0.857541 0.897577 1 5 1.000000
skeleton
  5 -4.409316 2.469014 59.491997 -0.536130 0.835526 -0.120256 0.887009 0.912900 1 5 1.000000
  5 -5.078012 2.190264 58.849281 -0.473097 0.856004 0.208413 0.869533 0.898214 1 5 1.000000
  5 -5.102022 1.987283 59.876686 -0.868671 0.451759 0.203284 0.869795 0.923861 1 5 1.000000
skeleton
  5 -4.409316 2.469014 59.491997 -0.536130 0.835526 -0.120256 0.887009 0.912900 1 5 1.000000
  5 -5.102022 1.987283 59.876686 -0.868671 0.451759 0.203284 0.869795 0.923861 1 5 1.000000
  5 -5.141651 2.197045 59.974884 -0.664317 0.085086 -0.742592 0.872665 0.926064 1 5 1.000000
skeleton
  5 -4.409316 2.469014 59.491997 -0.536130 0.835526 -0.120256 0.887009 0.912900 1 5 1.000000
  5 -5.141651 2.197045 59.974884 -0.664317 0.085086 -0.742592 0.872665 0.926064 1 5 1.000000
  5 -4.430303 2.564679 59.725571 -0.494153 0.543154 -0.678820 0.887698 0.917574 1 5 1.000000
skeleton
  5 -4.430303 2.564679 59.725571 -0.494153 0.543154 -0.678820 0.887698 0.917574 1 5 1.000000
  5 -3.694668 2.861417 59.289616 -0.463568 0.878622 0.114579 0.906613 0.908451 1 5 1.000000
  5 -4.409316 2.469014 59.491997 -0.536130 0.835526 -0.120256 0.887009 0.912900 1 5 1.000000
skeleton
  5 -5.102022 1.987283 59.876686 -0.868671 0.451759 0.203284 0.869795 0.923861 1 5 1.000000
  5 -5.555060 2.017794 58.821945 -0.420648 0.861306 0.284969 0.857541 0.897577 1 5 1.000000
  5 -5.359138 1.659644 59.643547 -0.527493 0.477869 0.702419 0.859217 0.919441 1 5 1.000000
skeleton
  5 -5.102022 1.987283 59.876686 -0.868671 0.451759 0.203284 0.869795 0.923861 1 5 1.000000
  5 -5.188339 1.437621 59.763138 -0.564535 -0.181773 0.805145 0.860136 0.928514 1 5 1.000000
  5 -4.993205 1.860395 59.962154 -0.657718 -0.414077 0.629243 0.868151 0.935520 1 5 1.000000
skeleton
  5 -5.102022 1.987283 59.876686 -0.868671 0.451759 0.203284 0.869795 0.923861 1 5 1.000000
  5 -5.359138 1.659644 59.643547 -0.527493 0.477869 0.702419 0.859217 0.919441 1 5 1.000000
  5 -5.188339 1.437621 59.763138 -0.564535 -0.181773 0.805145 0.860136 0.928514 1 5 1.000000
skeleton
  5 -5.359138 1.659644 59.643547 -0.527493 0.477869 0.702419 0.859217 0.919441 1 5 1.000000
  5 -5.779641 1.153176 59.625149 -0.608038 -0.619921 0.495971 0.844598 0.925152 1 5 1.000000
  5 -5.188339 1.437621 59.763138 -0.564535 -0.181773 0.805145 0.860136 0.928514 1 5 1.000000
skeleton
  5 -5.359138 1.659644 59.643547 -0.527493 0.477869 0.702419 0.859217 0.919441 1 5 1.000000
  5 -5.957177 1.400511 59.522541 -0.861081 -0.063011 0.504548 0.843799 0.917605 1 5 1.000000
  5 -5.779641 1.153176 59.625149 -0.608038 -0.619921 0.495971 0.844598 0.925152 1 5 1.000000
skeleton
  5 -5.957177 1.400511 59.522541 -0.861081 -0.063011 0.504548 0.843799 0.917605 1 5 1.000000
  5 -5.359138 1.659644 59.643547 -0.527493 0.477869 0.702419 0.859217 0.919441 1 5 1.000000
  5 -5.555060 2.017794 58.821945 -0.420648 0.861306 0.284969 0.857541 0.897577 1 5 1.000000
skeleton
  5 -5.957177 1.400511 59.522541 -0.861081 -0.063011 0.504548 0.843799 0.917605 1 5 1.000000
  5 -5.555060 2.017794 58.821945 -0.420648 0.861306 0.284969 0.857541 0.897577 1 5 1.000000
  5 -6.230812 1.888784 58.732529 -0.346000 0.884029 0.314288 0.841364 0.894710 1 5 1.000000
skeleton
  5 -1.959504 3.543948 59.297054 -0.523182 0.836021 -0.165377 0.951293 0.910807 1 5 1.000000
  5 -2.277251 3.601190 58.583916 -0.297224 0.928739 0.221590 0.945639 0.893026 1 5 1.000000
  5 -3.001498 3.325491 58.911850 -0.362817 0.904721 0.223257 0.926635 0.899581 1 5 1.000000
skeleton
  5 -2.715877 3.776168 57.543636 -0.276044 0.937402 0.212312 0.937717 0.866924 1 5 1.000000
  5 -3.298846 3.475312 57.943024 -0.415250 0.880864 0.227255 0.921974 0.875951 1 5 1.000000
  5 -3.001498 3.325491 58.911850 -0.362817 0.904721 0.223257 0.926635 0.899581 1 5 1.000000
skeleton
  5 -2.715877 3.776168 57.543636 -0.276044 0.937402 0.212312 0.937717 0.866924 1 5 1.000000
  5 -3.001498 3.325491 58.911850 -0.362817 0.904721 0.223257 0.926635 0.899581 1 5 1.000000
  5 -2.277251 3.601190 58.583916 -0.297224 0.928739 0.221590 0.945639 0.893026 1 5 1.000000
skeleton
  5 -2.715877 3.776168 57.543636 -0.276044 0.937402 0.212312 0.937717 0.866924 1 5 1.000000
  5 -2.277251 3.601190 58.583916 -0.297224 0.928739 0.221590 0.945639 0.893026 1 5 1.000000
  5 -1.978786 3.727655 58.477913 -0.163857 0.961993 0.218448 0.953273 0.890999 1 5 1.000000
skeleton
  5 -2.277251 3.601190 58.583916 -0.297224 0.928739 0.221590 0.945639 0.893026 1 5 1.000000
  5 -1.877090 3.620450 59.307526 -0.119065 0.991798 0.046485 0.953838 0.911731 1 5 1.000000
  5 -1.978786 3.727655 58.477913 -0.163857 0.961993 0.218448 0.953273 0.890999 1 5 1.000000
skeleton
  5 -2.277251 3.601190 58.583916 -0.297224 0.928739 0.221590 0.945639 0.893026 1 5 1.000000
  5 -1.959504 3.543948 59.297054 -0.523182 0.836021 -0.165377 0.951293 0.910807 1 5 1.000000
  5 -1.877090 3.620450 59.307526 -0.119065 0.991798 0.046485 0.953838 0.911731 1 5 1.000000
skeleton
  5 -1.877090 3.620450 59.307526 -0.119065 0.991798 0.046485 0.953838 0.911731 1 5 1.000000
  5 -1.959504 3.543948 59.297054 -0.523182 0.836021 -0.165377 0.951293 0.910807 1 5 1.000000
  5 -2.724176 3.211751 59.810600 -0.401247 0.794091 -0.456531 0.930962 0.921183 1 5 1.000000
skeleton
  5 -1.959504 3.543948 59.297054 -0.523182 0.836021 -0.165377 0.951293 0.910807 1 5 1.000000
  5 -3.001498 3.325491 58.911850 -0.362817 0.904721 0.223257 0.926635 0.899581 1 5 1.000000
  5 -2.724176 3.211751 59.810600 -0.401247 0.794091 -0.456531 0.930962 0.921183 1 5 1.000000
skeleton
  5 -2.724176 3.211751 59.810600 -0.401247 0.794091 -0.456531 0.930962 0.921183 1 5 1.000000
  5 -3.001498 3.325491 58.911850 -0.362817 0.904721 0.223257 0.926635 0.899581 1 5 1.000000
  5 -3.694668 2.861417 59.289616 -0.463568 0.878622 0.114579 0.906613 0.908451 1 5 1.000000
skeleton
  5 -2.724176 3.211751 59.810600 -0.401247 0.794091 -0.456531 0.930962 0.921183 1 5 1.000000
  5 -3.694668 2.861417 59.289616 -0.463568 0.878622 0.114579 0.906613 0.908451 1 5 1.000000
  5 -3.643018 2.870921 59.582985 -0.344115 0.749003 -0.566197 0.907847 0.914855 1 5 1.000000
skeleton
  5 -4.430303 2.564679 59.725571 -0.494153 0.543154 -0.678820 0.887698 0.917574 1 5 1.000000
  5 -3.643018 2.870921 59.582985 -0.344115 0.749003 -0.566197 0.907847 0.914855 1 5 1.000000
  5 -3.694668 2.861417 59.289616 -0.463568 0.878622 0.114579 0.906613 0.908451 1 5 1.000000
skeleton
  5 -4.430303 2.564679 59.725571 -0.494153 0.543154 -0.678820 0.887698 0.917574 1 5 1.000000
  5 -3.818012 3.180736 59.711948 -0.245603 0.804677 -0.540531 0.906285 0.922418 1 5 1.000000
  5 -3.643018 2.870921 59.582985 -0.344115 0.749003 -0.566197 0.907847 0.914855 1 5 1.000000
skeleton
  5 -4.430303 2.564679 59.725571 -0.494153 0.543154 -0.678820 0.887698 0.917574 1 5 1.000000
  5 -4.565591 2.911288 59.902317 -0.497510 0.738649 -0.454843 0.886342 0.924988 1 5 1.000000
  5 -3.818012 3.180736 59.711948 -0.245603 0.804677 -0.540531 0.906285 0.922418 1 5 1.000000
skeleton
  5 -3.741452 3.200808 60.055370 -0.178946 0.771220 0.610899 0.908203 0.928232 1 5 1.000000
  5 -3.818012 3.180736 59.711948 -0.245603 0.804677 -0.540531 0.906285 0.922418 1 5 1.000000
  5 -4.565591 2.911288 59.902317 -0.497510 0.738649 -0.454843 0.886342 0.924988 1 5 1.000000
skeleton
  5 -3.741452 3.200808 60.055370 -0.178946 0.771220 0.610899 0.908203 0.928232 1 5 1.000000
  5 -4.565591 2.911288 59.902317 -0.497510 0.738649 -0.454843 0.886342 0.924988 1 5 1.000000
  5 -4.477150 2.897520 60.185978 -0.217177 0.694160 0.686277 0.890098 0.924504 1 5 1.000000
skeleton
  5 -4.477150 2.897520 60.185978 -0.217177 0.694160 0.686277 0.890098 0.924504 1 5 1.000000
  5 -3.612917 2.910440 60.190372 -0.007323 0.207315 0.978247 0.908834 0.934676 1 5 1.000000
  5 -3.741452 3.200808 60.055370 -0.178946 0.771220 0.610899 0.908203 0.928232 1 5 1.000000
skeleton
  5 -4.477150 2.897520 60.185978 -0.217177 0.694160 0.686277 0.890098 0.924504 1 5 1.000000
  5 -4.382178 2.567234 60.243824 0.119845 0.041624 0.991920 0.888165 0.932840 1 5 1.000000
  5 -3.612917 2.910440 60.190372 -0.007323 0.207315 0.978247 0.908834 0.934676 1 5 1.000000
skeleton
  5 -4.382178 2.567234 60.243824 0.119845 0.041624 0.991920 0.888165 0.932840 1 5 1.000000
  5 -3.615273 2.593640 60.220127 -0.147698 0.267146 0.952270 0.905686 0.940081 1 5 1.000000
  5 -3.612917 2.910440 60.190372 -0.007323 0.207315 0.978247 0.908834 0.934676 1 5 1.000000
skeleton
  5 -4.382178 2.567234 60.243824 0.119845 0.041624 0.991920 0.888165 0.932840 1 5 1.000000
  5 -4.313044 2.287822 60.182484 0.044186 -0.100549 0.993950 0.887758 0.939501 1 5 1.000000
  5 -3.615273 2.593640 60.220127 -0.147698 0.267146 0.952270 0.905686 0.940081 1 5 1.000000
skeleton
  5 -2.750484 3.213156 60.094898 -0.043620 0.282805 0.958185 0.930537 0.932746 1 5 1.000000
  5 -2.770998 3.373626 60.048038 -0.095309 0.745655 0.659480 0.931240 0.928822 1 5 1.000000
  5 -3.741452 3.200808 60.055370 -0.178946 0.771220 0.610899 0.908203 0.928232 1 5 1.000000
skeleton
  5 -2.770998 3.373626 60.048038 -0.095309 0.745655 0.659480 0.931240 0.928822 1 5 1.000000
  5 -3.818012 3.180736 59.711948 -0.245603 0.804677 -0.540531 0.906285 0.922418 1 5 1.000000
  5 -3.741452 3.200808 60.055370 -0.178946 0.771220 0.610899 0.908203 0.928232 1 5 1.000000
skeleton
  5 -2.770998 3.373626 60.048038 -0.095309 0.745655 0.659480 0.931240 0.928822 1 5 1.000000
  5 -2.784935 3.411996 59.847027 -0.241514 0.847209 -0.473189 0.931453 0.924645 1 5 1.000000
  5 -3.818012 3.180736 59.711948 -0.245603 0.804677 -0.540531 0.906285 0.922418 1 5 1.000000
skeleton
  5 -2.750484 3.213156 60.094898 -0.043620 0.282805 0.958185 0.930537 0.932746 1 5 1.000000
  5 -3.741452 3.200808 60.055370 -0.178946 0.771220 0.610899 0.908203 0.928232 1 5 1.000000
  5 -3.612917 2.910440 60.190372 -0.007323 0.207315 0.978247 0.908834 0.934676 1 5 1.000000
skeleton
  5 -3.612917 2.910440 60.190372 -0.007323 0.207315 0.978247 0.908834 0.934676 1 5 1.000000
  5 -2.322850 3.087558 60.165829 -0.162934 0.464121 0.870657 0.939621 0.937392 1 5 1.000000
  5 -2.750484 3.213156 60.094898 -0.043620 0.282805 0.958185 0.930537 0.932746 1 5 1.000000
skeleton
  5 -2.770998 3.373626 60.048038 -0.095309 0.745655 0.659480 0.931240 0.928822 1 5 1.000000
  5 -2.750484 3.213156 60.094898 -0.043620 0.282805 0.958185 0.930537 0.932746 1 5 1.000000
  5 -2.322850 3.087558 60.165829 -0.162934 0.464121 0.870657 0.939621 0.937392 1 5 1.000000
skeleton
  5 -2.770998 3.373626 60.048038 -0.095309 0.745655 0.659480 0.931240 0.928822 1 5 1.000000
  5 -2.322850 3.087558 60.165829 -0.162934 0.464121 0.870657 0.939621 0.937392 1 5 1.000000
  5 -1.782379 3.322180 60.143028 0.001613 0.754689 0.656081 0.953689 0.934423 1 5 1.000000
skeleton
  5 -1.782379 3.322180 60.143028 0.001613 0.754689 0.656081 0.953689 0.934423 1 5 1.000000
  5 -2.784935 3.411996 59.847027 -0.241514 0.847209 -0.473189 0.931453 0.924645 1 5 1.000000
  5 -2.770998 3.373626 60.048038 -0.095309 0.745655 0.659480 0.931240 0.928822 1 5 1.000000
skeleton
  5 -1.782379 3.322180 60.143028 0.001613 0.754689 0.656081 0.953689 0.934423 1 5 1.000000
  5 -1.877090 3.620450 59.307526 -0.119065 0.991798 0.046485 0.953838 0.911731 1 5 1.000000
  5 -2.784935 3.411996 59.847027 -0.241514 0.847209 -0.473189 0.931453 0.924645 1 5 1.000000
skeleton
  5 -1.877090 3.620450 59.307526 -0.119065 0.991798 0.046485 0.953838 0.911731 1 5 1.000000
  5 -2.724176 3.211751 59.810600 -0.401247 0.794091 -0.456531 0.930962 0.921183 1 5 1.000000
  5 -2.784935 3.411996 59.847027 -0.241514 0.847209 -0.473189 0.931453 0.924645 1 5 1.000000
skeleton
  5 -2.724176 3.211751 59.810600 -0.401247 0.794091 -0.456531 0.930962 0.921183 1 5 1.000000
  5 -3.818012 3.180736 59.711948 -0.245603 0.804677 -0.540531 0.906285 0.922418 1 5 1.000000
  5 -2.784935 3.411996 59.847027 -0.241514 0.847209 -0.473189 0.931453 0.924645 1 5 1.000000
skeleton
  5 -2.724176 3.211751 59.810600 -0.401247 0.794091 -0.456531 0.930962 0.921183 1 5 1.000000
  5 -3.643018 2.870921 59.582985 -0.344115 0.749003 -0.566197 0.907847 0.914855 1 5 1.000000
  5 -3.818012 3.180736 59.711948 -0.245603 0.804677 -0.540531 0.906285 0.922418 1 5 1.000000
skeleton
  5 -2.684314 2.269445 60.855347 -0.310743 0.588747 0.746201 0.925486 0.959526 1 5 1.000000
  5 -3.511697 1.897075 60.663754 -0.376443 -0.039607 0.925593 0.902625 0.958674 1 5 1.000000
  5 -2.747071 1.986732 61.007511 -0.352613 -0.030306 0.935278 0.921873 0.966238 1 5 1.000000
skeleton
  5 -2.684314 2.269445 60.855347 -0.310743 0.588747 0.746201 0.925486 0.959526 1 5 1.000000
  5 -3.591100 2.178056 60.446484 -0.369372 0.459662 0.807636 0.903068 0.950371 1 5 1.000000
  5 -3.511697 1.897075 60.663754 -0.376443 -0.039607 0.925593 0.902625 0.958674 1 5 1.000000
skeleton
  5 -2.322850 3.087558 60.165829 -0.162934 0.464121 0.870657 0.939621 0.937392 1 5 1.000000
  5 -3.591100 2.178056 60.446484 -0.369372 0.459662 0.807636 0.903068 0.950371 1 5 1.000000
  5 -2.684314 2.269445 60.855347 -0.310743 0.588747 0.746201 0.925486 0.959526 1 5 1.000000
skeleton
  5 -2.322850 3.087558 60.165829 -0.162934 0.464121 0.870657 0.939621 0.937392 1 5 1.000000
  5 -3.615273 2.593640 60.220127 -0.147698 0.267146 0.952270 0.905686 0.940081 1 5 1.000000
  5 -3.591100 2.178056 60.446484 -0.369372 0.459662 0.807636 0.903068 0.950371 1 5 1.000000
skeleton
  5 -3.612917 2.910440 60.190372 -0.007323 0.207315 0.978247 0.908834 0.934676 1 5 1.000000
  5 -3.615273 2.593640 60.220127 -0.147698 0.267146 0.952270 0.905686 0.940081 1 5 1.000000
  5 -2.322850 3.087558 60.165829 -0.162934 0.464121 0.870657 0.939621 0.937392 1 5 1.000000
skeleton
  5 -4.565591 2.911288 59.902317 -0.497510 0.738649 -0.454843 0.886342 0.924988 1 5 1.000000
  5 -4.430303 2.564679 59.725571 -0.494153 0.543154 -0.678820 0.887698 0.917574 1 5 1.000000
  5 -5.141651 2.197045 59.974884 -0.664317 0.085086 -0.742592 0.872665 0.926064 1 5 1.000000
skeleton
  5 -4.565591 2.911288 59.902317 -0.497510 0.738649 -0.454843 0.886342 0.924988 1 5 1.000000
  5 -5.141651 2.197045 59.974884 -0.664317 0.085086 -0.742592 0.872665 0.926064 1 5 1.000000
  5 -5.254807 2.470329 60.160099 -0.612661 0.702554 -0.362028 0.871800 0.929768 1 5 1.000000
skeleton
  5 -4.565591 2.911288 59.902317 -0.497510 0.738649 -0.454843 0.886342 0.924988 1 5 1.000000
  5 -5.254807 2.470329 60.160099 -0.612661 0.702554 -0.362028 0.871800 0.929768 1 5 1.000000
  5 -5.178233 2.460637 60.364979 -0.192994 0.584917 0.787798 0.872525 0.932845 1 5 1.000000
skeleton
  5 -4.565591 2.911288 59.902317 -0.497510 0.738649 -0.454843 0.886342 0.924988 1 5 1.000000
  5 -5.178233 2.460637 60.364979 -0.192994 0.584917 0.787798 0.872525 0.932845 1 5 1.000000
  5 -4.477150 2.897520 60.185978 -0.217177 0.694160 0.686277 0.890098 0.924504 1 5 1.000000
skeleton
  5 -5.021349 2.125327 60.382187 0.320807 -0.128538 0.938382 0.874215 0.935771 1 5 1.000000
  5 -4.477150 2.897520 60.185978 -0.217177 0.694160 0.686277 0.890098 0.924504 1 5 1.000000
  5 -5.178233 2.460637 60.364979 -0.192994 0.584917 0.787798 0.872525 0.932845 1 5 1.000000
skeleton
  5 -5.021349 2.125327 60.382187 0.320807 -0.128538 0.938382 0.874215 0.935771 1 5 1.000000
  5 -4.382178 2.567234 60.243824 0.119845 0.041624 0.991920 0.888165 0.932840 1 5 1.000000
  5 -4.477150 2.897520 60.185978 -0.217177 0.694160 0.686277 0.890098 0.924504 1 5 1.000000
skeleton
  5 -5.021349 2.125327 60.382187 0.320807 -0.128538 0.938382 0.874215 0.935771 1 5 1.000000
  5 -4.313044 2.287822 60.182484 0.044186 -0.100549 0.993950 0.887758 0.939501 1 5 1.000000
  5 -4.382178 2.567234 60.243824 0.119845 0.041624 0.991920 0.888165 0.932840 1 5 1.000000
skeleton
  5 -5.021349 2.125327 60.382187 0.320807 -0.128538 0.938382 0.874215 0.935771 1 5 1.000000
  5 -4.953617 1.978639 60.284573 0.260362 -0.724431 0.638287 0.874392 0.938858 1 5 1.000000
  5 -4.313044 2.287822 60.182484 0.044186 -0.100549 0.993950 0.887758 0.939501 1 5 1.000000
skeleton
  5 -4.222455 1.961496 60.182487 -0.315628 0.158896 0.935484 0.885411 0.946611 1 5 1.000000
  5 -4.313044 2.287822 60.182484 0.044186 -0.100549 0.993950 0.887758 0.939501 1 5 1.000000
  5 -4.953617 1.978639 60.284573 0.260362 -0.724431 0.638287 0.874392 0.938858 1 5 1.000000
skeleton
  5 -4.222455 1.961496 60.182487 -0.315628 0.158896 0.935484 0.885411 0.946611 1 5 1.000000
  5 -4.953617 1.978639 60.284573 0.260362 -0.724431 0.638287 0.874392 0.938858 1 5 1.000000
  5 -4.654838 1.820955 60.064774 -0.356078 -0.251247 0.900046 0.874311 0.940960 1 5 1.000000
skeleton
  5 -4.654838 1.820955 60.064774 -0.356078 -0.251247 0.900046 0.874311 0.940960 1 5 1.000000
  5 -4.953617 1.978639 60.284573 0.260362 -0.724431 0.638287 0.874392 0.938858 1 5 1.000000
  5 -5.061320 1.998351 60.118286 -0.369996 -0.885115 -0.282268 0.869628 0.936302 1 5 1.000000
skeleton
  5 -4.654838 1.820955 60.064774 -0.356078 -0.251247 0.900046 0.874311 0.940960 1 5 1.000000
  5 -5.061320 1.998351 60.118286 -0.369996 -0.885115 -0.282268 0.869628 0.936302 1 5 1.000000
  5 -4.993205 1.860395 59.962154 -0.657718 -0.414077 0.629243 0.868151 0.935520 1 5 1.000000
skeleton
  5 -4.993205 1.860395 59.962154 -0.657718 -0.414077 0.629243 0.868151 0.935520 1 5 1.000000
  5 -4.626194 1.363779 60.074535 -0.390263 -0.048076 0.919447 0.871032 0.950081 1 5 1.000000
  5 -4.654838 1.820955 60.064774 -0.356078 -0.251247 0.900046 0.874311 0.940960 1 5 1.000000
skeleton
  5 -4.993205 1.860395 59.962154 -0.657718 -0.414077 0.629243 0.868151 0.935520 1 5 1.000000
  5 -5.188339 1.437621 59.763138 -0.564535 -0.181773 0.805145 0.860136 0.928514 1 5 1.000000
  5 -4.626194 1.363779 60.074535 -0.390263 -0.048076 0.919447 0.871032 0.950081 1 5 1.000000
skeleton
  5 -5.152678 0.917397 59.814678 -0.950623 0.101212 0.293379 0.859430 0.934193 1 5 1.000000
  5 -4.626194 1.363779 60.074535 -0.390263 -0.048076 0.919447 0.871032 0.950081 1 5 1.000000
  5 -5.188339 1.437621 59.763138 -0.564535 -0.181773 0.805145 0.860136 0.928514 1 5 1.000000
skeleton
  5 -5.152678 0.917397 59.814678 -0.950623 0.101212 0.293379 0.859430 0.934193 1 5 1.000000
  5 -4.898526 0.685055 59.997456 -0.323601 -0.149691 0.934278 0.858842 0.940250 1 5 1.000000
  5 -4.626194 1.363779 60.074535 -0.390263 -0.048076 0.919447 0.871032 0.950081 1 5 1.000000
skeleton
  5 -5.152678 0.917397 59.814678 -0.950623 0.101212 0.293379 0.859430 0.934193 1 5 1.000000
  5 -5.149638 0.301414 59.790695 -0.324283 -0.382821 0.865037 0.847244 0.937328 1 5 1.000000
  5 -4.898526 0.685055 59.997456 -0.323601 -0.149691 0.934278 0.858842 0.940250 1 5 1.000000
skeleton
  5 -5.152678 0.917397 59.814678 -0.950623 0.101212 0.293379 0.859430 0.934193 1 5 1.000000
  5 -5.306693 0.437004 59.761116 -0.913417 0.206811 0.350569 0.848500 0.932567 1 5 1.000000
  5 -5.149638 0.301414 59.790695 -0.324283 -0.382821 0.865037 0.847244 0.937328 1 5 1.000000
skeleton
  5 -4.313044 2.287822 60.182484 0.044186 -0.100549 0.993950 0.887758 0.939501 1 5 1.000000
  5 -3.591100 2.178056 60.446484 -0.369372 0.459662 0.807636 0.903068 0.950371 1 5 1.000000
  5 -3.615273 2.593640 60.220127 -0.147698 0.267146 0.952270 0.905686 0.940081 1 5 1.000000
skeleton
  5 -4.313044 2.287822 60.182484 0.044186 -0.100549 0.993950 0.887758 0.939501 1 5 1.000000
  5 -4.222455 1.961496 60.182487 -0.315628 0.158896 0.935484 0.885411 0.946611 1 5 1.000000
  5 -3.591100 2.178056 60.446484 -0.369372 0.459662 0.807636 0.903068 0.950371 1 5 1.000000
skeleton
  5 -4.222455 1.961496 60.182487 -0.315628 0.158896 0.935484 0.885411 0.946611 1 5 1.000000
  5 -3.511697 1.897075 60.663754 -0.376443 -0.039607 0.925593 0.902625 0.958674 1 5 1.000000
  5 -3.591100 2.178056 60.446484 -0.369372 0.459662 0.807636 0.903068 0.950371 1 5 1.000000
skeleton
  5 -4.222455 1.961496 60.182487 -0.315628 0.158896 0.935484 0.885411 0.946611 1 5 1.000000
  5 -4.160925 1.648755 60.415848 -0.379352 -0.255360 0.889316 0.884290 0.954454 1 5 1.000000
  5 -3.511697 1.897075 60.663754 -0.376443 -0.039607 0.925593 0.902625 0.958674 1 5 1.000000
skeleton
  5 -4.654838 1.820955 60.064774 -0.356078 -0.251247 0.900046 0.874311 0.940960 1 5 1.000000
  5 -4.160925 1.648755 60.415848 -0.379352 -0.255360 0.889316 0.884290 0.954454 1 5 1.000000
  5 -4.222455 1.961496 60.182487 -0.315628 0.158896 0.935484 0.885411 0.946611 1 5 1.000000
skeleton
  5 -4.654838 1.820955 60.064774 -0.356078 -0.251247 0.900046 0.874311 0.940960 1 5 1.000000
  5 -4.411562 1.553540 60.171169 -0.047540 -0.227412 0.972637 0.876672 0.950412 1 5 1.000000
  5 -4.160925 1.648755 60.415848 -0.379352 -0.255360 0.889316 0.884290 0.954454 1 5 1.000000
skeleton
  5 -4.411562 1.553540 60.171169 -0.047540 -0.227412 0.972637 0.876672 0.950412 1 5 1.000000
  5 -4.654838 1.820955 60.064774 -0.356078 -0.251247 0.900046 0.874311 0.940960 1 5 1.000000
  5 -4.626194 1.363779 60.074535 -0.390263 -0.048076 0.919447 0.871032 0.950081 1 5 1.000000
skeleton
  5 -4.411562 1.553540 60.171169 -0.047540 -0.227412 0.972637 0.876672 0.950412 1 5 1.000000
  5 -4.626194 1.363779 60.074535 -0.390263 -0.048076 0.919447 0.871032 0.950081 1 5 1.000000
  5 -4.343565 1.175897 60.200081 0.446281 -0.174829 0.877649 0.868824 0.956311 1 5 1.000000
skeleton
  5 -4.898526 0.685055 59.997456 -0.323601 -0.149691 0.934278 0.858842 0.940250 1 5 1.000000
  5 -4.343565 1.175897 60.200081 0.446281 -0.174829 0.877649 0.868824 0.956311 1 5 1.000000
  5 -4.626194 1.363779 60.074535 -0.390263 -0.048076 0.919447 0.871032 0.950081 1 5 1.000000
skeleton
  5 -4.898526 0.685055 59.997456 -0.323601 -0.149691 0.934278 0.858842 0.940250 1 5 1.000000
  5 -4.594894 0.555021 59.953716 0.533029 -0.585896 0.610414 0.853965 0.948814 1 5 1.000000
  5 -4.343565 1.175897 60.200081 0.446281 -0.174829 0.877649 0.868824 0.956311 1 5 1.000000
skeleton
  5 -4.594894 0.555021 59.953716 0.533029 -0.585896 0.610414 0.853965 0.948814 1 5 1.000000
  5 -4.898526 0.685055 59.997456 -0.323601 -0.149691 0.934278 0.858842 0.940250 1 5 1.000000
  5 -5.149638 0.301414 59.790695 -0.324283 -0.382821 0.865037 0.847244 0.937328 1 5 1.000000
skeleton
  5 -4.594894 0.555021 59.953716 0.533029 -0.585896 0.610414 0.853965 0.948814 1 5 1.000000
  5 -5.149638 0.301414 59.790695 -0.324283 -0.382821 0.865037 0.847244 0.937328 1 5 1.000000
  5 -4.954232 0.137463 59.706341 0.385940 -0.831164 0.400270 0.843299 0.941887 1 5 1.000000
skeleton
  5 -5.149638 0.301414 59.790695 -0.324283 -0.382821 0.865037 0.847244 0.937328 1 5 1.000000
  5 -5.150262 0.053104 59.592972 -0.031051 -0.999412 0.014530 0.839601 0.937777 1 5 1.000000
  5 -4.954232 0.137463 59.706341 0.385940 -0.831164 0.400270 0.843299 0.941887 1 5 1.000000
skeleton
  5 -5.149638 0.301414 59.790695 -0.324283 -0.382821 0.865037 0.847244 0.937328 1 5 1.000000
  5 -5.300048 0.125705 59.626648 -0.703023 -0.674007 0.226877 0.840945 0.934154 1 5 1.000000
  5 -5.150262 0.053104 59.592972 -0.031051 -0.999412 0.014530 0.839601 0.937777 1 5 1.000000
skeleton
  5 -5.306693 0.437004 59.761116 -0.913417 0.206811 0.350569 0.848500 0.932567 1 5 1.000000
  5 -5.300048 0.125705 59.626648 -0.703023 -0.674007 0.226877 0.840945 0.934154 1 5 1.000000
  5 -5.149638 0.301414 59.790695 -0.324283 -0.382821 0.865037 0.847244 0.937328 1 5 1.000000
skeleton
  5 -5.306693 0.437004 59.761116 -0.913417 0.206811 0.350569 0.848500 0.932567 1 5 1.000000
  5 -5.379246 0.306467 59.628632 -0.997734 0.015882 0.065371 0.844285 0.931180 1 5 1.000000
  5 -5.300048 0.125705 59.626648 -0.703023 -0.674007 0.226877 0.840945 0.934154 1 5 1.000000
skeleton
  5 -2.557427 4.176787 53.733208 0.369337 -0.916624 -0.152937 0.736841 0.777051 1 5 1.000000
  5 -2.670492 4.042807 54.341236 0.343037 -0.930455 -0.128758 0.738999 0.791860 1 5 1.000000
  5 -3.090902 3.915428 54.058014 0.328349 -0.935340 -0.131631 0.750056 0.786220 1 5 1.000000
skeleton
  5 -2.557427 4.176787 53.733208 0.369337 -0.916624 -0.152937 0.736841 0.777051 1 5 1.000000
  5 -3.090902 3.915428 54.058014 0.328349 -0.935340 -0.131631 0.750056 0.786220 1 5 1.000000
  5 -3.180103 3.976109 53.528179 0.062964 -0.671884 -0.737975 0.752815 0.773668 1 5 1.000000
skeleton
  5 -3.484706 3.721700 54.531506 0.349486 -0.924034 -0.154983 0.759300 0.798460 1 5 1.000000
  5 -3.180103 3.976109 53.528179 0.062964 -0.671884 -0.737975 0.752815 0.773668 1 5 1.000000
  5 -3.090902 3.915428 54.058014 0.328349 -0.935340 -0.131631 0.750056 0.786220 1 5 1.000000
skeleton
  5 -2.670492 4.042807 54.341236 0.343037 -0.930455 -0.128758 0.738999 0.791860 1 5 1.000000
  5 -3.484706 3.721700 54.531506 0.349486 -0.924034 -0.154983 0.759300 0.798460 1 5 1.000000
  5 -3.090902 3.915428 54.058014 0.328349 -0.935340 -0.131631 0.750056 0.786220 1 5 1.000000
skeleton
  5 -2.670492 4.042807 54.341236 0.343037 -0.930455 -0.128758 0.738999 0.791860 1 5 1.000000
  5 -3.374984 3.696985 55.254486 0.423179 -0.897335 -0.125337 0.755423 0.815327 1 5 1.000000
  5 -3.484706 3.721700 54.531506 0.349486 -0.924034 -0.154983 0.759300 0.798460 1 5 1.000000
skeleton
  5 -2.670492 4.042807 54.341236 0.343037 -0.930455 -0.128758 0.738999 0.791860 1 5 1.000000
  5 -3.434511 3.512253 56.418251 0.447717 -0.877907 -0.169793 0.755885 0.843052 1 5 1.000000
  5 -3.374984 3.696985 55.254486 0.423179 -0.897335 -0.125337 0.755423 0.815327 1 5 1.000000
skeleton
  5 -3.434511 3.512253 56.418251 0.447717 -0.877907 -0.169793 0.755885 0.843052 1 5 1.000000
  5 -4.155731 3.102596 56.062752 0.471381 -0.864071 -0.176583 0.776388 0.837202 1 5 1.000000
  5 -3.374984 3.696985 55.254486 0.423179 -0.897335 -0.125337 0.755423 0.815327 1 5 1.000000
skeleton
  5 -3.434511 3.512253 56.418251 0.447717 -0.877907 -0.169793 0.755885 0.843052 1 5 1.000000
  5 -4.369832 2.742849 56.981186 0.483332 -0.834294 -0.265224 0.782754 0.860176 1 5 1.000000
  5 -4.155731 3.102596 56.062752 0.471381 -0.864071 -0.176583 0.776388 0.837202 1 5 1.000000
skeleton
  5 -3.516499 3.257822 57.360176 0.483230 -0.836515 -0.258325 0.758090 0.865630 1 5 1.000000
  5 -4.369832 2.742849 56.981186 0.483332 -0.834294 -0.265224 0.782754 0.860176 1 5 1.000000
  5 -3.434511 3.512253 56.418251 0.447717 -0.877907 -0.169793 0.755885 0.843052 1 5 1.000000
skeleton
  5 -3.516499 3.257822 57.360176 0.483230 -0.836515 -0.258325 0.758090 0.865630 1 5 1.000000
  5 -4.553270 2.336230 57.616772 0.529831 -0.747114 -0.401373 0.789880 0.877008 1 5 1.000000
  5 -4.369832 2.742849 56.981186 0.483332 -0.834294 -0.265224 0.782754 0.860176 1 5 1.000000
skeleton
  5 -3.516499 3.257822 57.360176 0.483230 -0.836515 -0.258325 0.758090 0.865630 1 5 1.000000
  5 -4.470363 2.029586 58.258068 0.627929 -0.667102 -0.400849 0.790086 0.893635 1 5 1.000000
  5 -4.553270 2.336230 57.616772 0.529831 -0.747114 -0.401373 0.789880 0.877008 1 5 1.000000
skeleton
  5 -4.470363 2.029586 58.258068 0.627929 -0.667102 -0.400849 0.790086 0.893635 1 5 1.000000
  5 -5.291822 1.930284 57.683750 0.011438 -0.409629 -0.912180 0.810106 0.879477 1 5 1.000000
  5 -4.553270 2.336230 57.616772 0.529831 -0.747114 -0.401373 0.789880 0.877008 1 5 1.000000
skeleton
  5 -4.470363 2.029586 58.258068 0.627929 -0.667102 -0.400849 0.790086 0.893635 1 5 1.000000
  5 -5.045309 1.576365 58.003090 0.615951 -0.519617 -0.592116 0.808397 0.891279 1 5 1.000000
  5 -5.291822 1.930284 57.683750 0.011438 -0.409629 -0.912180 0.810106 0.879477 1 5 1.000000
skeleton
  5 -5.718921 1.540854 57.743237 -0.464370 -0.285026 -0.838523 0.823726 0.884617 1 5 1.000000
  5 -5.291822 1.930284 57.683750 0.011438 -0.409629 -0.912180 0.810106 0.879477 1 5 1.000000
  5 -5.045309 1.576365 58.003090 0.615951 -0.519617 -0.592116 0.808397 0.891279 1 5 1.000000
skeleton
  5 -5.718921 1.540854 57.743237 -0.464370 -0.285026 -0.838523 0.823726 0.884617 1 5 1.000000
  5 -5.045309 1.576365 58.003090 0.615951 -0.519617 -0.592116 0.808397 0.891279 1 5 1.000000
  5 -5.430652 1.107729 57.869602 -0.041144 -0.693794 -0.718998 0.823935 0.893455 1 5 1.000000
skeleton
  5 -5.324693 0.843857 58.245888 0.826805 -0.536261 -0.169756 0.824856 0.900712 1 5 1.000000
  5 -5.430652 1.107729 57.869602 -0.041144 -0.693794 -0.718998 0.823935 0.893455 1 5 1.000000
  5 -5.045309 1.576365 58.003090 0.615951 -0.519617 -0.592116 0.808397 0.891279 1 5 1.000000
skeleton
  5 -5.324693 0.843857 58.245888 0.826805 -0.536261 -0.169756 0.824856 0.900712 1 5 1.000000
  5 -5.045309 1.576365 58.003090 0.615951 -0.519617 -0.592116 0.808397 0.891279 1 5 1.000000
  5 -4.975819 1.355118 58.517403 0.720280 -0.652729 -0.234822 0.807960 0.903797 1 5 1.000000
skeleton
  5 -5.324693 0.843857 58.245888 0.826805 -0.536261 -0.169756 0.824856 0.900712 1 5 1.000000
  5 -4.975819 1.355118 58.517403 0.720280 -0.652729 -0.234822 0.807960 0.903797 1 5 1.000000
  5 -5.028120 1.326320 59.018791 0.548158 -0.830801 -0.096394 0.806038 0.913885 1 5 1.000000
skeleton
  5 -4.499324 1.387419 59.462723 0.590629 -0.743761 -0.313013 0.794400 0.925490 1 5 1.000000
  5 -5.028120 1.326320 59.018791 0.548158 -0.830801 -0.096394 0.806038 0.913885 1 5 1.000000
  5 -4.975819 1.355118 58.517403 0.720280 -0.652729 -0.234822 0.807960 0.903797 1 5 1.000000
skeleton
  5 -5.291822 1.930284 57.683750 0.011438 -0.409629 -0.912180 0.810106 0.879477 1 5 1.000000
  5 -4.369832 2.742849 56.981186 0.483332 -0.834294 -0.265224 0.782754 0.860176 1 5 1.000000
  5 -4.553270 2.336230 57.616772 0.529831 -0.747114 -0.401373 0.789880 0.877008 1 5 1.000000
skeleton
  5 -4.155731 3.102596 56.062752 0.471381 -0.864071 -0.176583 0.776388 0.837202 1 5 1.000000
  5 -3.484706 3.721700 54.531506 0.349486 -0.924034 -0.154983 0.759300 0.798460 1 5 1.000000
  5 -3.374984 3.696985 55.254486 0.423179 -0.897335 -0.125337 0.755423 0.815327 1 5 1.000000
skeleton
  5 -3.516499 3.257822 57.360176 0.483230 -0.836515 -0.258325 0.758090 0.865630 1 5 1.000000
  5 -3.601854 2.725053 58.625885 0.509502 -0.793412 -0.333025 0.762234 0.897428 1 5 1.000000
  5 -4.470363 2.029586 58.258068 0.627929 -0.667102 -0.400849 0.790086 0.893635 1 5 1.000000
skeleton
  5 -5.324693 0.843857 58.245888 0.826805 -0.536261 -0.169756 0.824856 0.900712 1 5 1.000000
  5 -5.028120 1.326320 59.018791 0.548158 -0.830801 -0.096394 0.806038 0.913885 1 5 1.000000
  5 -5.411222 0.805332 58.764008 0.035152 -0.999381 0.001059 0.823562 0.907991 1 5 1.000000
skeleton
  5 -5.568480 0.901370 59.187466 -0.237079 -0.949889 0.203727 0.823980 0.913838 1 5 1.000000
  5 -5.411222 0.805332 58.764008 0.035152 -0.999381 0.001059 0.823562 0.907991 1 5 1.000000
  5 -5.028120 1.326320 59.018791 0.548158 -0.830801 -0.096394 0.806038 0.913885 1 5 1.000000
skeleton
  5 -5.072187 1.290466 59.539299 0.021767 -0.931068 -0.364196 0.808387 0.923652 1 5 1.000000
  5 -5.028120 1.326320 59.018791 0.548158 -0.830801 -0.096394 0.806038 0.913885 1 5 1.000000
  5 -4.499324 1.387419 59.462723 0.590629 -0.743761 -0.313013 0.794400 0.925490 1 5 1.000000
skeleton
  5 -5.568480 0.901370 59.187466 -0.237079 -0.949889 0.203727 0.823980 0.913838 1 5 1.000000
  5 -5.028120 1.326320 59.018791 0.548158 -0.830801 -0.096394 0.806038 0.913885 1 5 1.000000
  5 -5.072187 1.290466 59.539299 0.021767 -0.931068 -0.364196 0.808387 0.923652 1 5 1.000000
skeleton
  5 -5.568480 0.901370 59.187466 -0.237079 -0.949889 0.203727 0.823980 0.913838 1 5 1.000000
  5 -5.072187 1.290466 59.539299 0.021767 -0.931068 -0.364196 0.808387 0.923652 1 5 1.000000
  5 -5.188339 1.437621 59.763138 -0.564535 -0.181773 0.805145 0.813666 0.924237 1 5 1.000000
skeleton
  5 -5.568480 0.901370 59.187466 -0.237079 -0.949889 0.203727 0.823980 0.913838 1 5 1.000000
  5 -5.188339 1.437621 59.763138 -0.564535 -0.181773 0.805145 0.813666 0.924237 1 5 1.000000
  5 -5.779641 1.153176 59.625149 -0.608038 -0.619921 0.495971 0.826115 0.924516 1 5 1.000000
skeleton
  5 -4.499324 1.387419 59.462723 0.590629 -0.743761 -0.313013 0.794400 0.925490 1 5 1.000000
  5 -4.975819 1.355118 58.517403 0.720280 -0.652729 -0.234822 0.807960 0.903797 1 5 1.000000
  5 -4.390092 1.708042 59.018532 0.640415 -0.718195 -0.272147 0.789424 0.913107 1 5 1.000000
skeleton
  5 -4.390092 1.708042 59.018532 0.640415 -0.718195 -0.272147 0.789424 0.913107 1 5 1.000000
  5 -4.975819 1.355118 58.517403 0.720280 -0.652729 -0.234822 0.807960 0.903797 1 5 1.000000
  5 -5.045309 1.576365 58.003090 0.615951 -0.519617 -0.592116 0.808397 0.891279 1 5 1.000000
skeleton
  5 -4.390092 1.708042 59.018532 0.640415 -0.718195 -0.272147 0.789424 0.913107 1 5 1.000000
  5 -5.045309 1.576365 58.003090 0.615951 -0.519617 -0.592116 0.808397 0.891279 1 5 1.000000
  5 -4.470363 2.029586 58.258068 0.627929 -0.667102 -0.400849 0.790086 0.893635 1 5 1.000000
skeleton
  5 -4.470363 2.029586 58.258068 0.627929 -0.667102 -0.400849 0.790086 0.893635 1 5 1.000000
  5 -3.801825 1.936294 59.894608 0.548144 -0.769653 -0.327371 0.771461 0.931651 1 5 1.000000
  5 -4.390092 1.708042 59.018532 0.640415 -0.718195 -0.272147 0.789424 0.913107 1 5 1.000000
skeleton
  5 -4.470363 2.029586 58.258068 0.627929 -0.667102 -0.400849 0.790086 0.893635 1 5 1.000000
  5 -3.601854 2.725053 58.625885 0.509502 -0.793412 -0.333025 0.762234 0.897428 1 5 1.000000
  5 -3.801825 1.936294 59.894608 0.548144 -0.769653 -0.327371 0.771461 0.931651 1 5 1.000000
skeleton
  5 -2.251768 3.151191 59.140995 0.340322 -0.873653 -0.347722 0.727703 0.907297 1 5 1.000000
  5 -3.801825 1.936294 59.894608 0.548144 -0.769653 -0.327371 0.771461 0.931651 1 5 1.000000
  5 -3.601854 2.725053 58.625885 0.509502 -0.793412 -0.333025 0.762234 0.897428 1 5 1.000000
skeleton
  5 -2.251768 3.151191 59.140995 0.340322 -0.873653 -0.347722 0.727703 0.907297 1 5 1.000000
  5 -3.601854 2.725053 58.625885 0.509502 -0.793412 -0.333025 0.762234 0.897428 1 5 1.000000
  5 -2.262805 3.482621 58.232342 0.288178 -0.910910 -0.295289 0.726704 0.884558 1 5 1.000000
skeleton
  5 -2.262805 3.482621 58.232342 0.288178 -0.910910 -0.295289 0.726704 0.884558 1 5 1.000000
  5 -3.601854 2.725053 58.625885 0.509502 -0.793412 -0.333025 0.762234 0.897428 1 5 1.000000
  5 -3.516499 3.257822 57.360176 0.483230 -0.836515 -0.258325 0.758090 0.865630 1 5 1.000000
skeleton
  5 -2.262805 3.482621 58.232342 0.288178 -0.910910 -0.295289 0.726704 0.884558 1 5 1.000000
  5 -3.516499 3.257822 57.360176 0.483230 -0.836515 -0.258325 0.758090 0.865630 1 5 1.000000
  5 -2.367652 3.787173 57.041939 0.268428 -0.937729 -0.220478 0.728600 0.855524 1 5 1.000000
skeleton
  5 -2.367652 3.787173 57.041939 0.268428 -0.937729 -0.220478 0.728600 0.855524 1 5 1.000000
  5 -3.516499 3.257822 57.360176 0.483230 -0.836515 -0.258325 0.758090 0.865630 1 5 1.000000
  5 -3.434511 3.512253 56.418251 0.447717 -0.877907 -0.169793 0.755885 0.843052 1 5 1.000000
skeleton
  5 -2.367652 3.787173 57.041939 0.268428 -0.937729 -0.220478 0.728600 0.855524 1 5 1.000000
  5 -3.434511 3.512253 56.418251 0.447717 -0.877907 -0.169793 0.755885 0.843052 1 5 1.000000
  5 -2.411103 3.942648 55.854153 0.292451 -0.945078 -0.145946 0.730565 0.827351 1 5 1.000000
skeleton
  5 -2.670492 4.042807 54.341236 0.343037 -0.930455 -0.128758 0.738999 0.791860 1 5 1.000000
  5 -2.411103 3.942648 55.854153 0.292451 -0.945078 -0.145946 0.730565 0.827351 1 5 1.000000
  5 -3.434511 3.512253 56.418251 0.447717 -0.877907 -0.169793 0.755885 0.843052 1 5 1.000000
skeleton
  5 -2.251768 3.151191 59.140995 0.340322 -0.873653 -0.347722 0.727703 0.907297 1 5 1.000000
  5 -2.366261 2.705668 60.063988 0.362677 -0.818378 -0.445784 0.732483 0.931135 1 5 1.000000
  5 -3.801825 1.936294 59.894608 0.548144 -0.769653 -0.327371 0.771461 0.931651 1 5 1.000000
skeleton
  5 -3.801825 1.936294 59.894608 0.548144 -0.769653 -0.327371 0.771461 0.931651 1 5 1.000000
  5 -4.499324 1.387419 59.462723 0.590629 -0.743761 -0.313013 0.794400 0.925490 1 5 1.000000
  5 -4.390092 1.708042 59.018532 0.640415 -0.718195 -0.272147 0.789424 0.913107 1 5 1.000000
skeleton
  5 -3.801825 1.936294 59.894608 0.548144 -0.769653 -0.327371 0.771461 0.931651 1 5 1.000000
  5 -4.311505 1.511261 60.068604 0.736481 -0.676380 0.010278 0.785951 0.937927 1 5 1.000000
  5 -4.499324 1.387419 59.462723 0.590629 -0.743761 -0.313013 0.794400 0.925490 1 5 1.000000
skeleton
  5 -4.067738 1.612581 60.383804 0.113889 -0.919982 0.375050 0.779186 0.944902 1 5 1.000000
  5 -4.311505 1.511261 60.068604 0.736481 -0.676380 0.010278 0.785951 0.937927 1 5 1.000000
  5 -3.801825 1.936294 59.894608 0.548144 -0.769653 -0.327371 0.771461 0.931651 1 5 1.000000
skeleton
  5 -2.557427 4.176787 53.733208 0.369337 -0.916624 -0.152937 0.736841 0.777051 1 5 1.000000
  5 -2.324580 4.251217 53.962093 0.887517 -0.090758 -0.451748 0.730481 0.781883 1 5 1.000000
  5 -2.256375 4.188576 54.395866 0.882083 -0.424768 -0.203720 0.728472 0.792187 1 5 1.000000
skeleton
  5 -2.557427 4.176787 53.733208 0.369337 -0.916624 -0.152937 0.736841 0.777051 1 5 1.000000
  5 -2.256375 4.188576 54.395866 0.882083 -0.424768 -0.203720 0.728472 0.792187 1 5 1.000000
  5 -2.670492 4.042807 54.341236 0.343037 -0.930455 -0.128758 0.738999 0.791860 1 5 1.000000
skeleton
  5 -1.967681 4.089284 55.730610 0.847498 -0.496145 -0.188645 0.719686 0.823511 1 5 1.000000
  5 -2.670492 4.042807 54.341236 0.343037 -0.930455 -0.128758 0.738999 0.791860 1 5 1.000000
  5 -2.256375 4.188576 54.395866 0.882083 -0.424768 -0.203720 0.728472 0.792187 1 5 1.000000
skeleton
  5 -1.967681 4.089284 55.730610 0.847498 -0.496145 -0.188645 0.719686 0.823511 1 5 1.000000
  5 -2.411103 3.942648 55.854153 0.292451 -0.945078 -0.145946 0.730565 0.827351 1 5 1.000000
  5 -2.670492 4.042807 54.341236 0.343037 -0.930455 -0.128758 0.738999 0.791860 1 5 1.000000
skeleton
  5 -1.850241 3.882482 56.914139 0.809289 -0.554611 -0.193543 0.716218 0.852056 1 5 1.000000
  5 -2.411103 3.942648 55.854153 0.292451 -0.945078 -0.145946 0.730565 0.827351 1 5 1.000000
  5 -1.967681 4.089284 55.730610 0.847498 -0.496145 -0.188645 0.719686 0.823511 1 5 1.000000
skeleton
  5 -1.850241 3.882482 56.914139 0.809289 -0.554611 -0.193543 0.716218 0.852056 1 5 1.000000
  5 -2.367652 3.787173 57.041939 0.268428 -0.937729 -0.220478 0.728600 0.855524 1 5 1.000000
  5 -2.411103 3.942648 55.854153 0.292451 -0.945078 -0.145946 0.730565 0.827351 1 5 1.000000
skeleton
  5 -1.720708 3.619160 58.137550 0.787721 -0.550713 -0.276064 0.713445 0.881896 1 5 1.000000
  5 -2.367652 3.787173 57.041939 0.268428 -0.937729 -0.220478 0.728600 0.855524 1 5 1.000000
  5 -1.850241 3.882482 56.914139 0.809289 -0.554611 -0.193543 0.716218 0.852056 1 5 1.000000
skeleton
  5 -1.720708 3.619160 58.137550 0.787721 -0.550713 -0.276064 0.713445 0.881896 1 5 1.000000
  5 -2.262805 3.482621 58.232342 0.288178 -0.910910 -0.295289 0.726704 0.884558 1 5 1.000000
  5 -2.367652 3.787173 57.041939 0.268428 -0.937729 -0.220478 0.728600 0.855524 1 5 1.000000
skeleton
  5 -1.458753 3.313050 59.315014 0.817483 -0.509764 -0.268071 0.708306 0.911045 1 5 1.000000
  5 -2.262805 3.482621 58.232342 0.288178 -0.910910 -0.295289 0.726704 0.884558 1 5 1.000000
  5 -1.720708 3.619160 58.137550 0.787721 -0.550713 -0.276064 0.713445 0.881896 1 5 1.000000
skeleton
  5 -1.458753 3.313050 59.315014 0.817483 -0.509764 -0.268071 0.708306 0.911045 1 5 1.000000
  5 -2.251768 3.151191 59.140995 0.340322 -0.873653 -0.347722 0.727703 0.907297 1 5 1.000000
  5 -2.262805 3.482621 58.232342 0.288178 -0.910910 -0.295289 0.726704 0.884558 1 5 1.000000
skeleton
  5 -1.439188 3.015955 60.129623 0.845820 -0.518900 -0.123815 0.709244 0.931678 1 5 1.000000
  5 -2.251768 3.151191 59.140995 0.340322 -0.873653 -0.347722 0.727703 0.907297 1 5 1.000000
  5 -1.458753 3.313050 59.315014 0.817483 -0.509764 -0.268071 0.708306 0.911045 1 5 1.000000
skeleton
  5 -1.439188 3.015955 60.129623 0.845820 -0.518900 -0.123815 0.709244 0.931678 1 5 1.000000
  5 -2.366261 2.705668 60.063988 0.362677 -0.818378 -0.445784 0.732483 0.931135 1 5 1.000000
  5 -2.251768 3.151191 59.140995 0.340322 -0.873653 -0.347722 0.727703 0.907297 1 5 1.000000
skeleton
  5 -2.083487 1.986700 61.171204 0.301405 -0.762696 -0.572232 0.730881 0.963050 1 5 1.000000
  5 -2.366261 2.705668 60.063988 0.362677 -0.818378 -0.445784 0.732483 0.931135 1 5 1.000000
  5 -1.439188 3.015955 60.129623 0.845820 -0.518900 -0.123815 0.709244 0.931678 1 5 1.000000
skeleton
  5 -2.083487 1.986700 61.171204 0.301405 -0.762696 -0.572232 0.730881 0.963050 1 5 1.000000
  5 -2.716547 1.895991 60.949554 0.354104 -0.783176 -0.511122 0.746017 0.957426 1 5 1.000000
  5 -2.366261 2.705668 60.063988 0.362677 -0.818378 -0.445784 0.732483 0.931135 1 5 1.000000
skeleton
  5 -2.716547 1.895991 60.949554 0.354104 -0.783176 -0.511122 0.746017 0.957426 1 5 1.000000
  5 -3.801825 1.936294 59.894608 0.548144 -0.769653 -0.327371 0.771461 0.931651 1 5 1.000000
  5 -2.366261 2.705668 60.063988 0.362677 -0.818378 -0.445784 0.732483 0.931135 1 5 1.000000
skeleton
  5 -2.716547 1.895991 60.949554 0.354104 -0.783176 -0.511122 0.746017 0.957426 1 5 1.000000
  5 -3.480606 1.821311 60.635883 0.169599 -0.935822 0.308987 0.763928 0.949543 1 5 1.000000
  5 -3.801825 1.936294 59.894608 0.548144 -0.769653 -0.327371 0.771461 0.931651 1 5 1.000000
skeleton
  5 -4.067738 1.612581 60.383804 0.113889 -0.919982 0.375050 0.779186 0.944902 1 5 1.000000
  5 -3.801825 1.936294 59.894608 0.548144 -0.769653 -0.327371 0.771461 0.931651 1 5 1.000000
  5 -3.480606 1.821311 60.635883 0.169599 -0.935822 0.308987 0.763928 0.949543 1 5 1.000000
skeleton
  5 -3.480606 1.821311 60.635883 0.169599 -0.935822 0.308987 0.763928 0.949543 1 5 1.000000
  5 -4.160925 1.648755 60.415848 -0.379352 -0.255360 0.889316 0.781069 0.946554 1 5 1.000000
  5 -4.067738 1.612581 60.383804 0.113889 -0.919982 0.375050 0.779186 0.944902 1 5 1.000000
skeleton
  5 -3.480606 1.821311 60.635883 0.169599 -0.935822 0.308987 0.763928 0.949543 1 5 1.000000
  5 -3.511697 1.897075 60.663754 -0.376443 -0.039607 0.925593 0.764685 0.951466 1 5 1.000000
  5 -4.160925 1.648755 60.415848 -0.379352 -0.255360 0.889316 0.781069 0.946554 1 5 1.000000
skeleton
  5 -2.716547 1.895991 60.949554 -0.239213 -0.572552 0.784195 0.746017 0.957426 1 5 1.000000
  5 -3.511697 1.897075 60.663754 -0.376443 -0.039607 0.925593 0.764685 0.951466 1 5 1.000000
  5 -3.480606 1.821311 60.635883 0.169599 -0.935822 0.308987 0.763928 0.949543 1 5 1.000000
skeleton
  5 -2.716547 1.895991 60.949554 -0.239213 -0.572552 0.784195 0.746017 0.957426 1 5 1.000000
  5 -2.747071 1.986732 61.007511 -0.352613 -0.030306 0.935278 0.746692 0.959945 1 5 1.000000
  5 -3.511697 1.897075 60.663754 -0.376443 -0.039607 0.925593 0.764685 0.951466 1 5 1.000000
skeleton
  5 -2.083487 1.986700 61.171204 0.416212 -0.387251 0.822681 0.730881 0.963050 1 5 1.000000
  5 -2.747071 1.986732 61.007511 -0.352613 -0.030306 0.935278 0.746692 0.959945 1 5 1.000000
  5 -2.716547 1.895991 60.949554 -0.239213 -0.572552 0.784195 0.746017 0.957426 1 5 1.000000
skeleton
  5 -2.083487 1.986700 61.171204 0.416212 -0.387251 0.822681 0.730881 0.963050 1 5 1.000000
  5 -2.121561 2.050498 61.222420 0.128768 0.198346 0.971636 0.730915 0.963985 1 5 1.000000
  5 -2.747071 1.986732 61.007511 -0.352613 -0.030306 0.935278 0.746692 0.959945 1 5 1.000000
skeleton
  5 -2.121561 2.050498 61.222420 0.128768 0.198346 0.971636 0.730915 0.963985 1 5 1.000000
  5 -2.083487 1.986700 61.171204 0.416212 -0.387251 0.822681 0.730881 0.963050 1 5 1.000000
  5 -1.439188 3.015955 60.129623 0.845820 -0.518900 -0.123815 0.709244 0.931678 1 5 1.000000
skeleton
  5 -2.121561 2.050498 61.222420 0.128768 0.198346 0.971636 0.730915 0.963985 1 5 1.000000
  5 -1.439188 3.015955 60.129623 0.845820 -0.518900 -0.123815 0.709244 0.931678 1 5 1.000000
  5 -1.479670 3.197045 60.197342 0.679203 0.531074 0.506600 0.705228 0.932421 1 5 1.000000
skeleton
  5 -1.479670 3.197045 60.197342 0.679203 0.531074 0.506600 0.705228 0.932421 1 5 1.000000
  5 -1.439188 3.015955 60.129623 0.845820 -0.518900 -0.123815 0.709244 0.931678 1 5 1.000000
  5 -1.458753 3.313050 59.315014 0.817483 -0.509764 -0.268071 0.708306 0.911045 1 5 1.000000
skeleton
  5 -1.479670 3.197045 60.197342 0.679203 0.531074 0.506600 0.705228 0.932421 1 5 1.000000
  5 -1.458753 3.313050 59.315014 0.817483 -0.509764 -0.268071 0.708306 0.911045 1 5 1.000000
  5 -1.471428 3.452320 59.363613 0.756943 0.645791 0.099954 0.704923 0.911060 1 5 1.000000
skeleton
  5 -1.471428 3.452320 59.363613 0.756943 0.645791 0.099954 0.704923 0.911060 1 5 1.000000
  5 -1.458753 3.313050 59.315014 0.817483 -0.509764 -0.268071 0.708306 0.911045 1 5 1.000000
  5 -1.720708 3.619160 58.137550 0.787721 -0.550713 -0.276064 0.713445 0.881896 1 5 1.000000
skeleton
  5 -1.471428 3.452320 59.363613 0.756943 0.645791 0.099954 0.704923 0.911060 1 5 1.000000
  5 -1.720708 3.619160 58.137550 0.787721 -0.550713 -0.276064 0.713445 0.881896 1 5 1.000000
  5 -1.729388 3.810692 58.176205 0.673511 0.737473 0.050161 0.708826 0.881128 1 5 1.000000
skeleton
  5 -1.729388 3.810692 58.176205 0.673511 0.737473 0.050161 0.708826 0.881128 1 5 1.000000
  5 -1.720708 3.619160 58.137550 0.787721 -0.550713 -0.276064 0.713445 0.881896 1 5 1.000000
  5 -1.850241 3.882482 56.914139 0.809289 -0.554611 -0.193543 0.716218 0.852056 1 5 1.000000
skeleton
  5 -1.729388 3.810692 58.176205 0.673511 0.737473 0.050161 0.708826 0.881128 1 5 1.000000
  5 -1.850241 3.882482 56.914139 0.809289 -0.554611 -0.193543 0.716218 0.852056 1 5 1.000000
  5 -1.889384 4.113610 56.951180 0.983223 0.165316 -0.077096 0.710664 0.851114 1 5 1.000000
skeleton
  5 -1.889384 4.113610 56.951180 0.983223 0.165316 -0.077096 0.710664 0.851114 1 5 1.000000
  5 -1.850241 3.882482 56.914139 0.809289 -0.554611 -0.193543 0.716218 0.852056 1 5 1.000000
  5 -1.967681 4.089284 55.730610 0.847498 -0.496145 -0.188645 0.719686 0.823511 1 5 1.000000
skeleton
  5 -1.889384 4.113610 56.951180 0.983223 0.165316 -0.077096 0.710664 0.851114 1 5 1.000000
  5 -1.967681 4.089284 55.730610 0.847498 -0.496145 -0.188645 0.719686 0.823511 1 5 1.000000
  5 -2.014219 4.299517 55.781506 0.961514 0.243520 -0.127234 0.714560 0.822933 1 5 1.000000
skeleton
  5 -2.014219 4.299517 55.781506 0.961514 0.243520 -0.127234 0.714560 0.822933 1 5 1.000000
  5 -1.967681 4.089284 55.730610 0.847498 -0.496145 -0.188645 0.719686 0.823511 1 5 1.000000
  5 -2.256375 4.188576 54.395866 0.882083 -0.424768 -0.203720 0.728472 0.792187 1 5 1.000000
skeleton
  5 -2.014219 4.299517 55.781506 0.961514 0.243520 -0.127234 0.714560 0.822933 1 5 1.000000
  5 -2.256375 4.188576 54.395866 0.882083 -0.424768 -0.203720 0.728472 0.792187 1 5 1.000000
  5 -2.319717 4.420478 54.460663 0.469965 0.880053 -0.068114 0.722618 0.791319 1 5 1.000000
skeleton
  5 -5.718921 1.540854 57.743237 -0.464370 -0.285026 -0.838523 0.823726 0.884617 1 5 1.000000
  5 -6.134326 1.876059 58.130531 -0.863630 0.169509 -0.474773 0.834022 0.874728 1 5 1.000000
  5 -5.543726 2.239012 57.877468 -0.618853 0.749349 -0.235578 0.818830 0.872195 1 5 1.000000
skeleton
  5 -5.718921 1.540854 57.743237 -0.464370 -0.285026 -0.838523 0.823726 0.884617 1 5 1.000000
  5 -5.543726 2.239012 57.877468 -0.618853 0.749349 -0.235578 0.818830 0.872195 1 5 1.000000
  5 -5.291822 1.930284 57.683750 0.011438 -0.409629 -0.912180 0.810106 0.879477 1 5 1.000000
skeleton
  5 -5.291822 1.930284 57.683750 0.011438 -0.409629 -0.912180 0.810106 0.879477 1 5 1.000000
  5 -5.543726 2.239012 57.877468 -0.618853 0.749349 -0.235578 0.818830 0.872195 1 5 1.000000
  5 -4.897852 2.820924 57.091434 -0.852570 0.487166 -0.189193 0.799629 0.856821 1 5 1.000000
skeleton
  5 -5.291822 1.930284 57.683750 0.011438 -0.409629 -0.912180 0.810106 0.879477 1 5 1.000000
  5 -4.897852 2.820924 57.091434 -0.852570 0.487166 -0.189193 0.799629 0.856821 1 5 1.000000
  5 -4.800881 2.544214 57.003689 -0.298567 -0.715234 -0.631900 0.794106 0.861310 1 5 1.000000
skeleton
  5 -5.291822 1.930284 57.683750 0.011438 -0.409629 -0.912180 0.810106 0.879477 1 5 1.000000
  5 -4.800881 2.544214 57.003689 -0.298567 -0.715234 -0.631900 0.794106 0.861310 1 5 1.000000
  5 -4.369832 2.742849 56.981186 0.483332 -0.834294 -0.265224 0.782754 0.860176 1 5 1.000000
skeleton
  5 -4.369832 2.742849 56.981186 0.483332 -0.834294 -0.265224 0.782754 0.860176 1 5 1.000000
  5 -4.800881 2.544214 57.003689 -0.298567 -0.715234 -0.631900 0.794106 0.861310 1 5 1.000000
  5 -4.486651 2.910031 56.173267 0.431607 -0.877487 -0.209121 0.785287 0.840627 1 5 1.000000
skeleton
  5 -4.369832 2.742849 56.981186 0.483332 -0.834294 -0.265224 0.782754 0.860176 1 5 1.000000
  5 -4.486651 2.910031 56.173267 0.431607 -0.877487 -0.209121 0.785287 0.840627 1 5 1.000000
  5 -4.155731 3.102596 56.062752 0.471381 -0.864071 -0.176583 0.776388 0.837202 1 5 1.000000
skeleton
  5 -3.902331 3.441623 55.041962 0.385889 -0.895587 -0.221392 0.769779 0.811869 1 5 1.000000
  5 -4.155731 3.102596 56.062752 0.471381 -0.864071 -0.176583 0.776388 0.837202 1 5 1.000000
  5 -4.486651 2.910031 56.173267 0.431607 -0.877487 -0.209121 0.785287 0.840627 1 5 1.000000
skeleton
  5 -4.155731 3.102596 56.062752 0.471381 -0.864071 -0.176583 0.776388 0.837202 1 5 1.000000
  5 -3.902331 3.441623 55.041962 0.385889 -0.895587 -0.221392 0.769779 0.811869 1 5 1.000000
  5 -3.484706 3.721700 54.531506 0.349486 -0.924034 -0.154983 0.759300 0.798460 1 5 1.000000
skeleton
  5 -3.902331 3.441623 55.041962 0.385889 -0.895587 -0.221392 0.769779 0.811869 1 5 1.000000
  5 -3.734760 3.706529 54.186546 -0.291852 -0.765543 -0.573382 0.765800 0.790676 1 5 1.000000
  5 -3.484706 3.721700 54.531506 0.349486 -0.924034 -0.154983 0.759300 0.798460 1 5 1.000000
skeleton
  5 -3.484706 3.721700 54.531506 0.349486 -0.924034 -0.154983 0.759300 0.798460 1 5 1.000000
  5 -3.734760 3.706529 54.186546 -0.291852 -0.765543 -0.573382 0.765800 0.790676 1 5 1.000000
  5 -3.180103 3.976109 53.528179 0.062964 -0.671884 -0.737975 0.752815 0.773668 1 5 1.000000
skeleton
  5 -3.734760 3.706529 54.186546 -0.291852 -0.765543 -0.573382 0.765800 0.790676 1 5 1.000000
  5 -3.210150 4.133048 53.570984 -0.389156 0.625318 -0.676414 0.752181 0.771908 1 5 1.000000
  5 -3.180103 3.976109 53.528179 0.062964 -0.671884 -0.737975 0.752815 0.773668 1 5 1.000000
skeleton
  5 -3.210150 4.133048 53.570984 -0.389156 0.625318 -0.676414 0.752181 0.771908 1 5 1.000000
  5 -2.557427 4.176787 53.733208 0.423419 0.333829 -0.842184 0.736841 0.777051 1 5 1.000000
  5 -3.180103 3.976109 53.528179 0.062964 -0.671884 -0.737975 0.752815 0.773668 1 5 1.000000
skeleton
  5 -3.210150 4.133048 53.570984 -0.389156 0.625318 -0.676414 0.752181 0.771908 1 5 1.000000
  5 -2.599876 4.320647 53.760155 0.139075 0.811822 -0.567100 0.735292 0.774708 1 5 1.000000
  5 -2.557427 4.176787 53.733208 0.423419 0.333829 -0.842184 0.736841 0.777051 1 5 1.000000
skeleton
  5 -2.599876 4.320647 53.760155 0.139075 0.811822 -0.567100 0.735292 0.774708 1 5 1.000000
  5 -2.324580 4.251217 53.962093 0.887517 -0.090758 -0.451748 0.730481 0.781883 1 5 1.000000
  5 -2.557427 4.176787 53.733208 0.423419 0.333829 -0.842184 0.736841 0.777051 1 5 1.000000
skeleton
  5 -2.599876 4.320647 53.760155 0.139075 0.811822 -0.567100 0.735292 0.774708 1 5 1.000000
  5 -2.377634 4.379563 53.999897 0.567937 0.732092 -0.376149 0.728150 0.780767 1 5 1.000000
  5 -2.324580 4.251217 53.962093 0.887517 -0.090758 -0.451748 0.730481 0.781883 1 5 1.000000
skeleton
  5 -2.319717 4.420478 54.460663 0.469965 0.880053 -0.068114 0.722618 0.791319 1 5 1.000000
  5 -2.324580 4.251217 53.962093 0.887517 -0.090758 -0.451748 0.730481 0.781883 1 5 1.000000
  5 -2.377634 4.379563 53.999897 0.567937 0.732092 -0.376149 0.728150 0.780767 1 5 1.000000
skeleton
  5 -2.319717 4.420478 54.460663 0.469965 0.880053 -0.068114 0.722618 0.791319 1 5 1.000000
  5 -2.256375 4.188576 54.395866 0.882083 -0.424768 -0.203720 0.728472 0.792187 1 5 1.000000
  5 -2.324580 4.251217 53.962093 0.887517 -0.090758 -0.451748 0.730481 0.781883 1 5 1.000000
skeleton
  5 -3.902331 3.441623 55.041962 0.385889 -0.895587 -0.221392 0.769779 0.811869 1 5 1.000000
  5 -4.486651 2.910031 56.173267 0.431607 -0.877487 -0.209121 0.785287 0.840627 1 5 1.000000
  5 -4.217051 3.245234 55.199894 -0.387020 -0.888645 -0.246018 0.778027 0.816638 1 5 1.000000
skeleton
  5 -3.902331 3.441623 55.041962 0.385889 -0.895587 -0.221392 0.769779 0.811869 1 5 1.000000
  5 -4.057847 3.528382 54.589462 -0.290210 -0.727015 -0.622276 0.773564 0.800978 1 5 1.000000
  5 -3.734760 3.706529 54.186546 -0.291852 -0.765543 -0.573382 0.765800 0.790676 1 5 1.000000
skeleton
  5 -4.217051 3.245234 55.199894 -0.387020 -0.888645 -0.246018 0.778027 0.816638 1 5 1.000000
  5 -4.057847 3.528382 54.589462 -0.290210 -0.727015 -0.622276 0.773564 0.800978 1 5 1.000000
  5 -3.902331 3.441623 55.041962 0.385889 -0.895587 -0.221392 0.769779 0.811869 1 5 1.000000
skeleton
  5 -4.217051 3.245234 55.199894 -0.387020 -0.888645 -0.246018 0.778027 0.816638 1 5 1.000000
  5 -4.315834 3.342028 54.917583 -0.624827 -0.668531 -0.403308 0.780140 0.809624 1 5 1.000000
  5 -4.057847 3.528382 54.589462 -0.290210 -0.727015 -0.622276 0.773564 0.800978 1 5 1.000000
skeleton
  5 -3.734760 3.706529 54.186546 -0.291852 -0.765543 -0.573382 0.765800 0.790676 1 5 1.000000
  5 -3.850135 3.907448 54.194832 -0.778358 0.377490 -0.501657 0.770021 0.787331 1 5 1.000000
  5 -3.210150 4.133048 53.570984 -0.389156 0.625318 -0.676414 0.752181 0.771908 1 5 1.000000
skeleton
  5 -4.057847 3.528382 54.589462 -0.290210 -0.727015 -0.622276 0.773564 0.800978 1 5 1.000000
  5 -3.850135 3.907448 54.194832 -0.778358 0.377490 -0.501657 0.770021 0.787331 1 5 1.000000
  5 -3.734760 3.706529 54.186546 -0.291852 -0.765543 -0.573382 0.765800 0.790676 1 5 1.000000
skeleton
  5 -4.057847 3.528382 54.589462 -0.290210 -0.727015 -0.622276 0.773564 0.800978 1 5 1.000000
  5 -4.155494 3.803372 54.663361 -0.816693 0.418995 -0.396807 0.779687 0.796921 1 5 1.000000
  5 -3.850135 3.907448 54.194832 -0.778358 0.377490 -0.501657 0.770021 0.787331 1 5 1.000000
skeleton
  5 -4.315834 3.342028 54.917583 -0.624827 -0.668531 -0.403308 0.780140 0.809624 1 5 1.000000
  5 -4.155494 3.803372 54.663361 -0.816693 0.418995 -0.396807 0.779687 0.796921 1 5 1.000000
  5 -4.057847 3.528382 54.589462 -0.290210 -0.727015 -0.622276 0.773564 0.800978 1 5 1.000000
skeleton
  5 -4.315834 3.342028 54.917583 -0.624827 -0.668531 -0.403308 0.780140 0.809624 1 5 1.000000
  5 -4.418705 3.610972 54.954548 -0.973629 0.142938 -0.177809 0.785047 0.806407 1 5 1.000000
  5 -4.155494 3.803372 54.663361 -0.816693 0.418995 -0.396807 0.779687 0.796921 1 5 1.000000
skeleton
  5 -4.315834 3.342028 54.917583 -0.624827 -0.668531 -0.403308 0.780140 0.809624 1 5 1.000000
  5 -4.354888 3.585710 55.272346 -0.934723 0.349134 0.066312 0.787741 0.813976 1 5 1.000000
  5 -4.418705 3.610972 54.954548 -0.973629 0.142938 -0.177809 0.785047 0.806407 1 5 1.000000
skeleton
  5 -4.315834 3.342028 54.917583 -0.624827 -0.668531 -0.403308 0.780140 0.809624 1 5 1.000000
  5 -4.217051 3.245234 55.199894 -0.387020 -0.888645 -0.246018 0.778027 0.816638 1 5 1.000000
  5 -4.354888 3.585710 55.272346 -0.934723 0.349134 0.066312 0.787741 0.813976 1 5 1.000000
skeleton
  5 -4.486651 2.910031 56.173267 -0.902320 -0.217783 -0.372006 0.785287 0.840627 1 5 1.000000
  5 -4.354888 3.585710 55.272346 -0.934723 0.349134 0.066312 0.787741 0.813976 1 5 1.000000
  5 -4.217051 3.245234 55.199894 -0.387020 -0.888645 -0.246018 0.778027 0.816638 1 5 1.000000
skeleton
  5 -4.486651 2.910031 56.173267 -0.902320 -0.217783 -0.372006 0.785287 0.840627 1 5 1.000000
  5 -4.591485 3.210583 56.271729 -0.896679 0.433663 -0.088902 0.793081 0.837800 1 5 1.000000
  5 -4.354888 3.585710 55.272346 -0.934723 0.349134 0.066312 0.787741 0.813976 1 5 1.000000
skeleton
  5 -4.800881 2.544214 57.003689 -0.298567 -0.715234 -0.631900 0.794106 0.861310 1 5 1.000000
  5 -4.591485 3.210583 56.271729 -0.896679 0.433663 -0.088902 0.793081 0.837800 1 5 1.000000
  5 -4.486651 2.910031 56.173267 -0.902320 -0.217783 -0.372006 0.785287 0.840627 1 5 1.000000
skeleton
  5 -4.800881 2.544214 57.003689 -0.298567 -0.715234 -0.631900 0.794106 0.861310 1 5 1.000000
  5 -4.897852 2.820924 57.091434 -0.852570 0.487166 -0.189193 0.799629 0.856821 1 5 1.000000
  5 -4.591485 3.210583 56.271729 -0.896679 0.433663 -0.088902 0.793081 0.837800 1 5 1.000000
skeleton
  6 -15.911622 1.629765 50.205711 0.697746 0.160977 0.698023 0.793324 0.592935 1 6 1.000000
  7 -16.063681 1.428302 50.514416 0.784965 0.265369 0.559829 0.803909 0.596070 1 7 1.000000
  7 -15.878652 1.290791 50.364616 0.581081 -0.395087 0.711513 0.802666 0.588499 1 7 1.000000
skeleton
  6 -15.911622 1.629765 50.205711 0.697746 0.160977 0.698023 0.793324 0.592935 1 6 1.000000
  7 -16.132030 1.702129 50.524910 0.781924 0.155071 0.603778 0.798969 0.602212 1 7 1.000000
  7 -16.063681 1.428302 50.514416 0.784965 0.265369 0.559829 0.803909 0.596070 1 7 1.000000
skeleton
  7 -15.589941 1.566415 50.009861 0.974734 -0.005573 0.223299 0.788240 0.583693 1 7 1.000000
  7 -15.878652 1.290791 50.364616 0.581081 -0.395087 0.711513 0.802666 0.588499 1 7 1.000000
  7 -15.697173 1.351900 50.131031 0.828994 -0.504022 0.242345 0.795840 0.583396 1 7 1.000000
skeleton
  7 -15.589941 1.566415 50.009861 0.974734 -0.005573 0.223299 0.788240 0.583693 1 7 1.000000
  6 -15.911622 1.629765 50.205711 0.697746 0.160977 0.698023 0.793324 0.592935 1 6 1.000000
  7 -15.878652 1.290791 50.364616 0.581081 -0.395087 0.711513 0.802666 0.588499 1 7 1.000000
skeleton
  7 -15.655437 1.818168 50.018089 0.838541 0.544596 -0.016242 0.783725 0.589355 1 7 1.000000
  6 -15.911622 1.629765 50.205711 0.697746 0.160977 0.698023 0.793324 0.592935 1 6 1.000000
  7 -15.589941 1.566415 50.009861 0.974734 -0.005573 0.223299 0.788240 0.583693 1 7 1.000000
skeleton
  7 -15.655437 1.818168 50.018089 0.838541 0.544596 -0.016242 0.783725 0.589355 1 7 1.000000
  7 -15.855003 1.968986 50.174351 0.548076 0.696809 0.462677 0.784938 0.597473 1 7 1.000000
  6 -15.911622 1.629765 50.205711 0.697746 0.160977 0.698023 0.793324 0.592935 1 6 1.000000
skeleton
  7 -15.855003 1.968986 50.174351 0.548076 0.696809 0.462677 0.784938 0.597473 1 7 1.000000
  7 -16.132030 1.702129 50.524910 0.781924 0.155071 0.603778 0.798969 0.602212 1 7 1.000000
  6 -15.911622 1.629765 50.205711 0.697746 0.160977 0.698023 0.793324 0.592935 1 6 1.000000
skeleton
  7 -15.855003 1.968986 50.174351 0.548076 0.696809 0.462677 0.784938 0.597473 1 7 1.000000
  7 -16.071146 1.925988 50.377605 0.767853 0.042585 0.639209 0.791255 0.603119 1 7 1.000000
  7 -16.132030 1.702129 50.524910 0.781924 0.155071 0.603778 0.798969 0.602212 1 7 1.000000
skeleton
  5 -4.594894 0.555021 59.953716 0.533029 -0.585896 0.610414 0.806754 0.947279 1 5 1.000000
  5 -4.320328 1.183736 60.069397 0.964868 -0.203474 -0.166215 0.791150 0.941684 1 5 1.000000
  5 -4.343565 1.175897 60.200081 0.446281 -0.174829 0.877649 0.790010 0.945463 1 5 1.000000
skeleton
  5 -4.320328 1.183736 60.069397 0.964868 -0.203474 -0.166215 0.791150 0.941684 1 5 1.000000
  5 -4.411562 1.553540 60.171169 -0.047540 -0.227412 0.972637 0.784831 0.939906 1 5 1.000000
  5 -4.343565 1.175897 60.200081 0.446281 -0.174829 0.877649 0.790010 0.945463 1 5 1.000000
skeleton
  5 -4.067738 1.612581 60.383804 0.113889 -0.919982 0.375050 0.779186 0.944902 1 5 1.000000
  5 -4.160925 1.648755 60.415848 -0.379352 -0.255360 0.889316 0.781069 0.946554 1 5 1.000000
  5 -4.411562 1.553540 60.171169 -0.047540 -0.227412 0.972637 0.784831 0.939906 1 5 1.000000
skeleton
  5 -4.067738 1.612581 60.383804 0.113889 -0.919982 0.375050 0.779186 0.944902 1 5 1.000000
  5 -4.411562 1.553540 60.171169 -0.047540 -0.227412 0.972637 0.784831 0.939906 1 5 1.000000
  5 -4.311505 1.511261 60.068604 0.736481 -0.676380 0.010278 0.785951 0.937927 1 5 1.000000
skeleton
  5 -4.320328 1.183736 60.069397 0.964868 -0.203474 -0.166215 0.791150 0.941684 1 5 1.000000
  5 -4.311505 1.511261 60.068604 0.736481 -0.676380 0.010278 0.785951 0.937927 1 5 1.000000
  5 -4.411562 1.553540 60.171169 -0.047540 -0.227412 0.972637 0.784831 0.939906 1 5 1.000000
skeleton
  5 -4.320328 1.183736 60.069397 0.964868 -0.203474 -0.166215 0.791150 0.941684 1 5 1.000000
  5 -4.499324 1.387419 59.462723 0.590629 -0.743761 -0.313013 0.794400 0.925490 1 5 1.000000
  5 -4.311505 1.511261 60.068604 0.736481 -0.676380 0.010278 0.785951 0.937927 1 5 1.000000
skeleton
  5 -4.320328 1.183736 60.069397 0.964868 -0.203474 -0.166215 0.791150 0.941684 1 5 1.000000
  5 -4.612387 1.123000 59.607468 0.513703 -0.449068 -0.731059 0.799368 0.931100 1 5 1.000000
  5 -4.499324 1.387419 59.462723 0.590629 -0.743761 -0.313013 0.794400 0.925490 1 5 1.000000
skeleton
  5 -5.072187 1.290466 59.539299 0.021767 -0.931068 -0.364196 0.808387 0.923652 1 5 1.000000
  5 -4.499324 1.387419 59.462723 0.590629 -0.743761 -0.313013 0.794400 0.925490 1 5 1.000000
  5 -4.612387 1.123000 59.607468 0.513703 -0.449068 -0.731059 0.799368 0.931100 1 5 1.000000
skeleton
  5 -5.034800 0.869165 59.657459 -0.509710 0.135328 -0.849636 0.809166 0.932608 1 5 1.000000
  5 -5.072187 1.290466 59.539299 0.021767 -0.931068 -0.364196 0.808387 0.923652 1 5 1.000000
  5 -4.612387 1.123000 59.607468 0.513703 -0.449068 -0.731059 0.799368 0.931100 1 5 1.000000
skeleton
  5 -5.034800 0.869165 59.657459 -0.509710 0.135328 -0.849636 0.809166 0.932608 1 5 1.000000
  5 -5.188339 1.437621 59.763138 -0.564535 -0.181773 0.805145 0.813666 0.924237 1 5 1.000000
  5 -5.072187 1.290466 59.539299 0.021767 -0.931068 -0.364196 0.808387 0.923652 1 5 1.000000
skeleton
  5 -5.034800 0.869165 59.657459 -0.509710 0.135328 -0.849636 0.809166 0.932608 1 5 1.000000
  5 -5.152678 0.917397 59.814678 -0.950623 0.101212 0.293379 0.811945 0.931078 1 5 1.000000
  5 -5.188339 1.437621 59.763138 -0.564535 -0.181773 0.805145 0.813666 0.924237 1 5 1.000000
skeleton
  5 -5.177750 0.560978 59.556900 -0.465237 0.507729 -0.725097 0.817600 0.932048 1 5 1.000000
  5 -5.152678 0.917397 59.814678 -0.950623 0.101212 0.293379 0.811945 0.931078 1 5 1.000000
  5 -5.034800 0.869165 59.657459 -0.509710 0.135328 -0.849636 0.809166 0.932608 1 5 1.000000
skeleton
  5 -5.177750 0.560978 59.556900 -0.465237 0.507729 -0.725097 0.817600 0.932048 1 5 1.000000
  5 -5.306693 0.437004 59.761116 -0.913417 0.206811 0.350569 0.819749 0.926916 1 5 1.000000
  5 -5.152678 0.917397 59.814678 -0.950623 0.101212 0.293379 0.811945 0.931078 1 5 1.000000
skeleton
  5 -5.280219 0.387889 59.468811 -0.693762 0.326700 -0.641843 0.822861 0.932445 1 5 1.000000
  5 -5.306693 0.437004 59.761116 -0.913417 0.206811 0.350569 0.819749 0.926916 1 5 1.000000
  5 -5.177750 0.560978 59.556900 -0.465237 0.507729 -0.725097 0.817600 0.932048 1 5 1.000000
skeleton
  5 -5.280219 0.387889 59.468811 -0.693762 0.326700 -0.641843 0.822861 0.932445 1 5 1.000000
  5 -5.379246 0.306467 59.628632 -0.997734 0.015882 0.065371 0.825629 0.929400 1 5 1.000000
  5 -5.306693 0.437004 59.761116 -0.913417 0.206811 0.350569 0.819749 0.926916 1 5 1.000000
skeleton
  5 -5.239611 0.211125 59.401993 -0.333751 -0.177642 -0.925772 0.826031 0.935870 1 5 1.000000
  5 -5.379246 0.306467 59.628632 -0.997734 0.015882 0.065371 0.825629 0.929400 1 5 1.000000
  5 -5.280219 0.387889 59.468811 -0.693762 0.326700 -0.641843 0.822861 0.932445 1 5 1.000000
skeleton
  5 -5.239611 0.211125 59.401993 -0.333751 -0.177642 -0.925772 0.826031 0.935870 1 5 1.000000
  5 -5.300048 0.125705 59.626648 -0.703023 -0.674007 0.226877 0.830120 0.934983 1 5 1.000000
  5 -5.379246 0.306467 59.628632 -0.997734 0.015882 0.065371 0.825629 0.929400 1 5 1.000000
skeleton
  5 -5.121530 0.126588 59.439442 0.180484 -0.655996 -0.732867 0.825750 0.939489 1 5 1.000000
  5 -5.300048 0.125705 59.626648 -0.703023 -0.674007 0.226877 0.830120 0.934983 1 5 1.000000
  5 -5.239611 0.211125 59.401993 -0.333751 -0.177642 -0.925772 0.826031 0.935870 1 5 1.000000
skeleton
  5 -5.121530 0.126588 59.439442 0.180484 -0.655996 -0.732867 0.825750 0.939489 1 5 1.000000
  5 -5.150262 0.053104 59.592972 -0.031051 -0.999412 0.014530 0.828006 0.941601 1 5 1.000000
  5 -5.300048 0.125705 59.626648 -0.703023 -0.674007 0.226877 0.830120 0.934983 1 5 1.000000
skeleton
  5 -5.150262 0.053104 59.592972 -0.031051 -0.999412 0.014530 0.828006 0.941601 1 5 1.000000
  5 -5.121530 0.126588 59.439442 0.180484 -0.655996 -0.732867 0.825750 0.939489 1 5 1.000000
  5 -4.914496 0.246062 59.516106 0.629156 -0.355995 -0.690963 0.820039 0.941632 1 5 1.000000
skeleton
  5 -5.150262 0.053104 59.592972 -0.031051 -0.999412 0.014530 0.828006 0.941601 1 5 1.000000
  5 -4.914496 0.246062 59.516106 0.629156 -0.355995 -0.690963 0.820039 0.941632 1 5 1.000000
  5 -4.954232 0.137463 59.706341 0.385940 -0.831164 0.400270 0.821707 0.945835 1 5 1.000000
skeleton
  5 -4.594894 0.555021 59.953716 0.533029 -0.585896 0.610414 0.806754 0.947279 1 5 1.000000
  5 -4.954232 0.137463 59.706341 0.385940 -0.831164 0.400270 0.821707 0.945835 1 5 1.000000
  5 -4.914496 0.246062 59.516106 0.629156 -0.355995 -0.690963 0.820039 0.941632 1 5 1.000000
skeleton
  5 -4.594894 0.555021 59.953716 0.533029 -0.585896 0.610414 0.806754 0.947279 1 5 1.000000
  5 -4.914496 0.246062 59.516106 0.629156 -0.355995 -0.690963 0.820039 0.941632 1 5 1.000000
  5 -4.584461 0.636463 59.742130 0.818762 -0.286150 -0.497742 0.806676 0.941760 1 5 1.000000
skeleton
  5 -4.594894 0.555021 59.953716 0.533029 -0.585896 0.610414 0.806754 0.947279 1 5 1.000000
  5 -4.584461 0.636463 59.742130 0.818762 -0.286150 -0.497742 0.806676 0.941760 1 5 1.000000
  5 -4.320328 1.183736 60.069397 0.964868 -0.203474 -0.166215 0.791150 0.941684 1 5 1.000000
skeleton
  5 -4.584461 0.636463 59.742130 0.818762 -0.286150 -0.497742 0.806676 0.941760 1 5 1.000000
  5 -4.612387 1.123000 59.607468 0.513703 -0.449068 -0.731059 0.799368 0.931100 1 5 1.000000
  5 -4.320328 1.183736 60.069397 0.964868 -0.203474 -0.166215 0.791150 0.941684 1 5 1.000000
skeleton
  5 -4.584461 0.636463 59.742130 0.818762 -0.286150 -0.497742 0.806676 0.941760 1 5 1.000000
  5 -4.835600 0.721615 59.616821 0.308550 0.049838 -0.949902 0.809464 0.936246 1 5 1.000000
  5 -4.612387 1.123000 59.607468 0.513703 -0.449068 -0.731059 0.799368 0.931100 1 5 1.000000
skeleton
  5 -5.034800 0.869165 59.657459 -0.509710 0.135328 -0.849636 0.809166 0.932608 1 5 1.000000
  5 -4.612387 1.123000 59.607468 0.513703 -0.449068 -0.731059 0.799368 0.931100 1 5 1.000000
  5 -4.835600 0.721615 59.616821 0.308550 0.049838 -0.949902 0.809464 0.936246 1 5 1.000000
skeleton
  5 -5.177750 0.560978 59.556900 -0.465237 0.507729 -0.725097 0.817600 0.932048 1 5 1.000000
  5 -5.034800 0.869165 59.657459 -0.509710 0.135328 -0.849636 0.809166 0.932608 1 5 1.000000
  5 -4.835600 0.721615 59.616821 0.308550 0.049838 -0.949902 0.809464 0.936246 1 5 1.000000
skeleton
  5 -5.177750 0.560978 59.556900 -0.465237 0.507729 -0.725097 0.817600 0.932048 1 5 1.000000
  5 -4.835600 0.721615 59.616821 0.308550 0.049838 -0.949902 0.809464 0.936246 1 5 1.000000
  5 -5.050960 0.409730 59.480118 0.198713 0.240899 -0.949990 0.819449 0.936709 1 5 1.000000
skeleton
  5 -5.280219 0.387889 59.468811 -0.693762 0.326700 -0.641843 0.822861 0.932445 1 5 1.000000
  5 -5.177750 0.560978 59.556900 -0.465237 0.507729 -0.725097 0.817600 0.932048 1 5 1.000000
  5 -5.050960 0.409730 59.480118 0.198713 0.240899 -0.949990 0.819449 0.936709 1 5 1.000000
skeleton
  5 -5.280219 0.387889 59.468811 -0.693762 0.326700 -0.641843 0.822861 0.932445 1 5 1.000000
  5 -5.050960 0.409730 59.480118 0.198713 0.240899 -0.949990 0.819449 0.936709 1 5 1.000000
  5 -5.239611 0.211125 59.401993 -0.333751 -0.177642 -0.925772 0.826031 0.935870 1 5 1.000000
skeleton
  5 -5.121530 0.126588 59.439442 0.180484 -0.655996 -0.732867 0.825750 0.939489 1 5 1.000000
  5 -5.239611 0.211125 59.401993 -0.333751 -0.177642 -0.925772 0.826031 0.935870 1 5 1.000000
  5 -5.050960 0.409730 59.480118 0.198713 0.240899 -0.949990 0.819449 0.936709 1 5 1.000000
skeleton
  5 -5.121530 0.126588 59.439442 0.180484 -0.655996 -0.732867 0.825750 0.939489 1 5 1.000000
  5 -5.050960 0.409730 59.480118 0.198713 0.240899 -0.949990 0.819449 0.936709 1 5 1.000000
  5 -4.914496 0.246062 59.516106 0.629156 -0.355995 -0.690963 0.820039 0.941632 1 5 1.000000
skeleton
  5 -5.050960 0.409730 59.480118 0.198713 0.240899 -0.949990 0.819449 0.936709 1 5 1.000000
  5 -4.584461 0.636463 59.742130 0.818762 -0.286150 -0.497742 0.806676 0.941760 1 5 1.000000
  5 -4.914496 0.246062 59.516106 0.629156 -0.355995 -0.690963 0.820039 0.941632 1 5 1.000000
skeleton
  5 -5.050960 0.409730 59.480118 0.198713 0.240899 -0.949990 0.819449 0.936709 1 5 1.000000
  5 -4.835600 0.721615 59.616821 0.308550 0.049838 -0.949902 0.809464 0.936246 1 5 1.000000
  5 -4.584461 0.636463 59.742130 0.818762 -0.286150 -0.497742 0.806676 0.941760 1 5 1.000000
skeleton
  6 -6.312414 -0.056734 58.418892 0.587599 -0.759006 -0.280423 0.729356 0.509713 1 6 1.000000
  6 -6.551048 -0.157431 58.895496 -0.069794 -0.995866 -0.058130 0.729171 0.514240 1 6 1.000000
  6 -6.525293 -0.142392 58.378120 0.023967 -0.940428 -0.339147 0.731388 0.510583 1 6 1.000000
skeleton
  6 -6.312414 -0.056734 58.418892 0.587599 -0.759006 -0.280423 0.729356 0.509713 1 6 1.000000
  6 -6.352978 -0.073559 58.900112 0.706711 -0.706972 0.027369 0.727519 0.513430 1 6 1.000000
  6 -6.551048 -0.157431 58.895496 -0.069794 -0.995866 -0.058130 0.729171 0.514240 1 6 1.000000
skeleton
  6 -7.081495 0.160645 58.600689 -0.412675 -0.829314 0.376746 0.735754 0.518472 1 6 1.000000
  6 -6.525293 -0.142392 58.378120 0.023967 -0.940428 -0.339147 0.731388 0.510583 1 6 1.000000
  6 -6.551048 -0.157431 58.895496 -0.069794 -0.995866 -0.058130 0.729171 0.514240 1 6 1.000000
skeleton
  6 -7.081495 0.160645 58.600689 -0.412675 -0.829314 0.376746 0.735754 0.518472 1 6 1.000000
  6 -6.920803 0.154114 58.098721 -0.063079 -0.896247 -0.439048 0.740055 0.510487 1 6 1.000000
  6 -6.525293 -0.142392 58.378120 0.023967 -0.940428 -0.339147 0.731388 0.510583 1 6 1.000000
skeleton
  6 -6.920803 0.154114 58.098721 -0.063079 -0.896247 -0.439048 0.740055 0.510487 1 6 1.000000
  6 -6.312414 -0.056734 58.418892 0.587599 -0.759006 -0.280423 0.729356 0.509713 1 6 1.000000
  6 -6.525293 -0.142392 58.378120 0.023967 -0.940428 -0.339147 0.731388 0.510583 1 6 1.000000
skeleton
  6 -6.920803 0.154114 58.098721 -0.063079 -0.896247 -0.439048 0.740055 0.510487 1 6 1.000000
  6 -6.231482 0.124953 58.232174 0.386645 -0.832954 -0.395846 0.729376 0.506379 1 6 1.000000
  6 -6.312414 -0.056734 58.418892 0.587599 -0.759006 -0.280423 0.729356 0.509713 1 6 1.000000
skeleton
  6 -6.231482 0.124953 58.232174 0.386645 -0.832954 -0.395846 0.729376 0.506379 1 6 1.000000
  6 -6.352978 -0.073559 58.900112 0.706711 -0.706972 0.027369 0.727519 0.513430 1 6 1.000000
  6 -6.312414 -0.056734 58.418892 0.587599 -0.759006 -0.280423 0.729356 0.509713 1 6 1.000000
skeleton
  6 -6.231482 0.124953 58.232174 0.386645 -0.832954 -0.395846 0.729376 0.506379 1 6 1.000000
  6 -6.262277 0.142357 58.959747 0.264450 -0.772728 0.577025 0.723605 0.514534 1 6 1.000000
  6 -6.352978 -0.073559 58.900112 0.706711 -0.706972 0.027369 0.727519 0.513430 1 6 1.000000
skeleton
  6 -6.262277 0.142357 58.959747 0.264450 -0.772728 0.577025 0.723605 0.514534 1 6 1.000000
  6 -6.231482 0.124953 58.232174 0.386645 -0.832954 -0.395846 0.729376 0.506379 1 6 1.000000
  6 -5.844429 0.186724 58.645420 0.545174 -0.834509 0.079879 0.721995 0.507767 1 6 1.000000
skeleton
  6 -5.844429 0.186724 58.645420 0.545174 -0.834509 0.079879 0.721995 0.507767 1 6 1.000000
  6 -6.286956 0.328888 59.160522 0.447754 -0.759646 0.471651 0.720437 0.517394 1 6 1.000000
  6 -6.262277 0.142357 58.959747 0.264450 -0.772728 0.577025 0.723605 0.514534 1 6 1.000000
skeleton
  6 -5.844429 0.186724 58.645420 0.545174 -0.834509 0.079879 0.721995 0.507767 1 6 1.000000
  6 -5.957269 0.476496 59.148808 0.505379 -0.508375 0.697243 0.715923 0.513546 1 6 1.000000
  6 -6.286956 0.328888 59.160522 0.447754 -0.759646 0.471651 0.720437 0.517394 1 6 1.000000
skeleton
  6 -5.957269 0.476496 59.148808 0.505379 -0.508375 0.697243 0.715923 0.513546 1 6 1.000000
  6 -6.343496 0.897027 59.407619 0.646427 0.143142 0.749428 0.710297 0.522710 1 6 1.000000
  6 -6.286956 0.328888 59.160522 0.447754 -0.759646 0.471651 0.720437 0.517394 1 6 1.000000
skeleton
  6 -5.957269 0.476496 59.148808 0.505379 -0.508375 0.697243 0.715923 0.513546 1 6 1.000000
  6 -6.019395 0.986992 59.408401 0.381727 0.099012 0.918956 0.706618 0.517735 1 6 1.000000
  6 -6.343496 0.897027 59.407619 0.646427 0.143142 0.749428 0.710297 0.522710 1 6 1.000000
skeleton
  6 -5.702198 0.647720 59.045017 0.791056 -0.315247 0.524262 0.713612 0.509191 1 6 1.000000
  6 -6.019395 0.986992 59.408401 0.381727 0.099012 0.918956 0.706618 0.517735 1 6 1.000000
  6 -5.957269 0.476496 59.148808 0.505379 -0.508375 0.697243 0.715923 0.513546 1 6 1.000000
skeleton
  6 -5.702198 0.647720 59.045017 0.791056 -0.315247 0.524262 0.713612 0.509191 1 6 1.000000
  6 -5.700323 1.046348 59.110489 0.794140 0.183628 0.579329 0.706091 0.508312 1 6 1.000000
  6 -6.019395 0.986992 59.408401 0.381727 0.099012 0.918956 0.706618 0.517735 1 6 1.000000
skeleton
  6 -5.702198 0.647720 59.045017 0.791056 -0.315247 0.524262 0.713612 0.509191 1 6 1.000000
  6 -5.559506 1.086914 58.760803 0.971980 0.202989 0.118531 0.708767 0.500830 1 6 1.000000
  6 -5.700323 1.046348 59.110489 0.794140 0.183628 0.579329 0.706091 0.508312 1 6 1.000000
skeleton
  6 -5.702198 0.647720 59.045017 0.791056 -0.315247 0.524262 0.713612 0.509191 1 6 1.000000
  6 -5.587620 0.562194 58.647419 0.932545 -0.346850 0.100278 0.717100 0.504180 1 6 1.000000
  6 -5.559506 1.086914 58.760803 0.971980 0.202989 0.118531 0.708767 0.500830 1 6 1.000000
skeleton
  6 -5.643436 1.071617 58.128822 0.892441 0.197806 -0.405489 0.718479 0.491794 1 6 1.000000
  6 -5.559506 1.086914 58.760803 0.971980 0.202989 0.118531 0.708767 0.500830 1 6 1.000000
  6 -5.587620 0.562194 58.647419 0.932545 -0.346850 0.100278 0.717100 0.504180 1 6 1.000000
skeleton
  6 -5.643436 1.071617 58.128822 0.892441 0.197806 -0.405489 0.718479 0.491794 1 6 1.000000
  6 -5.587620 0.562194 58.647419 0.932545 -0.346850 0.100278 0.717100 0.504180 1 6 1.000000
  6 -5.621941 0.646417 58.275238 0.888572 -0.280645 -0.362875 0.720121 0.499570 1 6 1.000000
skeleton
  6 -5.621941 0.646417 58.275238 0.888572 -0.280645 -0.362875 0.720121 0.499570 1 6 1.000000
  6 -5.977762 1.047359 57.743282 0.507320 0.156843 -0.847365 0.728905 0.488887 1 6 1.000000
  6 -5.643436 1.071617 58.128822 0.892441 0.197806 -0.405489 0.718479 0.491794 1 6 1.000000
skeleton
  6 -5.958218 0.371472 57.980751 0.590964 -0.535802 -0.603057 0.727689 0.500306 1 6 1.000000
  6 -5.844429 0.186724 58.645420 0.545174 -0.834509 0.079879 0.721995 0.507767 1 6 1.000000
  6 -6.231482 0.124953 58.232174 0.386645 -0.832954 -0.395846 0.729376 0.506379 1 6 1.000000
skeleton
  6 -5.621941 0.646417 58.275238 0.888572 -0.280645 -0.362875 0.720121 0.499570 1 6 1.000000
  6 -5.844429 0.186724 58.645420 0.545174 -0.834509 0.079879 0.721995 0.507767 1 6 1.000000
  6 -5.958218 0.371472 57.980751 0.590964 -0.535802 -0.603057 0.727689 0.500306 1 6 1.000000
skeleton
  6 -5.621941 0.646417 58.275238 0.888572 -0.280645 -0.362875 0.720121 0.499570 1 6 1.000000
  6 -5.587620 0.562194 58.647419 0.932545 -0.346850 0.100278 0.717100 0.504180 1 6 1.000000
  6 -5.844429 0.186724 58.645420 0.545174 -0.834509 0.079879 0.721995 0.507767 1 6 1.000000
skeleton
  6 -5.587620 0.562194 58.647419 0.932545 -0.346850 0.100278 0.717100 0.504180 1 6 1.000000
  6 -5.957269 0.476496 59.148808 0.505379 -0.508375 0.697243 0.715923 0.513546 1 6 1.000000
  6 -5.844429 0.186724 58.645420 0.545174 -0.834509 0.079879 0.721995 0.507767 1 6 1.000000
skeleton
  6 -5.587620 0.562194 58.647419 0.932545 -0.346850 0.100278 0.717100 0.504180 1 6 1.000000
  6 -5.702198 0.647720 59.045017 0.791056 -0.315247 0.524262 0.713612 0.509191 1 6 1.000000
  6 -5.957269 0.476496 59.148808 0.505379 -0.508375 0.697243 0.715923 0.513546 1 6 1.000000
skeleton
  6 -6.369004 0.886300 59.518589 0.741634 0.139927 0.656049 0.710839 0.525052 1 6 1.000000
  6 -6.286956 0.328888 59.160522 0.447754 -0.759646 0.471651 0.720437 0.517394 1 6 1.000000
  6 -6.343496 0.897027 59.407619 0.646427 0.143142 0.749428 0.710297 0.522710 1 6 1.000000
skeleton
  6 -7.081495 0.160645 58.600689 -0.412675 -0.829314 0.376746 0.735754 0.518472 1 6 1.000000
  6 -6.352978 -0.073559 58.900112 -0.341181 0.129085 0.931092 0.727519 0.513430 1 6 1.000000
  6 -6.262277 0.142357 58.959747 0.264450 -0.772728 0.577025 0.723605 0.514534 1 6 1.000000
skeleton
  6 -7.081495 0.160645 58.600689 -0.412675 -0.829314 0.376746 0.735754 0.518472 1 6 1.000000
  6 -6.551048 -0.157431 58.895496 -0.341181 0.129085 0.931092 0.729171 0.514240 1 6 1.000000
  6 -6.352978 -0.073559 58.900112 -0.341181 0.129085 0.931092 0.727519 0.513430 1 6 1.000000
skeleton
  6 -11.430306 0.999562 54.021404 -0.260579 -0.965452 0.000332 0.861320 0.518281 1 6 1.000000
  6 -11.568991 1.182638 54.178474 -0.645704 -0.601208 0.470760 0.861530 0.523387 1 6 1.000000
  6 -12.945792 1.517237 52.715366 -0.526573 -0.752197 0.396132 0.900729 0.523551 1 6 1.000000
skeleton
  6 -10.215632 0.653291 55.201733 -0.207436 -0.978192 0.010557 0.827691 0.516836 1 6 1.000000
  6 -11.568991 1.182638 54.178474 -0.645704 -0.601208 0.470760 0.861530 0.523387 1 6 1.000000
  6 -11.430306 0.999562 54.021404 -0.260579 -0.965452 0.000332 0.861320 0.518281 1 6 1.000000
skeleton
  6 -10.215632 0.653291 55.201733 -0.207436 -0.978192 0.010557 0.827691 0.516836 1 6 1.000000
  6 -10.412321 0.870267 55.443665 -0.639562 -0.559780 0.526884 0.827423 0.523570 1 6 1.000000
  6 -11.568991 1.182638 54.178474 -0.645704 -0.601208 0.470760 0.861530 0.523387 1 6 1.000000
skeleton
  6 -9.333702 0.549967 56.074970 -0.144656 -0.989450 -0.007893 0.803209 0.516255 1 6 1.000000
  6 -10.412321 0.870267 55.443665 -0.639562 -0.559780 0.526884 0.827423 0.523570 1 6 1.000000
  6 -10.215632 0.653291 55.201733 -0.207436 -0.978192 0.010557 0.827691 0.516836 1 6 1.000000
skeleton
  6 -9.333702 0.549967 56.074970 -0.144656 -0.989450 -0.007893 0.803209 0.516255 1 6 1.000000
  6 -9.531363 0.764660 56.278557 -0.616939 -0.581821 0.529972 0.803349 0.522872 1 6 1.000000
  6 -10.412321 0.870267 55.443665 -0.639562 -0.559780 0.526884 0.827423 0.523570 1 6 1.000000
skeleton
  6 -7.721766 0.258923 57.609035 -0.064418 -0.986007 -0.153757 0.757830 0.513824 1 6 1.000000
  6 -9.531363 0.764660 56.278557 -0.616939 -0.581821 0.529972 0.803349 0.522872 1 6 1.000000
  6 -9.333702 0.549967 56.074970 -0.144656 -0.989450 -0.007893 0.803209 0.516255 1 6 1.000000
skeleton
  6 -7.721766 0.258923 57.609035 -0.064418 -0.986007 -0.153757 0.757830 0.513824 1 6 1.000000
  6 -7.929985 0.442052 57.979958 -0.577059 -0.721558 0.382567 0.755773 0.521980 1 6 1.000000
  6 -9.531363 0.764660 56.278557 -0.616939 -0.581821 0.529972 0.803349 0.522872 1 6 1.000000
skeleton
  6 -6.920803 0.154114 58.098721 -0.063079 -0.896247 -0.439048 0.740055 0.510487 1 6 1.000000
  6 -7.929985 0.442052 57.979958 -0.577059 -0.721558 0.382567 0.755773 0.521980 1 6 1.000000
  6 -7.721766 0.258923 57.609035 -0.064418 -0.986007 -0.153757 0.757830 0.513824 1 6 1.000000
skeleton
  6 -6.920803 0.154114 58.098721 -0.063079 -0.896247 -0.439048 0.740055 0.510487 1 6 1.000000
  6 -7.081495 0.160645 58.600689 -0.412675 -0.829314 0.376746 0.735754 0.518472 1 6 1.000000
  6 -7.929985 0.442052 57.979958 -0.577059 -0.721558 0.382567 0.755773 0.521980 1 6 1.000000
skeleton
  6 -7.190730 0.235022 58.784348 -0.452082 -0.812113 0.368909 0.735139 0.521645 1 6 1.000000
  6 -7.929985 0.442052 57.979958 -0.577059 -0.721558 0.382567 0.755773 0.521980 1 6 1.000000
  6 -7.081495 0.160645 58.600689 -0.412675 -0.829314 0.376746 0.735754 0.518472 1 6 1.000000
skeleton
  6 -7.190730 0.235022 58.784348 -0.452082 -0.812113 0.368909 0.735139 0.521645 1 6 1.000000
  6 -7.081495 0.160645 58.600689 -0.412675 -0.829314 0.376746 0.735754 0.518472 1 6 1.000000
  6 -6.262277 0.142357 58.959747 0.264450 -0.772728 0.577025 0.723605 0.514534 1 6 1.000000
skeleton
  6 -7.190730 0.235022 58.784348 -0.452082 -0.812113 0.368909 0.735139 0.521645 1 6 1.000000
  6 -6.262277 0.142357 58.959747 0.264450 -0.772728 0.577025 0.723605 0.514534 1 6 1.000000
  6 -6.286956 0.328888 59.160522 0.447754 -0.759646 0.471651 0.720437 0.517394 1 6 1.000000
skeleton
  6 -6.286956 0.328888 59.160522 0.447754 -0.759646 0.471651 0.720437 0.517394 1 6 1.000000
  6 -6.558457 0.097181 59.466667 0.261079 -0.866922 -0.424599 0.722146 0.522874 1 6 1.000000
  6 -7.190730 0.235022 58.784348 -0.452082 -0.812113 0.368909 0.735139 0.521645 1 6 1.000000
skeleton
  6 -6.286956 0.328888 59.160522 0.447754 -0.759646 0.471651 0.720437 0.517394 1 6 1.000000
  6 -6.322226 0.208669 59.372185 0.818571 -0.486654 0.305138 0.720738 0.520608 1 6 1.000000
  6 -6.558457 0.097181 59.466667 0.261079 -0.866922 -0.424599 0.722146 0.522874 1 6 1.000000
skeleton
  6 -6.369004 0.886300 59.518589 0.741634 0.139927 0.656049 0.710839 0.525052 1 6 1.000000
  6 -6.322226 0.208669 59.372185 0.818571 -0.486654 0.305138 0.720738 0.520608 1 6 1.000000
  6 -6.286956 0.328888 59.160522 0.447754 -0.759646 0.471651 0.720437 0.517394 1 6 1.000000
skeleton
  6 -6.322226 0.208669 59.372185 0.818571 -0.486654 0.305138 0.720738 0.520608 1 6 1.000000
  6 -6.369004 0.886300 59.518589 0.741634 0.139927 0.656049 0.710839 0.525052 1 6 1.000000
  6 -6.637802 0.822971 59.661247 -0.204618 -0.030411 0.978369 0.714996 0.530737 1 6 1.000000
skeleton
  6 -6.322226 0.208669 59.372185 0.818571 -0.486654 0.305138 0.720738 0.520608 1 6 1.000000
  6 -6.637802 0.822971 59.661247 -0.204618 -0.030411 0.978369 0.714996 0.530737 1 6 1.000000
  6 -6.558457 0.097181 59.466667 -0.154147 -0.285334 0.945951 0.722146 0.522874 1 6 1.000000
skeleton
  6 -6.558457 0.097181 59.466667 -0.154147 -0.285334 0.945951 0.722146 0.522874 1 6 1.000000
  6 -6.637802 0.822971 59.661247 -0.204618 -0.030411 0.978369 0.714996 0.530737 1 6 1.000000
  6 -7.283455 0.908102 59.023167 -0.768744 -0.043443 0.638079 0.733211 0.533954 1 6 1.000000
skeleton
  6 -6.558457 0.097181 59.466667 -0.154147 -0.285334 0.945951 0.722146 0.522874 1 6 1.000000
  6 -7.283455 0.908102 59.023167 -0.768744 -0.043443 0.638079 0.733211 0.533954 1 6 1.000000
  6 -7.190730 0.235022 58.784348 -0.452082 -0.812113 0.368909 0.735139 0.521645 1 6 1.000000
skeleton
  6 -7.190730 0.235022 58.784348 -0.452082 -0.812113 0.368909 0.735139 0.521645 1 6 1.000000
  6 -7.283455 0.908102 59.023167 -0.768744 -0.043443 0.638079 0.733211 0.533954 1 6 1.000000
  6 -7.994704 0.973527 58.132294 -0.764782 0.076838 0.639691 0.755626 0.532189 1 6 1.000000
skeleton
  6 -7.190730 0.235022 58.784348 -0.452082 -0.812113 0.368909 0.735139 0.521645 1 6 1.000000
  6 -7.994704 0.973527 58.132294 -0.764782 0.076838 0.639691 0.755626 0.532189 1 6 1.000000
  6 -7.929985 0.442052 57.979958 -0.577059 -0.721558 0.382567 0.755773 0.521980 1 6 1.000000
skeleton
  6 -7.994704 0.973527 58.132294 -0.764782 0.076838 0.639691 0.755626 0.532189 1 6 1.000000
  6 -9.531363 0.764660 56.278557 -0.616939 -0.581821 0.529972 0.803349 0.522872 1 6 1.000000
  6 -7.929985 0.442052 57.979958 -0.577059 -0.721558 0.382567 0.755773 0.521980 1 6 1.000000
skeleton
  6 -7.994704 0.973527 58.132294 -0.764782 0.076838 0.639691 0.755626 0.532189 1 6 1.000000
  6 -9.562569 1.109827 56.359627 -0.701840 0.183884 0.688192 0.803196 0.529441 1 6 1.000000
  6 -9.531363 0.764660 56.278557 -0.616939 -0.581821 0.529972 0.803349 0.522872 1 6 1.000000
skeleton
  6 -9.531363 0.764660 56.278557 -0.616939 -0.581821 0.529972 0.803349 0.522872 1 6 1.000000
  6 -9.562569 1.109827 56.359627 -0.701840 0.183884 0.688192 0.803196 0.529441 1 6 1.000000
  6 -10.468678 1.197199 55.535450 -0.685393 0.194308 0.701770 0.827607 0.529776 1 6 1.000000
skeleton
  6 -9.531363 0.764660 56.278557 -0.616939 -0.581821 0.529972 0.803349 0.522872 1 6 1.000000
  6 -10.468678 1.197199 55.535450 -0.685393 0.194308 0.701770 0.827607 0.529776 1 6 1.000000
  6 -10.412321 0.870267 55.443665 -0.639562 -0.559780 0.526884 0.827423 0.523570 1 6 1.000000
skeleton
  6 -10.412321 0.870267 55.443665 -0.639562 -0.559780 0.526884 0.827423 0.523570 1 6 1.000000
  6 -10.468678 1.197199 55.535450 -0.685393 0.194308 0.701770 0.827607 0.529776 1 6 1.000000
  6 -11.600382 1.434234 54.238007 -0.704918 0.051298 0.707431 0.861880 0.528266 1 6 1.000000
skeleton
  6 -10.412321 0.870267 55.443665 -0.639562 -0.559780 0.526884 0.827423 0.523570 1 6 1.000000
  6 -11.600382 1.434234 54.238007 -0.704918 0.051298 0.707431 0.861880 0.528266 1 6 1.000000
  6 -11.568991 1.182638 54.178474 -0.645704 -0.601208 0.470760 0.861530 0.523387 1 6 1.000000
skeleton
  6 -11.568991 1.182638 54.178474 -0.645704 -0.601208 0.470760 0.861530 0.523387 1 6 1.000000
  6 -11.600382 1.434234 54.238007 -0.704918 0.051298 0.707431 0.861880 0.528266 1 6 1.000000
  6 -13.104998 1.779196 52.923363 -0.670628 -0.158867 0.724582 0.900548 0.530210 1 6 1.000000
skeleton
  6 -11.568991 1.182638 54.178474 -0.645704 -0.601208 0.470760 0.861530 0.523387 1 6 1.000000
  6 -13.104998 1.779196 52.923363 -0.670628 -0.158867 0.724582 0.900548 0.530210 1 6 1.000000
  6 -12.945792 1.517237 52.715366 -0.526573 -0.752197 0.396132 0.900729 0.523551 1 6 1.000000
skeleton
  6 -12.945792 1.517237 52.715366 -0.526573 -0.752197 0.396132 0.900729 0.523551 1 6 1.000000
  6 -13.104998 1.779196 52.923363 -0.670628 -0.158867 0.724582 0.900548 0.530210 1 6 1.000000
  6 -14.534671 1.901709 51.707703 -0.590643 -0.343592 0.730127 0.937641 0.532981 1 6 1.000000
skeleton
  6 -5.621941 0.646417 58.275238 0.888572 -0.280645 -0.362875 0.720121 0.499570 1 6 1.000000
  6 -5.958218 0.371472 57.980751 0.590964 -0.535802 -0.603057 0.727689 0.500306 1 6 1.000000
  6 -5.977762 1.047359 57.743282 0.507320 0.156843 -0.847365 0.728905 0.488887 1 6 1.000000
skeleton
  6 -6.264562 0.327461 57.934998 0.184170 -0.606658 -0.773335 0.732227 0.501815 1 6 1.000000
  6 -5.977762 1.047359 57.743282 0.507320 0.156843 -0.847365 0.728905 0.488887 1 6 1.000000
  6 -5.958218 0.371472 57.980751 0.590964 -0.535802 -0.603057 0.727689 0.500306 1 6 1.000000
skeleton
  6 -5.958218 0.371472 57.980751 0.590964 -0.535802 -0.603057 0.727689 0.500306 1 6 1.000000
  6 -6.231482 0.124953 58.232174 0.386645 -0.832954 -0.395846 0.729376 0.506379 1 6 1.000000
  6 -6.264562 0.327461 57.934998 0.184170 -0.606658 -0.773335 0.732227 0.501815 1 6 1.000000
skeleton
  6 -6.264562 0.327461 57.934998 0.184170 -0.606658 -0.773335 0.732227 0.501815 1 6 1.000000
  6 -6.231482 0.124953 58.232174 0.386645 -0.832954 -0.395846 0.729376 0.506379 1 6 1.000000
  6 -6.920803 0.154114 58.098721 -0.063079 -0.896247 -0.439048 0.740055 0.510487 1 6 1.000000
skeleton
  6 -6.264562 0.327461 57.934998 0.184170 -0.606658 -0.773335 0.732227 0.501815 1 6 1.000000
  6 -6.920803 0.154114 58.098721 -0.063079 -0.896247 -0.439048 0.740055 0.510487 1 6 1.000000
  6 -6.812971 0.436916 57.813465 0.239522 -0.560550 -0.792725 0.742620 0.503419 1 6 1.000000
skeleton
  6 -6.812971 0.436916 57.813465 0.239522 -0.560550 -0.792725 0.742620 0.503419 1 6 1.000000
  6 -6.920803 0.154114 58.098721 -0.063079 -0.896247 -0.439048 0.740055 0.510487 1 6 1.000000
  6 -7.721766 0.258923 57.609035 -0.064418 -0.986007 -0.153757 0.757830 0.513824 1 6 1.000000
skeleton
  6 -6.812971 0.436916 57.813465 0.239522 -0.560550 -0.792725 0.742620 0.503419 1 6 1.000000
  6 -7.721766 0.258923 57.609035 -0.064418 -0.986007 -0.153757 0.757830 0.513824 1 6 1.000000
  6 -7.549485 0.487773 57.296024 0.468026 -0.591931 -0.656178 0.760581 0.506344 1 6 1.000000
skeleton
  6 -7.721766 0.258923 57.609035 -0.064418 -0.986007 -0.153757 0.757830 0.513824 1 6 1.000000
  6 -9.053499 0.645403 55.857143 0.464323 -0.683193 -0.563606 0.802768 0.509479 1 6 1.000000
  6 -7.549485 0.487773 57.296024 0.468026 -0.591931 -0.656178 0.760581 0.506344 1 6 1.000000
skeleton
  6 -7.549485 0.487773 57.296024 0.468026 -0.591931 -0.656178 0.760581 0.506344 1 6 1.000000
  6 -9.053499 0.645403 55.857143 0.464323 -0.683193 -0.563606 0.802768 0.509479 1 6 1.000000
  6 -8.932707 1.003302 55.795631 0.710812 0.016931 -0.703178 0.802918 0.502407 1 6 1.000000
skeleton
  6 -9.053499 0.645403 55.857143 0.464323 -0.683193 -0.563606 0.802768 0.509479 1 6 1.000000
  6 -9.785172 1.115422 54.896294 0.694705 -0.068932 -0.715984 0.827593 0.503396 1 6 1.000000
  6 -8.932707 1.003302 55.795631 0.710812 0.016931 -0.703178 0.802918 0.502407 1 6 1.000000
skeleton
  6 -9.053499 0.645403 55.857143 0.464323 -0.683193 -0.563606 0.802768 0.509479 1 6 1.000000
  6 -9.909094 0.822231 54.953671 0.403240 -0.727036 -0.555713 0.827542 0.509227 1 6 1.000000
  6 -9.785172 1.115422 54.896294 0.694705 -0.068932 -0.715984 0.827593 0.503396 1 6 1.000000
skeleton
  6 -9.785172 1.115422 54.896294 0.694705 -0.068932 -0.715984 0.827593 0.503396 1 6 1.000000
  6 -9.909094 0.822231 54.953671 0.403240 -0.727036 -0.555713 0.827542 0.509227 1 6 1.000000
  6 -11.195791 1.054044 53.819763 0.349398 -0.761715 -0.545629 0.861219 0.512643 1 6 1.000000
skeleton
  6 -9.909094 0.822231 54.953671 0.403240 -0.727036 -0.555713 0.827542 0.509227 1 6 1.000000
  6 -11.430306 0.999562 54.021404 -0.260579 -0.965452 0.000332 0.861320 0.518281 1 6 1.000000
  6 -11.195791 1.054044 53.819763 0.349398 -0.761715 -0.545629 0.861219 0.512643 1 6 1.000000
skeleton
  6 -11.195791 1.054044 53.819763 0.349398 -0.761715 -0.545629 0.861219 0.512643 1 6 1.000000
  6 -11.430306 0.999562 54.021404 -0.260579 -0.965452 0.000332 0.861320 0.518281 1 6 1.000000
  6 -12.818029 1.351215 52.543964 -0.186202 -0.982498 -0.005178 0.901103 0.518457 1 6 1.000000
skeleton
  6 -11.430306 0.999562 54.021404 -0.260579 -0.965452 0.000332 0.861320 0.518281 1 6 1.000000
  6 -12.945792 1.517237 52.715366 -0.526573 -0.752197 0.396132 0.900729 0.523551 1 6 1.000000
  6 -12.818029 1.351215 52.543964 -0.186202 -0.982498 -0.005178 0.901103 0.518457 1 6 1.000000
skeleton
  6 -12.818029 1.351215 52.543964 -0.186202 -0.982498 -0.005178 0.901103 0.518457 1 6 1.000000
  6 -12.945792 1.517237 52.715366 -0.526573 -0.752197 0.396132 0.900729 0.523551 1 6 1.000000
  6 -14.279308 1.685483 51.373196 -0.350758 -0.880599 0.318612 0.939016 0.524427 1 6 1.000000
skeleton
  6 -12.945792 1.517237 52.715366 -0.526573 -0.752197 0.396132 0.900729 0.523551 1 6 1.000000
  6 -14.534671 1.901709 51.707703 -0.590643 -0.343592 0.730127 0.937641 0.532981 1 6 1.000000
  6 -14.279308 1.685483 51.373196 -0.350758 -0.880599 0.318612 0.939016 0.524427 1 6 1.000000
skeleton
  6 -14.279308 1.685483 51.373196 -0.350758 -0.880599 0.318612 0.939016 0.524427 1 6 1.000000
  6 -14.534671 1.901709 51.707703 -0.590643 -0.343592 0.730127 0.937641 0.532981 1 6 1.000000
  6 -14.775341 1.916401 51.542763 -0.506622 -0.392317 0.767738 0.943202 0.534223 1 6 1.000000
skeleton
  6 -9.909094 0.822231 54.953671 0.403240 -0.727036 -0.555713 0.827542 0.509227 1 6 1.000000
  6 -10.215632 0.653291 55.201733 -0.207436 -0.978192 0.010557 0.827691 0.516836 1 6 1.000000
  6 -11.430306 0.999562 54.021404 -0.260579 -0.965452 0.000332 0.861320 0.518281 1 6 1.000000
skeleton
  6 -9.053499 0.645403 55.857143 0.464323 -0.683193 -0.563606 0.802768 0.509479 1 6 1.000000
  6 -10.215632 0.653291 55.201733 -0.207436 -0.978192 0.010557 0.827691 0.516836 1 6 1.000000
  6 -9.909094 0.822231 54.953671 0.403240 -0.727036 -0.555713 0.827542 0.509227 1 6 1.000000
skeleton
  6 -9.053499 0.645403 55.857143 0.464323 -0.683193 -0.563606 0.802768 0.509479 1 6 1.000000
  6 -9.333702 0.549967 56.074970 -0.144656 -0.989450 -0.007893 0.803209 0.516255 1 6 1.000000
  6 -10.215632 0.653291 55.201733 -0.207436 -0.978192 0.010557 0.827691 0.516836 1 6 1.000000
skeleton
  6 -7.721766 0.258923 57.609035 -0.064418 -0.986007 -0.153757 0.757830 0.513824 1 6 1.000000
  6 -9.333702 0.549967 56.074970 -0.144656 -0.989450 -0.007893 0.803209 0.516255 1 6 1.000000
  6 -9.053499 0.645403 55.857143 0.464323 -0.683193 -0.563606 0.802768 0.509479 1 6 1.000000
skeleton
  6 -6.264562 0.327461 57.934998 0.184170 -0.606658 -0.773335 0.732227 0.501815 1 6 1.000000
  6 -6.365776 1.001820 57.623535 0.087457 0.115799 -0.989415 0.737276 0.489909 1 6 1.000000
  6 -5.977762 1.047359 57.743282 0.507320 0.156843 -0.847365 0.728905 0.488887 1 6 1.000000
skeleton
  6 -6.264562 0.327461 57.934998 0.184170 -0.606658 -0.773335 0.732227 0.501815 1 6 1.000000
  6 -6.783699 1.001510 57.715034 0.260760 0.126723 -0.957050 0.745340 0.492775 1 6 1.000000
  6 -6.365776 1.001820 57.623535 0.087457 0.115799 -0.989415 0.737276 0.489909 1 6 1.000000
skeleton
  6 -6.264562 0.327461 57.934998 0.184170 -0.606658 -0.773335 0.732227 0.501815 1 6 1.000000
  6 -6.812971 0.436916 57.813465 0.239522 -0.560550 -0.792725 0.742620 0.503419 1 6 1.000000
  6 -6.783699 1.001510 57.715034 0.260760 0.126723 -0.957050 0.745340 0.492775 1 6 1.000000
skeleton
  6 -6.812971 0.436916 57.813465 0.239522 -0.560550 -0.792725 0.742620 0.503419 1 6 1.000000
  6 -7.475497 0.902015 57.226944 0.632525 0.091001 -0.769175 0.761890 0.498373 1 6 1.000000
  6 -6.783699 1.001510 57.715034 0.260760 0.126723 -0.957050 0.745340 0.492775 1 6 1.000000
skeleton
  6 -6.812971 0.436916 57.813465 0.239522 -0.560550 -0.792725 0.742620 0.503419 1 6 1.000000
  6 -7.549485 0.487773 57.296024 0.468026 -0.591931 -0.656178 0.760581 0.506344 1 6 1.000000
  6 -7.475497 0.902015 57.226944 0.632525 0.091001 -0.769175 0.761890 0.498373 1 6 1.000000
skeleton
  6 -7.549485 0.487773 57.296024 0.468026 -0.591931 -0.656178 0.760581 0.506344 1 6 1.000000
  6 -8.932707 1.003302 55.795631 0.710812 0.016931 -0.703178 0.802918 0.502407 1 6 1.000000
  6 -7.475497 0.902015 57.226944 0.632525 0.091001 -0.769175 0.761890 0.498373 1 6 1.000000
skeleton
  6 -12.818029 1.351215 52.543964 -0.186202 -0.982498 -0.005178 0.901103 0.518457 1 6 1.000000
  6 -14.279308 1.685483 51.373196 -0.350758 -0.880599 0.318612 0.939016 0.524427 1 6 1.000000
  6 -14.001137 1.523690 51.145870 -0.037259 -0.999266 -0.008909 0.938363 0.517092 1 6 1.000000
skeleton
  6 -14.001137 1.523690 51.145870 -0.037259 -0.999266 -0.008909 0.938363 0.517092 1 6 1.000000
  6 -14.279308 1.685483 51.373196 -0.350758 -0.880599 0.318612 0.939016 0.524427 1 6 1.000000
  6 -14.549117 1.635164 51.031574 -0.196519 -0.954427 0.224607 0.947986 0.523461 1 6 1.000000
skeleton
  6 -14.001137 1.523690 51.145870 -0.037259 -0.999266 -0.008909 0.938363 0.517092 1 6 1.000000
  6 -14.549117 1.635164 51.031574 -0.196519 -0.954427 0.224607 0.947986 0.523461 1 6 1.000000
  6 -14.201590 1.542039 50.908916 -0.015082 -0.996811 -0.078358 0.944676 0.516917 1 6 1.000000
skeleton
  6 -9.785172 1.115422 54.896294 0.694705 -0.068932 -0.715984 0.827593 0.503396 1 6 1.000000
  6 -11.195791 1.054044 53.819763 0.349398 -0.761715 -0.545629 0.861219 0.512643 1 6 1.000000
  6 -11.074665 1.328337 53.725769 0.673785 -0.176647 -0.717503 0.861873 0.507042 1 6 1.000000
skeleton
  6 -11.074665 1.328337 53.725769 0.673785 -0.176647 -0.717503 0.861873 0.507042 1 6 1.000000
  6 -11.195791 1.054044 53.819763 0.349398 -0.761715 -0.545629 0.861219 0.512643 1 6 1.000000
  6 -12.554808 1.478380 52.343933 0.380265 -0.789176 -0.482285 0.900774 0.512034 1 6 1.000000
skeleton
  6 -11.195791 1.054044 53.819763 0.349398 -0.761715 -0.545629 0.861219 0.512643 1 6 1.000000
  6 -12.818029 1.351215 52.543964 -0.186202 -0.982498 -0.005178 0.901103 0.518457 1 6 1.000000
  6 -12.554808 1.478380 52.343933 0.380265 -0.789176 -0.482285 0.900774 0.512034 1 6 1.000000
skeleton
  6 -12.554808 1.478380 52.343933 0.380265 -0.789176 -0.482285 0.900774 0.512034 1 6 1.000000
  6 -12.818029 1.351215 52.543964 -0.186202 -0.982498 -0.005178 0.901103 0.518457 1 6 1.000000
  6 -14.001137 1.523690 51.145870 -0.037259 -0.999266 -0.008909 0.938363 0.517092 1 6 1.000000
skeleton
  6 -12.554808 1.478380 52.343933 0.380265 -0.789176 -0.482285 0.900774 0.512034 1 6 1.000000
  6 -14.001137 1.523690 51.145870 -0.037259 -0.999266 -0.008909 0.938363 0.517092 1 6 1.000000
  6 -13.706815 1.700786 50.893764 0.437291 -0.809588 -0.391592 0.938291 0.509162 1 6 1.000000
skeleton
  6 -13.706815 1.700786 50.893764 0.437291 -0.809588 -0.391592 0.938291 0.509162 1 6 1.000000
  6 -14.001137 1.523690 51.145870 -0.037259 -0.999266 -0.008909 0.938363 0.517092 1 6 1.000000
  6 -14.201590 1.542039 50.908916 -0.015082 -0.996811 -0.078358 0.944676 0.516917 1 6 1.000000
skeleton
  6 -13.706815 1.700786 50.893764 0.437291 -0.809588 -0.391592 0.938291 0.509162 1 6 1.000000
  6 -14.201590 1.542039 50.908916 -0.015082 -0.996811 -0.078358 0.944676 0.516917 1 6 1.000000
  6 -13.948355 1.686516 50.578560 0.436800 -0.870518 -0.226724 0.946510 0.508675 1 6 1.000000
skeleton
  6 -14.201590 1.542039 50.908916 -0.015082 -0.996811 -0.078358 0.944676 0.516917 1 6 1.000000
  6 -14.110545 1.644624 50.478691 0.090240 -0.984347 -0.151386 0.950344 0.509902 1 6 1.000000
  6 -13.948355 1.686516 50.578560 0.436800 -0.870518 -0.226724 0.946510 0.508675 1 6 1.000000
skeleton
  6 -13.948355 1.686516 50.578560 0.436800 -0.870518 -0.226724 0.946510 0.508675 1 6 1.000000
  6 -13.795715 1.951475 49.950008 0.982435 -0.109201 -0.151318 0.953305 0.496715 1 6 1.000000
  6 -13.603811 2.009959 50.542332 0.901232 -0.211818 -0.378040 0.941877 0.501043 1 6 1.000000
skeleton
  6 -13.948355 1.686516 50.578560 0.436800 -0.870518 -0.226724 0.946510 0.508675 1 6 1.000000
  6 -13.603811 2.009959 50.542332 0.901232 -0.211818 -0.378040 0.941877 0.501043 1 6 1.000000
  6 -13.458328 1.976914 50.806019 0.800125 -0.228768 -0.554496 0.936252 0.502433 1 6 1.000000
skeleton
  6 -13.948355 1.686516 50.578560 0.436800 -0.870518 -0.226724 0.946510 0.508675 1 6 1.000000
  6 -13.458328 1.976914 50.806019 0.800125 -0.228768 -0.554496 0.936252 0.502433 1 6 1.000000
  6 -13.706815 1.700786 50.893764 0.437291 -0.809588 -0.391592 0.938291 0.509162 1 6 1.000000
skeleton
  6 -12.426705 1.706343 52.248497 0.723756 -0.229016 -0.650945 0.900974 0.506833 1 6 1.000000
  6 -13.706815 1.700786 50.893764 0.437291 -0.809588 -0.391592 0.938291 0.509162 1 6 1.000000
  6 -13.458328 1.976914 50.806019 0.800125 -0.228768 -0.554496 0.936252 0.502433 1 6 1.000000
skeleton
  6 -12.426705 1.706343 52.248497 0.723756 -0.229016 -0.650945 0.900974 0.506833 1 6 1.000000
  6 -12.554808 1.478380 52.343933 0.380265 -0.789176 -0.482285 0.900774 0.512034 1 6 1.000000
  6 -13.706815 1.700786 50.893764 0.437291 -0.809588 -0.391592 0.938291 0.509162 1 6 1.000000
skeleton
  6 -11.074665 1.328337 53.725769 0.673785 -0.176647 -0.717503 0.861873 0.507042 1 6 1.000000
  6 -12.554808 1.478380 52.343933 0.380265 -0.789176 -0.482285 0.900774 0.512034 1 6 1.000000
  6 -12.426705 1.706343 52.248497 0.723756 -0.229016 -0.650945 0.900974 0.506833 1 6 1.000000
skeleton
  6 -15.043054 1.665016 50.907841 -0.057314 -0.922508 0.381698 0.956932 0.529178 1 6 1.000000
  6 -15.201846 1.607695 50.823269 -0.053521 -0.890768 0.451295 0.960629 0.530306 1 6 1.000000
  6 -15.101732 1.519859 50.549793 0.099114 -0.911338 0.399548 0.964055 0.525257 1 6 1.000000
skeleton
  6 -15.043054 1.665016 50.907841 -0.057314 -0.922508 0.381698 0.956932 0.529178 1 6 1.000000
  6 -15.101732 1.519859 50.549793 0.099114 -0.911338 0.399548 0.964055 0.525257 1 6 1.000000
  6 -14.927278 1.581570 50.638065 0.252453 -0.957541 0.139221 0.959847 0.523802 1 6 1.000000
skeleton
  6 -14.549117 1.635164 51.031574 -0.196519 -0.954427 0.224607 0.947986 0.523461 1 6 1.000000
  6 -15.043054 1.665016 50.907841 -0.057314 -0.922508 0.381698 0.956932 0.529178 1 6 1.000000
  6 -14.927278 1.581570 50.638065 0.252453 -0.957541 0.139221 0.959847 0.523802 1 6 1.000000
skeleton
  6 -14.549117 1.635164 51.031574 -0.196519 -0.954427 0.224607 0.947986 0.523461 1 6 1.000000
  6 -14.927278 1.581570 50.638065 0.252453 -0.957541 0.139221 0.959847 0.523802 1 6 1.000000
  6 -14.571172 1.632180 50.791920 -0.048575 -0.996890 -0.062055 0.952035 0.520613 1 6 1.000000
skeleton
  6 -14.201590 1.542039 50.908916 -0.015082 -0.996811 -0.078358 0.944676 0.516917 1 6 1.000000
  6 -14.549117 1.635164 51.031574 -0.196519 -0.954427 0.224607 0.947986 0.523461 1 6 1.000000
  6 -14.571172 1.632180 50.791920 -0.048575 -0.996890 -0.062055 0.952035 0.520613 1 6 1.000000
skeleton
  6 -14.201590 1.542039 50.908916 -0.015082 -0.996811 -0.078358 0.944676 0.516917 1 6 1.000000
  6 -14.571172 1.632180 50.791920 -0.048575 -0.996890 -0.062055 0.952035 0.520613 1 6 1.000000
  6 -14.302135 1.610595 50.759411 -0.051609 -0.984153 -0.169644 0.948568 0.516332 1 6 1.000000
skeleton
  6 -14.201590 1.542039 50.908916 -0.015082 -0.996811 -0.078358 0.944676 0.516917 1 6 1.000000
  6 -14.302135 1.610595 50.759411 -0.051609 -0.984153 -0.169644 0.948568 0.516332 1 6 1.000000
  6 -14.110545 1.644624 50.478691 0.090240 -0.984347 -0.151386 0.950344 0.509902 1 6 1.000000
skeleton
  6 -14.169750 1.668398 50.050800 0.128342 -0.991597 -0.016209 0.957880 0.505403 1 6 1.000000
  6 -14.110545 1.644624 50.478691 0.090240 -0.984347 -0.151386 0.950344 0.509902 1 6 1.000000
  6 -14.302135 1.610595 50.759411 -0.051609 -0.984153 -0.169644 0.948568 0.516332 1 6 1.000000
skeleton
  6 -13.948355 1.686516 50.578560 0.436800 -0.870518 -0.226724 0.946510 0.508675 1 6 1.000000
  6 -14.110545 1.644624 50.478691 0.090240 -0.984347 -0.151386 0.950344 0.509902 1 6 1.000000
  6 -14.169750 1.668398 50.050800 0.128342 -0.991597 -0.016209 0.957880 0.505403 1 6 1.000000
skeleton
  6 -13.948355 1.686516 50.578560 0.436800 -0.870518 -0.226724 0.946510 0.508675 1 6 1.000000
  6 -14.169750 1.668398 50.050800 0.128342 -0.991597 -0.016209 0.957880 0.505403 1 6 1.000000
  6 -13.859586 1.805665 49.957607 0.613730 -0.787376 -0.058084 0.954989 0.499226 1 6 1.000000
skeleton
  6 -13.948355 1.686516 50.578560 0.436800 -0.870518 -0.226724 0.946510 0.508675 1 6 1.000000
  6 -13.859586 1.805665 49.957607 0.613730 -0.787376 -0.058084 0.954989 0.499226 1 6 1.000000
  6 -13.795715 1.951475 49.950008 0.982435 -0.109201 -0.151318 0.953305 0.496715 1 6 1.000000
skeleton
  6 -13.795715 1.951475 49.950008 0.982435 -0.109201 -0.151318 0.953305 0.496715 1 6 1.000000
  6 -13.859586 1.805665 49.957607 0.613730 -0.787376 -0.058084 0.954989 0.499226 1 6 1.000000
  6 -13.895467 1.764693 49.403530 0.687999 -0.725377 0.022029 0.964402 0.493186 1 6 1.000000
skeleton
  6 -13.795715 1.951475 49.950008 0.982435 -0.109201 -0.151318 0.953305 0.496715 1 6 1.000000
  6 -13.895467 1.764693 49.403530 0.687999 -0.725377 0.022029 0.964402 0.493186 1 6 1.000000
  6 -13.821915 1.891275 49.309734 0.956944 -0.067772 -0.282249 0.964039 0.489921 1 6 1.000000
skeleton
  6 -13.895467 1.764693 49.403530 0.687999 -0.725377 0.022029 0.964402 0.493186 1 6 1.000000
  6 -14.015079 1.744129 49.048660 0.778848 -0.191570 -0.597241 0.971225 0.489705 1 6 1.000000
  6 -13.821915 1.891275 49.309734 0.956944 -0.067772 -0.282249 0.964039 0.489921 1 6 1.000000
skeleton
  6 -13.895467 1.764693 49.403530 0.687999 -0.725377 0.022029 0.964402 0.493186 1 6 1.000000
  6 -14.056064 1.584731 49.189342 0.640310 -0.763663 -0.082591 0.970645 0.493719 1 6 1.000000
  6 -14.015079 1.744129 49.048660 0.778848 -0.191570 -0.597241 0.971225 0.489705 1 6 1.000000
skeleton
  6 -14.056064 1.584731 49.189342 0.640310 -0.763663 -0.082591 0.970645 0.493719 1 6 1.000000
  6 -14.212503 1.582424 48.904186 0.238440 -0.473969 -0.847644 0.976754 0.491580 1 6 1.000000
  6 -14.015079 1.744129 49.048660 0.778848 -0.191570 -0.597241 0.971225 0.489705 1 6 1.000000
skeleton
  6 -14.056064 1.584731 49.189342 0.640310 -0.763663 -0.082591 0.970645 0.493719 1 6 1.000000
  6 -14.219288 1.501231 49.042110 0.342832 -0.867706 -0.359933 0.975081 0.494142 1 6 1.000000
  6 -14.212503 1.582424 48.904186 0.238440 -0.473969 -0.847644 0.976754 0.491580 1 6 1.000000
skeleton
  6 -14.212503 1.582424 48.904186 0.238440 -0.473969 -0.847644 0.976754 0.491580 1 6 1.000000
  6 -14.219288 1.501231 49.042110 0.342832 -0.867706 -0.359933 0.975081 0.494142 1 6 1.000000
  6 -14.547840 1.412670 49.211010 0.433468 -0.737978 -0.517199 0.977705 0.500624 1 6 1.000000
skeleton
  6 -14.927278 1.581570 50.638065 0.252453 -0.957541 0.139221 0.959847 0.523802 1 6 1.000000
  6 -14.302135 1.610595 50.759411 -0.051609 -0.984153 -0.169644 0.948568 0.516332 1 6 1.000000
  6 -14.571172 1.632180 50.791920 -0.048575 -0.996890 -0.062055 0.952035 0.520613 1 6 1.000000
skeleton
  6 -14.169750 1.668398 50.050800 0.128342 -0.991597 -0.016209 0.957880 0.505403 1 6 1.000000
  6 -13.895467 1.764693 49.403530 0.687999 -0.725377 0.022029 0.964402 0.493186 1 6 1.000000
  6 -13.859586 1.805665 49.957607 0.613730 -0.787376 -0.058084 0.954989 0.499226 1 6 1.000000
skeleton
  6 -14.927278 1.581570 50.638065 0.252453 -0.957541 0.139221 0.959847 0.523802 1 6 1.000000
  6 -15.101732 1.519859 50.549793 0.099114 -0.911338 0.399548 0.964055 0.525257 1 6 1.000000
  6 -15.059097 1.404072 50.331345 0.376718 -0.823013 0.425127 0.967658 0.521730 1 6 1.000000
skeleton
  6 -14.927278 1.581570 50.638065 0.252453 -0.957541 0.139221 0.959847 0.523802 1 6 1.000000
  6 -15.059097 1.404072 50.331345 0.376718 -0.823013 0.425127 0.967658 0.521730 1 6 1.000000
  6 -14.967853 1.500081 50.323509 0.592071 -0.754392 0.283450 0.965713 0.520221 1 6 1.000000
skeleton
  6 -15.059097 1.404072 50.331345 0.376718 -0.823013 0.425127 0.967658 0.521730 1 6 1.000000
  6 -14.723562 1.674547 50.088001 0.520984 -0.760699 0.387185 0.964481 0.513537 1 6 1.000000
  6 -14.967853 1.500081 50.323509 0.592071 -0.754392 0.283450 0.965713 0.520221 1 6 1.000000
skeleton
  6 -14.723562 1.674547 50.088001 0.520984 -0.760699 0.387185 0.964481 0.513537 1 6 1.000000
  6 -14.927278 1.581570 50.638065 0.252453 -0.957541 0.139221 0.959847 0.523802 1 6 1.000000
  6 -14.967853 1.500081 50.323509 0.592071 -0.754392 0.283450 0.965713 0.520221 1 6 1.000000
skeleton
  6 -14.723562 1.674547 50.088001 0.520984 -0.760699 0.387185 0.964481 0.513537 1 6 1.000000
  6 -14.588548 1.763048 50.269863 0.126421 -0.991495 -0.030909 0.960016 0.513867 1 6 1.000000
  6 -14.927278 1.581570 50.638065 0.252453 -0.957541 0.139221 0.959847 0.523802 1 6 1.000000
skeleton
  6 -14.927278 1.581570 50.638065 0.252453 -0.957541 0.139221 0.959847 0.523802 1 6 1.000000
  6 -14.588548 1.763048 50.269863 0.126421 -0.991495 -0.030909 0.960016 0.513867 1 6 1.000000
  6 -14.302135 1.610595 50.759411 -0.051609 -0.984153 -0.169644 0.948568 0.516332 1 6 1.000000
skeleton
  6 -14.169750 1.668398 50.050800 0.128342 -0.991597 -0.016209 0.957880 0.505403 1 6 1.000000
  6 -14.302135 1.610595 50.759411 -0.051609 -0.984153 -0.169644 0.948568 0.516332 1 6 1.000000
  6 -14.588548 1.763048 50.269863 0.126421 -0.991495 -0.030909 0.960016 0.513867 1 6 1.000000
skeleton
  6 -14.723562 1.674547 50.088001 0.520984 -0.760699 0.387185 0.964481 0.513537 1 6 1.000000
  6 -14.169750 1.668398 50.050800 0.128342 -0.991597 -0.016209 0.957880 0.505403 1 6 1.000000
  6 -14.588548 1.763048 50.269863 0.126421 -0.991495 -0.030909 0.960016 0.513867 1 6 1.000000
skeleton
  6 -14.723562 1.674547 50.088001 0.520984 -0.760699 0.387185 0.964481 0.513537 1 6 1.000000
  6 -14.256999 1.665053 49.694996 0.522807 -0.814022 0.253062 0.964834 0.502425 1 6 1.000000
  6 -14.169750 1.668398 50.050800 0.128342 -0.991597 -0.016209 0.957880 0.505403 1 6 1.000000
skeleton
  6 -14.169750 1.668398 50.050800 0.128342 -0.991597 -0.016209 0.957880 0.505403 1 6 1.000000
  6 -14.256999 1.665053 49.694996 0.522807 -0.814022 0.253062 0.964834 0.502425 1 6 1.000000
  6 -13.895467 1.764693 49.403530 0.687999 -0.725377 0.022029 0.964402 0.493186 1 6 1.000000
skeleton
  6 -14.056064 1.584731 49.189342 0.640310 -0.763663 -0.082591 0.970645 0.493719 1 6 1.000000
  6 -13.895467 1.764693 49.403530 0.687999 -0.725377 0.022029 0.964402 0.493186 1 6 1.000000
  6 -14.256999 1.665053 49.694996 0.522807 -0.814022 0.253062 0.964834 0.502425 1 6 1.000000
skeleton
  6 -14.056064 1.584731 49.189342 0.640310 -0.763663 -0.082591 0.970645 0.493719 1 6 1.000000
  6 -14.547840 1.412670 49.211010 0.433468 -0.737978 -0.517199 0.977705 0.500624 1 6 1.000000
  6 -14.219288 1.501231 49.042110 0.342832 -0.867706 -0.359933 0.975081 0.494142 1 6 1.000000
skeleton
  6 -14.056064 1.584731 49.189342 0.640310 -0.763663 -0.082591 0.970645 0.493719 1 6 1.000000
  6 -14.434000 1.421510 49.447681 0.686481 -0.724271 -0.064626 0.972634 0.502316 1 6 1.000000
  6 -14.547840 1.412670 49.211010 0.433468 -0.737978 -0.517199 0.977705 0.500624 1 6 1.000000
skeleton
  6 -14.056064 1.584731 49.189342 0.640310 -0.763663 -0.082591 0.970645 0.493719 1 6 1.000000
  6 -14.256999 1.665053 49.694996 0.522807 -0.814022 0.253062 0.964834 0.502425 1 6 1.000000
  6 -14.434000 1.421510 49.447681 0.686481 -0.724271 -0.064626 0.972634 0.502316 1 6 1.000000
skeleton
  6 -14.457353 1.324272 49.678913 0.625931 -0.658216 0.418284 0.971392 0.506394 1 6 1.000000
  6 -14.434000 1.421510 49.447681 0.686481 -0.724271 -0.064626 0.972634 0.502316 1 6 1.000000
  6 -14.256999 1.665053 49.694996 0.522807 -0.814022 0.253062 0.964834 0.502425 1 6 1.000000
skeleton
  6 -14.457353 1.324272 49.678913 0.625931 -0.658216 0.418284 0.971392 0.506394 1 6 1.000000
  6 -14.256999 1.665053 49.694996 0.522807 -0.814022 0.253062 0.964834 0.502425 1 6 1.000000
  6 -14.723562 1.674547 50.088001 0.520984 -0.760699 0.387185 0.964481 0.513537 1 6 1.000000
skeleton
  6 -14.457353 1.324272 49.678913 0.625931 -0.658216 0.418284 0.971392 0.506394 1 6 1.000000
  6 -14.723562 1.674547 50.088001 0.520984 -0.760699 0.387185 0.964481 0.513537 1 6 1.000000
  6 -14.861987 1.394498 50.014454 0.498202 -0.711261 0.495885 0.969872 0.515194 1 6 1.000000
skeleton
  6 -15.059097 1.404072 50.331345 0.376718 -0.823013 0.425127 0.967658 0.521730 1 6 1.000000
  6 -14.861987 1.394498 50.014454 0.498202 -0.711261 0.495885 0.969872 0.515194 1 6 1.000000
  6 -14.723562 1.674547 50.088001 0.520984 -0.760699 0.387185 0.964481 0.513537 1 6 1.000000
skeleton
  6 -15.188408 1.322482 50.270409 -0.139137 -0.933584 0.330245 0.970606 0.522434 1 6 1.000000
  6 -14.861987 1.394498 50.014454 0.498202 -0.711261 0.495885 0.969872 0.515194 1 6 1.000000
  6 -15.059097 1.404072 50.331345 0.376718 -0.823013 0.425127 0.967658 0.521730 1 6 1.000000
skeleton
  6 -15.101732 1.519859 50.549793 0.099114 -0.911338 0.399548 0.964055 0.525257 1 6 1.000000
  6 -15.188408 1.322482 50.270409 -0.139137 -0.933584 0.330245 0.970606 0.522434 1 6 1.000000
  6 -15.059097 1.404072 50.331345 0.376718 -0.823013 0.425127 0.967658 0.521730 1 6 1.000000
skeleton
  6 -15.101732 1.519859 50.549793 0.099114 -0.911338 0.399548 0.964055 0.525257 1 6 1.000000
  6 -15.258331 1.486130 50.398125 0.083864 -0.935441 0.343390 0.968803 0.526161 1 6 1.000000
  6 -15.188408 1.322482 50.270409 -0.139137 -0.933584 0.330245 0.970606 0.522434 1 6 1.000000
skeleton
  6 -15.188408 1.322482 50.270409 -0.139137 -0.933584 0.330245 0.970606 0.522434 1 6 1.000000
  6 -15.258331 1.486130 50.398125 0.083864 -0.935441 0.343390 0.968803 0.526161 1 6 1.000000
  6 -15.389639 1.442234 50.136543 -0.346852 -0.932553 -0.100192 0.975056 0.525127 1 6 1.000000
skeleton
  6 -15.452538 1.321291 50.407009 0.422810 -0.906161 -0.010181 0.971765 0.529784 1 6 1.000000
  6 -15.389639 1.442234 50.136543 -0.346852 -0.932553 -0.100192 0.975056 0.525127 1 6 1.000000
  6 -15.258331 1.486130 50.398125 0.083864 -0.935441 0.343390 0.968803 0.526161 1 6 1.000000
skeleton
  6 -15.452538 1.321291 50.407009 0.422810 -0.906161 -0.010181 0.971765 0.529784 1 6 1.000000
  6 -15.511850 1.391267 50.180408 0.205181 -0.833761 -0.512585 0.975602 0.527829 1 6 1.000000
  6 -15.389639 1.442234 50.136543 -0.346852 -0.932553 -0.100192 0.975056 0.525127 1 6 1.000000
skeleton
  6 -15.661399 1.284765 50.390118 -0.064205 -0.990229 -0.123794 0.973999 0.532145 1 6 1.000000
  6 -15.511850 1.391267 50.180408 0.205181 -0.833761 -0.512585 0.975602 0.527829 1 6 1.000000
  6 -15.452538 1.321291 50.407009 0.422810 -0.906161 -0.010181 0.971765 0.529784 1 6 1.000000
skeleton
  6 -15.661399 1.284765 50.390118 -0.064205 -0.990229 -0.123794 0.973999 0.532145 1 6 1.000000
  6 -15.647761 1.316789 50.264858 -0.011393 -0.887721 -0.460241 0.975539 0.530799 1 6 1.000000
  6 -15.511850 1.391267 50.180408 0.205181 -0.833761 -0.512585 0.975602 0.527829 1 6 1.000000
skeleton
  7 -15.878884 1.352766 50.341167 -0.570154 -0.780506 -0.256387 0.976936 0.534635 1 7 1.000000
  6 -15.647761 1.316789 50.264858 -0.011393 -0.887721 -0.460241 0.975539 0.530799 1 6 1.000000
  6 -15.661399 1.284765 50.390118 -0.064205 -0.990229 -0.123794 0.973999 0.532145 1 6 1.000000
skeleton
  7 -15.878884 1.352766 50.341167 -0.570154 -0.780506 -0.256387 0.976936 0.534635 1 7 1.000000
  7 -15.772408 1.397548 50.179852 -0.331418 -0.706742 -0.625042 0.978340 0.531575 1 7 1.000000
  6 -15.647761 1.316789 50.264858 -0.011393 -0.887721 -0.460241 0.975539 0.530799 1 6 1.000000
skeleton
  7 -15.772408 1.397548 50.179852 -0.331418 -0.706742 -0.625042 0.978340 0.531575 1 7 1.000000
  6 -15.511850 1.391267 50.180408 0.205181 -0.833761 -0.512585 0.975602 0.527829 1 6 1.000000
  6 -15.647761 1.316789 50.264858 -0.011393 -0.887721 -0.460241 0.975539 0.530799 1 6 1.000000
skeleton
  6 -15.922318 1.399455 50.554070 -0.711530 -0.647310 0.273340 0.974167 0.537332 1 6 1.000000
  7 -15.878884 1.352766 50.341167 -0.570154 -0.780506 -0.256387 0.976936 0.534635 1 7 1.000000
  6 -15.661399 1.284765 50.390118 -0.064205 -0.990229 -0.123794 0.973999 0.532145 1 6 1.000000
skeleton
  6 -15.188408 1.322482 50.270409 -0.139137 -0.933584 0.330245 0.970606 0.522434 1 6 1.000000
  6 -15.389639 1.442234 50.136543 -0.346852 -0.932553 -0.100192 0.975056 0.525127 1 6 1.000000
  6 -15.361223 1.348246 50.041687 -0.572665 -0.818217 0.050750 0.975952 0.522833 1 6 1.000000
skeleton
  6 -15.361223 1.348246 50.041687 -0.572665 -0.818217 0.050750 0.975952 0.522833 1 6 1.000000
  6 -14.969664 1.326360 49.891956 0.042749 -0.980367 0.192490 0.973405 0.515441 1 6 1.000000
  6 -15.188408 1.322482 50.270409 -0.139137 -0.933584 0.330245 0.970606 0.522434 1 6 1.000000
skeleton
  6 -15.188408 1.322482 50.270409 -0.139137 -0.933584 0.330245 0.970606 0.522434 1 6 1.000000
  6 -14.969664 1.326360 49.891956 0.042749 -0.980367 0.192490 0.973405 0.515441 1 6 1.000000
  6 -14.861987 1.394498 50.014454 0.498202 -0.711261 0.495885 0.969872 0.515194 1 6 1.000000
skeleton
  7 -15.772408 1.397548 50.179852 -0.331418 -0.706742 -0.625042 0.978340 0.531575 1 7 1.000000
  7 -15.642123 1.491977 50.075500 -0.131420 -0.546520 -0.827070 0.979034 0.528489 1 7 1.000000
  6 -15.511850 1.391267 50.180408 0.205181 -0.833761 -0.512585 0.975602 0.527829 1 6 1.000000
skeleton
  6 -15.511850 1.391267 50.180408 0.205181 -0.833761 -0.512585 0.975602 0.527829 1 6 1.000000
  7 -15.642123 1.491977 50.075500 -0.131420 -0.546520 -0.827070 0.979034 0.528489 1 7 1.000000
  6 -15.490188 1.576728 50.004570 -0.687683 -0.545422 -0.479173 0.979331 0.525821 1 6 1.000000
skeleton
  6 -15.511850 1.391267 50.180408 0.205181 -0.833761 -0.512585 0.975602 0.527829 1 6 1.000000
  6 -15.490188 1.576728 50.004570 -0.687683 -0.545422 -0.479173 0.979331 0.525821 1 6 1.000000
  6 -15.389639 1.442234 50.136543 -0.346852 -0.932553 -0.100192 0.975056 0.525127 1 6 1.000000
skeleton
  6 -15.389639 1.442234 50.136543 -0.346852 -0.932553 -0.100192 0.975056 0.525127 1 6 1.000000
  6 -15.490188 1.576728 50.004570 -0.687683 -0.545422 -0.479173 0.979331 0.525821 1 6 1.000000
  6 -15.507537 1.495874 49.841999 -0.841332 -0.479138 -0.250175 0.981216 0.523077 1 6 1.000000
skeleton
  6 -15.389639 1.442234 50.136543 -0.346852 -0.932553 -0.100192 0.975056 0.525127 1 6 1.000000
  6 -15.507537 1.495874 49.841999 -0.841332 -0.479138 -0.250175 0.981216 0.523077 1 6 1.000000
  6 -15.361223 1.348246 50.041687 -0.572665 -0.818217 0.050750 0.975952 0.522833 1 6 1.000000
skeleton
  6 -15.507537 1.495874 49.841999 -0.841332 -0.479138 -0.250175 0.981216 0.523077 1 6 1.000000
  7 -15.113717 1.370669 49.707245 -0.391452 -0.906514 -0.158109 0.978153 0.515539 1 7 1.000000
  6 -15.361223 1.348246 50.041687 -0.572665 -0.818217 0.050750 0.975952 0.522833 1 6 1.000000
skeleton
  6 -15.361223 1.348246 50.041687 -0.572665 -0.818217 0.050750 0.975952 0.522833 1 6 1.000000
  7 -15.113717 1.370669 49.707245 -0.391452 -0.906514 -0.158109 0.978153 0.515539 1 7 1.000000
  6 -14.969664 1.326360 49.891956 0.042749 -0.980367 0.192490 0.973405 0.515441 1 6 1.000000
skeleton
  6 -14.555726 1.150454 49.460117 0.489336 -0.872058 0.008057 0.975341 0.505882 1 6 1.000000
  6 -14.969664 1.326360 49.891956 0.042749 -0.980367 0.192490 0.973405 0.515441 1 6 1.000000
  7 -15.113717 1.370669 49.707245 -0.391452 -0.906514 -0.158109 0.978153 0.515539 1 7 1.000000
skeleton
  6 -14.555726 1.150454 49.460117 0.489336 -0.872058 0.008057 0.975341 0.505882 1 6 1.000000
  6 -14.861987 1.394498 50.014454 0.498202 -0.711261 0.495885 0.969872 0.515194 1 6 1.000000
  6 -14.969664 1.326360 49.891956 0.042749 -0.980367 0.192490 0.973405 0.515441 1 6 1.000000
skeleton
  6 -14.555726 1.150454 49.460117 0.489336 -0.872058 0.008057 0.975341 0.505882 1 6 1.000000
  6 -14.457353 1.324272 49.678913 0.625931 -0.658216 0.418284 0.971392 0.506394 1 6 1.000000
  6 -14.861987 1.394498 50.014454 0.498202 -0.711261 0.495885 0.969872 0.515194 1 6 1.000000
skeleton
  6 -14.457353 1.324272 49.678913 0.625931 -0.658216 0.418284 0.971392 0.506394 1 6 1.000000
  6 -14.555726 1.150454 49.460117 0.489336 -0.872058 0.008057 0.975341 0.505882 1 6 1.000000
  6 -14.434000 1.421510 49.447681 0.686481 -0.724271 -0.064626 0.972634 0.502316 1 6 1.000000
skeleton
  6 -14.748346 1.172809 49.162834 0.105705 -0.879331 -0.464330 0.980259 0.505337 1 6 1.000000
  6 -14.434000 1.421510 49.447681 0.686481 -0.724271 -0.064626 0.972634 0.502316 1 6 1.000000
  6 -14.555726 1.150454 49.460117 0.489336 -0.872058 0.008057 0.975341 0.505882 1 6 1.000000
skeleton
  6 -14.748346 1.172809 49.162834 0.105705 -0.879331 -0.464330 0.980259 0.505337 1 6 1.000000
  6 -14.547840 1.412670 49.211010 0.433468 -0.737978 -0.517199 0.977705 0.500624 1 6 1.000000
  6 -14.434000 1.421510 49.447681 0.686481 -0.724271 -0.064626 0.972634 0.502316 1 6 1.000000
skeleton
  6 -14.547840 1.412670 49.211010 0.433468 -0.737978 -0.517199 0.977705 0.500624 1 6 1.000000
  6 -14.748346 1.172809 49.162834 0.105705 -0.879331 -0.464330 0.980259 0.505337 1 6 1.000000
  6 -14.938048 1.405553 48.944469 -0.249058 -0.483477 -0.839178 0.986565 0.504346 1 6 1.000000
skeleton
  6 -14.547840 1.412670 49.211010 0.433468 -0.737978 -0.517199 0.977705 0.500624 1 6 1.000000
  6 -14.938048 1.405553 48.944469 -0.249058 -0.483477 -0.839178 0.986565 0.504346 1 6 1.000000
  6 -14.629969 1.541544 49.068161 0.130264 -0.418769 -0.898701 0.981601 0.498752 1 6 1.000000
skeleton
  6 -14.212503 1.582424 48.904186 0.238440 -0.473969 -0.847644 0.976754 0.491580 1 6 1.000000
  6 -14.547840 1.412670 49.211010 0.433468 -0.737978 -0.517199 0.977705 0.500624 1 6 1.000000
  6 -14.629969 1.541544 49.068161 0.130264 -0.418769 -0.898701 0.981601 0.498752 1 6 1.000000
skeleton
  6 -15.507537 1.495874 49.841999 -0.841332 -0.479138 -0.250175 0.981216 0.523077 1 6 1.000000
  6 -15.234142 1.518353 49.587318 -0.725917 -0.500783 -0.471446 0.982411 0.516316 1 6 1.000000
  7 -15.113717 1.370669 49.707245 -0.391452 -0.906514 -0.158109 0.978153 0.515539 1 7 1.000000
skeleton
  6 -14.938048 1.405553 48.944469 -0.249058 -0.483477 -0.839178 0.986565 0.504346 1 6 1.000000
  7 -15.113717 1.370669 49.707245 -0.391452 -0.906514 -0.158109 0.978153 0.515539 1 7 1.000000
  6 -15.234142 1.518353 49.587318 -0.725917 -0.500783 -0.471446 0.982411 0.516316 1 6 1.000000
skeleton
  6 -14.938048 1.405553 48.944469 -0.249058 -0.483477 -0.839178 0.986565 0.504346 1 6 1.000000
  6 -14.748346 1.172809 49.162834 0.105705 -0.879331 -0.464330 0.980259 0.505337 1 6 1.000000
  7 -15.113717 1.370669 49.707245 -0.391452 -0.906514 -0.158109 0.978153 0.515539 1 7 1.000000
skeleton
  6 -14.555726 1.150454 49.460117 0.489336 -0.872058 0.008057 0.975341 0.505882 1 6 1.000000
  7 -15.113717 1.370669 49.707245 -0.391452 -0.906514 -0.158109 0.978153 0.515539 1 7 1.000000
  6 -14.748346 1.172809 49.162834 0.105705 -0.879331 -0.464330 0.980259 0.505337 1 6 1.000000
skeleton
  6 -14.279308 1.685483 51.373196 -0.350758 -0.880599 0.318612 0.939016 0.524427 1 6 1.000000
  6 -14.775341 1.916401 51.542763 -0.506622 -0.392317 0.767738 0.943202 0.534223 1 6 1.000000
  6 -14.549117 1.635164 51.031574 -0.196519 -0.954427 0.224607 0.947986 0.523461 1 6 1.000000
skeleton
  6 -14.549117 1.635164 51.031574 -0.196519 -0.954427 0.224607 0.947986 0.523461 1 6 1.000000
  6 -14.775341 1.916401 51.542763 -0.506622 -0.392317 0.767738 0.943202 0.534223 1 6 1.000000
  6 -15.327571 1.891712 51.210316 -0.484190 -0.333951 0.808725 0.955101 0.537838 1 6 1.000000
skeleton
  6 -14.549117 1.635164 51.031574 -0.196519 -0.954427 0.224607 0.947986 0.523461 1 6 1.000000
  6 -15.327571 1.891712 51.210316 -0.484190 -0.333951 0.808725 0.955101 0.537838 1 6 1.000000
  6 -15.043054 1.665016 50.907841 -0.057314 -0.922508 0.381698 0.956932 0.529178 1 6 1.000000
skeleton
  6 -15.043054 1.665016 50.907841 -0.057314 -0.922508 0.381698 0.956932 0.529178 1 6 1.000000
  6 -15.327571 1.891712 51.210316 -0.484190 -0.333951 0.808725 0.955101 0.537838 1 6 1.000000
  6 -15.639445 1.819540 50.972897 -0.543812 -0.320271 0.775690 0.962491 0.539670 1 6 1.000000
skeleton
  6 -15.043054 1.665016 50.907841 -0.057314 -0.922508 0.381698 0.956932 0.529178 1 6 1.000000
  6 -15.639445 1.819540 50.972897 -0.543812 -0.320271 0.775690 0.962491 0.539670 1 6 1.000000
  6 -15.201846 1.607695 50.823269 -0.053521 -0.890768 0.451295 0.960629 0.530306 1 6 1.000000
skeleton
  6 -15.726481 1.737751 50.859360 -0.517351 -0.214716 0.828399 0.965437 0.539465 1 6 1.000000
  6 -15.201846 1.607695 50.823269 -0.053521 -0.890768 0.451295 0.960629 0.530306 1 6 1.000000
  6 -15.639445 1.819540 50.972897 -0.543812 -0.320271 0.775690 0.962491 0.539670 1 6 1.000000
skeleton
  6 -15.726481 1.737751 50.859360 -0.517351 -0.214716 0.828399 0.965437 0.539465 1 6 1.000000
  6 -15.359316 1.587233 50.733845 0.137840 -0.790103 0.597275 0.964095 0.531789 1 6 1.000000
  6 -15.201846 1.607695 50.823269 -0.053521 -0.890768 0.451295 0.960629 0.530306 1 6 1.000000
skeleton
  6 -15.359316 1.587233 50.733845 0.137840 -0.790103 0.597275 0.964095 0.531789 1 6 1.000000
  6 -15.726481 1.737751 50.859360 -0.517351 -0.214716 0.828399 0.965437 0.539465 1 6 1.000000
  6 -15.881224 1.573198 50.750507 -0.584970 -0.281257 0.760726 0.970083 0.539612 1 6 1.000000
skeleton
  6 -15.359316 1.587233 50.733845 0.137840 -0.790103 0.597275 0.964095 0.531789 1 6 1.000000
  6 -15.881224 1.573198 50.750507 -0.584970 -0.281257 0.760726 0.970083 0.539612 1 6 1.000000
  6 -15.546136 1.349576 50.678455 0.158195 -0.781087 0.604051 0.969196 0.533183 1 6 1.000000
skeleton
  6 -15.922318 1.399455 50.554070 -0.711530 -0.647310 0.273340 0.974167 0.537332 1 6 1.000000
  6 -15.546136 1.349576 50.678455 0.158195 -0.781087 0.604051 0.969196 0.533183 1 6 1.000000
  6 -15.881224 1.573198 50.750507 -0.584970 -0.281257 0.760726 0.970083 0.539612 1 6 1.000000
skeleton
  6 -15.922318 1.399455 50.554070 -0.711530 -0.647310 0.273340 0.974167 0.537332 1 6 1.000000
  6 -15.731336 1.297107 50.548271 -0.194908 -0.929846 0.312085 0.972599 0.534257 1 6 1.000000
  6 -15.546136 1.349576 50.678455 0.158195 -0.781087 0.604051 0.969196 0.533183 1 6 1.000000
skeleton
  6 -15.922318 1.399455 50.554070 -0.711530 -0.647310 0.273340 0.974167 0.537332 1 6 1.000000
  6 -15.661399 1.284765 50.390118 -0.064205 -0.990229 -0.123794 0.973999 0.532145 1 6 1.000000
  6 -15.731336 1.297107 50.548271 -0.194908 -0.929846 0.312085 0.972599 0.534257 1 6 1.000000
skeleton
  6 -15.546136 1.349576 50.678455 0.158195 -0.781087 0.604051 0.969196 0.533183 1 6 1.000000
  6 -15.731336 1.297107 50.548271 -0.194908 -0.929846 0.312085 0.972599 0.534257 1 6 1.000000
  6 -15.661399 1.284765 50.390118 -0.064205 -0.990229 -0.123794 0.973999 0.532145 1 6 1.000000
skeleton
  6 -15.546136 1.349576 50.678455 0.158195 -0.781087 0.604051 0.969196 0.533183 1 6 1.000000
  6 -15.661399 1.284765 50.390118 -0.064205 -0.990229 -0.123794 0.973999 0.532145 1 6 1.000000
  6 -15.452538 1.321291 50.407009 0.422810 -0.906161 -0.010181 0.971765 0.529784 1 6 1.000000
skeleton
  6 -15.359316 1.587233 50.733845 0.137840 -0.790103 0.597275 0.964095 0.531789 1 6 1.000000
  6 -15.546136 1.349576 50.678455 0.158195 -0.781087 0.604051 0.969196 0.533183 1 6 1.000000
  6 -15.452538 1.321291 50.407009 0.422810 -0.906161 -0.010181 0.971765 0.529784 1 6 1.000000
skeleton
  6 -15.359316 1.587233 50.733845 0.137840 -0.790103 0.597275 0.964095 0.531789 1 6 1.000000
  6 -15.452538 1.321291 50.407009 0.422810 -0.906161 -0.010181 0.971765 0.529784 1 6 1.000000
  6 -15.258331 1.486130 50.398125 0.083864 -0.935441 0.343390 0.968803 0.526161 1 6 1.000000
skeleton
  6 -15.201846 1.607695 50.823269 -0.053521 -0.890768 0.451295 0.960629 0.530306 1 6 1.000000
  6 -15.359316 1.587233 50.733845 0.137840 -0.790103 0.597275 0.964095 0.531789 1 6 1.000000
  6 -15.258331 1.486130 50.398125 0.083864 -0.935441 0.343390 0.968803 0.526161 1 6 1.000000
skeleton
  6 -15.201846 1.607695 50.823269 -0.053521 -0.890768 0.451295 0.960629 0.530306 1 6 1.000000
  6 -15.258331 1.486130 50.398125 0.083864 -0.935441 0.343390 0.968803 0.526161 1 6 1.000000
  6 -15.101732 1.519859 50.549793 0.099114 -0.911338 0.399548 0.964055 0.525257 1 6 1.000000
skeleton
  6 -16.010279 1.787542 50.467007 -0.969889 0.196850 0.143409 0.967364 0.596675 1 6 1.000000
  6 -15.967314 1.543906 50.264862 -0.847883 -0.312099 -0.428590 0.971910 0.596643 1 6 1.000000
  7 -16.003263 1.528718 50.432850 -0.974854 -0.222845 0.000397 0.970295 0.594507 1 7 1.000000
skeleton
  6 -16.010279 1.787542 50.467007 -0.969889 0.196850 0.143409 0.967364 0.596675 1 6 1.000000
  6 -15.937253 1.753824 50.188805 -0.804889 0.216321 -0.552592 0.970244 0.599378 1 6 1.000000
  6 -15.967314 1.543906 50.264862 -0.847883 -0.312099 -0.428590 0.971910 0.596643 1 6 1.000000
skeleton
  6 -15.937253 1.753824 50.188805 -0.804889 0.216321 -0.552592 0.970244 0.599378 1 6 1.000000
  6 -15.873687 1.509110 50.158791 -0.581906 -0.391057 -0.713064 0.973719 0.597978 1 6 1.000000
  6 -15.967314 1.543906 50.264862 -0.847883 -0.312099 -0.428590 0.971910 0.596643 1 6 1.000000
skeleton
  6 -15.505840 2.278715 50.462311 -0.314929 0.920697 -0.230512 0.961116 0.604852 1 6 1.000000
  6 -15.146866 2.390769 50.804329 -0.080020 0.992922 -0.087767 0.952710 0.606905 1 6 1.000000
  6 -14.971450 2.212169 50.456245 0.096391 0.907728 -0.408336 0.956442 0.612572 1 6 1.000000
skeleton
  6 -15.505840 2.278715 50.462311 -0.314929 0.920697 -0.230512 0.961116 0.604852 1 6 1.000000
  6 -15.278486 2.216690 51.082478 -0.449014 0.698028 0.557803 0.949657 0.601438 1 6 1.000000
  6 -15.146866 2.390769 50.804329 -0.080020 0.992922 -0.087767 0.952710 0.606905 1 6 1.000000
skeleton
  6 -15.505840 2.278715 50.462311 -0.314929 0.920697 -0.230512 0.961116 0.604852 1 6 1.000000
  6 -15.605909 2.133377 50.847240 -0.662737 0.614927 0.427369 0.957106 0.599157 1 6 1.000000
  6 -15.278486 2.216690 51.082478 -0.449014 0.698028 0.557803 0.949657 0.601438 1 6 1.000000
skeleton
  6 -15.327571 1.891712 51.210316 -0.484190 -0.333951 0.808725 0.947721 0.595039 1 6 1.000000
  6 -15.278486 2.216690 51.082478 -0.449014 0.698028 0.557803 0.949657 0.601438 1 6 1.000000
  6 -15.605909 2.133377 50.847240 -0.662737 0.614927 0.427369 0.957106 0.599157 1 6 1.000000
skeleton
  6 -15.327571 1.891712 51.210316 -0.484190 -0.333951 0.808725 0.947721 0.595039 1 6 1.000000
  6 -15.605909 2.133377 50.847240 -0.662737 0.614927 0.427369 0.957106 0.599157 1 6 1.000000
  6 -15.639445 1.819540 50.972897 -0.543812 -0.320271 0.775690 0.956154 0.592712 1 6 1.000000
skeleton
  6 -15.639445 1.819540 50.972897 -0.543812 -0.320271 0.775690 0.956154 0.592712 1 6 1.000000
  6 -15.605909 2.133377 50.847240 -0.662737 0.614927 0.427369 0.957106 0.599157 1 6 1.000000
  6 -15.872320 1.997392 50.577724 -0.814296 0.511412 0.274554 0.963746 0.598189 1 6 1.000000
skeleton
  6 -15.639445 1.819540 50.972897 -0.543812 -0.320271 0.775690 0.956154 0.592712 1 6 1.000000
  6 -15.872320 1.997392 50.577724 -0.814296 0.511412 0.274554 0.963746 0.598189 1 6 1.000000
  6 -15.726481 1.737751 50.859360 -0.517351 -0.214716 0.828399 0.959655 0.591531 1 6 1.000000
skeleton
  6 -15.726481 1.737751 50.859360 -0.517351 -0.214716 0.828399 0.959655 0.591531 1 6 1.000000
  6 -15.872320 1.997392 50.577724 -0.814296 0.511412 0.274554 0.963746 0.598189 1 6 1.000000
  6 -16.010279 1.787542 50.467007 -0.969889 0.196850 0.143409 0.967364 0.596675 1 6 1.000000
skeleton
  6 -15.726481 1.737751 50.859360 -0.517351 -0.214716 0.828399 0.959655 0.591531 1 6 1.000000
  6 -16.010279 1.787542 50.467007 -0.969889 0.196850 0.143409 0.967364 0.596675 1 6 1.000000
  6 -15.881224 1.573198 50.750507 -0.584970 -0.281257 0.760726 0.965062 0.589897 1 6 1.000000
skeleton
  6 -16.010279 1.787542 50.467007 -0.969889 0.196850 0.143409 0.967364 0.596675 1 6 1.000000
  6 -15.922318 1.399455 50.554070 -0.711530 -0.647310 0.273340 0.971036 0.590858 1 6 1.000000
  6 -15.881224 1.573198 50.750507 -0.584970 -0.281257 0.760726 0.965062 0.589897 1 6 1.000000
skeleton
  6 -16.010279 1.787542 50.467007 -0.969889 0.196850 0.143409 0.967364 0.596675 1 6 1.000000
  7 -16.003263 1.528718 50.432850 -0.974854 -0.222845 0.000397 0.970295 0.594507 1 7 1.000000
  6 -15.922318 1.399455 50.554070 -0.711530 -0.647310 0.273340 0.971036 0.590858 1 6 1.000000
skeleton
  7 -16.003263 1.528718 50.432850 -0.974854 -0.222845 0.000397 0.970295 0.594507 1 7 1.000000
  7 -15.878884 1.352766 50.341167 -0.570154 -0.780506 -0.256387 0.974432 0.593683 1 7 1.000000
  6 -15.922318 1.399455 50.554070 -0.711530 -0.647310 0.273340 0.971036 0.590858 1 6 1.000000
skeleton
  7 -16.003263 1.528718 50.432850 -0.974854 -0.222845 0.000397 0.970295 0.594507 1 7 1.000000
  6 -15.967314 1.543906 50.264862 -0.847883 -0.312099 -0.428590 0.971910 0.596643 1 6 1.000000
  7 -15.878884 1.352766 50.341167 -0.570154 -0.780506 -0.256387 0.974432 0.593683 1 7 1.000000
skeleton
  6 -15.967314 1.543906 50.264862 -0.847883 -0.312099 -0.428590 0.971910 0.596643 1 6 1.000000
  7 -15.772408 1.397548 50.179852 -0.331418 -0.706742 -0.625042 0.976336 0.597085 1 7 1.000000
  7 -15.878884 1.352766 50.341167 -0.570154 -0.780506 -0.256387 0.974432 0.593683 1 7 1.000000
skeleton
  6 -15.967314 1.543906 50.264862 -0.847883 -0.312099 -0.428590 0.971910 0.596643 1 6 1.000000
  6 -15.873687 1.509110 50.158791 -0.581906 -0.391057 -0.713064 0.973719 0.597978 1 6 1.000000
  7 -15.772408 1.397548 50.179852 -0.331418 -0.706742 -0.625042 0.976336 0.597085 1 7 1.000000
skeleton
  7 -15.754628 1.615773 50.050423 -0.443147 -0.124456 -0.887768 0.973941 0.601123 1 7 1.000000
  7 -15.772408 1.397548 50.179852 -0.331418 -0.706742 -0.625042 0.976336 0.597085 1 7 1.000000
  6 -15.873687 1.509110 50.158791 -0.581906 -0.391057 -0.713064 0.973719 0.597978 1 6 1.000000
skeleton
  6 -15.937253 1.753824 50.188805 -0.804889 0.216321 -0.552592 0.970244 0.599378 1 6 1.000000
  7 -15.754628 1.615773 50.050423 -0.443147 -0.124456 -0.887768 0.973941 0.601123 1 7 1.000000
  6 -15.873687 1.509110 50.158791 -0.581906 -0.391057 -0.713064 0.973719 0.597978 1 6 1.000000
skeleton
  6 -15.773706 2.041713 50.213520 -0.572436 0.658158 -0.489024 0.967121 0.602340 1 6 1.000000
  7 -15.754628 1.615773 50.050423 -0.443147 -0.124456 -0.887768 0.973941 0.601123 1 7 1.000000
  6 -15.937253 1.753824 50.188805 -0.804889 0.216321 -0.552592 0.970244 0.599378 1 6 1.000000
skeleton
  7 -15.754628 1.615773 50.050423 -0.443147 -0.124456 -0.887768 0.973941 0.601123 1 7 1.000000
  7 -15.642123 1.491977 50.075500 -0.131420 -0.546520 -0.827070 0.977280 0.600856 1 7 1.000000
  7 -15.772408 1.397548 50.179852 -0.331418 -0.706742 -0.625042 0.976336 0.597085 1 7 1.000000
skeleton
  7 -15.642123 1.491977 50.075500 -0.131420 -0.546520 -0.827070 0.977280 0.600856 1 7 1.000000
  7 -15.754628 1.615773 50.050423 -0.443147 -0.124456 -0.887768 0.973941 0.601123 1 7 1.000000
  6 -15.566937 1.767521 49.997330 -0.739499 0.242425 -0.627990 0.973629 0.606416 1 6 1.000000
skeleton
  6 -15.773706 2.041713 50.213520 -0.572436 0.658158 -0.489024 0.967121 0.602340 1 6 1.000000
  6 -15.566937 1.767521 49.997330 -0.739499 0.242425 -0.627990 0.973629 0.606416 1 6 1.000000
  7 -15.754628 1.615773 50.050423 -0.443147 -0.124456 -0.887768 0.973941 0.601123 1 7 1.000000
skeleton
  6 -15.773706 2.041713 50.213520 -0.572436 0.658158 -0.489024 0.967121 0.602340 1 6 1.000000
  6 -15.334866 2.172996 50.236649 -0.061680 0.961169 -0.268977 0.963829 0.608873 1 6 1.000000
  6 -15.566937 1.767521 49.997330 -0.739499 0.242425 -0.627990 0.973629 0.606416 1 6 1.000000
skeleton
  7 -15.642123 1.491977 50.075500 -0.131420 -0.546520 -0.827070 0.977280 0.600856 1 7 1.000000
  6 -15.566937 1.767521 49.997330 -0.739499 0.242425 -0.627990 0.973629 0.606416 1 6 1.000000
  6 -15.490188 1.576728 50.004570 -0.687683 -0.545422 -0.479173 0.977990 0.604923 1 6 1.000000
skeleton
  6 -15.773706 2.041713 50.213520 -0.572436 0.658158 -0.489024 0.967121 0.602340 1 6 1.000000
  6 -15.937253 1.753824 50.188805 -0.804889 0.216321 -0.552592 0.970244 0.599378 1 6 1.000000
  6 -16.010279 1.787542 50.467007 -0.969889 0.196850 0.143409 0.967364 0.596675 1 6 1.000000
skeleton
  6 -15.773706 2.041713 50.213520 -0.572436 0.658158 -0.489024 0.967121 0.602340 1 6 1.000000
  6 -16.010279 1.787542 50.467007 -0.969889 0.196850 0.143409 0.967364 0.596675 1 6 1.000000
  6 -15.872320 1.997392 50.577724 -0.814296 0.511412 0.274554 0.963746 0.598189 1 6 1.000000
skeleton
  6 -15.605909 2.133377 50.847240 -0.662737 0.614927 0.427369 0.957106 0.599157 1 6 1.000000
  6 -15.773706 2.041713 50.213520 -0.572436 0.658158 -0.489024 0.967121 0.602340 1 6 1.000000
  6 -15.872320 1.997392 50.577724 -0.814296 0.511412 0.274554 0.963746 0.598189 1 6 1.000000
skeleton
  6 -15.605909 2.133377 50.847240 -0.662737 0.614927 0.427369 0.957106 0.599157 1 6 1.000000
  6 -15.505840 2.278715 50.462311 -0.314929 0.920697 -0.230512 0.961116 0.604852 1 6 1.000000
  6 -15.773706 2.041713 50.213520 -0.572436 0.658158 -0.489024 0.967121 0.602340 1 6 1.000000
skeleton
  6 -15.773706 2.041713 50.213520 -0.572436 0.658158 -0.489024 0.967121 0.602340 1 6 1.000000
  6 -15.505840 2.278715 50.462311 -0.314929 0.920697 -0.230512 0.961116 0.604852 1 6 1.000000
  6 -15.334866 2.172996 50.236649 -0.061680 0.961169 -0.268977 0.963829 0.608873 1 6 1.000000
skeleton
  6 -15.505840 2.278715 50.462311 -0.314929 0.920697 -0.230512 0.961116 0.604852 1 6 1.000000
  6 -14.971450 2.212169 50.456245 0.096391 0.907728 -0.408336 0.956442 0.612572 1 6 1.000000
  6 -15.334866 2.172996 50.236649 -0.061680 0.961169 -0.268977 0.963829 0.608873 1 6 1.000000
skeleton
  6 -14.754707 1.978799 49.982246 0.080441 0.995763 -0.044563 0.961914 0.620732 1 6 1.000000
  6 -15.334866 2.172996 50.236649 -0.061680 0.961169 -0.268977 0.963829 0.608873 1 6 1.000000
  6 -14.971450 2.212169 50.456245 0.096391 0.907728 -0.408336 0.956442 0.612572 1 6 1.000000
skeleton
  6 -14.754707 1.978799 49.982246 0.080441 0.995763 -0.044563 0.961914 0.620732 1 6 1.000000
  6 -14.971450 2.212169 50.456245 0.096391 0.907728 -0.408336 0.956442 0.612572 1 6 1.000000
  6 -14.483993 2.133306 50.382843 -0.065784 0.948145 -0.310955 0.952457 0.620797 1 6 1.000000
skeleton
  6 -14.319132 2.067710 49.606495 -0.031333 0.999428 0.012720 0.963392 0.630921 1 6 1.000000
  6 -14.754707 1.978799 49.982246 0.080441 0.995763 -0.044563 0.961914 0.620732 1 6 1.000000
  6 -14.483993 2.133306 50.382843 -0.065784 0.948145 -0.310955 0.952457 0.620797 1 6 1.000000
skeleton
  6 -14.319132 2.067710 49.606495 -0.031333 0.999428 0.012720 0.963392 0.630921 1 6 1.000000
  6 -14.483993 2.133306 50.382843 -0.065784 0.948145 -0.310955 0.952457 0.620797 1 6 1.000000
  6 -14.287639 2.085293 49.958080 -0.201636 0.970145 -0.134764 0.957141 0.628187 1 6 1.000000
skeleton
  6 -14.020399 2.125002 49.964672 -0.028731 0.988275 -0.149958 0.953887 0.632502 1 6 1.000000
  6 -14.319132 2.067710 49.606495 -0.031333 0.999428 0.012720 0.963392 0.630921 1 6 1.000000
  6 -14.287639 2.085293 49.958080 -0.201636 0.970145 -0.134764 0.957141 0.628187 1 6 1.000000
skeleton
  6 -14.243764 2.313587 50.776752 0.033550 0.995292 -0.090925 0.942472 0.619808 1 6 1.000000
  6 -14.020399 2.125002 49.964672 -0.028731 0.988275 -0.149958 0.953887 0.632502 1 6 1.000000
  6 -14.287639 2.085293 49.958080 -0.201636 0.970145 -0.134764 0.957141 0.628187 1 6 1.000000
skeleton
  6 -13.833391 2.094077 49.993275 0.594708 0.774891 -0.214162 0.951215 0.635482 1 6 1.000000
  6 -14.020399 2.125002 49.964672 -0.028731 0.988275 -0.149958 0.953887 0.632502 1 6 1.000000
  6 -14.243764 2.313587 50.776752 0.033550 0.995292 -0.090925 0.942472 0.619808 1 6 1.000000
skeleton
  6 -13.833391 2.094077 49.993275 0.594708 0.774891 -0.214162 0.951215 0.635482 1 6 1.000000
  6 -14.243764 2.313587 50.776752 0.033550 0.995292 -0.090925 0.942472 0.619808 1 6 1.000000
  6 -13.667548 2.193701 50.552032 0.604406 0.743680 -0.285716 0.938935 0.631625 1 6 1.000000
skeleton
  6 -13.667548 2.193701 50.552032 0.604406 0.743680 -0.285716 0.938935 0.631625 1 6 1.000000
  6 -13.795715 1.951475 49.950008 0.982435 -0.109201 -0.151318 0.951272 0.638630 1 6 1.000000
  6 -13.833391 2.094077 49.993275 0.594708 0.774891 -0.214162 0.951215 0.635482 1 6 1.000000
skeleton
  6 -13.667548 2.193701 50.552032 0.604406 0.743680 -0.285716 0.938935 0.631625 1 6 1.000000
  6 -13.603811 2.009959 50.542332 0.901232 -0.211818 -0.378040 0.937930 0.635550 1 6 1.000000
  6 -13.795715 1.951475 49.950008 0.982435 -0.109201 -0.151318 0.951272 0.638630 1 6 1.000000
skeleton
  6 -13.501164 2.155807 50.827190 0.618008 0.721615 -0.311991 0.931718 0.631260 1 6 1.000000
  6 -13.603811 2.009959 50.542332 0.901232 -0.211818 -0.378040 0.937930 0.635550 1 6 1.000000
  6 -13.667548 2.193701 50.552032 0.604406 0.743680 -0.285716 0.938935 0.631625 1 6 1.000000
skeleton
  6 -13.501164 2.155807 50.827190 0.618008 0.721615 -0.311991 0.931718 0.631260 1 6 1.000000
  6 -13.458328 1.976914 50.806019 0.800125 -0.228768 -0.554496 0.930846 0.635470 1 6 1.000000
  6 -13.603811 2.009959 50.542332 0.901232 -0.211818 -0.378040 0.937930 0.635550 1 6 1.000000
skeleton
  6 -14.971450 2.212169 50.456245 0.096391 0.907728 -0.408336 0.956442 0.612572 1 6 1.000000
  6 -15.146866 2.390769 50.804329 -0.080020 0.992922 -0.087767 0.952710 0.606905 1 6 1.000000
  6 -14.243764 2.313587 50.776752 0.033550 0.995292 -0.090925 0.942472 0.619808 1 6 1.000000
skeleton
  6 -14.971450 2.212169 50.456245 0.096391 0.907728 -0.408336 0.956442 0.612572 1 6 1.000000
  6 -14.243764 2.313587 50.776752 0.033550 0.995292 -0.090925 0.942472 0.619808 1 6 1.000000
  6 -14.483993 2.133306 50.382843 -0.065784 0.948145 -0.310955 0.952457 0.620797 1 6 1.000000
skeleton
  6 -14.243764 2.313587 50.776752 0.033550 0.995292 -0.090925 0.942472 0.619808 1 6 1.000000
  6 -14.287639 2.085293 49.958080 -0.201636 0.970145 -0.134764 0.957141 0.628187 1 6 1.000000
  6 -14.483993 2.133306 50.382843 -0.065784 0.948145 -0.310955 0.952457 0.620797 1 6 1.000000
skeleton
  6 -14.020399 2.125002 49.964672 -0.028731 0.988275 -0.149958 0.953887 0.632502 1 6 1.000000
  6 -13.833391 2.094077 49.993275 0.594708 0.774891 -0.214162 0.951215 0.635482 1 6 1.000000
  6 -13.902345 2.034441 49.335522 0.523742 0.780380 -0.341617 0.963717 0.639867 1 6 1.000000
skeleton
  6 -14.020399 2.125002 49.964672 -0.028731 0.988275 -0.149958 0.953887 0.632502 1 6 1.000000
  6 -13.902345 2.034441 49.335522 0.523742 0.780380 -0.341617 0.963717 0.639867 1 6 1.000000
  6 -14.227736 2.086366 49.527657 0.056669 0.989731 -0.131225 0.963790 0.633133 1 6 1.000000
skeleton
  6 -14.020399 2.125002 49.964672 -0.028731 0.988275 -0.149958 0.953887 0.632502 1 6 1.000000
  6 -14.227736 2.086366 49.527657 0.056669 0.989731 -0.131225 0.963790 0.633133 1 6 1.000000
  6 -14.319132 2.067710 49.606495 -0.031333 0.999428 0.012720 0.963392 0.630921 1 6 1.000000
skeleton
  6 -13.833391 2.094077 49.993275 0.594708 0.774891 -0.214162 0.951215 0.635482 1 6 1.000000
  6 -13.795715 1.951475 49.950008 0.982435 -0.109201 -0.151318 0.951272 0.638630 1 6 1.000000
  6 -13.821915 1.891275 49.309734 0.956944 -0.067772 -0.282249 0.963630 0.642981 1 6 1.000000
skeleton
  6 -13.833391 2.094077 49.993275 0.594708 0.774891 -0.214162 0.951215 0.635482 1 6 1.000000
  6 -13.821915 1.891275 49.309734 0.956944 -0.067772 -0.282249 0.963630 0.642981 1 6 1.000000
  6 -13.902345 2.034441 49.335522 0.523742 0.780380 -0.341617 0.963717 0.639867 1 6 1.000000
skeleton
  6 -14.087467 1.901650 49.015915 0.256624 0.652958 -0.712594 0.970842 0.639942 1 6 1.000000
  6 -13.902345 2.034441 49.335522 0.523742 0.780380 -0.341617 0.963717 0.639867 1 6 1.000000
  6 -13.821915 1.891275 49.309734 0.956944 -0.067772 -0.282249 0.963630 0.642981 1 6 1.000000
skeleton
  6 -14.087467 1.901650 49.015915 0.256624 0.652958 -0.712594 0.970842 0.639942 1 6 1.000000
  6 -14.227736 2.086366 49.527657 0.056669 0.989731 -0.131225 0.963790 0.633133 1 6 1.000000
  6 -13.902345 2.034441 49.335522 0.523742 0.780380 -0.341617 0.963717 0.639867 1 6 1.000000
skeleton
  6 -14.087467 1.901650 49.015915 0.256624 0.652958 -0.712594 0.970842 0.639942 1 6 1.000000
  6 -14.380111 2.066325 49.340023 0.202742 0.884665 -0.419837 0.968445 0.632595 1 6 1.000000
  6 -14.227736 2.086366 49.527657 0.056669 0.989731 -0.131225 0.963790 0.633133 1 6 1.000000
skeleton
  6 -14.380111 2.066325 49.340023 0.202742 0.884665 -0.419837 0.968445 0.632595 1 6 1.000000
  6 -14.319132 2.067710 49.606495 -0.031333 0.999428 0.012720 0.963392 0.630921 1 6 1.000000
  6 -14.227736 2.086366 49.527657 0.056669 0.989731 -0.131225 0.963790 0.633133 1 6 1.000000
skeleton
  6 -14.380111 2.066325 49.340023 0.202742 0.884665 -0.419837 0.968445 0.632595 1 6 1.000000
  6 -14.446797 2.123194 49.351826 0.180365 0.972830 -0.145154 0.968734 0.631144 1 6 1.000000
  6 -14.319132 2.067710 49.606495 -0.031333 0.999428 0.012720 0.963392 0.630921 1 6 1.000000
skeleton
  6 -14.446797 2.123194 49.351826 0.180365 0.972830 -0.145154 0.968734 0.631144 1 6 1.000000
  6 -14.754707 1.978799 49.982246 0.080441 0.995763 -0.044563 0.961914 0.620732 1 6 1.000000
  6 -14.319132 2.067710 49.606495 -0.031333 0.999428 0.012720 0.963392 0.630921 1 6 1.000000
skeleton
  6 -14.446797 2.123194 49.351826 0.180365 0.972830 -0.145154 0.968734 0.631144 1 6 1.000000
  6 -14.887497 2.048210 49.823536 0.125199 0.990104 0.063396 0.965966 0.620069 1 6 1.000000
  6 -14.754707 1.978799 49.982246 0.080441 0.995763 -0.044563 0.961914 0.620732 1 6 1.000000
skeleton
  6 -14.754707 1.978799 49.982246 0.080441 0.995763 -0.044563 0.961914 0.620732 1 6 1.000000
  6 -14.887497 2.048210 49.823536 0.125199 0.990104 0.063396 0.965966 0.620069 1 6 1.000000
  6 -15.334866 2.172996 50.236649 -0.061680 0.961169 -0.268977 0.963829 0.608873 1 6 1.000000
skeleton
  6 -14.887497 2.048210 49.823536 0.125199 0.990104 0.063396 0.965966 0.620069 1 6 1.000000
  6 -15.415875 2.173954 49.969582 -0.484181 0.831874 -0.271210 0.968755 0.611770 1 6 1.000000
  6 -15.334866 2.172996 50.236649 -0.061680 0.961169 -0.268977 0.963829 0.608873 1 6 1.000000
skeleton
  6 -15.566937 1.767521 49.997330 -0.739499 0.242425 -0.627990 0.973629 0.606416 1 6 1.000000
  6 -15.334866 2.172996 50.236649 -0.061680 0.961169 -0.268977 0.963829 0.608873 1 6 1.000000
  6 -15.415875 2.173954 49.969582 -0.484181 0.831874 -0.271210 0.968755 0.611770 1 6 1.000000
skeleton
  6 -15.566937 1.767521 49.997330 -0.739499 0.242425 -0.627990 0.973629 0.606416 1 6 1.000000
  6 -15.415875 2.173954 49.969582 -0.484181 0.831874 -0.271210 0.968755 0.611770 1 6 1.000000
  6 -15.557943 1.838765 49.807610 -0.912029 0.173498 -0.371620 0.974305 0.609965 1 6 1.000000
skeleton
  6 -15.490188 1.576728 50.004570 -0.687683 -0.545422 -0.479173 0.977990 0.604923 1 6 1.000000
  6 -15.566937 1.767521 49.997330 -0.739499 0.242425 -0.627990 0.973629 0.606416 1 6 1.000000
  6 -15.557943 1.838765 49.807610 -0.912029 0.173498 -0.371620 0.974305 0.609965 1 6 1.000000
skeleton
  6 -15.490188 1.576728 50.004570 -0.687683 -0.545422 -0.479173 0.977990 0.604923 1 6 1.000000
  6 -15.557943 1.838765 49.807610 -0.912029 0.173498 -0.371620 0.974305 0.609965 1 6 1.000000
  6 -15.507537 1.495874 49.841999 -0.841332 -0.479138 -0.250175 0.980295 0.607718 1 6 1.000000
skeleton
  6 -15.557943 1.838765 49.807610 -0.912029 0.173498 -0.371620 0.974305 0.609965 1 6 1.000000
  6 -15.234142 1.518353 49.587318 -0.725917 -0.500783 -0.471446 0.981760 0.615444 1 6 1.000000
  6 -15.507537 1.495874 49.841999 -0.841332 -0.479138 -0.250175 0.980295 0.607718 1 6 1.000000
skeleton
  6 -15.557943 1.838765 49.807610 -0.912029 0.173498 -0.371620 0.974305 0.609965 1 6 1.000000
  7 -15.242843 1.790267 49.540070 -0.742692 0.299743 -0.598801 0.976779 0.617339 1 7 1.000000
  6 -15.234142 1.518353 49.587318 -0.725917 -0.500783 -0.471446 0.981760 0.615444 1 6 1.000000
skeleton
  6 -14.987103 1.794527 48.894417 -0.272692 0.315103 -0.909037 0.979656 0.627294 1 6 1.000000
  6 -15.234142 1.518353 49.587318 -0.725917 -0.500783 -0.471446 0.981760 0.615444 1 6 1.000000
  7 -15.242843 1.790267 49.540070 -0.742692 0.299743 -0.598801 0.976779 0.617339 1 7 1.000000
skeleton
  6 -14.446797 2.123194 49.351826 0.180365 0.972830 -0.145154 0.968734 0.631144 1 6 1.000000
  6 -15.043610 2.039662 49.684242 -0.262049 0.917207 -0.300103 0.969842 0.619106 1 6 1.000000
  6 -14.887497 2.048210 49.823536 0.125199 0.990104 0.063396 0.965966 0.620069 1 6 1.000000
skeleton
  6 -14.887497 2.048210 49.823536 0.125199 0.990104 0.063396 0.965966 0.620069 1 6 1.000000
  6 -15.043610 2.039662 49.684242 -0.262049 0.917207 -0.300103 0.969842 0.619106 1 6 1.000000
  6 -15.415875 2.173954 49.969582 -0.484181 0.831874 -0.271210 0.968755 0.611770 1 6 1.000000
skeleton
  6 -15.043610 2.039662 49.684242 -0.262049 0.917207 -0.300103 0.969842 0.619106 1 6 1.000000
  6 -15.557943 1.838765 49.807610 -0.912029 0.173498 -0.371620 0.974305 0.609965 1 6 1.000000
  6 -15.415875 2.173954 49.969582 -0.484181 0.831874 -0.271210 0.968755 0.611770 1 6 1.000000
skeleton
  6 -15.043610 2.039662 49.684242 -0.262049 0.917207 -0.300103 0.969842 0.619106 1 6 1.000000
  7 -15.242843 1.790267 49.540070 -0.742692 0.299743 -0.598801 0.976779 0.617339 1 7 1.000000
  6 -15.557943 1.838765 49.807610 -0.912029 0.173498 -0.371620 0.974305 0.609965 1 6 1.000000
skeleton
  6 -14.702139 2.085972 49.136024 0.050718 0.807101 -0.588231 0.973864 0.629137 1 6 1.000000
  7 -15.242843 1.790267 49.540070 -0.742692 0.299743 -0.598801 0.976779 0.617339 1 7 1.000000
  6 -15.043610 2.039662 49.684242 -0.262049 0.917207 -0.300103 0.969842 0.619106 1 6 1.000000
skeleton
  6 -14.446797 2.123194 49.351826 0.180365 0.972830 -0.145154 0.968734 0.631144 1 6 1.000000
  6 -14.702139 2.085972 49.136024 0.050718 0.807101 -0.588231 0.973864 0.629137 1 6 1.000000
  6 -15.043610 2.039662 49.684242 -0.262049 0.917207 -0.300103 0.969842 0.619106 1 6 1.000000
skeleton
  6 -14.702139 2.085972 49.136024 0.050718 0.807101 -0.588231 0.973864 0.629137 1 6 1.000000
  6 -14.446797 2.123194 49.351826 0.180365 0.972830 -0.145154 0.968734 0.631144 1 6 1.000000
  6 -14.380111 2.066325 49.340023 0.202742 0.884665 -0.419837 0.968445 0.632595 1 6 1.000000
skeleton
  6 -14.987103 1.794527 48.894417 -0.272692 0.315103 -0.909037 0.979656 0.627294 1 6 1.000000
  6 -14.938048 1.405553 48.944469 -0.249058 -0.483477 -0.839178 0.986087 0.628029 1 6 1.000000
  6 -15.234142 1.518353 49.587318 -0.725917 -0.500783 -0.471446 0.981760 0.615444 1 6 1.000000
skeleton
  6 -14.629969 1.541544 49.068161 0.130264 -0.418769 -0.898701 0.981982 0.634628 1 6 1.000000
  6 -14.938048 1.405553 48.944469 -0.249058 -0.483477 -0.839178 0.986087 0.628029 1 6 1.000000
  6 -14.987103 1.794527 48.894417 -0.272692 0.315103 -0.909037 0.979656 0.627294 1 6 1.000000
skeleton
  6 -14.629969 1.541544 49.068161 0.130264 -0.418769 -0.898701 0.981982 0.634628 1 6 1.000000
  6 -14.987103 1.794527 48.894417 -0.272692 0.315103 -0.909037 0.979656 0.627294 1 6 1.000000
  6 -14.661233 1.750891 49.032658 0.080048 0.156784 -0.984384 0.978455 0.632775 1 6 1.000000
skeleton
  6 -14.614519 1.958595 49.131077 0.196462 0.601946 -0.773992 0.974390 0.631452 1 6 1.000000
  6 -14.661233 1.750891 49.032658 0.080048 0.156784 -0.984384 0.978455 0.632775 1 6 1.000000
  6 -14.987103 1.794527 48.894417 -0.272692 0.315103 -0.909037 0.979656 0.627294 1 6 1.000000
skeleton
  6 -14.702139 2.085972 49.136024 0.050718 0.807101 -0.588231 0.973864 0.629137 1 6 1.000000
  6 -14.987103 1.794527 48.894417 -0.272692 0.315103 -0.909037 0.979656 0.627294 1 6 1.000000
  7 -15.242843 1.790267 49.540070 -0.742692 0.299743 -0.598801 0.976779 0.617339 1 7 1.000000
skeleton
  6 -14.614519 1.958595 49.131077 0.196462 0.601946 -0.773992 0.974390 0.631452 1 6 1.000000
  6 -14.987103 1.794527 48.894417 -0.272692 0.315103 -0.909037 0.979656 0.627294 1 6 1.000000
  6 -14.702139 2.085972 49.136024 0.050718 0.807101 -0.588231 0.973864 0.629137 1 6 1.000000
skeleton
  6 -14.702139 2.085972 49.136024 0.050718 0.807101 -0.588231 0.973864 0.629137 1 6 1.000000
  6 -14.380111 2.066325 49.340023 0.202742 0.884665 -0.419837 0.968445 0.632595 1 6 1.000000
  6 -14.614519 1.958595 49.131077 0.196462 0.601946 -0.773992 0.974390 0.631452 1 6 1.000000
skeleton
  6 -14.087467 1.901650 49.015915 0.256624 0.652958 -0.712594 0.970842 0.639942 1 6 1.000000
  6 -14.614519 1.958595 49.131077 0.196462 0.601946 -0.773992 0.974390 0.631452 1 6 1.000000
  6 -14.380111 2.066325 49.340023 0.202742 0.884665 -0.419837 0.968445 0.632595 1 6 1.000000
skeleton
  6 -14.087467 1.901650 49.015915 0.256624 0.652958 -0.712594 0.970842 0.639942 1 6 1.000000
  6 -14.661233 1.750891 49.032658 0.080048 0.156784 -0.984384 0.978455 0.632775 1 6 1.000000
  6 -14.614519 1.958595 49.131077 0.196462 0.601946 -0.773992 0.974390 0.631452 1 6 1.000000
skeleton
  6 -14.087467 1.901650 49.015915 0.256624 0.652958 -0.712594 0.970842 0.639942 1 6 1.000000
  6 -14.267144 1.704264 48.891609 0.001416 0.160178 -0.987087 0.975793 0.639684 1 6 1.000000
  6 -14.661233 1.750891 49.032658 0.080048 0.156784 -0.984384 0.978455 0.632775 1 6 1.000000
skeleton
  6 -14.267144 1.704264 48.891609 0.001416 0.160178 -0.987087 0.975793 0.639684 1 6 1.000000
  6 -14.629969 1.541544 49.068161 0.130264 -0.418769 -0.898701 0.981982 0.634628 1 6 1.000000
  6 -14.661233 1.750891 49.032658 0.080048 0.156784 -0.984384 0.978455 0.632775 1 6 1.000000
skeleton
  6 -14.267144 1.704264 48.891609 0.001416 0.160178 -0.987087 0.975793 0.639684 1 6 1.000000
  6 -14.212503 1.582424 48.904186 0.238440 -0.473969 -0.847644 0.977171 0.641799 1 6 1.000000
  6 -14.629969 1.541544 49.068161 0.130264 -0.418769 -0.898701 0.981982 0.634628 1 6 1.000000
skeleton
  6 -14.212503 1.582424 48.904186 0.238440 -0.473969 -0.847644 0.977171 0.641799 1 6 1.000000
  6 -14.267144 1.704264 48.891609 0.001416 0.160178 -0.987087 0.975793 0.639684 1 6 1.000000
  6 -14.087467 1.901650 49.015915 0.256624 0.652958 -0.712594 0.970842 0.639942 1 6 1.000000
skeleton
  6 -14.212503 1.582424 48.904186 0.238440 -0.473969 -0.847644 0.977171 0.641799 1 6 1.000000
  6 -14.087467 1.901650 49.015915 0.256624 0.652958 -0.712594 0.970842 0.639942 1 6 1.000000
  6 -14.015079 1.744129 49.048660 0.778848 -0.191570 -0.597241 0.971150 0.643431 1 6 1.000000
skeleton
  6 -14.087467 1.901650 49.015915 0.256624 0.652958 -0.712594 0.970842 0.639942 1 6 1.000000
  6 -13.821915 1.891275 49.309734 0.956944 -0.067772 -0.282249 0.963630 0.642981 1 6 1.000000
  6 -14.015079 1.744129 49.048660 0.778848 -0.191570 -0.597241 0.971150 0.643431 1 6 1.000000
skeleton
  7 -22.837463 -0.474177 44.292591 -0.786524 -0.240926 -0.568625 0.747908 0.614118 1 7 1.000000
  7 -23.249527 -0.067363 44.690193 -0.702133 -0.315012 -0.638573 0.760911 0.599410 1 7 1.000000
  7 -22.864109 -0.193220 44.186172 -0.039739 -0.323281 -0.945468 0.744339 0.606598 1 7 1.000000
skeleton
  7 -22.837463 -0.474177 44.292591 -0.786524 -0.240926 -0.568625 0.747908 0.614118 1 7 1.000000
  7 -23.177652 -0.497507 44.748795 -0.358229 -0.881089 -0.308794 0.763387 0.611446 1 7 1.000000
  7 -23.249527 -0.067363 44.690193 -0.702133 -0.315012 -0.638573 0.760911 0.599410 1 7 1.000000
skeleton
  7 -22.864109 -0.193220 44.186172 -0.039739 -0.323281 -0.945468 0.744339 0.606598 1 7 1.000000
  7 -23.306808 0.251570 44.371887 -0.551651 0.406176 -0.728493 0.752715 0.589466 1 7 1.000000
  7 -22.883823 0.130932 44.167278 -0.012423 0.210693 -0.977473 0.742337 0.597955 1 7 1.000000
skeleton
  7 -22.864109 -0.193220 44.186172 -0.039739 -0.323281 -0.945468 0.744339 0.606598 1 7 1.000000
  7 -23.249527 -0.067363 44.690193 -0.702133 -0.315012 -0.638573 0.760911 0.599410 1 7 1.000000
  7 -23.306808 0.251570 44.371887 -0.551651 0.406176 -0.728493 0.752715 0.589466 1 7 1.000000
skeleton
  7 -23.933958 -0.020151 45.175259 -0.670625 -0.303818 -0.676725 0.783315 0.592367 1 7 1.000000
  7 -23.306808 0.251570 44.371887 -0.551651 0.406176 -0.728493 0.752715 0.589466 1 7 1.000000
  7 -23.249527 -0.067363 44.690193 -0.702133 -0.315012 -0.638573 0.760911 0.599410 1 7 1.000000
skeleton
  7 -23.177652 -0.497507 44.748795 -0.358229 -0.881089 -0.308794 0.763387 0.611446 1 7 1.000000
  7 -23.933958 -0.020151 45.175259 -0.670625 -0.303818 -0.676725 0.783315 0.592367 1 7 1.000000
  7 -23.249527 -0.067363 44.690193 -0.702133 -0.315012 -0.638573 0.760911 0.599410 1 7 1.000000
skeleton
  7 -23.177652 -0.497507 44.748795 -0.358229 -0.881089 -0.308794 0.763387 0.611446 1 7 1.000000
  7 -23.597414 -0.399207 45.162819 -0.521708 -0.847332 0.099247 0.778694 0.605535 1 7 1.000000
  7 -23.933958 -0.020151 45.175259 -0.670625 -0.303818 -0.676725 0.783315 0.592367 1 7 1.000000
skeleton
  7 -23.933958 -0.020151 45.175259 -0.670625 -0.303818 -0.676725 0.783315 0.592367 1 7 1.000000
  7 -23.661274 0.404345 44.962761 -0.728111 0.649115 -0.220238 0.771265 0.583396 1 7 1.000000
  7 -23.306808 0.251570 44.371887 -0.551651 0.406176 -0.728493 0.752715 0.589466 1 7 1.000000
skeleton
  7 -21.211508 0.783197 46.691257 -0.417731 0.817289 0.396913 0.888812 0.677195 1 7 1.000000
  7 -22.794785 0.262656 45.850105 -0.525127 0.220736 0.821899 0.943464 0.661797 1 7 1.000000
  7 -21.222214 0.548578 46.821320 -0.561664 0.167729 0.810186 0.887125 0.669766 1 7 1.000000
skeleton
  7 -18.931257 0.942147 48.376335 -0.543154 0.151562 0.825841 0.828404 0.674755 1 7 1.000000
  7 -21.211508 0.783197 46.691257 -0.417731 0.817289 0.396913 0.888812 0.677195 1 7 1.000000
  7 -21.222214 0.548578 46.821320 -0.561664 0.167729 0.810186 0.887125 0.669766 1 7 1.000000
skeleton
  7 -18.931257 0.942147 48.376335 -0.543154 0.151562 0.825841 0.828404 0.674755 1 7 1.000000
  7 -18.874414 1.211571 48.225727 -0.407707 0.789175 0.459324 0.829349 0.682904 1 7 1.000000
  7 -21.211508 0.783197 46.691257 -0.417731 0.817289 0.396913 0.888812 0.677195 1 7 1.000000
skeleton
  7 -21.211508 0.783197 46.691257 -0.417731 0.817289 0.396913 0.888812 0.677195 1 7 1.000000
  7 -22.685047 0.532869 45.633957 -0.333391 0.889287 0.313081 0.944716 0.672037 1 7 1.000000
  7 -22.794785 0.262656 45.850105 -0.525127 0.220736 0.821899 0.943464 0.661797 1 7 1.000000
skeleton
  7 -22.685047 0.532869 45.633957 -0.333391 0.889287 0.313081 0.944716 0.672037 1 7 1.000000
  7 -21.211508 0.783197 46.691257 -0.417731 0.817289 0.396913 0.888812 0.677195 1 7 1.000000
  7 -21.030962 0.873255 46.463894 -0.004414 0.968148 -0.250339 0.888710 0.685348 1 7 1.000000
skeleton
  7 -21.030962 0.873255 46.463894 -0.004414 0.968148 -0.250339 0.888710 0.685348 1 7 1.000000
  7 -21.211508 0.783197 46.691257 -0.417731 0.817289 0.396913 0.888812 0.677195 1 7 1.000000
  7 -18.874414 1.211571 48.225727 -0.407707 0.789175 0.459324 0.829349 0.682904 1 7 1.000000
skeleton
  7 -21.030962 0.873255 46.463894 -0.004414 0.968148 -0.250339 0.888710 0.685348 1 7 1.000000
  7 -18.874414 1.211571 48.225727 -0.407707 0.789175 0.459324 0.829349 0.682904 1 7 1.000000
  7 -18.735859 1.263147 48.004448 -0.015115 0.983284 -0.181449 0.830491 0.690379 1 7 1.000000
skeleton
  7 -18.735859 1.263147 48.004448 -0.015115 0.983284 -0.181449 0.830491 0.690379 1 7 1.000000
  7 -18.874414 1.211571 48.225727 -0.407707 0.789175 0.459324 0.829349 0.682904 1 7 1.000000
  7 -17.570168 1.330984 49.040604 -0.438646 0.783683 0.439807 0.782452 0.688363 1 7 1.000000
skeleton
  7 -17.570168 1.330984 49.040604 -0.438646 0.783683 0.439807 0.782452 0.688363 1 7 1.000000
  7 -18.874414 1.211571 48.225727 -0.407707 0.789175 0.459324 0.829349 0.682904 1 7 1.000000
  7 -18.931257 0.942147 48.376335 -0.543154 0.151562 0.825841 0.828404 0.674755 1 7 1.000000
skeleton
  7 -17.570168 1.330984 49.040604 -0.438646 0.783683 0.439807 0.782452 0.688363 1 7 1.000000
  7 -18.931257 0.942147 48.376335 -0.543154 0.151562 0.825841 0.828404 0.674755 1 7 1.000000
  7 -17.610123 1.179404 49.142075 -0.559201 0.182069 0.808792 0.781815 0.682289 1 7 1.000000
skeleton
  7 -16.671822 1.563208 49.693634 -0.567963 0.749394 0.340333 0.742468 0.691761 1 7 1.000000
  7 -17.570168 1.330984 49.040604 -0.438646 0.783683 0.439807 0.782452 0.688363 1 7 1.000000
  7 -17.610123 1.179404 49.142075 -0.559201 0.182069 0.808792 0.781815 0.682289 1 7 1.000000
skeleton
  7 -16.671822 1.563208 49.693634 -0.567963 0.749394 0.340333 0.742468 0.691761 1 7 1.000000
  7 -17.610123 1.179404 49.142075 -0.559201 0.182069 0.808792 0.781815 0.682289 1 7 1.000000
  7 -16.723379 1.431058 49.773605 -0.665865 0.154396 0.729921 0.743079 0.686511 1 7 1.000000
skeleton
  7 -16.290308 1.767426 50.060570 -0.760593 0.642109 0.095885 0.722359 0.691800 1 7 1.000000
  7 -16.671822 1.563208 49.693634 -0.567963 0.749394 0.340333 0.742468 0.691761 1 7 1.000000
  7 -16.723379 1.431058 49.773605 -0.665865 0.154396 0.729921 0.743079 0.686511 1 7 1.000000
skeleton
  7 -16.290308 1.767426 50.060570 -0.760593 0.642109 0.095885 0.722359 0.691800 1 7 1.000000
  7 -16.723379 1.431058 49.773605 -0.665865 0.154396 0.729921 0.743079 0.686511 1 7 1.000000
  7 -16.350019 1.597223 50.151608 -0.889059 0.072463 0.452021 0.723751 0.685542 1 7 1.000000
skeleton
  7 -16.239529 1.899953 50.222153 -0.688110 0.709684 0.151172 0.715488 0.691215 1 7 1.000000
  7 -16.290308 1.767426 50.060570 -0.760593 0.642109 0.095885 0.722359 0.691800 1 7 1.000000
  7 -16.350019 1.597223 50.151608 -0.889059 0.072463 0.452021 0.723751 0.685542 1 7 1.000000
skeleton
  7 -16.239529 1.899953 50.222153 -0.688110 0.709684 0.151172 0.715488 0.691215 1 7 1.000000
  7 -16.350019 1.597223 50.151608 -0.889059 0.072463 0.452021 0.723751 0.685542 1 7 1.000000
  7 -16.292675 1.659594 50.369049 -0.876048 0.105952 0.470440 0.716486 0.683007 1 7 1.000000
skeleton
  7 -16.071146 1.925988 50.377605 -0.438874 0.816830 0.374403 0.708488 0.690805 1 7 1.000000
  7 -16.239529 1.899953 50.222153 -0.688110 0.709684 0.151172 0.715488 0.691215 1 7 1.000000
  7 -16.292675 1.659594 50.369049 -0.876048 0.105952 0.470440 0.716486 0.683007 1 7 1.000000
skeleton
  7 -16.071146 1.925988 50.377605 -0.438874 0.816830 0.374403 0.708488 0.690805 1 7 1.000000
  7 -16.292675 1.659594 50.369049 -0.876048 0.105952 0.470440 0.716486 0.683007 1 7 1.000000
  7 -16.132030 1.702129 50.524910 -0.696866 0.175041 0.695513 0.708703 0.682153 1 7 1.000000
skeleton
  7 -23.053391 0.437903 44.699478 0.012142 0.950352 -0.310940 0.972292 0.683879 1 7 1.000000
  7 -23.434532 0.465914 45.142765 -0.353875 0.913860 0.199080 0.971787 0.668080 1 7 1.000000
  7 -22.685047 0.532869 45.633957 -0.333391 0.889287 0.313081 0.944716 0.672037 1 7 1.000000
skeleton
  7 -23.053391 0.437903 44.699478 0.012142 0.950352 -0.310940 0.972292 0.683879 1 7 1.000000
  7 -22.685047 0.532869 45.633957 -0.333391 0.889287 0.313081 0.944716 0.672037 1 7 1.000000
  7 -22.410252 0.520980 45.319008 0.058201 0.967889 -0.244549 0.944895 0.684097 1 7 1.000000
skeleton
  7 -22.685047 0.532869 45.633957 -0.333391 0.889287 0.313081 0.944716 0.672037 1 7 1.000000
  7 -21.030962 0.873255 46.463894 -0.004414 0.968148 -0.250339 0.888710 0.685348 1 7 1.000000
  7 -22.410252 0.520980 45.319008 0.058201 0.967889 -0.244549 0.944895 0.684097 1 7 1.000000
skeleton
  7 -22.149488 0.329364 45.092987 0.541935 0.568728 -0.618752 0.944514 0.695492 1 7 1.000000
  7 -22.410252 0.520980 45.319008 0.058201 0.967889 -0.244549 0.944895 0.684097 1 7 1.000000
  7 -21.030962 0.873255 46.463894 -0.004414 0.968148 -0.250339 0.888710 0.685348 1 7 1.000000
skeleton
  7 -22.149488 0.329364 45.092987 0.541935 0.568728 -0.618752 0.944514 0.695492 1 7 1.000000
  7 -21.030962 0.873255 46.463894 -0.004414 0.968148 -0.250339 0.888710 0.685348 1 7 1.000000
  7 -20.828939 0.737887 46.319324 0.468144 0.493010 -0.733336 0.887666 0.693196 1 7 1.000000
skeleton
  7 -20.828939 0.737887 46.319324 0.468144 0.493010 -0.733336 0.887666 0.693196 1 7 1.000000
  7 -21.030962 0.873255 46.463894 -0.004414 0.968148 -0.250339 0.888710 0.685348 1 7 1.000000
  7 -18.735859 1.263147 48.004448 -0.015115 0.983284 -0.181449 0.830491 0.690379 1 7 1.000000
skeleton
  7 -22.658665 0.220293 44.327557 0.506767 0.548859 -0.664787 0.972416 0.698990 1 7 1.000000
  7 -22.410252 0.520980 45.319008 0.058201 0.967889 -0.244549 0.944895 0.684097 1 7 1.000000
  7 -22.149488 0.329364 45.092987 0.541935 0.568728 -0.618752 0.944514 0.695492 1 7 1.000000
skeleton
  7 -22.658665 0.220293 44.327557 0.506767 0.548859 -0.664787 0.972416 0.698990 1 7 1.000000
  7 -23.053391 0.437903 44.699478 0.012142 0.950352 -0.310940 0.972292 0.683879 1 7 1.000000
  7 -22.410252 0.520980 45.319008 0.058201 0.967889 -0.244549 0.944895 0.684097 1 7 1.000000
skeleton
  7 -17.504187 1.390966 48.906887 -0.126119 0.988515 -0.083259 0.783472 0.693889 1 7 1.000000
  7 -17.570168 1.330984 49.040604 -0.438646 0.783683 0.439807 0.782452 0.688363 1 7 1.000000
  7 -16.671822 1.563208 49.693634 -0.567963 0.749394 0.340333 0.742468 0.691761 1 7 1.000000
skeleton
  7 -18.735859 1.263147 48.004448 -0.015115 0.983284 -0.181449 0.830491 0.690379 1 7 1.000000
  7 -17.570168 1.330984 49.040604 -0.438646 0.783683 0.439807 0.782452 0.688363 1 7 1.000000
  7 -17.504187 1.390966 48.906887 -0.126119 0.988515 -0.083259 0.783472 0.693889 1 7 1.000000
skeleton
  7 -18.579556 1.082685 47.824295 0.409110 0.549286 -0.728638 0.831522 0.698257 1 7 1.000000
  7 -18.735859 1.263147 48.004448 -0.015115 0.983284 -0.181449 0.830491 0.690379 1 7 1.000000
  7 -17.504187 1.390966 48.906887 -0.126119 0.988515 -0.083259 0.783472 0.693889 1 7 1.000000
skeleton
  7 -20.828939 0.737887 46.319324 0.468144 0.493010 -0.733336 0.887666 0.693196 1 7 1.000000
  7 -18.735859 1.263147 48.004448 -0.015115 0.983284 -0.181449 0.830491 0.690379 1 7 1.000000
  7 -18.579556 1.082685 47.824295 0.409110 0.549286 -0.728638 0.831522 0.698257 1 7 1.000000
skeleton
  7 -18.579556 1.082685 47.824295 0.409110 0.549286 -0.728638 0.831522 0.698257 1 7 1.000000
  7 -20.789600 0.491216 46.360405 0.631688 -0.409981 -0.657940 0.887635 0.700626 1 7 1.000000
  7 -20.828939 0.737887 46.319324 0.468144 0.493010 -0.733336 0.887666 0.693196 1 7 1.000000
skeleton
  7 -20.828939 0.737887 46.319324 0.468144 0.493010 -0.733336 0.887666 0.693196 1 7 1.000000
  7 -20.789600 0.491216 46.360405 0.631688 -0.409981 -0.657940 0.887635 0.700626 1 7 1.000000
  7 -22.066000 0.127670 45.076576 0.775569 -0.233452 -0.586509 0.943737 0.702442 1 7 1.000000
skeleton
  7 -20.828939 0.737887 46.319324 0.468144 0.493010 -0.733336 0.887666 0.693196 1 7 1.000000
  7 -22.066000 0.127670 45.076576 0.775569 -0.233452 -0.586509 0.943737 0.702442 1 7 1.000000
  7 -22.149488 0.329364 45.092987 0.541935 0.568728 -0.618752 0.944514 0.695492 1 7 1.000000
skeleton
  7 -22.149488 0.329364 45.092987 0.541935 0.568728 -0.618752 0.944514 0.695492 1 7 1.000000
  7 -22.066000 0.127670 45.076576 0.775569 -0.233452 -0.586509 0.943737 0.702442 1 7 1.000000
  7 -22.639214 -0.088808 44.385536 0.754723 -0.135728 -0.641850 0.972299 0.707592 1 7 1.000000
skeleton
  7 -22.149488 0.329364 45.092987 0.541935 0.568728 -0.618752 0.944514 0.695492 1 7 1.000000
  7 -22.639214 -0.088808 44.385536 0.754723 -0.135728 -0.641850 0.972299 0.707592 1 7 1.000000
  7 -22.658665 0.220293 44.327557 0.506767 0.548859 -0.664787 0.972416 0.698990 1 7 1.000000
skeleton
  7 -22.658665 0.220293 44.327557 0.506767 0.548859 -0.664787 0.972416 0.698990 1 7 1.000000
  7 -22.639214 -0.088808 44.385536 0.754723 -0.135728 -0.641850 0.972299 0.707592 1 7 1.000000
  7 -22.864109 -0.193220 44.186172 -0.039739 -0.323281 -0.945468 0.982068 0.708672 1 7 1.000000
skeleton
  7 -22.658665 0.220293 44.327557 0.506767 0.548859 -0.664787 0.972416 0.698990 1 7 1.000000
  7 -22.864109 -0.193220 44.186172 -0.039739 -0.323281 -0.945468 0.982068 0.708672 1 7 1.000000
  7 -22.883823 0.130932 44.167278 -0.012423 0.210693 -0.977473 0.980776 0.699493 1 7 1.000000
skeleton
  7 -22.883823 0.130932 44.167278 -0.012423 0.210693 -0.977473 0.980776 0.699493 1 7 1.000000
  7 -23.053391 0.437903 44.699478 0.012142 0.950352 -0.310940 0.972292 0.683879 1 7 1.000000
  7 -22.658665 0.220293 44.327557 0.506767 0.548859 -0.664787 0.972416 0.698990 1 7 1.000000
skeleton
  7 -22.883823 0.130932 44.167278 -0.012423 0.210693 -0.977473 0.980776 0.699493 1 7 1.000000
  7 -23.306808 0.251570 44.371887 -0.551651 0.406176 -0.728493 0.985975 0.686541 1 7 1.000000
  7 -23.053391 0.437903 44.699478 0.012142 0.950352 -0.310940 0.972292 0.683879 1 7 1.000000
skeleton
  7 -23.661274 0.404345 44.962761 -0.728111 0.649115 -0.220238 0.980640 0.667149 1 7 1.000000
  7 -23.053391 0.437903 44.699478 0.012142 0.950352 -0.310940 0.972292 0.683879 1 7 1.000000
  7 -23.306808 0.251570 44.371887 -0.551651 0.406176 -0.728493 0.985975 0.686541 1 7 1.000000
skeleton
  7 -23.661274 0.404345 44.962761 -0.728111 0.649115 -0.220238 0.980640 0.667149 1 7 1.000000
  7 -23.434532 0.465914 45.142765 -0.353875 0.913860 0.199080 0.971787 0.668080 1 7 1.000000
  7 -23.053391 0.437903 44.699478 0.012142 0.950352 -0.310940 0.972292 0.683879 1 7 1.000000
skeleton
  7 -23.614687 0.093821 45.427975 -0.587068 0.190281 0.786857 0.970910 0.654197 1 7 1.000000
  7 -23.434532 0.465914 45.142765 -0.353875 0.913860 0.199080 0.971787 0.668080 1 7 1.000000
  7 -23.661274 0.404345 44.962761 -0.728111 0.649115 -0.220238 0.980640 0.667149 1 7 1.000000
skeleton
  7 -22.794785 0.262656 45.850105 -0.525127 0.220736 0.821899 0.943464 0.661797 1 7 1.000000
  7 -23.434532 0.465914 45.142765 -0.353875 0.913860 0.199080 0.971787 0.668080 1 7 1.000000
  7 -23.614687 0.093821 45.427975 -0.587068 0.190281 0.786857 0.970910 0.654197 1 7 1.000000
skeleton
  7 -22.794785 0.262656 45.850105 -0.525127 0.220736 0.821899 0.943464 0.661797 1 7 1.000000
  7 -22.685047 0.532869 45.633957 -0.333391 0.889287 0.313081 0.944716 0.672037 1 7 1.000000
  7 -23.434532 0.465914 45.142765 -0.353875 0.913860 0.199080 0.971787 0.668080 1 7 1.000000
skeleton
  7 -23.614687 0.093821 45.427975 -0.587068 0.190281 0.786857 0.970910 0.654197 1 7 1.000000
  7 -23.661274 0.404345 44.962761 -0.728111 0.649115 -0.220238 0.980640 0.667149 1 7 1.000000
  7 -23.933958 -0.020151 45.175259 -0.676751 0.136597 0.723429 0.983799 0.651883 1 7 1.000000
skeleton
  7 -15.655437 1.818168 50.018089 0.838541 0.544596 -0.016242 0.708156 0.708979 1 7 1.000000
  7 -15.589941 1.566415 50.009861 0.974734 -0.005573 0.223299 0.708586 0.717483 1 7 1.000000
  7 -15.770627 1.492981 49.747849 0.628919 -0.240432 -0.739360 0.720188 0.717257 1 7 1.000000
skeleton
  7 -15.655437 1.818168 50.018089 0.838541 0.544596 -0.016242 0.708156 0.708979 1 7 1.000000
  7 -15.770627 1.492981 49.747849 0.628919 -0.240432 -0.739360 0.720188 0.717257 1 7 1.000000
  7 -15.798272 1.829234 49.806568 0.378755 0.574677 -0.725459 0.716205 0.708227 1 7 1.000000
skeleton
  7 -15.798272 1.829234 49.806568 0.378755 0.574677 -0.725459 0.716205 0.708227 1 7 1.000000
  7 -15.855003 1.968986 50.174351 0.548076 0.696809 0.462677 0.707883 0.699905 1 7 1.000000
  7 -15.655437 1.818168 50.018089 0.838541 0.544596 -0.016242 0.708156 0.708979 1 7 1.000000
skeleton
  7 -15.798272 1.829234 49.806568 0.378755 0.574677 -0.725459 0.716205 0.708227 1 7 1.000000
  7 -16.058289 1.974438 49.999458 -0.169972 0.933169 -0.316710 0.716061 0.699006 1 7 1.000000
  7 -15.855003 1.968986 50.174351 0.548076 0.696809 0.462677 0.707883 0.699905 1 7 1.000000
skeleton
  7 -16.058289 1.974438 49.999458 -0.169972 0.933169 -0.316710 0.716061 0.699006 1 7 1.000000
  7 -16.071146 1.925988 50.377605 -0.438874 0.816830 0.374403 0.708488 0.690805 1 7 1.000000
  7 -15.855003 1.968986 50.174351 0.548076 0.696809 0.462677 0.707883 0.699905 1 7 1.000000
skeleton
  7 -16.058289 1.974438 49.999458 -0.169972 0.933169 -0.316710 0.716061 0.699006 1 7 1.000000
  7 -16.239529 1.899953 50.222153 -0.688110 0.709684 0.151172 0.715488 0.691215 1 7 1.000000
  7 -16.071146 1.925988 50.377605 -0.438874 0.816830 0.374403 0.708488 0.690805 1 7 1.000000
skeleton
  7 -16.166548 1.845369 49.883507 -0.360475 0.859628 -0.362074 0.722453 0.699175 1 7 1.000000
  7 -16.239529 1.899953 50.222153 -0.688110 0.709684 0.151172 0.715488 0.691215 1 7 1.000000
  7 -16.058289 1.974438 49.999458 -0.169972 0.933169 -0.316710 0.716061 0.699006 1 7 1.000000
skeleton
  7 -16.166548 1.845369 49.883507 -0.360475 0.859628 -0.362074 0.722453 0.699175 1 7 1.000000
  7 -16.290308 1.767426 50.060570 -0.760593 0.642109 0.095885 0.722359 0.691800 1 7 1.000000
  7 -16.239529 1.899953 50.222153 -0.688110 0.709684 0.151172 0.715488 0.691215 1 7 1.000000
skeleton
  7 -16.588497 1.621915 49.565979 -0.257509 0.959108 -0.117478 0.742723 0.697048 1 7 1.000000
  7 -16.290308 1.767426 50.060570 -0.760593 0.642109 0.095885 0.722359 0.691800 1 7 1.000000
  7 -16.166548 1.845369 49.883507 -0.360475 0.859628 -0.362074 0.722453 0.699175 1 7 1.000000
skeleton
  7 -16.588497 1.621915 49.565979 -0.257509 0.959108 -0.117478 0.742723 0.697048 1 7 1.000000
  7 -16.671822 1.563208 49.693634 -0.567963 0.749394 0.340333 0.742468 0.691761 1 7 1.000000
  7 -16.290308 1.767426 50.060570 -0.760593 0.642109 0.095885 0.722359 0.691800 1 7 1.000000
skeleton
  7 -17.504187 1.390966 48.906887 -0.126119 0.988515 -0.083259 0.783472 0.693889 1 7 1.000000
  7 -16.671822 1.563208 49.693634 -0.567963 0.749394 0.340333 0.742468 0.691761 1 7 1.000000
  7 -16.588497 1.621915 49.565979 -0.257509 0.959108 -0.117478 0.742723 0.697048 1 7 1.000000
skeleton
  7 -17.391401 1.346404 48.740334 0.274159 0.742584 -0.611069 0.784418 0.700233 1 7 1.000000
  7 -17.504187 1.390966 48.906887 -0.126119 0.988515 -0.083259 0.783472 0.693889 1 7 1.000000
  7 -16.588497 1.621915 49.565979 -0.257509 0.959108 -0.117478 0.742723 0.697048 1 7 1.000000
skeleton
  7 -18.579556 1.082685 47.824295 0.409110 0.549286 -0.728638 0.831522 0.698257 1 7 1.000000
  7 -17.504187 1.390966 48.906887 -0.126119 0.988515 -0.083259 0.783472 0.693889 1 7 1.000000
  7 -17.391401 1.346404 48.740334 0.274159 0.742584 -0.611069 0.784418 0.700233 1 7 1.000000
skeleton
  7 -17.391401 1.346404 48.740334 0.274159 0.742584 -0.611069 0.784418 0.700233 1 7 1.000000
  7 -18.526709 0.900814 47.874897 0.553351 -0.329241 -0.765116 0.830645 0.704920 1 7 1.000000
  7 -18.579556 1.082685 47.824295 0.409110 0.549286 -0.728638 0.831522 0.698257 1 7 1.000000
skeleton
  7 -18.579556 1.082685 47.824295 0.409110 0.549286 -0.728638 0.831522 0.698257 1 7 1.000000
  7 -18.526709 0.900814 47.874897 0.553351 -0.329241 -0.765116 0.830645 0.704920 1 7 1.000000
  7 -20.789600 0.491216 46.360405 0.631688 -0.409981 -0.657940 0.887635 0.700626 1 7 1.000000
skeleton
  7 -15.798272 1.829234 49.806568 0.378755 0.574677 -0.725459 0.716205 0.708227 1 7 1.000000
  7 -15.770627 1.492981 49.747849 0.628919 -0.240432 -0.739360 0.720188 0.717257 1 7 1.000000
  7 -15.967662 1.455891 49.690277 0.521906 -0.145778 -0.840454 0.726810 0.715266 1 7 1.000000
skeleton
  7 -15.798272 1.829234 49.806568 0.378755 0.574677 -0.725459 0.716205 0.708227 1 7 1.000000
  7 -15.967662 1.455891 49.690277 0.521906 -0.145778 -0.840454 0.726810 0.715266 1 7 1.000000
  7 -15.999140 1.722821 49.729099 0.181429 0.586009 -0.789732 0.723361 0.707284 1 7 1.000000
skeleton
  7 -15.999140 1.722821 49.729099 0.181429 0.586009 -0.789732 0.723361 0.707284 1 7 1.000000
  7 -16.058289 1.974438 49.999458 -0.169972 0.933169 -0.316710 0.716061 0.699006 1 7 1.000000
  7 -15.798272 1.829234 49.806568 0.378755 0.574677 -0.725459 0.716205 0.708227 1 7 1.000000
skeleton
  7 -15.999140 1.722821 49.729099 0.181429 0.586009 -0.789732 0.723361 0.707284 1 7 1.000000
  7 -16.166548 1.845369 49.883507 -0.360475 0.859628 -0.362074 0.722453 0.699175 1 7 1.000000
  7 -16.058289 1.974438 49.999458 -0.169972 0.933169 -0.316710 0.716061 0.699006 1 7 1.000000
skeleton
  7 -16.509386 1.581321 49.362370 0.233073 0.756707 -0.610795 0.745871 0.703627 1 7 1.000000
  7 -16.166548 1.845369 49.883507 -0.360475 0.859628 -0.362074 0.722453 0.699175 1 7 1.000000
  7 -15.999140 1.722821 49.729099 0.181429 0.586009 -0.789732 0.723361 0.707284 1 7 1.000000
skeleton
  7 -16.509386 1.581321 49.362370 0.233073 0.756707 -0.610795 0.745871 0.703627 1 7 1.000000
  7 -16.588497 1.621915 49.565979 -0.257509 0.959108 -0.117478 0.742723 0.697048 1 7 1.000000
  7 -16.166548 1.845369 49.883507 -0.360475 0.859628 -0.362074 0.722453 0.699175 1 7 1.000000
skeleton
  7 -17.391401 1.346404 48.740334 0.274159 0.742584 -0.611069 0.784418 0.700233 1 7 1.000000
  7 -16.588497 1.621915 49.565979 -0.257509 0.959108 -0.117478 0.742723 0.697048 1 7 1.000000
  7 -16.509386 1.581321 49.362370 0.233073 0.756707 -0.610795 0.745871 0.703627 1 7 1.000000
skeleton
  7 -16.509386 1.581321 49.362370 0.233073 0.756707 -0.610795 0.745871 0.703627 1 7 1.000000
  7 -17.293921 1.178620 48.640823 0.544691 0.062199 -0.836327 0.785316 0.706723 1 7 1.000000
  7 -17.391401 1.346404 48.740334 0.274159 0.742584 -0.611069 0.784418 0.700233 1 7 1.000000
skeleton
  7 -17.391401 1.346404 48.740334 0.274159 0.742584 -0.611069 0.784418 0.700233 1 7 1.000000
  7 -17.293921 1.178620 48.640823 0.544691 0.062199 -0.836327 0.785316 0.706723 1 7 1.000000
  7 -18.526709 0.900814 47.874897 0.553351 -0.329241 -0.765116 0.830645 0.704920 1 7 1.000000
skeleton
  7 -15.999140 1.722821 49.729099 0.181429 0.586009 -0.789732 0.723361 0.707284 1 7 1.000000
  7 -15.967662 1.455891 49.690277 0.521906 -0.145778 -0.840454 0.726810 0.715266 1 7 1.000000
  7 -16.426777 1.385562 49.290272 0.609206 0.127510 -0.782694 0.747504 0.710655 1 7 1.000000
skeleton
  7 -15.999140 1.722821 49.729099 0.181429 0.586009 -0.789732 0.723361 0.707284 1 7 1.000000
  7 -16.426777 1.385562 49.290272 0.609206 0.127510 -0.782694 0.747504 0.710655 1 7 1.000000
  7 -16.509386 1.581321 49.362370 0.233073 0.756707 -0.610795 0.745871 0.703627 1 7 1.000000
skeleton
  7 -16.509386 1.581321 49.362370 0.233073 0.756707 -0.610795 0.745871 0.703627 1 7 1.000000
  7 -16.426777 1.385562 49.290272 0.609206 0.127510 -0.782694 0.747504 0.710655 1 7 1.000000
  7 -17.293921 1.178620 48.640823 0.544691 0.062199 -0.836327 0.785316 0.706723 1 7 1.000000
skeleton
  7 -16.661503 1.234380 49.748707 -0.445379 -0.482036 0.754506 0.743112 0.744845 1 7 1.000000
  7 -16.723379 1.431058 49.773605 -0.665865 0.154396 0.729921 0.742297 0.751155 1 7 1.000000
  7 -17.610123 1.179404 49.142075 -0.559201 0.182069 0.808792 0.777649 0.753343 1 7 1.000000
skeleton
  7 -17.575346 1.000891 49.132298 -0.385853 -0.506169 0.771304 0.778310 0.747697 1 7 1.000000
  7 -17.610123 1.179404 49.142075 -0.559201 0.182069 0.808792 0.777649 0.753343 1 7 1.000000
  7 -18.931257 0.942147 48.376335 -0.543154 0.151562 0.825841 0.826850 0.755932 1 7 1.000000
skeleton
  7 -16.661503 1.234380 49.748707 -0.445379 -0.482036 0.754506 0.743112 0.744845 1 7 1.000000
  7 -17.610123 1.179404 49.142075 -0.559201 0.182069 0.808792 0.777649 0.753343 1 7 1.000000
  7 -17.575346 1.000891 49.132298 -0.385853 -0.506169 0.771304 0.778310 0.747697 1 7 1.000000
skeleton
  7 -16.545502 1.060274 49.648731 0.105925 -0.873752 0.474698 0.744281 0.738110 1 7 1.000000
  7 -16.661503 1.234380 49.748707 -0.445379 -0.482036 0.754506 0.743112 0.744845 1 7 1.000000
  7 -17.575346 1.000891 49.132298 -0.385853 -0.506169 0.771304 0.778310 0.747697 1 7 1.000000
skeleton
  7 -16.166471 1.242786 49.993168 -0.160841 -0.969726 0.183741 0.724569 0.737371 1 7 1.000000
  7 -16.661503 1.234380 49.748707 -0.445379 -0.482036 0.754506 0.743112 0.744845 1 7 1.000000
  7 -16.545502 1.060274 49.648731 0.105925 -0.873752 0.474698 0.744281 0.738110 1 7 1.000000
skeleton
  7 -16.166471 1.242786 49.993168 -0.160841 -0.969726 0.183741 0.724569 0.737371 1 7 1.000000
  7 -16.305920 1.383370 50.081612 -0.656374 -0.547681 0.518863 0.724551 0.744816 1 7 1.000000
  7 -16.661503 1.234380 49.748707 -0.445379 -0.482036 0.754506 0.743112 0.744845 1 7 1.000000
skeleton
  7 -16.305920 1.383370 50.081612 -0.656374 -0.547681 0.518863 0.724551 0.744816 1 7 1.000000
  7 -16.723379 1.431058 49.773605 -0.665865 0.154396 0.729921 0.742297 0.751155 1 7 1.000000
  7 -16.661503 1.234380 49.748707 -0.445379 -0.482036 0.754506 0.743112 0.744845 1 7 1.000000
skeleton
  7 -16.305920 1.383370 50.081612 -0.656374 -0.547681 0.518863 0.724551 0.744816 1 7 1.000000
  7 -16.350019 1.597223 50.151608 -0.889059 0.072463 0.452021 0.722697 0.751952 1 7 1.000000
  7 -16.723379 1.431058 49.773605 -0.665865 0.154396 0.729921 0.742297 0.751155 1 7 1.000000
skeleton
  7 -18.825445 0.687390 48.355312 -0.331868 -0.624992 0.706575 0.826152 0.748429 1 7 1.000000
  7 -18.931257 0.942147 48.376335 -0.543154 0.151562 0.825841 0.826850 0.755932 1 7 1.000000
  7 -21.222214 0.548578 46.821320 -0.561664 0.167729 0.810186 0.881749 0.758705 1 7 1.000000
skeleton
  7 -17.575346 1.000891 49.132298 -0.385853 -0.506169 0.771304 0.778310 0.747697 1 7 1.000000
  7 -18.931257 0.942147 48.376335 -0.543154 0.151562 0.825841 0.826850 0.755932 1 7 1.000000
  7 -18.825445 0.687390 48.355312 -0.331868 -0.624992 0.706575 0.826152 0.748429 1 7 1.000000
skeleton
  7 -17.446203 0.842995 49.012737 -0.099945 -0.966939 0.234607 0.778108 0.741013 1 7 1.000000
  7 -17.575346 1.000891 49.132298 -0.385853 -0.506169 0.771304 0.778310 0.747697 1 7 1.000000
  7 -18.825445 0.687390 48.355312 -0.331868 -0.624992 0.706575 0.826152 0.748429 1 7 1.000000
skeleton
  7 -16.545502 1.060274 49.648731 0.105925 -0.873752 0.474698 0.744281 0.738110 1 7 1.000000
  7 -17.575346 1.000891 49.132298 -0.385853 -0.506169 0.771304 0.778310 0.747697 1 7 1.000000
  7 -17.446203 0.842995 49.012737 -0.099945 -0.966939 0.234607 0.778108 0.741013 1 7 1.000000
skeleton
  7 -17.268511 0.827455 49.023861 0.018919 -0.998749 -0.046276 0.773070 0.737217 1 7 1.000000
  7 -16.545502 1.060274 49.648731 0.105925 -0.873752 0.474698 0.744281 0.738110 1 7 1.000000
  7 -17.446203 0.842995 49.012737 -0.099945 -0.966939 0.234607 0.778108 0.741013 1 7 1.000000
skeleton
  7 -17.126417 0.935654 48.738781 0.336899 -0.693073 -0.637298 0.773647 0.729216 1 7 1.000000
  7 -17.268511 0.827455 49.023861 0.018919 -0.998749 -0.046276 0.773070 0.737217 1 7 1.000000
  7 -17.446203 0.842995 49.012737 -0.099945 -0.966939 0.234607 0.778108 0.741013 1 7 1.000000
skeleton
  7 -16.220549 1.382411 50.362194 -0.662237 -0.559218 0.498716 0.715332 0.746074 1 7 1.000000
  7 -16.292675 1.659594 50.369049 -0.876048 0.105952 0.470440 0.715831 0.754138 1 7 1.000000
  7 -16.350019 1.597223 50.151608 -0.889059 0.072463 0.452021 0.722697 0.751952 1 7 1.000000
skeleton
  7 -16.220549 1.382411 50.362194 -0.662237 -0.559218 0.498716 0.715332 0.746074 1 7 1.000000
  7 -16.350019 1.597223 50.151608 -0.889059 0.072463 0.452021 0.722697 0.751952 1 7 1.000000
  7 -16.305920 1.383370 50.081612 -0.656374 -0.547681 0.518863 0.724551 0.744816 1 7 1.000000
skeleton
  7 -16.022945 1.196954 50.208332 -0.105589 -0.969793 0.219892 0.715733 0.737778 1 7 1.000000
  7 -16.220549 1.382411 50.362194 -0.662237 -0.559218 0.498716 0.715332 0.746074 1 7 1.000000
  7 -16.305920 1.383370 50.081612 -0.656374 -0.547681 0.518863 0.724551 0.744816 1 7 1.000000
skeleton
  7 -16.022945 1.196954 50.208332 -0.105589 -0.969793 0.219892 0.715733 0.737778 1 7 1.000000
  7 -16.305920 1.383370 50.081612 -0.656374 -0.547681 0.518863 0.724551 0.744816 1 7 1.000000
  7 -16.166471 1.242786 49.993168 -0.160841 -0.969726 0.183741 0.724569 0.737371 1 7 1.000000
skeleton
  7 -15.832347 1.243446 49.965683 0.432335 -0.855956 -0.283595 0.716834 0.729304 1 7 1.000000
  7 -16.022945 1.196954 50.208332 -0.105589 -0.969793 0.219892 0.715733 0.737778 1 7 1.000000
  7 -16.166471 1.242786 49.993168 -0.160841 -0.969726 0.183741 0.724569 0.737371 1 7 1.000000
skeleton
  7 -15.832347 1.243446 49.965683 0.432335 -0.855956 -0.283595 0.716834 0.729304 1 7 1.000000
  7 -16.166471 1.242786 49.993168 -0.160841 -0.969726 0.183741 0.724569 0.737371 1 7 1.000000
  7 -16.029163 1.251274 49.859295 0.396412 -0.816158 -0.420410 0.724557 0.730579 1 7 1.000000
skeleton
  7 -16.029163 1.251274 49.859295 0.396412 -0.816158 -0.420410 0.724557 0.730579 1 7 1.000000
  7 -16.166471 1.242786 49.993168 -0.160841 -0.969726 0.183741 0.724569 0.737371 1 7 1.000000
  7 -16.545502 1.060274 49.648731 0.105925 -0.873752 0.474698 0.744281 0.738110 1 7 1.000000
skeleton
  7 -16.029163 1.251274 49.859295 0.396412 -0.816158 -0.420410 0.724557 0.730579 1 7 1.000000
  7 -16.545502 1.060274 49.648731 0.105925 -0.873752 0.474698 0.744281 0.738110 1 7 1.000000
  7 -16.407038 1.212777 49.296768 0.760431 -0.382899 -0.524531 0.748366 0.724471 1 7 1.000000
skeleton
  7 -16.590279 0.945516 49.475887 0.404108 -0.896417 0.182023 0.751553 0.735233 1 7 1.000000
  7 -16.407038 1.212777 49.296768 0.760431 -0.382899 -0.524531 0.748366 0.724471 1 7 1.000000
  7 -16.545502 1.060274 49.648731 0.105925 -0.873752 0.474698 0.744281 0.738110 1 7 1.000000
skeleton
  7 -17.268511 0.827455 49.023861 0.018919 -0.998749 -0.046276 0.773070 0.737217 1 7 1.000000
  7 -16.590279 0.945516 49.475887 0.404108 -0.896417 0.182023 0.751553 0.735233 1 7 1.000000
  7 -16.545502 1.060274 49.648731 0.105925 -0.873752 0.474698 0.744281 0.738110 1 7 1.000000
skeleton
  7 -16.464975 1.065217 49.227459 0.764277 -0.514544 -0.388749 0.752560 0.728134 1 7 1.000000
  7 -16.590279 0.945516 49.475887 0.404108 -0.896417 0.182023 0.751553 0.735233 1 7 1.000000
  7 -17.268511 0.827455 49.023861 0.018919 -0.998749 -0.046276 0.773070 0.737217 1 7 1.000000
skeleton
  7 -16.464975 1.065217 49.227459 0.764277 -0.514544 -0.388749 0.752560 0.728134 1 7 1.000000
  7 -17.268511 0.827455 49.023861 0.018919 -0.998749 -0.046276 0.773070 0.737217 1 7 1.000000
  7 -17.126417 0.935654 48.738781 0.336899 -0.693073 -0.637298 0.773647 0.729216 1 7 1.000000
skeleton
  7 -16.464975 1.065217 49.227459 0.764277 -0.514544 -0.388749 0.752560 0.728134 1 7 1.000000
  7 -17.126417 0.935654 48.738781 0.336899 -0.693073 -0.637298 0.773647 0.729216 1 7 1.000000
  7 -17.324718 1.009995 48.641960 0.440080 -0.529844 -0.724980 0.781613 0.726752 1 7 1.000000
skeleton
  7 -17.126417 0.935654 48.738781 0.336899 -0.693073 -0.637298 0.773647 0.729216 1 7 1.000000
  7 -17.446203 0.842995 49.012737 -0.099945 -0.966939 0.234607 0.778108 0.741013 1 7 1.000000
  7 -17.324718 1.009995 48.641960 0.440080 -0.529844 -0.724980 0.781613 0.726752 1 7 1.000000
skeleton
  7 -17.324718 1.009995 48.641960 0.440080 -0.529844 -0.724980 0.781613 0.726752 1 7 1.000000
  7 -17.446203 0.842995 49.012737 -0.099945 -0.966939 0.234607 0.778108 0.741013 1 7 1.000000
  7 -18.725525 0.645341 48.247715 0.126294 -0.989808 0.065801 0.825564 0.741869 1 7 1.000000
skeleton
  7 -17.446203 0.842995 49.012737 -0.099945 -0.966939 0.234607 0.778108 0.741013 1 7 1.000000
  7 -18.825445 0.687390 48.355312 -0.331868 -0.624992 0.706575 0.826152 0.748429 1 7 1.000000
  7 -18.725525 0.645341 48.247715 0.126294 -0.989808 0.065801 0.825564 0.741869 1 7 1.000000
skeleton
  7 -18.725525 0.645341 48.247715 0.126294 -0.989808 0.065801 0.825564 0.741869 1 7 1.000000
  7 -18.825445 0.687390 48.355312 -0.331868 -0.624992 0.706575 0.826152 0.748429 1 7 1.000000
  7 -21.146002 0.301615 46.827732 -0.276595 -0.713529 0.643717 0.881206 0.751579 1 7 1.000000
skeleton
  7 -18.825445 0.687390 48.355312 -0.331868 -0.624992 0.706575 0.826152 0.748429 1 7 1.000000
  7 -21.222214 0.548578 46.821320 -0.561664 0.167729 0.810186 0.881749 0.758705 1 7 1.000000
  7 -21.146002 0.301615 46.827732 -0.276595 -0.713529 0.643717 0.881206 0.751579 1 7 1.000000
skeleton
  7 -21.146002 0.301615 46.827732 -0.276595 -0.713529 0.643717 0.881206 0.751579 1 7 1.000000
  7 -21.222214 0.548578 46.821320 -0.561664 0.167729 0.810186 0.881749 0.758705 1 7 1.000000
  7 -22.794785 0.262656 45.850105 -0.525127 0.220736 0.821899 0.938183 0.761693 1 7 1.000000
skeleton
  7 -16.590279 0.945516 49.475887 0.404108 -0.896417 0.182023 0.751553 0.735233 1 7 1.000000
  7 -16.464975 1.065217 49.227459 0.764277 -0.514544 -0.388749 0.752560 0.728134 1 7 1.000000
  7 -16.407038 1.212777 49.296768 0.760431 -0.382899 -0.524531 0.748366 0.724471 1 7 1.000000
skeleton
  7 -16.464975 1.065217 49.227459 0.764277 -0.514544 -0.388749 0.752560 0.728134 1 7 1.000000
  7 -17.324718 1.009995 48.641960 0.440080 -0.529844 -0.724980 0.781613 0.726752 1 7 1.000000
  7 -16.407038 1.212777 49.296768 0.760431 -0.382899 -0.524531 0.748366 0.724471 1 7 1.000000
skeleton
  7 -18.725525 0.645341 48.247715 0.126294 -0.989808 0.065801 0.825564 0.741869 1 7 1.000000
  7 -21.146002 0.301615 46.827732 -0.276595 -0.713529 0.643717 0.881206 0.751579 1 7 1.000000
  7 -21.051989 0.277991 46.705112 0.180181 -0.982275 0.051684 0.881113 0.744405 1 7 1.000000
skeleton
  7 -18.627825 0.767158 48.065197 0.390564 -0.822767 -0.412934 0.825793 0.734882 1 7 1.000000
  7 -18.725525 0.645341 48.247715 0.126294 -0.989808 0.065801 0.825564 0.741869 1 7 1.000000
  7 -21.051989 0.277991 46.705112 0.180181 -0.982275 0.051684 0.881113 0.744405 1 7 1.000000
skeleton
  7 -17.324718 1.009995 48.641960 0.440080 -0.529844 -0.724980 0.781613 0.726752 1 7 1.000000
  7 -18.725525 0.645341 48.247715 0.126294 -0.989808 0.065801 0.825564 0.741869 1 7 1.000000
  7 -18.627825 0.767158 48.065197 0.390564 -0.822767 -0.412934 0.825793 0.734882 1 7 1.000000
skeleton
  7 -16.063681 1.428302 50.514416 -0.471782 -0.531509 0.703505 0.708226 0.746011 1 7 1.000000
  7 -16.132030 1.702129 50.524910 -0.696866 0.175041 0.695513 0.708219 0.754599 1 7 1.000000
  7 -16.292675 1.659594 50.369049 -0.876048 0.105952 0.470440 0.715831 0.754138 1 7 1.000000
skeleton
  7 -16.063681 1.428302 50.514416 -0.471782 -0.531509 0.703505 0.708226 0.746011 1 7 1.000000
  7 -16.292675 1.659594 50.369049 -0.876048 0.105952 0.470440 0.715831 0.754138 1 7 1.000000
  7 -16.220549 1.382411 50.362194 -0.662237 -0.559218 0.498716 0.715332 0.746074 1 7 1.000000
skeleton
  7 -15.878652 1.290791 50.364616 0.581081 -0.395087 0.711513 0.708559 0.737785 1 7 1.000000
  7 -16.063681 1.428302 50.514416 -0.471782 -0.531509 0.703505 0.708226 0.746011 1 7 1.000000
  7 -16.220549 1.382411 50.362194 -0.662237 -0.559218 0.498716 0.715332 0.746074 1 7 1.000000
skeleton
  7 -15.878652 1.290791 50.364616 0.581081 -0.395087 0.711513 0.708559 0.737785 1 7 1.000000
  7 -16.220549 1.382411 50.362194 -0.662237 -0.559218 0.498716 0.715332 0.746074 1 7 1.000000
  7 -16.022945 1.196954 50.208332 -0.105589 -0.969793 0.219892 0.715733 0.737778 1 7 1.000000
skeleton
  7 -15.697173 1.351900 50.131031 0.828994 -0.504022 0.242345 0.709419 0.728731 1 7 1.000000
  7 -15.878652 1.290791 50.364616 0.581081 -0.395087 0.711513 0.708559 0.737785 1 7 1.000000
  7 -16.022945 1.196954 50.208332 -0.105589 -0.969793 0.219892 0.715733 0.737778 1 7 1.000000
skeleton
  7 -15.697173 1.351900 50.131031 0.828994 -0.504022 0.242345 0.709419 0.728731 1 7 1.000000
  7 -16.022945 1.196954 50.208332 -0.105589 -0.969793 0.219892 0.715733 0.737778 1 7 1.000000
  7 -15.832347 1.243446 49.965683 0.432335 -0.855956 -0.283595 0.716834 0.729304 1 7 1.000000
skeleton
  7 -15.589941 1.566415 50.009861 0.974734 -0.005573 0.223299 0.707830 0.720559 1 7 1.000000
  7 -15.697173 1.351900 50.131031 0.828994 -0.504022 0.242345 0.709419 0.728731 1 7 1.000000
  7 -15.832347 1.243446 49.965683 0.432335 -0.855956 -0.283595 0.716834 0.729304 1 7 1.000000
skeleton
  7 -15.589941 1.566415 50.009861 0.974734 -0.005573 0.223299 0.707830 0.720559 1 7 1.000000
  7 -15.832347 1.243446 49.965683 0.432335 -0.855956 -0.283595 0.716834 0.729304 1 7 1.000000
  7 -15.770627 1.492981 49.747849 0.628919 -0.240432 -0.739360 0.718661 0.719149 1 7 1.000000
skeleton
  7 -15.770627 1.492981 49.747849 0.628919 -0.240432 -0.739360 0.718661 0.719149 1 7 1.000000
  7 -15.832347 1.243446 49.965683 0.432335 -0.855956 -0.283595 0.716834 0.729304 1 7 1.000000
  7 -16.029163 1.251274 49.859295 0.396412 -0.816158 -0.420410 0.724557 0.730579 1 7 1.000000
skeleton
  7 -15.770627 1.492981 49.747849 0.628919 -0.240432 -0.739360 0.718661 0.719149 1 7 1.000000
  7 -16.029163 1.251274 49.859295 0.396412 -0.816158 -0.420410 0.724557 0.730579 1 7 1.000000
  7 -15.967662 1.455891 49.690277 0.521906 -0.145778 -0.840454 0.725928 0.721303 1 7 1.000000
skeleton
  7 -15.967662 1.455891 49.690277 0.521906 -0.145778 -0.840454 0.725928 0.721303 1 7 1.000000
  7 -16.029163 1.251274 49.859295 0.396412 -0.816158 -0.420410 0.724557 0.730579 1 7 1.000000
  7 -16.407038 1.212777 49.296768 0.760431 -0.382899 -0.524531 0.748366 0.724471 1 7 1.000000
skeleton
  7 -15.967662 1.455891 49.690277 0.521906 -0.145778 -0.840454 0.725928 0.721303 1 7 1.000000
  7 -16.407038 1.212777 49.296768 0.760431 -0.382899 -0.524531 0.748366 0.724471 1 7 1.000000
  7 -16.426777 1.385562 49.290272 0.609206 0.127510 -0.782694 0.747679 0.719471 1 7 1.000000
skeleton
  7 -16.426777 1.385562 49.290272 0.609206 0.127510 -0.782694 0.747679 0.719471 1 7 1.000000
  7 -16.407038 1.212777 49.296768 0.760431 -0.382899 -0.524531 0.748366 0.724471 1 7 1.000000
  7 -17.324718 1.009995 48.641960 0.440080 -0.529844 -0.724980 0.781613 0.726752 1 7 1.000000
skeleton
  7 -16.426777 1.385562 49.290272 0.609206 0.127510 -0.782694 0.747679 0.719471 1 7 1.000000
  7 -17.324718 1.009995 48.641960 0.440080 -0.529844 -0.724980 0.781613 0.726752 1 7 1.000000
  7 -17.293921 1.178620 48.640823 0.544691 0.062199 -0.836327 0.780408 0.721887 1 7 1.000000
skeleton
  7 -17.293921 1.178620 48.640823 0.544691 0.062199 -0.836327 0.780408 0.721887 1 7 1.000000
  7 -17.324718 1.009995 48.641960 0.440080 -0.529844 -0.724980 0.781613 0.726752 1 7 1.000000
  7 -18.627825 0.767158 48.065197 0.390564 -0.822767 -0.412934 0.825793 0.734882 1 7 1.000000
skeleton
  7 -17.293921 1.178620 48.640823 0.544691 0.062199 -0.836327 0.780408 0.721887 1 7 1.000000
  7 -18.627825 0.767158 48.065197 0.390564 -0.822767 -0.412934 0.825793 0.734882 1 7 1.000000
  7 -18.526709 0.900814 47.874897 0.553351 -0.329241 -0.765116 0.826045 0.727853 1 7 1.000000
skeleton
  7 -18.526709 0.900814 47.874897 0.553351 -0.329241 -0.765116 0.826045 0.727853 1 7 1.000000
  7 -18.627825 0.767158 48.065197 0.390564 -0.822767 -0.412934 0.825793 0.734882 1 7 1.000000
  7 -20.898603 0.336492 46.530701 0.409918 -0.874916 -0.257854 0.880143 0.737268 1 7 1.000000
skeleton
  7 -18.627825 0.767158 48.065197 0.390564 -0.822767 -0.412934 0.825793 0.734882 1 7 1.000000
  7 -21.051989 0.277991 46.705112 0.180181 -0.982275 0.051684 0.881113 0.744405 1 7 1.000000
  7 -20.898603 0.336492 46.530701 0.409918 -0.874916 -0.257854 0.880143 0.737268 1 7 1.000000
skeleton
  7 -18.526709 0.900814 47.874897 0.553351 -0.329241 -0.765116 0.826045 0.727853 1 7 1.000000
  7 -20.898603 0.336492 46.530701 0.409918 -0.874916 -0.257854 0.880143 0.737268 1 7 1.000000
  7 -20.789600 0.491216 46.360405 0.631688 -0.409981 -0.657940 0.879620 0.730202 1 7 1.000000
skeleton
  7 -20.898603 0.336492 46.530701 0.409918 -0.874916 -0.257854 0.880143 0.737268 1 7 1.000000
  7 -22.066000 0.127670 45.076576 0.775569 -0.233452 -0.586509 0.934923 0.721584 1 7 1.000000
  7 -20.789600 0.491216 46.360405 0.631688 -0.409981 -0.657940 0.879620 0.730202 1 7 1.000000
skeleton
  7 -20.898603 0.336492 46.530701 0.409918 -0.874916 -0.257854 0.880143 0.737268 1 7 1.000000
  7 -22.147083 -0.036458 45.234180 0.541466 -0.823426 -0.169658 0.935894 0.728617 1 7 1.000000
  7 -22.066000 0.127670 45.076576 0.775569 -0.233452 -0.586509 0.934923 0.721584 1 7 1.000000
skeleton
  7 -20.898603 0.336492 46.530701 0.409918 -0.874916 -0.257854 0.880143 0.737268 1 7 1.000000
  7 -22.388084 -0.089843 45.536522 0.244567 -0.958800 0.144529 0.936672 0.739725 1 7 1.000000
  7 -22.147083 -0.036458 45.234180 0.541466 -0.823426 -0.169658 0.935894 0.728617 1 7 1.000000
skeleton
  7 -22.066000 0.127670 45.076576 0.775569 -0.233452 -0.586509 0.934923 0.721584 1 7 1.000000
  7 -22.641479 -0.390072 44.476856 0.639197 -0.738138 -0.215822 0.963651 0.720892 1 7 1.000000
  7 -22.639214 -0.088808 44.385536 0.754723 -0.135728 -0.641850 0.961010 0.712892 1 7 1.000000
skeleton
  7 -22.066000 0.127670 45.076576 0.775569 -0.233452 -0.586509 0.934923 0.721584 1 7 1.000000
  7 -22.147083 -0.036458 45.234180 0.541466 -0.823426 -0.169658 0.935894 0.728617 1 7 1.000000
  7 -22.641479 -0.390072 44.476856 0.639197 -0.738138 -0.215822 0.963651 0.720892 1 7 1.000000
skeleton
  7 -22.147083 -0.036458 45.234180 0.541466 -0.823426 -0.169658 0.935894 0.728617 1 7 1.000000
  7 -23.027149 -0.396370 44.885887 0.241363 -0.949952 0.198332 0.965303 0.735713 1 7 1.000000
  7 -22.641479 -0.390072 44.476856 0.639197 -0.738138 -0.215822 0.963651 0.720892 1 7 1.000000
skeleton
  7 -22.147083 -0.036458 45.234180 0.541466 -0.823426 -0.169658 0.935894 0.728617 1 7 1.000000
  7 -22.388084 -0.089843 45.536522 0.244567 -0.958800 0.144529 0.936672 0.739725 1 7 1.000000
  7 -23.027149 -0.396370 44.885887 0.241363 -0.949952 0.198332 0.965303 0.735713 1 7 1.000000
skeleton
  7 -22.388084 -0.089843 45.536522 0.244567 -0.958800 0.144529 0.936672 0.739725 1 7 1.000000
  7 -23.358160 -0.397812 45.393173 -0.182925 -0.779087 0.599635 0.963770 0.751149 1 7 1.000000
  7 -23.027149 -0.396370 44.885887 0.241363 -0.949952 0.198332 0.965303 0.735713 1 7 1.000000
skeleton
  7 -22.388084 -0.089843 45.536522 0.244567 -0.958800 0.144529 0.936672 0.739725 1 7 1.000000
  7 -22.652630 -0.081665 45.839703 -0.163872 -0.735764 0.657112 0.937616 0.751066 1 7 1.000000
  7 -23.358160 -0.397812 45.393173 -0.182925 -0.779087 0.599635 0.963770 0.751149 1 7 1.000000
skeleton
  7 -20.898603 0.336492 46.530701 0.409918 -0.874916 -0.257854 0.880143 0.737268 1 7 1.000000
  7 -21.051989 0.277991 46.705112 0.180181 -0.982275 0.051684 0.881113 0.744405 1 7 1.000000
  7 -22.388084 -0.089843 45.536522 0.244567 -0.958800 0.144529 0.936672 0.739725 1 7 1.000000
skeleton
  7 -21.146002 0.301615 46.827732 -0.276595 -0.713529 0.643717 0.881206 0.751579 1 7 1.000000
  7 -22.388084 -0.089843 45.536522 0.244567 -0.958800 0.144529 0.936672 0.739725 1 7 1.000000
  7 -21.051989 0.277991 46.705112 0.180181 -0.982275 0.051684 0.881113 0.744405 1 7 1.000000
skeleton
  7 -21.146002 0.301615 46.827732 -0.276595 -0.713529 0.643717 0.881206 0.751579 1 7 1.000000
  7 -22.652630 -0.081665 45.839703 -0.163872 -0.735764 0.657112 0.937616 0.751066 1 7 1.000000
  7 -22.388084 -0.089843 45.536522 0.244567 -0.958800 0.144529 0.936672 0.739725 1 7 1.000000
skeleton
  7 -21.146002 0.301615 46.827732 -0.276595 -0.713529 0.643717 0.881206 0.751579 1 7 1.000000
  7 -22.794785 0.262656 45.850105 -0.525127 0.220736 0.821899 0.938183 0.761693 1 7 1.000000
  7 -22.652630 -0.081665 45.839703 -0.163872 -0.735764 0.657112 0.937616 0.751066 1 7 1.000000
skeleton
  7 -22.652630 -0.081665 45.839703 -0.163872 -0.735764 0.657112 0.937616 0.751066 1 7 1.000000
  7 -22.794785 0.262656 45.850105 -0.525127 0.220736 0.821899 0.938183 0.761693 1 7 1.000000
  7 -23.614687 0.093821 45.427975 -0.587068 0.190281 0.786857 0.966022 0.765535 1 7 1.000000
skeleton
  7 -22.652630 -0.081665 45.839703 -0.163872 -0.735764 0.657112 0.937616 0.751066 1 7 1.000000
  7 -23.614687 0.093821 45.427975 -0.587068 0.190281 0.786857 0.966022 0.765535 1 7 1.000000
  7 -23.358160 -0.397812 45.393173 -0.182925 -0.779087 0.599635 0.963770 0.751149 1 7 1.000000
skeleton
  7 -23.358160 -0.397812 45.393173 -0.182925 -0.779087 0.599635 0.963770 0.751149 1 7 1.000000
  7 -23.614687 0.093821 45.427975 -0.587068 0.190281 0.786857 0.966022 0.765535 1 7 1.000000
  7 -23.933958 -0.020151 45.175259 -0.676751 0.136597 0.723429 0.978570 0.764491 1 7 1.000000
skeleton
  7 -23.358160 -0.397812 45.393173 -0.182925 -0.779087 0.599635 0.963770 0.751149 1 7 1.000000
  7 -23.933958 -0.020151 45.175259 -0.676751 0.136597 0.723429 0.978570 0.764491 1 7 1.000000
  7 -23.597414 -0.399207 45.162819 -0.521708 -0.847332 0.099247 0.973081 0.751578 1 7 1.000000
skeleton
  7 -23.027149 -0.396370 44.885887 0.241363 -0.949952 0.198332 0.965303 0.735713 1 7 1.000000
  7 -23.358160 -0.397812 45.393173 -0.182925 -0.779087 0.599635 0.963770 0.751149 1 7 1.000000
  7 -23.597414 -0.399207 45.162819 -0.521708 -0.847332 0.099247 0.973081 0.751578 1 7 1.000000
skeleton
  7 -23.027149 -0.396370 44.885887 0.241363 -0.949952 0.198332 0.965303 0.735713 1 7 1.000000
  7 -23.597414 -0.399207 45.162819 -0.521708 -0.847332 0.099247 0.973081 0.751578 1 7 1.000000
  7 -23.177652 -0.497507 44.748795 -0.358229 -0.881089 -0.308794 0.972027 0.735313 1 7 1.000000
skeleton
  7 -22.641479 -0.390072 44.476856 0.639197 -0.738138 -0.215822 0.963651 0.720892 1 7 1.000000
  7 -23.027149 -0.396370 44.885887 0.241363 -0.949952 0.198332 0.965303 0.735713 1 7 1.000000
  7 -23.177652 -0.497507 44.748795 -0.358229 -0.881089 -0.308794 0.972027 0.735313 1 7 1.000000
skeleton
  7 -22.641479 -0.390072 44.476856 0.639197 -0.738138 -0.215822 0.963651 0.720892 1 7 1.000000
  7 -23.177652 -0.497507 44.748795 -0.358229 -0.881089 -0.308794 0.972027 0.735313 1 7 1.000000
  7 -22.837463 -0.474177 44.292591 0.635037 -0.715326 -0.291611 0.971817 0.719698 1 7 1.000000
skeleton
  7 -22.639214 -0.088808 44.385536 0.754723 -0.135728 -0.641850 0.961010 0.712892 1 7 1.000000
  7 -22.641479 -0.390072 44.476856 0.639197 -0.738138 -0.215822 0.963651 0.720892 1 7 1.000000
  7 -22.837463 -0.474177 44.292591 0.635037 -0.715326 -0.291611 0.971817 0.719698 1 7 1.000000
skeleton
  7 -22.639214 -0.088808 44.385536 0.754723 -0.135728 -0.641850 0.961010 0.712892 1 7 1.000000
  7 -22.837463 -0.474177 44.292591 0.635037 -0.715326 -0.291611 0.971817 0.719698 1 7 1.000000
  7 -22.864109 -0.193220 44.186172 -0.039739 -0.323281 -0.945468 0.970569 0.711328 1 7 1.000000
skeleton
  7 -22.697611 -0.179079 44.139542 -0.864769 0.438946 0.243929 0.969143 0.568957 1 7 1.000000
  7 -22.649269 -0.380768 44.146240 -0.701289 -0.638477 0.317081 0.964549 0.565454 1 7 1.000000
  7 -22.606693 -0.256280 44.296425 -0.673569 -0.052538 0.737254 0.962687 0.571310 1 7 1.000000
skeleton
  7 -19.809366 0.691144 45.865780 -0.205854 -0.783230 0.586664 0.863661 0.562033 1 7 1.000000
  7 -20.942831 0.223027 44.892681 0.169673 -0.933449 0.316043 0.904827 0.557981 1 7 1.000000
  7 -19.725611 0.682690 45.734535 0.246006 -0.961004 0.126303 0.864235 0.556688 1 7 1.000000
skeleton
  7 -19.809366 0.691144 45.865780 -0.205854 -0.783230 0.586664 0.863661 0.562033 1 7 1.000000
  7 -21.050329 0.312554 45.015785 -0.210476 -0.641114 0.738019 0.904392 0.563299 1 7 1.000000
  7 -20.942831 0.223027 44.892681 0.169673 -0.933449 0.316043 0.904827 0.557981 1 7 1.000000
skeleton
  7 -21.050329 0.312554 45.015785 -0.210476 -0.641114 0.738019 0.904392 0.563299 1 7 1.000000
  7 -21.945543 -0.173043 44.382393 0.285282 -0.845325 0.451708 0.943461 0.561765 1 7 1.000000
  7 -20.942831 0.223027 44.892681 0.169673 -0.933449 0.316043 0.904827 0.557981 1 7 1.000000
skeleton
  7 -21.050329 0.312554 45.015785 -0.210476 -0.641114 0.738019 0.904392 0.563299 1 7 1.000000
  7 -22.044897 -0.087980 44.491428 -0.128726 -0.477709 0.869036 0.943294 0.567043 1 7 1.000000
  7 -21.945543 -0.173043 44.382393 0.285282 -0.845325 0.451708 0.943461 0.561765 1 7 1.000000
skeleton
  7 -22.044897 -0.087980 44.491428 -0.128726 -0.477709 0.869036 0.943294 0.567043 1 7 1.000000
  7 -22.291630 -0.467065 44.218468 0.203313 -0.891734 0.404320 0.957092 0.562213 1 7 1.000000
  7 -21.945543 -0.173043 44.382393 0.285282 -0.845325 0.451708 0.943461 0.561765 1 7 1.000000
skeleton
  7 -22.044897 -0.087980 44.491428 -0.128726 -0.477709 0.869036 0.943294 0.567043 1 7 1.000000
  7 -22.455973 -0.361493 44.366474 -0.242814 -0.595387 0.765869 0.957717 0.567335 1 7 1.000000
  7 -22.291630 -0.467065 44.218468 0.203313 -0.891734 0.404320 0.957092 0.562213 1 7 1.000000
skeleton
  7 -22.455973 -0.361493 44.366474 -0.242814 -0.595387 0.765869 0.957717 0.567335 1 7 1.000000
  7 -22.445248 -0.497558 44.110252 -0.219743 -0.962882 0.156750 0.961031 0.562196 1 7 1.000000
  7 -22.291630 -0.467065 44.218468 0.203313 -0.891734 0.404320 0.957092 0.562213 1 7 1.000000
skeleton
  7 -22.455973 -0.361493 44.366474 -0.242814 -0.595387 0.765869 0.957717 0.567335 1 7 1.000000
  7 -22.544018 -0.438242 44.191277 -0.433829 -0.804985 0.404710 0.961767 0.564891 1 7 1.000000
  7 -22.445248 -0.497558 44.110252 -0.219743 -0.962882 0.156750 0.961031 0.562196 1 7 1.000000
skeleton
  7 -22.445248 -0.497558 44.110252 -0.219743 -0.962882 0.156750 0.961031 0.562196 1 7 1.000000
  7 -22.544018 -0.438242 44.191277 -0.433829 -0.804985 0.404710 0.961767 0.564891 1 7 1.000000
  7 -22.649269 -0.380768 44.146240 -0.701289 -0.638477 0.317081 0.964549 0.565454 1 7 1.000000
skeleton
  7 -22.455973 -0.361493 44.366474 -0.242814 -0.595387 0.765869 0.957717 0.567335 1 7 1.000000
  7 -22.649269 -0.380768 44.146240 -0.701289 -0.638477 0.317081 0.964549 0.565454 1 7 1.000000
  7 -22.544018 -0.438242 44.191277 -0.433829 -0.804985 0.404710 0.961767 0.564891 1 7 1.000000
skeleton
  7 -22.455973 -0.361493 44.366474 -0.242814 -0.595387 0.765869 0.957717 0.567335 1 7 1.000000
  7 -22.606693 -0.256280 44.296425 -0.673569 -0.052538 0.737254 0.962687 0.571310 1 7 1.000000
  7 -22.649269 -0.380768 44.146240 -0.701289 -0.638477 0.317081 0.964549 0.565454 1 7 1.000000
skeleton
  7 -22.044897 -0.087980 44.491428 -0.128726 -0.477709 0.869036 0.943294 0.567043 1 7 1.000000
  7 -22.606693 -0.256280 44.296425 -0.673569 -0.052538 0.737254 0.962687 0.571310 1 7 1.000000
  7 -22.455973 -0.361493 44.366474 -0.242814 -0.595387 0.765869 0.957717 0.567335 1 7 1.000000
skeleton
  7 -22.044897 -0.087980 44.491428 -0.128726 -0.477709 0.869036 0.943294 0.567043 1 7 1.000000
  7 -22.135180 0.041751 44.484425 -0.501502 0.219101 0.836953 0.943937 0.572098 1 7 1.000000
  7 -22.606693 -0.256280 44.296425 -0.673569 -0.052538 0.737254 0.962687 0.571310 1 7 1.000000
skeleton
  7 -21.050329 0.312554 45.015785 -0.210476 -0.641114 0.738019 0.904392 0.563299 1 7 1.000000
  7 -22.135180 0.041751 44.484425 -0.501502 0.219101 0.836953 0.943937 0.572098 1 7 1.000000
  7 -22.044897 -0.087980 44.491428 -0.128726 -0.477709 0.869036 0.943294 0.567043 1 7 1.000000
skeleton
  7 -21.050329 0.312554 45.015785 -0.210476 -0.641114 0.738019 0.904392 0.563299 1 7 1.000000
  7 -21.108788 0.434357 45.033638 -0.550927 0.053799 0.832817 0.904213 0.568413 1 7 1.000000
  7 -22.135180 0.041751 44.484425 -0.501502 0.219101 0.836953 0.943937 0.572098 1 7 1.000000
skeleton
  7 -19.809366 0.691144 45.865780 -0.205854 -0.783230 0.586664 0.863661 0.562033 1 7 1.000000
  7 -21.108788 0.434357 45.033638 -0.550927 0.053799 0.832817 0.904213 0.568413 1 7 1.000000
  7 -21.050329 0.312554 45.015785 -0.210476 -0.641114 0.738019 0.904392 0.563299 1 7 1.000000
skeleton
  7 -19.809366 0.691144 45.865780 -0.205854 -0.783230 0.586664 0.863661 0.562033 1 7 1.000000
  7 -19.911854 0.895590 45.906986 -0.631262 -0.035719 0.774747 0.863921 0.567421 1 7 1.000000
  7 -21.108788 0.434357 45.033638 -0.550927 0.053799 0.832817 0.904213 0.568413 1 7 1.000000
skeleton
  7 -18.620718 1.021335 47.001522 -0.157625 -0.873240 0.461092 0.822787 0.564052 1 7 1.000000
  7 -19.911854 0.895590 45.906986 -0.631262 -0.035719 0.774747 0.863921 0.567421 1 7 1.000000
  7 -19.809366 0.691144 45.865780 -0.205854 -0.783230 0.586664 0.863661 0.562033 1 7 1.000000
skeleton
  7 -18.620718 1.021335 47.001522 -0.157625 -0.873240 0.461092 0.822787 0.564052 1 7 1.000000
  7 -17.356363 1.460537 47.804371 0.236538 -0.969156 -0.069178 0.783292 0.561257 1 7 1.000000
  7 -17.466091 1.365355 48.011997 -0.235692 -0.837775 0.492527 0.782971 0.567170 1 7 1.000000
skeleton
  7 -18.620718 1.021335 47.001522 -0.157625 -0.873240 0.461092 0.822787 0.564052 1 7 1.000000
  7 -18.540394 1.099824 46.786194 0.332016 -0.942625 -0.034976 0.823918 0.558573 1 7 1.000000
  7 -17.356363 1.460537 47.804371 0.236538 -0.969156 -0.069178 0.783292 0.561257 1 7 1.000000
skeleton
  7 -18.540394 1.099824 46.786194 0.332016 -0.942625 -0.034976 0.823918 0.558573 1 7 1.000000
  7 -18.620718 1.021335 47.001522 -0.157625 -0.873240 0.461092 0.822787 0.564052 1 7 1.000000
  7 -19.809366 0.691144 45.865780 -0.205854 -0.783230 0.586664 0.863661 0.562033 1 7 1.000000
skeleton
  7 -18.620718 1.021335 47.001522 -0.157625 -0.873240 0.461092 0.822787 0.564052 1 7 1.000000
  7 -18.731707 1.300653 46.993813 -0.672821 -0.039505 0.738749 0.823882 0.570690 1 7 1.000000
  7 -19.911854 0.895590 45.906986 -0.631262 -0.035719 0.774747 0.863921 0.567421 1 7 1.000000
skeleton
  7 -17.586533 1.666727 48.054585 -0.654851 -0.033300 0.755024 0.783965 0.574854 1 7 1.000000
  7 -18.731707 1.300653 46.993813 -0.672821 -0.039505 0.738749 0.823882 0.570690 1 7 1.000000
  7 -18.620718 1.021335 47.001522 -0.157625 -0.873240 0.461092 0.822787 0.564052 1 7 1.000000
skeleton
  7 -17.586533 1.666727 48.054585 -0.654851 -0.033300 0.755024 0.783965 0.574854 1 7 1.000000
  7 -18.620718 1.021335 47.001522 -0.157625 -0.873240 0.461092 0.822787 0.564052 1 7 1.000000
  7 -17.466091 1.365355 48.011997 -0.235692 -0.837775 0.492527 0.782971 0.567170 1 7 1.000000
skeleton
  7 -16.208141 1.651842 49.010944 -0.519571 -0.765349 0.379852 0.739627 0.573255 1 7 1.000000
  7 -17.586533 1.666727 48.054585 -0.654851 -0.033300 0.755024 0.783965 0.574854 1 7 1.000000
  7 -17.466091 1.365355 48.011997 -0.235692 -0.837775 0.492527 0.782971 0.567170 1 7 1.000000
skeleton
  7 -16.208141 1.651842 49.010944 -0.519571 -0.765349 0.379852 0.739627 0.573255 1 7 1.000000
  7 -17.466091 1.365355 48.011997 -0.235692 -0.837775 0.492527 0.782971 0.567170 1 7 1.000000
  7 -17.356363 1.460537 47.804371 0.236538 -0.969156 -0.069178 0.783292 0.561257 1 7 1.000000
skeleton
  7 -16.208141 1.651842 49.010944 -0.519571 -0.765349 0.379852 0.739627 0.573255 1 7 1.000000
  7 -17.356363 1.460537 47.804371 0.236538 -0.969156 -0.069178 0.783292 0.561257 1 7 1.000000
  7 -15.920920 1.463747 48.770950 -0.125775 -0.985016 -0.118002 0.736452 0.562928 1 7 1.000000
skeleton
  7 -16.208141 1.651842 49.010944 -0.519571 -0.765349 0.379852 0.739627 0.573255 1 7 1.000000
  7 -16.326738 2.022991 49.168804 -0.762889 0.051957 0.644438 0.740690 0.583100 1 7 1.000000
  7 -17.586533 1.666727 48.054585 -0.654851 -0.033300 0.755024 0.783965 0.574854 1 7 1.000000
skeleton
  7 -15.773688 2.018338 49.768047 -0.151004 0.415422 0.897007 0.723882 0.590181 1 7 1.000000
  7 -15.929773 1.747518 49.665970 -0.681791 -0.141514 0.717729 0.725803 0.583590 1 7 1.000000
  7 -15.660171 1.794391 49.821560 0.155483 0.178698 0.971541 0.719425 0.587152 1 7 1.000000
skeleton
  7 -15.713857 2.214952 49.595436 -0.489826 0.465515 0.737134 0.726560 0.595125 1 7 1.000000
  7 -15.773688 2.018338 49.768047 -0.151004 0.415422 0.897007 0.723882 0.590181 1 7 1.000000
  7 -15.660171 1.794391 49.821560 0.155483 0.178698 0.971541 0.719425 0.587152 1 7 1.000000
skeleton
  7 -15.773688 2.018338 49.768047 -0.151004 0.415422 0.897007 0.723882 0.590181 1 7 1.000000
  7 -15.713857 2.214952 49.595436 -0.489826 0.465515 0.737134 0.726560 0.595125 1 7 1.000000
  7 -15.993847 2.157042 49.495968 -0.611079 0.497881 0.615383 0.732020 0.590036 1 7 1.000000
skeleton
  7 -15.773688 2.018338 49.768047 -0.151004 0.415422 0.897007 0.723882 0.590181 1 7 1.000000
  7 -15.993847 2.157042 49.495968 -0.611079 0.497881 0.615383 0.732020 0.590036 1 7 1.000000
  7 -15.955299 1.993174 49.689613 -0.588670 0.258184 0.766034 0.727152 0.588126 1 7 1.000000
skeleton
  7 -15.955299 1.993174 49.689613 -0.588670 0.258184 0.766034 0.727152 0.588126 1 7 1.000000
  7 -15.993847 2.157042 49.495968 -0.611079 0.497881 0.615383 0.732020 0.590036 1 7 1.000000
  7 -16.326738 2.022991 49.168804 -0.762889 0.051957 0.644438 0.740690 0.583100 1 7 1.000000
skeleton
  7 -15.955299 1.993174 49.689613 -0.588670 0.258184 0.766034 0.727152 0.588126 1 7 1.000000
  7 -16.326738 2.022991 49.168804 -0.762889 0.051957 0.644438 0.740690 0.583100 1 7 1.000000
  7 -15.929773 1.747518 49.665970 -0.681791 -0.141514 0.717729 0.725803 0.583590 1 7 1.000000
skeleton
  7 -15.742906 1.370809 49.687275 -0.580272 -0.663845 0.471799 0.720085 0.577791 1 7 1.000000
  7 -15.929773 1.747518 49.665970 -0.681791 -0.141514 0.717729 0.725803 0.583590 1 7 1.000000
  7 -16.326738 2.022991 49.168804 -0.762889 0.051957 0.644438 0.740690 0.583100 1 7 1.000000
skeleton
  7 -15.742906 1.370809 49.687275 -0.580272 -0.663845 0.471799 0.720085 0.577791 1 7 1.000000
  7 -16.326738 2.022991 49.168804 -0.762889 0.051957 0.644438 0.740690 0.583100 1 7 1.000000
  7 -16.208141 1.651842 49.010944 -0.519571 -0.765349 0.379852 0.739627 0.573255 1 7 1.000000
skeleton
  7 -15.169651 1.115271 49.524521 -0.165006 -0.986275 0.005946 0.711370 0.568717 1 7 1.000000
  7 -15.742906 1.370809 49.687275 -0.580272 -0.663845 0.471799 0.720085 0.577791 1 7 1.000000
  7 -16.208141 1.651842 49.010944 -0.519571 -0.765349 0.379852 0.739627 0.573255 1 7 1.000000
skeleton
  7 -15.169651 1.115271 49.524521 -0.165006 -0.986275 0.005946 0.711370 0.568717 1 7 1.000000
  7 -16.208141 1.651842 49.010944 -0.519571 -0.765349 0.379852 0.739627 0.573255 1 7 1.000000
  7 -15.920920 1.463747 48.770950 -0.125775 -0.985016 -0.118002 0.736452 0.562928 1 7 1.000000
skeleton
  7 -15.041444 1.220028 48.831081 0.342450 -0.750944 -0.564633 0.717366 0.556443 1 7 1.000000
  7 -15.169651 1.115271 49.524521 -0.165006 -0.986275 0.005946 0.711370 0.568717 1 7 1.000000
  7 -15.920920 1.463747 48.770950 -0.125775 -0.985016 -0.118002 0.736452 0.562928 1 7 1.000000
skeleton
  7 -15.041444 1.220028 48.831081 0.342450 -0.750944 -0.564633 0.717366 0.556443 1 7 1.000000
  7 -15.920920 1.463747 48.770950 -0.125775 -0.985016 -0.118002 0.736452 0.562928 1 7 1.000000
  7 -15.790517 1.679886 48.405609 0.228144 -0.710327 -0.665872 0.739052 0.552473 1 7 1.000000
skeleton
  7 -15.790517 1.679886 48.405609 0.228144 -0.710327 -0.665872 0.739052 0.552473 1 7 1.000000
  7 -15.920920 1.463747 48.770950 -0.125775 -0.985016 -0.118002 0.736452 0.562928 1 7 1.000000
  7 -17.356363 1.460537 47.804371 0.236538 -0.969156 -0.069178 0.783292 0.561257 1 7 1.000000
skeleton
  7 -15.790517 1.679886 48.405609 0.228144 -0.710327 -0.665872 0.739052 0.552473 1 7 1.000000
  7 -17.356363 1.460537 47.804371 0.236538 -0.969156 -0.069178 0.783292 0.561257 1 7 1.000000
  7 -17.212854 1.503571 47.572639 0.474969 -0.752013 -0.457035 0.783474 0.554800 1 7 1.000000
skeleton
  7 -18.419268 1.126253 46.593082 0.510367 -0.808001 -0.294380 0.824164 0.553283 1 7 1.000000
  7 -17.212854 1.503571 47.572639 0.474969 -0.752013 -0.457035 0.783474 0.554800 1 7 1.000000
  7 -17.356363 1.460537 47.804371 0.236538 -0.969156 -0.069178 0.783292 0.561257 1 7 1.000000
skeleton
  7 -18.419268 1.126253 46.593082 0.510367 -0.808001 -0.294380 0.824164 0.553283 1 7 1.000000
  7 -17.356363 1.460537 47.804371 0.236538 -0.969156 -0.069178 0.783292 0.561257 1 7 1.000000
  7 -18.540394 1.099824 46.786194 0.332016 -0.942625 -0.034976 0.823918 0.558573 1 7 1.000000
skeleton
  7 -18.419268 1.126253 46.593082 0.510367 -0.808001 -0.294380 0.824164 0.553283 1 7 1.000000
  7 -18.540394 1.099824 46.786194 0.332016 -0.942625 -0.034976 0.823918 0.558573 1 7 1.000000
  7 -19.725611 0.682690 45.734535 0.246006 -0.961004 0.126303 0.864235 0.556688 1 7 1.000000
skeleton
  7 -18.540394 1.099824 46.786194 0.332016 -0.942625 -0.034976 0.823918 0.558573 1 7 1.000000
  7 -19.809366 0.691144 45.865780 -0.205854 -0.783230 0.586664 0.863661 0.562033 1 7 1.000000
  7 -19.725611 0.682690 45.734535 0.246006 -0.961004 0.126303 0.864235 0.556688 1 7 1.000000
skeleton
  7 -15.773688 2.018338 49.768047 -0.151004 0.415422 0.897007 0.723882 0.590181 1 7 1.000000
  7 -15.955299 1.993174 49.689613 -0.588670 0.258184 0.766034 0.727152 0.588126 1 7 1.000000
  7 -15.929773 1.747518 49.665970 -0.681791 -0.141514 0.717729 0.725803 0.583590 1 7 1.000000
skeleton
  7 -15.713857 2.214952 49.595436 -0.489826 0.465515 0.737134 0.726560 0.595125 1 7 1.000000
  7 -15.660171 1.794391 49.821560 0.155483 0.178698 0.971541 0.719425 0.587152 1 7 1.000000
  7 -15.564183 2.015517 49.652901 0.164539 -0.167456 0.972052 0.720485 0.593950 1 7 1.000000
skeleton
  7 -19.589794 0.878545 45.465008 0.616928 -0.132063 -0.775860 0.864061 0.546012 1 7 1.000000
  7 -20.866356 0.231394 44.753078 0.479650 -0.844598 -0.237888 0.905329 0.552867 1 7 1.000000
  7 -20.835213 0.381944 44.625046 0.575618 -0.223669 -0.786534 0.905485 0.547231 1 7 1.000000
skeleton
  7 -19.589794 0.878545 45.465008 0.616928 -0.132063 -0.775860 0.864061 0.546012 1 7 1.000000
  7 -19.632034 0.702639 45.597271 0.501719 -0.823879 -0.263630 0.864249 0.551351 1 7 1.000000
  7 -20.866356 0.231394 44.753078 0.479650 -0.844598 -0.237888 0.905329 0.552867 1 7 1.000000
skeleton
  7 -18.368578 1.379370 46.421246 0.640678 -0.082157 -0.763401 0.823955 0.546259 1 7 1.000000
  7 -19.632034 0.702639 45.597271 0.501719 -0.823879 -0.263630 0.864249 0.551351 1 7 1.000000
  7 -19.589794 0.878545 45.465008 0.616928 -0.132063 -0.775860 0.864061 0.546012 1 7 1.000000
skeleton
  7 -18.368578 1.379370 46.421246 0.640678 -0.082157 -0.763401 0.823955 0.546259 1 7 1.000000
  7 -18.419268 1.126253 46.593082 0.510367 -0.808001 -0.294380 0.824164 0.553283 1 7 1.000000
  7 -19.632034 0.702639 45.597271 0.501719 -0.823879 -0.263630 0.864249 0.551351 1 7 1.000000
skeleton
  7 -18.419268 1.126253 46.593082 0.510367 -0.808001 -0.294380 0.824164 0.553283 1 7 1.000000
  7 -18.368578 1.379370 46.421246 0.640678 -0.082157 -0.763401 0.823955 0.546259 1 7 1.000000
  7 -17.168818 1.786774 47.401325 0.592610 -0.001436 -0.805488 0.783879 0.547074 1 7 1.000000
skeleton
  7 -18.419268 1.126253 46.593082 0.510367 -0.808001 -0.294380 0.824164 0.553283 1 7 1.000000
  7 -17.168818 1.786774 47.401325 0.592610 -0.001436 -0.805488 0.783879 0.547074 1 7 1.000000
  7 -17.212854 1.503571 47.572639 0.474969 -0.752013 -0.457035 0.783474 0.554800 1 7 1.000000
skeleton
  7 -15.758956 2.041690 48.361942 0.486135 0.180817 -0.854972 0.739502 0.543422 1 7 1.000000
  7 -17.212854 1.503571 47.572639 0.474969 -0.752013 -0.457035 0.783474 0.554800 1 7 1.000000
  7 -17.168818 1.786774 47.401325 0.592610 -0.001436 -0.805488 0.783879 0.547074 1 7 1.000000
skeleton
  7 -15.758956 2.041690 48.361942 0.486135 0.180817 -0.854972 0.739502 0.543422 1 7 1.000000
  7 -15.790517 1.679886 48.405609 0.228144 -0.710327 -0.665872 0.739052 0.552473 1 7 1.000000
  7 -17.212854 1.503571 47.572639 0.474969 -0.752013 -0.457035 0.783474 0.554800 1 7 1.000000
skeleton
  7 -15.077947 1.780159 48.559940 0.674263 0.150615 -0.722969 0.720475 0.545626 1 7 1.000000
  7 -15.790517 1.679886 48.405609 0.228144 -0.710327 -0.665872 0.739052 0.552473 1 7 1.000000
  7 -15.758956 2.041690 48.361942 0.486135 0.180817 -0.854972 0.739502 0.543422 1 7 1.000000
skeleton
  7 -15.077947 1.780159 48.559940 0.674263 0.150615 -0.722969 0.720475 0.545626 1 7 1.000000
  7 -15.041444 1.220028 48.831081 0.342450 -0.750944 -0.564633 0.717366 0.556443 1 7 1.000000
  7 -15.790517 1.679886 48.405609 0.228144 -0.710327 -0.665872 0.739052 0.552473 1 7 1.000000
skeleton
  7 -14.942133 1.769210 48.663918 0.995076 0.081501 -0.056405 0.716813 0.545599 1 7 1.000000
  7 -15.041444 1.220028 48.831081 0.342450 -0.750944 -0.564633 0.717366 0.556443 1 7 1.000000
  7 -15.077947 1.780159 48.559940 0.674263 0.150615 -0.722969 0.720475 0.545626 1 7 1.000000
skeleton
  7 -14.942133 1.769210 48.663918 0.995076 0.081501 -0.056405 0.716813 0.545599 1 7 1.000000
  7 -14.938766 1.226696 49.065331 0.898751 -0.411963 -0.150108 0.712567 0.558347 1 7 1.000000
  7 -15.041444 1.220028 48.831081 0.342450 -0.750944 -0.564633 0.717366 0.556443 1 7 1.000000
skeleton
  7 -14.938766 1.226696 49.065331 0.898751 -0.411963 -0.150108 0.712567 0.558347 1 7 1.000000
  7 -15.169651 1.115271 49.524521 -0.165006 -0.986275 0.005946 0.711370 0.568717 1 7 1.000000
  7 -15.041444 1.220028 48.831081 0.342450 -0.750944 -0.564633 0.717366 0.556443 1 7 1.000000
skeleton
  7 -14.938766 1.226696 49.065331 0.898751 -0.411963 -0.150108 0.712567 0.558347 1 7 1.000000
  7 -15.037848 1.168867 49.696152 0.045561 -0.980218 0.192605 0.706091 0.570075 1 7 1.000000
  7 -15.169651 1.115271 49.524521 -0.165006 -0.986275 0.005946 0.711370 0.568717 1 7 1.000000
skeleton
  7 -15.037848 1.168867 49.696152 0.045561 -0.980218 0.192605 0.706091 0.570075 1 7 1.000000
  7 -15.742906 1.370809 49.687275 -0.580272 -0.663845 0.471799 0.720085 0.577791 1 7 1.000000
  7 -15.169651 1.115271 49.524521 -0.165006 -0.986275 0.005946 0.711370 0.568717 1 7 1.000000
skeleton
  7 -15.037848 1.168867 49.696152 0.045561 -0.980218 0.192605 0.706091 0.570075 1 7 1.000000
  7 -15.497670 1.366468 49.853069 -0.101851 -0.303521 0.947365 0.713738 0.579087 1 7 1.000000
  7 -15.742906 1.370809 49.687275 -0.580272 -0.663845 0.471799 0.720085 0.577791 1 7 1.000000
skeleton
  7 -15.497670 1.366468 49.853069 -0.101851 -0.303521 0.947365 0.713738 0.579087 1 7 1.000000
  7 -15.929773 1.747518 49.665970 -0.681791 -0.141514 0.717729 0.725803 0.583590 1 7 1.000000
  7 -15.742906 1.370809 49.687275 -0.580272 -0.663845 0.471799 0.720085 0.577791 1 7 1.000000
skeleton
  7 -15.497670 1.366468 49.853069 -0.101851 -0.303521 0.947365 0.713738 0.579087 1 7 1.000000
  7 -15.660171 1.794391 49.821560 0.155483 0.178698 0.971541 0.719425 0.587152 1 7 1.000000
  7 -15.929773 1.747518 49.665970 -0.681791 -0.141514 0.717729 0.725803 0.583590 1 7 1.000000
skeleton
  7 -15.429495 2.252748 48.695065 0.506097 0.495061 -0.706244 0.728776 0.534570 1 7 1.000000
  7 -15.077947 1.780159 48.559940 0.674263 0.150615 -0.722969 0.720475 0.545626 1 7 1.000000
  7 -15.758956 2.041690 48.361942 0.486135 0.180817 -0.854972 0.739502 0.543422 1 7 1.000000
skeleton
  7 -15.429495 2.252748 48.695065 0.506097 0.495061 -0.706244 0.728776 0.534570 1 7 1.000000
  7 -15.123246 2.124819 48.887550 0.687679 0.357536 -0.631874 0.718587 0.535085 1 7 1.000000
  7 -15.077947 1.780159 48.559940 0.674263 0.150615 -0.722969 0.720475 0.545626 1 7 1.000000
skeleton
  7 -15.025997 1.997665 49.126366 0.957160 -0.281209 -0.069030 0.711691 0.534295 1 7 1.000000
  7 -15.077947 1.780159 48.559940 0.674263 0.150615 -0.722969 0.720475 0.545626 1 7 1.000000
  7 -15.123246 2.124819 48.887550 0.687679 0.357536 -0.631874 0.718587 0.535085 1 7 1.000000
skeleton
  7 -15.025997 1.997665 49.126366 0.957160 -0.281209 -0.069030 0.711691 0.534295 1 7 1.000000
  7 -14.942133 1.769210 48.663918 0.995076 0.081501 -0.056405 0.716813 0.545599 1 7 1.000000
  7 -15.077947 1.780159 48.559940 0.674263 0.150615 -0.722969 0.720475 0.545626 1 7 1.000000
skeleton
  7 -22.202211 -0.475447 43.973434 0.474588 -0.864634 -0.164846 0.958539 0.556914 1 7 1.000000
  7 -22.291630 -0.467065 44.218468 0.203313 -0.891734 0.404320 0.957092 0.562213 1 7 1.000000
  7 -22.445248 -0.497558 44.110252 -0.219743 -0.962882 0.156750 0.961031 0.562196 1 7 1.000000
skeleton
  7 -21.871902 -0.178057 44.221313 0.593883 -0.786988 -0.167191 0.944518 0.556467 1 7 1.000000
  7 -22.291630 -0.467065 44.218468 0.203313 -0.891734 0.404320 0.957092 0.562213 1 7 1.000000
  7 -22.202211 -0.475447 43.973434 0.474588 -0.864634 -0.164846 0.958539 0.556914 1 7 1.000000
skeleton
  7 -21.871902 -0.178057 44.221313 0.593883 -0.786988 -0.167191 0.944518 0.556467 1 7 1.000000
  7 -21.945543 -0.173043 44.382393 0.285282 -0.845325 0.451708 0.943461 0.561765 1 7 1.000000
  7 -22.291630 -0.467065 44.218468 0.203313 -0.891734 0.404320 0.957092 0.562213 1 7 1.000000
skeleton
  7 -20.866356 0.231394 44.753078 0.479650 -0.844598 -0.237888 0.905329 0.552867 1 7 1.000000
  7 -21.945543 -0.173043 44.382393 0.285282 -0.845325 0.451708 0.943461 0.561765 1 7 1.000000
  7 -21.871902 -0.178057 44.221313 0.593883 -0.786988 -0.167191 0.944518 0.556467 1 7 1.000000
skeleton
  7 -20.866356 0.231394 44.753078 0.479650 -0.844598 -0.237888 0.905329 0.552867 1 7 1.000000
  7 -20.942831 0.223027 44.892681 0.169673 -0.933449 0.316043 0.904827 0.557981 1 7 1.000000
  7 -21.945543 -0.173043 44.382393 0.285282 -0.845325 0.451708 0.943461 0.561765 1 7 1.000000
skeleton
  7 -19.632034 0.702639 45.597271 0.501719 -0.823879 -0.263630 0.864249 0.551351 1 7 1.000000
  7 -20.942831 0.223027 44.892681 0.169673 -0.933449 0.316043 0.904827 0.557981 1 7 1.000000
  7 -20.866356 0.231394 44.753078 0.479650 -0.844598 -0.237888 0.905329 0.552867 1 7 1.000000
skeleton
  7 -19.632034 0.702639 45.597271 0.501719 -0.823879 -0.263630 0.864249 0.551351 1 7 1.000000
  7 -19.725611 0.682690 45.734535 0.246006 -0.961004 0.126303 0.864235 0.556688 1 7 1.000000
  7 -20.942831 0.223027 44.892681 0.169673 -0.933449 0.316043 0.904827 0.557981 1 7 1.000000
skeleton
  7 -18.419268 1.126253 46.593082 0.510367 -0.808001 -0.294380 0.824164 0.553283 1 7 1.000000
  7 -19.725611 0.682690 45.734535 0.246006 -0.961004 0.126303 0.864235 0.556688 1 7 1.000000
  7 -19.632034 0.702639 45.597271 0.501719 -0.823879 -0.263630 0.864249 0.551351 1 7 1.000000
skeleton
  7 -22.413212 -0.507605 43.939590 0.022146 -0.986716 -0.160937 0.962366 0.559350 1 7 1.000000
  7 -22.586325 -0.444861 43.960819 -0.513696 -0.855338 -0.067172 0.965122 0.561500 1 7 1.000000
  7 -22.465612 -0.471823 43.816807 -0.128235 -0.862568 -0.489420 0.964655 0.558164 1 7 1.000000
skeleton
  7 -22.254303 -0.371370 43.790730 0.488702 -0.496910 -0.717113 0.962601 0.552139 1 7 1.000000
  7 -22.413212 -0.507605 43.939590 0.022146 -0.986716 -0.160937 0.962366 0.559350 1 7 1.000000
  7 -22.465612 -0.471823 43.816807 -0.128235 -0.862568 -0.489420 0.964655 0.558164 1 7 1.000000
skeleton
  7 -22.387688 -0.223915 43.696175 0.057525 -0.340780 -0.938381 0.970393 0.553226 1 7 1.000000
  7 -22.254303 -0.371370 43.790730 0.488702 -0.496910 -0.717113 0.962601 0.552139 1 7 1.000000
  7 -22.465612 -0.471823 43.816807 -0.128235 -0.862568 -0.489420 0.964655 0.558164 1 7 1.000000
skeleton
  7 -22.387688 -0.223915 43.696175 0.057525 -0.340780 -0.938381 0.970393 0.553226 1 7 1.000000
  7 -22.465612 -0.471823 43.816807 -0.128235 -0.862568 -0.489420 0.964655 0.558164 1 7 1.000000
  7 -22.539734 -0.391018 43.749363 -0.418575 -0.421385 -0.804506 0.966935 0.558074 1 7 1.000000
skeleton
  7 -22.539734 -0.391018 43.749363 -0.418575 -0.421385 -0.804506 0.966935 0.558074 1 7 1.000000
  7 -22.606081 -0.128854 43.893486 -0.921119 0.324213 -0.215466 0.973801 0.562063 1 7 1.000000
  7 -22.387688 -0.223915 43.696175 0.057525 -0.340780 -0.938381 0.970393 0.553226 1 7 1.000000
skeleton
  7 -22.539734 -0.391018 43.749363 -0.418575 -0.421385 -0.804506 0.966935 0.558074 1 7 1.000000
  7 -22.671434 -0.361469 43.890152 -0.848777 -0.313696 -0.425643 0.967874 0.561490 1 7 1.000000
  7 -22.606081 -0.128854 43.893486 -0.921119 0.324213 -0.215466 0.973801 0.562063 1 7 1.000000
skeleton
  7 -22.671434 -0.361469 43.890152 -0.848777 -0.313696 -0.425643 0.967874 0.561490 1 7 1.000000
  7 -22.697611 -0.179079 44.139542 -0.864769 0.438946 0.243929 0.969143 0.568957 1 7 1.000000
  7 -22.606081 -0.128854 43.893486 -0.921119 0.324213 -0.215466 0.973801 0.562063 1 7 1.000000
skeleton
  7 -22.671434 -0.361469 43.890152 -0.848777 -0.313696 -0.425643 0.967874 0.561490 1 7 1.000000
  7 -22.724632 -0.325780 44.058979 -0.962521 -0.262222 0.069228 0.967366 0.564845 1 7 1.000000
  7 -22.697611 -0.179079 44.139542 -0.864769 0.438946 0.243929 0.969143 0.568957 1 7 1.000000
skeleton
  7 -22.697611 -0.179079 44.139542 -0.864769 0.438946 0.243929 0.969143 0.568957 1 7 1.000000
  7 -22.724632 -0.325780 44.058979 -0.962521 -0.262222 0.069228 0.967366 0.564845 1 7 1.000000
  7 -22.649269 -0.380768 44.146240 -0.701289 -0.638477 0.317081 0.964549 0.565454 1 7 1.000000
skeleton
  7 -22.586325 -0.444861 43.960819 -0.513696 -0.855338 -0.067172 0.965122 0.561500 1 7 1.000000
  7 -22.649269 -0.380768 44.146240 -0.701289 -0.638477 0.317081 0.964549 0.565454 1 7 1.000000
  7 -22.724632 -0.325780 44.058979 -0.962521 -0.262222 0.069228 0.967366 0.564845 1 7 1.000000
skeleton
  7 -22.445248 -0.497558 44.110252 -0.219743 -0.962882 0.156750 0.961031 0.562196 1 7 1.000000
  7 -22.649269 -0.380768 44.146240 -0.701289 -0.638477 0.317081 0.964549 0.565454 1 7 1.000000
  7 -22.586325 -0.444861 43.960819 -0.513696 -0.855338 -0.067172 0.965122 0.561500 1 7 1.000000
skeleton
  7 -22.413212 -0.507605 43.939590 0.022146 -0.986716 -0.160937 0.962366 0.559350 1 7 1.000000
  7 -22.445248 -0.497558 44.110252 -0.219743 -0.962882 0.156750 0.961031 0.562196 1 7 1.000000
  7 -22.586325 -0.444861 43.960819 -0.513696 -0.855338 -0.067172 0.965122 0.561500 1 7 1.000000
skeleton
  7 -22.202211 -0.475447 43.973434 0.474588 -0.864634 -0.164846 0.958539 0.556914 1 7 1.000000
  7 -22.445248 -0.497558 44.110252 -0.219743 -0.962882 0.156750 0.961031 0.562196 1 7 1.000000
  7 -22.413212 -0.507605 43.939590 0.022146 -0.986716 -0.160937 0.962366 0.559350 1 7 1.000000
skeleton
  7 -22.254303 -0.371370 43.790730 0.488702 -0.496910 -0.717113 0.962601 0.552139 1 7 1.000000
  7 -22.202211 -0.475447 43.973434 0.474588 -0.864634 -0.164846 0.958539 0.556914 1 7 1.000000
  7 -22.413212 -0.507605 43.939590 0.022146 -0.986716 -0.160937 0.962366 0.559350 1 7 1.000000
skeleton
  7 -21.875244 -0.061017 44.070309 0.636221 -0.272642 -0.721727 0.945791 0.551036 1 7 1.000000
  7 -22.202211 -0.475447 43.973434 0.474588 -0.864634 -0.164846 0.958539 0.556914 1 7 1.000000
  7 -22.254303 -0.371370 43.790730 0.488702 -0.496910 -0.717113 0.962601 0.552139 1 7 1.000000
skeleton
  7 -21.875244 -0.061017 44.070309 0.636221 -0.272642 -0.721727 0.945791 0.551036 1 7 1.000000
  7 -21.871902 -0.178057 44.221313 0.593883 -0.786988 -0.167191 0.944518 0.556467 1 7 1.000000
  7 -22.202211 -0.475447 43.973434 0.474588 -0.864634 -0.164846 0.958539 0.556914 1 7 1.000000
skeleton
  7 -20.835213 0.381944 44.625046 0.575618 -0.223669 -0.786534 0.905485 0.547231 1 7 1.000000
  7 -21.871902 -0.178057 44.221313 0.593883 -0.786988 -0.167191 0.944518 0.556467 1 7 1.000000
  7 -21.875244 -0.061017 44.070309 0.636221 -0.272642 -0.721727 0.945791 0.551036 1 7 1.000000
skeleton
  7 -20.835213 0.381944 44.625046 0.575618 -0.223669 -0.786534 0.905485 0.547231 1 7 1.000000
  7 -20.866356 0.231394 44.753078 0.479650 -0.844598 -0.237888 0.905329 0.552867 1 7 1.000000
  7 -21.871902 -0.178057 44.221313 0.593883 -0.786988 -0.167191 0.944518 0.556467 1 7 1.000000
skeleton
  7 -22.465612 -0.471823 43.816807 -0.128235 -0.862568 -0.489420 0.964655 0.558164 1 7 1.000000
  7 -22.671434 -0.361469 43.890152 -0.848777 -0.313696 -0.425643 0.967874 0.561490 1 7 1.000000
  7 -22.539734 -0.391018 43.749363 -0.418575 -0.421385 -0.804506 0.966935 0.558074 1 7 1.000000
skeleton
  7 -22.465612 -0.471823 43.816807 -0.128235 -0.862568 -0.489420 0.964655 0.558164 1 7 1.000000
  7 -22.586325 -0.444861 43.960819 -0.513696 -0.855338 -0.067172 0.965122 0.561500 1 7 1.000000
  7 -22.671434 -0.361469 43.890152 -0.848777 -0.313696 -0.425643 0.967874 0.561490 1 7 1.000000
skeleton
  7 -22.586325 -0.444861 43.960819 -0.513696 -0.855338 -0.067172 0.965122 0.561500 1 7 1.000000
  7 -22.724632 -0.325780 44.058979 -0.962521 -0.262222 0.069228 0.967366 0.564845 1 7 1.000000
  7 -22.671434 -0.361469 43.890152 -0.848777 -0.313696 -0.425643 0.967874 0.561490 1 7 1.000000
skeleton
  7 -22.637978 -0.064237 43.626156 -0.956061 0.024835 -0.292113 0.979780 0.555687 1 7 1.000000
  7 -22.387688 -0.223915 43.696175 0.057525 -0.340780 -0.938381 0.970393 0.553226 1 7 1.000000
  7 -22.606081 -0.128854 43.893486 -0.921119 0.324213 -0.215466 0.973801 0.562063 1 7 1.000000
skeleton
  7 -22.637978 -0.064237 43.626156 -0.956061 0.024835 -0.292113 0.979780 0.555687 1 7 1.000000
  7 -22.583971 -0.094136 43.575657 -0.275846 -0.389475 -0.878759 0.978871 0.553422 1 7 1.000000
  7 -22.387688 -0.223915 43.696175 0.057525 -0.340780 -0.938381 0.970393 0.553226 1 7 1.000000
skeleton
  7 -22.583971 -0.094136 43.575657 -0.275846 -0.389475 -0.878759 0.986565 0.448037 1 7 1.000000
  7 -22.637978 -0.064237 43.626156 -0.956061 0.024835 -0.292113 0.986070 0.444623 1 7 1.000000
  7 -22.586851 0.031895 43.617912 -0.474376 0.765138 -0.435351 0.982787 0.446708 1 7 1.000000
skeleton
  7 -22.586851 0.031895 43.617912 -0.474376 0.765138 -0.435351 0.982787 0.446708 1 7 1.000000
  7 -22.637978 -0.064237 43.626156 -0.956061 0.024835 -0.292113 0.986070 0.444623 1 7 1.000000
  7 -22.606081 -0.128854 43.893486 -0.921119 0.324213 -0.215466 0.981556 0.439012 1 7 1.000000
skeleton
  7 -22.529642 -0.010775 43.555737 0.089619 0.395782 -0.913961 0.983574 0.448597 1 7 1.000000
  7 -22.586851 0.031895 43.617912 -0.474376 0.765138 -0.435351 0.982787 0.446708 1 7 1.000000
  7 -22.139671 0.223053 44.057697 -0.342508 0.932755 -0.112496 0.965807 0.445860 1 7 1.000000
skeleton
  7 -22.586851 0.031895 43.617912 -0.474376 0.765138 -0.435351 0.982787 0.446708 1 7 1.000000
  7 -22.606081 -0.128854 43.893486 -0.921119 0.324213 -0.215466 0.981556 0.439012 1 7 1.000000
  7 -22.139671 0.223053 44.057697 -0.342508 0.932755 -0.112496 0.965807 0.445860 1 7 1.000000
skeleton
  7 -22.606081 -0.128854 43.893486 -0.921119 0.324213 -0.215466 0.981556 0.439012 1 7 1.000000
  7 -22.154581 0.153728 44.346462 -0.569787 0.722624 0.391352 0.961259 0.438755 1 7 1.000000
  7 -22.139671 0.223053 44.057697 -0.342508 0.932755 -0.112496 0.965807 0.445860 1 7 1.000000
skeleton
  7 -22.606081 -0.128854 43.893486 -0.921119 0.324213 -0.215466 0.981556 0.439012 1 7 1.000000
  7 -22.697611 -0.179079 44.139542 -0.864769 0.438946 0.243929 0.979461 0.432203 1 7 1.000000
  7 -22.154581 0.153728 44.346462 -0.569787 0.722624 0.391352 0.961259 0.438755 1 7 1.000000
skeleton
  7 -22.154581 0.153728 44.346462 -0.569787 0.722624 0.391352 0.961259 0.438755 1 7 1.000000
  7 -22.697611 -0.179079 44.139542 -0.864769 0.438946 0.243929 0.979461 0.432203 1 7 1.000000
  7 -22.606693 -0.256280 44.296425 -0.673569 -0.052538 0.737254 0.975306 0.428494 1 7 1.000000
skeleton
  7 -22.154581 0.153728 44.346462 -0.569787 0.722624 0.391352 0.961259 0.438755 1 7 1.000000
  7 -22.606693 -0.256280 44.296425 -0.673569 -0.052538 0.737254 0.975306 0.428494 1 7 1.000000
  7 -22.135180 0.041751 44.484425 -0.501502 0.219101 0.836953 0.959187 0.434061 1 7 1.000000
skeleton
  7 -21.123920 0.552546 44.959332 -0.572343 0.680206 0.457978 0.922556 0.444377 1 7 1.000000
  7 -22.154581 0.153728 44.346462 -0.569787 0.722624 0.391352 0.961259 0.438755 1 7 1.000000
  7 -22.135180 0.041751 44.484425 -0.501502 0.219101 0.836953 0.959187 0.434061 1 7 1.000000
skeleton
  7 -21.123920 0.552546 44.959332 -0.572343 0.680206 0.457978 0.922556 0.444377 1 7 1.000000
  7 -22.135180 0.041751 44.484425 -0.501502 0.219101 0.836953 0.959187 0.434061 1 7 1.000000
  7 -21.108788 0.434357 45.033638 -0.550927 0.053799 0.832817 0.921380 0.439165 1 7 1.000000
skeleton
  7 -19.921331 1.073851 45.827637 -0.643543 0.598882 0.476647 0.881108 0.448333 1 7 1.000000
  7 -21.123920 0.552546 44.959332 -0.572343 0.680206 0.457978 0.922556 0.444377 1 7 1.000000
  7 -21.108788 0.434357 45.033638 -0.550927 0.053799 0.832817 0.921380 0.439165 1 7 1.000000
skeleton
  7 -19.921331 1.073851 45.827637 -0.643543 0.598882 0.476647 0.881108 0.448333 1 7 1.000000
  7 -21.108788 0.434357 45.033638 -0.550927 0.053799 0.832817 0.921380 0.439165 1 7 1.000000
  7 -19.911854 0.895590 45.906986 -0.631262 -0.035719 0.774747 0.880819 0.442823 1 7 1.000000
skeleton
  7 -18.768919 1.538721 46.877804 -0.675028 0.533020 0.510124 0.839428 0.448029 1 7 1.000000
  7 -19.921331 1.073851 45.827637 -0.643543 0.598882 0.476647 0.881108 0.448333 1 7 1.000000
  7 -19.911854 0.895590 45.906986 -0.631262 -0.035719 0.774747 0.880819 0.442823 1 7 1.000000
skeleton
  7 -18.768919 1.538721 46.877804 -0.675028 0.533020 0.510124 0.839428 0.448029 1 7 1.000000
  7 -19.911854 0.895590 45.906986 -0.631262 -0.035719 0.774747 0.880819 0.442823 1 7 1.000000
  7 -18.731707 1.300653 46.993813 -0.672821 -0.039505 0.738749 0.838489 0.441808 1 7 1.000000
skeleton
  7 -17.604898 1.932215 47.960342 -0.634815 0.551933 0.540722 0.797823 0.447191 1 7 1.000000
  7 -18.768919 1.538721 46.877804 -0.675028 0.533020 0.510124 0.839428 0.448029 1 7 1.000000
  7 -18.731707 1.300653 46.993813 -0.672821 -0.039505 0.738749 0.838489 0.441808 1 7 1.000000
skeleton
  7 -17.604898 1.932215 47.960342 -0.634815 0.551933 0.540722 0.797823 0.447191 1 7 1.000000
  7 -18.731707 1.300653 46.993813 -0.672821 -0.039505 0.738749 0.838489 0.441808 1 7 1.000000
  7 -17.586533 1.666727 48.054585 -0.654851 -0.033300 0.755024 0.797427 0.440562 1 7 1.000000
skeleton
  7 -16.185406 2.294273 49.095993 -0.587428 0.650050 0.482041 0.750453 0.448779 1 7 1.000000
  7 -17.604898 1.932215 47.960342 -0.634815 0.551933 0.540722 0.797823 0.447191 1 7 1.000000
  7 -17.586533 1.666727 48.054585 -0.654851 -0.033300 0.755024 0.797427 0.440562 1 7 1.000000
skeleton
  7 -16.185406 2.294273 49.095993 -0.587428 0.650050 0.482041 0.750453 0.448779 1 7 1.000000
  7 -17.586533 1.666727 48.054585 -0.654851 -0.033300 0.755024 0.797427 0.440562 1 7 1.000000
  7 -16.326738 2.022991 49.168804 -0.762889 0.051957 0.644438 0.753238 0.441702 1 7 1.000000
skeleton
  7 -16.185406 2.294273 49.095993 -0.587428 0.650050 0.482041 0.750453 0.448779 1 7 1.000000
  7 -16.326738 2.022991 49.168804 -0.762889 0.051957 0.644438 0.753238 0.441702 1 7 1.000000
  7 -15.993847 2.157042 49.495968 -0.611079 0.497881 0.615383 0.740607 0.442285 1 7 1.000000
skeleton
  7 -16.185406 2.294273 49.095993 -0.587428 0.650050 0.482041 0.750453 0.448779 1 7 1.000000
  7 -15.993847 2.157042 49.495968 -0.611079 0.497881 0.615383 0.740607 0.442285 1 7 1.000000
  7 -15.910721 2.373233 49.294674 -0.556095 0.693989 0.457315 0.741417 0.449640 1 7 1.000000
skeleton
  7 -21.073322 0.620801 44.799335 -0.268025 0.947254 -0.175704 0.923899 0.449515 1 7 1.000000
  7 -21.123920 0.552546 44.959332 -0.572343 0.680206 0.457978 0.922556 0.444377 1 7 1.000000
  7 -19.921331 1.073851 45.827637 -0.643543 0.598882 0.476647 0.881108 0.448333 1 7 1.000000
skeleton
  7 -22.139671 0.223053 44.057697 -0.342508 0.932755 -0.112496 0.965807 0.445860 1 7 1.000000
  7 -21.123920 0.552546 44.959332 -0.572343 0.680206 0.457978 0.922556 0.444377 1 7 1.000000
  7 -21.073322 0.620801 44.799335 -0.268025 0.947254 -0.175704 0.923899 0.449515 1 7 1.000000
skeleton
  7 -22.139671 0.223053 44.057697 -0.342508 0.932755 -0.112496 0.965807 0.445860 1 7 1.000000
  7 -22.154581 0.153728 44.346462 -0.569787 0.722624 0.391352 0.961259 0.438755 1 7 1.000000
  7 -21.123920 0.552546 44.959332 -0.572343 0.680206 0.457978 0.922556 0.444377 1 7 1.000000
skeleton
  7 -22.529642 -0.010775 43.555737 0.089619 0.395782 -0.913961 0.983574 0.448597 1 7 1.000000
  7 -22.139671 0.223053 44.057697 -0.342508 0.932755 -0.112496 0.965807 0.445860 1 7 1.000000
  7 -22.026201 0.104846 43.955055 0.434700 0.372508 -0.819923 0.966395 0.451714 1 7 1.000000
skeleton
  7 -22.026201 0.104846 43.955055 0.434700 0.372508 -0.819923 0.966395 0.451714 1 7 1.000000
  7 -22.139671 0.223053 44.057697 -0.342508 0.932755 -0.112496 0.965807 0.445860 1 7 1.000000
  7 -21.073322 0.620801 44.799335 -0.268025 0.947254 -0.175704 0.923899 0.449515 1 7 1.000000
skeleton
  7 -22.026201 0.104846 43.955055 0.434700 0.372508 -0.819923 0.966395 0.451714 1 7 1.000000
  7 -21.073322 0.620801 44.799335 -0.268025 0.947254 -0.175704 0.923899 0.449515 1 7 1.000000
  7 -20.958246 0.567349 44.637253 0.246548 0.596031 -0.764173 0.924818 0.455133 1 7 1.000000
skeleton
  7 -20.958246 0.567349 44.637253 0.246548 0.596031 -0.764173 0.924818 0.455133 1 7 1.000000
  7 -21.073322 0.620801 44.799335 -0.268025 0.947254 -0.175704 0.923899 0.449515 1 7 1.000000
  7 -19.832741 1.155367 45.620941 -0.303092 0.941296 -0.148650 0.882236 0.454006 1 7 1.000000
skeleton
  7 -21.073322 0.620801 44.799335 -0.268025 0.947254 -0.175704 0.923899 0.449515 1 7 1.000000
  7 -19.921331 1.073851 45.827637 -0.643543 0.598882 0.476647 0.881108 0.448333 1 7 1.000000
  7 -19.832741 1.155367 45.620941 -0.303092 0.941296 -0.148650 0.882236 0.454006 1 7 1.000000
skeleton
  7 -19.921331 1.073851 45.827637 -0.643543 0.598882 0.476647 0.881108 0.448333 1 7 1.000000
  7 -18.686274 1.690658 46.656353 -0.335271 0.939782 -0.066362 0.840416 0.454581 1 7 1.000000
  7 -19.832741 1.155367 45.620941 -0.303092 0.941296 -0.148650 0.882236 0.454006 1 7 1.000000
skeleton
  7 -19.921331 1.073851 45.827637 -0.643543 0.598882 0.476647 0.881108 0.448333 1 7 1.000000
  7 -18.768919 1.538721 46.877804 -0.675028 0.533020 0.510124 0.839428 0.448029 1 7 1.000000
  7 -18.686274 1.690658 46.656353 -0.335271 0.939782 -0.066362 0.840416 0.454581 1 7 1.000000
skeleton
  7 -17.604898 1.932215 47.960342 -0.634815 0.551933 0.540722 0.797823 0.447191 1 7 1.000000
  7 -18.686274 1.690658 46.656353 -0.335271 0.939782 -0.066362 0.840416 0.454581 1 7 1.000000
  7 -18.768919 1.538721 46.877804 -0.675028 0.533020 0.510124 0.839428 0.448029 1 7 1.000000
skeleton
  7 -17.604898 1.932215 47.960342 -0.634815 0.551933 0.540722 0.797823 0.447191 1 7 1.000000
  7 -17.493916 2.138492 47.718513 -0.331560 0.942277 0.046701 0.798488 0.454982 1 7 1.000000
  7 -18.686274 1.690658 46.656353 -0.335271 0.939782 -0.066362 0.840416 0.454581 1 7 1.000000
skeleton
  7 -16.185406 2.294273 49.095993 -0.587428 0.650050 0.482041 0.750453 0.448779 1 7 1.000000
  7 -17.493916 2.138492 47.718513 -0.331560 0.942277 0.046701 0.798488 0.454982 1 7 1.000000
  7 -17.604898 1.932215 47.960342 -0.634815 0.551933 0.540722 0.797823 0.447191 1 7 1.000000
skeleton
  7 -16.185406 2.294273 49.095993 -0.587428 0.650050 0.482041 0.750453 0.448779 1 7 1.000000
  7 -16.021017 2.481358 48.864071 -0.317662 0.944830 0.079917 0.750177 0.456898 1 7 1.000000
  7 -17.493916 2.138492 47.718513 -0.331560 0.942277 0.046701 0.798488 0.454982 1 7 1.000000
skeleton
  7 -16.021017 2.481358 48.864071 -0.317662 0.944830 0.079917 0.750177 0.456898 1 7 1.000000
  7 -16.185406 2.294273 49.095993 -0.587428 0.650050 0.482041 0.750453 0.448779 1 7 1.000000
  7 -15.910721 2.373233 49.294674 -0.556095 0.693989 0.457315 0.741417 0.449640 1 7 1.000000
skeleton
  7 -17.280363 2.072947 47.462769 0.230278 0.771584 -0.592984 0.798983 0.462954 1 7 1.000000
  7 -17.493916 2.138492 47.718513 -0.331560 0.942277 0.046701 0.798488 0.454982 1 7 1.000000
  7 -16.021017 2.481358 48.864071 -0.317662 0.944830 0.079917 0.750177 0.456898 1 7 1.000000
skeleton
  7 -17.493916 2.138492 47.718513 -0.331560 0.942277 0.046701 0.798488 0.454982 1 7 1.000000
  7 -17.280363 2.072947 47.462769 0.230278 0.771584 -0.592984 0.798983 0.462954 1 7 1.000000
  7 -18.502602 1.619944 46.462151 0.253095 0.709595 -0.657585 0.840737 0.461061 1 7 1.000000
skeleton
  7 -17.493916 2.138492 47.718513 -0.331560 0.942277 0.046701 0.798488 0.454982 1 7 1.000000
  7 -18.502602 1.619944 46.462151 0.253095 0.709595 -0.657585 0.840737 0.461061 1 7 1.000000
  7 -18.686274 1.690658 46.656353 -0.335271 0.939782 -0.066362 0.840416 0.454581 1 7 1.000000
skeleton
  7 -19.672440 1.057426 45.471138 0.239788 0.663816 -0.708414 0.882499 0.459769 1 7 1.000000
  7 -18.686274 1.690658 46.656353 -0.335271 0.939782 -0.066362 0.840416 0.454581 1 7 1.000000
  7 -18.502602 1.619944 46.462151 0.253095 0.709595 -0.657585 0.840737 0.461061 1 7 1.000000
skeleton
  7 -19.672440 1.057426 45.471138 0.239788 0.663816 -0.708414 0.882499 0.459769 1 7 1.000000
  7 -19.832741 1.155367 45.620941 -0.303092 0.941296 -0.148650 0.882236 0.454006 1 7 1.000000
  7 -18.686274 1.690658 46.656353 -0.335271 0.939782 -0.066362 0.840416 0.454581 1 7 1.000000
skeleton
  7 -20.958246 0.567349 44.637253 0.246548 0.596031 -0.764173 0.924818 0.455133 1 7 1.000000
  7 -19.832741 1.155367 45.620941 -0.303092 0.941296 -0.148650 0.882236 0.454006 1 7 1.000000
  7 -19.672440 1.057426 45.471138 0.239788 0.663816 -0.708414 0.882499 0.459769 1 7 1.000000
skeleton
  7 -15.910721 2.373233 49.294674 -0.556095 0.693989 0.457315 0.741417 0.449640 1 7 1.000000
  7 -15.436986 2.689935 49.253731 -0.226023 0.972561 -0.055126 0.732472 0.459512 1 7 1.000000
  7 -15.759939 2.579245 49.050938 -0.299781 0.953655 0.025953 0.741724 0.457905 1 7 1.000000
skeleton
  7 -16.021017 2.481358 48.864071 -0.317662 0.944830 0.079917 0.750177 0.456898 1 7 1.000000
  7 -15.910721 2.373233 49.294674 -0.556095 0.693989 0.457315 0.741417 0.449640 1 7 1.000000
  7 -15.759939 2.579245 49.050938 -0.299781 0.953655 0.025953 0.741724 0.457905 1 7 1.000000
skeleton
  7 -15.805378 2.480999 48.602196 0.210048 0.811023 -0.546005 0.750398 0.464913 1 7 1.000000
  7 -16.021017 2.481358 48.864071 -0.317662 0.944830 0.079917 0.750177 0.456898 1 7 1.000000
  7 -15.759939 2.579245 49.050938 -0.299781 0.953655 0.025953 0.741724 0.457905 1 7 1.000000
skeleton
  7 -17.280363 2.072947 47.462769 0.230278 0.771584 -0.592984 0.798983 0.462954 1 7 1.000000
  7 -16.021017 2.481358 48.864071 -0.317662 0.944830 0.079917 0.750177 0.456898 1 7 1.000000
  7 -15.805378 2.480999 48.602196 0.210048 0.811023 -0.546005 0.750398 0.464913 1 7 1.000000
skeleton
  7 -15.805378 2.480999 48.602196 0.210048 0.811023 -0.546005 0.750398 0.464913 1 7 1.000000
  7 -17.168818 1.786774 47.401325 0.592610 -0.001436 -0.805488 0.799830 0.470260 1 7 1.000000
  7 -17.280363 2.072947 47.462769 0.230278 0.771584 -0.592984 0.798983 0.462954 1 7 1.000000
skeleton
  7 -18.502602 1.619944 46.462151 0.253095 0.709595 -0.657585 0.840737 0.461061 1 7 1.000000
  7 -17.280363 2.072947 47.462769 0.230278 0.771584 -0.592984 0.798983 0.462954 1 7 1.000000
  7 -17.168818 1.786774 47.401325 0.592610 -0.001436 -0.805488 0.799830 0.470260 1 7 1.000000
skeleton
  7 -18.502602 1.619944 46.462151 0.253095 0.709595 -0.657585 0.840737 0.461061 1 7 1.000000
  7 -17.168818 1.786774 47.401325 0.592610 -0.001436 -0.805488 0.799830 0.470260 1 7 1.000000
  7 -18.368578 1.379370 46.421246 0.640678 -0.082157 -0.763401 0.840904 0.467666 1 7 1.000000
skeleton
  7 -18.502602 1.619944 46.462151 0.253095 0.709595 -0.657585 0.840737 0.461061 1 7 1.000000
  7 -18.368578 1.379370 46.421246 0.640678 -0.082157 -0.763401 0.840904 0.467666 1 7 1.000000
  7 -19.589794 0.878545 45.465008 0.616928 -0.132063 -0.775860 0.882754 0.465348 1 7 1.000000
skeleton
  7 -18.502602 1.619944 46.462151 0.253095 0.709595 -0.657585 0.840737 0.461061 1 7 1.000000
  7 -19.589794 0.878545 45.465008 0.616928 -0.132063 -0.775860 0.882754 0.465348 1 7 1.000000
  7 -19.672440 1.057426 45.471138 0.239788 0.663816 -0.708414 0.882499 0.459769 1 7 1.000000
skeleton
  7 -19.672440 1.057426 45.471138 0.239788 0.663816 -0.708414 0.882499 0.459769 1 7 1.000000
  7 -19.589794 0.878545 45.465008 0.616928 -0.132063 -0.775860 0.882754 0.465348 1 7 1.000000
  7 -20.835213 0.381944 44.625046 0.575618 -0.223669 -0.786534 0.924422 0.461054 1 7 1.000000
skeleton
  7 -19.672440 1.057426 45.471138 0.239788 0.663816 -0.708414 0.882499 0.459769 1 7 1.000000
  7 -20.835213 0.381944 44.625046 0.575618 -0.223669 -0.786534 0.924422 0.461054 1 7 1.000000
  7 -20.958246 0.567349 44.637253 0.246548 0.596031 -0.764173 0.924818 0.455133 1 7 1.000000
skeleton
  7 -20.958246 0.567349 44.637253 0.246548 0.596031 -0.764173 0.924818 0.455133 1 7 1.000000
  7 -20.835213 0.381944 44.625046 0.575618 -0.223669 -0.786534 0.924422 0.461054 1 7 1.000000
  7 -21.875244 -0.061017 44.070309 0.636221 -0.272642 -0.721727 0.962721 0.458410 1 7 1.000000
skeleton
  7 -20.958246 0.567349 44.637253 0.246548 0.596031 -0.764173 0.924818 0.455133 1 7 1.000000
  7 -21.875244 -0.061017 44.070309 0.636221 -0.272642 -0.721727 0.962721 0.458410 1 7 1.000000
  7 -22.026201 0.104846 43.955055 0.434700 0.372508 -0.819923 0.966395 0.451714 1 7 1.000000
skeleton
  7 -22.026201 0.104846 43.955055 0.434700 0.372508 -0.819923 0.966395 0.451714 1 7 1.000000
  7 -21.875244 -0.061017 44.070309 0.636221 -0.272642 -0.721727 0.962721 0.458410 1 7 1.000000
  7 -22.254303 -0.371370 43.790730 0.488702 -0.496910 -0.717113 0.980398 0.461883 1 7 1.000000
skeleton
  7 -22.026201 0.104846 43.955055 0.434700 0.372508 -0.819923 0.966395 0.451714 1 7 1.000000
  7 -22.254303 -0.371370 43.790730 0.488702 -0.496910 -0.717113 0.980398 0.461883 1 7 1.000000
  7 -22.387688 -0.223915 43.696175 0.057525 -0.340780 -0.938381 0.983712 0.456027 1 7 1.000000
skeleton
  7 -22.583971 -0.094136 43.575657 -0.275846 -0.389475 -0.878759 0.986565 0.448037 1 7 1.000000
  7 -22.026201 0.104846 43.955055 0.434700 0.372508 -0.819923 0.966395 0.451714 1 7 1.000000
  7 -22.387688 -0.223915 43.696175 0.057525 -0.340780 -0.938381 0.983712 0.456027 1 7 1.000000
skeleton
  7 -22.583971 -0.094136 43.575657 -0.275846 -0.389475 -0.878759 0.986565 0.448037 1 7 1.000000
  7 -22.529642 -0.010775 43.555737 0.089619 0.395782 -0.913961 0.983574 0.448597 1 7 1.000000
  7 -22.026201 0.104846 43.955055 0.434700 0.372508 -0.819923 0.966395 0.451714 1 7 1.000000
skeleton
  7 -22.583971 -0.094136 43.575657 -0.275846 -0.389475 -0.878759 0.986565 0.448037 1 7 1.000000
  7 -22.586851 0.031895 43.617912 -0.474376 0.765138 -0.435351 0.982787 0.446708 1 7 1.000000
  7 -22.529642 -0.010775 43.555737 0.089619 0.395782 -0.913961 0.983574 0.448597 1 7 1.000000
skeleton
  7 -15.260946 2.563426 49.029312 0.373661 0.723714 -0.580185 0.733387 0.466075 1 7 1.000000
  7 -15.123246 2.124819 48.887550 0.687679 0.357536 -0.631874 0.734184 0.476779 1 7 1.000000
  7 -15.429495 2.252748 48.695065 0.506097 0.495061 -0.706244 0.742776 0.472692 1 7 1.000000
skeleton
  7 -15.260946 2.563426 49.029312 0.373661 0.723714 -0.580185 0.733387 0.466075 1 7 1.000000
  7 -15.429495 2.252748 48.695065 0.506097 0.495061 -0.706244 0.742776 0.472692 1 7 1.000000
  7 -15.538209 2.525394 48.815083 0.260175 0.789719 -0.555566 0.741836 0.465415 1 7 1.000000
skeleton
  7 -15.538209 2.525394 48.815083 0.260175 0.789719 -0.555566 0.741836 0.465415 1 7 1.000000
  7 -15.436986 2.689935 49.253731 -0.226023 0.972561 -0.055126 0.732472 0.459512 1 7 1.000000
  7 -15.260946 2.563426 49.029312 0.373661 0.723714 -0.580185 0.733387 0.466075 1 7 1.000000
skeleton
  7 -15.538209 2.525394 48.815083 0.260175 0.789719 -0.555566 0.741836 0.465415 1 7 1.000000
  7 -15.759939 2.579245 49.050938 -0.299781 0.953655 0.025953 0.741724 0.457905 1 7 1.000000
  7 -15.436986 2.689935 49.253731 -0.226023 0.972561 -0.055126 0.732472 0.459512 1 7 1.000000
skeleton
  7 -15.805378 2.480999 48.602196 0.210048 0.811023 -0.546005 0.750398 0.464913 1 7 1.000000
  7 -15.759939 2.579245 49.050938 -0.299781 0.953655 0.025953 0.741724 0.457905 1 7 1.000000
  7 -15.538209 2.525394 48.815083 0.260175 0.789719 -0.555566 0.741836 0.465415 1 7 1.000000
skeleton
  7 -15.538209 2.525394 48.815083 0.260175 0.789719 -0.555566 0.741836 0.465415 1 7 1.000000
  7 -15.758956 2.041690 48.361942 0.486135 0.180817 -0.854972 0.755659 0.475631 1 7 1.000000
  7 -15.805378 2.480999 48.602196 0.210048 0.811023 -0.546005 0.750398 0.464913 1 7 1.000000
skeleton
  7 -15.805378 2.480999 48.602196 0.210048 0.811023 -0.546005 0.750398 0.464913 1 7 1.000000
  7 -15.758956 2.041690 48.361942 0.486135 0.180817 -0.854972 0.755659 0.475631 1 7 1.000000
  7 -17.168818 1.786774 47.401325 0.592610 -0.001436 -0.805488 0.799830 0.470260 1 7 1.000000
skeleton
  7 -15.538209 2.525394 48.815083 0.260175 0.789719 -0.555566 0.741836 0.465415 1 7 1.000000
  7 -15.429495 2.252748 48.695065 0.506097 0.495061 -0.706244 0.742776 0.472692 1 7 1.000000
  7 -15.758956 2.041690 48.361942 0.486135 0.180817 -0.854972 0.755659 0.475631 1 7 1.000000
skeleton
  7 -14.768742 2.200910 49.356022 0.734577 -0.653347 -0.183123 0.720154 0.473905 1 7 1.000000
  7 -15.025997 1.997665 49.126366 0.957160 -0.281209 -0.069030 0.727949 0.479571 1 7 1.000000
  7 -15.123246 2.124819 48.887550 0.687679 0.357536 -0.631874 0.734184 0.476779 1 7 1.000000
skeleton
  7 -15.623376 2.468765 49.539814 -0.609917 0.679233 0.408221 0.731570 0.450720 1 7 1.000000
  7 -15.910721 2.373233 49.294674 -0.556095 0.693989 0.457315 0.741417 0.449640 1 7 1.000000
  7 -15.993847 2.157042 49.495968 -0.611079 0.497881 0.615383 0.740607 0.442285 1 7 1.000000
skeleton
  7 -15.910721 2.373233 49.294674 -0.556095 0.693989 0.457315 0.741417 0.449640 1 7 1.000000
  7 -15.623376 2.468765 49.539814 -0.609917 0.679233 0.408221 0.731570 0.450720 1 7 1.000000
  7 -15.436986 2.689935 49.253731 -0.226023 0.972561 -0.055126 0.732472 0.459512 1 7 1.000000
skeleton
  7 -15.623376 2.468765 49.539814 -0.609917 0.679233 0.408221 0.731570 0.450720 1 7 1.000000
  7 -15.205329 2.742693 49.506226 -0.095967 0.992307 -0.078209 0.725139 0.459376 1 7 1.000000
  7 -15.436986 2.689935 49.253731 -0.226023 0.972561 -0.055126 0.732472 0.459512 1 7 1.000000
skeleton
  7 -15.260946 2.563426 49.029312 0.373661 0.723714 -0.580185 0.733387 0.466075 1 7 1.000000
  7 -15.436986 2.689935 49.253731 -0.226023 0.972561 -0.055126 0.732472 0.459512 1 7 1.000000
  7 -15.205329 2.742693 49.506226 -0.095967 0.992307 -0.078209 0.725139 0.459376 1 7 1.000000
skeleton
  7 -15.260946 2.563426 49.029312 0.373661 0.723714 -0.580185 0.733387 0.466075 1 7 1.000000
  7 -15.205329 2.742693 49.506226 -0.095967 0.992307 -0.078209 0.725139 0.459376 1 7 1.000000
  7 -14.955314 2.580710 49.262383 0.505920 0.684203 -0.525273 0.725033 0.466421 1 7 1.000000
skeleton
  7 -14.955314 2.580710 49.262383 0.505920 0.684203 -0.525273 0.725033 0.466421 1 7 1.000000
  7 -15.123246 2.124819 48.887550 0.687679 0.357536 -0.631874 0.734184 0.476779 1 7 1.000000
  7 -15.260946 2.563426 49.029312 0.373661 0.723714 -0.580185 0.733387 0.466075 1 7 1.000000
skeleton
  7 -14.955314 2.580710 49.262383 0.505920 0.684203 -0.525273 0.725033 0.466421 1 7 1.000000
  7 -14.793353 2.318591 49.289047 0.798144 0.097862 -0.594465 0.722147 0.471720 1 7 1.000000
  7 -15.123246 2.124819 48.887550 0.687679 0.357536 -0.631874 0.734184 0.476779 1 7 1.000000
skeleton
  7 -14.768742 2.200910 49.356022 0.734577 -0.653347 -0.183123 0.720154 0.473905 1 7 1.000000
  7 -15.123246 2.124819 48.887550 0.687679 0.357536 -0.631874 0.734184 0.476779 1 7 1.000000
  7 -14.793353 2.318591 49.289047 0.798144 0.097862 -0.594465 0.722147 0.471720 1 7 1.000000
skeleton
  7 -14.552490 2.269492 49.792549 0.959058 -0.282519 0.019754 0.709830 0.468273 1 7 1.000000
  7 -14.768742 2.200910 49.356022 0.734577 -0.653347 -0.183123 0.720154 0.473905 1 7 1.000000
  7 -14.793353 2.318591 49.289047 0.798144 0.097862 -0.594465 0.722147 0.471720 1 7 1.000000
skeleton
  7 -14.552490 2.269492 49.792549 0.959058 -0.282519 0.019754 0.709830 0.468273 1 7 1.000000
  7 -14.793353 2.318591 49.289047 0.798144 0.097862 -0.594465 0.722147 0.471720 1 7 1.000000
  7 -14.612559 2.473274 49.661068 0.902918 0.397709 -0.162991 0.714998 0.466354 1 7 1.000000
skeleton
  7 -14.612559 2.473274 49.661068 0.902918 0.397709 -0.162991 0.714998 0.466354 1 7 1.000000
  7 -14.741010 2.327601 50.177284 0.563149 0.573985 0.594478 0.706091 0.458340 1 7 1.000000
  7 -14.552490 2.269492 49.792549 0.959058 -0.282519 0.019754 0.709830 0.468273 1 7 1.000000
skeleton
  7 -14.612559 2.473274 49.661068 0.902918 0.397709 -0.162991 0.714998 0.466354 1 7 1.000000
  7 -14.797547 2.587945 50.000065 0.494684 0.710594 0.500344 0.712900 0.459312 1 7 1.000000
  7 -14.741010 2.327601 50.177284 0.563149 0.573985 0.594478 0.706091 0.458340 1 7 1.000000
skeleton
  7 -15.150945 2.573261 50.080257 -0.291078 0.614429 0.733315 0.715822 0.452881 1 7 1.000000
  7 -14.741010 2.327601 50.177284 0.563149 0.573985 0.594478 0.706091 0.458340 1 7 1.000000
  7 -14.797547 2.587945 50.000065 0.494684 0.710594 0.500344 0.712900 0.459312 1 7 1.000000
skeleton
  7 -15.243495 2.654067 49.926689 -0.346237 0.809768 0.473703 0.719376 0.454105 1 7 1.000000
  7 -15.150945 2.573261 50.080257 -0.291078 0.614429 0.733315 0.715822 0.452881 1 7 1.000000
  7 -14.797547 2.587945 50.000065 0.494684 0.710594 0.500344 0.712900 0.459312 1 7 1.000000
skeleton
  7 -15.243495 2.654067 49.926689 -0.346237 0.809768 0.473703 0.719376 0.454105 1 7 1.000000
  7 -15.475835 2.396959 49.898232 -0.745190 0.277853 0.606210 0.722978 0.447598 1 7 1.000000
  7 -15.150945 2.573261 50.080257 -0.291078 0.614429 0.733315 0.715822 0.452881 1 7 1.000000
skeleton
  7 -15.243495 2.654067 49.926689 -0.346237 0.809768 0.473703 0.719376 0.454105 1 7 1.000000
  7 -15.429677 2.575955 49.742435 -0.602338 0.718556 0.347657 0.724796 0.452301 1 7 1.000000
  7 -15.475835 2.396959 49.898232 -0.745190 0.277853 0.606210 0.722978 0.447598 1 7 1.000000
skeleton
  7 -15.429677 2.575955 49.742435 -0.602338 0.718556 0.347657 0.724796 0.452301 1 7 1.000000
  7 -15.713857 2.214952 49.595436 -0.489826 0.465515 0.737134 0.732954 0.444333 1 7 1.000000
  7 -15.475835 2.396959 49.898232 -0.745190 0.277853 0.606210 0.722978 0.447598 1 7 1.000000
skeleton
  7 -15.429677 2.575955 49.742435 -0.602338 0.718556 0.347657 0.724796 0.452301 1 7 1.000000
  7 -15.623376 2.468765 49.539814 -0.609917 0.679233 0.408221 0.731570 0.450720 1 7 1.000000
  7 -15.713857 2.214952 49.595436 -0.489826 0.465515 0.737134 0.732954 0.444333 1 7 1.000000
skeleton
  7 -15.623376 2.468765 49.539814 -0.609917 0.679233 0.408221 0.731570 0.450720 1 7 1.000000
  7 -15.993847 2.157042 49.495968 -0.611079 0.497881 0.615383 0.740607 0.442285 1 7 1.000000
  7 -15.713857 2.214952 49.595436 -0.489826 0.465515 0.737134 0.732954 0.444333 1 7 1.000000
skeleton
  7 -15.623376 2.468765 49.539814 -0.609917 0.679233 0.408221 0.731570 0.450720 1 7 1.000000
  7 -15.429677 2.575955 49.742435 -0.602338 0.718556 0.347657 0.724796 0.452301 1 7 1.000000
  7 -15.205329 2.742693 49.506226 -0.095967 0.992307 -0.078209 0.725139 0.459376 1 7 1.000000
skeleton
  7 -15.243495 2.654067 49.926689 -0.346237 0.809768 0.473703 0.719376 0.454105 1 7 1.000000
  7 -15.205329 2.742693 49.506226 -0.095967 0.992307 -0.078209 0.725139 0.459376 1 7 1.000000
  7 -15.429677 2.575955 49.742435 -0.602338 0.718556 0.347657 0.724796 0.452301 1 7 1.000000
skeleton
  7 -15.243495 2.654067 49.926689 -0.346237 0.809768 0.473703 0.719376 0.454105 1 7 1.000000
  7 -14.897614 2.744469 49.850060 0.203419 0.964562 0.168049 0.717084 0.459421 1 7 1.000000
  7 -15.205329 2.742693 49.506226 -0.095967 0.992307 -0.078209 0.725139 0.459376 1 7 1.000000
skeleton
  7 -15.243495 2.654067 49.926689 -0.346237 0.809768 0.473703 0.719376 0.454105 1 7 1.000000
  7 -14.797547 2.587945 50.000065 0.494684 0.710594 0.500344 0.712900 0.459312 1 7 1.000000
  7 -14.897614 2.744469 49.850060 0.203419 0.964562 0.168049 0.717084 0.459421 1 7 1.000000
skeleton
  7 -14.745079 2.595428 49.512695 0.649608 0.707259 -0.278915 0.719101 0.465005 1 7 1.000000
  7 -14.897614 2.744469 49.850060 0.203419 0.964562 0.168049 0.717084 0.459421 1 7 1.000000
  7 -14.797547 2.587945 50.000065 0.494684 0.710594 0.500344 0.712900 0.459312 1 7 1.000000
skeleton
  7 -14.745079 2.595428 49.512695 0.649608 0.707259 -0.278915 0.719101 0.465005 1 7 1.000000
  7 -14.797547 2.587945 50.000065 0.494684 0.710594 0.500344 0.712900 0.459312 1 7 1.000000
  7 -14.612559 2.473274 49.661068 0.902918 0.397709 -0.162991 0.714998 0.466354 1 7 1.000000
skeleton
  7 -14.745079 2.595428 49.512695 0.649608 0.707259 -0.278915 0.719101 0.465005 1 7 1.000000
  7 -14.612559 2.473274 49.661068 0.902918 0.397709 -0.162991 0.714998 0.466354 1 7 1.000000
  7 -14.793353 2.318591 49.289047 0.798144 0.097862 -0.594465 0.722147 0.471720 1 7 1.000000
skeleton
  7 -14.745079 2.595428 49.512695 0.649608 0.707259 -0.278915 0.719101 0.465005 1 7 1.000000
  7 -14.793353 2.318591 49.289047 0.798144 0.097862 -0.594465 0.722147 0.471720 1 7 1.000000
  7 -14.955314 2.580710 49.262383 0.505920 0.684203 -0.525273 0.725033 0.466421 1 7 1.000000
skeleton
  7 -14.955314 2.580710 49.262383 0.505920 0.684203 -0.525273 0.725033 0.466421 1 7 1.000000
  7 -14.897614 2.744469 49.850060 0.203419 0.964562 0.168049 0.717084 0.459421 1 7 1.000000
  7 -14.745079 2.595428 49.512695 0.649608 0.707259 -0.278915 0.719101 0.465005 1 7 1.000000
skeleton
  7 -14.955314 2.580710 49.262383 0.505920 0.684203 -0.525273 0.725033 0.466421 1 7 1.000000
  7 -15.205329 2.742693 49.506226 -0.095967 0.992307 -0.078209 0.725139 0.459376 1 7 1.000000
  7 -14.897614 2.744469 49.850060 0.203419 0.964562 0.168049 0.717084 0.459421 1 7 1.000000
skeleton
  7 -15.423973 2.243175 49.979328 -0.392496 -0.557464 0.731560 0.720433 0.444271 1 7 1.000000
  7 -15.713857 2.214952 49.595436 -0.489826 0.465515 0.737134 0.732954 0.444333 1 7 1.000000
  7 -15.564183 2.015517 49.652901 0.164539 -0.167456 0.972052 0.729688 0.438900 1 7 1.000000
skeleton
  7 -15.423973 2.243175 49.979328 -0.392496 -0.557464 0.731560 0.720433 0.444271 1 7 1.000000
  7 -15.475835 2.396959 49.898232 -0.745190 0.277853 0.606210 0.722978 0.447598 1 7 1.000000
  7 -15.713857 2.214952 49.595436 -0.489826 0.465515 0.737134 0.732954 0.444333 1 7 1.000000
skeleton
  7 -15.063371 2.365309 50.249741 -0.232253 0.500133 0.834222 0.709831 0.450433 1 7 1.000000
  7 -15.475835 2.396959 49.898232 -0.745190 0.277853 0.606210 0.722978 0.447598 1 7 1.000000
  7 -15.423973 2.243175 49.979328 -0.392496 -0.557464 0.731560 0.720433 0.444271 1 7 1.000000
skeleton
  7 -15.063371 2.365309 50.249741 -0.232253 0.500133 0.834222 0.709831 0.450433 1 7 1.000000
  7 -15.150945 2.573261 50.080257 -0.291078 0.614429 0.733315 0.715822 0.452881 1 7 1.000000
  7 -15.475835 2.396959 49.898232 -0.745190 0.277853 0.606210 0.722978 0.447598 1 7 1.000000
skeleton
  7 -15.150945 2.573261 50.080257 -0.291078 0.614429 0.733315 0.715822 0.452881 1 7 1.000000
  7 -15.063371 2.365309 50.249741 -0.232253 0.500133 0.834222 0.709831 0.450433 1 7 1.000000
  7 -14.741010 2.327601 50.177284 0.563149 0.573985 0.594478 0.706091 0.458340 1 7 1.000000
skeleton
  5 -0.982185 -2.161577 59.173588 -0.320390 0.810306 -0.490667 0.223744 0.716794 1 5 1.000000
  5 -1.108582 -2.111602 59.621780 0.132575 0.950364 0.281481 0.216617 0.722594 1 5 1.000000
  5 -0.703488 -2.143844 59.598598 0.088077 0.937211 0.337457 0.228222 0.723939 1 5 1.000000
skeleton
  5 -5.881862 0.727121 60.287346 -0.523872 0.828026 0.199826 0.092541 0.734518 1 5 1.000000
  5 -5.802184 0.726946 60.146873 -0.330541 0.576610 -0.747170 0.095084 0.734640 1 5 1.000000
  5 -5.825250 0.442996 60.112377 -0.548348 0.125856 -0.826725 0.097173 0.728537 1 5 1.000000
skeleton
  5 -4.843502 0.427835 60.049259 0.233502 0.587706 -0.774647 0.117641 0.736858 1 5 1.000000
  5 -5.802184 0.726946 60.146873 -0.330541 0.576610 -0.747170 0.095084 0.734640 1 5 1.000000
  5 -5.881862 0.727121 60.287346 -0.523872 0.828026 0.199826 0.092541 0.734518 1 5 1.000000
skeleton
  5 -4.843502 0.427835 60.049259 0.233502 0.587706 -0.774647 0.117641 0.736858 1 5 1.000000
  5 -5.881862 0.727121 60.287346 -0.523872 0.828026 0.199826 0.092541 0.734518 1 5 1.000000
  5 -4.784771 0.467457 60.338284 0.524873 0.827736 0.198395 0.118183 0.742496 1 5 1.000000
skeleton
  5 -4.048696 -0.535528 59.846161 0.251797 0.434173 -0.864923 0.142940 0.723963 1 5 1.000000
  5 -4.843502 0.427835 60.049259 0.233502 0.587706 -0.774647 0.117641 0.736858 1 5 1.000000
  5 -4.784771 0.467457 60.338284 0.524873 0.827736 0.198395 0.118183 0.742496 1 5 1.000000
skeleton
  5 -4.048696 -0.535528 59.846161 0.251797 0.434173 -0.864923 0.142940 0.723963 1 5 1.000000
  5 -4.784771 0.467457 60.338284 0.524873 0.827736 0.198395 0.118183 0.742496 1 5 1.000000
  5 -3.866230 -0.536140 60.050976 0.751928 0.644998 0.136318 0.146970 0.728708 1 5 1.000000
skeleton
  5 -3.058846 -1.654403 59.553719 0.146956 0.406835 -0.901603 0.174165 0.710042 1 5 1.000000
  5 -4.048696 -0.535528 59.846161 0.251797 0.434173 -0.864923 0.142940 0.723963 1 5 1.000000
  5 -3.866230 -0.536140 60.050976 0.751928 0.644998 0.136318 0.146970 0.728708 1 5 1.000000
skeleton
  5 -3.058846 -1.654403 59.553719 0.146956 0.406835 -0.901603 0.174165 0.710042 1 5 1.000000
  5 -3.866230 -0.536140 60.050976 0.751928 0.644998 0.136318 0.146970 0.728708 1 5 1.000000
  5 -2.861193 -1.572318 59.772827 0.559722 0.823875 0.089117 0.177301 0.716071 1 5 1.000000
skeleton
  5 -3.058846 -1.654403 59.553719 0.146956 0.406835 -0.901603 0.174165 0.710042 1 5 1.000000
  5 -2.861193 -1.572318 59.772827 0.559722 0.823875 0.089117 0.177301 0.716071 1 5 1.000000
  5 -1.933812 -1.963147 59.706951 0.275247 0.948261 0.158242 0.199309 0.715848 1 5 1.000000
skeleton
  5 -3.058846 -1.654403 59.553719 0.146956 0.406835 -0.901603 0.174165 0.710042 1 5 1.000000
  5 -1.933812 -1.963147 59.706951 0.275247 0.948261 0.158242 0.199309 0.715848 1 5 1.000000
  5 -2.006036 -2.053452 59.493443 0.036950 0.527221 -0.848924 0.199507 0.710335 1 5 1.000000
skeleton
  5 -2.006036 -2.053452 59.493443 0.036950 0.527221 -0.848924 0.199507 0.710335 1 5 1.000000
  5 -1.933812 -1.963147 59.706951 0.275247 0.948261 0.158242 0.199309 0.715848 1 5 1.000000
  5 -1.108582 -2.111602 59.621780 0.132575 0.950364 0.281481 0.216617 0.722594 1 5 1.000000
skeleton
  5 -2.006036 -2.053452 59.493443 0.036950 0.527221 -0.848924 0.199507 0.710335 1 5 1.000000
  5 -1.108582 -2.111602 59.621780 0.132575 0.950364 0.281481 0.216617 0.722594 1 5 1.000000
  5 -1.171058 -2.135320 59.368984 -0.185977 0.740559 -0.645744 0.217664 0.716096 1 5 1.000000
skeleton
  5 -0.982185 -2.161577 59.173588 -0.320390 0.810306 -0.490667 0.223744 0.716794 1 5 1.000000
  5 -1.171058 -2.135320 59.368984 -0.185977 0.740559 -0.645744 0.217664 0.716096 1 5 1.000000
  5 -1.108582 -2.111602 59.621780 0.132575 0.950364 0.281481 0.216617 0.722594 1 5 1.000000
skeleton
  5 -1.073593 -2.353193 59.182354 0.149793 0.037158 -0.988019 0.223151 0.712065 1 5 1.000000
  5 -1.171058 -2.135320 59.368984 -0.185977 0.740559 -0.645744 0.217664 0.716096 1 5 1.000000
  5 -0.982185 -2.161577 59.173588 -0.320390 0.810306 -0.490667 0.223744 0.716794 1 5 1.000000
skeleton
  5 -1.073593 -2.353193 59.182354 0.149793 0.037158 -0.988019 0.223151 0.712065 1 5 1.000000
  5 -1.295346 -2.307643 59.360790 -0.379997 0.205911 -0.901778 0.216703 0.711408 1 5 1.000000
  5 -1.171058 -2.135320 59.368984 -0.185977 0.740559 -0.645744 0.217664 0.716096 1 5 1.000000
skeleton
  5 -1.163721 -2.542126 59.190998 -0.126467 -0.324764 -0.937302 0.222636 0.707396 1 5 1.000000
  5 -1.295346 -2.307643 59.360790 -0.379997 0.205911 -0.901778 0.216703 0.711408 1 5 1.000000
  5 -1.073593 -2.353193 59.182354 0.149793 0.037158 -0.988019 0.223151 0.712065 1 5 1.000000
skeleton
  5 -1.163721 -2.542126 59.190998 -0.126467 -0.324764 -0.937302 0.222636 0.707396 1 5 1.000000
  5 -1.417897 -2.477552 59.352711 -0.463469 -0.323755 -0.824851 0.215738 0.706800 1 5 1.000000
  5 -1.295346 -2.307643 59.360790 -0.379997 0.205911 -0.901778 0.216703 0.711408 1 5 1.000000
skeleton
  5 -1.014307 -2.811101 59.437489 0.370061 -0.842984 -0.390426 0.227686 0.701751 1 5 1.000000
  5 -1.417897 -2.477552 59.352711 -0.463469 -0.323755 -0.824851 0.215738 0.706800 1 5 1.000000
  5 -1.163721 -2.542126 59.190998 -0.126467 -0.324764 -0.937302 0.222636 0.707396 1 5 1.000000
skeleton
  5 -1.014307 -2.811101 59.437489 0.370061 -0.842984 -0.390426 0.227686 0.701751 1 5 1.000000
  5 -1.344638 -2.677202 59.558147 -0.368332 -0.929640 0.010073 0.218060 0.699888 1 5 1.000000
  5 -1.417897 -2.477552 59.352711 -0.463469 -0.323755 -0.824851 0.215738 0.706800 1 5 1.000000
skeleton
  5 -4.843502 0.427835 60.049259 0.233502 0.587706 -0.774647 0.117641 0.736858 1 5 1.000000
  5 -4.048696 -0.535528 59.846161 0.251797 0.434173 -0.864923 0.142940 0.723963 1 5 1.000000
  5 -4.175006 -0.725476 59.842674 -0.153546 0.083590 -0.984599 0.142061 0.718915 1 5 1.000000
skeleton
  5 -4.843502 0.427835 60.049259 0.233502 0.587706 -0.774647 0.117641 0.736858 1 5 1.000000
  5 -4.175006 -0.725476 59.842674 -0.153546 0.083590 -0.984599 0.142061 0.718915 1 5 1.000000
  5 -4.952672 0.158412 60.030899 -0.087212 0.107787 -0.990341 0.117803 0.730294 1 5 1.000000
skeleton
  5 -3.119576 -1.741072 59.576450 -0.152372 -0.035176 -0.987697 0.173584 0.707679 1 5 1.000000
  5 -4.048696 -0.535528 59.846161 0.251797 0.434173 -0.864923 0.142940 0.723963 1 5 1.000000
  5 -3.058846 -1.654403 59.553719 0.146956 0.406835 -0.901603 0.174165 0.710042 1 5 1.000000
skeleton
  5 -3.119576 -1.741072 59.576450 -0.152372 -0.035176 -0.987697 0.173584 0.707679 1 5 1.000000
  5 -4.175006 -0.725476 59.842674 -0.153546 0.083590 -0.984599 0.142061 0.718915 1 5 1.000000
  5 -4.048696 -0.535528 59.846161 0.251797 0.434173 -0.864923 0.142940 0.723963 1 5 1.000000
skeleton
  5 -4.843502 0.427835 60.049259 0.233502 0.587706 -0.774647 0.117641 0.736858 1 5 1.000000
  5 -5.825250 0.442996 60.112377 -0.548348 0.125856 -0.826725 0.097173 0.728537 1 5 1.000000
  5 -5.802184 0.726946 60.146873 -0.330541 0.576610 -0.747170 0.095084 0.734640 1 5 1.000000
skeleton
  5 -4.843502 0.427835 60.049259 0.233502 0.587706 -0.774647 0.117641 0.736858 1 5 1.000000
  5 -4.952672 0.158412 60.030899 -0.087212 0.107787 -0.990341 0.117803 0.730294 1 5 1.000000
  5 -5.825250 0.442996 60.112377 -0.548348 0.125856 -0.826725 0.097173 0.728537 1 5 1.000000
skeleton
  5 -4.952672 0.158412 60.030899 -0.087212 0.107787 -0.990341 0.117803 0.730294 1 5 1.000000
  5 -5.847992 0.163022 60.078362 -0.520880 -0.230769 -0.821845 0.099224 0.722524 1 5 1.000000
  5 -5.825250 0.442996 60.112377 -0.548348 0.125856 -0.826725 0.097173 0.728537 1 5 1.000000
skeleton
  5 -4.952672 0.158412 60.030899 -0.087212 0.107787 -0.990341 0.117803 0.730294 1 5 1.000000
  5 -5.060315 -0.107238 60.012810 -0.353241 -0.350536 -0.867378 0.117971 0.723828 1 5 1.000000
  5 -5.847992 0.163022 60.078362 -0.520880 -0.230769 -0.821845 0.099224 0.722524 1 5 1.000000
skeleton
  5 -5.060315 -0.107238 60.012810 -0.353241 -0.350536 -0.867378 0.117971 0.723828 1 5 1.000000
  5 -4.952672 0.158412 60.030899 -0.087212 0.107787 -0.990341 0.117803 0.730294 1 5 1.000000
  5 -4.175006 -0.725476 59.842674 -0.153546 0.083590 -0.984599 0.142061 0.718915 1 5 1.000000
skeleton
  5 -5.060315 -0.107238 60.012810 -0.353241 -0.350536 -0.867378 0.117971 0.723828 1 5 1.000000
  5 -4.175006 -0.725476 59.842674 -0.153546 0.083590 -0.984599 0.142061 0.718915 1 5 1.000000
  5 -4.299551 -0.912765 59.839233 -0.496782 -0.342808 -0.797302 0.141199 0.713947 1 5 1.000000
skeleton
  5 -3.179457 -1.826526 59.598873 -0.383633 -0.460711 -0.800357 0.173018 0.705355 1 5 1.000000
  5 -4.299551 -0.912765 59.839233 -0.496782 -0.342808 -0.797302 0.141199 0.713947 1 5 1.000000
  5 -4.175006 -0.725476 59.842674 -0.153546 0.083590 -0.984599 0.142061 0.718915 1 5 1.000000
skeleton
  5 -3.179457 -1.826526 59.598873 -0.383633 -0.460711 -0.800357 0.173018 0.705355 1 5 1.000000
  5 -4.175006 -0.725476 59.842674 -0.153546 0.083590 -0.984599 0.142061 0.718915 1 5 1.000000
  5 -3.119576 -1.741072 59.576450 -0.152372 -0.035176 -0.987697 0.173584 0.707679 1 5 1.000000
skeleton
  5 -3.179457 -1.826526 59.598873 -0.383633 -0.460711 -0.800357 0.173018 0.705355 1 5 1.000000
  5 -3.119576 -1.741072 59.576450 -0.152372 -0.035176 -0.987697 0.173584 0.707679 1 5 1.000000
  5 -2.039526 -2.176771 59.509274 -0.149405 -0.028856 -0.988355 0.199824 0.707473 1 5 1.000000
skeleton
  5 -3.058846 -1.654403 59.553719 0.146956 0.406835 -0.901603 0.174165 0.710042 1 5 1.000000
  5 -2.039526 -2.176771 59.509274 -0.149405 -0.028856 -0.988355 0.199824 0.707473 1 5 1.000000
  5 -3.119576 -1.741072 59.576450 -0.152372 -0.035176 -0.987697 0.173584 0.707679 1 5 1.000000
skeleton
  5 -3.058846 -1.654403 59.553719 0.146956 0.406835 -0.901603 0.174165 0.710042 1 5 1.000000
  5 -2.006036 -2.053452 59.493443 0.036950 0.527221 -0.848924 0.199507 0.710335 1 5 1.000000
  5 -2.039526 -2.176771 59.509274 -0.149405 -0.028856 -0.988355 0.199824 0.707473 1 5 1.000000
skeleton
  5 -1.295346 -2.307643 59.360790 -0.379997 0.205911 -0.901778 0.216703 0.711408 1 5 1.000000
  5 -2.039526 -2.176771 59.509274 -0.149405 -0.028856 -0.988355 0.199824 0.707473 1 5 1.000000
  5 -2.006036 -2.053452 59.493443 0.036950 0.527221 -0.848924 0.199507 0.710335 1 5 1.000000
skeleton
  5 -1.295346 -2.307643 59.360790 -0.379997 0.205911 -0.901778 0.216703 0.711408 1 5 1.000000
  5 -2.006036 -2.053452 59.493443 0.036950 0.527221 -0.848924 0.199507 0.710335 1 5 1.000000
  5 -1.171058 -2.135320 59.368984 -0.185977 0.740559 -0.645744 0.217664 0.716096 1 5 1.000000
skeleton
  5 -3.179457 -1.826526 59.598873 -0.383633 -0.460711 -0.800357 0.173018 0.705355 1 5 1.000000
  5 -2.039526 -2.176771 59.509274 -0.149405 -0.028856 -0.988355 0.199824 0.707473 1 5 1.000000
  5 -2.072550 -2.298362 59.524887 -0.307213 -0.465440 -0.830052 0.200130 0.704648 1 5 1.000000
skeleton
  5 -1.417897 -2.477552 59.352711 -0.463469 -0.323755 -0.824851 0.215738 0.706800 1 5 1.000000
  5 -2.072550 -2.298362 59.524887 -0.307213 -0.465440 -0.830052 0.200130 0.704648 1 5 1.000000
  5 -2.039526 -2.176771 59.509274 -0.149405 -0.028856 -0.988355 0.199824 0.707473 1 5 1.000000
skeleton
  5 -1.417897 -2.477552 59.352711 -0.463469 -0.323755 -0.824851 0.215738 0.706800 1 5 1.000000
  5 -2.039526 -2.176771 59.509274 -0.149405 -0.028856 -0.988355 0.199824 0.707473 1 5 1.000000
  5 -1.295346 -2.307643 59.360790 -0.379997 0.205911 -0.901778 0.216703 0.711408 1 5 1.000000
skeleton
  5 -1.344638 -2.677202 59.558147 -0.368332 -0.929640 0.010073 0.218060 0.699888 1 5 1.000000
  5 -2.072550 -2.298362 59.524887 -0.307213 -0.465440 -0.830052 0.200130 0.704648 1 5 1.000000
  5 -1.417897 -2.477552 59.352711 -0.463469 -0.323755 -0.824851 0.215738 0.706800 1 5 1.000000
skeleton
  5 -1.344638 -2.677202 59.558147 -0.368332 -0.929640 0.010073 0.218060 0.699888 1 5 1.000000
  5 -2.104372 -2.384984 59.714581 -0.374684 -0.924558 0.069314 0.199606 0.699890 1 5 1.000000
  5 -2.072550 -2.298362 59.524887 -0.307213 -0.465440 -0.830052 0.200130 0.704648 1 5 1.000000
skeleton
  5 -2.104372 -2.384984 59.714581 -0.374684 -0.924558 0.069314 0.199606 0.699890 1 5 1.000000
  5 -3.179457 -1.826526 59.598873 -0.383633 -0.460711 -0.800357 0.173018 0.705355 1 5 1.000000
  5 -2.072550 -2.298362 59.524887 -0.307213 -0.465440 -0.830052 0.200130 0.704648 1 5 1.000000
skeleton
  5 -2.104372 -2.384984 59.714581 -0.374684 -0.924558 0.069314 0.199606 0.699890 1 5 1.000000
  5 -3.190540 -1.897800 59.745907 -0.495270 -0.847970 0.188825 0.172704 0.701887 1 5 1.000000
  5 -3.179457 -1.826526 59.598873 -0.383633 -0.460711 -0.800357 0.173018 0.705355 1 5 1.000000
skeleton
  5 -3.190540 -1.897800 59.745907 -0.495270 -0.847970 0.188825 0.172704 0.701887 1 5 1.000000
  5 -4.299551 -0.912765 59.839233 -0.496782 -0.342808 -0.797302 0.141199 0.713947 1 5 1.000000
  5 -3.179457 -1.826526 59.598873 -0.383633 -0.460711 -0.800357 0.173018 0.705355 1 5 1.000000
skeleton
  5 -3.190540 -1.897800 59.745907 -0.495270 -0.847970 0.188825 0.172704 0.701887 1 5 1.000000
  5 -4.311394 -0.977110 60.003979 -0.604234 -0.736201 0.304810 0.140273 0.710159 1 5 1.000000
  5 -4.299551 -0.912765 59.839233 -0.496782 -0.342808 -0.797302 0.141199 0.713947 1 5 1.000000
skeleton
  5 -4.311394 -0.977110 60.003979 -0.604234 -0.736201 0.304810 0.140273 0.710159 1 5 1.000000
  5 -5.060315 -0.107238 60.012810 -0.353241 -0.350536 -0.867378 0.117971 0.723828 1 5 1.000000
  5 -4.299551 -0.912765 59.839233 -0.496782 -0.342808 -0.797302 0.141199 0.713947 1 5 1.000000
skeleton
  5 -4.311394 -0.977110 60.003979 -0.604234 -0.736201 0.304810 0.140273 0.710159 1 5 1.000000
  5 -5.052576 -0.230760 60.200542 -0.495181 -0.830882 0.253831 0.118215 0.718840 1 5 1.000000
  5 -5.060315 -0.107238 60.012810 -0.353241 -0.350536 -0.867378 0.117971 0.723828 1 5 1.000000
skeleton
  5 -5.052576 -0.230760 60.200542 -0.495181 -0.830882 0.253831 0.118215 0.718840 1 5 1.000000
  5 -5.847992 0.163022 60.078362 -0.520880 -0.230769 -0.821845 0.099224 0.722524 1 5 1.000000
  5 -5.060315 -0.107238 60.012810 -0.353241 -0.350536 -0.867378 0.117971 0.723828 1 5 1.000000
skeleton
  5 -5.052576 -0.230760 60.200542 -0.495181 -0.830882 0.253831 0.118215 0.718840 1 5 1.000000
  5 -5.898152 0.086178 60.181511 -0.877127 -0.472065 0.088338 0.098169 0.720133 1 5 1.000000
  5 -5.847992 0.163022 60.078362 -0.520880 -0.230769 -0.821845 0.099224 0.722524 1 5 1.000000
skeleton
  5 -5.898152 0.086178 60.181511 -0.877127 -0.472065 0.088338 0.098169 0.720133 1 5 1.000000
  5 -5.825250 0.442996 60.112377 -0.548348 0.125856 -0.826725 0.097173 0.728537 1 5 1.000000
  5 -5.847992 0.163022 60.078362 -0.520880 -0.230769 -0.821845 0.099224 0.722524 1 5 1.000000
skeleton
  5 -5.898152 0.086178 60.181511 -0.877127 -0.472065 0.088338 0.098169 0.720133 1 5 1.000000
  5 -5.890065 0.404390 60.234051 -0.998192 0.054225 0.025938 0.094444 0.726921 1 5 1.000000
  5 -5.825250 0.442996 60.112377 -0.548348 0.125856 -0.826725 0.097173 0.728537 1 5 1.000000
skeleton
  5 -5.881862 0.727121 60.287346 -0.523872 0.828026 0.199826 0.092541 0.734518 1 5 1.000000
  5 -5.825250 0.442996 60.112377 -0.548348 0.125856 -0.826725 0.097173 0.728537 1 5 1.000000
  5 -5.890065 0.404390 60.234051 -0.998192 0.054225 0.025938 0.094444 0.726921 1 5 1.000000
skeleton
  5 -1.152503 -2.469829 59.776249 -0.042407 -0.346558 0.937069 0.107104 0.763244 1 5 1.000000
  5 -2.028884 -2.312310 59.827206 -0.137076 -0.518276 0.844156 0.124475 0.753241 1 5 1.000000
  5 -1.228063 -2.606855 59.717117 -0.111924 -0.626059 0.771701 0.106227 0.759587 1 5 1.000000
skeleton
  5 -1.228063 -2.606855 59.717117 -0.111924 -0.626059 0.771701 0.106227 0.759587 1 5 1.000000
  5 -2.104372 -2.384984 59.714581 -0.374684 -0.924558 0.069314 0.124177 0.749838 1 5 1.000000
  5 -1.344638 -2.677202 59.558147 -0.368332 -0.929640 0.010073 0.105970 0.754878 1 5 1.000000
skeleton
  5 -2.920959 -1.681963 59.897041 0.266432 0.210161 0.940663 0.148819 0.750775 1 5 1.000000
  5 -1.933812 -1.963147 59.706951 0.275247 0.948261 0.158242 0.128410 0.762299 1 5 1.000000
  5 -2.861193 -1.572318 59.772827 0.559722 0.823875 0.089117 0.149112 0.754451 1 5 1.000000
skeleton
  5 -2.920959 -1.681963 59.897041 0.266432 0.210161 0.940663 0.148819 0.750775 1 5 1.000000
  5 -1.935291 -2.079362 59.854576 0.142760 0.299508 0.943353 0.126288 0.758616 1 5 1.000000
  5 -1.933812 -1.963147 59.706951 0.275247 0.948261 0.158242 0.128410 0.762299 1 5 1.000000
skeleton
  5 -1.935291 -2.079362 59.854576 0.142760 0.299508 0.943353 0.126288 0.758616 1 5 1.000000
  5 -1.108582 -2.111602 59.621780 0.132575 0.950364 0.281481 0.112543 0.772437 1 5 1.000000
  5 -1.933812 -1.963147 59.706951 0.275247 0.948261 0.158242 0.128410 0.762299 1 5 1.000000
skeleton
  5 -1.935291 -2.079362 59.854576 0.142760 0.299508 0.943353 0.126288 0.758616 1 5 1.000000
  5 -1.075868 -2.330858 59.836224 0.054450 0.228584 0.972000 0.107988 0.766954 1 5 1.000000
  5 -1.108582 -2.111602 59.621780 0.132575 0.950364 0.281481 0.112543 0.772437 1 5 1.000000
skeleton
  5 -0.703488 -2.143844 59.598598 0.088077 0.937211 0.337457 0.103319 0.776723 1 5 1.000000
  5 -1.108582 -2.111602 59.621780 0.132575 0.950364 0.281481 0.112543 0.772437 1 5 1.000000
  5 -1.075868 -2.330858 59.836224 0.054450 0.228584 0.972000 0.107988 0.766954 1 5 1.000000
skeleton
  5 -0.703488 -2.143844 59.598598 0.088077 0.937211 0.337457 0.103319 0.776723 1 5 1.000000
  5 -1.075868 -2.330858 59.836224 0.054450 0.228584 0.972000 0.107988 0.766954 1 5 1.000000
  5 -0.692252 -2.401158 59.854561 0.001388 0.180151 0.983638 0.100535 0.771565 1 5 1.000000
skeleton
  5 -0.692252 -2.401158 59.854561 0.001388 0.180151 0.983638 0.100535 0.771565 1 5 1.000000
  5 -1.075868 -2.330858 59.836224 0.054450 0.228584 0.972000 0.107988 0.766954 1 5 1.000000
  5 -1.152503 -2.469829 59.776249 -0.042407 -0.346558 0.937069 0.107104 0.763244 1 5 1.000000
skeleton
  5 -0.692252 -2.401158 59.854561 0.001388 0.180151 0.983638 0.100535 0.771565 1 5 1.000000
  5 -1.152503 -2.469829 59.776249 -0.042407 -0.346558 0.937069 0.107104 0.763244 1 5 1.000000
  5 -0.786654 -2.554256 59.765511 -0.070431 -0.420342 0.904628 0.099625 0.767151 1 5 1.000000
skeleton
  5 -0.786654 -2.554256 59.765511 -0.070431 -0.420342 0.904628 0.099625 0.767151 1 5 1.000000
  5 -1.152503 -2.469829 59.776249 -0.042407 -0.346558 0.937069 0.107104 0.763244 1 5 1.000000
  5 -1.228063 -2.606855 59.717117 -0.111924 -0.626059 0.771701 0.106227 0.759587 1 5 1.000000
skeleton
  5 -0.786654 -2.554256 59.765511 -0.070431 -0.420342 0.904628 0.099625 0.767151 1 5 1.000000
  5 -1.228063 -2.606855 59.717117 -0.111924 -0.626059 0.771701 0.106227 0.759587 1 5 1.000000
  5 -0.879733 -2.705212 59.677696 -0.117696 -0.674638 0.728705 0.098716 0.762800 1 5 1.000000
skeleton
  5 -0.879733 -2.705212 59.677696 -0.117696 -0.674638 0.728705 0.098716 0.762800 1 5 1.000000
  5 -1.228063 -2.606855 59.717117 -0.111924 -0.626059 0.771701 0.106227 0.759587 1 5 1.000000
  5 -1.344638 -2.677202 59.558147 -0.368332 -0.929640 0.010073 0.105970 0.754878 1 5 1.000000
skeleton
  5 -0.879733 -2.705212 59.677696 -0.117696 -0.674638 0.728705 0.098716 0.762800 1 5 1.000000
  5 -1.344638 -2.677202 59.558147 -0.368332 -0.929640 0.010073 0.105970 0.754878 1 5 1.000000
  5 -1.014307 -2.811101 59.437489 0.370061 -0.842984 -0.390426 0.097170 0.757098 1 5 1.000000
skeleton
  5 -4.802102 0.303973 60.473885 0.245050 0.197484 0.949184 0.210760 0.761778 1 5 1.000000
  5 -5.737144 0.674056 60.484364 -0.317684 0.249567 0.914764 0.232127 0.754312 1 5 1.000000
  5 -5.783157 0.466003 60.425091 -0.546900 -0.173954 0.818926 0.229794 0.749927 1 5 1.000000
skeleton
  5 -4.802102 0.303973 60.473885 0.245050 0.197484 0.949184 0.210760 0.761778 1 5 1.000000
  5 -5.783157 0.466003 60.425091 -0.546900 -0.173954 0.818926 0.229794 0.749927 1 5 1.000000
  5 -4.866390 0.138206 60.408634 -0.055128 -0.295732 0.953679 0.209362 0.757803 1 5 1.000000
skeleton
  5 -4.929778 -0.025239 60.344299 -0.138074 -0.412842 0.900276 0.207988 0.753885 1 5 1.000000
  5 -4.866390 0.138206 60.408634 -0.055128 -0.295732 0.953679 0.209362 0.757803 1 5 1.000000
  5 -5.783157 0.466003 60.425091 -0.546900 -0.173954 0.818926 0.229794 0.749927 1 5 1.000000
skeleton
  5 -4.046885 -0.735305 60.153873 0.009748 -0.255940 0.966643 0.182215 0.753176 1 5 1.000000
  5 -4.866390 0.138206 60.408634 -0.055128 -0.295732 0.953679 0.209362 0.757803 1 5 1.000000
  5 -4.929778 -0.025239 60.344299 -0.138074 -0.412842 0.900276 0.207988 0.753885 1 5 1.000000
skeleton
  5 -4.046885 -0.735305 60.153873 0.009748 -0.255940 0.966643 0.182215 0.753176 1 5 1.000000
  5 -4.929778 -0.025239 60.344299 -0.138074 -0.412842 0.900276 0.207988 0.753885 1 5 1.000000
  5 -4.138263 -0.816797 60.137531 -0.135115 -0.386746 0.912234 0.182669 0.750435 1 5 1.000000
skeleton
  5 -3.000407 -1.763272 59.885597 0.017393 -0.166521 0.985884 0.149050 0.748270 1 5 1.000000
  5 -4.046885 -0.735305 60.153873 0.009748 -0.255940 0.966643 0.182215 0.753176 1 5 1.000000
  5 -4.138263 -0.816797 60.137531 -0.135115 -0.386746 0.912234 0.182669 0.750435 1 5 1.000000
skeleton
  5 -3.000407 -1.763272 59.885597 0.017393 -0.166521 0.985884 0.149050 0.748270 1 5 1.000000
  5 -4.138263 -0.816797 60.137531 -0.135115 -0.386746 0.912234 0.182669 0.750435 1 5 1.000000
  5 -3.078746 -1.843443 59.874321 -0.151825 -0.425455 0.892153 0.149277 0.745797 1 5 1.000000
skeleton
  5 -3.000407 -1.763272 59.885597 0.017393 -0.166521 0.985884 0.149050 0.748270 1 5 1.000000
  5 -3.078746 -1.843443 59.874321 -0.151825 -0.425455 0.892153 0.149277 0.745797 1 5 1.000000
  5 -2.028884 -2.312310 59.827206 -0.137076 -0.518276 0.844156 0.124475 0.753241 1 5 1.000000
skeleton
  5 -3.000407 -1.763272 59.885597 0.017393 -0.166521 0.985884 0.149050 0.748270 1 5 1.000000
  5 -2.028884 -2.312310 59.827206 -0.137076 -0.518276 0.844156 0.124475 0.753241 1 5 1.000000
  5 -1.982417 -2.196656 59.840797 -0.010985 -0.196224 0.980497 0.125366 0.755909 1 5 1.000000
skeleton
  5 -1.152503 -2.469829 59.776249 -0.042407 -0.346558 0.937069 0.107104 0.763244 1 5 1.000000
  5 -1.982417 -2.196656 59.840797 -0.010985 -0.196224 0.980497 0.125366 0.755909 1 5 1.000000
  5 -2.028884 -2.312310 59.827206 -0.137076 -0.518276 0.844156 0.124475 0.753241 1 5 1.000000
skeleton
  5 -1.075868 -2.330858 59.836224 0.054450 0.228584 0.972000 0.107988 0.766954 1 5 1.000000
  5 -1.982417 -2.196656 59.840797 -0.010985 -0.196224 0.980497 0.125366 0.755909 1 5 1.000000
  5 -1.152503 -2.469829 59.776249 -0.042407 -0.346558 0.937069 0.107104 0.763244 1 5 1.000000
skeleton
  5 -1.075868 -2.330858 59.836224 0.054450 0.228584 0.972000 0.107988 0.766954 1 5 1.000000
  5 -1.935291 -2.079362 59.854576 0.142760 0.299508 0.943353 0.126288 0.758616 1 5 1.000000
  5 -1.982417 -2.196656 59.840797 -0.010985 -0.196224 0.980497 0.125366 0.755909 1 5 1.000000
skeleton
  5 -2.920959 -1.681963 59.897041 0.266432 0.210161 0.940663 0.148819 0.750775 1 5 1.000000
  5 -1.982417 -2.196656 59.840797 -0.010985 -0.196224 0.980497 0.125366 0.755909 1 5 1.000000
  5 -1.935291 -2.079362 59.854576 0.142760 0.299508 0.943353 0.126288 0.758616 1 5 1.000000
skeleton
  5 -2.920959 -1.681963 59.897041 0.266432 0.210161 0.940663 0.148819 0.750775 1 5 1.000000
  5 -3.000407 -1.763272 59.885597 0.017393 -0.166521 0.985884 0.149050 0.748270 1 5 1.000000
  5 -1.982417 -2.196656 59.840797 -0.010985 -0.196224 0.980497 0.125366 0.755909 1 5 1.000000
skeleton
  5 -2.920959 -1.681963 59.897041 0.266432 0.210161 0.940663 0.148819 0.750775 1 5 1.000000
  5 -4.046885 -0.735305 60.153873 0.009748 -0.255940 0.966643 0.182215 0.753176 1 5 1.000000
  5 -3.000407 -1.763272 59.885597 0.017393 -0.166521 0.985884 0.149050 0.748270 1 5 1.000000
skeleton
  5 -2.920959 -1.681963 59.897041 0.266432 0.210161 0.940663 0.148819 0.750775 1 5 1.000000
  5 -3.954211 -0.652656 60.170444 0.352567 0.068246 0.933295 0.181753 0.755953 1 5 1.000000
  5 -4.046885 -0.735305 60.153873 0.009748 -0.255940 0.966643 0.182215 0.753176 1 5 1.000000
skeleton
  5 -3.954211 -0.652656 60.170444 0.352567 0.068246 0.933295 0.181753 0.755953 1 5 1.000000
  5 -4.866390 0.138206 60.408634 -0.055128 -0.295732 0.953679 0.209362 0.757803 1 5 1.000000
  5 -4.046885 -0.735305 60.153873 0.009748 -0.255940 0.966643 0.182215 0.753176 1 5 1.000000
skeleton
  5 -3.954211 -0.652656 60.170444 0.352567 0.068246 0.933295 0.181753 0.755953 1 5 1.000000
  5 -4.802102 0.303973 60.473885 0.245050 0.197484 0.949184 0.210760 0.761778 1 5 1.000000
  5 -4.866390 0.138206 60.408634 -0.055128 -0.295732 0.953679 0.209362 0.757803 1 5 1.000000
skeleton
  5 -1.228063 -2.606855 59.717117 -0.111924 -0.626059 0.771701 0.106227 0.759587 1 5 1.000000
  5 -2.028884 -2.312310 59.827206 -0.137076 -0.518276 0.844156 0.124475 0.753241 1 5 1.000000
  5 -2.104372 -2.384984 59.714581 -0.374684 -0.924558 0.069314 0.124177 0.749838 1 5 1.000000
skeleton
  5 -2.028884 -2.312310 59.827206 -0.137076 -0.518276 0.844156 0.124475 0.753241 1 5 1.000000
  5 -3.190540 -1.897800 59.745907 -0.495270 -0.847970 0.188825 0.150033 0.742003 1 5 1.000000
  5 -2.104372 -2.384984 59.714581 -0.374684 -0.924558 0.069314 0.124177 0.749838 1 5 1.000000
skeleton
  5 -2.028884 -2.312310 59.827206 -0.137076 -0.518276 0.844156 0.124475 0.753241 1 5 1.000000
  5 -3.078746 -1.843443 59.874321 -0.151825 -0.425455 0.892153 0.149277 0.745797 1 5 1.000000
  5 -3.190540 -1.897800 59.745907 -0.495270 -0.847970 0.188825 0.150033 0.742003 1 5 1.000000
skeleton
  5 -3.078746 -1.843443 59.874321 -0.151825 -0.425455 0.892153 0.149277 0.745797 1 5 1.000000
  5 -4.311394 -0.977110 60.003979 -0.604234 -0.736201 0.304810 0.183131 0.744339 1 5 1.000000
  5 -3.190540 -1.897800 59.745907 -0.495270 -0.847970 0.188825 0.150033 0.742003 1 5 1.000000
skeleton
  5 -3.078746 -1.843443 59.874321 -0.151825 -0.425455 0.892153 0.149277 0.745797 1 5 1.000000
  5 -4.138263 -0.816797 60.137531 -0.135115 -0.386746 0.912234 0.182669 0.750435 1 5 1.000000
  5 -4.311394 -0.977110 60.003979 -0.604234 -0.736201 0.304810 0.183131 0.744339 1 5 1.000000
skeleton
  5 -4.138263 -0.816797 60.137531 -0.135115 -0.386746 0.912234 0.182669 0.750435 1 5 1.000000
  5 -5.052576 -0.230760 60.200542 -0.495181 -0.830882 0.253831 0.206826 0.747733 1 5 1.000000
  5 -4.311394 -0.977110 60.003979 -0.604234 -0.736201 0.304810 0.183131 0.744339 1 5 1.000000
skeleton
  5 -4.138263 -0.816797 60.137531 -0.135115 -0.386746 0.912234 0.182669 0.750435 1 5 1.000000
  5 -4.929778 -0.025239 60.344299 -0.138074 -0.412842 0.900276 0.207988 0.753885 1 5 1.000000
  5 -5.052576 -0.230760 60.200542 -0.495181 -0.830882 0.253831 0.206826 0.747733 1 5 1.000000
skeleton
  5 -5.052576 -0.230760 60.200542 -0.495181 -0.830882 0.253831 0.206826 0.747733 1 5 1.000000
  5 -4.929778 -0.025239 60.344299 -0.138074 -0.412842 0.900276 0.207988 0.753885 1 5 1.000000
  5 -5.828527 0.260862 60.366653 -0.452546 -0.333389 0.827075 0.227479 0.745600 1 5 1.000000
skeleton
  5 -4.929778 -0.025239 60.344299 -0.138074 -0.412842 0.900276 0.207988 0.753885 1 5 1.000000
  5 -5.783157 0.466003 60.425091 -0.546900 -0.173954 0.818926 0.229794 0.749927 1 5 1.000000
  5 -5.828527 0.260862 60.366653 -0.452546 -0.333389 0.827075 0.227479 0.745600 1 5 1.000000
skeleton
  5 -5.828527 0.260862 60.366653 -0.452546 -0.333389 0.827075 0.227479 0.745600 1 5 1.000000
  5 -5.783157 0.466003 60.425091 -0.546900 -0.173954 0.818926 0.229794 0.749927 1 5 1.000000
  5 -5.890065 0.404390 60.234051 -0.998192 0.054225 0.025938 0.231922 0.745298 1 5 1.000000
skeleton
  5 -5.737144 0.674056 60.484364 -0.317684 0.249567 0.914764 0.232127 0.754312 1 5 1.000000
  5 -5.890065 0.404390 60.234051 -0.998192 0.054225 0.025938 0.231922 0.745298 1 5 1.000000
  5 -5.783157 0.466003 60.425091 -0.546900 -0.173954 0.818926 0.229794 0.749927 1 5 1.000000
skeleton
  5 -5.737144 0.674056 60.484364 -0.317684 0.249567 0.914764 0.232127 0.754312 1 5 1.000000
  5 -5.881862 0.727121 60.287346 -0.523872 0.828026 0.199826 0.236003 0.751927 1 5 1.000000
  5 -5.890065 0.404390 60.234051 -0.998192 0.054225 0.025938 0.231922 0.745298 1 5 1.000000
skeleton
  5 -4.784771 0.467457 60.338284 0.524873 0.827736 0.198395 0.212771 0.765256 1 5 1.000000
  5 -5.881862 0.727121 60.287346 -0.523872 0.828026 0.199826 0.236003 0.751927 1 5 1.000000
  5 -5.737144 0.674056 60.484364 -0.317684 0.249567 0.914764 0.232127 0.754312 1 5 1.000000
skeleton
  5 -4.784771 0.467457 60.338284 0.524873 0.827736 0.198395 0.212771 0.765256 1 5 1.000000
  5 -5.737144 0.674056 60.484364 -0.317684 0.249567 0.914764 0.232127 0.754312 1 5 1.000000
  5 -4.802102 0.303973 60.473885 0.245050 0.197484 0.949184 0.210760 0.761778 1 5 1.000000
skeleton
  5 -3.866230 -0.536140 60.050976 0.751928 0.644998 0.136318 0.181271 0.760175 1 5 1.000000
  5 -4.784771 0.467457 60.338284 0.524873 0.827736 0.198395 0.212771 0.765256 1 5 1.000000
  5 -4.802102 0.303973 60.473885 0.245050 0.197484 0.949184 0.210760 0.761778 1 5 1.000000
skeleton
  5 -3.866230 -0.536140 60.050976 0.751928 0.644998 0.136318 0.181271 0.760175 1 5 1.000000
  5 -4.802102 0.303973 60.473885 0.245050 0.197484 0.949184 0.210760 0.761778 1 5 1.000000
  5 -3.954211 -0.652656 60.170444 0.352567 0.068246 0.933295 0.181753 0.755953 1 5 1.000000
skeleton
  5 -2.861193 -1.572318 59.772827 0.559722 0.823875 0.089117 0.149112 0.754451 1 5 1.000000
  5 -3.866230 -0.536140 60.050976 0.751928 0.644998 0.136318 0.181271 0.760175 1 5 1.000000
  5 -3.954211 -0.652656 60.170444 0.352567 0.068246 0.933295 0.181753 0.755953 1 5 1.000000
skeleton
  5 -2.861193 -1.572318 59.772827 0.559722 0.823875 0.089117 0.149112 0.754451 1 5 1.000000
  5 -3.954211 -0.652656 60.170444 0.352567 0.068246 0.933295 0.181753 0.755953 1 5 1.000000
  5 -2.920959 -1.681963 59.897041 0.266432 0.210161 0.940663 0.148819 0.750775 1 5 1.000000
skeleton
  5 -5.052576 -0.230760 60.200542 -0.495181 -0.830882 0.253831 0.206826 0.747733 1 5 1.000000
  5 -5.828527 0.260862 60.366653 -0.452546 -0.333389 0.827075 0.227479 0.745600 1 5 1.000000
  5 -5.898152 0.086178 60.181511 -0.877127 -0.472065 0.088338 0.225758 0.740278 1 5 1.000000
skeleton
  5 -5.828527 0.260862 60.366653 -0.452546 -0.333389 0.827075 0.227479 0.745600 1 5 1.000000
  5 -5.890065 0.404390 60.234051 -0.998192 0.054225 0.025938 0.231922 0.745298 1 5 1.000000
  5 -5.898152 0.086178 60.181511 -0.877127 -0.472065 0.088338 0.225758 0.740278 1 5 1.000000
skeleton
  5 -0.692252 -2.401158 59.854561 0.875040 -0.323686 -0.359906 0.100535 0.771565 1 5 1.000000
  5 -0.859992 -2.479825 59.517483 0.824538 -0.303090 -0.477779 0.094416 0.767238 1 5 1.000000
  5 -0.703488 -2.143844 59.598598 0.833713 -0.309905 -0.457035 0.103319 0.776723 1 5 1.000000
skeleton
  5 -0.692252 -2.401158 59.854561 0.875040 -0.323686 -0.359906 0.100535 0.771565 1 5 1.000000
  5 -0.786654 -2.554256 59.765511 0.875935 -0.325461 -0.356108 0.099625 0.767151 1 5 1.000000
  5 -0.859992 -2.479825 59.517483 0.824538 -0.303090 -0.477779 0.094416 0.767238 1 5 1.000000
skeleton
  5 -0.786654 -2.554256 59.765511 0.875935 -0.325461 -0.356108 0.099625 0.767151 1 5 1.000000
  5 -1.014307 -2.811101 59.437489 0.370061 -0.842984 -0.390426 0.097170 0.757098 1 5 1.000000
  5 -0.859992 -2.479825 59.517483 0.824538 -0.303090 -0.477779 0.094416 0.767238 1 5 1.000000
skeleton
  5 -0.786654 -2.554256 59.765511 0.875935 -0.325461 -0.356108 0.099625 0.767151 1 5 1.000000
  5 -0.879733 -2.705212 59.677696 0.876814 -0.327229 -0.352305 0.098716 0.762800 1 5 1.000000
  5 -1.014307 -2.811101 59.437489 0.370061 -0.842984 -0.390426 0.097170 0.757098 1 5 1.000000
skeleton
  5 -0.703488 -2.143844 59.598598 0.833713 -0.309905 -0.457035 0.228222 0.723939 1 5 1.000000
  5 -1.073593 -2.353193 59.182354 0.149793 0.037158 -0.988019 0.223151 0.712065 1 5 1.000000
  5 -0.982185 -2.161577 59.173588 0.782939 -0.292613 -0.548985 0.223744 0.716794 1 5 1.000000
skeleton
  5 -0.703488 -2.143844 59.598598 0.833713 -0.309905 -0.457035 0.228222 0.723939 1 5 1.000000
  5 -0.859992 -2.479825 59.517483 0.824538 -0.303090 -0.477779 0.232095 0.711883 1 5 1.000000
  5 -1.073593 -2.353193 59.182354 0.149793 0.037158 -0.988019 0.223151 0.712065 1 5 1.000000
skeleton
  5 -0.859992 -2.479825 59.517483 0.824538 -0.303090 -0.477779 0.232095 0.711883 1 5 1.000000
  5 -1.163721 -2.542126 59.190998 -0.126467 -0.324764 -0.937302 0.222636 0.707396 1 5 1.000000
  5 -1.073593 -2.353193 59.182354 0.149793 0.037158 -0.988019 0.223151 0.712065 1 5 1.000000
skeleton
  5 -0.859992 -2.479825 59.517483 0.824538 -0.303090 -0.477779 0.232095 0.711883 1 5 1.000000
  5 -1.014307 -2.811101 59.437489 0.370061 -0.842984 -0.390426 0.227686 0.701751 1 5 1.000000
  5 -1.163721 -2.542126 59.190998 -0.126467 -0.324764 -0.937302 0.222636 0.707396 1 5 1.000000
skeleton
  5 -5.141651 2.197045 59.974884 -0.664317 0.085086 -0.742592 0.856067 0.963151 1 5 1.000000
  5 -4.993205 1.860395 59.962154 -0.657718 -0.414077 0.629243 0.852950 0.969958 1 5 1.000000
  5 -5.061320 1.998351 60.118286 -0.369996 -0.885115 -0.282268 0.856870 0.967603 1 5 1.000000
skeleton
  5 -5.141651 2.197045 59.974884 -0.664317 0.085086 -0.742592 0.856067 0.963151 1 5 1.000000
  5 -5.102022 1.987283 59.876686 -0.868671 0.451759 0.203284 0.852129 0.966111 1 5 1.000000
  5 -4.993205 1.860395 59.962154 -0.657718 -0.414077 0.629243 0.852950 0.969958 1 5 1.000000
skeleton
  5 -5.957201 1.099394 60.479412 0.907591 -0.247237 -0.339340 0.880351 0.981164 1 5 1.000000
  5 -5.929335 1.105845 60.666615 0.966526 -0.231076 -0.111499 0.876924 0.983859 1 5 1.000000
  5 -6.013199 0.779128 60.627659 0.995265 -0.037169 -0.089805 0.881055 0.988048 1 5 1.000000
skeleton
  5 -5.881785 1.391034 60.444874 0.787336 -0.564758 -0.247285 0.876650 0.976543 1 5 1.000000
  5 -5.929335 1.105845 60.666615 0.966526 -0.231076 -0.111499 0.876924 0.983859 1 5 1.000000
  5 -5.957201 1.099394 60.479412 0.907591 -0.247237 -0.339340 0.880351 0.981164 1 5 1.000000
skeleton
  5 -5.953836 1.422631 60.283630 0.592256 -0.495586 -0.635316 0.878748 0.973608 1 5 1.000000
  5 -5.881785 1.391034 60.444874 0.787336 -0.564758 -0.247285 0.876650 0.976543 1 5 1.000000
  5 -5.957201 1.099394 60.479412 0.907591 -0.247237 -0.339340 0.880351 0.981164 1 5 1.000000
skeleton
  5 -5.499610 1.666216 60.398529 0.576207 -0.817245 -0.009819 0.867766 0.972798 1 5 1.000000
  5 -5.881785 1.391034 60.444874 0.787336 -0.564758 -0.247285 0.876650 0.976543 1 5 1.000000
  5 -5.953836 1.422631 60.283630 0.592256 -0.495586 -0.635316 0.878748 0.973608 1 5 1.000000
skeleton
  5 -5.499610 1.666216 60.398529 0.576207 -0.817245 -0.009819 0.867766 0.972798 1 5 1.000000
  5 -5.953836 1.422631 60.283630 0.592256 -0.495586 -0.635316 0.878748 0.973608 1 5 1.000000
  5 -5.593026 1.705876 60.259491 0.286108 -0.537461 -0.793270 0.869897 0.970004 1 5 1.000000
skeleton
  5 -5.499610 1.666216 60.398529 0.576207 -0.817245 -0.009819 0.867766 0.972798 1 5 1.000000
  5 -5.593026 1.705876 60.259491 0.286108 -0.537461 -0.793270 0.869897 0.970004 1 5 1.000000
  5 -5.061320 1.998351 60.118286 -0.369996 -0.885115 -0.282268 0.856870 0.967603 1 5 1.000000
skeleton
  5 -5.705314 1.936887 60.266544 -0.107937 0.208100 -0.972134 0.870220 0.964820 1 5 1.000000
  5 -5.061320 1.998351 60.118286 -0.369996 -0.885115 -0.282268 0.856870 0.967603 1 5 1.000000
  5 -5.593026 1.705876 60.259491 0.286108 -0.537461 -0.793270 0.869897 0.970004 1 5 1.000000
skeleton
  5 -5.705314 1.936887 60.266544 -0.107937 0.208100 -0.972134 0.870220 0.964820 1 5 1.000000
  5 -5.141651 2.197045 59.974884 -0.664317 0.085086 -0.742592 0.856067 0.963151 1 5 1.000000
  5 -5.061320 1.998351 60.118286 -0.369996 -0.885115 -0.282268 0.856870 0.967603 1 5 1.000000
skeleton
  5 -5.141651 2.197045 59.974884 -0.664317 0.085086 -0.742592 0.856067 0.963151 1 5 1.000000
  5 -5.705314 1.936887 60.266544 -0.107937 0.208100 -0.972134 0.870220 0.964820 1 5 1.000000
  5 -5.764256 2.111977 60.350750 -0.508383 0.809025 -0.295001 0.870043 0.960580 1 5 1.000000
skeleton
  5 -5.141651 2.197045 59.974884 -0.664317 0.085086 -0.742592 0.856067 0.963151 1 5 1.000000
  5 -5.764256 2.111977 60.350750 -0.508383 0.809025 -0.295001 0.870043 0.960580 1 5 1.000000
  5 -5.254807 2.470329 60.160099 -0.612661 0.702554 -0.362028 0.857940 0.956407 1 5 1.000000
skeleton
  5 -5.881785 1.391034 60.444874 0.787336 -0.564758 -0.247285 0.876650 0.976543 1 5 1.000000
  5 -5.867640 1.420030 60.612015 0.648568 -0.312224 0.694173 0.874208 0.979273 1 5 1.000000
  5 -5.929335 1.105845 60.666615 0.966526 -0.231076 -0.111499 0.876924 0.983859 1 5 1.000000
skeleton
  5 -5.505912 1.702105 60.506557 0.495975 -0.422436 0.758654 0.866838 0.974770 1 5 1.000000
  5 -5.867640 1.420030 60.612015 0.648568 -0.312224 0.694173 0.874208 0.979273 1 5 1.000000
  5 -5.881785 1.391034 60.444874 0.787336 -0.564758 -0.247285 0.876650 0.976543 1 5 1.000000
skeleton
  5 -5.505912 1.702105 60.506557 0.495975 -0.422436 0.758654 0.866838 0.974770 1 5 1.000000
  5 -5.881785 1.391034 60.444874 0.787336 -0.564758 -0.247285 0.876650 0.976543 1 5 1.000000
  5 -5.499610 1.666216 60.398529 0.576207 -0.817245 -0.009819 0.867766 0.972798 1 5 1.000000
skeleton
  5 -5.505912 1.702105 60.506557 0.495975 -0.422436 0.758654 0.866838 0.974770 1 5 1.000000
  5 -5.499610 1.666216 60.398529 0.576207 -0.817245 -0.009819 0.867766 0.972798 1 5 1.000000
  5 -4.953617 1.978639 60.284573 0.260362 -0.724431 0.638287 0.854898 0.970578 1 5 1.000000
skeleton
  5 -5.499610 1.666216 60.398529 0.576207 -0.817245 -0.009819 0.867766 0.972798 1 5 1.000000
  5 -5.061320 1.998351 60.118286 -0.369996 -0.885115 -0.282268 0.856870 0.967603 1 5 1.000000
  5 -4.953617 1.978639 60.284573 0.260362 -0.724431 0.638287 0.854898 0.970578 1 5 1.000000
skeleton
  5 -5.505912 1.702105 60.506557 0.495975 -0.422436 0.758654 0.866838 0.974770 1 5 1.000000
  5 -4.953617 1.978639 60.284573 0.260362 -0.724431 0.638287 0.854898 0.970578 1 5 1.000000
  5 -5.021349 2.125327 60.382187 0.320807 -0.128538 0.938382 0.853887 0.974255 1 5 1.000000
skeleton
  5 -6.832316 1.504161 60.177891 -0.701608 0.705368 0.101005 0.895649 0.961915 1 5 1.000000
  5 -6.352015 1.821931 60.242119 -0.473040 0.880169 -0.039191 0.883374 0.960720 1 5 1.000000
  5 -6.315124 1.799908 60.159756 -0.133663 0.586591 -0.798777 0.882975 0.962542 1 5 1.000000
skeleton
  5 -6.315124 1.799908 60.159756 -0.133663 0.586591 -0.798777 0.882975 0.962542 1 5 1.000000
  5 -6.352015 1.821931 60.242119 -0.473040 0.880169 -0.039191 0.883374 0.960720 1 5 1.000000
  5 -5.764256 2.111977 60.350750 -0.508383 0.809025 -0.295001 0.870043 0.960580 1 5 1.000000
skeleton
  5 -6.315124 1.799908 60.159756 -0.133663 0.586591 -0.798777 0.882975 0.962542 1 5 1.000000
  5 -5.764256 2.111977 60.350750 -0.508383 0.809025 -0.295001 0.870043 0.960580 1 5 1.000000
  5 -5.705314 1.936887 60.266544 -0.107937 0.208100 -0.972134 0.870220 0.964820 1 5 1.000000
skeleton
  5 -6.315124 1.799908 60.159756 -0.133663 0.586591 -0.798777 0.882975 0.962542 1 5 1.000000
  5 -5.705314 1.936887 60.266544 -0.107937 0.208100 -0.972134 0.870220 0.964820 1 5 1.000000
  5 -6.196107 1.699946 60.136486 0.132646 0.220602 -0.966302 0.881722 0.965570 1 5 1.000000
skeleton
  5 -6.196107 1.699946 60.136486 0.132646 0.220602 -0.966302 0.881722 0.965570 1 5 1.000000
  5 -5.705314 1.936887 60.266544 -0.107937 0.208100 -0.972134 0.870220 0.964820 1 5 1.000000
  5 -5.593026 1.705876 60.259491 0.286108 -0.537461 -0.793270 0.869897 0.970004 1 5 1.000000
skeleton
  5 -6.196107 1.699946 60.136486 0.132646 0.220602 -0.966302 0.881722 0.965570 1 5 1.000000
  5 -5.593026 1.705876 60.259491 0.286108 -0.537461 -0.793270 0.869897 0.970004 1 5 1.000000
  5 -6.051793 1.531436 60.161442 0.380763 -0.175541 -0.907857 0.880318 0.970013 1 5 1.000000
skeleton
  5 -6.051793 1.531436 60.161442 0.380763 -0.175541 -0.907857 0.880318 0.970013 1 5 1.000000
  5 -5.593026 1.705876 60.259491 0.286108 -0.537461 -0.793270 0.869897 0.970004 1 5 1.000000
  5 -5.953836 1.422631 60.283630 0.592256 -0.495586 -0.635316 0.878748 0.973608 1 5 1.000000
skeleton
  5 -6.048388 1.180284 60.324917 0.708934 -0.271007 -0.651128 0.882595 0.977750 1 5 1.000000
  5 -6.051793 1.531436 60.161442 0.380763 -0.175541 -0.907857 0.880318 0.970013 1 5 1.000000
  5 -5.953836 1.422631 60.283630 0.592256 -0.495586 -0.635316 0.878748 0.973608 1 5 1.000000
skeleton
  5 -5.953836 1.422631 60.283630 0.592256 -0.495586 -0.635316 0.878748 0.973608 1 5 1.000000
  5 -5.957201 1.099394 60.479412 0.907591 -0.247237 -0.339340 0.880351 0.981164 1 5 1.000000
  5 -6.048388 1.180284 60.324917 0.708934 -0.271007 -0.651128 0.882595 0.977750 1 5 1.000000
skeleton
  5 -6.048388 1.180284 60.324917 0.708934 -0.271007 -0.651128 0.882595 0.977750 1 5 1.000000
  5 -5.957201 1.099394 60.479412 0.907591 -0.247237 -0.339340 0.880351 0.981164 1 5 1.000000
  5 -6.030771 0.794212 60.466335 0.954582 0.030334 -0.296399 0.884223 0.985899 1 5 1.000000
skeleton
  5 -5.957201 1.099394 60.479412 0.907591 -0.247237 -0.339340 0.880351 0.981164 1 5 1.000000
  5 -6.013199 0.779128 60.627659 0.995265 -0.037169 -0.089805 0.881055 0.988048 1 5 1.000000
  5 -6.030771 0.794212 60.466335 0.954582 0.030334 -0.296399 0.884223 0.985899 1 5 1.000000
skeleton
  5 -6.030771 0.794212 60.466335 0.954582 0.030334 -0.296399 0.884223 0.985899 1 5 1.000000
  5 -6.013199 0.779128 60.627659 0.995265 -0.037169 -0.089805 0.881055 0.988048 1 5 1.000000
  5 -5.955305 0.315364 60.454582 0.996991 0.009705 -0.076902 0.887247 0.995885 1 5 1.000000
skeleton
  5 -6.030771 0.794212 60.466335 0.954582 0.030334 -0.296399 0.884223 0.985899 1 5 1.000000
  5 -5.955305 0.315364 60.454582 0.996991 0.009705 -0.076902 0.887247 0.995885 1 5 1.000000
  5 -5.968704 0.404829 60.298058 0.967871 0.113678 -0.224283 0.889081 0.993046 1 5 1.000000
skeleton
  5 -5.968704 0.404829 60.298058 0.967871 0.113678 -0.224283 0.889081 0.993046 1 5 1.000000
  5 -5.955305 0.315364 60.454582 0.996991 0.009705 -0.076902 0.887247 0.995885 1 5 1.000000
  5 -5.990571 0.207286 60.350281 0.460897 -0.765348 0.449239 0.890358 0.997037 1 5 1.000000
skeleton
  5 -5.968704 0.404829 60.298058 0.967871 0.113678 -0.224283 0.889081 0.993046 1 5 1.000000
  5 -5.990571 0.207286 60.350281 0.460897 -0.765348 0.449239 0.890358 0.997037 1 5 1.000000
  5 -5.999958 0.195658 60.198402 0.753825 -0.562848 -0.339043 0.893486 0.996108 1 5 1.000000
skeleton
  5 -6.041338 0.478711 60.137737 0.689902 0.230341 -0.686279 0.891983 0.990524 1 5 1.000000
  5 -5.968704 0.404829 60.298058 0.967871 0.113678 -0.224283 0.889081 0.993046 1 5 1.000000
  5 -5.999958 0.195658 60.198402 0.753825 -0.562848 -0.339043 0.893486 0.996108 1 5 1.000000
skeleton
  5 -6.041338 0.478711 60.137737 0.689902 0.230341 -0.686279 0.891983 0.990524 1 5 1.000000
  5 -5.999958 0.195658 60.198402 0.753825 -0.562848 -0.339043 0.893486 0.996108 1 5 1.000000
  5 -6.034424 0.341008 60.109013 0.490938 -0.175833 -0.853266 0.893424 0.992983 1 5 1.000000
skeleton
  5 -6.315403 0.320306 60.073753 0.094165 -0.335500 -0.937322 0.898426 0.990026 1 5 1.000000
  5 -6.041338 0.478711 60.137737 0.689902 0.230341 -0.686279 0.891983 0.990524 1 5 1.000000
  5 -6.034424 0.341008 60.109013 0.490938 -0.175833 -0.853266 0.893424 0.992983 1 5 1.000000
skeleton
  5 -6.795228 1.513659 60.072937 -0.406677 0.505292 -0.761114 0.894526 0.963516 1 5 1.000000
  5 -6.315124 1.799908 60.159756 -0.133663 0.586591 -0.798777 0.882975 0.962542 1 5 1.000000
  5 -6.196107 1.699946 60.136486 0.132646 0.220602 -0.966302 0.881722 0.965570 1 5 1.000000
skeleton
  5 -6.832316 1.504161 60.177891 -0.701608 0.705368 0.101005 0.895649 0.961915 1 5 1.000000
  5 -6.315124 1.799908 60.159756 -0.133663 0.586591 -0.798777 0.882975 0.962542 1 5 1.000000
  5 -6.795228 1.513659 60.072937 -0.406677 0.505292 -0.761114 0.894526 0.963516 1 5 1.000000
skeleton
  5 -7.112368 1.091281 60.201084 -0.940748 0.339035 0.007006 0.905151 0.966916 1 5 1.000000
  5 -6.832316 1.504161 60.177891 -0.701608 0.705368 0.101005 0.895649 0.961915 1 5 1.000000
  5 -6.795228 1.513659 60.072937 -0.406677 0.505292 -0.761114 0.894526 0.963516 1 5 1.000000
skeleton
  5 -5.999958 0.195658 60.198402 0.753825 -0.562848 -0.339043 0.893486 0.996108 1 5 1.000000
  5 -6.315403 0.320306 60.073753 0.094165 -0.335500 -0.937322 0.898426 0.990026 1 5 1.000000
  5 -6.034424 0.341008 60.109013 0.490938 -0.175833 -0.853266 0.893424 0.992983 1 5 1.000000
skeleton
  5 -5.999958 0.195658 60.198402 0.753825 -0.562848 -0.339043 0.893486 0.996108 1 5 1.000000
  5 -6.306748 0.131739 60.217716 0.015006 -0.970920 -0.238934 0.900501 0.994413 1 5 1.000000
  5 -6.315403 0.320306 60.073753 0.094165 -0.335500 -0.937322 0.898426 0.990026 1 5 1.000000
skeleton
  5 -6.306748 0.131739 60.217716 0.015006 -0.970920 -0.238934 0.900501 0.994413 1 5 1.000000
  5 -6.667868 0.315280 60.054863 -0.062676 -0.448068 -0.891800 0.904484 0.986256 1 5 1.000000
  5 -6.315403 0.320306 60.073753 0.094165 -0.335500 -0.937322 0.898426 0.990026 1 5 1.000000
skeleton
  5 -6.306748 0.131739 60.217716 0.015006 -0.970920 -0.238934 0.900501 0.994413 1 5 1.000000
  5 -6.640717 0.182765 60.201134 -0.263380 -0.955071 -0.135907 0.906191 0.989920 1 5 1.000000
  5 -6.667868 0.315280 60.054863 -0.062676 -0.448068 -0.891800 0.904484 0.986256 1 5 1.000000
skeleton
  5 -6.943845 0.345460 60.175289 -0.569842 -0.818247 -0.075837 0.910384 0.983646 1 5 1.000000
  5 -6.667868 0.315280 60.054863 -0.062676 -0.448068 -0.891800 0.904484 0.986256 1 5 1.000000
  5 -6.640717 0.182765 60.201134 -0.263380 -0.955071 -0.135907 0.906191 0.989920 1 5 1.000000
skeleton
  5 -6.943845 0.345460 60.175289 -0.569842 -0.818247 -0.075837 0.910384 0.983646 1 5 1.000000
  5 -6.972221 0.413449 60.030663 -0.383126 -0.584986 -0.714847 0.908727 0.981298 1 5 1.000000
  5 -6.667868 0.315280 60.054863 -0.062676 -0.448068 -0.891800 0.904484 0.986256 1 5 1.000000
skeleton
  5 -6.972221 0.413449 60.030663 -0.383126 -0.584986 -0.714847 0.908727 0.981298 1 5 1.000000
  5 -6.943845 0.345460 60.175289 -0.569842 -0.818247 -0.075837 0.910384 0.983646 1 5 1.000000
  5 -7.162828 0.554431 60.161877 -0.933508 -0.355215 -0.048830 0.911648 0.976527 1 5 1.000000
skeleton
  5 -6.972221 0.413449 60.030663 -0.383126 -0.584986 -0.714847 0.908727 0.981298 1 5 1.000000
  5 -7.162828 0.554431 60.161877 -0.933508 -0.355215 -0.048830 0.911648 0.976527 1 5 1.000000
  5 -7.078557 0.569186 60.031467 -0.474066 -0.151169 -0.867415 0.909030 0.977483 1 5 1.000000
skeleton
  5 -7.078557 0.569186 60.031467 -0.474066 -0.151169 -0.867415 0.909030 0.977483 1 5 1.000000
  5 -7.162828 0.554431 60.161877 -0.933508 -0.355215 -0.048830 0.911648 0.976527 1 5 1.000000
  5 -7.112368 1.091281 60.201084 -0.940748 0.339035 0.007006 0.905151 0.966916 1 5 1.000000
skeleton
  5 -7.078557 0.569186 60.031467 -0.474066 -0.151169 -0.867415 0.909030 0.977483 1 5 1.000000
  5 -7.112368 1.091281 60.201084 -0.940748 0.339035 0.007006 0.905151 0.966916 1 5 1.000000
  5 -7.041588 1.087994 60.087543 -0.507555 0.202984 -0.837368 0.903089 0.968667 1 5 1.000000
skeleton
  5 -7.112368 1.091281 60.201084 -0.940748 0.339035 0.007006 0.905151 0.966916 1 5 1.000000
  5 -6.795228 1.513659 60.072937 -0.406677 0.505292 -0.761114 0.894526 0.963516 1 5 1.000000
  5 -7.041588 1.087994 60.087543 -0.507555 0.202984 -0.837368 0.903089 0.968667 1 5 1.000000
skeleton
  5 -7.041588 1.087994 60.087543 -0.507555 0.202984 -0.837368 0.903089 0.968667 1 5 1.000000
  5 -6.795228 1.513659 60.072937 -0.406677 0.505292 -0.761114 0.894526 0.963516 1 5 1.000000
  5 -6.463156 1.516986 60.055679 0.097764 0.080310 -0.991964 0.888471 0.966713 1 5 1.000000
skeleton
  5 -6.795228 1.513659 60.072937 -0.406677 0.505292 -0.761114 0.894526 0.963516 1 5 1.000000
  5 -6.196107 1.699946 60.136486 0.132646 0.220602 -0.966302 0.881722 0.965570 1 5 1.000000
  5 -6.463156 1.516986 60.055679 0.097764 0.080310 -0.991964 0.888471 0.966713 1 5 1.000000
skeleton
  5 -6.184423 1.375697 60.102116 0.436707 -0.167217 -0.883926 0.884561 0.971658 1 5 1.000000
  5 -6.463156 1.516986 60.055679 0.097764 0.080310 -0.991964 0.888471 0.966713 1 5 1.000000
  5 -6.196107 1.699946 60.136486 0.132646 0.220602 -0.966302 0.881722 0.965570 1 5 1.000000
skeleton
  5 -6.184423 1.375697 60.102116 0.436707 -0.167217 -0.883926 0.884561 0.971658 1 5 1.000000
  5 -6.196107 1.699946 60.136486 0.132646 0.220602 -0.966302 0.881722 0.965570 1 5 1.000000
  5 -6.051793 1.531436 60.161442 0.380763 -0.175541 -0.907857 0.880318 0.970013 1 5 1.000000
skeleton
  5 -6.048388 1.180284 60.324917 0.708934 -0.271007 -0.651128 0.882595 0.977750 1 5 1.000000
  5 -6.184423 1.375697 60.102116 0.436707 -0.167217 -0.883926 0.884561 0.971658 1 5 1.000000
  5 -6.051793 1.531436 60.161442 0.380763 -0.175541 -0.907857 0.880318 0.970013 1 5 1.000000
skeleton
  5 -6.125755 0.810631 60.329838 0.738295 0.078592 -0.669883 0.887325 0.984011 1 5 1.000000
  5 -6.184423 1.375697 60.102116 0.436707 -0.167217 -0.883926 0.884561 0.971658 1 5 1.000000
  5 -6.048388 1.180284 60.324917 0.708934 -0.271007 -0.651128 0.882595 0.977750 1 5 1.000000
skeleton
  5 -6.048388 1.180284 60.324917 0.708934 -0.271007 -0.651128 0.882595 0.977750 1 5 1.000000
  5 -6.030771 0.794212 60.466335 0.954582 0.030334 -0.296399 0.884223 0.985899 1 5 1.000000
  5 -6.125755 0.810631 60.329838 0.738295 0.078592 -0.669883 0.887325 0.984011 1 5 1.000000
skeleton
  5 -6.125755 0.810631 60.329838 0.738295 0.078592 -0.669883 0.887325 0.984011 1 5 1.000000
  5 -6.030771 0.794212 60.466335 0.954582 0.030334 -0.296399 0.884223 0.985899 1 5 1.000000
  5 -5.968704 0.404829 60.298058 0.967871 0.113678 -0.224283 0.889081 0.993046 1 5 1.000000
skeleton
  5 -6.125755 0.810631 60.329838 0.738295 0.078592 -0.669883 0.887325 0.984011 1 5 1.000000
  5 -5.968704 0.404829 60.298058 0.967871 0.113678 -0.224283 0.889081 0.993046 1 5 1.000000
  5 -6.041338 0.478711 60.137737 0.689902 0.230341 -0.686279 0.891983 0.990524 1 5 1.000000
skeleton
  5 -6.326358 0.501052 60.059593 0.261271 0.117376 -0.958102 0.896481 0.986680 1 5 1.000000
  5 -6.125755 0.810631 60.329838 0.738295 0.078592 -0.669883 0.887325 0.984011 1 5 1.000000
  5 -6.041338 0.478711 60.137737 0.689902 0.230341 -0.686279 0.891983 0.990524 1 5 1.000000
skeleton
  5 -6.315403 0.320306 60.073753 0.094165 -0.335500 -0.937322 0.898426 0.990026 1 5 1.000000
  5 -6.326358 0.501052 60.059593 0.261271 0.117376 -0.958102 0.896481 0.986680 1 5 1.000000
  5 -6.041338 0.478711 60.137737 0.689902 0.230341 -0.686279 0.891983 0.990524 1 5 1.000000
skeleton
  5 -6.667868 0.315280 60.054863 -0.062676 -0.448068 -0.891800 0.904484 0.986256 1 5 1.000000
  5 -6.326358 0.501052 60.059593 0.261271 0.117376 -0.958102 0.896481 0.986680 1 5 1.000000
  5 -6.315403 0.320306 60.073753 0.094165 -0.335500 -0.937322 0.898426 0.990026 1 5 1.000000
skeleton
  5 -6.667868 0.315280 60.054863 -0.062676 -0.448068 -0.891800 0.904484 0.986256 1 5 1.000000
  5 -6.695466 0.530988 60.030830 0.072302 0.016103 -0.997253 0.902543 0.982122 1 5 1.000000
  5 -6.326358 0.501052 60.059593 0.261271 0.117376 -0.958102 0.896481 0.986680 1 5 1.000000
skeleton
  5 -6.972221 0.413449 60.030663 -0.383126 -0.584986 -0.714847 0.908727 0.981298 1 5 1.000000
  5 -6.695466 0.530988 60.030830 0.072302 0.016103 -0.997253 0.902543 0.982122 1 5 1.000000
  5 -6.667868 0.315280 60.054863 -0.062676 -0.448068 -0.891800 0.904484 0.986256 1 5 1.000000
skeleton
  5 -6.972221 0.413449 60.030663 -0.383126 -0.584986 -0.714847 0.908727 0.981298 1 5 1.000000
  5 -7.078557 0.569186 60.031467 -0.474066 -0.151169 -0.867415 0.909030 0.977483 1 5 1.000000
  5 -6.695466 0.530988 60.030830 0.072302 0.016103 -0.997253 0.902543 0.982122 1 5 1.000000
skeleton
  5 -7.078557 0.569186 60.031467 -0.474066 -0.151169 -0.867415 0.909030 0.977483 1 5 1.000000
  5 -6.672493 1.054722 60.048412 0.088021 0.015033 -0.996005 0.896612 0.973181 1 5 1.000000
  5 -6.695466 0.530988 60.030830 0.072302 0.016103 -0.997253 0.902543 0.982122 1 5 1.000000
skeleton
  5 -7.078557 0.569186 60.031467 -0.474066 -0.151169 -0.867415 0.909030 0.977483 1 5 1.000000
  5 -7.041588 1.087994 60.087543 -0.507555 0.202984 -0.837368 0.903089 0.968667 1 5 1.000000
  5 -6.672493 1.054722 60.048412 0.088021 0.015033 -0.996005 0.896612 0.973181 1 5 1.000000
skeleton
  5 -7.041588 1.087994 60.087543 -0.507555 0.202984 -0.837368 0.903089 0.968667 1 5 1.000000
  5 -6.463156 1.516986 60.055679 0.097764 0.080310 -0.991964 0.888471 0.966713 1 5 1.000000
  5 -6.672493 1.054722 60.048412 0.088021 0.015033 -0.996005 0.896612 0.973181 1 5 1.000000
skeleton
  5 -6.304940 0.980618 60.193821 0.411196 0.015600 -0.911413 0.890045 0.978660 1 5 1.000000
  5 -6.672493 1.054722 60.048412 0.088021 0.015033 -0.996005 0.896612 0.973181 1 5 1.000000
  5 -6.463156 1.516986 60.055679 0.097764 0.080310 -0.991964 0.888471 0.966713 1 5 1.000000
skeleton
  5 -6.304940 0.980618 60.193821 0.411196 0.015600 -0.911413 0.890045 0.978660 1 5 1.000000
  5 -6.463156 1.516986 60.055679 0.097764 0.080310 -0.991964 0.888471 0.966713 1 5 1.000000
  5 -6.184423 1.375697 60.102116 0.436707 -0.167217 -0.883926 0.884561 0.971658 1 5 1.000000
skeleton
  5 -6.125755 0.810631 60.329838 0.738295 0.078592 -0.669883 0.887325 0.984011 1 5 1.000000
  5 -6.304940 0.980618 60.193821 0.411196 0.015600 -0.911413 0.890045 0.978660 1 5 1.000000
  5 -6.184423 1.375697 60.102116 0.436707 -0.167217 -0.883926 0.884561 0.971658 1 5 1.000000
skeleton
  5 -6.326358 0.501052 60.059593 0.261271 0.117376 -0.958102 0.896481 0.986680 1 5 1.000000
  5 -6.304940 0.980618 60.193821 0.411196 0.015600 -0.911413 0.890045 0.978660 1 5 1.000000
  5 -6.125755 0.810631 60.329838 0.738295 0.078592 -0.669883 0.887325 0.984011 1 5 1.000000
skeleton
  5 -6.695466 0.530988 60.030830 0.072302 0.016103 -0.997253 0.902543 0.982122 1 5 1.000000
  5 -6.304940 0.980618 60.193821 0.411196 0.015600 -0.911413 0.890045 0.978660 1 5 1.000000
  5 -6.326358 0.501052 60.059593 0.261271 0.117376 -0.958102 0.896481 0.986680 1 5 1.000000
skeleton
  5 -6.695466 0.530988 60.030830 0.072302 0.016103 -0.997253 0.902543 0.982122 1 5 1.000000
  5 -6.672493 1.054722 60.048412 0.088021 0.015033 -0.996005 0.896612 0.973181 1 5 1.000000
  5 -6.304940 0.980618 60.193821 0.411196 0.015600 -0.911413 0.890045 0.978660 1 5 1.000000
skeleton
  5 -5.990571 0.207286 60.350281 0.460897 -0.765348 0.449239 0.795102 0.951300 1 5 1.000000
  5 -6.306748 0.131739 60.217716 0.015006 -0.970920 -0.238934 0.801708 0.954702 1 5 1.000000
  5 -5.999958 0.195658 60.198402 0.753825 -0.562848 -0.339043 0.797749 0.949550 1 5 1.000000
skeleton
  5 -5.955305 0.315364 60.454582 -0.060436 -0.483748 0.873118 0.792057 0.952699 1 5 1.000000
  5 -6.321651 0.219794 60.355644 -0.049149 -0.778070 0.626252 0.799090 0.956796 1 5 1.000000
  5 -5.990571 0.207286 60.350281 0.460897 -0.765348 0.449239 0.795102 0.951300 1 5 1.000000
skeleton
  5 -5.990571 0.207286 60.350281 0.460897 -0.765348 0.449239 0.795102 0.951300 1 5 1.000000
  5 -6.321651 0.219794 60.355644 -0.049149 -0.778070 0.626252 0.799090 0.956796 1 5 1.000000
  5 -6.306748 0.131739 60.217716 0.015006 -0.970920 -0.238934 0.801708 0.954702 1 5 1.000000
skeleton
  5 -6.321651 0.219794 60.355644 -0.049149 -0.778070 0.626252 0.799090 0.956796 1 5 1.000000
  5 -6.640717 0.182765 60.201134 -0.263380 -0.955071 -0.135907 0.805492 0.960867 1 5 1.000000
  5 -6.306748 0.131739 60.217716 0.015006 -0.970920 -0.238934 0.801708 0.954702 1 5 1.000000
skeleton
  5 -6.765270 1.443047 60.325115 -0.542973 0.524646 0.655688 0.786680 0.982671 1 5 1.000000
  5 -6.352015 1.821931 60.242119 -0.473040 0.880169 -0.039191 0.775205 0.984653 1 5 1.000000
  5 -6.832316 1.504161 60.177891 -0.701608 0.705368 0.101005 0.787229 0.986067 1 5 1.000000
skeleton
  5 -7.048071 1.059443 60.340977 -0.669624 0.222916 0.708457 0.796249 0.980302 1 5 1.000000
  5 -6.765270 1.443047 60.325115 -0.542973 0.524646 0.655688 0.786680 0.982671 1 5 1.000000
  5 -6.832316 1.504161 60.177891 -0.701608 0.705368 0.101005 0.787229 0.986067 1 5 1.000000
skeleton
  5 -7.048071 1.059443 60.340977 -0.669624 0.222916 0.708457 0.796249 0.980302 1 5 1.000000
  5 -6.832316 1.504161 60.177891 -0.701608 0.705368 0.101005 0.787229 0.986067 1 5 1.000000
  5 -7.112368 1.091281 60.201084 -0.940748 0.339035 0.007006 0.797498 0.982881 1 5 1.000000
skeleton
  5 -7.162828 0.554431 60.161877 -0.933508 -0.355215 -0.048830 0.806601 0.975397 1 5 1.000000
  5 -7.048071 1.059443 60.340977 -0.669624 0.222916 0.708457 0.796249 0.980302 1 5 1.000000
  5 -7.112368 1.091281 60.201084 -0.940748 0.339035 0.007006 0.797498 0.982881 1 5 1.000000
skeleton
  5 -7.162828 0.554431 60.161877 -0.933508 -0.355215 -0.048830 0.806601 0.975397 1 5 1.000000
  5 -7.080788 0.527708 60.325363 -0.668207 -0.360696 0.650691 0.804524 0.972987 1 5 1.000000
  5 -7.048071 1.059443 60.340977 -0.669624 0.222916 0.708457 0.796249 0.980302 1 5 1.000000
skeleton
  5 -6.943845 0.345460 60.175289 -0.569842 -0.818247 -0.075837 0.807585 0.968351 1 5 1.000000
  5 -7.080788 0.527708 60.325363 -0.668207 -0.360696 0.650691 0.804524 0.972987 1 5 1.000000
  5 -7.162828 0.554431 60.161877 -0.933508 -0.355215 -0.048830 0.806601 0.975397 1 5 1.000000
skeleton
  5 -6.943845 0.345460 60.175289 -0.569842 -0.818247 -0.075837 0.807585 0.968351 1 5 1.000000
  5 -6.869405 0.339019 60.319733 -0.512634 -0.735312 0.443309 0.804794 0.967093 1 5 1.000000
  5 -7.080788 0.527708 60.325363 -0.668207 -0.360696 0.650691 0.804524 0.972987 1 5 1.000000
skeleton
  5 -6.869405 0.339019 60.319733 -0.512634 -0.735312 0.443309 0.804794 0.967093 1 5 1.000000
  5 -6.943845 0.345460 60.175289 -0.569842 -0.818247 -0.075837 0.807585 0.968351 1 5 1.000000
  5 -6.640717 0.182765 60.201134 -0.263380 -0.955071 -0.135907 0.805492 0.960867 1 5 1.000000
skeleton
  5 -6.869405 0.339019 60.319733 -0.512634 -0.735312 0.443309 0.804794 0.967093 1 5 1.000000
  5 -6.640717 0.182765 60.201134 -0.263380 -0.955071 -0.135907 0.805492 0.960867 1 5 1.000000
  5 -6.660343 0.262138 60.346798 -0.274905 -0.744548 0.608338 0.802914 0.962777 1 5 1.000000
skeleton
  5 -6.321651 0.219794 60.355644 -0.049149 -0.778070 0.626252 0.799090 0.956796 1 5 1.000000
  5 -6.660343 0.262138 60.346798 -0.274905 -0.744548 0.608338 0.802914 0.962777 1 5 1.000000
  5 -6.640717 0.182765 60.201134 -0.263380 -0.955071 -0.135907 0.805492 0.960867 1 5 1.000000
skeleton
  5 -6.338504 0.371579 60.459801 -0.103301 -0.445177 0.889464 0.796263 0.959409 1 5 1.000000
  5 -6.660343 0.262138 60.346798 -0.274905 -0.744548 0.608338 0.802914 0.962777 1 5 1.000000
  5 -6.321651 0.219794 60.355644 -0.049149 -0.778070 0.626252 0.799090 0.956796 1 5 1.000000
skeleton
  5 -5.955305 0.315364 60.454582 -0.060436 -0.483748 0.873118 0.792057 0.952699 1 5 1.000000
  5 -6.338504 0.371579 60.459801 -0.103301 -0.445177 0.889464 0.796263 0.959409 1 5 1.000000
  5 -6.321651 0.219794 60.355644 -0.049149 -0.778070 0.626252 0.799090 0.956796 1 5 1.000000
skeleton
  5 -6.013199 0.779128 60.627659 -0.058128 -0.222402 0.973221 0.784603 0.960347 1 5 1.000000
  5 -6.338504 0.371579 60.459801 -0.103301 -0.445177 0.889464 0.796263 0.959409 1 5 1.000000
  5 -5.955305 0.315364 60.454582 -0.060436 -0.483748 0.873118 0.792057 0.952699 1 5 1.000000
skeleton
  5 -6.745933 0.411026 60.442371 -0.290628 -0.369650 0.882550 0.801037 0.966259 1 5 1.000000
  5 -7.080788 0.527708 60.325363 -0.668207 -0.360696 0.650691 0.804524 0.972987 1 5 1.000000
  5 -6.869405 0.339019 60.319733 -0.512634 -0.735312 0.443309 0.804794 0.967093 1 5 1.000000
skeleton
  5 -6.757934 0.980893 60.515430 -0.365912 0.043225 0.929645 0.792481 0.974222 1 5 1.000000
  5 -7.080788 0.527708 60.325363 -0.668207 -0.360696 0.650691 0.804524 0.972987 1 5 1.000000
  5 -6.745933 0.411026 60.442371 -0.290628 -0.369650 0.882550 0.801037 0.966259 1 5 1.000000
skeleton
  5 -6.757934 0.980893 60.515430 -0.365912 0.043225 0.929645 0.792481 0.974222 1 5 1.000000
  5 -7.048071 1.059443 60.340977 -0.669624 0.222916 0.708457 0.796249 0.980302 1 5 1.000000
  5 -7.080788 0.527708 60.325363 -0.668207 -0.360696 0.650691 0.804524 0.972987 1 5 1.000000
skeleton
  5 -6.757934 0.980893 60.515430 -0.365912 0.043225 0.929645 0.792481 0.974222 1 5 1.000000
  5 -6.765270 1.443047 60.325115 -0.542973 0.524646 0.655688 0.786680 0.982671 1 5 1.000000
  5 -7.048071 1.059443 60.340977 -0.669624 0.222916 0.708457 0.796249 0.980302 1 5 1.000000
skeleton
  5 -6.757934 0.980893 60.515430 -0.365912 0.043225 0.929645 0.792481 0.974222 1 5 1.000000
  5 -6.532917 1.348920 60.517529 -0.376098 0.335053 0.863881 0.784063 0.976697 1 5 1.000000
  5 -6.765270 1.443047 60.325115 -0.542973 0.524646 0.655688 0.786680 0.982671 1 5 1.000000
skeleton
  5 -6.175424 1.677213 60.496693 -0.308633 0.413488 0.856606 0.774121 0.977560 1 5 1.000000
  5 -6.765270 1.443047 60.325115 -0.542973 0.524646 0.655688 0.786680 0.982671 1 5 1.000000
  5 -6.532917 1.348920 60.517529 -0.376098 0.335053 0.863881 0.784063 0.976697 1 5 1.000000
skeleton
  5 -5.975312 1.523809 60.617752 -0.023635 0.189386 0.981618 0.772826 0.971954 1 5 1.000000
  5 -6.175424 1.677213 60.496693 -0.308633 0.413488 0.856606 0.774121 0.977560 1 5 1.000000
  5 -6.532917 1.348920 60.517529 -0.376098 0.335053 0.863881 0.784063 0.976697 1 5 1.000000
skeleton
  5 -5.975312 1.523809 60.617752 -0.023635 0.189386 0.981618 0.772826 0.971954 1 5 1.000000
  5 -5.676104 2.030084 60.508617 -0.125919 0.356041 0.925948 0.761552 0.977085 1 5 1.000000
  5 -6.175424 1.677213 60.496693 -0.308633 0.413488 0.856606 0.774121 0.977560 1 5 1.000000
skeleton
  5 -5.975312 1.523809 60.617752 -0.023635 0.189386 0.981618 0.772826 0.971954 1 5 1.000000
  5 -5.563310 1.798086 60.548729 0.168131 0.066678 0.983507 0.762547 0.971822 1 5 1.000000
  5 -5.676104 2.030084 60.508617 -0.125919 0.356041 0.925948 0.761552 0.977085 1 5 1.000000
skeleton
  5 -6.411443 0.883346 60.620064 -0.161337 -0.137964 0.977208 0.788555 0.967570 1 5 1.000000
  5 -6.757934 0.980893 60.515430 -0.365912 0.043225 0.929645 0.792481 0.974222 1 5 1.000000
  5 -6.745933 0.411026 60.442371 -0.290628 -0.369650 0.882550 0.801037 0.966259 1 5 1.000000
skeleton
  5 -6.411443 0.883346 60.620064 -0.161337 -0.137964 0.977208 0.788555 0.967570 1 5 1.000000
  5 -6.532917 1.348920 60.517529 -0.376098 0.335053 0.863881 0.784063 0.976697 1 5 1.000000
  5 -6.757934 0.980893 60.515430 -0.365912 0.043225 0.929645 0.792481 0.974222 1 5 1.000000
skeleton
  5 -6.411443 0.883346 60.620064 -0.161337 -0.137964 0.977208 0.788555 0.967570 1 5 1.000000
  5 -6.230381 1.210590 60.666073 -0.144794 0.126687 0.981318 0.781018 0.969863 1 5 1.000000
  5 -6.532917 1.348920 60.517529 -0.376098 0.335053 0.863881 0.784063 0.976697 1 5 1.000000
skeleton
  5 -5.975312 1.523809 60.617752 -0.023635 0.189386 0.981618 0.772826 0.971954 1 5 1.000000
  5 -6.532917 1.348920 60.517529 -0.376098 0.335053 0.863881 0.784063 0.976697 1 5 1.000000
  5 -6.230381 1.210590 60.666073 -0.144794 0.126687 0.981318 0.781018 0.969863 1 5 1.000000
skeleton
  5 -6.745933 0.411026 60.442371 -0.290628 -0.369650 0.882550 0.801037 0.966259 1 5 1.000000
  5 -6.869405 0.339019 60.319733 -0.512634 -0.735312 0.443309 0.804794 0.967093 1 5 1.000000
  5 -6.660343 0.262138 60.346798 -0.274905 -0.744548 0.608338 0.802914 0.962777 1 5 1.000000
skeleton
  5 -6.338504 0.371579 60.459801 -0.103301 -0.445177 0.889464 0.796263 0.959409 1 5 1.000000
  5 -6.745933 0.411026 60.442371 -0.290628 -0.369650 0.882550 0.801037 0.966259 1 5 1.000000
  5 -6.660343 0.262138 60.346798 -0.274905 -0.744548 0.608338 0.802914 0.962777 1 5 1.000000
skeleton
  5 -6.411443 0.883346 60.620064 -0.161337 -0.137964 0.977208 0.788555 0.967570 1 5 1.000000
  5 -6.745933 0.411026 60.442371 -0.290628 -0.369650 0.882550 0.801037 0.966259 1 5 1.000000
  5 -6.338504 0.371579 60.459801 -0.103301 -0.445177 0.889464 0.796263 0.959409 1 5 1.000000
skeleton
  5 -6.013199 0.779128 60.627659 -0.058128 -0.222402 0.973221 0.784603 0.960347 1 5 1.000000
  5 -6.411443 0.883346 60.620064 -0.161337 -0.137964 0.977208 0.788555 0.967570 1 5 1.000000
  5 -6.338504 0.371579 60.459801 -0.103301 -0.445177 0.889464 0.796263 0.959409 1 5 1.000000
skeleton
  5 -6.013199 0.779128 60.627659 -0.058128 -0.222402 0.973221 0.784603 0.960347 1 5 1.000000
  5 -6.230381 1.210590 60.666073 -0.144794 0.126687 0.981318 0.781018 0.969863 1 5 1.000000
  5 -6.411443 0.883346 60.620064 -0.161337 -0.137964 0.977208 0.788555 0.967570 1 5 1.000000
skeleton
  5 -6.013199 0.779128 60.627659 -0.058128 -0.222402 0.973221 0.784603 0.960347 1 5 1.000000
  5 -5.929335 1.105845 60.666615 0.015719 0.006619 0.999854 0.777887 0.964416 1 5 1.000000
  5 -6.230381 1.210590 60.666073 -0.144794 0.126687 0.981318 0.781018 0.969863 1 5 1.000000
skeleton
  5 -5.975312 1.523809 60.617752 -0.023635 0.189386 0.981618 0.772826 0.971954 1 5 1.000000
  5 -6.230381 1.210590 60.666073 -0.144794 0.126687 0.981318 0.781018 0.969863 1 5 1.000000
  5 -5.929335 1.105845 60.666615 0.015719 0.006619 0.999854 0.777887 0.964416 1 5 1.000000
skeleton
  5 -5.975312 1.523809 60.617752 -0.023635 0.189386 0.981618 0.772826 0.971954 1 5 1.000000
  5 -5.929335 1.105845 60.666615 0.015719 0.006619 0.999854 0.777887 0.964416 1 5 1.000000
  5 -5.867640 1.420030 60.612015 0.648568 -0.312224 0.694173 0.772339 0.968837 1 5 1.000000
skeleton
  5 -5.867640 1.420030 60.612015 0.648568 -0.312224 0.694173 0.772339 0.968837 1 5 1.000000
  5 -5.563310 1.798086 60.548729 0.168131 0.066678 0.983507 0.762547 0.971822 1 5 1.000000
  5 -5.975312 1.523809 60.617752 -0.023635 0.189386 0.981618 0.772826 0.971954 1 5 1.000000
skeleton
  5 -5.867640 1.420030 60.612015 0.648568 -0.312224 0.694173 0.772339 0.968837 1 5 1.000000
  5 -5.505912 1.702105 60.506557 0.495975 -0.422436 0.758654 0.762546 0.969369 1 5 1.000000
  5 -5.563310 1.798086 60.548729 0.168131 0.066678 0.983507 0.762547 0.971822 1 5 1.000000
skeleton
  5 -5.505912 1.702105 60.506557 0.495975 -0.422436 0.758654 0.762546 0.969369 1 5 1.000000
  5 -5.021349 2.125327 60.382187 0.320807 -0.128538 0.938382 0.749060 0.971201 1 5 1.000000
  5 -5.563310 1.798086 60.548729 0.168131 0.066678 0.983507 0.762547 0.971822 1 5 1.000000
skeleton
  5 -5.563310 1.798086 60.548729 0.168131 0.066678 0.983507 0.762547 0.971822 1 5 1.000000
  5 -5.021349 2.125327 60.382187 0.320807 -0.128538 0.938382 0.749060 0.971201 1 5 1.000000
  5 -5.178233 2.460637 60.364979 -0.192994 0.584917 0.787798 0.747841 0.978793 1 5 1.000000
skeleton
  5 -5.563310 1.798086 60.548729 0.168131 0.066678 0.983507 0.762547 0.971822 1 5 1.000000
  5 -5.178233 2.460637 60.364979 -0.192994 0.584917 0.787798 0.747841 0.978793 1 5 1.000000
  5 -5.676104 2.030084 60.508617 -0.125919 0.356041 0.925948 0.761552 0.977085 1 5 1.000000
skeleton
  5 -5.676104 2.030084 60.508617 -0.125919 0.356041 0.925948 0.761552 0.977085 1 5 1.000000
  5 -5.178233 2.460637 60.364979 -0.192994 0.584917 0.787798 0.747841 0.978793 1 5 1.000000
  5 -5.710051 2.094404 60.471745 -0.395878 0.673621 0.624112 0.761271 0.978748 1 5 1.000000
skeleton
  5 -6.175424 1.677213 60.496693 -0.308633 0.413488 0.856606 0.774121 0.977560 1 5 1.000000
  5 -5.676104 2.030084 60.508617 -0.125919 0.356041 0.925948 0.761552 0.977085 1 5 1.000000
  5 -5.710051 2.094404 60.471745 -0.395878 0.673621 0.624112 0.761271 0.978748 1 5 1.000000
skeleton
  5 -6.175424 1.677213 60.496693 -0.308633 0.413488 0.856606 0.774121 0.977560 1 5 1.000000
  5 -5.710051 2.094404 60.471745 -0.395878 0.673621 0.624112 0.761271 0.978748 1 5 1.000000
  5 -6.322254 1.775972 60.345291 -0.464022 0.629366 0.623364 0.775276 0.982247 1 5 1.000000
skeleton
  5 -6.175424 1.677213 60.496693 -0.308633 0.413488 0.856606 0.774121 0.977560 1 5 1.000000
  5 -6.322254 1.775972 60.345291 -0.464022 0.629366 0.623364 0.775276 0.982247 1 5 1.000000
  5 -6.765270 1.443047 60.325115 -0.542973 0.524646 0.655688 0.786680 0.982671 1 5 1.000000
skeleton
  5 -6.765270 1.443047 60.325115 -0.542973 0.524646 0.655688 0.786680 0.982671 1 5 1.000000
  5 -6.322254 1.775972 60.345291 -0.464022 0.629366 0.623364 0.775276 0.982247 1 5 1.000000
  5 -6.352015 1.821931 60.242119 -0.473040 0.880169 -0.039191 0.775205 0.984653 1 5 1.000000
skeleton
  5 -5.764256 2.111977 60.350750 -0.508383 0.809025 -0.295001 0.761790 0.981465 1 5 1.000000
  5 -5.178233 2.460637 60.364979 -0.192994 0.584917 0.787798 0.747841 0.978793 1 5 1.000000
  5 -5.254807 2.470329 60.160099 -0.612661 0.702554 -0.362028 0.748366 0.983307 1 5 1.000000
skeleton
  5 -5.764256 2.111977 60.350750 -0.508383 0.809025 -0.295001 0.761790 0.981465 1 5 1.000000
  5 -5.710051 2.094404 60.471745 -0.395878 0.673621 0.624112 0.761271 0.978748 1 5 1.000000
  5 -5.178233 2.460637 60.364979 -0.192994 0.584917 0.787798 0.747841 0.978793 1 5 1.000000
skeleton
  5 -6.352015 1.821931 60.242119 -0.473040 0.880169 -0.039191 0.775205 0.984653 1 5 1.000000
  5 -5.710051 2.094404 60.471745 -0.395878 0.673621 0.624112 0.761271 0.978748 1 5 1.000000
  5 -5.764256 2.111977 60.350750 -0.508383 0.809025 -0.295001 0.761790 0.981465 1 5 1.000000
skeleton
  5 -6.352015 1.821931 60.242119 -0.473040 0.880169 -0.039191 0.775205 0.984653 1 5 1.000000
  5 -6.322254 1.775972 60.345291 -0.464022 0.629366 0.623364 0.775276 0.982247 1 5 1.000000
  5 -5.710051 2.094404 60.471745 -0.395878 0.673621 0.624112 0.761271 0.978748 1 5 1.000000
skeleton
  7 -15.025997 1.997665 49.126366 0.957160 -0.281209 -0.069030 0.685592 0.613818 1 7 1.000000
  6 -15.238424 1.774713 49.426785 0.799193 0.140374 0.584454 0.696467 0.612824 1 6 1.000000
  7 -14.942133 1.769210 48.663918 0.995076 0.081501 -0.056405 0.678836 0.603167 1 7 1.000000
skeleton
  7 -15.025997 1.997665 49.126366 0.957160 -0.281209 -0.069030 0.685592 0.613818 1 7 1.000000
  7 -15.225393 1.951747 49.455101 0.628510 -0.539987 0.559812 0.695000 0.617450 1 7 1.000000
  6 -15.238424 1.774713 49.426785 0.799193 0.140374 0.584454 0.696467 0.612824 1 6 1.000000
skeleton
  7 -14.768742 2.200910 49.356022 0.734577 -0.653347 -0.183123 0.682133 0.623514 1 7 1.000000
  7 -15.225393 1.951747 49.455101 0.628510 -0.539987 0.559812 0.695000 0.617450 1 7 1.000000
  7 -15.025997 1.997665 49.126366 0.957160 -0.281209 -0.069030 0.685592 0.613818 1 7 1.000000
skeleton
  7 -14.768742 2.200910 49.356022 0.734577 -0.653347 -0.183123 0.682133 0.623514 1 7 1.000000
  7 -15.037878 2.158209 49.699303 0.229376 -0.917098 0.326064 0.692236 0.627718 1 7 1.000000
  7 -15.225393 1.951747 49.455101 0.628510 -0.539987 0.559812 0.695000 0.617450 1 7 1.000000
skeleton
  7 -14.552490 2.269492 49.792549 0.959058 -0.282519 0.019754 0.681534 0.636072 1 7 1.000000
  7 -15.037878 2.158209 49.699303 0.229376 -0.917098 0.326064 0.692236 0.627718 1 7 1.000000
  7 -14.768742 2.200910 49.356022 0.734577 -0.653347 -0.183123 0.682133 0.623514 1 7 1.000000
skeleton
  7 -14.552490 2.269492 49.792549 0.959058 -0.282519 0.019754 0.681534 0.636072 1 7 1.000000
  7 -14.741010 2.327601 50.177284 0.105240 -0.962422 0.250335 0.689484 0.642730 1 7 1.000000
  7 -15.037878 2.158209 49.699303 0.229376 -0.917098 0.326064 0.692236 0.627718 1 7 1.000000
skeleton
  7 -15.063371 2.365309 50.249741 0.013444 -0.935655 0.352660 0.697231 0.641478 1 7 1.000000
  7 -15.037878 2.158209 49.699303 0.229376 -0.917098 0.326064 0.692236 0.627718 1 7 1.000000
  7 -14.741010 2.327601 50.177284 0.105240 -0.962422 0.250335 0.689484 0.642730 1 7 1.000000
skeleton
  7 -15.063371 2.365309 50.249741 0.013444 -0.935655 0.352660 0.697231 0.641478 1 7 1.000000
  7 -15.423973 2.243175 49.979328 -0.392496 -0.557464 0.731560 0.702956 0.631403 1 7 1.000000
  7 -15.037878 2.158209 49.699303 0.229376 -0.917098 0.326064 0.692236 0.627718 1 7 1.000000
skeleton
  7 -15.564183 2.015517 49.652901 0.164539 -0.167456 0.972052 0.704519 0.621578 1 7 1.000000
  7 -15.037878 2.158209 49.699303 0.229376 -0.917098 0.326064 0.692236 0.627718 1 7 1.000000
  7 -15.423973 2.243175 49.979328 -0.392496 -0.557464 0.731560 0.702956 0.631403 1 7 1.000000
skeleton
  7 -15.564183 2.015517 49.652901 0.164539 -0.167456 0.972052 0.704519 0.621578 1 7 1.000000
  7 -15.225393 1.951747 49.455101 0.628510 -0.539987 0.559812 0.695000 0.617450 1 7 1.000000
  7 -15.037878 2.158209 49.699303 0.229376 -0.917098 0.326064 0.692236 0.627718 1 7 1.000000
skeleton
  7 -15.225393 1.951747 49.455101 0.628510 -0.539987 0.559812 0.695000 0.617450 1 7 1.000000
  7 -15.564183 2.015517 49.652901 0.164539 -0.167456 0.972052 0.704519 0.621578 1 7 1.000000
  7 -15.660171 1.794391 49.821560 0.155483 0.178698 0.971541 0.710036 0.617989 1 7 1.000000
skeleton
  7 -15.225393 1.951747 49.455101 0.628510 -0.539987 0.559812 0.695000 0.617450 1 7 1.000000
  7 -15.660171 1.794391 49.821560 0.155483 0.178698 0.971541 0.710036 0.617989 1 7 1.000000
  6 -15.238424 1.774713 49.426785 0.799193 0.140374 0.584454 0.696467 0.612824 1 6 1.000000
skeleton
  6 -15.238424 1.774713 49.426785 0.799193 0.140374 0.584454 0.696467 0.612824 1 6 1.000000
  7 -15.660171 1.794391 49.821560 0.155483 0.178698 0.971541 0.710036 0.617989 1 7 1.000000
  7 -15.497670 1.366468 49.853069 -0.101851 -0.303521 0.947365 0.712532 0.607685 1 7 1.000000
skeleton
  6 -15.238424 1.774713 49.426785 0.799193 0.140374 0.584454 0.696467 0.612824 1 6 1.000000
  7 -15.497670 1.366468 49.853069 -0.101851 -0.303521 0.947365 0.712532 0.607685 1 7 1.000000
  7 -15.037848 1.168867 49.696152 0.764962 0.379076 0.520705 0.705178 0.597812 1 7 1.000000
skeleton
  7 -14.942133 1.769210 48.663918 0.995076 0.081501 -0.056405 0.678836 0.603167 1 7 1.000000
  6 -15.238424 1.774713 49.426785 0.799193 0.140374 0.584454 0.696467 0.612824 1 6 1.000000
  7 -15.037848 1.168867 49.696152 0.764962 0.379076 0.520705 0.705178 0.597812 1 7 1.000000
skeleton
  7 -14.942133 1.769210 48.663918 0.995076 0.081501 -0.056405 0.678836 0.603167 1 7 1.000000
  7 -15.037848 1.168867 49.696152 0.764962 0.379076 0.520705 0.705178 0.597812 1 7 1.000000
  7 -14.938766 1.226696 49.065331 0.898751 -0.411963 -0.150108 0.691244 0.595734 1 7 1.000000
skeleton
  5 -6.129061 1.791138 58.180584 -0.760961 -0.633880 -0.138326 0.822568 0.956471 1 5 1.000000
  5 -5.774168 1.470484 57.861763 -0.762271 -0.616315 -0.197735 0.832853 0.951615 1 5 1.000000
  5 -5.633698 1.486181 58.685726 -0.811642 -0.571060 -0.122993 0.832173 0.967549 1 5 1.000000
skeleton
  5 -6.129061 1.791138 58.180584 -0.760961 -0.633880 -0.138326 0.822568 0.956471 1 5 1.000000
  5 -5.718921 1.540854 57.743237 -0.464370 -0.285026 -0.838523 0.832849 0.949007 1 5 1.000000
  5 -5.774168 1.470484 57.861763 -0.762271 -0.616315 -0.197735 0.832853 0.951615 1 5 1.000000
skeleton
  5 -6.129061 1.791138 58.180584 -0.760961 -0.633880 -0.138326 0.822568 0.956471 1 5 1.000000
  5 -6.134326 1.876059 58.130531 -0.863630 0.169509 -0.474773 0.821512 0.955299 1 5 1.000000
  5 -5.718921 1.540854 57.743237 -0.464370 -0.285026 -0.838523 0.832849 0.949007 1 5 1.000000
skeleton
  5 -6.129061 1.791138 58.180584 -0.760961 -0.633880 -0.138326 0.822568 0.956471 1 5 1.000000
  5 -6.230812 1.888784 58.732529 -0.871736 -0.481604 -0.090187 0.818585 0.966933 1 5 1.000000
  5 -6.134326 1.876059 58.130531 -0.863630 0.169509 -0.474773 0.821512 0.955299 1 5 1.000000
skeleton
  5 -6.129061 1.791138 58.180584 -0.760961 -0.633880 -0.138326 0.822568 0.956471 1 5 1.000000
  5 -6.175940 1.823828 58.707745 -0.722620 -0.678701 -0.131092 0.820057 0.966701 1 5 1.000000
  5 -6.230812 1.888784 58.732529 -0.871736 -0.481604 -0.090187 0.818585 0.966933 1 5 1.000000
skeleton
  5 -6.175940 1.823828 58.707745 -0.722620 -0.678701 -0.131092 0.820057 0.966701 1 5 1.000000
  5 -5.957177 1.400511 59.522541 -0.861081 -0.063011 0.504548 0.826925 0.983861 1 5 1.000000
  5 -6.230812 1.888784 58.732529 -0.871736 -0.481604 -0.090187 0.818585 0.966933 1 5 1.000000
skeleton
  5 -6.175940 1.823828 58.707745 -0.722620 -0.678701 -0.131092 0.820057 0.966701 1 5 1.000000
  5 -5.947519 1.394701 59.392353 -0.708928 -0.672473 -0.212604 0.827269 0.981602 1 5 1.000000
  5 -5.957177 1.400511 59.522541 -0.861081 -0.063011 0.504548 0.826925 0.983861 1 5 1.000000
skeleton
  5 -5.779641 1.153176 59.625149 -0.608038 -0.619921 0.495971 0.832595 0.986611 1 5 1.000000
  5 -5.957177 1.400511 59.522541 -0.861081 -0.063011 0.504548 0.826925 0.983861 1 5 1.000000
  5 -5.947519 1.394701 59.392353 -0.708928 -0.672473 -0.212604 0.827269 0.981602 1 5 1.000000
skeleton
  5 -5.779641 1.153176 59.625149 -0.608038 -0.619921 0.495971 0.832595 0.986611 1 5 1.000000
  5 -5.947519 1.394701 59.392353 -0.708928 -0.672473 -0.212604 0.827269 0.981602 1 5 1.000000
  5 -5.777894 1.164723 59.502918 -0.816549 -0.541996 -0.198717 0.832781 0.984411 1 5 1.000000
skeleton
  5 -5.599453 0.956824 59.128330 -0.872073 -0.456877 -0.175362 0.839851 0.978354 1 5 1.000000
  5 -5.779641 1.153176 59.625149 -0.608038 -0.619921 0.495971 0.832595 0.986611 1 5 1.000000
  5 -5.777894 1.164723 59.502918 -0.816549 -0.541996 -0.198717 0.832781 0.984411 1 5 1.000000
skeleton
  5 -5.777894 1.164723 59.502918 -0.816549 -0.541996 -0.198717 0.832781 0.984411 1 5 1.000000
  5 -5.633698 1.486181 58.685726 -0.811642 -0.571060 -0.122993 0.832173 0.967549 1 5 1.000000
  5 -5.599453 0.956824 59.128330 -0.872073 -0.456877 -0.175362 0.839851 0.978354 1 5 1.000000
skeleton
  5 -5.599453 0.956824 59.128330 -0.872073 -0.456877 -0.175362 0.839851 0.978354 1 5 1.000000
  5 -5.633698 1.486181 58.685726 -0.811642 -0.571060 -0.122993 0.832173 0.967549 1 5 1.000000
  5 -5.475268 0.865895 58.734806 -0.843299 -0.512408 -0.162126 0.844019 0.970899 1 5 1.000000
skeleton
  5 -5.475268 0.865895 58.734806 -0.843299 -0.512408 -0.162126 0.844019 0.970899 1 5 1.000000
  5 -5.633698 1.486181 58.685726 -0.811642 -0.571060 -0.122993 0.832173 0.967549 1 5 1.000000
  5 -5.422735 0.908365 58.283871 -0.823053 -0.548030 -0.149154 0.844930 0.961767 1 5 1.000000
skeleton
  5 -5.422735 0.908365 58.283871 -0.823053 -0.548030 -0.149154 0.844930 0.961767 1 5 1.000000
  5 -5.411222 0.805332 58.764008 0.035152 -0.999381 0.001059 0.845378 0.971594 1 5 1.000000
  5 -5.475268 0.865895 58.734806 -0.843299 -0.512408 -0.162126 0.844019 0.970899 1 5 1.000000
skeleton
  5 -5.422735 0.908365 58.283871 -0.823053 -0.548030 -0.149154 0.844930 0.961767 1 5 1.000000
  5 -5.324693 0.843857 58.245888 -0.630743 -0.738697 -0.237678 0.846978 0.961265 1 5 1.000000
  5 -5.411222 0.805332 58.764008 0.035152 -0.999381 0.001059 0.845378 0.971594 1 5 1.000000
skeleton
  5 -5.422735 0.908365 58.283871 -0.823053 -0.548030 -0.149154 0.844930 0.961767 1 5 1.000000
  5 -5.430652 1.107729 57.869602 -0.041144 -0.693794 -0.718998 0.842558 0.953062 1 5 1.000000
  5 -5.324693 0.843857 58.245888 -0.630743 -0.738697 -0.237678 0.846978 0.961265 1 5 1.000000
skeleton
  5 -5.422735 0.908365 58.283871 -0.823053 -0.548030 -0.149154 0.844930 0.961767 1 5 1.000000
  5 -5.530140 1.150185 57.999111 -0.795383 -0.585409 -0.157042 0.840497 0.955325 1 5 1.000000
  5 -5.430652 1.107729 57.869602 -0.041144 -0.693794 -0.718998 0.842558 0.953062 1 5 1.000000
skeleton
  5 -5.530140 1.150185 57.999111 -0.795383 -0.585409 -0.157042 0.840497 0.955325 1 5 1.000000
  5 -5.718921 1.540854 57.743237 -0.464370 -0.285026 -0.838523 0.832849 0.949007 1 5 1.000000
  5 -5.430652 1.107729 57.869602 -0.041144 -0.693794 -0.718998 0.842558 0.953062 1 5 1.000000
skeleton
  5 -5.530140 1.150185 57.999111 -0.795383 -0.585409 -0.157042 0.840497 0.955325 1 5 1.000000
  5 -5.774168 1.470484 57.861763 -0.762271 -0.616315 -0.197735 0.832853 0.951615 1 5 1.000000
  5 -5.718921 1.540854 57.743237 -0.464370 -0.285026 -0.838523 0.832849 0.949007 1 5 1.000000
skeleton
  5 -5.633698 1.486181 58.685726 -0.811642 -0.571060 -0.122993 0.832173 0.967549 1 5 1.000000
  5 -5.774168 1.470484 57.861763 -0.762271 -0.616315 -0.197735 0.832853 0.951615 1 5 1.000000
  5 -5.530140 1.150185 57.999111 -0.795383 -0.585409 -0.157042 0.840497 0.955325 1 5 1.000000
skeleton
  5 -5.422735 0.908365 58.283871 -0.823053 -0.548030 -0.149154 0.844930 0.961767 1 5 1.000000
  5 -5.633698 1.486181 58.685726 -0.811642 -0.571060 -0.122993 0.832173 0.967549 1 5 1.000000
  5 -5.530140 1.150185 57.999111 -0.795383 -0.585409 -0.157042 0.840497 0.955325 1 5 1.000000
skeleton
  5 -5.947519 1.394701 59.392353 -0.708928 -0.672473 -0.212604 0.827269 0.981602 1 5 1.000000
  5 -5.633698 1.486181 58.685726 -0.811642 -0.571060 -0.122993 0.832173 0.967549 1 5 1.000000
  5 -5.777894 1.164723 59.502918 -0.816549 -0.541996 -0.198717 0.832781 0.984411 1 5 1.000000
skeleton
  5 -6.175940 1.823828 58.707745 -0.722620 -0.678701 -0.131092 0.820057 0.966701 1 5 1.000000
  5 -5.633698 1.486181 58.685726 -0.811642 -0.571060 -0.122993 0.832173 0.967549 1 5 1.000000
  5 -5.947519 1.394701 59.392353 -0.708928 -0.672473 -0.212604 0.827269 0.981602 1 5 1.000000
skeleton
  5 -6.175940 1.823828 58.707745 -0.722620 -0.678701 -0.131092 0.820057 0.966701 1 5 1.000000
  5 -6.129061 1.791138 58.180584 -0.760961 -0.633880 -0.138326 0.822568 0.956471 1 5 1.000000
  5 -5.633698 1.486181 58.685726 -0.811642 -0.571060 -0.122993 0.832173 0.967549 1 5 1.000000
skeleton
  5 -5.599453 0.956824 59.128330 -0.872073 -0.456877 -0.175362 0.839851 0.978354 1 5 1.000000
  5 -5.568480 0.901370 59.187466 -0.237079 -0.949889 0.203727 0.840652 0.979542 1 5 1.000000
  5 -5.779641 1.153176 59.625149 -0.608038 -0.619921 0.495971 0.832595 0.986611 1 5 1.000000
skeleton
  5 -5.475268 0.865895 58.734806 -0.843299 -0.512408 -0.162126 0.844019 0.970899 1 5 1.000000
  5 -5.568480 0.901370 59.187466 -0.237079 -0.949889 0.203727 0.840652 0.979542 1 5 1.000000
  5 -5.599453 0.956824 59.128330 -0.872073 -0.456877 -0.175362 0.839851 0.978354 1 5 1.000000
skeleton
  5 -5.475268 0.865895 58.734806 -0.843299 -0.512408 -0.162126 0.844019 0.970899 1 5 1.000000
  5 -5.411222 0.805332 58.764008 0.035152 -0.999381 0.001059 0.845378 0.971594 1 5 1.000000
  5 -5.568480 0.901370 59.187466 -0.237079 -0.949889 0.203727 0.840652 0.979542 1 5 1.000000
skeleton
  6 -6.573771 1.342837 59.472885 0.411863 0.653138 0.635436 0.715437 0.633430 1 6 1.000000
  6 -6.369004 0.886300 59.518589 0.741634 0.139927 0.656049 0.707300 0.632886 1 6 1.000000
  6 -6.343496 0.897027 59.407619 0.646427 0.143142 0.749428 0.707616 0.634702 1 6 1.000000
skeleton
  6 -6.573771 1.342837 59.472885 0.411863 0.653138 0.635436 0.715437 0.633430 1 6 1.000000
  6 -6.343496 0.897027 59.407619 0.646427 0.143142 0.749428 0.707616 0.634702 1 6 1.000000
  6 -6.481527 1.514025 59.167274 0.107676 0.823930 0.556367 0.717779 0.637800 1 6 1.000000
skeleton
  6 -6.019395 0.986992 59.408401 0.381727 0.099012 0.918956 0.706091 0.640454 1 6 1.000000
  6 -6.481527 1.514025 59.167274 0.107676 0.823930 0.556367 0.717779 0.637800 1 6 1.000000
  6 -6.343496 0.897027 59.407619 0.646427 0.143142 0.749428 0.707616 0.634702 1 6 1.000000
skeleton
  6 -6.019395 0.986992 59.408401 0.381727 0.099012 0.918956 0.706091 0.640454 1 6 1.000000
  6 -6.105336 1.451197 59.097454 0.315741 0.679722 0.662031 0.714819 0.642374 1 6 1.000000
  6 -6.481527 1.514025 59.167274 0.107676 0.823930 0.556367 0.717779 0.637800 1 6 1.000000
skeleton
  6 -5.700323 1.046348 59.110489 0.794140 0.183628 0.579329 0.707837 0.647691 1 6 1.000000
  6 -6.105336 1.451197 59.097454 0.315741 0.679722 0.662031 0.714819 0.642374 1 6 1.000000
  6 -6.019395 0.986992 59.408401 0.381727 0.099012 0.918956 0.706091 0.640454 1 6 1.000000
skeleton
  6 -5.700323 1.046348 59.110489 0.794140 0.183628 0.579329 0.707837 0.647691 1 6 1.000000
  6 -5.793434 1.344990 58.983875 0.612345 0.608582 0.504640 0.712862 0.646720 1 6 1.000000
  6 -6.105336 1.451197 59.097454 0.315741 0.679722 0.662031 0.714819 0.642374 1 6 1.000000
skeleton
  6 -5.793434 1.344990 58.983875 0.612345 0.608582 0.504640 0.712862 0.646720 1 6 1.000000
  6 -5.700323 1.046348 59.110489 0.794140 0.183628 0.579329 0.707837 0.647691 1 6 1.000000
  6 -5.559506 1.086914 58.760803 0.971980 0.202989 0.118531 0.711223 0.652692 1 6 1.000000
skeleton
  6 -6.787239 1.341115 59.551823 -0.258233 0.568053 0.781429 0.716810 0.630710 1 6 1.000000
  6 -6.481527 1.514025 59.167274 0.107676 0.823930 0.556367 0.717779 0.637800 1 6 1.000000
  6 -7.237613 1.364796 58.881641 -0.548528 0.715158 0.433205 0.728354 0.630678 1 6 1.000000
skeleton
  6 -6.787239 1.341115 59.551823 -0.258233 0.568053 0.781429 0.716810 0.630710 1 6 1.000000
  6 -6.573771 1.342837 59.472885 0.411863 0.653138 0.635436 0.715437 0.633430 1 6 1.000000
  6 -6.481527 1.514025 59.167274 0.107676 0.823930 0.556367 0.717779 0.637800 1 6 1.000000
skeleton
  6 -5.781392 1.499057 58.303974 0.707433 0.648316 -0.281470 0.720916 0.651836 1 6 1.000000
  6 -5.559506 1.086914 58.760803 0.971980 0.202989 0.118531 0.711223 0.652692 1 6 1.000000
  6 -5.643436 1.071617 58.128822 0.892441 0.197806 -0.405489 0.720219 0.658713 1 6 1.000000
skeleton
  6 -5.781392 1.499057 58.303974 0.707433 0.648316 -0.281470 0.720916 0.651836 1 6 1.000000
  6 -5.794748 1.522104 58.653687 0.716064 0.678925 0.162215 0.717382 0.649114 1 6 1.000000
  6 -5.559506 1.086914 58.760803 0.971980 0.202989 0.118531 0.711223 0.652692 1 6 1.000000
skeleton
  6 -5.793434 1.344990 58.983875 0.612345 0.608582 0.504640 0.712862 0.646720 1 6 1.000000
  6 -5.559506 1.086914 58.760803 0.971980 0.202989 0.118531 0.711223 0.652692 1 6 1.000000
  6 -5.794748 1.522104 58.653687 0.716064 0.678925 0.162215 0.717382 0.649114 1 6 1.000000
skeleton
  6 -5.793434 1.344990 58.983875 0.612345 0.608582 0.504640 0.712862 0.646720 1 6 1.000000
  6 -5.794748 1.522104 58.653687 0.716064 0.678925 0.162215 0.717382 0.649114 1 6 1.000000
  6 -6.163193 1.736715 58.677921 0.330444 0.923361 0.195479 0.720929 0.645057 1 6 1.000000
skeleton
  6 -5.793434 1.344990 58.983875 0.612345 0.608582 0.504640 0.712862 0.646720 1 6 1.000000
  6 -6.163193 1.736715 58.677921 0.330444 0.923361 0.195479 0.720929 0.645057 1 6 1.000000
  6 -6.105336 1.451197 59.097454 0.315741 0.679722 0.662031 0.714819 0.642374 1 6 1.000000
skeleton
  6 -6.105336 1.451197 59.097454 0.315741 0.679722 0.662031 0.714819 0.642374 1 6 1.000000
  6 -6.163193 1.736715 58.677921 0.330444 0.923361 0.195479 0.720929 0.645057 1 6 1.000000
  6 -6.533946 1.795947 58.683674 -0.174975 0.976339 0.127066 0.724080 0.641798 1 6 1.000000
skeleton
  6 -6.105336 1.451197 59.097454 0.315741 0.679722 0.662031 0.714819 0.642374 1 6 1.000000
  6 -6.533946 1.795947 58.683674 -0.174975 0.976339 0.127066 0.724080 0.641798 1 6 1.000000
  6 -6.481527 1.514025 59.167274 0.107676 0.823930 0.556367 0.717779 0.637800 1 6 1.000000
skeleton
  6 -7.013573 1.483812 58.461487 -0.316224 0.948684 -0.000141 0.731765 0.637692 1 6 1.000000
  6 -6.481527 1.514025 59.167274 0.107676 0.823930 0.556367 0.717779 0.637800 1 6 1.000000
  6 -6.533946 1.795947 58.683674 -0.174975 0.976339 0.127066 0.724080 0.641798 1 6 1.000000
skeleton
  6 -7.013573 1.483812 58.461487 -0.316224 0.948684 -0.000141 0.731765 0.637692 1 6 1.000000
  6 -7.237613 1.364796 58.881641 -0.548528 0.715158 0.433205 0.728354 0.630678 1 6 1.000000
  6 -6.481527 1.514025 59.167274 0.107676 0.823930 0.556367 0.717779 0.637800 1 6 1.000000
skeleton
  6 -7.716239 1.381828 57.727245 -0.047661 0.998432 -0.029351 0.750884 0.635954 1 6 1.000000
  6 -7.237613 1.364796 58.881641 -0.548528 0.715158 0.433205 0.728354 0.630678 1 6 1.000000
  6 -7.013573 1.483812 58.461487 -0.316224 0.948684 -0.000141 0.731765 0.637692 1 6 1.000000
skeleton
  6 -7.716239 1.381828 57.727245 -0.047661 0.998432 -0.029351 0.750884 0.635954 1 6 1.000000
  6 -7.899411 1.287288 58.025196 -0.509149 0.756696 0.410095 0.748628 0.629880 1 6 1.000000
  6 -7.237613 1.364796 58.881641 -0.548528 0.715158 0.433205 0.728354 0.630678 1 6 1.000000
skeleton
  6 -7.899411 1.287288 58.025196 -0.509149 0.756696 0.410095 0.748628 0.629880 1 6 1.000000
  6 -7.716239 1.381828 57.727245 -0.047661 0.998432 -0.029351 0.750884 0.635954 1 6 1.000000
  6 -9.191995 1.421190 56.089279 0.047034 0.998500 0.028013 0.793502 0.632756 1 6 1.000000
skeleton
  6 -7.899411 1.287288 58.025196 -0.509149 0.756696 0.410095 0.748628 0.629880 1 6 1.000000
  6 -9.191995 1.421190 56.089279 0.047034 0.998500 0.028013 0.793502 0.632756 1 6 1.000000
  6 -9.405353 1.341467 56.272247 -0.392720 0.814886 0.426300 0.793116 0.627265 1 6 1.000000
skeleton
  6 -10.057630 1.526939 55.209042 0.063190 0.994055 0.088663 0.818840 0.629738 1 6 1.000000
  6 -9.405353 1.341467 56.272247 -0.392720 0.814886 0.426300 0.793116 0.627265 1 6 1.000000
  6 -9.191995 1.421190 56.089279 0.047034 0.998500 0.028013 0.793502 0.632756 1 6 1.000000
skeleton
  6 -10.057630 1.526939 55.209042 0.063190 0.994055 0.088663 0.818840 0.629738 1 6 1.000000
  6 -10.260869 1.423275 55.388470 -0.345801 0.813233 0.468054 0.818358 0.624278 1 6 1.000000
  6 -9.405353 1.341467 56.272247 -0.392720 0.814886 0.426300 0.793116 0.627265 1 6 1.000000
skeleton
  6 -10.260869 1.423275 55.388470 -0.345801 0.813233 0.468054 0.818358 0.624278 1 6 1.000000
  6 -10.057630 1.526939 55.209042 0.063190 0.994055 0.088663 0.818840 0.629738 1 6 1.000000
  6 -11.333151 1.744021 54.034447 0.118875 0.989196 0.085795 0.854481 0.625136 1 6 1.000000
skeleton
  6 -10.260869 1.423275 55.388470 -0.345801 0.813233 0.468054 0.818358 0.624278 1 6 1.000000
  6 -11.333151 1.744021 54.034447 0.118875 0.989196 0.085795 0.854481 0.625136 1 6 1.000000
  6 -11.529744 1.670646 54.215221 -0.327833 0.794028 0.511904 0.854030 0.619922 1 6 1.000000
skeleton
  6 -11.529744 1.670646 54.215221 -0.327833 0.794028 0.511904 0.854030 0.619922 1 6 1.000000
  6 -11.333151 1.744021 54.034447 0.118875 0.989196 0.085795 0.854481 0.625136 1 6 1.000000
  6 -12.693520 2.042587 52.532181 0.148008 0.987688 0.050649 0.894644 0.622949 1 6 1.000000
skeleton
  6 -5.781392 1.499057 58.303974 0.707433 0.648316 -0.281470 0.720916 0.651836 1 6 1.000000
  6 -6.163193 1.736715 58.677921 0.330444 0.923361 0.195479 0.720929 0.645057 1 6 1.000000
  6 -5.794748 1.522104 58.653687 0.716064 0.678925 0.162215 0.717382 0.649114 1 6 1.000000
skeleton
  6 -5.781392 1.499057 58.303974 0.707433 0.648316 -0.281470 0.720916 0.651836 1 6 1.000000
  6 -6.158586 1.673606 58.152046 0.378429 0.809687 -0.448551 0.725780 0.649287 1 6 1.000000
  6 -6.163193 1.736715 58.677921 0.330444 0.923361 0.195479 0.720929 0.645057 1 6 1.000000
skeleton
  6 -6.503172 1.699184 58.077511 -0.091718 0.818914 -0.566540 0.729742 0.646848 1 6 1.000000
  6 -6.163193 1.736715 58.677921 0.330444 0.923361 0.195479 0.720929 0.645057 1 6 1.000000
  6 -6.158586 1.673606 58.152046 0.378429 0.809687 -0.448551 0.725780 0.649287 1 6 1.000000
skeleton
  6 -6.503172 1.699184 58.077511 -0.091718 0.818914 -0.566540 0.729742 0.646848 1 6 1.000000
  6 -6.533946 1.795947 58.683674 -0.174975 0.976339 0.127066 0.724080 0.641798 1 6 1.000000
  6 -6.163193 1.736715 58.677921 0.330444 0.923361 0.195479 0.720929 0.645057 1 6 1.000000
skeleton
  6 -6.856911 1.415181 57.946030 -0.041830 0.806690 -0.589492 0.736660 0.645326 1 6 1.000000
  6 -6.533946 1.795947 58.683674 -0.174975 0.976339 0.127066 0.724080 0.641798 1 6 1.000000
  6 -6.503172 1.699184 58.077511 -0.091718 0.818914 -0.566540 0.729742 0.646848 1 6 1.000000
skeleton
  6 -6.856911 1.415181 57.946030 -0.041830 0.806690 -0.589492 0.736660 0.645326 1 6 1.000000
  6 -7.013573 1.483812 58.461487 -0.316224 0.948684 -0.000141 0.731765 0.637692 1 6 1.000000
  6 -6.533946 1.795947 58.683674 -0.174975 0.976339 0.127066 0.724080 0.641798 1 6 1.000000
skeleton
  6 -7.531067 1.255509 57.379040 0.399842 0.762530 -0.508601 0.753856 0.642697 1 6 1.000000
  6 -7.013573 1.483812 58.461487 -0.316224 0.948684 -0.000141 0.731765 0.637692 1 6 1.000000
  6 -6.856911 1.415181 57.946030 -0.041830 0.806690 -0.589492 0.736660 0.645326 1 6 1.000000
skeleton
  6 -7.531067 1.255509 57.379040 0.399842 0.762530 -0.508601 0.753856 0.642697 1 6 1.000000
  6 -7.716239 1.381828 57.727245 -0.047661 0.998432 -0.029351 0.750884 0.635954 1 6 1.000000
  6 -7.013573 1.483812 58.461487 -0.316224 0.948684 -0.000141 0.731765 0.637692 1 6 1.000000
skeleton
  6 -7.531067 1.255509 57.379040 0.399842 0.762530 -0.508601 0.753856 0.642697 1 6 1.000000
  6 -9.191995 1.421190 56.089279 0.047034 0.998500 0.028013 0.793502 0.632756 1 6 1.000000
  6 -7.716239 1.381828 57.727245 -0.047661 0.998432 -0.029351 0.750884 0.635954 1 6 1.000000
skeleton
  6 -7.531067 1.255509 57.379040 0.399842 0.762530 -0.508601 0.753856 0.642697 1 6 1.000000
  6 -8.998084 1.314650 55.897144 0.529414 0.718780 -0.450639 0.794076 0.638247 1 6 1.000000
  6 -9.191995 1.421190 56.089279 0.047034 0.998500 0.028013 0.793502 0.632756 1 6 1.000000
skeleton
  6 -9.857253 1.456975 55.000317 0.557133 0.699013 -0.448313 0.819465 0.635280 1 6 1.000000
  6 -9.191995 1.421190 56.089279 0.047034 0.998500 0.028013 0.793502 0.632756 1 6 1.000000
  6 -8.998084 1.314650 55.897144 0.529414 0.718780 -0.450639 0.794076 0.638247 1 6 1.000000
skeleton
  6 -9.857253 1.456975 55.000317 0.557133 0.699013 -0.448313 0.819465 0.635280 1 6 1.000000
  6 -10.057630 1.526939 55.209042 0.063190 0.994055 0.088663 0.818840 0.629738 1 6 1.000000
  6 -9.191995 1.421190 56.089279 0.047034 0.998500 0.028013 0.793502 0.632756 1 6 1.000000
skeleton
  6 -9.857253 1.456975 55.000317 0.557133 0.699013 -0.448313 0.819465 0.635280 1 6 1.000000
  6 -11.333151 1.744021 54.034447 0.118875 0.989196 0.085795 0.854481 0.625136 1 6 1.000000
  6 -10.057630 1.526939 55.209042 0.063190 0.994055 0.088663 0.818840 0.629738 1 6 1.000000
skeleton
  6 -9.857253 1.456975 55.000317 0.557133 0.699013 -0.448313 0.819465 0.635280 1 6 1.000000
  6 -11.061922 1.623283 53.739914 0.597350 0.655208 -0.462467 0.855266 0.632778 1 6 1.000000
  6 -11.333151 1.744021 54.034447 0.118875 0.989196 0.085795 0.854481 0.625136 1 6 1.000000
skeleton
  6 -11.061922 1.623283 53.739914 0.597350 0.655208 -0.462467 0.855266 0.632778 1 6 1.000000
  6 -12.693520 2.042587 52.532181 0.148008 0.987688 0.050649 0.894644 0.622949 1 6 1.000000
  6 -11.333151 1.744021 54.034447 0.118875 0.989196 0.085795 0.854481 0.625136 1 6 1.000000
skeleton
  6 -11.061922 1.623283 53.739914 0.597350 0.655208 -0.462467 0.855266 0.632778 1 6 1.000000
  6 -12.442180 1.959785 52.304222 0.625253 0.669023 -0.401829 0.894836 0.629317 1 6 1.000000
  6 -12.693520 2.042587 52.532181 0.148008 0.987688 0.050649 0.894644 0.622949 1 6 1.000000
skeleton
  6 -12.442180 1.959785 52.304222 0.625253 0.669023 -0.401829 0.894836 0.629317 1 6 1.000000
  6 -13.916091 2.255907 51.186913 0.118851 0.991830 0.046337 0.931443 0.620437 1 6 1.000000
  6 -12.693520 2.042587 52.532181 0.148008 0.987688 0.050649 0.894644 0.622949 1 6 1.000000
skeleton
  6 -12.442180 1.959785 52.304222 0.625253 0.669023 -0.401829 0.894836 0.629317 1 6 1.000000
  6 -13.501164 2.155807 50.827190 0.618008 0.721615 -0.311991 0.931718 0.631260 1 6 1.000000
  6 -13.916091 2.255907 51.186913 0.118851 0.991830 0.046337 0.931443 0.620437 1 6 1.000000
skeleton
  6 -13.667548 2.193701 50.552032 0.604406 0.743680 -0.285716 0.938935 0.631625 1 6 1.000000
  6 -13.916091 2.255907 51.186913 0.118851 0.991830 0.046337 0.931443 0.620437 1 6 1.000000
  6 -13.501164 2.155807 50.827190 0.618008 0.721615 -0.311991 0.931718 0.631260 1 6 1.000000
skeleton
  6 -13.667548 2.193701 50.552032 0.604406 0.743680 -0.285716 0.938935 0.631625 1 6 1.000000
  6 -14.243764 2.313587 50.776752 0.033550 0.995292 -0.090925 0.942472 0.619808 1 6 1.000000
  6 -13.916091 2.255907 51.186913 0.118851 0.991830 0.046337 0.931443 0.620437 1 6 1.000000
skeleton
  6 -12.442180 1.959785 52.304222 0.625253 0.669023 -0.401829 0.894836 0.629317 1 6 1.000000
  6 -13.458328 1.976914 50.806019 0.800125 -0.228768 -0.554496 0.930846 0.635470 1 6 1.000000
  6 -13.501164 2.155807 50.827190 0.618008 0.721615 -0.311991 0.931718 0.631260 1 6 1.000000
skeleton
  6 -12.442180 1.959785 52.304222 0.625253 0.669023 -0.401829 0.894836 0.629317 1 6 1.000000
  6 -12.426705 1.706343 52.248497 0.723756 -0.229016 -0.650945 0.894979 0.634332 1 6 1.000000
  6 -13.458328 1.976914 50.806019 0.800125 -0.228768 -0.554496 0.930846 0.635470 1 6 1.000000
skeleton
  6 -11.061922 1.623283 53.739914 0.597350 0.655208 -0.462467 0.855266 0.632778 1 6 1.000000
  6 -12.426705 1.706343 52.248497 0.723756 -0.229016 -0.650945 0.894979 0.634332 1 6 1.000000
  6 -12.442180 1.959785 52.304222 0.625253 0.669023 -0.401829 0.894836 0.629317 1 6 1.000000
skeleton
  6 -11.061922 1.623283 53.739914 0.597350 0.655208 -0.462467 0.855266 0.632778 1 6 1.000000
  6 -11.074665 1.328337 53.725769 0.673785 -0.176647 -0.717503 0.855402 0.638194 1 6 1.000000
  6 -12.426705 1.706343 52.248497 0.723756 -0.229016 -0.650945 0.894979 0.634332 1 6 1.000000
skeleton
  6 -9.857253 1.456975 55.000317 0.557133 0.699013 -0.448313 0.819465 0.635280 1 6 1.000000
  6 -11.074665 1.328337 53.725769 0.673785 -0.176647 -0.717503 0.855402 0.638194 1 6 1.000000
  6 -11.061922 1.623283 53.739914 0.597350 0.655208 -0.462467 0.855266 0.632778 1 6 1.000000
skeleton
  6 -9.857253 1.456975 55.000317 0.557133 0.699013 -0.448313 0.819465 0.635280 1 6 1.000000
  6 -9.785172 1.115422 54.896294 0.694705 -0.068932 -0.715984 0.819934 0.642045 1 6 1.000000
  6 -11.074665 1.328337 53.725769 0.673785 -0.176647 -0.717503 0.855402 0.638194 1 6 1.000000
skeleton
  6 -8.998084 1.314650 55.897144 0.529414 0.718780 -0.450639 0.794076 0.638247 1 6 1.000000
  6 -9.785172 1.115422 54.896294 0.694705 -0.068932 -0.715984 0.819934 0.642045 1 6 1.000000
  6 -9.857253 1.456975 55.000317 0.557133 0.699013 -0.448313 0.819465 0.635280 1 6 1.000000
skeleton
  6 -8.998084 1.314650 55.897144 0.529414 0.718780 -0.450639 0.794076 0.638247 1 6 1.000000
  6 -8.932707 1.003302 55.795631 0.710812 0.016931 -0.703178 0.794874 0.644250 1 6 1.000000
  6 -9.785172 1.115422 54.896294 0.694705 -0.068932 -0.715984 0.819934 0.642045 1 6 1.000000
skeleton
  6 -7.531067 1.255509 57.379040 0.399842 0.762530 -0.508601 0.753856 0.642697 1 6 1.000000
  6 -8.932707 1.003302 55.795631 0.710812 0.016931 -0.703178 0.794874 0.644250 1 6 1.000000
  6 -8.998084 1.314650 55.897144 0.529414 0.718780 -0.450639 0.794076 0.638247 1 6 1.000000
skeleton
  6 -7.531067 1.255509 57.379040 0.399842 0.762530 -0.508601 0.753856 0.642697 1 6 1.000000
  6 -7.475497 0.902015 57.226944 0.632525 0.091001 -0.769175 0.756219 0.649196 1 6 1.000000
  6 -8.932707 1.003302 55.795631 0.710812 0.016931 -0.703178 0.794874 0.644250 1 6 1.000000
skeleton
  6 -6.856911 1.415181 57.946030 -0.041830 0.806690 -0.589492 0.736660 0.645326 1 6 1.000000
  6 -7.475497 0.902015 57.226944 0.632525 0.091001 -0.769175 0.756219 0.649196 1 6 1.000000
  6 -7.531067 1.255509 57.379040 0.399842 0.762530 -0.508601 0.753856 0.642697 1 6 1.000000
skeleton
  6 -6.856911 1.415181 57.946030 -0.041830 0.806690 -0.589492 0.736660 0.645326 1 6 1.000000
  6 -6.783699 1.001510 57.715034 0.260760 0.126723 -0.957050 0.740691 0.652253 1 6 1.000000
  6 -7.475497 0.902015 57.226944 0.632525 0.091001 -0.769175 0.756219 0.649196 1 6 1.000000
skeleton
  6 -6.503172 1.699184 58.077511 -0.091718 0.818914 -0.566540 0.729742 0.646848 1 6 1.000000
  6 -6.783699 1.001510 57.715034 0.260760 0.126723 -0.957050 0.740691 0.652253 1 6 1.000000
  6 -6.856911 1.415181 57.946030 -0.041830 0.806690 -0.589492 0.736660 0.645326 1 6 1.000000
skeleton
  6 -6.503172 1.699184 58.077511 -0.091718 0.818914 -0.566540 0.729742 0.646848 1 6 1.000000
  6 -6.365776 1.001820 57.623535 0.087457 0.115799 -0.989415 0.735863 0.657017 1 6 1.000000
  6 -6.783699 1.001510 57.715034 0.260760 0.126723 -0.957050 0.740691 0.652253 1 6 1.000000
skeleton
  6 -6.158586 1.673606 58.152046 0.378429 0.809687 -0.448551 0.725780 0.649287 1 6 1.000000
  6 -6.365776 1.001820 57.623535 0.087457 0.115799 -0.989415 0.735863 0.657017 1 6 1.000000
  6 -6.503172 1.699184 58.077511 -0.091718 0.818914 -0.566540 0.729742 0.646848 1 6 1.000000
skeleton
  6 -6.158586 1.673606 58.152046 0.378429 0.809687 -0.448551 0.725780 0.649287 1 6 1.000000
  6 -5.977762 1.047359 57.743282 0.507320 0.156843 -0.847365 0.729282 0.659382 1 6 1.000000
  6 -6.365776 1.001820 57.623535 0.087457 0.115799 -0.989415 0.735863 0.657017 1 6 1.000000
skeleton
  6 -5.781392 1.499057 58.303974 0.707433 0.648316 -0.281470 0.720916 0.651836 1 6 1.000000
  6 -5.977762 1.047359 57.743282 0.507320 0.156843 -0.847365 0.729282 0.659382 1 6 1.000000
  6 -6.158586 1.673606 58.152046 0.378429 0.809687 -0.448551 0.725780 0.649287 1 6 1.000000
skeleton
  6 -5.781392 1.499057 58.303974 0.707433 0.648316 -0.281470 0.720916 0.651836 1 6 1.000000
  6 -5.643436 1.071617 58.128822 0.892441 0.197806 -0.405489 0.720219 0.658713 1 6 1.000000
  6 -5.977762 1.047359 57.743282 0.507320 0.156843 -0.847365 0.729282 0.659382 1 6 1.000000
skeleton
  6 -11.529744 1.670646 54.215221 -0.327833 0.794028 0.511904 0.854030 0.619922 1 6 1.000000
  6 -12.693520 2.042587 52.532181 0.148008 0.987688 0.050649 0.894644 0.622949 1 6 1.000000
  6 -12.975236 2.034454 52.810947 -0.303654 0.805392 0.509055 0.893811 0.615741 1 6 1.000000
skeleton
  6 -12.975236 2.034454 52.810947 -0.303654 0.805392 0.509055 0.893811 0.615741 1 6 1.000000
  6 -12.693520 2.042587 52.532181 0.148008 0.987688 0.050649 0.894644 0.622949 1 6 1.000000
  6 -13.916091 2.255907 51.186913 0.118851 0.991830 0.046337 0.931443 0.620437 1 6 1.000000
skeleton
  6 -12.975236 2.034454 52.810947 -0.303654 0.805392 0.509055 0.893811 0.615741 1 6 1.000000
  6 -13.916091 2.255907 51.186913 0.118851 0.991830 0.046337 0.931443 0.620437 1 6 1.000000
  6 -14.445657 2.199199 51.687019 -0.320938 0.784082 0.531238 0.930006 0.606712 1 6 1.000000
skeleton
  6 -14.243764 2.313587 50.776752 0.033550 0.995292 -0.090925 0.942472 0.619808 1 6 1.000000
  6 -14.445657 2.199199 51.687019 -0.320938 0.784082 0.531238 0.930006 0.606712 1 6 1.000000
  6 -13.916091 2.255907 51.186913 0.118851 0.991830 0.046337 0.931443 0.620437 1 6 1.000000
skeleton
  6 -14.243764 2.313587 50.776752 0.033550 0.995292 -0.090925 0.942472 0.619808 1 6 1.000000
  6 -14.723952 2.220220 51.481758 -0.324480 0.745909 0.581664 0.936775 0.604923 1 6 1.000000
  6 -14.445657 2.199199 51.687019 -0.320938 0.784082 0.531238 0.930006 0.606712 1 6 1.000000
skeleton
  6 -15.146866 2.390769 50.804329 -0.080020 0.992922 -0.087767 0.952710 0.606905 1 6 1.000000
  6 -14.723952 2.220220 51.481758 -0.324480 0.745909 0.581664 0.936775 0.604923 1 6 1.000000
  6 -14.243764 2.313587 50.776752 0.033550 0.995292 -0.090925 0.942472 0.619808 1 6 1.000000
skeleton
  6 -15.146866 2.390769 50.804329 -0.080020 0.992922 -0.087767 0.952710 0.606905 1 6 1.000000
  6 -15.278486 2.216690 51.082478 -0.449014 0.698028 0.557803 0.949657 0.601438 1 6 1.000000
  6 -14.723952 2.220220 51.481758 -0.324480 0.745909 0.581664 0.936775 0.604923 1 6 1.000000
skeleton
  6 -14.775341 1.916401 51.542763 -0.506622 -0.392317 0.767738 0.935077 0.599280 1 6 1.000000
  6 -14.723952 2.220220 51.481758 -0.324480 0.745909 0.581664 0.936775 0.604923 1 6 1.000000
  6 -15.278486 2.216690 51.082478 -0.449014 0.698028 0.557803 0.949657 0.601438 1 6 1.000000
skeleton
  6 -14.775341 1.916401 51.542763 -0.506622 -0.392317 0.767738 0.935077 0.599280 1 6 1.000000
  6 -15.278486 2.216690 51.082478 -0.449014 0.698028 0.557803 0.949657 0.601438 1 6 1.000000
  6 -15.327571 1.891712 51.210316 -0.484190 -0.333951 0.808725 0.947721 0.595039 1 6 1.000000
skeleton
  6 -14.534671 1.901709 51.707703 -0.590643 -0.343592 0.730127 0.929289 0.600924 1 6 1.000000
  6 -14.723952 2.220220 51.481758 -0.324480 0.745909 0.581664 0.936775 0.604923 1 6 1.000000
  6 -14.775341 1.916401 51.542763 -0.506622 -0.392317 0.767738 0.935077 0.599280 1 6 1.000000
skeleton
  6 -14.534671 1.901709 51.707703 -0.590643 -0.343592 0.730127 0.929289 0.600924 1 6 1.000000
  6 -14.445657 2.199199 51.687019 -0.320938 0.784082 0.531238 0.930006 0.606712 1 6 1.000000
  6 -14.723952 2.220220 51.481758 -0.324480 0.745909 0.581664 0.936775 0.604923 1 6 1.000000
skeleton
  6 -13.104998 1.779196 52.923363 -0.670628 -0.158867 0.724582 0.892606 0.610261 1 6 1.000000
  6 -14.445657 2.199199 51.687019 -0.320938 0.784082 0.531238 0.930006 0.606712 1 6 1.000000
  6 -14.534671 1.901709 51.707703 -0.590643 -0.343592 0.730127 0.929289 0.600924 1 6 1.000000
skeleton
  6 -13.104998 1.779196 52.923363 -0.670628 -0.158867 0.724582 0.892606 0.610261 1 6 1.000000
  6 -12.975236 2.034454 52.810947 -0.303654 0.805392 0.509055 0.893811 0.615741 1 6 1.000000
  6 -14.445657 2.199199 51.687019 -0.320938 0.784082 0.531238 0.930006 0.606712 1 6 1.000000
skeleton
  6 -11.600382 1.434234 54.238007 -0.704918 0.051298 0.707431 0.853491 0.615028 1 6 1.000000
  6 -12.975236 2.034454 52.810947 -0.303654 0.805392 0.509055 0.893811 0.615741 1 6 1.000000
  6 -13.104998 1.779196 52.923363 -0.670628 -0.158867 0.724582 0.892606 0.610261 1 6 1.000000
skeleton
  6 -11.600382 1.434234 54.238007 -0.704918 0.051298 0.707431 0.853491 0.615028 1 6 1.000000
  6 -11.529744 1.670646 54.215221 -0.327833 0.794028 0.511904 0.854030 0.619922 1 6 1.000000
  6 -12.975236 2.034454 52.810947 -0.303654 0.805392 0.509055 0.893811 0.615741 1 6 1.000000
skeleton
  6 -10.468678 1.197199 55.535450 -0.685393 0.194308 0.701770 0.817998 0.617860 1 6 1.000000
  6 -11.529744 1.670646 54.215221 -0.327833 0.794028 0.511904 0.854030 0.619922 1 6 1.000000
  6 -11.600382 1.434234 54.238007 -0.704918 0.051298 0.707431 0.853491 0.615028 1 6 1.000000
skeleton
  6 -10.468678 1.197199 55.535450 -0.685393 0.194308 0.701770 0.817998 0.617860 1 6 1.000000
  6 -10.260869 1.423275 55.388470 -0.345801 0.813233 0.468054 0.818358 0.624278 1 6 1.000000
  6 -11.529744 1.670646 54.215221 -0.327833 0.794028 0.511904 0.854030 0.619922 1 6 1.000000
skeleton
  6 -9.562569 1.109827 56.359627 -0.701840 0.183884 0.688192 0.793231 0.621579 1 6 1.000000
  6 -10.260869 1.423275 55.388470 -0.345801 0.813233 0.468054 0.818358 0.624278 1 6 1.000000
  6 -10.468678 1.197199 55.535450 -0.685393 0.194308 0.701770 0.817998 0.617860 1 6 1.000000
skeleton
  6 -9.562569 1.109827 56.359627 -0.701840 0.183884 0.688192 0.793231 0.621579 1 6 1.000000
  6 -9.405353 1.341467 56.272247 -0.392720 0.814886 0.426300 0.793116 0.627265 1 6 1.000000
  6 -10.260869 1.423275 55.388470 -0.345801 0.813233 0.468054 0.818358 0.624278 1 6 1.000000
skeleton
  6 -7.994704 0.973527 58.132294 -0.764782 0.076838 0.639691 0.748014 0.623829 1 6 1.000000
  6 -9.405353 1.341467 56.272247 -0.392720 0.814886 0.426300 0.793116 0.627265 1 6 1.000000
  6 -9.562569 1.109827 56.359627 -0.701840 0.183884 0.688192 0.793231 0.621579 1 6 1.000000
skeleton
  6 -7.994704 0.973527 58.132294 -0.764782 0.076838 0.639691 0.748014 0.623829 1 6 1.000000
  6 -7.899411 1.287288 58.025196 -0.509149 0.756696 0.410095 0.748628 0.629880 1 6 1.000000
  6 -9.405353 1.341467 56.272247 -0.392720 0.814886 0.426300 0.793116 0.627265 1 6 1.000000
skeleton
  6 -7.283455 0.908102 59.023167 -0.768744 -0.043443 0.638079 0.725955 0.622315 1 6 1.000000
  6 -7.899411 1.287288 58.025196 -0.509149 0.756696 0.410095 0.748628 0.629880 1 6 1.000000
  6 -7.994704 0.973527 58.132294 -0.764782 0.076838 0.639691 0.748014 0.623829 1 6 1.000000
skeleton
  6 -7.283455 0.908102 59.023167 -0.768744 -0.043443 0.638079 0.725955 0.622315 1 6 1.000000
  6 -7.237613 1.364796 58.881641 -0.548528 0.715158 0.433205 0.728354 0.630678 1 6 1.000000
  6 -7.899411 1.287288 58.025196 -0.509149 0.756696 0.410095 0.748628 0.629880 1 6 1.000000
skeleton
  6 -6.637802 0.822971 59.661247 -0.204618 -0.030411 0.978369 0.708888 0.626972 1 6 1.000000
  6 -7.237613 1.364796 58.881641 -0.548528 0.715158 0.433205 0.728354 0.630678 1 6 1.000000
  6 -7.283455 0.908102 59.023167 -0.768744 -0.043443 0.638079 0.725955 0.622315 1 6 1.000000
skeleton
  6 -6.637802 0.822971 59.661247 -0.204618 -0.030411 0.978369 0.708888 0.626972 1 6 1.000000
  6 -6.787239 1.341115 59.551823 -0.258233 0.568053 0.781429 0.716810 0.630710 1 6 1.000000
  6 -7.237613 1.364796 58.881641 -0.548528 0.715158 0.433205 0.728354 0.630678 1 6 1.000000
skeleton
  6 -6.369004 0.886300 59.518589 0.741634 0.139927 0.656049 0.707300 0.632886 1 6 1.000000
  6 -6.787239 1.341115 59.551823 -0.258233 0.568053 0.781429 0.716810 0.630710 1 6 1.000000
  6 -6.637802 0.822971 59.661247 -0.204618 -0.030411 0.978369 0.708888 0.626972 1 6 1.000000
skeleton
  6 -6.369004 0.886300 59.518589 0.741634 0.139927 0.656049 0.707300 0.632886 1 6 1.000000
  6 -6.573771 1.342837 59.472885 0.411863 0.653138 0.635436 0.715437 0.633430 1 6 1.000000
  6 -6.787239 1.341115 59.551823 -0.258233 0.568053 0.781429 0.716810 0.630710 1 6 1.000000
end
