// Created by Crowbar 0.74
version 1
nodes
  0 "Charple2.Pelvis" -1
  1 "Charple2.Lumbar" 0
  2 "Charple2.Spine" 1
  3 "Charple2.Humerus_R" 2
  4 "Charple2.Radius_R" 3
  5 "Charple2.Carpus_R" 4
  6 "Charple2.Humerus_L" 2
  7 "Charple2.Radius_L" 6
  8 "Charple2.Head" 2
  9 "Charple2.Femur_R" 0
  10 "Charple2.Tibia_R" 9
  11 "Charple2.Femur_L" 0
  12 "Charple2.Tibia_L" 11
end
skeleton
  time 0
    0 0.000000 1.997170 41.908962 1.570796 -1.294965 1.570796
    1 5.695656 0.000000 0.000000 0.000000 0.000000 0.336928
    2 4.946400 0.000000 0.000000 0.000000 0.000000 0.130568
    3 6.479578 0.277505 -4.762589 1.034224 1.492893 -2.292725
    4 12.049999 0.000000 -0.000002 0.000000 0.018049 -0.110093
    5 10.621000 0.000000 0.000000 0.000000 -0.076051 0.075148
    6 6.479581 0.277504 4.762589 -1.034224 -1.492893 -2.292725
    7 12.050000 0.000000 -0.000001 0.000000 -0.018049 -0.110093
    8 10.804881 -0.033414 0.000000 0.000000 0.000000 -0.016627
    9 -3.534505 -0.652041 -2.454911 0.000000 0.126435 -2.942430
    10 18.591515 0.000000 0.000000 0.000000 0.000000 0.181435
    11 -3.534506 -0.652041 2.454911 0.000000 -0.126435 -2.942429
    12 18.591516 0.000000 0.000000 0.000000 0.000000 0.181435
end
triangles
Charple2_sheet
  3 -15.887089 1.940939 59.564159 0.034250 -0.047330 0.998292 0.102853 0.330356 1 3 1.000000
  3 -16.945284 1.203644 59.257656 0.105962 -0.759274 0.642086 0.077311 0.306010 2 3 0.579310 4 0.420690
  3 -16.101925 1.302671 59.100941 -0.023723 -0.733875 0.678870 0.077611 0.330696 1 3 1.000000
Charple2_sheet
  3 -15.887089 1.940939 59.564159 0.034250 -0.047330 0.998292 0.102853 0.330356 1 3 1.000000
  3 -16.953625 2.032477 59.770878 0.082999 -0.062571 0.994583 0.102906 0.305520 2 3 0.579310 4 0.420690
  3 -16.945284 1.203644 59.257656 0.105962 -0.759274 0.642086 0.077311 0.306010 2 3 0.579310 4 0.420690
Charple2_sheet
  5 -30.046879 0.867702 57.107891 -0.785239 -0.102062 -0.610723 0.822272 0.700674 1 5 1.000000
  5 -29.815737 0.678433 57.732212 -0.617767 -0.606766 0.500199 0.820653 0.689191 1 5 1.000000
  5 -30.499733 1.004986 58.099560 -0.212879 -0.802607 0.557229 0.781759 0.689826 1 5 1.000000
Charple2_sheet
  5 -30.422750 1.624394 57.381756 -0.336668 -0.015102 -0.941502 0.792773 0.731612 1 5 1.000000
  5 -31.310848 1.766406 57.525494 0.026246 -0.066672 -0.997430 0.742534 0.737030 1 5 1.000000
  5 -31.273939 2.514089 57.492096 0.175936 -0.188675 -0.966151 0.743014 0.778497 1 5 1.000000
Charple2_sheet
  5 -30.422750 1.624394 57.381756 -0.336668 -0.015102 -0.941502 0.792773 0.731612 1 5 1.000000
  5 -31.273939 2.514089 57.492096 0.175936 -0.188675 -0.966151 0.743014 0.778497 1 5 1.000000
  5 -30.269276 2.308889 57.265587 -0.290920 -0.072061 -0.954030 0.799088 0.770208 1 5 1.000000
Charple2_sheet
  5 -30.269276 2.308889 57.265587 -0.290920 -0.072061 -0.954030 0.799088 0.770208 1 5 1.000000
  5 -31.273939 2.514089 57.492096 0.175936 -0.188675 -0.966151 0.743014 0.778497 1 5 1.000000
  5 -30.969566 3.202075 57.375706 -0.182285 -0.194645 -0.963787 0.757109 0.811033 1 5 1.000000
Charple2_sheet
  5 -30.269276 2.308889 57.265587 -0.290920 -0.072061 -0.954030 0.799088 0.770208 1 5 1.000000
  5 -30.969566 3.202075 57.375706 -0.182285 -0.194645 -0.963787 0.757109 0.811033 1 5 1.000000
  5 -30.097616 2.983475 57.016972 -0.237881 -0.069167 -0.968828 0.806376 0.801787 1 5 1.000000
Charple2_sheet
  5 -30.612564 3.633977 57.098515 -0.340888 0.484917 -0.805389 0.767478 0.834638 1 5 1.000000
  5 -30.097616 2.983475 57.016972 -0.237881 -0.069167 -0.968828 0.806376 0.801787 1 5 1.000000
  5 -30.969566 3.202075 57.375706 -0.182285 -0.194645 -0.963787 0.757109 0.811033 1 5 1.000000
Charple2_sheet
  5 -30.612564 3.633977 57.098515 -0.340888 0.484917 -0.805389 0.767478 0.834638 1 5 1.000000
  5 -30.035252 3.460821 57.010540 0.000690 0.565259 -0.824913 0.816420 0.825711 1 5 1.000000
  5 -30.097616 2.983475 57.016972 -0.237881 -0.069167 -0.968828 0.806376 0.801787 1 5 1.000000
Charple2_sheet
  5 -30.035252 3.460821 57.010540 0.000690 0.565259 -0.824913 0.816420 0.825711 1 5 1.000000
  5 -29.111631 2.837407 56.824951 -0.009225 0.070518 -0.997468 0.872495 0.806896 1 5 1.000000
  5 -30.097616 2.983475 57.016972 -0.237881 -0.069167 -0.968828 0.806376 0.801787 1 5 1.000000
Charple2_sheet
  5 -29.363218 2.115567 57.040237 -0.173319 0.026434 -0.984511 0.850787 0.754264 1 5 1.000000
  5 -30.097616 2.983475 57.016972 -0.237881 -0.069167 -0.968828 0.806376 0.801787 1 5 1.000000
  5 -29.111631 2.837407 56.824951 -0.009225 0.070518 -0.997468 0.872495 0.806896 1 5 1.000000
Charple2_sheet
  5 -28.469709 1.968525 56.909340 0.205907 -0.101999 -0.973241 0.901350 0.747570 1 5 1.000000
  5 -29.363218 2.115567 57.040237 -0.173319 0.026434 -0.984511 0.850787 0.754264 1 5 1.000000
  5 -29.111631 2.837407 56.824951 -0.009225 0.070518 -0.997468 0.872495 0.806896 1 5 1.000000
Charple2_sheet
  5 -28.979818 1.158261 56.758266 0.158875 -0.013531 -0.987206 0.881259 0.714395 1 5 1.000000
  5 -29.363218 2.115567 57.040237 -0.173319 0.026434 -0.984511 0.850787 0.754264 1 5 1.000000
  5 -28.469709 1.968525 56.909340 0.205907 -0.101999 -0.973241 0.901350 0.747570 1 5 1.000000
Charple2_sheet
  5 -28.261499 0.991263 57.381565 0.494737 -0.789391 -0.363451 0.934741 0.690477 1 5 1.000000
  5 -28.979818 1.158261 56.758266 0.158875 -0.013531 -0.987206 0.881259 0.714395 1 5 1.000000
  5 -28.469709 1.968525 56.909340 0.205907 -0.101999 -0.973241 0.901350 0.747570 1 5 1.000000
Charple2_sheet
  5 -28.261499 0.991263 57.381565 0.494737 -0.789391 -0.363451 0.934741 0.690477 1 5 1.000000
  5 -28.654301 0.681948 57.088364 0.698813 -0.582593 -0.415025 0.899737 0.690155 1 5 1.000000
  5 -28.979818 1.158261 56.758266 0.158875 -0.013531 -0.987206 0.881259 0.714395 1 5 1.000000
Charple2_sheet
  5 -29.200756 0.342686 56.874821 0.557562 -0.527224 -0.641218 0.863436 0.689195 1 5 1.000000
  5 -28.979818 1.158261 56.758266 0.158875 -0.013531 -0.987206 0.881259 0.714395 1 5 1.000000
  5 -28.654301 0.681948 57.088364 0.698813 -0.582593 -0.415025 0.899737 0.690155 1 5 1.000000
Charple2_sheet
  5 -29.200756 0.342686 56.874821 0.557562 -0.527224 -0.641218 0.863436 0.689195 1 5 1.000000
  5 -29.535851 0.716687 56.720081 -0.063164 0.050453 -0.996727 0.844312 0.697167 1 5 1.000000
  5 -28.979818 1.158261 56.758266 0.158875 -0.013531 -0.987206 0.881259 0.714395 1 5 1.000000
Charple2_sheet
  5 -29.636068 1.376347 56.840725 -0.360894 0.131654 -0.923267 0.845930 0.719815 1 5 1.000000
  5 -28.979818 1.158261 56.758266 0.158875 -0.013531 -0.987206 0.881259 0.714395 1 5 1.000000
  5 -29.535851 0.716687 56.720081 -0.063164 0.050453 -0.996727 0.844312 0.697167 1 5 1.000000
Charple2_sheet
  5 -29.636068 1.376347 56.840725 -0.360894 0.131654 -0.923267 0.845930 0.719815 1 5 1.000000
  5 -29.535851 0.716687 56.720081 -0.063164 0.050453 -0.996727 0.844312 0.697167 1 5 1.000000
  5 -30.046879 0.867702 57.107891 -0.785239 -0.102062 -0.610723 0.822272 0.700674 1 5 1.000000
Charple2_sheet
  5 -30.469122 1.108455 57.513229 -0.422348 -0.635591 -0.646256 0.783378 0.700990 1 5 1.000000
  5 -29.636068 1.376347 56.840725 -0.360894 0.131654 -0.923267 0.845930 0.719815 1 5 1.000000
  5 -30.046879 0.867702 57.107891 -0.785239 -0.102062 -0.610723 0.822272 0.700674 1 5 1.000000
Charple2_sheet
  5 -30.046879 0.867702 57.107891 -0.785239 -0.102062 -0.610723 0.822272 0.700674 1 5 1.000000
  5 -30.499733 1.004986 58.099560 -0.212879 -0.802607 0.557229 0.781759 0.689826 1 5 1.000000
  5 -30.469122 1.108455 57.513229 -0.422348 -0.635591 -0.646256 0.783378 0.700990 1 5 1.000000
Charple2_sheet
  5 -31.168493 1.127055 57.526421 -0.058453 -0.688530 -0.722848 0.747725 0.701306 1 5 1.000000
  5 -30.469122 1.108455 57.513229 -0.422348 -0.635591 -0.646256 0.783378 0.700990 1 5 1.000000
  5 -30.499733 1.004986 58.099560 -0.212879 -0.802607 0.557229 0.781759 0.689826 1 5 1.000000
Charple2_sheet
  5 -31.168493 1.127055 57.526421 -0.058453 -0.688530 -0.722848 0.747725 0.701306 1 5 1.000000
  5 -30.499733 1.004986 58.099560 -0.212879 -0.802607 0.557229 0.781759 0.689826 1 5 1.000000
  5 -31.073936 1.072128 58.105656 -0.208502 -0.798452 0.564802 0.746959 0.688977 1 5 1.000000
Charple2_sheet
  5 -28.979818 1.158261 56.758266 0.158875 -0.013531 -0.987206 0.881259 0.714395 1 5 1.000000
  5 -29.636068 1.376347 56.840725 -0.360894 0.131654 -0.923267 0.845930 0.719815 1 5 1.000000
  5 -29.363218 2.115567 57.040237 -0.173319 0.026434 -0.984511 0.850787 0.754264 1 5 1.000000
Charple2_sheet
  5 -29.363218 2.115567 57.040237 -0.173319 0.026434 -0.984511 0.850787 0.754264 1 5 1.000000
  5 -30.269276 2.308889 57.265587 -0.290920 -0.072061 -0.954030 0.799088 0.770208 1 5 1.000000
  5 -30.097616 2.983475 57.016972 -0.237881 -0.069167 -0.968828 0.806376 0.801787 1 5 1.000000
Charple2_sheet
  5 -30.422750 1.624394 57.381756 -0.336668 -0.015102 -0.941502 0.792773 0.731612 1 5 1.000000
  5 -30.269276 2.308889 57.265587 -0.290920 -0.072061 -0.954030 0.799088 0.770208 1 5 1.000000
  5 -29.363218 2.115567 57.040237 -0.173319 0.026434 -0.984511 0.850787 0.754264 1 5 1.000000
Charple2_sheet
  5 -30.422750 1.624394 57.381756 -0.336668 -0.015102 -0.941502 0.792773 0.731612 1 5 1.000000
  5 -29.363218 2.115567 57.040237 -0.173319 0.026434 -0.984511 0.850787 0.754264 1 5 1.000000
  5 -29.636068 1.376347 56.840725 -0.360894 0.131654 -0.923267 0.845930 0.719815 1 5 1.000000
Charple2_sheet
  5 -30.469122 1.108455 57.513229 -0.422348 -0.635591 -0.646256 0.783378 0.700990 1 5 1.000000
  5 -30.422750 1.624394 57.381756 -0.336668 -0.015102 -0.941502 0.792773 0.731612 1 5 1.000000
  5 -29.636068 1.376347 56.840725 -0.360894 0.131654 -0.923267 0.845930 0.719815 1 5 1.000000
Charple2_sheet
  5 -30.469122 1.108455 57.513229 -0.422348 -0.635591 -0.646256 0.783378 0.700990 1 5 1.000000
  5 -31.310848 1.766406 57.525494 0.026246 -0.066672 -0.997430 0.742534 0.737030 1 5 1.000000
  5 -30.422750 1.624394 57.381756 -0.336668 -0.015102 -0.941502 0.792773 0.731612 1 5 1.000000
Charple2_sheet
  5 -30.469122 1.108455 57.513229 -0.422348 -0.635591 -0.646256 0.783378 0.700990 1 5 1.000000
  5 -31.168493 1.127055 57.526421 -0.058453 -0.688530 -0.722848 0.747725 0.701306 1 5 1.000000
  5 -31.310848 1.766406 57.525494 0.026246 -0.066672 -0.997430 0.742534 0.737030 1 5 1.000000
Charple2_sheet
  5 -30.112637 3.710624 57.442009 0.193312 0.968048 0.159726 0.815445 0.846125 1 5 1.000000
  5 -30.471960 3.815086 57.481693 0.064769 0.980978 0.182992 0.789840 0.846761 1 5 1.000000
  5 -30.754200 3.324088 57.933884 -0.012574 0.500119 0.865865 0.761961 0.880570 1 5 1.000000
Charple2_sheet
  5 -30.612564 3.633977 57.098515 -0.340888 0.484917 -0.805389 0.767478 0.834638 1 5 1.000000
  5 -30.471960 3.815086 57.481693 0.064769 0.980978 0.182992 0.789840 0.846761 1 5 1.000000
  5 -30.112637 3.710624 57.442009 0.193312 0.968048 0.159726 0.815445 0.846125 1 5 1.000000
Charple2_sheet
  5 -30.612564 3.633977 57.098515 -0.340888 0.484917 -0.805389 0.767478 0.834638 1 5 1.000000
  5 -30.112637 3.710624 57.442009 0.193312 0.968048 0.159726 0.815445 0.846125 1 5 1.000000
  5 -30.035252 3.460821 57.010540 0.000690 0.565259 -0.824913 0.816420 0.825711 1 5 1.000000
Charple2_sheet
  5 -28.920330 3.344693 57.073322 0.195806 0.673603 -0.712684 0.887401 0.831778 1 5 1.000000
  5 -30.035252 3.460821 57.010540 0.000690 0.565259 -0.824913 0.816420 0.825711 1 5 1.000000
  5 -30.112637 3.710624 57.442009 0.193312 0.968048 0.159726 0.815445 0.846125 1 5 1.000000
Charple2_sheet
  5 -30.035252 3.460821 57.010540 0.000690 0.565259 -0.824913 0.816420 0.825711 1 5 1.000000
  5 -28.920330 3.344693 57.073322 0.195806 0.673603 -0.712684 0.887401 0.831778 1 5 1.000000
  5 -29.111631 2.837407 56.824951 -0.009225 0.070518 -0.997468 0.872495 0.806896 1 5 1.000000
Charple2_sheet
  5 -28.123878 2.687817 57.020897 0.149954 0.129411 -0.980187 0.925975 0.804030 1 5 1.000000
  5 -29.111631 2.837407 56.824951 -0.009225 0.070518 -0.997468 0.872495 0.806896 1 5 1.000000
  5 -28.920330 3.344693 57.073322 0.195806 0.673603 -0.712684 0.887401 0.831778 1 5 1.000000
Charple2_sheet
  5 -28.469709 1.968525 56.909340 0.205907 -0.101999 -0.973241 0.901350 0.747570 1 5 1.000000
  5 -29.111631 2.837407 56.824951 -0.009225 0.070518 -0.997468 0.872495 0.806896 1 5 1.000000
  5 -28.123878 2.687817 57.020897 0.149954 0.129411 -0.980187 0.925975 0.804030 1 5 1.000000
Charple2_sheet
  5 -27.622662 1.705838 57.151428 0.112166 -0.289729 -0.950513 0.974601 0.742473 1 5 1.000000
  5 -28.469709 1.968525 56.909340 0.205907 -0.101999 -0.973241 0.901350 0.747570 1 5 1.000000
  5 -28.123878 2.687817 57.020897 0.149954 0.129411 -0.980187 0.925975 0.804030 1 5 1.000000
Charple2_sheet
  5 -27.622662 1.705838 57.151428 0.112166 -0.289729 -0.950513 0.974601 0.742473 1 5 1.000000
  5 -28.261499 0.991263 57.381565 0.494737 -0.789391 -0.363451 0.934741 0.690477 1 5 1.000000
  5 -28.469709 1.968525 56.909340 0.205907 -0.101999 -0.973241 0.901350 0.747570 1 5 1.000000
Charple2_sheet
  5 -27.622662 1.705838 57.151428 0.112166 -0.289729 -0.950513 0.974601 0.742473 1 5 1.000000
  5 -27.566673 1.032633 57.566589 0.051296 -0.923211 -0.380854 0.980442 0.690162 1 5 1.000000
  5 -28.261499 0.991263 57.381565 0.494737 -0.789391 -0.363451 0.934741 0.690477 1 5 1.000000
Charple2_sheet
  5 -27.622662 1.705838 57.151428 0.112166 -0.289729 -0.950513 0.974601 0.742473 1 5 1.000000
  5 -28.123878 2.687817 57.020897 0.149954 0.129411 -0.980187 0.925975 0.804030 1 5 1.000000
  5 -27.558487 2.649490 57.106724 0.078766 0.080201 -0.993662 0.985288 0.807225 1 5 1.000000
Charple2_sheet
  5 -29.231831 0.189022 57.352272 0.420701 -0.869745 0.257980 0.870525 0.989668 1 5 1.000000
  5 -29.200756 0.342686 56.874821 0.557562 -0.527224 -0.641218 0.882193 0.989669 1 5 1.000000
  5 -28.654301 0.681948 57.088364 0.698813 -0.582593 -0.415025 0.899696 0.987118 1 5 1.000000
Charple2_sheet
  5 -29.231831 0.189022 57.352272 0.420701 -0.869745 0.257980 0.870525 0.989668 1 5 1.000000
  5 -28.654301 0.681948 57.088364 0.698813 -0.582593 -0.415025 0.899696 0.987118 1 5 1.000000
  5 -28.904860 0.585753 57.755295 0.376274 -0.761103 0.528337 0.887382 0.968298 1 5 1.000000
Charple2_sheet
  5 -29.520990 0.409721 57.645035 -0.066898 -0.696086 0.714835 0.857561 0.987115 1 5 1.000000
  5 -29.231831 0.189022 57.352272 0.420701 -0.869745 0.257980 0.870525 0.989668 1 5 1.000000
  5 -28.904860 0.585753 57.755295 0.376274 -0.761103 0.528337 0.887382 0.968298 1 5 1.000000
Charple2_sheet
  5 -29.520990 0.409721 57.645035 -0.066898 -0.696086 0.714835 0.857561 0.987115 1 5 1.000000
  5 -28.904860 0.585753 57.755295 0.376274 -0.761103 0.528337 0.887382 0.968298 1 5 1.000000
  5 -29.461260 0.850087 57.973400 -0.020100 -0.611127 0.791277 0.859508 0.970528 1 5 1.000000
Charple2_sheet
  5 -29.461260 0.850087 57.973400 -0.020100 -0.611127 0.791277 0.859508 0.970528 1 5 1.000000
  5 -29.815737 0.678433 57.732212 -0.617767 -0.606766 0.500199 0.823528 0.989664 1 5 1.000000
  5 -29.520990 0.409721 57.645035 -0.066898 -0.696086 0.714835 0.857561 0.987115 1 5 1.000000
Charple2_sheet
  5 -29.461260 0.850087 57.973400 -0.020100 -0.611127 0.791277 0.859508 0.970528 1 5 1.000000
  5 -30.499733 1.004986 58.099560 -0.212879 -0.802607 0.557229 0.782042 0.988384 1 5 1.000000
  5 -29.815737 0.678433 57.732212 -0.617767 -0.606766 0.500199 0.823528 0.989664 1 5 1.000000
Charple2_sheet
  5 -29.461260 0.850087 57.973400 -0.020100 -0.611127 0.791277 0.859508 0.970528 1 5 1.000000
  5 -30.510798 1.604551 58.340237 -0.098812 -0.164058 0.981489 0.784965 0.941496 1 5 1.000000
  5 -30.499733 1.004986 58.099560 -0.212879 -0.802607 0.557229 0.782042 0.988384 1 5 1.000000
Charple2_sheet
  5 -31.073936 1.072128 58.105656 -0.208502 -0.798452 0.564802 0.746594 0.988173 1 5 1.000000
  5 -30.499733 1.004986 58.099560 -0.212879 -0.802607 0.557229 0.782042 0.988384 1 5 1.000000
  5 -30.510798 1.604551 58.340237 -0.098812 -0.164058 0.981489 0.784965 0.941496 1 5 1.000000
Charple2_sheet
  5 -31.073936 1.072128 58.105656 -0.208502 -0.798452 0.564802 0.746594 0.988173 1 5 1.000000
  5 -30.510798 1.604551 58.340237 -0.098812 -0.164058 0.981489 0.784965 0.941496 1 5 1.000000
  5 -31.110889 1.751648 58.214569 -0.253676 -0.059374 0.965465 0.746071 0.940216 1 5 1.000000
Charple2_sheet
  5 -30.457754 2.476488 58.297638 -0.071710 0.217589 0.973403 0.788860 0.905452 1 5 1.000000
  5 -31.110889 1.751648 58.214569 -0.253676 -0.059374 0.965465 0.746071 0.940216 1 5 1.000000
  5 -30.510798 1.604551 58.340237 -0.098812 -0.164058 0.981489 0.784965 0.941496 1 5 1.000000
Charple2_sheet
  5 -30.457754 2.476488 58.297638 -0.071710 0.217589 0.973403 0.788860 0.905452 1 5 1.000000
  5 -31.062281 2.517241 58.173721 -0.216070 0.204209 0.954784 0.752883 0.900026 1 5 1.000000
  5 -31.110889 1.751648 58.214569 -0.253676 -0.059374 0.965465 0.746071 0.940216 1 5 1.000000
Charple2_sheet
  5 -30.754200 3.324088 57.933884 -0.012574 0.500119 0.865865 0.761961 0.880570 1 5 1.000000
  5 -31.062281 2.517241 58.173721 -0.216070 0.204209 0.954784 0.752883 0.900026 1 5 1.000000
  5 -30.457754 2.476488 58.297638 -0.071710 0.217589 0.973403 0.788860 0.905452 1 5 1.000000
Charple2_sheet
  5 -30.754200 3.324088 57.933884 -0.012574 0.500119 0.865865 0.761961 0.880570 1 5 1.000000
  5 -30.457754 2.476488 58.297638 -0.071710 0.217589 0.973403 0.788860 0.905452 1 5 1.000000
  5 -30.297281 3.276820 57.947086 0.056496 0.563377 0.824266 0.796982 0.879881 1 5 1.000000
Charple2_sheet
  5 -30.112637 3.710624 57.442009 0.193312 0.968048 0.159726 0.815445 0.846125 1 5 1.000000
  5 -30.754200 3.324088 57.933884 -0.012574 0.500119 0.865865 0.761961 0.880570 1 5 1.000000
  5 -30.297281 3.276820 57.947086 0.056496 0.563377 0.824266 0.796982 0.879881 1 5 1.000000
Charple2_sheet
  5 -28.915739 3.442315 57.468498 0.235331 0.958738 0.159502 0.887398 0.851554 1 5 1.000000
  5 -30.112637 3.710624 57.442009 0.193312 0.968048 0.159726 0.815445 0.846125 1 5 1.000000
  5 -30.297281 3.276820 57.947086 0.056496 0.563377 0.824266 0.796982 0.879881 1 5 1.000000
Charple2_sheet
  5 -28.920330 3.344693 57.073322 0.195806 0.673603 -0.712684 0.887401 0.831778 1 5 1.000000
  5 -30.112637 3.710624 57.442009 0.193312 0.968048 0.159726 0.815445 0.846125 1 5 1.000000
  5 -28.915739 3.442315 57.468498 0.235331 0.958738 0.159502 0.887398 0.851554 1 5 1.000000
Charple2_sheet
  5 -28.101709 3.031600 57.142403 0.204341 0.673677 -0.710214 0.940232 0.833377 1 5 1.000000
  5 -28.920330 3.344693 57.073322 0.195806 0.673603 -0.712684 0.887401 0.831778 1 5 1.000000
  5 -28.915739 3.442315 57.468498 0.235331 0.958738 0.159502 0.887398 0.851554 1 5 1.000000
Charple2_sheet
  5 -28.123878 2.687817 57.020897 0.149954 0.129411 -0.980187 0.925975 0.804030 1 5 1.000000
  5 -28.920330 3.344693 57.073322 0.195806 0.673603 -0.712684 0.887401 0.831778 1 5 1.000000
  5 -28.101709 3.031600 57.142403 0.204341 0.673677 -0.710214 0.940232 0.833377 1 5 1.000000
Charple2_sheet
  5 -27.540407 2.993376 57.178764 0.036524 0.645016 -0.763295 0.986580 0.834019 1 5 1.000000
  5 -28.123878 2.687817 57.020897 0.149954 0.129411 -0.980187 0.925975 0.804030 1 5 1.000000
  5 -28.101709 3.031600 57.142403 0.204341 0.673677 -0.710214 0.940232 0.833377 1 5 1.000000
Charple2_sheet
  5 -27.540407 2.993376 57.178764 0.036524 0.645016 -0.763295 0.986580 0.834019 1 5 1.000000
  5 -27.558487 2.649490 57.106724 0.078766 0.080201 -0.993662 0.985288 0.807225 1 5 1.000000
  5 -28.123878 2.687817 57.020897 0.149954 0.129411 -0.980187 0.925975 0.804030 1 5 1.000000
Charple2_sheet
  5 -28.236643 2.046776 58.397022 0.014213 0.085573 0.996230 0.945126 0.922997 1 5 1.000000
  5 -27.494171 2.793871 58.155724 -0.077753 0.619870 0.780843 0.990521 0.887622 1 5 1.000000
  5 -28.106413 2.804491 58.097527 0.042473 0.621850 0.781983 0.953208 0.885714 1 5 1.000000
Charple2_sheet
  5 -28.236643 2.046776 58.397022 0.014213 0.085573 0.996230 0.945126 0.922997 1 5 1.000000
  5 -27.525925 1.979888 58.389080 -0.059752 0.026288 0.997867 0.988447 0.923983 1 5 1.000000
  5 -27.494171 2.793871 58.155724 -0.077753 0.619870 0.780843 0.990521 0.887622 1 5 1.000000
Charple2_sheet
  5 -27.525925 1.979888 58.389080 -0.059752 0.026288 0.997867 0.988447 0.923983 1 5 1.000000
  5 -28.236643 2.046776 58.397022 0.014213 0.085573 0.996230 0.945126 0.922997 1 5 1.000000
  5 -28.679607 1.177399 58.202026 0.159987 -0.606804 0.778584 0.917203 0.950757 1 5 1.000000
Charple2_sheet
  5 -27.525925 1.979888 58.389080 -0.059752 0.026288 0.997867 0.988447 0.923983 1 5 1.000000
  5 -28.679607 1.177399 58.202026 0.159987 -0.606804 0.778584 0.917203 0.950757 1 5 1.000000
  5 -27.547846 1.210264 58.173813 -0.031456 -0.700936 0.712530 0.987247 0.957149 1 5 1.000000
Charple2_sheet
  5 -27.566673 1.032633 57.566589 0.051296 -0.923211 -0.380854 0.980401 0.988720 1 5 1.000000
  5 -27.547846 1.210264 58.173813 -0.031456 -0.700936 0.712530 0.987247 0.957149 1 5 1.000000
  5 -28.679607 1.177399 58.202026 0.159987 -0.606804 0.778584 0.917203 0.950757 1 5 1.000000
Charple2_sheet
  5 -27.566673 1.032633 57.566589 0.051296 -0.923211 -0.380854 0.980401 0.988720 1 5 1.000000
  5 -28.679607 1.177399 58.202026 0.159987 -0.606804 0.778584 0.917203 0.950757 1 5 1.000000
  5 -28.261499 0.991263 57.381565 0.494737 -0.789391 -0.363451 0.935024 0.989673 1 5 1.000000
Charple2_sheet
  5 -28.679607 1.177399 58.202026 0.159987 -0.606804 0.778584 0.917203 0.950757 1 5 1.000000
  5 -28.654301 0.681948 57.088364 0.698813 -0.582593 -0.415025 0.899696 0.987118 1 5 1.000000
  5 -28.261499 0.991263 57.381565 0.494737 -0.789391 -0.363451 0.935024 0.989673 1 5 1.000000
Charple2_sheet
  5 -28.679607 1.177399 58.202026 0.159987 -0.606804 0.778584 0.917203 0.950757 1 5 1.000000
  5 -28.904860 0.585753 57.755295 0.376274 -0.761103 0.528337 0.887382 0.968298 1 5 1.000000
  5 -28.654301 0.681948 57.088364 0.698813 -0.582593 -0.415025 0.899696 0.987118 1 5 1.000000
Charple2_sheet
  5 -28.679607 1.177399 58.202026 0.159987 -0.606804 0.778584 0.917203 0.950757 1 5 1.000000
  5 -29.461260 0.850087 57.973400 -0.020100 -0.611127 0.791277 0.859508 0.970528 1 5 1.000000
  5 -28.904860 0.585753 57.755295 0.376274 -0.761103 0.528337 0.887382 0.968298 1 5 1.000000
Charple2_sheet
  5 -28.679607 1.177399 58.202026 0.159987 -0.606804 0.778584 0.917203 0.950757 1 5 1.000000
  5 -29.435213 1.444156 58.349876 -0.005182 -0.293584 0.955919 0.859511 0.946925 1 5 1.000000
  5 -29.461260 0.850087 57.973400 -0.020100 -0.611127 0.791277 0.859508 0.970528 1 5 1.000000
Charple2_sheet
  5 -29.461260 0.850087 57.973400 -0.020100 -0.611127 0.791277 0.859508 0.970528 1 5 1.000000
  5 -29.435213 1.444156 58.349876 -0.005182 -0.293584 0.955919 0.859511 0.946925 1 5 1.000000
  5 -30.510798 1.604551 58.340237 -0.098812 -0.164058 0.981489 0.784965 0.941496 1 5 1.000000
Charple2_sheet
  5 -30.510798 1.604551 58.340237 -0.098812 -0.164058 0.981489 0.784965 0.941496 1 5 1.000000
  5 -29.435213 1.444156 58.349876 -0.005182 -0.293584 0.955919 0.859511 0.946925 1 5 1.000000
  5 -29.168879 2.259088 58.359444 0.014988 0.174552 0.984534 0.871832 0.915347 1 5 1.000000
Charple2_sheet
  5 -30.510798 1.604551 58.340237 -0.098812 -0.164058 0.981489 0.784965 0.941496 1 5 1.000000
  5 -29.168879 2.259088 58.359444 0.014988 0.174552 0.984534 0.871832 0.915347 1 5 1.000000
  5 -30.457754 2.476488 58.297638 -0.071710 0.217589 0.973403 0.788860 0.905452 1 5 1.000000
Charple2_sheet
  5 -30.457754 2.476488 58.297638 -0.071710 0.217589 0.973403 0.788860 0.905452 1 5 1.000000
  5 -29.168879 2.259088 58.359444 0.014988 0.174552 0.984534 0.871832 0.915347 1 5 1.000000
  5 -28.997074 3.022596 58.014668 0.097923 0.605290 0.789959 0.878319 0.884088 1 5 1.000000
Charple2_sheet
  5 -30.457754 2.476488 58.297638 -0.071710 0.217589 0.973403 0.788860 0.905452 1 5 1.000000
  5 -28.997074 3.022596 58.014668 0.097923 0.605290 0.789959 0.878319 0.884088 1 5 1.000000
  5 -30.297281 3.276820 57.947086 0.056496 0.563377 0.824266 0.796982 0.879881 1 5 1.000000
Charple2_sheet
  5 -28.915739 3.442315 57.468498 0.235331 0.958738 0.159502 0.887398 0.851554 1 5 1.000000
  5 -30.297281 3.276820 57.947086 0.056496 0.563377 0.824266 0.796982 0.879881 1 5 1.000000
  5 -28.997074 3.022596 58.014668 0.097923 0.605290 0.789959 0.878319 0.884088 1 5 1.000000
Charple2_sheet
  5 -28.078543 3.166056 57.510048 0.152541 0.981230 0.117981 0.954586 0.856227 1 5 1.000000
  5 -28.915739 3.442315 57.468498 0.235331 0.958738 0.159502 0.887398 0.851554 1 5 1.000000
  5 -28.997074 3.022596 58.014668 0.097923 0.605290 0.789959 0.878319 0.884088 1 5 1.000000
Charple2_sheet
  5 -28.101709 3.031600 57.142403 0.204341 0.673677 -0.710214 0.940232 0.833377 1 5 1.000000
  5 -28.915739 3.442315 57.468498 0.235331 0.958738 0.159502 0.887398 0.851554 1 5 1.000000
  5 -28.078543 3.166056 57.510048 0.152541 0.981230 0.117981 0.954586 0.856227 1 5 1.000000
Charple2_sheet
  5 -27.540407 2.993376 57.178764 0.036524 0.645016 -0.763295 0.986580 0.834019 1 5 1.000000
  5 -28.101709 3.031600 57.142403 0.204341 0.673677 -0.710214 0.940232 0.833377 1 5 1.000000
  5 -28.078543 3.166056 57.510048 0.152541 0.981230 0.117981 0.954586 0.856227 1 5 1.000000
Charple2_sheet
  5 -27.540407 2.993376 57.178764 0.036524 0.645016 -0.763295 0.986580 0.834019 1 5 1.000000
  5 -28.078543 3.166056 57.510048 0.152541 0.981230 0.117981 0.954586 0.856227 1 5 1.000000
  5 -27.495817 3.171935 57.549915 -0.020838 0.997687 0.064696 0.990199 0.857920 1 5 1.000000
Charple2_sheet
  5 -27.495817 3.171935 57.549915 -0.020838 0.997687 0.064696 0.990199 0.857920 1 5 1.000000
  5 -28.106413 2.804491 58.097527 0.042473 0.621850 0.781983 0.953208 0.885714 1 5 1.000000
  5 -27.494171 2.793871 58.155724 -0.077753 0.619870 0.780843 0.990521 0.887622 1 5 1.000000
Charple2_sheet
  5 -27.495817 3.171935 57.549915 -0.020838 0.997687 0.064696 0.990199 0.857920 1 5 1.000000
  5 -28.078543 3.166056 57.510048 0.152541 0.981230 0.117981 0.954586 0.856227 1 5 1.000000
  5 -28.106413 2.804491 58.097527 0.042473 0.621850 0.781983 0.953208 0.885714 1 5 1.000000
Charple2_sheet
  5 -28.078543 3.166056 57.510048 0.152541 0.981230 0.117981 0.954586 0.856227 1 5 1.000000
  5 -28.997074 3.022596 58.014668 0.097923 0.605290 0.789959 0.878319 0.884088 1 5 1.000000
  5 -28.106413 2.804491 58.097527 0.042473 0.621850 0.781983 0.953208 0.885714 1 5 1.000000
Charple2_sheet
  5 -28.106413 2.804491 58.097527 0.042473 0.621850 0.781983 0.953208 0.885714 1 5 1.000000
  5 -28.997074 3.022596 58.014668 0.097923 0.605290 0.789959 0.878319 0.884088 1 5 1.000000
  5 -29.168879 2.259088 58.359444 0.014988 0.174552 0.984534 0.871832 0.915347 1 5 1.000000
Charple2_sheet
  5 -28.106413 2.804491 58.097527 0.042473 0.621850 0.781983 0.953208 0.885714 1 5 1.000000
  5 -29.168879 2.259088 58.359444 0.014988 0.174552 0.984534 0.871832 0.915347 1 5 1.000000
  5 -28.236643 2.046776 58.397022 0.014213 0.085573 0.996230 0.945126 0.922997 1 5 1.000000
Charple2_sheet
  5 -29.435213 1.444156 58.349876 -0.005182 -0.293584 0.955919 0.859511 0.946925 1 5 1.000000
  5 -28.236643 2.046776 58.397022 0.014213 0.085573 0.996230 0.945126 0.922997 1 5 1.000000
  5 -29.168879 2.259088 58.359444 0.014988 0.174552 0.984534 0.871832 0.915347 1 5 1.000000
Charple2_sheet
  5 -29.435213 1.444156 58.349876 -0.005182 -0.293584 0.955919 0.859511 0.946925 1 5 1.000000
  5 -28.679607 1.177399 58.202026 0.159987 -0.606804 0.778584 0.917203 0.950757 1 5 1.000000
  5 -28.236643 2.046776 58.397022 0.014213 0.085573 0.996230 0.945126 0.922997 1 5 1.000000
Charple2_sheet
  8 0.540762 -2.970628 63.688782 0.358675 -0.749796 -0.556020 0.960389 0.189260 1 8 1.000000
  8 0.707901 -2.814939 63.426388 0.340467 -0.934794 0.101204 0.938717 0.176024 1 8 1.000000
  8 0.780080 -2.796503 63.422070 0.433571 -0.900191 -0.040889 0.919922 0.176758 1 8 1.000000
Charple2_sheet
  8 0.520930 -2.987324 63.322517 0.356237 -0.758360 0.545881 0.950955 0.169047 1 8 1.000000
  8 0.780080 -2.796503 63.422070 0.433571 -0.900191 -0.040889 0.919922 0.176758 1 8 1.000000
  8 0.707901 -2.814939 63.426388 0.340467 -0.934794 0.101204 0.938717 0.176024 1 8 1.000000
Charple2_sheet
  8 0.520930 -2.987324 63.322517 0.356237 -0.758360 0.545881 0.950955 0.169047 1 8 1.000000
  8 0.627700 -2.969253 63.205318 0.541934 -0.826811 0.150632 0.936523 0.164551 1 8 1.000000
  8 0.780080 -2.796503 63.422070 0.433571 -0.900191 -0.040889 0.919922 0.176758 1 8 1.000000
Charple2_sheet
  8 0.627700 -2.969253 63.205318 0.541934 -0.826811 0.150632 0.936523 0.164551 1 8 1.000000
  8 0.520930 -2.987324 63.322517 0.356237 -0.758360 0.545881 0.950955 0.169047 1 8 1.000000
  8 0.165856 -3.236240 63.201294 0.257531 -0.806195 0.532660 0.979508 0.165512 1 8 1.000000
Charple2_sheet
  8 0.905362 -2.897583 64.020889 0.469585 -0.878479 -0.088122 0.929036 0.223633 1 8 1.000000
  8 0.570125 -3.008692 63.805309 0.486473 -0.836817 -0.251159 0.952799 0.197591 1 8 1.000000
  8 0.780080 -2.796503 63.422070 0.433571 -0.900191 -0.040889 0.919922 0.176758 1 8 1.000000
Charple2_sheet
  8 0.540762 -2.970628 63.688782 0.358675 -0.749796 -0.556020 0.960389 0.189260 1 8 1.000000
  8 0.780080 -2.796503 63.422070 0.433571 -0.900191 -0.040889 0.919922 0.176758 1 8 1.000000
  8 0.570125 -3.008692 63.805309 0.486473 -0.836817 -0.251159 0.952799 0.197591 1 8 1.000000
Charple2_sheet
  8 0.158449 -3.251412 63.693623 0.270222 -0.633043 -0.725422 0.979387 0.193795 1 8 1.000000
  8 0.540762 -2.970628 63.688782 0.358675 -0.749796 -0.556020 0.960389 0.189260 1 8 1.000000
  8 0.570125 -3.008692 63.805309 0.486473 -0.836817 -0.251159 0.952799 0.197591 1 8 1.000000
Charple2_sheet
  8 0.158449 -3.251412 63.693623 0.270222 -0.633043 -0.725422 0.979387 0.193795 1 8 1.000000
  8 0.570125 -3.008692 63.805309 0.486473 -0.836817 -0.251159 0.952799 0.197591 1 8 1.000000
  8 0.214504 -3.487568 63.913479 0.396965 -0.841507 -0.366448 0.978841 0.203776 1 8 1.000000
Charple2_sheet
  8 -0.099236 -3.282363 63.697685 0.000000 -0.695174 -0.718842 0.998292 0.196741 1 8 1.000000
  8 0.158449 -3.251412 63.693623 0.270222 -0.633043 -0.725422 0.979387 0.193795 1 8 1.000000
  8 0.214504 -3.487568 63.913479 0.396965 -0.841507 -0.366448 0.978841 0.203776 1 8 1.000000
Charple2_sheet
  8 -0.099236 -3.984016 64.858673 0.000000 -0.931376 0.364058 0.998535 0.273438 1 8 1.000000
  8 0.091221 -3.953329 64.849869 0.567659 -0.761428 0.313035 0.979980 0.275879 1 8 1.000000
  8 0.069585 -3.588125 65.362717 0.545825 -0.698973 0.462074 0.982422 0.314941 1 8 1.000000
Charple2_sheet
  8 0.069585 -3.588125 65.362717 0.545825 -0.698973 0.462074 0.982422 0.314941 1 8 1.000000
  8 0.091221 -3.953329 64.849869 0.567659 -0.761428 0.313035 0.979980 0.275879 1 8 1.000000
  8 0.464328 -3.168396 64.834991 0.888254 -0.433657 0.151483 0.963867 0.268066 1 8 1.000000
Charple2_sheet
  8 0.069585 -3.588125 65.362717 0.545825 -0.698973 0.462074 0.982422 0.314941 1 8 1.000000
  8 0.464328 -3.168396 64.834991 0.888254 -0.433657 0.151483 0.963867 0.268066 1 8 1.000000
  8 0.462787 -3.140492 65.188385 0.720489 -0.664237 0.199211 0.957031 0.300781 1 8 1.000000
Charple2_sheet
  8 0.541206 -3.037225 64.589005 0.688335 -0.723811 0.047875 0.951172 0.255208 1 8 1.000000
  8 0.462787 -3.140492 65.188385 0.720489 -0.664237 0.199211 0.957031 0.300781 1 8 1.000000
  8 0.464328 -3.168396 64.834991 0.888254 -0.433657 0.151483 0.963867 0.268066 1 8 1.000000
Charple2_sheet
  8 0.541206 -3.037225 64.589005 0.688335 -0.723811 0.047875 0.951172 0.255208 1 8 1.000000
  8 0.688154 -2.959665 65.016968 0.568066 -0.819036 0.080502 0.933594 0.284180 1 8 1.000000
  8 0.462787 -3.140492 65.188385 0.720489 -0.664237 0.199211 0.957031 0.300781 1 8 1.000000
Charple2_sheet
  8 0.905362 -2.897583 64.020889 0.469585 -0.878479 -0.088122 0.929036 0.223633 1 8 1.000000
  8 0.688154 -2.959665 65.016968 0.568066 -0.819036 0.080502 0.933594 0.284180 1 8 1.000000
  8 0.541206 -3.037225 64.589005 0.688335 -0.723811 0.047875 0.951172 0.255208 1 8 1.000000
Charple2_sheet
  8 0.554100 -3.025641 64.356728 0.822474 -0.544934 -0.163042 0.965332 0.238281 1 8 1.000000
  8 0.905362 -2.897583 64.020889 0.469585 -0.878479 -0.088122 0.929036 0.223633 1 8 1.000000
  8 0.541206 -3.037225 64.589005 0.688335 -0.723811 0.047875 0.951172 0.255208 1 8 1.000000
Charple2_sheet
  8 0.554100 -3.025641 64.356728 0.822474 -0.544934 -0.163042 0.965332 0.238281 1 8 1.000000
  8 0.570125 -3.008692 63.805309 0.486473 -0.836817 -0.251159 0.952799 0.197591 1 8 1.000000
  8 0.905362 -2.897583 64.020889 0.469585 -0.878479 -0.088122 0.929036 0.223633 1 8 1.000000
Charple2_sheet
  8 0.172822 -3.450304 64.219040 0.572408 -0.793891 -0.205148 0.986347 0.235434 1 8 1.000000
  8 0.570125 -3.008692 63.805309 0.486473 -0.836817 -0.251159 0.952799 0.197591 1 8 1.000000
  8 0.554100 -3.025641 64.356728 0.822474 -0.544934 -0.163042 0.965332 0.238281 1 8 1.000000
Charple2_sheet
  8 0.172822 -3.450304 64.219040 0.572408 -0.793891 -0.205148 0.986347 0.235434 1 8 1.000000
  8 0.214504 -3.487568 63.913479 0.396965 -0.841507 -0.366448 0.978841 0.203776 1 8 1.000000
  8 0.570125 -3.008692 63.805309 0.486473 -0.836817 -0.251159 0.952799 0.197591 1 8 1.000000
Charple2_sheet
  8 -0.099236 -3.462595 63.836208 0.000000 -0.919871 -0.392220 0.999349 0.206706 1 8 1.000000
  8 0.214504 -3.487568 63.913479 0.396965 -0.841507 -0.366448 0.978841 0.203776 1 8 1.000000
  8 0.172822 -3.450304 64.219040 0.572408 -0.793891 -0.205148 0.986347 0.235434 1 8 1.000000
Charple2_sheet
  8 -0.099236 -3.282363 63.697685 0.000000 -0.695174 -0.718842 0.998292 0.196741 1 8 1.000000
  8 0.214504 -3.487568 63.913479 0.396965 -0.841507 -0.366448 0.978841 0.203776 1 8 1.000000
  8 -0.099236 -3.462595 63.836208 0.000000 -0.919871 -0.392220 0.999349 0.206706 1 8 1.000000
Charple2_sheet
  8 -0.099236 -3.462595 63.836208 0.000000 -0.919871 -0.392220 0.999349 0.206706 1 8 1.000000
  8 -0.356921 -3.251411 63.693623 -0.270222 -0.633043 -0.725422 0.979392 0.193774 1 8 1.000000
  8 -0.099236 -3.282363 63.697685 0.000000 -0.695174 -0.718842 0.998292 0.196741 1 8 1.000000
Charple2_sheet
  8 -0.099236 -3.462595 63.836208 0.000000 -0.919871 -0.392220 0.999349 0.206706 1 8 1.000000
  8 -0.412975 -3.487567 63.913479 -0.396965 -0.841507 -0.366448 0.978841 0.203776 1 8 1.000000
  8 -0.356921 -3.251411 63.693623 -0.270222 -0.633043 -0.725422 0.979392 0.193774 1 8 1.000000
Charple2_sheet
  8 -0.412975 -3.487567 63.913479 -0.396965 -0.841507 -0.366448 0.978841 0.203776 1 8 1.000000
  8 -0.739234 -2.970628 63.688782 -0.358675 -0.749796 -0.556020 0.960391 0.189247 1 8 1.000000
  8 -0.356921 -3.251411 63.693623 -0.270222 -0.633043 -0.725422 0.979392 0.193774 1 8 1.000000
Charple2_sheet
  8 -0.412975 -3.487567 63.913479 -0.396965 -0.841507 -0.366448 0.978841 0.203776 1 8 1.000000
  8 -0.768596 -3.008691 63.805309 -0.486473 -0.836817 -0.251159 0.952799 0.197591 1 8 1.000000
  8 -0.739234 -2.970628 63.688782 -0.358675 -0.749796 -0.556020 0.960391 0.189247 1 8 1.000000
Charple2_sheet
  8 -0.768596 -3.008691 63.805309 -0.486473 -0.836817 -0.251159 0.952799 0.197591 1 8 1.000000
  8 -0.906373 -2.814939 63.426388 -0.340467 -0.934794 0.101204 0.945012 0.176441 1 8 1.000000
  8 -0.739234 -2.970628 63.688782 -0.358675 -0.749796 -0.556020 0.960391 0.189247 1 8 1.000000
Charple2_sheet
  8 -0.768596 -3.008691 63.805309 -0.486473 -0.836817 -0.251159 0.952799 0.197591 1 8 1.000000
  8 -0.978551 -2.796503 63.422070 -0.433571 -0.900191 -0.040889 0.919922 0.176758 1 8 1.000000
  8 -0.906373 -2.814939 63.426388 -0.340467 -0.934794 0.101204 0.945012 0.176441 1 8 1.000000
Charple2_sheet
  8 -0.752571 -3.025641 64.356728 -0.822474 -0.544934 -0.163042 0.965332 0.238281 1 8 1.000000
  8 -0.768596 -3.008691 63.805309 -0.486473 -0.836817 -0.251159 0.952799 0.197591 1 8 1.000000
  8 -0.412975 -3.487567 63.913479 -0.396965 -0.841507 -0.366448 0.978841 0.203776 1 8 1.000000
Charple2_sheet
  8 0.554100 -3.025641 64.356728 0.822474 -0.544934 -0.163042 0.965332 0.238281 1 8 1.000000
  8 0.541206 -3.037225 64.589005 0.688335 -0.723811 0.047875 0.951172 0.255208 1 8 1.000000
  8 0.464328 -3.168396 64.834991 0.888254 -0.433657 0.151483 0.963867 0.268066 1 8 1.000000
Charple2_sheet
  8 0.554100 -3.025641 64.356728 0.822474 -0.544934 -0.163042 0.965332 0.238281 1 8 1.000000
  8 0.464328 -3.168396 64.834991 0.888254 -0.433657 0.151483 0.963867 0.268066 1 8 1.000000
  8 0.565828 -3.204720 64.465500 0.902105 -0.337181 -0.269287 0.968750 0.250977 1 8 1.000000
Charple2_sheet
  8 0.172822 -3.450304 64.219040 0.572408 -0.793891 -0.205148 0.986347 0.235434 1 8 1.000000
  8 0.554100 -3.025641 64.356728 0.822474 -0.544934 -0.163042 0.965332 0.238281 1 8 1.000000
  8 0.565828 -3.204720 64.465500 0.902105 -0.337181 -0.269287 0.968750 0.250977 1 8 1.000000
Charple2_sheet
  8 0.172822 -3.450304 64.219040 0.572408 -0.793891 -0.205148 0.986347 0.235434 1 8 1.000000
  8 0.565828 -3.204720 64.465500 0.902105 -0.337181 -0.269287 0.968750 0.250977 1 8 1.000000
  8 0.366681 -3.375245 64.303139 0.374425 -0.589480 -0.715764 0.974334 0.242493 1 8 1.000000
Charple2_sheet
  8 0.172822 -3.450304 64.219040 0.572408 -0.793891 -0.205148 0.986347 0.235434 1 8 1.000000
  8 0.366681 -3.375245 64.303139 0.374425 -0.589480 -0.715764 0.974334 0.242493 1 8 1.000000
  8 0.181237 -3.102210 64.790291 0.547641 -0.825738 0.135077 0.981477 0.241611 1 8 1.000000
Charple2_sheet
  8 0.104765 -3.695066 64.355522 0.303440 -0.405038 -0.862478 0.985697 0.246464 1 8 1.000000
  8 0.181237 -3.102210 64.790291 0.547641 -0.825738 0.135077 0.981477 0.241611 1 8 1.000000
  8 0.366681 -3.375245 64.303139 0.374425 -0.589480 -0.715764 0.974334 0.242493 1 8 1.000000
Charple2_sheet
  8 0.181237 -3.102210 64.790291 0.547641 -0.825738 0.135077 0.981477 0.241611 1 8 1.000000
  8 0.104765 -3.695066 64.355522 0.303440 -0.405038 -0.862478 0.985697 0.246464 1 8 1.000000
  8 0.172822 -3.450304 64.219040 0.572408 -0.793891 -0.205148 0.986347 0.235434 1 8 1.000000
Charple2_sheet
  8 0.104765 -3.695066 64.355522 0.303440 -0.405038 -0.862478 0.985697 0.246464 1 8 1.000000
  8 -0.099236 -3.455384 64.213432 0.000000 -0.704594 -0.709611 0.998047 0.236328 1 8 1.000000
  8 0.172822 -3.450304 64.219040 0.572408 -0.793891 -0.205148 0.986347 0.235434 1 8 1.000000
Charple2_sheet
  8 -0.099236 -3.462595 63.836208 0.000000 -0.919871 -0.392220 0.999349 0.206706 1 8 1.000000
  8 0.172822 -3.450304 64.219040 0.572408 -0.793891 -0.205148 0.986347 0.235434 1 8 1.000000
  8 -0.099236 -3.455384 64.213432 0.000000 -0.704594 -0.709611 0.998047 0.236328 1 8 1.000000
Charple2_sheet
  8 -0.099236 -3.455384 64.213432 0.000000 -0.704594 -0.709611 0.998047 0.236328 1 8 1.000000
  8 -0.412975 -3.487567 63.913479 -0.396965 -0.841507 -0.366448 0.978841 0.203776 1 8 1.000000
  8 -0.099236 -3.462595 63.836208 0.000000 -0.919871 -0.392220 0.999349 0.206706 1 8 1.000000
Charple2_sheet
  8 -0.099236 -3.455384 64.213432 0.000000 -0.704594 -0.709611 0.998047 0.236328 1 8 1.000000
  8 -0.371294 -3.450304 64.219040 -0.572408 -0.793891 -0.205148 0.986347 0.235434 1 8 1.000000
  8 -0.412975 -3.487567 63.913479 -0.396965 -0.841507 -0.366448 0.978841 0.203776 1 8 1.000000
Charple2_sheet
  8 -0.752571 -3.025641 64.356728 -0.822474 -0.544934 -0.163042 0.965332 0.238281 1 8 1.000000
  8 -0.412975 -3.487567 63.913479 -0.396965 -0.841507 -0.366448 0.978841 0.203776 1 8 1.000000
  8 -0.371294 -3.450304 64.219040 -0.572408 -0.793891 -0.205148 0.986347 0.235434 1 8 1.000000
Charple2_sheet
  8 -0.565153 -3.375246 64.303139 -0.374425 -0.589480 -0.715764 0.974334 0.242493 1 8 1.000000
  8 -0.752571 -3.025641 64.356728 -0.822474 -0.544934 -0.163042 0.965332 0.238281 1 8 1.000000
  8 -0.371294 -3.450304 64.219040 -0.572408 -0.793891 -0.205148 0.986347 0.235434 1 8 1.000000
Charple2_sheet
  8 -0.565153 -3.375246 64.303139 -0.374425 -0.589480 -0.715764 0.974334 0.242493 1 8 1.000000
  8 -0.764299 -3.204720 64.465500 -0.902105 -0.337181 -0.269287 0.968750 0.250977 1 8 1.000000
  8 -0.752571 -3.025641 64.356728 -0.822474 -0.544934 -0.163042 0.965332 0.238281 1 8 1.000000
Charple2_sheet
  8 -0.906373 -2.814939 63.426388 -0.340467 -0.934794 0.101204 0.945012 0.176441 1 8 1.000000
  8 -0.978551 -2.796503 63.422070 -0.433571 -0.900191 -0.040889 0.919922 0.176758 1 8 1.000000
  8 -0.826171 -2.969253 63.205318 -0.541934 -0.826811 0.150632 0.936523 0.164551 1 8 1.000000
Charple2_sheet
  8 -1.292270 -2.658530 63.492168 -0.590923 -0.796276 -0.129440 0.904297 0.185547 1 8 1.000000
  8 -0.826171 -2.969253 63.205318 -0.541934 -0.826811 0.150632 0.936523 0.164551 1 8 1.000000
  8 -0.978551 -2.796503 63.422070 -0.433571 -0.900191 -0.040889 0.919922 0.176758 1 8 1.000000
Charple2_sheet
  8 -1.292270 -2.658530 63.492168 -0.590923 -0.796276 -0.129440 0.904297 0.185547 1 8 1.000000
  8 -0.978551 -2.796503 63.422070 -0.433571 -0.900191 -0.040889 0.919922 0.176758 1 8 1.000000
  8 -0.768596 -3.008691 63.805309 -0.486473 -0.836817 -0.251159 0.952799 0.197591 1 8 1.000000
Charple2_sheet
  8 -1.292270 -2.658530 63.492168 -0.590923 -0.796276 -0.129440 0.904297 0.185547 1 8 1.000000
  8 -0.768596 -3.008691 63.805309 -0.486473 -0.836817 -0.251159 0.952799 0.197591 1 8 1.000000
  8 -1.103833 -2.897583 64.020889 -0.469585 -0.878479 -0.088122 0.929036 0.223633 1 8 1.000000
Charple2_sheet
  8 -1.103833 -2.897583 64.020889 -0.469585 -0.878479 -0.088122 0.929036 0.223633 1 8 1.000000
  8 -0.768596 -3.008691 63.805309 -0.486473 -0.836817 -0.251159 0.952799 0.197591 1 8 1.000000
  8 -0.752571 -3.025641 64.356728 -0.822474 -0.544934 -0.163042 0.965332 0.238281 1 8 1.000000
Charple2_sheet
  8 -1.103833 -2.897583 64.020889 -0.469585 -0.878479 -0.088122 0.929036 0.223633 1 8 1.000000
  8 -0.752571 -3.025641 64.356728 -0.822474 -0.544934 -0.163042 0.965332 0.238281 1 8 1.000000
  8 -0.739678 -3.037225 64.589005 -0.688335 -0.723811 0.047875 0.951172 0.255208 1 8 1.000000
Charple2_sheet
  8 -0.764299 -3.204720 64.465500 -0.902105 -0.337181 -0.269287 0.968750 0.250977 1 8 1.000000
  8 -0.739678 -3.037225 64.589005 -0.688335 -0.723811 0.047875 0.951172 0.255208 1 8 1.000000
  8 -0.752571 -3.025641 64.356728 -0.822474 -0.544934 -0.163042 0.965332 0.238281 1 8 1.000000
Charple2_sheet
  8 -0.764299 -3.204720 64.465500 -0.902105 -0.337181 -0.269287 0.968750 0.250977 1 8 1.000000
  8 -0.662799 -3.168396 64.834991 -0.888254 -0.433657 0.151483 0.963867 0.268066 1 8 1.000000
  8 -0.739678 -3.037225 64.589005 -0.688335 -0.723811 0.047875 0.951172 0.255208 1 8 1.000000
Charple2_sheet
  8 -0.289692 -3.953330 64.849869 -0.567659 -0.761428 0.313035 0.979980 0.275879 1 8 1.000000
  8 -0.662799 -3.168396 64.834991 -0.888254 -0.433657 0.151483 0.963867 0.268066 1 8 1.000000
  8 -0.764299 -3.204720 64.465500 -0.902105 -0.337181 -0.269287 0.968750 0.250977 1 8 1.000000
Charple2_sheet
  8 0.088957 -3.995810 64.544113 0.450851 -0.746056 -0.490034 0.981445 0.255859 1 8 1.000000
  8 0.565828 -3.204720 64.465500 0.902105 -0.337181 -0.269287 0.968750 0.250977 1 8 1.000000
  8 0.464328 -3.168396 64.834991 0.888254 -0.433657 0.151483 0.963867 0.268066 1 8 1.000000
Charple2_sheet
  8 0.366681 -3.375245 64.303139 0.374425 -0.589480 -0.715764 0.974334 0.242493 1 8 1.000000
  8 0.565828 -3.204720 64.465500 0.902105 -0.337181 -0.269287 0.968750 0.250977 1 8 1.000000
  8 0.088957 -3.995810 64.544113 0.450851 -0.746056 -0.490034 0.981445 0.255859 1 8 1.000000
Charple2_sheet
  8 0.366681 -3.375245 64.303139 0.374425 -0.589480 -0.715764 0.974334 0.242493 1 8 1.000000
  8 0.088957 -3.995810 64.544113 0.450851 -0.746056 -0.490034 0.981445 0.255859 1 8 1.000000
  8 0.104765 -3.695066 64.355522 0.303440 -0.405038 -0.862478 0.985697 0.246464 1 8 1.000000
Charple2_sheet
  8 0.088957 -3.995810 64.544113 0.450851 -0.746056 -0.490034 0.981445 0.255859 1 8 1.000000
  8 -0.099236 -3.455384 64.213432 0.000000 -0.704594 -0.709611 0.998047 0.236328 1 8 1.000000
  8 0.104765 -3.695066 64.355522 0.303440 -0.405038 -0.862478 0.985697 0.246464 1 8 1.000000
Charple2_sheet
  8 -0.099236 -4.022960 64.530273 0.000000 -0.892490 -0.451068 0.998047 0.255371 1 8 1.000000
  8 -0.099236 -3.455384 64.213432 0.000000 -0.704594 -0.709611 0.998047 0.236328 1 8 1.000000
  8 0.088957 -3.995810 64.544113 0.450851 -0.746056 -0.490034 0.981445 0.255859 1 8 1.000000
Charple2_sheet
  8 -0.099236 -4.022960 64.530273 0.000000 -0.892490 -0.451068 0.998047 0.255371 1 8 1.000000
  8 0.088957 -3.995810 64.544113 0.450851 -0.746056 -0.490034 0.981445 0.255859 1 8 1.000000
  8 0.091221 -3.953329 64.849869 0.567659 -0.761428 0.313035 0.979980 0.275879 1 8 1.000000
Charple2_sheet
  8 0.088957 -3.995810 64.544113 0.450851 -0.746056 -0.490034 0.981445 0.255859 1 8 1.000000
  8 0.464328 -3.168396 64.834991 0.888254 -0.433657 0.151483 0.963867 0.268066 1 8 1.000000
  8 0.091221 -3.953329 64.849869 0.567659 -0.761428 0.313035 0.979980 0.275879 1 8 1.000000
Charple2_sheet
  8 0.688154 -2.959665 65.016968 0.568066 -0.819036 0.080502 0.933594 0.284180 1 8 1.000000
  8 0.506656 -2.952543 65.599358 0.636916 -0.600523 0.483435 0.950684 0.320801 1 8 1.000000
  8 0.462787 -3.140492 65.188385 0.720489 -0.664237 0.199211 0.957031 0.300781 1 8 1.000000
Charple2_sheet
  8 0.076094 -3.143599 65.895920 0.639153 -0.696049 0.327108 0.985840 0.350586 1 8 1.000000
  8 0.462787 -3.140492 65.188385 0.720489 -0.664237 0.199211 0.957031 0.300781 1 8 1.000000
  8 0.506656 -2.952543 65.599358 0.636916 -0.600523 0.483435 0.950684 0.320801 1 8 1.000000
Charple2_sheet
  8 0.076094 -3.143599 65.895920 0.639153 -0.696049 0.327108 0.985840 0.350586 1 8 1.000000
  8 0.069585 -3.588125 65.362717 0.545825 -0.698973 0.462074 0.982422 0.314941 1 8 1.000000
  8 0.462787 -3.140492 65.188385 0.720489 -0.664237 0.199211 0.957031 0.300781 1 8 1.000000
Charple2_sheet
  8 -0.099236 -3.617713 65.378899 0.000000 -0.806949 0.590621 0.997070 0.322266 1 8 1.000000
  8 0.069585 -3.588125 65.362717 0.545825 -0.698973 0.462074 0.982422 0.314941 1 8 1.000000
  8 0.076094 -3.143599 65.895920 0.639153 -0.696049 0.327108 0.985840 0.350586 1 8 1.000000
Charple2_sheet
  8 -0.099236 -3.984016 64.858673 0.000000 -0.931376 0.364058 0.998535 0.273438 1 8 1.000000
  8 0.069585 -3.588125 65.362717 0.545825 -0.698973 0.462074 0.982422 0.314941 1 8 1.000000
  8 -0.099236 -3.617713 65.378899 0.000000 -0.806949 0.590621 0.997070 0.322266 1 8 1.000000
Charple2_sheet
  8 -0.099236 -3.617713 65.378899 0.000000 -0.806949 0.590621 0.997070 0.322266 1 8 1.000000
  8 -0.289692 -3.953330 64.849869 -0.567659 -0.761428 0.313035 0.979980 0.275879 1 8 1.000000
  8 -0.099236 -3.984016 64.858673 0.000000 -0.931376 0.364058 0.998535 0.273438 1 8 1.000000
Charple2_sheet
  8 -0.099236 -3.984016 64.858673 0.000000 -0.931376 0.364058 0.998535 0.273438 1 8 1.000000
  8 -0.289692 -3.953330 64.849869 -0.567659 -0.761428 0.313035 0.979980 0.275879 1 8 1.000000
  8 -0.287428 -3.995809 64.544113 -0.450851 -0.746056 -0.490034 0.981445 0.255859 1 8 1.000000
Charple2_sheet
  8 -0.289692 -3.953330 64.849869 -0.567659 -0.761428 0.313035 0.979980 0.275879 1 8 1.000000
  8 -0.764299 -3.204720 64.465500 -0.902105 -0.337181 -0.269287 0.968750 0.250977 1 8 1.000000
  8 -0.287428 -3.995809 64.544113 -0.450851 -0.746056 -0.490034 0.981445 0.255859 1 8 1.000000
Charple2_sheet
  8 -0.303236 -3.695066 64.355522 -0.303440 -0.405038 -0.862478 0.985697 0.246464 1 8 1.000000
  8 -0.287428 -3.995809 64.544113 -0.450851 -0.746056 -0.490034 0.981445 0.255859 1 8 1.000000
  8 -0.764299 -3.204720 64.465500 -0.902105 -0.337181 -0.269287 0.968750 0.250977 1 8 1.000000
Charple2_sheet
  8 -0.303236 -3.695066 64.355522 -0.303440 -0.405038 -0.862478 0.985697 0.246464 1 8 1.000000
  8 -0.764299 -3.204720 64.465500 -0.902105 -0.337181 -0.269287 0.968750 0.250977 1 8 1.000000
  8 -0.565153 -3.375246 64.303139 -0.374425 -0.589480 -0.715764 0.974334 0.242493 1 8 1.000000
Charple2_sheet
  8 -0.565153 -3.375246 64.303139 -0.374425 -0.589480 -0.715764 0.974334 0.242493 1 8 1.000000
  8 -0.379708 -3.102209 64.790291 -0.547641 -0.825738 0.135077 0.981477 0.241611 1 8 1.000000
  8 -0.303236 -3.695066 64.355522 -0.303440 -0.405038 -0.862478 0.985697 0.246464 1 8 1.000000
Charple2_sheet
  8 -0.379708 -3.102209 64.790291 -0.547641 -0.825738 0.135077 0.981477 0.241611 1 8 1.000000
  8 -0.565153 -3.375246 64.303139 -0.374425 -0.589480 -0.715764 0.974334 0.242493 1 8 1.000000
  8 -0.371294 -3.450304 64.219040 -0.572408 -0.793891 -0.205148 0.986347 0.235434 1 8 1.000000
Charple2_sheet
  8 -0.371294 -3.450304 64.219040 -0.572408 -0.793891 -0.205148 0.986347 0.235434 1 8 1.000000
  8 -0.303236 -3.695066 64.355522 -0.303440 -0.405038 -0.862478 0.985697 0.246464 1 8 1.000000
  8 -0.379708 -3.102209 64.790291 -0.547641 -0.825738 0.135077 0.981477 0.241611 1 8 1.000000
Charple2_sheet
  8 -0.371294 -3.450304 64.219040 -0.572408 -0.793891 -0.205148 0.986347 0.235434 1 8 1.000000
  8 -0.099236 -3.455384 64.213432 0.000000 -0.704594 -0.709611 0.998047 0.236328 1 8 1.000000
  8 -0.303236 -3.695066 64.355522 -0.303440 -0.405038 -0.862478 0.985697 0.246464 1 8 1.000000
Charple2_sheet
  8 -0.303236 -3.695066 64.355522 -0.303440 -0.405038 -0.862478 0.985697 0.246464 1 8 1.000000
  8 -0.099236 -3.455384 64.213432 0.000000 -0.704594 -0.709611 0.998047 0.236328 1 8 1.000000
  8 -0.287428 -3.995809 64.544113 -0.450851 -0.746056 -0.490034 0.981445 0.255859 1 8 1.000000
Charple2_sheet
  8 -0.287428 -3.995809 64.544113 -0.450851 -0.746056 -0.490034 0.981445 0.255859 1 8 1.000000
  8 -0.099236 -3.455384 64.213432 0.000000 -0.704594 -0.709611 0.998047 0.236328 1 8 1.000000
  8 -0.099236 -4.022960 64.530273 0.000000 -0.892490 -0.451068 0.998047 0.255371 1 8 1.000000
Charple2_sheet
  8 -0.099236 -3.984016 64.858673 0.000000 -0.931376 0.364058 0.998535 0.273438 1 8 1.000000
  8 -0.287428 -3.995809 64.544113 -0.450851 -0.746056 -0.490034 0.981445 0.255859 1 8 1.000000
  8 -0.099236 -4.022960 64.530273 0.000000 -0.892490 -0.451068 0.998047 0.255371 1 8 1.000000
Charple2_sheet
  8 -0.099236 -4.022960 64.530273 0.000000 -0.892490 -0.451068 0.998047 0.255371 1 8 1.000000
  8 0.091221 -3.953329 64.849869 0.567659 -0.761428 0.313035 0.979980 0.275879 1 8 1.000000
  8 -0.099236 -3.984016 64.858673 0.000000 -0.931376 0.364058 0.998535 0.273438 1 8 1.000000
Charple2_sheet
  8 0.905362 -2.897583 64.020889 0.469585 -0.878479 -0.088122 0.929036 0.223633 1 8 1.000000
  8 1.146190 -2.757412 64.360321 0.604419 -0.796521 -0.015262 0.904622 0.251953 1 8 1.000000
  8 0.688154 -2.959665 65.016968 0.568066 -0.819036 0.080502 0.933594 0.284180 1 8 1.000000
Charple2_sheet
  8 0.868345 -2.790427 65.360306 0.574707 -0.753348 0.319654 0.921387 0.311523 1 8 1.000000
  8 0.688154 -2.959665 65.016968 0.568066 -0.819036 0.080502 0.933594 0.284180 1 8 1.000000
  8 1.146190 -2.757412 64.360321 0.604419 -0.796521 -0.015262 0.904622 0.251953 1 8 1.000000
Charple2_sheet
  8 0.688154 -2.959665 65.016968 0.568066 -0.819036 0.080502 0.933594 0.284180 1 8 1.000000
  8 0.868345 -2.790427 65.360306 0.574707 -0.753348 0.319654 0.921387 0.311523 1 8 1.000000
  8 0.506656 -2.952543 65.599358 0.636916 -0.600523 0.483435 0.950684 0.320801 1 8 1.000000
Charple2_sheet
  8 0.868345 -2.790427 65.360306 0.574707 -0.753348 0.319654 0.921387 0.311523 1 8 1.000000
  8 0.570094 -2.688945 65.706757 0.473817 -0.742941 0.472796 0.948250 0.340883 1 8 1.000000
  8 0.506656 -2.952543 65.599358 0.636916 -0.600523 0.483435 0.950684 0.320801 1 8 1.000000
Charple2_sheet
  8 0.076094 -3.143599 65.895920 0.639153 -0.696049 0.327108 0.985840 0.350586 1 8 1.000000
  8 0.506656 -2.952543 65.599358 0.636916 -0.600523 0.483435 0.950684 0.320801 1 8 1.000000
  8 0.570094 -2.688945 65.706757 0.473817 -0.742941 0.472796 0.948250 0.340883 1 8 1.000000
Charple2_sheet
  8 0.076094 -3.143599 65.895920 0.639153 -0.696049 0.327108 0.985840 0.350586 1 8 1.000000
  8 0.570094 -2.688945 65.706757 0.473817 -0.742941 0.472796 0.948250 0.340883 1 8 1.000000
  8 0.237691 -2.855660 65.909576 0.664729 -0.737533 0.119080 0.974956 0.353347 1 8 1.000000
Charple2_sheet
  8 0.076094 -3.143599 65.895920 0.639153 -0.696049 0.327108 0.985840 0.350586 1 8 1.000000
  8 0.237691 -2.855660 65.909576 0.664729 -0.737533 0.119080 0.974956 0.353347 1 8 1.000000
  8 0.423782 -2.857557 66.229118 0.467911 -0.756308 -0.457229 0.962101 0.376422 1 8 1.000000
Charple2_sheet
  8 0.076094 -3.143599 65.895920 0.639153 -0.696049 0.327108 0.985840 0.350586 1 8 1.000000
  8 0.423782 -2.857557 66.229118 0.467911 -0.756308 -0.457229 0.962101 0.376422 1 8 1.000000
  8 0.161480 -3.036701 66.331192 0.509720 -0.827084 -0.236891 0.976570 0.381670 1 8 1.000000
Charple2_sheet
  8 0.423782 -2.857557 66.229118 0.467911 -0.756308 -0.457229 0.962101 0.376422 1 8 1.000000
  8 0.622601 -3.071781 66.682320 0.378805 -0.909522 -0.171104 0.951172 0.423828 1 8 1.000000
  8 0.161480 -3.036701 66.331192 0.509720 -0.827084 -0.236891 0.976570 0.381670 1 8 1.000000
Charple2_sheet
  8 0.423782 -2.857557 66.229118 0.467911 -0.756308 -0.457229 0.962101 0.376422 1 8 1.000000
  8 0.958847 -2.743360 66.346390 0.275442 -0.841980 -0.463898 0.925289 0.386941 1 8 1.000000
  8 0.622601 -3.071781 66.682320 0.378805 -0.909522 -0.171104 0.951172 0.423828 1 8 1.000000
Charple2_sheet
  8 0.622601 -3.071781 66.682320 0.378805 -0.909522 -0.171104 0.951172 0.423828 1 8 1.000000
  8 0.958847 -2.743360 66.346390 0.275442 -0.841980 -0.463898 0.925289 0.386941 1 8 1.000000
  8 1.416463 -2.598675 66.271858 0.472216 -0.749067 -0.464662 0.887623 0.384718 1 8 1.000000
Charple2_sheet
  8 1.416463 -2.598675 66.271858 0.472216 -0.749067 -0.464662 0.887623 0.384718 1 8 1.000000
  8 0.958847 -2.743360 66.346390 0.275442 -0.841980 -0.463898 0.925289 0.386941 1 8 1.000000
  8 0.962903 -2.687173 66.211922 0.176301 -0.732253 -0.657817 0.922620 0.364444 1 8 1.000000
Charple2_sheet
  8 1.416463 -2.598675 66.271858 0.472216 -0.749067 -0.464662 0.887623 0.384718 1 8 1.000000
  8 0.962903 -2.687173 66.211922 0.176301 -0.732253 -0.657817 0.922620 0.364444 1 8 1.000000
  8 1.299891 -2.550607 66.121780 0.217875 -0.621412 -0.752581 0.896110 0.364309 1 8 1.000000
Charple2_sheet
  8 1.654714 -2.252717 66.112930 0.671942 -0.707537 -0.218826 0.863110 0.375574 1 8 1.000000
  8 1.416463 -2.598675 66.271858 0.472216 -0.749067 -0.464662 0.887623 0.384718 1 8 1.000000
  8 1.299891 -2.550607 66.121780 0.217875 -0.621412 -0.752581 0.896110 0.364309 1 8 1.000000
Charple2_sheet
  8 1.654714 -2.252717 66.112930 0.671942 -0.707537 -0.218826 0.863110 0.375574 1 8 1.000000
  8 1.299891 -2.550607 66.121780 0.217875 -0.621412 -0.752581 0.896110 0.364309 1 8 1.000000
  8 1.415864 -2.344811 66.066063 0.432873 -0.861952 -0.263930 0.882438 0.368129 1 8 1.000000
Charple2_sheet
  8 1.285993 -2.473185 65.986511 0.334001 -0.844380 0.418887 0.892413 0.360236 1 8 1.000000
  8 1.654714 -2.252717 66.112930 0.671942 -0.707537 -0.218826 0.863110 0.375574 1 8 1.000000
  8 1.415864 -2.344811 66.066063 0.432873 -0.861952 -0.263930 0.882438 0.368129 1 8 1.000000
Charple2_sheet
  8 1.285993 -2.473185 65.986511 0.334001 -0.844380 0.418887 0.892413 0.360236 1 8 1.000000
  8 1.580987 -2.309511 65.707283 0.578420 -0.814861 0.037833 0.864655 0.348691 1 8 1.000000
  8 1.654714 -2.252717 66.112930 0.671942 -0.707537 -0.218826 0.863110 0.375574 1 8 1.000000
Charple2_sheet
  8 0.959693 -2.566529 65.522141 0.492767 -0.849272 0.189518 0.916869 0.331655 1 8 1.000000
  8 1.580987 -2.309511 65.707283 0.578420 -0.814861 0.037833 0.864655 0.348691 1 8 1.000000
  8 1.285993 -2.473185 65.986511 0.334001 -0.844380 0.418887 0.892413 0.360236 1 8 1.000000
Charple2_sheet
  8 0.959693 -2.566529 65.522141 0.492767 -0.849272 0.189518 0.916869 0.331655 1 8 1.000000
  8 1.285993 -2.473185 65.986511 0.334001 -0.844380 0.418887 0.892413 0.360236 1 8 1.000000
  8 1.054581 -2.609194 65.907051 0.225268 -0.901136 0.370417 0.920050 0.358247 1 8 1.000000
Charple2_sheet
  8 2.073146 -1.276614 63.720882 0.928825 -0.283851 -0.238144 0.818577 0.238713 1 8 1.000000
  8 1.352760 -1.860372 62.583199 0.735725 -0.329974 -0.591461 0.875977 0.153809 1 8 1.000000
  8 1.678661 -0.891797 62.673645 0.796318 -0.188013 -0.574916 0.825684 0.185059 1 8 1.000000
Charple2_sheet
  8 2.073146 -1.276614 63.720882 0.928825 -0.283851 -0.238144 0.818577 0.238713 1 8 1.000000
  8 1.777557 -1.897653 63.550705 0.832054 -0.498057 -0.244184 0.857087 0.219263 1 8 1.000000
  8 1.352760 -1.860372 62.583199 0.735725 -0.329974 -0.591461 0.875977 0.153809 1 8 1.000000
Charple2_sheet
  8 1.795284 -2.233221 65.086517 0.777759 -0.627052 0.043544 0.861114 0.301115 1 8 1.000000
  8 1.777557 -1.897653 63.550705 0.832054 -0.498057 -0.244184 0.857087 0.219263 1 8 1.000000
  8 2.073146 -1.276614 63.720882 0.928825 -0.283851 -0.238144 0.818577 0.238713 1 8 1.000000
Charple2_sheet
  8 1.795284 -2.233221 65.086517 0.777759 -0.627052 0.043544 0.861114 0.301115 1 8 1.000000
  8 1.405678 -2.550292 64.721046 0.690049 -0.722056 0.049665 0.885366 0.273489 1 8 1.000000
  8 1.777557 -1.897653 63.550705 0.832054 -0.498057 -0.244184 0.857087 0.219263 1 8 1.000000
Charple2_sheet
  8 0.959693 -2.566529 65.522141 0.492767 -0.849272 0.189518 0.916869 0.331655 1 8 1.000000
  8 1.405678 -2.550292 64.721046 0.690049 -0.722056 0.049665 0.885366 0.273489 1 8 1.000000
  8 1.795284 -2.233221 65.086517 0.777759 -0.627052 0.043544 0.861114 0.301115 1 8 1.000000
Charple2_sheet
  8 0.959693 -2.566529 65.522141 0.492767 -0.849272 0.189518 0.916869 0.331655 1 8 1.000000
  8 0.868345 -2.790427 65.360306 0.574707 -0.753348 0.319654 0.921387 0.311523 1 8 1.000000
  8 1.405678 -2.550292 64.721046 0.690049 -0.722056 0.049665 0.885366 0.273489 1 8 1.000000
Charple2_sheet
  8 0.868345 -2.790427 65.360306 0.574707 -0.753348 0.319654 0.921387 0.311523 1 8 1.000000
  8 0.959693 -2.566529 65.522141 0.492767 -0.849272 0.189518 0.916869 0.331655 1 8 1.000000
  8 0.570094 -2.688945 65.706757 0.473817 -0.742941 0.472796 0.948250 0.340883 1 8 1.000000
Charple2_sheet
  8 0.570094 -2.688945 65.706757 0.473817 -0.742941 0.472796 0.948250 0.340883 1 8 1.000000
  8 0.959693 -2.566529 65.522141 0.492767 -0.849272 0.189518 0.916869 0.331655 1 8 1.000000
  8 1.054581 -2.609194 65.907051 0.225268 -0.901136 0.370417 0.920050 0.358247 1 8 1.000000
Charple2_sheet
  8 0.570094 -2.688945 65.706757 0.473817 -0.742941 0.472796 0.948250 0.340883 1 8 1.000000
  8 1.054581 -2.609194 65.907051 0.225268 -0.901136 0.370417 0.920050 0.358247 1 8 1.000000
  8 0.726224 -2.607374 65.934013 0.185654 -0.850800 0.491601 0.950323 0.365361 1 8 1.000000
Charple2_sheet
  8 0.237691 -2.855660 65.909576 0.664729 -0.737533 0.119080 0.975098 0.353516 1 8 1.000000
  8 0.570094 -2.688945 65.706757 0.473817 -0.742941 0.472796 0.948250 0.340883 1 8 1.000000
  8 0.726224 -2.607374 65.934013 0.185654 -0.850800 0.491601 0.950323 0.365361 1 8 1.000000
Charple2_sheet
  8 0.237691 -2.855660 65.909576 0.664729 -0.737533 0.119080 0.975098 0.353516 1 8 1.000000
  8 0.726224 -2.607374 65.934013 0.185654 -0.850800 0.491601 0.950323 0.365361 1 8 1.000000
  8 0.425681 -2.626299 65.952568 0.424558 -0.905332 -0.011147 0.963542 0.360189 1 8 1.000000
Charple2_sheet
  8 0.423782 -2.857557 66.229118 0.467911 -0.756308 -0.457229 0.962101 0.376422 1 8 1.000000
  8 0.237691 -2.855660 65.909576 0.664729 -0.737533 0.119080 0.975098 0.353516 1 8 1.000000
  8 0.425681 -2.626299 65.952568 0.424558 -0.905332 -0.011147 0.963542 0.360189 1 8 1.000000
Charple2_sheet
  8 0.423782 -2.857557 66.229118 0.467911 -0.756308 -0.457229 0.962101 0.376422 1 8 1.000000
  8 0.425681 -2.626299 65.952568 0.424558 -0.905332 -0.011147 0.963542 0.360189 1 8 1.000000
  8 0.649985 -2.678873 66.124481 0.332866 -0.694804 -0.637532 0.950133 0.369601 1 8 1.000000
Charple2_sheet
  8 0.958847 -2.743360 66.346390 0.275442 -0.841980 -0.463898 0.925289 0.386941 1 8 1.000000
  8 0.423782 -2.857557 66.229118 0.467911 -0.756308 -0.457229 0.962101 0.376422 1 8 1.000000
  8 0.649985 -2.678873 66.124481 0.332866 -0.694804 -0.637532 0.950133 0.369601 1 8 1.000000
Charple2_sheet
  8 0.958847 -2.743360 66.346390 0.275442 -0.841980 -0.463898 0.925289 0.386941 1 8 1.000000
  8 0.649985 -2.678873 66.124481 0.332866 -0.694804 -0.637532 0.950133 0.369601 1 8 1.000000
  8 0.962903 -2.687173 66.211922 0.176301 -0.732253 -0.657817 0.922620 0.364444 1 8 1.000000
Charple2_sheet
  8 1.424647 -2.354388 63.513065 0.737294 -0.648867 -0.188064 0.884928 0.202799 1 8 1.000000
  8 1.063257 -2.434469 62.622471 0.712977 -0.602668 -0.358406 0.900879 0.148438 1 8 1.000000
  8 1.352760 -1.860372 62.583199 0.735725 -0.329974 -0.591461 0.875977 0.153809 1 8 1.000000
Charple2_sheet
  8 1.424647 -2.354388 63.513065 0.737294 -0.648867 -0.188064 0.884928 0.202799 1 8 1.000000
  8 1.352760 -1.860372 62.583199 0.735725 -0.329974 -0.591461 0.875977 0.153809 1 8 1.000000
  8 1.777557 -1.897653 63.550705 0.832054 -0.498057 -0.244184 0.857087 0.219263 1 8 1.000000
Charple2_sheet
  8 1.405678 -2.550292 64.721046 0.690049 -0.722056 0.049665 0.885366 0.273489 1 8 1.000000
  8 1.424647 -2.354388 63.513065 0.737294 -0.648867 -0.188064 0.884928 0.202799 1 8 1.000000
  8 1.777557 -1.897653 63.550705 0.832054 -0.498057 -0.244184 0.857087 0.219263 1 8 1.000000
Charple2_sheet
  8 1.405678 -2.550292 64.721046 0.690049 -0.722056 0.049665 0.885366 0.273489 1 8 1.000000
  8 1.146190 -2.757412 64.360321 0.604419 -0.796521 -0.015262 0.904622 0.251953 1 8 1.000000
  8 1.424647 -2.354388 63.513065 0.737294 -0.648867 -0.188064 0.884928 0.202799 1 8 1.000000
Charple2_sheet
  8 0.868345 -2.790427 65.360306 0.574707 -0.753348 0.319654 0.921387 0.311523 1 8 1.000000
  8 1.146190 -2.757412 64.360321 0.604419 -0.796521 -0.015262 0.904622 0.251953 1 8 1.000000
  8 1.405678 -2.550292 64.721046 0.690049 -0.722056 0.049665 0.885366 0.273489 1 8 1.000000
Charple2_sheet
  8 2.159192 -1.700107 65.518639 0.869816 -0.493304 0.008448 0.830957 0.329475 1 8 1.000000
  8 1.580987 -2.309511 65.707283 0.578420 -0.814861 0.037833 0.864655 0.348691 1 8 1.000000
  8 0.959693 -2.566529 65.522141 0.492767 -0.849272 0.189518 0.916869 0.331655 1 8 1.000000
Charple2_sheet
  8 2.159192 -1.700107 65.518639 0.869816 -0.493304 0.008448 0.830957 0.329475 1 8 1.000000
  8 0.959693 -2.566529 65.522141 0.492767 -0.849272 0.189518 0.916869 0.331655 1 8 1.000000
  8 1.795284 -2.233221 65.086517 0.777759 -0.627052 0.043544 0.861114 0.301115 1 8 1.000000
Charple2_sheet
  8 2.606532 0.809074 65.443932 0.996152 -0.012472 -0.086755 0.650391 0.280273 1 8 1.000000
  8 2.159192 -1.700107 65.518639 0.869816 -0.493304 0.008448 0.830957 0.329475 1 8 1.000000
  8 1.795284 -2.233221 65.086517 0.777759 -0.627052 0.043544 0.861114 0.301115 1 8 1.000000
Charple2_sheet
  8 2.606532 0.809074 65.443932 0.996152 -0.012472 -0.086755 0.650391 0.280273 1 8 1.000000
  8 1.795284 -2.233221 65.086517 0.777759 -0.627052 0.043544 0.861114 0.301115 1 8 1.000000
  8 2.073146 -1.276614 63.720882 0.928825 -0.283851 -0.238144 0.818577 0.238713 1 8 1.000000
Charple2_sheet
  8 2.073146 -1.276614 63.720882 0.928825 -0.283851 -0.238144 0.818577 0.238713 1 8 1.000000
  8 1.868103 -0.046677 62.811619 0.857992 -0.409929 -0.309528 0.765625 0.222656 2 8 0.827858 2 0.172142
  8 2.606532 0.809074 65.443932 0.996152 -0.012472 -0.086755 0.650391 0.280273 1 8 1.000000
Charple2_sheet
  8 2.073146 -1.276614 63.720882 0.928825 -0.283851 -0.238144 0.818577 0.238713 1 8 1.000000
  8 1.678661 -0.891797 62.673645 0.796318 -0.188013 -0.574916 0.825684 0.185059 1 8 1.000000
  8 1.868103 -0.046677 62.811619 0.857992 -0.409929 -0.309528 0.765625 0.222656 2 8 0.827858 2 0.172142
Charple2_sheet
  8 1.868103 -0.046677 62.811619 0.857992 -0.409929 -0.309528 0.765625 0.222656 2 8 0.827858 2 0.172142
  8 1.678661 -0.891797 62.673645 0.796318 -0.188013 -0.574916 0.825684 0.185059 1 8 1.000000
  8 0.428478 -1.490271 61.939026 0.557415 -0.302849 -0.773027 0.887533 0.085775 2 8 0.841660 2 0.158340
Charple2_sheet
  8 1.352760 -1.860372 62.583199 0.735725 -0.329974 -0.591461 0.875977 0.153809 1 8 1.000000
  8 0.428478 -1.490271 61.939026 0.557415 -0.302849 -0.773027 0.887533 0.085775 2 8 0.841660 2 0.158340
  8 1.678661 -0.891797 62.673645 0.796318 -0.188013 -0.574916 0.825684 0.185059 1 8 1.000000
Charple2_sheet
  8 1.352760 -1.860372 62.583199 0.735725 -0.329974 -0.591461 0.875977 0.153809 1 8 1.000000
  8 0.402318 -2.487700 62.068245 0.438466 -0.280675 -0.853797 0.922363 0.083496 1 8 1.000000
  8 0.428478 -1.490271 61.939026 0.557415 -0.302849 -0.773027 0.887533 0.085775 2 8 0.841660 2 0.158340
Charple2_sheet
  8 1.063257 -2.434469 62.622471 0.712977 -0.602668 -0.358406 0.900879 0.148438 1 8 1.000000
  8 0.402318 -2.487700 62.068245 0.438466 -0.280675 -0.853797 0.922363 0.083496 1 8 1.000000
  8 1.352760 -1.860372 62.583199 0.735725 -0.329974 -0.591461 0.875977 0.153809 1 8 1.000000
Charple2_sheet
  8 1.063257 -2.434469 62.622471 0.712977 -0.602668 -0.358406 0.900879 0.148438 1 8 1.000000
  8 0.356347 -3.065850 62.363697 0.537278 -0.718920 -0.441006 0.944499 0.117025 1 8 1.000000
  8 0.402318 -2.487700 62.068245 0.438466 -0.280675 -0.853797 0.922363 0.083496 1 8 1.000000
Charple2_sheet
  8 1.063257 -2.434469 62.622471 0.712977 -0.602668 -0.358406 0.900879 0.148438 1 8 1.000000
  8 0.279531 -3.094380 62.674511 0.479934 -0.843067 -0.242698 0.958496 0.137207 1 8 1.000000
  8 0.356347 -3.065850 62.363697 0.537278 -0.718920 -0.441006 0.944499 0.117025 1 8 1.000000
Charple2_sheet
  8 0.279531 -3.094380 62.674511 0.479934 -0.843067 -0.242698 0.958496 0.137207 1 8 1.000000
  8 -0.099236 -3.283808 62.340794 0.000000 -0.893078 -0.449902 0.997070 0.102051 1 8 1.000000
  8 0.356347 -3.065850 62.363697 0.537278 -0.718920 -0.441006 0.944499 0.117025 1 8 1.000000
Charple2_sheet
  8 0.279531 -3.094380 62.674511 0.479934 -0.843067 -0.242698 0.958496 0.137207 1 8 1.000000
  8 -0.099236 -3.201735 62.656269 0.000000 -0.959429 -0.281951 0.997233 0.126953 1 8 1.000000
  8 -0.099236 -3.283808 62.340794 0.000000 -0.893078 -0.449902 0.997070 0.102051 1 8 1.000000
Charple2_sheet
  8 -0.554818 -3.065850 62.363697 -0.537278 -0.718920 -0.441006 0.944499 0.117025 1 8 1.000000
  8 -0.099236 -3.283808 62.340794 0.000000 -0.893078 -0.449902 0.997070 0.102051 1 8 1.000000
  8 -0.099236 -3.201735 62.656269 0.000000 -0.959429 -0.281951 0.997233 0.126953 1 8 1.000000
Charple2_sheet
  8 -0.554818 -3.065850 62.363697 -0.537278 -0.718920 -0.441006 0.944499 0.117025 1 8 1.000000
  8 -0.099236 -3.201735 62.656269 0.000000 -0.959429 -0.281951 0.997233 0.126953 1 8 1.000000
  8 -0.478002 -3.094380 62.674511 -0.479934 -0.843067 -0.242698 0.958496 0.137207 1 8 1.000000
Charple2_sheet
  8 -0.554818 -3.065850 62.363697 -0.537278 -0.718920 -0.441006 0.944499 0.117025 1 8 1.000000
  8 -0.478002 -3.094380 62.674511 -0.479934 -0.843067 -0.242698 0.958496 0.137207 1 8 1.000000
  8 -1.066930 -2.768960 62.970875 -0.634921 -0.759358 -0.142302 0.917480 0.157715 1 8 1.000000
Charple2_sheet
  8 -0.554818 -3.065850 62.363697 -0.537278 -0.718920 -0.441006 0.944499 0.117025 1 8 1.000000
  8 -1.066930 -2.768960 62.970875 -0.634921 -0.759358 -0.142302 0.917480 0.157715 1 8 1.000000
  8 -1.261728 -2.434469 62.622471 -0.712977 -0.602668 -0.358406 0.900879 0.148438 1 8 1.000000
Charple2_sheet
  8 -2.271617 -1.276614 63.720882 -0.928825 -0.283851 -0.238144 0.818577 0.238713 1 8 1.000000
  8 -2.357663 -1.700107 65.518639 -0.869816 -0.493304 0.008448 0.830957 0.329475 1 8 1.000000
  8 -2.805003 0.809074 65.443932 -0.996152 -0.012472 -0.086755 0.650391 0.280273 1 8 1.000000
Charple2_sheet
  8 -2.805003 0.809074 65.443932 -0.996152 -0.012472 -0.086755 0.650391 0.280273 1 8 1.000000
  8 -1.877132 -0.891797 62.673645 -0.796318 -0.188012 -0.574916 0.825684 0.185059 1 8 1.000000
  8 -2.271617 -1.276614 63.720882 -0.928825 -0.283851 -0.238144 0.818577 0.238713 1 8 1.000000
Charple2_sheet
  8 -1.877132 -0.891797 62.673645 -0.796318 -0.188012 -0.574916 0.825684 0.185059 1 8 1.000000
  8 -1.976028 -1.897653 63.550705 -0.832054 -0.498057 -0.244184 0.857087 0.219263 1 8 1.000000
  8 -2.271617 -1.276614 63.720882 -0.928825 -0.283851 -0.238144 0.818577 0.238713 1 8 1.000000
Charple2_sheet
  8 -1.877132 -0.891797 62.673645 -0.796318 -0.188012 -0.574916 0.825684 0.185059 1 8 1.000000
  8 -1.551232 -1.860372 62.583199 -0.735725 -0.329974 -0.591461 0.875977 0.153809 1 8 1.000000
  8 -1.976028 -1.897653 63.550705 -0.832054 -0.498057 -0.244184 0.857087 0.219263 1 8 1.000000
Charple2_sheet
  8 -1.976028 -1.897653 63.550705 -0.832054 -0.498057 -0.244184 0.857087 0.219263 1 8 1.000000
  8 -1.551232 -1.860372 62.583199 -0.735725 -0.329974 -0.591461 0.875977 0.153809 1 8 1.000000
  8 -1.261728 -2.434469 62.622471 -0.712977 -0.602668 -0.358406 0.900879 0.148438 1 8 1.000000
Charple2_sheet
  8 -1.551232 -1.860372 62.583199 -0.735725 -0.329974 -0.591461 0.875977 0.153809 1 8 1.000000
  8 -0.554818 -3.065850 62.363697 -0.537278 -0.718920 -0.441006 0.944499 0.117025 1 8 1.000000
  8 -1.261728 -2.434469 62.622471 -0.712977 -0.602668 -0.358406 0.900879 0.148438 1 8 1.000000
Charple2_sheet
  8 -1.551232 -1.860372 62.583199 -0.735725 -0.329974 -0.591461 0.875977 0.153809 1 8 1.000000
  8 -0.600790 -2.487700 62.068245 -0.438466 -0.280675 -0.853797 0.922363 0.083496 1 8 1.000000
  8 -0.554818 -3.065850 62.363697 -0.537278 -0.718920 -0.441006 0.944499 0.117025 1 8 1.000000
Charple2_sheet
  8 -0.600790 -2.487700 62.068245 -0.438466 -0.280675 -0.853797 0.922363 0.083496 1 8 1.000000
  8 -0.099236 -3.283808 62.340794 0.000000 -0.893078 -0.449902 0.997070 0.102051 1 8 1.000000
  8 -0.554818 -3.065850 62.363697 -0.537278 -0.718920 -0.441006 0.944499 0.117025 1 8 1.000000
Charple2_sheet
  8 -0.600790 -2.487700 62.068245 -0.438466 -0.280675 -0.853797 0.922363 0.083496 1 8 1.000000
  8 -0.099236 -2.628373 61.948055 0.000000 -0.317237 -0.948346 0.993164 0.052083 1 8 1.000000
  8 -0.099236 -3.283808 62.340794 0.000000 -0.893078 -0.449902 0.997070 0.102051 1 8 1.000000
Charple2_sheet
  8 0.356347 -3.065850 62.363697 0.537278 -0.718920 -0.441006 0.944499 0.117025 1 8 1.000000
  8 -0.099236 -3.283808 62.340794 0.000000 -0.893078 -0.449902 0.997070 0.102051 1 8 1.000000
  8 -0.099236 -2.628373 61.948055 0.000000 -0.317237 -0.948346 0.993164 0.052083 1 8 1.000000
Charple2_sheet
  8 0.356347 -3.065850 62.363697 0.537278 -0.718920 -0.441006 0.944499 0.117025 1 8 1.000000
  8 -0.099236 -2.628373 61.948055 0.000000 -0.317237 -0.948346 0.993164 0.052083 1 8 1.000000
  8 0.402318 -2.487700 62.068245 0.438466 -0.280675 -0.853797 0.922363 0.083496 1 8 1.000000
Charple2_sheet
  8 0.402318 -2.487700 62.068245 0.438466 -0.280675 -0.853797 0.922363 0.083496 1 8 1.000000
  8 -0.099236 -2.628373 61.948055 0.000000 -0.317237 -0.948346 0.993164 0.052083 1 8 1.000000
  8 -0.099236 -1.604087 61.821201 0.000000 -0.467709 -0.883882 0.987630 0.026530 2 8 0.855221 2 0.144779
Charple2_sheet
  8 0.402318 -2.487700 62.068245 0.438466 -0.280675 -0.853797 0.922363 0.083496 1 8 1.000000
  8 -0.099236 -1.604087 61.821201 0.000000 -0.467709 -0.883882 0.987630 0.026530 2 8 0.855221 2 0.144779
  8 0.428478 -1.490271 61.939026 0.557415 -0.302849 -0.773027 0.887533 0.085775 2 8 0.841660 2 0.158340
Charple2_sheet
  2 -0.099236 -1.390697 61.079746 0.000000 -0.964117 -0.265478 0.914876 0.008789 2 2 0.664291 8 0.335709
  8 0.428478 -1.490271 61.939026 0.557415 -0.302849 -0.773027 0.887533 0.085775 2 8 0.841660 2 0.158340
  8 -0.099236 -1.604087 61.821201 0.000000 -0.467709 -0.883882 0.987630 0.026530 2 8 0.855221 2 0.144779
Charple2_sheet
  2 -0.099236 -1.390697 61.079746 0.000000 -0.964117 -0.265478 0.914876 0.008789 2 2 0.664291 8 0.335709
  2 0.961527 -0.499417 61.770641 0.663496 -0.717423 -0.212315 0.781250 0.173828 2 2 0.663482 8 0.336518
  8 0.428478 -1.490271 61.939026 0.557415 -0.302849 -0.773027 0.887533 0.085775 2 8 0.841660 2 0.158340
Charple2_sheet
  8 1.868103 -0.046677 62.811619 0.857992 -0.409929 -0.309528 0.765625 0.222656 2 8 0.827858 2 0.172142
  8 0.428478 -1.490271 61.939026 0.557415 -0.302849 -0.773027 0.887533 0.085775 2 8 0.841660 2 0.158340
  2 0.961527 -0.499417 61.770641 0.663496 -0.717423 -0.212315 0.781250 0.173828 2 2 0.663482 8 0.336518
Charple2_sheet
  2 0.961527 -0.499417 61.770641 0.663496 -0.717423 -0.212315 0.781250 0.173828 2 2 0.663482 8 0.336518
  8 2.113661 0.402652 62.910824 0.904325 -0.405372 -0.133677 0.723633 0.232910 2 8 0.821121 2 0.178879
  8 1.868103 -0.046677 62.811619 0.857992 -0.409929 -0.309528 0.765625 0.222656 2 8 0.827858 2 0.172142
Charple2_sheet
  8 2.606532 0.809074 65.443932 0.996152 -0.012472 -0.086755 0.650391 0.280273 1 8 1.000000
  8 1.868103 -0.046677 62.811619 0.857992 -0.409929 -0.309528 0.765625 0.222656 2 8 0.827858 2 0.172142
  8 2.113661 0.402652 62.910824 0.904325 -0.405372 -0.133677 0.723633 0.232910 2 8 0.821121 2 0.178879
Charple2_sheet
  8 -0.626949 -1.490271 61.939026 -0.557415 -0.302849 -0.773027 0.887533 0.085775 2 8 0.868776 2 0.131224
  8 -0.099236 -1.604087 61.821201 0.000000 -0.467709 -0.883882 0.987630 0.026530 2 8 0.855221 2 0.144779
  8 -0.099236 -2.628373 61.948055 0.000000 -0.317237 -0.948346 0.993164 0.052083 1 8 1.000000
Charple2_sheet
  8 -0.626949 -1.490271 61.939026 -0.557415 -0.302849 -0.773027 0.887533 0.085775 2 8 0.868776 2 0.131224
  8 -0.099236 -2.628373 61.948055 0.000000 -0.317237 -0.948346 0.993164 0.052083 1 8 1.000000
  8 -0.600790 -2.487700 62.068245 -0.438466 -0.280675 -0.853797 0.922363 0.083496 1 8 1.000000
Charple2_sheet
  8 -1.877132 -0.891797 62.673645 -0.796318 -0.188012 -0.574916 0.825684 0.185059 1 8 1.000000
  8 -0.626949 -1.490271 61.939026 -0.557415 -0.302849 -0.773027 0.887533 0.085775 2 8 0.868776 2 0.131224
  8 -0.600790 -2.487700 62.068245 -0.438466 -0.280675 -0.853797 0.922363 0.083496 1 8 1.000000
Charple2_sheet
  8 -1.877132 -0.891797 62.673645 -0.796318 -0.188012 -0.574916 0.825684 0.185059 1 8 1.000000
  8 -0.600790 -2.487700 62.068245 -0.438466 -0.280675 -0.853797 0.922363 0.083496 1 8 1.000000
  8 -1.551232 -1.860372 62.583199 -0.735725 -0.329974 -0.591461 0.875977 0.153809 1 8 1.000000
Charple2_sheet
  8 -1.993755 -2.233222 65.086517 -0.777759 -0.627052 0.043544 0.861114 0.301115 1 8 1.000000
  8 -1.604149 -2.550292 64.721046 -0.690049 -0.722056 0.049665 0.885366 0.273489 1 8 1.000000
  8 -1.066817 -2.790427 65.360306 -0.574707 -0.753348 0.319654 0.921387 0.311523 1 8 1.000000
Charple2_sheet
  8 -2.271617 -1.276614 63.720882 -0.928825 -0.283851 -0.238144 0.818577 0.238713 1 8 1.000000
  8 -1.604149 -2.550292 64.721046 -0.690049 -0.722056 0.049665 0.885366 0.273489 1 8 1.000000
  8 -1.993755 -2.233222 65.086517 -0.777759 -0.627052 0.043544 0.861114 0.301115 1 8 1.000000
Charple2_sheet
  8 -2.271617 -1.276614 63.720882 -0.928825 -0.283851 -0.238144 0.818577 0.238713 1 8 1.000000
  8 -1.976028 -1.897653 63.550705 -0.832054 -0.498057 -0.244184 0.857087 0.219263 1 8 1.000000
  8 -1.604149 -2.550292 64.721046 -0.690049 -0.722056 0.049665 0.885366 0.273489 1 8 1.000000
Charple2_sheet
  2 -1.159998 -0.499417 61.770645 -0.663496 -0.717423 -0.212315 0.781250 0.173828 2 2 0.600436 8 0.399564
  2 -1.719654 -0.408111 60.748177 -0.736915 -0.675557 0.024062 0.751465 0.159180 2 2 0.937061 8 0.062939
  2 -0.964897 -0.792016 60.667671 -0.490450 -0.866862 0.089498 0.791016 0.127441 2 2 0.929514 8 0.070486
Charple2_sheet
  2 -1.159998 -0.499417 61.770645 -0.663496 -0.717423 -0.212315 0.781250 0.173828 2 2 0.600436 8 0.399564
  2 -0.964897 -0.792016 60.667671 -0.490450 -0.866862 0.089498 0.791016 0.127441 2 2 0.929514 8 0.070486
  2 -0.099236 -1.394487 60.279007 0.000000 -0.998401 0.056524 0.864258 0.009115 2 2 0.854999 8 0.145001
Charple2_sheet
  2 -1.159998 -0.499417 61.770645 -0.663496 -0.717423 -0.212315 0.781250 0.173828 2 2 0.600436 8 0.399564
  2 -0.099236 -1.394487 60.279007 0.000000 -0.998401 0.056524 0.864258 0.009115 2 2 0.854999 8 0.145001
  2 -0.099236 -1.390697 61.079746 0.000000 -0.964117 -0.265478 0.914876 0.008789 2 2 0.664291 8 0.335709
Charple2_sheet
  2 0.766426 -0.792016 60.667671 0.490450 -0.866862 0.089498 0.791016 0.127441 1 2 1.000000
  2 -0.099236 -1.390697 61.079746 0.000000 -0.964117 -0.265478 0.914876 0.008789 2 2 0.664291 8 0.335709
  2 -0.099236 -1.394487 60.279007 0.000000 -0.998401 0.056524 0.864258 0.009115 2 2 0.854999 8 0.145001
Charple2_sheet
  2 0.766426 -0.792016 60.667671 0.490450 -0.866862 0.089498 0.791016 0.127441 1 2 1.000000
  2 0.961527 -0.499417 61.770641 0.663496 -0.717423 -0.212315 0.781250 0.173828 2 2 0.663482 8 0.336518
  2 -0.099236 -1.390697 61.079746 0.000000 -0.964117 -0.265478 0.914876 0.008789 2 2 0.664291 8 0.335709
Charple2_sheet
  2 0.766426 -0.792016 60.667671 0.490450 -0.866862 0.089498 0.791016 0.127441 1 2 1.000000
  2 1.785737 0.016931 61.791080 0.809473 -0.586175 -0.033952 0.732910 0.200195 2 2 0.774674 8 0.225327
  2 0.961527 -0.499417 61.770641 0.663496 -0.717423 -0.212315 0.781250 0.173828 2 2 0.663482 8 0.336518
Charple2_sheet
  2 0.961527 -0.499417 61.770641 0.663496 -0.717423 -0.212315 0.781250 0.173828 2 2 0.663482 8 0.336518
  2 1.785737 0.016931 61.791080 0.809473 -0.586175 -0.033952 0.732910 0.200195 2 2 0.774674 8 0.225327
  8 2.113661 0.402652 62.910824 0.904325 -0.405372 -0.133677 0.723633 0.232910 2 8 0.821121 2 0.178879
Charple2_sheet
  2 1.785737 0.016931 61.791080 0.809473 -0.586175 -0.033952 0.732910 0.200195 2 2 0.774674 8 0.225327
  8 2.188375 0.935794 62.917419 0.975737 -0.171812 -0.135710 0.689453 0.236816 2 8 0.821423 2 0.178578
  8 2.113661 0.402652 62.910824 0.904325 -0.405372 -0.133677 0.723633 0.232910 2 8 0.821121 2 0.178879
Charple2_sheet
  8 2.188375 0.935794 62.917419 0.975737 -0.171812 -0.135710 0.689453 0.236816 2 8 0.821423 2 0.178578
  8 2.606532 0.809074 65.443932 0.996152 -0.012472 -0.086755 0.650391 0.280273 1 8 1.000000
  8 2.113661 0.402652 62.910824 0.904325 -0.405372 -0.133677 0.723633 0.232910 2 8 0.821121 2 0.178879
Charple2_sheet
  8 2.606532 0.809074 65.443932 0.996152 -0.012472 -0.086755 0.650391 0.280273 1 8 1.000000
  8 2.188375 0.935794 62.917419 0.975737 -0.171812 -0.135710 0.689453 0.236816 2 8 0.821423 2 0.178578
  8 2.248355 1.551335 62.841576 0.942007 0.327733 -0.072204 0.635254 0.246582 2 8 0.821423 2 0.178578
Charple2_sheet
  8 2.248355 1.551335 62.841576 0.942007 0.327733 -0.072204 0.635254 0.246582 2 8 0.821423 2 0.178578
  8 1.995263 1.967053 63.722752 0.839752 0.515120 -0.171664 0.609375 0.291992 1 8 1.000000
  8 2.606532 0.809074 65.443932 0.996152 -0.012472 -0.086755 0.650391 0.280273 1 8 1.000000
Charple2_sheet
  8 1.995263 1.967053 63.722752 0.839752 0.515120 -0.171664 0.609375 0.291992 1 8 1.000000
  8 2.011270 2.672721 64.713005 0.855386 0.478640 -0.198037 0.595703 0.364258 1 8 1.000000
  8 2.606532 0.809074 65.443932 0.996152 -0.012472 -0.086755 0.650391 0.280273 1 8 1.000000
Charple2_sheet
  8 1.187744 2.805520 63.465115 0.451395 0.836553 -0.310517 0.564941 0.306152 1 8 1.000000
  8 2.011270 2.672721 64.713005 0.855386 0.478640 -0.198037 0.595703 0.364258 1 8 1.000000
  8 1.995263 1.967053 63.722752 0.839752 0.515120 -0.171664 0.609375 0.291992 1 8 1.000000
Charple2_sheet
  8 1.187744 2.805520 63.465115 0.451395 0.836553 -0.310517 0.564941 0.306152 1 8 1.000000
  8 1.024414 3.599766 64.496292 0.437438 0.829094 -0.348211 0.558594 0.387207 1 8 1.000000
  8 2.011270 2.672721 64.713005 0.855386 0.478640 -0.198037 0.595703 0.364258 1 8 1.000000
Charple2_sheet
  8 -0.099236 3.715099 64.451935 0.000000 0.913055 -0.407836 0.518555 0.394531 1 8 1.000000
  8 1.024414 3.599766 64.496292 0.437438 0.829094 -0.348211 0.558594 0.387207 1 8 1.000000
  8 1.187744 2.805520 63.465115 0.451395 0.836553 -0.310517 0.564941 0.306152 1 8 1.000000
Charple2_sheet
  8 -0.099236 4.338632 67.868980 0.000000 0.951257 0.308400 0.518469 0.467895 1 8 1.000000
  8 1.024414 3.599766 64.496292 0.437438 0.829094 -0.348211 0.558594 0.387207 1 8 1.000000
  8 -0.099236 3.715099 64.451935 0.000000 0.913055 -0.407836 0.518555 0.394531 1 8 1.000000
Charple2_sheet
  8 -0.099236 3.715099 64.451935 0.000000 0.913055 -0.407836 0.518555 0.394531 1 8 1.000000
  8 -1.296450 3.979214 67.559555 -0.515114 0.824293 0.234944 0.561260 0.452995 1 8 1.000000
  8 -0.099236 4.338632 67.868980 0.000000 0.951257 0.308400 0.518469 0.467895 1 8 1.000000
Charple2_sheet
  8 -0.099236 4.338632 67.868980 0.000000 0.951257 0.308400 0.518469 0.467895 1 8 1.000000
  8 -1.296450 3.979214 67.559555 -0.515114 0.824293 0.234944 0.561260 0.452995 1 8 1.000000
  8 -1.425207 1.866186 69.852989 -0.515303 0.353688 0.780620 0.687992 0.586034 1 8 1.000000
Charple2_sheet
  8 1.228504 2.617234 62.574493 0.508107 0.861274 -0.005878 0.575684 0.266113 2 8 0.824283 2 0.175717
  8 1.187744 2.805520 63.465115 0.451395 0.836553 -0.310517 0.564941 0.306152 1 8 1.000000
  8 1.995263 1.967053 63.722752 0.839752 0.515120 -0.171664 0.609375 0.291992 1 8 1.000000
Charple2_sheet
  2 1.785737 0.016931 61.791080 0.809473 -0.586175 -0.033952 0.732910 0.200195 2 2 0.774674 8 0.225327
  2 2.002123 0.603697 61.879574 0.954778 -0.291534 -0.058364 0.697641 0.205522 2 2 0.774674 8 0.225327
  8 2.188375 0.935794 62.917419 0.975737 -0.171812 -0.135710 0.689453 0.236816 2 8 0.821423 2 0.178578
Charple2_sheet
  2 0.766426 -0.792016 60.667671 0.490450 -0.866862 0.089498 0.791016 0.127441 1 2 1.000000
  2 1.521182 -0.408111 60.748177 0.736915 -0.675557 0.024062 0.751465 0.159180 1 2 1.000000
  2 1.785737 0.016931 61.791080 0.809473 -0.586175 -0.033952 0.732910 0.200195 2 2 0.774674 8 0.225327
Charple2_sheet
  2 1.521182 -0.408111 60.748177 0.736915 -0.675557 0.024062 0.751465 0.159180 1 2 1.000000
  2 2.002123 0.603697 61.879574 0.954778 -0.291534 -0.058364 0.697641 0.205522 2 2 0.774674 8 0.225327
  2 1.785737 0.016931 61.791080 0.809473 -0.586175 -0.033952 0.732910 0.200195 2 2 0.774674 8 0.225327
Charple2_sheet
  2 1.521182 -0.408111 60.748177 0.736915 -0.675557 0.024062 0.751465 0.159180 1 2 1.000000
  2 1.826782 0.263560 60.933178 0.881593 -0.470964 0.031399 0.709473 0.167969 1 2 1.000000
  2 2.002123 0.603697 61.879574 0.954778 -0.291534 -0.058364 0.697641 0.205522 2 2 0.774674 8 0.225327
Charple2_sheet
  8 2.188375 0.935794 62.917419 0.975737 -0.171812 -0.135710 0.689453 0.236816 2 8 0.821423 2 0.178578
  2 2.233910 1.436334 61.932121 0.978755 0.201203 0.039434 0.642178 0.214562 2 2 0.765156 8 0.234844
  8 2.248355 1.551335 62.841576 0.942007 0.327733 -0.072204 0.635254 0.246582 2 8 0.821423 2 0.178578
Charple2_sheet
  8 2.188375 0.935794 62.917419 0.975737 -0.171812 -0.135710 0.689453 0.236816 2 8 0.821423 2 0.178578
  2 2.002123 0.603697 61.879574 0.954778 -0.291534 -0.058364 0.697641 0.205522 2 2 0.774674 8 0.225327
  2 2.233910 1.436334 61.932121 0.978755 0.201203 0.039434 0.642178 0.214562 2 2 0.765156 8 0.234844
Charple2_sheet
  2 2.002123 0.603697 61.879574 0.954778 -0.291534 -0.058364 0.697641 0.205522 2 2 0.774674 8 0.225327
  2 2.354217 1.458957 61.150566 0.933643 0.061883 0.352818 0.647461 0.173340 1 2 1.000000
  2 2.233910 1.436334 61.932121 0.978755 0.201203 0.039434 0.642178 0.214562 2 2 0.765156 8 0.234844
Charple2_sheet
  2 2.002123 0.603697 61.879574 0.954778 -0.291534 -0.058364 0.697641 0.205522 2 2 0.774674 8 0.225327
  2 1.826782 0.263560 60.933178 0.881593 -0.470964 0.031399 0.709473 0.167969 1 2 1.000000
  2 2.354217 1.458957 61.150566 0.933643 0.061883 0.352818 0.647461 0.173340 1 2 1.000000
Charple2_sheet
  2 1.683615 0.081039 59.722824 0.475988 -0.690285 0.544924 0.724976 0.126709 1 2 1.000000
  2 2.354217 1.458957 61.150566 0.933643 0.061883 0.352818 0.647461 0.173340 1 2 1.000000
  2 1.826782 0.263560 60.933178 0.881593 -0.470964 0.031399 0.709473 0.167969 1 2 1.000000
Charple2_sheet
  2 1.683615 0.081039 59.722824 0.475988 -0.690285 0.544924 0.724976 0.126709 1 2 1.000000
  2 1.826782 0.263560 60.933178 0.881593 -0.470964 0.031399 0.709473 0.167969 1 2 1.000000
  2 1.521182 -0.408111 60.748177 0.736915 -0.675557 0.024062 0.751465 0.159180 1 2 1.000000
Charple2_sheet
  2 1.683615 0.081039 59.722824 0.475988 -0.690285 0.544924 0.724976 0.126709 1 2 1.000000
  2 1.521182 -0.408111 60.748177 0.736915 -0.675557 0.024062 0.751465 0.159180 1 2 1.000000
  2 1.075869 -0.703995 59.372223 0.443281 -0.792160 0.419505 0.759888 0.120605 1 2 1.000000
Charple2_sheet
  2 1.521182 -0.408111 60.748177 0.736915 -0.675557 0.024062 0.751465 0.159180 1 2 1.000000
  2 0.442400 -1.236865 59.165722 0.232529 -0.889488 0.393371 0.784668 0.093872 1 2 1.000000
  2 1.075869 -0.703995 59.372223 0.443281 -0.792160 0.419505 0.759888 0.120605 1 2 1.000000
Charple2_sheet
  2 1.521182 -0.408111 60.748177 0.736915 -0.675557 0.024062 0.751465 0.159180 1 2 1.000000
  2 0.766426 -0.792016 60.667671 0.490450 -0.866862 0.089498 0.791016 0.127441 1 2 1.000000
  2 0.442400 -1.236865 59.165722 0.232529 -0.889488 0.393371 0.784668 0.093872 1 2 1.000000
Charple2_sheet
  2 -0.099236 -1.166031 59.036205 0.000000 -0.936797 0.349874 0.803627 0.009933 1 2 1.000000
  2 0.442400 -1.236865 59.165722 0.232529 -0.889488 0.393371 0.784668 0.093872 1 2 1.000000
  2 0.766426 -0.792016 60.667671 0.490450 -0.866862 0.089498 0.791016 0.127441 1 2 1.000000
Charple2_sheet
  2 -0.099236 -1.166031 59.036205 0.000000 -0.936797 0.349874 0.803627 0.009933 1 2 1.000000
  2 0.766426 -0.792016 60.667671 0.490450 -0.866862 0.089498 0.791016 0.127441 1 2 1.000000
  2 -0.099236 -1.394487 60.279007 0.000000 -0.998401 0.056524 0.864258 0.009115 2 2 0.854999 8 0.145001
Charple2_sheet
  2 -0.964897 -0.792016 60.667671 -0.490450 -0.866862 0.089498 0.791016 0.127441 2 2 0.929514 8 0.070486
  2 -0.099236 -1.166031 59.036205 0.000000 -0.936797 0.349874 0.803627 0.009933 1 2 1.000000
  2 -0.099236 -1.394487 60.279007 0.000000 -0.998401 0.056524 0.864258 0.009115 2 2 0.854999 8 0.145001
Charple2_sheet
  2 -0.964897 -0.792016 60.667671 -0.490450 -0.866862 0.089498 0.791016 0.127441 2 2 0.929514 8 0.070486
  2 -0.640871 -1.236865 59.165722 -0.232529 -0.889488 0.393371 0.784668 0.093872 1 2 1.000000
  2 -0.099236 -1.166031 59.036205 0.000000 -0.936797 0.349874 0.803627 0.009933 1 2 1.000000
Charple2_sheet
  2 -1.274340 -0.703995 59.372223 -0.443281 -0.792160 0.419505 0.759888 0.120605 1 2 1.000000
  2 -0.640871 -1.236865 59.165722 -0.232529 -0.889488 0.393371 0.784668 0.093872 1 2 1.000000
  2 -0.964897 -0.792016 60.667671 -0.490450 -0.866862 0.089498 0.791016 0.127441 2 2 0.929514 8 0.070486
Charple2_sheet
  2 1.683615 0.081039 59.722824 0.475988 -0.690285 0.544924 0.724976 0.126709 1 2 1.000000
  2 3.052582 1.603455 60.642326 0.415380 0.002768 0.909644 0.648926 0.129395 1 2 1.000000
  2 2.354217 1.458957 61.150566 0.933643 0.061883 0.352818 0.647461 0.173340 1 2 1.000000
Charple2_sheet
  8 1.228504 2.617234 62.574493 0.508107 0.861274 -0.005878 0.575684 0.266113 2 8 0.824283 2 0.175717
  8 1.995263 1.967053 63.722752 0.839752 0.515120 -0.171664 0.609375 0.291992 1 8 1.000000
  8 2.248355 1.551335 62.841576 0.942007 0.327733 -0.072204 0.635254 0.246582 2 8 0.821423 2 0.178578
Charple2_sheet
  2 2.233910 1.436334 61.932121 0.978755 0.201203 0.039434 0.642178 0.214562 2 2 0.765156 8 0.234844
  8 1.228504 2.617234 62.574493 0.508107 0.861274 -0.005878 0.575684 0.266113 2 8 0.824283 2 0.175717
  8 2.248355 1.551335 62.841576 0.942007 0.327733 -0.072204 0.635254 0.246582 2 8 0.821423 2 0.178578
Charple2_sheet
  2 2.233910 1.436334 61.932121 0.978755 0.201203 0.039434 0.642178 0.214562 2 2 0.765156 8 0.234844
  2 1.285501 2.633331 61.802883 0.554920 0.825099 0.106187 0.575684 0.227539 2 2 0.753651 8 0.246350
  8 1.228504 2.617234 62.574493 0.508107 0.861274 -0.005878 0.575684 0.266113 2 8 0.824283 2 0.175717
Charple2_sheet
  2 2.354217 1.458957 61.150566 0.933643 0.061883 0.352818 0.647461 0.173340 1 2 1.000000
  2 1.285501 2.633331 61.802883 0.554920 0.825099 0.106187 0.575684 0.227539 2 2 0.753651 8 0.246350
  2 2.233910 1.436334 61.932121 0.978755 0.201203 0.039434 0.642178 0.214562 2 2 0.765156 8 0.234844
Charple2_sheet
  2 2.354217 1.458957 61.150566 0.933643 0.061883 0.352818 0.647461 0.173340 1 2 1.000000
  2 1.447762 2.745804 60.895111 0.442156 0.795966 0.413444 0.575684 0.187012 1 2 1.000000
  2 1.285501 2.633331 61.802883 0.554920 0.825099 0.106187 0.575684 0.227539 2 2 0.753651 8 0.246350
Charple2_sheet
  2 1.447762 2.745804 60.895111 0.442156 0.795966 0.413444 0.575684 0.187012 1 2 1.000000
  2 2.354217 1.458957 61.150566 0.933643 0.061883 0.352818 0.647461 0.173340 1 2 1.000000
  2 3.052582 1.603455 60.642326 0.415380 0.002768 0.909644 0.648926 0.129395 1 2 1.000000
Charple2_sheet
  2 1.447762 2.745804 60.895111 0.442156 0.795966 0.413444 0.575684 0.187012 1 2 1.000000
  2 3.052582 1.603455 60.642326 0.415380 0.002768 0.909644 0.648926 0.129395 1 2 1.000000
  2 2.001803 3.812098 59.374638 0.112205 0.757246 0.643419 0.575485 0.129838 1 2 1.000000
Charple2_sheet
  2 2.001803 3.812098 59.374638 0.112205 0.757246 0.643419 0.575485 0.129838 1 2 1.000000
  2 -0.099236 3.288805 60.375843 0.000000 0.929841 0.367961 0.518555 0.187012 1 2 1.000000
  2 1.447762 2.745804 60.895111 0.442156 0.795966 0.413444 0.575684 0.187012 1 2 1.000000
Charple2_sheet
  2 2.001803 3.812098 59.374638 0.112205 0.757246 0.643419 0.575485 0.129838 1 2 1.000000
  2 -0.099236 4.049798 59.114441 0.000000 0.864493 0.502645 0.518372 0.132064 1 2 1.000000
  2 -0.099236 3.288805 60.375843 0.000000 0.929841 0.367961 0.518555 0.187012 1 2 1.000000
Charple2_sheet
  2 -1.646233 2.745804 60.895111 -0.442156 0.795966 0.413444 0.575684 0.187012 2 2 0.923883 8 0.076117
  2 -0.099236 3.288805 60.375843 0.000000 0.929841 0.367961 0.518555 0.187012 1 2 1.000000
  2 -0.099236 4.049798 59.114441 0.000000 0.864493 0.502645 0.518372 0.132064 1 2 1.000000
Charple2_sheet
  2 -1.646233 2.745804 60.895111 -0.442156 0.795966 0.413444 0.575684 0.187012 2 2 0.923883 8 0.076117
  2 -0.099236 4.049798 59.114441 0.000000 0.864493 0.502645 0.518372 0.132064 1 2 1.000000
  2 -2.200274 3.812098 59.374638 -0.105365 0.765032 0.635314 0.575485 0.129838 1 2 1.000000
Charple2_sheet
  2 -2.200274 3.812098 59.374638 -0.105365 0.765032 0.635314 0.575485 0.129838 1 2 1.000000
  2 -2.552688 1.458957 61.150570 -0.933643 0.061883 0.352818 0.647461 0.173340 2 2 0.925982 8 0.074018
  2 -1.646233 2.745804 60.895111 -0.442156 0.795966 0.413444 0.575684 0.187012 2 2 0.923883 8 0.076117
Charple2_sheet
  2 -2.200274 3.812098 59.374638 -0.105365 0.765032 0.635314 0.575485 0.129838 1 2 1.000000
  2 -3.251053 1.603455 60.642326 -0.393705 -0.016202 0.919094 0.648926 0.129395 1 2 1.000000
  2 -2.552688 1.458957 61.150570 -0.933643 0.061883 0.352818 0.647461 0.173340 2 2 0.925982 8 0.074018
Charple2_sheet
  2 -2.025254 0.263560 60.933178 -0.881593 -0.470964 0.031399 0.709473 0.167969 2 2 0.937061 8 0.062939
  2 -2.552688 1.458957 61.150570 -0.933643 0.061883 0.352818 0.647461 0.173340 2 2 0.925982 8 0.074018
  2 -3.251053 1.603455 60.642326 -0.393705 -0.016202 0.919094 0.648926 0.129395 1 2 1.000000
Charple2_sheet
  2 -2.025254 0.263560 60.933178 -0.881593 -0.470964 0.031399 0.709473 0.167969 2 2 0.937061 8 0.062939
  2 -3.251053 1.603455 60.642326 -0.393705 -0.016202 0.919094 0.648926 0.129395 1 2 1.000000
  2 -1.882086 0.081039 59.722824 -0.475988 -0.690285 0.544924 0.724976 0.126709 1 2 1.000000
Charple2_sheet
  2 -1.274340 -0.703995 59.372223 -0.443281 -0.792160 0.419505 0.759888 0.120605 1 2 1.000000
  2 -2.025254 0.263560 60.933178 -0.881593 -0.470964 0.031399 0.709473 0.167969 2 2 0.937061 8 0.062939
  2 -1.882086 0.081039 59.722824 -0.475988 -0.690285 0.544924 0.724976 0.126709 1 2 1.000000
Charple2_sheet
  2 -1.274340 -0.703995 59.372223 -0.443281 -0.792160 0.419505 0.759888 0.120605 1 2 1.000000
  2 -1.719654 -0.408111 60.748177 -0.736915 -0.675557 0.024062 0.751465 0.159180 2 2 0.937061 8 0.062939
  2 -2.025254 0.263560 60.933178 -0.881593 -0.470964 0.031399 0.709473 0.167969 2 2 0.937061 8 0.062939
Charple2_sheet
  2 -1.274340 -0.703995 59.372223 -0.443281 -0.792160 0.419505 0.759888 0.120605 1 2 1.000000
  2 -0.964897 -0.792016 60.667671 -0.490450 -0.866862 0.089498 0.791016 0.127441 2 2 0.929514 8 0.070486
  2 -1.719654 -0.408111 60.748177 -0.736915 -0.675557 0.024062 0.751465 0.159180 2 2 0.937061 8 0.062939
Charple2_sheet
  8 -2.312132 0.402652 62.910824 -0.904325 -0.405372 -0.133677 0.723633 0.232910 2 8 0.843693 2 0.156307
  2 -2.200594 0.603697 61.879574 -0.954778 -0.291534 -0.058364 0.697641 0.205522 2 2 0.727309 8 0.272691
  2 -1.984209 0.016931 61.791080 -0.809473 -0.586175 -0.033952 0.732910 0.200195 2 2 0.708759 8 0.291241
Charple2_sheet
  8 -2.066574 -0.046677 62.811623 -0.857992 -0.409929 -0.309528 0.765625 0.222656 2 8 0.856480 2 0.143520
  8 -2.312132 0.402652 62.910824 -0.904325 -0.405372 -0.133677 0.723633 0.232910 2 8 0.843693 2 0.156307
  2 -1.984209 0.016931 61.791080 -0.809473 -0.586175 -0.033952 0.732910 0.200195 2 2 0.708759 8 0.291241
Charple2_sheet
  8 -2.066574 -0.046677 62.811623 -0.857992 -0.409929 -0.309528 0.765625 0.222656 2 8 0.856480 2 0.143520
  2 -1.984209 0.016931 61.791080 -0.809473 -0.586175 -0.033952 0.732910 0.200195 2 2 0.708759 8 0.291241
  2 -1.159998 -0.499417 61.770645 -0.663496 -0.717423 -0.212315 0.781250 0.173828 2 2 0.600436 8 0.399564
Charple2_sheet
  2 -1.159998 -0.499417 61.770645 -0.663496 -0.717423 -0.212315 0.781250 0.173828 2 2 0.600436 8 0.399564
  2 -1.984209 0.016931 61.791080 -0.809473 -0.586175 -0.033952 0.732910 0.200195 2 2 0.708759 8 0.291241
  2 -1.719654 -0.408111 60.748177 -0.736915 -0.675557 0.024062 0.751465 0.159180 2 2 0.937061 8 0.062939
Charple2_sheet
  2 -1.984209 0.016931 61.791080 -0.809473 -0.586175 -0.033952 0.732910 0.200195 2 2 0.708759 8 0.291241
  2 -2.025254 0.263560 60.933178 -0.881593 -0.470964 0.031399 0.709473 0.167969 2 2 0.937061 8 0.062939
  2 -1.719654 -0.408111 60.748177 -0.736915 -0.675557 0.024062 0.751465 0.159180 2 2 0.937061 8 0.062939
Charple2_sheet
  2 -1.984209 0.016931 61.791080 -0.809473 -0.586175 -0.033952 0.732910 0.200195 2 2 0.708759 8 0.291241
  2 -2.200594 0.603697 61.879574 -0.954778 -0.291534 -0.058364 0.697641 0.205522 2 2 0.727309 8 0.272691
  2 -2.025254 0.263560 60.933178 -0.881593 -0.470964 0.031399 0.709473 0.167969 2 2 0.937061 8 0.062939
Charple2_sheet
  2 -2.432381 1.436334 61.932125 -0.978755 0.201203 0.039434 0.642178 0.214562 2 2 0.699415 8 0.300585
  2 -2.025254 0.263560 60.933178 -0.881593 -0.470964 0.031399 0.709473 0.167969 2 2 0.937061 8 0.062939
  2 -2.200594 0.603697 61.879574 -0.954778 -0.291534 -0.058364 0.697641 0.205522 2 2 0.727309 8 0.272691
Charple2_sheet
  2 -2.432381 1.436334 61.932125 -0.978755 0.201203 0.039434 0.642178 0.214562 2 2 0.699415 8 0.300585
  2 -2.552688 1.458957 61.150570 -0.933643 0.061883 0.352818 0.647461 0.173340 2 2 0.925982 8 0.074018
  2 -2.025254 0.263560 60.933178 -0.881593 -0.470964 0.031399 0.709473 0.167969 2 2 0.937061 8 0.062939
Charple2_sheet
  2 -2.432381 1.436334 61.932125 -0.978755 0.201203 0.039434 0.642178 0.214562 2 2 0.699415 8 0.300585
  2 -1.646233 2.745804 60.895111 -0.442156 0.795966 0.413444 0.575684 0.187012 2 2 0.923883 8 0.076117
  2 -2.552688 1.458957 61.150570 -0.933643 0.061883 0.352818 0.647461 0.173340 2 2 0.925982 8 0.074018
Charple2_sheet
  8 -0.099236 -1.604087 61.821201 0.000000 -0.467709 -0.883882 0.987630 0.026530 2 8 0.855221 2 0.144779
  2 -1.159998 -0.499417 61.770645 -0.663496 -0.717423 -0.212315 0.781250 0.173828 2 2 0.600436 8 0.399564
  2 -0.099236 -1.390697 61.079746 0.000000 -0.964117 -0.265478 0.914876 0.008789 2 2 0.664291 8 0.335709
Charple2_sheet
  8 -0.099236 -1.604087 61.821201 0.000000 -0.467709 -0.883882 0.987630 0.026530 2 8 0.855221 2 0.144779
  8 -0.626949 -1.490271 61.939026 -0.557415 -0.302849 -0.773027 0.887533 0.085775 2 8 0.868776 2 0.131224
  2 -1.159998 -0.499417 61.770645 -0.663496 -0.717423 -0.212315 0.781250 0.173828 2 2 0.600436 8 0.399564
Charple2_sheet
  8 -0.626949 -1.490271 61.939026 -0.557415 -0.302849 -0.773027 0.887533 0.085775 2 8 0.868776 2 0.131224
  8 -2.066574 -0.046677 62.811623 -0.857992 -0.409929 -0.309528 0.765625 0.222656 2 8 0.856480 2 0.143520
  2 -1.159998 -0.499417 61.770645 -0.663496 -0.717423 -0.212315 0.781250 0.173828 2 2 0.600436 8 0.399564
Charple2_sheet
  8 -0.626949 -1.490271 61.939026 -0.557415 -0.302849 -0.773027 0.887533 0.085775 2 8 0.868776 2 0.131224
  8 -1.877132 -0.891797 62.673645 -0.796318 -0.188012 -0.574916 0.825684 0.185059 1 8 1.000000
  8 -2.066574 -0.046677 62.811623 -0.857992 -0.409929 -0.309528 0.765625 0.222656 2 8 0.856480 2 0.143520
Charple2_sheet
  8 -2.805003 0.809074 65.443932 -0.996152 -0.012472 -0.086755 0.650391 0.280273 1 8 1.000000
  8 -2.066574 -0.046677 62.811623 -0.857992 -0.409929 -0.309528 0.765625 0.222656 2 8 0.856480 2 0.143520
  8 -1.877132 -0.891797 62.673645 -0.796318 -0.188012 -0.574916 0.825684 0.185059 1 8 1.000000
Charple2_sheet
  8 -2.312132 0.402652 62.910824 -0.904325 -0.405372 -0.133677 0.723633 0.232910 2 8 0.843693 2 0.156307
  8 -2.066574 -0.046677 62.811623 -0.857992 -0.409929 -0.309528 0.765625 0.222656 2 8 0.856480 2 0.143520
  8 -2.805003 0.809074 65.443932 -0.996152 -0.012472 -0.086755 0.650391 0.280273 1 8 1.000000
Charple2_sheet
  8 -2.312132 0.402652 62.910824 -0.904325 -0.405372 -0.133677 0.723633 0.232910 2 8 0.843693 2 0.156307
  8 -2.805003 0.809074 65.443932 -0.996152 -0.012472 -0.086755 0.650391 0.280273 1 8 1.000000
  8 -2.386847 0.935794 62.917423 -0.975737 -0.171812 -0.135710 0.689453 0.236816 2 8 0.826235 2 0.173765
Charple2_sheet
  8 -2.312132 0.402652 62.910824 -0.904325 -0.405372 -0.133677 0.723633 0.232910 2 8 0.843693 2 0.156307
  8 -2.386847 0.935794 62.917423 -0.975737 -0.171812 -0.135710 0.689453 0.236816 2 8 0.826235 2 0.173765
  2 -2.200594 0.603697 61.879574 -0.954778 -0.291534 -0.058364 0.697641 0.205522 2 2 0.727309 8 0.272691
Charple2_sheet
  8 -2.446826 1.551335 62.841579 -0.942007 0.327733 -0.072204 0.635254 0.246582 2 8 0.851024 2 0.148976
  2 -2.200594 0.603697 61.879574 -0.954778 -0.291534 -0.058364 0.697641 0.205522 2 2 0.727309 8 0.272691
  8 -2.386847 0.935794 62.917423 -0.975737 -0.171812 -0.135710 0.689453 0.236816 2 8 0.826235 2 0.173765
Charple2_sheet
  8 -2.446826 1.551335 62.841579 -0.942007 0.327733 -0.072204 0.635254 0.246582 2 8 0.851024 2 0.148976
  2 -2.432381 1.436334 61.932125 -0.978755 0.201203 0.039434 0.642178 0.214562 2 2 0.699415 8 0.300585
  2 -2.200594 0.603697 61.879574 -0.954778 -0.291534 -0.058364 0.697641 0.205522 2 2 0.727309 8 0.272691
Charple2_sheet
  8 -2.446826 1.551335 62.841579 -0.942007 0.327733 -0.072204 0.635254 0.246582 2 8 0.851024 2 0.148976
  2 -1.483972 2.633331 61.802887 -0.554920 0.825099 0.106187 0.575684 0.227539 2 2 0.684875 8 0.315125
  2 -2.432381 1.436334 61.932125 -0.978755 0.201203 0.039434 0.642178 0.214562 2 2 0.699415 8 0.300585
Charple2_sheet
  2 -2.432381 1.436334 61.932125 -0.978755 0.201203 0.039434 0.642178 0.214562 2 2 0.699415 8 0.300585
  2 -1.483972 2.633331 61.802887 -0.554920 0.825099 0.106187 0.575684 0.227539 2 2 0.684875 8 0.315125
  2 -1.646233 2.745804 60.895111 -0.442156 0.795966 0.413444 0.575684 0.187012 2 2 0.923883 8 0.076117
Charple2_sheet
  2 -1.483972 2.633331 61.802887 -0.554920 0.825099 0.106187 0.575684 0.227539 2 2 0.684875 8 0.315125
  2 -0.099236 3.288805 60.375843 0.000000 0.929841 0.367961 0.518555 0.187012 1 2 1.000000
  2 -1.646233 2.745804 60.895111 -0.442156 0.795966 0.413444 0.575684 0.187012 2 2 0.923883 8 0.076117
Charple2_sheet
  2 -1.483972 2.633331 61.802887 -0.554920 0.825099 0.106187 0.575684 0.227539 2 2 0.684875 8 0.315125
  2 -0.099236 3.150386 61.428860 0.000000 0.991589 0.129427 0.518472 0.226762 2 2 0.723125 8 0.276875
  2 -0.099236 3.288805 60.375843 0.000000 0.929841 0.367961 0.518555 0.187012 1 2 1.000000
Charple2_sheet
  2 1.447762 2.745804 60.895111 0.442156 0.795966 0.413444 0.575684 0.187012 1 2 1.000000
  2 -0.099236 3.288805 60.375843 0.000000 0.929841 0.367961 0.518555 0.187012 1 2 1.000000
  2 -0.099236 3.150386 61.428860 0.000000 0.991589 0.129427 0.518472 0.226762 2 2 0.723125 8 0.276875
Charple2_sheet
  2 1.447762 2.745804 60.895111 0.442156 0.795966 0.413444 0.575684 0.187012 1 2 1.000000
  2 -0.099236 3.150386 61.428860 0.000000 0.991589 0.129427 0.518472 0.226762 2 2 0.723125 8 0.276875
  2 1.285501 2.633331 61.802883 0.554920 0.825099 0.106187 0.575684 0.227539 2 2 0.753651 8 0.246350
Charple2_sheet
  2 1.285501 2.633331 61.802883 0.554920 0.825099 0.106187 0.575684 0.227539 2 2 0.753651 8 0.246350
  2 -0.099236 3.150386 61.428860 0.000000 0.991589 0.129427 0.518472 0.226762 2 2 0.723125 8 0.276875
  8 -0.099236 2.997992 62.392941 0.000000 0.998539 0.054036 0.518788 0.265567 2 8 0.836737 2 0.163263
Charple2_sheet
  2 1.285501 2.633331 61.802883 0.554920 0.825099 0.106187 0.575684 0.227539 2 2 0.753651 8 0.246350
  8 -0.099236 2.997992 62.392941 0.000000 0.998539 0.054036 0.518788 0.265567 2 8 0.836737 2 0.163263
  8 1.228504 2.617234 62.574493 0.508107 0.861274 -0.005878 0.575684 0.266113 2 8 0.824283 2 0.175717
Charple2_sheet
  8 -2.805003 0.809074 65.443932 -0.996152 -0.012472 -0.086755 0.650391 0.280273 1 8 1.000000
  8 -2.209741 2.672721 64.713005 -0.855386 0.478640 -0.198037 0.595703 0.364258 1 8 1.000000
  8 -2.193734 1.967053 63.722752 -0.839752 0.515120 -0.171664 0.609375 0.291992 1 8 1.000000
Charple2_sheet
  8 -2.193734 1.967053 63.722752 -0.839752 0.515120 -0.171664 0.609375 0.291992 1 8 1.000000
  8 -2.209741 2.672721 64.713005 -0.855386 0.478640 -0.198037 0.595703 0.364258 1 8 1.000000
  8 -1.222885 3.599766 64.496292 -0.437438 0.829094 -0.348211 0.558594 0.387207 1 8 1.000000
Charple2_sheet
  8 -2.193734 1.967053 63.722752 -0.839752 0.515120 -0.171664 0.609375 0.291992 1 8 1.000000
  8 -1.222885 3.599766 64.496292 -0.437438 0.829094 -0.348211 0.558594 0.387207 1 8 1.000000
  8 -1.386215 2.805520 63.465115 -0.451395 0.836553 -0.310517 0.564941 0.306152 1 8 1.000000
Charple2_sheet
  8 -0.099236 2.809813 63.401558 0.000000 0.942661 -0.333752 0.518811 0.305610 1 8 1.000000
  8 -1.386215 2.805520 63.465115 -0.451395 0.836553 -0.310517 0.564941 0.306152 1 8 1.000000
  8 -1.222885 3.599766 64.496292 -0.437438 0.829094 -0.348211 0.558594 0.387207 1 8 1.000000
Charple2_sheet
  8 -0.099236 2.997992 62.392941 0.000000 0.998539 0.054036 0.518788 0.265567 2 8 0.836737 2 0.163263
  8 -1.386215 2.805520 63.465115 -0.451395 0.836553 -0.310517 0.564941 0.306152 1 8 1.000000
  8 -0.099236 2.809813 63.401558 0.000000 0.942661 -0.333752 0.518811 0.305610 1 8 1.000000
Charple2_sheet
  8 -0.099236 2.997992 62.392941 0.000000 0.998539 0.054036 0.518788 0.265567 2 8 0.836737 2 0.163263
  8 -1.426975 2.617234 62.574497 -0.508107 0.861274 -0.005878 0.575684 0.266113 2 8 0.853491 2 0.146510
  8 -1.386215 2.805520 63.465115 -0.451395 0.836553 -0.310517 0.564941 0.306152 1 8 1.000000
Charple2_sheet
  8 -1.426975 2.617234 62.574497 -0.508107 0.861274 -0.005878 0.575684 0.266113 2 8 0.853491 2 0.146510
  8 -0.099236 2.997992 62.392941 0.000000 0.998539 0.054036 0.518788 0.265567 2 8 0.836737 2 0.163263
  2 -0.099236 3.150386 61.428860 0.000000 0.991589 0.129427 0.518472 0.226762 2 2 0.723125 8 0.276875
Charple2_sheet
  8 -1.426975 2.617234 62.574497 -0.508107 0.861274 -0.005878 0.575684 0.266113 2 8 0.853491 2 0.146510
  2 -0.099236 3.150386 61.428860 0.000000 0.991589 0.129427 0.518472 0.226762 2 2 0.723125 8 0.276875
  2 -1.483972 2.633331 61.802887 -0.554920 0.825099 0.106187 0.575684 0.227539 2 2 0.684875 8 0.315125
Charple2_sheet
  8 -2.446826 1.551335 62.841579 -0.942007 0.327733 -0.072204 0.635254 0.246582 2 8 0.851024 2 0.148976
  8 -1.426975 2.617234 62.574497 -0.508107 0.861274 -0.005878 0.575684 0.266113 2 8 0.853491 2 0.146510
  2 -1.483972 2.633331 61.802887 -0.554920 0.825099 0.106187 0.575684 0.227539 2 2 0.684875 8 0.315125
Charple2_sheet
  8 -2.446826 1.551335 62.841579 -0.942007 0.327733 -0.072204 0.635254 0.246582 2 8 0.851024 2 0.148976
  8 -1.386215 2.805520 63.465115 -0.451395 0.836553 -0.310517 0.564941 0.306152 1 8 1.000000
  8 -1.426975 2.617234 62.574497 -0.508107 0.861274 -0.005878 0.575684 0.266113 2 8 0.853491 2 0.146510
Charple2_sheet
  8 -2.446826 1.551335 62.841579 -0.942007 0.327733 -0.072204 0.635254 0.246582 2 8 0.851024 2 0.148976
  8 -2.193734 1.967053 63.722752 -0.839752 0.515120 -0.171664 0.609375 0.291992 1 8 1.000000
  8 -1.386215 2.805520 63.465115 -0.451395 0.836553 -0.310517 0.564941 0.306152 1 8 1.000000
Charple2_sheet
  8 -2.805003 0.809074 65.443932 -0.996152 -0.012472 -0.086755 0.650391 0.280273 1 8 1.000000
  8 -2.193734 1.967053 63.722752 -0.839752 0.515120 -0.171664 0.609375 0.291992 1 8 1.000000
  8 -2.446826 1.551335 62.841579 -0.942007 0.327733 -0.072204 0.635254 0.246582 2 8 0.851024 2 0.148976
Charple2_sheet
  8 -2.446826 1.551335 62.841579 -0.942007 0.327733 -0.072204 0.635254 0.246582 2 8 0.851024 2 0.148976
  8 -2.386847 0.935794 62.917423 -0.975737 -0.171812 -0.135710 0.689453 0.236816 2 8 0.826235 2 0.173765
  8 -2.805003 0.809074 65.443932 -0.996152 -0.012472 -0.086755 0.650391 0.280273 1 8 1.000000
Charple2_sheet
  8 -0.099236 2.809813 63.401558 0.000000 0.942661 -0.333752 0.518811 0.305610 1 8 1.000000
  8 1.228504 2.617234 62.574493 0.508107 0.861274 -0.005878 0.575684 0.266113 2 8 0.824283 2 0.175717
  8 -0.099236 2.997992 62.392941 0.000000 0.998539 0.054036 0.518788 0.265567 2 8 0.836737 2 0.163263
Charple2_sheet
  8 -0.099236 2.809813 63.401558 0.000000 0.942661 -0.333752 0.518811 0.305610 1 8 1.000000
  8 1.187744 2.805520 63.465115 0.451395 0.836553 -0.310517 0.564941 0.306152 1 8 1.000000
  8 1.228504 2.617234 62.574493 0.508107 0.861274 -0.005878 0.575684 0.266113 2 8 0.824283 2 0.175717
Charple2_sheet
  8 -0.099236 3.715099 64.451935 0.000000 0.913055 -0.407836 0.518555 0.394531 1 8 1.000000
  8 1.187744 2.805520 63.465115 0.451395 0.836553 -0.310517 0.564941 0.306152 1 8 1.000000
  8 -0.099236 2.809813 63.401558 0.000000 0.942661 -0.333752 0.518811 0.305610 1 8 1.000000
Charple2_sheet
  8 -0.099236 2.809813 63.401558 0.000000 0.942661 -0.333752 0.518811 0.305610 1 8 1.000000
  8 -1.222885 3.599766 64.496292 -0.437438 0.829094 -0.348211 0.558594 0.387207 1 8 1.000000
  8 -0.099236 3.715099 64.451935 0.000000 0.913055 -0.407836 0.518555 0.394531 1 8 1.000000
Charple2_sheet
  8 -0.099236 3.715099 64.451935 0.000000 0.913055 -0.407836 0.518555 0.394531 1 8 1.000000
  8 -1.222885 3.599766 64.496292 -0.437438 0.829094 -0.348211 0.558594 0.387207 1 8 1.000000
  8 -1.296450 3.979214 67.559555 -0.515114 0.824293 0.234944 0.561260 0.452995 1 8 1.000000
Charple2_sheet
  8 -2.209741 2.672721 64.713005 -0.855386 0.478640 -0.198037 0.595703 0.364258 1 8 1.000000
  8 -1.296450 3.979214 67.559555 -0.515114 0.824293 0.234944 0.561260 0.452995 1 8 1.000000
  8 -1.222885 3.599766 64.496292 -0.437438 0.829094 -0.348211 0.558594 0.387207 1 8 1.000000
Charple2_sheet
  8 -2.209741 2.672721 64.713005 -0.855386 0.478640 -0.198037 0.595703 0.364258 1 8 1.000000
  8 -2.268645 2.999795 66.868607 -0.879168 0.472794 0.059413 0.602056 0.425091 1 8 1.000000
  8 -1.296450 3.979214 67.559555 -0.515114 0.824293 0.234944 0.561260 0.452995 1 8 1.000000
Charple2_sheet
  8 -2.805003 0.809074 65.443932 -0.996152 -0.012472 -0.086755 0.650391 0.280273 1 8 1.000000
  8 -2.268645 2.999795 66.868607 -0.879168 0.472794 0.059413 0.602056 0.425091 1 8 1.000000
  8 -2.209741 2.672721 64.713005 -0.855386 0.478640 -0.198037 0.595703 0.364258 1 8 1.000000
Charple2_sheet
  8 -2.805003 0.809074 65.443932 -0.996152 -0.012472 -0.086755 0.650391 0.280273 1 8 1.000000
  8 -2.636877 1.541345 68.431091 -0.937021 0.198101 0.287660 0.682788 0.504746 1 8 1.000000
  8 -2.268645 2.999795 66.868607 -0.879168 0.472794 0.059413 0.602056 0.425091 1 8 1.000000
Charple2_sheet
  8 -2.636877 1.541345 68.431091 -0.937021 0.198101 0.287660 0.682788 0.504746 1 8 1.000000
  8 -1.296450 3.979214 67.559555 -0.515114 0.824293 0.234944 0.561260 0.452995 1 8 1.000000
  8 -2.268645 2.999795 66.868607 -0.879168 0.472794 0.059413 0.602056 0.425091 1 8 1.000000
Charple2_sheet
  8 -2.636877 1.541345 68.431091 -0.937021 0.198101 0.287660 0.682788 0.504746 1 8 1.000000
  8 -1.425207 1.866186 69.852989 -0.515303 0.353688 0.780620 0.687992 0.586034 1 8 1.000000
  8 -1.296450 3.979214 67.559555 -0.515114 0.824293 0.234944 0.561260 0.452995 1 8 1.000000
Charple2_sheet
  8 -2.576653 -0.330190 68.270584 -0.944829 -0.215162 0.246987 0.754883 0.504883 1 8 1.000000
  8 -1.425207 1.866186 69.852989 -0.515303 0.353688 0.780620 0.687992 0.586034 1 8 1.000000
  8 -2.636877 1.541345 68.431091 -0.937021 0.198101 0.287660 0.682788 0.504746 1 8 1.000000
Charple2_sheet
  8 -2.576653 -0.330190 68.270584 -0.944829 -0.215162 0.246987 0.754883 0.504883 1 8 1.000000
  8 -2.636877 1.541345 68.431091 -0.937021 0.198101 0.287660 0.682788 0.504746 1 8 1.000000
  8 -2.805003 0.809074 65.443932 -0.996152 -0.012472 -0.086755 0.650391 0.280273 1 8 1.000000
Charple2_sheet
  8 -2.576653 -0.330190 68.270584 -0.944829 -0.215162 0.246987 0.754883 0.504883 1 8 1.000000
  8 -2.805003 0.809074 65.443932 -0.996152 -0.012472 -0.086755 0.650391 0.280273 1 8 1.000000
  8 -2.409208 -1.503650 66.389214 -0.923851 -0.378991 -0.053530 0.842663 0.374524 1 8 1.000000
Charple2_sheet
  8 -2.357663 -1.700107 65.518639 -0.869816 -0.493304 0.008448 0.830957 0.329475 1 8 1.000000
  8 -2.409208 -1.503650 66.389214 -0.923851 -0.378991 -0.053530 0.842663 0.374524 1 8 1.000000
  8 -2.805003 0.809074 65.443932 -0.996152 -0.012472 -0.086755 0.650391 0.280273 1 8 1.000000
Charple2_sheet
  8 -2.357663 -1.700107 65.518639 -0.869816 -0.493304 0.008448 0.830957 0.329475 1 8 1.000000
  8 -1.853185 -2.252717 66.112930 -0.671942 -0.707537 -0.218826 0.863110 0.375574 1 8 1.000000
  8 -2.409208 -1.503650 66.389214 -0.923851 -0.378991 -0.053530 0.842663 0.374524 1 8 1.000000
Charple2_sheet
  8 -2.357663 -1.700107 65.518639 -0.869816 -0.493304 0.008448 0.830957 0.329475 1 8 1.000000
  8 -1.779458 -2.309511 65.707283 -0.578420 -0.814861 0.037833 0.864655 0.348691 1 8 1.000000
  8 -1.853185 -2.252717 66.112930 -0.671942 -0.707537 -0.218826 0.863110 0.375574 1 8 1.000000
Charple2_sheet
  8 -1.614335 -2.344811 66.066063 -0.432873 -0.861952 -0.263930 0.882438 0.368129 1 8 1.000000
  8 -1.853185 -2.252717 66.112930 -0.671942 -0.707537 -0.218826 0.863110 0.375574 1 8 1.000000
  8 -1.779458 -2.309511 65.707283 -0.578420 -0.814861 0.037833 0.864655 0.348691 1 8 1.000000
Charple2_sheet
  8 -1.614335 -2.344811 66.066063 -0.432873 -0.861952 -0.263930 0.882438 0.368129 1 8 1.000000
  8 -1.779458 -2.309511 65.707283 -0.578420 -0.814861 0.037833 0.864655 0.348691 1 8 1.000000
  8 -1.484464 -2.473185 65.986511 -0.334001 -0.844380 0.418887 0.892413 0.360236 1 8 1.000000
Charple2_sheet
  8 -1.253052 -2.609194 65.907051 -0.225268 -0.901136 0.370417 0.920050 0.358247 1 8 1.000000
  8 -1.484464 -2.473185 65.986511 -0.334001 -0.844380 0.418887 0.892413 0.360236 1 8 1.000000
  8 -1.779458 -2.309511 65.707283 -0.578420 -0.814861 0.037833 0.864655 0.348691 1 8 1.000000
Charple2_sheet
  8 -1.253052 -2.609194 65.907051 -0.225268 -0.901136 0.370417 0.920050 0.358247 1 8 1.000000
  8 -1.779458 -2.309511 65.707283 -0.578420 -0.814861 0.037833 0.864655 0.348691 1 8 1.000000
  8 -1.158164 -2.566529 65.522141 -0.492767 -0.849272 0.189518 0.916869 0.331655 1 8 1.000000
Charple2_sheet
  8 -0.924695 -2.607374 65.934013 -0.185654 -0.850800 0.491601 0.950323 0.365361 1 8 1.000000
  8 -1.253052 -2.609194 65.907051 -0.225268 -0.901136 0.370417 0.920050 0.358247 1 8 1.000000
  8 -1.158164 -2.566529 65.522141 -0.492767 -0.849272 0.189518 0.916869 0.331655 1 8 1.000000
Charple2_sheet
  8 -0.924695 -2.607374 65.934013 -0.185654 -0.850800 0.491601 0.950323 0.365361 1 8 1.000000
  8 -1.158164 -2.566529 65.522141 -0.492767 -0.849272 0.189518 0.916869 0.331655 1 8 1.000000
  8 -0.768565 -2.688946 65.706757 -0.473817 -0.742941 0.472796 0.948250 0.340883 1 8 1.000000
Charple2_sheet
  8 -0.624152 -2.626299 65.952568 -0.424558 -0.905332 -0.011147 0.963542 0.360189 1 8 1.000000
  8 -0.924695 -2.607374 65.934013 -0.185654 -0.850800 0.491601 0.950323 0.365361 1 8 1.000000
  8 -0.768565 -2.688946 65.706757 -0.473817 -0.742941 0.472796 0.948250 0.340883 1 8 1.000000
Charple2_sheet
  8 -0.624152 -2.626299 65.952568 -0.424558 -0.905332 -0.011147 0.963542 0.360189 1 8 1.000000
  8 -0.768565 -2.688946 65.706757 -0.473817 -0.742941 0.472796 0.948250 0.340883 1 8 1.000000
  8 -0.436162 -2.855660 65.909576 -0.664729 -0.737533 0.119080 0.975098 0.353516 1 8 1.000000
Charple2_sheet
  8 -0.848457 -2.678873 66.124481 -0.332866 -0.694804 -0.637532 0.950133 0.369601 1 8 1.000000
  8 -0.624152 -2.626299 65.952568 -0.424558 -0.905332 -0.011147 0.963542 0.360189 1 8 1.000000
  8 -0.436162 -2.855660 65.909576 -0.664729 -0.737533 0.119080 0.975098 0.353516 1 8 1.000000
Charple2_sheet
  8 -0.848457 -2.678873 66.124481 -0.332866 -0.694804 -0.637532 0.950133 0.369601 1 8 1.000000
  8 -0.436162 -2.855660 65.909576 -0.664729 -0.737533 0.119080 0.975098 0.353516 1 8 1.000000
  8 -0.622253 -2.857557 66.229118 -0.467911 -0.756308 -0.457229 0.962101 0.376422 1 8 1.000000
Charple2_sheet
  8 -1.161374 -2.687173 66.211922 -0.176301 -0.732253 -0.657817 0.922620 0.364444 1 8 1.000000
  8 -0.848457 -2.678873 66.124481 -0.332866 -0.694804 -0.637532 0.950133 0.369601 1 8 1.000000
  8 -0.622253 -2.857557 66.229118 -0.467911 -0.756308 -0.457229 0.962101 0.376422 1 8 1.000000
Charple2_sheet
  8 -1.161374 -2.687173 66.211922 -0.176301 -0.732253 -0.657817 0.922620 0.364444 1 8 1.000000
  8 -0.622253 -2.857557 66.229118 -0.467911 -0.756308 -0.457229 0.962101 0.376422 1 8 1.000000
  8 -1.157318 -2.743359 66.346390 -0.275442 -0.841980 -0.463898 0.925289 0.386941 1 8 1.000000
Charple2_sheet
  8 -1.498363 -2.550607 66.121780 -0.217875 -0.621412 -0.752581 0.896110 0.364309 1 8 1.000000
  8 -1.161374 -2.687173 66.211922 -0.176301 -0.732253 -0.657817 0.922620 0.364444 1 8 1.000000
  8 -1.157318 -2.743359 66.346390 -0.275442 -0.841980 -0.463898 0.925289 0.386941 1 8 1.000000
Charple2_sheet
  8 -1.498363 -2.550607 66.121780 -0.217875 -0.621412 -0.752581 0.896110 0.364309 1 8 1.000000
  8 -1.157318 -2.743359 66.346390 -0.275442 -0.841980 -0.463898 0.925289 0.386941 1 8 1.000000
  8 -1.614934 -2.598675 66.271858 -0.472216 -0.749067 -0.464662 0.887623 0.384718 1 8 1.000000
Charple2_sheet
  8 -1.614335 -2.344811 66.066063 -0.432873 -0.861952 -0.263930 0.882438 0.368129 1 8 1.000000
  8 -1.498363 -2.550607 66.121780 -0.217875 -0.621412 -0.752581 0.896110 0.364309 1 8 1.000000
  8 -1.614934 -2.598675 66.271858 -0.472216 -0.749067 -0.464662 0.887623 0.384718 1 8 1.000000
Charple2_sheet
  8 -1.614335 -2.344811 66.066063 -0.432873 -0.861952 -0.263930 0.882438 0.368129 1 8 1.000000
  8 -1.614934 -2.598675 66.271858 -0.472216 -0.749067 -0.464662 0.887623 0.384718 1 8 1.000000
  8 -1.853185 -2.252717 66.112930 -0.671942 -0.707537 -0.218826 0.863110 0.375574 1 8 1.000000
Charple2_sheet
  8 -1.853185 -2.252717 66.112930 -0.671942 -0.707537 -0.218826 0.863110 0.375574 1 8 1.000000
  8 -1.614934 -2.598675 66.271858 -0.472216 -0.749067 -0.464662 0.887623 0.384718 1 8 1.000000
  8 -1.803932 -2.626787 66.655594 -0.703401 -0.699616 -0.125555 0.880371 0.421875 1 8 1.000000
Charple2_sheet
  8 -1.853185 -2.252717 66.112930 -0.671942 -0.707537 -0.218826 0.863110 0.375574 1 8 1.000000
  8 -1.803932 -2.626787 66.655594 -0.703401 -0.699616 -0.125555 0.880371 0.421875 1 8 1.000000
  8 -2.409208 -1.503650 66.389214 -0.923851 -0.378991 -0.053530 0.842663 0.374524 1 8 1.000000
Charple2_sheet
  8 -2.298533 -1.870386 67.893799 -0.773986 -0.582582 0.248082 0.853027 0.468750 1 8 1.000000
  8 -2.409208 -1.503650 66.389214 -0.923851 -0.378991 -0.053530 0.842663 0.374524 1 8 1.000000
  8 -1.803932 -2.626787 66.655594 -0.703401 -0.699616 -0.125555 0.880371 0.421875 1 8 1.000000
Charple2_sheet
  8 -2.298533 -1.870386 67.893799 -0.773986 -0.582582 0.248082 0.853027 0.468750 1 8 1.000000
  8 -2.576653 -0.330190 68.270584 -0.944829 -0.215162 0.246987 0.754883 0.504883 1 8 1.000000
  8 -2.409208 -1.503650 66.389214 -0.923851 -0.378991 -0.053530 0.842663 0.374524 1 8 1.000000
Charple2_sheet
  8 -2.298533 -1.870386 67.893799 -0.773986 -0.582582 0.248082 0.853027 0.468750 1 8 1.000000
  8 -1.555473 -1.009792 69.829521 -0.494390 -0.349587 0.795844 0.832520 0.589844 1 8 1.000000
  8 -2.576653 -0.330190 68.270584 -0.944829 -0.215162 0.246987 0.754883 0.504883 1 8 1.000000
Charple2_sheet
  8 -2.576653 -0.330190 68.270584 -0.944829 -0.215162 0.246987 0.754883 0.504883 1 8 1.000000
  8 -1.555473 -1.009792 69.829521 -0.494390 -0.349587 0.795844 0.832520 0.589844 1 8 1.000000
  8 -1.425207 1.866186 69.852989 -0.515303 0.353688 0.780620 0.687992 0.586034 1 8 1.000000
Charple2_sheet
  8 -0.099236 2.112068 69.833054 0.000000 0.377016 0.926207 0.697754 0.662598 1 8 1.000000
  8 -1.425207 1.866186 69.852989 -0.515303 0.353688 0.780620 0.687992 0.586034 1 8 1.000000
  8 -1.555473 -1.009792 69.829521 -0.494390 -0.349587 0.795844 0.832520 0.589844 1 8 1.000000
Charple2_sheet
  8 -0.099236 4.338632 67.868980 0.000000 0.951257 0.308400 0.518469 0.467895 1 8 1.000000
  8 -1.425207 1.866186 69.852989 -0.515303 0.353688 0.780620 0.687992 0.586034 1 8 1.000000
  8 -0.099236 2.112068 69.833054 0.000000 0.377016 0.926207 0.697754 0.662598 1 8 1.000000
Charple2_sheet
  8 -0.099236 2.112068 69.833054 0.000000 0.377016 0.926207 0.697754 0.662598 1 8 1.000000
  8 1.097979 3.979214 67.559555 0.515114 0.824293 0.234944 0.561260 0.452995 1 8 1.000000
  8 -0.099236 4.338632 67.868980 0.000000 0.951257 0.308400 0.518469 0.467895 1 8 1.000000
Charple2_sheet
  8 -0.099236 4.338632 67.868980 0.000000 0.951257 0.308400 0.518469 0.467895 1 8 1.000000
  8 1.097979 3.979214 67.559555 0.515114 0.824293 0.234944 0.561260 0.452995 1 8 1.000000
  8 1.024414 3.599766 64.496292 0.437438 0.829094 -0.348211 0.558594 0.387207 1 8 1.000000
Charple2_sheet
  8 1.024414 3.599766 64.496292 0.437438 0.829094 -0.348211 0.558594 0.387207 1 8 1.000000
  8 1.097979 3.979214 67.559555 0.515114 0.824293 0.234944 0.561260 0.452995 1 8 1.000000
  8 2.070173 2.999795 66.868607 0.879168 0.472794 0.059413 0.602056 0.425091 1 8 1.000000
Charple2_sheet
  8 1.024414 3.599766 64.496292 0.437438 0.829094 -0.348211 0.558594 0.387207 1 8 1.000000
  8 2.070173 2.999795 66.868607 0.879168 0.472794 0.059413 0.602056 0.425091 1 8 1.000000
  8 2.011270 2.672721 64.713005 0.855386 0.478640 -0.198037 0.595703 0.364258 1 8 1.000000
Charple2_sheet
  8 2.011270 2.672721 64.713005 0.855386 0.478640 -0.198037 0.595703 0.364258 1 8 1.000000
  8 2.070173 2.999795 66.868607 0.879168 0.472794 0.059413 0.602056 0.425091 1 8 1.000000
  8 2.606532 0.809074 65.443932 0.996152 -0.012472 -0.086755 0.650391 0.280273 1 8 1.000000
Charple2_sheet
  8 -1.803932 -2.626787 66.655594 -0.703401 -0.699616 -0.125555 0.880371 0.421875 1 8 1.000000
  8 -1.614934 -2.598675 66.271858 -0.472216 -0.749067 -0.464662 0.887623 0.384718 1 8 1.000000
  8 -1.157318 -2.743359 66.346390 -0.275442 -0.841980 -0.463898 0.925289 0.386941 1 8 1.000000
Charple2_sheet
  8 -0.099236 -3.074684 68.013130 0.000000 -0.891826 0.452378 0.997559 0.486328 1 8 1.000000
  8 1.357002 -1.009792 69.829521 0.494390 -0.349587 0.795844 0.832520 0.589844 1 8 1.000000
  8 -0.099236 -1.144263 69.881958 0.000000 -0.393246 0.919433 0.996582 0.662109 1 8 1.000000
Charple2_sheet
  8 -0.099236 -1.144263 69.881958 0.000000 -0.393246 0.919433 0.996582 0.662109 1 8 1.000000
  8 1.357002 -1.009792 69.829521 0.494390 -0.349587 0.795844 0.832520 0.589844 1 8 1.000000
  8 1.226735 1.866186 69.852989 0.515303 0.353688 0.780620 0.687992 0.586034 1 8 1.000000
Charple2_sheet
  8 -0.099236 -1.144263 69.881958 0.000000 -0.393246 0.919433 0.996582 0.662109 1 8 1.000000
  8 1.226735 1.866186 69.852989 0.515303 0.353688 0.780620 0.687992 0.586034 1 8 1.000000
  8 -0.099236 2.112068 69.833054 0.000000 0.377016 0.926207 0.697754 0.662598 1 8 1.000000
Charple2_sheet
  8 -0.099236 2.112068 69.833054 0.000000 0.377016 0.926207 0.697754 0.662598 1 8 1.000000
  8 1.226735 1.866186 69.852989 0.515303 0.353688 0.780620 0.687992 0.586034 1 8 1.000000
  8 1.097979 3.979214 67.559555 0.515114 0.824293 0.234944 0.561260 0.452995 1 8 1.000000
Charple2_sheet
  8 2.070173 2.999795 66.868607 0.879168 0.472794 0.059413 0.602056 0.425091 1 8 1.000000
  8 1.097979 3.979214 67.559555 0.515114 0.824293 0.234944 0.561260 0.452995 1 8 1.000000
  8 1.226735 1.866186 69.852989 0.515303 0.353688 0.780620 0.687992 0.586034 1 8 1.000000
Charple2_sheet
  8 2.070173 2.999795 66.868607 0.879168 0.472794 0.059413 0.602056 0.425091 1 8 1.000000
  8 1.226735 1.866186 69.852989 0.515303 0.353688 0.780620 0.687992 0.586034 1 8 1.000000
  8 2.438406 1.541345 68.431091 0.937021 0.198101 0.287660 0.682788 0.504746 1 8 1.000000
Charple2_sheet
  8 2.438406 1.541345 68.431091 0.937021 0.198101 0.287660 0.682788 0.504746 1 8 1.000000
  8 1.226735 1.866186 69.852989 0.515303 0.353688 0.780620 0.687992 0.586034 1 8 1.000000
  8 1.357002 -1.009792 69.829521 0.494390 -0.349587 0.795844 0.832520 0.589844 1 8 1.000000
Charple2_sheet
  8 -0.821073 -3.071781 66.682320 -0.378805 -0.909522 -0.171104 0.951172 0.423828 1 8 1.000000
  8 -0.099236 -3.074684 68.013130 0.000000 -0.891826 0.452378 0.997559 0.486328 1 8 1.000000
  8 -1.217401 -2.652946 67.959724 -0.457158 -0.789610 0.409294 0.917480 0.489258 1 8 1.000000
Charple2_sheet
  8 -0.099236 -1.144263 69.881958 0.000000 -0.393246 0.919433 0.996582 0.662109 1 8 1.000000
  8 -1.217401 -2.652946 67.959724 -0.457158 -0.789610 0.409294 0.917480 0.489258 1 8 1.000000
  8 -0.099236 -3.074684 68.013130 0.000000 -0.891826 0.452378 0.997559 0.486328 1 8 1.000000
Charple2_sheet
  8 -0.099236 2.112068 69.833054 0.000000 0.377016 0.926207 0.697754 0.662598 1 8 1.000000
  8 -1.555473 -1.009792 69.829521 -0.494390 -0.349587 0.795844 0.832520 0.589844 1 8 1.000000
  8 -0.099236 -1.144263 69.881958 0.000000 -0.393246 0.919433 0.996582 0.662109 1 8 1.000000
Charple2_sheet
  8 -0.099236 -1.144263 69.881958 0.000000 -0.393246 0.919433 0.996582 0.662109 1 8 1.000000
  8 -1.555473 -1.009792 69.829521 -0.494390 -0.349587 0.795844 0.832520 0.589844 1 8 1.000000
  8 -1.217401 -2.652946 67.959724 -0.457158 -0.789610 0.409294 0.917480 0.489258 1 8 1.000000
Charple2_sheet
  8 -2.298533 -1.870386 67.893799 -0.773986 -0.582582 0.248082 0.853027 0.468750 1 8 1.000000
  8 -1.217401 -2.652946 67.959724 -0.457158 -0.789610 0.409294 0.917480 0.489258 1 8 1.000000
  8 -1.555473 -1.009792 69.829521 -0.494390 -0.349587 0.795844 0.832520 0.589844 1 8 1.000000
Charple2_sheet
  8 -1.217401 -2.652946 67.959724 -0.457158 -0.789610 0.409294 0.917480 0.489258 1 8 1.000000
  8 -2.298533 -1.870386 67.893799 -0.773986 -0.582582 0.248082 0.853027 0.468750 1 8 1.000000
  8 -1.803932 -2.626787 66.655594 -0.703401 -0.699616 -0.125555 0.880371 0.421875 1 8 1.000000
Charple2_sheet
  8 -1.217401 -2.652946 67.959724 -0.457158 -0.789610 0.409294 0.917480 0.489258 1 8 1.000000
  8 -1.803932 -2.626787 66.655594 -0.703401 -0.699616 -0.125555 0.880371 0.421875 1 8 1.000000
  8 -0.821073 -3.071781 66.682320 -0.378805 -0.909522 -0.171104 0.951172 0.423828 1 8 1.000000
Charple2_sheet
  8 -1.803932 -2.626787 66.655594 -0.703401 -0.699616 -0.125555 0.880371 0.421875 1 8 1.000000
  8 -1.157318 -2.743359 66.346390 -0.275442 -0.841980 -0.463898 0.925289 0.386941 1 8 1.000000
  8 -0.821073 -3.071781 66.682320 -0.378805 -0.909522 -0.171104 0.951172 0.423828 1 8 1.000000
Charple2_sheet
  8 -0.359951 -3.036701 66.331192 -0.509720 -0.827084 -0.236891 0.976570 0.381670 1 8 1.000000
  8 -0.821073 -3.071781 66.682320 -0.378805 -0.909522 -0.171104 0.951172 0.423828 1 8 1.000000
  8 -1.157318 -2.743359 66.346390 -0.275442 -0.841980 -0.463898 0.925289 0.386941 1 8 1.000000
Charple2_sheet
  8 -0.359951 -3.036701 66.331192 -0.509720 -0.827084 -0.236891 0.976570 0.381670 1 8 1.000000
  8 -1.157318 -2.743359 66.346390 -0.275442 -0.841980 -0.463898 0.925289 0.386941 1 8 1.000000
  8 -0.622253 -2.857557 66.229118 -0.467911 -0.756308 -0.457229 0.962101 0.376422 1 8 1.000000
Charple2_sheet
  8 -0.359951 -3.036701 66.331192 -0.509720 -0.827084 -0.236891 0.976570 0.381670 1 8 1.000000
  8 -0.622253 -2.857557 66.229118 -0.467911 -0.756308 -0.457229 0.962101 0.376422 1 8 1.000000
  8 -0.436162 -2.855660 65.909576 -0.664729 -0.737533 0.119080 0.974956 0.353347 1 8 1.000000
Charple2_sheet
  8 -0.359951 -3.036701 66.331192 -0.509720 -0.827084 -0.236891 0.976570 0.381670 1 8 1.000000
  8 -0.436162 -2.855660 65.909576 -0.664729 -0.737533 0.119080 0.974956 0.353347 1 8 1.000000
  8 -0.274566 -3.143599 65.895920 -0.639153 -0.696049 0.327108 0.985840 0.350586 1 8 1.000000
Charple2_sheet
  8 -0.436162 -2.855660 65.909576 -0.664729 -0.737533 0.119080 0.974956 0.353347 1 8 1.000000
  8 -0.705128 -2.952543 65.599358 -0.636916 -0.600523 0.483435 0.950684 0.320801 1 8 1.000000
  8 -0.274566 -3.143599 65.895920 -0.639153 -0.696049 0.327108 0.985840 0.350586 1 8 1.000000
Charple2_sheet
  8 -0.436162 -2.855660 65.909576 -0.664729 -0.737533 0.119080 0.974956 0.353347 1 8 1.000000
  8 -0.768565 -2.688946 65.706757 -0.473817 -0.742941 0.472796 0.948250 0.340883 1 8 1.000000
  8 -0.705128 -2.952543 65.599358 -0.636916 -0.600523 0.483435 0.950684 0.320801 1 8 1.000000
Charple2_sheet
  8 -0.705128 -2.952543 65.599358 -0.636916 -0.600523 0.483435 0.950684 0.320801 1 8 1.000000
  8 -0.768565 -2.688946 65.706757 -0.473817 -0.742941 0.472796 0.948250 0.340883 1 8 1.000000
  8 -1.158164 -2.566529 65.522141 -0.492767 -0.849272 0.189518 0.916869 0.331655 1 8 1.000000
Charple2_sheet
  8 -0.705128 -2.952543 65.599358 -0.636916 -0.600523 0.483435 0.950684 0.320801 1 8 1.000000
  8 -1.158164 -2.566529 65.522141 -0.492767 -0.849272 0.189518 0.916869 0.331655 1 8 1.000000
  8 -1.066817 -2.790427 65.360306 -0.574707 -0.753348 0.319654 0.921387 0.311523 1 8 1.000000
Charple2_sheet
  8 -1.993755 -2.233222 65.086517 -0.777759 -0.627052 0.043544 0.861114 0.301115 1 8 1.000000
  8 -1.066817 -2.790427 65.360306 -0.574707 -0.753348 0.319654 0.921387 0.311523 1 8 1.000000
  8 -1.158164 -2.566529 65.522141 -0.492767 -0.849272 0.189518 0.916869 0.331655 1 8 1.000000
Charple2_sheet
  8 -1.993755 -2.233222 65.086517 -0.777759 -0.627052 0.043544 0.861114 0.301115 1 8 1.000000
  8 -1.158164 -2.566529 65.522141 -0.492767 -0.849272 0.189518 0.916869 0.331655 1 8 1.000000
  8 -1.779458 -2.309511 65.707283 -0.578420 -0.814861 0.037833 0.864655 0.348691 1 8 1.000000
Charple2_sheet
  8 -1.993755 -2.233222 65.086517 -0.777759 -0.627052 0.043544 0.861114 0.301115 1 8 1.000000
  8 -1.779458 -2.309511 65.707283 -0.578420 -0.814861 0.037833 0.864655 0.348691 1 8 1.000000
  8 -2.357663 -1.700107 65.518639 -0.869816 -0.493304 0.008448 0.830957 0.329475 1 8 1.000000
Charple2_sheet
  8 -2.271617 -1.276614 63.720882 -0.928825 -0.283851 -0.238144 0.818577 0.238713 1 8 1.000000
  8 -1.993755 -2.233222 65.086517 -0.777759 -0.627052 0.043544 0.861114 0.301115 1 8 1.000000
  8 -2.357663 -1.700107 65.518639 -0.869816 -0.493304 0.008448 0.830957 0.329475 1 8 1.000000
Charple2_sheet
  8 -1.066930 -2.768960 62.970875 -0.634921 -0.759358 -0.142302 0.917480 0.157715 1 8 1.000000
  8 -1.623118 -2.354388 63.513065 -0.737294 -0.648867 -0.188064 0.884928 0.202799 1 8 1.000000
  8 -1.261728 -2.434469 62.622471 -0.712977 -0.602668 -0.358406 0.900879 0.148438 1 8 1.000000
Charple2_sheet
  8 -1.976028 -1.897653 63.550705 -0.832054 -0.498057 -0.244184 0.857087 0.219263 1 8 1.000000
  8 -1.261728 -2.434469 62.622471 -0.712977 -0.602668 -0.358406 0.900879 0.148438 1 8 1.000000
  8 -1.623118 -2.354388 63.513065 -0.737294 -0.648867 -0.188064 0.884928 0.202799 1 8 1.000000
Charple2_sheet
  8 -1.976028 -1.897653 63.550705 -0.832054 -0.498057 -0.244184 0.857087 0.219263 1 8 1.000000
  8 -1.623118 -2.354388 63.513065 -0.737294 -0.648867 -0.188064 0.884928 0.202799 1 8 1.000000
  8 -1.344661 -2.757412 64.360321 -0.604419 -0.796521 -0.015262 0.904622 0.251953 1 8 1.000000
Charple2_sheet
  8 -1.976028 -1.897653 63.550705 -0.832054 -0.498057 -0.244184 0.857087 0.219263 1 8 1.000000
  8 -1.344661 -2.757412 64.360321 -0.604419 -0.796521 -0.015262 0.904622 0.251953 1 8 1.000000
  8 -1.604149 -2.550292 64.721046 -0.690049 -0.722056 0.049665 0.885366 0.273489 1 8 1.000000
Charple2_sheet
  8 -1.604149 -2.550292 64.721046 -0.690049 -0.722056 0.049665 0.885366 0.273489 1 8 1.000000
  8 -1.344661 -2.757412 64.360321 -0.604419 -0.796521 -0.015262 0.904622 0.251953 1 8 1.000000
  8 -0.886626 -2.959665 65.016968 -0.568065 -0.819037 0.080502 0.933594 0.284180 1 8 1.000000
Charple2_sheet
  8 -1.604149 -2.550292 64.721046 -0.690049 -0.722056 0.049665 0.885366 0.273489 1 8 1.000000
  8 -0.886626 -2.959665 65.016968 -0.568065 -0.819037 0.080502 0.933594 0.284180 1 8 1.000000
  8 -1.066817 -2.790427 65.360306 -0.574707 -0.753348 0.319654 0.921387 0.311523 1 8 1.000000
Charple2_sheet
  8 -0.661258 -3.140492 65.188385 -0.720489 -0.664237 0.199211 0.957031 0.300781 1 8 1.000000
  8 -1.066817 -2.790427 65.360306 -0.574707 -0.753348 0.319654 0.921387 0.311523 1 8 1.000000
  8 -0.886626 -2.959665 65.016968 -0.568065 -0.819037 0.080502 0.933594 0.284180 1 8 1.000000
Charple2_sheet
  8 -0.661258 -3.140492 65.188385 -0.720489 -0.664237 0.199211 0.957031 0.300781 1 8 1.000000
  8 -0.705128 -2.952543 65.599358 -0.636916 -0.600523 0.483435 0.950684 0.320801 1 8 1.000000
  8 -1.066817 -2.790427 65.360306 -0.574707 -0.753348 0.319654 0.921387 0.311523 1 8 1.000000
Charple2_sheet
  8 -0.705128 -2.952543 65.599358 -0.636916 -0.600523 0.483435 0.950684 0.320801 1 8 1.000000
  8 -0.661258 -3.140492 65.188385 -0.720489 -0.664237 0.199211 0.957031 0.300781 1 8 1.000000
  8 -0.268057 -3.588124 65.362717 -0.545825 -0.698973 0.462074 0.982422 0.314941 1 8 1.000000
Charple2_sheet
  8 -0.705128 -2.952543 65.599358 -0.636916 -0.600523 0.483435 0.950684 0.320801 1 8 1.000000
  8 -0.268057 -3.588124 65.362717 -0.545825 -0.698973 0.462074 0.982422 0.314941 1 8 1.000000
  8 -0.274566 -3.143599 65.895920 -0.639153 -0.696049 0.327108 0.985840 0.350586 1 8 1.000000
Charple2_sheet
  8 -0.099236 -3.273247 65.889771 0.000000 -0.923252 0.384194 0.997070 0.350586 1 8 1.000000
  8 -0.274566 -3.143599 65.895920 -0.639153 -0.696049 0.327108 0.985840 0.350586 1 8 1.000000
  8 -0.268057 -3.588124 65.362717 -0.545825 -0.698973 0.462074 0.982422 0.314941 1 8 1.000000
Charple2_sheet
  8 -0.359951 -3.036701 66.331192 -0.509720 -0.827084 -0.236891 0.976570 0.381670 1 8 1.000000
  8 -0.274566 -3.143599 65.895920 -0.639153 -0.696049 0.327108 0.985840 0.350586 1 8 1.000000
  8 -0.099236 -3.273247 65.889771 0.000000 -0.923252 0.384194 0.997070 0.350586 1 8 1.000000
Charple2_sheet
  8 -0.359951 -3.036701 66.331192 -0.509720 -0.827084 -0.236891 0.976570 0.381670 1 8 1.000000
  8 -0.099236 -3.273247 65.889771 0.000000 -0.923252 0.384194 0.997070 0.350586 1 8 1.000000
  8 -0.099236 -3.226721 66.325623 0.000000 -0.990663 -0.136331 0.996582 0.380859 1 8 1.000000
Charple2_sheet
  8 -0.099236 -3.226721 66.325623 0.000000 -0.990663 -0.136331 0.996582 0.380859 1 8 1.000000
  8 -0.821073 -3.071781 66.682320 -0.378805 -0.909522 -0.171104 0.951172 0.423828 1 8 1.000000
  8 -0.359951 -3.036701 66.331192 -0.509720 -0.827084 -0.236891 0.976570 0.381670 1 8 1.000000
Charple2_sheet
  8 -0.099236 -3.226721 66.325623 0.000000 -0.990663 -0.136331 0.996582 0.380859 1 8 1.000000
  8 -0.099236 -3.260187 66.669998 0.000000 -0.996687 -0.081329 0.997559 0.408691 1 8 1.000000
  8 -0.821073 -3.071781 66.682320 -0.378805 -0.909522 -0.171104 0.951172 0.423828 1 8 1.000000
Charple2_sheet
  8 -0.821073 -3.071781 66.682320 -0.378805 -0.909522 -0.171104 0.951172 0.423828 1 8 1.000000
  8 -0.099236 -3.260187 66.669998 0.000000 -0.996687 -0.081329 0.997559 0.408691 1 8 1.000000
  8 -0.099236 -3.074684 68.013130 0.000000 -0.891826 0.452378 0.997559 0.486328 1 8 1.000000
Charple2_sheet
  8 1.018930 -2.652946 67.959724 0.457158 -0.789610 0.409294 0.917480 0.489258 1 8 1.000000
  8 -0.099236 -3.074684 68.013130 0.000000 -0.891826 0.452378 0.997559 0.486328 1 8 1.000000
  8 -0.099236 -3.260187 66.669998 0.000000 -0.996687 -0.081329 0.997559 0.408691 1 8 1.000000
Charple2_sheet
  8 -0.099236 -3.074684 68.013130 0.000000 -0.891826 0.452378 0.997559 0.486328 1 8 1.000000
  8 1.018930 -2.652946 67.959724 0.457158 -0.789610 0.409294 0.917480 0.489258 1 8 1.000000
  8 1.357002 -1.009792 69.829521 0.494390 -0.349587 0.795844 0.832520 0.589844 1 8 1.000000
Charple2_sheet
  8 2.070173 2.999795 66.868607 0.879168 0.472794 0.059413 0.602056 0.425091 1 8 1.000000
  8 2.438406 1.541345 68.431091 0.937021 0.198101 0.287660 0.682788 0.504746 1 8 1.000000
  8 2.606532 0.809074 65.443932 0.996152 -0.012472 -0.086755 0.650391 0.280273 1 8 1.000000
Charple2_sheet
  8 2.606532 0.809074 65.443932 0.996152 -0.012472 -0.086755 0.650391 0.280273 1 8 1.000000
  8 2.438406 1.541345 68.431091 0.937021 0.198101 0.287660 0.682788 0.504746 1 8 1.000000
  8 2.378181 -0.330190 68.270584 0.944829 -0.215162 0.246987 0.754883 0.504883 1 8 1.000000
Charple2_sheet
  8 2.438406 1.541345 68.431091 0.937021 0.198101 0.287660 0.682788 0.504746 1 8 1.000000
  8 1.357002 -1.009792 69.829521 0.494390 -0.349587 0.795844 0.832520 0.589844 1 8 1.000000
  8 2.378181 -0.330190 68.270584 0.944829 -0.215162 0.246987 0.754883 0.504883 1 8 1.000000
Charple2_sheet
  8 2.100062 -1.870386 67.893799 0.773986 -0.582582 0.248082 0.853027 0.468750 1 8 1.000000
  8 2.378181 -0.330190 68.270584 0.944829 -0.215162 0.246987 0.754883 0.504883 1 8 1.000000
  8 1.357002 -1.009792 69.829521 0.494390 -0.349587 0.795844 0.832520 0.589844 1 8 1.000000
Charple2_sheet
  8 2.100062 -1.870386 67.893799 0.773986 -0.582582 0.248082 0.853027 0.468750 1 8 1.000000
  8 1.357002 -1.009792 69.829521 0.494390 -0.349587 0.795844 0.832520 0.589844 1 8 1.000000
  8 1.018930 -2.652946 67.959724 0.457158 -0.789610 0.409294 0.917480 0.489258 1 8 1.000000
Charple2_sheet
  8 0.622601 -3.071781 66.682320 0.378805 -0.909522 -0.171104 0.951172 0.423828 1 8 1.000000
  8 2.100062 -1.870386 67.893799 0.773986 -0.582582 0.248082 0.853027 0.468750 1 8 1.000000
  8 1.018930 -2.652946 67.959724 0.457158 -0.789610 0.409294 0.917480 0.489258 1 8 1.000000
Charple2_sheet
  8 1.018930 -2.652946 67.959724 0.457158 -0.789610 0.409294 0.917480 0.489258 1 8 1.000000
  8 -0.099236 -3.260187 66.669998 0.000000 -0.996687 -0.081329 0.997559 0.408691 1 8 1.000000
  8 0.622601 -3.071781 66.682320 0.378805 -0.909522 -0.171104 0.951172 0.423828 1 8 1.000000
Charple2_sheet
  8 0.161480 -3.036701 66.331192 0.509720 -0.827084 -0.236891 0.976570 0.381670 1 8 1.000000
  8 0.622601 -3.071781 66.682320 0.378805 -0.909522 -0.171104 0.951172 0.423828 1 8 1.000000
  8 -0.099236 -3.260187 66.669998 0.000000 -0.996687 -0.081329 0.997559 0.408691 1 8 1.000000
Charple2_sheet
  8 0.161480 -3.036701 66.331192 0.509720 -0.827084 -0.236891 0.976570 0.381670 1 8 1.000000
  8 -0.099236 -3.260187 66.669998 0.000000 -0.996687 -0.081329 0.997559 0.408691 1 8 1.000000
  8 -0.099236 -3.226721 66.325623 0.000000 -0.990663 -0.136331 0.996582 0.380859 1 8 1.000000
Charple2_sheet
  8 -0.099236 -3.226721 66.325623 0.000000 -0.990663 -0.136331 0.996582 0.380859 1 8 1.000000
  8 0.076094 -3.143599 65.895920 0.639153 -0.696049 0.327108 0.985840 0.350586 1 8 1.000000
  8 0.161480 -3.036701 66.331192 0.509720 -0.827084 -0.236891 0.976570 0.381670 1 8 1.000000
Charple2_sheet
  8 -0.099236 -3.226721 66.325623 0.000000 -0.990663 -0.136331 0.996582 0.380859 1 8 1.000000
  8 -0.099236 -3.273247 65.889771 0.000000 -0.923252 0.384194 0.997070 0.350586 1 8 1.000000
  8 0.076094 -3.143599 65.895920 0.639153 -0.696049 0.327108 0.985840 0.350586 1 8 1.000000
Charple2_sheet
  8 -0.099236 -3.617713 65.378899 0.000000 -0.806949 0.590621 0.997070 0.322266 1 8 1.000000
  8 0.076094 -3.143599 65.895920 0.639153 -0.696049 0.327108 0.985840 0.350586 1 8 1.000000
  8 -0.099236 -3.273247 65.889771 0.000000 -0.923252 0.384194 0.997070 0.350586 1 8 1.000000
Charple2_sheet
  8 -0.099236 -3.273247 65.889771 0.000000 -0.923252 0.384194 0.997070 0.350586 1 8 1.000000
  8 -0.268057 -3.588124 65.362717 -0.545825 -0.698973 0.462074 0.982422 0.314941 1 8 1.000000
  8 -0.099236 -3.617713 65.378899 0.000000 -0.806949 0.590621 0.997070 0.322266 1 8 1.000000
Charple2_sheet
  8 -0.099236 -3.617713 65.378899 0.000000 -0.806949 0.590621 0.997070 0.322266 1 8 1.000000
  8 -0.268057 -3.588124 65.362717 -0.545825 -0.698973 0.462074 0.982422 0.314941 1 8 1.000000
  8 -0.289692 -3.953330 64.849869 -0.567659 -0.761428 0.313035 0.979980 0.275879 1 8 1.000000
Charple2_sheet
  8 -0.661258 -3.140492 65.188385 -0.720489 -0.664237 0.199211 0.957031 0.300781 1 8 1.000000
  8 -0.289692 -3.953330 64.849869 -0.567659 -0.761428 0.313035 0.979980 0.275879 1 8 1.000000
  8 -0.268057 -3.588124 65.362717 -0.545825 -0.698973 0.462074 0.982422 0.314941 1 8 1.000000
Charple2_sheet
  8 -0.661258 -3.140492 65.188385 -0.720489 -0.664237 0.199211 0.957031 0.300781 1 8 1.000000
  8 -0.662799 -3.168396 64.834991 -0.888254 -0.433657 0.151483 0.963867 0.268066 1 8 1.000000
  8 -0.289692 -3.953330 64.849869 -0.567659 -0.761428 0.313035 0.979980 0.275879 1 8 1.000000
Charple2_sheet
  8 -0.662799 -3.168396 64.834991 -0.888254 -0.433657 0.151483 0.963867 0.268066 1 8 1.000000
  8 -0.661258 -3.140492 65.188385 -0.720489 -0.664237 0.199211 0.957031 0.300781 1 8 1.000000
  8 -0.886626 -2.959665 65.016968 -0.568065 -0.819037 0.080502 0.933594 0.284180 1 8 1.000000
Charple2_sheet
  8 -0.662799 -3.168396 64.834991 -0.888254 -0.433657 0.151483 0.963867 0.268066 1 8 1.000000
  8 -0.886626 -2.959665 65.016968 -0.568065 -0.819037 0.080502 0.933594 0.284180 1 8 1.000000
  8 -0.739678 -3.037225 64.589005 -0.688335 -0.723811 0.047875 0.951172 0.255208 1 8 1.000000
Charple2_sheet
  8 2.210737 -1.503650 66.389214 0.923851 -0.378991 -0.053530 0.842663 0.374524 1 8 1.000000
  8 2.159192 -1.700107 65.518639 0.869816 -0.493304 0.008448 0.830957 0.329475 1 8 1.000000
  8 2.606532 0.809074 65.443932 0.996152 -0.012472 -0.086755 0.650391 0.280273 1 8 1.000000
Charple2_sheet
  8 2.210737 -1.503650 66.389214 0.923851 -0.378991 -0.053530 0.842663 0.374524 1 8 1.000000
  8 1.580987 -2.309511 65.707283 0.578420 -0.814861 0.037833 0.864655 0.348691 1 8 1.000000
  8 2.159192 -1.700107 65.518639 0.869816 -0.493304 0.008448 0.830957 0.329475 1 8 1.000000
Charple2_sheet
  8 2.210737 -1.503650 66.389214 0.923851 -0.378991 -0.053530 0.842663 0.374524 1 8 1.000000
  8 1.654714 -2.252717 66.112930 0.671942 -0.707537 -0.218826 0.863110 0.375574 1 8 1.000000
  8 1.580987 -2.309511 65.707283 0.578420 -0.814861 0.037833 0.864655 0.348691 1 8 1.000000
Charple2_sheet
  8 2.210737 -1.503650 66.389214 0.923851 -0.378991 -0.053530 0.842663 0.374524 1 8 1.000000
  8 1.416463 -2.598675 66.271858 0.472216 -0.749067 -0.464662 0.887623 0.384718 1 8 1.000000
  8 1.654714 -2.252717 66.112930 0.671942 -0.707537 -0.218826 0.863110 0.375574 1 8 1.000000
Charple2_sheet
  8 2.210737 -1.503650 66.389214 0.923851 -0.378991 -0.053530 0.842663 0.374524 1 8 1.000000
  8 1.605460 -2.626787 66.655594 0.703401 -0.699616 -0.125555 0.880371 0.421875 1 8 1.000000
  8 1.416463 -2.598675 66.271858 0.472216 -0.749067 -0.464662 0.887623 0.384718 1 8 1.000000
Charple2_sheet
  8 0.622601 -3.071781 66.682320 0.378805 -0.909522 -0.171104 0.951172 0.423828 1 8 1.000000
  8 1.416463 -2.598675 66.271858 0.472216 -0.749067 -0.464662 0.887623 0.384718 1 8 1.000000
  8 1.605460 -2.626787 66.655594 0.703401 -0.699616 -0.125555 0.880371 0.421875 1 8 1.000000
Charple2_sheet
  8 0.622601 -3.071781 66.682320 0.378805 -0.909522 -0.171104 0.951172 0.423828 1 8 1.000000
  8 1.605460 -2.626787 66.655594 0.703401 -0.699616 -0.125555 0.880371 0.421875 1 8 1.000000
  8 2.100062 -1.870386 67.893799 0.773986 -0.582582 0.248082 0.853027 0.468750 1 8 1.000000
Charple2_sheet
  8 2.100062 -1.870386 67.893799 0.773986 -0.582582 0.248082 0.853027 0.468750 1 8 1.000000
  8 1.605460 -2.626787 66.655594 0.703401 -0.699616 -0.125555 0.880371 0.421875 1 8 1.000000
  8 2.210737 -1.503650 66.389214 0.923851 -0.378991 -0.053530 0.842663 0.374524 1 8 1.000000
Charple2_sheet
  8 2.100062 -1.870386 67.893799 0.773986 -0.582582 0.248082 0.853027 0.468750 1 8 1.000000
  8 2.210737 -1.503650 66.389214 0.923851 -0.378991 -0.053530 0.842663 0.374524 1 8 1.000000
  8 2.378181 -0.330190 68.270584 0.944829 -0.215162 0.246987 0.754883 0.504883 1 8 1.000000
Charple2_sheet
  8 2.210737 -1.503650 66.389214 0.923851 -0.378991 -0.053530 0.842663 0.374524 1 8 1.000000
  8 2.606532 0.809074 65.443932 0.996152 -0.012472 -0.086755 0.650391 0.280273 1 8 1.000000
  8 2.378181 -0.330190 68.270584 0.944829 -0.215162 0.246987 0.754883 0.504883 1 8 1.000000
Charple2_sheet
  8 -0.739678 -3.037225 64.589005 -0.688335 -0.723811 0.047875 0.951172 0.255208 1 8 1.000000
  8 -0.886626 -2.959665 65.016968 -0.568065 -0.819037 0.080502 0.933594 0.284180 1 8 1.000000
  8 -1.344661 -2.757412 64.360321 -0.604419 -0.796521 -0.015262 0.904622 0.251953 1 8 1.000000
Charple2_sheet
  8 -0.739678 -3.037225 64.589005 -0.688335 -0.723811 0.047875 0.951172 0.255208 1 8 1.000000
  8 -1.344661 -2.757412 64.360321 -0.604419 -0.796521 -0.015262 0.904622 0.251953 1 8 1.000000
  8 -1.103833 -2.897583 64.020889 -0.469585 -0.878479 -0.088122 0.929036 0.223633 1 8 1.000000
Charple2_sheet
  8 -1.623118 -2.354388 63.513065 -0.737294 -0.648867 -0.188064 0.884928 0.202799 1 8 1.000000
  8 -1.103833 -2.897583 64.020889 -0.469585 -0.878479 -0.088122 0.929036 0.223633 1 8 1.000000
  8 -1.344661 -2.757412 64.360321 -0.604419 -0.796521 -0.015262 0.904622 0.251953 1 8 1.000000
Charple2_sheet
  8 -1.623118 -2.354388 63.513065 -0.737294 -0.648867 -0.188064 0.884928 0.202799 1 8 1.000000
  8 -1.292270 -2.658530 63.492168 -0.590923 -0.796276 -0.129440 0.904297 0.185547 1 8 1.000000
  8 -1.103833 -2.897583 64.020889 -0.469585 -0.878479 -0.088122 0.929036 0.223633 1 8 1.000000
Charple2_sheet
  8 -1.066930 -2.768960 62.970875 -0.634921 -0.759358 -0.142302 0.917480 0.157715 1 8 1.000000
  8 -1.292270 -2.658530 63.492168 -0.590923 -0.796276 -0.129440 0.904297 0.185547 1 8 1.000000
  8 -1.623118 -2.354388 63.513065 -0.737294 -0.648867 -0.188064 0.884928 0.202799 1 8 1.000000
Charple2_sheet
  8 -1.292270 -2.658530 63.492168 -0.590923 -0.796276 -0.129440 0.904297 0.185547 1 8 1.000000
  8 -1.066930 -2.768960 62.970875 -0.634921 -0.759358 -0.142302 0.917480 0.157715 1 8 1.000000
  8 -0.826171 -2.969253 63.205318 -0.541934 -0.826811 0.150632 0.936523 0.164551 1 8 1.000000
Charple2_sheet
  8 -0.478002 -3.094380 62.674511 -0.479934 -0.843067 -0.242698 0.958496 0.137207 1 8 1.000000
  8 -0.826171 -2.969253 63.205318 -0.541934 -0.826811 0.150632 0.936523 0.164551 1 8 1.000000
  8 -1.066930 -2.768960 62.970875 -0.634921 -0.759358 -0.142302 0.917480 0.157715 1 8 1.000000
Charple2_sheet
  8 -0.478002 -3.094380 62.674511 -0.479934 -0.843067 -0.242698 0.958496 0.137207 1 8 1.000000
  8 -0.401736 -3.355023 62.929222 -0.411952 -0.910866 -0.024879 0.972656 0.155273 1 8 1.000000
  8 -0.826171 -2.969253 63.205318 -0.541934 -0.826811 0.150632 0.936523 0.164551 1 8 1.000000
Charple2_sheet
  8 -0.478002 -3.094380 62.674511 -0.479934 -0.843067 -0.242698 0.958496 0.137207 1 8 1.000000
  8 -0.099236 -3.399764 62.946709 0.000000 -0.992170 -0.124890 0.998535 0.153320 1 8 1.000000
  8 -0.401736 -3.355023 62.929222 -0.411952 -0.910866 -0.024879 0.972656 0.155273 1 8 1.000000
Charple2_sheet
  8 -0.401736 -3.355023 62.929222 -0.411952 -0.910866 -0.024879 0.972656 0.155273 1 8 1.000000
  8 -0.099236 -3.399764 62.946709 0.000000 -0.992170 -0.124890 0.998535 0.153320 1 8 1.000000
  8 -0.099236 -3.284538 63.200626 0.000000 -0.851031 0.525115 0.998000 0.166363 1 8 1.000000
Charple2_sheet
  8 0.165856 -3.236240 63.201294 0.257531 -0.806195 0.532660 0.979508 0.165512 1 8 1.000000
  8 -0.099236 -3.284538 63.200626 0.000000 -0.851031 0.525115 0.998000 0.166363 1 8 1.000000
  8 -0.099236 -3.399764 62.946709 0.000000 -0.992170 -0.124890 0.998535 0.153320 1 8 1.000000
Charple2_sheet
  8 0.165856 -3.236240 63.201294 0.257531 -0.806195 0.532660 0.979508 0.165512 1 8 1.000000
  8 -0.099236 -3.399764 62.946709 0.000000 -0.992170 -0.124890 0.998535 0.153320 1 8 1.000000
  8 0.203265 -3.355023 62.929222 0.411952 -0.910866 -0.024879 0.972656 0.155273 1 8 1.000000
Charple2_sheet
  8 0.627700 -2.969253 63.205318 0.541934 -0.826811 0.150632 0.936523 0.164551 1 8 1.000000
  8 0.165856 -3.236240 63.201294 0.257531 -0.806195 0.532660 0.979508 0.165512 1 8 1.000000
  8 0.203265 -3.355023 62.929222 0.411952 -0.910866 -0.024879 0.972656 0.155273 1 8 1.000000
Charple2_sheet
  8 0.868459 -2.768960 62.970875 0.634921 -0.759358 -0.142302 0.917480 0.157715 1 8 1.000000
  8 0.627700 -2.969253 63.205318 0.541934 -0.826811 0.150632 0.936523 0.164551 1 8 1.000000
  8 0.203265 -3.355023 62.929222 0.411952 -0.910866 -0.024879 0.972656 0.155273 1 8 1.000000
Charple2_sheet
  8 0.780080 -2.796503 63.422070 0.433571 -0.900191 -0.040889 0.919922 0.176758 1 8 1.000000
  8 0.627700 -2.969253 63.205318 0.541934 -0.826811 0.150632 0.936523 0.164551 1 8 1.000000
  8 0.868459 -2.768960 62.970875 0.634921 -0.759358 -0.142302 0.917480 0.157715 1 8 1.000000
Charple2_sheet
  8 0.780080 -2.796503 63.422070 0.433571 -0.900191 -0.040889 0.919922 0.176758 1 8 1.000000
  8 0.868459 -2.768960 62.970875 0.634921 -0.759358 -0.142302 0.917480 0.157715 1 8 1.000000
  8 1.093799 -2.658530 63.492168 0.590923 -0.796276 -0.129440 0.904297 0.185547 1 8 1.000000
Charple2_sheet
  8 0.905362 -2.897583 64.020889 0.469585 -0.878479 -0.088122 0.929036 0.223633 1 8 1.000000
  8 0.780080 -2.796503 63.422070 0.433571 -0.900191 -0.040889 0.919922 0.176758 1 8 1.000000
  8 1.093799 -2.658530 63.492168 0.590923 -0.796276 -0.129440 0.904297 0.185547 1 8 1.000000
Charple2_sheet
  8 1.146190 -2.757412 64.360321 0.604419 -0.796521 -0.015262 0.904622 0.251953 1 8 1.000000
  8 0.905362 -2.897583 64.020889 0.469585 -0.878479 -0.088122 0.929036 0.223633 1 8 1.000000
  8 1.093799 -2.658530 63.492168 0.590923 -0.796276 -0.129440 0.904297 0.185547 1 8 1.000000
Charple2_sheet
  8 1.146190 -2.757412 64.360321 0.604419 -0.796521 -0.015262 0.904622 0.251953 1 8 1.000000
  8 1.093799 -2.658530 63.492168 0.590923 -0.796276 -0.129440 0.904297 0.185547 1 8 1.000000
  8 1.424647 -2.354388 63.513065 0.737294 -0.648867 -0.188064 0.884928 0.202799 1 8 1.000000
Charple2_sheet
  8 1.063257 -2.434469 62.622471 0.712977 -0.602668 -0.358406 0.900879 0.148438 1 8 1.000000
  8 1.424647 -2.354388 63.513065 0.737294 -0.648867 -0.188064 0.884928 0.202799 1 8 1.000000
  8 1.093799 -2.658530 63.492168 0.590923 -0.796276 -0.129440 0.904297 0.185547 1 8 1.000000
Charple2_sheet
  8 1.063257 -2.434469 62.622471 0.712977 -0.602668 -0.358406 0.900879 0.148438 1 8 1.000000
  8 1.093799 -2.658530 63.492168 0.590923 -0.796276 -0.129440 0.904297 0.185547 1 8 1.000000
  8 0.868459 -2.768960 62.970875 0.634921 -0.759358 -0.142302 0.917480 0.157715 1 8 1.000000
Charple2_sheet
  8 1.063257 -2.434469 62.622471 0.712977 -0.602668 -0.358406 0.900879 0.148438 1 8 1.000000
  8 0.868459 -2.768960 62.970875 0.634921 -0.759358 -0.142302 0.917480 0.157715 1 8 1.000000
  8 0.279531 -3.094380 62.674511 0.479934 -0.843067 -0.242698 0.958496 0.137207 1 8 1.000000
Charple2_sheet
  8 0.868459 -2.768960 62.970875 0.634921 -0.759358 -0.142302 0.917480 0.157715 1 8 1.000000
  8 0.203265 -3.355023 62.929222 0.411952 -0.910866 -0.024879 0.972656 0.155273 1 8 1.000000
  8 0.279531 -3.094380 62.674511 0.479934 -0.843067 -0.242698 0.958496 0.137207 1 8 1.000000
Charple2_sheet
  8 0.203265 -3.355023 62.929222 0.411952 -0.910866 -0.024879 0.972656 0.155273 1 8 1.000000
  8 -0.099236 -3.201735 62.656269 0.000000 -0.959429 -0.281951 0.997233 0.126953 1 8 1.000000
  8 0.279531 -3.094380 62.674511 0.479934 -0.843067 -0.242698 0.958496 0.137207 1 8 1.000000
Charple2_sheet
  8 0.203265 -3.355023 62.929222 0.411952 -0.910866 -0.024879 0.972656 0.155273 1 8 1.000000
  8 -0.099236 -3.399764 62.946709 0.000000 -0.992170 -0.124890 0.998535 0.153320 1 8 1.000000
  8 -0.099236 -3.201735 62.656269 0.000000 -0.959429 -0.281951 0.997233 0.126953 1 8 1.000000
Charple2_sheet
  8 -0.478002 -3.094380 62.674511 -0.479934 -0.843067 -0.242698 0.958496 0.137207 1 8 1.000000
  8 -0.099236 -3.201735 62.656269 0.000000 -0.959429 -0.281951 0.997233 0.126953 1 8 1.000000
  8 -0.099236 -3.399764 62.946709 0.000000 -0.992170 -0.124890 0.998535 0.153320 1 8 1.000000
Charple2_sheet
  8 -0.906373 -2.814939 63.426388 -0.340467 -0.934794 0.101204 0.945012 0.176441 1 8 1.000000
  8 -0.826171 -2.969253 63.205318 -0.541934 -0.826811 0.150632 0.936523 0.164551 1 8 1.000000
  8 -0.719401 -2.987324 63.322517 -0.356237 -0.758360 0.545881 0.955552 0.171606 1 8 1.000000
Charple2_sheet
  8 -0.401736 -3.355023 62.929222 -0.411952 -0.910866 -0.024879 0.972656 0.155273 1 8 1.000000
  8 -0.719401 -2.987324 63.322517 -0.356237 -0.758360 0.545881 0.955552 0.171606 1 8 1.000000
  8 -0.826171 -2.969253 63.205318 -0.541934 -0.826811 0.150632 0.936523 0.164551 1 8 1.000000
Charple2_sheet
  8 -0.401736 -3.355023 62.929222 -0.411952 -0.910866 -0.024879 0.972656 0.155273 1 8 1.000000
  8 -0.364327 -3.236240 63.201294 -0.257531 -0.806195 0.532660 0.979660 0.165540 1 8 1.000000
  8 -0.719401 -2.987324 63.322517 -0.356237 -0.758360 0.545881 0.955552 0.171606 1 8 1.000000
Charple2_sheet
  8 -0.401736 -3.355023 62.929222 -0.411952 -0.910866 -0.024879 0.972656 0.155273 1 8 1.000000
  8 -0.099236 -3.284538 63.200626 0.000000 -0.851031 0.525115 0.998000 0.166363 1 8 1.000000
  8 -0.364327 -3.236240 63.201294 -0.257531 -0.806195 0.532660 0.979660 0.165540 1 8 1.000000
Charple2_sheet
  7 18.660204 2.730364 57.929798 0.369324 0.215275 -0.904022 0.489135 0.128929 2 7 0.887699 6 0.112301
  7 20.794924 2.624536 57.778076 -0.248447 0.223720 -0.942456 0.503408 0.063151 1 7 1.000000
  7 20.687792 2.332369 57.833523 -0.228191 -0.499697 -0.835602 0.515767 0.066146 1 7 1.000000
Charple2_sheet
  7 18.699612 3.001183 58.060574 0.713495 0.666865 -0.214979 0.472254 0.129305 2 7 0.887699 6 0.112301
  7 20.794924 2.624536 57.778076 -0.248447 0.223720 -0.942456 0.503408 0.063151 1 7 1.000000
  7 18.660204 2.730364 57.929798 0.369324 0.215275 -0.904022 0.489135 0.128929 2 7 0.887699 6 0.112301
Charple2_sheet
  7 18.699612 3.001183 58.060574 0.713495 0.666865 -0.214979 0.472254 0.129305 2 7 0.887699 6 0.112301
  7 20.909643 2.854420 57.897659 -0.256369 0.901257 -0.349300 0.489010 0.061081 1 7 1.000000
  7 20.794924 2.624536 57.778076 -0.248447 0.223720 -0.942456 0.503408 0.063151 1 7 1.000000
Charple2_sheet
  7 18.674900 2.946414 58.359810 0.365937 0.852975 0.372187 0.466169 0.132138 2 7 0.887635 6 0.112365
  7 20.909643 2.854420 57.897659 -0.256369 0.901257 -0.349300 0.489010 0.061081 1 7 1.000000
  7 18.699612 3.001183 58.060574 0.713495 0.666865 -0.214979 0.472254 0.129305 2 7 0.887699 6 0.112301
Charple2_sheet
  7 18.674900 2.946414 58.359810 0.365937 0.852975 0.372187 0.466169 0.132138 2 7 0.887635 6 0.112365
  7 20.934084 2.787208 58.173698 -0.168286 0.909046 0.381201 0.484312 0.062232 1 7 1.000000
  7 20.909643 2.854420 57.897659 -0.256369 0.901257 -0.349300 0.489010 0.061081 1 7 1.000000
Charple2_sheet
  7 18.632668 2.781821 58.635818 0.654179 0.317121 0.686647 0.466060 0.135084 2 7 0.887635 6 0.112365
  7 20.934084 2.787208 58.173698 -0.168286 0.909046 0.381201 0.484312 0.062232 1 7 1.000000
  7 18.674900 2.946414 58.359810 0.365937 0.852975 0.372187 0.466169 0.132138 2 7 0.887635 6 0.112365
Charple2_sheet
  7 18.632668 2.781821 58.635818 0.654179 0.317121 0.686647 0.466060 0.135084 2 7 0.887635 6 0.112365
  7 20.916357 2.624877 58.428722 -0.189982 0.532782 0.824651 0.484757 0.064289 1 7 1.000000
  7 20.934084 2.787208 58.173698 -0.168286 0.909046 0.381201 0.484312 0.062232 1 7 1.000000
Charple2_sheet
  7 18.581654 2.485828 58.646698 0.400607 -0.354691 0.844813 0.480024 0.136048 2 7 0.887635 6 0.112365
  7 20.916357 2.624877 58.428722 -0.189982 0.532782 0.824651 0.484757 0.064289 1 7 1.000000
  7 18.632668 2.781821 58.635818 0.654179 0.317121 0.686647 0.466060 0.135084 2 7 0.887635 6 0.112365
Charple2_sheet
  7 18.581654 2.485828 58.646698 0.400607 -0.354691 0.844813 0.480024 0.136048 2 7 0.887635 6 0.112365
  7 20.813446 2.363845 58.439823 -0.212211 -0.241591 0.946890 0.496899 0.066898 1 7 1.000000
  7 20.916357 2.624877 58.428722 -0.189982 0.532782 0.824651 0.484757 0.064289 1 7 1.000000
Charple2_sheet
  7 18.553844 2.270278 58.472870 0.755836 -0.460200 0.465756 0.495493 0.135127 2 7 0.887635 6 0.112365
  7 20.813446 2.363845 58.439823 -0.212211 -0.241591 0.946890 0.496899 0.066898 1 7 1.000000
  7 18.581654 2.485828 58.646698 0.400607 -0.354691 0.844813 0.480024 0.136048 2 7 0.887635 6 0.112365
Charple2_sheet
  7 18.553844 2.270278 58.472870 0.755836 -0.460200 0.465756 0.495493 0.135127 2 7 0.887635 6 0.112365
  7 20.711914 2.185318 58.280365 -0.229450 -0.861262 0.453410 0.509988 0.068390 1 7 1.000000
  7 20.813446 2.363845 58.439823 -0.212211 -0.241591 0.946890 0.496899 0.066898 1 7 1.000000
Charple2_sheet
  7 18.565094 2.258103 58.214214 0.457809 -0.864993 -0.205421 0.503625 0.132851 2 7 0.887635 6 0.112365
  7 20.711914 2.185318 58.280365 -0.229450 -0.861262 0.453410 0.509988 0.068390 1 7 1.000000
  7 18.553844 2.270278 58.472870 0.755836 -0.460200 0.465756 0.495493 0.135127 2 7 0.887635 6 0.112365
Charple2_sheet
  7 18.565094 2.258103 58.214214 0.457809 -0.864993 -0.205421 0.503625 0.132851 2 7 0.887635 6 0.112365
  7 20.669804 2.191062 58.041965 -0.208654 -0.937536 -0.278370 0.516542 0.067914 1 7 1.000000
  7 20.711914 2.185318 58.280365 -0.229450 -0.861262 0.453410 0.509988 0.068390 1 7 1.000000
Charple2_sheet
  7 18.601315 2.402451 57.988667 0.886271 -0.167232 -0.431923 0.503239 0.130413 2 7 0.887677 6 0.112323
  7 20.669804 2.191062 58.041965 -0.208654 -0.937536 -0.278370 0.516542 0.067914 1 7 1.000000
  7 18.565094 2.258103 58.214214 0.457809 -0.864993 -0.205421 0.503625 0.132851 2 7 0.887635 6 0.112365
Charple2_sheet
  7 20.687792 2.332369 57.833523 -0.228191 -0.499697 -0.835602 0.515767 0.066146 1 7 1.000000
  7 21.140823 2.268162 57.662258 0.291836 -0.586991 -0.755164 0.524866 0.051068 1 7 1.000000
  7 21.109100 2.018953 58.029865 0.267785 -0.912475 -0.309321 0.526234 0.054186 1 7 1.000000
Charple2_sheet
  7 20.794924 2.624536 57.778076 -0.248447 0.223720 -0.942456 0.503408 0.063151 1 7 1.000000
  7 21.140823 2.268162 57.662258 0.291836 -0.586991 -0.755164 0.524866 0.051068 1 7 1.000000
  7 20.687792 2.332369 57.833523 -0.228191 -0.499697 -0.835602 0.515767 0.066146 1 7 1.000000
Charple2_sheet
  7 20.794924 2.624536 57.778076 -0.248447 0.223720 -0.942456 0.503408 0.063151 1 7 1.000000
  7 21.329762 2.783426 57.564468 0.323418 -0.019866 -0.946048 0.503071 0.045786 1 7 1.000000
  7 21.140823 2.268162 57.662258 0.291836 -0.586991 -0.755164 0.524866 0.051068 1 7 1.000000
Charple2_sheet
  7 20.909643 2.854420 57.897659 -0.256369 0.901257 -0.349300 0.489010 0.061081 1 7 1.000000
  7 21.329762 2.783426 57.564468 0.323418 -0.019866 -0.946048 0.503071 0.045786 1 7 1.000000
  7 20.794924 2.624536 57.778076 -0.248447 0.223720 -0.942456 0.503408 0.063151 1 7 1.000000
Charple2_sheet
  7 20.909643 2.854420 57.897659 -0.256369 0.901257 -0.349300 0.489010 0.061081 1 7 1.000000
  7 21.532080 3.188846 57.775364 0.530357 0.680875 -0.505105 0.477677 0.042136 1 7 1.000000
  7 21.329762 2.783426 57.564468 0.323418 -0.019866 -0.946048 0.503071 0.045786 1 7 1.000000
Charple2_sheet
  7 20.934084 2.787208 58.173698 -0.168286 0.909046 0.381201 0.484312 0.062232 1 7 1.000000
  7 21.532080 3.188846 57.775364 0.530357 0.680875 -0.505105 0.477677 0.042136 1 7 1.000000
  7 20.909643 2.854420 57.897659 -0.256369 0.901257 -0.349300 0.489010 0.061081 1 7 1.000000
Charple2_sheet
  7 20.934084 2.787208 58.173698 -0.168286 0.909046 0.381201 0.484312 0.062232 1 7 1.000000
  7 21.575182 3.070311 58.262188 0.531348 0.781031 0.328114 0.469393 0.044165 1 7 1.000000
  7 21.532080 3.188846 57.775364 0.530357 0.680875 -0.505105 0.477677 0.042136 1 7 1.000000
Charple2_sheet
  7 20.916357 2.624877 58.428722 -0.189982 0.532782 0.824651 0.484757 0.064289 1 7 1.000000
  7 21.575182 3.070311 58.262188 0.531348 0.781031 0.328114 0.469393 0.044165 1 7 1.000000
  7 20.934084 2.787208 58.173698 -0.168286 0.909046 0.381201 0.484312 0.062232 1 7 1.000000
Charple2_sheet
  7 20.916357 2.624877 58.428722 -0.189982 0.532782 0.824651 0.484757 0.064289 1 7 1.000000
  7 21.543921 2.784027 58.711945 0.516503 0.321261 0.793736 0.470177 0.047794 1 7 1.000000
  7 21.575182 3.070311 58.262188 0.531348 0.781031 0.328114 0.469393 0.044165 1 7 1.000000
Charple2_sheet
  7 20.813446 2.363845 58.439823 -0.212211 -0.241591 0.946890 0.496899 0.066898 1 7 1.000000
  7 21.543921 2.784027 58.711945 0.516503 0.321261 0.793736 0.470177 0.047794 1 7 1.000000
  7 20.916357 2.624877 58.428722 -0.189982 0.532782 0.824651 0.484757 0.064289 1 7 1.000000
Charple2_sheet
  7 20.813446 2.363845 58.439823 -0.212211 -0.241591 0.946890 0.496899 0.066898 1 7 1.000000
  7 21.362427 2.323671 58.731525 0.356431 -0.470501 0.807208 0.491592 0.052395 1 7 1.000000
  7 21.543921 2.784027 58.711945 0.516503 0.321261 0.793736 0.470177 0.047794 1 7 1.000000
Charple2_sheet
  7 20.711914 2.185318 58.280365 -0.229450 -0.861262 0.453410 0.509988 0.068390 1 7 1.000000
  7 21.362427 2.323671 58.731525 0.356431 -0.470501 0.807208 0.491592 0.052395 1 7 1.000000
  7 20.813446 2.363845 58.439823 -0.212211 -0.241591 0.946890 0.496899 0.066898 1 7 1.000000
Charple2_sheet
  7 20.711914 2.185318 58.280365 -0.229450 -0.861262 0.453410 0.509988 0.068390 1 7 1.000000
  7 21.183365 2.008824 58.450302 0.287270 -0.918440 0.271927 0.514675 0.055025 1 7 1.000000
  7 21.362427 2.323671 58.731525 0.356431 -0.470501 0.807208 0.491592 0.052395 1 7 1.000000
Charple2_sheet
  7 20.669804 2.191062 58.041965 -0.208654 -0.937536 -0.278370 0.516542 0.067914 1 7 1.000000
  7 21.183365 2.008824 58.450302 0.287270 -0.918440 0.271927 0.514675 0.055025 1 7 1.000000
  7 20.711914 2.185318 58.280365 -0.229450 -0.861262 0.453410 0.509988 0.068390 1 7 1.000000
Charple2_sheet
  7 20.669804 2.191062 58.041965 -0.208654 -0.937536 -0.278370 0.516542 0.067914 1 7 1.000000
  7 21.109100 2.018953 58.029865 0.267785 -0.912475 -0.309321 0.526234 0.054186 1 7 1.000000
  7 21.183365 2.008824 58.450302 0.287270 -0.918440 0.271927 0.514675 0.055025 1 7 1.000000
Charple2_sheet
  7 20.687792 2.332369 57.833523 -0.228191 -0.499697 -0.835602 0.515767 0.066146 1 7 1.000000
  7 21.109100 2.018953 58.029865 0.267785 -0.912475 -0.309321 0.526234 0.054186 1 7 1.000000
  7 20.669804 2.191062 58.041965 -0.208654 -0.937536 -0.278370 0.516542 0.067914 1 7 1.000000
Charple2_sheet
  7 18.601315 2.402451 57.988667 0.886271 -0.167232 -0.431923 0.503239 0.130413 2 7 0.887677 6 0.112323
  7 20.687792 2.332369 57.833523 -0.228191 -0.499697 -0.835602 0.515767 0.066146 1 7 1.000000
  7 20.669804 2.191062 58.041965 -0.208654 -0.937536 -0.278370 0.516542 0.067914 1 7 1.000000
Charple2_sheet
  7 18.660204 2.730364 57.929798 0.369324 0.215275 -0.904022 0.489135 0.128929 2 7 0.887699 6 0.112301
  7 20.687792 2.332369 57.833523 -0.228191 -0.499697 -0.835602 0.515767 0.066146 1 7 1.000000
  7 18.601315 2.402451 57.988667 0.886271 -0.167232 -0.431923 0.503239 0.130413 2 7 0.887677 6 0.112323
Charple2_sheet
  7 18.183542 3.550792 56.943775 0.676253 0.421283 -0.604320 0.306991 0.032027 2 7 0.887699 6 0.112301
  7 18.699612 3.001183 58.060574 0.713495 0.666865 -0.214979 0.292801 0.061347 2 7 0.887699 6 0.112301
  7 18.660204 2.730364 57.929798 0.369324 0.215275 -0.904022 0.285484 0.057870 2 7 0.887699 6 0.112301
Charple2_sheet
  7 18.166208 4.032496 57.737675 0.564994 0.824506 -0.031167 0.319910 0.053392 2 7 0.887793 6 0.112207
  7 18.699612 3.001183 58.060574 0.713495 0.666865 -0.214979 0.292801 0.061347 2 7 0.887699 6 0.112301
  7 18.183542 3.550792 56.943775 0.676253 0.421283 -0.604320 0.306991 0.032027 2 7 0.887699 6 0.112301
Charple2_sheet
  7 18.166208 4.032496 57.737675 0.564994 0.824506 -0.031167 0.319910 0.053392 2 7 0.887793 6 0.112207
  7 18.674900 2.946414 58.359810 0.365937 0.852975 0.372187 0.291303 0.069410 2 7 0.887635 6 0.112365
  7 18.699612 3.001183 58.060574 0.713495 0.666865 -0.214979 0.292801 0.061347 2 7 0.887699 6 0.112301
Charple2_sheet
  7 18.166208 4.032496 57.737675 0.564994 0.824506 -0.031167 0.319910 0.053392 2 7 0.887793 6 0.112207
  7 18.632668 2.781821 58.635818 0.654179 0.317121 0.686647 0.286835 0.076865 2 7 0.887635 6 0.112365
  7 18.674900 2.946414 58.359810 0.365937 0.852975 0.372187 0.291303 0.069410 2 7 0.887635 6 0.112365
Charple2_sheet
  7 18.166208 4.032496 57.737675 0.564994 0.824506 -0.031167 0.319910 0.053392 2 7 0.887793 6 0.112207
  7 18.035919 3.455732 59.192326 0.544513 0.566291 0.618725 0.304275 0.092585 2 7 0.887635 6 0.112365
  7 18.632668 2.781821 58.635818 0.654179 0.317121 0.686647 0.286835 0.076865 2 7 0.887635 6 0.112365
Charple2_sheet
  7 18.035919 3.455732 59.192326 0.544513 0.566291 0.618725 0.304275 0.092585 2 7 0.887635 6 0.112365
  7 18.031368 2.065358 59.620991 0.734643 -0.067778 0.675060 0.266926 0.104031 2 7 0.887721 6 0.112279
  7 18.632668 2.781821 58.635818 0.654179 0.317121 0.686647 0.286835 0.076865 2 7 0.887635 6 0.112365
Charple2_sheet
  7 18.031368 2.065358 59.620991 0.734643 -0.067778 0.675060 0.266926 0.104031 2 7 0.887721 6 0.112279
  7 18.581654 2.485828 58.646698 0.400607 -0.354691 0.844813 0.278829 0.077206 2 7 0.887635 6 0.112365
  7 18.632668 2.781821 58.635818 0.654179 0.317121 0.686647 0.286835 0.076865 2 7 0.887635 6 0.112365
Charple2_sheet
  7 18.031368 2.065358 59.620991 0.734643 -0.067778 0.675060 0.266926 0.104031 2 7 0.887721 6 0.112279
  7 18.553844 2.270278 58.472870 0.755836 -0.460200 0.465756 0.273009 0.072562 2 7 0.887635 6 0.112365
  7 18.581654 2.485828 58.646698 0.400607 -0.354691 0.844813 0.278829 0.077206 2 7 0.887635 6 0.112365
Charple2_sheet
  7 18.183542 3.550792 56.943775 0.676253 0.421283 -0.604320 0.306991 0.032027 2 7 0.887699 6 0.112301
  7 18.759996 2.190795 57.578022 0.956969 0.049627 -0.285915 0.271102 0.048272 2 7 0.887677 6 0.112323
  7 18.097038 2.143768 56.674923 0.605650 -0.088420 -0.790803 0.269105 0.024843 2 7 0.887677 6 0.112323
Charple2_sheet
  7 18.705954 1.862176 57.899944 0.665867 0.735584 0.124649 0.262216 0.056967 2 7 0.887677 6 0.112323
  7 18.601315 2.402451 57.988667 0.886271 -0.167232 -0.431923 0.276611 0.059507 2 7 0.887677 6 0.112323
  7 18.565094 2.258103 58.214214 0.457809 -0.864993 -0.205421 0.272694 0.065601 2 7 0.887635 6 0.112365
Charple2_sheet
  7 18.705954 1.862176 57.899944 0.665867 0.735584 0.124649 0.262216 0.056967 2 7 0.887677 6 0.112323
  7 18.565094 2.258103 58.214214 0.457809 -0.864993 -0.205421 0.272694 0.065601 2 7 0.887635 6 0.112365
  7 18.553844 2.270278 58.472870 0.755836 -0.460200 0.465756 0.273009 0.072562 2 7 0.887635 6 0.112365
Charple2_sheet
  7 18.705954 1.862176 57.899944 0.665867 0.735584 0.124649 0.262216 0.056967 2 7 0.887677 6 0.112323
  7 18.553844 2.270278 58.472870 0.755836 -0.460200 0.465756 0.273009 0.072562 2 7 0.887635 6 0.112365
  7 18.684376 1.774265 58.136726 0.622693 0.501241 0.600841 0.259831 0.063347 2 7 0.887728 6 0.112272
Charple2_sheet
  7 18.684376 1.774265 58.136726 0.622693 0.501241 0.600841 0.259831 0.063347 2 7 0.887728 6 0.112272
  7 18.553844 2.270278 58.472870 0.755836 -0.460200 0.465756 0.273009 0.072562 2 7 0.887635 6 0.112365
  7 18.031368 2.065358 59.620991 0.734643 -0.067778 0.675060 0.266926 0.104031 2 7 0.887721 6 0.112279
Charple2_sheet
  7 18.684376 1.774265 58.136726 0.622693 0.501241 0.600841 0.259831 0.063347 2 7 0.887728 6 0.112272
  7 18.031368 2.065358 59.620991 0.734643 -0.067778 0.675060 0.266926 0.104031 2 7 0.887721 6 0.112279
  7 18.685646 1.565808 58.216404 0.539762 -0.069850 0.838915 0.254233 0.065475 2 7 0.887728 6 0.112272
Charple2_sheet
  7 18.685646 1.565808 58.216404 0.539762 -0.069850 0.838915 0.254233 0.065475 2 7 0.887728 6 0.112272
  7 18.031368 2.065358 59.620991 0.734643 -0.067778 0.675060 0.266926 0.104031 2 7 0.887721 6 0.112279
  7 18.014181 1.096750 59.165485 0.554667 -0.608485 0.567530 0.240892 0.091771 2 7 0.887721 6 0.112279
Charple2_sheet
  7 18.685646 1.565808 58.216404 0.539762 -0.069850 0.838915 0.254233 0.065475 2 7 0.887728 6 0.112272
  7 18.014181 1.096750 59.165485 0.554667 -0.608485 0.567530 0.240892 0.091771 2 7 0.887721 6 0.112279
  7 18.680929 1.392154 58.148571 0.456381 -0.645686 0.612214 0.249564 0.063650 2 7 0.887755 6 0.112245
Charple2_sheet
  7 18.680929 1.392154 58.148571 0.456381 -0.645686 0.612214 0.249564 0.063650 2 7 0.887755 6 0.112245
  7 18.014181 1.096750 59.165485 0.554667 -0.608485 0.567530 0.240892 0.091771 2 7 0.887721 6 0.112279
  7 18.055639 0.615188 57.858978 0.474437 -0.880139 0.016265 0.228003 0.056611 2 7 0.887755 6 0.112245
Charple2_sheet
  7 18.680929 1.392154 58.148571 0.456381 -0.645686 0.612214 0.249564 0.063650 2 7 0.887755 6 0.112245
  7 18.055639 0.615188 57.858978 0.474437 -0.880139 0.016265 0.228003 0.056611 2 7 0.887755 6 0.112245
  7 18.686552 1.290875 57.914127 0.405040 -0.913807 0.029984 0.246850 0.057343 2 7 0.887728 6 0.112272
Charple2_sheet
  7 18.686552 1.290875 57.914127 0.405040 -0.913807 0.029984 0.246850 0.057343 2 7 0.887728 6 0.112272
  7 18.055639 0.615188 57.858978 0.474437 -0.880139 0.016265 0.228003 0.056611 2 7 0.887755 6 0.112245
  7 18.110945 0.966623 57.144489 0.506450 -0.601456 -0.617866 0.237504 0.037375 2 7 0.887728 6 0.112272
Charple2_sheet
  7 18.686552 1.290875 57.914127 0.405040 -0.913807 0.029984 0.246850 0.057343 2 7 0.887728 6 0.112272
  7 18.110945 0.966623 57.144489 0.506450 -0.601456 -0.617866 0.237504 0.037375 2 7 0.887728 6 0.112272
  7 18.695219 1.340452 57.767612 0.432570 -0.673432 -0.599477 0.248191 0.053400 2 7 0.887728 6 0.112272
Charple2_sheet
  7 18.695219 1.340452 57.767612 0.432570 -0.673432 -0.599477 0.248191 0.053400 2 7 0.887728 6 0.112272
  7 18.110945 0.966623 57.144489 0.506450 -0.601456 -0.617866 0.237504 0.037375 2 7 0.887728 6 0.112272
  7 18.097038 2.143768 56.674923 0.605650 -0.088420 -0.790803 0.269105 0.024843 2 7 0.887677 6 0.112323
Charple2_sheet
  7 18.695219 1.340452 57.767612 0.432570 -0.673432 -0.599477 0.248191 0.053400 2 7 0.887728 6 0.112272
  7 18.097038 2.143768 56.674923 0.605650 -0.088420 -0.790803 0.269105 0.024843 2 7 0.887677 6 0.112323
  7 18.689428 1.580105 57.644585 0.482577 -0.116406 -0.868084 0.254622 0.050116 2 7 0.887728 6 0.112272
Charple2_sheet
  7 18.097038 2.143768 56.674923 0.605650 -0.088420 -0.790803 0.269105 0.024843 2 7 0.887677 6 0.112323
  7 18.707592 1.805867 57.757534 0.667980 0.484282 -0.565043 0.260706 0.053138 2 7 0.887677 6 0.112323
  7 18.689428 1.580105 57.644585 0.482577 -0.116406 -0.868084 0.254622 0.050116 2 7 0.887728 6 0.112272
Charple2_sheet
  7 18.097038 2.143768 56.674923 0.605650 -0.088420 -0.790803 0.269105 0.024843 2 7 0.887677 6 0.112323
  7 18.759996 2.190795 57.578022 0.956969 0.049627 -0.285915 0.271102 0.048272 2 7 0.887677 6 0.112323
  7 18.707592 1.805867 57.757534 0.667980 0.484282 -0.565043 0.260706 0.053138 2 7 0.887677 6 0.112323
Charple2_sheet
  7 18.707592 1.805867 57.757534 0.667980 0.484282 -0.565043 0.260706 0.053138 2 7 0.887677 6 0.112323
  7 18.759996 2.190795 57.578022 0.956969 0.049627 -0.285915 0.271102 0.048272 2 7 0.887677 6 0.112323
  7 18.601315 2.402451 57.988667 0.886271 -0.167232 -0.431923 0.276611 0.059507 2 7 0.887677 6 0.112323
Charple2_sheet
  7 18.183542 3.550792 56.943775 0.676253 0.421283 -0.604320 0.306991 0.032027 2 7 0.887699 6 0.112301
  7 18.601315 2.402451 57.988667 0.886271 -0.167232 -0.431923 0.276611 0.059507 2 7 0.887677 6 0.112323
  7 18.759996 2.190795 57.578022 0.956969 0.049627 -0.285915 0.271102 0.048272 2 7 0.887677 6 0.112323
Charple2_sheet
  7 18.183542 3.550792 56.943775 0.676253 0.421283 -0.604320 0.306991 0.032027 2 7 0.887699 6 0.112301
  7 18.660204 2.730364 57.929798 0.369324 0.215275 -0.904022 0.285484 0.057870 2 7 0.887699 6 0.112301
  7 18.601315 2.402451 57.988667 0.886271 -0.167232 -0.431923 0.276611 0.059507 2 7 0.887677 6 0.112323
Charple2_sheet
  7 18.707592 1.805867 57.757534 0.667980 0.484282 -0.565043 0.260706 0.053138 2 7 0.887677 6 0.112323
  7 18.601315 2.402451 57.988667 0.886271 -0.167232 -0.431923 0.276611 0.059507 2 7 0.887677 6 0.112323
  7 18.705954 1.862176 57.899944 0.665867 0.735584 0.124649 0.262216 0.056967 2 7 0.887677 6 0.112323
Charple2_sheet
  10 -3.243226 0.381647 17.611422 0.980382 -0.043897 -0.192157 0.492299 0.348011 2 10 0.944830 9 0.055170
  10 -5.110240 -0.420580 11.871028 0.607854 -0.612364 -0.505493 0.449022 0.260573 1 10 1.000000
  10 -4.463228 0.927180 11.779311 0.854395 -0.052456 -0.516970 0.492254 0.260578 1 10 1.000000
Charple2_sheet
  10 -2.970989 0.338710 19.486673 0.976759 -0.035814 -0.211325 0.492210 0.378017 2 10 0.518970 9 0.481030
  10 -3.928123 -1.069280 17.675289 0.704820 -0.679452 -0.203896 0.448979 0.348011 2 10 0.944830 9 0.055170
  10 -3.243226 0.381647 17.611422 0.980382 -0.043897 -0.192157 0.492299 0.348011 2 10 0.944830 9 0.055170
Charple2_sheet
  10 -3.243226 0.381647 17.611422 0.980382 -0.043897 -0.192157 0.492299 0.348011 2 10 0.944830 9 0.055170
  10 -3.928123 -1.069280 17.675289 0.704820 -0.679452 -0.203896 0.448979 0.348011 2 10 0.944830 9 0.055170
  10 -5.110240 -0.420580 11.871028 0.607854 -0.612364 -0.505493 0.449022 0.260573 1 10 1.000000
Charple2_sheet
  10 -3.928123 -1.069280 17.675289 0.704820 -0.679452 -0.203896 0.448979 0.348011 2 10 0.944830 9 0.055170
  10 -6.264683 -1.029956 11.944542 0.000623 -0.867438 -0.497544 0.419911 0.260801 1 10 1.000000
  10 -5.110240 -0.420580 11.871028 0.607854 -0.612364 -0.505493 0.449022 0.260573 1 10 1.000000
Charple2_sheet
  9 -2.435618 0.259235 21.346827 0.980320 -0.034855 -0.194312 0.492255 0.410292 2 9 0.943100 10 0.056900
  10 -3.629183 -1.400360 19.524765 0.694935 -0.696240 -0.179764 0.449246 0.378017 2 10 0.518970 9 0.481030
  10 -2.970989 0.338710 19.486673 0.976759 -0.035814 -0.211325 0.492210 0.378017 2 10 0.518970 9 0.481030
Charple2_sheet
  10 -2.970989 0.338710 19.486673 0.976759 -0.035814 -0.211325 0.492210 0.378017 2 10 0.518970 9 0.481030
  10 -3.629183 -1.400360 19.524765 0.694935 -0.696240 -0.179764 0.449246 0.378017 2 10 0.518970 9 0.481030
  10 -3.928123 -1.069280 17.675289 0.704820 -0.679452 -0.203896 0.448979 0.348011 2 10 0.944830 9 0.055170
Charple2_sheet
  10 -3.629183 -1.400360 19.524765 0.694935 -0.696240 -0.179764 0.449246 0.378017 2 10 0.518970 9 0.481030
  10 -5.506739 -1.955476 17.784376 -0.065658 -0.992687 -0.101298 0.420533 0.348248 2 10 0.944830 9 0.055170
  10 -3.928123 -1.069280 17.675289 0.704820 -0.679452 -0.203896 0.448979 0.348011 2 10 0.944830 9 0.055170
Charple2_sheet
  10 -3.928123 -1.069280 17.675289 0.704820 -0.679452 -0.203896 0.448979 0.348011 2 10 0.944830 9 0.055170
  10 -5.506739 -1.955476 17.784376 -0.065658 -0.992687 -0.101298 0.420533 0.348248 2 10 0.944830 9 0.055170
  10 -6.264683 -1.029956 11.944542 0.000623 -0.867438 -0.497544 0.419911 0.260801 1 10 1.000000
Charple2_sheet
  10 -5.506739 -1.955476 17.784376 -0.065658 -0.992687 -0.101298 0.420533 0.348248 2 10 0.944830 9 0.055170
  10 -7.276261 -0.549988 11.863735 -0.633831 -0.653341 -0.414009 0.385784 0.260550 1 10 1.000000
  10 -6.264683 -1.029956 11.944542 0.000623 -0.867438 -0.497544 0.419911 0.260801 1 10 1.000000
Charple2_sheet
  12 2.667189 0.698302 19.831974 -0.976760 -0.035814 -0.211324 0.492210 0.378017 2 12 0.534389 11 0.465611
  12 3.325382 -1.040769 19.870060 -0.694935 -0.696240 -0.179764 0.449246 0.378017 2 12 0.534453 11 0.465547
  11 2.924447 -1.102579 21.885313 -0.682493 -0.713118 -0.160204 0.449024 0.410050 2 11 0.937930 12 0.062070
Charple2_sheet
  12 2.667189 0.698302 19.831974 -0.976760 -0.035814 -0.211324 0.492210 0.378017 2 12 0.534389 11 0.465611
  11 2.924447 -1.102579 21.885313 -0.682493 -0.713118 -0.160204 0.449024 0.410050 2 11 0.937930 12 0.062070
  11 2.131798 0.618826 21.692127 -0.980900 -0.034824 -0.191369 0.492255 0.410292 2 11 0.937930 12 0.062070
Charple2_sheet
  11 1.175404 0.466810 28.818565 -0.985648 0.034724 -0.165202 0.492566 0.476719 1 11 1.000000
  11 2.131798 0.618826 21.692127 -0.980900 -0.034824 -0.191369 0.492255 0.410292 2 11 0.937930 12 0.062070
  11 2.924447 -1.102579 21.885313 -0.682493 -0.713118 -0.160204 0.449024 0.410050 2 11 0.937930 12 0.062070
Charple2_sheet
  11 1.175404 0.466810 28.818565 -0.985648 0.034724 -0.165202 0.492566 0.476719 1 11 1.000000
  11 2.924447 -1.102579 21.885313 -0.682493 -0.713118 -0.160204 0.449024 0.410050 2 11 0.937930 12 0.062070
  11 2.100055 -1.804876 28.942490 -0.686647 -0.707249 -0.168268 0.448980 0.476348 1 11 1.000000
Charple2_sheet
  9 -0.010796 1.066476 35.330959 0.135817 0.195174 -0.971319 0.491699 0.536621 2 9 0.583479 11 0.416521
  11 1.175404 0.466810 28.818565 -0.985648 0.034724 -0.165202 0.492566 0.476719 1 11 1.000000
  11 2.100055 -1.804876 28.942490 -0.686647 -0.707249 -0.168268 0.448980 0.476348 1 11 1.000000
Charple2_sheet
  9 -0.010796 1.066476 35.330959 0.135817 0.195174 -0.971319 0.491699 0.536621 2 9 0.583479 11 0.416521
  11 2.100055 -1.804876 28.942490 -0.686647 -0.707249 -0.168268 0.448980 0.476348 1 11 1.000000
  11 0.527832 -2.514163 35.451565 -0.168940 -0.897440 -0.407506 0.449161 0.568600 2 11 0.553490 9 0.446510
Charple2_sheet
  11 0.527832 -2.514163 35.451565 -0.168940 -0.897440 -0.407506 0.449161 0.568600 2 11 0.553490 9 0.446510
  11 0.032714 -2.450129 35.173908 0.182464 -0.637868 -0.748219 0.491211 0.568359 2 11 0.553490 9 0.446510
  9 -0.010796 1.066476 35.330959 0.135817 0.195174 -0.971319 0.491699 0.536621 2 9 0.583479 11 0.416521
Charple2_sheet
  9 -0.010796 1.066476 35.330959 0.135817 0.195174 -0.971319 0.491699 0.536621 2 9 0.583479 11 0.416521
  11 0.032714 -2.450129 35.173908 0.182464 -0.637868 -0.748219 0.491211 0.568359 2 11 0.553490 9 0.446510
  9 -0.728513 -2.815915 35.363678 0.294450 -0.863238 -0.410024 0.449161 0.568600 2 9 0.658620 0 0.341380
Charple2_sheet
  9 -0.728513 -2.815915 35.363678 0.294450 -0.863238 -0.410024 0.449161 0.568600 2 9 0.658620 0 0.341380
  9 -1.373875 0.466808 28.818567 0.982141 0.008916 -0.187933 0.492566 0.476719 1 9 1.000000
  9 -0.010796 1.066476 35.330959 0.135817 0.195174 -0.971319 0.491699 0.536621 2 9 0.583479 11 0.416521
Charple2_sheet
  9 -0.728513 -2.815915 35.363678 0.294450 -0.863238 -0.410024 0.449161 0.568600 2 9 0.658620 0 0.341380
  9 -2.298526 -1.804878 28.942492 0.677286 -0.716916 -0.165272 0.448980 0.476348 1 9 1.000000
  9 -1.373875 0.466808 28.818567 0.982141 0.008916 -0.187933 0.492566 0.476719 1 9 1.000000
Charple2_sheet
  9 -2.298526 -1.804878 28.942492 0.677286 -0.716916 -0.165272 0.448980 0.476348 1 9 1.000000
  9 -2.435618 0.259235 21.346827 0.980320 -0.034855 -0.194312 0.492255 0.410292 2 9 0.943100 10 0.056900
  9 -1.373875 0.466808 28.818567 0.982141 0.008916 -0.187933 0.492566 0.476719 1 9 1.000000
Charple2_sheet
  9 -2.298526 -1.804878 28.942492 0.677286 -0.716916 -0.165272 0.448980 0.476348 1 9 1.000000
  9 -3.228268 -1.462170 21.540014 0.684341 -0.714675 -0.144625 0.449024 0.410050 2 9 0.943100 10 0.056900
  9 -2.435618 0.259235 21.346827 0.980320 -0.034855 -0.194312 0.492255 0.410292 2 9 0.943100 10 0.056900
Charple2_sheet
  9 -2.435618 0.259235 21.346827 0.980320 -0.034855 -0.194312 0.492255 0.410292 2 9 0.943100 10 0.056900
  9 -3.228268 -1.462170 21.540014 0.684341 -0.714675 -0.144625 0.449024 0.410050 2 9 0.943100 10 0.056900
  10 -3.629183 -1.400360 19.524765 0.694935 -0.696240 -0.179764 0.449246 0.378017 2 10 0.518970 9 0.481030
Charple2_sheet
  9 -3.228268 -1.462170 21.540014 0.684341 -0.714675 -0.144625 0.449024 0.410050 2 9 0.943100 10 0.056900
  10 -5.059203 -2.010993 19.708410 -0.092935 -0.994567 -0.046895 0.420622 0.378031 2 10 0.518970 9 0.481030
  10 -3.629183 -1.400360 19.524765 0.694935 -0.696240 -0.179764 0.449246 0.378017 2 10 0.518970 9 0.481030
Charple2_sheet
  10 -3.629183 -1.400360 19.524765 0.694935 -0.696240 -0.179764 0.449246 0.378017 2 10 0.518970 9 0.481030
  10 -5.059203 -2.010993 19.708410 -0.092935 -0.994567 -0.046895 0.420622 0.378031 2 10 0.518970 9 0.481030
  10 -5.506739 -1.955476 17.784376 -0.065658 -0.992687 -0.101298 0.420533 0.348248 2 10 0.944830 9 0.055170
Charple2_sheet
  10 -5.059203 -2.010993 19.708410 -0.092935 -0.994567 -0.046895 0.420622 0.378031 2 10 0.518970 9 0.481030
  10 -6.670432 -1.024736 17.870245 -0.711944 -0.700481 0.049620 0.385740 0.348230 2 10 0.944830 9 0.055170
  10 -5.506739 -1.955476 17.784376 -0.065658 -0.992687 -0.101298 0.420533 0.348248 2 10 0.944830 9 0.055170
Charple2_sheet
  10 -5.506739 -1.955476 17.784376 -0.065658 -0.992687 -0.101298 0.420533 0.348248 2 10 0.944830 9 0.055170
  10 -6.670432 -1.024736 17.870245 -0.711944 -0.700481 0.049620 0.385740 0.348230 2 10 0.944830 9 0.055170
  10 -7.276261 -0.549988 11.863735 -0.633831 -0.653341 -0.414009 0.385784 0.260550 1 10 1.000000
Charple2_sheet
  10 -6.670432 -1.024736 17.870245 -0.711944 -0.700481 0.049620 0.385740 0.348230 2 10 0.944830 9 0.055170
  10 -7.828752 0.761466 11.829478 -0.901686 -0.192952 -0.386951 0.344375 0.260782 1 10 1.000000
  10 -7.276261 -0.549988 11.863735 -0.633831 -0.653341 -0.414009 0.385784 0.260550 1 10 1.000000
Charple2_sheet
  11 2.100055 -1.804876 28.942490 -0.686647 -0.707249 -0.168268 0.448980 0.476348 1 11 1.000000
  11 3.106001 -2.907396 35.616280 0.264877 -0.964133 0.016933 0.420136 0.568386 1 11 1.000000
  11 0.527832 -2.514163 35.451565 -0.168940 -0.897440 -0.407506 0.449161 0.568600 2 11 0.553490 9 0.446510
Charple2_sheet
  9 -4.674595 4.696931 35.509895 -0.341787 0.932525 -0.116528 0.272568 0.568466 1 9 1.000000
  9 -1.048625 3.862265 35.583702 0.407485 0.754827 -0.513997 0.231472 0.568907 1 9 1.000000
  9 -2.359149 3.146214 28.887068 0.674135 0.719220 -0.168123 0.230897 0.476396 1 9 1.000000
Charple2_sheet
  9 -4.674595 4.696931 35.509895 -0.341787 0.932525 -0.116528 0.272568 0.568466 1 9 1.000000
  9 -2.359149 3.146214 28.887068 0.674135 0.719220 -0.168123 0.230897 0.476396 1 9 1.000000
  9 -4.704862 4.057651 29.035622 -0.194882 0.976824 -0.088517 0.272525 0.476522 1 9 1.000000
Charple2_sheet
  9 -6.142571 3.132674 35.082840 -0.901644 0.420392 0.101530 0.306697 0.568503 1 9 1.000000
  9 -4.674595 4.696931 35.509895 -0.341787 0.932525 -0.116528 0.272568 0.568466 1 9 1.000000
  9 -4.704862 4.057651 29.035622 -0.194882 0.976824 -0.088517 0.272525 0.476522 1 9 1.000000
Charple2_sheet
  9 -6.142571 3.132674 35.082840 -0.901644 0.420392 0.101530 0.306697 0.568503 1 9 1.000000
  9 -4.704862 4.057651 29.035622 -0.194882 0.976824 -0.088517 0.272525 0.476522 1 9 1.000000
  9 -6.252371 2.758067 29.282316 -0.881363 0.472277 0.012422 0.306608 0.476767 1 9 1.000000
Charple2_sheet
  9 -6.188287 0.178699 35.370708 -0.976752 -0.184374 0.109367 0.344288 0.568262 1 9 1.000000
  9 -6.142571 3.132674 35.082840 -0.901644 0.420392 0.101530 0.306697 0.568503 1 9 1.000000
  9 -6.252371 2.758067 29.282316 -0.881363 0.472277 0.012422 0.306608 0.476767 1 9 1.000000
Charple2_sheet
  9 -6.188287 0.178699 35.370708 -0.976752 -0.184374 0.109367 0.344288 0.568262 1 9 1.000000
  9 -6.252371 2.758067 29.282316 -0.881363 0.472277 0.012422 0.306608 0.476767 1 9 1.000000
  9 -6.567105 0.531026 29.147200 -0.977109 -0.206782 0.049984 0.344154 0.476649 1 9 1.000000
Charple2_sheet
  9 -5.232030 -1.903881 34.919643 -0.718517 -0.689778 0.089108 0.386229 0.567740 1 9 1.000000
  9 -6.188287 0.178699 35.370708 -0.976752 -0.184374 0.109367 0.344288 0.568262 1 9 1.000000
  9 -6.567105 0.531026 29.147200 -0.977109 -0.206782 0.049984 0.344154 0.476649 1 9 1.000000
Charple2_sheet
  9 -5.232030 -1.903881 34.919643 -0.718517 -0.689778 0.089108 0.386229 0.567740 1 9 1.000000
  9 -6.567105 0.531026 29.147200 -0.977109 -0.206782 0.049984 0.344154 0.476649 1 9 1.000000
  9 -5.347178 -1.499825 28.991749 -0.724189 -0.689239 0.022350 0.385829 0.476593 1 9 1.000000
Charple2_sheet
  9 -3.045472 -3.000363 35.758141 -0.223909 -0.974578 -0.007948 0.420136 0.568386 1 9 1.000000
  9 -5.232030 -1.903881 34.919643 -0.718517 -0.689778 0.089108 0.386229 0.567740 1 9 1.000000
  9 -5.347178 -1.499825 28.991749 -0.724189 -0.689239 0.022350 0.385829 0.476593 1 9 1.000000
Charple2_sheet
  9 -3.045472 -3.000363 35.758141 -0.223909 -0.974578 -0.007948 0.420136 0.568386 1 9 1.000000
  9 -5.347178 -1.499825 28.991749 -0.724189 -0.689239 0.022350 0.385829 0.476593 1 9 1.000000
  9 -3.934525 -2.494825 29.025551 -0.142275 -0.987723 -0.064509 0.420445 0.476646 1 9 1.000000
Charple2_sheet
  9 -0.728513 -2.815915 35.363678 0.294450 -0.863238 -0.410024 0.449161 0.568600 2 9 0.658620 0 0.341380
  9 -3.045472 -3.000363 35.758141 -0.223909 -0.974578 -0.007948 0.420136 0.568386 1 9 1.000000
  9 -3.934525 -2.494825 29.025551 -0.142275 -0.987723 -0.064509 0.420445 0.476646 1 9 1.000000
Charple2_sheet
  9 -0.728513 -2.815915 35.363678 0.294450 -0.863238 -0.410024 0.449161 0.568600 2 9 0.658620 0 0.341380
  9 -3.934525 -2.494825 29.025551 -0.142275 -0.987723 -0.064509 0.420445 0.476646 1 9 1.000000
  9 -2.298526 -1.804878 28.942492 0.677286 -0.716916 -0.165272 0.448980 0.476348 1 9 1.000000
Charple2_sheet
  9 -3.934525 -2.494825 29.025551 -0.142275 -0.987723 -0.064509 0.420445 0.476646 1 9 1.000000
  9 -3.228268 -1.462170 21.540014 0.684341 -0.714675 -0.144625 0.449024 0.410050 2 9 0.943100 10 0.056900
  9 -2.298526 -1.804878 28.942492 0.677286 -0.716916 -0.165272 0.448980 0.476348 1 9 1.000000
Charple2_sheet
  9 -3.934525 -2.494825 29.025551 -0.142275 -0.987723 -0.064509 0.420445 0.476646 1 9 1.000000
  9 -4.906069 -2.094628 21.577835 -0.111979 -0.993238 -0.030645 0.420311 0.410283 2 9 0.943100 10 0.056900
  9 -3.228268 -1.462170 21.540014 0.684341 -0.714675 -0.144625 0.449024 0.410050 2 9 0.943100 10 0.056900
Charple2_sheet
  9 -3.228268 -1.462170 21.540014 0.684341 -0.714675 -0.144625 0.449024 0.410050 2 9 0.943100 10 0.056900
  9 -4.906069 -2.094628 21.577835 -0.111979 -0.993238 -0.030645 0.420311 0.410283 2 9 0.943100 10 0.056900
  10 -5.059203 -2.010993 19.708410 -0.092935 -0.994567 -0.046895 0.420622 0.378031 2 10 0.518970 9 0.481030
Charple2_sheet
  9 -4.906069 -2.094628 21.577835 -0.111979 -0.993238 -0.030645 0.420311 0.410283 2 9 0.943100 10 0.056900
  10 -6.150046 -1.366278 19.863306 -0.707438 -0.702189 0.080389 0.385563 0.378017 2 10 0.518970 9 0.481030
  10 -5.059203 -2.010993 19.708410 -0.092935 -0.994567 -0.046895 0.420622 0.378031 2 10 0.518970 9 0.481030
Charple2_sheet
  10 -5.059203 -2.010993 19.708410 -0.092935 -0.994567 -0.046895 0.420622 0.378031 2 10 0.518970 9 0.481030
  10 -6.150046 -1.366278 19.863306 -0.707438 -0.702189 0.080389 0.385563 0.378017 2 10 0.518970 9 0.481030
  10 -6.670432 -1.024736 17.870245 -0.711944 -0.700481 0.049620 0.385740 0.348230 2 10 0.944830 9 0.055170
Charple2_sheet
  10 -6.150046 -1.366278 19.863306 -0.707438 -0.702189 0.080389 0.385563 0.378017 2 10 0.518970 9 0.481030
  10 -7.697496 0.318079 17.971298 -0.967656 -0.221034 0.121594 0.344331 0.348002 2 10 0.944830 9 0.055170
  10 -6.670432 -1.024736 17.870245 -0.711944 -0.700481 0.049620 0.385740 0.348230 2 10 0.944830 9 0.055170
Charple2_sheet
  9 -6.252371 2.758067 29.282316 -0.881363 0.472277 0.012422 0.306608 0.476767 1 9 1.000000
  9 -7.074476 0.389075 22.383247 -0.975536 -0.210395 0.063737 0.344376 0.410083 2 9 0.943100 10 0.056900
  9 -6.567105 0.531026 29.147200 -0.977109 -0.206782 0.049984 0.344154 0.476649 1 9 1.000000
Charple2_sheet
  9 -6.252371 2.758067 29.282316 -0.881363 0.472277 0.012422 0.306608 0.476767 1 9 1.000000
  9 -6.794148 2.444556 22.342989 -0.846781 0.531863 0.009149 0.306652 0.410078 2 9 0.943100 10 0.056900
  9 -7.074476 0.389075 22.383247 -0.975536 -0.210395 0.063737 0.344376 0.410083 2 9 0.943100 10 0.056900
Charple2_sheet
  9 -4.704862 4.057651 29.035622 -0.194882 0.976824 -0.088517 0.272525 0.476522 1 9 1.000000
  9 -6.794148 2.444556 22.342989 -0.846781 0.531863 0.009149 0.306652 0.410078 2 9 0.943100 10 0.056900
  9 -6.252371 2.758067 29.282316 -0.881363 0.472277 0.012422 0.306608 0.476767 1 9 1.000000
Charple2_sheet
  9 -4.704862 4.057651 29.035622 -0.194882 0.976824 -0.088517 0.272525 0.476522 1 9 1.000000
  9 -5.414128 3.234264 21.711487 -0.143717 0.985828 -0.086541 0.272525 0.410259 2 9 0.943100 10 0.056900
  9 -6.794148 2.444556 22.342989 -0.846781 0.531863 0.009149 0.306652 0.410078 2 9 0.943100 10 0.056900
Charple2_sheet
  9 -2.359149 3.146214 28.887068 0.674135 0.719220 -0.168123 0.230897 0.476396 1 9 1.000000
  9 -5.414128 3.234264 21.711487 -0.143717 0.985828 -0.086541 0.272525 0.410259 2 9 0.943100 10 0.056900
  9 -4.704862 4.057651 29.035622 -0.194882 0.976824 -0.088517 0.272525 0.476522 1 9 1.000000
Charple2_sheet
  9 -2.359149 3.146214 28.887068 0.674135 0.719220 -0.168123 0.230897 0.476396 1 9 1.000000
  9 -3.279049 2.634372 21.450592 0.677194 0.716160 -0.168887 0.231119 0.409952 2 9 0.943100 10 0.056900
  9 -5.414128 3.234264 21.711487 -0.143717 0.985828 -0.086541 0.272525 0.410259 2 9 0.943100 10 0.056900
Charple2_sheet
  9 -5.414128 3.234264 21.711487 -0.143717 0.985828 -0.086541 0.272525 0.410259 2 9 0.943100 10 0.056900
  9 -3.279049 2.634372 21.450592 0.677194 0.716160 -0.168887 0.231119 0.409952 2 9 0.943100 10 0.056900
  10 -3.648685 2.485620 19.569576 0.686991 0.712454 -0.143014 0.230853 0.377951 2 10 0.518970 9 0.481030
Charple2_sheet
  9 -5.414128 3.234264 21.711487 -0.143717 0.985828 -0.086541 0.272525 0.410259 2 9 0.943100 10 0.056900
  10 -3.648685 2.485620 19.569576 0.686991 0.712454 -0.143014 0.230853 0.377951 2 10 0.518970 9 0.481030
  10 -5.468568 3.042177 19.818316 -0.113495 0.993513 -0.007164 0.272347 0.377993 2 10 0.518970 9 0.481030
Charple2_sheet
  10 -5.468568 3.042177 19.818316 -0.113495 0.993513 -0.007164 0.272347 0.377993 2 10 0.518970 9 0.481030
  10 -3.648685 2.485620 19.569576 0.686991 0.712454 -0.143014 0.230853 0.377951 2 10 0.518970 9 0.481030
  10 -4.018107 2.503671 17.684315 0.723251 0.683032 -0.101855 0.231119 0.348406 2 10 0.944830 9 0.055170
Charple2_sheet
  10 -5.468568 3.042177 19.818316 -0.113495 0.993513 -0.007164 0.272347 0.377993 2 10 0.518970 9 0.481030
  10 -4.018107 2.503671 17.684315 0.723251 0.683032 -0.101855 0.231119 0.348406 2 10 0.944830 9 0.055170
  10 -5.861969 3.245517 17.808586 -0.097271 0.994268 0.044385 0.272436 0.348425 2 10 0.944830 9 0.055170
Charple2_sheet
  10 -6.947670 2.190149 19.933748 -0.828749 0.549243 0.107274 0.306562 0.378031 2 10 0.518970 9 0.481030
  10 -5.468568 3.042177 19.818316 -0.113495 0.993513 -0.007164 0.272347 0.377993 2 10 0.518970 9 0.481030
  10 -5.861969 3.245517 17.808586 -0.097271 0.994268 0.044385 0.272436 0.348425 2 10 0.944830 9 0.055170
Charple2_sheet
  10 -6.947670 2.190149 19.933748 -0.828749 0.549243 0.107274 0.306562 0.378031 2 10 0.518970 9 0.481030
  10 -5.861969 3.245517 17.808586 -0.097271 0.994268 0.044385 0.272436 0.348425 2 10 0.944830 9 0.055170
  10 -7.403058 2.271708 17.931812 -0.843817 0.518949 0.136618 0.306518 0.348220 2 10 0.944830 9 0.055170
Charple2_sheet
  10 -7.161046 0.276656 19.981647 -0.965471 -0.223795 0.133349 0.344287 0.378035 2 10 0.518970 9 0.481030
  10 -6.947670 2.190149 19.933748 -0.828749 0.549243 0.107274 0.306562 0.378031 2 10 0.518970 9 0.481030
  10 -7.403058 2.271708 17.931812 -0.843817 0.518949 0.136618 0.306518 0.348220 2 10 0.944830 9 0.055170
Charple2_sheet
  10 -7.161046 0.276656 19.981647 -0.965471 -0.223795 0.133349 0.344287 0.378035 2 10 0.518970 9 0.481030
  10 -7.403058 2.271708 17.931812 -0.843817 0.518949 0.136618 0.306518 0.348220 2 10 0.944830 9 0.055170
  10 -7.697496 0.318079 17.971298 -0.967656 -0.221034 0.121594 0.344331 0.348002 2 10 0.944830 9 0.055170
Charple2_sheet
  10 -6.150046 -1.366278 19.863306 -0.707438 -0.702189 0.080389 0.385563 0.378017 2 10 0.518970 9 0.481030
  10 -7.161046 0.276656 19.981647 -0.965471 -0.223795 0.133349 0.344287 0.378035 2 10 0.518970 9 0.481030
  10 -7.697496 0.318079 17.971298 -0.967656 -0.221034 0.121594 0.344331 0.348002 2 10 0.944830 9 0.055170
Charple2_sheet
  9 -6.093805 -1.228481 21.894009 -0.721071 -0.690958 0.051311 0.385518 0.410069 2 9 0.943100 10 0.056900
  10 -7.161046 0.276656 19.981647 -0.965471 -0.223795 0.133349 0.344287 0.378035 2 10 0.518970 9 0.481030
  10 -6.150046 -1.366278 19.863306 -0.707438 -0.702189 0.080389 0.385563 0.378017 2 10 0.518970 9 0.481030
Charple2_sheet
  9 -4.906069 -2.094628 21.577835 -0.111979 -0.993238 -0.030645 0.420311 0.410283 2 9 0.943100 10 0.056900
  9 -6.093805 -1.228481 21.894009 -0.721071 -0.690958 0.051311 0.385518 0.410069 2 9 0.943100 10 0.056900
  10 -6.150046 -1.366278 19.863306 -0.707438 -0.702189 0.080389 0.385563 0.378017 2 10 0.518970 9 0.481030
Charple2_sheet
  9 -5.347178 -1.499825 28.991749 -0.724189 -0.689239 0.022350 0.385829 0.476593 1 9 1.000000
  9 -6.093805 -1.228481 21.894009 -0.721071 -0.690958 0.051311 0.385518 0.410069 2 9 0.943100 10 0.056900
  9 -4.906069 -2.094628 21.577835 -0.111979 -0.993238 -0.030645 0.420311 0.410283 2 9 0.943100 10 0.056900
Charple2_sheet
  9 -5.347178 -1.499825 28.991749 -0.724189 -0.689239 0.022350 0.385829 0.476593 1 9 1.000000
  9 -4.906069 -2.094628 21.577835 -0.111979 -0.993238 -0.030645 0.420311 0.410283 2 9 0.943100 10 0.056900
  9 -3.934525 -2.494825 29.025551 -0.142275 -0.987723 -0.064509 0.420445 0.476646 1 9 1.000000
Charple2_sheet
  9 -6.567105 0.531026 29.147200 -0.977109 -0.206782 0.049984 0.344154 0.476649 1 9 1.000000
  9 -6.093805 -1.228481 21.894009 -0.721071 -0.690958 0.051311 0.385518 0.410069 2 9 0.943100 10 0.056900
  9 -5.347178 -1.499825 28.991749 -0.724189 -0.689239 0.022350 0.385829 0.476593 1 9 1.000000
Charple2_sheet
  9 -6.567105 0.531026 29.147200 -0.977109 -0.206782 0.049984 0.344154 0.476649 1 9 1.000000
  9 -7.074476 0.389075 22.383247 -0.975536 -0.210395 0.063737 0.344376 0.410083 2 9 0.943100 10 0.056900
  9 -6.093805 -1.228481 21.894009 -0.721071 -0.690958 0.051311 0.385518 0.410069 2 9 0.943100 10 0.056900
Charple2_sheet
  9 -6.093805 -1.228481 21.894009 -0.721071 -0.690958 0.051311 0.385518 0.410069 2 9 0.943100 10 0.056900
  9 -7.074476 0.389075 22.383247 -0.975536 -0.210395 0.063737 0.344376 0.410083 2 9 0.943100 10 0.056900
  10 -7.161046 0.276656 19.981647 -0.965471 -0.223795 0.133349 0.344287 0.378035 2 10 0.518970 9 0.481030
Charple2_sheet
  9 -7.074476 0.389075 22.383247 -0.975536 -0.210395 0.063737 0.344376 0.410083 2 9 0.943100 10 0.056900
  10 -6.947670 2.190149 19.933748 -0.828749 0.549243 0.107274 0.306562 0.378031 2 10 0.518970 9 0.481030
  10 -7.161046 0.276656 19.981647 -0.965471 -0.223795 0.133349 0.344287 0.378035 2 10 0.518970 9 0.481030
Charple2_sheet
  9 -7.074476 0.389075 22.383247 -0.975536 -0.210395 0.063737 0.344376 0.410083 2 9 0.943100 10 0.056900
  9 -6.794148 2.444556 22.342989 -0.846781 0.531863 0.009149 0.306652 0.410078 2 9 0.943100 10 0.056900
  10 -6.947670 2.190149 19.933748 -0.828749 0.549243 0.107274 0.306562 0.378031 2 10 0.518970 9 0.481030
Charple2_sheet
  9 -6.794148 2.444556 22.342989 -0.846781 0.531863 0.009149 0.306652 0.410078 2 9 0.943100 10 0.056900
  10 -5.468568 3.042177 19.818316 -0.113495 0.993513 -0.007164 0.272347 0.377993 2 10 0.518970 9 0.481030
  10 -6.947670 2.190149 19.933748 -0.828749 0.549243 0.107274 0.306562 0.378031 2 10 0.518970 9 0.481030
Charple2_sheet
  9 -6.794148 2.444556 22.342989 -0.846781 0.531863 0.009149 0.306652 0.410078 2 9 0.943100 10 0.056900
  9 -5.414128 3.234264 21.711487 -0.143717 0.985828 -0.086541 0.272525 0.410259 2 9 0.943100 10 0.056900
  10 -5.468568 3.042177 19.818316 -0.113495 0.993513 -0.007164 0.272347 0.377993 2 10 0.518970 9 0.481030
Charple2_sheet
  10 -6.670432 -1.024736 17.870245 -0.711944 -0.700481 0.049620 0.385740 0.348230 2 10 0.944830 9 0.055170
  10 -7.697496 0.318079 17.971298 -0.967656 -0.221034 0.121594 0.344331 0.348002 2 10 0.944830 9 0.055170
  10 -7.828752 0.761466 11.829478 -0.901686 -0.192952 -0.386951 0.344375 0.260782 1 10 1.000000
Charple2_sheet
  10 -7.697496 0.318079 17.971298 -0.967656 -0.221034 0.121594 0.344331 0.348002 2 10 0.944830 9 0.055170
  10 -7.732345 2.161770 11.762240 -0.801608 0.414139 -0.431177 0.306473 0.260545 1 10 1.000000
  10 -7.828752 0.761466 11.829478 -0.901686 -0.192952 -0.386951 0.344375 0.260782 1 10 1.000000
Charple2_sheet
  10 -7.697496 0.318079 17.971298 -0.967656 -0.221034 0.121594 0.344331 0.348002 2 10 0.944830 9 0.055170
  10 -7.403058 2.271708 17.931812 -0.843817 0.518949 0.136618 0.306518 0.348220 2 10 0.944830 9 0.055170
  10 -7.732345 2.161770 11.762240 -0.801608 0.414139 -0.431177 0.306473 0.260545 1 10 1.000000
Charple2_sheet
  10 -7.403058 2.271708 17.931812 -0.843817 0.518949 0.136618 0.306518 0.348220 2 10 0.944830 9 0.055170
  10 -6.457857 3.386786 11.754134 -0.064169 0.850769 -0.521607 0.272702 0.260550 1 10 1.000000
  10 -7.732345 2.161770 11.762240 -0.801608 0.414139 -0.431177 0.306473 0.260545 1 10 1.000000
Charple2_sheet
  10 -7.403058 2.271708 17.931812 -0.843817 0.518949 0.136618 0.306518 0.348220 2 10 0.944830 9 0.055170
  10 -5.861969 3.245517 17.808586 -0.097271 0.994268 0.044385 0.272436 0.348425 2 10 0.944830 9 0.055170
  10 -6.457857 3.386786 11.754134 -0.064169 0.850769 -0.521607 0.272702 0.260550 1 10 1.000000
Charple2_sheet
  10 -5.861969 3.245517 17.808586 -0.097271 0.994268 0.044385 0.272436 0.348425 2 10 0.944830 9 0.055170
  10 -4.959989 2.485572 11.878898 0.666755 0.557377 -0.494741 0.231030 0.260508 1 10 1.000000
  10 -6.457857 3.386786 11.754134 -0.064169 0.850769 -0.521607 0.272702 0.260550 1 10 1.000000
Charple2_sheet
  10 -5.861969 3.245517 17.808586 -0.097271 0.994268 0.044385 0.272436 0.348425 2 10 0.944830 9 0.055170
  10 -4.018107 2.503671 17.684315 0.723251 0.683032 -0.101855 0.231119 0.348406 2 10 0.944830 9 0.055170
  10 -4.959989 2.485572 11.878898 0.666755 0.557377 -0.494741 0.231030 0.260508 1 10 1.000000
Charple2_sheet
  10 -4.018107 2.503671 17.684315 0.723251 0.683032 -0.101855 0.231119 0.348406 2 10 0.944830 9 0.055170
  10 -4.463228 0.927180 11.779311 0.854395 -0.052456 -0.516970 0.195313 0.260579 1 10 1.000000
  10 -4.959989 2.485572 11.878898 0.666755 0.557377 -0.494741 0.231030 0.260508 1 10 1.000000
Charple2_sheet
  10 -4.018107 2.503671 17.684315 0.723251 0.683032 -0.101855 0.231119 0.348406 2 10 0.944830 9 0.055170
  10 -3.243226 0.381647 17.611422 0.980382 -0.043897 -0.192157 0.195301 0.348382 2 10 0.944830 9 0.055170
  10 -4.463228 0.927180 11.779311 0.854395 -0.052456 -0.516970 0.195313 0.260579 1 10 1.000000
Charple2_sheet
  10 -3.648685 2.485620 19.569576 0.686991 0.712454 -0.143014 0.230853 0.377951 2 10 0.518970 9 0.481030
  10 -3.243226 0.381647 17.611422 0.980382 -0.043897 -0.192157 0.195301 0.348382 2 10 0.944830 9 0.055170
  10 -4.018107 2.503671 17.684315 0.723251 0.683032 -0.101855 0.231119 0.348406 2 10 0.944830 9 0.055170
Charple2_sheet
  10 -3.648685 2.485620 19.569576 0.686991 0.712454 -0.143014 0.230853 0.377951 2 10 0.518970 9 0.481030
  10 -2.970989 0.338710 19.486673 0.976759 -0.035814 -0.211325 0.195390 0.378188 2 10 0.518970 9 0.481030
  10 -3.243226 0.381647 17.611422 0.980382 -0.043897 -0.192157 0.195301 0.348382 2 10 0.944830 9 0.055170
Charple2_sheet
  9 -3.279049 2.634372 21.450592 0.677194 0.716160 -0.168887 0.231119 0.409952 2 9 0.943100 10 0.056900
  10 -2.970989 0.338710 19.486673 0.976759 -0.035814 -0.211325 0.195390 0.378188 2 10 0.518970 9 0.481030
  10 -3.648685 2.485620 19.569576 0.686991 0.712454 -0.143014 0.230853 0.377951 2 10 0.518970 9 0.481030
Charple2_sheet
  9 -3.279049 2.634372 21.450592 0.677194 0.716160 -0.168887 0.231119 0.409952 2 9 0.943100 10 0.056900
  9 -2.435618 0.259235 21.346827 0.980320 -0.034855 -0.194312 0.195346 0.410161 2 9 0.943100 10 0.056900
  10 -2.970989 0.338710 19.486673 0.976759 -0.035814 -0.211325 0.195390 0.378188 2 10 0.518970 9 0.481030
Charple2_sheet
  9 -1.373875 0.466808 28.818567 0.982141 0.008916 -0.187933 0.195390 0.476435 1 9 1.000000
  9 -2.435618 0.259235 21.346827 0.980320 -0.034855 -0.194312 0.195346 0.410161 2 9 0.943100 10 0.056900
  9 -3.279049 2.634372 21.450592 0.677194 0.716160 -0.168887 0.231119 0.409952 2 9 0.943100 10 0.056900
Charple2_sheet
  9 -1.373875 0.466808 28.818567 0.982141 0.008916 -0.187933 0.195390 0.476435 1 9 1.000000
  9 -3.279049 2.634372 21.450592 0.677194 0.716160 -0.168887 0.231119 0.409952 2 9 0.943100 10 0.056900
  9 -2.359149 3.146214 28.887068 0.674135 0.719220 -0.168123 0.230897 0.476396 1 9 1.000000
Charple2_sheet
  9 -0.010796 1.066476 35.330959 0.135817 0.195174 -0.971319 0.195435 0.544281 2 9 0.583479 11 0.416521
  9 -1.373875 0.466808 28.818567 0.982141 0.008916 -0.187933 0.195390 0.476435 1 9 1.000000
  9 -2.359149 3.146214 28.887068 0.674135 0.719220 -0.168123 0.230897 0.476396 1 9 1.000000
Charple2_sheet
  9 -0.010796 1.066476 35.330959 0.135817 0.195174 -0.971319 0.195435 0.544281 2 9 0.583479 11 0.416521
  9 -2.359149 3.146214 28.887068 0.674135 0.719220 -0.168123 0.230897 0.476396 1 9 1.000000
  9 -1.048625 3.862265 35.583702 0.407485 0.754827 -0.513997 0.231472 0.568907 1 9 1.000000
Charple2_sheet
  9 -1.048625 3.862265 35.583702 0.407485 0.754827 -0.513997 0.231472 0.568907 1 9 1.000000
  9 0.076054 4.547135 36.361679 0.112752 0.563654 -0.818279 0.195257 0.568651 2 9 0.594483 11 0.405517
  9 -0.010796 1.066476 35.330959 0.135817 0.195174 -0.971319 0.195435 0.544281 2 9 0.583479 11 0.416521
Charple2_sheet
  9 -0.010796 1.066476 35.330959 0.135817 0.195174 -0.971319 0.195435 0.544281 2 9 0.583479 11 0.416521
  9 0.076054 4.547135 36.361679 0.112752 0.563654 -0.818279 0.195257 0.568651 2 9 0.594483 11 0.405517
  11 1.550904 3.878087 36.046936 -0.283681 0.785118 -0.550559 0.231472 0.568907 2 11 0.806900 0 0.193100
Charple2_sheet
  11 1.550904 3.878087 36.046936 -0.283681 0.785118 -0.550559 0.231472 0.568907 2 11 0.806900 0 0.193100
  11 1.175404 0.466810 28.818565 -0.985648 0.034724 -0.165202 0.195390 0.476435 1 11 1.000000
  9 -0.010796 1.066476 35.330959 0.135817 0.195174 -0.971319 0.195435 0.544281 2 9 0.583479 11 0.416521
Charple2_sheet
  11 1.550904 3.878087 36.046936 -0.283681 0.785118 -0.550559 0.231472 0.568907 2 11 0.806900 0 0.193100
  11 2.160678 3.146216 28.887066 -0.657717 0.743969 -0.117979 0.230897 0.476396 1 11 1.000000
  11 1.175404 0.466810 28.818565 -0.985648 0.034724 -0.165202 0.195390 0.476435 1 11 1.000000
Charple2_sheet
  11 2.160678 3.146216 28.887066 -0.657717 0.743969 -0.117979 0.230897 0.476396 1 11 1.000000
  11 2.131798 0.618826 21.692127 -0.980900 -0.034824 -0.191369 0.195346 0.410161 2 11 0.937930 12 0.062070
  11 1.175404 0.466810 28.818565 -0.985648 0.034724 -0.165202 0.195390 0.476435 1 11 1.000000
Charple2_sheet
  11 2.160678 3.146216 28.887066 -0.657717 0.743969 -0.117979 0.230897 0.476396 1 11 1.000000
  11 2.975228 2.993964 21.795889 -0.680129 0.717708 -0.149397 0.231119 0.409952 2 11 0.937930 12 0.062070
  11 2.131798 0.618826 21.692127 -0.980900 -0.034824 -0.191369 0.195346 0.410161 2 11 0.937930 12 0.062070
Charple2_sheet
  12 3.344884 2.845213 19.914873 -0.686991 0.712454 -0.143014 0.230853 0.377951 2 12 0.534074 11 0.465926
  11 2.131798 0.618826 21.692127 -0.980900 -0.034824 -0.191369 0.195346 0.410161 2 11 0.937930 12 0.062070
  11 2.975228 2.993964 21.795889 -0.680129 0.717708 -0.149397 0.231119 0.409952 2 11 0.937930 12 0.062070
Charple2_sheet
  12 5.164769 3.401769 20.163614 0.113495 0.993513 -0.007163 0.272347 0.377993 2 12 0.534225 11 0.465775
  12 3.344884 2.845213 19.914873 -0.686991 0.712454 -0.143014 0.230853 0.377951 2 12 0.534074 11 0.465926
  11 2.975228 2.993964 21.795889 -0.680129 0.717708 -0.149397 0.231119 0.409952 2 11 0.937930 12 0.062070
Charple2_sheet
  12 5.558148 3.605109 18.153885 0.096907 0.993779 0.054877 0.272436 0.348425 1 12 1.000000
  12 3.344884 2.845213 19.914873 -0.686991 0.712454 -0.143014 0.230853 0.377951 2 12 0.534074 11 0.465926
  12 5.164769 3.401769 20.163614 0.113495 0.993513 -0.007163 0.272347 0.377993 2 12 0.534225 11 0.465775
Charple2_sheet
  12 7.099236 2.631301 18.277109 0.843000 0.517661 0.146213 0.306518 0.348220 1 12 1.000000
  12 5.558148 3.605109 18.153885 0.096907 0.993779 0.054877 0.272436 0.348425 1 12 1.000000
  12 5.164769 3.401769 20.163614 0.113495 0.993513 -0.007163 0.272347 0.377993 2 12 0.534225 11 0.465775
Charple2_sheet
  12 7.099236 2.631301 18.277109 0.843000 0.517661 0.146213 0.306518 0.348220 1 12 1.000000
  12 5.164769 3.401769 20.163614 0.113495 0.993513 -0.007163 0.272347 0.377993 2 12 0.534225 11 0.465775
  12 6.643870 2.549741 20.279045 0.828749 0.549243 0.107274 0.306562 0.378031 2 12 0.534289 11 0.465711
Charple2_sheet
  12 7.393675 0.677671 18.316595 0.966788 -0.220215 0.129717 0.344331 0.348002 1 12 1.000000
  12 7.099236 2.631301 18.277109 0.843000 0.517661 0.146213 0.306518 0.348220 1 12 1.000000
  12 6.643870 2.549741 20.279045 0.828749 0.549243 0.107274 0.306562 0.378031 2 12 0.534289 11 0.465711
Charple2_sheet
  12 7.393675 0.677671 18.316595 0.966788 -0.220215 0.129717 0.344331 0.348002 1 12 1.000000
  12 6.643870 2.549741 20.279045 0.828749 0.549243 0.107274 0.306562 0.378031 2 12 0.534289 11 0.465711
  12 6.857245 0.636248 20.326946 0.965470 -0.223796 0.133349 0.344287 0.378035 2 12 0.534432 11 0.465568
Charple2_sheet
  12 6.366611 -0.665143 18.215544 0.711615 -0.700232 0.057265 0.385740 0.348230 1 12 1.000000
  12 7.393675 0.677671 18.316595 0.966788 -0.220215 0.129717 0.344331 0.348002 1 12 1.000000
  12 6.857245 0.636248 20.326946 0.965470 -0.223796 0.133349 0.344287 0.378035 2 12 0.534432 11 0.465568
Charple2_sheet
  12 6.366611 -0.665143 18.215544 0.711615 -0.700232 0.057265 0.385740 0.348230 1 12 1.000000
  12 6.857245 0.636248 20.326946 0.965470 -0.223796 0.133349 0.344287 0.378035 2 12 0.534432 11 0.465568
  12 5.846245 -1.006686 20.208605 0.707437 -0.702190 0.080389 0.385563 0.378017 2 12 0.534480 11 0.465520
Charple2_sheet
  12 5.202917 -1.595883 18.129673 0.064675 -0.993422 -0.094498 0.420533 0.348248 1 12 1.000000
  12 6.366611 -0.665143 18.215544 0.711615 -0.700232 0.057265 0.385740 0.348230 1 12 1.000000
  12 5.846245 -1.006686 20.208605 0.707437 -0.702190 0.080389 0.385563 0.378017 2 12 0.534480 11 0.465520
Charple2_sheet
  12 5.202917 -1.595883 18.129673 0.064675 -0.993422 -0.094498 0.420533 0.348248 1 12 1.000000
  12 5.846245 -1.006686 20.208605 0.707437 -0.702190 0.080389 0.385563 0.378017 2 12 0.534480 11 0.465520
  12 4.755403 -1.651401 20.053711 0.092934 -0.994567 -0.046895 0.420622 0.378031 2 12 0.534466 11 0.465534
Charple2_sheet
  12 3.624301 -0.709687 18.020588 -0.705457 -0.679958 -0.199971 0.448979 0.348011 1 12 1.000000
  12 5.202917 -1.595883 18.129673 0.064675 -0.993422 -0.094498 0.420533 0.348248 1 12 1.000000
  12 4.755403 -1.651401 20.053711 0.092934 -0.994567 -0.046895 0.420622 0.378031 2 12 0.534466 11 0.465534
Charple2_sheet
  12 3.624301 -0.709687 18.020588 -0.705457 -0.679958 -0.199971 0.448979 0.348011 1 12 1.000000
  12 4.755403 -1.651401 20.053711 0.092934 -0.994567 -0.046895 0.420622 0.378031 2 12 0.534466 11 0.465534
  12 3.325382 -1.040769 19.870060 -0.694935 -0.696240 -0.179764 0.449246 0.378017 2 12 0.534453 11 0.465547
Charple2_sheet
  12 3.344884 2.845213 19.914873 -0.686991 0.712454 -0.143014 0.230853 0.377951 2 12 0.534074 11 0.465926
  12 2.667189 0.698302 19.831974 -0.976760 -0.035814 -0.211324 0.195390 0.378188 2 12 0.534389 11 0.465611
  11 2.131798 0.618826 21.692127 -0.980900 -0.034824 -0.191369 0.195346 0.410161 2 11 0.937930 12 0.062070
Charple2_sheet
  12 5.558148 3.605109 18.153885 0.096907 0.993779 0.054877 0.272436 0.348425 1 12 1.000000
  12 3.714287 2.863264 18.029612 -0.724387 0.682882 -0.094528 0.231119 0.348406 1 12 1.000000
  12 3.344884 2.845213 19.914873 -0.686991 0.712454 -0.143014 0.230853 0.377951 2 12 0.534074 11 0.465926
Charple2_sheet
  12 3.714287 2.863264 18.029612 -0.724387 0.682882 -0.094528 0.231119 0.348406 1 12 1.000000
  12 2.667189 0.698302 19.831974 -0.976760 -0.035814 -0.211324 0.195390 0.378188 2 12 0.534389 11 0.465611
  12 3.344884 2.845213 19.914873 -0.686991 0.712454 -0.143014 0.230853 0.377951 2 12 0.534074 11 0.465926
Charple2_sheet
  12 3.714287 2.863264 18.029612 -0.724387 0.682882 -0.094528 0.231119 0.348406 1 12 1.000000
  12 2.939405 0.741239 17.956720 -0.981208 -0.044118 -0.187840 0.195301 0.348382 1 12 1.000000
  12 2.667189 0.698302 19.831974 -0.976760 -0.035814 -0.211324 0.195390 0.378188 2 12 0.534389 11 0.465611
Charple2_sheet
  12 4.585475 2.927732 12.449167 -0.680759 0.567558 -0.463082 0.231030 0.260508 1 12 1.000000
  12 4.061736 1.284705 12.344172 -0.871655 -0.053409 -0.487202 0.195313 0.260579 1 12 1.000000
  12 2.939405 0.741239 17.956720 -0.981208 -0.044118 -0.187840 0.195301 0.348382 1 12 1.000000
Charple2_sheet
  12 4.585475 2.927732 12.449167 -0.680759 0.567558 -0.463082 0.231030 0.260508 1 12 1.000000
  12 2.939405 0.741239 17.956720 -0.981208 -0.044118 -0.187840 0.195301 0.348382 1 12 1.000000
  12 3.714287 2.863264 18.029612 -0.724387 0.682882 -0.094528 0.231119 0.348406 1 12 1.000000
Charple2_sheet
  12 6.164690 3.877889 12.317628 0.066821 0.872088 -0.484766 0.272702 0.260550 1 12 1.000000
  12 4.585475 2.927732 12.449167 -0.680759 0.567558 -0.463082 0.231030 0.260508 1 12 1.000000
  12 3.714287 2.863264 18.029612 -0.724387 0.682882 -0.094528 0.231119 0.348406 1 12 1.000000
Charple2_sheet
  12 6.164690 3.877889 12.317628 0.066821 0.872088 -0.484766 0.272702 0.260550 1 12 1.000000
  12 3.714287 2.863264 18.029612 -0.724387 0.682882 -0.094528 0.231119 0.348406 1 12 1.000000
  12 5.558148 3.605109 18.153885 0.096907 0.993779 0.054877 0.272436 0.348425 1 12 1.000000
Charple2_sheet
  12 7.508396 2.586344 12.326174 0.816483 0.423350 -0.392594 0.306473 0.260545 1 12 1.000000
  12 6.164690 3.877889 12.317628 0.066821 0.872088 -0.484766 0.272702 0.260550 1 12 1.000000
  12 5.558148 3.605109 18.153885 0.096907 0.993779 0.054877 0.272436 0.348425 1 12 1.000000
Charple2_sheet
  12 7.508396 2.586344 12.326174 0.816483 0.423350 -0.392594 0.306473 0.260545 1 12 1.000000
  12 5.558148 3.605109 18.153885 0.096907 0.993779 0.054877 0.272436 0.348425 1 12 1.000000
  12 7.099236 2.631301 18.277109 0.843000 0.517661 0.146213 0.306518 0.348220 1 12 1.000000
Charple2_sheet
  12 7.610039 1.109990 12.397063 0.916594 -0.193518 -0.349867 0.344375 0.260782 1 12 1.000000
  12 7.508396 2.586344 12.326174 0.816483 0.423350 -0.392594 0.306473 0.260545 1 12 1.000000
  12 7.099236 2.631301 18.277109 0.843000 0.517661 0.146213 0.306518 0.348220 1 12 1.000000
Charple2_sheet
  12 7.610039 1.109990 12.397063 0.916594 -0.193518 -0.349867 0.344375 0.260782 1 12 1.000000
  12 7.099236 2.631301 18.277109 0.843000 0.517661 0.146213 0.306518 0.348220 1 12 1.000000
  12 7.393675 0.677671 18.316595 0.966788 -0.220215 0.129717 0.344331 0.348002 1 12 1.000000
Charple2_sheet
  12 7.027542 -0.272688 12.433181 0.644197 -0.663991 -0.379641 0.385784 0.260550 1 12 1.000000
  12 7.610039 1.109990 12.397063 0.916594 -0.193518 -0.349867 0.344375 0.260782 1 12 1.000000
  12 7.393675 0.677671 18.316595 0.966788 -0.220215 0.129717 0.344331 0.348002 1 12 1.000000
Charple2_sheet
  12 7.027542 -0.272688 12.433181 0.644197 -0.663991 -0.379641 0.385784 0.260550 1 12 1.000000
  12 7.393675 0.677671 18.316595 0.966788 -0.220215 0.129717 0.344331 0.348002 1 12 1.000000
  12 6.366611 -0.665143 18.215544 0.711615 -0.700232 0.057265 0.385740 0.348230 1 12 1.000000
Charple2_sheet
  12 5.961026 -0.778723 12.518375 -0.002480 -0.884620 -0.466306 0.419911 0.260801 1 12 1.000000
  12 7.027542 -0.272688 12.433181 0.644197 -0.663991 -0.379641 0.385784 0.260550 1 12 1.000000
  12 6.366611 -0.665143 18.215544 0.711615 -0.700232 0.057265 0.385740 0.348230 1 12 1.000000
Charple2_sheet
  12 5.961026 -0.778723 12.518375 -0.002480 -0.884620 -0.466306 0.419911 0.260801 1 12 1.000000
  12 6.366611 -0.665143 18.215544 0.711615 -0.700232 0.057265 0.385740 0.348230 1 12 1.000000
  12 5.202917 -1.595883 18.129673 0.064675 -0.993422 -0.094498 0.420533 0.348248 1 12 1.000000
Charple2_sheet
  12 4.743885 -0.136251 12.440868 -0.620318 -0.622225 -0.477537 0.449022 0.260573 1 12 1.000000
  12 5.961026 -0.778723 12.518375 -0.002480 -0.884620 -0.466306 0.419911 0.260801 1 12 1.000000
  12 5.202917 -1.595883 18.129673 0.064675 -0.993422 -0.094498 0.420533 0.348248 1 12 1.000000
Charple2_sheet
  12 4.743885 -0.136251 12.440868 -0.620318 -0.622225 -0.477537 0.449022 0.260573 1 12 1.000000
  12 5.202917 -1.595883 18.129673 0.064675 -0.993422 -0.094498 0.420533 0.348248 1 12 1.000000
  12 3.624301 -0.709687 18.020588 -0.705457 -0.679958 -0.199971 0.448979 0.348011 1 12 1.000000
Charple2_sheet
  12 4.061736 1.284705 12.344172 -0.871655 -0.053409 -0.487202 0.492254 0.260578 1 12 1.000000
  12 4.743885 -0.136251 12.440868 -0.620318 -0.622225 -0.477537 0.449022 0.260573 1 12 1.000000
  12 3.624301 -0.709687 18.020588 -0.705457 -0.679958 -0.199971 0.448979 0.348011 1 12 1.000000
Charple2_sheet
  12 4.061736 1.284705 12.344172 -0.871655 -0.053409 -0.487202 0.492254 0.260578 1 12 1.000000
  12 3.624301 -0.709687 18.020588 -0.705457 -0.679958 -0.199971 0.448979 0.348011 1 12 1.000000
  12 2.939405 0.741239 17.956720 -0.981208 -0.044118 -0.187840 0.492299 0.348011 1 12 1.000000
Charple2_sheet
  12 2.939405 0.741239 17.956720 -0.981208 -0.044118 -0.187840 0.492299 0.348011 1 12 1.000000
  12 3.624301 -0.709687 18.020588 -0.705457 -0.679958 -0.199971 0.448979 0.348011 1 12 1.000000
  12 3.325382 -1.040769 19.870060 -0.694935 -0.696240 -0.179764 0.449246 0.378017 2 12 0.534453 11 0.465547
Charple2_sheet
  12 2.939405 0.741239 17.956720 -0.981208 -0.044118 -0.187840 0.492299 0.348011 1 12 1.000000
  12 3.325382 -1.040769 19.870060 -0.694935 -0.696240 -0.179764 0.449246 0.378017 2 12 0.534453 11 0.465547
  12 2.667189 0.698302 19.831974 -0.976760 -0.035814 -0.211324 0.492210 0.378017 2 12 0.534389 11 0.465611
Charple2_sheet
  12 6.643870 2.549741 20.279045 0.828749 0.549243 0.107274 0.306562 0.378031 2 12 0.534289 11 0.465711
  12 5.164769 3.401769 20.163614 0.113495 0.993513 -0.007163 0.272347 0.377993 2 12 0.534225 11 0.465775
  11 5.110308 3.593856 22.056784 0.140471 0.987966 -0.064743 0.272525 0.410259 2 11 0.937930 12 0.062070
Charple2_sheet
  12 6.643870 2.549741 20.279045 0.828749 0.549243 0.107274 0.306562 0.378031 2 12 0.534289 11 0.465711
  11 5.110308 3.593856 22.056784 0.140471 0.987966 -0.064743 0.272525 0.410259 2 11 0.937930 12 0.062070
  11 6.490327 2.804147 22.688288 0.845624 0.533512 0.016862 0.306652 0.410078 2 11 0.937930 12 0.062070
Charple2_sheet
  12 6.857245 0.636248 20.326946 0.965470 -0.223796 0.133349 0.344287 0.378035 2 12 0.534432 11 0.465568
  12 6.643870 2.549741 20.279045 0.828749 0.549243 0.107274 0.306562 0.378031 2 12 0.534289 11 0.465711
  11 6.490327 2.804147 22.688288 0.845624 0.533512 0.016862 0.306652 0.410078 2 11 0.937930 12 0.062070
Charple2_sheet
  12 6.857245 0.636248 20.326946 0.965470 -0.223796 0.133349 0.344287 0.378035 2 12 0.534432 11 0.465568
  11 6.490327 2.804147 22.688288 0.845624 0.533512 0.016862 0.306652 0.410078 2 11 0.937930 12 0.062070
  11 6.770656 0.748666 22.728544 0.976456 -0.209248 0.052433 0.344376 0.410083 2 11 0.937930 12 0.062070
Charple2_sheet
  12 5.846245 -1.006686 20.208605 0.707437 -0.702190 0.080389 0.385563 0.378017 2 12 0.534480 11 0.465520
  12 6.857245 0.636248 20.326946 0.965470 -0.223796 0.133349 0.344287 0.378035 2 12 0.534432 11 0.465568
  11 6.770656 0.748666 22.728544 0.976456 -0.209248 0.052433 0.344376 0.410083 2 11 0.937930 12 0.062070
Charple2_sheet
  12 5.846245 -1.006686 20.208605 0.707437 -0.702190 0.080389 0.385563 0.378017 2 12 0.534480 11 0.465520
  11 6.770656 0.748666 22.728544 0.976456 -0.209248 0.052433 0.344376 0.410083 2 11 0.937930 12 0.062070
  11 5.789985 -0.868889 22.239307 0.723520 -0.689687 0.029159 0.385518 0.410069 2 11 0.937930 12 0.062070
Charple2_sheet
  12 4.755403 -1.651401 20.053711 0.092934 -0.994567 -0.046895 0.420622 0.378031 2 12 0.534466 11 0.465534
  12 5.846245 -1.006686 20.208605 0.707437 -0.702190 0.080389 0.385563 0.378017 2 12 0.534480 11 0.465520
  11 5.789985 -0.868889 22.239307 0.723520 -0.689687 0.029159 0.385518 0.410069 2 11 0.937930 12 0.062070
Charple2_sheet
  12 4.755403 -1.651401 20.053711 0.092934 -0.994567 -0.046895 0.420622 0.378031 2 12 0.534466 11 0.465534
  11 5.789985 -0.868889 22.239307 0.723520 -0.689687 0.029159 0.385518 0.410069 2 11 0.937930 12 0.062070
  11 4.602249 -1.735036 21.923132 0.114037 -0.991819 -0.057370 0.420311 0.410283 2 11 0.937930 12 0.062070
Charple2_sheet
  11 3.736053 -2.494823 29.025547 0.162181 -0.983923 -0.074784 0.420445 0.476646 1 11 1.000000
  11 4.602249 -1.735036 21.923132 0.114037 -0.991819 -0.057370 0.420311 0.410283 2 11 0.937930 12 0.062070
  11 5.789985 -0.868889 22.239307 0.723520 -0.689687 0.029159 0.385518 0.410069 2 11 0.937930 12 0.062070
Charple2_sheet
  11 3.736053 -2.494823 29.025547 0.162181 -0.983923 -0.074784 0.420445 0.476646 1 11 1.000000
  11 5.789985 -0.868889 22.239307 0.723520 -0.689687 0.029159 0.385518 0.410069 2 11 0.937930 12 0.062070
  11 5.148707 -1.499823 28.991745 0.730614 -0.682386 0.023510 0.385829 0.476593 1 11 1.000000
Charple2_sheet
  11 5.148707 -1.499823 28.991745 0.730614 -0.682386 0.023510 0.385829 0.476593 1 11 1.000000
  11 5.789985 -0.868889 22.239307 0.723520 -0.689687 0.029159 0.385518 0.410069 2 11 0.937930 12 0.062070
  11 6.770656 0.748666 22.728544 0.976456 -0.209248 0.052433 0.344376 0.410083 2 11 0.937930 12 0.062070
Charple2_sheet
  11 5.148707 -1.499823 28.991745 0.730614 -0.682386 0.023510 0.385829 0.476593 1 11 1.000000
  11 6.770656 0.748666 22.728544 0.976456 -0.209248 0.052433 0.344376 0.410083 2 11 0.937930 12 0.062070
  11 6.368635 0.531028 29.147198 0.977123 -0.204612 0.058003 0.344154 0.476649 1 11 1.000000
Charple2_sheet
  11 6.368635 0.531028 29.147198 0.977123 -0.204612 0.058003 0.344154 0.476649 1 11 1.000000
  11 6.770656 0.748666 22.728544 0.976456 -0.209248 0.052433 0.344376 0.410083 2 11 0.937930 12 0.062070
  11 6.490327 2.804147 22.688288 0.845624 0.533512 0.016862 0.306652 0.410078 2 11 0.937930 12 0.062070
Charple2_sheet
  11 6.368635 0.531028 29.147198 0.977123 -0.204612 0.058003 0.344154 0.476649 1 11 1.000000
  11 6.490327 2.804147 22.688288 0.845624 0.533512 0.016862 0.306652 0.410078 2 11 0.937930 12 0.062070
  11 6.053900 2.758069 29.282314 0.875075 0.482150 0.042126 0.306608 0.476767 1 11 1.000000
Charple2_sheet
  11 6.053900 2.758069 29.282314 0.875075 0.482150 0.042126 0.306608 0.476767 1 11 1.000000
  11 6.490327 2.804147 22.688288 0.845624 0.533512 0.016862 0.306652 0.410078 2 11 0.937930 12 0.062070
  11 5.110308 3.593856 22.056784 0.140471 0.987966 -0.064743 0.272525 0.410259 2 11 0.937930 12 0.062070
Charple2_sheet
  11 6.053900 2.758069 29.282314 0.875075 0.482150 0.042126 0.306608 0.476767 1 11 1.000000
  11 5.110308 3.593856 22.056784 0.140471 0.987966 -0.064743 0.272525 0.410259 2 11 0.937930 12 0.062070
  11 4.506392 4.057653 29.035620 0.212296 0.976660 -0.032647 0.272525 0.476522 1 11 1.000000
Charple2_sheet
  12 3.325382 -1.040769 19.870060 -0.694935 -0.696240 -0.179764 0.449246 0.378017 2 12 0.534453 11 0.465547
  12 4.755403 -1.651401 20.053711 0.092934 -0.994567 -0.046895 0.420622 0.378031 2 12 0.534466 11 0.465534
  11 4.602249 -1.735036 21.923132 0.114037 -0.991819 -0.057370 0.420311 0.410283 2 11 0.937930 12 0.062070
Charple2_sheet
  12 3.325382 -1.040769 19.870060 -0.694935 -0.696240 -0.179764 0.449246 0.378017 2 12 0.534453 11 0.465547
  11 4.602249 -1.735036 21.923132 0.114037 -0.991819 -0.057370 0.420311 0.410283 2 11 0.937930 12 0.062070
  11 2.924447 -1.102579 21.885313 -0.682493 -0.713118 -0.160204 0.449024 0.410050 2 11 0.937930 12 0.062070
Charple2_sheet
  11 2.100055 -1.804876 28.942490 -0.686647 -0.707249 -0.168268 0.448980 0.476348 1 11 1.000000
  11 2.924447 -1.102579 21.885313 -0.682493 -0.713118 -0.160204 0.449024 0.410050 2 11 0.937930 12 0.062070
  11 4.602249 -1.735036 21.923132 0.114037 -0.991819 -0.057370 0.420311 0.410283 2 11 0.937930 12 0.062070
Charple2_sheet
  11 2.100055 -1.804876 28.942490 -0.686647 -0.707249 -0.168268 0.448980 0.476348 1 11 1.000000
  11 4.602249 -1.735036 21.923132 0.114037 -0.991819 -0.057370 0.420311 0.410283 2 11 0.937930 12 0.062070
  11 3.736053 -2.494823 29.025547 0.162181 -0.983923 -0.074784 0.420445 0.476646 1 11 1.000000
Charple2_sheet
  11 2.100055 -1.804876 28.942490 -0.686647 -0.707249 -0.168268 0.448980 0.476348 1 11 1.000000
  11 3.736053 -2.494823 29.025547 0.162181 -0.983923 -0.074784 0.420445 0.476646 1 11 1.000000
  11 3.106001 -2.907396 35.616280 0.264877 -0.964133 0.016933 0.420136 0.568386 1 11 1.000000
Charple2_sheet
  11 3.736053 -2.494823 29.025547 0.162181 -0.983923 -0.074784 0.420445 0.476646 1 11 1.000000
  11 4.278406 -1.989815 35.111332 0.727313 -0.679565 0.095952 0.386229 0.567740 1 11 1.000000
  11 3.106001 -2.907396 35.616280 0.264877 -0.964133 0.016933 0.420136 0.568386 1 11 1.000000
Charple2_sheet
  11 3.736053 -2.494823 29.025547 0.162181 -0.983923 -0.074784 0.420445 0.476646 1 11 1.000000
  11 5.148707 -1.499823 28.991745 0.730614 -0.682386 0.023510 0.385829 0.476593 1 11 1.000000
  11 4.278406 -1.989815 35.111332 0.727313 -0.679565 0.095952 0.386229 0.567740 1 11 1.000000
Charple2_sheet
  11 5.148707 -1.499823 28.991745 0.730614 -0.682386 0.023510 0.385829 0.476593 1 11 1.000000
  11 6.067907 0.647643 35.361099 0.973950 -0.209138 0.087647 0.344288 0.568262 1 11 1.000000
  11 4.278406 -1.989815 35.111332 0.727313 -0.679565 0.095952 0.386229 0.567740 1 11 1.000000
Charple2_sheet
  11 5.148707 -1.499823 28.991745 0.730614 -0.682386 0.023510 0.385829 0.476593 1 11 1.000000
  11 6.368635 0.531028 29.147198 0.977123 -0.204612 0.058003 0.344154 0.476649 1 11 1.000000
  11 6.067907 0.647643 35.361099 0.973950 -0.209138 0.087647 0.344288 0.568262 1 11 1.000000
Charple2_sheet
  11 6.368635 0.531028 29.147198 0.977123 -0.204612 0.058003 0.344154 0.476649 1 11 1.000000
  11 5.712976 2.641186 34.765705 0.917008 0.397137 0.037130 0.306697 0.568503 1 11 1.000000
  11 6.067907 0.647643 35.361099 0.973950 -0.209138 0.087647 0.344288 0.568262 1 11 1.000000
Charple2_sheet
  11 6.368635 0.531028 29.147198 0.977123 -0.204612 0.058003 0.344154 0.476649 1 11 1.000000
  11 6.053900 2.758069 29.282314 0.875075 0.482150 0.042126 0.306608 0.476767 1 11 1.000000
  11 5.712976 2.641186 34.765705 0.917008 0.397137 0.037130 0.306697 0.568503 1 11 1.000000
Charple2_sheet
  11 6.053900 2.758069 29.282314 0.875075 0.482150 0.042126 0.306608 0.476767 1 11 1.000000
  11 4.476993 4.255309 35.319462 0.411957 0.895930 -0.166137 0.272568 0.568466 1 11 1.000000
  11 5.712976 2.641186 34.765705 0.917008 0.397137 0.037130 0.306697 0.568503 1 11 1.000000
Charple2_sheet
  11 6.053900 2.758069 29.282314 0.875075 0.482150 0.042126 0.306608 0.476767 1 11 1.000000
  11 4.506392 4.057653 29.035620 0.212296 0.976660 -0.032647 0.272525 0.476522 1 11 1.000000
  11 4.476993 4.255309 35.319462 0.411957 0.895930 -0.166137 0.272568 0.568466 1 11 1.000000
Charple2_sheet
  11 4.506392 4.057653 29.035620 0.212296 0.976660 -0.032647 0.272525 0.476522 1 11 1.000000
  11 1.550904 3.878087 36.046936 -0.283681 0.785118 -0.550559 0.231472 0.568907 2 11 0.806900 0 0.193100
  11 4.476993 4.255309 35.319462 0.411957 0.895930 -0.166137 0.272568 0.568466 1 11 1.000000
Charple2_sheet
  11 4.506392 4.057653 29.035620 0.212296 0.976660 -0.032647 0.272525 0.476522 1 11 1.000000
  11 2.160678 3.146216 28.887066 -0.657717 0.743969 -0.117979 0.230897 0.476396 1 11 1.000000
  11 1.550904 3.878087 36.046936 -0.283681 0.785118 -0.550559 0.231472 0.568907 2 11 0.806900 0 0.193100
Charple2_sheet
  11 4.506392 4.057653 29.035620 0.212296 0.976660 -0.032647 0.272525 0.476522 1 11 1.000000
  11 2.975228 2.993964 21.795889 -0.680129 0.717708 -0.149397 0.231119 0.409952 2 11 0.937930 12 0.062070
  11 2.160678 3.146216 28.887066 -0.657717 0.743969 -0.117979 0.230897 0.476396 1 11 1.000000
Charple2_sheet
  11 4.506392 4.057653 29.035620 0.212296 0.976660 -0.032647 0.272525 0.476522 1 11 1.000000
  11 5.110308 3.593856 22.056784 0.140471 0.987966 -0.064743 0.272525 0.410259 2 11 0.937930 12 0.062070
  11 2.975228 2.993964 21.795889 -0.680129 0.717708 -0.149397 0.231119 0.409952 2 11 0.937930 12 0.062070
Charple2_sheet
  12 5.164769 3.401769 20.163614 0.113495 0.993513 -0.007163 0.272347 0.377993 2 12 0.534225 11 0.465775
  11 2.975228 2.993964 21.795889 -0.680129 0.717708 -0.149397 0.231119 0.409952 2 11 0.937930 12 0.062070
  11 5.110308 3.593856 22.056784 0.140471 0.987966 -0.064743 0.272525 0.410259 2 11 0.937930 12 0.062070
Charple2_sheet
  10 -4.959989 2.485572 11.878898 0.666755 0.557377 -0.494741 0.245943 0.033936 1 10 1.000000
  10 -4.463228 0.927180 11.779311 0.854395 -0.052456 -0.516970 0.278681 0.021447 1 10 1.000000
  10 -5.675558 0.916527 10.755275 0.880728 -0.036307 -0.472228 0.277625 0.047748 1 10 1.000000
Charple2_sheet
  10 -4.463228 0.927180 11.779311 0.854395 -0.052456 -0.516970 0.278681 0.021447 1 10 1.000000
  10 -5.839807 0.518151 10.787621 0.653400 -0.619506 -0.435064 0.286457 0.050877 1 10 1.000000
  10 -5.675558 0.916527 10.755275 0.880728 -0.036307 -0.472228 0.277625 0.047748 1 10 1.000000
Charple2_sheet
  10 -4.463228 0.927180 11.779311 0.854395 -0.052456 -0.516970 0.278681 0.021447 1 10 1.000000
  10 -5.110240 -0.420580 11.871028 0.607854 -0.612364 -0.505493 0.308615 0.034014 1 10 1.000000
  10 -5.839807 0.518151 10.787621 0.653400 -0.619506 -0.435064 0.286457 0.050877 1 10 1.000000
Charple2_sheet
  10 -5.110240 -0.420580 11.871028 0.607854 -0.612364 -0.505493 0.308615 0.034014 1 10 1.000000
  10 -6.176854 0.323622 10.813809 0.151883 -0.896937 -0.415254 0.291075 0.057979 1 10 1.000000
  10 -5.839807 0.518151 10.787621 0.653400 -0.619506 -0.435064 0.286457 0.050877 1 10 1.000000
Charple2_sheet
  10 -5.110240 -0.420580 11.871028 0.607854 -0.612364 -0.505493 0.308615 0.034014 1 10 1.000000
  10 -6.264683 -1.029956 11.944542 0.000623 -0.867438 -0.497544 0.323167 0.058403 1 10 1.000000
  10 -6.176854 0.323622 10.813809 0.151883 -0.896937 -0.415254 0.291075 0.057979 1 10 1.000000
Charple2_sheet
  10 -6.264683 -1.029956 11.944542 0.000623 -0.867438 -0.497544 0.323167 0.058403 1 10 1.000000
  10 -6.524732 0.347185 10.831495 -0.495398 -0.778465 -0.385452 0.290990 0.065555 1 10 1.000000
  10 -6.176854 0.323622 10.813809 0.151883 -0.896937 -0.415254 0.291075 0.057979 1 10 1.000000
Charple2_sheet
  10 -6.264683 -1.029956 11.944542 0.000623 -0.867438 -0.497544 0.323167 0.058403 1 10 1.000000
  10 -7.276261 -0.549988 11.863735 -0.633831 -0.653341 -0.414009 0.313733 0.080884 1 10 1.000000
  10 -6.524732 0.347185 10.831495 -0.495398 -0.778465 -0.385452 0.290990 0.065555 1 10 1.000000
Charple2_sheet
  10 -7.276261 -0.549988 11.863735 -0.633831 -0.653341 -0.414009 0.313733 0.080884 1 10 1.000000
  10 -6.905339 0.808864 10.897073 -0.910008 -0.195203 -0.365762 0.281637 0.074322 1 10 1.000000
  10 -6.524732 0.347185 10.831495 -0.495398 -0.778465 -0.385452 0.290990 0.065555 1 10 1.000000
Charple2_sheet
  10 -7.276261 -0.549988 11.863735 -0.633831 -0.653341 -0.414009 0.313733 0.080884 1 10 1.000000
  10 -7.828752 0.761466 11.829478 -0.901686 -0.192952 -0.386951 0.286028 0.094312 1 10 1.000000
  10 -6.905339 0.808864 10.897073 -0.910008 -0.195203 -0.365762 0.281637 0.074322 1 10 1.000000
Charple2_sheet
  10 -7.828752 0.761466 11.829478 -0.901686 -0.192952 -0.386951 0.286028 0.094312 1 10 1.000000
  10 -6.731183 1.417579 10.807292 -0.725931 0.524089 -0.445370 0.268122 0.071209 1 10 1.000000
  10 -6.905339 0.808864 10.897073 -0.910008 -0.195203 -0.365762 0.281637 0.074322 1 10 1.000000
Charple2_sheet
  10 -7.828752 0.761466 11.829478 -0.901686 -0.192952 -0.386951 0.286028 0.094312 1 10 1.000000
  10 -7.732345 2.161770 11.762240 -0.801608 0.414139 -0.431177 0.255623 0.093753 1 10 1.000000
  10 -6.731183 1.417579 10.807292 -0.725931 0.524089 -0.445370 0.268122 0.071209 1 10 1.000000
Charple2_sheet
  10 -7.732345 2.161770 11.762240 -0.801608 0.414139 -0.431177 0.255623 0.093753 1 10 1.000000
  10 -6.244433 1.580219 10.742223 0.042645 0.849839 -0.525314 0.263929 0.060822 1 10 1.000000
  10 -6.731183 1.417579 10.807292 -0.725931 0.524089 -0.445370 0.268122 0.071209 1 10 1.000000
Charple2_sheet
  10 -7.732345 2.161770 11.762240 -0.801608 0.414139 -0.431177 0.255623 0.093753 1 10 1.000000
  10 -6.457857 3.386786 11.754134 -0.064169 0.850769 -0.521607 0.227861 0.067433 1 10 1.000000
  10 -6.244433 1.580219 10.742223 0.042645 0.849839 -0.525314 0.263929 0.060822 1 10 1.000000
Charple2_sheet
  10 -6.457857 3.386786 11.754134 -0.064169 0.850769 -0.521607 0.227861 0.067433 1 10 1.000000
  10 -5.829099 1.347244 10.779497 0.676629 0.549167 -0.490499 0.268585 0.051552 1 10 1.000000
  10 -6.244433 1.580219 10.742223 0.042645 0.849839 -0.525314 0.263929 0.060822 1 10 1.000000
Charple2_sheet
  10 -6.457857 3.386786 11.754134 -0.064169 0.850769 -0.521607 0.227861 0.067433 1 10 1.000000
  10 -4.959989 2.485572 11.878898 0.666755 0.557377 -0.494741 0.245943 0.033936 1 10 1.000000
  10 -5.829099 1.347244 10.779497 0.676629 0.549167 -0.490499 0.268585 0.051552 1 10 1.000000
Charple2_sheet
  10 -4.959989 2.485572 11.878898 0.666755 0.557377 -0.494741 0.245943 0.033936 1 10 1.000000
  10 -5.675558 0.916527 10.755275 0.880728 -0.036307 -0.472228 0.277625 0.047748 1 10 1.000000
  10 -5.829099 1.347244 10.779497 0.676629 0.549167 -0.490499 0.268585 0.051552 1 10 1.000000
Charple2_sheet
  8 0.726224 -2.607374 65.934013 0.185654 -0.850800 0.491601 0.676928 0.816212 1 8 1.000000
  8 0.979595 -2.464231 66.049965 0.216700 -0.975119 -0.046724 0.692062 0.827300 1 8 1.000000
  8 0.425681 -2.626299 65.952568 0.424558 -0.905332 -0.011147 0.650236 0.816880 1 8 1.000000
Charple2_sheet
  8 0.425681 -2.626299 65.952568 0.424558 -0.905332 -0.011147 0.650236 0.816880 1 8 1.000000
  8 0.979595 -2.464231 66.049965 0.216700 -0.975119 -0.046724 0.692062 0.827300 1 8 1.000000
  8 0.649985 -2.678873 66.124481 0.332866 -0.694804 -0.637532 0.664215 0.835579 1 8 1.000000
Charple2_sheet
  8 0.649985 -2.678873 66.124481 0.332866 -0.694804 -0.637532 0.664215 0.835579 1 8 1.000000
  8 0.979595 -2.464231 66.049965 0.216700 -0.975119 -0.046724 0.692062 0.827300 1 8 1.000000
  8 0.962903 -2.687173 66.211922 0.176301 -0.732253 -0.657817 0.688404 0.845799 1 8 1.000000
Charple2_sheet
  8 0.962903 -2.687173 66.211922 0.176301 -0.732253 -0.657817 0.688404 0.845799 1 8 1.000000
  8 0.979595 -2.464231 66.049965 0.216700 -0.975119 -0.046724 0.692062 0.827300 1 8 1.000000
  8 1.299891 -2.550607 66.121780 0.217875 -0.621412 -0.752581 0.718912 0.836877 1 8 1.000000
Charple2_sheet
  8 1.299891 -2.550607 66.121780 0.217875 -0.621412 -0.752581 0.718912 0.836877 1 8 1.000000
  8 0.979595 -2.464231 66.049965 0.216700 -0.975119 -0.046724 0.692062 0.827300 1 8 1.000000
  8 1.415864 -2.344811 66.066063 0.432873 -0.861952 -0.263930 0.727486 0.829578 1 8 1.000000
Charple2_sheet
  8 1.415864 -2.344811 66.066063 0.432873 -0.861952 -0.263930 0.727486 0.829578 1 8 1.000000
  8 0.979595 -2.464231 66.049965 0.216700 -0.975119 -0.046724 0.692062 0.827300 1 8 1.000000
  8 1.285993 -2.473185 65.986511 0.334001 -0.844380 0.418887 0.721500 0.822512 1 8 1.000000
Charple2_sheet
  8 1.285993 -2.473185 65.986511 0.334001 -0.844380 0.418887 0.721500 0.822512 1 8 1.000000
  8 0.979595 -2.464231 66.049965 0.216700 -0.975119 -0.046724 0.692062 0.827300 1 8 1.000000
  8 1.054581 -2.609194 65.907051 0.225268 -0.901136 0.370417 0.706755 0.815070 1 8 1.000000
Charple2_sheet
  8 1.054581 -2.609194 65.907051 0.225268 -0.901136 0.370417 0.706755 0.815070 1 8 1.000000
  8 0.979595 -2.464231 66.049965 0.216700 -0.975119 -0.046724 0.692062 0.827300 1 8 1.000000
  8 0.726224 -2.607374 65.934013 0.185654 -0.850800 0.491601 0.676928 0.816212 1 8 1.000000
Charple2_sheet
  6 15.484691 0.467417 57.864304 0.032170 -0.998805 -0.036793 0.051735 0.330300 2 6 0.948280 7 0.051720
  6 16.597946 1.272516 59.696884 0.001981 -0.723272 0.690560 0.077546 0.305810 2 6 0.586210 7 0.413790
  6 15.863433 0.950861 58.931568 -0.025346 -0.786796 0.616693 0.077693 0.330744 2 6 0.948280 7 0.051720
Charple2_sheet
  6 15.484691 0.467417 57.864304 0.032170 -0.998805 -0.036793 0.051735 0.330300 2 6 0.948280 7 0.051720
  6 16.687305 0.334574 58.246174 -0.007481 -0.999970 -0.002022 0.051781 0.305418 2 6 0.586210 7 0.413790
  6 16.597946 1.272516 59.696884 0.001981 -0.723272 0.690560 0.077546 0.305810 2 6 0.586210 7 0.413790
Charple2_sheet
  6 15.257468 1.262654 57.016560 0.025530 -0.610882 -0.791310 0.026633 0.330497 2 6 0.948280 7 0.051720
  6 16.687305 0.334574 58.246174 -0.007481 -0.999970 -0.002022 0.051781 0.305418 2 6 0.586210 7 0.413790
  6 15.484691 0.467417 57.864304 0.032170 -0.998805 -0.036793 0.051735 0.330300 2 6 0.948280 7 0.051720
Charple2_sheet
  6 15.257468 1.262654 57.016560 0.025530 -0.610882 -0.791310 0.026633 0.330497 2 6 0.948280 7 0.051720
  6 17.065350 1.013701 56.810909 0.011708 -0.649737 -0.760069 0.026684 0.305580 2 6 0.586210 7 0.413790
  6 16.687305 0.334574 58.246174 -0.007481 -0.999970 -0.002022 0.051781 0.305418 2 6 0.586210 7 0.413790
Charple2_sheet
  6 15.498571 2.158856 56.732784 -0.068105 0.037468 -0.996974 0.001446 0.330622 2 6 0.948280 7 0.051720
  6 16.762400 2.078616 56.405720 -0.043424 -0.003000 -0.999052 0.001044 0.305446 2 6 0.586210 7 0.413790
  6 17.065350 1.013701 56.810909 0.011708 -0.649737 -0.760069 0.026684 0.305580 2 6 0.586210 7 0.413790
Charple2_sheet
  6 15.498571 2.158856 56.732784 -0.068105 0.037468 -0.996974 0.001446 0.330622 2 6 0.948280 7 0.051720
  6 17.065350 1.013701 56.810909 0.011708 -0.649737 -0.760069 0.026684 0.305580 2 6 0.586210 7 0.413790
  6 15.257468 1.262654 57.016560 0.025530 -0.610882 -0.791310 0.026633 0.330497 2 6 0.948280 7 0.051720
Charple2_sheet
  6 11.897093 1.628989 56.473686 0.093872 0.061254 -0.993698 0.001046 0.426280 1 6 1.000000
  6 15.498571 2.158856 56.732784 -0.068105 0.037468 -0.996974 0.001446 0.330622 2 6 0.948280 7 0.051720
  6 15.257468 1.262654 57.016560 0.025530 -0.610882 -0.791310 0.026633 0.330497 2 6 0.948280 7 0.051720
Charple2_sheet
  6 11.897093 1.628989 56.473686 0.093872 0.061254 -0.993698 0.001046 0.426280 1 6 1.000000
  6 15.257468 1.262654 57.016560 0.025530 -0.610882 -0.791310 0.026633 0.330497 2 6 0.948280 7 0.051720
  6 11.773683 0.182032 56.462479 0.161253 -0.617761 -0.769655 0.026363 0.426201 1 6 1.000000
Charple2_sheet
  6 11.773683 0.182032 56.462479 0.161253 -0.617761 -0.769655 0.026363 0.426201 1 6 1.000000
  6 15.257468 1.262654 57.016560 0.025530 -0.610882 -0.791310 0.026633 0.330497 2 6 0.948280 7 0.051720
  6 15.484691 0.467417 57.864304 0.032170 -0.998805 -0.036793 0.051735 0.330300 2 6 0.948280 7 0.051720
Charple2_sheet
  6 11.773683 0.182032 56.462479 0.161253 -0.617761 -0.769655 0.026363 0.426201 1 6 1.000000
  6 15.484691 0.467417 57.864304 0.032170 -0.998805 -0.036793 0.051735 0.330300 2 6 0.948280 7 0.051720
  6 12.305518 0.013502 58.210293 0.139839 -0.990053 -0.015465 0.052068 0.426300 1 6 1.000000
Charple2_sheet
  6 12.305518 0.013502 58.210293 0.139839 -0.990053 -0.015465 0.052068 0.426300 1 6 1.000000
  6 15.484691 0.467417 57.864304 0.032170 -0.998805 -0.036793 0.051735 0.330300 2 6 0.948280 7 0.051720
  6 15.863433 0.950861 58.931568 -0.025346 -0.786796 0.616693 0.077693 0.330744 2 6 0.948280 7 0.051720
Charple2_sheet
  6 12.305518 0.013502 58.210293 0.139839 -0.990053 -0.015465 0.052068 0.426300 1 6 1.000000
  6 15.863433 0.950861 58.931568 -0.025346 -0.786796 0.616693 0.077693 0.330744 2 6 0.948280 7 0.051720
  6 12.028205 0.243662 59.217289 0.117151 -0.817902 0.563304 0.077574 0.426120 1 6 1.000000
Charple2_sheet
  6 12.028205 0.243662 59.217289 0.117151 -0.817902 0.563304 0.077574 0.426120 1 6 1.000000
  6 15.863433 0.950861 58.931568 -0.025346 -0.786796 0.616693 0.077693 0.330744 2 6 0.948280 7 0.051720
  6 15.551586 2.154677 59.997711 -0.016768 -0.116116 0.993094 0.102930 0.330262 2 6 0.948280 7 0.051720
Charple2_sheet
  6 12.028205 0.243662 59.217289 0.117151 -0.817902 0.563304 0.077574 0.426120 1 6 1.000000
  6 15.551586 2.154677 59.997711 -0.016768 -0.116116 0.993094 0.102930 0.330262 2 6 0.948280 7 0.051720
  6 12.443545 1.544625 60.304222 0.040939 -0.055937 0.997595 0.103214 0.426059 1 6 1.000000
Charple2_sheet
  6 12.443545 1.544625 60.304222 0.040939 -0.055937 0.997595 0.103214 0.426059 1 6 1.000000
  6 15.551586 2.154677 59.997711 -0.016768 -0.116116 0.993094 0.102930 0.330262 2 6 0.948280 7 0.051720
  6 15.800030 3.505733 59.539139 -0.039606 0.769887 0.636950 0.121744 0.330479 2 6 0.948280 7 0.051720
Charple2_sheet
  6 12.443545 1.544625 60.304222 0.040939 -0.055937 0.997595 0.103214 0.426059 1 6 1.000000
  6 15.800030 3.505733 59.539139 -0.039606 0.769887 0.636950 0.121744 0.330479 2 6 0.948280 7 0.051720
  6 12.134388 3.435930 59.162140 -0.030642 0.772186 0.634657 0.121663 0.425960 1 6 1.000000
Charple2_sheet
  6 12.134388 3.435930 59.162140 -0.030642 0.772186 0.634657 0.121663 0.425960 1 6 1.000000
  6 15.800030 3.505733 59.539139 -0.039606 0.769887 0.636950 0.121744 0.330479 2 6 0.948280 7 0.051720
  6 15.604853 3.748115 57.707977 -0.101234 0.967574 -0.231414 0.146082 0.330543 2 6 0.948280 7 0.051720
Charple2_sheet
  6 15.551586 2.154677 59.997711 -0.016768 -0.116116 0.993094 0.102930 0.330262 2 6 0.948280 7 0.051720
  6 16.867405 2.067797 60.055153 0.096685 -0.076371 0.992381 0.103009 0.305449 2 6 0.586210 7 0.413790
  6 16.841928 3.484917 59.367134 0.065480 0.726687 0.683841 0.121569 0.305634 2 6 0.586210 7 0.413790
Charple2_sheet
  6 15.551586 2.154677 59.997711 -0.016768 -0.116116 0.993094 0.102930 0.330262 2 6 0.948280 7 0.051720
  6 16.841928 3.484917 59.367134 0.065480 0.726687 0.683841 0.121569 0.305634 2 6 0.586210 7 0.413790
  6 15.800030 3.505733 59.539139 -0.039606 0.769887 0.636950 0.121744 0.330479 2 6 0.948280 7 0.051720
Charple2_sheet
  6 15.800030 3.505733 59.539139 -0.039606 0.769887 0.636950 0.121744 0.330479 2 6 0.948280 7 0.051720
  6 16.841928 3.484917 59.367134 0.065480 0.726687 0.683841 0.121569 0.305634 2 6 0.586210 7 0.413790
  6 16.823153 4.144935 57.762314 -0.088025 0.985680 -0.143825 0.145871 0.305346 2 6 0.586210 7 0.413790
Charple2_sheet
  6 15.800030 3.505733 59.539139 -0.039606 0.769887 0.636950 0.121744 0.330479 2 6 0.948280 7 0.051720
  6 16.823153 4.144935 57.762314 -0.088025 0.985680 -0.143825 0.145871 0.305346 2 6 0.586210 7 0.413790
  6 15.604853 3.748115 57.707977 -0.101234 0.967574 -0.231414 0.146082 0.330543 2 6 0.948280 7 0.051720
Charple2_sheet
  6 15.604853 3.748115 57.707977 -0.101234 0.967574 -0.231414 0.146082 0.330543 2 6 0.948280 7 0.051720
  6 16.823153 4.144935 57.762314 -0.088025 0.985680 -0.143825 0.145871 0.305346 2 6 0.586210 7 0.413790
  6 16.823706 3.575991 56.911777 -0.118554 0.595747 -0.794374 0.165842 0.305694 2 6 0.586210 7 0.413790
Charple2_sheet
  6 15.604853 3.748115 57.707977 -0.101234 0.967574 -0.231414 0.146082 0.330543 2 6 0.948280 7 0.051720
  6 16.823706 3.575991 56.911777 -0.118554 0.595747 -0.794374 0.165842 0.305694 2 6 0.586210 7 0.413790
  6 15.984991 3.433458 57.288429 -0.108877 0.553259 -0.825863 0.166019 0.330394 2 6 0.948280 7 0.051720
Charple2_sheet
  6 11.891300 3.933218 57.334465 -0.009835 0.972088 -0.234412 0.146156 0.426392 1 6 1.000000
  6 15.604853 3.748115 57.707977 -0.101234 0.967574 -0.231414 0.146082 0.330543 2 6 0.948280 7 0.051720
  6 15.984991 3.433458 57.288429 -0.108877 0.553259 -0.825863 0.166019 0.330394 2 6 0.948280 7 0.051720
Charple2_sheet
  6 12.134388 3.435930 59.162140 -0.030642 0.772186 0.634657 0.121663 0.425960 1 6 1.000000
  6 15.604853 3.748115 57.707977 -0.101234 0.967574 -0.231414 0.146082 0.330543 2 6 0.948280 7 0.051720
  6 11.891300 3.933218 57.334465 -0.009835 0.972088 -0.234412 0.146156 0.426392 1 6 1.000000
Charple2_sheet
  6 8.339346 3.799403 57.698105 0.165383 0.981915 -0.092145 0.146229 0.515405 1 6 1.000000
  6 12.134388 3.435930 59.162140 -0.030642 0.772186 0.634657 0.121663 0.425960 1 6 1.000000
  6 11.891300 3.933218 57.334465 -0.009835 0.972088 -0.234412 0.146156 0.426392 1 6 1.000000
Charple2_sheet
  6 8.339346 3.799403 57.698105 0.165383 0.981915 -0.092145 0.146229 0.515405 1 6 1.000000
  6 9.085001 2.919991 59.528065 0.134721 0.735406 0.664100 0.122070 0.515094 1 6 1.000000
  6 12.134388 3.435930 59.162140 -0.030642 0.772186 0.634657 0.121663 0.425960 1 6 1.000000
Charple2_sheet
  6 9.085001 2.919991 59.528065 0.134721 0.735406 0.664100 0.122070 0.515094 1 6 1.000000
  6 12.443545 1.544625 60.304222 0.040939 -0.055937 0.997595 0.103214 0.426059 1 6 1.000000
  6 12.134388 3.435930 59.162140 -0.030642 0.772186 0.634657 0.121663 0.425960 1 6 1.000000
Charple2_sheet
  6 9.085001 2.919991 59.528065 0.134721 0.735406 0.664100 0.122070 0.515094 1 6 1.000000
  6 8.735867 1.774417 60.076050 0.157838 -0.012440 0.987387 0.103498 0.515021 1 6 1.000000
  6 12.443545 1.544625 60.304222 0.040939 -0.055937 0.997595 0.103214 0.426059 1 6 1.000000
Charple2_sheet
  6 8.735867 1.774417 60.076050 0.157838 -0.012440 0.987387 0.103498 0.515021 1 6 1.000000
  6 12.028205 0.243662 59.217289 0.117151 -0.817902 0.563304 0.077574 0.426120 1 6 1.000000
  6 12.443545 1.544625 60.304222 0.040939 -0.055937 0.997595 0.103214 0.426059 1 6 1.000000
Charple2_sheet
  6 8.735867 1.774417 60.076050 0.157838 -0.012440 0.987387 0.103498 0.515021 1 6 1.000000
  6 8.695216 0.014401 59.525669 0.204162 -0.783577 0.586792 0.078432 0.515148 1 6 1.000000
  6 12.028205 0.243662 59.217289 0.117151 -0.817902 0.563304 0.077574 0.426120 1 6 1.000000
Charple2_sheet
  6 8.695216 0.014401 59.525669 0.204162 -0.783577 0.586792 0.078432 0.515148 1 6 1.000000
  6 12.305518 0.013502 58.210293 0.139839 -0.990053 -0.015465 0.052068 0.426300 1 6 1.000000
  6 12.028205 0.243662 59.217289 0.117151 -0.817902 0.563304 0.077574 0.426120 1 6 1.000000
Charple2_sheet
  6 8.695216 0.014401 59.525669 0.204162 -0.783577 0.586792 0.078432 0.515148 1 6 1.000000
  6 8.468504 -0.228356 57.539101 0.266518 -0.963786 0.009234 0.052402 0.514976 1 6 1.000000
  6 12.305518 0.013502 58.210293 0.139839 -0.990053 -0.015465 0.052068 0.426300 1 6 1.000000
Charple2_sheet
  6 8.468504 -0.228356 57.539101 0.266518 -0.963786 0.009234 0.052402 0.514976 1 6 1.000000
  6 11.773683 0.182032 56.462479 0.161253 -0.617761 -0.769655 0.026363 0.426201 1 6 1.000000
  6 12.305518 0.013502 58.210293 0.139839 -0.990053 -0.015465 0.052068 0.426300 1 6 1.000000
Charple2_sheet
  6 8.468504 -0.228356 57.539101 0.266518 -0.963786 0.009234 0.052402 0.514976 1 6 1.000000
  6 8.866909 0.006428 56.207825 0.320038 -0.611234 -0.723857 0.027070 0.515069 1 6 1.000000
  6 11.773683 0.182032 56.462479 0.161253 -0.617761 -0.769655 0.026363 0.426201 1 6 1.000000
Charple2_sheet
  6 8.866909 0.006428 56.207825 0.320038 -0.611234 -0.723857 0.027070 0.515069 1 6 1.000000
  6 11.897093 1.628989 56.473686 0.093872 0.061254 -0.993698 0.001046 0.426280 1 6 1.000000
  6 11.773683 0.182032 56.462479 0.161253 -0.617761 -0.769655 0.026363 0.426201 1 6 1.000000
Charple2_sheet
  6 8.866909 0.006428 56.207825 0.320038 -0.611234 -0.723857 0.027070 0.515069 1 6 1.000000
  6 8.950826 1.568543 56.233494 0.248408 0.034786 -0.968031 0.001623 0.515103 1 6 1.000000
  6 11.897093 1.628989 56.473686 0.093872 0.061254 -0.993698 0.001046 0.426280 1 6 1.000000
Charple2_sheet
  6 12.565969 3.121664 56.648121 0.043825 0.479047 -0.876695 0.166107 0.426149 1 6 1.000000
  6 15.984991 3.433458 57.288429 -0.108877 0.553259 -0.825863 0.166019 0.330394 2 6 0.948280 7 0.051720
  6 15.498571 2.158856 56.732784 -0.068105 0.037468 -0.996974 0.193009 0.330614 2 6 0.948280 7 0.051720
Charple2_sheet
  6 11.891300 3.933218 57.334465 -0.009835 0.972088 -0.234412 0.146156 0.426392 1 6 1.000000
  6 15.984991 3.433458 57.288429 -0.108877 0.553259 -0.825863 0.166019 0.330394 2 6 0.948280 7 0.051720
  6 12.565969 3.121664 56.648121 0.043825 0.479047 -0.876695 0.166107 0.426149 1 6 1.000000
Charple2_sheet
  6 8.600459 2.847920 56.515884 0.261866 0.496211 -0.827769 0.166195 0.515069 1 6 1.000000
  6 11.891300 3.933218 57.334465 -0.009835 0.972088 -0.234412 0.146156 0.426392 1 6 1.000000
  6 12.565969 3.121664 56.648121 0.043825 0.479047 -0.876695 0.166107 0.426149 1 6 1.000000
Charple2_sheet
  6 8.600459 2.847920 56.515884 0.261866 0.496211 -0.827769 0.166195 0.515069 1 6 1.000000
  6 8.339346 3.799403 57.698105 0.165383 0.981915 -0.092145 0.146229 0.515405 1 6 1.000000
  6 11.891300 3.933218 57.334465 -0.009835 0.972088 -0.234412 0.146156 0.426392 1 6 1.000000
Charple2_sheet
  6 12.565969 3.121664 56.648121 0.043825 0.479047 -0.876695 0.166107 0.426149 1 6 1.000000
  6 15.498571 2.158856 56.732784 -0.068105 0.037468 -0.996974 0.193009 0.330614 2 6 0.948280 7 0.051720
  6 11.897093 1.628989 56.473686 0.093872 0.061254 -0.993698 0.193386 0.426041 1 6 1.000000
Charple2_sheet
  6 8.950826 1.568543 56.233494 0.248408 0.034786 -0.968031 0.193763 0.515122 1 6 1.000000
  6 12.565969 3.121664 56.648121 0.043825 0.479047 -0.876695 0.166107 0.426149 1 6 1.000000
  6 11.897093 1.628989 56.473686 0.093872 0.061254 -0.993698 0.193386 0.426041 1 6 1.000000
Charple2_sheet
  6 8.950826 1.568543 56.233494 0.248408 0.034786 -0.968031 0.193763 0.515122 1 6 1.000000
  6 8.600459 2.847920 56.515884 0.261866 0.496211 -0.827769 0.166195 0.515069 1 6 1.000000
  6 12.565969 3.121664 56.648121 0.043825 0.479047 -0.876695 0.166107 0.426149 1 6 1.000000
Charple2_sheet
  6 8.695216 0.014401 59.525669 0.204162 -0.783577 0.586792 0.078432 0.515148 1 6 1.000000
  6 5.837007 1.728937 61.216167 0.005222 -0.026961 0.999623 0.104098 0.567945 2 6 0.600000 2 0.400000
  6 6.171272 -0.910587 59.402168 0.182925 -0.727876 0.660859 0.079707 0.567574 2 6 0.700000 2 0.300000
Charple2_sheet
  6 8.695216 0.014401 59.525669 0.204162 -0.783577 0.586792 0.078432 0.515148 1 6 1.000000
  6 8.735867 1.774417 60.076050 0.157838 -0.012440 0.987387 0.103498 0.515021 1 6 1.000000
  6 5.837007 1.728937 61.216167 0.005222 -0.026961 0.999623 0.104098 0.567945 2 6 0.600000 2 0.400000
Charple2_sheet
  6 8.735867 1.774417 60.076050 0.157838 -0.012440 0.987387 0.103498 0.515021 1 6 1.000000
  6 5.921503 3.450485 60.323719 0.058670 0.728334 0.682706 0.122457 0.568350 2 6 0.684645 2 0.315355
  6 5.837007 1.728937 61.216167 0.005222 -0.026961 0.999623 0.104098 0.567945 2 6 0.600000 2 0.400000
Charple2_sheet
  6 8.735867 1.774417 60.076050 0.157838 -0.012440 0.987387 0.103498 0.515021 1 6 1.000000
  6 9.085001 2.919991 59.528065 0.134721 0.735406 0.664100 0.122070 0.515094 1 6 1.000000
  6 5.921503 3.450485 60.323719 0.058670 0.728334 0.682706 0.122457 0.568350 2 6 0.684645 2 0.315355
Charple2_sheet
  7 18.110945 0.966623 57.144489 0.506450 -0.601456 -0.617866 0.026631 0.279799 2 7 0.887728 6 0.112272
  6 16.762400 2.078616 56.405720 -0.043424 -0.003000 -0.999052 0.001044 0.305446 2 6 0.586210 7 0.413790
  7 18.097038 2.143768 56.674923 0.605650 -0.088420 -0.790803 0.001246 0.279648 2 7 0.887677 6 0.112323
Charple2_sheet
  7 18.110945 0.966623 57.144489 0.506450 -0.601456 -0.617866 0.026631 0.279799 2 7 0.887728 6 0.112272
  6 17.065350 1.013701 56.810909 0.011708 -0.649737 -0.760069 0.026684 0.305580 2 6 0.586210 7 0.413790
  6 16.762400 2.078616 56.405720 -0.043424 -0.003000 -0.999052 0.001044 0.305446 2 6 0.586210 7 0.413790
Charple2_sheet
  7 18.055639 0.615188 57.858978 0.474437 -0.880139 0.016265 0.052058 0.279867 2 7 0.887755 6 0.112245
  6 17.065350 1.013701 56.810909 0.011708 -0.649737 -0.760069 0.026684 0.305580 2 6 0.586210 7 0.413790
  7 18.110945 0.966623 57.144489 0.506450 -0.601456 -0.617866 0.026631 0.279799 2 7 0.887728 6 0.112272
Charple2_sheet
  7 18.055639 0.615188 57.858978 0.474437 -0.880139 0.016265 0.052058 0.279867 2 7 0.887755 6 0.112245
  6 16.687305 0.334574 58.246174 -0.007481 -0.999970 -0.002022 0.051781 0.305418 2 6 0.586210 7 0.413790
  6 17.065350 1.013701 56.810909 0.011708 -0.649737 -0.760069 0.026684 0.305580 2 6 0.586210 7 0.413790
Charple2_sheet
  7 18.014181 1.096750 59.165485 0.554667 -0.608485 0.567530 0.077643 0.279788 2 7 0.887721 6 0.112279
  6 16.687305 0.334574 58.246174 -0.007481 -0.999970 -0.002022 0.051781 0.305418 2 6 0.586210 7 0.413790
  7 18.055639 0.615188 57.858978 0.474437 -0.880139 0.016265 0.052058 0.279867 2 7 0.887755 6 0.112245
Charple2_sheet
  7 18.014181 1.096750 59.165485 0.554667 -0.608485 0.567530 0.077643 0.279788 2 7 0.887721 6 0.112279
  6 16.597946 1.272516 59.696884 0.001981 -0.723272 0.690560 0.077546 0.305810 2 6 0.586210 7 0.413790
  6 16.687305 0.334574 58.246174 -0.007481 -0.999970 -0.002022 0.051781 0.305418 2 6 0.586210 7 0.413790
Charple2_sheet
  7 18.031368 2.065358 59.620991 0.734643 -0.067778 0.675060 0.102803 0.279679 2 7 0.887721 6 0.112279
  6 16.597946 1.272516 59.696884 0.001981 -0.723272 0.690560 0.077546 0.305810 2 6 0.586210 7 0.413790
  7 18.014181 1.096750 59.165485 0.554667 -0.608485 0.567530 0.077643 0.279788 2 7 0.887721 6 0.112279
Charple2_sheet
  7 18.031368 2.065358 59.620991 0.734643 -0.067778 0.675060 0.102803 0.279679 2 7 0.887721 6 0.112279
  6 16.867405 2.067797 60.055153 0.096685 -0.076371 0.992381 0.103009 0.305449 2 6 0.586210 7 0.413790
  6 16.597946 1.272516 59.696884 0.001981 -0.723272 0.690560 0.077546 0.305810 2 6 0.586210 7 0.413790
Charple2_sheet
  7 18.035919 3.455732 59.192326 0.544513 0.566291 0.618725 0.121554 0.279925 2 7 0.887635 6 0.112365
  6 16.867405 2.067797 60.055153 0.096685 -0.076371 0.992381 0.103009 0.305449 2 6 0.586210 7 0.413790
  7 18.031368 2.065358 59.620991 0.734643 -0.067778 0.675060 0.102803 0.279679 2 7 0.887721 6 0.112279
Charple2_sheet
  7 18.035919 3.455732 59.192326 0.544513 0.566291 0.618725 0.121554 0.279925 2 7 0.887635 6 0.112365
  6 16.841928 3.484917 59.367134 0.065480 0.726687 0.683841 0.121569 0.305634 2 6 0.586210 7 0.413790
  6 16.867405 2.067797 60.055153 0.096685 -0.076371 0.992381 0.103009 0.305449 2 6 0.586210 7 0.413790
Charple2_sheet
  7 18.166208 4.032496 57.737675 0.564994 0.824506 -0.031167 0.145985 0.279720 2 7 0.887793 6 0.112207
  6 16.841928 3.484917 59.367134 0.065480 0.726687 0.683841 0.121569 0.305634 2 6 0.586210 7 0.413790
  7 18.035919 3.455732 59.192326 0.544513 0.566291 0.618725 0.121554 0.279925 2 7 0.887635 6 0.112365
Charple2_sheet
  7 18.166208 4.032496 57.737675 0.564994 0.824506 -0.031167 0.145985 0.279720 2 7 0.887793 6 0.112207
  6 16.823153 4.144935 57.762314 -0.088025 0.985680 -0.143825 0.145871 0.305346 2 6 0.586210 7 0.413790
  6 16.841928 3.484917 59.367134 0.065480 0.726687 0.683841 0.121569 0.305634 2 6 0.586210 7 0.413790
Charple2_sheet
  7 18.183542 3.550792 56.943775 0.676253 0.421283 -0.604320 0.165994 0.279572 2 7 0.887699 6 0.112301
  6 16.823153 4.144935 57.762314 -0.088025 0.985680 -0.143825 0.145871 0.305346 2 6 0.586210 7 0.413790
  7 18.166208 4.032496 57.737675 0.564994 0.824506 -0.031167 0.145985 0.279720 2 7 0.887793 6 0.112207
Charple2_sheet
  7 18.183542 3.550792 56.943775 0.676253 0.421283 -0.604320 0.165994 0.279572 2 7 0.887699 6 0.112301
  6 16.823706 3.575991 56.911777 -0.118554 0.595747 -0.794374 0.165842 0.305694 2 6 0.586210 7 0.413790
  6 16.823153 4.144935 57.762314 -0.088025 0.985680 -0.143825 0.145871 0.305346 2 6 0.586210 7 0.413790
Charple2_sheet
  7 18.097038 2.143768 56.674923 0.605650 -0.088420 -0.790803 0.193470 0.279663 2 7 0.887677 6 0.112323
  6 16.823706 3.575991 56.911777 -0.118554 0.595747 -0.794374 0.165842 0.305694 2 6 0.586210 7 0.413790
  7 18.183542 3.550792 56.943775 0.676253 0.421283 -0.604320 0.165994 0.279572 2 7 0.887699 6 0.112301
Charple2_sheet
  7 18.097038 2.143768 56.674923 0.605650 -0.088420 -0.790803 0.193470 0.279663 2 7 0.887677 6 0.112323
  6 16.762400 2.078616 56.405720 -0.043424 -0.003000 -0.999052 0.193510 0.305413 2 6 0.586210 7 0.413790
  6 16.823706 3.575991 56.911777 -0.118554 0.595747 -0.794374 0.165842 0.305694 2 6 0.586210 7 0.413790
Charple2_sheet
  6 15.984991 3.433458 57.288429 -0.108877 0.553259 -0.825863 0.166019 0.330394 2 6 0.948280 7 0.051720
  6 16.823706 3.575991 56.911777 -0.118554 0.595747 -0.794374 0.165842 0.305694 2 6 0.586210 7 0.413790
  6 16.762400 2.078616 56.405720 -0.043424 -0.003000 -0.999052 0.193510 0.305413 2 6 0.586210 7 0.413790
Charple2_sheet
  6 15.984991 3.433458 57.288429 -0.108877 0.553259 -0.825863 0.166019 0.330394 2 6 0.948280 7 0.051720
  6 16.762400 2.078616 56.405720 -0.043424 -0.003000 -0.999052 0.193510 0.305413 2 6 0.586210 7 0.413790
  6 15.498571 2.158856 56.732784 -0.068105 0.037468 -0.996974 0.193009 0.330614 2 6 0.948280 7 0.051720
Charple2_sheet
  2 2.001803 3.812098 59.374638 0.112205 0.757246 0.643419 0.129684 0.956010 1 2 1.000000
  2 4.483296 1.690008 60.668034 -0.166130 0.008885 0.986064 0.023945 0.970101 2 2 0.700000 6 0.300000
  2 4.482496 3.361897 59.570896 -0.082818 0.703267 0.706086 0.087610 0.942834 2 2 0.600000 6 0.400000
Charple2_sheet
  2 2.001803 3.812098 59.374638 0.112205 0.757246 0.643419 0.129684 0.956010 1 2 1.000000
  2 3.052582 1.603455 60.642326 0.415380 0.002768 0.909644 0.023003 0.999132 1 2 1.000000
  2 4.483296 1.690008 60.668034 -0.166130 0.008885 0.986064 0.023945 0.970101 2 2 0.700000 6 0.300000
Charple2_sheet
  2 4.131999 5.161623 57.379700 0.160497 0.940122 0.300686 0.088120 0.892236 2 2 0.700000 6 0.300000
  6 6.632961 4.303511 57.611103 0.334405 0.933486 0.129524 0.055819 0.898832 2 6 0.600000 2 0.400000
  2 6.570227 3.663164 54.957211 0.716213 0.540515 -0.441454 0.055813 0.860952 2 2 0.657414 6 0.342586
Charple2_sheet
  6 5.921503 3.450485 60.323719 0.058670 0.728334 0.682706 0.044665 0.930698 2 6 0.684645 2 0.315355
  6 6.632961 4.303511 57.611103 0.334405 0.933486 0.129524 0.055819 0.898832 2 6 0.600000 2 0.400000
  2 4.131999 5.161623 57.379700 0.160497 0.940122 0.300686 0.088120 0.892236 2 2 0.700000 6 0.300000
Charple2_sheet
  6 5.921503 3.450485 60.323719 0.058670 0.728334 0.682706 0.044665 0.930698 2 6 0.684645 2 0.315355
  2 4.131999 5.161623 57.379700 0.160497 0.940122 0.300686 0.088120 0.892236 2 2 0.700000 6 0.300000
  2 4.482496 3.361897 59.570896 -0.082818 0.703267 0.706086 0.087610 0.942834 2 2 0.600000 6 0.400000
Charple2_sheet
  2 2.001803 3.812098 59.374638 0.112205 0.757246 0.643419 0.129684 0.956282 1 2 1.000000
  2 4.482496 3.361897 59.570896 -0.082818 0.703267 0.706086 0.087610 0.942834 2 2 0.600000 6 0.400000
  2 4.131999 5.161623 57.379700 0.160497 0.940122 0.300686 0.088120 0.892236 2 2 0.700000 6 0.300000
Charple2_sheet
  2 6.570227 3.663164 54.957211 0.716213 0.540515 -0.441454 0.055813 0.860952 2 2 0.657414 6 0.342586
  2 6.550407 0.442502 55.304375 0.757183 -0.064646 -0.649995 0.013874 0.861385 2 2 0.533549 6 0.466451
  2 5.569311 0.110293 52.621395 0.974581 -0.099310 -0.200819 0.014093 0.817496 1 2 1.000000
Charple2_sheet
  0 1.345703 5.729979 37.609535 0.053592 0.950215 -0.306950 0.121963 0.620678 2 0 0.594434 11 0.405566
  11 4.518968 4.823501 38.195568 0.629289 0.770403 -0.102349 0.083173 0.620030 2 11 0.600000 0 0.400000
  11 4.476993 4.255309 35.319462 0.411957 0.895930 -0.166137 0.083604 0.577743 1 11 1.000000
Charple2_sheet
  11 4.518968 4.823501 38.195568 0.629289 0.770403 -0.102349 0.083173 0.620030 2 11 0.600000 0 0.400000
  11 5.712976 2.641186 34.765705 0.917008 0.397137 0.037130 0.048885 0.577781 1 11 1.000000
  11 4.476993 4.255309 35.319462 0.411957 0.895930 -0.166137 0.083604 0.577743 1 11 1.000000
Charple2_sheet
  11 4.518968 4.823501 38.195568 0.629289 0.770403 -0.102349 0.083173 0.620030 2 11 0.600000 0 0.400000
  0 5.361212 2.952635 38.364647 0.943343 0.319755 0.088655 0.048474 0.620477 2 0 0.671043 11 0.328957
  11 5.712976 2.641186 34.765705 0.917008 0.397137 0.037130 0.048885 0.577781 1 11 1.000000
Charple2_sheet
  0 5.361212 2.952635 38.364647 0.943343 0.319755 0.088655 0.048474 0.620477 2 0 0.671043 11 0.328957
  11 6.067907 0.647643 35.361099 0.973950 -0.209138 0.087647 0.013722 0.578027 1 11 1.000000
  11 5.712976 2.641186 34.765705 0.917008 0.397137 0.037130 0.048885 0.577781 1 11 1.000000
Charple2_sheet
  0 5.361212 2.952635 38.364647 0.943343 0.319755 0.088655 0.048474 0.620477 2 0 0.671043 11 0.328957
  11 5.657500 0.682005 38.621746 0.972192 -0.212405 0.098626 0.014072 0.619836 2 11 0.518671 0 0.481329
  11 6.067907 0.647643 35.361099 0.973950 -0.209138 0.087647 0.013722 0.578027 1 11 1.000000
Charple2_sheet
  0 4.862766 2.626256 40.435764 0.940332 0.312916 0.133639 0.050717 0.659379 2 0 0.900000 11 0.100000
  11 5.657500 0.682005 38.621746 0.972192 -0.212405 0.098626 0.014072 0.619836 2 11 0.518671 0 0.481329
  0 5.361212 2.952635 38.364647 0.943343 0.319755 0.088655 0.048474 0.620477 2 0 0.671043 11 0.328957
Charple2_sheet
  0 4.862766 2.626256 40.435764 0.940332 0.312916 0.133639 0.050717 0.659379 2 0 0.900000 11 0.100000
  0 5.747583 0.440384 40.970531 0.966451 -0.234445 0.104919 0.013923 0.662916 2 0 0.900000 11 0.100000
  11 5.657500 0.682005 38.621746 0.972192 -0.212405 0.098626 0.014072 0.619836 2 11 0.518671 0 0.481329
Charple2_sheet
  0 5.237195 2.525405 43.422775 0.949198 0.309197 0.058478 0.052741 0.701498 2 0 0.916954 1 0.083046
  0 5.747583 0.440384 40.970531 0.966451 -0.234445 0.104919 0.013923 0.662916 2 0 0.900000 11 0.100000
  0 4.862766 2.626256 40.435764 0.940332 0.312916 0.133639 0.050717 0.659379 2 0 0.900000 11 0.100000
Charple2_sheet
  0 5.237195 2.525405 43.422775 0.949198 0.309197 0.058478 0.052741 0.701498 2 0 0.916954 1 0.083046
  0 4.890600 0.536214 43.591415 0.969069 -0.242133 0.047710 0.013654 0.703458 2 0 0.929517 1 0.070483
  0 5.747583 0.440384 40.970531 0.966451 -0.234445 0.104919 0.013923 0.662916 2 0 0.900000 11 0.100000
Charple2_sheet
  0 5.237195 2.525405 43.422775 0.949198 0.309197 0.058478 0.052741 0.701498 2 0 0.916954 1 0.083046
  0 4.890122 0.386585 46.529221 0.978838 -0.181815 -0.093907 0.012996 0.745089 2 0 0.578046 1 0.421954
  0 4.890600 0.536214 43.591415 0.969069 -0.242133 0.047710 0.013654 0.703458 2 0 0.929517 1 0.070483
Charple2_sheet
  0 5.237195 2.525405 43.422775 0.949198 0.309197 0.058478 0.052741 0.701498 2 0 0.916954 1 0.083046
  0 4.892005 2.522674 46.283043 0.965059 0.252432 -0.070281 0.054496 0.742256 2 0 0.529463 1 0.470537
  0 4.890122 0.386585 46.529221 0.978838 -0.181815 -0.093907 0.012996 0.745089 2 0 0.578046 1 0.421954
Charple2_sheet
  1 5.445917 0.516055 49.470833 0.983192 -0.114525 -0.142187 0.013874 0.784654 2 1 0.808620 2 0.191380
  0 4.890122 0.386585 46.529221 0.978838 -0.181815 -0.093907 0.012996 0.745089 2 0 0.578046 1 0.421954
  0 4.892005 2.522674 46.283043 0.965059 0.252432 -0.070281 0.054496 0.742256 2 0 0.529463 1 0.470537
Charple2_sheet
  1 5.445917 0.516055 49.470833 0.983192 -0.114525 -0.142187 0.013874 0.784654 2 1 0.808620 2 0.191380
  0 4.892005 2.522674 46.283043 0.965059 0.252432 -0.070281 0.054496 0.742256 2 0 0.529463 1 0.470537
  1 5.183792 2.555315 48.442982 0.946628 0.297418 -0.124248 0.054058 0.781221 2 1 0.808620 2 0.191380
Charple2_sheet
  1 5.183792 2.555315 48.442982 0.946628 0.297418 -0.124248 0.054058 0.781221 2 1 0.808620 2 0.191380
  2 5.569311 0.110293 52.621395 0.974581 -0.099310 -0.200819 0.014093 0.817496 1 2 1.000000
  1 5.445917 0.516055 49.470833 0.983192 -0.114525 -0.142187 0.013874 0.784654 2 1 0.808620 2 0.191380
Charple2_sheet
  1 5.183792 2.555315 48.442982 0.946628 0.297418 -0.124248 0.054058 0.781221 2 1 0.808620 2 0.191380
  2 5.729082 3.370908 52.124813 0.904983 0.347249 -0.245813 0.054058 0.823612 1 2 1.000000
  2 5.569311 0.110293 52.621395 0.974581 -0.099310 -0.200819 0.014093 0.817496 1 2 1.000000
Charple2_sheet
  2 6.570227 3.663164 54.957211 0.716213 0.540515 -0.441454 0.055813 0.860952 2 2 0.657414 6 0.342586
  2 5.569311 0.110293 52.621395 0.974581 -0.099310 -0.200819 0.014093 0.817496 1 2 1.000000
  2 5.729082 3.370908 52.124813 0.904983 0.347249 -0.245813 0.054058 0.823612 1 2 1.000000
Charple2_sheet
  2 4.609588 5.449051 53.800625 0.352225 0.922145 -0.159956 0.087023 0.856375 2 2 0.900000 6 0.100000
  2 6.570227 3.663164 54.957211 0.716213 0.540515 -0.441454 0.055813 0.860952 2 2 0.657414 6 0.342586
  2 5.729082 3.370908 52.124813 0.904983 0.347249 -0.245813 0.054058 0.823612 1 2 1.000000
Charple2_sheet
  2 4.131999 5.161623 57.379700 0.160497 0.940122 0.300686 0.088120 0.892236 2 2 0.700000 6 0.300000
  2 6.570227 3.663164 54.957211 0.716213 0.540515 -0.441454 0.055813 0.860952 2 2 0.657414 6 0.342586
  2 4.609588 5.449051 53.800625 0.352225 0.922145 -0.159956 0.087023 0.856375 2 2 0.900000 6 0.100000
Charple2_sheet
  2 1.726620 4.907929 51.077522 0.101985 0.988640 -0.110403 0.127815 0.814961 1 2 1.000000
  2 4.609588 5.449051 53.800625 0.352225 0.922145 -0.159956 0.087023 0.856375 2 2 0.900000 6 0.100000
  2 3.895959 4.445173 51.481396 0.471989 0.856432 -0.209165 0.087072 0.817682 1 2 1.000000
Charple2_sheet
  2 4.609588 5.449051 53.800625 0.352225 0.922145 -0.159956 0.087023 0.856375 2 2 0.900000 6 0.100000
  2 5.729082 3.370908 52.124813 0.904983 0.347249 -0.245813 0.054058 0.823612 1 2 1.000000
  2 3.895959 4.445173 51.481396 0.471989 0.856432 -0.209165 0.087072 0.817682 1 2 1.000000
Charple2_sheet
  0 -2.035126 5.598242 40.329109 -0.165501 0.973337 0.158819 0.191957 0.657418 2 0 0.700000 9 0.300000
  0 -4.360662 4.776491 40.190647 -0.653334 0.744417 0.137832 0.236054 0.657146 2 0 0.700000 9 0.300000
  0 -3.762543 3.839134 42.977211 -0.607545 0.790815 0.074165 0.235785 0.699049 1 0 1.000000
Charple2_sheet
  0 -1.962517 5.645101 37.559628 -0.032131 0.961011 -0.274635 0.193740 0.620190 3 0 0.485032 9 0.347030 11 0.167938
  0 -4.360662 4.776491 40.190647 -0.653334 0.744417 0.137832 0.236054 0.657146 2 0 0.700000 9 0.300000
  0 -2.035126 5.598242 40.329109 -0.165501 0.973337 0.158819 0.191957 0.657418 2 0 0.700000 9 0.300000
Charple2_sheet
  0 -0.201890 5.616575 40.419510 -0.002159 0.985984 0.166827 0.157971 0.658235 2 0 0.800000 11 0.200000
  0 -1.962517 5.645101 37.559628 -0.032131 0.961011 -0.274635 0.193740 0.620190 3 0 0.485032 9 0.347030 11 0.167938
  0 -2.035126 5.598242 40.329109 -0.165501 0.973337 0.158819 0.191957 0.657418 2 0 0.700000 9 0.300000
Charple2_sheet
  0 -0.201890 5.616575 40.419510 -0.002159 0.985984 0.166827 0.157971 0.658235 2 0 0.800000 11 0.200000
  0 -0.086050 5.328372 37.852093 0.005672 0.940146 -0.340724 0.158070 0.619374 3 0 0.616032 11 0.264014 9 0.119954
  0 -1.962517 5.645101 37.559628 -0.032131 0.961011 -0.274635 0.193740 0.620190 3 0 0.485032 9 0.347030 11 0.167938
Charple2_sheet
  0 2.036509 5.621059 40.654579 0.118869 0.971397 0.205566 0.123597 0.657907 2 0 0.800000 11 0.200000
  0 -0.086050 5.328372 37.852093 0.005672 0.940146 -0.340724 0.158070 0.619374 3 0 0.616032 11 0.264014 9 0.119954
  0 -0.201890 5.616575 40.419510 -0.002159 0.985984 0.166827 0.157971 0.658235 2 0 0.800000 11 0.200000
Charple2_sheet
  0 2.036509 5.621059 40.654579 0.118869 0.971397 0.205566 0.123597 0.657907 2 0 0.800000 11 0.200000
  0 1.345703 5.729979 37.609535 0.053592 0.950215 -0.306950 0.121963 0.620678 2 0 0.594434 11 0.405566
  0 -0.086050 5.328372 37.852093 0.005672 0.940146 -0.340724 0.158070 0.619374 3 0 0.616032 11 0.264014 9 0.119954
Charple2_sheet
  0 2.036509 5.621059 40.654579 0.118869 0.971397 0.205566 0.123597 0.657907 2 0 0.800000 11 0.200000
  11 4.518968 4.823501 38.195568 0.629289 0.770403 -0.102349 0.083173 0.620030 2 11 0.600000 0 0.400000
  0 1.345703 5.729979 37.609535 0.053592 0.950215 -0.306950 0.121963 0.620678 2 0 0.594434 11 0.405566
Charple2_sheet
  0 2.036509 5.621059 40.654579 0.118869 0.971397 0.205566 0.123597 0.657907 2 0 0.800000 11 0.200000
  0 4.348664 4.785097 40.875954 0.648637 0.732354 0.207187 0.083222 0.657635 2 0 0.896900 11 0.103100
  11 4.518968 4.823501 38.195568 0.629289 0.770403 -0.102349 0.083173 0.620030 2 11 0.600000 0 0.400000
Charple2_sheet
  0 4.348664 4.785097 40.875954 0.648637 0.732354 0.207187 0.083222 0.657635 2 0 0.896900 11 0.103100
  0 5.361212 2.952635 38.364647 0.943343 0.319755 0.088655 0.048474 0.620477 2 0 0.671043 11 0.328957
  11 4.518968 4.823501 38.195568 0.629289 0.770403 -0.102349 0.083173 0.620030 2 11 0.600000 0 0.400000
Charple2_sheet
  0 4.348664 4.785097 40.875954 0.648637 0.732354 0.207187 0.083222 0.657635 2 0 0.896900 11 0.103100
  0 4.862766 2.626256 40.435764 0.940332 0.312916 0.133639 0.050717 0.659379 2 0 0.900000 11 0.100000
  0 5.361212 2.952635 38.364647 0.943343 0.319755 0.088655 0.048474 0.620477 2 0 0.671043 11 0.328957
Charple2_sheet
  0 3.533612 3.899347 43.232662 0.572323 0.812502 0.110847 0.083442 0.699049 1 0 1.000000
  0 4.862766 2.626256 40.435764 0.940332 0.312916 0.133639 0.050717 0.659379 2 0 0.900000 11 0.100000
  0 4.348664 4.785097 40.875954 0.648637 0.732354 0.207187 0.083222 0.657635 2 0 0.896900 11 0.103100
Charple2_sheet
  0 3.533612 3.899347 43.232662 0.572323 0.812502 0.110847 0.083442 0.699049 1 0 1.000000
  0 5.237195 2.525405 43.422775 0.949198 0.309197 0.058478 0.052741 0.701498 2 0 0.916954 1 0.083046
  0 4.862766 2.626256 40.435764 0.940332 0.312916 0.133639 0.050717 0.659379 2 0 0.900000 11 0.100000
Charple2_sheet
  0 3.533612 3.899347 43.232662 0.572323 0.812502 0.110847 0.083442 0.699049 1 0 1.000000
  0 4.892005 2.522674 46.283043 0.965059 0.252432 -0.070281 0.054496 0.742256 2 0 0.529463 1 0.470537
  0 5.237195 2.525405 43.422775 0.949198 0.309197 0.058478 0.052741 0.701498 2 0 0.916954 1 0.083046
Charple2_sheet
  0 3.533612 3.899347 43.232662 0.572323 0.812502 0.110847 0.083442 0.699049 1 0 1.000000
  0 4.064398 4.373876 45.500771 0.576395 0.811698 -0.094419 0.083392 0.737414 2 0 0.529463 1 0.470537
  0 4.892005 2.522674 46.283043 0.965059 0.252432 -0.070281 0.054496 0.742256 2 0 0.529463 1 0.470537
Charple2_sheet
  1 5.183792 2.555315 48.442982 0.946628 0.297418 -0.124248 0.054058 0.781221 2 1 0.808620 2 0.191380
  0 4.892005 2.522674 46.283043 0.965059 0.252432 -0.070281 0.054496 0.742256 2 0 0.529463 1 0.470537
  0 4.064398 4.373876 45.500771 0.576395 0.811698 -0.094419 0.083392 0.737414 2 0 0.529463 1 0.470537
Charple2_sheet
  1 5.183792 2.555315 48.442982 0.946628 0.297418 -0.124248 0.054058 0.781221 2 1 0.808620 2 0.191380
  0 4.064398 4.373876 45.500771 0.576395 0.811698 -0.094419 0.083392 0.737414 2 0 0.529463 1 0.470537
  1 4.325008 4.148086 48.725559 0.570943 0.817822 -0.072045 0.084709 0.775291 2 1 0.808620 2 0.191380
Charple2_sheet
  1 4.325008 4.148086 48.725559 0.570943 0.817822 -0.072045 0.084709 0.775291 2 1 0.808620 2 0.191380
  2 5.729082 3.370908 52.124813 0.904983 0.347249 -0.245813 0.054058 0.823612 1 2 1.000000
  1 5.183792 2.555315 48.442982 0.946628 0.297418 -0.124248 0.054058 0.781221 2 1 0.808620 2 0.191380
Charple2_sheet
  1 4.325008 4.148086 48.725559 0.570943 0.817822 -0.072045 0.084709 0.775291 2 1 0.808620 2 0.191380
  2 3.895959 4.445173 51.481396 0.471989 0.856432 -0.209165 0.087072 0.817682 1 2 1.000000
  2 5.729082 3.370908 52.124813 0.904983 0.347249 -0.245813 0.054058 0.823612 1 2 1.000000
Charple2_sheet
  0 -1.962517 5.645101 37.559628 -0.032131 0.961011 -0.274635 0.193740 0.620190 3 0 0.485032 9 0.347030 11 0.167938
  9 -4.020007 4.934559 37.626804 -0.568931 0.819160 -0.072765 0.236493 0.620030 2 9 0.718194 0 0.281806
  0 -4.360662 4.776491 40.190647 -0.653334 0.744417 0.137832 0.236054 0.657146 2 0 0.700000 9 0.300000
Charple2_sheet
  1 -1.901019 4.742944 48.281746 -0.118707 0.991656 -0.050262 0.189806 0.774909 2 1 0.808620 2 0.191380
  0 -1.842220 5.105196 45.811138 -0.092595 0.994640 -0.046022 0.191150 0.739319 2 0 0.544427 1 0.455573
  0 -3.770924 4.425610 45.792652 -0.552646 0.830899 -0.064716 0.235248 0.737414 2 0 0.553994 1 0.446006
Charple2_sheet
  1 -0.408919 5.066679 48.584991 0.011914 0.997978 -0.062429 0.157434 0.777140 2 1 0.808620 2 0.191380
  0 -1.842220 5.105196 45.811138 -0.092595 0.994640 -0.046022 0.191150 0.739319 2 0 0.544427 1 0.455573
  1 -1.901019 4.742944 48.281746 -0.118707 0.991656 -0.050262 0.189806 0.774909 2 1 0.808620 2 0.191380
Charple2_sheet
  1 -0.408919 5.066679 48.584991 0.011914 0.997978 -0.062429 0.157434 0.777140 2 1 0.808620 2 0.191380
  0 -0.275469 4.510682 46.085472 0.053416 0.995304 -0.080724 0.157752 0.739863 2 0 0.566469 1 0.433531
  0 -1.842220 5.105196 45.811138 -0.092595 0.994640 -0.046022 0.191150 0.739319 2 0 0.544427 1 0.455573
Charple2_sheet
  1 1.625784 5.205703 48.765892 0.110548 0.992786 -0.046415 0.125841 0.774909 2 1 0.808620 2 0.191380
  0 -0.275469 4.510682 46.085472 0.053416 0.995304 -0.080724 0.157752 0.739863 2 0 0.566469 1 0.433531
  1 -0.408919 5.066679 48.584991 0.011914 0.997978 -0.062429 0.157434 0.777140 2 1 0.808620 2 0.191380
Charple2_sheet
  1 1.625784 5.205703 48.765892 0.110548 0.992786 -0.046415 0.125841 0.774909 2 1 0.808620 2 0.191380
  0 1.436224 4.572261 45.630238 0.082718 0.991689 -0.098541 0.124256 0.739319 2 0 0.542529 1 0.457472
  0 -0.275469 4.510682 46.085472 0.053416 0.995304 -0.080724 0.157752 0.739863 2 0 0.566469 1 0.433531
Charple2_sheet
  1 4.325008 4.148086 48.725559 0.570943 0.817822 -0.072045 0.084709 0.775291 2 1 0.808620 2 0.191380
  0 1.436224 4.572261 45.630238 0.082718 0.991689 -0.098541 0.124256 0.739319 2 0 0.542529 1 0.457472
  1 1.625784 5.205703 48.765892 0.110548 0.992786 -0.046415 0.125841 0.774909 2 1 0.808620 2 0.191380
Charple2_sheet
  1 4.325008 4.148086 48.725559 0.570943 0.817822 -0.072045 0.084709 0.775291 2 1 0.808620 2 0.191380
  0 4.064398 4.373876 45.500771 0.576395 0.811698 -0.094419 0.083392 0.737414 2 0 0.529463 1 0.470537
  0 1.436224 4.572261 45.630238 0.082718 0.991689 -0.098541 0.124256 0.739319 2 0 0.542529 1 0.457472
Charple2_sheet
  0 1.677811 4.557655 42.922977 0.112094 0.976580 0.183646 0.122989 0.698505 1 0 1.000000
  0 1.436224 4.572261 45.630238 0.082718 0.991689 -0.098541 0.124256 0.739319 2 0 0.542529 1 0.457472
  0 4.064398 4.373876 45.500771 0.576395 0.811698 -0.094419 0.083392 0.737414 2 0 0.529463 1 0.470537
Charple2_sheet
  0 1.677811 4.557655 42.922977 0.112094 0.976580 0.183646 0.122989 0.698505 1 0 1.000000
  0 4.064398 4.373876 45.500771 0.576395 0.811698 -0.094419 0.083392 0.737414 2 0 0.529463 1 0.470537
  0 3.533612 3.899347 43.232662 0.572323 0.812502 0.110847 0.083442 0.699049 1 0 1.000000
Charple2_sheet
  0 1.677811 4.557655 42.922977 0.112094 0.976580 0.183646 0.122989 0.698505 1 0 1.000000
  0 3.533612 3.899347 43.232662 0.572323 0.812502 0.110847 0.083442 0.699049 1 0 1.000000
  0 4.348664 4.785097 40.875954 0.648637 0.732354 0.207187 0.083222 0.657635 2 0 0.896900 11 0.103100
Charple2_sheet
  0 1.677811 4.557655 42.922977 0.112094 0.976580 0.183646 0.122989 0.698505 1 0 1.000000
  0 4.348664 4.785097 40.875954 0.648637 0.732354 0.207187 0.083222 0.657635 2 0 0.896900 11 0.103100
  0 2.036509 5.621059 40.654579 0.118869 0.971397 0.205566 0.123597 0.657907 2 0 0.800000 11 0.200000
Charple2_sheet
  0 -0.147249 4.538508 43.302635 0.051686 0.985275 0.162977 0.157533 0.698505 2 0 0.914674 1 0.085326
  0 1.677811 4.557655 42.922977 0.112094 0.976580 0.183646 0.122989 0.698505 1 0 1.000000
  0 2.036509 5.621059 40.654579 0.118869 0.971397 0.205566 0.123597 0.657907 2 0 0.800000 11 0.200000
Charple2_sheet
  0 -0.147249 4.538508 43.302635 0.051686 0.985275 0.162977 0.157533 0.698505 2 0 0.914674 1 0.085326
  0 2.036509 5.621059 40.654579 0.118869 0.971397 0.205566 0.123597 0.657907 2 0 0.800000 11 0.200000
  0 -0.201890 5.616575 40.419510 -0.002159 0.985984 0.166827 0.157971 0.658235 2 0 0.800000 11 0.200000
Charple2_sheet
  0 -0.201890 5.616575 40.419510 -0.002159 0.985984 0.166827 0.157971 0.658235 2 0 0.800000 11 0.200000
  0 -2.264648 4.688671 43.122341 -0.154988 0.981369 0.113547 0.193301 0.698505 1 0 1.000000
  0 -0.147249 4.538508 43.302635 0.051686 0.985275 0.162977 0.157533 0.698505 2 0 0.914674 1 0.085326
Charple2_sheet
  0 -0.201890 5.616575 40.419510 -0.002159 0.985984 0.166827 0.157971 0.658235 2 0 0.800000 11 0.200000
  0 -2.035126 5.598242 40.329109 -0.165501 0.973337 0.158819 0.191957 0.657418 2 0 0.700000 9 0.300000
  0 -2.264648 4.688671 43.122341 -0.154988 0.981369 0.113547 0.193301 0.698505 1 0 1.000000
Charple2_sheet
  0 -2.035126 5.598242 40.329109 -0.165501 0.973337 0.158819 0.191957 0.657418 2 0 0.700000 9 0.300000
  0 -3.762543 3.839134 42.977211 -0.607545 0.790815 0.074165 0.235785 0.699049 1 0 1.000000
  0 -2.264648 4.688671 43.122341 -0.154988 0.981369 0.113547 0.193301 0.698505 1 0 1.000000
Charple2_sheet
  0 -3.762543 3.839134 42.977211 -0.607545 0.790815 0.074165 0.235785 0.699049 1 0 1.000000
  0 -1.842220 5.105196 45.811138 -0.092595 0.994640 -0.046022 0.191150 0.739319 2 0 0.544427 1 0.455573
  0 -2.264648 4.688671 43.122341 -0.154988 0.981369 0.113547 0.193301 0.698505 1 0 1.000000
Charple2_sheet
  0 -3.762543 3.839134 42.977211 -0.607545 0.790815 0.074165 0.235785 0.699049 1 0 1.000000
  0 -3.770924 4.425610 45.792652 -0.552646 0.830899 -0.064716 0.235248 0.737414 2 0 0.553994 1 0.446006
  0 -1.842220 5.105196 45.811138 -0.092595 0.994640 -0.046022 0.191150 0.739319 2 0 0.544427 1 0.455573
Charple2_sheet
  0 -0.147249 4.538508 43.302635 0.051686 0.985275 0.162977 0.157533 0.698505 2 0 0.914674 1 0.085326
  0 1.436224 4.572261 45.630238 0.082718 0.991689 -0.098541 0.124256 0.739319 2 0 0.542529 1 0.457472
  0 1.677811 4.557655 42.922977 0.112094 0.976580 0.183646 0.122989 0.698505 1 0 1.000000
Charple2_sheet
  0 -0.147249 4.538508 43.302635 0.051686 0.985275 0.162977 0.157533 0.698505 2 0 0.914674 1 0.085326
  0 -0.275469 4.510682 46.085472 0.053416 0.995304 -0.080724 0.157752 0.739863 2 0 0.566469 1 0.433531
  0 1.436224 4.572261 45.630238 0.082718 0.991689 -0.098541 0.124256 0.739319 2 0 0.542529 1 0.457472
Charple2_sheet
  0 -2.264648 4.688671 43.122341 -0.154988 0.981369 0.113547 0.193301 0.698505 1 0 1.000000
  0 -0.275469 4.510682 46.085472 0.053416 0.995304 -0.080724 0.157752 0.739863 2 0 0.566469 1 0.433531
  0 -0.147249 4.538508 43.302635 0.051686 0.985275 0.162977 0.157533 0.698505 2 0 0.914674 1 0.085326
Charple2_sheet
  0 -2.264648 4.688671 43.122341 -0.154988 0.981369 0.113547 0.193301 0.698505 1 0 1.000000
  0 -1.842220 5.105196 45.811138 -0.092595 0.994640 -0.046022 0.191150 0.739319 2 0 0.544427 1 0.455573
  0 -0.275469 4.510682 46.085472 0.053416 0.995304 -0.080724 0.157752 0.739863 2 0 0.566469 1 0.433531
Charple2_sheet
  1 1.625784 5.205703 48.765892 0.110548 0.992786 -0.046415 0.125841 0.774909 2 1 0.808620 2 0.191380
  2 3.895959 4.445173 51.481396 0.471989 0.856432 -0.209165 0.087072 0.817682 1 2 1.000000
  1 4.325008 4.148086 48.725559 0.570943 0.817822 -0.072045 0.084709 0.775291 2 1 0.808620 2 0.191380
Charple2_sheet
  1 1.625784 5.205703 48.765892 0.110548 0.992786 -0.046415 0.125841 0.774909 2 1 0.808620 2 0.191380
  2 1.726620 4.907929 51.077522 0.101985 0.988640 -0.110403 0.127815 0.814961 1 2 1.000000
  2 3.895959 4.445173 51.481396 0.471989 0.856432 -0.209165 0.087072 0.817682 1 2 1.000000
Charple2_sheet
  1 -0.408919 5.066679 48.584991 0.011914 0.997978 -0.062429 0.157434 0.777140 2 1 0.808620 2 0.191380
  2 1.726620 4.907929 51.077522 0.101985 0.988640 -0.110403 0.127815 0.814961 1 2 1.000000
  1 1.625784 5.205703 48.765892 0.110548 0.992786 -0.046415 0.125841 0.774909 2 1 0.808620 2 0.191380
Charple2_sheet
  1 -0.408919 5.066679 48.584991 0.011914 0.997978 -0.062429 0.157434 0.777140 2 1 0.808620 2 0.191380
  2 -0.482466 4.952862 51.278378 0.050585 0.992487 -0.111399 0.157384 0.814961 1 2 1.000000
  2 1.726620 4.907929 51.077522 0.101985 0.988640 -0.110403 0.127815 0.814961 1 2 1.000000
Charple2_sheet
  1 -1.901019 4.742944 48.281746 -0.118707 0.991656 -0.050262 0.189806 0.774909 2 1 0.808620 2 0.191380
  2 -0.482466 4.952862 51.278378 0.050585 0.992487 -0.111399 0.157384 0.814961 1 2 1.000000
  1 -0.408919 5.066679 48.584991 0.011914 0.997978 -0.062429 0.157434 0.777140 2 1 0.808620 2 0.191380
Charple2_sheet
  1 -1.901019 4.742944 48.281746 -0.118707 0.991656 -0.050262 0.189806 0.774909 2 1 0.808620 2 0.191380
  2 -2.370699 5.406003 51.447872 -0.115205 0.977349 -0.177531 0.187386 0.814961 1 2 1.000000
  2 -0.482466 4.952862 51.278378 0.050585 0.992487 -0.111399 0.157384 0.814961 1 2 1.000000
Charple2_sheet
  1 -4.299260 4.236186 48.485596 -0.548423 0.834777 -0.048782 0.233634 0.775779 2 1 0.808620 2 0.191380
  2 -2.370699 5.406003 51.447872 -0.115205 0.977349 -0.177531 0.187386 0.814961 1 2 1.000000
  1 -1.901019 4.742944 48.281746 -0.118707 0.991656 -0.050262 0.189806 0.774909 2 1 0.808620 2 0.191380
Charple2_sheet
  1 -1.901019 4.742944 48.281746 -0.118707 0.991656 -0.050262 0.189806 0.774909 2 1 0.808620 2 0.191380
  0 -3.770924 4.425610 45.792652 -0.552646 0.830899 -0.064716 0.235248 0.737414 2 0 0.553994 1 0.446006
  1 -4.299260 4.236186 48.485596 -0.548423 0.834777 -0.048782 0.233634 0.775779 2 1 0.808620 2 0.191380
Charple2_sheet
  1 -4.299260 4.236186 48.485596 -0.548423 0.834777 -0.048782 0.233634 0.775779 2 1 0.808620 2 0.191380
  0 -3.770924 4.425610 45.792652 -0.552646 0.830899 -0.064716 0.235248 0.737414 2 0 0.553994 1 0.446006
  0 -5.257699 2.886281 45.984043 -0.905837 0.415835 -0.080871 0.263481 0.741768 2 0 0.561467 1 0.438533
Charple2_sheet
  0 -4.866762 2.777796 43.056839 -0.920338 0.389766 0.032552 0.265632 0.701498 2 0 0.943544 1 0.056456
  0 -5.257699 2.886281 45.984043 -0.905837 0.415835 -0.080871 0.263481 0.741768 2 0 0.561467 1 0.438533
  0 -3.770924 4.425610 45.792652 -0.552646 0.830899 -0.064716 0.235248 0.737414 2 0 0.553994 1 0.446006
Charple2_sheet
  0 -5.315590 0.496817 43.427753 -0.992488 -0.119677 -0.025393 0.305158 0.703947 1 0 1.000000
  0 -5.257699 2.886281 45.984043 -0.905837 0.415835 -0.080871 0.263481 0.741768 2 0 0.561467 1 0.438533
  0 -4.866762 2.777796 43.056839 -0.920338 0.389766 0.032552 0.265632 0.701498 2 0 0.943544 1 0.056456
Charple2_sheet
  0 -5.204826 2.747417 40.621197 -0.929555 0.354588 0.100971 0.267514 0.659867 2 0 0.900000 9 0.100000
  0 -5.315590 0.496817 43.427753 -0.992488 -0.119677 -0.025393 0.305158 0.703947 1 0 1.000000
  0 -4.866762 2.777796 43.056839 -0.920338 0.389766 0.032552 0.265632 0.701498 2 0 0.943544 1 0.056456
Charple2_sheet
  0 -5.204826 2.747417 40.621197 -0.929555 0.354588 0.100971 0.267514 0.659867 2 0 0.900000 9 0.100000
  0 -5.315079 0.915605 41.021069 -0.988995 -0.114197 0.094066 0.305427 0.663405 2 0 0.900000 9 0.100000
  0 -5.315590 0.496817 43.427753 -0.992488 -0.119677 -0.025393 0.305158 0.703947 1 0 1.000000
Charple2_sheet
  9 -5.017920 3.176904 38.359428 -0.916642 0.381038 0.120734 0.270153 0.619989 2 9 0.684785 0 0.315215
  0 -5.315079 0.915605 41.021069 -0.988995 -0.114197 0.094066 0.305427 0.663405 2 0 0.900000 9 0.100000
  0 -5.204826 2.747417 40.621197 -0.929555 0.354588 0.100971 0.267514 0.659867 2 0 0.900000 9 0.100000
Charple2_sheet
  9 -5.017920 3.176904 38.359428 -0.916642 0.381038 0.120734 0.270153 0.619989 2 9 0.684785 0 0.315215
  9 -6.066163 0.786120 38.274391 -0.976766 -0.128801 0.171287 0.305576 0.620324 2 9 0.592032 0 0.407968
  0 -5.315079 0.915605 41.021069 -0.988995 -0.114197 0.094066 0.305427 0.663405 2 0 0.900000 9 0.100000
Charple2_sheet
  0 -4.866762 2.777796 43.056839 -0.920338 0.389766 0.032552 0.265632 0.701498 2 0 0.943544 1 0.056456
  0 -3.770924 4.425610 45.792652 -0.552646 0.830899 -0.064716 0.235248 0.737414 2 0 0.553994 1 0.446006
  0 -3.762543 3.839134 42.977211 -0.607545 0.790815 0.074165 0.235785 0.699049 1 0 1.000000
Charple2_sheet
  0 -4.360662 4.776491 40.190647 -0.653334 0.744417 0.137832 0.236054 0.657146 2 0 0.700000 9 0.300000
  0 -4.866762 2.777796 43.056839 -0.920338 0.389766 0.032552 0.265632 0.701498 2 0 0.943544 1 0.056456
  0 -3.762543 3.839134 42.977211 -0.607545 0.790815 0.074165 0.235785 0.699049 1 0 1.000000
Charple2_sheet
  0 -4.360662 4.776491 40.190647 -0.653334 0.744417 0.137832 0.236054 0.657146 2 0 0.700000 9 0.300000
  0 -5.204826 2.747417 40.621197 -0.929555 0.354588 0.100971 0.267514 0.659867 2 0 0.900000 9 0.100000
  0 -4.866762 2.777796 43.056839 -0.920338 0.389766 0.032552 0.265632 0.701498 2 0 0.943544 1 0.056456
Charple2_sheet
  9 -4.020007 4.934559 37.626804 -0.568931 0.819160 -0.072765 0.236493 0.620030 2 9 0.718194 0 0.281806
  0 -5.204826 2.747417 40.621197 -0.929555 0.354588 0.100971 0.267514 0.659867 2 0 0.900000 9 0.100000
  0 -4.360662 4.776491 40.190647 -0.653334 0.744417 0.137832 0.236054 0.657146 2 0 0.700000 9 0.300000
Charple2_sheet
  9 -4.020007 4.934559 37.626804 -0.568931 0.819160 -0.072765 0.236493 0.620030 2 9 0.718194 0 0.281806
  9 -5.017920 3.176904 38.359428 -0.916642 0.381038 0.120734 0.270153 0.619989 2 9 0.684785 0 0.315215
  0 -5.204826 2.747417 40.621197 -0.929555 0.354588 0.100971 0.267514 0.659867 2 0 0.900000 9 0.100000
Charple2_sheet
  9 -6.066163 0.786120 38.274391 -0.976766 -0.128801 0.171287 0.305576 0.620324 2 9 0.592032 0 0.407968
  9 -4.554871 -1.533192 38.057907 -0.755527 -0.640464 0.137784 0.348230 0.620276 2 9 0.523682 0 0.476318
  0 -4.622183 -1.111027 41.025806 -0.808292 -0.586315 0.053846 0.348180 0.665309 2 0 0.900000 9 0.100000
Charple2_sheet
  9 -6.066163 0.786120 38.274391 -0.976766 -0.128801 0.171287 0.305576 0.620324 2 9 0.592032 0 0.407968
  0 -4.622183 -1.111027 41.025806 -0.808292 -0.586315 0.053846 0.348180 0.665309 2 0 0.900000 9 0.100000
  0 -5.315079 0.915605 41.021069 -0.988995 -0.114197 0.094066 0.305427 0.663405 2 0 0.900000 9 0.100000
Charple2_sheet
  0 -5.315079 0.915605 41.021069 -0.988995 -0.114197 0.094066 0.305427 0.663405 2 0 0.900000 9 0.100000
  0 -4.622183 -1.111027 41.025806 -0.808292 -0.586315 0.053846 0.348180 0.665309 2 0 0.900000 9 0.100000
  0 -4.214454 -1.602931 43.800190 -0.784995 -0.618057 -0.042280 0.344954 0.706123 1 0 1.000000
Charple2_sheet
  0 -5.315079 0.915605 41.021069 -0.988995 -0.114197 0.094066 0.305427 0.663405 2 0 0.900000 9 0.100000
  0 -4.214454 -1.602931 43.800190 -0.784995 -0.618057 -0.042280 0.344954 0.706123 1 0 1.000000
  0 -5.315590 0.496817 43.427753 -0.992488 -0.119677 -0.025393 0.305158 0.703947 1 0 1.000000
Charple2_sheet
  0 -4.214454 -1.602931 43.800190 -0.784995 -0.618057 -0.042280 0.344954 0.706123 1 0 1.000000
  0 -5.249223 0.710826 46.102951 -0.993136 -0.066904 -0.095939 0.305965 0.745577 2 0 0.588198 1 0.411803
  0 -5.315590 0.496817 43.427753 -0.992488 -0.119677 -0.025393 0.305158 0.703947 1 0 1.000000
Charple2_sheet
  0 -5.315590 0.496817 43.427753 -0.992488 -0.119677 -0.025393 0.305158 0.703947 1 0 1.000000
  0 -5.249223 0.710826 46.102951 -0.993136 -0.066904 -0.095939 0.305965 0.745577 2 0 0.588198 1 0.411803
  0 -5.257699 2.886281 45.984043 -0.905837 0.415835 -0.080871 0.263481 0.741768 2 0 0.561467 1 0.438533
Charple2_sheet
  1 -4.993287 3.207735 48.557323 -0.903628 0.422709 -0.069094 0.264019 0.781221 2 1 0.808620 2 0.191380
  0 -5.257699 2.886281 45.984043 -0.905837 0.415835 -0.080871 0.263481 0.741768 2 0 0.561467 1 0.438533
  0 -5.249223 0.710826 46.102951 -0.993136 -0.066904 -0.095939 0.305965 0.745577 2 0 0.588198 1 0.411803
Charple2_sheet
  1 -4.299260 4.236186 48.485596 -0.548423 0.834777 -0.048782 0.233634 0.775779 2 1 0.808620 2 0.191380
  0 -5.257699 2.886281 45.984043 -0.905837 0.415835 -0.080871 0.263481 0.741768 2 0 0.561467 1 0.438533
  1 -4.993287 3.207735 48.557323 -0.903628 0.422709 -0.069094 0.264019 0.781221 2 1 0.808620 2 0.191380
Charple2_sheet
  1 -4.993287 3.207735 48.557323 -0.903628 0.422709 -0.069094 0.264019 0.781221 2 1 0.808620 2 0.191380
  2 -4.155074 4.373549 51.195496 -0.558136 0.802606 -0.210494 0.230139 0.817682 1 2 1.000000
  1 -4.299260 4.236186 48.485596 -0.548423 0.834777 -0.048782 0.233634 0.775779 2 1 0.808620 2 0.191380
Charple2_sheet
  1 -4.299260 4.236186 48.485596 -0.548423 0.834777 -0.048782 0.233634 0.775779 2 1 0.808620 2 0.191380
  2 -4.155074 4.373549 51.195496 -0.558136 0.802606 -0.210494 0.230139 0.817682 1 2 1.000000
  2 -2.370699 5.406003 51.447872 -0.115205 0.977349 -0.177531 0.187386 0.814961 1 2 1.000000
Charple2_sheet
  2 -4.155074 4.373549 51.195496 -0.558136 0.802606 -0.210494 0.230139 0.817682 1 2 1.000000
  2 -2.077969 5.848071 53.983727 -0.050821 0.998237 -0.030645 0.185235 0.856047 1 2 1.000000
  2 -2.370699 5.406003 51.447872 -0.115205 0.977349 -0.177531 0.187386 0.814961 1 2 1.000000
Charple2_sheet
  2 -0.482466 4.952862 51.278378 0.050585 0.992487 -0.111399 0.157384 0.814961 1 2 1.000000
  2 -2.370699 5.406003 51.447872 -0.115205 0.977349 -0.177531 0.187386 0.814961 1 2 1.000000
  2 -2.077969 5.848071 53.983727 -0.050821 0.998237 -0.030645 0.185235 0.856047 1 2 1.000000
Charple2_sheet
  2 -0.482466 4.952862 51.278378 0.050585 0.992487 -0.111399 0.157384 0.814961 1 2 1.000000
  2 -2.077969 5.848071 53.983727 -0.050821 0.998237 -0.030645 0.185235 0.856047 1 2 1.000000
  2 -0.178618 5.542461 53.862354 0.066180 0.997641 -0.018226 0.157115 0.854687 1 2 1.000000
Charple2_sheet
  2 -0.178618 5.542461 53.862354 0.066180 0.997641 -0.018226 0.157115 0.854687 1 2 1.000000
  2 1.726620 4.907929 51.077522 0.101985 0.988640 -0.110403 0.127815 0.814961 1 2 1.000000
  2 -0.482466 4.952862 51.278378 0.050585 0.992487 -0.111399 0.157384 0.814961 1 2 1.000000
Charple2_sheet
  2 -0.178618 5.542461 53.862354 0.066180 0.997641 -0.018226 0.157115 0.854687 1 2 1.000000
  2 1.706404 5.538640 53.925488 0.018875 0.997256 -0.071587 0.129570 0.856536 1 2 1.000000
  2 1.726620 4.907929 51.077522 0.101985 0.988640 -0.110403 0.127815 0.814961 1 2 1.000000
Charple2_sheet
  2 1.726620 4.907929 51.077522 0.101985 0.988640 -0.110403 0.127815 0.814961 1 2 1.000000
  2 1.706404 5.538640 53.925488 0.018875 0.997256 -0.071587 0.129570 0.856536 1 2 1.000000
  2 4.609588 5.449051 53.800625 0.352225 0.922145 -0.159956 0.087023 0.856375 2 2 0.900000 6 0.100000
Charple2_sheet
  2 2.079101 5.185152 57.073009 -0.019745 0.945019 0.326420 0.130887 0.890875 1 2 1.000000
  2 4.609588 5.449051 53.800625 0.352225 0.922145 -0.159956 0.087023 0.856375 2 2 0.900000 6 0.100000
  2 1.706404 5.538640 53.925488 0.018875 0.997256 -0.071587 0.129570 0.856536 1 2 1.000000
Charple2_sheet
  2 -0.099236 4.932781 56.898312 0.019698 0.947985 0.317706 0.157285 0.888971 1 2 1.000000
  2 2.079101 5.185152 57.073009 -0.019745 0.945019 0.326420 0.130887 0.890875 1 2 1.000000
  2 1.706404 5.538640 53.925488 0.018875 0.997256 -0.071587 0.129570 0.856536 1 2 1.000000
Charple2_sheet
  2 -0.099236 4.932781 56.898312 0.019698 0.947985 0.317706 0.157285 0.888971 1 2 1.000000
  2 1.706404 5.538640 53.925488 0.018875 0.997256 -0.071587 0.129570 0.856536 1 2 1.000000
  2 -0.178618 5.542461 53.862354 0.066180 0.997641 -0.018226 0.157115 0.854687 1 2 1.000000
Charple2_sheet
  2 -0.178618 5.542461 53.862354 0.066180 0.997641 -0.018226 0.157115 0.854687 1 2 1.000000
  2 -2.277572 5.185152 57.073009 -0.010996 0.946536 0.322411 0.183621 0.890875 1 2 1.000000
  2 -0.099236 4.932781 56.898312 0.019698 0.947985 0.317706 0.157285 0.888971 1 2 1.000000
Charple2_sheet
  2 -0.178618 5.542461 53.862354 0.066180 0.997641 -0.018226 0.157115 0.854687 1 2 1.000000
  2 -2.077969 5.848071 53.983727 -0.050821 0.998237 -0.030645 0.185235 0.856047 1 2 1.000000
  2 -2.277572 5.185152 57.073009 -0.010996 0.946536 0.322411 0.183621 0.890875 1 2 1.000000
Charple2_sheet
  2 -2.077969 5.848071 53.983727 -0.050821 0.998237 -0.030645 0.185235 0.856047 1 2 1.000000
  2 -4.511760 4.936983 57.097359 -0.224895 0.941797 0.249881 0.228257 0.892236 2 2 0.800000 3 0.200000
  2 -2.277572 5.185152 57.073009 -0.010996 0.946536 0.322411 0.183621 0.890875 1 2 1.000000
Charple2_sheet
  2 -2.077969 5.848071 53.983727 -0.050821 0.998237 -0.030645 0.185235 0.856047 1 2 1.000000
  2 -4.709096 5.169435 53.704952 -0.453328 0.881296 -0.133456 0.229601 0.856864 1 2 1.000000
  2 -4.511760 4.936983 57.097359 -0.224895 0.941797 0.249881 0.228257 0.892236 2 2 0.800000 3 0.200000
Charple2_sheet
  2 -4.155074 4.373549 51.195496 -0.558136 0.802606 -0.210494 0.230139 0.817682 1 2 1.000000
  2 -4.709096 5.169435 53.704952 -0.453328 0.881296 -0.133456 0.229601 0.856864 1 2 1.000000
  2 -2.077969 5.848071 53.983727 -0.050821 0.998237 -0.030645 0.185235 0.856047 1 2 1.000000
Charple2_sheet
  2 2.079101 5.185152 57.073009 -0.019745 0.945019 0.326420 0.130887 0.890875 1 2 1.000000
  2 4.131999 5.161623 57.379700 0.160497 0.940122 0.300686 0.088120 0.892236 2 2 0.700000 6 0.300000
  2 4.609588 5.449051 53.800625 0.352225 0.922145 -0.159956 0.087023 0.856375 2 2 0.900000 6 0.100000
Charple2_sheet
  2 2.001803 3.812098 59.374638 0.112205 0.757246 0.643419 0.129684 0.956282 1 2 1.000000
  2 4.131999 5.161623 57.379700 0.160497 0.940122 0.300686 0.088120 0.892236 2 2 0.700000 6 0.300000
  2 2.079101 5.185152 57.073009 -0.019745 0.945019 0.326420 0.130887 0.890875 1 2 1.000000
Charple2_sheet
  2 -0.099236 4.049798 59.114441 0.000000 0.864493 0.502645 0.157044 0.955794 1 2 1.000000
  2 2.001803 3.812098 59.374638 0.112205 0.757246 0.643419 0.129684 0.956282 1 2 1.000000
  2 2.079101 5.185152 57.073009 -0.019745 0.945019 0.326420 0.130887 0.890875 1 2 1.000000
Charple2_sheet
  2 -0.099236 4.049798 59.114441 0.000000 0.864493 0.502645 0.157044 0.955794 1 2 1.000000
  2 2.079101 5.185152 57.073009 -0.019745 0.945019 0.326420 0.130887 0.890875 1 2 1.000000
  2 -0.099236 4.932781 56.898312 0.019698 0.947985 0.317706 0.157285 0.888971 1 2 1.000000
Charple2_sheet
  2 -0.099236 4.932781 56.898312 0.019698 0.947985 0.317706 0.157285 0.888971 1 2 1.000000
  2 -2.200274 3.812098 59.374638 -0.105365 0.765032 0.635314 0.184860 0.955794 1 2 1.000000
  2 -0.099236 4.049798 59.114441 0.000000 0.864493 0.502645 0.157044 0.955794 1 2 1.000000
Charple2_sheet
  2 -0.099236 4.932781 56.898312 0.019698 0.947985 0.317706 0.157285 0.888971 1 2 1.000000
  2 -2.277572 5.185152 57.073009 -0.010996 0.946536 0.322411 0.183621 0.890875 1 2 1.000000
  2 -2.200274 3.812098 59.374638 -0.105365 0.765032 0.635314 0.184860 0.955794 1 2 1.000000
Charple2_sheet
  2 -2.277572 5.185152 57.073009 -0.010996 0.946536 0.322411 0.183621 0.890875 1 2 1.000000
  2 -4.398154 3.668871 59.635448 -0.001776 0.713892 0.700253 0.229212 0.943322 2 2 0.655502 3 0.344498
  2 -2.200274 3.812098 59.374638 -0.105365 0.765032 0.635314 0.184860 0.955794 1 2 1.000000
Charple2_sheet
  2 -2.277572 5.185152 57.073009 -0.010996 0.946536 0.322411 0.183621 0.890875 1 2 1.000000
  2 -4.511760 4.936983 57.097359 -0.224895 0.941797 0.249881 0.228257 0.892236 2 2 0.800000 3 0.200000
  2 -4.398154 3.668871 59.635448 -0.001776 0.713892 0.700253 0.229212 0.943322 2 2 0.655502 3 0.344498
Charple2_sheet
  2 -4.398154 3.668871 59.635448 -0.001776 0.713892 0.700253 0.229212 0.943322 2 2 0.655502 3 0.344498
  2 -4.511760 4.936983 57.097359 -0.224895 0.941797 0.249881 0.228257 0.892236 2 2 0.800000 3 0.200000
  3 -6.743299 4.256424 57.262417 -0.326794 0.940051 0.097519 0.262362 0.898344 2 3 0.700000 2 0.300000
Charple2_sheet
  2 -4.709096 5.169435 53.704952 -0.453328 0.881296 -0.133456 0.229601 0.856864 1 2 1.000000
  3 -6.743299 4.256424 57.262417 -0.326794 0.940051 0.097519 0.262362 0.898344 2 3 0.700000 2 0.300000
  2 -4.511760 4.936983 57.097359 -0.224895 0.941797 0.249881 0.228257 0.892236 2 2 0.800000 3 0.200000
Charple2_sheet
  2 -4.709096 5.169435 53.704952 -0.453328 0.881296 -0.133456 0.229601 0.856864 1 2 1.000000
  2 -6.615863 3.756612 55.248886 -0.674263 0.568176 -0.471747 0.261867 0.863394 2 2 0.552451 3 0.447549
  3 -6.743299 4.256424 57.262417 -0.326794 0.940051 0.097519 0.262362 0.898344 2 3 0.700000 2 0.300000
Charple2_sheet
  2 -4.155074 4.373549 51.195496 -0.558136 0.802606 -0.210494 0.230139 0.817682 1 2 1.000000
  2 -6.615863 3.756612 55.248886 -0.674263 0.568176 -0.471747 0.261867 0.863394 2 2 0.552451 3 0.447549
  2 -4.709096 5.169435 53.704952 -0.453328 0.881296 -0.133456 0.229601 0.856864 1 2 1.000000
Charple2_sheet
  2 -4.155074 4.373549 51.195496 -0.558136 0.802606 -0.210494 0.230139 0.817682 1 2 1.000000
  2 -5.716500 3.021240 52.373806 -0.894110 0.382540 -0.232875 0.264019 0.823124 1 2 1.000000
  2 -6.615863 3.756612 55.248886 -0.674263 0.568176 -0.471747 0.261867 0.863394 2 2 0.552451 3 0.447549
Charple2_sheet
  1 -4.993287 3.207735 48.557323 -0.903628 0.422709 -0.069094 0.264019 0.781221 2 1 0.808620 2 0.191380
  2 -5.716500 3.021240 52.373806 -0.894110 0.382540 -0.232875 0.264019 0.823124 1 2 1.000000
  2 -4.155074 4.373549 51.195496 -0.558136 0.802606 -0.210494 0.230139 0.817682 1 2 1.000000
Charple2_sheet
  1 -5.868706 0.417721 49.654068 -0.995255 -0.026889 -0.093507 0.304890 0.786119 2 1 0.808620 2 0.191380
  2 -5.716500 3.021240 52.373806 -0.894110 0.382540 -0.232875 0.264019 0.823124 1 2 1.000000
  1 -4.993287 3.207735 48.557323 -0.903628 0.422709 -0.069094 0.264019 0.781221 2 1 0.808620 2 0.191380
Charple2_sheet
  1 -4.993287 3.207735 48.557323 -0.903628 0.422709 -0.069094 0.264019 0.781221 2 1 0.808620 2 0.191380
  0 -5.249223 0.710826 46.102951 -0.993136 -0.066904 -0.095939 0.305965 0.745577 2 0 0.588198 1 0.411803
  1 -5.868706 0.417721 49.654068 -0.995255 -0.026889 -0.093507 0.304890 0.786119 2 1 0.808620 2 0.191380
Charple2_sheet
  1 -5.868706 0.417721 49.654068 -0.995255 -0.026889 -0.093507 0.304890 0.786119 2 1 0.808620 2 0.191380
  0 -5.249223 0.710826 46.102951 -0.993136 -0.066904 -0.095939 0.305965 0.745577 2 0 0.588198 1 0.411803
  0 -5.018676 -1.806663 47.000458 -0.769198 -0.627240 -0.122079 0.341189 0.749930 3 0 0.513190 1 0.363526 2 0.123284
Charple2_sheet
  0 -4.214454 -1.602931 43.800190 -0.784995 -0.618057 -0.042280 0.344954 0.706123 1 0 1.000000
  0 -5.018676 -1.806663 47.000458 -0.769198 -0.627240 -0.122079 0.341189 0.749930 3 0 0.513190 1 0.363526 2 0.123284
  0 -5.249223 0.710826 46.102951 -0.993136 -0.066904 -0.095939 0.305965 0.745577 2 0 0.588198 1 0.411803
Charple2_sheet
  2 -5.716500 3.021240 52.373806 -0.894110 0.382540 -0.232875 0.264019 0.823124 1 2 1.000000
  2 -7.031148 0.676659 55.325737 -0.751288 -0.080865 -0.655002 0.304890 0.862850 2 2 0.500000 3 0.500000
  2 -6.615863 3.756612 55.248886 -0.674263 0.568176 -0.471747 0.261867 0.863394 2 2 0.552451 3 0.447549
Charple2_sheet
  2 -4.398154 3.668871 59.635448 -0.001776 0.713892 0.700253 0.229212 0.943322 2 2 0.655502 3 0.344498
  3 -6.743299 4.256424 57.262417 -0.326794 0.940051 0.097519 0.262362 0.898344 2 3 0.700000 2 0.300000
  3 -6.525713 3.233415 60.198215 -0.169968 0.716530 0.676532 0.275134 0.930210 2 3 0.695833 2 0.304167
Charple2_sheet
  1 -5.868706 0.417721 49.654068 -0.995255 -0.026889 -0.093507 0.304890 0.786119 2 1 0.808620 2 0.191380
  2 -5.905605 -0.011357 52.880619 -0.975924 -0.051210 -0.212015 0.305109 0.818960 1 2 1.000000
  2 -5.716500 3.021240 52.373806 -0.894110 0.382540 -0.232875 0.264019 0.823124 1 2 1.000000
Charple2_sheet
  2 -5.716500 3.021240 52.373806 -0.894110 0.382540 -0.232875 0.264019 0.823124 1 2 1.000000
  2 -5.905605 -0.011357 52.880619 -0.975924 -0.051210 -0.212015 0.305109 0.818960 1 2 1.000000
  2 -7.031148 0.676659 55.325737 -0.751288 -0.080865 -0.655002 0.304890 0.862850 2 2 0.500000 3 0.500000
Charple2_sheet
  2 -6.320178 -1.565735 55.294712 -0.642588 -0.696760 -0.318758 0.326336 0.868116 2 2 0.710901 3 0.289099
  2 -7.031148 0.676659 55.325737 -0.751288 -0.080865 -0.655002 0.304890 0.862850 2 2 0.500000 3 0.500000
  2 -5.905605 -0.011357 52.880619 -0.975924 -0.051210 -0.212015 0.305109 0.818960 1 2 1.000000
Charple2_sheet
  2 -6.320178 -1.565735 55.294712 -0.642588 -0.696760 -0.318758 0.326336 0.868116 2 2 0.710901 3 0.289099
  2 -4.015167 -2.748775 57.171314 -0.180687 -0.870154 0.458459 0.369843 0.889696 2 2 0.800000 3 0.200000
  3 -6.603808 -1.707977 57.028961 -0.391596 -0.905910 0.161182 0.324853 0.896678 2 3 0.600000 2 0.400000
Charple2_sheet
  2 -0.640871 -1.236865 59.165722 -0.232529 -0.889488 0.393371 0.422528 0.934496 1 2 1.000000
  2 -1.274340 -0.703995 59.372223 -0.443281 -0.792160 0.419505 0.401034 0.943946 1 2 1.000000
  2 -4.015167 -2.748775 57.171314 -0.180687 -0.870154 0.458459 0.369843 0.889696 2 2 0.800000 3 0.200000
Charple2_sheet
  2 -1.882086 0.081039 59.722824 -0.475988 -0.690285 0.544924 0.388020 0.954552 1 2 1.000000
  2 -4.015167 -2.748775 57.171314 -0.180687 -0.870154 0.458459 0.369843 0.889696 2 2 0.800000 3 0.200000
  2 -1.274340 -0.703995 59.372223 -0.443281 -0.792160 0.419505 0.401034 0.943946 1 2 1.000000
Charple2_sheet
  2 -1.882086 0.081039 59.722824 -0.475988 -0.690285 0.544924 0.388020 0.954552 1 2 1.000000
  2 -4.343888 -0.459717 59.629589 -0.014258 -0.634411 0.772864 0.373174 0.930384 2 2 0.800000 3 0.200000
  2 -4.015167 -2.748775 57.171314 -0.180687 -0.870154 0.458459 0.369843 0.889696 2 2 0.800000 3 0.200000
Charple2_sheet
  2 -4.343888 -0.459717 59.629589 -0.014258 -0.634411 0.772864 0.373174 0.930384 2 2 0.800000 3 0.200000
  3 -6.603808 -1.707977 57.028961 -0.391596 -0.905910 0.161182 0.325342 0.896678 2 3 0.600000 2 0.400000
  2 -4.015167 -2.748775 57.171314 -0.180687 -0.870154 0.458459 0.369843 0.889696 2 2 0.800000 3 0.200000
Charple2_sheet
  2 -4.343888 -0.459717 59.629589 -0.014258 -0.634411 0.772864 0.373174 0.930384 2 2 0.800000 3 0.200000
  2 -6.786910 -1.033485 59.162395 -0.219241 -0.701339 0.678275 0.319911 0.928335 2 2 0.527395 3 0.472606
  3 -6.603808 -1.707977 57.028961 -0.391596 -0.905910 0.161182 0.325342 0.896678 2 3 0.600000 2 0.400000
Charple2_sheet
  2 3.632121 -2.386416 50.693684 0.361196 -0.922164 -0.138385 0.506849 0.792705 2 2 0.531030 1 0.468970
  2 4.819577 -1.787528 49.964558 0.764104 -0.618132 -0.184546 0.538866 0.790256 2 2 0.531030 1 0.468970
  2 5.326370 -2.344492 52.171608 0.786074 -0.590011 -0.184321 0.542744 0.815222 2 2 0.531030 1 0.468970
Charple2_sheet
  2 3.632121 -2.386416 50.693684 0.361196 -0.922164 -0.138385 0.506849 0.792705 2 2 0.531030 1 0.468970
  2 5.326370 -2.344492 52.171608 0.786074 -0.590011 -0.184321 0.542744 0.815222 2 2 0.531030 1 0.468970
  2 3.867647 -2.700933 51.855133 0.332813 -0.936296 -0.112183 0.508305 0.811950 2 2 0.531030 1 0.468970
Charple2_sheet
  2 3.829386 -3.166354 54.835232 0.350681 -0.936433 0.010729 0.510331 0.862850 2 2 0.911140 6 0.088860
  2 3.867647 -2.700933 51.855133 0.332813 -0.936296 -0.112183 0.508305 0.811950 2 2 0.531030 1 0.468970
  2 5.326370 -2.344492 52.171608 0.786074 -0.590011 -0.184321 0.542744 0.815222 2 2 0.531030 1 0.468970
Charple2_sheet
  2 1.785245 -3.272839 54.885723 0.063908 -0.997206 0.038684 0.474573 0.863952 1 2 1.000000
  2 3.867647 -2.700933 51.855133 0.332813 -0.936296 -0.112183 0.508305 0.811950 2 2 0.531030 1 0.468970
  2 3.829386 -3.166354 54.835232 0.350681 -0.936433 0.010729 0.510331 0.862850 2 2 0.911140 6 0.088860
Charple2_sheet
  2 1.785245 -3.272839 54.885723 0.063908 -0.997206 0.038684 0.474573 0.863952 1 2 1.000000
  2 3.829386 -3.166354 54.835232 0.350681 -0.936433 0.010729 0.510331 0.862850 2 2 0.911140 6 0.088860
  2 3.816695 -2.748775 57.171314 0.202431 -0.870565 0.448484 0.503632 0.888231 2 2 0.800000 6 0.200000
Charple2_sheet
  2 1.785245 -3.272839 54.885723 0.063908 -0.997206 0.038684 0.474573 0.863952 1 2 1.000000
  2 3.816695 -2.748775 57.171314 0.202431 -0.870565 0.448484 0.503632 0.888231 2 2 0.800000 6 0.200000
  2 1.651642 -3.098626 57.002037 0.009892 -0.911543 0.411086 0.470178 0.885524 1 2 1.000000
Charple2_sheet
  2 1.651642 -3.098626 57.002037 0.009892 -0.911543 0.411086 0.470178 0.885524 1 2 1.000000
  2 3.816695 -2.748775 57.171314 0.202431 -0.870565 0.448484 0.503632 0.888231 2 2 0.800000 6 0.200000
  2 1.075869 -0.703995 59.372223 0.443281 -0.792160 0.419505 0.472499 0.944435 1 2 1.000000
Charple2_sheet
  2 1.651642 -3.098626 57.002037 0.009892 -0.911543 0.411086 0.470178 0.885524 1 2 1.000000
  2 1.075869 -0.703995 59.372223 0.443281 -0.792160 0.419505 0.472499 0.944435 1 2 1.000000
  2 0.442400 -1.236865 59.165722 0.232529 -0.889488 0.393371 0.454102 0.935547 1 2 1.000000
Charple2_sheet
  2 0.442400 -1.236865 59.165722 0.232529 -0.889488 0.393371 0.454102 0.935547 1 2 1.000000
  2 -0.099236 -3.047119 56.709747 0.034760 -0.923432 0.382184 0.438709 0.886431 1 2 1.000000
  2 1.651642 -3.098626 57.002037 0.009892 -0.911543 0.411086 0.470178 0.885524 1 2 1.000000
Charple2_sheet
  2 0.442400 -1.236865 59.165722 0.232529 -0.889488 0.393371 0.454102 0.935547 1 2 1.000000
  2 -0.099236 -1.166031 59.036205 0.000000 -0.936797 0.349874 0.438952 0.936818 1 2 1.000000
  2 -0.099236 -3.047119 56.709747 0.034760 -0.923432 0.382184 0.438709 0.886431 1 2 1.000000
Charple2_sheet
  2 -0.099236 -3.047119 56.709747 0.034760 -0.923432 0.382184 0.438709 0.886431 1 2 1.000000
  2 -0.099236 -1.166031 59.036205 0.000000 -0.936797 0.349874 0.438952 0.936818 1 2 1.000000
  2 -0.640871 -1.236865 59.165722 -0.232529 -0.889488 0.393371 0.422528 0.934496 1 2 1.000000
Charple2_sheet
  2 -0.099236 -3.047119 56.709747 0.034760 -0.923432 0.382184 0.438709 0.886431 1 2 1.000000
  2 -0.640871 -1.236865 59.165722 -0.232529 -0.889488 0.393371 0.422528 0.934496 1 2 1.000000
  2 -1.850113 -3.098626 57.002037 0.012668 -0.898921 0.437927 0.404260 0.885524 1 2 1.000000
Charple2_sheet
  2 -0.640871 -1.236865 59.165722 -0.232529 -0.889488 0.393371 0.422528 0.934496 1 2 1.000000
  2 -4.015167 -2.748775 57.171314 -0.180687 -0.870154 0.458459 0.369843 0.889696 2 2 0.800000 3 0.200000
  2 -1.850113 -3.098626 57.002037 0.012668 -0.898921 0.437927 0.404260 0.885524 1 2 1.000000
Charple2_sheet
  2 -1.850113 -3.098626 57.002037 0.012668 -0.898921 0.437927 0.404260 0.885524 1 2 1.000000
  2 -4.015167 -2.748775 57.171314 -0.180687 -0.870154 0.458459 0.369843 0.889696 2 2 0.800000 3 0.200000
  2 -3.741534 -3.078098 55.531490 -0.338244 -0.940913 0.016533 0.363847 0.863338 2 2 0.906427 3 0.093573
Charple2_sheet
  2 -6.320178 -1.565735 55.294712 -0.642588 -0.696760 -0.318758 0.326336 0.868116 2 2 0.710901 3 0.289099
  2 -3.741534 -3.078098 55.531490 -0.338244 -0.940913 0.016533 0.363847 0.863338 2 2 0.906427 3 0.093573
  2 -4.015167 -2.748775 57.171314 -0.180687 -0.870154 0.458459 0.369843 0.889696 2 2 0.800000 3 0.200000
Charple2_sheet
  2 -5.564997 -2.040220 52.461784 -0.801448 -0.580857 -0.142431 0.332295 0.816198 2 2 0.531030 1 0.468970
  2 -3.741534 -3.078098 55.531490 -0.338244 -0.940913 0.016533 0.363847 0.863338 2 2 0.906427 3 0.093573
  2 -6.320178 -1.565735 55.294712 -0.642588 -0.696760 -0.318758 0.326336 0.868116 2 2 0.710901 3 0.289099
Charple2_sheet
  2 -6.320178 -1.565735 55.294712 -0.642588 -0.696760 -0.318758 0.326336 0.868116 2 2 0.710901 3 0.289099
  2 -5.905605 -0.011357 52.880619 -0.975924 -0.051210 -0.212015 0.305109 0.818960 1 2 1.000000
  2 -5.564997 -2.040220 52.461784 -0.801448 -0.580857 -0.142431 0.332295 0.816198 2 2 0.531030 1 0.468970
Charple2_sheet
  2 -5.364402 -1.520649 50.272800 -0.810066 -0.573075 -0.124007 0.337694 0.790745 2 2 0.531030 1 0.468970
  2 -5.564997 -2.040220 52.461784 -0.801448 -0.580857 -0.142431 0.332295 0.816198 2 2 0.531030 1 0.468970
  2 -5.905605 -0.011357 52.880619 -0.975924 -0.051210 -0.212015 0.305109 0.818960 1 2 1.000000
Charple2_sheet
  2 -0.099236 -3.047119 56.709747 0.034760 -0.923432 0.382184 0.438709 0.886431 1 2 1.000000
  2 1.785245 -3.272839 54.885723 0.063908 -0.997206 0.038684 0.474573 0.863952 1 2 1.000000
  2 1.651642 -3.098626 57.002037 0.009892 -0.911543 0.411086 0.470178 0.885524 1 2 1.000000
Charple2_sheet
  2 -0.099236 -3.047119 56.709747 0.034760 -0.923432 0.382184 0.438709 0.886431 1 2 1.000000
  2 -0.378188 -3.289448 54.211838 0.066852 -0.996121 0.057223 0.439015 0.864210 1 2 1.000000
  2 1.785245 -3.272839 54.885723 0.063908 -0.997206 0.038684 0.474573 0.863952 1 2 1.000000
Charple2_sheet
  2 -1.850113 -3.098626 57.002037 0.012668 -0.898921 0.437927 0.404260 0.885524 1 2 1.000000
  2 -0.378188 -3.289448 54.211838 0.066852 -0.996121 0.057223 0.439015 0.864210 1 2 1.000000
  2 -0.099236 -3.047119 56.709747 0.034760 -0.923432 0.382184 0.438709 0.886431 1 2 1.000000
Charple2_sheet
  2 -1.850113 -3.098626 57.002037 0.012668 -0.898921 0.437927 0.404260 0.885524 1 2 1.000000
  2 -1.480505 -3.580381 54.797352 -0.043263 -0.997141 0.061952 0.401330 0.862487 1 2 1.000000
  2 -0.378188 -3.289448 54.211838 0.066852 -0.996121 0.057223 0.439015 0.864210 1 2 1.000000
Charple2_sheet
  2 -1.850113 -3.098626 57.002037 0.012668 -0.898921 0.437927 0.404260 0.885524 1 2 1.000000
  2 -3.741534 -3.078098 55.531490 -0.338244 -0.940913 0.016533 0.363847 0.863338 2 2 0.906427 3 0.093573
  2 -1.480505 -3.580381 54.797352 -0.043263 -0.997141 0.061952 0.401330 0.862487 1 2 1.000000
Charple2_sheet
  6 6.483589 -1.523094 57.254002 0.423644 -0.896969 0.126380 0.550439 0.892283 2 6 0.699431 2 0.300569
  2 3.816695 -2.748775 57.171314 0.202431 -0.870565 0.448484 0.503632 0.888231 2 2 0.800000 6 0.200000
  2 3.829386 -3.166354 54.835232 0.350681 -0.936433 0.010729 0.510331 0.862850 2 2 0.911140 6 0.088860
Charple2_sheet
  2 1.075869 -0.703995 59.372223 0.443281 -0.792160 0.419505 0.472499 0.944435 1 2 1.000000
  2 4.145417 -0.459717 59.629589 -0.008840 -0.635283 0.772229 0.498662 0.929896 2 2 0.700000 6 0.300000
  2 1.683615 0.081039 59.722824 0.475988 -0.690285 0.544924 0.485677 0.950646 1 2 1.000000
Charple2_sheet
  2 1.075869 -0.703995 59.372223 0.443281 -0.792160 0.419505 0.472499 0.944435 1 2 1.000000
  2 3.816695 -2.748775 57.171314 0.202431 -0.870565 0.448484 0.503632 0.888231 2 2 0.800000 6 0.200000
  2 4.145417 -0.459717 59.629589 -0.008840 -0.635283 0.772229 0.498662 0.929896 2 2 0.700000 6 0.300000
Charple2_sheet
  2 3.816695 -2.748775 57.171314 0.202431 -0.870565 0.448484 0.503632 0.888231 2 2 0.800000 6 0.200000
  6 6.171272 -0.910587 59.402168 0.182925 -0.727876 0.660859 0.556239 0.926870 2 6 0.700000 2 0.300000
  2 4.145417 -0.459717 59.629589 -0.008840 -0.635283 0.772229 0.498662 0.929896 2 2 0.700000 6 0.300000
Charple2_sheet
  2 3.816695 -2.748775 57.171314 0.202431 -0.870565 0.448484 0.503632 0.888231 2 2 0.800000 6 0.200000
  6 6.483589 -1.523094 57.254002 0.423644 -0.896969 0.126380 0.550928 0.892283 2 6 0.699431 2 0.300569
  6 6.171272 -0.910587 59.402168 0.182925 -0.727876 0.660859 0.556239 0.926870 2 6 0.700000 2 0.300000
Charple2_sheet
  6 6.171272 -0.910587 59.402168 0.182925 -0.727876 0.660859 0.556239 0.926870 2 6 0.700000 2 0.300000
  6 5.837007 1.728937 61.216167 0.005222 -0.026961 0.999623 0.580132 0.941027 2 6 0.600000 2 0.400000
  2 4.483296 1.690008 60.668034 -0.166130 0.008885 0.986064 0.581074 0.971078 2 2 0.700000 6 0.300000
Charple2_sheet
  6 6.171272 -0.910587 59.402168 0.182925 -0.727876 0.660859 0.556239 0.926870 2 6 0.700000 2 0.300000
  2 4.483296 1.690008 60.668034 -0.166130 0.008885 0.986064 0.581074 0.971078 2 2 0.700000 6 0.300000
  2 4.145417 -0.459717 59.629589 -0.008840 -0.635283 0.772229 0.498617 0.929890 2 2 0.700000 6 0.300000
Charple2_sheet
  2 4.483296 1.690008 60.668034 -0.166130 0.008885 0.986064 0.581074 0.971078 2 2 0.700000 6 0.300000
  2 1.683615 0.081039 59.722824 0.475988 -0.690285 0.544924 0.485677 0.950646 1 2 1.000000
  2 4.145417 -0.459717 59.629589 -0.008840 -0.635283 0.772229 0.498617 0.929890 2 2 0.700000 6 0.300000
Charple2_sheet
  2 4.483296 1.690008 60.668034 -0.166130 0.008885 0.986064 0.581074 0.971078 2 2 0.700000 6 0.300000
  2 3.052582 1.603455 60.642326 0.415380 0.002768 0.909644 0.582085 1.000108 1 2 1.000000
  2 1.683615 0.081039 59.722824 0.475988 -0.690285 0.544924 0.485677 0.950646 1 2 1.000000
Charple2_sheet
  2 1.785245 -3.272839 54.885723 0.063908 -0.997206 0.038684 0.474573 0.863952 1 2 1.000000
  2 1.405321 -3.262204 51.541866 0.113553 -0.991547 -0.062762 0.474492 0.820392 2 2 0.531030 1 0.468970
  2 3.867647 -2.700933 51.855133 0.332813 -0.936296 -0.112183 0.508305 0.811950 2 2 0.531030 1 0.468970
Charple2_sheet
  2 -0.024425 -3.359672 52.174072 0.022065 -0.995417 -0.093053 0.438406 0.834064 2 2 0.531030 1 0.468970
  2 1.405321 -3.262204 51.541866 0.113553 -0.991547 -0.062762 0.474492 0.820392 2 2 0.531030 1 0.468970
  2 1.785245 -3.272839 54.885723 0.063908 -0.997206 0.038684 0.474573 0.863952 1 2 1.000000
Charple2_sheet
  2 -0.024425 -3.359672 52.174072 0.022065 -0.995417 -0.093053 0.438406 0.834064 2 2 0.531030 1 0.468970
  2 1.785245 -3.272839 54.885723 0.063908 -0.997206 0.038684 0.474573 0.863952 1 2 1.000000
  2 -0.378188 -3.289448 54.211838 0.066852 -0.996121 0.057223 0.439015 0.864210 1 2 1.000000
Charple2_sheet
  2 -0.378188 -3.289448 54.211838 0.066852 -0.996121 0.057223 0.439015 0.864210 1 2 1.000000
  2 -1.906733 -3.382637 51.913719 -0.088267 -0.990146 -0.108716 0.402715 0.819415 2 2 0.531030 1 0.468970
  2 -0.024425 -3.359672 52.174072 0.022065 -0.995417 -0.093053 0.438406 0.834064 2 2 0.531030 1 0.468970
Charple2_sheet
  2 -0.378188 -3.289448 54.211838 0.066852 -0.996121 0.057223 0.439015 0.864210 1 2 1.000000
  2 -1.480505 -3.580381 54.797352 -0.043263 -0.997141 0.061952 0.401330 0.862487 1 2 1.000000
  2 -1.906733 -3.382637 51.913719 -0.088267 -0.990146 -0.108716 0.402715 0.819415 2 2 0.531030 1 0.468970
Charple2_sheet
  2 -1.480505 -3.580381 54.797352 -0.043263 -0.997141 0.061952 0.401330 0.862487 1 2 1.000000
  2 -4.109098 -2.597837 51.777576 -0.375274 -0.924423 -0.067912 0.367680 0.812438 2 2 0.531030 1 0.468970
  2 -1.906733 -3.382637 51.913719 -0.088267 -0.990146 -0.108716 0.402715 0.819415 2 2 0.531030 1 0.468970
Charple2_sheet
  2 -1.480505 -3.580381 54.797352 -0.043263 -0.997141 0.061952 0.401330 0.862487 1 2 1.000000
  2 -3.741534 -3.078098 55.531490 -0.338244 -0.940913 0.016533 0.363847 0.863338 2 2 0.906427 3 0.093573
  2 -4.109098 -2.597837 51.777576 -0.375274 -0.924423 -0.067912 0.367680 0.812438 2 2 0.531030 1 0.468970
Charple2_sheet
  2 -5.564997 -2.040220 52.461784 -0.801448 -0.580857 -0.142431 0.332295 0.816198 2 2 0.531030 1 0.468970
  2 -4.109098 -2.597837 51.777576 -0.375274 -0.924423 -0.067912 0.367680 0.812438 2 2 0.531030 1 0.468970
  2 -3.741534 -3.078098 55.531490 -0.338244 -0.940913 0.016533 0.363847 0.863338 2 2 0.906427 3 0.093573
Charple2_sheet
  2 -4.109098 -2.597837 51.777576 -0.375274 -0.924423 -0.067912 0.367680 0.812438 2 2 0.531030 1 0.468970
  2 -5.564997 -2.040220 52.461784 -0.801448 -0.580857 -0.142431 0.332295 0.816198 2 2 0.531030 1 0.468970
  2 -5.364402 -1.520649 50.272800 -0.810066 -0.573075 -0.124007 0.337694 0.790745 2 2 0.531030 1 0.468970
Charple2_sheet
  2 -4.109098 -2.597837 51.777576 -0.375274 -0.924423 -0.067912 0.367680 0.812438 2 2 0.531030 1 0.468970
  2 -5.364402 -1.520649 50.272800 -0.810066 -0.573075 -0.124007 0.337694 0.790745 2 2 0.531030 1 0.468970
  2 -3.762822 -2.961491 50.447731 -0.345229 -0.932670 -0.104608 0.369154 0.793194 2 2 0.531030 1 0.468970
Charple2_sheet
  2 -5.364402 -1.520649 50.272800 -0.810066 -0.573075 -0.124007 0.337694 0.790745 2 2 0.531030 1 0.468970
  0 -3.102725 -2.423992 47.683571 -0.336433 -0.939078 -0.070323 0.373725 0.752923 3 0 0.498895 1 0.316318 2 0.184787
  2 -3.762822 -2.961491 50.447731 -0.345229 -0.932670 -0.104608 0.369154 0.793194 2 2 0.531030 1 0.468970
Charple2_sheet
  2 -2.004751 -2.918574 50.564026 -0.114364 -0.986786 -0.114780 0.404647 0.797003 2 2 0.531030 1 0.468970
  2 -3.762822 -2.961491 50.447731 -0.345229 -0.932670 -0.104608 0.369154 0.793194 2 2 0.531030 1 0.468970
  0 -3.102725 -2.423992 47.683571 -0.336433 -0.939078 -0.070323 0.373725 0.752923 3 0 0.498895 1 0.316318 2 0.184787
Charple2_sheet
  2 -2.004751 -2.918574 50.564026 -0.114364 -0.986786 -0.114780 0.404647 0.797003 2 2 0.531030 1 0.468970
  0 -3.102725 -2.423992 47.683571 -0.336433 -0.939078 -0.070323 0.373725 0.752923 3 0 0.498895 1 0.316318 2 0.184787
  0 -1.239208 -2.968489 47.595802 -0.188322 -0.981872 -0.021479 0.407604 0.755100 3 0 0.509041 1 0.327681 2 0.163278
Charple2_sheet
  2 -2.004751 -2.918574 50.564026 -0.114364 -0.986786 -0.114780 0.404647 0.797003 2 2 0.531030 1 0.468970
  0 -1.239208 -2.968489 47.595802 -0.188322 -0.981872 -0.021479 0.407604 0.755100 3 0 0.509041 1 0.327681 2 0.163278
  0 0.131106 -3.247933 48.172302 0.011283 -0.999570 -0.027056 0.438406 0.757333 3 0 0.509041 1 0.327681 2 0.163278
Charple2_sheet
  0 -1.239208 -2.968489 47.595802 -0.188322 -0.981872 -0.021479 0.407604 0.755100 3 0 0.509041 1 0.327681 2 0.163278
  0 -0.174149 -3.153244 44.192131 0.041208 -0.998600 -0.033162 0.438406 0.711621 2 0 0.937719 1 0.062281
  0 0.131106 -3.247933 48.172302 0.011283 -0.999570 -0.027056 0.438406 0.757333 3 0 0.509041 1 0.327681 2 0.163278
Charple2_sheet
  0 0.131106 -3.247933 48.172302 0.011283 -0.999570 -0.027056 0.438406 0.757333 3 0 0.509041 1 0.327681 2 0.163278
  0 -0.174149 -3.153244 44.192131 0.041208 -0.998600 -0.033162 0.438406 0.711621 2 0 0.937719 1 0.062281
  0 1.122123 -2.714432 44.327976 0.136860 -0.990545 -0.009493 0.466715 0.711293 2 0 0.926987 1 0.073013
Charple2_sheet
  0 0.131106 -3.247933 48.172302 0.011283 -0.999570 -0.027056 0.438406 0.757333 3 0 0.509041 1 0.327681 2 0.163278
  0 1.122123 -2.714432 44.327976 0.136860 -0.990545 -0.009493 0.466715 0.711293 2 0 0.926987 1 0.073013
  0 1.125223 -2.897833 47.961868 0.168779 -0.984738 -0.042481 0.470104 0.755100 3 0 0.504203 1 0.335365 2 0.160433
Charple2_sheet
  2 -0.185057 -3.137931 51.183582 -0.042002 -0.993620 -0.104669 0.438406 0.798635 2 2 0.531030 1 0.468970
  0 0.131106 -3.247933 48.172302 0.011283 -0.999570 -0.027056 0.438406 0.757333 3 0 0.509041 1 0.327681 2 0.163278
  0 1.125223 -2.897833 47.961868 0.168779 -0.984738 -0.042481 0.470104 0.755100 3 0 0.504203 1 0.335365 2 0.160433
Charple2_sheet
  2 -2.004751 -2.918574 50.564026 -0.114364 -0.986786 -0.114780 0.404647 0.797003 2 2 0.531030 1 0.468970
  0 0.131106 -3.247933 48.172302 0.011283 -0.999570 -0.027056 0.438406 0.757333 3 0 0.509041 1 0.327681 2 0.163278
  2 -0.185057 -3.137931 51.183582 -0.042002 -0.993620 -0.104669 0.438406 0.798635 2 2 0.531030 1 0.468970
Charple2_sheet
  2 -0.185057 -3.137931 51.183582 -0.042002 -0.993620 -0.104669 0.438406 0.798635 2 2 0.531030 1 0.468970
  0 1.125223 -2.897833 47.961868 0.168779 -0.984738 -0.042481 0.470104 0.755100 3 0 0.504203 1 0.335365 2 0.160433
  2 1.585147 -3.337279 50.426624 0.148365 -0.985580 -0.081365 0.472030 0.797979 2 2 0.531030 1 0.468970
Charple2_sheet
  2 -0.185057 -3.137931 51.183582 -0.042002 -0.993620 -0.104669 0.438406 0.798635 2 2 0.531030 1 0.468970
  2 1.585147 -3.337279 50.426624 0.148365 -0.985580 -0.081365 0.472030 0.797979 2 2 0.531030 1 0.468970
  2 1.405321 -3.262204 51.541866 0.113553 -0.991547 -0.062762 0.474492 0.820392 2 2 0.531030 1 0.468970
Charple2_sheet
  2 -0.185057 -3.137931 51.183582 -0.042002 -0.993620 -0.104669 0.438406 0.798635 2 2 0.531030 1 0.468970
  2 1.405321 -3.262204 51.541866 0.113553 -0.991547 -0.062762 0.474492 0.820392 2 2 0.531030 1 0.468970
  2 -0.024425 -3.359672 52.174072 0.022065 -0.995417 -0.093053 0.438406 0.834064 2 2 0.531030 1 0.468970
Charple2_sheet
  2 -0.024425 -3.359672 52.174072 0.022065 -0.995417 -0.093053 0.438406 0.834064 2 2 0.531030 1 0.468970
  2 -2.004751 -2.918574 50.564026 -0.114364 -0.986786 -0.114780 0.404647 0.797003 2 2 0.531030 1 0.468970
  2 -0.185057 -3.137931 51.183582 -0.042002 -0.993620 -0.104669 0.438406 0.798635 2 2 0.531030 1 0.468970
Charple2_sheet
  2 -0.024425 -3.359672 52.174072 0.022065 -0.995417 -0.093053 0.438406 0.834064 2 2 0.531030 1 0.468970
  2 -1.906733 -3.382637 51.913719 -0.088267 -0.990146 -0.108716 0.402715 0.819415 2 2 0.531030 1 0.468970
  2 -2.004751 -2.918574 50.564026 -0.114364 -0.986786 -0.114780 0.404647 0.797003 2 2 0.531030 1 0.468970
Charple2_sheet
  2 -3.762822 -2.961491 50.447731 -0.345229 -0.932670 -0.104608 0.369154 0.793194 2 2 0.531030 1 0.468970
  2 -2.004751 -2.918574 50.564026 -0.114364 -0.986786 -0.114780 0.404647 0.797003 2 2 0.531030 1 0.468970
  2 -1.906733 -3.382637 51.913719 -0.088267 -0.990146 -0.108716 0.402715 0.819415 2 2 0.531030 1 0.468970
Charple2_sheet
  2 -3.762822 -2.961491 50.447731 -0.345229 -0.932670 -0.104608 0.369154 0.793194 2 2 0.531030 1 0.468970
  2 -1.906733 -3.382637 51.913719 -0.088267 -0.990146 -0.108716 0.402715 0.819415 2 2 0.531030 1 0.468970
  2 -4.109098 -2.597837 51.777576 -0.375274 -0.924423 -0.067912 0.367680 0.812438 2 2 0.531030 1 0.468970
Charple2_sheet
  2 -5.364402 -1.520649 50.272800 -0.810066 -0.573075 -0.124007 0.337694 0.790745 2 2 0.531030 1 0.468970
  2 -5.905605 -0.011357 52.880619 -0.975924 -0.051210 -0.212015 0.305109 0.818960 1 2 1.000000
  1 -5.868706 0.417721 49.654068 -0.995255 -0.026889 -0.093507 0.304890 0.786119 2 1 0.808620 2 0.191380
Charple2_sheet
  1 -5.868706 0.417721 49.654068 -0.995255 -0.026889 -0.093507 0.304890 0.786119 2 1 0.808620 2 0.191380
  0 -5.018676 -1.806663 47.000458 -0.769198 -0.627240 -0.122079 0.341189 0.749930 3 0 0.513190 1 0.363526 2 0.123284
  2 -5.364402 -1.520649 50.272800 -0.810066 -0.573075 -0.124007 0.337694 0.790745 2 2 0.531030 1 0.468970
Charple2_sheet
  2 -5.364402 -1.520649 50.272800 -0.810066 -0.573075 -0.124007 0.337694 0.790745 2 2 0.531030 1 0.468970
  0 -5.018676 -1.806663 47.000458 -0.769198 -0.627240 -0.122079 0.341189 0.749930 3 0 0.513190 1 0.363526 2 0.123284
  0 -3.102725 -2.423992 47.683571 -0.336433 -0.939078 -0.070323 0.373725 0.752923 3 0 0.498895 1 0.316318 2 0.184787
Charple2_sheet
  0 -3.016552 -2.503639 44.379780 -0.397627 -0.917541 0.003292 0.377220 0.708300 2 0 0.898798 1 0.101202
  0 -3.102725 -2.423992 47.683571 -0.336433 -0.939078 -0.070323 0.373725 0.752923 3 0 0.498895 1 0.316318 2 0.184787
  0 -5.018676 -1.806663 47.000458 -0.769198 -0.627240 -0.122079 0.341189 0.749930 3 0 0.513190 1 0.363526 2 0.123284
Charple2_sheet
  0 -1.239208 -2.968489 47.595802 -0.188322 -0.981872 -0.021479 0.407604 0.755100 3 0 0.509041 1 0.327681 2 0.163278
  0 -3.102725 -2.423992 47.683571 -0.336433 -0.939078 -0.070323 0.373725 0.752923 3 0 0.498895 1 0.316318 2 0.184787
  0 -3.016552 -2.503639 44.379780 -0.397627 -0.917541 0.003292 0.377220 0.708300 2 0 0.898798 1 0.101202
Charple2_sheet
  0 -1.239208 -2.968489 47.595802 -0.188322 -0.981872 -0.021479 0.407604 0.755100 3 0 0.509041 1 0.327681 2 0.163278
  0 -3.016552 -2.503639 44.379780 -0.397627 -0.917541 0.003292 0.377220 0.708300 2 0 0.898798 1 0.101202
  0 -1.728993 -2.964036 44.290173 -0.157002 -0.987572 -0.007228 0.410562 0.711293 2 0 0.937719 1 0.062281
Charple2_sheet
  0 -1.239208 -2.968489 47.595802 -0.188322 -0.981872 -0.021479 0.407604 0.755100 3 0 0.509041 1 0.327681 2 0.163278
  0 -1.728993 -2.964036 44.290173 -0.157002 -0.987572 -0.007228 0.410562 0.711293 2 0 0.937719 1 0.062281
  0 -0.174149 -3.153244 44.192131 0.041208 -0.998600 -0.033162 0.438406 0.711621 2 0 0.937719 1 0.062281
Charple2_sheet
  0 -1.334110 -2.841122 40.957592 -0.040622 -0.999088 0.013161 0.410831 0.668302 1 0 1.000000
  0 -0.174149 -3.153244 44.192131 0.041208 -0.998600 -0.033162 0.438406 0.711621 2 0 0.937719 1 0.062281
  0 -1.728993 -2.964036 44.290173 -0.157002 -0.987572 -0.007228 0.410562 0.711293 2 0 0.937719 1 0.062281
Charple2_sheet
  0 -1.334110 -2.841122 40.957592 -0.040622 -0.999088 0.013161 0.410831 0.668302 1 0 1.000000
  0 -0.097250 -2.741501 41.439922 -0.016512 -0.999844 0.006230 0.438527 0.668846 1 0 1.000000
  0 -0.174149 -3.153244 44.192131 0.041208 -0.998600 -0.033162 0.438406 0.711621 2 0 0.937719 1 0.062281
Charple2_sheet
  0 1.122123 -2.714432 44.327976 0.136860 -0.990545 -0.009493 0.466715 0.711293 2 0 0.926987 1 0.073013
  0 -0.174149 -3.153244 44.192131 0.041208 -0.998600 -0.033162 0.438406 0.711621 2 0 0.937719 1 0.062281
  0 -0.097250 -2.741501 41.439922 -0.016512 -0.999844 0.006230 0.438527 0.668846 1 0 1.000000
Charple2_sheet
  0 1.122123 -2.714432 44.327976 0.136860 -0.990545 -0.009493 0.466715 0.711293 2 0 0.926987 1 0.073013
  0 -0.097250 -2.741501 41.439922 -0.016512 -0.999844 0.006230 0.438527 0.668846 1 0 1.000000
  0 1.193155 -3.137447 41.164024 0.115774 -0.993274 0.001534 0.466495 0.667814 1 0 1.000000
Charple2_sheet
  0 2.497559 -2.952538 44.195133 0.432698 -0.900235 -0.048462 0.500267 0.707812 2 0 0.926987 1 0.073013
  0 1.122123 -2.714432 44.327976 0.136860 -0.990545 -0.009493 0.466715 0.711293 2 0 0.926987 1 0.073013
  0 1.193155 -3.137447 41.164024 0.115774 -0.993274 0.001534 0.466495 0.667814 1 0 1.000000
Charple2_sheet
  0 1.122123 -2.714432 44.327976 0.136860 -0.990545 -0.009493 0.466715 0.711293 2 0 0.926987 1 0.073013
  0 2.497559 -2.952538 44.195133 0.432698 -0.900235 -0.048462 0.500267 0.707812 2 0 0.926987 1 0.073013
  0 3.304300 -2.580423 47.645844 0.401668 -0.913235 -0.068293 0.504584 0.752435 3 0 0.491970 1 0.327909 2 0.180121
Charple2_sheet
  0 1.122123 -2.714432 44.327976 0.136860 -0.990545 -0.009493 0.466715 0.711293 2 0 0.926987 1 0.073013
  0 3.304300 -2.580423 47.645844 0.401668 -0.913235 -0.068293 0.504584 0.752435 3 0 0.491970 1 0.327909 2 0.180121
  0 1.125223 -2.897833 47.961868 0.168779 -0.984738 -0.042481 0.470104 0.755100 3 0 0.504203 1 0.335365 2 0.160433
Charple2_sheet
  0 1.125223 -2.897833 47.961868 0.168779 -0.984738 -0.042481 0.470104 0.755100 3 0 0.504203 1 0.335365 2 0.160433
  0 3.304300 -2.580423 47.645844 0.401668 -0.913235 -0.068293 0.504584 0.752435 3 0 0.491970 1 0.327909 2 0.180121
  2 3.632121 -2.386416 50.693684 0.361196 -0.922164 -0.138385 0.506849 0.792705 2 2 0.531030 1 0.468970
Charple2_sheet
  0 1.125223 -2.897833 47.961868 0.168779 -0.984738 -0.042481 0.470104 0.755100 3 0 0.504203 1 0.335365 2 0.160433
  2 3.632121 -2.386416 50.693684 0.361196 -0.922164 -0.138385 0.506849 0.792705 2 2 0.531030 1 0.468970
  2 1.585147 -3.337279 50.426624 0.148365 -0.985580 -0.081365 0.472030 0.797979 2 2 0.531030 1 0.468970
Charple2_sheet
  2 3.867647 -2.700933 51.855133 0.332813 -0.936296 -0.112183 0.508305 0.811950 2 2 0.531030 1 0.468970
  2 1.585147 -3.337279 50.426624 0.148365 -0.985580 -0.081365 0.472030 0.797979 2 2 0.531030 1 0.468970
  2 3.632121 -2.386416 50.693684 0.361196 -0.922164 -0.138385 0.506849 0.792705 2 2 0.531030 1 0.468970
Charple2_sheet
  2 3.867647 -2.700933 51.855133 0.332813 -0.936296 -0.112183 0.508305 0.811950 2 2 0.531030 1 0.468970
  2 1.405321 -3.262204 51.541866 0.113553 -0.991547 -0.062762 0.474492 0.820392 2 2 0.531030 1 0.468970
  2 1.585147 -3.337279 50.426624 0.148365 -0.985580 -0.081365 0.472030 0.797979 2 2 0.531030 1 0.468970
Charple2_sheet
  0 -3.009549 -2.865634 41.112095 -0.412369 -0.910458 0.031895 0.380985 0.666670 2 0 0.900000 9 0.100000
  0 -1.728993 -2.964036 44.290173 -0.157002 -0.987572 -0.007228 0.410562 0.711293 2 0 0.937719 1 0.062281
  0 -3.016552 -2.503639 44.379780 -0.397627 -0.917541 0.003292 0.377220 0.708300 2 0 0.898798 1 0.101202
Charple2_sheet
  0 -3.009549 -2.865634 41.112095 -0.412369 -0.910458 0.031895 0.380985 0.666670 2 0 0.900000 9 0.100000
  0 -1.334110 -2.841122 40.957592 -0.040622 -0.999088 0.013161 0.410831 0.668302 1 0 1.000000
  0 -1.728993 -2.964036 44.290173 -0.157002 -0.987572 -0.007228 0.410562 0.711293 2 0 0.937719 1 0.062281
Charple2_sheet
  0 -3.016552 -2.503639 44.379780 -0.397627 -0.917541 0.003292 0.377220 0.708300 2 0 0.898798 1 0.101202
  0 -5.018676 -1.806663 47.000458 -0.769198 -0.627240 -0.122079 0.341189 0.749930 3 0 0.513190 1 0.363526 2 0.123284
  0 -4.214454 -1.602931 43.800190 -0.784995 -0.618057 -0.042280 0.344954 0.706123 1 0 1.000000
Charple2_sheet
  0 -4.622183 -1.111027 41.025806 -0.808292 -0.586315 0.053846 0.348180 0.665309 2 0 0.900000 9 0.100000
  0 -3.016552 -2.503639 44.379780 -0.397627 -0.917541 0.003292 0.377220 0.708300 2 0 0.898798 1 0.101202
  0 -4.214454 -1.602931 43.800190 -0.784995 -0.618057 -0.042280 0.344954 0.706123 1 0 1.000000
Charple2_sheet
  0 -4.622183 -1.111027 41.025806 -0.808292 -0.586315 0.053846 0.348180 0.665309 2 0 0.900000 9 0.100000
  0 -3.009549 -2.865634 41.112095 -0.412369 -0.910458 0.031895 0.380985 0.666670 2 0 0.900000 9 0.100000
  0 -3.016552 -2.503639 44.379780 -0.397627 -0.917541 0.003292 0.377220 0.708300 2 0 0.898798 1 0.101202
Charple2_sheet
  9 -4.554871 -1.533192 38.057907 -0.755527 -0.640464 0.137784 0.348230 0.620276 2 9 0.523682 0 0.476318
  0 -3.009549 -2.865634 41.112095 -0.412369 -0.910458 0.031895 0.380985 0.666670 2 0 0.900000 9 0.100000
  0 -4.622183 -1.111027 41.025806 -0.808292 -0.586315 0.053846 0.348180 0.665309 2 0 0.900000 9 0.100000
Charple2_sheet
  9 -4.554871 -1.533192 38.057907 -0.755527 -0.640464 0.137784 0.348230 0.620276 2 9 0.523682 0 0.476318
  0 -2.883613 -2.889418 37.736607 -0.334748 -0.940745 0.054237 0.382379 0.613704 2 0 0.541489 9 0.458511
  0 -3.009549 -2.865634 41.112095 -0.412369 -0.910458 0.031895 0.380985 0.666670 2 0 0.900000 9 0.100000
Charple2_sheet
  0 -2.883613 -2.889418 37.736607 -0.334748 -0.940745 0.054237 0.382379 0.613704 2 0 0.541489 9 0.458511
  0 -1.334110 -2.841122 40.957592 -0.040622 -0.999088 0.013161 0.410831 0.668302 1 0 1.000000
  0 -3.009549 -2.865634 41.112095 -0.412369 -0.910458 0.031895 0.380985 0.666670 2 0 0.900000 9 0.100000
Charple2_sheet
  0 -2.883613 -2.889418 37.736607 -0.334748 -0.940745 0.054237 0.382379 0.613704 2 0 0.541489 9 0.458511
  0 -0.862693 -3.045541 38.083252 0.050491 -0.998644 -0.012666 0.411956 0.608333 2 0 0.548183 9 0.451817
  0 -1.334110 -2.841122 40.957592 -0.040622 -0.999088 0.013161 0.410831 0.668302 1 0 1.000000
Charple2_sheet
  0 -0.862693 -3.045541 38.083252 0.050491 -0.998644 -0.012666 0.411956 0.608333 2 0 0.548183 9 0.451817
  0 -0.097250 -2.741501 41.439922 -0.016512 -0.999844 0.006230 0.438527 0.668846 1 0 1.000000
  0 -1.334110 -2.841122 40.957592 -0.040622 -0.999088 0.013161 0.410831 0.668302 1 0 1.000000
Charple2_sheet
  0 -0.862693 -3.045541 38.083252 0.050491 -0.998644 -0.012666 0.411956 0.608333 2 0 0.548183 9 0.451817
  0 -0.430058 -3.079562 37.614719 0.059674 -0.996436 -0.059609 0.438307 0.608445 3 0 0.754636 11 0.145364 9 0.100000
  0 -0.097250 -2.741501 41.439922 -0.016512 -0.999844 0.006230 0.438527 0.668846 1 0 1.000000
Charple2_sheet
  0 1.193155 -3.137447 41.164024 0.115774 -0.993274 0.001534 0.466495 0.667814 1 0 1.000000
  0 -0.097250 -2.741501 41.439922 -0.016512 -0.999844 0.006230 0.438527 0.668846 1 0 1.000000
  0 -0.430058 -3.079562 37.614719 0.059674 -0.996436 -0.059609 0.438307 0.608445 3 0 0.754636 11 0.145364 9 0.100000
Charple2_sheet
  0 1.193155 -3.137447 41.164024 0.115774 -0.993274 0.001534 0.466495 0.667814 1 0 1.000000
  0 -0.430058 -3.079562 37.614719 0.059674 -0.996436 -0.059609 0.438307 0.608445 3 0 0.754636 11 0.145364 9 0.100000
  0 1.048927 -2.959985 38.079025 0.093608 -0.994174 -0.053435 0.465667 0.608333 3 0 0.754636 11 0.145364 9 0.100000
Charple2_sheet
  0 2.574585 -2.392822 40.617855 0.483917 -0.875107 0.003415 0.495242 0.666670 2 0 0.900000 11 0.100000
  0 1.193155 -3.137447 41.164024 0.115774 -0.993274 0.001534 0.466495 0.667814 1 0 1.000000
  0 1.048927 -2.959985 38.079025 0.093608 -0.994174 -0.053435 0.465667 0.608333 3 0 0.754636 11 0.145364 9 0.100000
Charple2_sheet
  0 2.497559 -2.952538 44.195133 0.432698 -0.900235 -0.048462 0.500267 0.707812 2 0 0.926987 1 0.073013
  0 1.193155 -3.137447 41.164024 0.115774 -0.993274 0.001534 0.466495 0.667814 1 0 1.000000
  0 2.574585 -2.392822 40.617855 0.483917 -0.875107 0.003415 0.495242 0.666670 2 0 0.900000 11 0.100000
Charple2_sheet
  0 3.960982 -1.151984 43.817047 0.795139 -0.605215 -0.038327 0.532454 0.706123 2 0 0.905892 1 0.094108
  0 2.497559 -2.952538 44.195133 0.432698 -0.900235 -0.048462 0.500267 0.707812 2 0 0.926987 1 0.073013
  0 2.574585 -2.392822 40.617855 0.483917 -0.875107 0.003415 0.495242 0.666670 2 0 0.900000 11 0.100000
Charple2_sheet
  0 3.960982 -1.151984 43.817047 0.795139 -0.605215 -0.038327 0.532454 0.706123 2 0 0.905892 1 0.094108
  0 3.304300 -2.580423 47.645844 0.401668 -0.913235 -0.068293 0.504584 0.752435 3 0 0.491970 1 0.327909 2 0.180121
  0 2.497559 -2.952538 44.195133 0.432698 -0.900235 -0.048462 0.500267 0.707812 2 0 0.926987 1 0.073013
Charple2_sheet
  0 3.960982 -1.151984 43.817047 0.795139 -0.605215 -0.038327 0.532454 0.706123 2 0 0.905892 1 0.094108
  0 4.420852 -1.635107 47.088493 0.809942 -0.573793 -0.121468 0.536013 0.749442 3 0 0.509332 1 0.373497 2 0.117171
  0 3.304300 -2.580423 47.645844 0.401668 -0.913235 -0.068293 0.504584 0.752435 3 0 0.491970 1 0.327909 2 0.180121
Charple2_sheet
  2 3.632121 -2.386416 50.693684 0.361196 -0.922164 -0.138385 0.506849 0.792705 2 2 0.531030 1 0.468970
  0 3.304300 -2.580423 47.645844 0.401668 -0.913235 -0.068293 0.504584 0.752435 3 0 0.491970 1 0.327909 2 0.180121
  0 4.420852 -1.635107 47.088493 0.809942 -0.573793 -0.121468 0.536013 0.749442 3 0 0.509332 1 0.373497 2 0.117171
Charple2_sheet
  2 3.632121 -2.386416 50.693684 0.361196 -0.922164 -0.138385 0.506849 0.792705 2 2 0.531030 1 0.468970
  0 4.420852 -1.635107 47.088493 0.809942 -0.573793 -0.121468 0.536013 0.749442 3 0 0.509332 1 0.373497 2 0.117171
  2 4.819577 -1.787528 49.964558 0.764104 -0.618132 -0.184546 0.538866 0.790256 2 2 0.531030 1 0.468970
Charple2_sheet
  6 6.483589 -1.523094 57.254002 0.423644 -0.896969 0.126380 0.550439 0.892283 2 6 0.699431 2 0.300569
  2 3.829386 -3.166354 54.835232 0.350681 -0.936433 0.010729 0.510331 0.862850 2 2 0.911140 6 0.088860
  2 6.089552 -1.065800 55.290592 0.688980 -0.646799 -0.327044 0.549969 0.864698 2 2 0.533549 6 0.466451
Charple2_sheet
  2 3.829386 -3.166354 54.835232 0.350681 -0.936433 0.010729 0.510331 0.862850 2 2 0.911140 6 0.088860
  2 5.326370 -2.344492 52.171608 0.786074 -0.590011 -0.184321 0.542744 0.815222 2 2 0.531030 1 0.468970
  2 6.089552 -1.065800 55.290592 0.688980 -0.646799 -0.327044 0.549969 0.864698 2 2 0.533549 6 0.466451
Charple2_sheet
  2 5.326370 -2.344492 52.171608 0.786074 -0.590011 -0.184321 0.542744 0.815222 2 2 0.531030 1 0.468970
  2 6.550407 0.442502 55.304375 0.757183 -0.064646 -0.649995 0.570515 0.860897 2 2 0.533549 6 0.466451
  2 6.089552 -1.065800 55.290592 0.688980 -0.646799 -0.327044 0.549969 0.864698 2 2 0.533549 6 0.466451
Charple2_sheet
  2 5.326370 -2.344492 52.171608 0.786074 -0.590011 -0.184321 0.542744 0.815222 2 2 0.531030 1 0.468970
  2 5.569311 0.110293 52.621395 0.974581 -0.099310 -0.200819 0.570734 0.817007 1 2 1.000000
  2 6.550407 0.442502 55.304375 0.757183 -0.064646 -0.649995 0.570515 0.860897 2 2 0.533549 6 0.466451
Charple2_sheet
  1 5.445917 0.516055 49.470833 0.983192 -0.114525 -0.142187 0.570515 0.784166 2 1 0.808620 2 0.191380
  2 5.569311 0.110293 52.621395 0.974581 -0.099310 -0.200819 0.570734 0.817007 1 2 1.000000
  2 5.326370 -2.344492 52.171608 0.786074 -0.590011 -0.184321 0.542744 0.815222 2 2 0.531030 1 0.468970
Charple2_sheet
  1 5.445917 0.516055 49.470833 0.983192 -0.114525 -0.142187 0.570515 0.784166 2 1 0.808620 2 0.191380
  2 5.326370 -2.344492 52.171608 0.786074 -0.590011 -0.184321 0.542744 0.815222 2 2 0.531030 1 0.468970
  2 4.819577 -1.787528 49.964558 0.764104 -0.618132 -0.184546 0.538866 0.790256 2 2 0.531030 1 0.468970
Charple2_sheet
  2 4.819577 -1.787528 49.964558 0.764104 -0.618132 -0.184546 0.538866 0.790256 2 2 0.531030 1 0.468970
  0 4.890122 0.386585 46.529221 0.978838 -0.181815 -0.093907 0.570614 0.743136 2 0 0.578046 1 0.421954
  1 5.445917 0.516055 49.470833 0.983192 -0.114525 -0.142187 0.570515 0.784166 2 1 0.808620 2 0.191380
Charple2_sheet
  2 4.819577 -1.787528 49.964558 0.764104 -0.618132 -0.184546 0.538866 0.790256 2 2 0.531030 1 0.468970
  0 4.420852 -1.635107 47.088493 0.809942 -0.573793 -0.121468 0.536013 0.749442 3 0 0.509332 1 0.373497 2 0.117171
  0 4.890122 0.386585 46.529221 0.978838 -0.181815 -0.093907 0.570614 0.743136 2 0 0.578046 1 0.421954
Charple2_sheet
  0 4.890600 0.536214 43.591415 0.969069 -0.242133 0.047710 0.570783 0.703458 2 0 0.929517 1 0.070483
  0 4.890122 0.386585 46.529221 0.978838 -0.181815 -0.093907 0.570614 0.743136 2 0 0.578046 1 0.421954
  0 4.420852 -1.635107 47.088493 0.809942 -0.573793 -0.121468 0.536013 0.749442 3 0 0.509332 1 0.373497 2 0.117171
Charple2_sheet
  0 4.890600 0.536214 43.591415 0.969069 -0.242133 0.047710 0.570783 0.703458 2 0 0.929517 1 0.070483
  0 4.420852 -1.635107 47.088493 0.809942 -0.573793 -0.121468 0.536013 0.749442 3 0 0.509332 1 0.373497 2 0.117171
  0 3.960982 -1.151984 43.817047 0.795139 -0.605215 -0.038327 0.532454 0.706123 2 0 0.905892 1 0.094108
Charple2_sheet
  0 4.890600 0.536214 43.591415 0.969069 -0.242133 0.047710 0.570783 0.703458 2 0 0.929517 1 0.070483
  0 3.960982 -1.151984 43.817047 0.795139 -0.605215 -0.038327 0.532454 0.706123 2 0 0.905892 1 0.094108
  0 4.086048 -1.074251 41.098675 0.723315 -0.688514 0.052574 0.528356 0.664821 2 0 0.868498 11 0.131502
Charple2_sheet
  0 3.960982 -1.151984 43.817047 0.795139 -0.605215 -0.038327 0.532454 0.706123 2 0 0.905892 1 0.094108
  0 2.574585 -2.392822 40.617855 0.483917 -0.875107 0.003415 0.495242 0.666670 2 0 0.900000 11 0.100000
  0 4.086048 -1.074251 41.098675 0.723315 -0.688514 0.052574 0.528356 0.664821 2 0 0.868498 11 0.131502
Charple2_sheet
  0 4.086048 -1.074251 41.098675 0.723315 -0.688514 0.052574 0.528356 0.664821 2 0 0.868498 11 0.131502
  0 2.574585 -2.392822 40.617855 0.483917 -0.875107 0.003415 0.495242 0.666670 2 0 0.900000 11 0.100000
  11 2.548104 -2.576918 38.286381 0.414032 -0.907978 0.064445 0.493707 0.614193 2 11 0.572168 0 0.427832
Charple2_sheet
  0 2.574585 -2.392822 40.617855 0.483917 -0.875107 0.003415 0.495242 0.666670 2 0 0.900000 11 0.100000
  0 1.048927 -2.959985 38.079025 0.093608 -0.994174 -0.053435 0.465667 0.608333 3 0 0.754636 11 0.145364 9 0.100000
  11 2.548104 -2.576918 38.286381 0.414032 -0.907978 0.064445 0.493707 0.614193 2 11 0.572168 0 0.427832
Charple2_sheet
  11 2.548104 -2.576918 38.286381 0.414032 -0.907978 0.064445 0.493707 0.614193 2 11 0.572168 0 0.427832
  0 1.048927 -2.959985 38.079025 0.093608 -0.994174 -0.053435 0.465667 0.608333 3 0 0.754636 11 0.145364 9 0.100000
  11 0.527832 -2.514163 35.451565 -0.168940 -0.897440 -0.407506 0.466251 0.576901 2 11 0.553490 9 0.446510
Charple2_sheet
  11 0.527832 -2.514163 35.451565 -0.168940 -0.897440 -0.407506 0.466251 0.576901 2 11 0.553490 9 0.446510
  0 1.048927 -2.959985 38.079025 0.093608 -0.994174 -0.053435 0.465667 0.608333 3 0 0.754636 11 0.145364 9 0.100000
  0 -0.430058 -3.079562 37.614719 0.059674 -0.996436 -0.059609 0.438307 0.608445 3 0 0.754636 11 0.145364 9 0.100000
Charple2_sheet
  11 0.527832 -2.514163 35.451565 -0.168940 -0.897440 -0.407506 0.466251 0.576901 2 11 0.553490 9 0.446510
  0 -0.430058 -3.079562 37.614719 0.059674 -0.996436 -0.059609 0.438307 0.608445 3 0 0.754636 11 0.145364 9 0.100000
  11 0.032714 -2.450129 35.173908 0.182464 -0.637868 -0.748219 0.438965 0.577148 2 11 0.553490 9 0.446510
Charple2_sheet
  11 0.032714 -2.450129 35.173908 0.182464 -0.637868 -0.748219 0.438965 0.577148 2 11 0.553490 9 0.446510
  0 -0.430058 -3.079562 37.614719 0.059674 -0.996436 -0.059609 0.438307 0.608445 3 0 0.754636 11 0.145364 9 0.100000
  0 -0.862693 -3.045541 38.083252 0.050491 -0.998644 -0.012666 0.411956 0.608333 2 0 0.548183 9 0.451817
Charple2_sheet
  0 4.890600 0.536214 43.591415 0.969069 -0.242133 0.047710 0.570783 0.703458 2 0 0.929517 1 0.070483
  0 4.086048 -1.074251 41.098675 0.723315 -0.688514 0.052574 0.528356 0.664821 2 0 0.868498 11 0.131502
  0 5.747583 0.440384 40.970531 0.966451 -0.234445 0.104919 0.570564 0.662916 2 0 0.900000 11 0.100000
Charple2_sheet
  0 5.747583 0.440384 40.970531 0.966451 -0.234445 0.104919 0.570564 0.662916 2 0 0.900000 11 0.100000
  0 4.086048 -1.074251 41.098675 0.723315 -0.688514 0.052574 0.528356 0.664821 2 0 0.868498 11 0.131502
  11 4.395926 -1.259859 38.041061 0.708449 -0.698049 0.104051 0.527917 0.620276 2 11 0.644064 0 0.355936
Charple2_sheet
  0 4.086048 -1.074251 41.098675 0.723315 -0.688514 0.052574 0.528356 0.664821 2 0 0.868498 11 0.131502
  11 2.548104 -2.576918 38.286381 0.414032 -0.907978 0.064445 0.493707 0.614193 2 11 0.572168 0 0.427832
  11 4.395926 -1.259859 38.041061 0.708449 -0.698049 0.104051 0.527917 0.620276 2 11 0.644064 0 0.355936
Charple2_sheet
  11 4.395926 -1.259859 38.041061 0.708449 -0.698049 0.104051 0.527917 0.620276 2 11 0.644064 0 0.355936
  11 2.548104 -2.576918 38.286381 0.414032 -0.907978 0.064445 0.493707 0.614193 2 11 0.572168 0 0.427832
  11 3.106001 -2.907396 35.616280 0.264877 -0.964133 0.016933 0.494843 0.577664 1 11 1.000000
Charple2_sheet
  11 2.548104 -2.576918 38.286381 0.414032 -0.907978 0.064445 0.493707 0.614193 2 11 0.572168 0 0.427832
  11 0.527832 -2.514163 35.451565 -0.168940 -0.897440 -0.407506 0.466251 0.576901 2 11 0.553490 9 0.446510
  11 3.106001 -2.907396 35.616280 0.264877 -0.964133 0.016933 0.494843 0.577664 1 11 1.000000
Charple2_sheet
  0 5.747583 0.440384 40.970531 0.966451 -0.234445 0.104919 0.570564 0.662916 2 0 0.900000 11 0.100000
  11 4.395926 -1.259859 38.041061 0.708449 -0.698049 0.104051 0.527917 0.620276 2 11 0.644064 0 0.355936
  11 5.657500 0.682005 38.621746 0.972192 -0.212405 0.098626 0.570712 0.619836 2 11 0.518671 0 0.481329
Charple2_sheet
  11 5.657500 0.682005 38.621746 0.972192 -0.212405 0.098626 0.570712 0.619836 2 11 0.518671 0 0.481329
  11 4.395926 -1.259859 38.041061 0.708449 -0.698049 0.104051 0.527917 0.620276 2 11 0.644064 0 0.355936
  11 4.278406 -1.989815 35.111332 0.727313 -0.679565 0.095952 0.528807 0.577994 1 11 1.000000
Charple2_sheet
  11 4.395926 -1.259859 38.041061 0.708449 -0.698049 0.104051 0.527917 0.620276 2 11 0.644064 0 0.355936
  11 3.106001 -2.907396 35.616280 0.264877 -0.964133 0.016933 0.494843 0.577664 1 11 1.000000
  11 4.278406 -1.989815 35.111332 0.727313 -0.679565 0.095952 0.528807 0.577994 1 11 1.000000
Charple2_sheet
  11 5.657500 0.682005 38.621746 0.972192 -0.212405 0.098626 0.570712 0.619836 2 11 0.518671 0 0.481329
  11 4.278406 -1.989815 35.111332 0.727313 -0.679565 0.095952 0.528807 0.577994 1 11 1.000000
  11 6.067907 0.647643 35.361099 0.973950 -0.209138 0.087647 0.570362 0.578027 1 11 1.000000
Charple2_sheet
  11 0.032714 -2.450129 35.173908 0.182464 -0.637868 -0.748219 0.438965 0.577148 2 11 0.553490 9 0.446510
  0 -0.862693 -3.045541 38.083252 0.050491 -0.998644 -0.012666 0.411956 0.608333 2 0 0.548183 9 0.451817
  9 -0.728513 -2.815915 35.363678 0.294450 -0.863238 -0.410024 0.412540 0.577389 2 9 0.658620 0 0.341380
Charple2_sheet
  9 -3.045472 -3.000363 35.758141 -0.223909 -0.974578 -0.007948 0.383026 0.577175 1 9 1.000000
  9 -0.728513 -2.815915 35.363678 0.294450 -0.863238 -0.410024 0.412540 0.577389 2 9 0.658620 0 0.341380
  0 -0.862693 -3.045541 38.083252 0.050491 -0.998644 -0.012666 0.411956 0.608333 2 0 0.548183 9 0.451817
Charple2_sheet
  9 -3.045472 -3.000363 35.758141 -0.223909 -0.974578 -0.007948 0.383026 0.577175 1 9 1.000000
  0 -0.862693 -3.045541 38.083252 0.050491 -0.998644 -0.012666 0.411956 0.608333 2 0 0.548183 9 0.451817
  0 -2.883613 -2.889418 37.736607 -0.334748 -0.940745 0.054237 0.382379 0.613704 2 0 0.541489 9 0.458511
Charple2_sheet
  9 -5.232030 -1.903881 34.919643 -0.718517 -0.689778 0.089108 0.348632 0.577018 1 9 1.000000
  9 -3.045472 -3.000363 35.758141 -0.223909 -0.974578 -0.007948 0.383026 0.577175 1 9 1.000000
  0 -2.883613 -2.889418 37.736607 -0.334748 -0.940745 0.054237 0.382379 0.613704 2 0 0.541489 9 0.458511
Charple2_sheet
  9 -5.232030 -1.903881 34.919643 -0.718517 -0.689778 0.089108 0.348632 0.577018 1 9 1.000000
  0 -2.883613 -2.889418 37.736607 -0.334748 -0.940745 0.054237 0.382379 0.613704 2 0 0.541489 9 0.458511
  9 -4.554871 -1.533192 38.057907 -0.755527 -0.640464 0.137784 0.348230 0.620276 2 9 0.523682 0 0.476318
Charple2_sheet
  9 -6.188287 0.178699 35.370708 -0.976752 -0.184374 0.109367 0.306202 0.577539 1 9 1.000000
  9 -5.232030 -1.903881 34.919643 -0.718517 -0.689778 0.089108 0.348632 0.577018 1 9 1.000000
  9 -4.554871 -1.533192 38.057907 -0.755527 -0.640464 0.137784 0.348230 0.620276 2 9 0.523682 0 0.476318
Charple2_sheet
  9 -6.188287 0.178699 35.370708 -0.976752 -0.184374 0.109367 0.306202 0.577539 1 9 1.000000
  9 -4.554871 -1.533192 38.057907 -0.755527 -0.640464 0.137784 0.348230 0.620276 2 9 0.523682 0 0.476318
  9 -6.066163 0.786120 38.274391 -0.976766 -0.128801 0.171287 0.305576 0.620324 2 9 0.592032 0 0.407968
Charple2_sheet
  9 -6.142571 3.132674 35.082840 -0.901644 0.420392 0.101530 0.271053 0.577781 1 9 1.000000
  9 -6.188287 0.178699 35.370708 -0.976752 -0.184374 0.109367 0.306202 0.577539 1 9 1.000000
  9 -6.066163 0.786120 38.274391 -0.976766 -0.128801 0.171287 0.305576 0.620324 2 9 0.592032 0 0.407968
Charple2_sheet
  9 -6.142571 3.132674 35.082840 -0.901644 0.420392 0.101530 0.271053 0.577781 1 9 1.000000
  9 -6.066163 0.786120 38.274391 -0.976766 -0.128801 0.171287 0.305576 0.620324 2 9 0.592032 0 0.407968
  9 -5.017920 3.176904 38.359428 -0.916642 0.381038 0.120734 0.270153 0.619989 2 9 0.684785 0 0.315215
Charple2_sheet
  9 -4.674595 4.696931 35.509895 -0.341787 0.932525 -0.116528 0.236924 0.577743 1 9 1.000000
  9 -6.142571 3.132674 35.082840 -0.901644 0.420392 0.101530 0.271053 0.577781 1 9 1.000000
  9 -5.017920 3.176904 38.359428 -0.916642 0.381038 0.120734 0.270153 0.619989 2 9 0.684785 0 0.315215
Charple2_sheet
  9 -4.674595 4.696931 35.509895 -0.341787 0.932525 -0.116528 0.236924 0.577743 1 9 1.000000
  9 -5.017920 3.176904 38.359428 -0.916642 0.381038 0.120734 0.270153 0.619989 2 9 0.684785 0 0.315215
  9 -4.020007 4.934559 37.626804 -0.568931 0.819160 -0.072765 0.236493 0.620030 2 9 0.718194 0 0.281806
Charple2_sheet
  9 -1.048625 3.862265 35.583702 0.407485 0.754827 -0.513997 0.194362 0.577208 1 9 1.000000
  9 -4.674595 4.696931 35.509895 -0.341787 0.932525 -0.116528 0.236924 0.577743 1 9 1.000000
  9 -4.020007 4.934559 37.626804 -0.568931 0.819160 -0.072765 0.236493 0.620030 2 9 0.718194 0 0.281806
Charple2_sheet
  9 -1.048625 3.862265 35.583702 0.407485 0.754827 -0.513997 0.194362 0.577208 1 9 1.000000
  9 -4.020007 4.934559 37.626804 -0.568931 0.819160 -0.072765 0.236493 0.620030 2 9 0.718194 0 0.281806
  0 -1.962517 5.645101 37.559628 -0.032131 0.961011 -0.274635 0.193740 0.620190 3 0 0.485032 9 0.347030 11 0.167938
Charple2_sheet
  9 0.076054 4.547135 36.361679 0.112752 0.563654 -0.818279 0.158636 0.577441 2 9 0.594483 11 0.405517
  9 -1.048625 3.862265 35.583702 0.407485 0.754827 -0.513997 0.194362 0.577208 1 9 1.000000
  0 -1.962517 5.645101 37.559628 -0.032131 0.961011 -0.274635 0.193740 0.620190 3 0 0.485032 9 0.347030 11 0.167938
Charple2_sheet
  9 0.076054 4.547135 36.361679 0.112752 0.563654 -0.818279 0.158636 0.577441 2 9 0.594483 11 0.405517
  0 -1.962517 5.645101 37.559628 -0.032131 0.961011 -0.274635 0.193740 0.620190 3 0 0.485032 9 0.347030 11 0.167938
  0 -0.086050 5.328372 37.852093 0.005672 0.940146 -0.340724 0.158070 0.619374 3 0 0.616032 11 0.264014 9 0.119954
Charple2_sheet
  0 -0.086050 5.328372 37.852093 0.005672 0.940146 -0.340724 0.158070 0.619374 3 0 0.616032 11 0.264014 9 0.119954
  11 1.550904 3.878087 36.046936 -0.283681 0.785118 -0.550559 0.122585 0.577208 2 11 0.806900 0 0.193100
  9 0.076054 4.547135 36.361679 0.112752 0.563654 -0.818279 0.158636 0.577441 2 9 0.594483 11 0.405517
Charple2_sheet
  0 -0.086050 5.328372 37.852093 0.005672 0.940146 -0.340724 0.158070 0.619374 3 0 0.616032 11 0.264014 9 0.119954
  0 1.345703 5.729979 37.609535 0.053592 0.950215 -0.306950 0.121963 0.620678 2 0 0.594434 11 0.405566
  11 1.550904 3.878087 36.046936 -0.283681 0.785118 -0.550559 0.122585 0.577208 2 11 0.806900 0 0.193100
Charple2_sheet
  0 1.345703 5.729979 37.609535 0.053592 0.950215 -0.306950 0.121963 0.620678 2 0 0.594434 11 0.405566
  11 4.476993 4.255309 35.319462 0.411957 0.895930 -0.166137 0.083604 0.577743 1 11 1.000000
  11 1.550904 3.878087 36.046936 -0.283681 0.785118 -0.550559 0.122585 0.577208 2 11 0.806900 0 0.193100
Charple2_sheet
  8 -0.624152 -2.626299 65.952568 -0.424558 -0.905332 -0.011147 0.599698 0.698210 1 8 1.000000
  8 -1.178066 -2.464231 66.049965 -0.216700 -0.975119 -0.046724 0.651204 0.684237 1 8 1.000000
  8 -0.924695 -2.607374 65.934013 -0.185654 -0.850800 0.491601 0.629522 0.702069 1 8 1.000000
Charple2_sheet
  8 -0.924695 -2.607374 65.934013 -0.185654 -0.850800 0.491601 0.629522 0.702069 1 8 1.000000
  8 -1.178066 -2.464231 66.049965 -0.216700 -0.975119 -0.046724 0.651204 0.684237 1 8 1.000000
  8 -1.253052 -2.609194 65.907051 -0.225268 -0.901136 0.370417 0.662683 0.707074 1 8 1.000000
Charple2_sheet
  8 -1.253052 -2.609194 65.907051 -0.225268 -0.901136 0.370417 0.662683 0.707074 1 8 1.000000
  8 -1.178066 -2.464231 66.049965 -0.216700 -0.975119 -0.046724 0.651204 0.684237 1 8 1.000000
  8 -1.484464 -2.473185 65.986511 -0.334001 -0.844380 0.418887 0.682409 0.695568 1 8 1.000000
Charple2_sheet
  8 -1.484464 -2.473185 65.986511 -0.334001 -0.844380 0.418887 0.682409 0.695568 1 8 1.000000
  8 -1.178066 -2.464231 66.049965 -0.216700 -0.975119 -0.046724 0.651204 0.684237 1 8 1.000000
  8 -1.614335 -2.344811 66.066063 -0.432873 -0.861952 -0.263930 0.692102 0.683834 1 8 1.000000
Charple2_sheet
  8 -1.614335 -2.344811 66.066063 -0.432873 -0.861952 -0.263930 0.692102 0.683834 1 8 1.000000
  8 -1.178066 -2.464231 66.049965 -0.216700 -0.975119 -0.046724 0.651204 0.684237 1 8 1.000000
  8 -1.498363 -2.550607 66.121780 -0.217875 -0.621412 -0.752581 0.685471 0.670224 1 8 1.000000
Charple2_sheet
  8 -1.498363 -2.550607 66.121780 -0.217875 -0.621412 -0.752581 0.685471 0.670224 1 8 1.000000
  8 -1.178066 -2.464231 66.049965 -0.216700 -0.975119 -0.046724 0.651204 0.684237 1 8 1.000000
  8 -1.161374 -2.687173 66.211922 -0.176301 -0.732253 -0.657817 0.654780 0.651565 1 8 1.000000
Charple2_sheet
  8 -1.161374 -2.687173 66.211922 -0.176301 -0.732253 -0.657817 0.654780 0.651565 1 8 1.000000
  8 -1.178066 -2.464231 66.049965 -0.216700 -0.975119 -0.046724 0.651204 0.684237 1 8 1.000000
  8 -0.848457 -2.678873 66.124481 -0.332866 -0.694804 -0.637532 0.623246 0.666971 1 8 1.000000
Charple2_sheet
  8 -0.848457 -2.678873 66.124481 -0.332866 -0.694804 -0.637532 0.623246 0.666971 1 8 1.000000
  8 -1.178066 -2.464231 66.049965 -0.216700 -0.975119 -0.046724 0.651204 0.684237 1 8 1.000000
  8 -0.624152 -2.626299 65.952568 -0.424558 -0.905332 -0.011147 0.599698 0.698210 1 8 1.000000
Charple2_sheet
  2 4.483296 1.690008 60.668034 -0.166130 0.008885 0.986064 0.024090 0.969985 2 2 0.700000 6 0.300000
  6 5.921503 3.450485 60.323719 0.058670 0.728334 0.682706 0.044820 0.930654 2 6 0.684645 2 0.315355
  2 4.482496 3.361897 59.570896 -0.082818 0.703267 0.706086 0.087906 0.942795 2 2 0.600000 6 0.400000
Charple2_sheet
  2 4.483296 1.690008 60.668034 -0.166130 0.008885 0.986064 0.024090 0.969985 2 2 0.700000 6 0.300000
  6 5.837007 1.728937 61.216167 0.005222 -0.026961 0.999623 0.024996 0.940504 2 6 0.600000 2 0.400000
  6 5.921503 3.450485 60.323719 0.058670 0.728334 0.682706 0.044820 0.930654 2 6 0.684645 2 0.315355
Charple2_sheet
  12 6.220911 0.706779 11.176794 0.506448 -0.782003 -0.363293 0.286319 0.057840 1 12 1.000000
  12 7.027542 -0.272688 12.433181 0.644197 -0.663991 -0.379641 0.309566 0.041236 1 12 1.000000
  12 5.961026 -0.778723 12.518375 -0.002480 -0.884620 -0.466306 0.318319 0.065783 1 12 1.000000
Charple2_sheet
  12 6.601518 1.168458 11.242372 0.927428 -0.194285 -0.319578 0.277940 0.048676 1 12 1.000000
  12 7.027542 -0.272688 12.433181 0.644197 -0.663991 -0.379641 0.309566 0.041236 1 12 1.000000
  12 6.220911 0.706779 11.176794 0.506448 -0.782003 -0.363293 0.286319 0.057840 1 12 1.000000
Charple2_sheet
  12 6.601518 1.168458 11.242372 0.927428 -0.194285 -0.319578 0.277940 0.048676 1 12 1.000000
  12 7.610039 1.109990 12.397063 0.916594 -0.193518 -0.349867 0.283198 0.026236 1 12 1.000000
  12 7.027542 -0.272688 12.433181 0.644197 -0.663991 -0.379641 0.309566 0.041236 1 12 1.000000
Charple2_sheet
  12 6.427362 1.777174 11.152591 0.744267 0.542361 -0.389758 0.265607 0.051689 1 12 1.000000
  12 7.610039 1.109990 12.397063 0.916594 -0.193518 -0.349867 0.283198 0.026236 1 12 1.000000
  12 6.601518 1.168458 11.242372 0.927428 -0.194285 -0.319578 0.277940 0.048676 1 12 1.000000
Charple2_sheet
  12 6.427362 1.777174 11.152591 0.744267 0.542361 -0.389758 0.265607 0.051689 1 12 1.000000
  12 7.508396 2.586344 12.326174 0.816483 0.423350 -0.392594 0.254052 0.026381 1 12 1.000000
  12 7.610039 1.109990 12.397063 0.916594 -0.193518 -0.349867 0.283198 0.026236 1 12 1.000000
Charple2_sheet
  12 5.940613 1.939813 11.087523 -0.043181 0.874320 -0.483426 0.261657 0.062325 1 12 1.000000
  12 7.508396 2.586344 12.326174 0.816483 0.423350 -0.392594 0.254052 0.026381 1 12 1.000000
  12 6.427362 1.777174 11.152591 0.744267 0.542361 -0.389758 0.265607 0.051689 1 12 1.000000
Charple2_sheet
  12 5.940613 1.939813 11.087523 -0.043181 0.874320 -0.483426 0.261657 0.062325 1 12 1.000000
  12 6.164690 3.877889 12.317628 0.066821 0.872088 -0.484766 0.227107 0.054531 1 12 1.000000
  12 7.508396 2.586344 12.326174 0.816483 0.423350 -0.392594 0.254052 0.026381 1 12 1.000000
Charple2_sheet
  12 5.525278 1.706838 11.124796 -0.685843 0.557107 -0.468242 0.265777 0.071936 1 12 1.000000
  12 6.164690 3.877889 12.317628 0.066821 0.872088 -0.484766 0.227107 0.054531 1 12 1.000000
  12 5.940613 1.939813 11.087523 -0.043181 0.874320 -0.483426 0.261657 0.062325 1 12 1.000000
Charple2_sheet
  12 5.525278 1.706838 11.124796 -0.685843 0.557107 -0.468242 0.265777 0.071936 1 12 1.000000
  12 4.585475 2.927732 12.449167 -0.680759 0.567558 -0.463082 0.244005 0.091168 1 12 1.000000
  12 6.164690 3.877889 12.317628 0.066821 0.872088 -0.484766 0.227107 0.054531 1 12 1.000000
Charple2_sheet
  12 5.371737 1.276119 11.100574 -0.885245 -0.038039 -0.463566 0.273939 0.075986 1 12 1.000000
  12 4.585475 2.927732 12.449167 -0.680759 0.567558 -0.463082 0.244005 0.091168 1 12 1.000000
  12 5.525278 1.706838 11.124796 -0.685843 0.557107 -0.468242 0.265777 0.071936 1 12 1.000000
Charple2_sheet
  12 5.371737 1.276119 11.100574 -0.885245 -0.038039 -0.463566 0.273939 0.075986 1 12 1.000000
  12 4.061736 1.284705 12.344172 -0.871655 -0.053409 -0.487202 0.275186 0.105230 1 12 1.000000
  12 4.585475 2.927732 12.449167 -0.680759 0.567558 -0.463082 0.244005 0.091168 1 12 1.000000
Charple2_sheet
  12 5.535987 0.877744 11.132920 -0.652460 -0.621853 -0.433121 0.282008 0.072891 1 12 1.000000
  12 4.061736 1.284705 12.344172 -0.871655 -0.053409 -0.487202 0.275186 0.105230 1 12 1.000000
  12 5.371737 1.276119 11.100574 -0.885245 -0.038039 -0.463566 0.273939 0.075986 1 12 1.000000
Charple2_sheet
  12 5.535987 0.877744 11.132920 -0.652460 -0.621853 -0.433121 0.282008 0.072891 1 12 1.000000
  12 4.743885 -0.136251 12.440868 -0.620318 -0.622225 -0.477537 0.304043 0.092041 1 12 1.000000
  12 4.061736 1.284705 12.344172 -0.871655 -0.053409 -0.487202 0.275186 0.105230 1 12 1.000000
Charple2_sheet
  12 5.873033 0.683215 11.159109 -0.145920 -0.900357 -0.409956 0.286297 0.065643 1 12 1.000000
  12 4.743885 -0.136251 12.440868 -0.620318 -0.622225 -0.477537 0.304043 0.092041 1 12 1.000000
  12 5.535987 0.877744 11.132920 -0.652460 -0.621853 -0.433121 0.282008 0.072891 1 12 1.000000
Charple2_sheet
  12 5.873033 0.683215 11.159109 -0.145920 -0.900357 -0.409956 0.286297 0.065643 1 12 1.000000
  12 5.961026 -0.778723 12.518375 -0.002480 -0.884620 -0.466306 0.318319 0.065783 1 12 1.000000
  12 4.743885 -0.136251 12.440868 -0.620318 -0.622225 -0.477537 0.304043 0.092041 1 12 1.000000
Charple2_sheet
  12 6.220911 0.706779 11.176794 0.506448 -0.782003 -0.363293 0.286319 0.057840 1 12 1.000000
  12 5.961026 -0.778723 12.518375 -0.002480 -0.884620 -0.466306 0.318319 0.065783 1 12 1.000000
  12 5.873033 0.683215 11.159109 -0.145920 -0.900357 -0.409956 0.286297 0.065643 1 12 1.000000
Charple2_sheet
  2 -4.398154 3.668871 59.635448 -0.001776 0.713892 0.700253 0.229507 0.943283 2 2 0.655502 3 0.344498
  3 -6.306390 1.643201 60.957317 -0.144745 -0.036903 0.988780 0.295016 0.940992 2 3 0.600000 2 0.400000
  2 -4.681767 1.690008 60.668034 0.080500 -0.015892 0.996628 0.296063 0.970961 2 2 0.700000 3 0.300000
Charple2_sheet
  2 -4.398154 3.668871 59.635448 -0.001776 0.713892 0.700253 0.229507 0.943283 2 2 0.655502 3 0.344498
  3 -6.525713 3.233415 60.198215 -0.169968 0.716530 0.676532 0.275289 0.930166 2 3 0.695833 2 0.304167
  3 -6.306390 1.643201 60.957317 -0.144745 -0.036903 0.988780 0.295016 0.940992 2 3 0.600000 2 0.400000
Charple2_sheet
  2 -4.398154 3.668871 59.635448 -0.001776 0.713892 0.700253 0.229212 0.943322 2 2 0.655502 3 0.344498
  2 -4.681767 1.690008 60.668034 0.080500 -0.015892 0.996628 0.295918 0.971078 2 2 0.700000 3 0.300000
  2 -3.251053 1.603455 60.642326 -0.393705 -0.016202 0.919094 0.296928 1.000108 1 2 1.000000
Charple2_sheet
  2 -4.398154 3.668871 59.635448 -0.001776 0.713892 0.700253 0.229212 0.943322 2 2 0.655502 3 0.344498
  2 -3.251053 1.603455 60.642326 -0.393705 -0.016202 0.919094 0.296928 1.000108 1 2 1.000000
  2 -2.200274 3.812098 59.374638 -0.105365 0.765032 0.635314 0.184860 0.955522 1 2 1.000000
Charple2_sheet
  2 -4.343888 -0.459717 59.629589 -0.014258 -0.634411 0.772864 0.373128 0.930378 2 2 0.800000 3 0.200000
  3 -6.306390 1.643201 60.957317 -0.144745 -0.036903 0.988780 0.294975 0.941027 2 3 0.600000 2 0.400000
  2 -6.786910 -1.033485 59.162395 -0.219241 -0.701339 0.678275 0.319911 0.928335 2 2 0.527395 3 0.472606
Charple2_sheet
  2 -4.343888 -0.459717 59.629589 -0.014258 -0.634411 0.772864 0.373128 0.930378 2 2 0.800000 3 0.200000
  2 -4.681767 1.690008 60.668034 0.080500 -0.015892 0.996628 0.295918 0.971078 2 2 0.700000 3 0.300000
  3 -6.306390 1.643201 60.957317 -0.144745 -0.036903 0.988780 0.294975 0.941027 2 3 0.600000 2 0.400000
Charple2_sheet
  2 -4.343888 -0.459717 59.629589 -0.014258 -0.634411 0.772864 0.373128 0.930378 2 2 0.800000 3 0.200000
  2 -3.251053 1.603455 60.642326 -0.393705 -0.016202 0.919094 0.296928 1.000108 1 2 1.000000
  2 -4.681767 1.690008 60.668034 0.080500 -0.015892 0.996628 0.295918 0.971078 2 2 0.700000 3 0.300000
Charple2_sheet
  2 -4.343888 -0.459717 59.629589 -0.014258 -0.634411 0.772864 0.373128 0.930378 2 2 0.800000 3 0.200000
  2 -1.882086 0.081039 59.722824 -0.475988 -0.690285 0.544924 0.388020 0.954552 1 2 1.000000
  2 -3.251053 1.603455 60.642326 -0.393705 -0.016202 0.919094 0.296928 1.000108 1 2 1.000000
Charple2_sheet
  4 -22.399046 1.098010 57.179661 -0.066449 -0.574367 -0.815897 0.026342 0.169822 1 4 1.000000
  4 -26.802977 2.486878 57.047466 -0.029584 0.013747 -0.999468 0.001638 0.071500 2 4 0.931030 5 0.068970
  4 -22.439632 2.309883 56.843742 -0.062498 -0.012484 -0.997967 0.001198 0.169959 1 4 1.000000
Charple2_sheet
  4 -22.399046 1.098010 57.179661 -0.066449 -0.574367 -0.815897 0.026342 0.169822 1 4 1.000000
  4 -26.810373 1.579624 57.250690 -0.018342 -0.420989 -0.906880 0.026542 0.071563 2 4 0.931030 5 0.068970
  4 -26.802977 2.486878 57.047466 -0.029584 0.013747 -0.999468 0.001638 0.071500 2 4 0.931030 5 0.068970
Charple2_sheet
  4 -22.361919 0.772632 57.725834 -0.066008 -0.987890 -0.140415 0.051721 0.169528 1 4 1.000000
  4 -26.810373 1.579624 57.250690 -0.018342 -0.420989 -0.906880 0.026542 0.071563 2 4 0.931030 5 0.068970
  4 -22.399046 1.098010 57.179661 -0.066449 -0.574367 -0.815897 0.026342 0.169822 1 4 1.000000
Charple2_sheet
  4 -22.361919 0.772632 57.725834 -0.066008 -0.987890 -0.140415 0.051721 0.169528 1 4 1.000000
  4 -26.818110 1.001391 57.625633 -0.042133 -0.956783 -0.287733 0.051872 0.071395 2 4 0.931030 5 0.068970
  4 -26.810373 1.579624 57.250690 -0.018342 -0.420989 -0.906880 0.026542 0.071563 2 4 0.931030 5 0.068970
Charple2_sheet
  4 -22.410303 1.145721 58.705635 -0.101146 -0.699420 0.707518 0.077279 0.169854 1 4 1.000000
  4 -26.818110 1.001391 57.625633 -0.042133 -0.956783 -0.287733 0.051872 0.071395 2 4 0.931030 5 0.068970
  4 -22.361919 0.772632 57.725834 -0.066008 -0.987890 -0.140415 0.051721 0.169528 1 4 1.000000
Charple2_sheet
  4 -22.410303 1.145721 58.705635 -0.101146 -0.699420 0.707518 0.077279 0.169854 1 4 1.000000
  4 -26.826714 1.171410 58.234287 -0.085725 -0.690184 0.718538 0.077403 0.071640 2 4 0.931030 5 0.068970
  4 -26.818110 1.001391 57.625633 -0.042133 -0.956783 -0.287733 0.051872 0.071395 2 4 0.931030 5 0.068970
Charple2_sheet
  4 -22.401173 2.078567 59.005230 -0.132803 0.010800 0.991084 0.102996 0.169607 1 4 1.000000
  4 -26.826714 1.171410 58.234287 -0.085725 -0.690184 0.718538 0.077403 0.071640 2 4 0.931030 5 0.068970
  4 -22.410303 1.145721 58.705635 -0.101146 -0.699420 0.707518 0.077279 0.169854 1 4 1.000000
Charple2_sheet
  4 -22.401173 2.078567 59.005230 -0.132803 0.010800 0.991084 0.102996 0.169607 1 4 1.000000
  4 -26.822430 2.113419 58.460205 -0.116450 0.014475 0.993091 0.103188 0.071741 2 4 0.931030 5 0.068970
  4 -26.826714 1.171410 58.234287 -0.085725 -0.690184 0.718538 0.077403 0.071640 2 4 0.931030 5 0.068970
Charple2_sheet
  4 -22.429417 3.174436 58.633118 -0.119066 0.672885 0.730102 0.121691 0.169861 1 4 1.000000
  4 -26.822430 2.113419 58.460205 -0.116450 0.014475 0.993091 0.103188 0.071741 2 4 0.931030 5 0.068970
  4 -22.401173 2.078567 59.005230 -0.132803 0.010800 0.991084 0.102996 0.169607 1 4 1.000000
Charple2_sheet
  4 -22.429417 3.174436 58.633118 -0.119066 0.672885 0.730102 0.121691 0.169861 1 4 1.000000
  4 -26.819771 2.832188 58.258736 -0.120958 0.631402 0.765964 0.120852 0.072004 2 4 0.931030 5 0.068970
  4 -26.822430 2.113419 58.460205 -0.116450 0.014475 0.993091 0.103188 0.071741 2 4 0.931030 5 0.068970
Charple2_sheet
  4 -26.818110 1.001391 57.625633 -0.042133 -0.956783 -0.287733 0.051872 0.071395 2 4 0.931030 5 0.068970
  4 -26.826714 1.171410 58.234287 -0.085725 -0.690184 0.718538 0.077403 0.071640 2 4 0.931030 5 0.068970
  5 -27.547846 1.210264 58.173813 -0.031456 -0.700936 0.712530 0.077231 0.040005 1 5 1.000000
Charple2_sheet
  4 -26.818110 1.001391 57.625633 -0.042133 -0.956783 -0.287733 0.051872 0.071395 2 4 0.931030 5 0.068970
  5 -27.547846 1.210264 58.173813 -0.031456 -0.700936 0.712530 0.077231 0.040005 1 5 1.000000
  5 -27.566673 1.032633 57.566589 0.051296 -0.923211 -0.380854 0.051542 0.040067 1 5 1.000000
Charple2_sheet
  4 -26.810373 1.579624 57.250690 -0.018342 -0.420989 -0.906880 0.026542 0.071563 2 4 0.931030 5 0.068970
  4 -26.818110 1.001391 57.625633 -0.042133 -0.956783 -0.287733 0.051872 0.071395 2 4 0.931030 5 0.068970
  5 -27.566673 1.032633 57.566589 0.051296 -0.923211 -0.380854 0.051542 0.040067 1 5 1.000000
Charple2_sheet
  4 -26.810373 1.579624 57.250690 -0.018342 -0.420989 -0.906880 0.026542 0.071563 2 4 0.931030 5 0.068970
  5 -27.566673 1.032633 57.566589 0.051296 -0.923211 -0.380854 0.051542 0.040067 1 5 1.000000
  5 -27.622662 1.705838 57.151428 0.112166 -0.289729 -0.950513 0.026643 0.040093 1 5 1.000000
Charple2_sheet
  4 -26.802977 2.486878 57.047466 -0.029584 0.013747 -0.999468 0.001638 0.071500 2 4 0.931030 5 0.068970
  4 -26.810373 1.579624 57.250690 -0.018342 -0.420989 -0.906880 0.026542 0.071563 2 4 0.931030 5 0.068970
  5 -27.622662 1.705838 57.151428 0.112166 -0.289729 -0.950513 0.026643 0.040093 1 5 1.000000
Charple2_sheet
  4 -26.802977 2.486878 57.047466 -0.029584 0.013747 -0.999468 0.001638 0.071500 2 4 0.931030 5 0.068970
  5 -27.622662 1.705838 57.151428 0.112166 -0.289729 -0.950513 0.026643 0.040093 1 5 1.000000
  5 -27.558487 2.649490 57.106724 0.078766 0.080201 -0.993662 0.001897 0.040486 1 5 1.000000
Charple2_sheet
  4 -22.439632 2.309883 56.843742 -0.062498 -0.012484 -0.997967 0.001198 0.169959 1 4 1.000000
  4 -18.193333 2.207651 56.426899 0.028405 -0.007586 -0.999568 0.001246 0.279648 1 4 1.000000
  4 -18.208977 0.883660 56.955055 0.011312 -0.672819 -0.739720 0.026631 0.279799 1 4 1.000000
Charple2_sheet
  4 -22.439632 2.309883 56.843742 -0.062498 -0.012484 -0.997967 0.001198 0.169959 1 4 1.000000
  4 -18.208977 0.883660 56.955055 0.011312 -0.672819 -0.739720 0.026631 0.279799 1 4 1.000000
  4 -22.399046 1.098010 57.179661 -0.066449 -0.574367 -0.815897 0.026342 0.169822 1 4 1.000000
Charple2_sheet
  4 -22.399046 1.098010 57.179661 -0.066449 -0.574367 -0.815897 0.026342 0.169822 1 4 1.000000
  4 -18.208977 0.883660 56.955055 0.011312 -0.672819 -0.739720 0.026631 0.279799 1 4 1.000000
  4 -18.146770 0.488384 57.758671 0.031474 -0.997984 -0.055116 0.052058 0.279867 1 4 1.000000
Charple2_sheet
  4 -22.399046 1.098010 57.179661 -0.066449 -0.574367 -0.815897 0.026342 0.169822 1 4 1.000000
  4 -18.146770 0.488384 57.758671 0.031474 -0.997984 -0.055116 0.052058 0.279867 1 4 1.000000
  4 -22.361919 0.772632 57.725834 -0.066008 -0.987890 -0.140415 0.051721 0.169528 1 4 1.000000
Charple2_sheet
  4 -22.361919 0.772632 57.725834 -0.066008 -0.987890 -0.140415 0.051721 0.169528 1 4 1.000000
  4 -18.146770 0.488384 57.758671 0.031474 -0.997984 -0.055116 0.052058 0.279867 1 4 1.000000
  4 -18.100142 1.030019 59.228161 -0.026092 -0.733814 0.678849 0.077643 0.279788 1 4 1.000000
Charple2_sheet
  4 -22.361919 0.772632 57.725834 -0.066008 -0.987890 -0.140415 0.051721 0.169528 1 4 1.000000
  4 -18.100142 1.030019 59.228161 -0.026092 -0.733814 0.678849 0.077643 0.279788 1 4 1.000000
  4 -22.410303 1.145721 58.705635 -0.101146 -0.699420 0.707518 0.077279 0.169854 1 4 1.000000
Charple2_sheet
  4 -22.410303 1.145721 58.705635 -0.101146 -0.699420 0.707518 0.077279 0.169854 1 4 1.000000
  4 -18.100142 1.030019 59.228161 -0.026092 -0.733814 0.678849 0.077643 0.279788 1 4 1.000000
  4 -18.119473 2.119459 59.740490 -0.075953 -0.006955 0.997087 0.102803 0.279679 1 4 1.000000
Charple2_sheet
  4 -22.410303 1.145721 58.705635 -0.101146 -0.699420 0.707518 0.077279 0.169854 1 4 1.000000
  4 -18.119473 2.119459 59.740490 -0.075953 -0.006955 0.997087 0.102803 0.279679 1 4 1.000000
  4 -22.401173 2.078567 59.005230 -0.132803 0.010800 0.991084 0.102995 0.169607 1 4 1.000000
Charple2_sheet
  4 -22.401173 2.078567 59.005230 -0.132803 0.010800 0.991084 0.102995 0.169607 1 4 1.000000
  4 -18.119473 2.119459 59.740490 -0.075953 -0.006955 0.997087 0.102803 0.279679 1 4 1.000000
  4 -18.127748 3.401355 59.119492 -0.036392 0.720102 0.692913 0.121554 0.279925 1 4 1.000000
Charple2_sheet
  4 -22.401173 2.078567 59.005230 -0.132803 0.010800 0.991084 0.102995 0.169607 1 4 1.000000
  4 -18.127748 3.401355 59.119492 -0.036392 0.720102 0.692913 0.121554 0.279925 1 4 1.000000
  4 -22.429417 3.174436 58.633118 -0.119066 0.672885 0.730102 0.121691 0.169861 1 4 1.000000
Charple2_sheet
  3 -15.563669 0.904001 57.229019 -0.101926 -0.764736 -0.636231 0.026633 0.330497 1 3 1.000000
  3 -16.860018 2.042122 56.517609 0.061605 -0.002985 -0.998096 0.001044 0.305446 2 3 0.579310 4 0.420690
  3 -15.812043 2.156336 56.484222 -0.083229 -0.033321 -0.995973 0.001446 0.330622 1 3 1.000000
Charple2_sheet
  3 -15.563669 0.904001 57.229019 -0.101926 -0.764736 -0.636231 0.026633 0.330497 1 3 1.000000
  3 -16.819948 1.032774 57.045181 0.083575 -0.739584 -0.667855 0.026684 0.305580 2 3 0.579310 4 0.420690
  3 -16.860018 2.042122 56.517609 0.061605 -0.002985 -0.998096 0.001044 0.305446 2 3 0.579310 4 0.420690
Charple2_sheet
  4 -18.193333 2.207651 56.426899 0.028405 -0.007586 -0.999568 0.001246 0.279648 1 4 1.000000
  3 -16.860018 2.042122 56.517609 0.061605 -0.002985 -0.998096 0.001044 0.305446 2 3 0.579310 4 0.420690
  3 -16.819948 1.032774 57.045181 0.083575 -0.739584 -0.667855 0.026684 0.305580 2 3 0.579310 4 0.420690
Charple2_sheet
  4 -18.193333 2.207651 56.426899 0.028405 -0.007586 -0.999568 0.001246 0.279648 1 4 1.000000
  3 -16.819948 1.032774 57.045181 0.083575 -0.739584 -0.667855 0.026684 0.305580 2 3 0.579310 4 0.420690
  4 -18.208977 0.883660 56.955055 0.011312 -0.672819 -0.739720 0.026631 0.279799 1 4 1.000000
Charple2_sheet
  4 -18.208977 0.883660 56.955055 0.011312 -0.672819 -0.739720 0.026631 0.279799 1 4 1.000000
  3 -16.819948 1.032774 57.045181 0.083575 -0.739584 -0.667855 0.026684 0.305580 2 3 0.579310 4 0.420690
  3 -16.921732 0.643893 57.831570 0.120482 -0.992660 0.010528 0.051781 0.305418 2 3 0.579310 4 0.420690
Charple2_sheet
  4 -18.208977 0.883660 56.955055 0.011312 -0.672819 -0.739720 0.026631 0.279799 1 4 1.000000
  3 -16.921732 0.643893 57.831570 0.120482 -0.992660 0.010528 0.051781 0.305418 2 3 0.579310 4 0.420690
  4 -18.146770 0.488384 57.758671 0.031474 -0.997984 -0.055116 0.052058 0.279867 1 4 1.000000
Charple2_sheet
  4 -18.146770 0.488384 57.758671 0.031474 -0.997984 -0.055116 0.052058 0.279867 1 4 1.000000
  3 -16.921732 0.643893 57.831570 0.120482 -0.992660 0.010528 0.051781 0.305418 2 3 0.579310 4 0.420690
  3 -16.945284 1.203644 59.257656 0.105962 -0.759274 0.642086 0.077546 0.305810 2 3 0.579310 4 0.420690
Charple2_sheet
  4 -18.146770 0.488384 57.758671 0.031474 -0.997984 -0.055116 0.052058 0.279867 1 4 1.000000
  3 -16.945284 1.203644 59.257656 0.105962 -0.759274 0.642086 0.077546 0.305810 2 3 0.579310 4 0.420690
  4 -18.100142 1.030019 59.228161 -0.026092 -0.733814 0.678849 0.077643 0.279788 1 4 1.000000
Charple2_sheet
  4 -18.100142 1.030019 59.228161 -0.026092 -0.733814 0.678849 0.077643 0.279788 1 4 1.000000
  3 -16.945284 1.203644 59.257656 0.105962 -0.759274 0.642086 0.077546 0.305810 2 3 0.579310 4 0.420690
  3 -16.953625 2.032477 59.770878 0.082999 -0.062571 0.994583 0.103009 0.305449 2 3 0.579310 4 0.420690
Charple2_sheet
  4 -18.100142 1.030019 59.228161 -0.026092 -0.733814 0.678849 0.077643 0.279788 1 4 1.000000
  3 -16.953625 2.032477 59.770878 0.082999 -0.062571 0.994583 0.103009 0.305449 2 3 0.579310 4 0.420690
  4 -18.119473 2.119459 59.740490 -0.075953 -0.006955 0.997087 0.102803 0.279679 1 4 1.000000
Charple2_sheet
  4 -18.119473 2.119459 59.740490 -0.075953 -0.006955 0.997087 0.102803 0.279679 1 4 1.000000
  3 -16.953625 2.032477 59.770878 0.082999 -0.062571 0.994583 0.103009 0.305449 2 3 0.579310 4 0.420690
  3 -16.930914 3.295762 59.157543 0.101867 0.717712 0.688848 0.121569 0.305634 2 3 0.579310 4 0.420690
Charple2_sheet
  4 -18.119473 2.119459 59.740490 -0.075953 -0.006955 0.997087 0.102803 0.279679 1 4 1.000000
  3 -16.930914 3.295762 59.157543 0.101867 0.717712 0.688848 0.121569 0.305634 2 3 0.579310 4 0.420690
  4 -18.127748 3.401355 59.119492 -0.036392 0.720102 0.692913 0.121554 0.279925 1 4 1.000000
Charple2_sheet
  4 -18.127748 3.401355 59.119492 -0.036392 0.720102 0.692913 0.121554 0.279925 1 4 1.000000
  3 -16.930914 3.295762 59.157543 0.101867 0.717712 0.688848 0.121569 0.305634 2 3 0.579310 4 0.420690
  3 -16.562534 3.657202 58.078362 0.059131 0.997588 -0.036340 0.145871 0.305346 2 3 0.579310 4 0.420690
Charple2_sheet
  4 -18.127748 3.401355 59.119492 -0.036392 0.720102 0.692913 0.121554 0.279925 1 4 1.000000
  3 -16.562534 3.657202 58.078362 0.059131 0.997588 -0.036340 0.145871 0.305346 2 3 0.579310 4 0.420690
  4 -18.258039 3.978119 57.664845 0.058712 0.995534 -0.073929 0.145985 0.279720 1 4 1.000000
Charple2_sheet
  4 -22.429417 3.174436 58.633118 -0.119066 0.672885 0.730102 0.121691 0.169861 1 4 1.000000
  4 -18.127748 3.401355 59.119492 -0.036392 0.720102 0.692913 0.121554 0.279925 1 4 1.000000
  4 -18.258039 3.978119 57.664845 0.058712 0.995534 -0.073929 0.145985 0.279720 1 4 1.000000
Charple2_sheet
  4 -22.429417 3.174436 58.633118 -0.119066 0.672885 0.730102 0.121691 0.169861 1 4 1.000000
  4 -18.258039 3.978119 57.664845 0.058712 0.995534 -0.073929 0.145985 0.279720 1 4 1.000000
  4 -22.533182 3.622591 57.666424 -0.093282 0.995199 -0.029609 0.145821 0.169950 1 4 1.000000
Charple2_sheet
  4 -22.533182 3.622591 57.666424 -0.093282 0.995199 -0.029609 0.145821 0.169950 1 4 1.000000
  4 -26.819771 2.832188 58.258736 -0.120958 0.631402 0.765964 0.120852 0.072004 2 4 0.931030 5 0.068970
  4 -22.429417 3.174436 58.633118 -0.119066 0.672885 0.730102 0.121691 0.169861 1 4 1.000000
Charple2_sheet
  4 -22.533182 3.622591 57.666424 -0.093282 0.995199 -0.029609 0.145821 0.169950 1 4 1.000000
  4 -26.815485 3.175527 57.591293 -0.074509 0.996812 0.028536 0.146634 0.071899 2 4 0.931030 5 0.068970
  4 -26.819771 2.832188 58.258736 -0.120958 0.631402 0.765964 0.120852 0.072004 2 4 0.931030 5 0.068970
Charple2_sheet
  3 -15.852751 0.838343 58.006195 -0.098458 -0.995089 0.010164 0.051735 0.330300 1 3 1.000000
  3 -16.819948 1.032774 57.045181 0.083575 -0.739584 -0.667855 0.026684 0.305580 2 3 0.579310 4 0.420690
  3 -15.563669 0.904001 57.229019 -0.101926 -0.764736 -0.636231 0.026633 0.330497 1 3 1.000000
Charple2_sheet
  3 -15.852751 0.838343 58.006195 -0.098458 -0.995089 0.010164 0.051735 0.330300 1 3 1.000000
  3 -16.921732 0.643893 57.831570 0.120482 -0.992660 0.010528 0.051781 0.305418 2 3 0.579310 4 0.420690
  3 -16.819948 1.032774 57.045181 0.083575 -0.739584 -0.667855 0.026684 0.305580 2 3 0.579310 4 0.420690
Charple2_sheet
  3 -16.101925 1.302671 59.100941 -0.023723 -0.733875 0.678870 0.077693 0.330744 1 3 1.000000
  3 -16.921732 0.643893 57.831570 0.120482 -0.992660 0.010528 0.051781 0.305418 2 3 0.579310 4 0.420690
  3 -15.852751 0.838343 58.006195 -0.098458 -0.995089 0.010164 0.051735 0.330300 1 3 1.000000
Charple2_sheet
  3 -16.101925 1.302671 59.100941 -0.023723 -0.733875 0.678870 0.077693 0.330744 1 3 1.000000
  3 -16.945284 1.203644 59.257656 0.105962 -0.759274 0.642086 0.077546 0.305810 2 3 0.579310 4 0.420690
  3 -16.921732 0.643893 57.831570 0.120482 -0.992660 0.010528 0.051781 0.305418 2 3 0.579310 4 0.420690
Charple2_sheet
  3 -15.471844 3.026722 59.149117 0.044733 0.671037 0.740073 0.121744 0.330479 1 3 1.000000
  3 -16.953625 2.032477 59.770878 0.082999 -0.062571 0.994583 0.103009 0.305449 2 3 0.579310 4 0.420690
  3 -15.887089 1.940939 59.564159 0.034250 -0.047330 0.998292 0.102930 0.330262 1 3 1.000000
Charple2_sheet
  3 -15.471844 3.026722 59.149117 0.044733 0.671037 0.740073 0.121744 0.330479 1 3 1.000000
  3 -16.930914 3.295762 59.157543 0.101867 0.717712 0.688848 0.121569 0.305634 2 3 0.579310 4 0.420690
  3 -16.953625 2.032477 59.770878 0.082999 -0.062571 0.994583 0.103009 0.305449 2 3 0.579310 4 0.420690
Charple2_sheet
  3 -15.752476 3.794969 57.487083 -0.107483 0.985617 -0.130412 0.146082 0.330543 1 3 1.000000
  3 -16.930914 3.295762 59.157543 0.101867 0.717712 0.688848 0.121569 0.305634 2 3 0.579310 4 0.420690
  3 -15.471844 3.026722 59.149117 0.044733 0.671037 0.740073 0.121744 0.330479 1 3 1.000000
Charple2_sheet
  3 -15.752476 3.794969 57.487083 -0.107483 0.985617 -0.130412 0.146082 0.330543 1 3 1.000000
  3 -16.562534 3.657202 58.078362 0.059131 0.997588 -0.036340 0.145871 0.305346 2 3 0.579310 4 0.420690
  3 -16.930914 3.295762 59.157543 0.101867 0.717712 0.688848 0.121569 0.305634 2 3 0.579310 4 0.420690
Charple2_sheet
  3 -15.629684 3.633474 57.226799 -0.150490 0.583681 -0.797916 0.166019 0.330394 1 3 1.000000
  3 -16.562534 3.657202 58.078362 0.059131 0.997588 -0.036340 0.145871 0.305346 2 3 0.579310 4 0.420690
  3 -15.752476 3.794969 57.487083 -0.107483 0.985617 -0.130412 0.146082 0.330543 1 3 1.000000
Charple2_sheet
  3 -15.629684 3.633474 57.226799 -0.150490 0.583681 -0.797916 0.166019 0.330394 1 3 1.000000
  3 -16.978458 3.257118 57.204235 0.022059 0.701306 -0.712519 0.165842 0.305694 2 3 0.579310 4 0.420690
  3 -16.562534 3.657202 58.078362 0.059131 0.997588 -0.036340 0.145871 0.305346 2 3 0.579310 4 0.420690
Charple2_sheet
  4 -18.258039 3.978119 57.664845 0.058712 0.995534 -0.073929 0.145985 0.279720 1 4 1.000000
  3 -16.562534 3.657202 58.078362 0.059131 0.997588 -0.036340 0.145871 0.305346 2 3 0.579310 4 0.420690
  3 -16.978458 3.257118 57.204235 0.022059 0.701306 -0.712519 0.165842 0.305694 2 3 0.579310 4 0.420690
Charple2_sheet
  4 -18.258039 3.978119 57.664845 0.058712 0.995534 -0.073929 0.145985 0.279720 1 4 1.000000
  3 -16.978458 3.257118 57.204235 0.022059 0.701306 -0.712519 0.165842 0.305694 2 3 0.579310 4 0.420690
  4 -18.275372 3.496416 56.870941 0.091342 0.638735 -0.763986 0.165994 0.279572 1 4 1.000000
Charple2_sheet
  4 -22.533182 3.622591 57.666424 -0.093282 0.995199 -0.029609 0.145821 0.169950 1 4 1.000000
  4 -18.258039 3.978119 57.664845 0.058712 0.995534 -0.073929 0.145985 0.279720 1 4 1.000000
  4 -18.275372 3.496416 56.870941 0.091342 0.638735 -0.763986 0.165994 0.279572 1 4 1.000000
Charple2_sheet
  4 -22.533182 3.622591 57.666424 -0.093282 0.995199 -0.029609 0.145821 0.169950 1 4 1.000000
  4 -18.275372 3.496416 56.870941 0.091342 0.638735 -0.763986 0.165994 0.279572 1 4 1.000000
  4 -22.516348 3.307256 57.104057 -0.069028 0.620766 -0.780951 0.166297 0.169587 1 4 1.000000
Charple2_sheet
  4 -22.516348 3.307256 57.104057 -0.069028 0.620766 -0.780951 0.166297 0.169587 1 4 1.000000
  4 -26.815485 3.175527 57.591293 -0.074509 0.996812 0.028536 0.146634 0.071899 2 4 0.931030 5 0.068970
  4 -22.533182 3.622591 57.666424 -0.093282 0.995199 -0.029609 0.145821 0.169950 1 4 1.000000
Charple2_sheet
  4 -22.516348 3.307256 57.104057 -0.069028 0.620766 -0.780951 0.166297 0.169587 1 4 1.000000
  4 -26.813129 3.007797 57.152885 -0.042448 0.628821 -0.776390 0.167887 0.072186 2 4 0.931030 5 0.068970
  4 -26.815485 3.175527 57.591293 -0.074509 0.996812 0.028536 0.146634 0.071899 2 4 0.931030 5 0.068970
Charple2_sheet
  3 -15.812043 2.156336 56.484222 -0.083229 -0.033321 -0.995973 0.193009 0.330614 1 3 1.000000
  3 -16.978458 3.257118 57.204235 0.022059 0.701306 -0.712519 0.165842 0.305694 2 3 0.579310 4 0.420690
  3 -15.629684 3.633474 57.226799 -0.150490 0.583681 -0.797916 0.166019 0.330394 1 3 1.000000
Charple2_sheet
  3 -15.812043 2.156336 56.484222 -0.083229 -0.033321 -0.995973 0.193009 0.330614 1 3 1.000000
  3 -16.860018 2.042122 56.517609 0.061605 -0.002985 -0.998096 0.193510 0.305413 2 3 0.579310 4 0.420690
  3 -16.978458 3.257118 57.204235 0.022059 0.701306 -0.712519 0.165842 0.305694 2 3 0.579310 4 0.420690
Charple2_sheet
  4 -18.275372 3.496416 56.870941 0.091342 0.638735 -0.763986 0.165994 0.279572 1 4 1.000000
  3 -16.978458 3.257118 57.204235 0.022059 0.701306 -0.712519 0.165842 0.305694 2 3 0.579310 4 0.420690
  3 -16.860018 2.042122 56.517609 0.061605 -0.002985 -0.998096 0.193510 0.305413 2 3 0.579310 4 0.420690
Charple2_sheet
  4 -18.275372 3.496416 56.870941 0.091342 0.638735 -0.763986 0.165994 0.279572 1 4 1.000000
  3 -16.860018 2.042122 56.517609 0.061605 -0.002985 -0.998096 0.193510 0.305413 2 3 0.579310 4 0.420690
  4 -18.193333 2.207651 56.426899 0.028405 -0.007586 -0.999568 0.193470 0.279663 1 4 1.000000
Charple2_sheet
  4 -22.516348 3.307256 57.104057 -0.069028 0.620766 -0.780951 0.166297 0.169587 1 4 1.000000
  4 -18.275372 3.496416 56.870941 0.091342 0.638735 -0.763986 0.165994 0.279572 1 4 1.000000
  4 -18.193333 2.207651 56.426899 0.028405 -0.007586 -0.999568 0.193470 0.279663 1 4 1.000000
Charple2_sheet
  4 -22.516348 3.307256 57.104057 -0.069028 0.620766 -0.780951 0.166297 0.169587 1 4 1.000000
  4 -18.193333 2.207651 56.426899 0.028405 -0.007586 -0.999568 0.193470 0.279663 1 4 1.000000
  4 -22.439632 2.309883 56.843742 -0.062498 -0.012484 -0.997967 0.193716 0.169635 1 4 1.000000
Charple2_sheet
  4 -22.439632 2.309883 56.843742 -0.062498 -0.012484 -0.997967 0.193716 0.169635 1 4 1.000000
  4 -26.813129 3.007797 57.152885 -0.042448 0.628821 -0.776390 0.167887 0.072186 2 4 0.931030 5 0.068970
  4 -22.516348 3.307256 57.104057 -0.069028 0.620766 -0.780951 0.166297 0.169587 1 4 1.000000
Charple2_sheet
  4 -22.439632 2.309883 56.843742 -0.062498 -0.012484 -0.997967 0.193716 0.169635 1 4 1.000000
  4 -26.802977 2.486878 57.047466 -0.029584 0.013747 -0.999468 0.192986 0.071814 2 4 0.931030 5 0.068970
  4 -26.813129 3.007797 57.152885 -0.042448 0.628821 -0.776390 0.167887 0.072186 2 4 0.931030 5 0.068970
Charple2_sheet
  4 -26.813129 3.007797 57.152885 -0.042448 0.628821 -0.776390 0.167887 0.072186 2 4 0.931030 5 0.068970
  4 -26.802977 2.486878 57.047466 -0.029584 0.013747 -0.999468 0.192986 0.071814 2 4 0.931030 5 0.068970
  5 -27.558487 2.649490 57.106724 0.078766 0.080201 -0.993662 0.193288 0.039601 1 5 1.000000
Charple2_sheet
  4 -26.813129 3.007797 57.152885 -0.042448 0.628821 -0.776390 0.167887 0.072186 2 4 0.931030 5 0.068970
  5 -27.558487 2.649490 57.106724 0.078766 0.080201 -0.993662 0.193288 0.039601 1 5 1.000000
  5 -27.540407 2.993376 57.178764 0.036524 0.645016 -0.763295 0.167921 0.039066 1 5 1.000000
Charple2_sheet
  4 -26.815485 3.175527 57.591293 -0.074509 0.996812 0.028536 0.146634 0.071899 2 4 0.931030 5 0.068970
  4 -26.813129 3.007797 57.152885 -0.042448 0.628821 -0.776390 0.167887 0.072186 2 4 0.931030 5 0.068970
  5 -27.540407 2.993376 57.178764 0.036524 0.645016 -0.763295 0.167921 0.039066 1 5 1.000000
Charple2_sheet
  4 -26.815485 3.175527 57.591293 -0.074509 0.996812 0.028536 0.146634 0.071899 2 4 0.931030 5 0.068970
  5 -27.540407 2.993376 57.178764 0.036524 0.645016 -0.763295 0.167921 0.039066 1 5 1.000000
  5 -27.495817 3.171935 57.549915 -0.020838 0.997687 0.064696 0.146315 0.039382 1 5 1.000000
Charple2_sheet
  4 -26.819771 2.832188 58.258736 -0.120958 0.631402 0.765964 0.120852 0.072004 2 4 0.931030 5 0.068970
  4 -26.815485 3.175527 57.591293 -0.074509 0.996812 0.028536 0.146634 0.071899 2 4 0.931030 5 0.068970
  5 -27.495817 3.171935 57.549915 -0.020838 0.997687 0.064696 0.146315 0.039382 1 5 1.000000
Charple2_sheet
  4 -26.819771 2.832188 58.258736 -0.120958 0.631402 0.765964 0.120852 0.072004 2 4 0.931030 5 0.068970
  5 -27.495817 3.171935 57.549915 -0.020838 0.997687 0.064696 0.146315 0.039382 1 5 1.000000
  5 -27.494171 2.793871 58.155724 -0.077753 0.619870 0.780843 0.121041 0.039401 1 5 1.000000
Charple2_sheet
  4 -26.822430 2.113419 58.460205 -0.116450 0.014475 0.993091 0.103188 0.071741 2 4 0.931030 5 0.068970
  4 -26.819771 2.832188 58.258736 -0.120958 0.631402 0.765964 0.120852 0.072004 2 4 0.931030 5 0.068970
  5 -27.494171 2.793871 58.155724 -0.077753 0.619870 0.780843 0.121041 0.039401 1 5 1.000000
Charple2_sheet
  4 -26.822430 2.113419 58.460205 -0.116450 0.014475 0.993091 0.103188 0.071741 2 4 0.931030 5 0.068970
  5 -27.494171 2.793871 58.155724 -0.077753 0.619870 0.780843 0.121041 0.039401 1 5 1.000000
  5 -27.525925 1.979888 58.389080 -0.059752 0.026288 0.997867 0.103145 0.039440 1 5 1.000000
Charple2_sheet
  4 -26.826714 1.171410 58.234287 -0.085725 -0.690184 0.718538 0.077403 0.071640 2 4 0.931030 5 0.068970
  4 -26.822430 2.113419 58.460205 -0.116450 0.014475 0.993091 0.103188 0.071741 2 4 0.931030 5 0.068970
  5 -27.525925 1.979888 58.389080 -0.059752 0.026288 0.997867 0.103145 0.039440 1 5 1.000000
Charple2_sheet
  4 -26.826714 1.171410 58.234287 -0.085725 -0.690184 0.718538 0.077403 0.071640 2 4 0.931030 5 0.068970
  5 -27.525925 1.979888 58.389080 -0.059752 0.026288 0.997867 0.103145 0.039440 1 5 1.000000
  5 -27.547846 1.210264 58.173813 -0.031456 -0.700936 0.712530 0.077231 0.040005 1 5 1.000000
Charple2_sheet
  3 -12.027154 -0.055834 56.979198 -0.151632 -0.710216 -0.687459 0.026363 0.426201 1 3 1.000000
  3 -9.277960 1.463401 56.219631 -0.257303 -0.085825 -0.962512 0.001623 0.515103 1 3 1.000000
  3 -9.118688 -0.196351 56.809769 -0.297462 -0.666063 -0.684015 0.027070 0.515069 1 3 1.000000
Charple2_sheet
  3 -12.027154 -0.055834 56.979198 -0.151632 -0.710216 -0.687459 0.026363 0.426201 1 3 1.000000
  3 -12.403727 1.566786 56.091717 -0.087443 -0.074231 -0.993400 0.001046 0.426280 1 3 1.000000
  3 -9.277960 1.463401 56.219631 -0.257303 -0.085825 -0.962512 0.001623 0.515103 1 3 1.000000
Charple2_sheet
  3 -12.027154 -0.055834 56.979198 -0.151632 -0.710216 -0.687459 0.026363 0.426201 1 3 1.000000
  3 -15.812043 2.156336 56.484222 -0.083229 -0.033321 -0.995973 0.001446 0.330622 1 3 1.000000
  3 -12.403727 1.566786 56.091717 -0.087443 -0.074231 -0.993400 0.001046 0.426280 1 3 1.000000
Charple2_sheet
  3 -12.027154 -0.055834 56.979198 -0.151632 -0.710216 -0.687459 0.026363 0.426201 1 3 1.000000
  3 -15.563669 0.904001 57.229019 -0.101926 -0.764736 -0.636231 0.026633 0.330497 1 3 1.000000
  3 -15.812043 2.156336 56.484222 -0.083229 -0.033321 -0.995973 0.001446 0.330622 1 3 1.000000
Charple2_sheet
  3 -12.289532 -0.330306 57.407951 -0.176563 -0.983069 -0.048997 0.052068 0.426300 1 3 1.000000
  3 -15.563669 0.904001 57.229019 -0.101926 -0.764736 -0.636231 0.026633 0.330497 1 3 1.000000
  3 -12.027154 -0.055834 56.979198 -0.151632 -0.710216 -0.687459 0.026363 0.426201 1 3 1.000000
Charple2_sheet
  3 -12.289532 -0.330306 57.407951 -0.176563 -0.983069 -0.048997 0.052068 0.426300 1 3 1.000000
  3 -15.852751 0.838343 58.006195 -0.098458 -0.995089 0.010164 0.051735 0.330300 1 3 1.000000
  3 -15.563669 0.904001 57.229019 -0.101926 -0.764736 -0.636231 0.026633 0.330497 1 3 1.000000
Charple2_sheet
  3 -12.512696 0.403604 59.564190 -0.111193 -0.676334 0.728154 0.077574 0.426120 1 3 1.000000
  3 -15.852751 0.838343 58.006195 -0.098458 -0.995089 0.010164 0.051735 0.330300 1 3 1.000000
  3 -12.289532 -0.330306 57.407951 -0.176563 -0.983069 -0.048997 0.052068 0.426300 1 3 1.000000
Charple2_sheet
  3 -12.512696 0.403604 59.564190 -0.111193 -0.676334 0.728154 0.077574 0.426120 1 3 1.000000
  3 -16.101925 1.302671 59.100941 -0.023723 -0.733875 0.678870 0.077693 0.330744 1 3 1.000000
  3 -15.852751 0.838343 58.006195 -0.098458 -0.995089 0.010164 0.051735 0.330300 1 3 1.000000
Charple2_sheet
  3 -12.019106 1.644405 59.702984 -0.044580 0.007906 0.998974 0.103214 0.426059 1 3 1.000000
  3 -16.101925 1.302671 59.100941 -0.023723 -0.733875 0.678870 0.077693 0.330744 1 3 1.000000
  3 -12.512696 0.403604 59.564190 -0.111193 -0.676334 0.728154 0.077574 0.426120 1 3 1.000000
Charple2_sheet
  3 -12.019106 1.644405 59.702984 -0.044580 0.007906 0.998974 0.103214 0.426059 1 3 1.000000
  3 -15.887089 1.940939 59.564159 0.034250 -0.047330 0.998292 0.102930 0.330262 1 3 1.000000
  3 -16.101925 1.302671 59.100941 -0.023723 -0.733875 0.678870 0.077693 0.330744 1 3 1.000000
Charple2_sheet
  3 -12.646110 3.113897 59.377918 -0.018803 0.650352 0.759400 0.121663 0.425960 1 3 1.000000
  3 -15.887089 1.940939 59.564159 0.034250 -0.047330 0.998292 0.102930 0.330262 1 3 1.000000
  3 -12.019106 1.644405 59.702984 -0.044580 0.007906 0.998974 0.103214 0.426059 1 3 1.000000
Charple2_sheet
  3 -12.646110 3.113897 59.377918 -0.018803 0.650352 0.759400 0.121663 0.425960 1 3 1.000000
  3 -15.471844 3.026722 59.149117 0.044733 0.671037 0.740073 0.121744 0.330479 1 3 1.000000
  3 -15.887089 1.940939 59.564159 0.034250 -0.047330 0.998292 0.102930 0.330262 1 3 1.000000
Charple2_sheet
  3 -12.602443 4.274489 57.165836 -0.003886 0.977236 -0.212118 0.146156 0.426392 1 3 1.000000
  3 -15.471844 3.026722 59.149117 0.044733 0.671037 0.740073 0.121744 0.330479 1 3 1.000000
  3 -12.646110 3.113897 59.377918 -0.018803 0.650352 0.759400 0.121663 0.425960 1 3 1.000000
Charple2_sheet
  3 -12.602443 4.274489 57.165836 -0.003886 0.977236 -0.212118 0.146156 0.426392 1 3 1.000000
  3 -15.752476 3.794969 57.487083 -0.107483 0.985617 -0.130412 0.146082 0.330543 1 3 1.000000
  3 -15.471844 3.026722 59.149117 0.044733 0.671037 0.740073 0.121744 0.330479 1 3 1.000000
Charple2_sheet
  3 -12.223391 3.491465 56.881363 -0.028685 0.482337 -0.875516 0.166107 0.426149 1 3 1.000000
  3 -15.752476 3.794969 57.487083 -0.107483 0.985617 -0.130412 0.146082 0.330543 1 3 1.000000
  3 -12.602443 4.274489 57.165836 -0.003886 0.977236 -0.212118 0.146156 0.426392 1 3 1.000000
Charple2_sheet
  3 -12.223391 3.491465 56.881363 -0.028685 0.482337 -0.875516 0.166107 0.426149 1 3 1.000000
  3 -15.629684 3.633474 57.226799 -0.150490 0.583681 -0.797916 0.166019 0.330394 1 3 1.000000
  3 -15.752476 3.794969 57.487083 -0.107483 0.985617 -0.130412 0.146082 0.330543 1 3 1.000000
Charple2_sheet
  3 -12.403727 1.566786 56.091717 -0.087443 -0.074231 -0.993400 0.193386 0.426041 1 3 1.000000
  3 -15.629684 3.633474 57.226799 -0.150490 0.583681 -0.797916 0.166019 0.330394 1 3 1.000000
  3 -12.223391 3.491465 56.881363 -0.028685 0.482337 -0.875516 0.166107 0.426149 1 3 1.000000
Charple2_sheet
  3 -12.403727 1.566786 56.091717 -0.087443 -0.074231 -0.993400 0.193386 0.426041 1 3 1.000000
  3 -15.812043 2.156336 56.484222 -0.083229 -0.033321 -0.995973 0.193009 0.330614 1 3 1.000000
  3 -15.629684 3.633474 57.226799 -0.150490 0.583681 -0.797916 0.166019 0.330394 1 3 1.000000
Charple2_sheet
  3 -12.403727 1.566786 56.091717 -0.087443 -0.074231 -0.993400 0.193386 0.426041 1 3 1.000000
  3 -8.721022 2.981998 56.258873 -0.203080 0.548849 -0.810878 0.166195 0.515069 1 3 1.000000
  3 -9.277960 1.463401 56.219631 -0.257303 -0.085825 -0.962512 0.193763 0.515122 1 3 1.000000
Charple2_sheet
  3 -12.403727 1.566786 56.091717 -0.087443 -0.074231 -0.993400 0.193386 0.426041 1 3 1.000000
  3 -12.223391 3.491465 56.881363 -0.028685 0.482337 -0.875516 0.166107 0.426149 1 3 1.000000
  3 -8.721022 2.981998 56.258873 -0.203080 0.548849 -0.810878 0.166195 0.515069 1 3 1.000000
Charple2_sheet
  3 -12.223391 3.491465 56.881363 -0.028685 0.482337 -0.875516 0.166107 0.426149 1 3 1.000000
  3 -9.052970 3.651821 57.598190 -0.122915 0.990751 -0.057474 0.146229 0.515405 1 3 1.000000
  3 -8.721022 2.981998 56.258873 -0.203080 0.548849 -0.810878 0.166195 0.515069 1 3 1.000000
Charple2_sheet
  3 -12.223391 3.491465 56.881363 -0.028685 0.482337 -0.875516 0.166107 0.426149 1 3 1.000000
  3 -12.602443 4.274489 57.165836 -0.003886 0.977236 -0.212118 0.146156 0.426392 1 3 1.000000
  3 -9.052970 3.651821 57.598190 -0.122915 0.990751 -0.057474 0.146229 0.515405 1 3 1.000000
Charple2_sheet
  3 -12.602443 4.274489 57.165836 -0.003886 0.977236 -0.212118 0.146156 0.426392 1 3 1.000000
  3 -8.606872 2.929625 59.354946 -0.150978 0.687678 0.710144 0.122070 0.515094 1 3 1.000000
  3 -9.052970 3.651821 57.598190 -0.122915 0.990751 -0.057474 0.146229 0.515405 1 3 1.000000
Charple2_sheet
  3 -12.602443 4.274489 57.165836 -0.003886 0.977236 -0.212118 0.146156 0.426392 1 3 1.000000
  3 -12.646110 3.113897 59.377918 -0.018803 0.650352 0.759400 0.121663 0.425960 1 3 1.000000
  3 -8.606872 2.929625 59.354946 -0.150978 0.687678 0.710144 0.122070 0.515094 1 3 1.000000
Charple2_sheet
  3 -12.646110 3.113897 59.377918 -0.018803 0.650352 0.759400 0.121663 0.425960 1 3 1.000000
  3 -8.712396 1.726394 59.918285 -0.189640 -0.012464 0.981774 0.103498 0.515021 1 3 1.000000
  3 -8.606872 2.929625 59.354946 -0.150978 0.687678 0.710144 0.122070 0.515094 1 3 1.000000
Charple2_sheet
  3 -12.646110 3.113897 59.377918 -0.018803 0.650352 0.759400 0.121663 0.425960 1 3 1.000000
  3 -12.019106 1.644405 59.702984 -0.044580 0.007906 0.998974 0.103214 0.426059 1 3 1.000000
  3 -8.712396 1.726394 59.918285 -0.189640 -0.012464 0.981774 0.103498 0.515021 1 3 1.000000
Charple2_sheet
  3 -12.019106 1.644405 59.702984 -0.044580 0.007906 0.998974 0.103214 0.426059 1 3 1.000000
  3 -8.967983 0.301830 59.247032 -0.204285 -0.695329 0.689046 0.078432 0.515148 1 3 1.000000
  3 -8.712396 1.726394 59.918285 -0.189640 -0.012464 0.981774 0.103498 0.515021 1 3 1.000000
Charple2_sheet
  3 -12.019106 1.644405 59.702984 -0.044580 0.007906 0.998974 0.103214 0.426059 1 3 1.000000
  3 -12.512696 0.403604 59.564190 -0.111193 -0.676334 0.728154 0.077574 0.426120 1 3 1.000000
  3 -8.967983 0.301830 59.247032 -0.204285 -0.695329 0.689046 0.078432 0.515148 1 3 1.000000
Charple2_sheet
  3 -12.512696 0.403604 59.564190 -0.111193 -0.676334 0.728154 0.077574 0.426120 1 3 1.000000
  3 -9.166500 -0.514026 57.537327 -0.269072 -0.963113 0.003703 0.052402 0.514976 1 3 1.000000
  3 -8.967983 0.301830 59.247032 -0.204285 -0.695329 0.689046 0.078432 0.515148 1 3 1.000000
Charple2_sheet
  3 -12.512696 0.403604 59.564190 -0.111193 -0.676334 0.728154 0.077574 0.426120 1 3 1.000000
  3 -12.289532 -0.330306 57.407951 -0.176563 -0.983069 -0.048997 0.052068 0.426300 1 3 1.000000
  3 -9.166500 -0.514026 57.537327 -0.269072 -0.963113 0.003703 0.052402 0.514976 1 3 1.000000
Charple2_sheet
  3 -12.289532 -0.330306 57.407951 -0.176563 -0.983069 -0.048997 0.052068 0.426300 1 3 1.000000
  3 -9.118688 -0.196351 56.809769 -0.297462 -0.666063 -0.684015 0.027070 0.515069 1 3 1.000000
  3 -9.166500 -0.514026 57.537327 -0.269072 -0.963113 0.003703 0.052402 0.514976 1 3 1.000000
Charple2_sheet
  3 -12.289532 -0.330306 57.407951 -0.176563 -0.983069 -0.048997 0.052068 0.426300 1 3 1.000000
  3 -12.027154 -0.055834 56.979198 -0.151632 -0.710216 -0.687459 0.026363 0.426201 1 3 1.000000
  3 -9.118688 -0.196351 56.809769 -0.297462 -0.666063 -0.684015 0.027070 0.515069 1 3 1.000000
Charple2_sheet
  3 -6.306390 1.643201 60.957317 -0.144745 -0.036903 0.988780 0.104098 0.567945 2 3 0.600000 2 0.400000
  3 -6.525713 3.233415 60.198215 -0.169968 0.716530 0.676532 0.122457 0.568350 2 3 0.695833 2 0.304167
  3 -8.606872 2.929625 59.354946 -0.150978 0.687678 0.710144 0.122070 0.515094 1 3 1.000000
Charple2_sheet
  3 -6.306390 1.643201 60.957317 -0.144745 -0.036903 0.988780 0.104098 0.567945 2 3 0.600000 2 0.400000
  3 -8.606872 2.929625 59.354946 -0.150978 0.687678 0.710144 0.122070 0.515094 1 3 1.000000
  3 -8.712396 1.726394 59.918285 -0.189640 -0.012464 0.981774 0.103498 0.515021 1 3 1.000000
Charple2_sheet
  2 -6.786910 -1.033485 59.162395 -0.219241 -0.701339 0.678275 0.079707 0.567574 2 2 0.527395 3 0.472606
  3 -6.306390 1.643201 60.957317 -0.144745 -0.036903 0.988780 0.104098 0.567945 2 3 0.600000 2 0.400000
  3 -8.712396 1.726394 59.918285 -0.189640 -0.012464 0.981774 0.103498 0.515021 1 3 1.000000
Charple2_sheet
  2 -6.786910 -1.033485 59.162395 -0.219241 -0.701339 0.678275 0.079707 0.567574 2 2 0.527395 3 0.472606
  3 -8.712396 1.726394 59.918285 -0.189640 -0.012464 0.981774 0.103498 0.515021 1 3 1.000000
  3 -8.967983 0.301830 59.247032 -0.204285 -0.695329 0.689046 0.078432 0.515148 1 3 1.000000
Charple2_sheet
  5 -29.652338 0.143388 56.708988 0.509005 -0.327259 -0.796125 0.670558 0.900020 1 5 1.000000
  5 -29.661217 -0.062941 56.959183 0.543362 -0.838300 -0.044836 0.660834 0.902252 1 5 1.000000
  5 -29.863874 -0.190614 56.874393 0.534599 -0.844008 -0.043057 0.662128 0.916074 1 5 1.000000
Charple2_sheet
  5 -29.652338 0.143388 56.708988 0.509005 -0.327259 -0.796125 0.670558 0.900020 1 5 1.000000
  5 -29.863874 -0.190614 56.874393 0.534599 -0.844008 -0.043057 0.662128 0.916074 1 5 1.000000
  5 -29.907969 0.003936 56.609524 0.563198 -0.285749 -0.775342 0.670987 0.917457 1 5 1.000000
Charple2_sheet
  5 -29.863874 -0.190614 56.874393 0.534599 -0.844008 -0.043057 0.662128 0.916074 1 5 1.000000
  5 -30.092741 -0.107571 56.484486 0.505283 -0.317647 -0.802365 0.670769 0.933193 1 5 1.000000
  5 -29.907969 0.003936 56.609524 0.563198 -0.285749 -0.775342 0.670987 0.917457 1 5 1.000000
Charple2_sheet
  5 -29.652338 0.143388 56.708988 0.509005 -0.327259 -0.796125 0.670558 0.900020 1 5 1.000000
  5 -30.077618 0.293453 56.559605 0.161818 0.524042 -0.836179 0.683520 0.917564 1 5 1.000000
  5 -29.837608 0.431165 56.654728 0.073672 0.480561 -0.873861 0.683685 0.896831 1 5 1.000000
Charple2_sheet
  5 -29.652338 0.143388 56.708988 0.509005 -0.327259 -0.796125 0.670558 0.900020 1 5 1.000000
  5 -29.907969 0.003936 56.609524 0.563198 -0.285749 -0.775342 0.670987 0.917457 1 5 1.000000
  5 -30.077618 0.293453 56.559605 0.161818 0.524042 -0.836179 0.683520 0.917564 1 5 1.000000
Charple2_sheet
  5 -29.907969 0.003936 56.609524 0.563198 -0.285749 -0.775342 0.670987 0.917457 1 5 1.000000
  5 -30.249866 0.208625 56.445320 0.081965 0.490606 -0.867518 0.683518 0.934310 1 5 1.000000
  5 -30.077618 0.293453 56.559605 0.161818 0.524042 -0.836179 0.683520 0.917564 1 5 1.000000
Charple2_sheet
  5 -29.907969 0.003936 56.609524 0.563198 -0.285749 -0.775342 0.670987 0.917457 1 5 1.000000
  5 -30.092741 -0.107571 56.484486 0.505283 -0.317647 -0.802365 0.670769 0.933193 1 5 1.000000
  5 -30.249866 0.208625 56.445320 0.081965 0.490606 -0.867518 0.683518 0.934310 1 5 1.000000
Charple2_sheet
  5 -30.502918 -0.316130 56.383598 0.318921 -0.456532 -0.830583 0.671089 0.963283 1 5 1.000000
  5 -30.249866 0.208625 56.445320 0.081965 0.490606 -0.867518 0.683518 0.934310 1 5 1.000000
  5 -30.092741 -0.107571 56.484486 0.505283 -0.317647 -0.802365 0.670769 0.933193 1 5 1.000000
Charple2_sheet
  5 -30.502918 -0.316130 56.383598 0.318921 -0.456532 -0.830583 0.671089 0.963283 1 5 1.000000
  5 -30.777159 -0.141739 56.343475 -0.252003 0.192126 -0.948463 0.684809 0.971471 1 5 1.000000
  5 -30.249866 0.208625 56.445320 0.081965 0.490606 -0.867518 0.683518 0.934310 1 5 1.000000
Charple2_sheet
  5 -30.249866 0.208625 56.445320 0.081965 0.490606 -0.867518 0.683518 0.934310 1 5 1.000000
  5 -30.777159 -0.141739 56.343475 -0.252003 0.192126 -0.948463 0.684809 0.971471 1 5 1.000000
  5 -30.980558 0.016551 56.620274 -0.783569 0.586179 -0.205946 0.707983 0.971313 1 5 1.000000
Charple2_sheet
  5 -30.249866 0.208625 56.445320 0.081965 0.490606 -0.867518 0.683518 0.934310 1 5 1.000000
  5 -30.980558 0.016551 56.620274 -0.783569 0.586179 -0.205946 0.707983 0.971313 1 5 1.000000
  5 -30.530214 0.398662 56.796776 -0.450278 0.886378 -0.107628 0.706530 0.934312 1 5 1.000000
Charple2_sheet
  5 -30.077618 0.293453 56.559605 0.161818 0.524042 -0.836179 0.683520 0.917564 1 5 1.000000
  5 -30.249866 0.208625 56.445320 0.081965 0.490606 -0.867518 0.683518 0.934310 1 5 1.000000
  5 -30.530214 0.398662 56.796776 -0.450278 0.886378 -0.107628 0.706530 0.934312 1 5 1.000000
Charple2_sheet
  5 -30.077618 0.293453 56.559605 0.161818 0.524042 -0.836179 0.683520 0.917564 1 5 1.000000
  5 -30.530214 0.398662 56.796776 -0.450278 0.886378 -0.107628 0.706530 0.934312 1 5 1.000000
  5 -30.339802 0.469747 56.879726 -0.391228 0.918787 -0.052641 0.706370 0.917726 1 5 1.000000
Charple2_sheet
  5 -29.837608 0.431165 56.654728 0.073672 0.480561 -0.873861 0.683685 0.896831 1 5 1.000000
  5 -30.077618 0.293453 56.559605 0.161818 0.524042 -0.836179 0.683520 0.917564 1 5 1.000000
  5 -30.339802 0.469747 56.879726 -0.391228 0.918787 -0.052641 0.706370 0.917726 1 5 1.000000
Charple2_sheet
  5 -29.837608 0.431165 56.654728 0.073672 0.480561 -0.873861 0.683685 0.896831 1 5 1.000000
  5 -30.339802 0.469747 56.879726 -0.391228 0.918787 -0.052641 0.706370 0.917726 1 5 1.000000
  5 -30.090044 0.611544 56.993881 -0.455786 0.887639 -0.065996 0.706535 0.898428 1 5 1.000000
Charple2_sheet
  5 -29.720446 0.494117 56.694172 -0.041880 0.330051 -0.943033 0.683848 0.889654 1 5 1.000000
  5 -29.837608 0.431165 56.654728 0.073672 0.480561 -0.873861 0.683685 0.896831 1 5 1.000000
  5 -30.090044 0.611544 56.993881 -0.455786 0.887639 -0.065996 0.706535 0.898428 1 5 1.000000
Charple2_sheet
  5 -29.552792 0.212588 56.739243 0.510915 -0.397741 -0.762081 0.669911 0.891301 1 5 1.000000
  5 -29.837608 0.431165 56.654728 0.073672 0.480561 -0.873861 0.683685 0.896831 1 5 1.000000
  5 -29.720446 0.494117 56.694172 -0.041880 0.330051 -0.943033 0.683848 0.889654 1 5 1.000000
Charple2_sheet
  5 -29.552792 0.212588 56.739243 0.510915 -0.397741 -0.762081 0.669911 0.891301 1 5 1.000000
  5 -29.652338 0.143388 56.708988 0.509005 -0.327259 -0.796125 0.670558 0.900020 1 5 1.000000
  5 -29.837608 0.431165 56.654728 0.073672 0.480561 -0.873861 0.683685 0.896831 1 5 1.000000
Charple2_sheet
  5 -29.544950 0.028957 57.005043 0.495047 -0.868343 0.030162 0.660511 0.891247 1 5 1.000000
  5 -29.652338 0.143388 56.708988 0.509005 -0.327259 -0.796125 0.670558 0.900020 1 5 1.000000
  5 -29.552792 0.212588 56.739243 0.510915 -0.397741 -0.762081 0.669911 0.891301 1 5 1.000000
Charple2_sheet
  5 -29.544950 0.028957 57.005043 0.495047 -0.868343 0.030162 0.660511 0.891247 1 5 1.000000
  5 -29.661217 -0.062941 56.959183 0.543362 -0.838300 -0.044836 0.660834 0.902252 1 5 1.000000
  5 -29.652338 0.143388 56.708988 0.509005 -0.327259 -0.796125 0.670558 0.900020 1 5 1.000000
Charple2_sheet
  5 -29.793457 0.116196 57.449142 -0.043760 -0.642876 0.764719 0.631179 0.891244 1 5 1.000000
  5 -29.661217 -0.062941 56.959183 0.543362 -0.838300 -0.044836 0.660834 0.902252 1 5 1.000000
  5 -29.544950 0.028957 57.005043 0.495047 -0.868343 0.030162 0.660511 0.891247 1 5 1.000000
Charple2_sheet
  5 -29.793457 0.116196 57.449142 -0.043760 -0.642876 0.764719 0.631179 0.891244 1 5 1.000000
  5 -29.930357 0.053997 57.397842 0.008941 -0.575377 0.817839 0.631123 0.902143 1 5 1.000000
  5 -29.661217 -0.062941 56.959183 0.543362 -0.838300 -0.044836 0.660834 0.902252 1 5 1.000000
Charple2_sheet
  5 -29.661217 -0.062941 56.959183 0.543362 -0.838300 -0.044836 0.660834 0.902252 1 5 1.000000
  5 -29.930357 0.053997 57.397842 0.008941 -0.575377 0.817839 0.631123 0.902143 1 5 1.000000
  5 -30.117846 -0.056867 57.322739 -0.000789 -0.547256 0.836965 0.631770 0.914689 1 5 1.000000
Charple2_sheet
  5 -29.661217 -0.062941 56.959183 0.543362 -0.838300 -0.044836 0.660834 0.902252 1 5 1.000000
  5 -30.117846 -0.056867 57.322739 -0.000789 -0.547256 0.836965 0.631770 0.914689 1 5 1.000000
  5 -29.863874 -0.190614 56.874393 0.534599 -0.844008 -0.043057 0.662128 0.916074 1 5 1.000000
Charple2_sheet
  5 -30.117846 -0.056867 57.322739 -0.000789 -0.547256 0.836965 0.631770 0.914689 1 5 1.000000
  5 -30.108946 -0.341914 56.770435 0.435800 -0.898019 -0.060337 0.661694 0.934787 1 5 1.000000
  5 -29.863874 -0.190614 56.874393 0.534599 -0.844008 -0.043057 0.662128 0.916074 1 5 1.000000
Charple2_sheet
  5 -29.863874 -0.190614 56.874393 0.534599 -0.844008 -0.043057 0.662128 0.916074 1 5 1.000000
  5 -30.108946 -0.341914 56.770435 0.435800 -0.898019 -0.060337 0.661694 0.934787 1 5 1.000000
  5 -30.092741 -0.107571 56.484486 0.505283 -0.317647 -0.802365 0.670769 0.933193 1 5 1.000000
Charple2_sheet
  5 -30.108946 -0.341914 56.770435 0.435800 -0.898019 -0.060337 0.661694 0.934787 1 5 1.000000
  5 -30.609144 -0.238444 57.119576 -0.217310 -0.577432 0.786987 0.635059 0.957113 1 5 1.000000
  5 -30.311157 -0.412091 56.686958 0.353809 -0.933311 -0.061231 0.660178 0.956477 1 5 1.000000
Charple2_sheet
  5 -30.108946 -0.341914 56.770435 0.435800 -0.898019 -0.060337 0.661694 0.934787 1 5 1.000000
  5 -30.397251 -0.187932 57.242424 -0.119403 -0.574794 0.809540 0.631875 0.935210 1 5 1.000000
  5 -30.609144 -0.238444 57.119576 -0.217310 -0.577432 0.786987 0.635059 0.957113 1 5 1.000000
Charple2_sheet
  5 -30.117846 -0.056867 57.322739 -0.000789 -0.547256 0.836965 0.631770 0.914689 1 5 1.000000
  5 -30.397251 -0.187932 57.242424 -0.119403 -0.574794 0.809540 0.631875 0.935210 1 5 1.000000
  5 -30.108946 -0.341914 56.770435 0.435800 -0.898019 -0.060337 0.661694 0.934787 1 5 1.000000
Charple2_sheet
  5 -30.092741 -0.107571 56.484486 0.505283 -0.317647 -0.802365 0.670769 0.933193 1 5 1.000000
  5 -30.108946 -0.341914 56.770435 0.435800 -0.898019 -0.060337 0.661694 0.934787 1 5 1.000000
  5 -30.311157 -0.412091 56.686958 0.353809 -0.933311 -0.061231 0.660178 0.956477 1 5 1.000000
Charple2_sheet
  5 -30.092741 -0.107571 56.484486 0.505283 -0.317647 -0.802365 0.670769 0.933193 1 5 1.000000
  5 -30.311157 -0.412091 56.686958 0.353809 -0.933311 -0.061231 0.660178 0.956477 1 5 1.000000
  5 -30.502918 -0.316130 56.383598 0.318921 -0.456532 -0.830583 0.671089 0.963283 1 5 1.000000
Charple2_sheet
  5 -30.502918 -0.316130 56.383598 0.318921 -0.456532 -0.830583 0.671089 0.963283 1 5 1.000000
  5 -30.311157 -0.412091 56.686958 0.353809 -0.933311 -0.061231 0.660178 0.956477 1 5 1.000000
  5 -30.689102 -0.571176 56.555031 0.286071 -0.954969 -0.078723 0.658717 0.976253 1 5 1.000000
Charple2_sheet
  5 -30.689102 -0.571176 56.555031 0.286071 -0.954969 -0.078723 0.658717 0.976253 1 5 1.000000
  5 -30.311157 -0.412091 56.686958 0.353809 -0.933311 -0.061231 0.660178 0.956477 1 5 1.000000
  5 -30.609144 -0.238444 57.119576 -0.217310 -0.577432 0.786987 0.635059 0.957113 1 5 1.000000
Charple2_sheet
  5 -30.689102 -0.571176 56.555031 0.286071 -0.954969 -0.078723 0.658717 0.976253 1 5 1.000000
  5 -30.609144 -0.238444 57.119576 -0.217310 -0.577432 0.786987 0.635059 0.957113 1 5 1.000000
  5 -30.961302 -0.413151 56.933292 -0.309695 -0.582527 0.751499 0.636677 0.976251 1 5 1.000000
Charple2_sheet
  5 -30.961302 -0.413151 56.933292 -0.309695 -0.582527 0.751499 0.636677 0.976251 1 5 1.000000
  5 -30.890528 -0.610498 56.560921 -0.206829 -0.960058 -0.188442 0.655961 0.985663 1 5 1.000000
  5 -30.689102 -0.571176 56.555031 0.286071 -0.954969 -0.078723 0.658717 0.976253 1 5 1.000000
Charple2_sheet
  5 -29.981266 0.417702 57.427464 -0.673249 0.053467 0.737480 0.620969 0.891084 1 5 1.000000
  5 -29.793457 0.116196 57.449142 -0.043760 -0.642876 0.764719 0.631179 0.891244 1 5 1.000000
  5 -29.520990 0.409721 57.645035 -0.066898 -0.696086 0.714835 0.632642 0.854722 1 5 1.000000
Charple2_sheet
  5 -30.078985 0.350835 57.384594 -0.513827 0.325164 0.793883 0.621292 0.902567 1 5 1.000000
  5 -29.793457 0.116196 57.449142 -0.043760 -0.642876 0.764719 0.631179 0.891244 1 5 1.000000
  5 -29.981266 0.417702 57.427464 -0.673249 0.053467 0.737480 0.620969 0.891084 1 5 1.000000
Charple2_sheet
  5 -30.078985 0.350835 57.384594 -0.513827 0.325164 0.793883 0.621292 0.902567 1 5 1.000000
  5 -29.930357 0.053997 57.397842 0.008941 -0.575377 0.817839 0.631123 0.902143 1 5 1.000000
  5 -29.793457 0.116196 57.449142 -0.043760 -0.642876 0.764719 0.631179 0.891244 1 5 1.000000
Charple2_sheet
  5 -30.308270 0.229798 57.276203 -0.471793 0.370803 0.799948 0.621290 0.915326 1 5 1.000000
  5 -29.930357 0.053997 57.397842 0.008941 -0.575377 0.817839 0.631123 0.902143 1 5 1.000000
  5 -30.078985 0.350835 57.384594 -0.513827 0.325164 0.793883 0.621292 0.902567 1 5 1.000000
Charple2_sheet
  5 -30.308270 0.229798 57.276203 -0.471793 0.370803 0.799948 0.621290 0.915326 1 5 1.000000
  5 -30.117846 -0.056867 57.322739 -0.000789 -0.547256 0.836965 0.631770 0.914689 1 5 1.000000
  5 -29.930357 0.053997 57.397842 0.008941 -0.575377 0.817839 0.631123 0.902143 1 5 1.000000
Charple2_sheet
  5 -30.552549 0.148049 57.195889 -0.535452 0.379027 0.754738 0.621287 0.939249 1 5 1.000000
  5 -30.117846 -0.056867 57.322739 -0.000789 -0.547256 0.836965 0.631770 0.914689 1 5 1.000000
  5 -30.308270 0.229798 57.276203 -0.471793 0.370803 0.799948 0.621290 0.915326 1 5 1.000000
Charple2_sheet
  5 -30.552549 0.148049 57.195889 -0.535452 0.379027 0.754738 0.621287 0.939249 1 5 1.000000
  5 -30.397251 -0.187932 57.242424 -0.119403 -0.574794 0.809540 0.631875 0.935210 1 5 1.000000
  5 -30.117846 -0.056867 57.322739 -0.000789 -0.547256 0.836965 0.631770 0.914689 1 5 1.000000
Charple2_sheet
  5 -30.906637 -0.050987 56.976566 -0.709430 0.257675 0.655983 0.621931 0.965724 1 5 1.000000
  5 -30.397251 -0.187932 57.242424 -0.119403 -0.574794 0.809540 0.631875 0.935210 1 5 1.000000
  5 -30.552549 0.148049 57.195889 -0.535452 0.379027 0.754738 0.621287 0.939249 1 5 1.000000
Charple2_sheet
  5 -30.906637 -0.050987 56.976566 -0.709430 0.257675 0.655983 0.621931 0.965724 1 5 1.000000
  5 -30.609144 -0.238444 57.119576 -0.217310 -0.577432 0.786987 0.635059 0.957113 1 5 1.000000
  5 -30.397251 -0.187932 57.242424 -0.119403 -0.574794 0.809540 0.631875 0.935210 1 5 1.000000
Charple2_sheet
  5 -30.609144 -0.238444 57.119576 -0.217310 -0.577432 0.786987 0.635059 0.957113 1 5 1.000000
  5 -30.906637 -0.050987 56.976566 -0.709430 0.257675 0.655983 0.621931 0.965724 1 5 1.000000
  5 -31.000687 -0.231405 56.895432 -0.803428 0.091289 0.588362 0.628088 0.976888 1 5 1.000000
Charple2_sheet
  5 -30.609144 -0.238444 57.119576 -0.217310 -0.577432 0.786987 0.635059 0.957113 1 5 1.000000
  5 -31.000687 -0.231405 56.895432 -0.803428 0.091289 0.588362 0.628088 0.976888 1 5 1.000000
  5 -30.961302 -0.413151 56.933292 -0.309695 -0.582527 0.751499 0.636677 0.976251 1 5 1.000000
Charple2_sheet
  5 -31.000687 -0.231405 56.895432 -0.803428 0.091289 0.588362 0.628088 0.976888 1 5 1.000000
  5 -31.035089 -0.517899 56.791134 -0.633137 -0.692463 0.345878 0.638945 0.985661 1 5 1.000000
  5 -30.961302 -0.413151 56.933292 -0.309695 -0.582527 0.751499 0.636677 0.976251 1 5 1.000000
Charple2_sheet
  5 -30.961302 -0.413151 56.933292 -0.309695 -0.582527 0.751499 0.636677 0.976251 1 5 1.000000
  5 -31.035089 -0.517899 56.791134 -0.633137 -0.692463 0.345878 0.638945 0.985661 1 5 1.000000
  5 -30.890528 -0.610498 56.560921 -0.206829 -0.960058 -0.188442 0.655961 0.985663 1 5 1.000000
Charple2_sheet
  5 -31.035089 -0.517899 56.791134 -0.633137 -0.692463 0.345878 0.638945 0.985661 1 5 1.000000
  5 -30.956507 -0.478301 56.424480 -0.436242 -0.433932 -0.788287 0.663091 0.988268 1 5 1.000000
  5 -30.890528 -0.610498 56.560921 -0.206829 -0.960058 -0.188442 0.655961 0.985663 1 5 1.000000
Charple2_sheet
  5 -30.689102 -0.571176 56.555031 0.286071 -0.954969 -0.078723 0.658717 0.976253 1 5 1.000000
  5 -30.890528 -0.610498 56.560921 -0.206829 -0.960058 -0.188442 0.655961 0.985663 1 5 1.000000
  5 -30.956507 -0.478301 56.424480 -0.436242 -0.433932 -0.788287 0.663091 0.988268 1 5 1.000000
Charple2_sheet
  5 -30.689102 -0.571176 56.555031 0.286071 -0.954969 -0.078723 0.658717 0.976253 1 5 1.000000
  5 -30.956507 -0.478301 56.424480 -0.436242 -0.433932 -0.788287 0.663091 0.988268 1 5 1.000000
  5 -30.683561 -0.468448 56.437847 0.199350 -0.600682 -0.774235 0.668279 0.974659 1 5 1.000000
Charple2_sheet
  5 -30.502918 -0.316130 56.383598 0.318921 -0.456532 -0.830583 0.671089 0.963283 1 5 1.000000
  5 -30.689102 -0.571176 56.555031 0.286071 -0.954969 -0.078723 0.658717 0.976253 1 5 1.000000
  5 -30.683561 -0.468448 56.437847 0.199350 -0.600682 -0.774235 0.668279 0.974659 1 5 1.000000
Charple2_sheet
  5 -30.683561 -0.468448 56.437847 0.199350 -0.600682 -0.774235 0.668279 0.974659 1 5 1.000000
  5 -30.777159 -0.141739 56.343475 -0.252003 0.192126 -0.948463 0.684809 0.971471 1 5 1.000000
  5 -30.502918 -0.316130 56.383598 0.318921 -0.456532 -0.830583 0.671089 0.963283 1 5 1.000000
Charple2_sheet
  5 -29.981266 0.417702 57.427464 -0.673249 0.053467 0.737480 0.620969 0.891084 1 5 1.000000
  5 -29.520990 0.409721 57.645035 -0.066898 -0.696086 0.714835 0.632642 0.854722 1 5 1.000000
  5 -29.815737 0.678433 57.732212 -0.617767 -0.606766 0.500199 0.620972 0.869713 1 5 1.000000
Charple2_sheet
  5 -31.000687 -0.231405 56.895432 -0.803428 0.091289 0.588362 0.628088 0.976888 1 5 1.000000
  5 -31.125401 -0.358974 56.667282 -0.999007 -0.033564 -0.029310 0.635216 0.991243 1 5 1.000000
  5 -31.035089 -0.517899 56.791134 -0.633137 -0.692463 0.345878 0.638945 0.985661 1 5 1.000000
Charple2_sheet
  5 -31.035089 -0.517899 56.791134 -0.633137 -0.692463 0.345878 0.638945 0.985661 1 5 1.000000
  5 -31.125401 -0.358974 56.667282 -0.999007 -0.033564 -0.029310 0.635216 0.991243 1 5 1.000000
  5 -30.956507 -0.478301 56.424480 -0.436242 -0.433932 -0.788287 0.663091 0.988268 1 5 1.000000
Charple2_sheet
  5 -30.683561 -0.468448 56.437847 0.199350 -0.600682 -0.774235 0.668279 0.974659 1 5 1.000000
  5 -30.956507 -0.478301 56.424480 -0.436242 -0.433932 -0.788287 0.684806 0.989865 1 5 1.000000
  5 -30.777159 -0.141739 56.343475 -0.252003 0.192126 -0.948463 0.684809 0.971471 1 5 1.000000
Charple2_sheet
  5 -30.956507 -0.478301 56.424480 -0.436242 -0.433932 -0.788287 0.684806 0.989865 1 5 1.000000
  5 -30.980558 0.016551 56.620274 -0.783569 0.586179 -0.205946 0.707983 0.971313 1 5 1.000000
  5 -30.777159 -0.141739 56.343475 -0.252003 0.192126 -0.948463 0.684809 0.971471 1 5 1.000000
Charple2_sheet
  5 -30.956507 -0.478301 56.424480 -0.436242 -0.433932 -0.788287 0.684806 0.989865 1 5 1.000000
  5 -31.125401 -0.358974 56.667282 -0.999007 -0.033564 -0.029310 0.702476 0.989791 1 5 1.000000
  5 -30.980558 0.016551 56.620274 -0.783569 0.586179 -0.205946 0.707983 0.971313 1 5 1.000000
Charple2_sheet
  5 -30.906637 -0.050987 56.976566 -0.709430 0.257675 0.655983 0.723704 0.964935 1 5 1.000000
  5 -31.125401 -0.358974 56.667282 -0.999007 -0.033564 -0.029310 0.702476 0.989791 1 5 1.000000
  5 -31.000687 -0.231405 56.895432 -0.803428 0.091289 0.588362 0.721355 0.986762 1 5 1.000000
Charple2_sheet
  5 -30.906637 -0.050987 56.976566 -0.709430 0.257675 0.655983 0.723704 0.964935 1 5 1.000000
  5 -30.980558 0.016551 56.620274 -0.783569 0.586179 -0.205946 0.707983 0.971313 1 5 1.000000
  5 -31.125401 -0.358974 56.667282 -0.999007 -0.033564 -0.029310 0.702476 0.989791 1 5 1.000000
Charple2_sheet
  5 -30.552549 0.148049 57.195889 -0.535452 0.379027 0.754738 0.723221 0.938939 1 5 1.000000
  5 -30.980558 0.016551 56.620274 -0.783569 0.586179 -0.205946 0.707983 0.971313 1 5 1.000000
  5 -30.906637 -0.050987 56.976566 -0.709430 0.257675 0.655983 0.723704 0.964935 1 5 1.000000
Charple2_sheet
  5 -30.552549 0.148049 57.195889 -0.535452 0.379027 0.754738 0.723221 0.938939 1 5 1.000000
  5 -30.530214 0.398662 56.796776 -0.450278 0.886378 -0.107628 0.706530 0.934312 1 5 1.000000
  5 -30.980558 0.016551 56.620274 -0.783569 0.586179 -0.205946 0.707983 0.971313 1 5 1.000000
Charple2_sheet
  5 -30.308270 0.229798 57.276203 -0.471793 0.370803 0.799948 0.723063 0.914537 1 5 1.000000
  5 -30.530214 0.398662 56.796776 -0.450278 0.886378 -0.107628 0.706530 0.934312 1 5 1.000000
  5 -30.552549 0.148049 57.195889 -0.535452 0.379027 0.754738 0.723221 0.938939 1 5 1.000000
Charple2_sheet
  5 -30.308270 0.229798 57.276203 -0.471793 0.370803 0.799948 0.723063 0.914537 1 5 1.000000
  5 -30.339802 0.469747 56.879726 -0.391228 0.918787 -0.052641 0.706370 0.917726 1 5 1.000000
  5 -30.530214 0.398662 56.796776 -0.450278 0.886378 -0.107628 0.706530 0.934312 1 5 1.000000
Charple2_sheet
  5 -30.078985 0.350835 57.384594 -0.513827 0.325164 0.793883 0.722740 0.901778 1 5 1.000000
  5 -30.339802 0.469747 56.879726 -0.391228 0.918787 -0.052641 0.706370 0.917726 1 5 1.000000
  5 -30.308270 0.229798 57.276203 -0.471793 0.370803 0.799948 0.723063 0.914537 1 5 1.000000
Charple2_sheet
  5 -30.078985 0.350835 57.384594 -0.513827 0.325164 0.793883 0.722740 0.901778 1 5 1.000000
  5 -30.090044 0.611544 56.993881 -0.455786 0.887639 -0.065996 0.706535 0.898428 1 5 1.000000
  5 -30.339802 0.469747 56.879726 -0.391228 0.918787 -0.052641 0.706370 0.917726 1 5 1.000000
Charple2_sheet
  5 -29.987637 0.651629 57.033363 -0.757052 0.621228 -0.202355 0.706698 0.889815 1 5 1.000000
  5 -30.090044 0.611544 56.993881 -0.455786 0.887639 -0.065996 0.706535 0.898428 1 5 1.000000
  5 -30.078985 0.350835 57.384594 -0.513827 0.325164 0.793883 0.722740 0.901778 1 5 1.000000
Charple2_sheet
  5 -29.720446 0.494117 56.694172 -0.041880 0.330051 -0.943033 0.683848 0.889654 1 5 1.000000
  5 -30.090044 0.611544 56.993881 -0.455786 0.887639 -0.065996 0.706535 0.898428 1 5 1.000000
  5 -29.987637 0.651629 57.033363 -0.757052 0.621228 -0.202355 0.706698 0.889815 1 5 1.000000
Charple2_sheet
  5 -29.720446 0.494117 56.694172 -0.041880 0.330051 -0.943033 0.683848 0.889654 1 5 1.000000
  5 -29.987637 0.651629 57.033363 -0.757052 0.621228 -0.202355 0.706698 0.889815 1 5 1.000000
  5 -30.046879 0.867702 57.107891 -0.785239 -0.102062 -0.610723 0.706214 0.873388 1 5 1.000000
Charple2_sheet
  5 -29.720446 0.494117 56.694172 -0.041880 0.330051 -0.943033 0.683848 0.889654 1 5 1.000000
  5 -30.046879 0.867702 57.107891 -0.785239 -0.102062 -0.610723 0.706214 0.873388 1 5 1.000000
  5 -29.535851 0.716687 56.720081 -0.063164 0.050453 -0.996727 0.683688 0.871313 1 5 1.000000
Charple2_sheet
  5 -29.200756 0.342686 56.874821 0.557562 -0.527224 -0.641218 0.670238 0.869717 1 5 1.000000
  5 -29.720446 0.494117 56.694172 -0.041880 0.330051 -0.943033 0.683848 0.889654 1 5 1.000000
  5 -29.535851 0.716687 56.720081 -0.063164 0.050453 -0.996727 0.683688 0.871313 1 5 1.000000
Charple2_sheet
  5 -29.200756 0.342686 56.874821 0.557562 -0.527224 -0.641218 0.670238 0.869717 1 5 1.000000
  5 -29.552792 0.212588 56.739243 0.510915 -0.397741 -0.762081 0.669911 0.891301 1 5 1.000000
  5 -29.720446 0.494117 56.694172 -0.041880 0.330051 -0.943033 0.683848 0.889654 1 5 1.000000
Charple2_sheet
  5 -29.231831 0.189022 57.352272 0.420701 -0.869745 0.257980 0.661812 0.858552 1 5 1.000000
  5 -29.552792 0.212588 56.739243 0.510915 -0.397741 -0.762081 0.669911 0.891301 1 5 1.000000
  5 -29.200756 0.342686 56.874821 0.557562 -0.527224 -0.641218 0.670238 0.869717 1 5 1.000000
Charple2_sheet
  5 -29.231831 0.189022 57.352272 0.420701 -0.869745 0.257980 0.661812 0.858552 1 5 1.000000
  5 -29.544950 0.028957 57.005043 0.495047 -0.868343 0.030162 0.660511 0.891247 1 5 1.000000
  5 -29.552792 0.212588 56.739243 0.510915 -0.397741 -0.762081 0.669911 0.891301 1 5 1.000000
Charple2_sheet
  5 -29.520990 0.409721 57.645035 -0.066898 -0.696086 0.714835 0.632642 0.854722 1 5 1.000000
  5 -29.544950 0.028957 57.005043 0.495047 -0.868343 0.030162 0.660511 0.891247 1 5 1.000000
  5 -29.231831 0.189022 57.352272 0.420701 -0.869745 0.257980 0.661812 0.858552 1 5 1.000000
Charple2_sheet
  5 -29.520990 0.409721 57.645035 -0.066898 -0.696086 0.714835 0.632642 0.854722 1 5 1.000000
  5 -29.793457 0.116196 57.449142 -0.043760 -0.642876 0.764719 0.631179 0.891244 1 5 1.000000
  5 -29.544950 0.028957 57.005043 0.495047 -0.868343 0.030162 0.660511 0.891247 1 5 1.000000
Charple2_sheet
  5 -30.046879 0.867702 57.107891 -0.785239 -0.102062 -0.610723 0.706214 0.873388 1 5 1.000000
  5 -29.981266 0.417702 57.427464 -0.673249 0.053467 0.737480 0.723228 0.890614 1 5 1.000000
  5 -29.815737 0.678433 57.732212 -0.617767 -0.606766 0.500199 0.722745 0.869403 1 5 1.000000
Charple2_sheet
  5 -30.046879 0.867702 57.107891 -0.785239 -0.102062 -0.610723 0.706214 0.873388 1 5 1.000000
  5 -29.987637 0.651629 57.033363 -0.757052 0.621228 -0.202355 0.706698 0.889815 1 5 1.000000
  5 -29.981266 0.417702 57.427464 -0.673249 0.053467 0.737480 0.723228 0.890614 1 5 1.000000
Charple2_sheet
  5 -29.987637 0.651629 57.033363 -0.757052 0.621228 -0.202355 0.706698 0.889815 1 5 1.000000
  5 -30.078985 0.350835 57.384594 -0.513827 0.325164 0.793883 0.722740 0.901778 1 5 1.000000
  5 -29.981266 0.417702 57.427464 -0.673249 0.053467 0.737480 0.723228 0.890614 1 5 1.000000
Charple2_sheet
  5 -32.392525 2.957138 56.723034 0.338933 0.491788 -0.802040 0.636057 0.772746 1 5 1.000000
  5 -32.292248 2.445988 56.914223 0.260038 -0.823408 -0.504361 0.645297 0.755682 1 5 1.000000
  5 -32.441433 2.447588 56.840626 0.235474 -0.816761 -0.526738 0.636059 0.755841 1 5 1.000000
Charple2_sheet
  5 -32.392525 2.957138 56.723034 0.338933 0.491788 -0.802040 0.636057 0.772746 1 5 1.000000
  5 -32.255123 2.962064 56.793358 0.369137 0.499389 -0.783804 0.644970 0.773492 1 5 1.000000
  5 -32.292248 2.445988 56.914223 0.260038 -0.823408 -0.504361 0.645297 0.755682 1 5 1.000000
Charple2_sheet
  5 -31.718803 2.970825 57.052319 0.388239 0.490521 -0.780166 0.675113 0.775089 1 5 1.000000
  5 -32.292248 2.445988 56.914223 0.260038 -0.823408 -0.504361 0.645297 0.755682 1 5 1.000000
  5 -32.255123 2.962064 56.793358 0.369137 0.499389 -0.783804 0.644970 0.773492 1 5 1.000000
Charple2_sheet
  5 -31.718803 2.970825 57.052319 0.388239 0.490521 -0.780166 0.675113 0.775089 1 5 1.000000
  5 -31.785149 2.443681 57.172005 0.279054 -0.832030 -0.479432 0.674998 0.755596 1 5 1.000000
  5 -32.292248 2.445988 56.914223 0.260038 -0.823408 -0.504361 0.645297 0.755682 1 5 1.000000
Charple2_sheet
  5 -31.600992 2.435611 57.282684 0.277420 -0.838430 -0.469120 0.687972 0.754569 1 5 1.000000
  5 -31.785149 2.443681 57.172005 0.279054 -0.832030 -0.479432 0.674998 0.755596 1 5 1.000000
  5 -31.718803 2.970825 57.052319 0.388239 0.490521 -0.780166 0.675113 0.775089 1 5 1.000000
Charple2_sheet
  5 -31.600992 2.435611 57.282684 0.277420 -0.838430 -0.469120 0.687972 0.754569 1 5 1.000000
  5 -31.718803 2.970825 57.052319 0.388239 0.490521 -0.780166 0.675113 0.775089 1 5 1.000000
  5 -31.554916 2.989530 57.156170 0.372951 0.485302 -0.790816 0.687861 0.776153 1 5 1.000000
Charple2_sheet
  5 -33.162533 2.510273 56.954227 -0.789088 -0.473379 0.391475 0.614831 0.745313 1 5 1.000000
  5 -32.441433 2.447588 56.840626 0.235474 -0.816761 -0.526738 0.636059 0.755841 1 5 1.000000
  5 -32.716454 2.502276 57.285290 -0.496340 -0.536540 0.682474 0.632819 0.747388 1 5 1.000000
Charple2_sheet
  5 -32.513180 2.508922 57.421890 -0.480017 -0.528113 0.700486 0.649511 0.746831 1 5 1.000000
  5 -32.716454 2.502276 57.285290 -0.496340 -0.536540 0.682474 0.632819 0.747388 1 5 1.000000
  5 -32.441433 2.447588 56.840626 0.235474 -0.816761 -0.526738 0.636059 0.755841 1 5 1.000000
Charple2_sheet
  5 -32.513180 2.508922 57.421890 -0.480017 -0.528113 0.700486 0.649511 0.746831 1 5 1.000000
  5 -32.441433 2.447588 56.840626 0.235474 -0.816761 -0.526738 0.636059 0.755841 1 5 1.000000
  5 -32.292248 2.445988 56.914223 0.260038 -0.823408 -0.504361 0.645297 0.755682 1 5 1.000000
Charple2_sheet
  5 -32.111969 2.536430 57.695415 -0.467150 -0.519470 0.715487 0.673532 0.746351 1 5 1.000000
  5 -32.513180 2.508922 57.421890 -0.480017 -0.528113 0.700486 0.649511 0.746831 1 5 1.000000
  5 -32.292248 2.445988 56.914223 0.260038 -0.823408 -0.504361 0.645297 0.755682 1 5 1.000000
Charple2_sheet
  5 -32.111969 2.536430 57.695415 -0.467150 -0.519470 0.715487 0.673532 0.746351 1 5 1.000000
  5 -32.292248 2.445988 56.914223 0.260038 -0.823408 -0.504361 0.645297 0.755682 1 5 1.000000
  5 -31.785149 2.443681 57.172005 0.279054 -0.832030 -0.479432 0.674998 0.755596 1 5 1.000000
Charple2_sheet
  5 -31.835526 2.552922 57.874279 -0.430218 -0.504716 0.748448 0.689605 0.746474 1 5 1.000000
  5 -32.111969 2.536430 57.695415 -0.467150 -0.519470 0.715487 0.673532 0.746351 1 5 1.000000
  5 -31.785149 2.443681 57.172005 0.279054 -0.832030 -0.479432 0.674998 0.755596 1 5 1.000000
Charple2_sheet
  5 -31.835526 2.552922 57.874279 -0.430218 -0.504716 0.748448 0.689605 0.746474 1 5 1.000000
  5 -31.785149 2.443681 57.172005 0.279054 -0.832030 -0.479432 0.674998 0.755596 1 5 1.000000
  5 -31.600992 2.435611 57.282684 0.277420 -0.838430 -0.469120 0.687972 0.754569 1 5 1.000000
Charple2_sheet
  5 -31.489199 2.558912 58.066315 -0.262520 -0.522078 0.811491 0.713362 0.746438 1 5 1.000000
  5 -31.835526 2.552922 57.874279 -0.430218 -0.504716 0.748448 0.689605 0.746474 1 5 1.000000
  5 -31.600992 2.435611 57.282684 0.277420 -0.838430 -0.469120 0.687972 0.754569 1 5 1.000000
Charple2_sheet
  5 -31.489199 2.558912 58.066315 -0.262520 -0.522078 0.811491 0.713362 0.746438 1 5 1.000000
  5 -31.600992 2.435611 57.282684 0.277420 -0.838430 -0.469120 0.687972 0.754569 1 5 1.000000
  5 -31.219357 2.440259 57.483231 0.412789 -0.841894 -0.347591 0.710987 0.754601 1 5 1.000000
Charple2_sheet
  5 -31.219357 2.440259 57.483231 0.412789 -0.841894 -0.347591 0.710987 0.754601 1 5 1.000000
  5 -31.600992 2.435611 57.282684 0.277420 -0.838430 -0.469120 0.687972 0.754569 1 5 1.000000
  5 -31.554916 2.989530 57.156170 0.372951 0.485302 -0.790816 0.687861 0.776153 1 5 1.000000
Charple2_sheet
  5 -31.219357 2.440259 57.483231 0.412789 -0.841894 -0.347591 0.710987 0.754601 1 5 1.000000
  5 -31.554916 2.989530 57.156170 0.372951 0.485302 -0.790816 0.687861 0.776153 1 5 1.000000
  5 -31.138809 3.033522 57.355061 0.405997 0.511928 -0.757031 0.711008 0.776022 1 5 1.000000
Charple2_sheet
  5 -30.969566 3.202075 57.375706 -0.182285 -0.194645 -0.963787 0.721785 0.776023 1 5 1.000000
  5 -31.273939 2.514089 57.492096 0.175936 -0.188675 -0.966151 0.724948 0.754174 1 5 1.000000
  5 -31.219357 2.440259 57.483231 0.412789 -0.841894 -0.347591 0.710987 0.754601 1 5 1.000000
Charple2_sheet
  5 -30.969566 3.202075 57.375706 -0.182285 -0.194645 -0.963787 0.721785 0.776023 1 5 1.000000
  5 -31.219357 2.440259 57.483231 0.412789 -0.841894 -0.347591 0.710987 0.754601 1 5 1.000000
  5 -31.138809 3.033522 57.355061 0.405997 0.511928 -0.757031 0.711008 0.776022 1 5 1.000000
Charple2_sheet
  5 -30.969566 3.202075 57.375706 -0.182285 -0.194645 -0.963787 0.721785 0.776023 1 5 1.000000
  5 -31.138809 3.033522 57.355061 0.405997 0.511928 -0.757031 0.711008 0.776022 1 5 1.000000
  5 -31.361696 3.217783 57.854031 -0.300092 0.867972 0.395689 0.713114 0.783120 1 5 1.000000
Charple2_sheet
  5 -31.138809 3.033522 57.355061 0.405997 0.511928 -0.757031 0.711008 0.776022 1 5 1.000000
  5 -31.732994 3.171165 57.683487 -0.290589 0.891416 0.347757 0.689805 0.782958 1 5 1.000000
  5 -31.361696 3.217783 57.854031 -0.300092 0.867972 0.395689 0.713114 0.783120 1 5 1.000000
Charple2_sheet
  5 -31.138809 3.033522 57.355061 0.405997 0.511928 -0.757031 0.711008 0.776022 1 5 1.000000
  5 -31.554916 2.989530 57.156170 0.372951 0.485302 -0.790816 0.687861 0.776153 1 5 1.000000
  5 -31.732994 3.171165 57.683487 -0.290589 0.891416 0.347757 0.689805 0.782958 1 5 1.000000
Charple2_sheet
  5 -31.554916 2.989530 57.156170 0.372951 0.485302 -0.790816 0.687861 0.776153 1 5 1.000000
  5 -32.014816 3.143733 57.515053 -0.310197 0.887168 0.341630 0.673275 0.783063 1 5 1.000000
  5 -31.732994 3.171165 57.683487 -0.290589 0.891416 0.347757 0.689805 0.782958 1 5 1.000000
Charple2_sheet
  5 -31.554916 2.989530 57.156170 0.372951 0.485302 -0.790816 0.687861 0.776153 1 5 1.000000
  5 -31.718803 2.970825 57.052319 0.388239 0.490521 -0.780166 0.675113 0.775089 1 5 1.000000
  5 -32.014816 3.143733 57.515053 -0.310197 0.887168 0.341630 0.673275 0.783063 1 5 1.000000
Charple2_sheet
  5 -32.417919 3.093339 57.237022 -0.313202 0.885474 0.343279 0.648318 0.783061 1 5 1.000000
  5 -32.014816 3.143733 57.515053 -0.310197 0.887168 0.341630 0.673275 0.783063 1 5 1.000000
  5 -31.718803 2.970825 57.052319 0.388239 0.490521 -0.780166 0.675113 0.775089 1 5 1.000000
Charple2_sheet
  5 -32.417919 3.093339 57.237022 -0.313202 0.885474 0.343279 0.648318 0.783061 1 5 1.000000
  5 -31.718803 2.970825 57.052319 0.388239 0.490521 -0.780166 0.675113 0.775089 1 5 1.000000
  5 -32.255123 2.962064 56.793358 0.369137 0.499389 -0.783804 0.644970 0.773492 1 5 1.000000
Charple2_sheet
  5 -32.611492 3.077008 57.095627 -0.328095 0.884508 0.331661 0.633084 0.783060 1 5 1.000000
  5 -32.417919 3.093339 57.237022 -0.313202 0.885474 0.343279 0.648318 0.783061 1 5 1.000000
  5 -32.255123 2.962064 56.793358 0.369137 0.499389 -0.783804 0.644970 0.773492 1 5 1.000000
Charple2_sheet
  5 -32.611492 3.077008 57.095627 -0.328095 0.884508 0.331661 0.633084 0.783060 1 5 1.000000
  5 -32.255123 2.962064 56.793358 0.369137 0.499389 -0.783804 0.644970 0.773492 1 5 1.000000
  5 -32.392525 2.957138 56.723034 0.338933 0.491788 -0.802040 0.636057 0.772746 1 5 1.000000
Charple2_sheet
  5 -32.611492 3.077008 57.095627 -0.328095 0.884508 0.331661 0.633084 0.783060 1 5 1.000000
  5 -32.392525 2.957138 56.723034 0.338933 0.491788 -0.802040 0.636057 0.772746 1 5 1.000000
  5 -32.858757 2.894911 56.516979 -0.133847 0.381968 -0.914432 0.612080 0.772593 1 5 1.000000
Charple2_sheet
  5 -32.858757 2.894911 56.516979 -0.133847 0.381968 -0.914432 0.612080 0.772593 1 5 1.000000
  5 -32.392525 2.957138 56.723034 0.338933 0.491788 -0.802040 0.636057 0.772746 1 5 1.000000
  5 -32.441433 2.447588 56.840626 0.235474 -0.816761 -0.526738 0.636059 0.755841 1 5 1.000000
Charple2_sheet
  5 -32.858757 2.894911 56.516979 -0.133847 0.381968 -0.914432 0.612080 0.772593 1 5 1.000000
  5 -32.441433 2.447588 56.840626 0.235474 -0.816761 -0.526738 0.636059 0.755841 1 5 1.000000
  5 -32.918545 2.490695 56.618233 -0.185130 -0.714710 -0.674474 0.611376 0.758821 1 5 1.000000
Charple2_sheet
  5 -33.162533 2.510273 56.954227 -0.789088 -0.473379 0.391475 0.614831 0.745313 1 5 1.000000
  5 -32.918545 2.490695 56.618233 -0.185130 -0.714710 -0.674474 0.611376 0.758821 1 5 1.000000
  5 -32.441433 2.447588 56.840626 0.235474 -0.816761 -0.526738 0.636059 0.755841 1 5 1.000000
Charple2_sheet
  5 -32.918545 2.490695 56.618233 -0.185130 -0.714710 -0.674474 0.611376 0.758821 1 5 1.000000
  5 -33.162533 2.510273 56.954227 -0.789088 -0.473379 0.391475 0.614831 0.745313 1 5 1.000000
  5 -33.249294 2.671181 56.718250 -0.859764 -0.348058 -0.373713 0.605351 0.742521 1 5 1.000000
Charple2_sheet
  5 -33.249294 2.671181 56.718250 -0.859764 -0.348058 -0.373713 0.605351 0.742521 1 5 1.000000
  5 -32.858757 2.894911 56.516979 -0.133847 0.381968 -0.914432 0.612080 0.772593 1 5 1.000000
  5 -32.918545 2.490695 56.618233 -0.185130 -0.714710 -0.674474 0.611376 0.758821 1 5 1.000000
Charple2_sheet
  5 -30.969566 3.202075 57.375706 -0.182285 -0.194645 -0.963787 0.721785 0.776023 1 5 1.000000
  5 -31.361696 3.217783 57.854031 -0.300092 0.867972 0.395689 0.713114 0.783120 1 5 1.000000
  5 -30.754200 3.324088 57.933884 -0.012574 0.500119 0.865865 0.723810 0.783120 1 5 1.000000
Charple2_sheet
  5 -32.611492 3.077008 57.095627 -0.328095 0.884508 0.331661 0.633084 0.783060 1 5 1.000000
  5 -32.858757 2.894911 56.516979 -0.133847 0.381968 -0.914432 0.612080 0.772593 1 5 1.000000
  5 -33.088875 3.010664 56.806446 -0.634435 0.763742 0.119124 0.614745 0.783032 1 5 1.000000
Charple2_sheet
  5 -33.237099 2.783593 56.690239 -0.798721 0.339968 -0.496454 0.605190 0.732234 1 5 1.000000
  5 -33.088875 3.010664 56.806446 -0.634435 0.763742 0.119124 0.614745 0.783032 1 5 1.000000
  5 -32.858757 2.894911 56.516979 -0.133847 0.381968 -0.914432 0.612080 0.772593 1 5 1.000000
Charple2_sheet
  5 -33.249294 2.671181 56.718250 -0.859764 -0.348058 -0.373713 0.605351 0.742521 1 5 1.000000
  5 -33.237099 2.783593 56.690239 -0.798721 0.339968 -0.496454 0.605190 0.732234 1 5 1.000000
  5 -32.858757 2.894911 56.516979 -0.133847 0.381968 -0.914432 0.612080 0.772593 1 5 1.000000
Charple2_sheet
  5 -33.088875 3.010664 56.806446 -0.634435 0.763742 0.119124 0.614671 0.729125 1 5 1.000000
  5 -33.237099 2.783593 56.690239 -0.798721 0.339968 -0.496454 0.605190 0.732234 1 5 1.000000
  5 -33.249294 2.671181 56.718250 -0.859764 -0.348058 -0.373713 0.605351 0.742521 1 5 1.000000
Charple2_sheet
  5 -33.088875 3.010664 56.806446 -0.634435 0.763742 0.119124 0.614671 0.729125 1 5 1.000000
  5 -33.249294 2.671181 56.718250 -0.859764 -0.348058 -0.373713 0.605351 0.742521 1 5 1.000000
  5 -33.162533 2.510273 56.954227 -0.789088 -0.473379 0.391475 0.614831 0.745313 1 5 1.000000
Charple2_sheet
  5 -33.162533 2.510273 56.954227 -0.789088 -0.473379 0.391475 0.614831 0.745313 1 5 1.000000
  5 -32.611492 3.077008 57.095627 -0.328095 0.884508 0.331661 0.632903 0.729127 1 5 1.000000
  5 -33.088875 3.010664 56.806446 -0.634435 0.763742 0.119124 0.614671 0.729125 1 5 1.000000
Charple2_sheet
  5 -33.162533 2.510273 56.954227 -0.789088 -0.473379 0.391475 0.614831 0.745313 1 5 1.000000
  5 -32.716454 2.502276 57.285290 -0.496340 -0.536540 0.682474 0.632819 0.747388 1 5 1.000000
  5 -32.611492 3.077008 57.095627 -0.328095 0.884508 0.331661 0.632903 0.729127 1 5 1.000000
Charple2_sheet
  5 -32.417919 3.093339 57.237022 -0.313202 0.885474 0.343279 0.648784 0.729208 1 5 1.000000
  5 -32.611492 3.077008 57.095627 -0.328095 0.884508 0.331661 0.632903 0.729127 1 5 1.000000
  5 -32.716454 2.502276 57.285290 -0.496340 -0.536540 0.682474 0.632819 0.747388 1 5 1.000000
Charple2_sheet
  5 -32.417919 3.093339 57.237022 -0.313202 0.885474 0.343279 0.648784 0.729208 1 5 1.000000
  5 -32.716454 2.502276 57.285290 -0.496340 -0.536540 0.682474 0.632819 0.747388 1 5 1.000000
  5 -32.513180 2.508922 57.421890 -0.480017 -0.528113 0.700486 0.649511 0.746831 1 5 1.000000
Charple2_sheet
  5 -32.014816 3.143733 57.515053 -0.310197 0.887168 0.341630 0.672931 0.729050 1 5 1.000000
  5 -32.417919 3.093339 57.237022 -0.313202 0.885474 0.343279 0.648784 0.729208 1 5 1.000000
  5 -32.513180 2.508922 57.421890 -0.480017 -0.528113 0.700486 0.649511 0.746831 1 5 1.000000
Charple2_sheet
  5 -32.014816 3.143733 57.515053 -0.310197 0.887168 0.341630 0.672931 0.729050 1 5 1.000000
  5 -32.513180 2.508922 57.421890 -0.480017 -0.528113 0.700486 0.649511 0.746831 1 5 1.000000
  5 -32.111969 2.536430 57.695415 -0.467150 -0.519470 0.715487 0.673532 0.746351 1 5 1.000000
Charple2_sheet
  5 -31.732994 3.171165 57.683487 -0.290589 0.891416 0.347757 0.689704 0.729158 1 5 1.000000
  5 -32.014816 3.143733 57.515053 -0.310197 0.887168 0.341630 0.672931 0.729050 1 5 1.000000
  5 -32.111969 2.536430 57.695415 -0.467150 -0.519470 0.715487 0.673532 0.746351 1 5 1.000000
Charple2_sheet
  5 -31.732994 3.171165 57.683487 -0.290589 0.891416 0.347757 0.689704 0.729158 1 5 1.000000
  5 -32.111969 2.536430 57.695415 -0.467150 -0.519470 0.715487 0.673532 0.746351 1 5 1.000000
  5 -31.835526 2.552922 57.874279 -0.430218 -0.504716 0.748448 0.689605 0.746474 1 5 1.000000
Charple2_sheet
  5 -31.361696 3.217783 57.854031 -0.300092 0.867972 0.395689 0.713257 0.729160 1 5 1.000000
  5 -31.732994 3.171165 57.683487 -0.290589 0.891416 0.347757 0.689704 0.729158 1 5 1.000000
  5 -31.835526 2.552922 57.874279 -0.430218 -0.504716 0.748448 0.689605 0.746474 1 5 1.000000
Charple2_sheet
  5 -31.361696 3.217783 57.854031 -0.300092 0.867972 0.395689 0.713257 0.729160 1 5 1.000000
  5 -31.835526 2.552922 57.874279 -0.430218 -0.504716 0.748448 0.689605 0.746474 1 5 1.000000
  5 -31.489199 2.558912 58.066315 -0.262520 -0.522078 0.811491 0.713362 0.746438 1 5 1.000000
Charple2_sheet
  5 -30.754200 3.324088 57.933884 -0.012574 0.500119 0.865865 0.723628 0.729055 1 5 1.000000
  5 -31.361696 3.217783 57.854031 -0.300092 0.867972 0.395689 0.713257 0.729160 1 5 1.000000
  5 -31.489199 2.558912 58.066315 -0.262520 -0.522078 0.811491 0.713362 0.746438 1 5 1.000000
Charple2_sheet
  5 -30.754200 3.324088 57.933884 -0.012574 0.500119 0.865865 0.723628 0.729055 1 5 1.000000
  5 -31.489199 2.558912 58.066315 -0.262520 -0.522078 0.811491 0.713362 0.746438 1 5 1.000000
  5 -31.062281 2.517241 58.173721 -0.216070 0.204209 0.954784 0.723653 0.746439 1 5 1.000000
Charple2_sheet
  5 -31.062281 2.517241 58.173721 -0.216070 0.204209 0.954784 0.723653 0.746439 1 5 1.000000
  5 -31.489199 2.558912 58.066315 -0.262520 -0.522078 0.811491 0.713362 0.746438 1 5 1.000000
  5 -31.219357 2.440259 57.483231 0.412789 -0.841894 -0.347591 0.710987 0.754601 1 5 1.000000
Charple2_sheet
  5 -31.273939 2.514089 57.492096 0.175936 -0.188675 -0.966151 0.724948 0.754174 1 5 1.000000
  5 -31.062281 2.517241 58.173721 -0.216070 0.204209 0.954784 0.723653 0.746439 1 5 1.000000
  5 -31.219357 2.440259 57.483231 0.412789 -0.841894 -0.347591 0.710987 0.754601 1 5 1.000000
Charple2_sheet
  5 -32.549606 3.181804 56.674282 -0.808981 -0.461382 -0.364248 0.603323 0.756237 1 5 1.000000
  5 -32.215832 3.389785 56.487011 -0.140018 0.237232 -0.961309 0.611858 0.772682 1 5 1.000000
  5 -32.250340 3.029279 56.625507 -0.156063 -0.789134 -0.594064 0.611183 0.759029 1 5 1.000000
Charple2_sheet
  5 -32.549606 3.181804 56.674282 -0.808981 -0.461382 -0.364248 0.603323 0.756237 1 5 1.000000
  5 -32.542740 3.285536 56.636612 -0.807316 0.197878 -0.555954 0.603889 0.769873 1 5 1.000000
  5 -32.215832 3.389785 56.487011 -0.140018 0.237232 -0.961309 0.611858 0.772682 1 5 1.000000
Charple2_sheet
  5 -31.202763 3.298314 57.891804 -0.147060 -0.341488 0.928310 0.713281 0.746358 1 5 1.000000
  5 -31.271069 3.060832 57.262970 0.284870 -0.931009 -0.228191 0.687972 0.754569 1 5 1.000000
  5 -30.938465 3.100790 57.481117 -0.019970 -0.958838 -0.283250 0.710984 0.754571 1 5 1.000000
Charple2_sheet
  5 -31.202763 3.298314 57.891804 -0.147060 -0.341488 0.928310 0.713281 0.746358 1 5 1.000000
  5 -31.464022 3.234151 57.642548 -0.511124 -0.384971 0.768472 0.689558 0.746401 1 5 1.000000
  5 -31.271069 3.060832 57.262970 0.284870 -0.931009 -0.228191 0.687972 0.754569 1 5 1.000000
Charple2_sheet
  5 -31.464022 3.234151 57.642548 -0.511124 -0.384971 0.768472 0.689558 0.746401 1 5 1.000000
  5 -31.392174 3.044315 57.149708 0.304848 -0.914838 -0.264837 0.675034 0.754967 1 5 1.000000
  5 -31.271069 3.060832 57.262970 0.284870 -0.931009 -0.228191 0.687972 0.754569 1 5 1.000000
Charple2_sheet
  5 -31.464022 3.234151 57.642548 -0.511124 -0.384971 0.768472 0.689558 0.746401 1 5 1.000000
  5 -31.666557 3.185321 57.473820 -0.501165 -0.443360 0.743146 0.673496 0.746594 1 5 1.000000
  5 -31.392174 3.044315 57.149708 0.304848 -0.914838 -0.264837 0.675034 0.754967 1 5 1.000000
Charple2_sheet
  5 -31.934519 3.125519 57.255856 -0.480571 -0.487204 0.729166 0.649430 0.746911 1 5 1.000000
  5 -31.392174 3.044315 57.149708 0.304848 -0.914838 -0.264837 0.675034 0.754967 1 5 1.000000
  5 -31.666557 3.185321 57.473820 -0.501165 -0.443360 0.743146 0.673496 0.746594 1 5 1.000000
Charple2_sheet
  5 -31.934519 3.125519 57.255856 -0.480571 -0.487204 0.729166 0.649430 0.746911 1 5 1.000000
  5 -31.732975 3.022815 56.894188 0.313824 -0.895386 -0.315909 0.645378 0.755602 1 5 1.000000
  5 -31.392174 3.044315 57.149708 0.304848 -0.914838 -0.264837 0.675034 0.754967 1 5 1.000000
Charple2_sheet
  5 -32.089489 3.102665 57.143513 -0.473868 -0.514124 0.714930 0.632900 0.747388 1 5 1.000000
  5 -31.732975 3.022815 56.894188 0.313824 -0.895386 -0.315909 0.645378 0.755602 1 5 1.000000
  5 -31.934519 3.125519 57.255856 -0.480571 -0.487204 0.729166 0.649430 0.746911 1 5 1.000000
Charple2_sheet
  5 -32.089489 3.102665 57.143513 -0.473868 -0.514124 0.714930 0.632900 0.747388 1 5 1.000000
  5 -31.835569 3.011060 56.818527 0.255456 -0.885248 -0.388687 0.636102 0.755824 1 5 1.000000
  5 -31.732975 3.022815 56.894188 0.313824 -0.895386 -0.315909 0.645378 0.755602 1 5 1.000000
Charple2_sheet
  5 -32.472904 3.069010 56.864315 -0.759210 -0.505015 0.410561 0.614831 0.745313 1 5 1.000000
  5 -31.835569 3.011060 56.818527 0.255456 -0.885248 -0.388687 0.636102 0.755824 1 5 1.000000
  5 -32.089489 3.102665 57.143513 -0.473868 -0.514124 0.714930 0.632900 0.747388 1 5 1.000000
Charple2_sheet
  5 -32.472904 3.069010 56.864315 -0.759210 -0.505015 0.410561 0.614831 0.745313 1 5 1.000000
  5 -32.250340 3.029279 56.625507 -0.156063 -0.789134 -0.594064 0.611183 0.759029 1 5 1.000000
  5 -31.835569 3.011060 56.818527 0.255456 -0.885248 -0.388687 0.636102 0.755824 1 5 1.000000
Charple2_sheet
  5 -31.799726 3.438130 56.634235 0.356943 0.352794 -0.864944 0.636057 0.772587 1 5 1.000000
  5 -31.835569 3.011060 56.818527 0.255456 -0.885248 -0.388687 0.636102 0.755824 1 5 1.000000
  5 -32.250340 3.029279 56.625507 -0.156063 -0.789134 -0.594064 0.611183 0.759029 1 5 1.000000
Charple2_sheet
  5 -31.799726 3.438130 56.634235 0.356943 0.352794 -0.864944 0.636057 0.772587 1 5 1.000000
  5 -32.250340 3.029279 56.625507 -0.156063 -0.789134 -0.594064 0.611183 0.759029 1 5 1.000000
  5 -32.215832 3.389785 56.487011 -0.140018 0.237232 -0.961309 0.611858 0.772682 1 5 1.000000
Charple2_sheet
  5 -32.058025 3.633991 56.977955 -0.393373 0.887592 0.239664 0.633138 0.783033 1 5 1.000000
  5 -31.799726 3.438130 56.634235 0.356943 0.352794 -0.864944 0.636057 0.772587 1 5 1.000000
  5 -32.215832 3.389785 56.487011 -0.140018 0.237232 -0.961309 0.611858 0.772682 1 5 1.000000
Charple2_sheet
  5 -32.058025 3.633991 56.977955 -0.393373 0.887592 0.239664 0.633138 0.783033 1 5 1.000000
  5 -32.215832 3.389785 56.487011 -0.140018 0.237232 -0.961309 0.611858 0.772682 1 5 1.000000
  5 -32.450649 3.490820 56.723442 -0.713426 0.700287 0.024933 0.615589 0.782814 1 5 1.000000
Charple2_sheet
  5 -32.542740 3.285536 56.636612 -0.807316 0.197878 -0.555954 0.605102 0.785742 1 5 1.000000
  5 -32.450649 3.490820 56.723442 -0.713426 0.700287 0.024933 0.615589 0.782814 1 5 1.000000
  5 -32.215832 3.389785 56.487011 -0.140018 0.237232 -0.961309 0.611858 0.772682 1 5 1.000000
Charple2_sheet
  5 -31.732975 3.022815 56.894188 0.313824 -0.895386 -0.315909 0.645378 0.755602 1 5 1.000000
  5 -31.835569 3.011060 56.818527 0.255456 -0.885248 -0.388687 0.636102 0.755824 1 5 1.000000
  5 -31.799726 3.438130 56.634235 0.356943 0.352794 -0.864944 0.636057 0.772587 1 5 1.000000
Charple2_sheet
  5 -32.250340 3.029279 56.625507 -0.156063 -0.789134 -0.594064 0.611183 0.759029 1 5 1.000000
  5 -32.472904 3.069010 56.864315 -0.759210 -0.505015 0.410561 0.614831 0.745313 1 5 1.000000
  5 -32.549606 3.181804 56.674282 -0.808981 -0.461382 -0.364248 0.605270 0.742601 1 5 1.000000
Charple2_sheet
  5 -32.450649 3.490820 56.723442 -0.713426 0.700287 0.024933 0.614671 0.729205 1 5 1.000000
  5 -32.549606 3.181804 56.674282 -0.808981 -0.461382 -0.364248 0.605270 0.742601 1 5 1.000000
  5 -32.472904 3.069010 56.864315 -0.759210 -0.505015 0.410561 0.614831 0.745313 1 5 1.000000
Charple2_sheet
  5 -32.450649 3.490820 56.723442 -0.713426 0.700287 0.024933 0.614671 0.729205 1 5 1.000000
  5 -32.472904 3.069010 56.864315 -0.759210 -0.505015 0.410561 0.614831 0.745313 1 5 1.000000
  5 -32.089489 3.102665 57.143513 -0.473868 -0.514124 0.714930 0.632900 0.747388 1 5 1.000000
Charple2_sheet
  5 -32.450649 3.490820 56.723442 -0.713426 0.700287 0.024933 0.614671 0.729205 1 5 1.000000
  5 -32.089489 3.102665 57.143513 -0.473868 -0.514124 0.714930 0.632900 0.747388 1 5 1.000000
  5 -32.058025 3.633991 56.977955 -0.393373 0.887592 0.239664 0.632822 0.729206 1 5 1.000000
Charple2_sheet
  5 -31.895218 3.676322 57.078114 -0.367458 0.903322 0.221325 0.648784 0.729048 1 5 1.000000
  5 -32.058025 3.633991 56.977955 -0.393373 0.887592 0.239664 0.632822 0.729206 1 5 1.000000
  5 -32.089489 3.102665 57.143513 -0.473868 -0.514124 0.714930 0.632900 0.747388 1 5 1.000000
Charple2_sheet
  5 -31.895218 3.676322 57.078114 -0.367458 0.903322 0.221325 0.648784 0.729048 1 5 1.000000
  5 -32.089489 3.102665 57.143513 -0.473868 -0.514124 0.714930 0.632900 0.747388 1 5 1.000000
  5 -31.934519 3.125519 57.255856 -0.480571 -0.487204 0.729166 0.649430 0.746911 1 5 1.000000
Charple2_sheet
  5 -31.614950 3.747021 57.275867 -0.355768 0.915054 0.190016 0.672931 0.729130 1 5 1.000000
  5 -31.895218 3.676322 57.078114 -0.367458 0.903322 0.221325 0.648784 0.729048 1 5 1.000000
  5 -31.934519 3.125519 57.255856 -0.480571 -0.487204 0.729166 0.649430 0.746911 1 5 1.000000
Charple2_sheet
  5 -31.614950 3.747021 57.275867 -0.355768 0.915054 0.190016 0.672931 0.729130 1 5 1.000000
  5 -31.934519 3.125519 57.255856 -0.480571 -0.487204 0.729166 0.649430 0.746911 1 5 1.000000
  5 -31.666557 3.185321 57.473820 -0.501165 -0.443360 0.743146 0.673496 0.746594 1 5 1.000000
Charple2_sheet
  5 -31.666557 3.185321 57.473820 -0.501165 -0.443360 0.743146 0.673496 0.746594 1 5 1.000000
  5 -31.385439 3.792346 57.405338 -0.313519 0.936548 0.156793 0.689596 0.729052 1 5 1.000000
  5 -31.614950 3.747021 57.275867 -0.355768 0.915054 0.190016 0.672931 0.729130 1 5 1.000000
Charple2_sheet
  5 -31.666557 3.185321 57.473820 -0.501165 -0.443360 0.743146 0.673496 0.746594 1 5 1.000000
  5 -31.464022 3.234151 57.642548 -0.511124 -0.384971 0.768472 0.689558 0.746401 1 5 1.000000
  5 -31.385439 3.792346 57.405338 -0.313519 0.936548 0.156793 0.689596 0.729052 1 5 1.000000
Charple2_sheet
  5 -31.067261 3.834873 57.591385 -0.195906 0.965836 0.169652 0.713148 0.729160 1 5 1.000000
  5 -31.385439 3.792346 57.405338 -0.313519 0.936548 0.156793 0.689596 0.729052 1 5 1.000000
  5 -31.464022 3.234151 57.642548 -0.511124 -0.384971 0.768472 0.689558 0.746401 1 5 1.000000
Charple2_sheet
  5 -31.067261 3.834873 57.591385 -0.195906 0.965836 0.169652 0.713148 0.729160 1 5 1.000000
  5 -31.464022 3.234151 57.642548 -0.511124 -0.384971 0.768472 0.689558 0.746401 1 5 1.000000
  5 -31.202763 3.298314 57.891804 -0.147060 -0.341488 0.928310 0.713281 0.746358 1 5 1.000000
Charple2_sheet
  5 -30.471960 3.815086 57.481693 0.064769 0.980978 0.182992 0.723628 0.729161 1 5 1.000000
  5 -31.067261 3.834873 57.591385 -0.195906 0.965836 0.169652 0.713148 0.729160 1 5 1.000000
  5 -31.202763 3.298314 57.891804 -0.147060 -0.341488 0.928310 0.713281 0.746358 1 5 1.000000
Charple2_sheet
  5 -30.471960 3.815086 57.481693 0.064769 0.980978 0.182992 0.723628 0.729161 1 5 1.000000
  5 -31.202763 3.298314 57.891804 -0.147060 -0.341488 0.928310 0.713281 0.746358 1 5 1.000000
  5 -30.754200 3.324088 57.933884 -0.012574 0.500119 0.865865 0.723653 0.746518 1 5 1.000000
Charple2_sheet
  5 -30.938465 3.100790 57.481117 -0.019970 -0.958838 -0.283250 0.710984 0.754571 1 5 1.000000
  5 -30.754200 3.324088 57.933884 -0.012574 0.500119 0.865865 0.723653 0.746518 1 5 1.000000
  5 -31.202763 3.298314 57.891804 -0.147060 -0.341488 0.928310 0.713281 0.746358 1 5 1.000000
Charple2_sheet
  5 -30.938465 3.100790 57.481117 -0.019970 -0.958838 -0.283250 0.710984 0.754571 1 5 1.000000
  5 -30.969566 3.202075 57.375706 -0.182285 -0.194645 -0.963787 0.725110 0.754413 1 5 1.000000
  5 -30.754200 3.324088 57.933884 -0.012574 0.500119 0.865865 0.723653 0.746518 1 5 1.000000
Charple2_sheet
  5 -30.969566 3.202075 57.375706 -0.182285 -0.194645 -0.963787 0.725110 0.754413 1 5 1.000000
  5 -30.938465 3.100790 57.481117 -0.019970 -0.958838 -0.283250 0.710984 0.754571 1 5 1.000000
  5 -30.842140 3.568523 57.225540 -0.095279 0.447067 -0.889411 0.711089 0.776022 1 5 1.000000
Charple2_sheet
  5 -30.969566 3.202075 57.375706 -0.182285 -0.194645 -0.963787 0.725110 0.754413 1 5 1.000000
  5 -30.842140 3.568523 57.225540 -0.095279 0.447067 -0.889411 0.711089 0.776022 1 5 1.000000
  5 -30.612564 3.633977 57.098515 -0.340888 0.484917 -0.805389 0.721704 0.776103 1 5 1.000000
Charple2_sheet
  5 -30.612564 3.633977 57.098515 -0.340888 0.484917 -0.805389 0.721704 0.776103 1 5 1.000000
  5 -30.842140 3.568523 57.225540 -0.095279 0.447067 -0.889411 0.711089 0.776022 1 5 1.000000
  5 -31.067261 3.834873 57.591385 -0.195906 0.965836 0.169652 0.712952 0.783040 1 5 1.000000
Charple2_sheet
  5 -30.612564 3.633977 57.098515 -0.340888 0.484917 -0.805389 0.721704 0.776103 1 5 1.000000
  5 -31.067261 3.834873 57.591385 -0.195906 0.965836 0.169652 0.712952 0.783040 1 5 1.000000
  5 -30.471960 3.815086 57.481693 0.064769 0.980978 0.182992 0.723648 0.783041 1 5 1.000000
Charple2_sheet
  5 -32.450649 3.490820 56.723442 -0.713426 0.700287 0.024933 0.614671 0.729205 1 5 1.000000
  5 -32.542740 3.285536 56.636612 -0.807316 0.197878 -0.555954 0.605109 0.732155 1 5 1.000000
  5 -32.549606 3.181804 56.674282 -0.808981 -0.461382 -0.364248 0.605270 0.742601 1 5 1.000000
Charple2_sheet
  5 -30.938465 3.100790 57.481117 -0.019970 -0.958838 -0.283250 0.710984 0.754571 1 5 1.000000
  5 -31.181223 3.522078 57.012733 0.494265 0.267883 -0.827007 0.687915 0.775941 1 5 1.000000
  5 -30.842140 3.568523 57.225540 -0.095279 0.447067 -0.889411 0.711089 0.776022 1 5 1.000000
Charple2_sheet
  5 -30.938465 3.100790 57.481117 -0.019970 -0.958838 -0.283250 0.710984 0.754571 1 5 1.000000
  5 -31.271069 3.060832 57.262970 0.284870 -0.931009 -0.228191 0.687972 0.754569 1 5 1.000000
  5 -31.181223 3.522078 57.012733 0.494265 0.267883 -0.827007 0.687915 0.775941 1 5 1.000000
Charple2_sheet
  5 -31.271069 3.060832 57.262970 0.284870 -0.931009 -0.228191 0.687972 0.754569 1 5 1.000000
  5 -31.333025 3.504942 56.919601 0.481918 0.300132 -0.823211 0.675113 0.775062 1 5 1.000000
  5 -31.181223 3.522078 57.012733 0.494265 0.267883 -0.827007 0.687915 0.775941 1 5 1.000000
Charple2_sheet
  5 -31.271069 3.060832 57.262970 0.284870 -0.931009 -0.228191 0.687972 0.754569 1 5 1.000000
  5 -31.392174 3.044315 57.149708 0.304848 -0.914838 -0.264837 0.675034 0.754967 1 5 1.000000
  5 -31.333025 3.504942 56.919601 0.481918 0.300132 -0.823211 0.675113 0.775062 1 5 1.000000
Charple2_sheet
  5 -31.732975 3.022815 56.894188 0.313824 -0.895386 -0.315909 0.645378 0.755602 1 5 1.000000
  5 -31.333025 3.504942 56.919601 0.481918 0.300132 -0.823211 0.675113 0.775062 1 5 1.000000
  5 -31.392174 3.044315 57.149708 0.304848 -0.914838 -0.264837 0.675034 0.754967 1 5 1.000000
Charple2_sheet
  5 -31.732975 3.022815 56.894188 0.313824 -0.895386 -0.315909 0.645378 0.755602 1 5 1.000000
  5 -31.680002 3.449393 56.709248 0.457299 0.331490 -0.825222 0.644970 0.773305 1 5 1.000000
  5 -31.333025 3.504942 56.919601 0.481918 0.300132 -0.823211 0.675113 0.775062 1 5 1.000000
Charple2_sheet
  5 -31.732975 3.022815 56.894188 0.313824 -0.895386 -0.315909 0.645378 0.755602 1 5 1.000000
  5 -31.799726 3.438130 56.634235 0.356943 0.352794 -0.864944 0.636057 0.772587 1 5 1.000000
  5 -31.680002 3.449393 56.709248 0.457299 0.331490 -0.825222 0.644970 0.773305 1 5 1.000000
Charple2_sheet
  5 -31.680002 3.449393 56.709248 0.457299 0.331490 -0.825222 0.644970 0.773305 1 5 1.000000
  5 -31.799726 3.438130 56.634235 0.356943 0.352794 -0.864944 0.636057 0.772587 1 5 1.000000
  5 -32.058025 3.633991 56.977955 -0.393373 0.887592 0.239664 0.633138 0.783033 1 5 1.000000
Charple2_sheet
  5 -31.680002 3.449393 56.709248 0.457299 0.331490 -0.825222 0.644970 0.773305 1 5 1.000000
  5 -32.058025 3.633991 56.977955 -0.393373 0.887592 0.239664 0.633138 0.783033 1 5 1.000000
  5 -31.895218 3.676322 57.078114 -0.367458 0.903322 0.221325 0.648372 0.783034 1 5 1.000000
Charple2_sheet
  5 -31.333025 3.504942 56.919601 0.481918 0.300132 -0.823211 0.675113 0.775062 1 5 1.000000
  5 -31.680002 3.449393 56.709248 0.457299 0.331490 -0.825222 0.644970 0.773305 1 5 1.000000
  5 -31.895218 3.676322 57.078114 -0.367458 0.903322 0.221325 0.648372 0.783034 1 5 1.000000
Charple2_sheet
  5 -31.333025 3.504942 56.919601 0.481918 0.300132 -0.823211 0.675113 0.775062 1 5 1.000000
  5 -31.895218 3.676322 57.078114 -0.367458 0.903322 0.221325 0.648372 0.783034 1 5 1.000000
  5 -31.614950 3.747021 57.275867 -0.355768 0.915054 0.190016 0.673167 0.783116 1 5 1.000000
Charple2_sheet
  5 -31.181223 3.522078 57.012733 0.494265 0.267883 -0.827007 0.687915 0.775941 1 5 1.000000
  5 -31.333025 3.504942 56.919601 0.481918 0.300132 -0.823211 0.675113 0.775062 1 5 1.000000
  5 -31.614950 3.747021 57.275867 -0.355768 0.915054 0.190016 0.673167 0.783116 1 5 1.000000
Charple2_sheet
  5 -31.181223 3.522078 57.012733 0.494265 0.267883 -0.827007 0.687915 0.775941 1 5 1.000000
  5 -31.614950 3.747021 57.275867 -0.355768 0.915054 0.190016 0.673167 0.783116 1 5 1.000000
  5 -31.385439 3.792346 57.405338 -0.313519 0.936548 0.156793 0.689778 0.783118 1 5 1.000000
Charple2_sheet
  5 -30.842140 3.568523 57.225540 -0.095279 0.447067 -0.889411 0.711089 0.776022 1 5 1.000000
  5 -31.181223 3.522078 57.012733 0.494265 0.267883 -0.827007 0.687915 0.775941 1 5 1.000000
  5 -31.385439 3.792346 57.405338 -0.313519 0.936548 0.156793 0.689778 0.783118 1 5 1.000000
Charple2_sheet
  5 -30.842140 3.568523 57.225540 -0.095279 0.447067 -0.889411 0.711089 0.776022 1 5 1.000000
  5 -31.385439 3.792346 57.405338 -0.313519 0.936548 0.156793 0.689778 0.783118 1 5 1.000000
  5 -31.067261 3.834873 57.591385 -0.195906 0.965836 0.169652 0.712952 0.783040 1 5 1.000000
Charple2_sheet
  5 -32.025944 1.815869 57.905022 -0.259818 -0.678650 0.686971 0.689378 0.746436 1 5 1.000000
  5 -32.405720 1.828427 57.763039 -0.280615 -0.674663 0.682704 0.673496 0.746594 1 5 1.000000
  5 -32.193417 1.821340 57.264030 0.180365 -0.744792 -0.642459 0.675007 0.754781 1 5 1.000000
Charple2_sheet
  5 -32.193417 1.821340 57.264030 0.180365 -0.744792 -0.642459 0.675007 0.754781 1 5 1.000000
  5 -32.405720 1.828427 57.763039 -0.280615 -0.674663 0.682704 0.673496 0.746594 1 5 1.000000
  5 -32.903488 1.832259 57.576630 -0.286832 -0.671059 0.683672 0.649592 0.746831 1 5 1.000000
Charple2_sheet
  5 -32.193417 1.821340 57.264030 0.180365 -0.744792 -0.642459 0.675007 0.754781 1 5 1.000000
  5 -32.903488 1.832259 57.576630 -0.286832 -0.671059 0.683672 0.649592 0.746831 1 5 1.000000
  5 -32.825687 1.840216 57.077019 0.181938 -0.742984 -0.644107 0.645215 0.755682 1 5 1.000000
Charple2_sheet
  5 -32.903488 1.832259 57.576630 -0.286832 -0.671059 0.683672 0.649592 0.746831 1 5 1.000000
  5 -33.066837 1.850897 57.001316 0.129207 -0.739871 -0.660224 0.636059 0.755761 1 5 1.000000
  5 -32.825687 1.840216 57.077019 0.181938 -0.742984 -0.644107 0.645215 0.755682 1 5 1.000000
Charple2_sheet
  5 -32.903488 1.832259 57.576630 -0.286832 -0.671059 0.683672 0.649592 0.746831 1 5 1.000000
  5 -33.202663 1.842480 57.462154 -0.268707 -0.673328 0.688786 0.632819 0.747308 1 5 1.000000
  5 -33.066837 1.850897 57.001316 0.129207 -0.739871 -0.660224 0.636059 0.755761 1 5 1.000000
Charple2_sheet
  5 -33.066837 1.850897 57.001316 0.129207 -0.739871 -0.660224 0.636059 0.755761 1 5 1.000000
  5 -33.839306 1.878784 57.276058 -0.691351 -0.579419 0.431634 0.614831 0.745233 1 5 1.000000
  5 -33.641705 1.899072 56.899216 -0.325617 -0.613889 -0.719106 0.611183 0.759029 1 5 1.000000
Charple2_sheet
  5 -33.066837 1.850897 57.001316 0.129207 -0.739871 -0.660224 0.636059 0.755761 1 5 1.000000
  5 -33.202663 1.842480 57.462154 -0.268707 -0.673328 0.688786 0.632819 0.747308 1 5 1.000000
  5 -33.839306 1.878784 57.276058 -0.691351 -0.579419 0.431634 0.614831 0.745233 1 5 1.000000
Charple2_sheet
  5 -33.839306 1.878784 57.276058 -0.691351 -0.579419 0.431634 0.614831 0.745233 1 5 1.000000
  5 -33.202663 1.842480 57.462154 -0.268707 -0.673328 0.688786 0.632819 0.747308 1 5 1.000000
  5 -33.169743 2.445035 57.406254 -0.226065 0.802527 0.552128 0.632822 0.729127 1 5 1.000000
Charple2_sheet
  5 -32.865005 2.460371 57.507961 -0.252086 0.797250 0.548493 0.648649 0.729261 1 5 1.000000
  5 -33.169743 2.445035 57.406254 -0.226065 0.802527 0.552128 0.632822 0.729127 1 5 1.000000
  5 -33.202663 1.842480 57.462154 -0.268707 -0.673328 0.688786 0.632819 0.747308 1 5 1.000000
Charple2_sheet
  5 -32.865005 2.460371 57.507961 -0.252086 0.797250 0.548493 0.648649 0.729261 1 5 1.000000
  5 -33.202663 1.842480 57.462154 -0.268707 -0.673328 0.688786 0.632819 0.747308 1 5 1.000000
  5 -32.903488 1.832259 57.576630 -0.286832 -0.671059 0.683672 0.649592 0.746831 1 5 1.000000
Charple2_sheet
  5 -32.903488 1.832259 57.576630 -0.286832 -0.671059 0.683672 0.649592 0.746831 1 5 1.000000
  5 -32.381897 2.480424 57.726845 -0.239556 0.787444 0.567930 0.673012 0.729050 1 5 1.000000
  5 -32.865005 2.460371 57.507961 -0.252086 0.797250 0.548493 0.648649 0.729261 1 5 1.000000
Charple2_sheet
  5 -32.903488 1.832259 57.576630 -0.286832 -0.671059 0.683672 0.649592 0.746831 1 5 1.000000
  5 -32.405720 1.828427 57.763039 -0.280615 -0.674663 0.682704 0.673496 0.746594 1 5 1.000000
  5 -32.381897 2.480424 57.726845 -0.239556 0.787444 0.567930 0.673012 0.729050 1 5 1.000000
Charple2_sheet
  5 -31.993975 2.476509 57.857311 -0.237846 0.772676 0.588558 0.689623 0.729211 1 5 1.000000
  5 -32.381897 2.480424 57.726845 -0.239556 0.787444 0.567930 0.673012 0.729050 1 5 1.000000
  5 -32.405720 1.828427 57.763039 -0.280615 -0.674663 0.682704 0.673496 0.746594 1 5 1.000000
Charple2_sheet
  5 -31.993975 2.476509 57.857311 -0.237846 0.772676 0.588558 0.689623 0.729211 1 5 1.000000
  5 -32.405720 1.828427 57.763039 -0.280615 -0.674663 0.682704 0.673496 0.746594 1 5 1.000000
  5 -32.025944 1.815869 57.905022 -0.259818 -0.678650 0.686971 0.689378 0.746436 1 5 1.000000
Charple2_sheet
  5 -31.526104 2.481989 58.042416 -0.283583 0.737489 0.612937 0.713202 0.729213 1 5 1.000000
  5 -31.993975 2.476509 57.857311 -0.237846 0.772676 0.588558 0.689623 0.729211 1 5 1.000000
  5 -32.025944 1.815869 57.905022 -0.259818 -0.678650 0.686971 0.689378 0.746436 1 5 1.000000
Charple2_sheet
  5 -33.641705 1.899072 56.899216 -0.325617 -0.613889 -0.719106 0.611183 0.759029 1 5 1.000000
  5 -33.839306 1.878784 57.276058 -0.691351 -0.579419 0.431634 0.614831 0.745233 1 5 1.000000
  5 -33.957722 2.085734 57.072765 -0.899239 -0.319310 -0.299015 0.605432 0.742681 1 5 1.000000
Charple2_sheet
  5 -33.822353 2.404596 57.209824 -0.625772 0.706461 0.330639 0.614752 0.729125 1 5 1.000000
  5 -33.957722 2.085734 57.072765 -0.899239 -0.319310 -0.299015 0.605432 0.742681 1 5 1.000000
  5 -33.839306 1.878784 57.276058 -0.691351 -0.579419 0.431634 0.614831 0.745233 1 5 1.000000
Charple2_sheet
  5 -33.839306 1.878784 57.276058 -0.691351 -0.579419 0.431634 0.614831 0.745233 1 5 1.000000
  5 -33.169743 2.445035 57.406254 -0.226065 0.802527 0.552128 0.632822 0.729127 1 5 1.000000
  5 -33.822353 2.404596 57.209824 -0.625772 0.706461 0.330639 0.614752 0.729125 1 5 1.000000
Charple2_sheet
  5 -33.822353 2.404596 57.209824 -0.625772 0.706461 0.330639 0.614752 0.729125 1 5 1.000000
  5 -33.953053 2.195514 57.055195 -0.882309 0.325687 -0.339792 0.605190 0.732155 1 5 1.000000
  5 -33.957722 2.085734 57.072765 -0.899239 -0.319310 -0.299015 0.605432 0.742681 1 5 1.000000
Charple2_sheet
  5 -33.620113 2.336056 56.844379 -0.306308 0.482346 -0.820681 0.611748 0.772505 1 5 1.000000
  5 -33.957722 2.085734 57.072765 -0.899239 -0.319310 -0.299015 0.603161 0.756396 1 5 1.000000
  5 -33.953053 2.195514 57.055195 -0.882309 0.325687 -0.339792 0.603889 0.769793 1 5 1.000000
Charple2_sheet
  5 -33.620113 2.336056 56.844379 -0.306308 0.482346 -0.820681 0.611748 0.772505 1 5 1.000000
  5 -33.641705 1.899072 56.899216 -0.325617 -0.613889 -0.719106 0.611183 0.759029 1 5 1.000000
  5 -33.957722 2.085734 57.072765 -0.899239 -0.319310 -0.299015 0.603161 0.756396 1 5 1.000000
Charple2_sheet
  5 -33.641705 1.899072 56.899216 -0.325617 -0.613889 -0.719106 0.611183 0.759029 1 5 1.000000
  5 -33.620113 2.336056 56.844379 -0.306308 0.482346 -0.820681 0.611748 0.772505 1 5 1.000000
  5 -33.058998 2.351383 56.936420 0.164474 0.590657 -0.789982 0.636219 0.772747 1 5 1.000000
Charple2_sheet
  5 -33.641705 1.899072 56.899216 -0.325617 -0.613889 -0.719106 0.611183 0.759029 1 5 1.000000
  5 -33.058998 2.351383 56.936420 0.164474 0.590657 -0.789982 0.636219 0.772747 1 5 1.000000
  5 -33.066837 1.850897 57.001316 0.129207 -0.739871 -0.660224 0.636059 0.755761 1 5 1.000000
Charple2_sheet
  5 -33.066837 1.850897 57.001316 0.129207 -0.739871 -0.660224 0.636059 0.755761 1 5 1.000000
  5 -33.058998 2.351383 56.936420 0.164474 0.590657 -0.789982 0.636219 0.772747 1 5 1.000000
  5 -32.829430 2.370551 57.016788 0.213179 0.597721 -0.772842 0.644970 0.773385 1 5 1.000000
Charple2_sheet
  5 -33.066837 1.850897 57.001316 0.129207 -0.739871 -0.660224 0.636059 0.755761 1 5 1.000000
  5 -32.829430 2.370551 57.016788 0.213179 0.597721 -0.772842 0.644970 0.773385 1 5 1.000000
  5 -32.825687 1.840216 57.077019 0.181938 -0.742984 -0.644107 0.645215 0.755682 1 5 1.000000
Charple2_sheet
  5 -32.825687 1.840216 57.077019 0.181938 -0.742984 -0.644107 0.645215 0.755682 1 5 1.000000
  5 -32.829430 2.370551 57.016788 0.213179 0.597721 -0.772842 0.644970 0.773385 1 5 1.000000
  5 -32.195019 2.387144 57.199062 0.222356 0.606720 -0.763183 0.675005 0.774876 1 5 1.000000
Charple2_sheet
  5 -32.825687 1.840216 57.077019 0.181938 -0.742984 -0.644107 0.645215 0.755682 1 5 1.000000
  5 -32.195019 2.387144 57.199062 0.222356 0.606720 -0.763183 0.675005 0.774876 1 5 1.000000
  5 -32.193417 1.821340 57.264030 0.180365 -0.744792 -0.642459 0.675007 0.754781 1 5 1.000000
Charple2_sheet
  5 -31.959667 1.815347 57.338230 0.184093 -0.742525 -0.644023 0.687918 0.754729 1 5 1.000000
  5 -32.193417 1.821340 57.264030 0.180365 -0.744792 -0.642459 0.675007 0.754781 1 5 1.000000
  5 -32.195019 2.387144 57.199062 0.222356 0.606720 -0.763183 0.675005 0.774876 1 5 1.000000
Charple2_sheet
  5 -32.025944 1.815869 57.905022 -0.259818 -0.678650 0.686971 0.689378 0.746436 1 5 1.000000
  5 -32.193417 1.821340 57.264030 0.180365 -0.744792 -0.642459 0.675007 0.754781 1 5 1.000000
  5 -31.959667 1.815347 57.338230 0.184093 -0.742525 -0.644023 0.687918 0.754729 1 5 1.000000
Charple2_sheet
  5 -31.530649 1.820627 58.085861 -0.307061 -0.661148 0.684541 0.713237 0.746445 1 5 1.000000
  5 -32.025944 1.815869 57.905022 -0.259818 -0.678650 0.686971 0.689378 0.746436 1 5 1.000000
  5 -31.959667 1.815347 57.338230 0.184093 -0.742525 -0.644023 0.687918 0.754729 1 5 1.000000
Charple2_sheet
  5 -31.526104 2.481989 58.042416 -0.283583 0.737489 0.612937 0.713202 0.729213 1 5 1.000000
  5 -32.025944 1.815869 57.905022 -0.259818 -0.678650 0.686971 0.689378 0.746436 1 5 1.000000
  5 -31.530649 1.820627 58.085861 -0.307061 -0.661148 0.684541 0.713237 0.746445 1 5 1.000000
Charple2_sheet
  5 -31.062281 2.517241 58.173721 -0.216070 0.204209 0.954784 0.723493 0.729134 1 5 1.000000
  5 -31.526104 2.481989 58.042416 -0.283583 0.737489 0.612937 0.713202 0.729213 1 5 1.000000
  5 -31.530649 1.820627 58.085861 -0.307061 -0.661148 0.684541 0.713237 0.746445 1 5 1.000000
Charple2_sheet
  5 -31.062281 2.517241 58.173721 -0.216070 0.204209 0.954784 0.723493 0.729134 1 5 1.000000
  5 -31.530649 1.820627 58.085861 -0.307061 -0.661148 0.684541 0.713237 0.746445 1 5 1.000000
  5 -31.110889 1.751648 58.214569 -0.253676 -0.059374 0.965465 0.723572 0.746518 1 5 1.000000
Charple2_sheet
  5 -31.110889 1.751648 58.214569 -0.253676 -0.059374 0.965465 0.723572 0.746518 1 5 1.000000
  5 -31.530649 1.820627 58.085861 -0.307061 -0.661148 0.684541 0.713237 0.746445 1 5 1.000000
  5 -31.424654 1.819819 57.476315 0.157962 -0.744181 -0.649032 0.711092 0.754571 1 5 1.000000
Charple2_sheet
  5 -31.110889 1.751648 58.214569 -0.253676 -0.059374 0.965465 0.723572 0.746518 1 5 1.000000
  5 -31.424654 1.819819 57.476315 0.157962 -0.744181 -0.649032 0.711092 0.754571 1 5 1.000000
  5 -31.310848 1.766406 57.525494 0.026246 -0.066672 -0.997430 0.725029 0.754360 1 5 1.000000
Charple2_sheet
  5 -31.424654 1.819819 57.476315 0.157962 -0.744181 -0.649032 0.711092 0.754571 1 5 1.000000
  5 -31.273939 2.514089 57.492096 0.175936 -0.188675 -0.966151 0.721677 0.776050 1 5 1.000000
  5 -31.310848 1.766406 57.525494 0.026246 -0.066672 -0.997430 0.725029 0.754360 1 5 1.000000
Charple2_sheet
  5 -31.424654 1.819819 57.476315 0.157962 -0.744181 -0.649032 0.711092 0.754571 1 5 1.000000
  5 -31.427641 2.432333 57.422974 0.178386 0.661805 -0.728143 0.710981 0.776049 1 5 1.000000
  5 -31.273939 2.514089 57.492096 0.175936 -0.188675 -0.966151 0.721677 0.776050 1 5 1.000000
Charple2_sheet
  5 -31.530649 1.820627 58.085861 -0.307061 -0.661148 0.684541 0.713237 0.746445 1 5 1.000000
  5 -31.959667 1.815347 57.338230 0.184093 -0.742525 -0.644023 0.687918 0.754729 1 5 1.000000
  5 -31.424654 1.819819 57.476315 0.157962 -0.744181 -0.649032 0.711092 0.754571 1 5 1.000000
Charple2_sheet
  5 -31.959667 1.815347 57.338230 0.184093 -0.742525 -0.644023 0.687918 0.754729 1 5 1.000000
  5 -31.427641 2.432333 57.422974 0.178386 0.661805 -0.728143 0.710981 0.776049 1 5 1.000000
  5 -31.424654 1.819819 57.476315 0.157962 -0.744181 -0.649032 0.711092 0.754571 1 5 1.000000
Charple2_sheet
  5 -31.959667 1.815347 57.338230 0.184093 -0.742525 -0.644023 0.687918 0.754729 1 5 1.000000
  5 -31.972944 2.400264 57.271236 0.208649 0.623926 -0.753115 0.687861 0.776153 1 5 1.000000
  5 -31.427641 2.432333 57.422974 0.178386 0.661805 -0.728143 0.710981 0.776049 1 5 1.000000
Charple2_sheet
  5 -31.959667 1.815347 57.338230 0.184093 -0.742525 -0.644023 0.687918 0.754729 1 5 1.000000
  5 -32.195019 2.387144 57.199062 0.222356 0.606720 -0.763183 0.675005 0.774876 1 5 1.000000
  5 -31.972944 2.400264 57.271236 0.208649 0.623926 -0.753115 0.687861 0.776153 1 5 1.000000
Charple2_sheet
  5 -31.273939 2.514089 57.492096 0.175936 -0.188675 -0.966151 0.721677 0.776050 1 5 1.000000
  5 -31.427641 2.432333 57.422974 0.178386 0.661805 -0.728143 0.710981 0.776049 1 5 1.000000
  5 -31.526104 2.481989 58.042416 -0.283583 0.737489 0.612937 0.713148 0.783214 1 5 1.000000
Charple2_sheet
  5 -31.427641 2.432333 57.422974 0.178386 0.661805 -0.728143 0.710981 0.776049 1 5 1.000000
  5 -31.993975 2.476509 57.857311 -0.237846 0.772676 0.588558 0.689697 0.783064 1 5 1.000000
  5 -31.526104 2.481989 58.042416 -0.283583 0.737489 0.612937 0.713148 0.783214 1 5 1.000000
Charple2_sheet
  5 -31.427641 2.432333 57.422974 0.178386 0.661805 -0.728143 0.710981 0.776049 1 5 1.000000
  5 -31.972944 2.400264 57.271236 0.208649 0.623926 -0.753115 0.687861 0.776153 1 5 1.000000
  5 -31.993975 2.476509 57.857311 -0.237846 0.772676 0.588558 0.689697 0.783064 1 5 1.000000
Charple2_sheet
  5 -31.972944 2.400264 57.271236 0.208649 0.623926 -0.753115 0.687861 0.776153 1 5 1.000000
  5 -32.381897 2.480424 57.726845 -0.239556 0.787444 0.567930 0.673275 0.783063 1 5 1.000000
  5 -31.993975 2.476509 57.857311 -0.237846 0.772676 0.588558 0.689697 0.783064 1 5 1.000000
Charple2_sheet
  5 -31.972944 2.400264 57.271236 0.208649 0.623926 -0.753115 0.687861 0.776153 1 5 1.000000
  5 -32.195019 2.387144 57.199062 0.222356 0.606720 -0.763183 0.675005 0.774876 1 5 1.000000
  5 -32.381897 2.480424 57.726845 -0.239556 0.787444 0.567930 0.673275 0.783063 1 5 1.000000
Charple2_sheet
  5 -32.381897 2.480424 57.726845 -0.239556 0.787444 0.567930 0.673275 0.783063 1 5 1.000000
  5 -32.195019 2.387144 57.199062 0.222356 0.606720 -0.763183 0.675005 0.774876 1 5 1.000000
  5 -32.829430 2.370551 57.016788 0.213179 0.597721 -0.772842 0.644970 0.773385 1 5 1.000000
Charple2_sheet
  5 -32.381897 2.480424 57.726845 -0.239556 0.787444 0.567930 0.673275 0.783063 1 5 1.000000
  5 -32.829430 2.370551 57.016788 0.213179 0.597721 -0.772842 0.644970 0.773385 1 5 1.000000
  5 -32.865005 2.460371 57.507961 -0.252086 0.797250 0.548493 0.648642 0.783061 1 5 1.000000
Charple2_sheet
  5 -32.829430 2.370551 57.016788 0.213179 0.597721 -0.772842 0.644970 0.773385 1 5 1.000000
  5 -33.169743 2.445035 57.406254 -0.226065 0.802527 0.552128 0.632976 0.783113 1 5 1.000000
  5 -32.865005 2.460371 57.507961 -0.252086 0.797250 0.548493 0.648642 0.783061 1 5 1.000000
Charple2_sheet
  5 -32.829430 2.370551 57.016788 0.213179 0.597721 -0.772842 0.644970 0.773385 1 5 1.000000
  5 -33.058998 2.351383 56.936420 0.164474 0.590657 -0.789982 0.636219 0.772747 1 5 1.000000
  5 -33.169743 2.445035 57.406254 -0.226065 0.802527 0.552128 0.632976 0.783113 1 5 1.000000
Charple2_sheet
  5 -33.822353 2.404596 57.209824 -0.625772 0.706461 0.330639 0.614745 0.783032 1 5 1.000000
  5 -33.169743 2.445035 57.406254 -0.226065 0.802527 0.552128 0.632976 0.783113 1 5 1.000000
  5 -33.058998 2.351383 56.936420 0.164474 0.590657 -0.789982 0.636219 0.772747 1 5 1.000000
Charple2_sheet
  5 -33.822353 2.404596 57.209824 -0.625772 0.706461 0.330639 0.614745 0.783032 1 5 1.000000
  5 -33.058998 2.351383 56.936420 0.164474 0.590657 -0.789982 0.636219 0.772747 1 5 1.000000
  5 -33.620113 2.336056 56.844379 -0.306308 0.482346 -0.820681 0.611748 0.772505 1 5 1.000000
Charple2_sheet
  5 -33.953053 2.195514 57.055195 -0.882309 0.325687 -0.339792 0.605183 0.785742 1 5 1.000000
  5 -33.822353 2.404596 57.209824 -0.625772 0.706461 0.330639 0.614745 0.783032 1 5 1.000000
  5 -33.620113 2.336056 56.844379 -0.306308 0.482346 -0.820681 0.611748 0.772505 1 5 1.000000
Charple2_sheet
  5 -31.273939 2.514089 57.492096 0.175936 -0.188675 -0.966151 0.721677 0.776050 1 5 1.000000
  5 -31.526104 2.481989 58.042416 -0.283583 0.737489 0.612937 0.713148 0.783214 1 5 1.000000
  5 -31.062281 2.517241 58.173721 -0.216070 0.204209 0.954784 0.723729 0.783067 1 5 1.000000
Charple2_sheet
  6 15.863433 0.950861 58.931568 -0.025346 -0.786796 0.616693 0.077611 0.330696 2 6 0.948280 7 0.051720
  6 16.867405 2.067797 60.055153 0.096685 -0.076371 0.992381 0.102906 0.305520 2 6 0.586210 7 0.413790
  6 15.551586 2.154677 59.997711 -0.016768 -0.116116 0.993094 0.102853 0.330356 2 6 0.948280 7 0.051720
Charple2_sheet
  6 15.863433 0.950861 58.931568 -0.025346 -0.786796 0.616693 0.077611 0.330696 2 6 0.948280 7 0.051720
  6 16.597946 1.272516 59.696884 0.001981 -0.723272 0.690560 0.077311 0.306010 2 6 0.586210 7 0.413790
  6 16.867405 2.067797 60.055153 0.096685 -0.076371 0.992381 0.102906 0.305520 2 6 0.586210 7 0.413790
Charple2_sheet
  3 -6.525713 3.233415 60.198215 -0.169968 0.716530 0.676532 0.122488 0.567668 2 3 0.695833 2 0.304167
  3 -9.052970 3.651821 57.598190 -0.122915 0.990751 -0.057474 0.146297 0.515307 1 3 1.000000
  3 -8.606872 2.929625 59.354946 -0.150978 0.687678 0.710144 0.122167 0.514896 1 3 1.000000
Charple2_sheet
  3 -6.525713 3.233415 60.198215 -0.169968 0.716530 0.676532 0.122488 0.567668 2 3 0.695833 2 0.304167
  3 -6.743299 4.256424 57.262417 -0.326794 0.940051 0.097519 0.146639 0.567777 2 3 0.700000 2 0.300000
  3 -9.052970 3.651821 57.598190 -0.122915 0.990751 -0.057474 0.146297 0.515307 1 3 1.000000
Charple2_sheet
  3 -6.743299 4.256424 57.262417 -0.326794 0.940051 0.097519 0.146639 0.567777 2 3 0.700000 2 0.300000
  3 -8.721022 2.981998 56.258873 -0.203080 0.548849 -0.810878 0.165986 0.515160 1 3 1.000000
  3 -9.052970 3.651821 57.598190 -0.122915 0.990751 -0.057474 0.146297 0.515307 1 3 1.000000
Charple2_sheet
  3 -6.743299 4.256424 57.262417 -0.326794 0.940051 0.097519 0.146639 0.567777 2 3 0.700000 2 0.300000
  2 -6.615863 3.756612 55.248886 -0.674263 0.568176 -0.471747 0.166164 0.567984 2 2 0.552451 3 0.447549
  3 -8.721022 2.981998 56.258873 -0.203080 0.548849 -0.810878 0.165986 0.515160 1 3 1.000000
Charple2_sheet
  2 -6.615863 3.756612 55.248886 -0.674263 0.568176 -0.471747 0.166164 0.567984 2 2 0.552451 3 0.447549
  3 -9.277960 1.463401 56.219631 -0.257303 -0.085825 -0.962512 0.193838 0.515394 1 3 1.000000
  3 -8.721022 2.981998 56.258873 -0.203080 0.548849 -0.810878 0.165986 0.515160 1 3 1.000000
Charple2_sheet
  2 -6.615863 3.756612 55.248886 -0.674263 0.568176 -0.471747 0.166164 0.567984 2 2 0.552451 3 0.447549
  2 -7.031148 0.676659 55.325737 -0.751288 -0.080865 -0.655002 0.193561 0.568416 2 2 0.500000 3 0.500000
  3 -9.277960 1.463401 56.219631 -0.257303 -0.085825 -0.962512 0.193838 0.515394 1 3 1.000000
Charple2_sheet
  2 -7.031148 0.676659 55.325737 -0.751288 -0.080865 -0.655002 0.001667 0.568416 2 2 0.500000 3 0.500000
  3 -9.118688 -0.196351 56.809769 -0.297462 -0.666063 -0.684015 0.027057 0.515171 1 3 1.000000
  3 -9.277960 1.463401 56.219631 -0.257303 -0.085825 -0.962512 0.001456 0.514906 1 3 1.000000
Charple2_sheet
  2 -7.031148 0.676659 55.325737 -0.751288 -0.080865 -0.655002 0.001667 0.568416 2 2 0.500000 3 0.500000
  2 -6.320178 -1.565735 55.294712 -0.642588 -0.696760 -0.318758 0.027020 0.568312 2 2 0.710901 3 0.289099
  3 -9.118688 -0.196351 56.809769 -0.297462 -0.666063 -0.684015 0.027057 0.515171 1 3 1.000000
Charple2_sheet
  3 -6.603808 -1.707977 57.028961 -0.391596 -0.905910 0.161182 0.052393 0.568065 2 3 0.600000 2 0.400000
  3 -9.118688 -0.196351 56.809769 -0.297462 -0.666063 -0.684015 0.027057 0.515171 1 3 1.000000
  2 -6.320178 -1.565735 55.294712 -0.642588 -0.696760 -0.318758 0.027020 0.568312 2 2 0.710901 3 0.289099
Charple2_sheet
  3 -6.603808 -1.707977 57.028961 -0.391596 -0.905910 0.161182 0.052393 0.568065 2 3 0.600000 2 0.400000
  3 -9.166500 -0.514026 57.537327 -0.269072 -0.963113 0.003703 0.052554 0.515078 1 3 1.000000
  3 -9.118688 -0.196351 56.809769 -0.297462 -0.666063 -0.684015 0.027057 0.515171 1 3 1.000000
Charple2_sheet
  2 -6.786910 -1.033485 59.162395 -0.219241 -0.701339 0.678275 0.079677 0.567495 2 2 0.527395 3 0.472606
  3 -9.166500 -0.514026 57.537327 -0.269072 -0.963113 0.003703 0.052554 0.515078 1 3 1.000000
  3 -6.603808 -1.707977 57.028961 -0.391596 -0.905910 0.161182 0.052393 0.568065 2 3 0.600000 2 0.400000
Charple2_sheet
  2 -6.786910 -1.033485 59.162395 -0.219241 -0.701339 0.678275 0.079677 0.567495 2 2 0.527395 3 0.472606
  3 -8.967983 0.301830 59.247032 -0.204285 -0.695329 0.689046 0.078631 0.515346 1 3 1.000000
  3 -9.166500 -0.514026 57.537327 -0.269072 -0.963113 0.003703 0.052554 0.515078 1 3 1.000000
Charple2_sheet
  5 -33.574528 1.809292 57.682995 -0.519878 0.659038 0.543503 0.614617 0.729045 1 5 1.000000
  5 -33.732864 1.633017 57.573032 -0.924508 0.373633 -0.075389 0.604893 0.731809 1 5 1.000000
  5 -33.742359 1.528753 57.577240 -0.954973 -0.287633 -0.072760 0.605108 0.742441 1 5 1.000000
Charple2_sheet
  5 -32.743176 1.802872 57.853073 -0.136710 0.701424 0.699510 0.648217 0.728836 1 5 1.000000
  5 -33.039963 1.223216 57.756374 -0.215827 -0.746277 0.629674 0.632549 0.747441 1 5 1.000000
  5 -32.776718 1.198502 57.794567 -0.182895 -0.760181 0.623437 0.649187 0.746751 1 5 1.000000
Charple2_sheet
  5 -32.743176 1.802872 57.853073 -0.136710 0.701424 0.699510 0.648217 0.728836 1 5 1.000000
  5 -33.011986 1.808875 57.798100 -0.127510 0.722414 0.679602 0.632660 0.729153 1 5 1.000000
  5 -33.039963 1.223216 57.756374 -0.215827 -0.746277 0.629674 0.632549 0.747441 1 5 1.000000
Charple2_sheet
  5 -33.574528 1.809292 57.682995 -0.519878 0.659038 0.543503 0.614617 0.729045 1 5 1.000000
  5 -33.039963 1.223216 57.756374 -0.215827 -0.746277 0.629674 0.632549 0.747441 1 5 1.000000
  5 -33.011986 1.808875 57.798100 -0.127510 0.722414 0.679602 0.632660 0.729153 1 5 1.000000
Charple2_sheet
  5 -33.574528 1.809292 57.682995 -0.519878 0.659038 0.543503 0.614617 0.729045 1 5 1.000000
  5 -33.593182 1.315667 57.677673 -0.601446 -0.603497 0.523502 0.614615 0.745207 1 5 1.000000
  5 -33.039963 1.223216 57.756374 -0.215827 -0.746277 0.629674 0.632549 0.747441 1 5 1.000000
Charple2_sheet
  5 -33.574528 1.809292 57.682995 -0.519878 0.659038 0.543503 0.614617 0.729045 1 5 1.000000
  5 -33.742359 1.528753 57.577240 -0.954973 -0.287633 -0.072760 0.605108 0.742441 1 5 1.000000
  5 -33.593182 1.315667 57.677673 -0.601446 -0.603497 0.523502 0.614615 0.745207 1 5 1.000000
Charple2_sheet
  5 -33.488586 1.352608 57.321083 -0.518180 -0.526768 -0.673799 0.610940 0.758710 1 5 1.000000
  5 -33.593182 1.315667 57.677673 -0.601446 -0.603497 0.523502 0.614615 0.745207 1 5 1.000000
  5 -33.742359 1.528753 57.577240 -0.954973 -0.287633 -0.072760 0.605108 0.742441 1 5 1.000000
Charple2_sheet
  5 -33.593182 1.315667 57.677673 -0.601446 -0.603497 0.523502 0.614615 0.745207 1 5 1.000000
  5 -33.488586 1.352608 57.321083 -0.518180 -0.526768 -0.673799 0.610940 0.758710 1 5 1.000000
  5 -32.959663 1.257175 57.311584 -0.041946 -0.679791 -0.732206 0.636059 0.755522 1 5 1.000000
Charple2_sheet
  5 -33.488586 1.352608 57.321083 -0.518180 -0.526768 -0.673799 0.610940 0.758710 1 5 1.000000
  5 -32.948307 1.760953 57.294472 0.049336 0.659442 -0.750135 0.636057 0.772427 1 5 1.000000
  5 -32.959663 1.257175 57.311584 -0.041946 -0.679791 -0.732206 0.636059 0.755522 1 5 1.000000
Charple2_sheet
  5 -32.777580 1.236185 57.336689 0.034704 -0.684649 -0.728046 0.644972 0.755523 1 5 1.000000
  5 -32.959663 1.257175 57.311584 -0.041946 -0.679791 -0.732206 0.636059 0.755522 1 5 1.000000
  5 -32.948307 1.760953 57.294472 0.049336 0.659442 -0.750135 0.636057 0.772427 1 5 1.000000
Charple2_sheet
  5 -32.777580 1.236185 57.336689 0.034704 -0.684649 -0.728046 0.644972 0.755523 1 5 1.000000
  5 -32.948307 1.760953 57.294472 0.049336 0.659442 -0.750135 0.636057 0.772427 1 5 1.000000
  5 -32.768692 1.767538 57.323311 0.092894 0.671258 -0.735380 0.644646 0.773066 1 5 1.000000
Charple2_sheet
  5 -32.186501 1.200162 57.400600 0.056823 -0.673971 -0.736569 0.674953 0.754728 1 5 1.000000
  5 -32.777580 1.236185 57.336689 0.034704 -0.684649 -0.728046 0.644972 0.755523 1 5 1.000000
  5 -32.768692 1.767538 57.323311 0.092894 0.671258 -0.735380 0.644646 0.773066 1 5 1.000000
Charple2_sheet
  5 -32.186501 1.200162 57.400600 0.056823 -0.673971 -0.736569 0.674953 0.754728 1 5 1.000000
  5 -32.768692 1.767538 57.323311 0.092894 0.671258 -0.735380 0.644646 0.773066 1 5 1.000000
  5 -32.186409 1.774205 57.390369 0.100751 0.678998 -0.727194 0.674951 0.774664 1 5 1.000000
Charple2_sheet
  5 -31.964634 1.200015 57.431408 0.083598 -0.667857 -0.739580 0.687756 0.754569 1 5 1.000000
  5 -32.186501 1.200162 57.400600 0.056823 -0.673971 -0.736569 0.674953 0.754728 1 5 1.000000
  5 -32.186409 1.774205 57.390369 0.100751 0.678998 -0.727194 0.674951 0.774664 1 5 1.000000
Charple2_sheet
  5 -31.964634 1.200015 57.431408 0.083598 -0.667857 -0.739580 0.687756 0.754569 1 5 1.000000
  5 -32.186409 1.774205 57.390369 0.100751 0.678998 -0.727194 0.674951 0.774664 1 5 1.000000
  5 -31.963053 1.769699 57.425816 0.109776 0.686434 -0.718858 0.687429 0.775941 1 5 1.000000
Charple2_sheet
  5 -31.964634 1.200015 57.431408 0.083598 -0.667857 -0.739580 0.687756 0.754569 1 5 1.000000
  5 -31.963053 1.769699 57.425816 0.109776 0.686434 -0.718858 0.687429 0.775941 1 5 1.000000
  5 -31.470551 1.794596 57.478638 0.128899 0.694696 -0.707660 0.710927 0.776102 1 5 1.000000
Charple2_sheet
  5 -31.964634 1.200015 57.431408 0.083598 -0.667857 -0.739580 0.687756 0.754569 1 5 1.000000
  5 -31.470551 1.794596 57.478638 0.128899 0.694696 -0.707660 0.710927 0.776102 1 5 1.000000
  5 -31.445124 1.184527 57.515469 0.043023 -0.671150 -0.740072 0.710768 0.754412 1 5 1.000000
Charple2_sheet
  5 -31.964634 1.200015 57.431408 0.083598 -0.667857 -0.739580 0.687756 0.754569 1 5 1.000000
  5 -31.445124 1.184527 57.515469 0.043023 -0.671150 -0.740072 0.710768 0.754412 1 5 1.000000
  5 -31.473867 1.112902 58.029995 -0.199303 -0.775966 0.598460 0.713254 0.746385 1 5 1.000000
Charple2_sheet
  5 -31.964634 1.200015 57.431408 0.083598 -0.667857 -0.739580 0.687756 0.754569 1 5 1.000000
  5 -31.473867 1.112902 58.029995 -0.199303 -0.775966 0.598460 0.713254 0.746385 1 5 1.000000
  5 -31.963140 1.126367 57.939228 -0.137171 -0.784626 0.604604 0.689162 0.746276 1 5 1.000000
Charple2_sheet
  5 -31.963140 1.126367 57.939228 -0.137171 -0.784626 0.604604 0.689162 0.746276 1 5 1.000000
  5 -32.186501 1.200162 57.400600 0.056823 -0.673971 -0.736569 0.674953 0.754728 1 5 1.000000
  5 -31.964634 1.200015 57.431408 0.083598 -0.667857 -0.739580 0.687756 0.754569 1 5 1.000000
Charple2_sheet
  5 -31.963140 1.126367 57.939228 -0.137171 -0.784626 0.604604 0.689162 0.746276 1 5 1.000000
  5 -32.298946 1.151838 57.871929 -0.168155 -0.776151 0.607711 0.673334 0.746434 1 5 1.000000
  5 -32.186501 1.200162 57.400600 0.056823 -0.673971 -0.736569 0.674953 0.754728 1 5 1.000000
Charple2_sheet
  5 -32.777580 1.236185 57.336689 0.034704 -0.684649 -0.728046 0.644972 0.755523 1 5 1.000000
  5 -32.186501 1.200162 57.400600 0.056823 -0.673971 -0.736569 0.674953 0.754728 1 5 1.000000
  5 -32.298946 1.151838 57.871929 -0.168155 -0.776151 0.607711 0.673334 0.746434 1 5 1.000000
Charple2_sheet
  5 -32.777580 1.236185 57.336689 0.034704 -0.684649 -0.728046 0.644972 0.755523 1 5 1.000000
  5 -32.298946 1.151838 57.871929 -0.168155 -0.776151 0.607711 0.673334 0.746434 1 5 1.000000
  5 -32.776718 1.198502 57.794567 -0.182895 -0.760181 0.623437 0.649187 0.746751 1 5 1.000000
Charple2_sheet
  5 -32.776718 1.198502 57.794567 -0.182895 -0.760181 0.623437 0.649187 0.746751 1 5 1.000000
  5 -32.959663 1.257175 57.311584 -0.041946 -0.679791 -0.732206 0.636059 0.755522 1 5 1.000000
  5 -32.777580 1.236185 57.336689 0.034704 -0.684649 -0.728046 0.644972 0.755523 1 5 1.000000
Charple2_sheet
  5 -32.776718 1.198502 57.794567 -0.182895 -0.760181 0.623437 0.649187 0.746751 1 5 1.000000
  5 -33.039963 1.223216 57.756374 -0.215827 -0.746277 0.629674 0.632549 0.747441 1 5 1.000000
  5 -32.959663 1.257175 57.311584 -0.041946 -0.679791 -0.732206 0.636059 0.755522 1 5 1.000000
Charple2_sheet
  5 -33.593182 1.315667 57.677673 -0.601446 -0.603497 0.523502 0.614615 0.745207 1 5 1.000000
  5 -32.959663 1.257175 57.311584 -0.041946 -0.679791 -0.732206 0.636059 0.755522 1 5 1.000000
  5 -33.039963 1.223216 57.756374 -0.215827 -0.746277 0.629674 0.632549 0.747441 1 5 1.000000
Charple2_sheet
  5 -32.743176 1.802872 57.853073 -0.136710 0.701424 0.699510 0.648210 0.783061 1 5 1.000000
  5 -32.279003 1.808708 57.955219 -0.138224 0.689772 0.710710 0.672843 0.783063 1 5 1.000000
  5 -32.186409 1.774205 57.390369 0.100751 0.678998 -0.727194 0.674951 0.774664 1 5 1.000000
Charple2_sheet
  5 -31.963053 1.769699 57.425816 0.109776 0.686434 -0.718858 0.687429 0.775941 1 5 1.000000
  5 -32.186409 1.774205 57.390369 0.100751 0.678998 -0.727194 0.674951 0.774664 1 5 1.000000
  5 -32.279003 1.808708 57.955219 -0.138224 0.689772 0.710710 0.672843 0.783063 1 5 1.000000
Charple2_sheet
  5 -31.963053 1.769699 57.425816 0.109776 0.686434 -0.718858 0.687429 0.775941 1 5 1.000000
  5 -32.279003 1.808708 57.955219 -0.138224 0.689772 0.710710 0.672843 0.783063 1 5 1.000000
  5 -31.934237 1.798721 58.023228 -0.123941 0.681388 0.721353 0.689589 0.783064 1 5 1.000000
Charple2_sheet
  5 -31.963053 1.769699 57.425816 0.109776 0.686434 -0.718858 0.687429 0.775941 1 5 1.000000
  5 -31.934237 1.798721 58.023228 -0.123941 0.681388 0.721353 0.689589 0.783064 1 5 1.000000
  5 -31.476288 1.779152 58.079956 -0.124948 0.671609 0.730294 0.712817 0.783066 1 5 1.000000
Charple2_sheet
  5 -31.963053 1.769699 57.425816 0.109776 0.686434 -0.718858 0.687429 0.775941 1 5 1.000000
  5 -31.476288 1.779152 58.079956 -0.124948 0.671609 0.730294 0.712817 0.783066 1 5 1.000000
  5 -31.470551 1.794596 57.478638 0.128899 0.694696 -0.707660 0.710927 0.776102 1 5 1.000000
Charple2_sheet
  5 -31.310848 1.766406 57.525494 0.026246 -0.066672 -0.997430 0.721461 0.776050 1 5 1.000000
  5 -31.470551 1.794596 57.478638 0.128899 0.694696 -0.707660 0.710927 0.776102 1 5 1.000000
  5 -31.476288 1.779152 58.079956 -0.124948 0.671609 0.730294 0.712817 0.783066 1 5 1.000000
Charple2_sheet
  5 -31.445124 1.184527 57.515469 0.043023 -0.671150 -0.740072 0.710768 0.754412 1 5 1.000000
  5 -31.470551 1.794596 57.478638 0.128899 0.694696 -0.707660 0.710927 0.776102 1 5 1.000000
  5 -31.310848 1.766406 57.525494 0.026246 -0.066672 -0.997430 0.721461 0.776050 1 5 1.000000
Charple2_sheet
  5 -31.445124 1.184527 57.515469 0.043023 -0.671150 -0.740072 0.710768 0.754412 1 5 1.000000
  5 -31.310848 1.766406 57.525494 0.026246 -0.066672 -0.997430 0.721461 0.776050 1 5 1.000000
  5 -31.168493 1.127055 57.526421 -0.058453 -0.688530 -0.722848 0.724705 0.754254 1 5 1.000000
Charple2_sheet
  5 -31.073936 1.072128 58.105656 -0.208502 -0.798452 0.564802 0.723518 0.746385 1 5 1.000000
  5 -31.445124 1.184527 57.515469 0.043023 -0.671150 -0.740072 0.710768 0.754412 1 5 1.000000
  5 -31.168493 1.127055 57.526421 -0.058453 -0.688530 -0.722848 0.724705 0.754254 1 5 1.000000
Charple2_sheet
  5 -31.073936 1.072128 58.105656 -0.208502 -0.798452 0.564802 0.723518 0.746385 1 5 1.000000
  5 -31.473867 1.112902 58.029995 -0.199303 -0.775966 0.598460 0.713254 0.746385 1 5 1.000000
  5 -31.445124 1.184527 57.515469 0.043023 -0.671150 -0.740072 0.710768 0.754412 1 5 1.000000
Charple2_sheet
  5 -31.110889 1.751648 58.214569 -0.253676 -0.059374 0.965465 0.723520 0.729055 1 5 1.000000
  5 -31.473867 1.112902 58.029995 -0.199303 -0.775966 0.598460 0.713254 0.746385 1 5 1.000000
  5 -31.073936 1.072128 58.105656 -0.208502 -0.798452 0.564802 0.723518 0.746385 1 5 1.000000
Charple2_sheet
  5 -31.110889 1.751648 58.214569 -0.253676 -0.059374 0.965465 0.723520 0.729055 1 5 1.000000
  5 -31.476288 1.779152 58.079956 -0.124948 0.671609 0.730294 0.713257 0.729054 1 5 1.000000
  5 -31.473867 1.112902 58.029995 -0.199303 -0.775966 0.598460 0.713254 0.746385 1 5 1.000000
Charple2_sheet
  5 -31.476288 1.779152 58.079956 -0.124948 0.671609 0.730294 0.713257 0.729054 1 5 1.000000
  5 -31.963140 1.126367 57.939228 -0.137171 -0.784626 0.604604 0.689162 0.746276 1 5 1.000000
  5 -31.473867 1.112902 58.029995 -0.199303 -0.775966 0.598460 0.713254 0.746385 1 5 1.000000
Charple2_sheet
  5 -31.476288 1.779152 58.079956 -0.124948 0.671609 0.730294 0.713257 0.729054 1 5 1.000000
  5 -31.934237 1.798721 58.023228 -0.123941 0.681388 0.721353 0.689596 0.729052 1 5 1.000000
  5 -31.963140 1.126367 57.939228 -0.137171 -0.784626 0.604604 0.689162 0.746276 1 5 1.000000
Charple2_sheet
  5 -31.934237 1.798721 58.023228 -0.123941 0.681388 0.721353 0.689596 0.729052 1 5 1.000000
  5 -32.298946 1.151838 57.871929 -0.168155 -0.776151 0.607711 0.673334 0.746434 1 5 1.000000
  5 -31.963140 1.126367 57.939228 -0.137171 -0.784626 0.604604 0.689162 0.746276 1 5 1.000000
Charple2_sheet
  5 -31.934237 1.798721 58.023228 -0.123941 0.681388 0.721353 0.689596 0.729052 1 5 1.000000
  5 -32.279003 1.808708 57.955219 -0.138224 0.689772 0.710710 0.672742 0.728944 1 5 1.000000
  5 -32.298946 1.151838 57.871929 -0.168155 -0.776151 0.607711 0.673334 0.746434 1 5 1.000000
Charple2_sheet
  5 -32.279003 1.808708 57.955219 -0.138224 0.689772 0.710710 0.672742 0.728944 1 5 1.000000
  5 -32.776718 1.198502 57.794567 -0.182895 -0.760181 0.623437 0.649187 0.746751 1 5 1.000000
  5 -32.298946 1.151838 57.871929 -0.168155 -0.776151 0.607711 0.673334 0.746434 1 5 1.000000
Charple2_sheet
  5 -32.279003 1.808708 57.955219 -0.138224 0.689772 0.710710 0.672742 0.728944 1 5 1.000000
  5 -32.743176 1.802872 57.853073 -0.136710 0.701424 0.699510 0.648217 0.728836 1 5 1.000000
  5 -32.776718 1.198502 57.794567 -0.182895 -0.760181 0.623437 0.649187 0.746751 1 5 1.000000
Charple2_sheet
  5 -31.310848 1.766406 57.525494 0.026246 -0.066672 -0.997430 0.721461 0.776050 1 5 1.000000
  5 -31.476288 1.779152 58.079956 -0.124948 0.671609 0.730294 0.712817 0.783066 1 5 1.000000
  5 -31.110889 1.751648 58.214569 -0.253676 -0.059374 0.965465 0.723513 0.782961 1 5 1.000000
Charple2_sheet
  5 -33.732864 1.633017 57.573032 -0.924508 0.373633 -0.075389 0.604670 0.785503 1 5 1.000000
  5 -33.574528 1.809292 57.682995 -0.519878 0.659038 0.543503 0.614502 0.782952 1 5 1.000000
  5 -33.469952 1.752883 57.303284 -0.447567 0.562544 -0.695146 0.611586 0.772585 1 5 1.000000
Charple2_sheet
  5 -33.574528 1.809292 57.682995 -0.519878 0.659038 0.543503 0.614502 0.782952 1 5 1.000000
  5 -32.948307 1.760953 57.294472 0.049336 0.659442 -0.750135 0.636057 0.772427 1 5 1.000000
  5 -33.469952 1.752883 57.303284 -0.447567 0.562544 -0.695146 0.611586 0.772585 1 5 1.000000
Charple2_sheet
  5 -33.574528 1.809292 57.682995 -0.519878 0.659038 0.543503 0.614502 0.782952 1 5 1.000000
  5 -33.011986 1.808875 57.798100 -0.127510 0.722414 0.679602 0.632544 0.783060 1 5 1.000000
  5 -32.948307 1.760953 57.294472 0.049336 0.659442 -0.750135 0.636057 0.772427 1 5 1.000000
Charple2_sheet
  5 -32.768692 1.767538 57.323311 0.092894 0.671258 -0.735380 0.644646 0.773066 1 5 1.000000
  5 -32.948307 1.760953 57.294472 0.049336 0.659442 -0.750135 0.636057 0.772427 1 5 1.000000
  5 -33.011986 1.808875 57.798100 -0.127510 0.722414 0.679602 0.632544 0.783060 1 5 1.000000
Charple2_sheet
  5 -32.768692 1.767538 57.323311 0.092894 0.671258 -0.735380 0.644646 0.773066 1 5 1.000000
  5 -33.011986 1.808875 57.798100 -0.127510 0.722414 0.679602 0.632544 0.783060 1 5 1.000000
  5 -32.743176 1.802872 57.853073 -0.136710 0.701424 0.699510 0.648210 0.783061 1 5 1.000000
Charple2_sheet
  5 -32.743176 1.802872 57.853073 -0.136710 0.701424 0.699510 0.648210 0.783061 1 5 1.000000
  5 -32.186409 1.774205 57.390369 0.100751 0.678998 -0.727194 0.674951 0.774664 1 5 1.000000
  5 -32.768692 1.767538 57.323311 0.092894 0.671258 -0.735380 0.644646 0.773066 1 5 1.000000
Charple2_sheet
  5 -33.488586 1.352608 57.321083 -0.518180 -0.526768 -0.673799 0.610940 0.758710 1 5 1.000000
  5 -33.469952 1.752883 57.303284 -0.447567 0.562544 -0.695146 0.611586 0.772585 1 5 1.000000
  5 -32.948307 1.760953 57.294472 0.049336 0.659442 -0.750135 0.636057 0.772427 1 5 1.000000
Charple2_sheet
  5 -33.742359 1.528753 57.577240 -0.954973 -0.287633 -0.072760 0.602837 0.756157 1 5 1.000000
  5 -33.469952 1.752883 57.303284 -0.447567 0.562544 -0.695146 0.611586 0.772585 1 5 1.000000
  5 -33.488586 1.352608 57.321083 -0.518180 -0.526768 -0.673799 0.610940 0.758710 1 5 1.000000
Charple2_sheet
  5 -33.742359 1.528753 57.577240 -0.954973 -0.287633 -0.072760 0.602837 0.756157 1 5 1.000000
  5 -33.732864 1.633017 57.573032 -0.924508 0.373633 -0.075389 0.603646 0.769554 1 5 1.000000
  5 -33.469952 1.752883 57.303284 -0.447567 0.562544 -0.695146 0.611586 0.772585 1 5 1.000000
Charple2_sheet
  8 -0.364327 -3.236240 63.201294 -0.257531 -0.806195 0.532660 0.419683 0.947338 1 8 1.000000
  8 -0.099236 -3.284538 63.200626 0.000000 -0.851031 0.525115 0.440207 0.946080 1 8 1.000000
  8 -0.099236 -3.072494 63.464870 0.000000 -0.999244 0.038882 0.441182 0.972885 1 8 1.000000
Charple2_sheet
  8 -0.099236 -3.284538 63.200626 0.000000 -0.851031 0.525115 0.440207 0.946080 1 8 1.000000
  8 0.165856 -3.236240 63.201294 0.257531 -0.806195 0.532660 0.460724 0.944633 1 8 1.000000
  8 -0.099236 -3.072494 63.464870 0.000000 -0.999244 0.038882 0.441182 0.972885 1 8 1.000000
Charple2_sheet
  8 0.165856 -3.236240 63.201294 0.257531 -0.806195 0.532660 0.460724 0.944633 1 8 1.000000
  8 0.520930 -2.987324 63.322517 0.356237 -0.758360 0.545881 0.488638 0.954601 1 8 1.000000
  8 -0.099236 -3.072494 63.464870 0.000000 -0.999244 0.038882 0.441182 0.972885 1 8 1.000000
Charple2_sheet
  8 0.520930 -2.987324 63.322517 0.356237 -0.758360 0.545881 0.488638 0.954601 1 8 1.000000
  8 0.707901 -2.814939 63.426388 0.340467 -0.934794 0.101204 0.503484 0.963880 1 8 1.000000
  8 -0.099236 -3.072494 63.464870 0.000000 -0.999244 0.038882 0.441182 0.972885 1 8 1.000000
Charple2_sheet
  8 0.707901 -2.814939 63.426388 0.340467 -0.934794 0.101204 0.503484 0.963880 1 8 1.000000
  8 0.540762 -2.970628 63.688782 0.358675 -0.749796 -0.556020 0.491558 0.992599 1 8 1.000000
  8 -0.099236 -3.072494 63.464870 0.000000 -0.999244 0.038882 0.441182 0.972885 1 8 1.000000
Charple2_sheet
  8 0.540762 -2.970628 63.688782 0.358675 -0.749796 -0.556020 0.491558 0.992599 1 8 1.000000
  8 0.158449 -3.251412 63.693623 0.270222 -0.633043 -0.725422 0.462017 0.996011 1 8 1.000000
  8 -0.099236 -3.072494 63.464870 0.000000 -0.999244 0.038882 0.441182 0.972885 1 8 1.000000
Charple2_sheet
  8 0.158449 -3.251412 63.693623 0.270222 -0.633043 -0.725422 0.462017 0.996011 1 8 1.000000
  8 -0.099236 -3.282363 63.697685 0.000000 -0.695174 -0.718842 0.442089 0.997854 1 8 1.000000
  8 -0.099236 -3.072494 63.464870 0.000000 -0.999244 0.038882 0.441182 0.972885 1 8 1.000000
Charple2_sheet
  8 -0.099236 -3.282363 63.697685 0.000000 -0.695174 -0.718842 0.442089 0.997854 1 8 1.000000
  8 -0.356921 -3.251411 63.693623 -0.270222 -0.633043 -0.725422 0.422123 0.998640 1 8 1.000000
  8 -0.099236 -3.072494 63.464870 0.000000 -0.999244 0.038882 0.441182 0.972885 1 8 1.000000
Charple2_sheet
  8 -0.356921 -3.251411 63.693623 -0.270222 -0.633043 -0.725422 0.422123 0.998640 1 8 1.000000
  8 -0.739234 -2.970628 63.688782 -0.358675 -0.749796 -0.556020 0.392475 0.999128 1 8 1.000000
  8 -0.099236 -3.072494 63.464870 0.000000 -0.999244 0.038882 0.441182 0.972885 1 8 1.000000
Charple2_sheet
  8 -0.739234 -2.970628 63.688782 -0.358675 -0.749796 -0.556020 0.392475 0.999128 1 8 1.000000
  8 -0.906373 -2.814939 63.426388 -0.340467 -0.934794 0.101204 0.378524 0.972115 1 8 1.000000
  8 -0.099236 -3.072494 63.464870 0.000000 -0.999244 0.038882 0.441182 0.972885 1 8 1.000000
Charple2_sheet
  8 -0.906373 -2.814939 63.426388 -0.340467 -0.934794 0.101204 0.378524 0.972115 1 8 1.000000
  8 -0.719401 -2.987324 63.322517 -0.356237 -0.758360 0.545881 0.392626 0.960928 1 8 1.000000
  8 -0.099236 -3.072494 63.464870 0.000000 -0.999244 0.038882 0.441182 0.972885 1 8 1.000000
Charple2_sheet
  8 -0.719401 -2.987324 63.322517 -0.356237 -0.758360 0.545881 0.392626 0.960928 1 8 1.000000
  8 -0.364327 -3.236240 63.201294 -0.257531 -0.806195 0.532660 0.419683 0.947338 1 8 1.000000
  8 -0.099236 -3.072494 63.464870 0.000000 -0.999244 0.038882 0.441182 0.972885 1 8 1.000000
Charple2_sheet
  6 6.483589 -1.523094 57.254002 0.423644 -0.896969 0.126380 0.052393 0.568065 2 6 0.699431 2 0.300569
  6 8.695216 0.014401 59.525669 0.204162 -0.783577 0.586792 0.078631 0.515346 1 6 1.000000
  6 6.171272 -0.910587 59.402168 0.182925 -0.727876 0.660859 0.079677 0.567495 2 6 0.700000 2 0.300000
Charple2_sheet
  6 6.483589 -1.523094 57.254002 0.423644 -0.896969 0.126380 0.052393 0.568065 2 6 0.699431 2 0.300569
  6 8.468504 -0.228356 57.539101 0.266518 -0.963786 0.009234 0.052554 0.515078 1 6 1.000000
  6 8.695216 0.014401 59.525669 0.204162 -0.783577 0.586792 0.078631 0.515346 1 6 1.000000
Charple2_sheet
  2 6.089552 -1.065800 55.290592 0.688980 -0.646799 -0.327044 0.027020 0.568312 2 2 0.533549 6 0.466451
  6 8.468504 -0.228356 57.539101 0.266518 -0.963786 0.009234 0.052554 0.515078 1 6 1.000000
  6 6.483589 -1.523094 57.254002 0.423644 -0.896969 0.126380 0.052393 0.568065 2 6 0.699431 2 0.300569
Charple2_sheet
  2 6.089552 -1.065800 55.290592 0.688980 -0.646799 -0.327044 0.027020 0.568312 2 2 0.533549 6 0.466451
  6 8.866909 0.006428 56.207825 0.320038 -0.611234 -0.723857 0.027057 0.515171 1 6 1.000000
  6 8.468504 -0.228356 57.539101 0.266518 -0.963786 0.009234 0.052554 0.515078 1 6 1.000000
Charple2_sheet
  6 8.950826 1.568543 56.233494 0.248408 0.034786 -0.968031 0.001456 0.514906 1 6 1.000000
  6 8.866909 0.006428 56.207825 0.320038 -0.611234 -0.723857 0.027057 0.515171 1 6 1.000000
  2 6.089552 -1.065800 55.290592 0.688980 -0.646799 -0.327044 0.027020 0.568312 2 2 0.533549 6 0.466451
Charple2_sheet
  6 8.950826 1.568543 56.233494 0.248408 0.034786 -0.968031 0.001456 0.514906 1 6 1.000000
  2 6.089552 -1.065800 55.290592 0.688980 -0.646799 -0.327044 0.027020 0.568312 2 2 0.533549 6 0.466451
  2 6.550407 0.442502 55.304375 0.757183 -0.064646 -0.649995 0.001667 0.568416 2 2 0.533549 6 0.466451
Charple2_sheet
  6 9.085001 2.919991 59.528065 0.134721 0.735406 0.664100 0.122167 0.514896 1 6 1.000000
  6 6.632961 4.303511 57.611103 0.334405 0.933486 0.129524 0.146639 0.567777 2 6 0.600000 2 0.400000
  6 5.921503 3.450485 60.323719 0.058670 0.728334 0.682706 0.122488 0.567668 2 6 0.684645 2 0.315355
Charple2_sheet
  6 9.085001 2.919991 59.528065 0.134721 0.735406 0.664100 0.122167 0.514896 1 6 1.000000
  6 8.339346 3.799403 57.698105 0.165383 0.981915 -0.092145 0.146297 0.515307 1 6 1.000000
  6 6.632961 4.303511 57.611103 0.334405 0.933486 0.129524 0.146639 0.567777 2 6 0.600000 2 0.400000
Charple2_sheet
  6 8.339346 3.799403 57.698105 0.165383 0.981915 -0.092145 0.146297 0.515307 1 6 1.000000
  2 6.570227 3.663164 54.957211 0.716213 0.540515 -0.441454 0.166164 0.567984 2 2 0.657414 6 0.342586
  6 6.632961 4.303511 57.611103 0.334405 0.933486 0.129524 0.146639 0.567777 2 6 0.600000 2 0.400000
Charple2_sheet
  6 8.339346 3.799403 57.698105 0.165383 0.981915 -0.092145 0.146297 0.515307 1 6 1.000000
  6 8.600459 2.847920 56.515884 0.261866 0.496211 -0.827769 0.165986 0.515160 1 6 1.000000
  2 6.570227 3.663164 54.957211 0.716213 0.540515 -0.441454 0.166164 0.567984 2 2 0.657414 6 0.342586
Charple2_sheet
  6 8.600459 2.847920 56.515884 0.261866 0.496211 -0.827769 0.165986 0.515160 1 6 1.000000
  2 6.550407 0.442502 55.304375 0.757183 -0.064646 -0.649995 0.193561 0.568416 2 2 0.533549 6 0.466451
  2 6.570227 3.663164 54.957211 0.716213 0.540515 -0.441454 0.166164 0.567984 2 2 0.657414 6 0.342586
Charple2_sheet
  6 8.600459 2.847920 56.515884 0.261866 0.496211 -0.827769 0.165986 0.515160 1 6 1.000000
  6 8.950826 1.568543 56.233494 0.248408 0.034786 -0.968031 0.193838 0.515394 1 6 1.000000
  2 6.550407 0.442502 55.304375 0.757183 -0.064646 -0.649995 0.193561 0.568416 2 2 0.533549 6 0.466451
Charple2_sheet
  10 -6.505682 0.403525 7.834318 0.032978 -0.668715 -0.742787 0.490762 0.037741 1 10 1.000000
  10 -6.571469 1.598734 7.862172 -0.056847 0.720193 -0.691441 0.485949 0.036722 1 10 1.000000
  10 -6.176509 1.376838 7.836418 0.447836 0.503089 -0.739151 0.473701 0.036304 1 10 1.000000
Charple2_sheet
  10 -6.505682 0.403525 7.834318 0.032978 -0.668715 -0.742787 0.490762 0.037741 1 10 1.000000
  10 -7.024653 1.438429 7.964210 -0.621911 0.464130 -0.630722 0.502457 0.040409 1 10 1.000000
  10 -6.571469 1.598734 7.862172 -0.056847 0.720193 -0.691441 0.485949 0.036722 1 10 1.000000
Charple2_sheet
  10 -6.505682 0.403525 7.834318 0.032978 -0.668715 -0.742787 0.490762 0.037741 1 10 1.000000
  10 -7.182157 0.854881 8.024763 -0.774827 -0.115418 -0.621548 0.511317 0.043433 1 10 1.000000
  10 -7.024653 1.438429 7.964210 -0.621911 0.464130 -0.630722 0.502457 0.040409 1 10 1.000000
Charple2_sheet
  10 -6.505682 0.403525 7.834318 0.032978 -0.668715 -0.742787 0.490762 0.037741 1 10 1.000000
  10 -6.832028 0.423416 7.889908 -0.446196 -0.570677 -0.689374 0.501849 0.039550 1 10 1.000000
  10 -7.182157 0.854881 8.024763 -0.774827 -0.115418 -0.621548 0.511317 0.043433 1 10 1.000000
Charple2_sheet
  10 -6.410819 0.115523 8.423892 0.208917 -0.964146 -0.163633 0.489208 0.058759 1 10 1.000000
  10 -6.189487 0.590801 7.787158 0.421015 -0.461865 -0.780658 0.478797 0.035881 1 10 1.000000
  10 -5.955902 0.384962 8.356042 0.731995 -0.650855 -0.201422 0.471995 0.056083 1 10 1.000000
Charple2_sheet
  10 -6.410819 0.115523 8.423892 0.208917 -0.964146 -0.163633 0.489208 0.058759 1 10 1.000000
  10 -6.505682 0.403525 7.834318 0.032978 -0.668715 -0.742787 0.490762 0.037741 1 10 1.000000
  10 -6.189487 0.590801 7.787158 0.421015 -0.461865 -0.780658 0.478797 0.035881 1 10 1.000000
Charple2_sheet
  10 -6.880342 0.144140 8.503872 -0.469184 -0.879507 -0.079585 0.505160 0.061362 1 10 1.000000
  10 -6.505682 0.403525 7.834318 0.032978 -0.668715 -0.742787 0.490762 0.037741 1 10 1.000000
  10 -6.410819 0.115523 8.423892 0.208917 -0.964146 -0.163633 0.489208 0.058759 1 10 1.000000
Charple2_sheet
  10 -6.880342 0.144140 8.503872 -0.469184 -0.879507 -0.079585 0.505160 0.061362 1 10 1.000000
  10 -6.832028 0.423416 7.889908 -0.446196 -0.570677 -0.689374 0.501849 0.039550 1 10 1.000000
  10 -6.505682 0.403525 7.834318 0.032978 -0.668715 -0.742787 0.490762 0.037741 1 10 1.000000
Charple2_sheet
  10 -7.384081 0.764901 8.697890 -0.978503 -0.204247 0.028532 0.518783 0.066948 1 10 1.000000
  10 -6.832028 0.423416 7.889908 -0.446196 -0.570677 -0.689374 0.501849 0.039550 1 10 1.000000
  10 -6.880342 0.144140 8.503872 -0.469184 -0.879507 -0.079585 0.505160 0.061362 1 10 1.000000
Charple2_sheet
  10 -7.384081 0.764901 8.697890 -0.978503 -0.204247 0.028532 0.518783 0.066948 1 10 1.000000
  10 -7.182157 0.854881 8.024763 -0.774827 -0.115418 -0.621548 0.511317 0.043433 1 10 1.000000
  10 -6.832028 0.423416 7.889908 -0.446196 -0.570677 -0.689374 0.501849 0.039550 1 10 1.000000
Charple2_sheet
  10 -7.157476 1.604465 8.610772 -0.729028 0.682354 0.053958 0.506035 0.062598 1 10 1.000000
  10 -7.182157 0.854881 8.024763 -0.774827 -0.115418 -0.621548 0.511317 0.043433 1 10 1.000000
  10 -7.384081 0.764901 8.697890 -0.978503 -0.204247 0.028532 0.518783 0.066948 1 10 1.000000
Charple2_sheet
  10 -7.157476 1.604465 8.610772 -0.729028 0.682354 0.053958 0.506035 0.062598 1 10 1.000000
  10 -7.024653 1.438429 7.964210 -0.621911 0.464130 -0.630722 0.502457 0.040409 1 10 1.000000
  10 -7.182157 0.854881 8.024763 -0.774827 -0.115418 -0.621548 0.511317 0.043433 1 10 1.000000
Charple2_sheet
  10 -6.505470 1.835100 8.463966 0.088676 0.995848 -0.020574 0.482284 0.057294 1 10 1.000000
  10 -7.024653 1.438429 7.964210 -0.621911 0.464130 -0.630722 0.502457 0.040409 1 10 1.000000
  10 -7.157476 1.604465 8.610772 -0.729028 0.682354 0.053958 0.506035 0.062598 1 10 1.000000
Charple2_sheet
  10 -6.505470 1.835100 8.463966 0.088676 0.995848 -0.020574 0.482284 0.057294 1 10 1.000000
  10 -6.571469 1.598734 7.862172 -0.056847 0.720193 -0.691441 0.485949 0.036722 1 10 1.000000
  10 -7.024653 1.438429 7.964210 -0.621911 0.464130 -0.630722 0.502457 0.040409 1 10 1.000000
Charple2_sheet
  10 -5.937230 1.515854 8.426914 0.753165 0.647792 -0.114492 0.464663 0.056692 1 10 1.000000
  10 -6.571469 1.598734 7.862172 -0.056847 0.720193 -0.691441 0.485949 0.036722 1 10 1.000000
  10 -6.505470 1.835100 8.463966 0.088676 0.995848 -0.020574 0.482284 0.057294 1 10 1.000000
Charple2_sheet
  10 -5.937230 1.515854 8.426914 0.753165 0.647792 -0.114492 0.464663 0.056692 1 10 1.000000
  10 -6.176509 1.376838 7.836418 0.447836 0.503089 -0.739151 0.473701 0.036304 1 10 1.000000
  10 -6.571469 1.598734 7.862172 -0.056847 0.720193 -0.691441 0.485949 0.036722 1 10 1.000000
Charple2_sheet
  10 -5.735259 0.932003 8.327041 0.982322 -0.016387 -0.186479 0.461183 0.054235 1 10 1.000000
  10 -6.176509 1.376838 7.836418 0.447836 0.503089 -0.739151 0.473701 0.036304 1 10 1.000000
  10 -5.937230 1.515854 8.426914 0.753165 0.647792 -0.114492 0.464663 0.056692 1 10 1.000000
Charple2_sheet
  10 -5.735259 0.932003 8.327041 0.982322 -0.016387 -0.186479 0.461183 0.054235 1 10 1.000000
  10 -6.036127 0.971027 7.767000 0.614182 0.014200 -0.789036 0.471282 0.034596 1 10 1.000000
  10 -6.176509 1.376838 7.836418 0.447836 0.503089 -0.739151 0.473701 0.036304 1 10 1.000000
Charple2_sheet
  10 -5.955902 0.384962 8.356042 0.731995 -0.650855 -0.201422 0.471995 0.056083 1 10 1.000000
  10 -6.036127 0.971027 7.767000 0.614182 0.014200 -0.789036 0.471282 0.034596 1 10 1.000000
  10 -5.735259 0.932003 8.327041 0.982322 -0.016387 -0.186479 0.461183 0.054235 1 10 1.000000
Charple2_sheet
  10 -5.955902 0.384962 8.356042 0.731995 -0.650855 -0.201422 0.471995 0.056083 1 10 1.000000
  10 -6.189487 0.590801 7.787158 0.421015 -0.461865 -0.780658 0.478797 0.035881 1 10 1.000000
  10 -6.036127 0.971027 7.767000 0.614182 0.014200 -0.789036 0.471282 0.034596 1 10 1.000000
Charple2_sheet
  10 -6.505682 0.403525 7.834318 0.032978 -0.668715 -0.742787 0.490762 0.037741 1 10 1.000000
  10 -6.036127 0.971027 7.767000 0.614182 0.014200 -0.789036 0.471282 0.034596 1 10 1.000000
  10 -6.189487 0.590801 7.787158 0.421015 -0.461865 -0.780658 0.478797 0.035881 1 10 1.000000
Charple2_sheet
  10 -6.505682 0.403525 7.834318 0.032978 -0.668715 -0.742787 0.490762 0.037741 1 10 1.000000
  10 -6.176509 1.376838 7.836418 0.447836 0.503089 -0.739151 0.473701 0.036304 1 10 1.000000
  10 -6.036127 0.971027 7.767000 0.614182 0.014200 -0.789036 0.471282 0.034596 1 10 1.000000
Charple2_sheet
  10 -6.003111 0.462535 9.246077 0.758337 -0.651546 0.020308 0.473157 0.086915 1 10 1.000000
  10 -5.955902 0.384962 8.356042 0.731995 -0.650855 -0.201422 0.471995 0.056083 1 10 1.000000
  10 -5.735259 0.932003 8.327041 0.982322 -0.016387 -0.186479 0.461183 0.054235 1 10 1.000000
Charple2_sheet
  10 -6.335971 0.265388 9.295722 0.243602 -0.966728 0.078067 0.485752 0.088873 1 10 1.000000
  10 -5.955902 0.384962 8.356042 0.731995 -0.650855 -0.201422 0.471995 0.056083 1 10 1.000000
  10 -6.003111 0.462535 9.246077 0.758337 -0.651546 0.020308 0.473157 0.086915 1 10 1.000000
Charple2_sheet
  10 -6.335971 0.265388 9.295722 0.243602 -0.966728 0.078067 0.485752 0.088873 1 10 1.000000
  10 -6.410819 0.115523 8.423892 0.208917 -0.964146 -0.163633 0.489208 0.058759 1 10 1.000000
  10 -5.955902 0.384962 8.356042 0.731995 -0.650855 -0.201422 0.471995 0.056083 1 10 1.000000
Charple2_sheet
  10 -6.679517 0.286327 9.354242 -0.421285 -0.892115 0.163249 0.497423 0.090778 1 10 1.000000
  10 -6.410819 0.115523 8.423892 0.208917 -0.964146 -0.163633 0.489208 0.058759 1 10 1.000000
  10 -6.335971 0.265388 9.295722 0.243602 -0.966728 0.078067 0.485752 0.088873 1 10 1.000000
Charple2_sheet
  10 -6.679517 0.286327 9.354242 -0.421285 -0.892115 0.163249 0.497423 0.090778 1 10 1.000000
  10 -6.880342 0.144140 8.503872 -0.469184 -0.879507 -0.079585 0.505160 0.061362 1 10 1.000000
  10 -6.410819 0.115523 8.423892 0.208917 -0.964146 -0.163633 0.489208 0.058759 1 10 1.000000
Charple2_sheet
  10 -7.048100 0.740533 9.496204 -0.945934 -0.213749 0.243966 0.507391 0.094865 1 10 1.000000
  10 -6.880342 0.144140 8.503872 -0.469184 -0.879507 -0.079585 0.505160 0.061362 1 10 1.000000
  10 -6.679517 0.286327 9.354242 -0.421285 -0.892115 0.163249 0.497423 0.090778 1 10 1.000000
Charple2_sheet
  10 -7.048100 0.740533 9.496204 -0.945934 -0.213749 0.243966 0.507391 0.094865 1 10 1.000000
  10 -7.384081 0.764901 8.697890 -0.978503 -0.204247 0.028532 0.518783 0.066948 1 10 1.000000
  10 -6.880342 0.144140 8.503872 -0.469184 -0.879507 -0.079585 0.505160 0.061362 1 10 1.000000
Charple2_sheet
  10 -6.882295 1.354837 9.432460 -0.687602 0.687300 0.234141 0.498064 0.091682 1 10 1.000000
  10 -7.384081 0.764901 8.697890 -0.978503 -0.204247 0.028532 0.518783 0.066948 1 10 1.000000
  10 -7.048100 0.740533 9.496204 -0.945934 -0.213749 0.243966 0.507391 0.094865 1 10 1.000000
Charple2_sheet
  10 -6.882295 1.354837 9.432460 -0.687602 0.687300 0.234141 0.498064 0.091682 1 10 1.000000
  10 -7.157476 1.604465 8.610772 -0.729028 0.682354 0.053958 0.506035 0.062598 1 10 1.000000
  10 -7.384081 0.764901 8.697890 -0.978503 -0.204247 0.028532 0.518783 0.066948 1 10 1.000000
Charple2_sheet
  10 -6.405226 1.523591 9.325044 0.113350 0.983524 0.140828 0.480686 0.087801 1 10 1.000000
  10 -7.157476 1.604465 8.610772 -0.729028 0.682354 0.053958 0.506035 0.062598 1 10 1.000000
  10 -6.882295 1.354837 9.432460 -0.687602 0.687300 0.234141 0.498064 0.091682 1 10 1.000000
Charple2_sheet
  10 -6.405226 1.523591 9.325044 0.113350 0.983524 0.140828 0.480686 0.087801 1 10 1.000000
  10 -6.505470 1.835100 8.463966 0.088676 0.995848 -0.020574 0.482284 0.057294 1 10 1.000000
  10 -7.157476 1.604465 8.610772 -0.729028 0.682354 0.053958 0.506035 0.062598 1 10 1.000000
Charple2_sheet
  10 -5.989449 1.290001 9.297934 0.770833 0.635183 0.048577 0.467792 0.087361 1 10 1.000000
  10 -6.505470 1.835100 8.463966 0.088676 0.995848 -0.020574 0.482284 0.057294 1 10 1.000000
  10 -6.405226 1.523591 9.325044 0.113350 0.983524 0.140828 0.480686 0.087801 1 10 1.000000
Charple2_sheet
  10 -5.989449 1.290001 9.297934 0.770833 0.635183 0.048577 0.467792 0.087361 1 10 1.000000
  10 -5.937230 1.515854 8.426914 0.753165 0.647792 -0.114492 0.464663 0.056692 1 10 1.000000
  10 -6.505470 1.835100 8.463966 0.088676 0.995848 -0.020574 0.482284 0.057294 1 10 1.000000
Charple2_sheet
  10 -5.841667 0.862801 9.224856 0.999581 -0.028560 0.004722 0.465246 0.085563 1 10 1.000000
  10 -5.937230 1.515854 8.426914 0.753165 0.647792 -0.114492 0.464663 0.056692 1 10 1.000000
  10 -5.989449 1.290001 9.297934 0.770833 0.635183 0.048577 0.467792 0.087361 1 10 1.000000
Charple2_sheet
  10 -5.841667 0.862801 9.224856 0.999581 -0.028560 0.004722 0.465246 0.085563 1 10 1.000000
  10 -5.735259 0.932003 8.327041 0.982322 -0.016387 -0.186479 0.461183 0.054235 1 10 1.000000
  10 -5.937230 1.515854 8.426914 0.753165 0.647792 -0.114492 0.464663 0.056692 1 10 1.000000
Charple2_sheet
  10 -6.003111 0.462535 9.246077 0.758337 -0.651546 0.020308 0.473157 0.086915 1 10 1.000000
  10 -5.735259 0.932003 8.327041 0.982322 -0.016387 -0.186479 0.461183 0.054235 1 10 1.000000
  10 -5.841667 0.862801 9.224856 0.999581 -0.028560 0.004722 0.465246 0.085563 1 10 1.000000
Charple2_sheet
  10 -5.839807 0.518151 10.787621 0.653400 -0.619506 -0.435064 0.467221 0.140516 1 10 1.000000
  10 -6.003111 0.462535 9.246077 0.758337 -0.651546 0.020308 0.473157 0.086915 1 10 1.000000
  10 -5.841667 0.862801 9.224856 0.999581 -0.028560 0.004722 0.465246 0.085563 1 10 1.000000
Charple2_sheet
  10 -6.176854 0.323622 10.813809 0.151883 -0.896937 -0.415254 0.479944 0.141652 1 10 1.000000
  10 -6.003111 0.462535 9.246077 0.758337 -0.651546 0.020308 0.473157 0.086915 1 10 1.000000
  10 -5.839807 0.518151 10.787621 0.653400 -0.619506 -0.435064 0.467221 0.140516 1 10 1.000000
Charple2_sheet
  10 -6.176854 0.323622 10.813809 0.151883 -0.896937 -0.415254 0.479944 0.141652 1 10 1.000000
  10 -6.335971 0.265388 9.295722 0.243602 -0.966728 0.078067 0.485752 0.088873 1 10 1.000000
  10 -6.003111 0.462535 9.246077 0.758337 -0.651546 0.020308 0.473157 0.086915 1 10 1.000000
Charple2_sheet
  10 -6.524732 0.347185 10.831495 -0.495398 -0.778465 -0.385452 0.491749 0.142130 1 10 1.000000
  10 -6.335971 0.265388 9.295722 0.243602 -0.966728 0.078067 0.485752 0.088873 1 10 1.000000
  10 -6.176854 0.323622 10.813809 0.151883 -0.896937 -0.415254 0.479944 0.141652 1 10 1.000000
Charple2_sheet
  10 -6.524732 0.347185 10.831495 -0.495398 -0.778465 -0.385452 0.491749 0.142130 1 10 1.000000
  10 -6.679517 0.286327 9.354242 -0.421285 -0.892115 0.163249 0.497423 0.090778 1 10 1.000000
  10 -6.335971 0.265388 9.295722 0.243602 -0.966728 0.078067 0.485752 0.088873 1 10 1.000000
Charple2_sheet
  10 -6.905339 0.808864 10.897073 -0.910008 -0.195203 -0.365762 0.502085 0.143543 1 10 1.000000
  10 -6.679517 0.286327 9.354242 -0.421285 -0.892115 0.163249 0.497423 0.090778 1 10 1.000000
  10 -6.524732 0.347185 10.831495 -0.495398 -0.778465 -0.385452 0.491749 0.142130 1 10 1.000000
Charple2_sheet
  10 -6.905339 0.808864 10.897073 -0.910008 -0.195203 -0.365762 0.502085 0.143543 1 10 1.000000
  10 -7.048100 0.740533 9.496204 -0.945934 -0.213749 0.243966 0.507391 0.094865 1 10 1.000000
  10 -6.679517 0.286327 9.354242 -0.421285 -0.892115 0.163249 0.497423 0.090778 1 10 1.000000
Charple2_sheet
  10 -6.731183 1.417579 10.807292 -0.725931 0.524089 -0.445370 0.492504 0.139466 1 10 1.000000
  10 -7.048100 0.740533 9.496204 -0.945934 -0.213749 0.243966 0.507391 0.094865 1 10 1.000000
  10 -6.905339 0.808864 10.897073 -0.910008 -0.195203 -0.365762 0.502085 0.143543 1 10 1.000000
Charple2_sheet
  10 -6.731183 1.417579 10.807292 -0.725931 0.524089 -0.445370 0.492504 0.139466 1 10 1.000000
  10 -6.882295 1.354837 9.432460 -0.687602 0.687300 0.234141 0.498064 0.091682 1 10 1.000000
  10 -7.048100 0.740533 9.496204 -0.945934 -0.213749 0.243966 0.507391 0.094865 1 10 1.000000
Charple2_sheet
  10 -6.244433 1.580219 10.742223 0.042645 0.849839 -0.525314 0.474830 0.137072 1 10 1.000000
  10 -6.882295 1.354837 9.432460 -0.687602 0.687300 0.234141 0.498064 0.091682 1 10 1.000000
  10 -6.731183 1.417579 10.807292 -0.725931 0.524089 -0.445370 0.492504 0.139466 1 10 1.000000
Charple2_sheet
  10 -6.244433 1.580219 10.742223 0.042645 0.849839 -0.525314 0.474830 0.137072 1 10 1.000000
  10 -6.405226 1.523591 9.325044 0.113350 0.983524 0.140828 0.480686 0.087801 1 10 1.000000
  10 -6.882295 1.354837 9.432460 -0.687602 0.687300 0.234141 0.498064 0.091682 1 10 1.000000
Charple2_sheet
  10 -5.829099 1.347244 10.779497 0.676629 0.549167 -0.490499 0.461948 0.138870 1 10 1.000000
  10 -6.405226 1.523591 9.325044 0.113350 0.983524 0.140828 0.480686 0.087801 1 10 1.000000
  10 -6.244433 1.580219 10.742223 0.042645 0.849839 -0.525314 0.474830 0.137072 1 10 1.000000
Charple2_sheet
  10 -5.829099 1.347244 10.779497 0.676629 0.549167 -0.490499 0.461948 0.138870 1 10 1.000000
  10 -5.989449 1.290001 9.297934 0.770833 0.635183 0.048577 0.467792 0.087361 1 10 1.000000
  10 -6.405226 1.523591 9.325044 0.113350 0.983524 0.140828 0.480686 0.087801 1 10 1.000000
Charple2_sheet
  10 -5.675558 0.916527 10.755275 0.880728 -0.036307 -0.472228 0.459225 0.138781 1 10 1.000000
  10 -5.989449 1.290001 9.297934 0.770833 0.635183 0.048577 0.467792 0.087361 1 10 1.000000
  10 -5.829099 1.347244 10.779497 0.676629 0.549167 -0.490499 0.461948 0.138870 1 10 1.000000
Charple2_sheet
  10 -5.675558 0.916527 10.755275 0.880728 -0.036307 -0.472228 0.459225 0.138781 1 10 1.000000
  10 -5.841667 0.862801 9.224856 0.999581 -0.028560 0.004722 0.465246 0.085563 1 10 1.000000
  10 -5.989449 1.290001 9.297934 0.770833 0.635183 0.048577 0.467792 0.087361 1 10 1.000000
Charple2_sheet
  10 -5.839807 0.518151 10.787621 0.653400 -0.619506 -0.435064 0.467221 0.140516 1 10 1.000000
  10 -5.841667 0.862801 9.224856 0.999581 -0.028560 0.004722 0.465246 0.085563 1 10 1.000000
  10 -5.675558 0.916527 10.755275 0.880728 -0.036307 -0.472228 0.459225 0.138781 1 10 1.000000
Charple2_sheet
  7 18.707592 1.805867 57.757534 0.667980 0.484282 -0.565043 0.484159 0.134054 2 7 0.887677 6 0.112323
  7 20.859707 1.578888 57.645466 -0.175015 0.041103 -0.983707 0.499039 0.071521 1 7 1.000000
  7 18.689428 1.580105 57.644585 0.482577 -0.116406 -0.868084 0.491529 0.135573 2 7 0.887728 6 0.112272
Charple2_sheet
  7 18.707592 1.805867 57.757534 0.667980 0.484282 -0.565043 0.484159 0.134054 2 7 0.887677 6 0.112323
  7 20.915918 1.796223 57.762352 -0.158797 0.746204 -0.646501 0.491951 0.068938 1 7 1.000000
  7 20.859707 1.578888 57.645466 -0.175015 0.041103 -0.983707 0.499039 0.071521 1 7 1.000000
Charple2_sheet
  7 20.915918 1.796223 57.762352 -0.158797 0.746204 -0.646501 0.491951 0.068938 1 7 1.000000
  7 21.462811 1.580740 57.423855 0.422803 -0.100838 -0.900594 0.504509 0.053130 1 7 1.000000
  7 20.859707 1.578888 57.645466 -0.175015 0.041103 -0.983707 0.499039 0.071521 1 7 1.000000
Charple2_sheet
  7 20.915918 1.796223 57.762352 -0.158797 0.746204 -0.646501 0.491951 0.068938 1 7 1.000000
  7 21.561943 1.964032 57.629993 0.488748 0.611560 -0.622189 0.492011 0.048573 1 7 1.000000
  7 21.462811 1.580740 57.423855 0.422803 -0.100838 -0.900594 0.504509 0.053130 1 7 1.000000
Charple2_sheet
  7 20.914261 1.852402 57.904812 -0.157780 0.986748 -0.037865 0.488324 0.069041 1 7 1.000000
  7 21.561943 1.964032 57.629993 0.488748 0.611560 -0.622189 0.492011 0.048573 1 7 1.000000
  7 20.915918 1.796223 57.762352 -0.158797 0.746204 -0.646501 0.491951 0.068938 1 7 1.000000
Charple2_sheet
  7 20.914261 1.852402 57.904812 -0.157780 0.986748 -0.037865 0.488324 0.069041 1 7 1.000000
  7 21.559021 2.063107 57.881233 0.483025 0.874201 0.049589 0.485613 0.048755 1 7 1.000000
  7 21.561943 1.964032 57.629993 0.488748 0.611560 -0.622189 0.492011 0.048573 1 7 1.000000
Charple2_sheet
  7 20.854473 1.772481 58.137829 -0.170730 0.731233 0.660417 0.486517 0.071867 1 7 1.000000
  7 21.559021 2.063107 57.881233 0.483025 0.874201 0.049589 0.485613 0.048755 1 7 1.000000
  7 20.914261 1.852402 57.904812 -0.157780 0.986748 -0.037865 0.488324 0.069041 1 7 1.000000
Charple2_sheet
  7 20.854473 1.772481 58.137829 -0.170730 0.731233 0.660417 0.486517 0.071867 1 7 1.000000
  7 21.453579 1.922161 58.292183 0.408516 0.574901 0.708946 0.482426 0.053739 1 7 1.000000
  7 21.559021 2.063107 57.881233 0.483025 0.874201 0.049589 0.485613 0.048755 1 7 1.000000
Charple2_sheet
  7 20.804548 1.569014 58.214733 -0.179973 0.023644 0.983387 0.490272 0.074693 1 7 1.000000
  7 21.453579 1.922161 58.292183 0.408516 0.574901 0.708946 0.482426 0.053739 1 7 1.000000
  7 20.854473 1.772481 58.137829 -0.170730 0.731233 0.660417 0.486517 0.071867 1 7 1.000000
Charple2_sheet
  7 20.804548 1.569014 58.214733 -0.179973 0.023644 0.983387 0.490272 0.074693 1 7 1.000000
  7 21.365532 1.563327 58.427807 0.324831 -0.090623 0.941420 0.489050 0.058724 1 7 1.000000
  7 21.453579 1.922161 58.292183 0.408516 0.574901 0.708946 0.482426 0.053739 1 7 1.000000
Charple2_sheet
  7 20.768707 1.399978 58.144577 -0.183312 -0.677063 0.712729 0.495490 0.076524 1 7 1.000000
  7 21.365532 1.563327 58.427807 0.324831 -0.090623 0.941420 0.489050 0.058724 1 7 1.000000
  7 20.804548 1.569014 58.214733 -0.179973 0.023644 0.983387 0.490272 0.074693 1 7 1.000000
Charple2_sheet
  7 20.768707 1.399978 58.144577 -0.183312 -0.677063 0.712729 0.495490 0.076524 1 7 1.000000
  7 21.302322 1.265216 58.304085 0.281738 -0.695732 0.660742 0.498251 0.061953 1 7 1.000000
  7 21.365532 1.563327 58.427807 0.324831 -0.090623 0.941420 0.489050 0.058724 1 7 1.000000
Charple2_sheet
  7 20.772455 1.298484 57.910187 -0.185196 -0.982279 0.028812 0.501690 0.076376 1 7 1.000000
  7 21.302322 1.265216 58.304085 0.281738 -0.695732 0.660742 0.498251 0.061953 1 7 1.000000
  7 20.768707 1.399978 58.144577 -0.183312 -0.677063 0.712729 0.495490 0.076524 1 7 1.000000
Charple2_sheet
  7 20.772455 1.298484 57.910187 -0.185196 -0.982279 0.028812 0.501690 0.076376 1 7 1.000000
  7 21.308933 1.086224 57.890717 0.280596 -0.955730 0.088575 0.509186 0.061691 1 7 1.000000
  7 21.302322 1.265216 58.304085 0.281738 -0.695732 0.660742 0.498251 0.061953 1 7 1.000000
Charple2_sheet
  7 20.803864 1.344229 57.765549 -0.184347 -0.724346 -0.664334 0.502890 0.074812 1 7 1.000000
  7 21.308933 1.086224 57.890717 0.280596 -0.955730 0.088575 0.509186 0.061691 1 7 1.000000
  7 20.772455 1.298484 57.910187 -0.185196 -0.982279 0.028812 0.501690 0.076376 1 7 1.000000
Charple2_sheet
  7 20.803864 1.344229 57.765549 -0.184347 -0.724346 -0.664334 0.502890 0.074812 1 7 1.000000
  7 21.364325 1.166896 57.635632 0.331300 -0.765254 -0.551930 0.511301 0.058933 1 7 1.000000
  7 21.308933 1.086224 57.890717 0.280596 -0.955730 0.088575 0.509186 0.061691 1 7 1.000000
Charple2_sheet
  7 20.859707 1.578888 57.645466 -0.175015 0.041103 -0.983707 0.499039 0.071521 1 7 1.000000
  7 21.364325 1.166896 57.635632 0.331300 -0.765254 -0.551930 0.511301 0.058933 1 7 1.000000
  7 20.803864 1.344229 57.765549 -0.184347 -0.724346 -0.664334 0.502890 0.074812 1 7 1.000000
Charple2_sheet
  7 20.859707 1.578888 57.645466 -0.175015 0.041103 -0.983707 0.499039 0.071521 1 7 1.000000
  7 21.462811 1.580740 57.423855 0.422803 -0.100838 -0.900594 0.504509 0.053130 1 7 1.000000
  7 21.364325 1.166896 57.635632 0.331300 -0.765254 -0.551930 0.511301 0.058933 1 7 1.000000
Charple2_sheet
  7 18.705954 1.862176 57.899944 0.665867 0.735584 0.124649 0.480529 0.134156 2 7 0.887677 6 0.112323
  7 20.915918 1.796223 57.762352 -0.158797 0.746204 -0.646501 0.491951 0.068938 1 7 1.000000
  7 18.707592 1.805867 57.757534 0.667980 0.484282 -0.565043 0.484159 0.134054 2 7 0.887677 6 0.112323
Charple2_sheet
  7 18.705954 1.862176 57.899944 0.665867 0.735584 0.124649 0.480529 0.134156 2 7 0.887677 6 0.112323
  7 20.914261 1.852402 57.904812 -0.157780 0.986748 -0.037865 0.488324 0.069041 1 7 1.000000
  7 20.915918 1.796223 57.762352 -0.158797 0.746204 -0.646501 0.491951 0.068938 1 7 1.000000
Charple2_sheet
  7 18.684376 1.774265 58.136726 0.622693 0.501241 0.600841 0.478996 0.135909 2 7 0.887728 6 0.112272
  7 20.914261 1.852402 57.904812 -0.157780 0.986748 -0.037865 0.488324 0.069041 1 7 1.000000
  7 18.705954 1.862176 57.899944 0.665867 0.735584 0.124649 0.480529 0.134156 2 7 0.887677 6 0.112323
Charple2_sheet
  7 18.684376 1.774265 58.136726 0.622693 0.501241 0.600841 0.478996 0.135909 2 7 0.887728 6 0.112272
  7 20.854473 1.772481 58.137829 -0.170730 0.731233 0.660417 0.486517 0.071867 1 7 1.000000
  7 20.914261 1.852402 57.904812 -0.157780 0.986748 -0.037865 0.488324 0.069041 1 7 1.000000
Charple2_sheet
  7 18.685646 1.565808 58.216404 0.539762 -0.069850 0.838915 0.483011 0.137260 2 7 0.887728 6 0.112272
  7 20.854473 1.772481 58.137829 -0.170730 0.731233 0.660417 0.486517 0.071867 1 7 1.000000
  7 18.684376 1.774265 58.136726 0.622693 0.501241 0.600841 0.478996 0.135909 2 7 0.887728 6 0.112272
Charple2_sheet
  7 18.685646 1.565808 58.216404 0.539762 -0.069850 0.838915 0.483011 0.137260 2 7 0.887728 6 0.112272
  7 20.804548 1.569014 58.214733 -0.179973 0.023644 0.983387 0.490272 0.074693 1 7 1.000000
  7 20.854473 1.772481 58.137829 -0.170730 0.731233 0.660417 0.486517 0.071867 1 7 1.000000
Charple2_sheet
  7 18.680929 1.392154 58.148571 0.456381 -0.645686 0.612214 0.488417 0.138204 2 7 0.887755 6 0.112245
  7 20.804548 1.569014 58.214733 -0.179973 0.023644 0.983387 0.490272 0.074693 1 7 1.000000
  7 18.685646 1.565808 58.216404 0.539762 -0.069850 0.838915 0.483011 0.137260 2 7 0.887728 6 0.112272
Charple2_sheet
  7 18.680929 1.392154 58.148571 0.456381 -0.645686 0.612214 0.488417 0.138204 2 7 0.887755 6 0.112245
  7 20.768707 1.399978 58.144577 -0.183312 -0.677063 0.712729 0.495490 0.076524 1 7 1.000000
  7 20.804548 1.569014 58.214733 -0.179973 0.023644 0.983387 0.490272 0.074693 1 7 1.000000
Charple2_sheet
  7 18.686552 1.290875 57.914127 0.405040 -0.913807 0.029984 0.494619 0.137999 2 7 0.887728 6 0.112272
  7 20.768707 1.399978 58.144577 -0.183312 -0.677063 0.712729 0.495490 0.076524 1 7 1.000000
  7 18.680929 1.392154 58.148571 0.456381 -0.645686 0.612214 0.488417 0.138204 2 7 0.887755 6 0.112245
Charple2_sheet
  7 18.686552 1.290875 57.914127 0.405040 -0.913807 0.029984 0.494619 0.137999 2 7 0.887728 6 0.112272
  7 20.772455 1.298484 57.910187 -0.185196 -0.982279 0.028812 0.501690 0.076376 1 7 1.000000
  7 20.768707 1.399978 58.144577 -0.183312 -0.677063 0.712729 0.495490 0.076524 1 7 1.000000
Charple2_sheet
  7 18.695219 1.340452 57.767612 0.432570 -0.673432 -0.599477 0.495672 0.137080 2 7 0.887728 6 0.112272
  7 20.772455 1.298484 57.910187 -0.185196 -0.982279 0.028812 0.501690 0.076376 1 7 1.000000
  7 18.686552 1.290875 57.914127 0.405040 -0.913807 0.029984 0.494619 0.137999 2 7 0.887728 6 0.112272
Charple2_sheet
  7 18.695219 1.340452 57.767612 0.432570 -0.673432 -0.599477 0.495672 0.137080 2 7 0.887728 6 0.112272
  7 20.803864 1.344229 57.765549 -0.184347 -0.724346 -0.664334 0.502890 0.074812 1 7 1.000000
  7 20.772455 1.298484 57.910187 -0.185196 -0.982279 0.028812 0.501690 0.076376 1 7 1.000000
Charple2_sheet
  7 18.689428 1.580105 57.644585 0.482577 -0.116406 -0.868084 0.491529 0.135573 2 7 0.887728 6 0.112272
  7 20.803864 1.344229 57.765549 -0.184347 -0.724346 -0.664334 0.502890 0.074812 1 7 1.000000
  7 18.695219 1.340452 57.767612 0.432570 -0.673432 -0.599477 0.495672 0.137080 2 7 0.887728 6 0.112272
Charple2_sheet
  7 18.689428 1.580105 57.644585 0.482577 -0.116406 -0.868084 0.491529 0.135573 2 7 0.887728 6 0.112272
  7 20.859707 1.578888 57.645466 -0.175015 0.041103 -0.983707 0.499039 0.071521 1 7 1.000000
  7 20.803864 1.344229 57.765549 -0.184347 -0.724346 -0.664334 0.502890 0.074812 1 7 1.000000
Charple2_sheet
  12 6.391902 1.283808 4.384035 -0.509035 -0.029205 -0.860250 0.502244 0.038821 1 12 1.000000
  12 6.855900 0.719360 4.498825 0.010077 -0.646559 -0.762797 0.519623 0.043314 1 12 1.000000
  12 6.542278 0.904836 4.431630 -0.339077 -0.463511 -0.818648 0.508807 0.040935 1 12 1.000000
Charple2_sheet
  12 6.391902 1.283808 4.384035 -0.509035 -0.029205 -0.860250 0.502244 0.038821 1 12 1.000000
  12 7.180737 0.741128 4.562031 0.444454 -0.550496 -0.706693 0.529810 0.045219 1 12 1.000000
  12 6.855900 0.719360 4.498825 0.010077 -0.646559 -0.762797 0.519623 0.043314 1 12 1.000000
Charple2_sheet
  12 6.391902 1.283808 4.384035 -0.509035 -0.029205 -0.860250 0.502244 0.038821 1 12 1.000000
  12 7.529771 1.178445 4.679788 0.737827 -0.144814 -0.659272 0.538791 0.048174 1 12 1.000000
  12 7.180737 0.741128 4.562031 0.444454 -0.550496 -0.706693 0.529810 0.045219 1 12 1.000000
Charple2_sheet
  12 6.391902 1.283808 4.384035 -0.509035 -0.029205 -0.860250 0.502244 0.038821 1 12 1.000000
  12 7.377621 1.757894 4.579332 0.603121 0.362056 -0.710746 0.531220 0.044038 1 12 1.000000
  12 7.529771 1.178445 4.679788 0.737827 -0.144814 -0.659272 0.538791 0.048174 1 12 1.000000
Charple2_sheet
  12 6.391902 1.283808 4.384035 -0.509035 -0.029205 -0.860250 0.502244 0.038821 1 12 1.000000
  12 6.928383 1.913711 4.455272 0.096853 0.592237 -0.799922 0.516249 0.039922 1 12 1.000000
  12 7.377621 1.757894 4.579332 0.603121 0.362056 -0.710746 0.531220 0.044038 1 12 1.000000
Charple2_sheet
  12 6.391902 1.283808 4.384035 -0.509035 -0.029205 -0.860250 0.502244 0.038821 1 12 1.000000
  12 6.532886 1.692466 4.432314 -0.359923 0.409322 -0.838398 0.504770 0.039653 1 12 1.000000
  12 6.928383 1.913711 4.455272 0.096853 0.592237 -0.799922 0.516249 0.039922 1 12 1.000000
Charple2_sheet
  12 7.738218 1.131244 5.182822 0.978336 -0.205263 -0.026942 0.545619 0.064292 1 12 1.000000
  12 7.529771 1.178445 4.679788 0.737827 -0.144814 -0.659272 0.538791 0.048174 1 12 1.000000
  12 7.377621 1.757894 4.579332 0.603121 0.362056 -0.710746 0.531220 0.044038 1 12 1.000000
Charple2_sheet
  12 7.236053 0.502065 5.013405 0.480187 -0.871050 -0.103405 0.532698 0.060041 1 12 1.000000
  12 7.529771 1.178445 4.679788 0.737827 -0.144814 -0.659272 0.538791 0.048174 1 12 1.000000
  12 7.738218 1.131244 5.182822 0.978336 -0.205263 -0.026942 0.545619 0.064292 1 12 1.000000
Charple2_sheet
  12 7.236053 0.502065 5.013405 0.480187 -0.871050 -0.103405 0.532698 0.060041 1 12 1.000000
  12 7.180737 0.741128 4.562031 0.444454 -0.550496 -0.706693 0.529810 0.045219 1 12 1.000000
  12 7.529771 1.178445 4.679788 0.737827 -0.144814 -0.659272 0.538791 0.048174 1 12 1.000000
Charple2_sheet
  12 6.768703 0.470746 4.922469 -0.191207 -0.961707 -0.196364 0.518041 0.057300 1 12 1.000000
  12 7.180737 0.741128 4.562031 0.444454 -0.550496 -0.706693 0.529810 0.045219 1 12 1.000000
  12 7.236053 0.502065 5.013405 0.480187 -0.871050 -0.103405 0.532698 0.060041 1 12 1.000000
Charple2_sheet
  12 6.768703 0.470746 4.922469 -0.191207 -0.961707 -0.196364 0.518041 0.057300 1 12 1.000000
  12 6.855900 0.719360 4.498825 0.010077 -0.646559 -0.762797 0.519623 0.043314 1 12 1.000000
  12 7.180737 0.741128 4.562031 0.444454 -0.550496 -0.706693 0.529810 0.045219 1 12 1.000000
Charple2_sheet
  12 6.317487 0.737596 4.825794 -0.706686 -0.655463 -0.266390 0.502480 0.053877 1 12 1.000000
  12 6.855900 0.719360 4.498825 0.010077 -0.646559 -0.762797 0.519623 0.043314 1 12 1.000000
  12 6.768703 0.470746 4.922469 -0.191207 -0.961707 -0.196364 0.518041 0.057300 1 12 1.000000
Charple2_sheet
  12 6.317487 0.737596 4.825794 -0.706686 -0.655463 -0.266390 0.502480 0.053877 1 12 1.000000
  12 6.542278 0.904836 4.431630 -0.339077 -0.463511 -0.818648 0.508807 0.040935 1 12 1.000000
  12 6.855900 0.719360 4.498825 0.010077 -0.646559 -0.762797 0.519623 0.043314 1 12 1.000000
Charple2_sheet
  12 6.101137 1.282832 4.757318 -0.953598 -0.023101 -0.300194 0.493037 0.050836 1 12 1.000000
  12 6.542278 0.904836 4.431630 -0.339077 -0.463511 -0.818648 0.508807 0.040935 1 12 1.000000
  12 6.317487 0.737596 4.825794 -0.706686 -0.655463 -0.266390 0.502480 0.053877 1 12 1.000000
Charple2_sheet
  12 6.101137 1.282832 4.757318 -0.953598 -0.023101 -0.300194 0.493037 0.050836 1 12 1.000000
  12 6.391902 1.283808 4.384035 -0.509035 -0.029205 -0.860250 0.502244 0.038821 1 12 1.000000
  12 6.542278 0.904836 4.431630 -0.339077 -0.463511 -0.818648 0.508807 0.040935 1 12 1.000000
Charple2_sheet
  12 6.303974 1.870779 4.826778 -0.725078 0.635265 -0.265896 0.496672 0.052033 1 12 1.000000
  12 6.391902 1.283808 4.384035 -0.509035 -0.029205 -0.860250 0.502244 0.038821 1 12 1.000000
  12 6.101137 1.282832 4.757318 -0.953598 -0.023101 -0.300194 0.493037 0.050836 1 12 1.000000
Charple2_sheet
  12 6.303974 1.870779 4.826778 -0.725078 0.635265 -0.265896 0.496672 0.052033 1 12 1.000000
  12 6.532886 1.692466 4.432314 -0.359923 0.409322 -0.838398 0.504770 0.039653 1 12 1.000000
  12 6.391902 1.283808 4.384035 -0.509035 -0.029205 -0.860250 0.502244 0.038821 1 12 1.000000
Charple2_sheet
  12 6.872985 2.189090 4.859806 -0.064623 0.980599 -0.185067 0.513186 0.052420 1 12 1.000000
  12 6.532886 1.692466 4.432314 -0.359923 0.409322 -0.838398 0.504770 0.039653 1 12 1.000000
  12 6.303974 1.870779 4.826778 -0.725078 0.635265 -0.265896 0.496672 0.052033 1 12 1.000000
Charple2_sheet
  12 6.872985 2.189090 4.859806 -0.064623 0.980599 -0.185067 0.513186 0.052420 1 12 1.000000
  12 6.928383 1.913711 4.455272 0.096853 0.592237 -0.799922 0.516249 0.039922 1 12 1.000000
  12 6.532886 1.692466 4.432314 -0.359923 0.409322 -0.838398 0.504770 0.039653 1 12 1.000000
Charple2_sheet
  12 7.519316 1.964911 5.038295 0.745842 0.662496 -0.069418 0.534726 0.058341 1 12 1.000000
  12 6.928383 1.913711 4.455272 0.096853 0.592237 -0.799922 0.516249 0.039922 1 12 1.000000
  12 6.872985 2.189090 4.859806 -0.064623 0.980599 -0.185067 0.513186 0.052420 1 12 1.000000
Charple2_sheet
  12 7.519316 1.964911 5.038295 0.745842 0.662496 -0.069418 0.534726 0.058341 1 12 1.000000
  12 7.377621 1.757894 4.579332 0.603121 0.362056 -0.710746 0.531220 0.044038 1 12 1.000000
  12 6.928383 1.913711 4.455272 0.096853 0.592237 -0.799922 0.516249 0.039922 1 12 1.000000
Charple2_sheet
  12 7.738218 1.131244 5.182822 0.978336 -0.205263 -0.026942 0.545619 0.064292 1 12 1.000000
  12 7.377621 1.757894 4.579332 0.603121 0.362056 -0.710746 0.531220 0.044038 1 12 1.000000
  12 7.519316 1.964911 5.038295 0.745842 0.662496 -0.069418 0.534726 0.058341 1 12 1.000000
Charple2_sheet
  12 7.355148 1.155202 6.151233 0.945301 -0.201995 0.256131 0.533370 0.095326 1 12 1.000000
  12 7.738218 1.131244 5.182822 0.978336 -0.205263 -0.026942 0.545619 0.064292 1 12 1.000000
  12 7.519316 1.964911 5.038295 0.745842 0.662496 -0.069418 0.534726 0.058341 1 12 1.000000
Charple2_sheet
  12 6.987717 0.694836 6.027271 0.425368 -0.889345 0.167712 0.523915 0.092216 1 12 1.000000
  12 7.738218 1.131244 5.182822 0.978336 -0.205263 -0.026942 0.545619 0.064292 1 12 1.000000
  12 7.355148 1.155202 6.151233 0.945301 -0.201995 0.256131 0.533370 0.095326 1 12 1.000000
Charple2_sheet
  12 7.355148 1.155202 6.151233 0.945301 -0.201995 0.256131 0.533370 0.095326 1 12 1.000000
  12 7.519316 1.964911 5.038295 0.745842 0.662496 -0.069418 0.534726 0.058341 1 12 1.000000
  12 7.194979 1.765191 6.045484 0.681298 0.696326 0.225751 0.525399 0.090972 1 12 1.000000
Charple2_sheet
  12 7.194979 1.765191 6.045484 0.681298 0.696326 0.225751 0.525399 0.090972 1 12 1.000000
  12 7.519316 1.964911 5.038295 0.745842 0.662496 -0.069418 0.534726 0.058341 1 12 1.000000
  12 6.872985 2.189090 4.859806 -0.064623 0.980599 -0.185067 0.513186 0.052420 1 12 1.000000
Charple2_sheet
  12 7.194979 1.765191 6.045484 0.681298 0.696326 0.225751 0.525399 0.090972 1 12 1.000000
  12 6.872985 2.189090 4.859806 -0.064623 0.980599 -0.185067 0.513186 0.052420 1 12 1.000000
  12 6.722063 1.929221 5.914885 -0.113425 0.988167 0.103246 0.509639 0.086640 1 12 1.000000
Charple2_sheet
  12 6.722063 1.929221 5.914885 -0.113425 0.988167 0.103246 0.509639 0.086640 1 12 1.000000
  12 6.872985 2.189090 4.859806 -0.064623 0.980599 -0.185067 0.513186 0.052420 1 12 1.000000
  12 6.303974 1.870779 4.826778 -0.725078 0.635265 -0.265896 0.496672 0.052033 1 12 1.000000
Charple2_sheet
  12 6.722063 1.929221 5.914885 -0.113425 0.988167 0.103246 0.509639 0.086640 1 12 1.000000
  12 6.303974 1.870779 4.826778 -0.725078 0.635265 -0.265896 0.496672 0.052033 1 12 1.000000
  12 6.305721 1.696315 5.890718 -0.766913 0.641731 -0.005013 0.497555 0.086356 1 12 1.000000
Charple2_sheet
  12 6.305721 1.696315 5.890718 -0.766913 0.641731 -0.005013 0.497555 0.086356 1 12 1.000000
  12 6.303974 1.870779 4.826778 -0.725078 0.635265 -0.265896 0.496672 0.052033 1 12 1.000000
  12 6.101137 1.282832 4.757318 -0.953598 -0.023101 -0.300194 0.493037 0.050836 1 12 1.000000
Charple2_sheet
  12 6.305721 1.696315 5.890718 -0.766913 0.641731 -0.005013 0.497555 0.086356 1 12 1.000000
  12 6.101137 1.282832 4.757318 -0.953598 -0.023101 -0.300194 0.493037 0.050836 1 12 1.000000
  12 6.157306 1.266118 5.839895 -0.998570 -0.023870 -0.047834 0.494896 0.085481 1 12 1.000000
Charple2_sheet
  12 6.157306 1.266118 5.839895 -0.998570 -0.023870 -0.047834 0.494896 0.085481 1 12 1.000000
  12 6.101137 1.282832 4.757318 -0.953598 -0.023101 -0.300194 0.493037 0.050836 1 12 1.000000
  12 6.317487 0.737596 4.825794 -0.706686 -0.655463 -0.266390 0.502480 0.053877 1 12 1.000000
Charple2_sheet
  12 6.157306 1.266118 5.839895 -0.998570 -0.023870 -0.047834 0.494896 0.085481 1 12 1.000000
  12 6.317487 0.737596 4.825794 -0.706686 -0.655463 -0.266390 0.502480 0.053877 1 12 1.000000
  12 6.315608 0.867172 5.889996 -0.758284 -0.651715 -0.016534 0.501805 0.087706 1 12 1.000000
Charple2_sheet
  12 6.315608 0.867172 5.889996 -0.758284 -0.651715 -0.016534 0.501805 0.087706 1 12 1.000000
  12 6.317487 0.737596 4.825794 -0.706686 -0.655463 -0.266390 0.502480 0.053877 1 12 1.000000
  12 6.768703 0.470746 4.922469 -0.191207 -0.961707 -0.196364 0.518041 0.057300 1 12 1.000000
Charple2_sheet
  12 6.315608 0.867172 5.889996 -0.758284 -0.651715 -0.016534 0.501805 0.087706 1 12 1.000000
  12 6.768703 0.470746 4.922469 -0.191207 -0.961707 -0.196364 0.518041 0.057300 1 12 1.000000
  12 6.645760 0.671920 5.960734 -0.242392 -0.968206 0.061831 0.513191 0.090210 1 12 1.000000
Charple2_sheet
  12 6.645760 0.671920 5.960734 -0.242392 -0.968206 0.061831 0.513191 0.090210 1 12 1.000000
  12 6.768703 0.470746 4.922469 -0.191207 -0.961707 -0.196364 0.518041 0.057300 1 12 1.000000
  12 7.236053 0.502065 5.013405 0.480187 -0.871050 -0.103405 0.532698 0.060041 1 12 1.000000
Charple2_sheet
  12 6.645760 0.671920 5.960734 -0.242392 -0.968206 0.061831 0.513191 0.090210 1 12 1.000000
  12 7.236053 0.502065 5.013405 0.480187 -0.871050 -0.103405 0.532698 0.060041 1 12 1.000000
  12 6.987717 0.694836 6.027271 0.425368 -0.889345 0.167712 0.523915 0.092216 1 12 1.000000
Charple2_sheet
  12 6.987717 0.694836 6.027271 0.425368 -0.889345 0.167712 0.523915 0.092216 1 12 1.000000
  12 7.236053 0.502065 5.013405 0.480187 -0.871050 -0.103405 0.532698 0.060041 1 12 1.000000
  12 7.738218 1.131244 5.182822 0.978336 -0.205263 -0.026942 0.545619 0.064292 1 12 1.000000
Charple2_sheet
  12 6.220911 0.706779 11.176794 0.506448 -0.782003 -0.363293 0.516337 0.138027 1 12 1.000000
  12 6.987717 0.694836 6.027271 0.425368 -0.889345 0.167712 0.523915 0.092216 1 12 1.000000
  12 7.355148 1.155202 6.151233 0.945301 -0.201995 0.256131 0.533370 0.095326 1 12 1.000000
Charple2_sheet
  12 5.873033 0.683215 11.159109 -0.145920 -0.900357 -0.409956 0.505429 0.137587 1 12 1.000000
  12 6.987717 0.694836 6.027271 0.425368 -0.889345 0.167712 0.523915 0.092216 1 12 1.000000
  12 6.220911 0.706779 11.176794 0.506448 -0.782003 -0.363293 0.516337 0.138027 1 12 1.000000
Charple2_sheet
  12 5.873033 0.683215 11.159109 -0.145920 -0.900357 -0.409956 0.505429 0.137587 1 12 1.000000
  12 6.645760 0.671920 5.960734 -0.242392 -0.968206 0.061831 0.513191 0.090210 1 12 1.000000
  12 6.987717 0.694836 6.027271 0.425368 -0.889345 0.167712 0.523915 0.092216 1 12 1.000000
Charple2_sheet
  12 5.535987 0.877744 11.132920 -0.652460 -0.621853 -0.433121 0.493828 0.136510 1 12 1.000000
  12 6.645760 0.671920 5.960734 -0.242392 -0.968206 0.061831 0.513191 0.090210 1 12 1.000000
  12 5.873033 0.683215 11.159109 -0.145920 -0.900357 -0.409956 0.505429 0.137587 1 12 1.000000
Charple2_sheet
  12 5.535987 0.877744 11.132920 -0.652460 -0.621853 -0.433121 0.493828 0.136510 1 12 1.000000
  12 6.315608 0.867172 5.889996 -0.758284 -0.651715 -0.016534 0.501805 0.087706 1 12 1.000000
  12 6.645760 0.671920 5.960734 -0.242392 -0.968206 0.061831 0.513191 0.090210 1 12 1.000000
Charple2_sheet
  12 5.371737 1.276119 11.100574 -0.885245 -0.038039 -0.463566 0.486733 0.134856 1 12 1.000000
  12 6.315608 0.867172 5.889996 -0.758284 -0.651715 -0.016534 0.501805 0.087706 1 12 1.000000
  12 5.535987 0.877744 11.132920 -0.652460 -0.621853 -0.433121 0.493828 0.136510 1 12 1.000000
Charple2_sheet
  12 5.371737 1.276119 11.100574 -0.885245 -0.038039 -0.463566 0.486733 0.134856 1 12 1.000000
  12 6.157306 1.266118 5.839895 -0.998570 -0.023870 -0.047834 0.494896 0.085481 1 12 1.000000
  12 6.315608 0.867172 5.889996 -0.758284 -0.651715 -0.016534 0.501805 0.087706 1 12 1.000000
Charple2_sheet
  12 5.525278 1.706838 11.124796 -0.685843 0.557107 -0.468242 0.489552 0.134879 1 12 1.000000
  12 6.157306 1.266118 5.839895 -0.998570 -0.023870 -0.047834 0.494896 0.085481 1 12 1.000000
  12 5.371737 1.276119 11.100574 -0.885245 -0.038039 -0.463566 0.486733 0.134856 1 12 1.000000
Charple2_sheet
  12 5.525278 1.706838 11.124796 -0.685843 0.557107 -0.468242 0.489552 0.134879 1 12 1.000000
  12 6.305721 1.696315 5.890718 -0.766913 0.641731 -0.005013 0.497555 0.086356 1 12 1.000000
  12 6.157306 1.266118 5.839895 -0.998570 -0.023870 -0.047834 0.494896 0.085481 1 12 1.000000
Charple2_sheet
  12 5.940613 1.939813 11.087523 -0.043181 0.874320 -0.483426 0.501603 0.133197 1 12 1.000000
  12 6.305721 1.696315 5.890718 -0.766913 0.641731 -0.005013 0.497555 0.086356 1 12 1.000000
  12 5.525278 1.706838 11.124796 -0.685843 0.557107 -0.468242 0.489552 0.134879 1 12 1.000000
Charple2_sheet
  12 5.940613 1.939813 11.087523 -0.043181 0.874320 -0.483426 0.501603 0.133197 1 12 1.000000
  12 6.722063 1.929221 5.914885 -0.113425 0.988167 0.103246 0.509639 0.086640 1 12 1.000000
  12 6.305721 1.696315 5.890718 -0.766913 0.641731 -0.005013 0.497555 0.086356 1 12 1.000000
Charple2_sheet
  12 6.427362 1.777174 11.152591 0.744267 0.542361 -0.389758 0.517796 0.135427 1 12 1.000000
  12 6.722063 1.929221 5.914885 -0.113425 0.988167 0.103246 0.509639 0.086640 1 12 1.000000
  12 5.940613 1.939813 11.087523 -0.043181 0.874320 -0.483426 0.501603 0.133197 1 12 1.000000
Charple2_sheet
  12 6.427362 1.777174 11.152591 0.744267 0.542361 -0.389758 0.517796 0.135427 1 12 1.000000
  12 7.194979 1.765191 6.045484 0.681298 0.696326 0.225751 0.525399 0.090972 1 12 1.000000
  12 6.722063 1.929221 5.914885 -0.113425 0.988167 0.103246 0.509639 0.086640 1 12 1.000000
Charple2_sheet
  12 6.601518 1.168458 11.242372 0.927428 -0.194285 -0.319578 0.526203 0.139265 1 12 1.000000
  12 7.194979 1.765191 6.045484 0.681298 0.696326 0.225751 0.525399 0.090972 1 12 1.000000
  12 6.427362 1.777174 11.152591 0.744267 0.542361 -0.389758 0.517796 0.135427 1 12 1.000000
Charple2_sheet
  12 6.601518 1.168458 11.242372 0.927428 -0.194285 -0.319578 0.526203 0.139265 1 12 1.000000
  12 7.355148 1.155202 6.151233 0.945301 -0.201995 0.256131 0.533370 0.095326 1 12 1.000000
  12 7.194979 1.765191 6.045484 0.681298 0.696326 0.225751 0.525399 0.090972 1 12 1.000000
Charple2_sheet
  12 6.220911 0.706779 11.176794 0.506448 -0.782003 -0.363293 0.516337 0.138027 1 12 1.000000
  12 7.355148 1.155202 6.151233 0.945301 -0.201995 0.256131 0.533370 0.095326 1 12 1.000000
  12 6.601518 1.168458 11.242372 0.927428 -0.194285 -0.319578 0.526203 0.139265 1 12 1.000000
Charple2_sheet
  7 21.329762 2.783426 57.564468 0.323418 -0.019866 -0.946048 0.741443 0.019155 1 7 1.000000
  7 21.588604 2.582642 58.165974 0.925561 -0.349104 -0.146502 0.735244 0.051014 1 7 1.000000
  7 21.140823 2.268162 57.662258 0.291836 -0.586991 -0.755164 0.712754 0.024235 1 7 1.000000
Charple2_sheet
  7 21.140823 2.268162 57.662258 0.291836 -0.586991 -0.755164 0.712754 0.024235 1 7 1.000000
  7 21.588604 2.582642 58.165974 0.925561 -0.349104 -0.146502 0.735244 0.051014 1 7 1.000000
  7 21.109100 2.018953 58.029865 0.267785 -0.912475 -0.309321 0.699773 0.043532 1 7 1.000000
Charple2_sheet
  7 21.109100 2.018953 58.029865 0.267785 -0.912475 -0.309321 0.699773 0.043532 1 7 1.000000
  7 21.588604 2.582642 58.165974 0.925561 -0.349104 -0.146502 0.735244 0.051014 1 7 1.000000
  7 21.183365 2.008824 58.450302 0.287270 -0.918440 0.271927 0.700377 0.065634 1 7 1.000000
Charple2_sheet
  7 21.183365 2.008824 58.450302 0.287270 -0.918440 0.271927 0.700377 0.065634 1 7 1.000000
  7 21.588604 2.582642 58.165974 0.925561 -0.349104 -0.146502 0.735244 0.051014 1 7 1.000000
  7 21.362427 2.323671 58.731525 0.356431 -0.470501 0.807208 0.718860 0.080456 1 7 1.000000
Charple2_sheet
  7 21.362427 2.323671 58.731525 0.356431 -0.470501 0.807208 0.718860 0.080456 1 7 1.000000
  7 21.588604 2.582642 58.165974 0.925561 -0.349104 -0.146502 0.735244 0.051014 1 7 1.000000
  7 21.543921 2.784027 58.711945 0.516503 0.321261 0.793736 0.744681 0.079481 1 7 1.000000
Charple2_sheet
  7 21.543921 2.784027 58.711945 0.516503 0.321261 0.793736 0.744681 0.079481 1 7 1.000000
  7 21.588604 2.582642 58.165974 0.925561 -0.349104 -0.146502 0.735244 0.051014 1 7 1.000000
  7 21.575182 3.070311 58.262188 0.531348 0.781031 0.328114 0.759517 0.055870 1 7 1.000000
Charple2_sheet
  7 21.575182 3.070311 58.262188 0.531348 0.781031 0.328114 0.759517 0.055870 1 7 1.000000
  7 21.588604 2.582642 58.165974 0.925561 -0.349104 -0.146502 0.735244 0.051014 1 7 1.000000
  7 21.532080 3.188846 57.775364 0.530357 0.680875 -0.505105 0.764820 0.030291 1 7 1.000000
Charple2_sheet
  7 21.532080 3.188846 57.775364 0.530357 0.680875 -0.505105 0.764820 0.030291 1 7 1.000000
  7 21.588604 2.582642 58.165974 0.925561 -0.349104 -0.146502 0.735244 0.051014 1 7 1.000000
  7 21.329762 2.783426 57.564468 0.323418 -0.019866 -0.946048 0.741443 0.019155 1 7 1.000000
Charple2_sheet
  7 21.462811 1.580740 57.423855 0.422803 -0.100838 -0.900594 0.663871 0.012355 1 7 1.000000
  7 21.683081 1.576463 57.935688 0.971065 -0.212007 0.109934 0.666956 0.039408 1 7 1.000000
  7 21.364325 1.166896 57.635632 0.331300 -0.765254 -0.551930 0.641627 0.023472 1 7 1.000000
Charple2_sheet
  7 21.364325 1.166896 57.635632 0.331300 -0.765254 -0.551930 0.641627 0.023472 1 7 1.000000
  7 21.683081 1.576463 57.935688 0.971065 -0.212007 0.109934 0.666956 0.039408 1 7 1.000000
  7 21.308933 1.086224 57.890717 0.280596 -0.955730 0.088575 0.636749 0.036793 1 7 1.000000
Charple2_sheet
  7 21.308933 1.086224 57.890717 0.280596 -0.955730 0.088575 0.636749 0.036793 1 7 1.000000
  7 21.683081 1.576463 57.935688 0.971065 -0.212007 0.109934 0.666956 0.039408 1 7 1.000000
  7 21.302322 1.265216 58.304085 0.281738 -0.695732 0.660742 0.645632 0.058368 1 7 1.000000
Charple2_sheet
  7 21.302322 1.265216 58.304085 0.281738 -0.695732 0.660742 0.645632 0.058368 1 7 1.000000
  7 21.683081 1.576463 57.935688 0.971065 -0.212007 0.109934 0.666956 0.039408 1 7 1.000000
  7 21.365532 1.563327 58.427807 0.324831 -0.090623 0.941420 0.661540 0.064816 1 7 1.000000
Charple2_sheet
  7 21.365532 1.563327 58.427807 0.324831 -0.090623 0.941420 0.661540 0.064816 1 7 1.000000
  7 21.683081 1.576463 57.935688 0.971065 -0.212007 0.109934 0.666956 0.039408 1 7 1.000000
  7 21.453579 1.922161 58.292183 0.408516 0.574901 0.708946 0.680867 0.057693 1 7 1.000000
Charple2_sheet
  7 21.453579 1.922161 58.292183 0.408516 0.574901 0.708946 0.680867 0.057693 1 7 1.000000
  7 21.683081 1.576463 57.935688 0.971065 -0.212007 0.109934 0.666956 0.039408 1 7 1.000000
  7 21.559021 2.063107 57.881233 0.483025 0.874201 0.049589 0.689520 0.036249 1 7 1.000000
Charple2_sheet
  7 21.559021 2.063107 57.881233 0.483025 0.874201 0.049589 0.689520 0.036249 1 7 1.000000
  7 21.683081 1.576463 57.935688 0.971065 -0.212007 0.109934 0.666956 0.039408 1 7 1.000000
  7 21.561943 1.964032 57.629993 0.488748 0.611560 -0.622189 0.684591 0.023131 1 7 1.000000
Charple2_sheet
  7 21.561943 1.964032 57.629993 0.488748 0.611560 -0.622189 0.684591 0.023131 1 7 1.000000
  7 21.683081 1.576463 57.935688 0.971065 -0.212007 0.109934 0.666956 0.039408 1 7 1.000000
  7 21.462811 1.580740 57.423855 0.422803 -0.100838 -0.900594 0.663871 0.012355 1 7 1.000000
end
