// Created by Crowbar 0.74
version 1
nodes
  0 "ValveBiped.Bip01" -1
  1 "ValveBiped.Bip01_Spine" 0
  2 "ValveBiped.Bip01_Spine2" 1
  3 "ValveBiped.Bip01_R_Clavicle" 2
  4 "ValveBiped.Bip01_R_UpperArm" 3
  5 "ValveBiped.Bip01_R_Forearm" 4
  6 "ValveBiped.Bip01_L_Clavicle" 2
  7 "ValveBiped.Bip01_L_UpperArm" 6
  8 "ValveBiped.Bip01_L_Forearm" 7
  9 "ValveBiped.Bip01_Head1" 2
  10 "ValveBiped.Bip01_L_Thigh" 0
  11 "ValveBiped.Bip01_L_Calf" 10
  12 "ValveBiped.Bip01_L_Foot" 11
  13 "ValveBiped.Bip01_R_Thigh" 0
  14 "ValveBiped.Bip01_R_Calf" 13
  15 "ValveBiped.Bip01_R_Foot" 14
end
skeleton
  time 0
    0 -0.000005 -0.533615 38.566917 1.570796 0.000000 0.000000
    1 0.000005 3.345128 -2.981901 1.570796 0.086293 1.570796
    2 7.536097 0.000000 0.000000 0.000000 0.000000 0.071094
    3 10.744785 1.374172 -1.937610 -1.668474 1.286518 3.137049
    4 6.028143 0.000001 0.000000 1.639479 -0.008065 -0.586846
    5 11.692552 0.000000 0.000002 0.000000 0.000000 -0.060372
    6 10.744779 1.374166 1.937660 1.596637 -1.286515 3.137057
    7 6.028142 0.000001 0.000000 -1.579613 0.047802 -0.585173
    8 11.692555 0.000000 0.000000 0.000000 0.000000 -0.060372
    9 15.164795 2.650943 0.000000 3.131353 0.000000 0.187987
    10 3.890452 -0.000004 -0.000003 -1.570796 0.051839 -1.565574
    11 17.848177 0.000000 0.000000 0.000000 0.000000 0.034200
    12 16.525253 0.000000 0.000000 -0.027915 -0.040781 -1.071639
    13 -3.890452 0.000004 0.000007 -1.570796 0.051845 -1.576021
    14 17.848173 0.000000 0.000000 0.000000 0.000000 0.034187
    15 16.525257 0.000000 0.000000 0.038611 0.040779 -1.071632
end
triangles
corpse1
  5 -25.644917 1.394309 34.165920 -0.018170 0.167980 -0.985623 0.985494 0.504629 1 5 1.000000
  5 -25.466808 1.191986 34.128155 -0.018170 0.167980 -0.985623 0.988298 0.505002 1 5 1.000000
  5 -25.643209 1.056985 34.108398 -0.018170 0.167980 -0.985623 0.990179 0.503893 1 5 1.000000
corpse1
  2 -5.418614 -0.875078 60.143421 -0.211108 -0.718457 0.662762 0.168058 0.856802 1 2 1.000000
  3 -6.923852 -0.761641 60.042721 -0.314817 -0.705196 0.635287 0.145199 0.856645 3 3 0.584634 4 0.283817 2 0.131549
  2 -6.778906 -1.616520 58.015255 -0.367047 -0.888078 0.276757 0.147482 0.824743 1 2 1.000000
corpse1
  3 -6.949924 1.510279 61.211887 -0.472481 -0.202175 0.857838 0.144583 0.892414 2 3 0.774286 4 0.225714
  3 -6.923852 -0.761641 60.042721 -0.314817 -0.705196 0.635287 0.145199 0.856645 3 3 0.584634 4 0.283817 2 0.131549
  2 -5.418614 -0.875078 60.143421 -0.211108 -0.718457 0.662762 0.168058 0.856802 1 2 1.000000
corpse1
  2 -3.631359 -3.391706 52.117577 -0.427043 -0.900834 -0.078313 0.183509 0.720940 1 2 1.000000
  1 -3.588144 -3.926318 48.814152 -0.398503 -0.915524 0.054877 0.186990 0.675117 3 1 0.544500 2 0.355302 13 0.100199
  2 0.161686 -4.400622 52.237392 -0.128783 -0.990819 -0.041135 0.253356 0.719949 1 2 1.000000
corpse1
  2 -6.322932 -1.392098 52.045086 -0.867700 -0.491806 -0.072273 0.137373 0.722584 3 2 0.621648 4 0.257047 1 0.121306
  1 -3.588144 -3.926318 48.814152 -0.398503 -0.915524 0.054877 0.186990 0.675117 3 1 0.544500 2 0.355302 13 0.100199
  2 -3.631359 -3.391706 52.117577 -0.427043 -0.900834 -0.078313 0.183509 0.720940 1 2 1.000000
corpse1
  2 -6.322932 -1.392098 52.045086 -0.867700 -0.491806 -0.072273 0.137373 0.722584 3 2 0.621648 4 0.257047 1 0.121306
  2 -3.631359 -3.391706 52.117577 -0.427043 -0.900834 -0.078313 0.183509 0.720940 1 2 1.000000
  2 -5.702763 -2.660411 54.271942 -0.653834 -0.745027 -0.132043 0.157432 0.761118 1 2 1.000000
corpse1
  4 -7.047172 0.225007 54.515102 -0.901336 -0.229808 -0.367127 0.108292 0.760492 3 4 0.850004 2 0.078531 3 0.071465
  2 -6.322932 -1.392098 52.045086 -0.867700 -0.491806 -0.072273 0.137373 0.722584 3 2 0.621648 4 0.257047 1 0.121306
  2 -5.702763 -2.660411 54.271942 -0.653834 -0.745027 -0.132043 0.157432 0.761118 1 2 1.000000
corpse1
  4 -7.069784 -0.713913 54.944572 -0.783245 -0.380046 -0.492029 0.121989 0.777206 3 4 0.819176 3 0.099336 2 0.081488
  4 -7.047172 0.225007 54.515102 -0.901336 -0.229808 -0.367127 0.108292 0.760492 3 4 0.850004 2 0.078531 3 0.071465
  2 -5.702763 -2.660411 54.271942 -0.653834 -0.745027 -0.132043 0.157432 0.761118 1 2 1.000000
corpse1
  2 -5.702763 -2.660411 54.271942 -0.653834 -0.745027 -0.132043 0.157432 0.761118 1 2 1.000000
  2 -7.060981 -1.545736 56.135830 -0.377073 -0.909044 -0.177354 0.130819 0.792052 1 2 1.000000
  4 -7.069784 -0.713913 54.944572 -0.783245 -0.380046 -0.492029 0.121989 0.777206 3 4 0.819176 3 0.099336 2 0.081488
corpse1
  2 -7.060981 -1.545736 56.135830 -0.377073 -0.909044 -0.177354 0.130819 0.792052 1 2 1.000000
  2 -5.702763 -2.660411 54.271942 -0.653834 -0.745027 -0.132043 0.157432 0.761118 1 2 1.000000
  2 -6.778906 -1.616520 58.015255 -0.367047 -0.888078 0.276757 0.147482 0.824743 1 2 1.000000
corpse1
  2 -2.811764 -3.318080 58.049740 -0.337495 -0.856444 0.390641 0.206813 0.808812 1 2 1.000000
  2 -6.778906 -1.616520 58.015255 -0.367047 -0.888078 0.276757 0.147482 0.824743 1 2 1.000000
  2 -5.702763 -2.660411 54.271942 -0.653834 -0.745027 -0.132043 0.157432 0.761118 1 2 1.000000
corpse1
  2 -2.811764 -3.318080 58.049740 -0.337495 -0.856444 0.390641 0.206813 0.808812 1 2 1.000000
  2 -5.418614 -0.875078 60.143421 -0.211108 -0.718457 0.662762 0.168058 0.856802 1 2 1.000000
  2 -6.778906 -1.616520 58.015255 -0.367047 -0.888078 0.276757 0.147482 0.824743 1 2 1.000000
corpse1
  2 -3.312497 -0.151789 61.508057 -0.413754 -0.482533 0.771991 0.199957 0.879857 1 2 1.000000
  2 -5.418614 -0.875078 60.143421 -0.211108 -0.718457 0.662762 0.168058 0.856802 1 2 1.000000
  2 -2.811764 -3.318080 58.049740 -0.337495 -0.856444 0.390641 0.206813 0.808812 1 2 1.000000
corpse1
  3 -6.949924 1.510279 61.211887 -0.472481 -0.202175 0.857838 0.144583 0.892414 2 3 0.774286 4 0.225714
  2 -5.418614 -0.875078 60.143421 -0.211108 -0.718457 0.662762 0.168058 0.856802 1 2 1.000000
  2 -3.312497 -0.151789 61.508057 -0.413754 -0.482533 0.771991 0.199957 0.879857 1 2 1.000000
corpse1
  2 -3.312497 -0.151789 61.508057 -0.413754 -0.482533 0.771991 0.199957 0.879857 1 2 1.000000
  3 -5.673071 1.709756 61.763508 -0.314784 -0.035244 0.948509 0.163945 0.900852 2 3 0.905514 4 0.094486
  3 -6.949924 1.510279 61.211887 -0.472481 -0.202175 0.857838 0.144583 0.892414 2 3 0.774286 4 0.225714
corpse1
  3 -5.673071 1.709756 61.763508 -0.314784 -0.035244 0.948509 0.163945 0.900852 2 3 0.905514 4 0.094486
  2 -3.312497 -0.151789 61.508057 -0.413754 -0.482533 0.771991 0.199957 0.879857 1 2 1.000000
  3 -4.637486 2.178440 62.011681 -0.273165 0.059013 0.960155 0.179618 0.908377 2 3 0.879425 2 0.120575
corpse1
  3 -2.466315 2.141712 62.699429 -0.697487 0.238803 0.675637 0.212578 0.916148 2 3 0.659575 2 0.340425
  3 -4.637486 2.178440 62.011681 -0.273165 0.059013 0.960155 0.179618 0.908377 2 3 0.879425 2 0.120575
  2 -3.312497 -0.151789 61.508057 -0.413754 -0.482533 0.771991 0.199957 0.879857 1 2 1.000000
corpse1
  2 -3.312497 -0.151789 61.508057 -0.413754 -0.482533 0.771991 0.199957 0.879857 1 2 1.000000
  2 -2.882854 -0.130518 61.952667 -0.915589 -0.172485 0.363244 0.206476 0.885259 1 2 1.000000
  3 -2.466315 2.141712 62.699429 -0.697487 0.238803 0.675637 0.212578 0.916148 2 3 0.659575 2 0.340425
corpse1
  2 -2.882854 -0.130518 61.952667 -0.915589 -0.172485 0.363244 0.206476 0.885259 1 2 1.000000
  2 -3.312497 -0.151789 61.508057 -0.413754 -0.482533 0.771991 0.199957 0.879857 1 2 1.000000
  2 -2.319854 -1.568339 61.116482 -0.711821 -0.651220 0.263104 0.215162 0.861538 1 2 1.000000
corpse1
  2 -2.811764 -3.318080 58.049740 -0.337495 -0.856444 0.390641 0.206813 0.808812 1 2 1.000000
  2 -2.319854 -1.568339 61.116482 -0.711821 -0.651220 0.263104 0.215162 0.861538 1 2 1.000000
  2 -3.312497 -0.151789 61.508057 -0.413754 -0.482533 0.771991 0.199957 0.879857 1 2 1.000000
corpse1
  2 -2.811764 -3.318080 58.049740 -0.337495 -0.856444 0.390641 0.206813 0.808812 1 2 1.000000
  2 -0.176938 -2.657840 60.715553 -0.063245 -0.969908 0.235112 0.247795 0.846375 1 2 1.000000
  2 -2.319854 -1.568339 61.116482 -0.711821 -0.651220 0.263104 0.215162 0.861538 1 2 1.000000
corpse1
  2 -6.322932 -1.392098 52.045086 -0.867700 -0.491806 -0.072273 0.137373 0.722584 3 2 0.621648 4 0.257047 1 0.121306
  1 -5.150485 -3.060737 45.871407 -0.698068 -0.708121 -0.106143 0.163439 0.637416 3 1 0.675218 13 0.221561 2 0.103221
  1 -3.588144 -3.926318 48.814152 -0.398503 -0.915524 0.054877 0.186990 0.675117 3 1 0.544500 2 0.355302 13 0.100199
corpse1
  1 -5.150485 -3.060737 45.871407 -0.698068 -0.708121 -0.106143 0.163439 0.637416 3 1 0.675218 13 0.221561 2 0.103221
  1 -2.937987 -3.923857 45.703510 -0.238032 -0.963772 -0.120347 0.201808 0.636147 3 1 0.593486 13 0.297928 2 0.108587
  1 -3.588144 -3.926318 48.814152 -0.398503 -0.915524 0.054877 0.186990 0.675117 3 1 0.544500 2 0.355302 13 0.100199
corpse1
  2 -6.322932 -1.392098 52.045086 -0.867700 -0.491806 -0.072273 0.137373 0.722584 3 2 0.621648 4 0.257047 1 0.121306
  4 -6.444150 3.395142 52.360367 -0.935983 0.273176 -0.222059 0.083111 0.726933 3 4 0.656631 2 0.180921 1 0.162448
  1 -6.081322 -0.870625 46.997128 -0.979239 -0.196314 -0.050504 0.131076 0.652946 2 1 0.819503 13 0.180497
corpse1
  1 -6.081322 -0.870625 46.997128 -0.979239 -0.196314 -0.050504 0.131076 0.652946 2 1 0.819503 13 0.180497
  1 -5.150485 -3.060737 45.871407 -0.698068 -0.708121 -0.106143 0.163439 0.637416 3 1 0.675218 13 0.221561 2 0.103221
  2 -6.322932 -1.392098 52.045086 -0.867700 -0.491806 -0.072273 0.137373 0.722584 3 2 0.621648 4 0.257047 1 0.121306
corpse1
  1 -4.912226 -2.732800 44.218769 -0.617128 -0.786839 -0.006134 0.160632 0.614618 2 1 0.532121 13 0.467879
  1 -5.150485 -3.060737 45.871407 -0.698068 -0.708121 -0.106143 0.163439 0.637416 3 1 0.675218 13 0.221561 2 0.103221
  1 -6.081322 -0.870625 46.997128 -0.979239 -0.196314 -0.050504 0.131076 0.652946 2 1 0.819503 13 0.180497
corpse1
  1 -2.937987 -3.923857 45.703510 -0.238032 -0.963772 -0.120347 0.201808 0.636147 3 1 0.593486 13 0.297928 2 0.108587
  1 -5.150485 -3.060737 45.871407 -0.698068 -0.708121 -0.106143 0.163439 0.637416 3 1 0.675218 13 0.221561 2 0.103221
  1 -4.912226 -2.732800 44.218769 -0.617128 -0.786839 -0.006134 0.160632 0.614618 2 1 0.532121 13 0.467879
corpse1
  1 -2.937987 -3.923857 45.703510 -0.238032 -0.963772 -0.120347 0.201808 0.636147 3 1 0.593486 13 0.297928 2 0.108587
  1 -4.912226 -2.732800 44.218769 -0.617128 -0.786839 -0.006134 0.160632 0.614618 2 1 0.532121 13 0.467879
  1 -2.614367 -3.576557 44.205704 -0.457232 -0.888790 0.031475 0.202931 0.616961 3 1 0.455060 13 0.454804 10 0.090136
corpse1
  1 0.053411 -4.398411 45.039562 0.000638 -0.998289 0.058475 0.251052 0.627642 3 1 0.528872 13 0.292781 10 0.178347
  1 -2.937987 -3.923857 45.703510 -0.238032 -0.963772 -0.120347 0.201808 0.636147 3 1 0.593486 13 0.297928 2 0.108587
  1 -2.614367 -3.576557 44.205704 -0.457232 -0.888790 0.031475 0.202931 0.616961 3 1 0.455060 13 0.454804 10 0.090136
corpse1
  1 -4.912226 -2.732800 44.218769 -0.617128 -0.786839 -0.006134 0.160632 0.614618 2 1 0.532121 13 0.467879
  1 -6.081322 -0.870625 46.997128 -0.979239 -0.196314 -0.050504 0.131076 0.652946 2 1 0.819503 13 0.180497
  13 -6.337677 -0.633132 43.528202 -0.962220 -0.232589 0.141542 0.127916 0.605091 2 13 0.506315 1 0.493685
corpse1
  13 -6.337677 -0.633132 43.528202 -0.962220 -0.232589 0.141542 0.127916 0.605091 2 13 0.506315 1 0.493685
  1 -6.081322 -0.870625 46.997128 -0.979239 -0.196314 -0.050504 0.131076 0.652946 2 1 0.819503 13 0.180497
  1 -5.971712 1.679835 45.601219 -0.963164 0.268642 0.012122 0.098523 0.633689 2 1 0.859915 13 0.140086
corpse1
  4 -6.444150 3.395142 52.360367 -0.935983 0.273176 -0.222059 0.083111 0.726933 3 4 0.656631 2 0.180921 1 0.162448
  1 -5.971712 1.679835 45.601219 -0.963164 0.268642 0.012122 0.098523 0.633689 2 1 0.859915 13 0.140086
  1 -6.081322 -0.870625 46.997128 -0.979239 -0.196314 -0.050504 0.131076 0.652946 2 1 0.819503 13 0.180497
corpse1
  4 -6.444150 3.395142 52.360367 -0.935983 0.273176 -0.222059 0.083111 0.726933 3 4 0.656631 2 0.180921 1 0.162448
  1 -5.079314 3.901492 47.745022 -0.649652 0.752341 -0.109249 0.069671 0.663263 3 1 0.817625 2 0.101586 4 0.080789
  1 -5.971712 1.679835 45.601219 -0.963164 0.268642 0.012122 0.098523 0.633689 2 1 0.859915 13 0.140086
corpse1
  1 -5.130301 3.833696 42.441780 -0.741129 0.665588 0.087862 0.070705 0.590104 2 1 0.644866 13 0.355134
  1 -5.971712 1.679835 45.601219 -0.963164 0.268642 0.012122 0.098523 0.633689 2 1 0.859915 13 0.140086
  1 -5.079314 3.901492 47.745022 -0.649652 0.752341 -0.109249 0.069671 0.663263 3 1 0.817625 2 0.101586 4 0.080789
corpse1
  1 -3.008617 5.045563 46.674114 -0.231161 0.972896 0.006177 0.041080 0.648490 3 1 0.875039 2 0.069842 13 0.055119
  1 -5.130301 3.833696 42.441780 -0.741129 0.665588 0.087862 0.070705 0.590104 2 1 0.644866 13 0.355134
  1 -5.079314 3.901492 47.745022 -0.649652 0.752341 -0.109249 0.069671 0.663263 3 1 0.817625 2 0.101586 4 0.080789
corpse1
  1 -3.008617 5.045563 46.674114 -0.231161 0.972896 0.006177 0.041080 0.648490 3 1 0.875039 2 0.069842 13 0.055119
  1 -3.355386 5.093669 42.407089 -0.422781 0.900896 0.098193 0.044564 0.589625 2 1 0.764028 13 0.235972
  1 -5.130301 3.833696 42.441780 -0.741129 0.665588 0.087862 0.070705 0.590104 2 1 0.644866 13 0.355134
corpse1
  13 -6.337677 -0.633132 43.528202 -0.962220 -0.232589 0.141542 0.127916 0.605091 2 13 0.506315 1 0.493685
  1 -5.971712 1.679835 45.601219 -0.963164 0.268642 0.012122 0.098523 0.633689 2 1 0.859915 13 0.140086
  1 -6.339148 1.947767 42.250336 -0.961005 0.246336 0.125646 0.097025 0.587463 2 1 0.524955 13 0.475045
corpse1
  1 -5.971712 1.679835 45.601219 -0.963164 0.268642 0.012122 0.098523 0.633689 2 1 0.859915 13 0.140086
  1 -5.130301 3.833696 42.441780 -0.741129 0.665588 0.087862 0.070705 0.590104 2 1 0.644866 13 0.355134
  1 -6.339148 1.947767 42.250336 -0.961005 0.246336 0.125646 0.097025 0.587463 2 1 0.524955 13 0.475045
corpse1
  1 -2.962550 5.313685 48.722248 -0.226459 0.966262 -0.122693 0.039023 0.676744 2 1 0.828665 2 0.171335
  1 -3.008617 5.045563 46.674114 -0.231161 0.972896 0.006177 0.041080 0.648490 3 1 0.875039 2 0.069842 13 0.055119
  1 -5.079314 3.901492 47.745022 -0.649652 0.752341 -0.109249 0.069671 0.663263 3 1 0.817625 2 0.101586 4 0.080789
corpse1
  13 -5.754278 4.039761 38.481564 -0.763167 0.627848 0.152915 0.073262 0.535472 2 13 0.621607 1 0.378393
  13 -7.064085 1.307776 37.980534 -0.936036 0.325301 0.134225 0.106352 0.528560 2 13 0.758911 1 0.241089
  1 -5.130301 3.833696 42.441780 -0.741129 0.665588 0.087862 0.070705 0.590104 2 1 0.644866 13 0.355134
corpse1
  13 -5.754278 4.039761 38.481564 -0.763167 0.627848 0.152915 0.073262 0.535472 2 13 0.621607 1 0.378393
  1 -5.130301 3.833696 42.441780 -0.741129 0.665588 0.087862 0.070705 0.590104 2 1 0.644866 13 0.355134
  1 -3.274460 5.771637 38.602520 -0.345462 0.931239 0.115975 0.039795 0.537140 2 1 0.666165 13 0.333835
corpse1
  1 -5.130301 3.833696 42.441780 -0.741129 0.665588 0.087862 0.070705 0.590104 2 1 0.644866 13 0.355134
  1 -3.355386 5.093669 42.407089 -0.422781 0.900896 0.098193 0.044564 0.589625 2 1 0.764028 13 0.235972
  1 -3.274460 5.771637 38.602520 -0.345462 0.931239 0.115975 0.039795 0.537140 2 1 0.666165 13 0.333835
corpse1
  1 -0.114780 6.022523 41.806004 -0.034169 0.988048 0.150312 0.002956 0.581333 3 1 0.844446 13 0.097307 10 0.058247
  1 -3.274460 5.771637 38.602520 -0.345462 0.931239 0.115975 0.039795 0.537140 2 1 0.666165 13 0.333835
  1 -3.355386 5.093669 42.407089 -0.422781 0.900896 0.098193 0.044564 0.589625 2 1 0.764028 13 0.235972
corpse1
  1 -3.008617 5.045563 46.674114 -0.231161 0.972896 0.006177 0.041080 0.648490 3 1 0.875039 2 0.069842 13 0.055119
  1 -0.114780 6.022523 41.806004 -0.034169 0.988048 0.150312 0.002956 0.581333 3 1 0.844446 13 0.097307 10 0.058247
  1 -3.355386 5.093669 42.407089 -0.422781 0.900896 0.098193 0.044564 0.589625 2 1 0.764028 13 0.235972
corpse1
  1 -3.008617 5.045563 46.674114 -0.231161 0.972896 0.006177 0.041080 0.648490 3 1 0.875039 2 0.069842 13 0.055119
  1 0.026363 4.988263 45.105858 0.018645 0.996517 0.081272 0.001175 0.626855 1 1 1.000000
  1 -0.114780 6.022523 41.806004 -0.034169 0.988048 0.150312 0.002956 0.581333 3 1 0.844446 13 0.097307 10 0.058247
corpse1
  1 -0.009242 5.267025 46.665146 0.003234 0.999098 -0.042338 0.001664 0.648366 2 1 0.892243 2 0.107757
  1 0.026363 4.988263 45.105858 0.018645 0.996517 0.081272 0.001175 0.626855 1 1 1.000000
  1 -3.008617 5.045563 46.674114 -0.231161 0.972896 0.006177 0.041080 0.648490 3 1 0.875039 2 0.069842 13 0.055119
corpse1
  1 0.034753 5.095230 48.740398 0.017431 0.997959 -0.061438 0.001064 0.676995 2 1 0.764495 2 0.235505
  1 -0.009242 5.267025 46.665146 0.003234 0.999098 -0.042338 0.001664 0.648366 2 1 0.892243 2 0.107757
  1 -3.008617 5.045563 46.674114 -0.231161 0.972896 0.006177 0.041080 0.648490 3 1 0.875039 2 0.069842 13 0.055119
corpse1
  1 0.034753 5.095230 48.740398 0.017431 0.997959 -0.061438 0.001064 0.676995 2 1 0.764495 2 0.235505
  1 -3.008617 5.045563 46.674114 -0.231161 0.972896 0.006177 0.041080 0.648490 3 1 0.875039 2 0.069842 13 0.055119
  1 -2.962550 5.313685 48.722248 -0.226459 0.966262 -0.122693 0.039023 0.676744 2 1 0.828665 2 0.171335
corpse1
  1 0.034753 5.095230 48.740398 0.017431 0.997959 -0.061438 0.001064 0.676995 2 1 0.764495 2 0.235505
  1 -2.962550 5.313685 48.722248 -0.226459 0.966262 -0.122693 0.039023 0.676744 2 1 0.828665 2 0.171335
  1 -3.341012 5.454060 50.478214 -0.165005 0.977714 -0.129798 0.042198 0.700968 3 1 0.564503 2 0.328359 4 0.107138
corpse1
  1 -2.962550 5.313685 48.722248 -0.226459 0.966262 -0.122693 0.039023 0.676744 2 1 0.828665 2 0.171335
  1 -5.079314 3.901492 47.745022 -0.649652 0.752341 -0.109249 0.069671 0.663263 3 1 0.817625 2 0.101586 4 0.080789
  1 -3.341012 5.454060 50.478214 -0.165005 0.977714 -0.129798 0.042198 0.700968 3 1 0.564503 2 0.328359 4 0.107138
corpse1
  1 -5.079314 3.901492 47.745022 -0.649652 0.752341 -0.109249 0.069671 0.663263 3 1 0.817625 2 0.101586 4 0.080789
  2 -3.983589 5.383961 52.004887 -0.421089 0.888789 -0.180936 0.048673 0.722029 3 2 0.424129 4 0.304845 1 0.271026
  1 -3.341012 5.454060 50.478214 -0.165005 0.977714 -0.129798 0.042198 0.700968 3 1 0.564503 2 0.328359 4 0.107138
corpse1
  4 -6.444150 3.395142 52.360367 -0.935983 0.273176 -0.222059 0.083111 0.726933 3 4 0.656631 2 0.180921 1 0.162448
  2 -3.983589 5.383961 52.004887 -0.421089 0.888789 -0.180936 0.048673 0.722029 3 2 0.424129 4 0.304845 1 0.271026
  1 -5.079314 3.901492 47.745022 -0.649652 0.752341 -0.109249 0.069671 0.663263 3 1 0.817625 2 0.101586 4 0.080789
corpse1
  4 -6.808968 3.928705 54.986904 -0.401462 0.763679 -0.505591 0.080474 0.763166 3 4 0.655038 2 0.188620 3 0.156342
  2 -3.983589 5.383961 52.004887 -0.421089 0.888789 -0.180936 0.048673 0.722029 3 2 0.424129 4 0.304845 1 0.271026
  4 -6.444150 3.395142 52.360367 -0.935983 0.273176 -0.222059 0.083111 0.726933 3 4 0.656631 2 0.180921 1 0.162448
corpse1
  4 -6.444150 3.395142 52.360367 -0.935983 0.273176 -0.222059 0.083111 0.726933 3 4 0.656631 2 0.180921 1 0.162448
  4 -6.925602 3.139395 54.196991 -0.949786 0.224775 -0.217677 0.087844 0.752269 3 4 0.889979 3 0.056795 2 0.053226
  4 -6.808968 3.928705 54.986904 -0.401462 0.763679 -0.505591 0.080474 0.763166 3 4 0.655038 2 0.188620 3 0.156342
corpse1
  4 -6.925602 3.139395 54.196991 -0.949786 0.224775 -0.217677 0.087844 0.752269 3 4 0.889979 3 0.056795 2 0.053226
  4 -6.444150 3.395142 52.360367 -0.935983 0.273176 -0.222059 0.083111 0.726933 3 4 0.656631 2 0.180921 1 0.162448
  4 -7.101677 1.557726 54.149220 -0.928652 -0.027811 -0.369909 0.103853 0.751610 2 4 0.943017 1 0.056983
corpse1
  4 -7.101677 1.557726 54.149220 -0.928652 -0.027811 -0.369909 0.103853 0.751610 2 4 0.943017 1 0.056983
  4 -6.444150 3.395142 52.360367 -0.935983 0.273176 -0.222059 0.083111 0.726933 3 4 0.656631 2 0.180921 1 0.162448
  4 -7.047172 0.225007 54.515102 -0.901336 -0.229808 -0.367127 0.108292 0.760492 3 4 0.850004 2 0.078531 3 0.071465
corpse1
  4 -6.444150 3.395142 52.360367 -0.935983 0.273176 -0.222059 0.083111 0.726933 3 4 0.656631 2 0.180921 1 0.162448
  2 -6.322932 -1.392098 52.045086 -0.867700 -0.491806 -0.072273 0.137373 0.722584 3 2 0.621648 4 0.257047 1 0.121306
  4 -7.047172 0.225007 54.515102 -0.901336 -0.229808 -0.367127 0.108292 0.760492 3 4 0.850004 2 0.078531 3 0.071465
corpse1
  1 -0.114780 6.022523 41.806004 -0.034169 0.988048 0.150312 0.002956 0.581333 3 1 0.844446 13 0.097307 10 0.058247
  1 0.075557 6.147750 40.517960 -0.006427 0.996574 0.082452 0.000654 0.563564 3 1 0.808846 13 0.126772 10 0.064382
  1 -3.274460 5.771637 38.602520 -0.345462 0.931239 0.115975 0.039795 0.537140 2 1 0.666165 13 0.333835
corpse1
  1 0.128448 6.270715 38.732124 -0.011507 0.997595 0.068349 0.000049 0.538928 3 1 0.781101 13 0.155526 10 0.063374
  1 -3.274460 5.771637 38.602520 -0.345462 0.931239 0.115975 0.039795 0.537140 2 1 0.666165 13 0.333835
  1 0.075557 6.147750 40.517960 -0.006427 0.996574 0.082452 0.000654 0.563564 3 1 0.808846 13 0.126772 10 0.064382
corpse1
  2 -3.173903 6.077130 54.132988 -0.098949 0.981849 -0.161808 0.037290 0.751387 3 2 0.679386 4 0.191021 3 0.129593
  2 -3.983589 5.383961 52.004887 -0.421089 0.888789 -0.180936 0.048673 0.722029 3 2 0.424129 4 0.304845 1 0.271026
  2 -4.851880 5.958344 56.045616 -0.280446 0.955347 -0.093071 0.052724 0.777772 3 2 0.415093 4 0.319194 3 0.265713
corpse1
  2 -4.851880 5.958344 56.045616 -0.280446 0.955347 -0.093071 0.052724 0.777772 3 2 0.415093 4 0.319194 3 0.265713
  2 -3.983589 5.383961 52.004887 -0.421089 0.888789 -0.180936 0.048673 0.722029 3 2 0.424129 4 0.304845 1 0.271026
  4 -6.808968 3.928705 54.986904 -0.401462 0.763679 -0.505591 0.080474 0.763166 3 4 0.655038 2 0.188620 3 0.156342
corpse1
  2 -4.851880 5.958344 56.045616 -0.280446 0.955347 -0.093071 0.052724 0.777772 3 2 0.415093 4 0.319194 3 0.265713
  4 -6.808968 3.928705 54.986904 -0.401462 0.763679 -0.505591 0.080474 0.763166 3 4 0.655038 2 0.188620 3 0.156342
  4 -6.989916 4.808480 56.058723 -0.098932 0.942915 -0.317998 0.074678 0.777952 3 4 0.553000 3 0.287897 2 0.159103
corpse1
  2 -4.851880 5.958344 56.045616 -0.280446 0.955347 -0.093071 0.052724 0.777772 3 2 0.415093 4 0.319194 3 0.265713
  4 -6.989916 4.808480 56.058723 -0.098932 0.942915 -0.317998 0.074678 0.777952 3 4 0.553000 3 0.287897 2 0.159103
  3 -5.423385 5.114165 59.086464 -0.253189 0.901354 0.351364 0.064495 0.822456 3 3 0.506889 2 0.247371 4 0.245740
corpse1
  3 -7.104878 4.799798 57.886700 -0.242126 0.919933 0.308379 0.075360 0.803170 3 3 0.478270 4 0.455143 2 0.066587
  3 -5.423385 5.114165 59.086464 -0.253189 0.901354 0.351364 0.064495 0.822456 3 3 0.506889 2 0.247371 4 0.245740
  4 -6.989916 4.808480 56.058723 -0.098932 0.942915 -0.317998 0.074678 0.777952 3 4 0.553000 3 0.287897 2 0.159103
corpse1
  3 -6.934400 3.215896 60.667271 -0.399075 0.515517 0.758275 0.086146 0.856726 3 3 0.636609 4 0.241844 2 0.121547
  3 -5.423385 5.114165 59.086464 -0.253189 0.901354 0.351364 0.064495 0.822456 3 3 0.506889 2 0.247371 4 0.245740
  3 -7.104878 4.799798 57.886700 -0.242126 0.919933 0.308379 0.075360 0.803170 3 3 0.478270 4 0.455143 2 0.066587
corpse1
  3 -3.727022 4.287779 60.903545 -0.217131 0.764006 0.607576 0.047114 0.848671 2 3 0.609546 2 0.390454
  3 -5.423385 5.114165 59.086464 -0.253189 0.901354 0.351364 0.064495 0.822456 3 3 0.506889 2 0.247371 4 0.245740
  3 -6.934400 3.215896 60.667271 -0.399075 0.515517 0.758275 0.086146 0.856726 3 3 0.636609 4 0.241844 2 0.121547
corpse1
  3 -5.673071 1.709756 61.763508 -0.314784 -0.035244 0.948509 0.070685 0.882007 2 3 0.905514 4 0.094486
  3 -6.934400 3.215896 60.667271 -0.399075 0.515517 0.758275 0.086146 0.856726 3 3 0.636609 4 0.241844 2 0.121547
  3 -6.949924 1.510279 61.211887 -0.472481 -0.202175 0.857838 0.083514 0.883085 2 3 0.774286 4 0.225714
corpse1
  3 -4.637486 2.178440 62.011681 -0.273165 0.059013 0.960155 0.058694 0.882391 2 3 0.879425 2 0.120575
  3 -6.934400 3.215896 60.667271 -0.399075 0.515517 0.758275 0.086146 0.856726 3 3 0.636609 4 0.241844 2 0.121547
  3 -5.673071 1.709756 61.763508 -0.314784 -0.035244 0.948509 0.070685 0.882007 2 3 0.905514 4 0.094486
corpse1
  3 -6.934400 3.215896 60.667271 -0.399075 0.515517 0.758275 0.086146 0.856726 3 3 0.636609 4 0.241844 2 0.121547
  3 -4.637486 2.178440 62.011681 -0.273165 0.059013 0.960155 0.058694 0.882391 2 3 0.879425 2 0.120575
  3 -2.466315 2.141712 62.699429 -0.697487 0.238803 0.675637 0.031623 0.883927 2 3 0.659575 2 0.340425
corpse1
  3 -6.934400 3.215896 60.667271 -0.399075 0.515517 0.758275 0.086146 0.856726 3 3 0.636609 4 0.241844 2 0.121547
  3 -2.466315 2.141712 62.699429 -0.697487 0.238803 0.675637 0.031623 0.883927 2 3 0.659575 2 0.340425
  2 -1.689815 3.091022 62.930302 -0.358179 0.747349 0.559623 0.022213 0.875846 2 2 0.558788 3 0.441212
corpse1
  3 -3.727022 4.287779 60.903545 -0.217131 0.764006 0.607576 0.047114 0.848671 2 3 0.609546 2 0.390454
  3 -6.934400 3.215896 60.667271 -0.399075 0.515517 0.758275 0.086146 0.856726 3 3 0.636609 4 0.241844 2 0.121547
  2 -1.689815 3.091022 62.930302 -0.358179 0.747349 0.559623 0.022213 0.875846 2 2 0.558788 3 0.441212
corpse1
  2 -1.689815 3.091022 62.930302 -0.358179 0.747349 0.559623 0.022213 0.875846 2 2 0.558788 3 0.441212
  2 -0.007209 4.665955 61.332355 -0.040874 0.843232 0.535993 0.001795 0.848275 3 2 0.591295 6 0.205543 3 0.203162
  3 -3.727022 4.287779 60.903545 -0.217131 0.764006 0.607576 0.047114 0.848671 2 3 0.609546 2 0.390454
corpse1
  3 -5.423385 5.114165 59.086464 -0.253189 0.901354 0.351364 0.064495 0.822456 3 3 0.506889 2 0.247371 4 0.245740
  3 -3.727022 4.287779 60.903545 -0.217131 0.764006 0.607576 0.047114 0.848671 2 3 0.609546 2 0.390454
  2 -0.007209 4.665955 61.332355 -0.040874 0.843232 0.535993 0.001795 0.848275 3 2 0.591295 6 0.205543 3 0.203162
corpse1
  3 -5.423385 5.114165 59.086464 -0.253189 0.901354 0.351364 0.064495 0.822456 3 3 0.506889 2 0.247371 4 0.245740
  2 -0.007209 4.665955 61.332355 -0.040874 0.843232 0.535993 0.001795 0.848275 3 2 0.591295 6 0.205543 3 0.203162
  2 -0.047571 5.905190 59.020931 0.040174 0.908537 0.415868 0.002194 0.818982 3 2 0.525556 6 0.266881 3 0.207563
corpse1
  3 -5.423385 5.114165 59.086464 -0.253189 0.901354 0.351364 0.064495 0.822456 3 3 0.506889 2 0.247371 4 0.245740
  2 -0.047571 5.905190 59.020931 0.040174 0.908537 0.415868 0.002194 0.818982 3 2 0.525556 6 0.266881 3 0.207563
  2 -0.053353 6.269550 57.765526 0.000909 0.981859 0.189608 0.002184 0.801498 3 2 0.624710 3 0.198454 6 0.176836
corpse1
  2 -4.851880 5.958344 56.045616 -0.280446 0.955347 -0.093071 0.052724 0.777772 3 2 0.415093 4 0.319194 3 0.265713
  3 -5.423385 5.114165 59.086464 -0.253189 0.901354 0.351364 0.064495 0.822456 3 3 0.506889 2 0.247371 4 0.245740
  2 -0.053353 6.269550 57.765526 0.000909 0.981859 0.189608 0.002184 0.801498 3 2 0.624710 3 0.198454 6 0.176836
corpse1
  2 -4.851880 5.958344 56.045616 -0.280446 0.955347 -0.093071 0.052724 0.777772 3 2 0.415093 4 0.319194 3 0.265713
  2 -0.053353 6.269550 57.765526 0.000909 0.981859 0.189608 0.002184 0.801498 3 2 0.624710 3 0.198454 6 0.176836
  2 -0.048756 6.327467 56.303722 0.010979 0.999393 -0.033047 0.002123 0.781332 3 2 0.786337 3 0.117495 6 0.096168
corpse1
  2 -4.851880 5.958344 56.045616 -0.280446 0.955347 -0.093071 0.052724 0.777772 3 2 0.415093 4 0.319194 3 0.265713
  2 -0.048756 6.327467 56.303722 0.010979 0.999393 -0.033047 0.002123 0.781332 3 2 0.786337 3 0.117495 6 0.096168
  2 -0.022907 6.208663 54.973328 -0.005118 0.998012 -0.062817 0.001829 0.762979 3 2 0.812227 3 0.101079 4 0.086695
corpse1
  2 -4.851880 5.958344 56.045616 -0.280446 0.955347 -0.093071 0.052724 0.777772 3 2 0.415093 4 0.319194 3 0.265713
  2 -0.022907 6.208663 54.973328 -0.005118 0.998012 -0.062817 0.001829 0.762979 3 2 0.812227 3 0.101079 4 0.086695
  2 -3.173903 6.077130 54.132988 -0.098949 0.981849 -0.161808 0.037290 0.751387 3 2 0.679386 4 0.191021 3 0.129593
corpse1
  2 -3.173903 6.077130 54.132988 -0.098949 0.981849 -0.161808 0.037290 0.751387 3 2 0.679386 4 0.191021 3 0.129593
  2 -0.022907 6.208663 54.973328 -0.005118 0.998012 -0.062817 0.001829 0.762979 3 2 0.812227 3 0.101079 4 0.086695
  2 -0.089031 6.095210 53.510548 0.030909 0.982624 -0.183015 0.002631 0.742800 3 2 0.831478 1 0.092164 4 0.076358
corpse1
  2 -0.019205 5.699980 52.057213 -0.005479 0.980443 -0.196726 0.001804 0.722751 3 2 0.622646 1 0.273941 4 0.103413
  2 -3.173903 6.077130 54.132988 -0.098949 0.981849 -0.161808 0.037290 0.751387 3 2 0.679386 4 0.191021 3 0.129593
  2 -0.089031 6.095210 53.510548 0.030909 0.982624 -0.183015 0.002631 0.742800 3 2 0.831478 1 0.092164 4 0.076358
corpse1
  2 -0.019205 5.699980 52.057213 -0.005479 0.980443 -0.196726 0.001804 0.722751 3 2 0.622646 1 0.273941 4 0.103413
  2 -3.983589 5.383961 52.004887 -0.421089 0.888789 -0.180936 0.048673 0.722029 3 2 0.424129 4 0.304845 1 0.271026
  2 -3.173903 6.077130 54.132988 -0.098949 0.981849 -0.161808 0.037290 0.751387 3 2 0.679386 4 0.191021 3 0.129593
corpse1
  1 -3.341012 5.454060 50.478214 -0.165005 0.977714 -0.129798 0.042198 0.700968 3 1 0.564503 2 0.328359 4 0.107138
  2 -3.983589 5.383961 52.004887 -0.421089 0.888789 -0.180936 0.048673 0.722029 3 2 0.424129 4 0.304845 1 0.271026
  2 -0.019205 5.699980 52.057213 -0.005479 0.980443 -0.196726 0.001804 0.722751 3 2 0.622646 1 0.273941 4 0.103413
corpse1
  1 -3.341012 5.454060 50.478214 -0.165005 0.977714 -0.129798 0.042198 0.700968 3 1 0.564503 2 0.328359 4 0.107138
  2 -0.019205 5.699980 52.057213 -0.005479 0.980443 -0.196726 0.001804 0.722751 3 2 0.622646 1 0.273941 4 0.103413
  1 -0.018362 5.372092 50.354786 0.012114 0.987706 -0.155853 0.001813 0.699265 2 1 0.524927 2 0.475073
corpse1
  1 0.034753 5.095230 48.740398 0.017431 0.997959 -0.061438 0.001064 0.676995 2 1 0.764495 2 0.235505
  1 -3.341012 5.454060 50.478214 -0.165005 0.977714 -0.129798 0.042198 0.700968 3 1 0.564503 2 0.328359 4 0.107138
  1 -0.018362 5.372092 50.354786 0.012114 0.987706 -0.155853 0.001813 0.699265 2 1 0.524927 2 0.475073
corpse1
  2 -1.689815 3.091022 62.930302 -0.358179 0.747349 0.559623 0.022213 0.875846 2 2 0.558788 3 0.441212
  2 0.071882 3.553895 62.963840 0.080290 0.804852 0.588019 0.000767 0.878910 3 2 0.586410 6 0.283685 3 0.129905
  2 -0.007209 4.665955 61.332355 -0.040874 0.843232 0.535993 0.001795 0.848275 3 2 0.591295 6 0.205543 3 0.203162
corpse1
  3 -8.910395 -0.006007 59.108940 -0.632681 -0.525318 0.568996 0.643344 0.957321 2 3 0.512440 4 0.487560
  3 -6.923852 -0.761641 60.042721 -0.314817 -0.705196 0.635287 0.653404 0.988114 3 3 0.584634 4 0.283817 2 0.131549
  3 -6.949924 1.510279 61.211887 -0.472481 -0.202175 0.857838 0.624946 0.997790 2 3 0.774286 4 0.225714
corpse1
  2 -6.778906 -1.616520 58.015255 -0.367047 -0.888078 0.276757 0.673968 0.970656 1 2 1.000000
  3 -6.923852 -0.761641 60.042721 -0.314817 -0.705196 0.635287 0.653404 0.988114 3 3 0.584634 4 0.283817 2 0.131549
  3 -8.910395 -0.006007 59.108940 -0.632681 -0.525318 0.568996 0.643344 0.957321 2 3 0.512440 4 0.487560
corpse1
  4 -7.101677 1.557726 54.149220 0.242906 -0.124639 -0.962009 0.734344 0.928188 2 4 0.943017 1 0.056983
  4 -7.047172 0.225007 54.515102 0.477314 -0.204740 -0.854548 0.712518 0.933052 3 4 0.850004 2 0.078531 3 0.071465
  4 -7.432946 1.572271 54.063690 0.399540 -0.121214 -0.908667 0.734180 0.923791 1 4 1.000000
corpse1
  4 -9.402359 1.924688 52.725853 0.604980 0.016375 -0.796072 0.739532 0.889524 1 4 1.000000
  4 -7.432946 1.572271 54.063690 0.399540 -0.121214 -0.908667 0.734180 0.923791 1 4 1.000000
  4 -7.047172 0.225007 54.515102 0.477314 -0.204740 -0.854548 0.712518 0.933052 3 4 0.850004 2 0.078531 3 0.071465
corpse1
  4 -9.402359 1.924688 52.725853 0.604980 0.016375 -0.796072 0.739532 0.889524 1 4 1.000000
  4 -7.047172 0.225007 54.515102 0.477314 -0.204740 -0.854548 0.712518 0.933052 3 4 0.850004 2 0.078531 3 0.071465
  4 -10.562963 0.314167 52.049831 0.576390 -0.456018 -0.678102 0.705661 0.871445 1 4 1.000000
corpse1
  4 -10.562963 0.314167 52.049831 0.576390 -0.456018 -0.678102 0.705661 0.871445 1 4 1.000000
  4 -7.047172 0.225007 54.515102 0.477314 -0.204740 -0.854548 0.712518 0.933052 3 4 0.850004 2 0.078531 3 0.071465
  4 -7.069784 -0.713913 54.944572 0.351354 -0.667884 -0.656110 0.700465 0.937473 3 4 0.819176 3 0.099336 2 0.081488
corpse1
  4 -7.069784 -0.713913 54.944572 0.351354 -0.667884 -0.656110 0.700465 0.937473 3 4 0.819176 3 0.099336 2 0.081488
  4 -11.424796 -0.592019 52.895920 0.036616 -0.966700 -0.253280 0.682207 0.870823 1 4 1.000000
  4 -10.562963 0.314167 52.049831 0.576390 -0.456018 -0.678102 0.705661 0.871445 1 4 1.000000
corpse1
  4 -11.424796 -0.592019 52.895920 0.036616 -0.966700 -0.253280 0.682207 0.870823 1 4 1.000000
  4 -7.069784 -0.713913 54.944572 0.351354 -0.667884 -0.656110 0.700465 0.937473 3 4 0.819176 3 0.099336 2 0.081488
  2 -7.060981 -1.545736 56.135830 -0.377073 -0.909044 -0.177354 0.687322 0.949500 1 2 1.000000
corpse1
  4 -11.424796 -0.592019 52.895920 0.036616 -0.966700 -0.253280 0.682207 0.870823 1 4 1.000000
  2 -7.060981 -1.545736 56.135830 -0.377073 -0.909044 -0.177354 0.687322 0.949500 1 2 1.000000
  4 -9.312634 -0.949847 57.250637 -0.503398 -0.815761 0.284824 0.659966 0.935652 2 4 0.693177 3 0.306823
corpse1
  4 -9.312634 -0.949847 57.250637 -0.503398 -0.815761 0.284824 0.659966 0.935652 2 4 0.693177 3 0.306823
  2 -7.060981 -1.545736 56.135830 -0.377073 -0.909044 -0.177354 0.687322 0.949500 1 2 1.000000
  2 -6.778906 -1.616520 58.015255 -0.367047 -0.888078 0.276757 0.673968 0.970656 1 2 1.000000
corpse1
  2 -6.778906 -1.616520 58.015255 -0.367047 -0.888078 0.276757 0.673968 0.970656 1 2 1.000000
  3 -8.910395 -0.006007 59.108940 -0.632681 -0.525318 0.568996 0.643344 0.957321 2 3 0.512440 4 0.487560
  4 -9.312634 -0.949847 57.250637 -0.503398 -0.815761 0.284824 0.659966 0.935652 2 4 0.693177 3 0.306823
corpse1
  4 -9.615664 1.606786 58.652470 -0.751651 -0.170577 0.637122 0.625563 0.944422 2 4 0.567022 3 0.432978
  4 -9.312634 -0.949847 57.250637 -0.503398 -0.815761 0.284824 0.659966 0.935652 2 4 0.693177 3 0.306823
  3 -8.910395 -0.006007 59.108940 -0.632681 -0.525318 0.568996 0.643344 0.957321 2 3 0.512440 4 0.487560
corpse1
  4 -9.615664 1.606786 58.652470 -0.751651 -0.170577 0.637122 0.625563 0.944422 2 4 0.567022 3 0.432978
  3 -8.910395 -0.006007 59.108940 -0.632681 -0.525318 0.568996 0.643344 0.957321 2 3 0.512440 4 0.487560
  3 -6.949924 1.510279 61.211887 -0.472481 -0.202175 0.857838 0.624946 0.997790 2 3 0.774286 4 0.225714
corpse1
  3 -6.949924 1.510279 61.211887 -0.472481 -0.202175 0.857838 0.624946 0.997790 2 3 0.774286 4 0.225714
  3 -8.502267 2.778787 59.838997 -0.574564 0.372668 0.728693 0.612055 0.967153 2 3 0.558891 4 0.441110
  4 -9.615664 1.606786 58.652470 -0.751651 -0.170577 0.637122 0.625563 0.944422 2 4 0.567022 3 0.432978
corpse1
  3 -6.934400 3.215896 60.667271 -0.399075 0.515517 0.758275 0.605070 0.991748 3 3 0.636609 4 0.241844 2 0.121547
  3 -8.502267 2.778787 59.838997 -0.574564 0.372668 0.728693 0.612055 0.967153 2 3 0.558891 4 0.441110
  3 -6.949924 1.510279 61.211887 -0.472481 -0.202175 0.857838 0.624946 0.997790 2 3 0.774286 4 0.225714
corpse1
  3 -7.104878 4.799798 57.886700 -0.242126 0.919933 0.308379 0.577159 0.962265 3 3 0.478270 4 0.455143 2 0.066587
  3 -8.502267 2.778787 59.838997 -0.574564 0.372668 0.728693 0.612055 0.967153 2 3 0.558891 4 0.441110
  3 -6.934400 3.215896 60.667271 -0.399075 0.515517 0.758275 0.605070 0.991748 3 3 0.636609 4 0.241844 2 0.121547
corpse1
  3 -7.104878 4.799798 57.886700 -0.242126 0.919933 0.308379 0.577159 0.962265 3 3 0.478270 4 0.455143 2 0.066587
  4 -9.068608 3.935130 58.654263 -0.418199 0.708791 0.568089 0.599387 0.949004 2 4 0.591887 3 0.408113
  3 -8.502267 2.778787 59.838997 -0.574564 0.372668 0.728693 0.612055 0.967153 2 3 0.558891 4 0.441110
corpse1
  3 -8.502267 2.778787 59.838997 -0.574564 0.372668 0.728693 0.612055 0.967153 2 3 0.558891 4 0.441110
  4 -9.068608 3.935130 58.654263 -0.418199 0.708791 0.568089 0.599387 0.949004 2 4 0.591887 3 0.408113
  4 -11.276133 3.337088 56.534016 -0.719288 0.361256 0.593396 0.605045 0.905188 2 4 0.811565 3 0.188435
corpse1
  4 -9.466019 4.503950 57.027184 -0.331452 0.898882 0.286620 0.588249 0.928751 2 4 0.734540 3 0.265460
  4 -11.276133 3.337088 56.534016 -0.719288 0.361256 0.593396 0.605045 0.905188 2 4 0.811565 3 0.188435
  4 -9.068608 3.935130 58.654263 -0.418199 0.708791 0.568089 0.599387 0.949004 2 4 0.591887 3 0.408113
corpse1
  4 -9.466019 4.503950 57.027184 -0.331452 0.898882 0.286620 0.588249 0.928751 2 4 0.734540 3 0.265460
  4 -13.484728 4.499880 52.551289 -0.418292 0.853275 0.311375 0.582472 0.842443 2 4 0.893979 5 0.106021
  4 -11.276133 3.337088 56.534016 -0.719288 0.361256 0.593396 0.605045 0.905188 2 4 0.811565 3 0.188435
corpse1
  3 -8.502267 2.778787 59.838997 -0.574564 0.372668 0.728693 0.612055 0.967153 2 3 0.558891 4 0.441110
  4 -11.276133 3.337088 56.534016 -0.719288 0.361256 0.593396 0.605045 0.905188 2 4 0.811565 3 0.188435
  4 -9.615664 1.606786 58.652470 -0.751651 -0.170577 0.637122 0.625563 0.944422 2 4 0.567022 3 0.432978
corpse1
  5 -16.853153 4.289996 45.964252 -0.128519 0.991696 0.004637 0.562013 0.742942 2 5 0.708437 4 0.291563
  4 -15.562376 4.311594 50.151962 -0.405046 0.852068 0.331537 0.578616 0.797107 2 4 0.669070 5 0.330930
  4 -14.845827 4.720875 48.699085 0.171810 0.971397 -0.163916 0.556842 0.790610 2 4 0.587156 5 0.412844
corpse1
  4 -15.562376 4.311594 50.151962 -0.405046 0.852068 0.331537 0.578616 0.797107 2 4 0.669070 5 0.330930
  4 -12.765738 4.444953 50.991562 0.270953 0.937304 -0.219194 0.560370 0.835209 2 4 0.829235 5 0.170765
  4 -14.845827 4.720875 48.699085 0.171810 0.971397 -0.163916 0.556842 0.790610 2 4 0.587156 5 0.412844
corpse1
  4 -12.765738 4.444953 50.991562 0.270953 0.937304 -0.219194 0.560370 0.835209 2 4 0.829235 5 0.170765
  4 -15.562376 4.311594 50.151962 -0.405046 0.852068 0.331537 0.578616 0.797107 2 4 0.669070 5 0.330930
  4 -13.484728 4.499880 52.551289 -0.418292 0.853275 0.311375 0.582472 0.842443 2 4 0.893979 5 0.106021
corpse1
  4 -13.484728 4.499880 52.551289 -0.418292 0.853275 0.311375 0.582472 0.842443 2 4 0.893979 5 0.106021
  4 -15.562376 4.311594 50.151962 -0.405046 0.852068 0.331537 0.578616 0.797107 2 4 0.669070 5 0.330930
  4 -15.822063 1.628614 51.285816 -0.775579 -0.020446 0.630919 0.633555 0.806744 2 4 0.759893 5 0.240107
corpse1
  4 -11.276133 3.337088 56.534016 -0.719288 0.361256 0.593396 0.605045 0.905188 2 4 0.811565 3 0.188435
  4 -13.484728 4.499880 52.551289 -0.418292 0.853275 0.311375 0.582472 0.842443 2 4 0.893979 5 0.106021
  4 -15.822063 1.628614 51.285816 -0.775579 -0.020446 0.630919 0.633555 0.806744 2 4 0.759893 5 0.240107
corpse1
  4 -11.276133 3.337088 56.534016 -0.719288 0.361256 0.593396 0.605045 0.905188 2 4 0.811565 3 0.188435
  4 -15.822063 1.628614 51.285816 -0.775579 -0.020446 0.630919 0.633555 0.806744 2 4 0.759893 5 0.240107
  4 -12.229933 1.558401 55.830860 -0.751124 -0.148470 0.643249 0.628297 0.889169 2 4 0.925808 3 0.074192
corpse1
  4 -11.276133 3.337088 56.534016 -0.719288 0.361256 0.593396 0.605045 0.905188 2 4 0.811565 3 0.188435
  4 -12.229933 1.558401 55.830860 -0.751124 -0.148470 0.643249 0.628297 0.889169 2 4 0.925808 3 0.074192
  4 -9.615664 1.606786 58.652470 -0.751651 -0.170577 0.637122 0.625563 0.944422 2 4 0.567022 3 0.432978
corpse1
  4 -12.229933 1.558401 55.830860 -0.751124 -0.148470 0.643249 0.628297 0.889169 2 4 0.925808 3 0.074192
  4 -12.794669 -0.099785 53.948238 -0.578247 -0.706544 0.407952 0.656603 0.865922 1 4 1.000000
  4 -9.615664 1.606786 58.652470 -0.751651 -0.170577 0.637122 0.625563 0.944422 2 4 0.567022 3 0.432978
corpse1
  4 -12.794669 -0.099785 53.948238 -0.578247 -0.706544 0.407952 0.656603 0.865922 1 4 1.000000
  4 -9.312634 -0.949847 57.250637 -0.503398 -0.815761 0.284824 0.659966 0.935652 2 4 0.693177 3 0.306823
  4 -9.615664 1.606786 58.652470 -0.751651 -0.170577 0.637122 0.625563 0.944422 2 4 0.567022 3 0.432978
corpse1
  4 -11.424796 -0.592019 52.895920 0.036616 -0.966700 -0.253280 0.682207 0.870823 1 4 1.000000
  4 -9.312634 -0.949847 57.250637 -0.503398 -0.815761 0.284824 0.659966 0.935652 2 4 0.693177 3 0.306823
  4 -12.794669 -0.099785 53.948238 -0.578247 -0.706544 0.407952 0.656603 0.865922 1 4 1.000000
corpse1
  4 -12.229933 1.558401 55.830860 -0.751124 -0.148470 0.643249 0.628297 0.889169 2 4 0.925808 3 0.074192
  4 -15.822063 1.628614 51.285816 -0.775579 -0.020446 0.630919 0.633555 0.806744 2 4 0.759893 5 0.240107
  4 -12.794669 -0.099785 53.948238 -0.578247 -0.706544 0.407952 0.656603 0.865922 1 4 1.000000
corpse1
  4 -14.845827 4.720875 48.699085 0.171810 0.971397 -0.163916 0.556842 0.790610 2 4 0.587156 5 0.412844
  4 -12.765738 4.444953 50.991562 0.270953 0.937304 -0.219194 0.560370 0.835209 2 4 0.829235 5 0.170765
  4 -13.416079 3.339128 48.106361 0.672769 0.422542 -0.607322 0.530964 0.801082 2 4 0.668352 5 0.331648
corpse1
  5 -16.853153 4.289996 45.964252 0.617132 0.490890 -0.614960 0.562013 0.742942 2 5 0.708437 4 0.291563
  4 -14.845827 4.720875 48.699085 0.171810 0.971397 -0.163916 0.556842 0.790610 2 4 0.587156 5 0.412844
  4 -13.416079 3.339128 48.106361 0.672769 0.422542 -0.607322 0.530964 0.801082 2 4 0.668352 5 0.331648
corpse1
  4 -13.484728 4.499880 52.551289 -0.418292 0.853275 0.311375 0.582472 0.842443 2 4 0.893979 5 0.106021
  4 -9.466019 4.503950 57.027184 -0.331452 0.898882 0.286620 0.588249 0.928751 2 4 0.734540 3 0.265460
  4 -9.584270 4.614830 54.340298 0.149295 0.958652 -0.242276 0.565988 0.901568 2 4 0.824318 3 0.175682
corpse1
  4 -12.765738 4.444953 50.991562 0.270953 0.937304 -0.219194 0.560370 0.835209 2 4 0.829235 5 0.170765
  4 -13.484728 4.499880 52.551289 -0.418292 0.853275 0.311375 0.582472 0.842443 2 4 0.893979 5 0.106021
  4 -9.584270 4.614830 54.340298 0.149295 0.958652 -0.242276 0.565988 0.901568 2 4 0.824318 3 0.175682
corpse1
  4 -11.700286 3.224402 50.390705 0.690651 0.357016 -0.628920 0.535363 0.841589 2 4 0.864570 5 0.135430
  4 -12.765738 4.444953 50.991562 0.270953 0.937304 -0.219194 0.560370 0.835209 2 4 0.829235 5 0.170765
  4 -9.584270 4.614830 54.340298 0.149295 0.958652 -0.242276 0.565988 0.901568 2 4 0.824318 3 0.175682
corpse1
  4 -11.700286 3.224402 50.390705 0.690651 0.357016 -0.628920 0.535363 0.841589 2 4 0.864570 5 0.135430
  4 -13.416079 3.339128 48.106361 0.672769 0.422542 -0.607322 0.530964 0.801082 2 4 0.668352 5 0.331648
  4 -12.765738 4.444953 50.991562 0.270953 0.937304 -0.219194 0.560370 0.835209 2 4 0.829235 5 0.170765
corpse1
  4 -11.700286 3.224402 50.390705 0.690651 0.357016 -0.628920 0.535363 0.841589 2 4 0.864570 5 0.135430
  4 -13.108232 1.552195 48.653004 0.718194 -0.294418 -0.630488 0.505227 0.810670 2 4 0.714656 5 0.285344
  4 -13.416079 3.339128 48.106361 0.672769 0.422542 -0.607322 0.530964 0.801082 2 4 0.668352 5 0.331648
corpse1
  4 -13.108232 1.552195 48.653004 0.718194 -0.294418 -0.630488 0.505227 0.810670 2 4 0.714656 5 0.285344
  5 -15.463381 1.579666 45.707058 0.653624 -0.264948 -0.708927 0.521968 0.756966 2 5 0.631364 4 0.368636
  4 -13.416079 3.339128 48.106361 0.672769 0.422542 -0.607322 0.530964 0.801082 2 4 0.668352 5 0.331648
corpse1
  4 -13.416079 3.339128 48.106361 0.672769 0.422542 -0.607322 0.530964 0.801082 2 4 0.668352 5 0.331648
  5 -15.463381 1.579666 45.707058 0.653624 -0.264948 -0.708927 0.521968 0.756966 2 5 0.631364 4 0.368636
  5 -17.321875 2.146894 44.341042 0.667560 -0.007413 -0.744519 0.544430 0.723500 2 5 0.813279 4 0.186721
corpse1
  5 -16.853153 4.289996 45.964252 0.617132 0.490890 -0.614960 0.562013 0.742942 2 5 0.708437 4 0.291563
  4 -13.416079 3.339128 48.106361 0.672769 0.422542 -0.607322 0.530964 0.801082 2 4 0.668352 5 0.331648
  5 -17.321875 2.146894 44.341042 0.667560 -0.007413 -0.744519 0.544430 0.723500 2 5 0.813279 4 0.186721
corpse1
  5 -19.713974 3.932346 42.259819 0.577548 0.573113 -0.581361 0.567230 0.676718 1 5 1.000000
  5 -16.853153 4.289996 45.964252 0.617132 0.490890 -0.614960 0.562013 0.742942 2 5 0.708437 4 0.291563
  5 -17.321875 2.146894 44.341042 0.667560 -0.007413 -0.744519 0.544430 0.723500 2 5 0.813279 4 0.186721
corpse1
  5 -19.713974 3.932346 42.259819 0.577548 0.573113 -0.581361 0.567230 0.676718 1 5 1.000000
  5 -17.321875 2.146894 44.341042 0.667560 -0.007413 -0.744519 0.544430 0.723500 2 5 0.813279 4 0.186721
  5 -19.868288 1.838773 41.947868 0.731091 -0.162453 -0.662657 0.551652 0.673246 1 5 1.000000
corpse1
  5 -21.791519 1.937113 39.435177 0.738903 -0.010263 -0.673734 0.552275 0.628319 1 5 1.000000
  5 -19.713974 3.932346 42.259819 0.577548 0.573113 -0.581361 0.567230 0.676718 1 5 1.000000
  5 -19.868288 1.838773 41.947868 0.731091 -0.162453 -0.662657 0.551652 0.673246 1 5 1.000000
corpse1
  5 -21.791519 1.937113 39.435177 0.738903 -0.010263 -0.673734 0.552275 0.628319 1 5 1.000000
  5 -22.738379 3.838793 39.815788 0.318784 0.869325 -0.377692 0.566400 0.620708 1 5 1.000000
  5 -19.713974 3.932346 42.259819 0.577548 0.573113 -0.581361 0.567230 0.676718 1 5 1.000000
corpse1
  5 -19.568085 4.190863 45.060291 -0.315381 0.916828 0.244869 0.582185 0.705081 2 5 0.906051 4 0.093949
  5 -19.713974 3.932346 42.259819 0.577548 0.573113 -0.581361 0.567230 0.676718 1 5 1.000000
  5 -22.738379 3.838793 39.815788 0.318784 0.869325 -0.377692 0.566400 0.620708 1 5 1.000000
corpse1
  5 -19.568085 4.190863 45.060291 -0.315381 0.916828 0.244869 0.582185 0.705081 2 5 0.906051 4 0.093949
  5 -22.738379 3.838793 39.815788 0.318784 0.869325 -0.377692 0.566400 0.620708 1 5 1.000000
  5 -23.493820 4.277217 40.812782 0.257449 0.941192 -0.218811 0.585400 0.621919 1 5 1.000000
corpse1
  4 -11.700286 3.224402 50.390705 0.690651 0.357016 -0.628920 0.535363 0.841589 2 4 0.864570 5 0.135430
  4 -9.584270 4.614830 54.340298 0.149295 0.958652 -0.242276 0.565988 0.901568 2 4 0.824318 3 0.175682
  4 -7.650218 3.802424 54.524494 0.376025 0.622142 -0.686691 0.548069 0.924618 2 4 0.859533 3 0.140467
corpse1
  3 -7.104878 4.799798 57.886700 -0.242126 0.919933 0.308379 0.577159 0.962265 3 3 0.478270 4 0.455143 2 0.066587
  4 -9.466019 4.503950 57.027184 -0.331452 0.898882 0.286620 0.588249 0.928751 2 4 0.734540 3 0.265460
  4 -9.068608 3.935130 58.654263 -0.418199 0.708791 0.568089 0.599387 0.949004 2 4 0.591887 3 0.408113
corpse1
  4 -9.584270 4.614830 54.340298 0.149295 0.958652 -0.242276 0.565988 0.901568 2 4 0.824318 3 0.175682
  4 -9.466019 4.503950 57.027184 -0.331452 0.898882 0.286620 0.588249 0.928751 2 4 0.734540 3 0.265460
  3 -7.104878 4.799798 57.886700 -0.242126 0.919933 0.308379 0.577159 0.962265 3 3 0.478270 4 0.455143 2 0.066587
corpse1
  4 -9.584270 4.614830 54.340298 0.149295 0.958652 -0.242276 0.565988 0.901568 2 4 0.824318 3 0.175682
  3 -7.104878 4.799798 57.886700 -0.242126 0.919933 0.308379 0.577159 0.962265 3 3 0.478270 4 0.455143 2 0.066587
  4 -6.989916 4.808480 56.058723 -0.098932 0.942915 -0.317998 0.561312 0.945912 3 4 0.553000 3 0.287897 2 0.159103
corpse1
  4 -9.584270 4.614830 54.340298 0.149295 0.958652 -0.242276 0.565988 0.901568 2 4 0.824318 3 0.175682
  4 -6.989916 4.808480 56.058723 -0.098932 0.942915 -0.317998 0.561312 0.945912 3 4 0.553000 3 0.287897 2 0.159103
  4 -7.650218 3.802424 54.524494 0.376025 0.622142 -0.686691 0.548069 0.924618 2 4 0.859533 3 0.140467
corpse1
  4 -6.808968 3.928705 54.986904 -0.401462 0.763679 -0.505591 0.546924 0.938049 3 4 0.655038 2 0.188620 3 0.156342
  4 -7.650218 3.802424 54.524494 0.376025 0.622142 -0.686691 0.548069 0.924618 2 4 0.859533 3 0.140467
  4 -6.989916 4.808480 56.058723 -0.098932 0.942915 -0.317998 0.561312 0.945912 3 4 0.553000 3 0.287897 2 0.159103
corpse1
  4 -6.925602 3.139395 54.196991 0.340962 0.307879 -0.888232 0.534298 0.929644 3 4 0.889979 3 0.056795 2 0.053226
  4 -7.650218 3.802424 54.524494 0.376025 0.622142 -0.686691 0.548069 0.924618 2 4 0.859533 3 0.140467
  4 -6.808968 3.928705 54.986904 -0.401462 0.763679 -0.505591 0.546924 0.938049 3 4 0.655038 2 0.188620 3 0.156342
corpse1
  4 -7.650218 3.802424 54.524494 0.376025 0.622142 -0.686691 0.548069 0.924618 2 4 0.859533 3 0.140467
  4 -6.925602 3.139395 54.196991 0.340962 0.307879 -0.888232 0.534298 0.929644 3 4 0.889979 3 0.056795 2 0.053226
  4 -9.402359 1.924688 52.725853 0.604980 0.016375 -0.796072 0.515630 0.889524 1 4 1.000000
corpse1
  4 -7.650218 3.802424 54.524494 0.376025 0.622142 -0.686691 0.548069 0.924618 2 4 0.859533 3 0.140467
  4 -9.402359 1.924688 52.725853 0.604980 0.016375 -0.796072 0.515630 0.889524 1 4 1.000000
  4 -11.700286 3.224402 50.390705 0.690651 0.357016 -0.628920 0.535363 0.841589 2 4 0.864570 5 0.135430
corpse1
  4 -11.394083 1.650821 50.550095 0.740590 -0.095627 -0.665118 0.507791 0.847313 2 4 0.945036 5 0.054964
  4 -11.700286 3.224402 50.390705 0.690651 0.357016 -0.628920 0.535363 0.841589 2 4 0.864570 5 0.135430
  4 -9.402359 1.924688 52.725853 0.604980 0.016375 -0.796072 0.515630 0.889524 1 4 1.000000
corpse1
  4 -11.394083 1.650821 50.550095 0.740590 -0.095627 -0.665118 0.507791 0.847313 2 4 0.945036 5 0.054964
  4 -13.108232 1.552195 48.653004 0.718194 -0.294418 -0.630488 0.505227 0.810670 2 4 0.714656 5 0.285344
  4 -11.700286 3.224402 50.390705 0.690651 0.357016 -0.628920 0.535363 0.841589 2 4 0.864570 5 0.135430
corpse1
  4 -7.101677 1.557726 54.149220 0.242906 -0.124639 -0.962009 0.510442 0.928188 2 4 0.943017 1 0.056983
  4 -7.432946 1.572271 54.063690 0.399540 -0.121214 -0.908667 0.510277 0.923791 1 4 1.000000
  4 -6.925602 3.139395 54.196991 0.340962 0.307879 -0.888232 0.534298 0.929644 3 4 0.889979 3 0.056795 2 0.053226
corpse1
  4 -9.402359 1.924688 52.725853 0.604980 0.016375 -0.796072 0.515630 0.889524 1 4 1.000000
  4 -6.925602 3.139395 54.196991 0.340962 0.307879 -0.888232 0.534298 0.929644 3 4 0.889979 3 0.056795 2 0.053226
  4 -7.432946 1.572271 54.063690 0.399540 -0.121214 -0.908667 0.510277 0.923791 1 4 1.000000
corpse1
  5 -19.568085 4.190863 45.060291 -0.315381 0.916828 0.244869 0.582185 0.705081 2 5 0.906051 4 0.093949
  5 -16.853153 4.289996 45.964252 -0.128519 0.991696 0.004637 0.562013 0.742942 2 5 0.708437 4 0.291563
  5 -19.713974 3.932346 42.259819 0.577548 0.573113 -0.581361 0.567230 0.676718 1 5 1.000000
corpse1
  5 -16.853153 4.289996 45.964252 -0.128519 0.991696 0.004637 0.562013 0.742942 2 5 0.708437 4 0.291563
  5 -19.568085 4.190863 45.060291 -0.315381 0.916828 0.244869 0.582185 0.705081 2 5 0.906051 4 0.093949
  4 -15.562376 4.311594 50.151962 -0.405046 0.852068 0.331537 0.578616 0.797107 2 4 0.669070 5 0.330930
corpse1
  5 -19.568085 4.190863 45.060291 -0.315381 0.916828 0.244869 0.582185 0.705081 2 5 0.906051 4 0.093949
  5 -19.634104 2.435436 47.406208 -0.758797 0.066211 0.647953 0.618816 0.727935 2 5 0.728850 4 0.271150
  4 -15.562376 4.311594 50.151962 -0.405046 0.852068 0.331537 0.578616 0.797107 2 4 0.669070 5 0.330930
corpse1
  4 -15.822063 1.628614 51.285816 -0.775579 -0.020446 0.630919 0.633555 0.806744 2 4 0.759893 5 0.240107
  4 -15.562376 4.311594 50.151962 -0.405046 0.852068 0.331537 0.578616 0.797107 2 4 0.669070 5 0.330930
  5 -19.634104 2.435436 47.406208 -0.758797 0.066211 0.647953 0.618816 0.727935 2 5 0.728850 4 0.271150
corpse1
  5 -19.634104 2.435436 47.406208 -0.758797 0.066211 0.647953 0.618816 0.727935 2 5 0.728850 4 0.271150
  4 -15.267042 0.465889 50.951378 -0.584598 -0.668797 0.459300 0.660240 0.810161 2 4 0.819341 5 0.180659
  4 -15.822063 1.628614 51.285816 -0.775579 -0.020446 0.630919 0.633555 0.806744 2 4 0.759893 5 0.240107
corpse1
  4 -15.822063 1.628614 51.285816 -0.775579 -0.020446 0.630919 0.633555 0.806744 2 4 0.759893 5 0.240107
  4 -15.267042 0.465889 50.951378 -0.584598 -0.668797 0.459300 0.660240 0.810161 2 4 0.819341 5 0.180659
  4 -12.794669 -0.099785 53.948238 -0.578247 -0.706544 0.407952 0.656603 0.865922 1 4 1.000000
corpse1
  4 -12.794669 -0.099785 53.948238 -0.578247 -0.706544 0.407952 0.656603 0.865922 1 4 1.000000
  4 -15.267042 0.465889 50.951378 -0.584598 -0.668797 0.459300 0.660240 0.810161 2 4 0.819341 5 0.180659
  4 -14.443554 -0.124420 49.969158 -0.147764 -0.988919 0.014311 0.685183 0.809911 2 4 0.830082 5 0.169918
corpse1
  4 -12.794669 -0.099785 53.948238 -0.578247 -0.706544 0.407952 0.656603 0.865922 1 4 1.000000
  4 -14.443554 -0.124420 49.969158 -0.147764 -0.988919 0.014311 0.685183 0.809911 2 4 0.830082 5 0.169918
  4 -11.424796 -0.592019 52.895920 0.036616 -0.966700 -0.253280 0.682207 0.870823 1 4 1.000000
corpse1
  4 -11.424796 -0.592019 52.895920 0.036616 -0.966700 -0.253280 0.682207 0.870823 1 4 1.000000
  4 -14.443554 -0.124420 49.969158 -0.147764 -0.988919 0.014311 0.685183 0.809911 2 4 0.830082 5 0.169918
  4 -14.042227 0.276669 48.747139 0.352072 -0.840867 -0.411081 0.705160 0.802248 2 4 0.743394 5 0.256606
corpse1
  4 -11.424796 -0.592019 52.895920 0.036616 -0.966700 -0.253280 0.682207 0.870823 1 4 1.000000
  4 -14.042227 0.276669 48.747139 0.352072 -0.840867 -0.411081 0.705160 0.802248 2 4 0.743394 5 0.256606
  4 -10.562963 0.314167 52.049831 0.576390 -0.456018 -0.678102 0.705661 0.871445 1 4 1.000000
corpse1
  4 -10.562963 0.314167 52.049831 0.576390 -0.456018 -0.678102 0.705661 0.871445 1 4 1.000000
  4 -14.042227 0.276669 48.747139 0.352072 -0.840867 -0.411081 0.705160 0.802248 2 4 0.743394 5 0.256606
  4 -13.108232 1.552195 48.653004 0.718194 -0.294418 -0.630488 0.729129 0.810670 2 4 0.714656 5 0.285344
corpse1
  4 -10.562963 0.314167 52.049831 0.576390 -0.456018 -0.678102 0.705661 0.871445 1 4 1.000000
  4 -13.108232 1.552195 48.653004 0.718194 -0.294418 -0.630488 0.729129 0.810670 2 4 0.714656 5 0.285344
  4 -11.394083 1.650821 50.550095 0.740590 -0.095627 -0.665118 0.731693 0.847313 2 4 0.945036 5 0.054964
corpse1
  4 -9.402359 1.924688 52.725853 0.604980 0.016375 -0.796072 0.739532 0.889524 1 4 1.000000
  4 -10.562963 0.314167 52.049831 0.576390 -0.456018 -0.678102 0.705661 0.871445 1 4 1.000000
  4 -11.394083 1.650821 50.550095 0.740590 -0.095627 -0.665118 0.731693 0.847313 2 4 0.945036 5 0.054964
corpse1
  5 -19.568085 4.190863 45.060291 -0.315381 0.916828 0.244869 0.582185 0.705081 2 5 0.906051 4 0.093949
  5 -23.493820 4.277217 40.812782 -0.575753 0.609909 0.544536 0.585400 0.621919 1 5 1.000000
  5 -23.986143 3.348683 41.332241 -0.665058 0.451581 0.594788 0.616499 0.621605 1 5 1.000000
corpse1
  5 -19.568085 4.190863 45.060291 -0.315381 0.916828 0.244869 0.582185 0.705081 2 5 0.906051 4 0.093949
  5 -23.986143 3.348683 41.332241 -0.665058 0.451581 0.594788 0.616499 0.621605 1 5 1.000000
  5 -22.571955 2.259095 43.602566 -0.766878 -0.112302 0.631891 0.628778 0.659645 1 5 1.000000
corpse1
  5 -22.571955 2.259095 43.602566 -0.766878 -0.112302 0.631891 0.628778 0.659645 1 5 1.000000
  5 -19.634104 2.435436 47.406208 -0.758797 0.066211 0.647953 0.618816 0.727935 2 5 0.728850 4 0.271150
  5 -19.568085 4.190863 45.060291 -0.315381 0.916828 0.244869 0.582185 0.705081 2 5 0.906051 4 0.093949
corpse1
  5 -18.677069 0.104151 46.953918 -0.359566 -0.895271 0.263062 0.661504 0.735210 2 5 0.684547 4 0.315453
  5 -19.634104 2.435436 47.406208 -0.758797 0.066211 0.647953 0.618816 0.727935 2 5 0.728850 4 0.271150
  5 -22.571955 2.259095 43.602566 -0.766878 -0.112302 0.631891 0.628778 0.659645 1 5 1.000000
corpse1
  5 -19.634104 2.435436 47.406208 -0.758797 0.066211 0.647953 0.618816 0.727935 2 5 0.728850 4 0.271150
  5 -18.677069 0.104151 46.953918 -0.359566 -0.895271 0.263062 0.661504 0.735210 2 5 0.684547 4 0.315453
  4 -15.267042 0.465889 50.951378 -0.584598 -0.668797 0.459300 0.660240 0.810161 2 4 0.819341 5 0.180659
corpse1
  4 -15.267042 0.465889 50.951378 -0.584598 -0.668797 0.459300 0.660240 0.810161 2 4 0.819341 5 0.180659
  5 -18.677069 0.104151 46.953918 -0.359566 -0.895271 0.263062 0.661504 0.735210 2 5 0.684547 4 0.315453
  4 -14.443554 -0.124420 49.969158 -0.147764 -0.988919 0.014311 0.685183 0.809911 2 4 0.830082 5 0.169918
corpse1
  5 -18.677069 0.104151 46.953918 -0.359566 -0.895271 0.263062 0.661504 0.735210 2 5 0.684547 4 0.315453
  4 -14.042227 0.276669 48.747139 0.352072 -0.840867 -0.411081 0.705160 0.802248 2 4 0.743394 5 0.256606
  4 -14.443554 -0.124420 49.969158 -0.147764 -0.988919 0.014311 0.685183 0.809911 2 4 0.830082 5 0.169918
corpse1
  5 -18.677069 0.104151 46.953918 -0.359566 -0.895271 0.263062 0.661504 0.735210 2 5 0.684547 4 0.315453
  5 -17.102819 0.315376 45.622177 0.407682 -0.795328 -0.448608 0.685534 0.739223 2 5 0.707722 4 0.292278
  4 -14.042227 0.276669 48.747139 0.352072 -0.840867 -0.411081 0.705160 0.802248 2 4 0.743394 5 0.256606
corpse1
  5 -17.102819 0.315376 45.622177 0.407682 -0.795328 -0.448608 0.685534 0.739223 2 5 0.707722 4 0.292278
  4 -13.108232 1.552195 48.653004 0.718194 -0.294418 -0.630488 0.729129 0.810670 2 4 0.714656 5 0.285344
  4 -14.042227 0.276669 48.747139 0.352072 -0.840867 -0.411081 0.705160 0.802248 2 4 0.743394 5 0.256606
corpse1
  5 -17.102819 0.315376 45.622177 0.407682 -0.795328 -0.448608 0.685534 0.739223 2 5 0.707722 4 0.292278
  5 -15.463381 1.579666 45.707058 0.653624 -0.264948 -0.708927 0.709887 0.756966 2 5 0.631364 4 0.368636
  4 -13.108232 1.552195 48.653004 0.718194 -0.294418 -0.630488 0.729129 0.810670 2 4 0.714656 5 0.285344
corpse1
  5 -17.321875 2.146894 44.341042 0.667560 -0.007413 -0.744519 0.699676 0.723500 2 5 0.813279 4 0.186721
  5 -15.463381 1.579666 45.707058 0.653624 -0.264948 -0.708927 0.709887 0.756966 2 5 0.631364 4 0.368636
  5 -17.102819 0.315376 45.622177 0.407682 -0.795328 -0.448608 0.685534 0.739223 2 5 0.707722 4 0.292278
corpse1
  5 -22.348221 0.556461 39.956738 0.602887 -0.562261 -0.566030 0.678766 0.628129 1 5 1.000000
  5 -17.321875 2.146894 44.341042 0.667560 -0.007413 -0.744519 0.699676 0.723500 2 5 0.813279 4 0.186721
  5 -17.102819 0.315376 45.622177 0.407682 -0.795328 -0.448608 0.685534 0.739223 2 5 0.707722 4 0.292278
corpse1
  5 -22.348221 0.556461 39.956738 0.602887 -0.562261 -0.566030 0.678766 0.628129 1 5 1.000000
  5 -19.868288 1.838773 41.947868 0.731091 -0.162453 -0.662657 0.688237 0.673246 1 5 1.000000
  5 -17.321875 2.146894 44.341042 0.667560 -0.007413 -0.744519 0.699676 0.723500 2 5 0.813279 4 0.186721
corpse1
  5 -22.348221 0.556461 39.956738 0.602887 -0.562261 -0.566030 0.678766 0.628129 1 5 1.000000
  5 -21.791519 1.937113 39.435177 0.738903 -0.010263 -0.673734 0.688860 0.628319 1 5 1.000000
  5 -19.868288 1.838773 41.947868 0.731091 -0.162453 -0.662657 0.688237 0.673246 1 5 1.000000
corpse1
  5 -17.102819 0.315376 45.622177 0.407682 -0.795328 -0.448608 0.685534 0.739223 2 5 0.707722 4 0.292278
  5 -18.677069 0.104151 46.953918 -0.359566 -0.895271 0.263062 0.661504 0.735210 2 5 0.684547 4 0.315453
  5 -22.910461 0.314852 40.690830 0.115724 -0.983901 -0.136183 0.672902 0.629276 1 5 1.000000
corpse1
  5 -17.102819 0.315376 45.622177 0.407682 -0.795328 -0.448608 0.685534 0.739223 2 5 0.707722 4 0.292278
  5 -22.910461 0.314852 40.690830 0.115724 -0.983901 -0.136183 0.672902 0.629276 1 5 1.000000
  5 -22.348221 0.556461 39.956738 0.602887 -0.562261 -0.566030 0.678766 0.628129 1 5 1.000000
corpse1
  5 -18.677069 0.104151 46.953918 -0.359566 -0.895271 0.263062 0.661504 0.735210 2 5 0.684547 4 0.315453
  5 -22.571955 2.259095 43.602566 -0.766878 -0.112302 0.631891 0.628778 0.659645 1 5 1.000000
  5 -22.910461 0.314852 40.690830 -0.577431 -0.646395 0.498746 0.672902 0.629276 1 5 1.000000
corpse1
  5 -22.910461 0.314852 40.690830 -0.577431 -0.646395 0.498746 0.672902 0.629276 1 5 1.000000
  5 -22.571955 2.259095 43.602566 -0.766878 -0.112302 0.631891 0.628778 0.659645 1 5 1.000000
  5 -23.933865 1.437188 41.356850 -0.609254 -0.550345 0.570903 0.646262 0.624031 1 5 1.000000
corpse1
  5 -24.164389 2.229433 41.539715 -0.789715 -0.060372 0.610496 0.628961 0.622319 1 5 1.000000
  5 -23.933865 1.437188 41.356850 -0.609254 -0.550345 0.570903 0.646262 0.624031 1 5 1.000000
  5 -22.571955 2.259095 43.602566 -0.766878 -0.112302 0.631891 0.628778 0.659645 1 5 1.000000
corpse1
  5 -22.571955 2.259095 43.602566 -0.766878 -0.112302 0.631891 0.628778 0.659645 1 5 1.000000
  5 -23.986143 3.348683 41.332241 -0.665058 0.451581 0.594788 0.616499 0.621605 1 5 1.000000
  5 -24.164389 2.229433 41.539715 -0.789715 -0.060372 0.610496 0.628961 0.622319 1 5 1.000000
corpse1
  3 -1.516290 -1.217185 60.340366 -0.720246 -0.657551 -0.221068 0.653945 0.017453 2 3 0.771987 9 0.228013
  3 -0.877028 -1.553269 60.167671 -0.436728 -0.877966 -0.196072 0.674617 0.011328 3 3 0.743015 6 0.170217 9 0.086768
  3 -0.770002 -1.745536 61.178448 -0.593051 -0.763242 -0.256422 0.686415 0.047178 3 3 0.582114 9 0.348419 6 0.069467
corpse1
  3 -1.516290 -1.217185 60.340366 -0.720246 -0.657551 -0.221068 0.653945 0.017453 2 3 0.771987 9 0.228013
  3 -0.770002 -1.745536 61.178448 -0.593051 -0.763242 -0.256422 0.686415 0.047178 3 3 0.582114 9 0.348419 6 0.069467
  3 -1.421983 -1.220309 61.564693 -0.723854 -0.661929 -0.194642 0.654563 0.060877 3 3 0.550194 9 0.387614 6 0.062192
corpse1
  3 -2.081801 -0.356668 60.685787 -0.833947 -0.492994 -0.247971 0.635156 0.029704 2 3 0.578625 9 0.421375
  3 -1.516290 -1.217185 60.340366 -0.720246 -0.657551 -0.221068 0.653945 0.017453 2 3 0.771987 9 0.228013
  3 -1.421983 -1.220309 61.564693 -0.723854 -0.661929 -0.194642 0.654563 0.060877 3 3 0.550194 9 0.387614 6 0.062192
corpse1
  3 -2.081801 -0.356668 60.685787 -0.833947 -0.492994 -0.247971 0.635156 0.029704 2 3 0.578625 9 0.421375
  3 -1.802873 -0.692669 60.504021 -0.624812 -0.099769 -0.774375 0.640864 0.023257 2 3 0.798569 9 0.201431
  3 -1.516290 -1.217185 60.340366 -0.720246 -0.657551 -0.221068 0.653945 0.017453 2 3 0.771987 9 0.228013
corpse1
  9 -1.381114 3.485589 69.525520 -0.276094 0.953835 0.118199 0.570859 0.343232 1 9 1.000000
  9 -0.124278 3.637801 69.273438 0.021366 0.989803 0.140830 0.538778 0.334291 1 9 1.000000
  9 -0.124331 3.591454 67.925491 -0.000763 0.976661 -0.214785 0.538796 0.286482 1 9 1.000000
corpse1
  9 -1.381114 3.485589 69.525520 -0.276094 0.953835 0.118199 0.570859 0.343232 1 9 1.000000
  9 -0.124331 3.591454 67.925491 -0.000763 0.976661 -0.214785 0.538796 0.286482 1 9 1.000000
  9 -1.322406 3.476621 67.906677 -0.334196 0.893011 -0.301403 0.569626 0.285815 1 9 1.000000
corpse1
  9 -1.322406 3.476621 67.906677 -0.334196 0.893011 -0.301403 0.569626 0.285815 1 9 1.000000
  9 -0.124331 3.591454 67.925491 -0.000763 0.976661 -0.214785 0.538796 0.286482 1 9 1.000000
  9 -0.124296 2.956212 66.427750 -0.064061 0.927831 -0.367458 0.539056 0.233361 2 9 0.889682 2 0.110318
corpse1
  9 -1.322406 3.476621 67.906677 -0.334196 0.893011 -0.301403 0.569626 0.285815 1 9 1.000000
  9 -0.124296 2.956212 66.427750 -0.064061 0.927831 -0.367458 0.539056 0.233361 2 9 0.889682 2 0.110318
  9 -0.973890 2.828993 66.387024 -0.378165 0.839072 -0.391088 0.565230 0.231916 3 9 0.849681 2 0.077411 3 0.072908
corpse1
  9 -0.887154 2.203323 64.903168 -0.281879 0.958509 -0.042481 0.567334 0.179287 3 9 0.753540 2 0.148730 3 0.097730
  9 -0.973890 2.828993 66.387024 -0.378165 0.839072 -0.391088 0.565230 0.231916 3 9 0.849681 2 0.077411 3 0.072908
  9 -0.124296 2.956212 66.427750 -0.064061 0.927831 -0.367458 0.539056 0.233361 2 9 0.889682 2 0.110318
corpse1
  9 -1.571826 1.807319 64.973969 -0.737742 0.670678 -0.076987 0.590764 0.181798 3 9 0.779352 3 0.144355 2 0.076293
  9 -0.973890 2.828993 66.387024 -0.378165 0.839072 -0.391088 0.565230 0.231916 3 9 0.849681 2 0.077411 3 0.072908
  9 -0.887154 2.203323 64.903168 -0.281879 0.958509 -0.042481 0.567334 0.179287 3 9 0.753540 2 0.148730 3 0.097730
corpse1
  9 -1.694852 2.444693 61.673294 -0.546082 0.818646 0.177799 0.586251 0.064729 3 9 0.563741 3 0.262467 2 0.173792
  9 -1.571826 1.807319 64.973969 -0.737742 0.670678 -0.076987 0.590764 0.181798 3 9 0.779352 3 0.144355 2 0.076293
  9 -0.887154 2.203323 64.903168 -0.281879 0.958509 -0.042481 0.567334 0.179287 3 9 0.753540 2 0.148730 3 0.097730
corpse1
  9 -1.571826 1.807319 64.973969 -0.737742 0.670678 -0.076987 0.590764 0.181798 3 9 0.779352 3 0.144355 2 0.076293
  9 -1.694852 2.444693 61.673294 -0.546082 0.818646 0.177799 0.586251 0.064729 3 9 0.563741 3 0.262467 2 0.173792
  9 -2.154869 2.042614 61.528980 -0.868423 0.470687 0.155871 0.599204 0.059611 3 9 0.536807 3 0.371149 2 0.092044
corpse1
  9 -1.571826 1.807319 64.973969 -0.737742 0.670678 -0.076987 0.590764 0.181798 3 9 0.779352 3 0.144355 2 0.076293
  9 -2.154869 2.042614 61.528980 -0.868423 0.470687 0.155871 0.599204 0.059611 3 9 0.536807 3 0.371149 2 0.092044
  9 -2.345510 0.689042 63.370564 -0.990994 0.120115 0.059180 0.619724 0.124928 2 9 0.730383 3 0.269617
corpse1
  9 -2.154869 2.042614 61.528980 -0.868423 0.470687 0.155871 0.599204 0.059611 3 9 0.536807 3 0.371149 2 0.092044
  3 -2.554004 0.868960 61.150517 -0.995471 0.011205 0.094397 0.619296 0.046187 2 3 0.604700 9 0.395300
  9 -2.345510 0.689042 63.370564 -0.990994 0.120115 0.059180 0.619724 0.124928 2 9 0.730383 3 0.269617
corpse1
  3 -2.412581 0.281770 60.859837 -0.958531 -0.284654 0.013796 0.626512 0.035877 2 3 0.553340 9 0.446660
  9 -2.345510 0.689042 63.370564 -0.990994 0.120115 0.059180 0.619724 0.124928 2 9 0.730383 3 0.269617
  3 -2.554004 0.868960 61.150517 -0.995471 0.011205 0.094397 0.619296 0.046187 2 3 0.604700 9 0.395300
corpse1
  3 -2.412581 0.281770 60.859837 -0.958531 -0.284654 0.013796 0.626512 0.035877 2 3 0.553340 9 0.446660
  9 -2.154319 -0.680256 63.403854 -0.960003 -0.204766 -0.190958 0.641539 0.126109 2 9 0.714346 3 0.285654
  9 -2.345510 0.689042 63.370564 -0.990994 0.120115 0.059180 0.619724 0.124928 2 9 0.730383 3 0.269617
corpse1
  9 -2.154319 -0.680256 63.403854 -0.960003 -0.204766 -0.190958 0.641539 0.126109 2 9 0.714346 3 0.285654
  3 -2.412581 0.281770 60.859837 -0.958531 -0.284654 0.013796 0.626512 0.035877 2 3 0.553340 9 0.446660
  3 -2.081801 -0.356668 60.685787 -0.833947 -0.492994 -0.247971 0.635156 0.029704 2 3 0.578625 9 0.421375
corpse1
  9 -2.154319 -0.680256 63.403854 -0.960003 -0.204766 -0.190958 0.641539 0.126109 2 9 0.714346 3 0.285654
  3 -2.081801 -0.356668 60.685787 -0.833947 -0.492994 -0.247971 0.635156 0.029704 2 3 0.578625 9 0.421375
  9 -1.794043 -1.315109 62.614796 -0.808797 -0.463841 -0.361524 0.654918 0.098123 2 9 0.610756 3 0.389244
corpse1
  3 -2.081801 -0.356668 60.685787 -0.833947 -0.492994 -0.247971 0.635156 0.029704 2 3 0.578625 9 0.421375
  3 -1.421983 -1.220309 61.564693 -0.723854 -0.661929 -0.194642 0.654563 0.060877 3 3 0.550194 9 0.387614 6 0.062192
  9 -1.794043 -1.315109 62.614796 -0.808797 -0.463841 -0.361524 0.654918 0.098123 2 9 0.610756 3 0.389244
corpse1
  3 -1.421983 -1.220309 61.564693 -0.723854 -0.661929 -0.194642 0.654563 0.060877 3 3 0.550194 9 0.387614 6 0.062192
  9 -0.498722 -2.677039 61.890530 -0.276523 -0.563586 -0.778400 0.726605 0.072434 3 9 0.532734 3 0.307936 6 0.159330
  9 -1.794043 -1.315109 62.614796 -0.808797 -0.463841 -0.361524 0.654918 0.098123 2 9 0.610756 3 0.389244
corpse1
  3 -1.421983 -1.220309 61.564693 -0.723854 -0.661929 -0.194642 0.654563 0.060877 3 3 0.550194 9 0.387614 6 0.062192
  3 -0.770002 -1.745536 61.178448 -0.593051 -0.763242 -0.256422 0.686415 0.047178 3 3 0.582114 9 0.348419 6 0.069467
  9 -0.498722 -2.677039 61.890530 -0.276523 -0.563586 -0.778400 0.726605 0.072434 3 9 0.532734 3 0.307936 6 0.159330
corpse1
  3 -0.770002 -1.745536 61.178448 -0.593051 -0.763242 -0.256422 0.686415 0.047178 3 3 0.582114 9 0.348419 6 0.069467
  3 -0.129035 -2.137630 61.043316 -0.063105 -0.917773 -0.392059 0.748881 0.042385 3 3 0.412259 9 0.330765 6 0.256977
  9 -0.498722 -2.677039 61.890530 -0.276523 -0.563586 -0.778400 0.726605 0.072434 3 9 0.532734 3 0.307936 6 0.159330
corpse1
  9 -0.498722 -2.677039 61.890530 -0.276523 -0.563586 -0.778400 0.726605 0.072434 3 9 0.532734 3 0.307936 6 0.159330
  3 -0.129035 -2.137630 61.043316 -0.063105 -0.917773 -0.392059 0.748881 0.042385 3 3 0.412259 9 0.330765 6 0.256977
  9 1.066642 -1.537906 61.508526 0.541915 -0.760184 -0.358397 0.844028 0.058885 3 9 0.404219 6 0.304317 3 0.291464
corpse1
  9 -1.694852 2.444693 61.673294 -0.546082 0.818646 0.177799 0.586251 0.064729 3 9 0.563741 3 0.262467 2 0.173792
  9 -0.887154 2.203323 64.903168 -0.281879 0.958509 -0.042481 0.567334 0.179287 3 9 0.753540 2 0.148730 3 0.097730
  9 -1.078199 2.767174 61.740314 -0.280981 0.941741 0.184859 0.568507 0.067106 3 9 0.426875 2 0.342631 3 0.230493
corpse1
  9 -0.123344 2.834005 61.795059 0.034619 0.977359 0.208737 0.539085 0.069048 3 9 0.596071 2 0.306427 3 0.097503
  9 -1.078199 2.767174 61.740314 -0.280981 0.941741 0.184859 0.568507 0.067106 3 9 0.426875 2 0.342631 3 0.230493
  9 -0.887154 2.203323 64.903168 -0.281879 0.958509 -0.042481 0.567334 0.179287 3 9 0.753540 2 0.148730 3 0.097730
corpse1
  9 -0.123344 2.834005 61.795059 0.034619 0.977359 0.208737 0.539085 0.069048 3 9 0.596071 2 0.306427 3 0.097503
  9 -0.887154 2.203323 64.903168 -0.281879 0.958509 -0.042481 0.567334 0.179287 3 9 0.753540 2 0.148730 3 0.097730
  9 -0.123759 2.264256 64.283791 0.059541 0.996115 -0.064876 0.539438 0.157318 3 9 0.768090 2 0.175889 3 0.056020
corpse1
  9 -0.887154 2.203323 64.903168 -0.281879 0.958509 -0.042481 0.567334 0.179287 3 9 0.753540 2 0.148730 3 0.097730
  9 -0.124296 2.956212 66.427750 -0.064061 0.927831 -0.367458 0.539056 0.233361 2 9 0.889682 2 0.110318
  9 -0.123759 2.264256 64.283791 0.059541 0.996115 -0.064876 0.539438 0.157318 3 9 0.768090 2 0.175889 3 0.056020
corpse1
  9 -1.717721 -2.633699 64.476692 -0.892555 -0.424691 -0.151600 0.682138 0.143224 1 9 1.000000
  9 -2.433768 -1.136663 63.827023 -0.944410 -0.170347 -0.281198 0.650868 0.144500 2 9 0.930920 3 0.069080
  9 -1.825129 -2.606486 62.992096 -0.911907 -0.344905 -0.222410 0.690433 0.111505 1 9 1.000000
corpse1
  9 -2.433768 -1.136663 63.827023 -0.944410 -0.170347 -0.281198 0.650868 0.144500 2 9 0.930920 3 0.069080
  9 -1.048737 -3.051842 62.236012 -0.649280 -0.181527 -0.738568 0.707630 0.084688 2 9 0.794673 3 0.205327
  9 -1.825129 -2.606486 62.992096 -0.911907 -0.344905 -0.222410 0.690433 0.111505 1 9 1.000000
corpse1
  9 -2.433768 -1.136663 63.827023 -0.944410 -0.170347 -0.281198 0.650868 0.144500 2 9 0.930920 3 0.069080
  9 -2.154319 -0.680256 63.403854 -0.960003 -0.204766 -0.190958 0.641539 0.126109 2 9 0.714346 3 0.285654
  9 -1.048737 -3.051842 62.236012 -0.649280 -0.181527 -0.738568 0.707630 0.084688 2 9 0.794673 3 0.205327
corpse1
  9 -1.048737 -3.051842 62.236012 -0.649280 -0.181527 -0.738568 0.707630 0.084688 2 9 0.794673 3 0.205327
  9 -2.154319 -0.680256 63.403854 -0.960003 -0.204766 -0.190958 0.641539 0.126109 2 9 0.714346 3 0.285654
  9 -1.794043 -1.315109 62.614796 -0.808797 -0.463841 -0.361524 0.654918 0.098123 2 9 0.610756 3 0.389244
corpse1
  9 -1.794043 -1.315109 62.614796 -0.808797 -0.463841 -0.361524 0.654918 0.098123 2 9 0.610756 3 0.389244
  9 -0.498722 -2.677039 61.890530 -0.276523 -0.563586 -0.778400 0.726605 0.072434 3 9 0.532734 3 0.307936 6 0.159330
  9 -1.048737 -3.051842 62.236012 -0.649280 -0.181527 -0.738568 0.707630 0.084688 2 9 0.794673 3 0.205327
corpse1
  3 -0.877028 -1.553269 60.167671 -0.436728 -0.877966 -0.196072 0.674617 0.011328 3 3 0.743015 6 0.170217 9 0.086768
  3 -0.129035 -2.137630 61.043316 -0.063105 -0.917773 -0.392059 0.748881 0.042385 3 3 0.412259 9 0.330765 6 0.256977
  3 -0.770002 -1.745536 61.178448 -0.593051 -0.763242 -0.256422 0.686415 0.047178 3 3 0.582114 9 0.348419 6 0.069467
corpse1
  3 -0.877028 -1.553269 60.167671 -0.436728 -0.877966 -0.196072 0.674617 0.011328 3 3 0.743015 6 0.170217 9 0.086768
  3 -0.124590 -1.765274 60.127235 0.222748 -0.925890 -0.305142 0.746665 0.009894 3 3 0.472526 6 0.353013 9 0.174462
  3 -0.129035 -2.137630 61.043316 -0.063105 -0.917773 -0.392059 0.748881 0.042385 3 3 0.412259 9 0.330765 6 0.256977
corpse1
  9 1.066642 -1.537906 61.508526 0.541915 -0.760184 -0.358397 0.844028 0.058885 3 9 0.404219 6 0.304317 3 0.291464
  3 -0.129035 -2.137630 61.043316 -0.063105 -0.917773 -0.392059 0.748881 0.042385 3 3 0.412259 9 0.330765 6 0.256977
  3 -0.124590 -1.765274 60.127235 0.222748 -0.925890 -0.305142 0.746665 0.009894 3 3 0.472526 6 0.353013 9 0.174462
corpse1
  9 1.066642 -1.537906 61.508526 0.541915 -0.760184 -0.358397 0.844028 0.058885 3 9 0.404219 6 0.304317 3 0.291464
  3 -0.124590 -1.765274 60.127235 0.222748 -0.925890 -0.305142 0.746665 0.009894 3 3 0.472526 6 0.353013 9 0.174462
  6 1.305482 -1.219335 60.340473 0.652380 -0.754430 -0.072364 0.856241 0.017457 3 6 0.465674 3 0.327787 9 0.206539
corpse1
  9 1.066642 -1.537906 61.508526 0.541915 -0.760184 -0.358397 0.844028 0.058885 3 9 0.404219 6 0.304317 3 0.291464
  6 1.305482 -1.219335 60.340473 0.652380 -0.754430 -0.072364 0.856241 0.017457 3 6 0.465674 3 0.327787 9 0.206539
  6 1.613439 -0.692669 60.504025 0.827955 -0.560407 -0.020859 0.870015 0.023257 3 6 0.531044 9 0.275257 3 0.193699
corpse1
  9 1.066642 -1.537906 61.508526 0.541915 -0.760184 -0.358397 0.844028 0.058885 3 9 0.404219 6 0.304317 3 0.291464
  6 1.613439 -0.692669 60.504025 0.827955 -0.560407 -0.020859 0.870015 0.023257 3 6 0.531044 9 0.275257 3 0.193699
  6 1.886895 -0.357250 60.685482 0.528789 -0.700977 -0.478554 0.875882 0.029693 3 6 0.446600 9 0.422664 3 0.130736
corpse1
  9 0.861422 -2.294735 62.093876 0.563908 -0.468013 -0.680420 0.816271 0.079646 3 9 0.578401 6 0.231753 3 0.189846
  9 1.066642 -1.537906 61.508526 0.541915 -0.760184 -0.358397 0.844028 0.058885 3 9 0.404219 6 0.304317 3 0.291464
  6 1.886895 -0.357250 60.685482 0.528789 -0.700977 -0.478554 0.875882 0.029693 3 6 0.446600 9 0.422664 3 0.130736
corpse1
  9 -0.498722 -2.677039 61.890530 -0.276523 -0.563586 -0.778400 0.726605 0.072434 3 9 0.532734 3 0.307936 6 0.159330
  9 1.066642 -1.537906 61.508526 0.541915 -0.760184 -0.358397 0.844028 0.058885 3 9 0.404219 6 0.304317 3 0.291464
  9 0.861422 -2.294735 62.093876 0.563908 -0.468013 -0.680420 0.816271 0.079646 3 9 0.578401 6 0.231753 3 0.189846
corpse1
  9 0.046913 -3.751522 62.143284 0.155771 -0.452979 -0.877807 0.760231 0.081399 3 9 0.774841 3 0.141435 6 0.083724
  9 -0.498722 -2.677039 61.890530 -0.276523 -0.563586 -0.778400 0.726605 0.072434 3 9 0.532734 3 0.307936 6 0.159330
  9 0.861422 -2.294735 62.093876 0.563908 -0.468013 -0.680420 0.816271 0.079646 3 9 0.578401 6 0.231753 3 0.189846
corpse1
  9 -0.498722 -2.677039 61.890530 -0.276523 -0.563586 -0.778400 0.726605 0.072434 3 9 0.532734 3 0.307936 6 0.159330
  9 0.046913 -3.751522 62.143284 0.155771 -0.452979 -0.877807 0.760231 0.081399 3 9 0.774841 3 0.141435 6 0.083724
  9 -1.048737 -3.051842 62.236012 -0.649280 -0.181527 -0.738568 0.707630 0.084688 2 9 0.794673 3 0.205327
corpse1
  9 -1.147068 -3.852959 62.556637 -0.496018 -0.760599 -0.418873 0.715077 0.096060 1 9 1.000000
  9 -1.048737 -3.051842 62.236012 -0.649280 -0.181527 -0.738568 0.707630 0.084688 2 9 0.794673 3 0.205327
  9 0.046913 -3.751522 62.143284 0.155771 -0.452979 -0.877807 0.760231 0.081399 3 9 0.774841 3 0.141435 6 0.083724
corpse1
  9 -1.825129 -2.606486 62.992096 -0.911907 -0.344905 -0.222410 0.690433 0.111505 1 9 1.000000
  9 -1.048737 -3.051842 62.236012 -0.649280 -0.181527 -0.738568 0.707630 0.084688 2 9 0.794673 3 0.205327
  9 -1.147068 -3.852959 62.556637 -0.496018 -0.760599 -0.418873 0.715077 0.096060 1 9 1.000000
corpse1
  9 -1.825129 -2.606486 62.992096 -0.911907 -0.344905 -0.222410 0.690433 0.111505 1 9 1.000000
  9 -1.147068 -3.852959 62.556637 -0.496018 -0.760599 -0.418873 0.715077 0.096060 1 9 1.000000
  9 -1.033605 -3.914227 63.224308 -0.350586 -0.905323 0.239749 0.719148 0.119741 1 9 1.000000
corpse1
  9 -1.388210 -3.345771 64.527458 -0.579141 -0.809704 -0.094737 0.704830 0.166187 1 9 1.000000
  9 -1.825129 -2.606486 62.992096 -0.911907 -0.344905 -0.222410 0.690433 0.111505 1 9 1.000000
  9 -1.033605 -3.914227 63.224308 -0.350586 -0.905323 0.239749 0.719148 0.119741 1 9 1.000000
corpse1
  9 -1.388210 -3.345771 64.527458 -0.579141 -0.809704 -0.094737 0.704830 0.166187 1 9 1.000000
  9 -1.717721 -2.633699 64.476692 -0.892555 -0.424691 -0.151600 0.682138 0.143224 1 9 1.000000
  9 -1.825129 -2.606486 62.992096 -0.911907 -0.344905 -0.222410 0.690433 0.111505 1 9 1.000000
corpse1
  9 -1.170910 -4.389326 65.903770 -0.232734 -0.923862 -0.303832 0.719603 0.214776 1 9 1.000000
  9 -1.717721 -2.633699 64.476692 -0.892555 -0.424691 -0.151600 0.682138 0.143224 1 9 1.000000
  9 -1.388210 -3.345771 64.527458 -0.579141 -0.809704 -0.094737 0.704830 0.166187 1 9 1.000000
corpse1
  9 -1.170910 -4.389326 65.903770 -0.232734 -0.923862 -0.303832 0.719603 0.214776 1 9 1.000000
  9 -2.368598 -3.421645 66.007828 -0.839529 -0.373130 -0.394923 0.683551 0.218983 1 9 1.000000
  9 -1.717721 -2.633699 64.476692 -0.892555 -0.424691 -0.151600 0.682138 0.143224 1 9 1.000000
corpse1
  9 -1.170910 -4.389326 65.903770 -0.232734 -0.923862 -0.303832 0.719603 0.214776 1 9 1.000000
  9 -2.157610 -4.034525 66.525421 -0.637947 -0.769115 0.038547 0.694718 0.236825 1 9 1.000000
  9 -2.368598 -3.421645 66.007828 -0.839529 -0.373130 -0.394923 0.683551 0.218983 1 9 1.000000
corpse1
  9 -2.157610 -4.034525 66.525421 -0.637947 -0.769115 0.038547 0.694718 0.236825 1 9 1.000000
  9 -2.986566 -1.683158 67.014275 -0.970356 -0.227019 -0.082889 0.656291 0.254163 1 9 1.000000
  9 -2.368598 -3.421645 66.007828 -0.839529 -0.373130 -0.394923 0.683551 0.218983 1 9 1.000000
corpse1
  9 -2.986566 -1.683158 67.014275 -0.970356 -0.227019 -0.082889 0.656291 0.254163 1 9 1.000000
  9 -2.157610 -4.034525 66.525421 -0.637947 -0.769115 0.038547 0.694718 0.236825 1 9 1.000000
  9 -2.449305 -3.424506 67.709282 -0.829941 -0.556649 -0.036596 0.683339 0.278814 1 9 1.000000
corpse1
  9 -2.863475 -2.155312 68.162750 -0.965870 -0.252371 0.058349 0.663093 0.294897 1 9 1.000000
  9 -2.986566 -1.683158 67.014275 -0.970356 -0.227019 -0.082889 0.656291 0.254163 1 9 1.000000
  9 -2.449305 -3.424506 67.709282 -0.829941 -0.556649 -0.036596 0.683339 0.278814 1 9 1.000000
corpse1
  9 -1.170910 -4.389326 65.903770 -0.232734 -0.923862 -0.303832 0.719603 0.214776 1 9 1.000000
  9 -1.005434 -4.447456 66.477776 0.052697 -0.986099 -0.157580 0.724667 0.235135 1 9 1.000000
  9 -2.157610 -4.034525 66.525421 -0.637947 -0.769115 0.038547 0.694718 0.236825 1 9 1.000000
corpse1
  9 -1.388210 -3.345771 64.527458 -0.579141 -0.809704 -0.094737 0.704830 0.166187 1 9 1.000000
  9 -0.829015 -4.209337 65.507401 -0.044925 -0.949525 -0.310457 0.732528 0.200717 1 9 1.000000
  9 -1.170910 -4.389326 65.903770 -0.232734 -0.923862 -0.303832 0.719603 0.214776 1 9 1.000000
corpse1
  9 1.574816 -1.196872 62.906921 0.896877 -0.304026 -0.321217 0.858108 0.108483 2 9 0.709818 6 0.290182
  6 2.195988 0.281728 60.859840 0.909799 -0.407765 -0.077418 0.884886 0.035878 2 6 0.524977 9 0.475023
  9 2.065378 -0.785680 63.934601 0.971979 -0.192327 -0.135155 0.867123 0.144933 2 9 0.811807 6 0.188193
corpse1
  9 1.574816 -1.196872 62.906921 0.896877 -0.304026 -0.321217 0.858108 0.108483 2 9 0.709818 6 0.290182
  6 1.886895 -0.357250 60.685482 0.882462 -0.467422 -0.052695 0.875882 0.029693 3 6 0.446600 9 0.422664 3 0.130736
  6 2.195988 0.281728 60.859840 0.909799 -0.407765 -0.077418 0.884886 0.035878 2 6 0.524977 9 0.475023
corpse1
  9 0.861422 -2.294735 62.093876 0.563908 -0.468013 -0.680420 0.816271 0.079646 3 9 0.578401 6 0.231753 3 0.189846
  6 1.886895 -0.357250 60.685482 0.882462 -0.467422 -0.052695 0.875882 0.029693 3 6 0.446600 9 0.422664 3 0.130736
  9 1.574816 -1.196872 62.906921 0.896877 -0.304026 -0.321217 0.858108 0.108483 2 9 0.709818 6 0.290182
corpse1
  9 0.861422 -2.294735 62.093876 0.563908 -0.468013 -0.680420 0.816271 0.079646 3 9 0.578401 6 0.231753 3 0.189846
  9 1.574816 -1.196872 62.906921 0.896877 -0.304026 -0.321217 0.858108 0.108483 2 9 0.709818 6 0.290182
  9 1.053654 -2.640988 62.549263 0.753385 -0.307634 -0.581181 0.814970 0.095798 2 9 0.846021 6 0.153979
corpse1
  9 0.046913 -3.751522 62.143284 0.155771 -0.452979 -0.877807 0.760231 0.081399 3 9 0.774841 3 0.141435 6 0.083724
  9 0.861422 -2.294735 62.093876 0.563908 -0.468013 -0.680420 0.816271 0.079646 3 9 0.578401 6 0.231753 3 0.189846
  9 1.053654 -2.640988 62.549263 0.753385 -0.307634 -0.581181 0.814970 0.095798 2 9 0.846021 6 0.153979
corpse1
  9 0.026434 -4.139760 62.494057 0.335160 -0.855391 -0.394935 0.758860 0.093840 1 9 1.000000
  9 0.046913 -3.751522 62.143284 0.155771 -0.452979 -0.877807 0.760231 0.081399 3 9 0.774841 3 0.141435 6 0.083724
  9 1.053654 -2.640988 62.549263 0.753385 -0.307634 -0.581181 0.814970 0.095798 2 9 0.846021 6 0.153979
corpse1
  9 -1.147068 -3.852959 62.556637 -0.496018 -0.760599 -0.418873 0.715077 0.096060 1 9 1.000000
  9 0.046913 -3.751522 62.143284 0.155771 -0.452979 -0.877807 0.760231 0.081399 3 9 0.774841 3 0.141435 6 0.083724
  9 0.026434 -4.139760 62.494057 0.335160 -0.855391 -0.394935 0.758860 0.093840 1 9 1.000000
corpse1
  9 -1.147068 -3.852959 62.556637 -0.496018 -0.760599 -0.418873 0.715077 0.096060 1 9 1.000000
  9 0.026434 -4.139760 62.494057 0.335160 -0.855391 -0.394935 0.758860 0.093840 1 9 1.000000
  9 0.312926 -3.971387 63.208218 0.082461 -0.987649 0.133225 0.769488 0.119170 1 9 1.000000
corpse1
  9 -1.147068 -3.852959 62.556637 -0.496018 -0.760599 -0.418873 0.715077 0.096060 1 9 1.000000
  9 0.312926 -3.971387 63.208218 0.082461 -0.987649 0.133225 0.769488 0.119170 1 9 1.000000
  9 -1.033605 -3.914227 63.224308 -0.350586 -0.905323 0.239749 0.719148 0.119741 1 9 1.000000
corpse1
  9 -0.989303 -3.627670 63.704773 -0.164960 -0.966889 0.194713 0.722320 0.136782 1 9 1.000000
  9 -1.033605 -3.914227 63.224308 -0.350586 -0.905323 0.239749 0.719148 0.119741 1 9 1.000000
  9 0.312926 -3.971387 63.208218 0.082461 -0.987649 0.133225 0.769488 0.119170 1 9 1.000000
corpse1
  9 -0.989303 -3.627670 63.704773 -0.164960 -0.966889 0.194713 0.722320 0.136782 1 9 1.000000
  9 -1.388210 -3.345771 64.527458 -0.579141 -0.809704 -0.094737 0.704830 0.166187 1 9 1.000000
  9 -1.033605 -3.914227 63.224308 -0.350586 -0.905323 0.239749 0.719148 0.119741 1 9 1.000000
corpse1
  9 -0.121532 -3.900314 64.254723 -0.056280 -0.995684 -0.073798 0.753346 0.156287 1 9 1.000000
  9 -1.388210 -3.345771 64.527458 -0.579141 -0.809704 -0.094737 0.704830 0.166187 1 9 1.000000
  9 -0.989303 -3.627670 63.704773 -0.164960 -0.966889 0.194713 0.722320 0.136782 1 9 1.000000
corpse1
  9 -0.829015 -4.209337 65.507401 -0.044925 -0.949525 -0.310457 0.732528 0.200717 1 9 1.000000
  9 -1.388210 -3.345771 64.527458 -0.579141 -0.809704 -0.094737 0.704830 0.166187 1 9 1.000000
  9 -0.121532 -3.900314 64.254723 -0.056280 -0.995684 -0.073798 0.753346 0.156287 1 9 1.000000
corpse1
  9 -0.829015 -4.209337 65.507401 -0.044925 -0.949525 -0.310457 0.732528 0.200717 1 9 1.000000
  9 -0.121532 -3.900314 64.254723 -0.056280 -0.995684 -0.073798 0.753346 0.156287 1 9 1.000000
  9 0.146901 -4.107194 65.466499 0.326738 -0.921582 -0.209591 0.762081 0.199267 1 9 1.000000
corpse1
  9 0.600068 -3.589741 64.425926 0.389778 -0.919594 -0.049190 0.784344 0.162134 1 9 1.000000
  9 0.146901 -4.107194 65.466499 0.326738 -0.921582 -0.209591 0.762081 0.199267 1 9 1.000000
  9 -0.121532 -3.900314 64.254723 -0.056280 -0.995684 -0.073798 0.753346 0.156287 1 9 1.000000
corpse1
  9 0.003368 -4.010159 63.666023 0.005821 -0.998212 0.059495 0.757721 0.135407 1 9 1.000000
  9 0.600068 -3.589741 64.425926 0.389778 -0.919594 -0.049190 0.784344 0.162134 1 9 1.000000
  9 -0.121532 -3.900314 64.254723 -0.056280 -0.995684 -0.073798 0.753346 0.156287 1 9 1.000000
corpse1
  9 0.312926 -3.971387 63.208218 0.082461 -0.987649 0.133225 0.769488 0.119170 1 9 1.000000
  9 0.600068 -3.589741 64.425926 0.389778 -0.919594 -0.049190 0.784344 0.162134 1 9 1.000000
  9 0.003368 -4.010159 63.666023 0.005821 -0.998212 0.059495 0.757721 0.135407 1 9 1.000000
corpse1
  9 -0.989303 -3.627670 63.704773 -0.164960 -0.966889 0.194713 0.722320 0.136782 1 9 1.000000
  9 0.312926 -3.971387 63.208218 0.082461 -0.987649 0.133225 0.769488 0.119170 1 9 1.000000
  9 0.003368 -4.010159 63.666023 0.005821 -0.998212 0.059495 0.757721 0.135407 1 9 1.000000
corpse1
  9 -0.989303 -3.627670 63.704773 -0.164960 -0.966889 0.194713 0.722320 0.136782 1 9 1.000000
  9 0.003368 -4.010159 63.666023 0.005821 -0.998212 0.059495 0.757721 0.135407 1 9 1.000000
  9 -0.121532 -3.900314 64.254723 -0.056280 -0.995684 -0.073798 0.753346 0.156287 1 9 1.000000
corpse1
  9 1.420522 -3.111290 64.583397 0.844225 -0.492322 -0.211904 0.817824 0.196568 1 9 1.000000
  9 0.600068 -3.589741 64.425926 0.389778 -0.919594 -0.049190 0.784344 0.162134 1 9 1.000000
  9 1.298622 -3.542485 63.269032 0.681900 -0.718849 -0.135161 0.807153 0.121327 1 9 1.000000
corpse1
  9 0.600068 -3.589741 64.425926 0.389778 -0.919594 -0.049190 0.784344 0.162134 1 9 1.000000
  9 0.312926 -3.971387 63.208218 0.082461 -0.987649 0.133225 0.769488 0.119170 1 9 1.000000
  9 1.298622 -3.542485 63.269032 0.681900 -0.718849 -0.135161 0.807153 0.121327 1 9 1.000000
corpse1
  9 0.026434 -4.139760 62.494057 0.335160 -0.855391 -0.394935 0.758860 0.093840 1 9 1.000000
  9 1.298622 -3.542485 63.269032 0.681900 -0.718849 -0.135161 0.807153 0.121327 1 9 1.000000
  9 0.312926 -3.971387 63.208218 0.082461 -0.987649 0.133225 0.769488 0.119170 1 9 1.000000
corpse1
  9 0.026434 -4.139760 62.494057 0.335160 -0.855391 -0.394935 0.758860 0.093840 1 9 1.000000
  9 1.053654 -2.640988 62.549263 0.753385 -0.307634 -0.581181 0.814970 0.095798 2 9 0.846021 6 0.153979
  9 1.298622 -3.542485 63.269032 0.681900 -0.718849 -0.135161 0.807153 0.121327 1 9 1.000000
corpse1
  9 1.298622 -3.542485 63.269032 0.681900 -0.718849 -0.135161 0.807153 0.121327 1 9 1.000000
  9 1.053654 -2.640988 62.549263 0.753385 -0.307634 -0.581181 0.814970 0.095798 2 9 0.846021 6 0.153979
  9 2.053901 -1.916209 63.693333 0.944941 -0.198040 -0.260513 0.846597 0.136376 2 9 0.880598 6 0.119402
corpse1
  9 2.053901 -1.916209 63.693333 0.944941 -0.198040 -0.260513 0.846597 0.136376 2 9 0.880598 6 0.119402
  9 1.053654 -2.640988 62.549263 0.753385 -0.307634 -0.581181 0.814970 0.095798 2 9 0.846021 6 0.153979
  9 1.574816 -1.196872 62.906921 0.896877 -0.304026 -0.321217 0.858108 0.108483 2 9 0.709818 6 0.290182
corpse1
  9 2.065378 -0.785680 63.934601 0.971979 -0.192327 -0.135155 0.867123 0.144933 2 9 0.811807 6 0.188193
  9 2.053901 -1.916209 63.693333 0.944941 -0.198040 -0.260513 0.846597 0.136376 2 9 0.880598 6 0.119402
  9 1.574816 -1.196872 62.906921 0.896877 -0.304026 -0.321217 0.858108 0.108483 2 9 0.709818 6 0.290182
corpse1
  9 2.089301 -1.278563 65.551567 0.926551 -0.248281 -0.282596 0.859242 0.202284 2 9 0.936684 6 0.063316
  9 2.053901 -1.916209 63.693333 0.944941 -0.198040 -0.260513 0.846597 0.136376 2 9 0.880598 6 0.119402
  9 2.065378 -0.785680 63.934601 0.971979 -0.192327 -0.135155 0.867123 0.144933 2 9 0.811807 6 0.188193
corpse1
  9 2.089301 -1.278563 65.551567 0.926551 -0.248281 -0.282596 0.859242 0.202284 2 9 0.936684 6 0.063316
  9 2.065378 -0.785680 63.934601 0.971979 -0.192327 -0.135155 0.867123 0.144933 2 9 0.811807 6 0.188193
  9 2.243316 -0.162492 64.709274 0.997230 -0.021394 -0.071241 0.877361 0.172410 2 9 0.844006 6 0.155994
corpse1
  9 2.243316 -0.162492 64.709274 0.997230 -0.021394 -0.071241 0.877361 0.172410 2 9 0.844006 6 0.155994
  9 2.577063 0.172665 66.140617 0.859313 0.296778 -0.416538 0.880543 0.223176 2 9 0.929372 6 0.070628
  9 2.089301 -1.278563 65.551567 0.926551 -0.248281 -0.282596 0.859242 0.202284 2 9 0.936684 6 0.063316
corpse1
  9 2.243316 -0.162492 64.709274 0.997230 -0.021394 -0.071241 0.877361 0.172410 2 9 0.844006 6 0.155994
  9 2.150093 0.534159 64.820320 0.901144 0.426425 -0.078104 0.889289 0.176348 2 9 0.864374 6 0.135626
  9 2.577063 0.172665 66.140617 0.859313 0.296778 -0.416538 0.880543 0.223176 2 9 0.929372 6 0.070628
corpse1
  9 2.265043 0.969085 66.517410 0.857143 0.417709 -0.301372 0.894435 0.236540 2 9 0.949738 6 0.050262
  9 2.577063 0.172665 66.140617 0.859313 0.296778 -0.416538 0.880543 0.223176 2 9 0.929372 6 0.070628
  9 2.150093 0.534159 64.820320 0.901144 0.426425 -0.078104 0.889289 0.176348 2 9 0.864374 6 0.135626
corpse1
  9 2.150093 0.534159 64.820320 0.901144 0.426425 -0.078104 0.889289 0.176348 2 9 0.864374 6 0.135626
  9 1.542311 2.219941 66.398575 0.692084 0.637900 -0.337792 0.922532 0.232326 2 9 0.929051 6 0.070949
  9 2.265043 0.969085 66.517410 0.857143 0.417709 -0.301372 0.894435 0.236540 2 9 0.949738 6 0.050262
corpse1
  9 2.265043 0.969085 66.517410 0.857143 0.417709 -0.301372 0.894435 0.236540 2 9 0.949738 6 0.050262
  9 1.542311 2.219941 66.398575 0.692084 0.637900 -0.337792 0.922532 0.232326 2 9 0.929051 6 0.070949
  9 1.932158 2.867821 67.914619 0.688540 0.653533 -0.314335 0.921487 0.286097 1 9 1.000000
corpse1
  9 0.725299 2.828993 66.387024 0.343313 0.851296 -0.396777 0.948777 0.231916 2 9 0.931992 2 0.068008
  9 1.932158 2.867821 67.914619 0.688540 0.653533 -0.314335 0.921487 0.286097 1 9 1.000000
  9 1.542311 2.219941 66.398575 0.692084 0.637900 -0.337792 0.922532 0.232326 2 9 0.929051 6 0.070949
corpse1
  9 0.640086 2.199123 64.930840 0.401889 0.903350 -0.149815 0.947165 0.180268 3 9 0.821554 2 0.119599 6 0.058847
  9 0.725299 2.828993 66.387024 0.343313 0.851296 -0.396777 0.948777 0.231916 2 9 0.931992 2 0.068008
  9 1.542311 2.219941 66.398575 0.692084 0.637900 -0.337792 0.922532 0.232326 2 9 0.929051 6 0.070949
corpse1
  9 0.640086 2.199123 64.930840 0.401889 0.903350 -0.149815 0.947165 0.180268 3 9 0.821554 2 0.119599 6 0.058847
  9 1.542311 2.219941 66.398575 0.692084 0.637900 -0.337792 0.922532 0.232326 2 9 0.929051 6 0.070949
  9 1.313087 1.804491 64.973969 0.645332 0.763731 -0.016170 0.922963 0.181798 3 9 0.752703 6 0.123930 2 0.123367
corpse1
  9 2.150093 0.534159 64.820320 0.901144 0.426425 -0.078104 0.889289 0.176348 2 9 0.864374 6 0.135626
  9 1.313087 1.804491 64.973969 0.645332 0.763731 -0.016170 0.922963 0.181798 3 9 0.752703 6 0.123930 2 0.123367
  9 1.542311 2.219941 66.398575 0.692084 0.637900 -0.337792 0.922532 0.232326 2 9 0.929051 6 0.070949
corpse1
  9 2.053901 -1.916209 63.693333 0.944941 -0.198040 -0.260513 0.846597 0.136376 2 9 0.880598 6 0.119402
  9 1.420522 -3.111290 64.583397 0.844225 -0.492322 -0.211904 0.817824 0.196568 1 9 1.000000
  9 1.298622 -3.542485 63.269032 0.681900 -0.718849 -0.135161 0.807153 0.121327 1 9 1.000000
corpse1
  9 1.420522 -3.111290 64.583397 0.844225 -0.492322 -0.211904 0.817824 0.196568 1 9 1.000000
  9 2.053901 -1.916209 63.693333 0.944941 -0.198040 -0.260513 0.846597 0.136376 2 9 0.880598 6 0.119402
  9 2.089301 -1.278563 65.551567 0.926551 -0.248281 -0.282596 0.859242 0.202284 2 9 0.936684 6 0.063316
corpse1
  9 2.265043 0.969085 66.517410 0.857143 0.417709 -0.301372 0.894435 0.236540 2 9 0.949738 6 0.050262
  9 2.628645 2.077711 68.392845 0.860283 0.475195 -0.184671 0.903544 0.303059 1 9 1.000000
  9 3.002927 0.945479 68.383324 0.966571 0.215959 -0.138207 0.887553 0.302721 1 9 1.000000
corpse1
  9 2.265043 0.969085 66.517410 0.857143 0.417709 -0.301372 0.894435 0.236540 2 9 0.949738 6 0.050262
  9 1.932158 2.867821 67.914619 0.688540 0.653533 -0.314335 0.921487 0.286097 1 9 1.000000
  9 2.628645 2.077711 68.392845 0.860283 0.475195 -0.184671 0.903544 0.303059 1 9 1.000000
corpse1
  9 2.958830 -0.814436 67.939964 0.999687 -0.025020 -0.000446 0.865952 0.286996 1 9 1.000000
  9 2.793442 0.332646 67.174240 0.855988 0.515803 -0.035094 0.881444 0.259837 1 9 1.000000
  9 3.002927 0.945479 68.383324 0.966571 0.215959 -0.138207 0.887553 0.302721 1 9 1.000000
corpse1
  9 2.265043 0.969085 66.517410 0.857143 0.417709 -0.301372 0.894435 0.236540 2 9 0.949738 6 0.050262
  9 3.002927 0.945479 68.383324 0.966571 0.215959 -0.138207 0.887553 0.302721 1 9 1.000000
  9 2.793442 0.332646 67.174240 0.855988 0.515803 -0.035094 0.881444 0.259837 1 9 1.000000
corpse1
  9 2.265043 0.969085 66.517410 0.857143 0.417709 -0.301372 0.894435 0.236540 2 9 0.949738 6 0.050262
  9 2.793442 0.332646 67.174240 0.855988 0.515803 -0.035094 0.881444 0.259837 1 9 1.000000
  9 2.577063 0.172665 66.140617 0.859313 0.296778 -0.416538 0.880543 0.223176 2 9 0.929372 6 0.070628
corpse1
  9 3.002927 0.945479 68.383324 0.966571 0.215959 -0.138207 0.887553 0.302721 1 9 1.000000
  9 2.628645 2.077711 68.392845 0.860283 0.475195 -0.184671 0.903544 0.303059 1 9 1.000000
  9 2.605587 2.203082 69.610352 0.886890 0.429619 0.169862 0.905109 0.346241 1 9 1.000000
corpse1
  9 2.628645 2.077711 68.392845 0.860283 0.475195 -0.184671 0.903544 0.303059 1 9 1.000000
  9 1.997486 2.969410 69.557579 0.660305 0.746525 0.081837 0.921286 0.344369 1 9 1.000000
  9 2.605587 2.203082 69.610352 0.886890 0.429619 0.169862 0.905109 0.346241 1 9 1.000000
corpse1
  9 2.628645 2.077711 68.392845 0.860283 0.475195 -0.184671 0.903544 0.303059 1 9 1.000000
  9 1.932158 2.867821 67.914619 0.688540 0.653533 -0.314335 0.921487 0.286097 1 9 1.000000
  9 1.997486 2.969410 69.557579 0.660305 0.746525 0.081837 0.921286 0.344369 1 9 1.000000
corpse1
  9 1.052112 3.476632 67.912796 0.331384 0.927873 -0.170988 0.944231 0.286032 1 9 1.000000
  9 1.997486 2.969410 69.557579 0.660305 0.746525 0.081837 0.921286 0.344369 1 9 1.000000
  9 1.932158 2.867821 67.914619 0.688540 0.653533 -0.314335 0.921487 0.286097 1 9 1.000000
corpse1
  9 0.725299 2.828993 66.387024 0.343313 0.851296 -0.396777 0.948777 0.231916 2 9 0.931992 2 0.068008
  9 1.052112 3.476632 67.912796 0.331384 0.927873 -0.170988 0.944231 0.286032 1 9 1.000000
  9 1.932158 2.867821 67.914619 0.688540 0.653533 -0.314335 0.921487 0.286097 1 9 1.000000
corpse1
  9 0.725299 2.828993 66.387024 0.343313 0.851296 -0.396777 0.948777 0.231916 2 9 0.931992 2 0.068008
  9 -0.124331 3.591454 67.925491 -0.000763 0.976661 -0.214785 0.975094 0.286482 1 9 1.000000
  9 1.052112 3.476632 67.912796 0.331384 0.927873 -0.170988 0.944231 0.286032 1 9 1.000000
corpse1
  9 0.725299 2.828993 66.387024 0.343313 0.851296 -0.396777 0.948777 0.231916 2 9 0.931992 2 0.068008
  9 -0.124296 2.956212 66.427750 -0.064061 0.927831 -0.367458 0.975354 0.233361 2 9 0.889682 2 0.110318
  9 -0.124331 3.591454 67.925491 -0.000763 0.976661 -0.214785 0.975094 0.286482 1 9 1.000000
corpse1
  9 -0.123759 2.264256 64.283791 0.059541 0.996115 -0.064876 0.975735 0.157318 3 9 0.768090 2 0.175889 3 0.056020
  9 -0.124296 2.956212 66.427750 -0.064061 0.927831 -0.367458 0.975354 0.233361 2 9 0.889682 2 0.110318
  9 0.725299 2.828993 66.387024 0.343313 0.851296 -0.396777 0.948777 0.231916 2 9 0.931992 2 0.068008
corpse1
  9 -0.123759 2.264256 64.283791 0.059541 0.996115 -0.064876 0.975735 0.157318 3 9 0.768090 2 0.175889 3 0.056020
  9 0.725299 2.828993 66.387024 0.343313 0.851296 -0.396777 0.948777 0.231916 2 9 0.931992 2 0.068008
  9 0.640086 2.199123 64.930840 0.401889 0.903350 -0.149815 0.947165 0.180268 3 9 0.821554 2 0.119599 6 0.058847
corpse1
  9 -0.123759 2.264256 64.283791 0.059541 0.996115 -0.064876 0.975735 0.157318 3 9 0.768090 2 0.175889 3 0.056020
  9 0.640086 2.199123 64.930840 0.401889 0.903350 -0.149815 0.947165 0.180268 3 9 0.821554 2 0.119599 6 0.058847
  9 0.847154 2.767013 61.739967 0.247693 0.948250 0.198669 0.944928 0.067094 3 9 0.538963 2 0.276754 6 0.184283
corpse1
  9 0.847154 2.767013 61.739967 0.247693 0.948250 0.198669 0.944928 0.067094 3 9 0.538963 2 0.276754 6 0.184283
  9 0.640086 2.199123 64.930840 0.401889 0.903350 -0.149815 0.947165 0.180268 3 9 0.821554 2 0.119599 6 0.058847
  9 1.313087 1.804491 64.973969 0.645332 0.763731 -0.016170 0.922963 0.181798 3 9 0.752703 6 0.123930 2 0.123367
corpse1
  9 0.847154 2.767013 61.739967 0.247693 0.948250 0.198669 0.944928 0.067094 3 9 0.538963 2 0.276754 6 0.184283
  9 1.313087 1.804491 64.973969 0.645332 0.763731 -0.016170 0.922963 0.181798 3 9 0.752703 6 0.123930 2 0.123367
  9 1.494771 2.444118 61.673401 0.707452 0.682214 0.184651 0.925918 0.064733 3 9 0.531238 6 0.281864 2 0.186898
corpse1
  9 2.150093 0.534159 64.820320 0.901144 0.426425 -0.078104 0.889289 0.176348 2 9 0.864374 6 0.135626
  9 1.494771 2.444118 61.673401 0.707452 0.682214 0.184651 0.925918 0.064733 3 9 0.531238 6 0.281864 2 0.186898
  9 1.313087 1.804491 64.973969 0.645332 0.763731 -0.016170 0.922963 0.181798 3 9 0.752703 6 0.123930 2 0.123367
corpse1
  9 2.150093 0.534159 64.820320 0.901144 0.426425 -0.078104 0.889289 0.176348 2 9 0.864374 6 0.135626
  9 2.076439 1.756926 61.437542 0.936782 0.332402 0.109311 0.907289 0.056368 3 9 0.517416 6 0.388799 2 0.093785
  9 1.494771 2.444118 61.673401 0.707452 0.682214 0.184651 0.925918 0.064733 3 9 0.531238 6 0.281864 2 0.186898
corpse1
  9 2.243316 -0.162492 64.709274 0.997230 -0.021394 -0.071241 0.877361 0.172410 2 9 0.844006 6 0.155994
  9 2.076439 1.756926 61.437542 0.936782 0.332402 0.109311 0.907289 0.056368 3 9 0.517416 6 0.388799 2 0.093785
  9 2.150093 0.534159 64.820320 0.901144 0.426425 -0.078104 0.889289 0.176348 2 9 0.864374 6 0.135626
corpse1
  9 2.243316 -0.162492 64.709274 0.997230 -0.021394 -0.071241 0.877361 0.172410 2 9 0.844006 6 0.155994
  9 2.334774 0.868949 61.150311 0.997792 -0.065943 0.007930 0.892287 0.046180 2 9 0.505540 6 0.494460
  9 2.076439 1.756926 61.437542 0.936782 0.332402 0.109311 0.907289 0.056368 3 9 0.517416 6 0.388799 2 0.093785
corpse1
  9 2.334774 0.868949 61.150311 0.997792 -0.065943 0.007930 0.892287 0.046180 2 9 0.505540 6 0.494460
  9 2.243316 -0.162492 64.709274 0.997230 -0.021394 -0.071241 0.877361 0.172410 2 9 0.844006 6 0.155994
  9 2.065378 -0.785680 63.934601 0.971979 -0.192327 -0.135155 0.867123 0.144933 2 9 0.811807 6 0.188193
corpse1
  9 2.334774 0.868949 61.150311 0.997792 -0.065943 0.007930 0.892287 0.046180 2 9 0.505540 6 0.494460
  9 2.065378 -0.785680 63.934601 0.971979 -0.192327 -0.135155 0.867123 0.144933 2 9 0.811807 6 0.188193
  6 2.195988 0.281728 60.859840 0.909799 -0.407765 -0.077418 0.884886 0.035878 2 6 0.524977 9 0.475023
corpse1
  9 -0.123759 2.264256 64.283791 0.059541 0.996115 -0.064876 0.975735 0.157318 3 9 0.768090 2 0.175889 3 0.056020
  9 0.847154 2.767013 61.739967 0.247693 0.948250 0.198669 0.944928 0.067094 3 9 0.538963 2 0.276754 6 0.184283
  9 -0.123344 2.834005 61.795059 0.034619 0.977359 0.208737 0.975383 0.069048 3 9 0.596071 2 0.306427 3 0.097503
corpse1
  9 1.740171 -2.633321 71.280815 0.646535 -0.463251 0.606128 0.830436 0.405489 1 9 1.000000
  9 0.936320 -2.386394 71.956520 0.361556 -0.408031 0.838325 0.816700 0.429455 1 9 1.000000
  9 0.458129 -2.691390 71.954880 0.193839 -0.435349 0.879146 0.788993 0.429397 1 9 1.000000
corpse1
  9 1.740171 -2.633321 71.280815 0.646535 -0.463251 0.606128 0.830436 0.405489 1 9 1.000000
  9 1.221996 -1.786293 72.044144 0.239671 -0.207701 0.948376 0.839507 0.432563 1 9 1.000000
  9 0.936320 -2.386394 71.956520 0.361556 -0.408031 0.838325 0.816700 0.429455 1 9 1.000000
corpse1
  9 1.740171 -2.633321 71.280815 0.646535 -0.463251 0.606128 0.830436 0.405489 1 9 1.000000
  9 2.181752 -1.644231 71.265213 0.754585 -0.238344 0.611386 0.852114 0.404936 1 9 1.000000
  9 1.221996 -1.786293 72.044144 0.239671 -0.207701 0.948376 0.839507 0.432563 1 9 1.000000
corpse1
  9 2.708368 -1.566244 69.863457 0.935145 -0.254887 0.246042 0.855498 0.355218 1 9 1.000000
  9 2.181752 -1.644231 71.265213 0.754585 -0.238344 0.611386 0.852114 0.404936 1 9 1.000000
  9 1.740171 -2.633321 71.280815 0.646535 -0.463251 0.606128 0.830436 0.405489 1 9 1.000000
corpse1
  9 2.708368 -1.566244 69.863457 0.935145 -0.254887 0.246042 0.855498 0.355218 1 9 1.000000
  9 2.057289 -0.688708 71.700188 0.805662 -0.061807 0.589142 0.868922 0.420363 1 9 1.000000
  9 2.181752 -1.644231 71.265213 0.754585 -0.238344 0.611386 0.852114 0.404936 1 9 1.000000
corpse1
  9 2.708368 -1.566244 69.863457 0.935145 -0.254887 0.246042 0.855498 0.355218 1 9 1.000000
  9 2.931237 -0.398622 69.777786 0.971084 -0.096331 0.218442 0.871390 0.352180 1 9 1.000000
  9 2.057289 -0.688708 71.700188 0.805662 -0.061807 0.589142 0.868922 0.420363 1 9 1.000000
corpse1
  9 2.931237 -0.398622 69.777786 0.971084 -0.096331 0.218442 0.871390 0.352180 1 9 1.000000
  9 2.317343 1.202337 71.134315 0.757013 0.230982 0.611211 0.896979 0.400293 1 9 1.000000
  9 2.057289 -0.688708 71.700188 0.805662 -0.061807 0.589142 0.868922 0.420363 1 9 1.000000
corpse1
  9 2.931237 -0.398622 69.777786 0.971084 -0.096331 0.218442 0.871390 0.352180 1 9 1.000000
  9 2.919002 1.211423 69.655617 0.977807 0.122794 0.169750 0.891210 0.347847 1 9 1.000000
  9 2.317343 1.202337 71.134315 0.757013 0.230982 0.611211 0.896979 0.400293 1 9 1.000000
corpse1
  9 2.605587 2.203082 69.610352 0.886890 0.429619 0.169862 0.905109 0.346241 1 9 1.000000
  9 2.317343 1.202337 71.134315 0.757013 0.230982 0.611211 0.896979 0.400293 1 9 1.000000
  9 2.919002 1.211423 69.655617 0.977807 0.122794 0.169750 0.891210 0.347847 1 9 1.000000
corpse1
  9 2.605587 2.203082 69.610352 0.886890 0.429619 0.169862 0.905109 0.346241 1 9 1.000000
  9 2.045202 2.392997 70.631828 0.601755 0.622458 0.500437 0.914953 0.382471 1 9 1.000000
  9 2.317343 1.202337 71.134315 0.757013 0.230982 0.611211 0.896979 0.400293 1 9 1.000000
corpse1
  9 2.605587 2.203082 69.610352 0.886890 0.429619 0.169862 0.905109 0.346241 1 9 1.000000
  9 1.997486 2.969410 69.557579 0.660305 0.746525 0.081837 0.921286 0.344369 1 9 1.000000
  9 2.045202 2.392997 70.631828 0.601755 0.622458 0.500437 0.914953 0.382471 1 9 1.000000
corpse1
  9 1.132826 3.485600 69.525497 0.351340 0.913527 0.205008 0.942437 0.343231 1 9 1.000000
  9 2.045202 2.392997 70.631828 0.601755 0.622458 0.500437 0.914953 0.382471 1 9 1.000000
  9 1.997486 2.969410 69.557579 0.660305 0.746525 0.081837 0.921286 0.344369 1 9 1.000000
corpse1
  9 1.052112 3.476632 67.912796 0.331384 0.927873 -0.170988 0.944231 0.286032 1 9 1.000000
  9 1.132826 3.485600 69.525497 0.351340 0.913527 0.205008 0.942437 0.343231 1 9 1.000000
  9 1.997486 2.969410 69.557579 0.660305 0.746525 0.081837 0.921286 0.344369 1 9 1.000000
corpse1
  9 1.052112 3.476632 67.912796 0.331384 0.927873 -0.170988 0.944231 0.286032 1 9 1.000000
  9 -0.124278 3.637801 69.273438 0.021366 0.989803 0.140830 0.975076 0.334291 1 9 1.000000
  9 1.132826 3.485600 69.525497 0.351340 0.913527 0.205008 0.942437 0.343231 1 9 1.000000
corpse1
  9 1.052112 3.476632 67.912796 0.331384 0.927873 -0.170988 0.944231 0.286032 1 9 1.000000
  9 -0.124331 3.591454 67.925491 -0.000763 0.976661 -0.214785 0.975094 0.286482 1 9 1.000000
  9 -0.124278 3.637801 69.273438 0.021366 0.989803 0.140830 0.975076 0.334291 1 9 1.000000
corpse1
  9 -0.124296 2.311822 71.600410 0.022372 0.640043 0.768013 0.975723 0.416825 1 9 1.000000
  9 0.384173 2.312867 71.599510 0.093137 0.564036 0.820481 0.956809 0.416793 1 9 1.000000
  9 0.926256 3.178878 70.580673 0.214038 0.806406 0.551269 0.945495 0.380656 1 9 1.000000
corpse1
  9 -0.124296 2.311822 71.600410 0.022372 0.640043 0.768013 0.975723 0.416825 1 9 1.000000
  9 0.926256 3.178878 70.580673 0.214038 0.806406 0.551269 0.945495 0.380656 1 9 1.000000
  9 -0.124296 3.146148 70.777542 -0.006901 0.856981 0.515302 0.975267 0.387639 1 9 1.000000
corpse1
  9 -0.124278 3.637801 69.273438 0.021366 0.989803 0.140830 0.975076 0.334291 1 9 1.000000
  9 -0.124296 3.146148 70.777542 -0.006901 0.856981 0.515302 0.975267 0.387639 1 9 1.000000
  9 0.926256 3.178878 70.580673 0.214038 0.806406 0.551269 0.945495 0.380656 1 9 1.000000
corpse1
  9 -0.124278 3.637801 69.273438 0.021366 0.989803 0.140830 0.975076 0.334291 1 9 1.000000
  9 0.926256 3.178878 70.580673 0.214038 0.806406 0.551269 0.945495 0.380656 1 9 1.000000
  9 1.132826 3.485600 69.525497 0.351340 0.913527 0.205008 0.942437 0.343231 1 9 1.000000
corpse1
  9 1.132826 3.485600 69.525497 0.351340 0.913527 0.205008 0.942437 0.343231 1 9 1.000000
  9 0.926256 3.178878 70.580673 0.214038 0.806406 0.551269 0.945495 0.380656 1 9 1.000000
  9 2.045202 2.392997 70.631828 0.601755 0.622458 0.500437 0.914953 0.382471 1 9 1.000000
corpse1
  9 0.926256 3.178878 70.580673 0.214038 0.806406 0.551269 0.945495 0.380656 1 9 1.000000
  9 0.680031 2.050084 71.708038 0.354024 0.534732 0.767286 0.944593 0.420642 1 9 1.000000
  9 2.045202 2.392997 70.631828 0.601755 0.622458 0.500437 0.914953 0.382471 1 9 1.000000
corpse1
  9 2.317343 1.202337 71.134315 0.757013 0.230982 0.611211 0.896979 0.400293 1 9 1.000000
  9 2.045202 2.392997 70.631828 0.601755 0.622458 0.500437 0.914953 0.382471 1 9 1.000000
  9 0.680031 2.050084 71.708038 0.354024 0.534732 0.767286 0.944593 0.420642 1 9 1.000000
corpse1
  9 2.317343 1.202337 71.134315 0.757013 0.230982 0.611211 0.896979 0.400293 1 9 1.000000
  9 0.680031 2.050084 71.708038 0.354024 0.534732 0.767286 0.944593 0.420642 1 9 1.000000
  9 1.133581 1.063707 72.135017 0.262392 0.322978 0.909305 0.916859 0.435786 1 9 1.000000
corpse1
  9 2.317343 1.202337 71.134315 0.757013 0.230982 0.611211 0.896979 0.400293 1 9 1.000000
  9 1.133581 1.063707 72.135017 0.262392 0.322978 0.909305 0.916859 0.435786 1 9 1.000000
  9 1.369630 0.066954 72.191864 0.254916 0.001468 0.966962 0.890468 0.437802 1 9 1.000000
corpse1
  9 2.317343 1.202337 71.134315 0.757013 0.230982 0.611211 0.896979 0.400293 1 9 1.000000
  9 1.369630 0.066954 72.191864 0.254916 0.001468 0.966962 0.890468 0.437802 1 9 1.000000
  9 1.350904 -0.777004 72.150421 0.628899 -0.081323 0.773222 0.868723 0.436332 1 9 1.000000
corpse1
  9 2.317343 1.202337 71.134315 0.757013 0.230982 0.611211 0.896979 0.400293 1 9 1.000000
  9 1.350904 -0.777004 72.150421 0.628899 -0.081323 0.773222 0.868723 0.436332 1 9 1.000000
  9 2.057289 -0.688708 71.700188 0.805662 -0.061807 0.589142 0.868922 0.420363 1 9 1.000000
corpse1
  9 2.181752 -1.644231 71.265213 0.754585 -0.238344 0.611386 0.852114 0.404936 1 9 1.000000
  9 2.057289 -0.688708 71.700188 0.805662 -0.061807 0.589142 0.868922 0.420363 1 9 1.000000
  9 1.350904 -0.777004 72.150421 0.628899 -0.081323 0.773222 0.868723 0.436332 1 9 1.000000
corpse1
  9 2.181752 -1.644231 71.265213 0.754585 -0.238344 0.611386 0.852114 0.404936 1 9 1.000000
  9 1.350904 -0.777004 72.150421 0.628899 -0.081323 0.773222 0.868723 0.436332 1 9 1.000000
  9 1.221996 -1.786293 72.044144 0.239671 -0.207701 0.948376 0.839507 0.432563 1 9 1.000000
corpse1
  9 0.926256 3.178878 70.580673 0.214038 0.806406 0.551269 0.945495 0.380656 1 9 1.000000
  9 0.384173 2.312867 71.599510 0.093137 0.564036 0.820481 0.956809 0.416793 1 9 1.000000
  9 0.680031 2.050084 71.708038 0.354024 0.534732 0.767286 0.944593 0.420642 1 9 1.000000
corpse1
  9 1.350904 -0.777004 72.150421 -0.469745 -0.032897 0.882189 0.868723 0.436332 1 9 1.000000
  9 1.369630 0.066954 72.191864 0.254916 0.001468 0.966962 0.890468 0.437802 1 9 1.000000
  9 1.221996 -1.786293 72.044144 0.239671 -0.207701 0.948376 0.839507 0.432563 1 9 1.000000
corpse1
  9 3.093425 -0.078965 66.520332 0.915720 0.157943 -0.369474 0.880095 0.219611 1 9 1.000000
  9 2.947941 -0.438188 66.473282 0.873089 -0.480778 -0.081045 0.868532 0.214873 1 9 1.000000
  9 2.932944 -0.406006 66.313629 0.824732 -0.183571 -0.534900 0.869876 0.198796 1 9 1.000000
corpse1
  9 3.093425 -0.078965 66.520332 0.915720 0.157943 -0.369474 0.880095 0.219611 1 9 1.000000
  9 3.057230 -0.175869 66.523567 0.881955 -0.470779 -0.022863 0.877298 0.219937 1 9 1.000000
  9 2.947941 -0.438188 66.473282 0.873089 -0.480778 -0.081045 0.868532 0.214873 1 9 1.000000
corpse1
  9 2.915692 -0.400598 66.645393 0.921051 -0.385033 -0.058428 0.870192 0.232204 1 9 1.000000
  9 2.947941 -0.438188 66.473282 0.873089 -0.480778 -0.081045 0.868532 0.214873 1 9 1.000000
  9 3.057230 -0.175869 66.523567 0.881955 -0.470779 -0.022863 0.877298 0.219937 1 9 1.000000
corpse1
  9 3.057230 -0.175869 66.523567 0.881955 -0.470779 -0.022863 0.877298 0.219937 1 9 1.000000
  9 3.034833 -0.166698 66.759087 0.845443 -0.487645 -0.217780 0.877878 0.243654 1 9 1.000000
  9 2.915692 -0.400598 66.645393 0.921051 -0.385033 -0.058428 0.870192 0.232204 1 9 1.000000
corpse1
  9 3.034833 -0.166698 66.759087 0.845443 -0.487645 -0.217780 0.877878 0.243654 1 9 1.000000
  9 2.974571 -0.461848 66.760880 0.918397 -0.197980 -0.342566 0.867519 0.243834 1 9 1.000000
  9 2.915692 -0.400598 66.645393 0.921051 -0.385033 -0.058428 0.870192 0.232204 1 9 1.000000
corpse1
  9 3.034833 -0.166698 66.759087 0.845443 -0.487645 -0.217780 0.877878 0.243654 1 9 1.000000
  9 3.054778 -0.367317 66.986565 0.925669 -0.254565 -0.279880 0.870644 0.266561 1 9 1.000000
  9 2.974571 -0.461848 66.760880 0.918397 -0.197980 -0.342566 0.867519 0.243834 1 9 1.000000
corpse1
  9 3.075029 -0.436353 67.127075 0.970299 -0.235936 0.053414 0.868131 0.280710 1 9 1.000000
  9 2.974571 -0.461848 66.760880 0.918397 -0.197980 -0.342566 0.867519 0.243834 1 9 1.000000
  9 3.054778 -0.367317 66.986565 0.925669 -0.254565 -0.279880 0.870644 0.266561 1 9 1.000000
corpse1
  9 3.075029 -0.436353 67.127075 0.970299 -0.235936 0.053414 0.868131 0.280710 1 9 1.000000
  9 3.054778 -0.367317 66.986565 0.925669 -0.254565 -0.279880 0.870644 0.266561 1 9 1.000000
  9 3.161484 -0.130010 67.066727 0.991247 -0.125134 -0.042071 0.877650 0.274633 1 9 1.000000
corpse1
  9 3.075029 -0.436353 67.127075 0.970299 -0.235936 0.053414 0.868131 0.280710 1 9 1.000000
  9 3.161484 -0.130010 67.066727 0.991247 -0.125134 -0.042071 0.877650 0.274633 1 9 1.000000
  9 3.128406 -0.104796 67.158463 0.917152 0.126676 0.377869 0.878821 0.283871 1 9 1.000000
corpse1
  9 3.128406 -0.104796 67.158463 0.917152 0.126676 0.377869 0.878821 0.283871 1 9 1.000000
  9 3.161484 -0.130010 67.066727 0.991247 -0.125134 -0.042071 0.877650 0.274633 1 9 1.000000
  9 3.153168 -0.017263 66.901543 0.995117 -0.095146 -0.026253 0.881253 0.257999 1 9 1.000000
corpse1
  9 3.128406 -0.104796 67.158463 0.917152 0.126676 0.377869 0.878821 0.283871 1 9 1.000000
  9 3.153168 -0.017263 66.901543 0.995117 -0.095146 -0.026253 0.881253 0.257999 1 9 1.000000
  9 3.176749 0.054723 66.930130 0.948957 -0.306604 -0.073984 0.883103 0.260878 1 9 1.000000
corpse1
  9 3.057230 -0.175869 66.523567 0.881955 -0.470779 -0.022863 0.877298 0.219937 1 9 1.000000
  9 3.176749 0.054723 66.930130 0.948957 -0.306604 -0.073984 0.883103 0.260878 1 9 1.000000
  9 3.153168 -0.017263 66.901543 0.995117 -0.095146 -0.026253 0.881253 0.257999 1 9 1.000000
corpse1
  9 3.057230 -0.175869 66.523567 0.881955 -0.470779 -0.022863 0.877298 0.219937 1 9 1.000000
  9 3.093425 -0.078965 66.520332 0.915720 0.157943 -0.369474 0.880095 0.219611 1 9 1.000000
  9 3.176749 0.054723 66.930130 0.948957 -0.306604 -0.073984 0.883103 0.260878 1 9 1.000000
corpse1
  9 3.161484 -0.130010 67.066727 0.991247 -0.125134 -0.042071 0.877650 0.274633 1 9 1.000000
  9 3.054778 -0.367317 66.986565 0.925669 -0.254565 -0.279880 0.870644 0.266561 1 9 1.000000
  9 3.034833 -0.166698 66.759087 0.845443 -0.487645 -0.217780 0.877878 0.243654 1 9 1.000000
corpse1
  9 3.057230 -0.175869 66.523567 0.881955 -0.470779 -0.022863 0.877298 0.219937 1 9 1.000000
  9 3.153168 -0.017263 66.901543 0.995117 -0.095146 -0.026253 0.881253 0.257999 1 9 1.000000
  9 3.161484 -0.130010 67.066727 0.991247 -0.125134 -0.042071 0.877650 0.274633 1 9 1.000000
corpse1
  9 3.057230 -0.175869 66.523567 0.881955 -0.470779 -0.022863 0.877298 0.219937 1 9 1.000000
  9 3.161484 -0.130010 67.066727 0.156308 -0.986271 0.053269 0.877650 0.274633 1 9 1.000000
  9 3.034833 -0.166698 66.759087 0.845443 -0.487645 -0.217780 0.877878 0.243654 1 9 1.000000
corpse1
  9 2.897918 -0.394180 67.609566 0.945704 0.166243 0.279299 0.871526 0.275277 1 9 1.000000
  9 3.075029 -0.436353 67.127075 0.970299 -0.235936 0.053414 0.868131 0.280710 1 9 1.000000
  9 3.128406 -0.104796 67.158463 0.917152 0.126676 0.377869 0.878821 0.283871 1 9 1.000000
corpse1
  9 2.154429 -3.429489 67.670059 0.825876 -0.563751 0.010696 0.825084 0.277423 1 9 1.000000
  9 2.604541 -2.170637 66.426895 0.936404 -0.218596 -0.274522 0.846613 0.233330 1 9 1.000000
  9 2.593405 -2.272785 67.275070 0.959227 -0.281816 0.021534 0.845139 0.263413 1 9 1.000000
corpse1
  9 2.604541 -2.170637 66.426895 0.936404 -0.218596 -0.274522 0.846613 0.233330 1 9 1.000000
  9 2.974571 -0.461848 66.760880 0.968687 -0.201870 -0.144544 0.867519 0.243834 1 9 1.000000
  9 2.593405 -2.272785 67.275070 0.959227 -0.281816 0.021534 0.845139 0.263413 1 9 1.000000
corpse1
  9 2.974571 -0.461848 66.760880 0.968687 -0.201870 -0.144544 0.867519 0.243834 1 9 1.000000
  9 2.958830 -0.814436 67.939964 0.999687 -0.025020 -0.000446 0.865952 0.286996 1 9 1.000000
  9 2.593405 -2.272785 67.275070 0.959227 -0.281816 0.021534 0.845139 0.263413 1 9 1.000000
corpse1
  9 2.974571 -0.461848 66.760880 0.968687 -0.201870 -0.144544 0.867519 0.243834 1 9 1.000000
  9 2.897918 -0.394180 67.609566 0.945704 0.166243 0.279299 0.871526 0.275277 1 9 1.000000
  9 2.958830 -0.814436 67.939964 0.999687 -0.025020 -0.000446 0.865952 0.286996 1 9 1.000000
corpse1
  9 2.958830 -0.814436 67.939964 0.999687 -0.025020 -0.000446 0.865952 0.286996 1 9 1.000000
  9 2.897918 -0.394180 67.609566 0.945704 0.166243 0.279299 0.871526 0.275277 1 9 1.000000
  9 2.793442 0.332646 67.174240 0.855988 0.515803 -0.035094 0.881444 0.259837 1 9 1.000000
corpse1
  9 2.897918 -0.394180 67.609566 0.945704 0.166243 0.279299 0.871526 0.275277 1 9 1.000000
  9 3.128406 -0.104796 67.158463 0.917152 0.126676 0.377869 0.878821 0.283871 1 9 1.000000
  9 2.793442 0.332646 67.174240 0.855988 0.515803 -0.035094 0.881444 0.259837 1 9 1.000000
corpse1
  9 2.793442 0.332646 67.174240 0.855988 0.515803 -0.035094 0.881444 0.259837 1 9 1.000000
  9 3.128406 -0.104796 67.158463 0.917152 0.126676 0.377869 0.878821 0.283871 1 9 1.000000
  9 3.176749 0.054723 66.930130 0.619913 0.780016 0.085344 0.883103 0.260878 1 9 1.000000
corpse1
  9 3.093425 -0.078965 66.520332 0.915720 0.157943 -0.369474 0.880095 0.219611 1 9 1.000000
  9 2.793442 0.332646 67.174240 0.855988 0.515803 -0.035094 0.881444 0.259837 1 9 1.000000
  9 3.176749 0.054723 66.930130 0.619913 0.780016 0.085344 0.883103 0.260878 1 9 1.000000
corpse1
  9 2.793442 0.332646 67.174240 0.855988 0.515803 -0.035094 0.881444 0.259837 1 9 1.000000
  9 3.093425 -0.078965 66.520332 0.915720 0.157943 -0.369474 0.880095 0.219611 1 9 1.000000
  9 2.577063 0.172665 66.140617 0.859313 0.296778 -0.416538 0.880543 0.223176 2 9 0.929372 6 0.070628
corpse1
  9 2.577063 0.172665 66.140617 0.859313 0.296778 -0.416538 0.880543 0.223176 2 9 0.929372 6 0.070628
  9 3.093425 -0.078965 66.520332 0.915720 0.157943 -0.369474 0.880095 0.219611 1 9 1.000000
  9 2.932944 -0.406006 66.313629 0.824732 -0.183571 -0.534900 0.869876 0.198796 1 9 1.000000
corpse1
  9 2.577063 0.172665 66.140617 0.859313 0.296778 -0.416538 0.880543 0.223176 2 9 0.929372 6 0.070628
  9 2.932944 -0.406006 66.313629 0.824732 -0.183571 -0.534900 0.869876 0.198796 1 9 1.000000
  9 2.089301 -1.278563 65.551567 0.926551 -0.248281 -0.282596 0.859242 0.202284 2 9 0.936684 6 0.063316
corpse1
  9 2.089301 -1.278563 65.551567 0.926551 -0.248281 -0.282596 0.859242 0.202284 2 9 0.936684 6 0.063316
  9 2.932944 -0.406006 66.313629 0.824732 -0.183571 -0.534900 0.869876 0.198796 1 9 1.000000
  9 2.947941 -0.438188 66.473282 0.873089 -0.480778 -0.081045 0.868532 0.214873 1 9 1.000000
corpse1
  9 2.089301 -1.278563 65.551567 0.926551 -0.248281 -0.282596 0.859242 0.202284 2 9 0.936684 6 0.063316
  9 2.947941 -0.438188 66.473282 0.873089 -0.480778 -0.081045 0.868532 0.214873 1 9 1.000000
  9 2.974571 -0.461848 66.760880 0.968687 -0.201870 -0.144544 0.867519 0.243834 1 9 1.000000
corpse1
  9 2.604541 -2.170637 66.426895 0.936404 -0.218596 -0.274522 0.846613 0.233330 1 9 1.000000
  9 2.089301 -1.278563 65.551567 0.926551 -0.248281 -0.282596 0.859242 0.202284 2 9 0.936684 6 0.063316
  9 2.974571 -0.461848 66.760880 0.968687 -0.201870 -0.144544 0.867519 0.243834 1 9 1.000000
corpse1
  9 2.089301 -1.278563 65.551567 0.926551 -0.248281 -0.282596 0.859242 0.202284 2 9 0.936684 6 0.063316
  9 2.604541 -2.170637 66.426895 0.936404 -0.218596 -0.274522 0.846613 0.233330 1 9 1.000000
  9 1.420522 -3.111290 64.583397 0.844225 -0.492322 -0.211904 0.817824 0.196568 1 9 1.000000
corpse1
  9 1.420522 -3.111290 64.583397 0.844225 -0.492322 -0.211904 0.817824 0.196568 1 9 1.000000
  9 2.604541 -2.170637 66.426895 0.936404 -0.218596 -0.274522 0.846613 0.233330 1 9 1.000000
  9 1.909111 -4.035042 66.058594 0.453004 -0.881922 -0.130388 0.813980 0.236835 1 9 1.000000
corpse1
  9 1.420522 -3.111290 64.583397 0.844225 -0.492322 -0.211904 0.817824 0.196568 1 9 1.000000
  9 1.909111 -4.035042 66.058594 0.453004 -0.881922 -0.130388 0.813980 0.236835 1 9 1.000000
  9 0.600068 -3.589741 64.425926 0.389778 -0.919594 -0.049190 0.784344 0.162134 1 9 1.000000
corpse1
  9 0.600068 -3.589741 64.425926 0.389778 -0.919594 -0.049190 0.784344 0.162134 1 9 1.000000
  9 1.909111 -4.035042 66.058594 0.453004 -0.881922 -0.130388 0.813980 0.236835 1 9 1.000000
  9 0.631174 -3.916474 65.885635 0.383023 -0.917691 -0.105531 0.778040 0.214133 1 9 1.000000
corpse1
  9 2.154429 -3.429489 67.670059 0.825876 -0.563751 0.010696 0.825084 0.277423 1 9 1.000000
  9 1.909111 -4.035042 66.058594 0.453004 -0.881922 -0.130388 0.813980 0.236835 1 9 1.000000
  9 2.604541 -2.170637 66.426895 0.936404 -0.218596 -0.274522 0.846613 0.233330 1 9 1.000000
corpse1
  9 0.680170 -3.816674 66.284866 0.353502 -0.926117 -0.131695 0.780140 0.228293 1 9 1.000000
  9 0.631174 -3.916474 65.885635 0.383023 -0.917691 -0.105531 0.778040 0.214133 1 9 1.000000
  9 1.909111 -4.035042 66.058594 0.453004 -0.881922 -0.130388 0.813980 0.236835 1 9 1.000000
corpse1
  9 0.631174 -3.916474 65.885635 0.383023 -0.917691 -0.105531 0.778040 0.214133 1 9 1.000000
  9 0.680170 -3.816674 66.284866 0.353502 -0.926117 -0.131695 0.780140 0.228293 1 9 1.000000
  9 0.427428 -4.190063 66.341011 0.463298 -0.837720 -0.289101 0.769700 0.230284 1 9 1.000000
corpse1
  9 0.101173 -4.209242 65.871407 0.116776 -0.992660 0.031447 0.759385 0.217910 1 9 1.000000
  9 0.631174 -3.916474 65.885635 0.383023 -0.917691 -0.105531 0.778040 0.214133 1 9 1.000000
  9 0.427428 -4.190063 66.341011 0.463298 -0.837720 -0.289101 0.769700 0.230284 1 9 1.000000
corpse1
  9 0.631174 -3.916474 65.885635 0.383023 -0.917691 -0.105531 0.778040 0.214133 1 9 1.000000
  9 0.146901 -4.107194 65.466499 0.326738 -0.921582 -0.209591 0.762081 0.199267 1 9 1.000000
  9 0.600068 -3.589741 64.425926 0.389778 -0.919594 -0.049190 0.784344 0.162134 1 9 1.000000
corpse1
  9 0.101173 -4.209242 65.871407 0.116776 -0.992660 0.031447 0.759385 0.217910 1 9 1.000000
  9 0.146901 -4.107194 65.466499 0.326738 -0.921582 -0.209591 0.762081 0.199267 1 9 1.000000
  9 0.631174 -3.916474 65.885635 0.383023 -0.917691 -0.105531 0.778040 0.214133 1 9 1.000000
corpse1
  9 -0.829015 -4.209337 65.507401 -0.044925 -0.949525 -0.310457 0.732528 0.200717 1 9 1.000000
  9 0.146901 -4.107194 65.466499 0.326738 -0.921582 -0.209591 0.762081 0.199267 1 9 1.000000
  9 0.101173 -4.209242 65.871407 0.116776 -0.992660 0.031447 0.759385 0.217910 1 9 1.000000
corpse1
  9 -0.829015 -4.209337 65.507401 -0.044925 -0.949525 -0.310457 0.732528 0.200717 1 9 1.000000
  9 0.101173 -4.209242 65.871407 0.116776 -0.992660 0.031447 0.759385 0.217910 1 9 1.000000
  9 -0.401132 -4.230595 65.894547 0.151653 -0.950215 0.272199 0.748377 0.217083 1 9 1.000000
corpse1
  9 -1.170910 -4.389326 65.903770 -0.232734 -0.923862 -0.303832 0.719603 0.214776 1 9 1.000000
  9 -0.829015 -4.209337 65.507401 -0.044925 -0.949525 -0.310457 0.732528 0.200717 1 9 1.000000
  9 -0.401132 -4.230595 65.894547 0.151653 -0.950215 0.272199 0.748377 0.217083 1 9 1.000000
corpse1
  9 -0.401132 -4.230595 65.894547 0.151653 -0.950215 0.272199 0.748377 0.217083 1 9 1.000000
  9 -0.870532 -4.188419 66.199326 0.447789 -0.893324 0.038163 0.731582 0.225920 1 9 1.000000
  9 -1.170910 -4.389326 65.903770 -0.232734 -0.923862 -0.303832 0.719603 0.214776 1 9 1.000000
corpse1
  9 -1.005434 -4.447456 66.477776 0.052697 -0.986099 -0.157580 0.724667 0.235135 1 9 1.000000
  9 -1.170910 -4.389326 65.903770 -0.232734 -0.923862 -0.303832 0.719603 0.214776 1 9 1.000000
  9 -0.870532 -4.188419 66.199326 0.447789 -0.893324 0.038163 0.731582 0.225920 1 9 1.000000
corpse1
  9 -0.376094 -3.977593 66.352753 0.268357 -0.947482 -0.173962 0.750580 0.228682 1 9 1.000000
  9 -1.005434 -4.447456 66.477776 0.052697 -0.986099 -0.157580 0.724667 0.235135 1 9 1.000000
  9 -0.870532 -4.188419 66.199326 0.447789 -0.893324 0.038163 0.731582 0.225920 1 9 1.000000
corpse1
  9 -0.376094 -3.977593 66.352753 0.268357 -0.947482 -0.173962 0.750580 0.228682 1 9 1.000000
  9 -0.181267 -4.513525 67.071823 0.034188 -0.943073 -0.330825 0.752156 0.256204 1 9 1.000000
  9 -1.005434 -4.447456 66.477776 0.052697 -0.986099 -0.157580 0.724667 0.235135 1 9 1.000000
corpse1
  9 -0.181267 -4.513525 67.071823 0.034188 -0.943073 -0.330825 0.752156 0.256204 1 9 1.000000
  9 -0.376094 -3.977593 66.352753 0.268357 -0.947482 -0.173962 0.750580 0.228682 1 9 1.000000
  9 0.026024 -3.959910 66.250633 -0.206515 -0.786342 -0.582252 0.756273 0.227078 1 9 1.000000
corpse1
  9 -0.181267 -4.513525 67.071823 0.034188 -0.943073 -0.330825 0.752156 0.256204 1 9 1.000000
  9 0.026024 -3.959910 66.250633 -0.206515 -0.786342 -0.582252 0.756273 0.227078 1 9 1.000000
  9 0.427428 -4.190063 66.341011 0.463298 -0.837720 -0.289101 0.769700 0.230284 1 9 1.000000
corpse1
  9 0.427428 -4.190063 66.341011 0.463298 -0.837720 -0.289101 0.769700 0.230284 1 9 1.000000
  9 0.509500 -4.395080 67.271042 0.498572 -0.865849 -0.041607 0.775179 0.263270 1 9 1.000000
  9 -0.181267 -4.513525 67.071823 0.034188 -0.943073 -0.330825 0.752156 0.256204 1 9 1.000000
corpse1
  9 0.427428 -4.190063 66.341011 0.463298 -0.837720 -0.289101 0.769700 0.230284 1 9 1.000000
  9 0.680170 -3.816674 66.284866 0.353502 -0.926117 -0.131695 0.780140 0.228293 1 9 1.000000
  9 0.509500 -4.395080 67.271042 0.498572 -0.865849 -0.041607 0.775179 0.263270 1 9 1.000000
corpse1
  9 1.347131 -4.108211 67.086906 0.139187 -0.966692 -0.214788 0.800221 0.261398 1 9 1.000000
  9 0.509500 -4.395080 67.271042 0.498572 -0.865849 -0.041607 0.775179 0.263270 1 9 1.000000
  9 0.680170 -3.816674 66.284866 0.353502 -0.926117 -0.131695 0.780140 0.228293 1 9 1.000000
corpse1
  9 1.347131 -4.108211 67.086906 0.139187 -0.966692 -0.214788 0.800221 0.261398 1 9 1.000000
  9 0.680170 -3.816674 66.284866 0.353502 -0.926117 -0.131695 0.780140 0.228293 1 9 1.000000
  9 1.909111 -4.035042 66.058594 0.453004 -0.881922 -0.130388 0.813980 0.236835 1 9 1.000000
corpse1
  9 1.665830 -3.878824 67.705421 0.611274 -0.790807 0.031121 0.813029 0.278677 1 9 1.000000
  9 1.347131 -4.108211 67.086906 0.139187 -0.966692 -0.214788 0.800221 0.261398 1 9 1.000000
  9 1.909111 -4.035042 66.058594 0.453004 -0.881922 -0.130388 0.813980 0.236835 1 9 1.000000
corpse1
  9 1.909111 -4.035042 66.058594 0.453004 -0.881922 -0.130388 0.813980 0.236835 1 9 1.000000
  9 2.154429 -3.429489 67.670059 0.825876 -0.563751 0.010696 0.825084 0.277423 1 9 1.000000
  9 1.665830 -3.878824 67.705421 0.611274 -0.790807 0.031121 0.813029 0.278677 1 9 1.000000
corpse1
  9 1.665830 -3.878824 67.705421 0.611274 -0.790807 0.031121 0.813029 0.278677 1 9 1.000000
  9 2.154429 -3.429489 67.670059 0.825876 -0.563751 0.010696 0.825084 0.277423 1 9 1.000000
  9 1.410258 -4.127639 68.002724 0.458993 -0.860620 -0.220589 0.804550 0.289222 1 9 1.000000
corpse1
  9 -0.870532 -4.188419 66.199326 0.447789 -0.893324 0.038163 0.731582 0.225920 1 9 1.000000
  9 -0.401132 -4.230595 65.894547 0.151653 -0.950215 0.272199 0.748377 0.217083 1 9 1.000000
  9 -0.376094 -3.977593 66.352753 0.268357 -0.947482 -0.173962 0.750580 0.228682 1 9 1.000000
corpse1
  9 -0.401132 -4.230595 65.894547 0.151653 -0.950215 0.272199 0.748377 0.217083 1 9 1.000000
  9 0.026024 -3.959910 66.250633 -0.106543 -0.860328 0.498482 0.756273 0.227078 1 9 1.000000
  9 -0.376094 -3.977593 66.352753 0.268357 -0.947482 -0.173962 0.750580 0.228682 1 9 1.000000
corpse1
  9 0.101173 -4.209242 65.871407 0.116776 -0.992660 0.031447 0.759385 0.217910 1 9 1.000000
  9 0.026024 -3.959910 66.250633 -0.106543 -0.860328 0.498482 0.756273 0.227078 1 9 1.000000
  9 -0.401132 -4.230595 65.894547 0.151653 -0.950215 0.272199 0.748377 0.217083 1 9 1.000000
corpse1
  9 0.101173 -4.209242 65.871407 0.116776 -0.992660 0.031447 0.759385 0.217910 1 9 1.000000
  9 0.427428 -4.190063 66.341011 -0.522342 -0.756368 0.393786 0.769700 0.230284 1 9 1.000000
  9 0.026024 -3.959910 66.250633 -0.106543 -0.860328 0.498482 0.756273 0.227078 1 9 1.000000
corpse1
  9 0.609974 -4.040997 67.648636 0.642918 -0.760335 -0.092453 0.782010 0.281483 1 9 1.000000
  9 0.509500 -4.395080 67.271042 0.498572 -0.865849 -0.041607 0.775179 0.263270 1 9 1.000000
  9 1.347131 -4.108211 67.086906 0.375191 -0.723888 0.578980 0.800221 0.261398 1 9 1.000000
corpse1
  9 0.220129 -4.557362 67.904991 0.353119 -0.927253 -0.124534 0.764958 0.285755 1 9 1.000000
  9 -0.181267 -4.513525 67.071823 0.034188 -0.943073 -0.330825 0.752156 0.256204 1 9 1.000000
  9 0.509500 -4.395080 67.271042 0.498572 -0.865849 -0.041607 0.775179 0.263270 1 9 1.000000
corpse1
  9 0.509500 -4.395080 67.271042 0.498572 -0.865849 -0.041607 0.775179 0.263270 1 9 1.000000
  9 0.609974 -4.040997 67.648636 0.642918 -0.760335 -0.092453 0.782010 0.281483 1 9 1.000000
  9 0.220129 -4.557362 67.904991 0.353119 -0.927253 -0.124534 0.764958 0.285755 1 9 1.000000
corpse1
  9 0.609974 -4.040997 67.648636 0.642918 -0.760335 -0.092453 0.782010 0.281483 1 9 1.000000
  9 0.894734 -4.600449 68.542862 0.278925 -0.895037 -0.348009 0.785453 0.308379 1 9 1.000000
  9 0.220129 -4.557362 67.904991 0.353119 -0.927253 -0.124534 0.764958 0.285755 1 9 1.000000
corpse1
  9 0.890828 -4.174364 68.034882 0.087968 -0.958959 -0.269555 0.790102 0.290362 1 9 1.000000
  9 0.894734 -4.600449 68.542862 0.278925 -0.895037 -0.348009 0.785453 0.308379 1 9 1.000000
  9 0.609974 -4.040997 67.648636 0.642918 -0.760335 -0.092453 0.782010 0.281483 1 9 1.000000
corpse1
  9 0.890828 -4.174364 68.034882 0.087968 -0.958959 -0.269555 0.790102 0.290362 1 9 1.000000
  9 1.410258 -4.127639 68.002724 0.458993 -0.860620 -0.220589 0.804550 0.289222 1 9 1.000000
  9 0.894734 -4.600449 68.542862 0.278925 -0.895037 -0.348009 0.785453 0.308379 1 9 1.000000
corpse1
  9 1.388371 -4.099855 67.552399 0.379175 -0.925062 -0.022077 0.804351 0.273250 1 9 1.000000
  9 1.410258 -4.127639 68.002724 0.458993 -0.860620 -0.220589 0.804550 0.289222 1 9 1.000000
  9 0.890828 -4.174364 68.034882 0.087968 -0.958959 -0.269555 0.790102 0.290362 1 9 1.000000
corpse1
  9 1.665830 -3.878824 67.705421 0.611274 -0.790807 0.031121 0.813029 0.278677 1 9 1.000000
  9 1.410258 -4.127639 68.002724 0.458993 -0.860620 -0.220589 0.804550 0.289222 1 9 1.000000
  9 1.388371 -4.099855 67.552399 0.379175 -0.925062 -0.022077 0.804351 0.273250 1 9 1.000000
corpse1
  9 1.665830 -3.878824 67.705421 0.611274 -0.790807 0.031121 0.813029 0.278677 1 9 1.000000
  9 1.388371 -4.099855 67.552399 0.379175 -0.925062 -0.022077 0.804351 0.273250 1 9 1.000000
  9 1.347131 -4.108211 67.086906 0.139187 -0.966692 -0.214788 0.800221 0.261398 1 9 1.000000
corpse1
  9 1.388371 -4.099855 67.552399 0.379175 -0.925062 -0.022077 0.804351 0.273250 1 9 1.000000
  9 0.972029 -4.200290 67.511421 -0.126247 -0.981168 -0.146185 0.792282 0.271796 1 9 1.000000
  9 1.347131 -4.108211 67.086906 0.139187 -0.966692 -0.214788 0.800221 0.261398 1 9 1.000000
corpse1
  9 0.609974 -4.040997 67.648636 -0.479949 -0.818202 -0.316534 0.782010 0.281483 1 9 1.000000
  9 1.347131 -4.108211 67.086906 0.139187 -0.966692 -0.214788 0.800221 0.261398 1 9 1.000000
  9 0.972029 -4.200290 67.511421 -0.126247 -0.981168 -0.146185 0.792282 0.271796 1 9 1.000000
corpse1
  9 0.609974 -4.040997 67.648636 -0.479949 -0.818202 -0.316534 0.782010 0.281483 1 9 1.000000
  9 0.972029 -4.200290 67.511421 -0.126247 -0.981168 -0.146185 0.792282 0.271796 1 9 1.000000
  9 0.890828 -4.174364 68.034882 0.087968 -0.958959 -0.269555 0.790102 0.290362 1 9 1.000000
corpse1
  9 1.388371 -4.099855 67.552399 0.379175 -0.925062 -0.022077 0.804351 0.273250 1 9 1.000000
  9 0.890828 -4.174364 68.034882 0.087968 -0.958959 -0.269555 0.790102 0.290362 1 9 1.000000
  9 0.972029 -4.200290 67.511421 -0.126247 -0.981168 -0.146185 0.792282 0.271796 1 9 1.000000
corpse1
  9 2.154429 -3.429489 67.670059 0.825876 -0.563751 0.010696 0.825084 0.277423 1 9 1.000000
  9 1.263107 -4.513349 69.062233 0.488791 -0.866618 0.100288 0.795668 0.326800 1 9 1.000000
  9 1.410258 -4.127639 68.002724 0.458993 -0.860620 -0.220589 0.804550 0.289222 1 9 1.000000
corpse1
  9 0.894734 -4.600449 68.542862 0.278925 -0.895037 -0.348009 0.785453 0.308379 1 9 1.000000
  9 1.410258 -4.127639 68.002724 0.458993 -0.860620 -0.220589 0.804550 0.289222 1 9 1.000000
  9 1.263107 -4.513349 69.062233 0.488791 -0.866618 0.100288 0.795668 0.326800 1 9 1.000000
corpse1
  9 0.894734 -4.600449 68.542862 0.278925 -0.895037 -0.348009 0.785453 0.308379 1 9 1.000000
  9 1.263107 -4.513349 69.062233 0.488791 -0.866618 0.100288 0.795668 0.326800 1 9 1.000000
  9 0.392539 -4.577229 69.126816 0.132220 -0.983413 0.124164 0.770530 0.329091 1 9 1.000000
corpse1
  9 0.220129 -4.557362 67.904991 0.353119 -0.927253 -0.124534 0.764958 0.285755 1 9 1.000000
  9 0.894734 -4.600449 68.542862 0.278925 -0.895037 -0.348009 0.785453 0.308379 1 9 1.000000
  9 0.392539 -4.577229 69.126816 0.132220 -0.983413 0.124164 0.770530 0.329091 1 9 1.000000
corpse1
  9 0.220129 -4.557362 67.904991 0.353119 -0.927253 -0.124534 0.764958 0.285755 1 9 1.000000
  9 0.392539 -4.577229 69.126816 0.132220 -0.983413 0.124164 0.770530 0.329091 1 9 1.000000
  9 -0.342143 -4.707317 68.094643 -0.058669 -0.970763 -0.232761 0.746392 0.292482 1 9 1.000000
corpse1
  9 0.220129 -4.557362 67.904991 0.353119 -0.927253 -0.124534 0.764958 0.285755 1 9 1.000000
  9 -0.342143 -4.707317 68.094643 -0.058669 -0.970763 -0.232761 0.746392 0.292482 1 9 1.000000
  9 -0.181267 -4.513525 67.071823 0.034188 -0.943073 -0.330825 0.752156 0.256204 1 9 1.000000
corpse1
  9 -0.342143 -4.707317 68.094643 -0.058669 -0.970763 -0.232761 0.746392 0.292482 1 9 1.000000
  9 -0.794828 -4.427752 67.414551 -0.424742 -0.815562 0.393005 0.730794 0.268360 1 9 1.000000
  9 -0.181267 -4.513525 67.071823 0.034188 -0.943073 -0.330825 0.752156 0.256204 1 9 1.000000
corpse1
  9 -0.794828 -4.427752 67.414551 -0.424742 -0.815562 0.393005 0.730794 0.268360 1 9 1.000000
  9 -1.005434 -4.447456 66.477776 0.052697 -0.986099 -0.157580 0.724667 0.235135 1 9 1.000000
  9 -0.181267 -4.513525 67.071823 0.034188 -0.943073 -0.330825 0.752156 0.256204 1 9 1.000000
corpse1
  9 -1.005434 -4.447456 66.477776 0.052697 -0.986099 -0.157580 0.724667 0.235135 1 9 1.000000
  9 -0.794828 -4.427752 67.414551 -0.424742 -0.815562 0.393005 0.730794 0.268360 1 9 1.000000
  9 -1.640841 -3.948481 67.478432 -0.399608 -0.881698 0.250843 0.703672 0.270626 1 9 1.000000
corpse1
  9 -2.157610 -4.034525 66.525421 -0.637947 -0.769115 0.038547 0.694718 0.236825 1 9 1.000000
  9 -1.005434 -4.447456 66.477776 0.052697 -0.986099 -0.157580 0.724667 0.235135 1 9 1.000000
  9 -1.640841 -3.948481 67.478432 -0.399608 -0.881698 0.250843 0.703672 0.270626 1 9 1.000000
corpse1
  9 -2.157610 -4.034525 66.525421 -0.637947 -0.769115 0.038547 0.694718 0.236825 1 9 1.000000
  9 -1.640841 -3.948481 67.478432 -0.399608 -0.881698 0.250843 0.703672 0.270626 1 9 1.000000
  9 -1.968167 -3.717076 67.722588 -0.480543 -0.870284 -0.108093 0.694396 0.279286 1 9 1.000000
corpse1
  9 -1.968167 -3.717076 67.722588 -0.480543 -0.870284 -0.108093 0.694396 0.279286 1 9 1.000000
  9 -2.449305 -3.424506 67.709282 -0.829941 -0.556649 -0.036596 0.683339 0.278814 1 9 1.000000
  9 -2.157610 -4.034525 66.525421 -0.637947 -0.769115 0.038547 0.694718 0.236825 1 9 1.000000
corpse1
  9 -2.101678 -4.111304 68.453651 -0.607198 -0.753109 -0.253255 0.696487 0.305215 1 9 1.000000
  9 -2.449305 -3.424506 67.709282 -0.829941 -0.556649 -0.036596 0.683339 0.278814 1 9 1.000000
  9 -1.968167 -3.717076 67.722588 -0.480543 -0.870284 -0.108093 0.694396 0.279286 1 9 1.000000
corpse1
  9 -2.449305 -3.424506 67.709282 -0.829941 -0.556649 -0.036596 0.683339 0.278814 1 9 1.000000
  9 -2.101678 -4.111304 68.453651 -0.607198 -0.753109 -0.253255 0.696487 0.305215 1 9 1.000000
  9 -2.863475 -2.155312 68.162750 -0.965870 -0.252371 0.058349 0.663093 0.294897 1 9 1.000000
corpse1
  9 -1.993582 -3.939875 69.442337 -0.819297 -0.524297 0.232087 0.696456 0.340282 1 9 1.000000
  9 -2.863475 -2.155312 68.162750 -0.965870 -0.252371 0.058349 0.663093 0.294897 1 9 1.000000
  9 -2.101678 -4.111304 68.453651 -0.607198 -0.753109 -0.253255 0.696487 0.305215 1 9 1.000000
corpse1
  9 -1.993582 -3.939875 69.442337 -0.819297 -0.524297 0.232087 0.696456 0.340282 1 9 1.000000
  9 -2.767167 -1.929355 70.034294 -0.938382 -0.243845 0.244907 0.660553 0.361277 1 9 1.000000
  9 -2.863475 -2.155312 68.162750 -0.965870 -0.252371 0.058349 0.663093 0.294897 1 9 1.000000
corpse1
  9 -1.988467 -3.063086 70.919807 -0.723555 -0.514030 0.460697 0.685132 0.392685 1 9 1.000000
  9 -2.767167 -1.929355 70.034294 -0.938382 -0.243845 0.244907 0.660553 0.361277 1 9 1.000000
  9 -1.993582 -3.939875 69.442337 -0.819297 -0.524297 0.232087 0.696456 0.340282 1 9 1.000000
corpse1
  9 -2.767167 -1.929355 70.034294 -0.938382 -0.243845 0.244907 0.660553 0.361277 1 9 1.000000
  9 -1.988467 -3.063086 70.919807 -0.723555 -0.514030 0.460697 0.685132 0.392685 1 9 1.000000
  9 -2.505774 -1.118830 71.301170 -0.790292 -0.142530 0.595922 0.649268 0.406211 1 9 1.000000
corpse1
  9 -2.101678 -4.111304 68.453651 -0.607198 -0.753109 -0.253255 0.696487 0.305215 1 9 1.000000
  9 -1.968167 -3.717076 67.722588 -0.480543 -0.870284 -0.108093 0.694396 0.279286 1 9 1.000000
  9 -1.736730 -3.940418 67.975563 -0.413747 -0.837783 -0.356275 0.701532 0.288258 1 9 1.000000
corpse1
  9 -1.640841 -3.948481 67.478432 -0.399608 -0.881698 0.250843 0.703672 0.270626 1 9 1.000000
  9 -1.736730 -3.940418 67.975563 -0.413747 -0.837783 -0.356275 0.701532 0.288258 1 9 1.000000
  9 -1.968167 -3.717076 67.722588 -0.480543 -0.870284 -0.108093 0.694396 0.279286 1 9 1.000000
corpse1
  9 -1.523996 -4.514845 69.078529 -0.456600 -0.874207 0.165163 0.712010 0.327378 1 9 1.000000
  9 -1.993582 -3.939875 69.442337 -0.819297 -0.524297 0.232087 0.696456 0.340282 1 9 1.000000
  9 -2.101678 -4.111304 68.453651 -0.607198 -0.753109 -0.253255 0.696487 0.305215 1 9 1.000000
corpse1
  9 -1.523996 -4.514845 69.078529 -0.456600 -0.874207 0.165163 0.712010 0.327378 1 9 1.000000
  9 -1.988467 -3.063086 70.919807 -0.723555 -0.514030 0.460697 0.685132 0.392685 1 9 1.000000
  9 -1.993582 -3.939875 69.442337 -0.819297 -0.524297 0.232087 0.696456 0.340282 1 9 1.000000
corpse1
  9 -1.523996 -4.514845 69.078529 -0.456600 -0.874207 0.165163 0.712010 0.327378 1 9 1.000000
  9 -0.989428 -3.678307 71.214188 -0.322321 -0.674042 0.664663 0.718067 0.403126 1 9 1.000000
  9 -1.988467 -3.063086 70.919807 -0.723555 -0.514030 0.460697 0.685132 0.392685 1 9 1.000000
corpse1
  9 -1.988467 -3.063086 70.919807 -0.723555 -0.514030 0.460697 0.685132 0.392685 1 9 1.000000
  9 -0.989428 -3.678307 71.214188 -0.322321 -0.674042 0.664663 0.718067 0.403126 1 9 1.000000
  9 -1.867813 -2.260006 71.608521 -0.593480 -0.369786 0.714870 0.673673 0.417112 1 9 1.000000
corpse1
  9 -2.863475 -2.155312 68.162750 -0.965870 -0.252371 0.058349 0.663093 0.294897 1 9 1.000000
  9 -2.767167 -1.929355 70.034294 -0.938382 -0.243845 0.244907 0.660553 0.361277 1 9 1.000000
  9 -3.255885 -0.052544 69.446327 -0.986867 -0.072452 0.144373 0.635530 0.340423 1 9 1.000000
corpse1
  9 -2.767167 -1.929355 70.034294 -0.938382 -0.243845 0.244907 0.660553 0.361277 1 9 1.000000
  9 -2.565962 1.202345 71.134346 -0.848710 0.149750 0.507214 0.615043 0.400294 1 9 1.000000
  9 -3.255885 -0.052544 69.446327 -0.986867 -0.072452 0.144373 0.635530 0.340423 1 9 1.000000
corpse1
  9 -2.767167 -1.929355 70.034294 -0.938382 -0.243845 0.244907 0.660553 0.361277 1 9 1.000000
  9 -2.505774 -1.118830 71.301170 -0.790292 -0.142530 0.595922 0.649268 0.406211 1 9 1.000000
  9 -2.565962 1.202345 71.134346 -0.848710 0.149750 0.507214 0.615043 0.400294 1 9 1.000000
corpse1
  9 -2.505774 -1.118830 71.301170 -0.790292 -0.142530 0.595922 0.649268 0.406211 1 9 1.000000
  9 -1.616898 0.066868 72.186333 -0.489416 0.045290 0.870873 0.622020 0.437606 1 9 1.000000
  9 -2.565962 1.202345 71.134346 -0.848710 0.149750 0.507214 0.615043 0.400294 1 9 1.000000
corpse1
  9 -2.505774 -1.118830 71.301170 -0.790292 -0.142530 0.595922 0.649268 0.406211 1 9 1.000000
  9 -1.599496 -0.776952 72.150414 -0.367736 -0.101089 0.924419 0.642296 0.436332 1 9 1.000000
  9 -1.616898 0.066868 72.186333 -0.489416 0.045290 0.870873 0.622020 0.437606 1 9 1.000000
corpse1
  9 -1.469856 -1.785417 72.039734 -0.426965 -0.204684 0.880798 0.669240 0.432407 1 9 1.000000
  9 -1.599496 -0.776952 72.150414 -0.367736 -0.101089 0.924419 0.642296 0.436332 1 9 1.000000
  9 -2.505774 -1.118830 71.301170 -0.790292 -0.142530 0.595922 0.649268 0.406211 1 9 1.000000
corpse1
  9 -1.616898 0.066868 72.186333 -0.489416 0.045290 0.870873 0.622020 0.437606 1 9 1.000000
  9 -1.381573 1.063001 72.132988 -0.342716 0.320798 0.882969 0.597062 0.435714 1 9 1.000000
  9 -2.565962 1.202345 71.134346 -0.848710 0.149750 0.507214 0.615043 0.400294 1 9 1.000000
corpse1
  9 -2.505774 -1.118830 71.301170 -0.790292 -0.142530 0.595922 0.649268 0.406211 1 9 1.000000
  9 -1.988467 -3.063086 70.919807 -0.723555 -0.514030 0.460697 0.685132 0.392685 1 9 1.000000
  9 -1.867813 -2.260006 71.608521 -0.593480 -0.369786 0.714870 0.673673 0.417112 1 9 1.000000
corpse1
  9 -1.469856 -1.785417 72.039734 -0.426965 -0.204684 0.880798 0.669240 0.432407 1 9 1.000000
  9 -2.505774 -1.118830 71.301170 -0.790292 -0.142530 0.595922 0.649268 0.406211 1 9 1.000000
  9 -1.867813 -2.260006 71.608521 -0.593480 -0.369786 0.714870 0.673673 0.417112 1 9 1.000000
corpse1
  9 -1.184912 -2.387477 71.956604 -0.320817 -0.364705 0.874109 0.690278 0.429458 1 9 1.000000
  9 -1.469856 -1.785417 72.039734 -0.426965 -0.204684 0.880798 0.669240 0.432407 1 9 1.000000
  9 -1.867813 -2.260006 71.608521 -0.593480 -0.369786 0.714870 0.673673 0.417112 1 9 1.000000
corpse1
  9 -0.989428 -3.678307 71.214188 -0.322321 -0.674042 0.664663 0.718067 0.403126 1 9 1.000000
  9 -1.184912 -2.387477 71.956604 -0.320817 -0.364705 0.874109 0.690278 0.429458 1 9 1.000000
  9 -1.867813 -2.260006 71.608521 -0.593480 -0.369786 0.714870 0.673673 0.417112 1 9 1.000000
corpse1
  9 -0.989428 -3.678307 71.214188 -0.322321 -0.674042 0.664663 0.718067 0.403126 1 9 1.000000
  9 -0.706720 -2.691390 71.954880 -0.145592 -0.418492 0.896475 0.715576 0.429397 1 9 1.000000
  9 -1.184912 -2.387477 71.956604 -0.320817 -0.364705 0.874109 0.690278 0.429458 1 9 1.000000
corpse1
  9 -0.124296 -2.760028 71.954651 0.001539 -0.412168 0.911106 0.751393 0.429389 1 9 1.000000
  9 -0.706720 -2.691390 71.954880 -0.145592 -0.418492 0.896475 0.715576 0.429397 1 9 1.000000
  9 -0.989428 -3.678307 71.214188 -0.322321 -0.674042 0.664663 0.718067 0.403126 1 9 1.000000
corpse1
  9 -0.124296 -2.760028 71.954651 0.001539 -0.412168 0.911106 0.751393 0.429389 1 9 1.000000
  9 -0.989428 -3.678307 71.214188 -0.322321 -0.674042 0.664663 0.718067 0.403126 1 9 1.000000
  9 -0.124906 -3.871441 71.215309 0.002478 -0.731661 0.681664 0.752861 0.403166 1 9 1.000000
corpse1
  9 -0.124906 -3.871441 71.215309 0.002478 -0.731661 0.681664 0.752861 0.403166 1 9 1.000000
  9 0.458129 -2.691390 71.954880 0.193839 -0.435349 0.879146 0.788993 0.429397 1 9 1.000000
  9 -0.124296 -2.760028 71.954651 0.001539 -0.412168 0.911106 0.751393 0.429389 1 9 1.000000
corpse1
  9 -0.124906 -3.871441 71.215309 0.002478 -0.731661 0.681664 0.752861 0.403166 1 9 1.000000
  9 0.636304 -3.728074 71.220398 0.325654 -0.777287 0.538307 0.784357 0.403346 1 9 1.000000
  9 0.458129 -2.691390 71.954880 0.193839 -0.435349 0.879146 0.788993 0.429397 1 9 1.000000
corpse1
  9 1.740171 -2.633321 71.280815 0.646535 -0.463251 0.606128 0.830436 0.405489 1 9 1.000000
  9 0.458129 -2.691390 71.954880 0.193839 -0.435349 0.879146 0.788993 0.429397 1 9 1.000000
  9 0.636304 -3.728074 71.220398 0.325654 -0.777287 0.538307 0.784357 0.403346 1 9 1.000000
corpse1
  9 1.892338 -3.508729 69.911942 0.817363 -0.517554 0.253091 0.820001 0.356938 1 9 1.000000
  9 1.740171 -2.633321 71.280815 0.646535 -0.463251 0.606128 0.830436 0.405489 1 9 1.000000
  9 0.636304 -3.728074 71.220398 0.325654 -0.777287 0.538307 0.784357 0.403346 1 9 1.000000
corpse1
  9 2.708368 -1.566244 69.863457 0.935145 -0.254887 0.246042 0.855498 0.355218 1 9 1.000000
  9 1.740171 -2.633321 71.280815 0.646535 -0.463251 0.606128 0.830436 0.405489 1 9 1.000000
  9 1.892338 -3.508729 69.911942 0.817363 -0.517554 0.253091 0.820001 0.356938 1 9 1.000000
corpse1
  9 2.593405 -2.272785 67.275070 0.959227 -0.281816 0.021534 0.845139 0.263413 1 9 1.000000
  9 2.708368 -1.566244 69.863457 0.935145 -0.254887 0.246042 0.855498 0.355218 1 9 1.000000
  9 1.892338 -3.508729 69.911942 0.817363 -0.517554 0.253091 0.820001 0.356938 1 9 1.000000
corpse1
  9 2.593405 -2.272785 67.275070 0.959227 -0.281816 0.021534 0.845139 0.263413 1 9 1.000000
  9 2.931237 -0.398622 69.777786 0.971084 -0.096331 0.218442 0.871390 0.352180 1 9 1.000000
  9 2.708368 -1.566244 69.863457 0.935145 -0.254887 0.246042 0.855498 0.355218 1 9 1.000000
corpse1
  9 2.593405 -2.272785 67.275070 0.959227 -0.281816 0.021534 0.845139 0.263413 1 9 1.000000
  9 2.958830 -0.814436 67.939964 0.999687 -0.025020 -0.000446 0.865952 0.286996 1 9 1.000000
  9 2.931237 -0.398622 69.777786 0.971084 -0.096331 0.218442 0.871390 0.352180 1 9 1.000000
corpse1
  9 2.958830 -0.814436 67.939964 0.999687 -0.025020 -0.000446 0.865952 0.286996 1 9 1.000000
  9 2.919002 1.211423 69.655617 0.977807 0.122794 0.169750 0.891210 0.347847 1 9 1.000000
  9 2.931237 -0.398622 69.777786 0.971084 -0.096331 0.218442 0.871390 0.352180 1 9 1.000000
corpse1
  9 2.958830 -0.814436 67.939964 0.999687 -0.025020 -0.000446 0.865952 0.286996 1 9 1.000000
  9 3.002927 0.945479 68.383324 0.966571 0.215959 -0.138207 0.887553 0.302721 1 9 1.000000
  9 2.919002 1.211423 69.655617 0.977807 0.122794 0.169750 0.891210 0.347847 1 9 1.000000
corpse1
  9 3.002927 0.945479 68.383324 0.966571 0.215959 -0.138207 0.887553 0.302721 1 9 1.000000
  9 2.605587 2.203082 69.610352 0.886890 0.429619 0.169862 0.905109 0.346241 1 9 1.000000
  9 2.919002 1.211423 69.655617 0.977807 0.122794 0.169750 0.891210 0.347847 1 9 1.000000
corpse1
  9 2.154429 -3.429489 67.670059 0.825876 -0.563751 0.010696 0.825084 0.277423 1 9 1.000000
  9 2.593405 -2.272785 67.275070 0.959227 -0.281816 0.021534 0.845139 0.263413 1 9 1.000000
  9 1.892338 -3.508729 69.911942 0.817363 -0.517554 0.253091 0.820001 0.356938 1 9 1.000000
corpse1
  9 1.892338 -3.508729 69.911942 0.817363 -0.517554 0.253091 0.820001 0.356938 1 9 1.000000
  9 1.263107 -4.513349 69.062233 0.488791 -0.866618 0.100288 0.795668 0.326800 1 9 1.000000
  9 2.154429 -3.429489 67.670059 0.825876 -0.563751 0.010696 0.825084 0.277423 1 9 1.000000
corpse1
  9 1.892338 -3.508729 69.911942 0.817363 -0.517554 0.253091 0.820001 0.356938 1 9 1.000000
  9 0.636304 -3.728074 71.220398 0.325654 -0.777287 0.538307 0.784357 0.403346 1 9 1.000000
  9 1.263107 -4.513349 69.062233 0.488791 -0.866618 0.100288 0.795668 0.326800 1 9 1.000000
corpse1
  9 0.392539 -4.577229 69.126816 0.132220 -0.983413 0.124164 0.770530 0.329091 1 9 1.000000
  9 1.263107 -4.513349 69.062233 0.488791 -0.866618 0.100288 0.795668 0.326800 1 9 1.000000
  9 0.636304 -3.728074 71.220398 0.325654 -0.777287 0.538307 0.784357 0.403346 1 9 1.000000
corpse1
  9 -0.416184 -4.760586 69.091286 -0.058770 -0.982709 0.175583 0.744190 0.327831 1 9 1.000000
  9 0.392539 -4.577229 69.126816 0.132220 -0.983413 0.124164 0.770530 0.329091 1 9 1.000000
  9 0.636304 -3.728074 71.220398 0.325654 -0.777287 0.538307 0.784357 0.403346 1 9 1.000000
corpse1
  9 -0.416184 -4.760586 69.091286 -0.058770 -0.982709 0.175583 0.744190 0.327831 1 9 1.000000
  9 -0.342143 -4.707317 68.094643 -0.058669 -0.970763 -0.232761 0.746392 0.292482 1 9 1.000000
  9 0.392539 -4.577229 69.126816 0.132220 -0.983413 0.124164 0.770530 0.329091 1 9 1.000000
corpse1
  9 -0.416184 -4.760586 69.091286 -0.058770 -0.982709 0.175583 0.744190 0.327831 1 9 1.000000
  9 -1.225775 -4.379995 68.301163 -0.282837 -0.813418 -0.508286 0.718061 0.299807 1 9 1.000000
  9 -0.342143 -4.707317 68.094643 -0.058669 -0.970763 -0.232761 0.746392 0.292482 1 9 1.000000
corpse1
  9 -1.225775 -4.379995 68.301163 -0.282837 -0.813418 -0.508286 0.718061 0.299807 1 9 1.000000
  9 -0.863649 -3.880389 67.751747 -0.367799 -0.554406 -0.746564 0.724425 0.280320 1 9 1.000000
  9 -0.342143 -4.707317 68.094643 -0.058669 -0.970763 -0.232761 0.746392 0.292482 1 9 1.000000
corpse1
  9 -1.225775 -4.379995 68.301163 -0.282837 -0.813418 -0.508286 0.718061 0.299807 1 9 1.000000
  9 -1.215093 -4.012702 68.019890 0.148593 -0.910010 -0.387043 0.714936 0.289831 1 9 1.000000
  9 -0.863649 -3.880389 67.751747 -0.367799 -0.554406 -0.746564 0.724425 0.280320 1 9 1.000000
corpse1
  9 -1.553301 -4.114769 68.050514 -0.185802 -0.851090 -0.491044 0.707476 0.290917 1 9 1.000000
  9 -1.215093 -4.012702 68.019890 0.148593 -0.910010 -0.387043 0.714936 0.289831 1 9 1.000000
  9 -1.225775 -4.379995 68.301163 -0.282837 -0.813418 -0.508286 0.718061 0.299807 1 9 1.000000
corpse1
  9 -1.215093 -4.012702 68.019890 0.148593 -0.910010 -0.387043 0.714936 0.289831 1 9 1.000000
  9 -1.553301 -4.114769 68.050514 -0.185802 -0.851090 -0.491044 0.707476 0.290917 1 9 1.000000
  9 -1.132188 -4.045082 67.550705 0.369494 -0.920264 0.128799 0.717607 0.273189 1 9 1.000000
corpse1
  9 -1.132188 -4.045082 67.550705 0.369494 -0.920264 0.128799 0.717607 0.273189 1 9 1.000000
  9 -0.863649 -3.880389 67.751747 0.440037 -0.887159 0.138980 0.724425 0.280320 1 9 1.000000
  9 -1.215093 -4.012702 68.019890 0.148593 -0.910010 -0.387043 0.714936 0.289831 1 9 1.000000
corpse1
  9 -0.416184 -4.760586 69.091286 -0.058770 -0.982709 0.175583 0.744190 0.327831 1 9 1.000000
  9 0.636304 -3.728074 71.220398 0.325654 -0.777287 0.538307 0.784357 0.403346 1 9 1.000000
  9 -0.124906 -3.871441 71.215309 0.002478 -0.731661 0.681664 0.752861 0.403166 1 9 1.000000
corpse1
  9 -0.416184 -4.760586 69.091286 -0.058770 -0.982709 0.175583 0.744190 0.327831 1 9 1.000000
  9 -0.124906 -3.871441 71.215309 0.002478 -0.731661 0.681664 0.752861 0.403166 1 9 1.000000
  9 -0.989428 -3.678307 71.214188 -0.322321 -0.674042 0.664663 0.718067 0.403126 1 9 1.000000
corpse1
  9 -0.416184 -4.760586 69.091286 -0.058770 -0.982709 0.175583 0.744190 0.327831 1 9 1.000000
  9 -0.989428 -3.678307 71.214188 -0.322321 -0.674042 0.664663 0.718067 0.403126 1 9 1.000000
  9 -1.523996 -4.514845 69.078529 -0.456600 -0.874207 0.165163 0.712010 0.327378 1 9 1.000000
corpse1
  9 -0.416184 -4.760586 69.091286 -0.058770 -0.982709 0.175583 0.744190 0.327831 1 9 1.000000
  9 -1.523996 -4.514845 69.078529 -0.456600 -0.874207 0.165163 0.712010 0.327378 1 9 1.000000
  9 -1.225775 -4.379995 68.301163 -0.282837 -0.813418 -0.508286 0.718061 0.299807 1 9 1.000000
corpse1
  9 -2.101678 -4.111304 68.453651 -0.607198 -0.753109 -0.253255 0.696487 0.305215 1 9 1.000000
  9 -1.225775 -4.379995 68.301163 -0.282837 -0.813418 -0.508286 0.718061 0.299807 1 9 1.000000
  9 -1.523996 -4.514845 69.078529 -0.456600 -0.874207 0.165163 0.712010 0.327378 1 9 1.000000
corpse1
  9 -1.225775 -4.379995 68.301163 -0.282837 -0.813418 -0.508286 0.718061 0.299807 1 9 1.000000
  9 -2.101678 -4.111304 68.453651 -0.607198 -0.753109 -0.253255 0.696487 0.305215 1 9 1.000000
  9 -1.553301 -4.114769 68.050514 -0.185802 -0.851090 -0.491044 0.707476 0.290917 1 9 1.000000
corpse1
  9 -2.101678 -4.111304 68.453651 -0.607198 -0.753109 -0.253255 0.696487 0.305215 1 9 1.000000
  9 -1.736730 -3.940418 67.975563 -0.413747 -0.837783 -0.356275 0.701532 0.288258 1 9 1.000000
  9 -1.553301 -4.114769 68.050514 -0.185802 -0.851090 -0.491044 0.707476 0.290917 1 9 1.000000
corpse1
  9 -1.132188 -4.045082 67.550705 -0.364272 -0.860543 0.356049 0.717607 0.273189 1 9 1.000000
  9 -1.553301 -4.114769 68.050514 -0.185802 -0.851090 -0.491044 0.707476 0.290917 1 9 1.000000
  9 -1.736730 -3.940418 67.975563 -0.413747 -0.837783 -0.356275 0.701532 0.288258 1 9 1.000000
corpse1
  9 -1.132188 -4.045082 67.550705 -0.364272 -0.860543 0.356049 0.717607 0.273189 1 9 1.000000
  9 -1.736730 -3.940418 67.975563 -0.413747 -0.837783 -0.356275 0.701532 0.288258 1 9 1.000000
  9 -1.640841 -3.948481 67.478432 -0.399608 -0.881698 0.250843 0.703672 0.270626 1 9 1.000000
corpse1
  9 -1.132188 -4.045082 67.550705 -0.364272 -0.860543 0.356049 0.717607 0.273189 1 9 1.000000
  9 -1.640841 -3.948481 67.478432 -0.399608 -0.881698 0.250843 0.703672 0.270626 1 9 1.000000
  9 -0.794828 -4.427752 67.414551 -0.424742 -0.815562 0.393005 0.730794 0.268360 1 9 1.000000
corpse1
  9 -0.794828 -4.427752 67.414551 -0.424742 -0.815562 0.393005 0.730794 0.268360 1 9 1.000000
  9 -0.863649 -3.880389 67.751747 -0.595662 -0.474259 0.648279 0.724425 0.280320 1 9 1.000000
  9 -1.132188 -4.045082 67.550705 -0.364272 -0.860543 0.356049 0.717607 0.273189 1 9 1.000000
corpse1
  9 -0.863649 -3.880389 67.751747 -0.595662 -0.474259 0.648279 0.724425 0.280320 1 9 1.000000
  9 -0.794828 -4.427752 67.414551 -0.424742 -0.815562 0.393005 0.730794 0.268360 1 9 1.000000
  9 -0.342143 -4.707317 68.094643 -0.838368 -0.358418 0.410702 0.746392 0.292482 1 9 1.000000
corpse1
  9 -3.132019 -0.681083 67.181839 0.087140 -0.827274 0.554999 0.637930 0.281288 1 9 1.000000
  9 -3.072835 -0.828508 66.952797 0.087140 -0.827274 0.554999 0.641529 0.263567 1 9 1.000000
  9 -3.134643 -0.394131 67.609978 0.087140 -0.827274 0.554999 0.639408 0.275292 1 9 1.000000
corpse1
  14 -1.541176 2.293000 2.750435 -0.245910 -0.056581 -0.967640 0.020568 0.376281 2 14 0.657904 15 0.342096
  14 -1.082121 1.014343 2.619391 -0.331091 -0.022187 -0.943338 0.026829 0.378162 1 14 1.000000
  15 -2.238124 -0.968797 2.971442 -0.284945 -0.004063 -0.958535 0.031105 0.388499 2 15 0.899389 14 0.100611
corpse1
  14 -1.082121 1.014343 2.619391 -0.331091 -0.022187 -0.943338 0.026829 0.378162 1 14 1.000000
  14 -1.541176 2.293000 2.750435 -0.245910 -0.056581 -0.967640 0.020568 0.376281 2 14 0.657904 15 0.342096
  14 -1.270985 3.409347 2.592029 -0.193190 0.000102 -0.981161 0.017054 0.371939 2 14 0.638492 15 0.361508
corpse1
  14 -1.541176 2.293000 2.750435 -0.245910 -0.056581 -0.967640 0.020568 0.376281 2 14 0.657904 15 0.342096
  14 -1.759299 3.370367 2.630989 -0.087356 0.104120 -0.990721 0.015784 0.373942 2 14 0.504405 15 0.495595
  14 -1.270985 3.409347 2.592029 -0.193190 0.000102 -0.981161 0.017054 0.371939 2 14 0.638492 15 0.361508
corpse1
  14 -1.270985 3.409347 2.592029 -0.193190 0.000102 -0.981161 0.017054 0.371939 2 14 0.638492 15 0.361508
  14 -1.759299 3.370367 2.630989 -0.087356 0.104120 -0.990721 0.015784 0.373942 2 14 0.504405 15 0.495595
  14 -3.574498 3.881473 3.003755 0.027555 -0.113362 -0.993171 0.008535 0.379595 2 14 0.775957 15 0.224043
corpse1
  14 -3.574498 3.881473 3.003755 0.027555 -0.113362 -0.993171 0.008535 0.379595 2 14 0.775957 15 0.224043
  14 -2.860043 4.715566 2.711310 0.021777 -0.347350 -0.937483 0.007401 0.374305 2 14 0.718754 15 0.281246
  14 -1.270985 3.409347 2.592029 -0.193190 0.000102 -0.981161 0.017054 0.371939 2 14 0.638492 15 0.361508
corpse1
  14 -5.228342 3.456465 2.767624 0.170479 -0.250165 -0.953076 0.005362 0.387057 2 14 0.832693 15 0.167307
  14 -2.860043 4.715566 2.711310 0.021777 -0.347350 -0.937483 0.007401 0.374305 2 14 0.718754 15 0.281246
  14 -3.574498 3.881473 3.003755 0.027555 -0.113362 -0.993171 0.008535 0.379595 2 14 0.775957 15 0.224043
corpse1
  14 -5.228342 3.456465 2.767624 0.170479 -0.250165 -0.953076 0.005362 0.387057 2 14 0.832693 15 0.167307
  14 -3.574498 3.881473 3.003755 0.027555 -0.113362 -0.993171 0.008535 0.379595 2 14 0.775957 15 0.224043
  14 -4.697796 2.805828 2.912371 0.080800 -0.105312 -0.991151 0.009411 0.386974 2 14 0.650589 15 0.349411
corpse1
  14 -6.118730 0.523016 3.119179 0.039668 -0.114615 -0.992618 0.014071 0.399127 1 14 1.000000
  14 -5.228342 3.456465 2.767624 0.170479 -0.250165 -0.953076 0.005362 0.387057 2 14 0.832693 15 0.167307
  14 -4.697796 2.805828 2.912371 0.080800 -0.105312 -0.991151 0.009411 0.386974 2 14 0.650589 15 0.349411
corpse1
  14 -6.118730 0.523016 3.119179 0.039668 -0.114615 -0.992618 0.014071 0.399127 1 14 1.000000
  14 -4.697796 2.805828 2.912371 0.080800 -0.105312 -0.991151 0.009411 0.386974 2 14 0.650589 15 0.349411
  14 -5.578807 -0.289125 3.181036 -0.011167 -0.083321 -0.996460 0.018770 0.399437 1 14 1.000000
corpse1
  13 -1.269382 2.372647 22.050299 0.887462 0.460734 -0.011603 0.051454 0.237550 2 13 0.535749 14 0.464251
  14 -3.046348 4.139970 20.188530 0.684386 0.711394 0.159796 0.077559 0.213728 2 14 0.635218 13 0.364782
  13 -2.893909 3.840516 25.202957 -0.045247 0.991940 -0.118352 0.074855 0.278119 2 13 0.784483 14 0.215518
corpse1
  14 -3.046348 4.139970 20.188530 0.684386 0.711394 0.159796 0.077559 0.213728 2 14 0.635218 13 0.364782
  13 -1.269382 2.372647 22.050299 0.887462 0.460734 -0.011603 0.051454 0.237550 2 13 0.535749 14 0.464251
  14 -1.177403 2.717226 18.940750 0.907961 0.407361 0.098303 0.051732 0.200010 2 14 0.715394 13 0.284606
corpse1
  14 -3.046348 4.139970 20.188530 0.684386 0.711394 0.159796 0.077559 0.213728 2 14 0.635218 13 0.364782
  14 -1.177403 2.717226 18.940750 0.907961 0.407361 0.098303 0.051732 0.200010 2 14 0.715394 13 0.284606
  14 -1.244755 4.756915 13.674758 0.822280 0.563589 0.078884 0.062732 0.135021 1 14 1.000000
corpse1
  14 -3.046348 4.139970 20.188530 0.684386 0.711394 0.159796 0.077559 0.213728 2 14 0.635218 13 0.364782
  14 -1.244755 4.756915 13.674758 0.822280 0.563589 0.078884 0.062732 0.135021 1 14 1.000000
  14 -2.592838 5.345850 15.792320 -0.088649 0.983854 0.155478 0.075455 0.159910 2 14 0.928055 13 0.071945
corpse1
  14 -1.244755 4.756915 13.674758 0.822280 0.563589 0.078884 0.062732 0.135021 1 14 1.000000
  14 -2.857759 5.414099 11.017869 0.004184 0.999764 -0.021321 0.077529 0.102769 2 14 0.943658 15 0.056342
  14 -2.592838 5.345850 15.792320 -0.088649 0.983854 0.155478 0.075455 0.159910 2 14 0.928055 13 0.071945
corpse1
  14 -1.077798 3.866940 6.974187 0.935891 0.348867 -0.048994 0.053094 0.055744 2 14 0.831440 15 0.168560
  14 -2.857759 5.414099 11.017869 0.004184 0.999764 -0.021321 0.077529 0.102769 2 14 0.943658 15 0.056342
  14 -1.244755 4.756915 13.674758 0.822280 0.563589 0.078884 0.062732 0.135021 1 14 1.000000
corpse1
  14 -2.857759 5.414099 11.017869 0.004184 0.999764 -0.021321 0.077529 0.102769 2 14 0.943658 15 0.056342
  14 -1.077798 3.866940 6.974187 0.935891 0.348867 -0.048994 0.053094 0.055744 2 14 0.831440 15 0.168560
  14 -2.533474 5.340329 4.725666 0.695733 0.705610 -0.134427 0.073687 0.027553 1 14 1.000000
corpse1
  14 -2.533474 5.340329 4.725666 0.695733 0.705610 -0.134427 0.073687 0.027553 1 14 1.000000
  14 -1.270985 3.409347 2.592029 0.841457 0.512969 -0.169746 0.047093 0.003807 2 14 0.638492 15 0.361508
  14 -2.860043 4.715566 2.711310 0.585801 0.742344 -0.325212 0.075134 0.004114 2 14 0.718754 15 0.281246
corpse1
  14 -2.533474 5.340329 4.725666 0.695733 0.705610 -0.134427 0.073687 0.027553 1 14 1.000000
  14 -1.077798 3.866940 6.974187 0.935891 0.348867 -0.048994 0.053094 0.055744 2 14 0.831440 15 0.168560
  14 -1.270985 3.409347 2.592029 0.841457 0.512969 -0.169746 0.047093 0.003807 2 14 0.638492 15 0.361508
corpse1
  14 -1.270985 3.409347 2.592029 0.841457 0.512969 -0.169746 0.047093 0.003807 2 14 0.638492 15 0.361508
  14 -1.077798 3.866940 6.974187 0.935891 0.348867 -0.048994 0.053094 0.055744 2 14 0.831440 15 0.168560
  14 -1.082121 1.014343 2.619391 0.964270 -0.264839 0.006606 0.011956 0.006480 1 14 1.000000
corpse1
  14 -1.077798 3.866940 6.974187 0.935891 0.348867 -0.048994 0.053094 0.055744 2 14 0.831440 15 0.168560
  14 -1.279783 1.313871 8.570731 0.965103 -0.261499 -0.013953 0.023673 0.077383 1 14 1.000000
  14 -1.082121 1.014343 2.619391 0.964270 -0.264839 0.006606 0.011956 0.006480 1 14 1.000000
corpse1
  14 -0.644806 0.948771 13.934420 0.965867 -0.243217 -0.089147 0.024744 0.141824 1 14 1.000000
  14 -1.279783 1.313871 8.570731 0.965103 -0.261499 -0.013953 0.023673 0.077383 1 14 1.000000
  14 -1.077798 3.866940 6.974187 0.935891 0.348867 -0.048994 0.053094 0.055744 2 14 0.831440 15 0.168560
corpse1
  14 -1.077798 3.866940 6.974187 0.935891 0.348867 -0.048994 0.053094 0.055744 2 14 0.831440 15 0.168560
  14 -1.244755 4.756915 13.674758 0.822280 0.563589 0.078884 0.062732 0.135021 1 14 1.000000
  14 -0.644806 0.948771 13.934420 0.965867 -0.243217 -0.089147 0.024744 0.141824 1 14 1.000000
corpse1
  14 -0.893681 0.962701 18.787941 0.999130 0.039583 -0.013106 0.030361 0.199885 2 14 0.765199 13 0.234801
  14 -0.644806 0.948771 13.934420 0.965867 -0.243217 -0.089147 0.024744 0.141824 1 14 1.000000
  14 -1.244755 4.756915 13.674758 0.822280 0.563589 0.078884 0.062732 0.135021 1 14 1.000000
corpse1
  14 -1.244755 4.756915 13.674758 0.822280 0.563589 0.078884 0.062732 0.135021 1 14 1.000000
  14 -1.177403 2.717226 18.940750 0.907961 0.407361 0.098303 0.051732 0.200010 2 14 0.715394 13 0.284606
  14 -0.893681 0.962701 18.787941 0.999130 0.039583 -0.013106 0.030361 0.199885 2 14 0.765199 13 0.234801
corpse1
  14 -1.177403 2.717226 18.940750 0.907961 0.407361 0.098303 0.051732 0.200010 2 14 0.715394 13 0.284606
  14 -0.741608 -0.074765 20.103617 0.999219 0.021533 -0.033118 0.018215 0.216629 2 14 0.630677 13 0.369323
  14 -0.893681 0.962701 18.787941 0.999130 0.039583 -0.013106 0.030361 0.199885 2 14 0.765199 13 0.234801
corpse1
  14 -1.177403 2.717226 18.940750 0.907961 0.407361 0.098303 0.051732 0.200010 2 14 0.715394 13 0.284606
  13 -1.269382 2.372647 22.050299 0.887462 0.460734 -0.011603 0.051454 0.237550 2 13 0.535749 14 0.464251
  14 -0.741608 -0.074765 20.103617 0.999219 0.021533 -0.033118 0.018215 0.216629 2 14 0.630677 13 0.369323
corpse1
  14 -0.741608 -0.074765 20.103617 0.999219 0.021533 -0.033118 0.018215 0.216629 2 14 0.630677 13 0.369323
  13 -1.269382 2.372647 22.050299 0.887462 0.460734 -0.011603 0.051454 0.237550 2 13 0.535749 14 0.464251
  13 -0.776563 -0.813182 22.280939 0.990080 -0.137578 -0.028511 0.011423 0.243403 2 13 0.512799 14 0.487201
corpse1
  13 -0.574958 -1.138316 26.298422 0.991041 -0.108803 -0.077457 0.009458 0.294352 2 13 0.884693 14 0.115308
  13 -0.776563 -0.813182 22.280939 0.990080 -0.137578 -0.028511 0.011423 0.243403 2 13 0.512799 14 0.487201
  13 -1.269382 2.372647 22.050299 0.887462 0.460734 -0.011603 0.051454 0.237550 2 13 0.535749 14 0.464251
corpse1
  13 -0.793665 4.243335 31.103130 0.780607 0.557498 -0.282574 0.050093 0.359745 2 13 0.583641 10 0.416359
  13 -0.574958 -1.138316 26.298422 0.991041 -0.108803 -0.077457 0.009458 0.294352 2 13 0.884693 14 0.115308
  13 -1.269382 2.372647 22.050299 0.887462 0.460734 -0.011603 0.051454 0.237550 2 13 0.535749 14 0.464251
corpse1
  13 -2.893909 3.840516 25.202957 -0.045247 0.991940 -0.118352 0.074855 0.278119 2 13 0.784483 14 0.215518
  13 -0.793665 4.243335 31.103130 0.780607 0.557498 -0.282574 0.050093 0.359745 2 13 0.583641 10 0.416359
  13 -1.269382 2.372647 22.050299 0.887462 0.460734 -0.011603 0.051454 0.237550 2 13 0.535749 14 0.464251
corpse1
  13 -2.893909 3.840516 25.202957 -0.045247 0.991940 -0.118352 0.074855 0.278119 2 13 0.784483 14 0.215518
  13 -3.194656 5.309154 33.482517 -0.325147 0.926327 -0.190255 0.077349 0.386913 3 13 0.487078 10 0.343757 1 0.169165
  13 -0.793665 4.243335 31.103130 0.780607 0.557498 -0.282574 0.050093 0.359745 2 13 0.583641 10 0.416359
corpse1
  13 -5.294333 2.848781 26.959379 -0.661491 0.740444 -0.119048 0.104068 0.302857 2 13 0.900629 14 0.099371
  13 -3.194656 5.309154 33.482517 -0.325147 0.926327 -0.190255 0.077349 0.386913 3 13 0.487078 10 0.343757 1 0.169165
  13 -2.893909 3.840516 25.202957 -0.045247 0.991940 -0.118352 0.074855 0.278119 2 13 0.784483 14 0.215518
corpse1
  13 -5.294333 2.848781 26.959379 -0.661491 0.740444 -0.119048 0.104068 0.302857 2 13 0.900629 14 0.099371
  13 -5.503953 3.025218 33.427925 -0.789018 0.613945 -0.022843 0.111176 0.387126 3 13 0.825304 10 0.101659 1 0.073037
  13 -3.194656 5.309154 33.482517 -0.325147 0.926327 -0.190255 0.077349 0.386913 3 13 0.487078 10 0.343757 1 0.169165
corpse1
  13 -6.879814 0.319535 24.684769 -0.954462 0.291809 -0.062047 0.141600 0.273821 2 13 0.733834 14 0.266166
  13 -5.503953 3.025218 33.427925 -0.789018 0.613945 -0.022843 0.111176 0.387126 3 13 0.825304 10 0.101659 1 0.073037
  13 -5.294333 2.848781 26.959379 -0.661491 0.740444 -0.119048 0.104068 0.302857 2 13 0.900629 14 0.099371
corpse1
  10 0.051887 4.845993 33.146297 0.905334 0.115427 -0.408713 0.040230 0.380619 3 10 0.584729 13 0.349049 1 0.066222
  10 0.074066 3.081315 32.697052 0.950904 0.074342 -0.300425 0.031168 0.376331 2 10 0.593699 13 0.406301
  13 -0.793665 4.243335 31.103130 0.780607 0.557498 -0.282574 0.050093 0.359745 2 13 0.583641 10 0.416359
corpse1
  10 0.074066 3.081315 32.697052 0.950904 0.074342 -0.300425 0.031168 0.376331 2 10 0.593699 13 0.406301
  13 -0.212505 -0.831614 30.706118 0.979778 -0.081190 -0.182873 0.000629 0.349115 2 13 0.707056 10 0.292944
  13 -0.793665 4.243335 31.103130 0.780607 0.557498 -0.282574 0.050093 0.359745 2 13 0.583641 10 0.416359
corpse1
  13 -0.212505 -0.831614 30.706118 0.979778 -0.081190 -0.182873 0.000629 0.349115 2 13 0.707056 10 0.292944
  13 -0.574958 -1.138316 26.298422 0.991041 -0.108803 -0.077457 0.009458 0.294352 2 13 0.884693 14 0.115308
  13 -0.793665 4.243335 31.103130 0.780607 0.557498 -0.282574 0.050093 0.359745 2 13 0.583641 10 0.416359
corpse1
  10 0.051887 4.845993 33.146297 0.030923 0.786005 -0.617446 0.040230 0.380619 3 10 0.584729 13 0.349049 1 0.066222
  13 -0.793665 4.243335 31.103130 0.780607 0.557498 -0.282574 0.050093 0.359745 2 13 0.583641 10 0.416359
  13 -3.194656 5.309154 33.482517 -0.325147 0.926327 -0.190255 0.077349 0.386913 3 13 0.487078 10 0.343757 1 0.169165
corpse1
  10 0.051887 4.845993 33.146297 0.030923 0.786005 -0.617446 0.040230 0.380619 3 10 0.584729 13 0.349049 1 0.066222
  13 -3.194656 5.309154 33.482517 -0.325147 0.926327 -0.190255 0.077349 0.386913 3 13 0.487078 10 0.343757 1 0.169165
  10 0.042584 5.636696 34.509647 -0.060924 0.939482 -0.337138 0.040860 0.397055 3 10 0.589120 13 0.230304 1 0.180576
corpse1
  1 -3.301608 5.643208 37.496399 -0.307702 0.950901 0.033260 0.076250 0.433582 3 1 0.431830 13 0.405537 10 0.162633
  10 0.042584 5.636696 34.509647 -0.060924 0.939482 -0.337138 0.040860 0.397055 3 10 0.589120 13 0.230304 1 0.180576
  13 -3.194656 5.309154 33.482517 -0.325147 0.926327 -0.190255 0.077349 0.386913 3 13 0.487078 10 0.343757 1 0.169165
corpse1
  1 -3.301608 5.643208 37.496399 -0.307702 0.950901 0.033260 0.076250 0.433582 3 1 0.431830 13 0.405537 10 0.162633
  10 0.022664 5.938014 36.599430 -0.005509 0.999983 -0.001818 0.040941 0.422195 3 10 0.446123 1 0.393130 13 0.160747
  10 0.042584 5.636696 34.509647 -0.060924 0.939482 -0.337138 0.040860 0.397055 3 10 0.589120 13 0.230304 1 0.180576
corpse1
  1 -3.301608 5.643208 37.496399 -0.307702 0.950901 0.033260 0.076250 0.433582 3 1 0.431830 13 0.405537 10 0.162633
  1 -0.020215 5.608784 40.175884 -0.012584 0.999855 0.011487 0.041036 0.465703 3 1 0.672381 10 0.203379 13 0.124240
  10 0.022664 5.938014 36.599430 -0.005509 0.999983 -0.001818 0.040941 0.422195 3 10 0.446123 1 0.393130 13 0.160747
corpse1
  1 -3.301608 5.643208 37.496399 -0.307702 0.950901 0.033260 0.076250 0.433582 3 1 0.431830 13 0.405537 10 0.162633
  1 -2.640199 5.298759 40.167198 -0.268780 0.956157 0.116277 0.070917 0.466056 2 1 0.719737 13 0.280263
  1 -0.020215 5.608784 40.175884 -0.012584 0.999855 0.011487 0.041036 0.465703 3 1 0.672381 10 0.203379 13 0.124240
corpse1
  13 -5.036498 3.622645 40.318699 -0.769661 0.634399 0.071830 0.102566 0.469105 2 13 0.515300 1 0.484700
  1 -2.640199 5.298759 40.167198 -0.268780 0.956157 0.116277 0.070917 0.466056 2 1 0.719737 13 0.280263
  1 -3.301608 5.643208 37.496399 -0.307702 0.950901 0.033260 0.076250 0.433582 3 1 0.431830 13 0.405537 10 0.162633
corpse1
  13 -5.036498 3.622645 40.318699 -0.769661 0.634399 0.071830 0.102566 0.469105 2 13 0.515300 1 0.484700
  1 -3.301608 5.643208 37.496399 -0.307702 0.950901 0.033260 0.076250 0.433582 3 1 0.431830 13 0.405537 10 0.162633
  13 -3.194656 5.309154 33.482517 -0.325147 0.926327 -0.190255 0.077349 0.386913 3 13 0.487078 10 0.343757 1 0.169165
corpse1
  13 -5.036498 3.622645 40.318699 -0.769661 0.634399 0.071830 0.102566 0.469105 2 13 0.515300 1 0.484700
  13 -3.194656 5.309154 33.482517 -0.325147 0.926327 -0.190255 0.077349 0.386913 3 13 0.487078 10 0.343757 1 0.169165
  13 -5.503953 3.025218 33.427925 -0.789018 0.613945 -0.022843 0.111176 0.387126 3 13 0.825304 10 0.101659 1 0.073037
corpse1
  13 -5.503953 3.025218 33.427925 -0.789018 0.613945 -0.022843 0.111176 0.387126 3 13 0.825304 10 0.101659 1 0.073037
  13 -6.803813 1.044474 38.013195 -0.949857 0.309679 0.043252 0.133905 0.442845 2 13 0.851228 1 0.148772
  13 -5.036498 3.622645 40.318699 -0.769661 0.634399 0.071830 0.102566 0.469105 2 13 0.515300 1 0.484700
corpse1
  13 -6.803813 1.044474 38.013195 -0.949857 0.309679 0.043252 0.133905 0.442845 2 13 0.851228 1 0.148772
  13 -6.431966 1.025655 39.786911 -0.880602 0.434437 0.189221 0.132883 0.464299 2 13 0.780681 1 0.219320
  13 -5.036498 3.622645 40.318699 -0.769661 0.634399 0.071830 0.102566 0.469105 2 13 0.515300 1 0.484700
corpse1
  14 -2.592838 5.345850 15.792320 -0.088649 0.983854 0.155478 0.075455 0.159910 2 14 0.928055 13 0.071945
  13 -4.736655 2.467094 23.136280 -0.661685 0.749054 0.033039 0.099803 0.250817 2 13 0.612824 14 0.387176
  14 -3.046348 4.139970 20.188530 -0.583912 0.802785 0.120760 0.077559 0.213728 2 14 0.635218 13 0.364782
corpse1
  14 -3.046348 4.139970 20.188530 -0.583912 0.802785 0.120760 0.077559 0.213728 2 14 0.635218 13 0.364782
  13 -4.736655 2.467094 23.136280 -0.661685 0.749054 0.033039 0.099803 0.250817 2 13 0.612824 14 0.387176
  13 -2.893909 3.840516 25.202957 -0.045247 0.991940 -0.118352 0.074855 0.278119 2 13 0.784483 14 0.215518
corpse1
  13 -4.736655 2.467094 23.136280 -0.661685 0.749054 0.033039 0.099803 0.250817 2 13 0.612824 14 0.387176
  13 -5.294333 2.848781 26.959379 -0.661491 0.740444 -0.119048 0.104068 0.302857 2 13 0.900629 14 0.099371
  13 -2.893909 3.840516 25.202957 -0.045247 0.991940 -0.118352 0.074855 0.278119 2 13 0.784483 14 0.215518
corpse1
  13 -6.879814 0.319535 24.684769 -0.954462 0.291809 -0.062047 0.141600 0.273821 2 13 0.733834 14 0.266166
  13 -5.294333 2.848781 26.959379 -0.661491 0.740444 -0.119048 0.104068 0.302857 2 13 0.900629 14 0.099371
  13 -4.736655 2.467094 23.136280 -0.661685 0.749054 0.033039 0.099803 0.250817 2 13 0.612824 14 0.387176
corpse1
  13 -4.736655 2.467094 23.136280 -0.661685 0.749054 0.033039 0.099803 0.250817 2 13 0.612824 14 0.387176
  14 -6.626896 0.884654 19.481110 -0.661911 0.749369 0.017876 0.139073 0.208869 2 14 0.701889 13 0.298111
  13 -6.879814 0.319535 24.684769 -0.954462 0.291809 -0.062047 0.141600 0.273821 2 13 0.733834 14 0.266166
corpse1
  14 -6.519729 0.896158 13.016979 -0.998564 -0.029657 -0.044617 0.145971 0.131535 1 14 1.000000
  14 -6.626896 0.884654 19.481110 -0.661911 0.749369 0.017876 0.139073 0.208869 2 14 0.701889 13 0.298111
  13 -4.736655 2.467094 23.136280 -0.661685 0.749054 0.033039 0.099803 0.250817 2 13 0.612824 14 0.387176
corpse1
  14 -6.519729 0.896158 13.016979 -0.998564 -0.029657 -0.044617 0.145971 0.131535 1 14 1.000000
  13 -4.736655 2.467094 23.136280 -0.661685 0.749054 0.033039 0.099803 0.250817 2 13 0.612824 14 0.387176
  14 -5.059185 4.065711 15.425448 -0.705085 0.706097 0.065440 0.099708 0.157052 1 14 1.000000
corpse1
  14 -5.095447 3.780631 7.217115 -0.789173 0.613249 -0.033627 0.106294 0.059166 2 14 0.582968 15 0.417032
  14 -6.519729 0.896158 13.016979 -0.998564 -0.029657 -0.044617 0.145971 0.131535 1 14 1.000000
  14 -5.059185 4.065711 15.425448 -0.705085 0.706097 0.065440 0.099708 0.157052 1 14 1.000000
corpse1
  14 -5.095447 3.780631 7.217115 -0.789173 0.613249 -0.033627 0.106294 0.059166 2 14 0.582968 15 0.417032
  14 -5.895679 0.791107 5.404750 -0.992620 -0.118284 0.026730 0.157981 0.040531 1 14 1.000000
  14 -6.519729 0.896158 13.016979 -0.998564 -0.029657 -0.044617 0.145971 0.131535 1 14 1.000000
corpse1
  13 -2.809405 -4.417264 31.446648 0.061872 -0.992359 -0.106751 0.204401 0.364282 3 13 0.884472 10 0.061803 0 0.053725
  13 -2.129745 -4.654782 33.818367 -0.005646 -0.997039 -0.076687 0.218181 0.394800 3 13 0.655420 10 0.190647 0 0.153933
  13 -5.720198 -3.381320 32.539860 -0.637277 -0.769822 -0.035379 0.178939 0.377974 1 13 1.000000
corpse1
  13 -2.809405 -4.417264 31.446648 0.061872 -0.992359 -0.106751 0.204401 0.364282 3 13 0.884472 10 0.061803 0 0.053725
  13 -5.720198 -3.381320 32.539860 -0.637277 -0.769822 -0.035379 0.178939 0.377974 1 13 1.000000
  13 -4.842015 -2.885654 24.751190 -0.520967 -0.845576 -0.116595 0.190800 0.276851 2 13 0.725644 14 0.274356
corpse1
  13 -2.809649 -3.555411 21.930593 0.086336 -0.978816 -0.185649 0.214881 0.242140 2 13 0.509948 14 0.490052
  13 -2.809405 -4.417264 31.446648 0.061872 -0.992359 -0.106751 0.204401 0.364282 3 13 0.884472 10 0.061803 0 0.053725
  13 -4.842015 -2.885654 24.751190 -0.520967 -0.845576 -0.116595 0.190800 0.276851 2 13 0.725644 14 0.274356
corpse1
  14 -3.590481 -2.612690 19.397020 -0.165799 -0.964610 -0.205032 0.207107 0.210992 2 14 0.698238 13 0.301762
  13 -2.809649 -3.555411 21.930593 0.086336 -0.978816 -0.185649 0.214881 0.242140 2 13 0.509948 14 0.490052
  13 -4.842015 -2.885654 24.751190 -0.520967 -0.845576 -0.116595 0.190800 0.276851 2 13 0.725644 14 0.274356
corpse1
  14 -5.701091 -1.603219 19.506399 -0.786956 -0.610219 -0.091285 0.175770 0.211529 2 14 0.690009 13 0.309991
  14 -3.590481 -2.612690 19.397020 -0.165799 -0.964610 -0.205032 0.207107 0.210992 2 14 0.698238 13 0.301762
  13 -4.842015 -2.885654 24.751190 -0.520967 -0.845576 -0.116595 0.190800 0.276851 2 13 0.725644 14 0.274356
corpse1
  14 -5.166940 -1.447624 13.900371 -0.437671 -0.890091 -0.127212 0.183726 0.144271 1 14 1.000000
  14 -3.590481 -2.612690 19.397020 -0.165799 -0.964610 -0.205032 0.207107 0.210992 2 14 0.698238 13 0.301762
  14 -5.701091 -1.603219 19.506399 -0.786956 -0.610219 -0.091285 0.175770 0.211529 2 14 0.690009 13 0.309991
corpse1
  14 -5.166940 -1.447624 13.900371 -0.437671 -0.890091 -0.127212 0.183726 0.144271 1 14 1.000000
  14 -5.701091 -1.603219 19.506399 -0.786956 -0.610219 -0.091285 0.175770 0.211529 2 14 0.690009 13 0.309991
  14 -6.519729 0.896158 13.016979 -0.998564 -0.029657 -0.044617 0.145971 0.131535 1 14 1.000000
corpse1
  14 -5.166940 -1.447624 13.900371 -0.437671 -0.890091 -0.127212 0.183726 0.144271 1 14 1.000000
  14 -6.519729 0.896158 13.016979 -0.998564 -0.029657 -0.044617 0.145971 0.131535 1 14 1.000000
  14 -4.767222 -0.907287 9.679452 -0.550813 -0.834494 -0.014974 0.186873 0.093212 1 14 1.000000
corpse1
  14 -5.895679 0.791107 5.404750 -0.992620 -0.118284 0.026730 0.157981 0.040531 1 14 1.000000
  14 -4.767222 -0.907287 9.679452 -0.550813 -0.834494 -0.014974 0.186873 0.093212 1 14 1.000000
  14 -6.519729 0.896158 13.016979 -0.998564 -0.029657 -0.044617 0.145971 0.131535 1 14 1.000000
corpse1
  14 -4.767222 -0.907287 9.679452 -0.550813 -0.834494 -0.014974 0.186873 0.093212 1 14 1.000000
  14 -5.895679 0.791107 5.404750 -0.992620 -0.118284 0.026730 0.157981 0.040531 1 14 1.000000
  14 -4.722935 -2.071134 3.769163 -0.897202 -0.428551 0.106646 0.194282 0.023671 1 14 1.000000
corpse1
  14 -6.118730 0.523016 3.119179 -0.991261 -0.078579 0.105955 0.162739 0.013484 1 14 1.000000
  14 -4.722935 -2.071134 3.769163 -0.897202 -0.428551 0.106646 0.194282 0.023671 1 14 1.000000
  14 -5.895679 0.791107 5.404750 -0.992620 -0.118284 0.026730 0.157981 0.040531 1 14 1.000000
corpse1
  14 -6.118730 0.523016 3.119179 -0.991261 -0.078579 0.105955 0.162739 0.013484 1 14 1.000000
  14 -5.895679 0.791107 5.404750 -0.992620 -0.118284 0.026730 0.157981 0.040531 1 14 1.000000
  14 -5.228342 3.456465 2.767624 -0.793246 0.607199 -0.045503 0.114924 0.006286 2 14 0.832693 15 0.167307
corpse1
  14 -5.228342 3.456465 2.767624 -0.793246 0.607199 -0.045503 0.114924 0.006286 2 14 0.832693 15 0.167307
  14 -5.895679 0.791107 5.404750 -0.992620 -0.118284 0.026730 0.157981 0.040531 1 14 1.000000
  14 -5.095447 3.780631 7.217115 -0.789173 0.613249 -0.033627 0.106294 0.059166 2 14 0.582968 15 0.417032
corpse1
  14 -5.228342 3.456465 2.767624 -0.793246 0.607199 -0.045503 0.114924 0.006286 2 14 0.832693 15 0.167307
  14 -5.095447 3.780631 7.217115 -0.789173 0.613249 -0.033627 0.106294 0.059166 2 14 0.582968 15 0.417032
  14 -2.533474 5.340329 4.725666 -0.522157 0.847870 -0.092026 0.073687 0.027553 1 14 1.000000
corpse1
  14 -5.095447 3.780631 7.217115 -0.789173 0.613249 -0.033627 0.106294 0.059166 2 14 0.582968 15 0.417032
  14 -2.857759 5.414099 11.017869 0.004184 0.999764 -0.021321 0.077529 0.102769 2 14 0.943658 15 0.056342
  14 -2.533474 5.340329 4.725666 -0.522157 0.847870 -0.092026 0.073687 0.027553 1 14 1.000000
corpse1
  14 -5.095447 3.780631 7.217115 -0.789173 0.613249 -0.033627 0.106294 0.059166 2 14 0.582968 15 0.417032
  14 -5.059185 4.065711 15.425448 -0.705085 0.706097 0.065440 0.099708 0.157052 1 14 1.000000
  14 -2.857759 5.414099 11.017869 0.004184 0.999764 -0.021321 0.077529 0.102769 2 14 0.943658 15 0.056342
corpse1
  14 -5.059185 4.065711 15.425448 -0.705085 0.706097 0.065440 0.099708 0.157052 1 14 1.000000
  14 -2.592838 5.345850 15.792320 -0.088649 0.983854 0.155478 0.075455 0.159910 2 14 0.928055 13 0.071945
  14 -2.857759 5.414099 11.017869 0.004184 0.999764 -0.021321 0.077529 0.102769 2 14 0.943658 15 0.056342
corpse1
  14 -2.592838 5.345850 15.792320 -0.088649 0.983854 0.155478 0.075455 0.159910 2 14 0.928055 13 0.071945
  14 -5.059185 4.065711 15.425448 -0.705085 0.706097 0.065440 0.099708 0.157052 1 14 1.000000
  13 -4.736655 2.467094 23.136280 -0.661685 0.749054 0.033039 0.099803 0.250817 2 13 0.612824 14 0.387176
corpse1
  14 -5.228342 3.456465 2.767624 -0.793246 0.607199 -0.045503 0.114924 0.006286 2 14 0.832693 15 0.167307
  14 -2.533474 5.340329 4.725666 -0.522157 0.847870 -0.092026 0.073687 0.027553 1 14 1.000000
  14 -2.860043 4.715566 2.711310 -0.464187 0.864483 -0.192870 0.075134 0.004114 2 14 0.718754 15 0.281246
corpse1
  13 -4.842015 -2.885654 24.751190 -0.520967 -0.845576 -0.116595 0.190800 0.276851 2 13 0.725644 14 0.274356
  13 -5.720198 -3.381320 32.539860 -0.637277 -0.769822 -0.035379 0.178939 0.377974 1 13 1.000000
  13 -6.930518 -1.521817 29.228998 -0.919783 -0.390188 -0.041869 0.160122 0.334138 1 13 1.000000
corpse1
  13 -4.842015 -2.885654 24.751190 -0.520967 -0.845576 -0.116595 0.190800 0.276851 2 13 0.725644 14 0.274356
  13 -6.930518 -1.521817 29.228998 -0.919783 -0.390188 -0.041869 0.160122 0.334138 1 13 1.000000
  14 -5.701091 -1.603219 19.506399 -0.786956 -0.610219 -0.091285 0.175770 0.211529 2 14 0.690009 13 0.309991
corpse1
  14 -5.701091 -1.603219 19.506399 -0.786956 -0.610219 -0.091285 0.175770 0.211529 2 14 0.690009 13 0.309991
  13 -6.930518 -1.521817 29.228998 -0.919783 -0.390188 -0.041869 0.160122 0.334138 1 13 1.000000
  13 -6.879814 0.319535 24.684769 -0.954462 0.291809 -0.062047 0.141600 0.273821 2 13 0.733834 14 0.266166
corpse1
  14 -6.626896 0.884654 19.481110 -0.935888 -0.348774 -0.049709 0.139073 0.208869 2 14 0.701889 13 0.298111
  14 -5.701091 -1.603219 19.506399 -0.786956 -0.610219 -0.091285 0.175770 0.211529 2 14 0.690009 13 0.309991
  13 -6.879814 0.319535 24.684769 -0.954462 0.291809 -0.062047 0.141600 0.273821 2 13 0.733834 14 0.266166
corpse1
  14 -6.626896 0.884654 19.481110 -0.935888 -0.348774 -0.049709 0.139073 0.208869 2 14 0.701889 13 0.298111
  14 -6.519729 0.896158 13.016979 -0.998564 -0.029657 -0.044617 0.145971 0.131535 1 14 1.000000
  14 -5.701091 -1.603219 19.506399 -0.786956 -0.610219 -0.091285 0.175770 0.211529 2 14 0.690009 13 0.309991
corpse1
  14 -5.166940 -1.447624 13.900371 -0.437671 -0.890091 -0.127212 0.183726 0.144271 1 14 1.000000
  14 -4.767222 -0.907287 9.679452 -0.550813 -0.834494 -0.014974 0.186873 0.093212 1 14 1.000000
  14 -1.985009 -1.668380 9.811657 0.443726 -0.895075 -0.044128 0.225541 0.095246 1 14 1.000000
corpse1
  14 -2.743463 -1.456602 6.315577 0.370947 -0.912660 0.171612 0.216442 0.053306 1 14 1.000000
  14 -1.985009 -1.668380 9.811657 0.443726 -0.895075 -0.044128 0.225541 0.095246 1 14 1.000000
  14 -4.767222 -0.907287 9.679452 -0.550813 -0.834494 -0.014974 0.186873 0.093212 1 14 1.000000
corpse1
  14 -2.743463 -1.456602 6.315577 0.370947 -0.912660 0.171612 0.216442 0.053306 1 14 1.000000
  14 -4.767222 -0.907287 9.679452 -0.550813 -0.834494 -0.014974 0.186873 0.093212 1 14 1.000000
  14 -4.722935 -2.071134 3.769163 -0.178333 -0.915883 0.359661 0.194282 0.023671 1 14 1.000000
corpse1
  14 -4.722935 -2.071134 3.769163 -0.178333 -0.915883 0.359661 0.194282 0.023671 1 14 1.000000
  14 -3.348776 -2.859955 3.638432 -0.396695 -0.773087 0.494944 0.207471 0.022739 1 14 1.000000
  14 -2.743463 -1.456602 6.315577 0.370947 -0.912660 0.171612 0.216442 0.053306 1 14 1.000000
corpse1
  14 -3.348776 -2.859955 3.638432 0.795632 -0.591617 0.130229 0.207471 0.022739 1 14 1.000000
  14 -1.908708 -1.070855 2.968060 0.868727 -0.467796 0.162725 0.225827 0.012799 1 14 1.000000
  14 -2.743463 -1.456602 6.315577 0.370947 -0.912660 0.171612 0.216442 0.053306 1 14 1.000000
corpse1
  14 -2.743463 -1.456602 6.315577 0.370947 -0.912660 0.171612 0.216442 0.053306 1 14 1.000000
  14 -1.908708 -1.070855 2.968060 0.868727 -0.467796 0.162725 0.225908 0.012799 1 14 1.000000
  14 -1.082121 1.014343 2.619391 0.964270 -0.264839 0.006606 0.241184 0.006480 1 14 1.000000
corpse1
  14 -1.082121 1.014343 2.619391 0.964270 -0.264839 0.006606 0.241184 0.006480 1 14 1.000000
  14 -1.985009 -1.668380 9.811657 0.443726 -0.895075 -0.044128 0.225541 0.095246 1 14 1.000000
  14 -2.743463 -1.456602 6.315577 0.370947 -0.912660 0.171612 0.216442 0.053306 1 14 1.000000
corpse1
  14 -1.985009 -1.668380 9.811657 0.443726 -0.895075 -0.044128 0.225541 0.095246 1 14 1.000000
  14 -1.082121 1.014343 2.619391 0.964270 -0.264839 0.006606 0.241184 0.006480 1 14 1.000000
  14 -1.279783 1.313871 8.570731 0.965103 -0.261499 -0.013953 0.252900 0.077383 1 14 1.000000
corpse1
  14 -2.678202 -1.719289 15.741528 0.485600 -0.861172 -0.150251 0.220626 0.166292 2 14 0.903303 13 0.096697
  14 -1.985009 -1.668380 9.811657 0.443726 -0.895075 -0.044128 0.225541 0.095246 1 14 1.000000
  14 -1.279783 1.313871 8.570731 0.965103 -0.261499 -0.013953 0.252900 0.077383 1 14 1.000000
corpse1
  14 -2.678202 -1.719289 15.741528 0.485600 -0.861172 -0.150251 0.220626 0.166292 2 14 0.903303 13 0.096697
  14 -1.279783 1.313871 8.570731 0.965103 -0.261499 -0.013953 0.252900 0.077383 1 14 1.000000
  14 -0.644806 0.948771 13.934420 0.965867 -0.243217 -0.089147 0.252435 0.141824 1 14 1.000000
corpse1
  14 -0.644806 0.948771 13.934420 0.965867 -0.243217 -0.089147 0.252435 0.141824 1 14 1.000000
  14 -1.306673 -2.015198 18.913317 0.776713 -0.602892 -0.182315 0.235372 0.204370 2 14 0.687790 13 0.312210
  14 -2.678202 -1.719289 15.741528 0.485600 -0.861172 -0.150251 0.220626 0.166292 2 14 0.903303 13 0.096697
corpse1
  14 -0.644806 0.948771 13.934420 0.965867 -0.243217 -0.089147 0.252435 0.141824 1 14 1.000000
  14 -0.893681 0.962701 18.787941 0.999130 0.039583 -0.013106 0.251969 0.199885 2 14 0.765199 13 0.234801
  14 -1.306673 -2.015198 18.913317 0.776713 -0.602892 -0.182315 0.235372 0.204370 2 14 0.687790 13 0.312210
corpse1
  14 -0.893681 0.962701 18.787941 0.999130 0.039583 -0.013106 0.251969 0.199885 2 14 0.765199 13 0.234801
  14 -0.741608 -0.074765 20.103617 0.999219 0.021533 -0.033118 0.249347 0.217900 2 14 0.630677 13 0.369323
  14 -1.306673 -2.015198 18.913317 0.776713 -0.602892 -0.182315 0.235372 0.204370 2 14 0.687790 13 0.312210
corpse1
  13 -0.776563 -0.813182 22.280939 0.990080 -0.137578 -0.028511 0.249540 0.242132 2 13 0.512799 14 0.487201
  14 -1.306673 -2.015198 18.913317 0.776713 -0.602892 -0.182315 0.235372 0.204370 2 14 0.687790 13 0.312210
  14 -0.741608 -0.074765 20.103617 0.999219 0.021533 -0.033118 0.249347 0.217900 2 14 0.630677 13 0.369323
corpse1
  13 -1.483949 -2.936969 24.628540 0.767799 -0.634545 -0.088525 0.229102 0.275680 2 13 0.772351 14 0.227649
  14 -1.306673 -2.015198 18.913317 0.776713 -0.602892 -0.182315 0.235372 0.204370 2 14 0.687790 13 0.312210
  13 -0.776563 -0.813182 22.280939 0.990080 -0.137578 -0.028511 0.249540 0.242132 2 13 0.512799 14 0.487201
corpse1
  13 -0.776563 -0.813182 22.280939 0.990080 -0.137578 -0.028511 0.249540 0.242132 2 13 0.512799 14 0.487201
  13 -0.574958 -1.138316 26.298422 0.991041 -0.108803 -0.077457 0.246883 0.298739 2 13 0.884693 14 0.115308
  13 -1.483949 -2.936969 24.628540 0.767799 -0.634545 -0.088525 0.229102 0.275680 2 13 0.772351 14 0.227649
corpse1
  13 -0.574958 -1.138316 26.298422 0.991041 -0.108803 -0.077457 0.246883 0.298739 2 13 0.884693 14 0.115308
  13 -0.842329 -3.427151 31.590885 0.765018 -0.603953 -0.223580 0.232892 0.365786 3 13 0.766462 10 0.180116 0 0.053422
  13 -1.483949 -2.936969 24.628540 0.767799 -0.634545 -0.088525 0.229102 0.275680 2 13 0.772351 14 0.227649
corpse1
  13 -0.574958 -1.138316 26.298422 0.991041 -0.108803 -0.077457 0.246883 0.298739 2 13 0.884693 14 0.115308
  13 -0.212505 -0.831614 30.706118 0.979778 -0.081190 -0.182873 0.249470 0.356867 2 13 0.707056 10 0.292944
  13 -0.842329 -3.427151 31.590885 0.765018 -0.603953 -0.223580 0.232892 0.365786 3 13 0.766462 10 0.180116 0 0.053422
corpse1
  13 -0.212505 -0.831614 30.706118 0.979778 -0.081190 -0.182873 0.249470 0.356867 2 13 0.707056 10 0.292944
  13 -0.281836 -2.402201 32.002380 0.948386 -0.225711 -0.222752 0.246299 0.370710 2 13 0.700899 10 0.299101
  13 -0.842329 -3.427151 31.590885 0.765018 -0.603953 -0.223580 0.232892 0.365786 3 13 0.766462 10 0.180116 0 0.053422
corpse1
  13 -0.332972 -3.560616 32.958462 0.519842 -0.693764 -0.498454 0.248528 0.383484 3 13 0.578435 10 0.364389 0 0.057176
  13 -0.842329 -3.427151 31.590885 0.765018 -0.603953 -0.223580 0.232892 0.365786 3 13 0.766462 10 0.180116 0 0.053422
  13 -0.281836 -2.402201 32.002380 0.948386 -0.225711 -0.222752 0.248473 0.373475 2 13 0.700899 10 0.299101
corpse1
  11 1.249339 1.023416 13.991695 -0.984570 -0.174697 -0.010129 0.260496 0.143561 1 11 1.000000
  11 1.860081 -1.733224 19.112919 -0.749013 -0.651312 -0.121539 0.282034 0.208122 2 11 0.670178 10 0.329822
  11 0.714534 0.991613 18.916452 -0.994374 -0.105919 0.000865 0.260133 0.203906 2 11 0.810339 10 0.189661
corpse1
  11 1.860081 -1.733224 19.112919 -0.749013 -0.651312 -0.121539 0.282034 0.208122 2 11 0.670178 10 0.329822
  11 0.977523 -0.005436 20.246861 -0.988717 -0.148735 -0.017790 0.267263 0.220864 2 11 0.652718 10 0.347282
  11 0.714534 0.991613 18.916452 -0.994374 -0.105919 0.000865 0.260133 0.203906 2 11 0.810339 10 0.189661
corpse1
  11 0.977523 -0.005436 20.246861 -0.988717 -0.148735 -0.017790 0.267263 0.220864 2 11 0.652718 10 0.347282
  11 1.860081 -1.733224 19.112919 -0.749013 -0.651312 -0.121539 0.282034 0.208122 2 11 0.670178 10 0.329822
  10 1.431616 -2.943006 24.654825 -0.821491 -0.550836 -0.147417 0.284065 0.277381 2 10 0.739569 11 0.260431
corpse1
  10 3.045077 -3.276693 24.715748 -0.205661 -0.965776 -0.158052 0.299587 0.277960 2 10 0.789879 11 0.210121
  10 1.431616 -2.943006 24.654825 -0.821491 -0.550836 -0.147417 0.284065 0.277381 2 10 0.739569 11 0.260431
  11 1.860081 -1.733224 19.112919 -0.749013 -0.651312 -0.121539 0.282034 0.208122 2 11 0.670178 10 0.329822
corpse1
  10 3.045077 -3.276693 24.715748 -0.205661 -0.965776 -0.158052 0.299587 0.277960 2 10 0.789879 11 0.210121
  10 0.325547 -3.466628 32.540249 -0.336477 -0.894037 -0.295771 0.270797 0.377782 3 10 0.517183 13 0.424324 0 0.058493
  10 1.431616 -2.943006 24.654825 -0.821491 -0.550836 -0.147417 0.284065 0.277381 2 10 0.739569 11 0.260431
corpse1
  10 3.045077 -3.276693 24.715748 -0.205661 -0.965776 -0.158052 0.299587 0.277960 2 10 0.789879 11 0.210121
  10 2.791545 -4.417264 31.446655 -0.081826 -0.983920 -0.158765 0.300999 0.363407 3 10 0.737988 13 0.205981 0 0.056031
  10 0.325547 -3.466628 32.540249 -0.336477 -0.894037 -0.295771 0.270797 0.377782 3 10 0.517183 13 0.424324 0 0.058493
corpse1
  10 0.325547 -3.466628 32.540249 -0.336477 -0.894037 -0.295771 0.270797 0.377782 3 10 0.517183 13 0.424324 0 0.058493
  10 2.791545 -4.417264 31.446655 -0.081826 -0.983920 -0.158765 0.300999 0.363407 3 10 0.737988 13 0.205981 0 0.056031
  10 1.404918 -4.714172 33.959167 -0.028903 -0.985137 -0.169318 0.281922 0.396163 3 10 0.495358 13 0.385828 0 0.118814
corpse1
  10 0.325547 -3.466628 32.540249 -0.336477 -0.894037 -0.295771 0.270797 0.377782 3 10 0.517183 13 0.424324 0 0.058493
  10 1.404918 -4.714172 33.959167 -0.028903 -0.985137 -0.169318 0.281922 0.396163 3 10 0.495358 13 0.385828 0 0.118814
  13 -0.332972 -3.560616 32.958462 0.519842 -0.693764 -0.498454 0.248528 0.383484 3 13 0.578435 10 0.364389 0 0.057176
corpse1
  13 -2.129745 -4.654782 33.818367 -0.005646 -0.997039 -0.076687 0.218181 0.394800 3 13 0.655420 10 0.190647 0 0.153933
  13 -0.332972 -3.560616 32.958462 0.519842 -0.693764 -0.498454 0.248528 0.383484 3 13 0.578435 10 0.364389 0 0.057176
  10 1.404918 -4.714172 33.959167 -0.028903 -0.985137 -0.169318 0.281922 0.396163 3 10 0.495358 13 0.385828 0 0.118814
corpse1
  13 -0.332972 -3.560616 32.958462 0.519842 -0.693764 -0.498454 0.248528 0.383484 3 13 0.578435 10 0.364389 0 0.057176
  13 -2.129745 -4.654782 33.818367 -0.005646 -0.997039 -0.076687 0.218181 0.394800 3 13 0.655420 10 0.190647 0 0.153933
  13 -0.842329 -3.427151 31.590885 0.765018 -0.603953 -0.223580 0.232892 0.365786 3 13 0.766462 10 0.180116 0 0.053422
corpse1
  13 -0.842329 -3.427151 31.590885 0.765018 -0.603953 -0.223580 0.232892 0.365786 3 13 0.766462 10 0.180116 0 0.053422
  13 -2.129745 -4.654782 33.818367 -0.005646 -0.997039 -0.076687 0.218181 0.394800 3 13 0.655420 10 0.190647 0 0.153933
  13 -2.809405 -4.417264 31.446648 0.061872 -0.992359 -0.106751 0.204401 0.364282 3 13 0.884472 10 0.061803 0 0.053725
corpse1
  13 -1.483949 -2.936969 24.628540 0.767799 -0.634545 -0.088525 0.229102 0.275680 2 13 0.772351 14 0.227649
  13 -0.842329 -3.427151 31.590885 0.765018 -0.603953 -0.223580 0.232892 0.365786 3 13 0.766462 10 0.180116 0 0.053422
  13 -2.809405 -4.417264 31.446648 0.061872 -0.992359 -0.106751 0.204401 0.364282 3 13 0.884472 10 0.061803 0 0.053725
corpse1
  13 -1.483949 -2.936969 24.628540 0.767799 -0.634545 -0.088525 0.229102 0.275680 2 13 0.772351 14 0.227649
  13 -2.809405 -4.417264 31.446648 0.061872 -0.992359 -0.106751 0.204401 0.364282 3 13 0.884472 10 0.061803 0 0.053725
  13 -2.809649 -3.555411 21.930593 0.086336 -0.978816 -0.185649 0.214881 0.242140 2 13 0.509948 14 0.490052
corpse1
  13 -1.483949 -2.936969 24.628540 0.767799 -0.634545 -0.088525 0.229102 0.275680 2 13 0.772351 14 0.227649
  13 -2.809649 -3.555411 21.930593 0.086336 -0.978816 -0.185649 0.214881 0.242140 2 13 0.509948 14 0.490052
  14 -1.306673 -2.015198 18.913317 0.776713 -0.602892 -0.182315 0.235372 0.204370 2 14 0.687790 13 0.312210
corpse1
  13 -2.809649 -3.555411 21.930593 0.086336 -0.978816 -0.185649 0.214881 0.242140 2 13 0.509948 14 0.490052
  14 -3.590481 -2.612690 19.397020 -0.165799 -0.964610 -0.205032 0.207107 0.210992 2 14 0.698238 13 0.301762
  14 -1.306673 -2.015198 18.913317 0.776713 -0.602892 -0.182315 0.235372 0.204370 2 14 0.687790 13 0.312210
corpse1
  14 -1.306673 -2.015198 18.913317 0.776713 -0.602892 -0.182315 0.235372 0.204370 2 14 0.687790 13 0.312210
  14 -3.590481 -2.612690 19.397020 -0.165799 -0.964610 -0.205032 0.207107 0.210992 2 14 0.698238 13 0.301762
  14 -2.678202 -1.719289 15.741528 0.485600 -0.861172 -0.150251 0.220626 0.166292 2 14 0.903303 13 0.096697
corpse1
  14 -5.166940 -1.447624 13.900371 -0.437671 -0.890091 -0.127212 0.183726 0.144271 1 14 1.000000
  14 -2.678202 -1.719289 15.741528 0.485600 -0.861172 -0.150251 0.220626 0.166292 2 14 0.903303 13 0.096697
  14 -3.590481 -2.612690 19.397020 -0.165799 -0.964610 -0.205032 0.207107 0.210992 2 14 0.698238 13 0.301762
corpse1
  14 -5.166940 -1.447624 13.900371 -0.437671 -0.890091 -0.127212 0.183726 0.144271 1 14 1.000000
  14 -1.985009 -1.668380 9.811657 0.443726 -0.895075 -0.044128 0.225541 0.095246 1 14 1.000000
  14 -2.678202 -1.719289 15.741528 0.485600 -0.861172 -0.150251 0.220626 0.166292 2 14 0.903303 13 0.096697
corpse1
  13 -2.129745 -4.654782 33.818367 -0.005646 -0.997039 -0.076687 0.218181 0.394800 3 13 0.655420 10 0.190647 0 0.153933
  10 1.404918 -4.714172 33.959167 -0.028903 -0.985137 -0.169318 0.281922 0.396163 3 10 0.495358 13 0.385828 0 0.118814
  10 -0.037256 -4.164614 36.152481 -0.011737 -0.999083 0.041185 0.252636 0.422917 3 10 0.384630 13 0.384530 0 0.230840
corpse1
  11 0.977523 -0.005436 20.246861 -0.988717 -0.148735 -0.017790 0.267263 0.220864 2 11 0.652718 10 0.347282
  10 1.431616 -2.943006 24.654825 -0.821491 -0.550836 -0.147417 0.284065 0.277381 2 10 0.739569 11 0.260431
  10 0.993901 -0.790654 22.833862 -0.989301 -0.124094 -0.076713 0.271758 0.253072 2 10 0.594050 11 0.405950
corpse1
  10 1.431616 -2.943006 24.654825 -0.821491 -0.550836 -0.147417 0.284065 0.277381 2 10 0.739569 11 0.260431
  10 0.535071 -1.170188 26.945267 -0.993267 -0.050966 -0.104036 0.250411 0.306918 3 10 0.842970 11 0.103949 13 0.053081
  10 0.993901 -0.790654 22.833862 -0.989301 -0.124094 -0.076713 0.271758 0.253072 2 10 0.594050 11 0.405950
corpse1
  10 1.431616 -2.943006 24.654825 -0.821491 -0.550836 -0.147417 0.284065 0.277381 2 10 0.739569 11 0.260431
  10 0.050492 -0.863288 30.588655 -0.996710 -0.041086 -0.069868 0.249826 0.354493 2 10 0.648233 13 0.351767
  10 0.535071 -1.170188 26.945267 -0.993267 -0.050966 -0.104036 0.250411 0.306918 3 10 0.842970 11 0.103949 13 0.053081
corpse1
  10 1.431616 -2.943006 24.654825 -0.821491 -0.550836 -0.147417 0.284065 0.277381 2 10 0.739569 11 0.260431
  10 0.325547 -3.466628 32.540249 -0.926294 -0.077306 -0.368787 0.270797 0.377782 3 10 0.517183 13 0.424324 0 0.058493
  10 0.050492 -0.863288 30.588655 -0.996710 -0.041086 -0.069868 0.249826 0.354493 2 10 0.648233 13 0.351767
corpse1
  10 0.325547 -3.466628 32.540249 -0.926294 -0.077306 -0.368787 0.270797 0.377782 3 10 0.517183 13 0.424324 0 0.058493
  13 -0.006050 -0.759023 33.159172 -0.945947 0.008724 -0.324205 0.248932 0.382975 2 13 0.505510 10 0.494490
  10 0.050492 -0.863288 30.588655 -0.996710 -0.041086 -0.069868 0.249826 0.354493 2 10 0.648233 13 0.351767
corpse1
  13 -6.879814 0.319535 24.684769 -0.954462 0.291809 -0.062047 0.141600 0.273821 2 13 0.733834 14 0.266166
  13 -6.803813 1.044474 38.013195 -0.949857 0.309679 0.043252 0.133905 0.442845 2 13 0.851228 1 0.148772
  13 -5.503953 3.025218 33.427925 -0.789018 0.613945 -0.022843 0.111176 0.387126 3 13 0.825304 10 0.101659 1 0.073037
corpse1
  13 -6.930518 -1.521817 29.228998 -0.919783 -0.390188 -0.041869 0.160122 0.334138 1 13 1.000000
  13 -6.803813 1.044474 38.013195 -0.949857 0.309679 0.043252 0.133905 0.442845 2 13 0.851228 1 0.148772
  13 -6.879814 0.319535 24.684769 -0.954462 0.291809 -0.062047 0.141600 0.273821 2 13 0.733834 14 0.266166
corpse1
  13 -6.803813 1.044474 38.013195 -0.949857 0.309679 0.043252 0.133905 0.442845 2 13 0.851228 1 0.148772
  13 -6.930518 -1.521817 29.228998 -0.919783 -0.390188 -0.041869 0.160122 0.334138 1 13 1.000000
  13 -6.697630 -1.084894 37.685432 -0.955206 -0.295464 0.016790 0.153898 0.440082 1 13 1.000000
corpse1
  13 -6.930518 -1.521817 29.228998 -0.919783 -0.390188 -0.041869 0.160122 0.334138 1 13 1.000000
  13 -5.720198 -3.381320 32.539860 -0.637277 -0.769822 -0.035379 0.178939 0.377974 1 13 1.000000
  13 -6.697630 -1.084894 37.685432 -0.955206 -0.295464 0.016790 0.153898 0.440082 1 13 1.000000
corpse1
  13 -6.697630 -1.084894 37.685432 -0.955206 -0.295464 0.016790 0.153898 0.440082 1 13 1.000000
  13 -5.720198 -3.381320 32.539860 -0.637277 -0.769822 -0.035379 0.178939 0.377974 1 13 1.000000
  13 -5.894080 -3.292067 37.032631 -0.545505 -0.835726 0.063137 0.176134 0.433385 2 13 0.873893 0 0.126107
corpse1
  13 -5.720198 -3.381320 32.539860 -0.637277 -0.769822 -0.035379 0.178939 0.377974 1 13 1.000000
  13 -2.129745 -4.654782 33.818367 -0.005646 -0.997039 -0.076687 0.218181 0.394800 3 13 0.655420 10 0.190647 0 0.153933
  13 -5.894080 -3.292067 37.032631 -0.545505 -0.835726 0.063137 0.176134 0.433385 2 13 0.873893 0 0.126107
corpse1
  13 -5.894080 -3.292067 37.032631 -0.545505 -0.835726 0.063137 0.176134 0.433385 2 13 0.873893 0 0.126107
  13 -2.129745 -4.654782 33.818367 -0.005646 -0.997039 -0.076687 0.218181 0.394800 3 13 0.655420 10 0.190647 0 0.153933
  13 -3.479856 -3.721918 37.185215 -0.147120 -0.986833 0.067205 0.200166 0.435585 3 13 0.676612 0 0.227029 10 0.096359
corpse1
  10 -0.037256 -4.164614 36.152481 -0.011737 -0.999083 0.041185 0.252636 0.422917 3 10 0.384630 13 0.384530 0 0.230840
  13 -3.479856 -3.721918 37.185215 -0.147120 -0.986833 0.067205 0.200166 0.435585 3 13 0.676612 0 0.227029 10 0.096359
  13 -2.129745 -4.654782 33.818367 -0.005646 -0.997039 -0.076687 0.218181 0.394800 3 13 0.655420 10 0.190647 0 0.153933
corpse1
  10 0.087699 -4.432639 37.090927 -0.004522 -0.961701 -0.274064 0.253964 0.434468 3 10 0.406802 0 0.342336 13 0.250862
  13 -3.479856 -3.721918 37.185215 -0.147120 -0.986833 0.067205 0.200166 0.435585 3 13 0.676612 0 0.227029 10 0.096359
  10 -0.037256 -4.164614 36.152481 -0.011737 -0.999083 0.041185 0.252636 0.422917 3 10 0.384630 13 0.384530 0 0.230840
corpse1
  10 -0.037256 -4.164614 36.152481 -0.011737 -0.999083 0.041185 0.252636 0.422917 3 10 0.384630 13 0.384530 0 0.230840
  10 3.154201 -3.820381 37.086033 0.233343 -0.970407 0.062145 0.306006 0.433752 3 10 0.688910 0 0.215615 13 0.095475
  10 0.087699 -4.432639 37.090927 -0.004522 -0.961701 -0.274064 0.253964 0.434468 3 10 0.406802 0 0.342336 13 0.250862
corpse1
  10 -0.037256 -4.164614 36.152481 -0.011737 -0.999083 0.041185 0.252636 0.422917 3 10 0.384630 13 0.384530 0 0.230840
  10 1.404918 -4.714172 33.959167 -0.028903 -0.985137 -0.169318 0.281922 0.396163 3 10 0.495358 13 0.385828 0 0.118814
  10 3.154201 -3.820381 37.086033 0.233343 -0.970407 0.062145 0.306006 0.433752 3 10 0.688910 0 0.215615 13 0.095475
corpse1
  10 4.490891 -4.032177 32.279064 0.448654 -0.892860 0.038859 0.316756 0.373350 3 10 0.817460 13 0.097088 0 0.085452
  10 3.154201 -3.820381 37.086033 0.233343 -0.970407 0.062145 0.306006 0.433752 3 10 0.688910 0 0.215615 13 0.095475
  10 1.404918 -4.714172 33.959167 -0.028903 -0.985137 -0.169318 0.281922 0.396163 3 10 0.495358 13 0.385828 0 0.118814
corpse1
  10 4.490891 -4.032177 32.279064 0.448654 -0.892860 0.038859 0.316756 0.373350 3 10 0.817460 13 0.097088 0 0.085452
  10 1.404918 -4.714172 33.959167 -0.028903 -0.985137 -0.169318 0.281922 0.396163 3 10 0.495358 13 0.385828 0 0.118814
  10 2.791545 -4.417264 31.446655 -0.081826 -0.983920 -0.158765 0.300999 0.363407 3 10 0.737988 13 0.205981 0 0.056031
corpse1
  10 4.837000 -3.578185 26.865984 0.380460 -0.916203 -0.125787 0.317981 0.304027 2 10 0.944691 11 0.055309
  10 4.490891 -4.032177 32.279064 0.448654 -0.892860 0.038859 0.316756 0.373350 3 10 0.817460 13 0.097088 0 0.085452
  10 2.791545 -4.417264 31.446655 -0.081826 -0.983920 -0.158765 0.300999 0.363407 3 10 0.737988 13 0.205981 0 0.056031
corpse1
  10 4.837000 -3.578185 26.865984 0.380460 -0.916203 -0.125787 0.317981 0.304027 2 10 0.944691 11 0.055309
  10 2.791545 -4.417264 31.446655 -0.081826 -0.983920 -0.158765 0.300999 0.363407 3 10 0.737988 13 0.205981 0 0.056031
  10 3.045077 -3.276693 24.715748 -0.205661 -0.965776 -0.158052 0.299587 0.277960 2 10 0.789879 11 0.210121
corpse1
  11 3.577150 -2.595037 19.352673 0.081577 -0.987027 -0.138287 0.305525 0.211708 2 11 0.656444 10 0.343556
  10 4.837000 -3.578185 26.865984 0.380460 -0.916203 -0.125787 0.317981 0.304027 2 10 0.944691 11 0.055309
  10 3.045077 -3.276693 24.715748 -0.205661 -0.965776 -0.158052 0.299587 0.277960 2 10 0.789879 11 0.210121
corpse1
  10 3.045077 -3.276693 24.715748 -0.205661 -0.965776 -0.158052 0.299587 0.277960 2 10 0.789879 11 0.210121
  11 1.860081 -1.733224 19.112919 -0.749013 -0.651312 -0.121539 0.282034 0.208122 2 11 0.670178 10 0.329822
  11 3.577150 -2.595037 19.352673 0.081577 -0.987027 -0.138287 0.305525 0.211708 2 11 0.656444 10 0.343556
corpse1
  11 1.860081 -1.733224 19.112919 -0.749013 -0.651312 -0.121539 0.282034 0.208122 2 11 0.670178 10 0.329822
  11 2.044106 -1.773741 11.772161 -0.438795 -0.897498 -0.044227 0.287061 0.118194 2 11 0.900433 12 0.099567
  11 3.577150 -2.595037 19.352673 0.081577 -0.987027 -0.138287 0.305525 0.211708 2 11 0.656444 10 0.343556
corpse1
  11 4.519899 -1.020297 6.228393 0.570410 -0.816550 0.088758 0.320510 0.049909 1 11 1.000000
  11 2.044106 -1.773741 11.772161 -0.438795 -0.897498 -0.044227 0.287061 0.118194 2 11 0.900433 12 0.099567
  11 2.579932 -1.789453 5.700551 -0.236542 -0.926759 0.291832 0.294588 0.043824 1 11 1.000000
corpse1
  11 4.508276 -1.719297 16.329388 0.623262 -0.773824 -0.112876 0.318840 0.174148 2 11 0.841584 10 0.158417
  11 2.044106 -1.773741 11.772161 -0.438795 -0.897498 -0.044227 0.287061 0.118194 2 11 0.900433 12 0.099567
  11 4.519899 -1.020297 6.228393 0.570410 -0.816550 0.088758 0.320510 0.049909 1 11 1.000000
corpse1
  11 4.508276 -1.719297 16.329388 0.623262 -0.773824 -0.112876 0.318840 0.174148 2 11 0.841584 10 0.158417
  11 3.577150 -2.595037 19.352673 0.081577 -0.987027 -0.138287 0.305525 0.211708 2 11 0.656444 10 0.343556
  11 2.044106 -1.773741 11.772161 -0.438795 -0.897498 -0.044227 0.287061 0.118194 2 11 0.900433 12 0.099567
corpse1
  11 4.508276 -1.719297 16.329388 0.623262 -0.773824 -0.112876 0.318840 0.174148 2 11 0.841584 10 0.158417
  10 5.512055 -1.688878 20.691860 0.775232 -0.616351 -0.138302 0.331846 0.227648 2 10 0.512438 11 0.487562
  11 3.577150 -2.595037 19.352673 0.081577 -0.987027 -0.138287 0.305525 0.211708 2 11 0.656444 10 0.343556
corpse1
  10 5.512055 -1.688878 20.691860 0.775232 -0.616351 -0.138302 0.331846 0.227648 2 10 0.512438 11 0.487562
  10 4.837000 -3.578185 26.865984 0.380460 -0.916203 -0.125787 0.317981 0.304027 2 10 0.944691 11 0.055309
  11 3.577150 -2.595037 19.352673 0.081577 -0.987027 -0.138287 0.305525 0.211708 2 11 0.656444 10 0.343556
corpse1
  10 5.512055 -1.688878 20.691860 0.775232 -0.616351 -0.138302 0.331846 0.227648 2 10 0.512438 11 0.487562
  10 6.268918 -2.221089 26.909899 0.870095 -0.490602 -0.047372 0.337655 0.304042 2 10 0.948248 11 0.051752
  10 4.837000 -3.578185 26.865984 0.380460 -0.916203 -0.125787 0.317981 0.304027 2 10 0.944691 11 0.055309
corpse1
  10 6.268918 -2.221089 26.909899 0.870095 -0.490602 -0.047372 0.337655 0.304042 2 10 0.948248 11 0.051752
  10 4.490891 -4.032177 32.279064 0.448654 -0.892860 0.038859 0.316756 0.373350 3 10 0.817460 13 0.097088 0 0.085452
  10 4.837000 -3.578185 26.865984 0.380460 -0.916203 -0.125787 0.317981 0.304027 2 10 0.944691 11 0.055309
corpse1
  10 5.471615 -2.670043 37.580730 0.673905 -0.735044 0.074587 0.335169 0.438421 2 10 0.916984 0 0.083016
  10 4.490891 -4.032177 32.279064 0.448654 -0.892860 0.038859 0.316756 0.373350 3 10 0.817460 13 0.097088 0 0.085452
  10 6.268918 -2.221089 26.909899 0.870095 -0.490602 -0.047372 0.337655 0.304042 2 10 0.948248 11 0.051752
corpse1
  10 3.154201 -3.820381 37.086033 0.233343 -0.970407 0.062145 0.306006 0.433752 3 10 0.688910 0 0.215615 13 0.095475
  10 4.490891 -4.032177 32.279064 0.448654 -0.892860 0.038859 0.316756 0.373350 3 10 0.817460 13 0.097088 0 0.085452
  10 5.471615 -2.670043 37.580730 0.673905 -0.735044 0.074587 0.335169 0.438421 2 10 0.916984 0 0.083016
corpse1
  10 5.512055 -1.688878 20.691860 0.775232 -0.616351 -0.138302 0.331846 0.227648 2 10 0.512438 11 0.487562
  11 4.508276 -1.719297 16.329388 0.623262 -0.773824 -0.112876 0.318840 0.174148 2 11 0.841584 10 0.158417
  11 6.438724 0.985277 18.219360 0.998902 0.038881 -0.026137 0.367852 0.195688 2 11 0.686780 10 0.313220
corpse1
  11 6.086936 1.014338 13.374039 0.999517 0.011370 -0.028918 0.364905 0.136268 1 11 1.000000
  11 4.508276 -1.719297 16.329388 0.623262 -0.773824 -0.112876 0.318840 0.174148 2 11 0.841584 10 0.158417
  11 4.519899 -1.020297 6.228393 0.570410 -0.816550 0.088758 0.320510 0.049909 1 11 1.000000
corpse1
  11 4.508276 -1.719297 16.329388 0.623262 -0.773824 -0.112876 0.318840 0.174148 2 11 0.841584 10 0.158417
  11 6.086936 1.014338 13.374039 0.999517 0.011370 -0.028918 0.364905 0.136268 1 11 1.000000
  11 6.438724 0.985277 18.219360 0.998902 0.038881 -0.026137 0.367852 0.195688 2 11 0.686780 10 0.313220
corpse1
  11 4.839393 3.840299 15.384782 0.752379 0.658507 0.017152 0.408814 0.159033 2 11 0.905562 10 0.094438
  11 6.438724 0.985277 18.219360 0.998902 0.038881 -0.026137 0.367852 0.195688 2 11 0.686780 10 0.313220
  11 6.086936 1.014338 13.374039 0.999517 0.011370 -0.028918 0.364905 0.136268 1 11 1.000000
corpse1
  11 4.839393 3.840299 15.384782 0.752379 0.658507 0.017152 0.408814 0.159033 2 11 0.905562 10 0.094438
  11 4.759581 3.140194 19.927097 0.647885 0.749376 0.136676 0.407401 0.215144 2 11 0.615799 10 0.384201
  11 6.438724 0.985277 18.219360 0.998902 0.038881 -0.026137 0.367852 0.195688 2 11 0.686780 10 0.313220
corpse1
  11 4.759581 3.140194 19.927097 0.647885 0.749376 0.136676 0.407401 0.215144 2 11 0.615799 10 0.384201
  10 6.335356 0.588345 21.459848 0.982843 0.184420 0.003040 0.364857 0.235649 2 10 0.550035 11 0.449965
  11 6.438724 0.985277 18.219360 0.998902 0.038881 -0.026137 0.367852 0.195688 2 11 0.686780 10 0.313220
corpse1
  10 6.335356 0.588345 21.459848 0.982843 0.184420 0.003040 0.364857 0.235649 2 10 0.550035 11 0.449965
  10 5.512055 -1.688878 20.691860 0.775232 -0.616351 -0.138302 0.331846 0.227648 2 10 0.512438 11 0.487562
  11 6.438724 0.985277 18.219360 0.998902 0.038881 -0.026137 0.367852 0.195688 2 11 0.686780 10 0.313220
corpse1
  10 6.335356 0.588345 21.459848 0.982843 0.184420 0.003040 0.364857 0.235649 2 10 0.550035 11 0.449965
  10 6.268918 -2.221089 26.909899 0.870095 -0.490602 -0.047372 0.337655 0.304042 2 10 0.948248 11 0.051752
  10 5.512055 -1.688878 20.691860 0.775232 -0.616351 -0.138302 0.331846 0.227648 2 10 0.512438 11 0.487562
corpse1
  11 2.044106 -1.773741 11.772161 -0.438795 -0.897498 -0.044227 0.287061 0.118194 2 11 0.900433 12 0.099567
  11 1.860081 -1.733224 19.112919 -0.749013 -0.651312 -0.121539 0.282034 0.208122 2 11 0.670178 10 0.329822
  11 1.249339 1.023416 13.991695 -0.984570 -0.174697 -0.010129 0.260496 0.143561 1 11 1.000000
corpse1
  11 0.744800 1.028992 6.696021 -0.992092 -0.124720 0.014050 0.262357 0.054118 1 11 1.000000
  11 2.044106 -1.773741 11.772161 -0.438795 -0.897498 -0.044227 0.287061 0.118194 2 11 0.900433 12 0.099567
  11 1.249339 1.023416 13.991695 -0.984570 -0.174697 -0.010129 0.260496 0.143561 1 11 1.000000
corpse1
  11 2.044106 -1.773741 11.772161 -0.438795 -0.897498 -0.044227 0.287061 0.118194 2 11 0.900433 12 0.099567
  11 0.744800 1.028992 6.696021 -0.992092 -0.124720 0.014050 0.262357 0.054118 1 11 1.000000
  11 2.579932 -1.789453 5.700551 -0.236542 -0.926759 0.291832 0.294588 0.043824 1 11 1.000000
corpse1
  11 0.744800 1.028992 6.696021 -0.992092 -0.124720 0.014050 0.262357 0.054118 1 11 1.000000
  11 2.185139 -2.675810 3.507138 -0.568373 -0.558374 -0.604294 0.293725 0.017488 2 11 0.767258 12 0.232742
  11 2.579932 -1.789453 5.700551 -0.236542 -0.926759 0.291832 0.294588 0.043824 1 11 1.000000
corpse1
  11 2.579932 -1.789453 5.700551 -0.236542 -0.926759 0.291832 0.294588 0.043824 1 11 1.000000
  11 2.185139 -2.675810 3.507138 -0.568373 -0.558374 -0.604294 0.293725 0.017488 2 11 0.767258 12 0.232742
  11 4.680367 -2.567489 3.583840 0.449090 -0.799463 0.398969 0.315977 0.018498 1 11 1.000000
corpse1
  11 2.579932 -1.789453 5.700551 -0.236542 -0.926759 0.291832 0.294588 0.043824 1 11 1.000000
  11 4.680367 -2.567489 3.583840 0.449090 -0.799463 0.398969 0.315977 0.018498 1 11 1.000000
  11 4.519899 -1.020297 6.228393 0.570410 -0.816550 0.088758 0.320510 0.049909 1 11 1.000000
corpse1
  11 6.191263 1.449499 7.897531 0.997496 -0.060755 0.036190 0.367014 0.068879 1 11 1.000000
  11 4.519899 -1.020297 6.228393 0.570410 -0.816550 0.088758 0.320510 0.049909 1 11 1.000000
  11 4.680367 -2.567489 3.583840 0.449090 -0.799463 0.398969 0.315977 0.018498 1 11 1.000000
corpse1
  11 4.519899 -1.020297 6.228393 0.570410 -0.816550 0.088758 0.320510 0.049909 1 11 1.000000
  11 6.191263 1.449499 7.897531 0.997496 -0.060755 0.036190 0.367014 0.068879 1 11 1.000000
  11 5.616565 -0.726280 8.327653 0.934543 -0.288128 -0.208832 0.336071 0.075510 1 11 1.000000
corpse1
  11 6.086936 1.014338 13.374039 0.999517 0.011370 -0.028918 0.364905 0.136268 1 11 1.000000
  11 5.616565 -0.726280 8.327653 0.934543 -0.288128 -0.208832 0.336071 0.075510 1 11 1.000000
  11 6.191263 1.449499 7.897531 0.997496 -0.060755 0.036190 0.367014 0.068879 1 11 1.000000
corpse1
  11 6.191263 1.449499 7.897531 0.997496 -0.060755 0.036190 0.367014 0.068879 1 11 1.000000
  11 4.667566 3.651903 10.392780 0.717092 0.696965 0.004331 0.408146 0.097964 2 11 0.941425 12 0.058575
  11 6.086936 1.014338 13.374039 0.999517 0.011370 -0.028918 0.364905 0.136268 1 11 1.000000
corpse1
  11 6.086936 1.014338 13.374039 0.999517 0.011370 -0.028918 0.364905 0.136268 1 11 1.000000
  11 4.667566 3.651903 10.392780 0.717092 0.696965 0.004331 0.408146 0.097964 2 11 0.941425 12 0.058575
  11 4.839393 3.840299 15.384782 0.752379 0.658507 0.017152 0.408814 0.159033 2 11 0.905562 10 0.094438
corpse1
  11 4.667566 3.651903 10.392780 0.717092 0.696965 0.004331 0.408146 0.097964 2 11 0.941425 12 0.058575
  11 2.774790 5.019195 15.462656 0.535939 0.841067 0.073312 0.432228 0.159117 2 11 0.946153 10 0.053847
  11 4.839393 3.840299 15.384782 0.752379 0.658507 0.017152 0.408814 0.159033 2 11 0.905562 10 0.094438
corpse1
  11 2.774790 5.019195 15.462656 0.535939 0.841067 0.073312 0.432228 0.159117 2 11 0.946153 10 0.053847
  11 4.759581 3.140194 19.927097 0.647885 0.749376 0.136676 0.407401 0.215144 2 11 0.615799 10 0.384201
  11 4.839393 3.840299 15.384782 0.752379 0.658507 0.017152 0.408814 0.159033 2 11 0.905562 10 0.094438
corpse1
  11 2.774790 5.019195 15.462656 0.535939 0.841067 0.073312 0.432228 0.159117 2 11 0.946153 10 0.053847
  11 3.112475 4.021183 20.051229 -0.143445 0.980450 0.134691 0.430297 0.216009 2 11 0.672746 10 0.327254
  11 4.759581 3.140194 19.927097 0.647885 0.749376 0.136676 0.407401 0.215144 2 11 0.615799 10 0.384201
corpse1
  10 2.867213 3.641766 23.248732 0.189778 0.981816 0.004607 0.433643 0.255425 2 10 0.602375 11 0.397625
  11 4.759581 3.140194 19.927097 0.647885 0.749376 0.136676 0.407401 0.215144 2 11 0.615799 10 0.384201
  11 3.112475 4.021183 20.051229 -0.143445 0.980450 0.134691 0.430297 0.216009 2 11 0.672746 10 0.327254
corpse1
  10 1.017537 2.560194 24.844597 -0.853529 0.519321 -0.042363 0.460597 0.278077 2 10 0.678851 11 0.321149
  10 2.867213 3.641766 23.248732 0.189778 0.981816 0.004607 0.433643 0.255425 2 10 0.602375 11 0.397625
  11 3.112475 4.021183 20.051229 -0.143445 0.980450 0.134691 0.430297 0.216009 2 11 0.672746 10 0.327254
corpse1
  10 1.017537 2.560194 24.844597 -0.853529 0.519321 -0.042363 0.460597 0.278077 2 10 0.678851 11 0.321149
  10 3.152838 4.803091 32.179935 0.027214 0.953153 -0.301261 0.426774 0.372728 2 10 0.929359 1 0.070641
  10 2.867213 3.641766 23.248732 0.189778 0.981816 0.004607 0.433643 0.255425 2 10 0.602375 11 0.397625
corpse1
  10 1.017537 2.560194 24.844597 -0.853529 0.519321 -0.042363 0.460597 0.278077 2 10 0.678851 11 0.321149
  10 0.957455 3.513444 31.283428 -0.838394 0.509198 -0.194456 0.454847 0.361156 2 10 0.936437 13 0.063563
  10 3.152838 4.803091 32.179935 0.027214 0.953153 -0.301261 0.426774 0.372728 2 10 0.929359 1 0.070641
corpse1
  11 6.191263 1.449499 7.897531 0.997496 -0.060755 0.036190 0.367014 0.068879 1 11 1.000000
  11 5.133110 3.587686 6.749222 0.705264 0.708434 -0.026904 0.400576 0.053378 1 11 1.000000
  11 4.667566 3.651903 10.392780 0.717092 0.696965 0.004331 0.408146 0.097964 2 11 0.941425 12 0.058575
corpse1
  11 0.744800 1.028992 6.696021 -0.992092 -0.124720 0.014050 0.262357 0.054118 1 11 1.000000
  11 1.204625 1.076643 2.719859 -0.651391 -0.193473 -0.733660 0.265872 0.005383 1 11 1.000000
  11 2.185139 -2.675810 3.507138 -0.568373 -0.558374 -0.604294 0.293725 0.017488 2 11 0.767258 12 0.232742
corpse1
  11 6.191263 1.449499 7.897531 0.997496 -0.060755 0.036190 0.367014 0.068879 1 11 1.000000
  11 4.680367 -2.567489 3.583840 0.449090 -0.799463 0.398969 0.315977 0.018498 1 11 1.000000
  11 6.151217 -0.153771 3.204773 0.996362 0.081946 -0.023389 0.343388 0.012390 1 11 1.000000
corpse1
  11 5.133110 3.587686 6.749222 0.705264 0.708434 -0.026904 0.400576 0.053378 1 11 1.000000
  11 6.191263 1.449499 7.897531 0.997496 -0.060755 0.036190 0.367014 0.068879 1 11 1.000000
  11 6.151217 -0.153771 3.204773 0.996362 0.081946 -0.023389 0.343388 0.012390 1 11 1.000000
corpse1
  11 5.133110 3.587686 6.749222 0.705264 0.708434 -0.026904 0.400576 0.053378 1 11 1.000000
  11 6.151217 -0.153771 3.204773 0.996362 0.081946 -0.023389 0.343388 0.012390 1 11 1.000000
  11 4.836351 3.356994 2.701383 0.756895 0.646977 -0.092362 0.399904 0.003901 2 11 0.784098 12 0.215902
corpse1
  11 5.133110 3.587686 6.749222 0.705264 0.708434 -0.026904 0.400576 0.053378 1 11 1.000000
  11 4.836351 3.356994 2.701383 0.756895 0.646977 -0.092362 0.399904 0.003901 2 11 0.784098 12 0.215902
  11 2.680372 4.539165 2.663536 0.509256 0.853956 -0.106849 0.435253 0.002560 1 11 1.000000
corpse1
  11 5.133110 3.587686 6.749222 0.705264 0.708434 -0.026904 0.400576 0.053378 1 11 1.000000
  11 2.680372 4.539165 2.663536 0.509256 0.853956 -0.106849 0.435253 0.002560 1 11 1.000000
  11 2.883502 4.923197 6.002435 -0.087888 0.994032 0.064617 0.431999 0.043246 1 11 1.000000
corpse1
  11 3.222348 4.469208 7.973912 0.099764 0.993595 -0.053058 0.428563 0.067716 1 11 1.000000
  11 5.133110 3.587686 6.749222 0.705264 0.708434 -0.026904 0.400576 0.053378 1 11 1.000000
  11 2.883502 4.923197 6.002435 -0.087888 0.994032 0.064617 0.431999 0.043246 1 11 1.000000
corpse1
  11 3.222348 4.469208 7.973912 0.099764 0.993595 -0.053058 0.428563 0.067716 1 11 1.000000
  11 4.667566 3.651903 10.392780 0.717092 0.696965 0.004331 0.408146 0.097964 2 11 0.941425 12 0.058575
  11 5.133110 3.587686 6.749222 0.705264 0.708434 -0.026904 0.400576 0.053378 1 11 1.000000
corpse1
  11 3.222348 4.469208 7.973912 0.099764 0.993595 -0.053058 0.428563 0.067716 1 11 1.000000
  11 2.710135 5.359229 10.918318 0.651167 0.758020 -0.037243 0.432448 0.103203 1 11 1.000000
  11 4.667566 3.651903 10.392780 0.717092 0.696965 0.004331 0.408146 0.097964 2 11 0.941425 12 0.058575
corpse1
  11 4.667566 3.651903 10.392780 0.717092 0.696965 0.004331 0.408146 0.097964 2 11 0.941425 12 0.058575
  11 2.710135 5.359229 10.918318 0.651167 0.758020 -0.037243 0.432448 0.103203 1 11 1.000000
  11 2.774790 5.019195 15.462656 0.535939 0.841067 0.073312 0.432228 0.159117 2 11 0.946153 10 0.053847
corpse1
  10 1.017537 2.560194 24.844597 -0.853529 0.519321 -0.042363 0.460597 0.278077 2 10 0.678851 11 0.321149
  11 3.112475 4.021183 20.051229 -0.143445 0.980450 0.134691 0.430297 0.216009 2 11 0.672746 10 0.327254
  11 1.159124 2.688094 20.043173 -0.833020 0.531958 0.151979 0.458890 0.216654 2 11 0.741296 10 0.258704
corpse1
  11 2.774790 5.019195 15.462656 -0.421516 0.893907 0.152496 0.432228 0.159117 2 11 0.946153 10 0.053847
  11 1.159124 2.688094 20.043173 -0.833020 0.531958 0.151979 0.458890 0.216654 2 11 0.741296 10 0.258704
  11 3.112475 4.021183 20.051229 -0.143445 0.980450 0.134691 0.430297 0.216009 2 11 0.672746 10 0.327254
corpse1
  11 2.774790 5.019195 15.462656 -0.421516 0.893907 0.152496 0.432228 0.159117 2 11 0.946153 10 0.053847
  11 1.137734 4.545083 14.556285 -0.878011 0.472568 0.075998 0.448107 0.148221 1 11 1.000000
  11 1.159124 2.688094 20.043173 -0.833020 0.531958 0.151979 0.458890 0.216654 2 11 0.741296 10 0.258704
corpse1
  11 0.744800 1.028992 6.696021 -0.992092 -0.124720 0.014050 0.490404 0.054118 1 11 1.000000
  11 1.067069 3.516495 2.657092 -0.939069 0.332704 -0.086360 0.459760 0.003045 1 11 1.000000
  11 1.204625 1.076643 2.719859 -0.651391 -0.193473 -0.733660 0.493918 0.005383 1 11 1.000000
corpse1
  11 1.067069 3.516495 2.657092 -0.939069 0.332704 -0.086360 0.459760 0.003045 1 11 1.000000
  11 0.744800 1.028992 6.696021 -0.992092 -0.124720 0.014050 0.490404 0.054118 1 11 1.000000
  11 1.074036 3.818362 5.036788 -0.773437 0.633343 0.025923 0.456028 0.032017 1 11 1.000000
corpse1
  11 2.680372 4.539165 2.663536 -0.512518 0.854211 -0.087457 0.435253 0.002560 1 11 1.000000
  11 1.067069 3.516495 2.657092 -0.939069 0.332704 -0.086360 0.459760 0.003045 1 11 1.000000
  11 1.074036 3.818362 5.036788 -0.773437 0.633343 0.025923 0.456028 0.032017 1 11 1.000000
corpse1
  11 2.680372 4.539165 2.663536 -0.512518 0.854211 -0.087457 0.435253 0.002560 1 11 1.000000
  11 1.074036 3.818362 5.036788 -0.773437 0.633343 0.025923 0.456028 0.032017 1 11 1.000000
  11 2.883502 4.923197 6.002435 -0.087888 0.994032 0.064617 0.431999 0.043246 1 11 1.000000
corpse1
  11 1.718107 3.942544 7.785286 -0.676247 0.736641 0.007075 0.448353 0.065657 1 11 1.000000
  11 2.883502 4.923197 6.002435 -0.087888 0.994032 0.064617 0.431999 0.043246 1 11 1.000000
  11 1.074036 3.818362 5.036788 -0.773437 0.633343 0.025923 0.456028 0.032017 1 11 1.000000
corpse1
  11 1.718107 3.942544 7.785286 -0.676247 0.736641 0.007075 0.448353 0.065657 1 11 1.000000
  11 3.222348 4.469208 7.973912 0.099764 0.993595 -0.053058 0.428563 0.067716 1 11 1.000000
  11 2.883502 4.923197 6.002435 -0.087888 0.994032 0.064617 0.431999 0.043246 1 11 1.000000
corpse1
  11 3.222348 4.469208 7.973912 0.099764 0.993595 -0.053058 0.428563 0.067716 1 11 1.000000
  11 1.718107 3.942544 7.785286 -0.676247 0.736641 0.007075 0.448353 0.065657 1 11 1.000000
  11 0.994565 4.576751 10.898460 -0.723946 0.680467 -0.113428 0.449847 0.103364 1 11 1.000000
corpse1
  11 3.222348 4.469208 7.973912 0.099764 0.993595 -0.053058 0.428563 0.067716 1 11 1.000000
  11 0.994565 4.576751 10.898460 -0.723946 0.680467 -0.113428 0.449847 0.103364 1 11 1.000000
  11 2.710135 5.359229 10.918318 -0.410226 0.902706 -0.129755 0.432448 0.103203 1 11 1.000000
corpse1
  11 2.774790 5.019195 15.462656 -0.421516 0.893907 0.152496 0.432228 0.159117 2 11 0.946153 10 0.053847
  11 2.710135 5.359229 10.918318 -0.410226 0.902706 -0.129755 0.432448 0.103203 1 11 1.000000
  11 0.994565 4.576751 10.898460 -0.723946 0.680467 -0.113428 0.449847 0.103364 1 11 1.000000
corpse1
  11 2.774790 5.019195 15.462656 -0.421516 0.893907 0.152496 0.432228 0.159117 2 11 0.946153 10 0.053847
  11 0.994565 4.576751 10.898460 -0.723946 0.680467 -0.113428 0.449847 0.103364 1 11 1.000000
  11 1.137734 4.545083 14.556285 -0.878011 0.472568 0.075998 0.448107 0.148221 1 11 1.000000
corpse1
  11 1.249339 1.023416 13.991695 -0.984570 -0.174697 -0.010129 0.485043 0.143561 1 11 1.000000
  11 1.137734 4.545083 14.556285 -0.878011 0.472568 0.075998 0.448107 0.148221 1 11 1.000000
  11 0.994565 4.576751 10.898460 -0.723946 0.680467 -0.113428 0.449847 0.103364 1 11 1.000000
corpse1
  11 1.137734 4.545083 14.556285 -0.878011 0.472568 0.075998 0.448107 0.148221 1 11 1.000000
  11 1.249339 1.023416 13.991695 -0.984570 -0.174697 -0.010129 0.485043 0.143561 1 11 1.000000
  11 0.714534 0.991613 18.916452 -0.994374 -0.105919 0.000865 0.482135 0.203906 2 11 0.810339 10 0.189661
corpse1
  11 1.137734 4.545083 14.556285 -0.878011 0.472568 0.075998 0.448107 0.148221 1 11 1.000000
  11 0.714534 0.991613 18.916452 -0.994374 -0.105919 0.000865 0.482135 0.203906 2 11 0.810339 10 0.189661
  11 1.159124 2.688094 20.043173 -0.833020 0.531958 0.151979 0.458890 0.216654 2 11 0.741296 10 0.258704
corpse1
  11 0.714534 0.991613 18.916452 -0.994374 -0.105919 0.000865 0.482135 0.203906 2 11 0.810339 10 0.189661
  11 0.977523 -0.005436 20.246861 -0.988717 -0.148735 -0.017790 0.495309 0.220864 2 11 0.652718 10 0.347282
  11 1.159124 2.688094 20.043173 -0.833020 0.531958 0.151979 0.458890 0.216654 2 11 0.741296 10 0.258704
corpse1
  10 1.017537 2.560194 24.844597 -0.853529 0.519321 -0.042363 0.460597 0.278077 2 10 0.678851 11 0.321149
  11 1.159124 2.688094 20.043173 -0.833020 0.531958 0.151979 0.458890 0.216654 2 11 0.741296 10 0.258704
  11 0.977523 -0.005436 20.246861 -0.988717 -0.148735 -0.017790 0.495309 0.220864 2 11 0.652718 10 0.347282
corpse1
  10 1.017537 2.560194 24.844597 -0.853529 0.519321 -0.042363 0.460597 0.278077 2 10 0.678851 11 0.321149
  11 0.977523 -0.005436 20.246861 -0.988717 -0.148735 -0.017790 0.495309 0.220864 2 11 0.652718 10 0.347282
  10 0.993901 -0.790654 22.833862 -0.989301 -0.124094 -0.076713 0.503709 0.253072 2 10 0.594050 11 0.405950
corpse1
  10 0.993901 -0.790654 22.833862 -0.989301 -0.124094 -0.076713 0.503709 0.253072 2 10 0.594050 11 0.405950
  10 0.535071 -1.170188 26.945267 -0.993267 -0.050966 -0.104036 0.499518 0.304883 3 10 0.842970 11 0.103949 13 0.053081
  10 1.017537 2.560194 24.844597 -0.853529 0.519321 -0.042363 0.460597 0.278077 2 10 0.678851 11 0.321149
corpse1
  10 0.535071 -1.170188 26.945267 -0.993267 -0.050966 -0.104036 0.499518 0.304883 3 10 0.842970 11 0.103949 13 0.053081
  10 0.957455 3.513444 31.283428 -0.838394 0.509198 -0.194456 0.454847 0.361156 2 10 0.936437 13 0.063563
  10 1.017537 2.560194 24.844597 -0.853529 0.519321 -0.042363 0.460597 0.278077 2 10 0.678851 11 0.321149
corpse1
  10 0.535071 -1.170188 26.945267 -0.993267 -0.050966 -0.104036 0.499518 0.304883 3 10 0.842970 11 0.103949 13 0.053081
  10 0.050492 -0.863288 30.588655 -0.996710 -0.041086 -0.069868 0.491263 0.347856 2 10 0.648233 13 0.351767
  10 0.957455 3.513444 31.283428 -0.838394 0.509198 -0.194456 0.454847 0.361156 2 10 0.936437 13 0.063563
corpse1
  10 0.050492 -0.863288 30.588655 -0.996710 -0.041086 -0.069868 0.491263 0.347856 2 10 0.648233 13 0.351767
  10 1.288989 4.933783 33.163857 -0.979648 0.199510 0.022024 0.445607 0.383381 3 10 0.708322 13 0.229094 1 0.062584
  10 0.957455 3.513444 31.283428 -0.838394 0.509198 -0.194456 0.454847 0.361156 2 10 0.936437 13 0.063563
corpse1
  11 1.074036 3.818362 5.036788 -0.773437 0.633343 0.025923 0.456028 0.032017 1 11 1.000000
  11 0.744800 1.028992 6.696021 -0.992092 -0.124720 0.014050 0.490404 0.054118 1 11 1.000000
  11 1.718107 3.942544 7.785286 -0.676247 0.736641 0.007075 0.448353 0.065657 1 11 1.000000
corpse1
  11 1.718107 3.942544 7.785286 -0.676247 0.736641 0.007075 0.448353 0.065657 1 11 1.000000
  11 0.744800 1.028992 6.696021 -0.992092 -0.124720 0.014050 0.490404 0.054118 1 11 1.000000
  11 0.994565 4.576751 10.898460 -0.723946 0.680467 -0.113428 0.449847 0.103364 1 11 1.000000
corpse1
  11 1.249339 1.023416 13.991695 -0.984570 -0.174697 -0.010129 0.485043 0.143561 1 11 1.000000
  11 0.994565 4.576751 10.898460 -0.723946 0.680467 -0.113428 0.449847 0.103364 1 11 1.000000
  11 0.744800 1.028992 6.696021 -0.992092 -0.124720 0.014050 0.490404 0.054118 1 11 1.000000
corpse1
  10 3.152838 4.803091 32.179935 0.027214 0.953153 -0.301261 0.426774 0.372728 2 10 0.929359 1 0.070641
  10 0.957455 3.513444 31.283428 -0.838394 0.509198 -0.194456 0.454847 0.361156 2 10 0.936437 13 0.063563
  10 1.288989 4.933783 33.163857 -0.198807 0.646188 -0.736829 0.445607 0.383381 3 10 0.708322 13 0.229094 1 0.062584
corpse1
  10 1.288989 4.933783 33.163857 -0.198807 0.646188 -0.736829 0.445607 0.383381 3 10 0.708322 13 0.229094 1 0.062584
  10 0.042584 5.636696 34.509647 -0.060924 0.939482 -0.337138 0.458232 0.397055 3 10 0.589120 13 0.230304 1 0.180576
  10 3.152838 4.803091 32.179935 0.027214 0.953153 -0.301261 0.426774 0.372728 2 10 0.929359 1 0.070641
corpse1
  10 1.288989 4.933783 33.163857 -0.198807 0.646188 -0.736829 0.445607 0.383381 3 10 0.708322 13 0.229094 1 0.062584
  10 0.051887 4.845993 33.146297 0.030923 0.786005 -0.617446 0.457865 0.381986 3 10 0.584729 13 0.349049 1 0.066222
  10 0.042584 5.636696 34.509647 -0.060924 0.939482 -0.337138 0.458232 0.397055 3 10 0.589120 13 0.230304 1 0.180576
corpse1
  10 1.288989 4.933783 33.163857 -0.198807 0.646188 -0.736829 0.445607 0.383381 3 10 0.708322 13 0.229094 1 0.062584
  10 0.074066 3.081315 32.697052 -0.185023 0.352506 -0.917336 0.476556 0.379818 2 10 0.593699 13 0.406301
  10 0.051887 4.845993 33.146297 0.030923 0.786005 -0.617446 0.457865 0.381986 3 10 0.584729 13 0.349049 1 0.066222
corpse1
  10 0.050492 -0.863288 30.588655 -0.357648 0.441873 -0.822700 0.491263 0.347856 2 10 0.648233 13 0.351767
  10 0.074066 3.081315 32.697052 -0.185023 0.352506 -0.917336 0.476556 0.379818 2 10 0.593699 13 0.406301
  10 1.288989 4.933783 33.163857 -0.198807 0.646188 -0.736829 0.445607 0.383381 3 10 0.708322 13 0.229094 1 0.062584
corpse1
  10 3.152838 4.803091 32.179935 0.027214 0.953153 -0.301261 0.426774 0.372728 2 10 0.929359 1 0.070641
  10 0.042584 5.636696 34.509647 -0.060924 0.939482 -0.337138 0.458232 0.397055 3 10 0.589120 13 0.230304 1 0.180576
  10 3.197655 5.781342 35.613129 0.336945 0.936121 -0.100728 0.425862 0.409999 3 10 0.708777 1 0.229771 13 0.061452
corpse1
  10 0.022664 5.938014 36.599430 -0.005509 0.999983 -0.001818 0.458242 0.422195 3 10 0.446123 1 0.393130 13 0.160747
  10 3.197655 5.781342 35.613129 0.336945 0.936121 -0.100728 0.425862 0.409999 3 10 0.708777 1 0.229771 13 0.061452
  10 0.042584 5.636696 34.509647 -0.060924 0.939482 -0.337138 0.458232 0.397055 3 10 0.589120 13 0.230304 1 0.180576
corpse1
  1 2.549483 5.405764 40.146881 0.318955 0.947753 0.005576 0.430290 0.465194 2 1 0.553280 10 0.446720
  10 3.197655 5.781342 35.613129 0.336945 0.936121 -0.100728 0.425862 0.409999 3 10 0.708777 1 0.229771 13 0.061452
  10 0.022664 5.938014 36.599430 -0.005509 0.999983 -0.001818 0.458242 0.422195 3 10 0.446123 1 0.393130 13 0.160747
corpse1
  10 0.022664 5.938014 36.599430 -0.005509 0.999983 -0.001818 0.458242 0.422195 3 10 0.446123 1 0.393130 13 0.160747
  1 -0.020215 5.608784 40.175884 -0.012584 0.999855 0.011487 0.458225 0.465703 3 1 0.672381 10 0.203379 13 0.124240
  1 2.549483 5.405764 40.146881 0.318955 0.947753 0.005576 0.430290 0.465194 2 1 0.553280 10 0.446720
corpse1
  10 5.478430 4.233129 38.113693 0.784470 0.595558 0.172965 0.401289 0.440926 2 10 0.775066 1 0.224934
  10 5.975996 1.045250 39.407272 0.880221 0.289859 0.375756 0.372282 0.458363 2 10 0.875662 1 0.124338
  10 6.542295 1.357095 38.155598 0.947149 0.315137 0.059974 0.373940 0.442965 2 10 0.787659 1 0.212341
corpse1
  10 5.478430 4.233129 38.113693 0.784470 0.595558 0.172965 0.401289 0.440926 2 10 0.775066 1 0.224934
  10 4.912541 3.634673 40.426746 0.762684 0.644555 0.053504 0.400278 0.469343 2 10 0.539173 1 0.460827
  10 5.975996 1.045250 39.407272 0.880221 0.289859 0.375756 0.372282 0.458363 2 10 0.875662 1 0.124338
corpse1
  1 2.549483 5.405764 40.146881 0.318955 0.947753 0.005576 0.430290 0.465194 2 1 0.553280 10 0.446720
  10 4.912541 3.634673 40.426746 0.762684 0.644555 0.053504 0.400278 0.469343 2 10 0.539173 1 0.460827
  10 5.478430 4.233129 38.113693 0.784470 0.595558 0.172965 0.401289 0.440926 2 10 0.775066 1 0.224934
corpse1
  10 5.478430 4.233129 38.113693 0.784470 0.595558 0.172965 0.401289 0.440926 2 10 0.775066 1 0.224934
  10 3.197655 5.781342 35.613129 0.336945 0.936121 -0.100728 0.425862 0.409999 3 10 0.708777 1 0.229771 13 0.061452
  1 2.549483 5.405764 40.146881 0.318955 0.947753 0.005576 0.430290 0.465194 2 1 0.553280 10 0.446720
corpse1
  10 5.376493 3.418800 34.130295 0.765999 0.632307 -0.115902 0.396873 0.394410 2 10 0.927875 1 0.072125
  10 3.197655 5.781342 35.613129 0.336945 0.936121 -0.100728 0.425862 0.409999 3 10 0.708777 1 0.229771 13 0.061452
  10 5.478430 4.233129 38.113693 0.784470 0.595558 0.172965 0.401289 0.440926 2 10 0.775066 1 0.224934
corpse1
  10 3.152838 4.803091 32.179935 0.027214 0.953153 -0.301261 0.426774 0.372728 2 10 0.929359 1 0.070641
  10 3.197655 5.781342 35.613129 0.336945 0.936121 -0.100728 0.425862 0.409999 3 10 0.708777 1 0.229771 13 0.061452
  10 5.376493 3.418800 34.130295 0.765999 0.632307 -0.115902 0.396873 0.394410 2 10 0.927875 1 0.072125
corpse1
  10 5.376493 3.418800 34.130295 0.765999 0.632307 -0.115902 0.396873 0.394410 2 10 0.927875 1 0.072125
  10 5.263166 3.234837 29.454519 0.731323 0.675801 -0.091977 0.404075 0.337042 1 10 1.000000
  10 3.152838 4.803091 32.179935 0.027214 0.953153 -0.301261 0.426774 0.372728 2 10 0.929359 1 0.070641
corpse1
  10 2.867213 3.641766 23.248732 0.189778 0.981816 0.004607 0.433643 0.255425 2 10 0.602375 11 0.397625
  10 3.152838 4.803091 32.179935 0.027214 0.953153 -0.301261 0.426774 0.372728 2 10 0.929359 1 0.070641
  10 5.263166 3.234837 29.454519 0.731323 0.675801 -0.091977 0.404075 0.337042 1 10 1.000000
corpse1
  10 2.867213 3.641766 23.248732 0.189778 0.981816 0.004607 0.433643 0.255425 2 10 0.602375 11 0.397625
  10 5.263166 3.234837 29.454519 0.731323 0.675801 -0.091977 0.404075 0.337042 1 10 1.000000
  10 4.736619 2.467093 23.136290 0.717985 0.696004 0.008767 0.404278 0.254903 2 10 0.697604 11 0.302396
corpse1
  10 2.867213 3.641766 23.248732 0.189778 0.981816 0.004607 0.433643 0.255425 2 10 0.602375 11 0.397625
  10 4.736619 2.467093 23.136290 0.717985 0.696004 0.008767 0.404278 0.254903 2 10 0.697604 11 0.302396
  11 4.759581 3.140194 19.927097 0.647885 0.749376 0.136676 0.407401 0.215144 2 11 0.615799 10 0.384201
corpse1
  10 4.736619 2.467093 23.136290 0.717985 0.696004 0.008767 0.404278 0.254903 2 10 0.697604 11 0.302396
  10 6.335356 0.588345 21.459848 0.982843 0.184420 0.003040 0.364857 0.235649 2 10 0.550035 11 0.449965
  11 4.759581 3.140194 19.927097 0.647885 0.749376 0.136676 0.407401 0.215144 2 11 0.615799 10 0.384201
corpse1
  10 4.736619 2.467093 23.136290 0.717985 0.696004 0.008767 0.404278 0.254903 2 10 0.697604 11 0.302396
  10 6.622681 0.115085 26.587378 0.974228 0.221888 -0.040553 0.363994 0.299748 2 10 0.940058 11 0.059942
  10 6.335356 0.588345 21.459848 0.982843 0.184420 0.003040 0.364857 0.235649 2 10 0.550035 11 0.449965
corpse1
  10 6.335356 0.588345 21.459848 0.982843 0.184420 0.003040 0.364857 0.235649 2 10 0.550035 11 0.449965
  10 6.622681 0.115085 26.587378 0.974228 0.221888 -0.040553 0.363994 0.299748 2 10 0.940058 11 0.059942
  10 6.268918 -2.221089 26.909899 0.870095 -0.490602 -0.047372 0.337655 0.304042 2 10 0.948248 11 0.051752
corpse1
  10 6.540729 -1.214842 37.822941 0.965843 -0.258902 0.010848 0.351062 0.440407 2 10 0.939158 1 0.060842
  10 6.268918 -2.221089 26.909899 0.870095 -0.490602 -0.047372 0.337655 0.304042 2 10 0.948248 11 0.051752
  10 6.622681 0.115085 26.587378 0.974228 0.221888 -0.040553 0.363994 0.299748 2 10 0.940058 11 0.059942
corpse1
  10 5.471615 -2.670043 37.580730 0.673905 -0.735044 0.074587 0.335169 0.438421 2 10 0.916984 0 0.083016
  10 6.268918 -2.221089 26.909899 0.870095 -0.490602 -0.047372 0.337655 0.304042 2 10 0.948248 11 0.051752
  10 6.540729 -1.214842 37.822941 0.965843 -0.258902 0.010848 0.351062 0.440407 2 10 0.939158 1 0.060842
corpse1
  10 6.540729 -1.214842 37.822941 0.965843 -0.258902 0.010848 0.351062 0.440407 2 10 0.939158 1 0.060842
  10 6.622681 0.115085 26.587378 0.974228 0.221888 -0.040553 0.363994 0.299748 2 10 0.940058 11 0.059942
  10 6.542295 1.357095 38.155598 0.947149 0.315137 0.059974 0.373940 0.442965 2 10 0.787659 1 0.212341
corpse1
  10 4.736619 2.467093 23.136290 0.717985 0.696004 0.008767 0.404278 0.254903 2 10 0.697604 11 0.302396
  10 5.263166 3.234837 29.454519 0.731323 0.675801 -0.091977 0.404075 0.337042 1 10 1.000000
  10 6.622681 0.115085 26.587378 0.974228 0.221888 -0.040553 0.363994 0.299748 2 10 0.940058 11 0.059942
corpse1
  10 6.542295 1.357095 38.155598 0.947149 0.315137 0.059974 0.373940 0.442965 2 10 0.787659 1 0.212341
  10 6.622681 0.115085 26.587378 0.974228 0.221888 -0.040553 0.363994 0.299748 2 10 0.940058 11 0.059942
  10 5.263166 3.234837 29.454519 0.731323 0.675801 -0.091977 0.404075 0.337042 1 10 1.000000
corpse1
  10 6.542295 1.357095 38.155598 0.947149 0.315137 0.059974 0.373940 0.442965 2 10 0.787659 1 0.212341
  10 5.263166 3.234837 29.454519 0.731323 0.675801 -0.091977 0.404075 0.337042 1 10 1.000000
  10 5.376493 3.418800 34.130295 0.765999 0.632307 -0.115902 0.396873 0.394410 2 10 0.927875 1 0.072125
corpse1
  10 5.376493 3.418800 34.130295 0.765999 0.632307 -0.115902 0.396873 0.394410 2 10 0.927875 1 0.072125
  10 5.478430 4.233129 38.113693 0.784470 0.595558 0.172965 0.401289 0.440926 2 10 0.775066 1 0.224934
  10 6.542295 1.357095 38.155598 0.947149 0.315137 0.059974 0.373940 0.442965 2 10 0.787659 1 0.212341
corpse1
  9 2.897918 -0.394180 67.609566 -0.027636 -0.996650 0.076969 0.871526 0.275277 1 9 1.000000
  9 2.974571 -0.461848 66.760880 -0.027636 -0.996650 0.076969 0.867519 0.243834 1 9 1.000000
  9 3.075029 -0.436353 67.127075 -0.027636 -0.996650 0.076969 0.868131 0.280710 1 9 1.000000
corpse1
  15 -4.590506 -4.372148 2.954460 -0.009029 -0.405550 0.914028 0.753489 0.689593 1 15 1.000000
  15 -3.518356 -6.515810 1.840708 0.524262 -0.596394 0.607835 0.742936 0.709493 1 15 1.000000
  15 -2.238124 -0.968797 2.971442 0.874193 -0.280734 0.396201 0.734460 0.659106 2 15 0.899389 14 0.100611
corpse1
  15 -2.238124 -0.968797 2.971442 0.874193 -0.280734 0.396201 0.734460 0.659106 2 15 0.899389 14 0.100611
  15 -3.537067 -2.018228 3.775287 0.709732 -0.493074 0.503149 0.748495 0.665033 2 15 0.882755 14 0.117245
  15 -4.590506 -4.372148 2.954460 -0.009029 -0.405550 0.914028 0.753489 0.689593 1 15 1.000000
corpse1
  15 -4.590506 -4.372148 2.954460 -0.009029 -0.405550 0.914028 0.753489 0.689593 1 15 1.000000
  15 -3.537067 -2.018228 3.775287 -0.418172 -0.188384 0.888619 0.748495 0.665033 2 15 0.882755 14 0.117245
  14 -5.578807 -0.289125 3.181036 -0.840504 0.036387 0.540582 0.769569 0.656706 1 14 1.000000
corpse1
  15 -5.661708 -0.374943 0.786552 -0.960310 0.276210 -0.038890 0.787501 0.668175 1 15 1.000000
  15 -5.005368 2.646796 1.760643 -0.888635 0.456916 0.039428 0.793523 0.639863 1 15 1.000000
  15 -4.419522 3.476747 0.673641 -0.680296 0.732407 -0.027883 0.801826 0.637692 1 15 1.000000
corpse1
  14 -5.578807 -0.289125 3.181036 -0.840504 0.036387 0.540582 0.769569 0.656706 1 14 1.000000
  15 -5.005368 2.646796 1.760643 -0.888635 0.456916 0.039428 0.793523 0.639863 1 15 1.000000
  15 -5.661708 -0.374943 0.786552 -0.960310 0.276210 -0.038890 0.787501 0.668175 1 15 1.000000
corpse1
  15 -6.624125 -3.793652 0.752044 -0.992985 0.087167 0.079894 0.777297 0.696406 1 15 1.000000
  14 -5.578807 -0.289125 3.181036 -0.840504 0.036387 0.540582 0.769569 0.656706 1 14 1.000000
  15 -5.661708 -0.374943 0.786552 -0.960310 0.276210 -0.038890 0.787501 0.668175 1 15 1.000000
corpse1
  15 -6.207023 -5.977312 1.744545 -0.743231 -0.370000 0.557411 0.765877 0.708994 1 15 1.000000
  14 -5.578807 -0.289125 3.181036 -0.840504 0.036387 0.540582 0.769569 0.656706 1 14 1.000000
  15 -6.624125 -3.793652 0.752044 -0.992985 0.087167 0.079894 0.777297 0.696406 1 15 1.000000
corpse1
  14 -5.578807 -0.289125 3.181036 -0.840504 0.036387 0.540582 0.769569 0.656706 1 14 1.000000
  15 -6.207023 -5.977312 1.744545 -0.743231 -0.370000 0.557411 0.765877 0.708994 1 15 1.000000
  15 -4.590506 -4.372148 2.954460 -0.009029 -0.405550 0.914028 0.753489 0.689593 1 15 1.000000
corpse1
  15 -6.207023 -5.977312 1.744545 -0.743231 -0.370000 0.557411 0.765877 0.708994 1 15 1.000000
  15 -5.068466 -7.284072 1.004440 -0.202624 -0.883875 0.421555 0.753777 0.719610 1 15 1.000000
  15 -4.590506 -4.372148 2.954460 -0.009029 -0.405550 0.914028 0.753489 0.689593 1 15 1.000000
corpse1
  15 -3.518356 -6.515810 1.840708 0.524262 -0.596394 0.607835 0.742936 0.709493 1 15 1.000000
  15 -4.590506 -4.372148 2.954460 -0.009029 -0.405550 0.914028 0.753489 0.689593 1 15 1.000000
  15 -5.068466 -7.284072 1.004440 -0.202624 -0.883875 0.421555 0.753777 0.719610 1 15 1.000000
corpse1
  15 -3.561003 -6.847438 0.810278 0.612712 -0.771647 0.170718 0.741714 0.715246 1 15 1.000000
  15 -3.518356 -6.515810 1.840708 0.524262 -0.596394 0.607835 0.742936 0.709493 1 15 1.000000
  15 -5.068466 -7.284072 1.004440 -0.202624 -0.883875 0.421555 0.753777 0.719610 1 15 1.000000
corpse1
  15 -2.484348 -5.096598 0.707297 0.933234 -0.334219 0.131801 0.731512 0.701774 1 15 1.000000
  15 -3.518356 -6.515810 1.840708 0.524262 -0.596394 0.607835 0.742936 0.709493 1 15 1.000000
  15 -3.561003 -6.847438 0.810278 0.612712 -0.771647 0.170718 0.741714 0.715246 1 15 1.000000
corpse1
  15 -2.484348 -5.096598 0.707297 0.933234 -0.334219 0.131801 0.731512 0.701774 1 15 1.000000
  15 -2.238124 -0.968797 2.971442 0.874193 -0.280734 0.396201 0.734460 0.659106 2 15 0.899389 14 0.100611
  15 -3.518356 -6.515810 1.840708 0.524262 -0.596394 0.607835 0.742936 0.709493 1 15 1.000000
corpse1
  15 -2.238124 -0.968797 2.971442 0.874193 -0.280734 0.396201 0.734460 0.659106 2 15 0.899389 14 0.100611
  15 -2.484348 -5.096598 0.707297 0.933234 -0.334219 0.131801 0.731512 0.701774 1 15 1.000000
  15 -1.909409 -1.201557 0.786542 0.992104 -0.121738 0.030142 0.716487 0.670302 1 15 1.000000
corpse1
  15 -1.909409 -1.201557 0.786542 0.992104 -0.121738 0.030142 0.716487 0.670302 1 15 1.000000
  15 -1.323917 2.919455 1.525184 0.980980 0.194104 0.001038 0.706988 0.639409 1 15 1.000000
  15 -2.238124 -0.968797 2.971442 0.874193 -0.280734 0.396201 0.734460 0.659106 2 15 0.899389 14 0.100611
corpse1
  15 -1.547874 2.829301 0.673641 0.930972 0.348415 -0.109082 0.703509 0.639434 1 15 1.000000
  15 -1.323917 2.919455 1.525184 0.980980 0.194104 0.001038 0.706988 0.639409 1 15 1.000000
  15 -1.909409 -1.201557 0.786542 0.992104 -0.121738 0.030142 0.716487 0.670302 1 15 1.000000
corpse1
  15 -6.207023 -5.977312 1.744545 -0.743231 -0.370000 0.557411 0.765877 0.708994 1 15 1.000000
  15 -6.239638 -6.216923 0.794061 -0.914140 -0.388852 0.114637 0.767410 0.713672 1 15 1.000000
  15 -5.068466 -7.284072 1.004440 -0.202624 -0.883875 0.421555 0.753777 0.719610 1 15 1.000000
corpse1
  15 -6.207023 -5.977312 1.744545 -0.743231 -0.370000 0.557411 0.765877 0.708994 1 15 1.000000
  15 -6.624125 -3.793652 0.752044 -0.992985 0.087167 0.079894 0.777297 0.696406 1 15 1.000000
  15 -6.239638 -6.216923 0.794061 -0.914140 -0.388852 0.114637 0.767410 0.713672 1 15 1.000000
corpse1
  15 -5.005368 2.646796 1.760643 -0.888635 0.456916 0.039428 0.793523 0.639863 1 15 1.000000
  14 -5.578807 -0.289125 3.181036 -0.840504 0.036387 0.540582 0.769569 0.656706 1 14 1.000000
  14 -4.697796 2.805828 2.912371 -0.841870 0.517426 0.153377 0.787454 0.633141 2 14 0.650589 15 0.349411
corpse1
  15 -2.238124 -0.968797 2.971442 0.874193 -0.280734 0.396201 0.734460 0.659106 2 15 0.899389 14 0.100611
  15 -1.323917 2.919455 1.525184 0.980980 0.194104 0.001038 0.706988 0.639409 1 15 1.000000
  14 -1.541176 2.293000 2.750435 0.983867 0.008312 0.178707 0.715561 0.634252 2 14 0.657904 15 0.342096
corpse1
  10 3.037432 -3.382668 41.088333 0.349963 -0.934939 0.058441 0.304929 0.571433 3 10 0.607071 1 0.234277 0 0.158652
  10 3.183706 -4.043471 37.041374 0.328801 -0.937336 0.115287 0.300362 0.515604 3 10 0.658797 0 0.243019 13 0.098183
  10 5.713605 -2.966599 37.545849 0.611757 -0.767454 0.191748 0.341731 0.522563 3 10 0.813027 0 0.135246 1 0.051727
corpse1
  13 0.094682 -4.584229 42.056175 0.090763 -0.995601 0.023260 0.251639 0.584785 3 13 0.388037 10 0.308274 1 0.303689
  10 3.183706 -4.043471 37.041374 0.328801 -0.937336 0.115287 0.300362 0.515604 3 10 0.658797 0 0.243019 13 0.098183
  10 3.037432 -3.382668 41.088333 0.349963 -0.934939 0.058441 0.304929 0.571433 3 10 0.607071 1 0.234277 0 0.158652
corpse1
  13 0.094682 -4.584229 42.056175 0.090763 -0.995601 0.023260 0.251639 0.584785 3 13 0.388037 10 0.308274 1 0.303689
  13 0.046709 -4.699862 36.692390 0.007232 -0.999743 0.021488 0.250848 0.510790 3 13 0.389597 0 0.342400 10 0.268003
  10 3.183706 -4.043471 37.041374 0.328801 -0.937336 0.115287 0.300362 0.515604 3 10 0.658797 0 0.243019 13 0.098183
corpse1
  13 -3.581199 -4.000411 36.813305 -0.196924 -0.980258 0.017770 0.194946 0.512458 2 13 0.772000 0 0.228000
  13 0.046709 -4.699862 36.692390 0.007232 -0.999743 0.021488 0.250848 0.510790 3 13 0.389597 0 0.342400 10 0.268003
  13 0.094682 -4.584229 42.056175 0.090763 -0.995601 0.023260 0.251639 0.584785 3 13 0.388037 10 0.308274 1 0.303689
corpse1
  13 -3.581199 -4.000411 36.813305 -0.196924 -0.980258 0.017770 0.194946 0.512458 2 13 0.772000 0 0.228000
  13 0.094682 -4.584229 42.056175 0.090763 -0.995601 0.023260 0.251639 0.584785 3 13 0.388037 10 0.308274 1 0.303689
  13 -3.266676 -4.014644 40.051781 -0.345198 -0.934687 0.084847 0.199116 0.557133 3 13 0.732068 1 0.152329 0 0.115603
corpse1
  13 -3.266676 -4.014644 40.051781 -0.345198 -0.934687 0.084847 0.199116 0.557133 3 13 0.732068 1 0.152329 0 0.115603
  13 -6.260926 -3.370835 36.964626 -0.660182 -0.741931 0.117036 0.160318 0.514545 2 13 0.943146 0 0.056854
  13 -3.581199 -4.000411 36.813305 -0.196924 -0.980258 0.017770 0.194946 0.512458 2 13 0.772000 0 0.228000
corpse1
  13 -5.764419 -2.997786 41.549812 -0.646754 -0.735776 0.200857 0.158603 0.577799 2 13 0.742487 1 0.257513
  13 -6.260926 -3.370835 36.964626 -0.660182 -0.741931 0.117036 0.160318 0.514545 2 13 0.943146 0 0.056854
  13 -3.266676 -4.014644 40.051781 -0.345198 -0.934687 0.084847 0.199116 0.557133 3 13 0.732068 1 0.152329 0 0.115603
corpse1
  13 0.094682 -4.584229 42.056175 0.090763 -0.995601 0.023260 0.251639 0.584785 3 13 0.388037 10 0.308274 1 0.303689
  13 -2.582478 -4.316964 42.440193 -0.393049 -0.909032 0.138468 0.209578 0.590082 3 13 0.521455 1 0.330988 10 0.147557
  13 -3.266676 -4.014644 40.051781 -0.345198 -0.934687 0.084847 0.199116 0.557133 3 13 0.732068 1 0.152329 0 0.115603
corpse1
  10 6.831722 -1.199545 37.779530 0.921132 -0.312034 0.232703 0.365935 0.525787 2 10 0.917387 1 0.082613
  10 6.930348 1.615681 38.173725 0.958976 0.186620 0.213394 0.397481 0.531225 2 10 0.795136 1 0.204864
  10 6.169189 -0.584679 41.226578 0.950625 -0.250404 0.183328 0.372948 0.573339 2 10 0.705620 1 0.294380
corpse1
  10 6.169189 -0.584679 41.226578 0.950625 -0.250404 0.183328 0.372948 0.573339 2 10 0.705620 1 0.294380
  10 5.713605 -2.966599 37.545849 0.611757 -0.767454 0.191748 0.341731 0.522563 3 10 0.813027 0 0.135246 1 0.051727
  10 6.831722 -1.199545 37.779530 0.921132 -0.312034 0.232703 0.365935 0.525787 2 10 0.917387 1 0.082613
corpse1
  10 4.896338 -2.786819 41.408714 0.629839 -0.764435 0.137626 0.336957 0.575853 3 10 0.623507 1 0.319385 0 0.057108
  10 5.713605 -2.966599 37.545849 0.611757 -0.767454 0.191748 0.341731 0.522563 3 10 0.813027 0 0.135246 1 0.051727
  10 6.169189 -0.584679 41.226578 0.950625 -0.250404 0.183328 0.372948 0.573339 2 10 0.705620 1 0.294380
corpse1
  10 3.037432 -3.382668 41.088333 0.349963 -0.934939 0.058441 0.304929 0.571433 3 10 0.607071 1 0.234277 0 0.158652
  10 5.713605 -2.966599 37.545849 0.611757 -0.767454 0.191748 0.341731 0.522563 3 10 0.813027 0 0.135246 1 0.051727
  10 4.896338 -2.786819 41.408714 0.629839 -0.764435 0.137626 0.336957 0.575853 3 10 0.623507 1 0.319385 0 0.057108
corpse1
  10 4.896338 -2.786819 41.408714 0.629839 -0.764435 0.137626 0.336957 0.575853 3 10 0.623507 1 0.319385 0 0.057108
  1 2.805344 -3.656415 43.660522 0.422422 -0.904960 0.051057 0.299086 0.608075 3 1 0.485394 10 0.377959 13 0.136647
  10 3.037432 -3.382668 41.088333 0.349963 -0.934939 0.058441 0.304929 0.571433 3 10 0.607071 1 0.234277 0 0.158652
corpse1
  13 0.094682 -4.584229 42.056175 0.090763 -0.995601 0.023260 0.251639 0.584785 3 13 0.388037 10 0.308274 1 0.303689
  10 3.037432 -3.382668 41.088333 0.349963 -0.934939 0.058441 0.304929 0.571433 3 10 0.607071 1 0.234277 0 0.158652
  1 2.805344 -3.656415 43.660522 0.422422 -0.904960 0.051057 0.299086 0.608075 3 1 0.485394 10 0.377959 13 0.136647
corpse1
  1 0.053411 -4.398411 45.039562 0.000638 -0.998289 0.058475 0.251052 0.627642 3 1 0.528872 13 0.292781 10 0.178347
  13 0.094682 -4.584229 42.056175 0.090763 -0.995601 0.023260 0.251639 0.584785 3 13 0.388037 10 0.308274 1 0.303689
  1 2.805344 -3.656415 43.660522 0.422422 -0.904960 0.051057 0.299086 0.608075 3 1 0.485394 10 0.377959 13 0.136647
corpse1
  1 0.053411 -4.398411 45.039562 0.000638 -0.998289 0.058475 0.251052 0.627642 3 1 0.528872 13 0.292781 10 0.178347
  13 -2.582478 -4.316964 42.440193 -0.393049 -0.909032 0.138468 0.209578 0.590082 3 13 0.521455 1 0.330988 10 0.147557
  13 0.094682 -4.584229 42.056175 0.090763 -0.995601 0.023260 0.251639 0.584785 3 13 0.388037 10 0.308274 1 0.303689
corpse1
  1 0.053411 -4.398411 45.039562 0.000638 -0.998289 0.058475 0.251052 0.627642 3 1 0.528872 13 0.292781 10 0.178347
  1 -2.614367 -3.576557 44.205704 -0.457232 -0.888790 0.031475 0.202931 0.616961 3 1 0.455060 13 0.454804 10 0.090136
  13 -2.582478 -4.316964 42.440193 -0.393049 -0.909032 0.138468 0.209578 0.590082 3 13 0.521455 1 0.330988 10 0.147557
corpse1
  1 -2.614367 -3.576557 44.205704 -0.457232 -0.888790 0.031475 0.202931 0.616961 3 1 0.455060 13 0.454804 10 0.090136
  13 -3.266676 -4.014644 40.051781 -0.345198 -0.934687 0.084847 0.199116 0.557133 3 13 0.732068 1 0.152329 0 0.115603
  13 -2.582478 -4.316964 42.440193 -0.393049 -0.909032 0.138468 0.209578 0.590082 3 13 0.521455 1 0.330988 10 0.147557
corpse1
  1 -2.614367 -3.576557 44.205704 -0.457232 -0.888790 0.031475 0.202931 0.616961 3 1 0.455060 13 0.454804 10 0.090136
  1 -4.912226 -2.732800 44.218769 -0.617128 -0.786839 -0.006134 0.160632 0.614618 2 1 0.532121 13 0.467879
  13 -3.266676 -4.014644 40.051781 -0.345198 -0.934687 0.084847 0.199116 0.557133 3 13 0.732068 1 0.152329 0 0.115603
corpse1
  13 -5.764419 -2.997786 41.549812 -0.646754 -0.735776 0.200857 0.158603 0.577799 2 13 0.742487 1 0.257513
  13 -3.266676 -4.014644 40.051781 -0.345198 -0.934687 0.084847 0.199116 0.557133 3 13 0.732068 1 0.152329 0 0.115603
  1 -4.912226 -2.732800 44.218769 -0.617128 -0.786839 -0.006134 0.160632 0.614618 2 1 0.532121 13 0.467879
corpse1
  1 -4.912226 -2.732800 44.218769 -0.617128 -0.786839 -0.006134 0.160632 0.614618 2 1 0.532121 13 0.467879
  13 -6.337677 -0.633132 43.528202 -0.962220 -0.232589 0.141542 0.127916 0.605091 2 13 0.506315 1 0.493685
  13 -5.764419 -2.997786 41.549812 -0.646754 -0.735776 0.200857 0.158603 0.577799 2 13 0.742487 1 0.257513
corpse1
  13 -6.337677 -0.633132 43.528202 -0.962220 -0.232589 0.141542 0.127916 0.605091 2 13 0.506315 1 0.493685
  13 -6.260926 -3.370835 36.964626 -0.660182 -0.741931 0.117036 0.160318 0.514545 2 13 0.943146 0 0.056854
  13 -5.764419 -2.997786 41.549812 -0.646754 -0.735776 0.200857 0.158603 0.577799 2 13 0.742487 1 0.257513
corpse1
  13 -6.337677 -0.633132 43.528202 -0.962220 -0.232589 0.141542 0.127916 0.605091 2 13 0.506315 1 0.493685
  13 -7.190547 -1.199903 37.419918 -0.980658 -0.116056 0.157609 0.133862 0.520826 2 13 0.906591 1 0.093409
  13 -6.260926 -3.370835 36.964626 -0.660182 -0.741931 0.117036 0.160318 0.514545 2 13 0.943146 0 0.056854
corpse1
  1 -6.339148 1.947767 42.250336 -0.961005 0.246336 0.125646 0.097025 0.587463 2 1 0.524955 13 0.475045
  13 -7.190547 -1.199903 37.419918 -0.980658 -0.116056 0.157609 0.133862 0.520826 2 13 0.906591 1 0.093409
  13 -6.337677 -0.633132 43.528202 -0.962220 -0.232589 0.141542 0.127916 0.605091 2 13 0.506315 1 0.493685
corpse1
  1 -6.339148 1.947767 42.250336 -0.961005 0.246336 0.125646 0.097025 0.587463 2 1 0.524955 13 0.475045
  13 -7.064085 1.307776 37.980534 -0.936036 0.325301 0.134225 0.106352 0.528560 2 13 0.758911 1 0.241089
  13 -7.190547 -1.199903 37.419918 -0.980658 -0.116056 0.157609 0.133862 0.520826 2 13 0.906591 1 0.093409
corpse1
  13 -7.064085 1.307776 37.980534 -0.936036 0.325301 0.134225 0.106352 0.528560 2 13 0.758911 1 0.241089
  1 -6.339148 1.947767 42.250336 -0.961005 0.246336 0.125646 0.097025 0.587463 2 1 0.524955 13 0.475045
  1 -5.130301 3.833696 42.441780 -0.741129 0.665588 0.087862 0.070705 0.590104 2 1 0.644866 13 0.355134
corpse1
  1 0.128448 6.270715 38.732124 -0.011507 0.997595 0.068349 0.497146 0.538928 3 1 0.781101 13 0.155526 10 0.063374
  1 0.075557 6.147750 40.517960 -0.006427 0.996574 0.082452 0.497751 0.563564 3 1 0.808846 13 0.126772 10 0.064382
  1 3.207831 5.884180 38.725029 0.243096 0.966429 0.083186 0.461654 0.538830 2 1 0.787228 10 0.212772
corpse1
  1 -0.114780 6.022523 41.806004 -0.034169 0.988048 0.150312 0.500053 0.581333 3 1 0.844446 13 0.097307 10 0.058247
  1 3.207831 5.884180 38.725029 0.243096 0.966429 0.083186 0.461654 0.538830 2 1 0.787228 10 0.212772
  1 0.075557 6.147750 40.517960 -0.006427 0.996574 0.082452 0.497751 0.563564 3 1 0.808846 13 0.126772 10 0.064382
corpse1
  1 -0.114780 6.022523 41.806004 -0.034169 0.988048 0.150312 0.500053 0.581333 3 1 0.844446 13 0.097307 10 0.058247
  1 2.939457 5.689824 42.649403 0.338952 0.928138 0.153856 0.463398 0.592968 2 1 0.833494 10 0.166506
  1 3.207831 5.884180 38.725029 0.243096 0.966429 0.083186 0.461654 0.538830 2 1 0.787228 10 0.212772
corpse1
  10 5.619893 4.156431 38.645164 0.725709 0.672986 0.142956 0.428849 0.537729 2 10 0.525602 1 0.474398
  1 3.207831 5.884180 38.725029 0.243096 0.966429 0.083186 0.461654 0.538830 2 1 0.787228 10 0.212772
  1 2.939457 5.689824 42.649403 0.338952 0.928138 0.153856 0.463398 0.592968 2 1 0.833494 10 0.166506
corpse1
  10 5.619893 4.156431 38.645164 0.725709 0.672986 0.142956 0.428849 0.537729 2 10 0.525602 1 0.474398
  1 2.939457 5.689824 42.649403 0.338952 0.928138 0.153856 0.463398 0.592968 2 1 0.833494 10 0.166506
  1 4.943369 3.965857 42.380356 0.807015 0.569582 0.155895 0.432237 0.589257 2 1 0.693256 10 0.306744
corpse1
  10 6.930348 1.615681 38.173725 0.958976 0.186620 0.213394 0.397481 0.531225 2 10 0.795136 1 0.204864
  10 5.619893 4.156431 38.645164 0.725709 0.672986 0.142956 0.428849 0.537729 2 10 0.525602 1 0.474398
  1 4.943369 3.965857 42.380356 0.807015 0.569582 0.155895 0.432237 0.589257 2 1 0.693256 10 0.306744
corpse1
  10 6.930348 1.615681 38.173725 0.958976 0.186620 0.213394 0.397481 0.531225 2 10 0.795136 1 0.204864
  1 4.943369 3.965857 42.380356 0.807015 0.569582 0.155895 0.432237 0.589257 2 1 0.693256 10 0.306744
  1 5.629096 1.647795 43.558182 0.973877 0.201442 0.104806 0.402811 0.605505 2 1 0.935177 10 0.064823
corpse1
  10 6.169189 -0.584679 41.226578 0.950625 -0.250404 0.183328 0.372948 0.573339 2 10 0.705620 1 0.294380
  10 6.930348 1.615681 38.173725 0.958976 0.186620 0.213394 0.397481 0.531225 2 10 0.795136 1 0.204864
  1 5.629096 1.647795 43.558182 0.973877 0.201442 0.104806 0.402811 0.605505 2 1 0.935177 10 0.064823
corpse1
  1 5.807700 -0.581181 45.293915 0.930573 -0.356902 0.081574 0.371997 0.629450 2 1 0.891871 10 0.108129
  10 6.169189 -0.584679 41.226578 0.950625 -0.250404 0.183328 0.372948 0.573339 2 10 0.705620 1 0.294380
  1 5.629096 1.647795 43.558182 0.973877 0.201442 0.104806 0.402811 0.605505 2 1 0.935177 10 0.064823
corpse1
  1 5.807700 -0.581181 45.293915 0.930573 -0.356902 0.081574 0.371997 0.629450 2 1 0.891871 10 0.108129
  10 4.896338 -2.786819 41.408714 0.629839 -0.764435 0.137626 0.336957 0.575853 3 10 0.623507 1 0.319385 0 0.057108
  10 6.169189 -0.584679 41.226578 0.950625 -0.250404 0.183328 0.372948 0.573339 2 10 0.705620 1 0.294380
corpse1
  1 5.807700 -0.581181 45.293915 0.930573 -0.356902 0.081574 0.371997 0.629450 2 1 0.891871 10 0.108129
  1 4.294414 -2.106073 45.164463 0.690019 -0.723716 0.010425 0.334359 0.627663 2 1 0.713615 10 0.286385
  10 4.896338 -2.786819 41.408714 0.629839 -0.764435 0.137626 0.336957 0.575853 3 10 0.623507 1 0.319385 0 0.057108
corpse1
  1 4.294414 -2.106073 45.164463 0.690019 -0.723716 0.010425 0.334359 0.627663 2 1 0.713615 10 0.286385
  1 2.805344 -3.656415 43.660522 0.422422 -0.904960 0.051057 0.299086 0.608075 3 1 0.485394 10 0.377959 13 0.136647
  10 4.896338 -2.786819 41.408714 0.629839 -0.764435 0.137626 0.336957 0.575853 3 10 0.623507 1 0.319385 0 0.057108
corpse1
  1 2.805344 -3.656415 43.660522 0.422422 -0.904960 0.051057 0.299086 0.608075 3 1 0.485394 10 0.377959 13 0.136647
  1 4.294414 -2.106073 45.164463 0.690019 -0.723716 0.010425 0.334359 0.627663 2 1 0.713615 10 0.286385
  1 2.343872 -3.693489 46.289227 0.431110 -0.895394 -0.111414 0.292321 0.643651 3 1 0.684504 10 0.198065 2 0.117431
corpse1
  1 2.805344 -3.656415 43.660522 0.422422 -0.904960 0.051057 0.299086 0.608075 3 1 0.485394 10 0.377959 13 0.136647
  1 2.343872 -3.693489 46.289227 0.431110 -0.895394 -0.111414 0.292321 0.643651 3 1 0.684504 10 0.198065 2 0.117431
  1 0.053411 -4.398411 45.039562 0.000638 -0.998289 0.058475 0.251052 0.627642 3 1 0.528872 13 0.292781 10 0.178347
corpse1
  1 2.343872 -3.693489 46.289227 0.431110 -0.895394 -0.111414 0.292321 0.643651 3 1 0.684504 10 0.198065 2 0.117431
  1 -0.015026 -4.284711 46.661465 0.012707 -0.998916 -0.044778 0.249826 0.648418 3 1 0.645209 13 0.191422 2 0.163368
  1 0.053411 -4.398411 45.039562 0.000638 -0.998289 0.058475 0.251052 0.627642 3 1 0.528872 13 0.292781 10 0.178347
corpse1
  1 0.053411 -4.398411 45.039562 0.000638 -0.998289 0.058475 0.251052 0.627642 3 1 0.528872 13 0.292781 10 0.178347
  1 -0.015026 -4.284711 46.661465 0.012707 -0.998916 -0.044778 0.249826 0.648418 3 1 0.645209 13 0.191422 2 0.163368
  1 -2.937987 -3.923857 45.703510 -0.238032 -0.963772 -0.120347 0.201808 0.636147 3 1 0.593486 13 0.297928 2 0.108587
corpse1
  2 0.161686 -4.400622 52.237392 -0.128783 -0.990819 -0.041135 0.253356 0.719949 1 2 1.000000
  1 -2.937987 -3.923857 45.703510 -0.238032 -0.963772 -0.120347 0.201808 0.636147 3 1 0.593486 13 0.297928 2 0.108587
  1 -0.015026 -4.284711 46.661465 0.012707 -0.998916 -0.044778 0.249826 0.648418 3 1 0.645209 13 0.191422 2 0.163368
corpse1
  1 -3.588144 -3.926318 48.814152 -0.398503 -0.915524 0.054877 0.186990 0.675117 3 1 0.544500 2 0.355302 13 0.100199
  1 -2.937987 -3.923857 45.703510 -0.238032 -0.963772 -0.120347 0.201808 0.636147 3 1 0.593486 13 0.297928 2 0.108587
  2 0.161686 -4.400622 52.237392 -0.128783 -0.990819 -0.041135 0.253356 0.719949 1 2 1.000000
corpse1
  1 4.699846 3.545331 45.843498 0.828012 0.560434 -0.017585 0.430295 0.637031 1 1 1.000000
  1 5.629096 1.647795 43.558182 0.973877 0.201442 0.104806 0.402811 0.605505 2 1 0.935177 10 0.064823
  1 4.943369 3.965857 42.380356 0.807015 0.569582 0.155895 0.432237 0.589257 2 1 0.693256 10 0.306744
corpse1
  1 4.699846 3.545331 45.843498 0.828012 0.560434 -0.017585 0.430295 0.637031 1 1 1.000000
  1 2.963956 5.037110 46.689999 0.362431 0.931672 0.025112 0.459577 0.648709 2 1 0.931459 2 0.068541
  1 3.150853 5.073617 48.718376 0.293282 0.948667 -0.118389 0.457749 0.676691 2 1 0.720948 2 0.279052
corpse1
  1 2.963956 5.037110 46.689999 0.362431 0.931672 0.025112 0.459577 0.648709 2 1 0.931459 2 0.068541
  1 4.699846 3.545331 45.843498 0.828012 0.560434 -0.017585 0.430295 0.637031 1 1 1.000000
  1 4.943369 3.965857 42.380356 0.807015 0.569582 0.155895 0.432237 0.589257 2 1 0.693256 10 0.306744
corpse1
  1 2.963956 5.037110 46.689999 0.362431 0.931672 0.025112 0.459577 0.648709 2 1 0.931459 2 0.068541
  1 4.943369 3.965857 42.380356 0.807015 0.569582 0.155895 0.432237 0.589257 2 1 0.693256 10 0.306744
  1 2.939457 5.689824 42.649403 0.338952 0.928138 0.153856 0.463398 0.592968 2 1 0.833494 10 0.166506
corpse1
  1 3.150853 5.073617 48.718376 0.293282 0.948667 -0.118389 0.457749 0.676691 2 1 0.720948 2 0.279052
  1 0.034753 5.095230 48.740398 0.017431 0.997959 -0.061438 0.498160 0.676995 2 1 0.764495 2 0.235505
  1 -0.018362 5.372092 50.354786 0.012114 0.987706 -0.155853 0.498910 0.699265 2 1 0.524927 2 0.475073
corpse1
  1 3.150853 5.073617 48.718376 0.293282 0.948667 -0.118389 0.457749 0.676691 2 1 0.720948 2 0.279052
  1 -0.009242 5.267025 46.665146 0.003234 0.999098 -0.042338 0.498760 0.648366 2 1 0.892243 2 0.107757
  1 0.034753 5.095230 48.740398 0.017431 0.997959 -0.061438 0.498160 0.676995 2 1 0.764495 2 0.235505
corpse1
  1 3.150853 5.073617 48.718376 0.293282 0.948667 -0.118389 0.457749 0.676691 2 1 0.720948 2 0.279052
  1 2.963956 5.037110 46.689999 0.362431 0.931672 0.025112 0.459577 0.648709 2 1 0.931459 2 0.068541
  1 -0.009242 5.267025 46.665146 0.003234 0.999098 -0.042338 0.498760 0.648366 2 1 0.892243 2 0.107757
corpse1
  1 2.963956 5.037110 46.689999 0.362431 0.931672 0.025112 0.459577 0.648709 2 1 0.931459 2 0.068541
  1 0.026363 4.988263 45.105858 0.018645 0.996517 0.081272 0.498272 0.626855 1 1 1.000000
  1 -0.009242 5.267025 46.665146 0.003234 0.999098 -0.042338 0.498760 0.648366 2 1 0.892243 2 0.107757
corpse1
  1 2.939457 5.689824 42.649403 0.338952 0.928138 0.153856 0.463398 0.592968 2 1 0.833494 10 0.166506
  1 0.026363 4.988263 45.105858 0.018645 0.996517 0.081272 0.498272 0.626855 1 1 1.000000
  1 2.963956 5.037110 46.689999 0.362431 0.931672 0.025112 0.459577 0.648709 2 1 0.931459 2 0.068541
corpse1
  1 2.939457 5.689824 42.649403 0.338952 0.928138 0.153856 0.463398 0.592968 2 1 0.833494 10 0.166506
  1 -0.114780 6.022523 41.806004 -0.034169 0.988048 0.150312 0.500053 0.581333 3 1 0.844446 13 0.097307 10 0.058247
  1 0.026363 4.988263 45.105858 0.018645 0.996517 0.081272 0.498272 0.626855 1 1 1.000000
corpse1
  2 -0.048756 6.327467 56.303722 0.010979 0.999393 -0.033047 0.499220 0.781332 3 2 0.786337 3 0.117495 6 0.096168
  2 2.974495 5.972563 54.216194 0.094229 0.986869 -0.131188 0.464422 0.752535 1 2 1.000000
  2 -0.022907 6.208663 54.973328 -0.005118 0.998012 -0.062817 0.498926 0.762979 3 2 0.812227 3 0.101079 4 0.086695
corpse1
  2 2.974495 5.972563 54.216194 0.094229 0.986869 -0.131188 0.464422 0.752535 1 2 1.000000
  2 -0.089031 6.095210 53.510548 0.030909 0.982624 -0.183015 0.499729 0.742800 3 2 0.831478 1 0.092164 4 0.076358
  2 -0.022907 6.208663 54.973328 -0.005118 0.998012 -0.062817 0.498926 0.762979 3 2 0.812227 3 0.101079 4 0.086695
corpse1
  2 -0.089031 6.095210 53.510548 0.030909 0.982624 -0.183015 0.499729 0.742800 3 2 0.831478 1 0.092164 4 0.076358
  2 2.974495 5.972563 54.216194 0.094229 0.986869 -0.131188 0.464422 0.752535 1 2 1.000000
  2 3.708986 5.476978 52.434467 0.292866 0.935873 -0.195887 0.454668 0.727955 3 2 0.764431 1 0.145551 7 0.090018
corpse1
  2 -0.089031 6.095210 53.510548 0.030909 0.982624 -0.183015 0.499729 0.742800 3 2 0.831478 1 0.092164 4 0.076358
  2 3.708986 5.476978 52.434467 0.292866 0.935873 -0.195887 0.454668 0.727955 3 2 0.764431 1 0.145551 7 0.090018
  2 -0.019205 5.699980 52.057213 -0.005479 0.980443 -0.196726 0.498901 0.722751 3 2 0.622646 1 0.273941 4 0.103413
corpse1
  1 -0.018362 5.372092 50.354786 0.012114 0.987706 -0.155853 0.498910 0.699265 2 1 0.524927 2 0.475073
  2 -0.019205 5.699980 52.057213 -0.005479 0.980443 -0.196726 0.498901 0.722751 3 2 0.622646 1 0.273941 4 0.103413
  2 3.708986 5.476978 52.434467 0.292866 0.935873 -0.195887 0.454668 0.727955 3 2 0.764431 1 0.145551 7 0.090018
corpse1
  1 -0.018362 5.372092 50.354786 0.012114 0.987706 -0.155853 0.498910 0.699265 2 1 0.524927 2 0.475073
  2 3.708986 5.476978 52.434467 0.292866 0.935873 -0.195887 0.454668 0.727955 3 2 0.764431 1 0.145551 7 0.090018
  2 3.410337 5.464664 50.469589 0.335296 0.929373 -0.154410 0.457376 0.700849 3 2 0.543921 1 0.382361 7 0.073718
corpse1
  1 3.150853 5.073617 48.718376 0.293282 0.948667 -0.118389 0.457749 0.676691 2 1 0.720948 2 0.279052
  1 -0.018362 5.372092 50.354786 0.012114 0.987706 -0.155853 0.498910 0.699265 2 1 0.524927 2 0.475073
  2 3.410337 5.464664 50.469589 0.335296 0.929373 -0.154410 0.457376 0.700849 3 2 0.543921 1 0.382361 7 0.073718
corpse1
  2 3.410337 5.464664 50.469589 0.335296 0.929373 -0.154410 0.457376 0.700849 3 2 0.543921 1 0.382361 7 0.073718
  2 5.734776 3.719121 51.666298 0.809539 0.530792 -0.250811 0.424307 0.717358 3 2 0.709358 7 0.150271 1 0.140371
  1 3.150853 5.073617 48.718376 0.293282 0.948667 -0.118389 0.457749 0.676691 2 1 0.720948 2 0.279052
corpse1
  1 4.699846 3.545331 45.843498 0.828012 0.560434 -0.017585 0.430295 0.637031 1 1 1.000000
  1 3.150853 5.073617 48.718376 0.293282 0.948667 -0.118389 0.457749 0.676691 2 1 0.720948 2 0.279052
  2 5.734776 3.719121 51.666298 0.809539 0.530792 -0.250811 0.424307 0.717358 3 2 0.709358 7 0.150271 1 0.140371
corpse1
  2 5.734776 3.719121 51.666298 0.809539 0.530792 -0.250811 0.424307 0.717358 3 2 0.709358 7 0.150271 1 0.140371
  2 5.663712 1.109340 49.174080 0.981358 0.093617 -0.167845 0.395863 0.682977 3 2 0.567413 1 0.292493 7 0.140095
  1 4.699846 3.545331 45.843498 0.828012 0.560434 -0.017585 0.430295 0.637031 1 1 1.000000
corpse1
  1 5.629096 1.647795 43.558182 0.973877 0.201442 0.104806 0.402811 0.605505 2 1 0.935177 10 0.064823
  1 4.699846 3.545331 45.843498 0.828012 0.560434 -0.017585 0.430295 0.637031 1 1 1.000000
  2 5.663712 1.109340 49.174080 0.981358 0.093617 -0.167845 0.395863 0.682977 3 2 0.567413 1 0.292493 7 0.140095
corpse1
  2 5.663712 1.109340 49.174080 0.981358 0.093617 -0.167845 0.395863 0.682977 3 2 0.567413 1 0.292493 7 0.140095
  1 5.700625 -1.059878 48.667881 0.959601 -0.260046 -0.107430 0.366188 0.675994 3 1 0.609505 2 0.330156 7 0.060339
  1 5.629096 1.647795 43.558182 0.973877 0.201442 0.104806 0.402811 0.605505 2 1 0.935177 10 0.064823
corpse1
  1 5.700625 -1.059878 48.667881 0.959601 -0.260046 -0.107430 0.366188 0.675994 3 1 0.609505 2 0.330156 7 0.060339
  1 5.807700 -0.581181 45.293915 0.930573 -0.356902 0.081574 0.371997 0.629450 2 1 0.891871 10 0.108129
  1 5.629096 1.647795 43.558182 0.973877 0.201442 0.104806 0.402811 0.605505 2 1 0.935177 10 0.064823
corpse1
  1 5.700625 -1.059878 48.667881 0.959601 -0.260046 -0.107430 0.366188 0.675994 3 1 0.609505 2 0.330156 7 0.060339
  1 4.294414 -2.106073 45.164463 0.690019 -0.723716 0.010425 0.334359 0.627663 2 1 0.713615 10 0.286385
  1 5.807700 -0.581181 45.293915 0.930573 -0.356902 0.081574 0.371997 0.629450 2 1 0.891871 10 0.108129
corpse1
  1 5.700625 -1.059878 48.667881 0.959601 -0.260046 -0.107430 0.366188 0.675994 3 1 0.609505 2 0.330156 7 0.060339
  1 4.748848 -2.994230 49.222748 0.685739 -0.712204 -0.150092 0.335715 0.683649 2 1 0.715076 2 0.284925
  1 4.294414 -2.106073 45.164463 0.690019 -0.723716 0.010425 0.334359 0.627663 2 1 0.713615 10 0.286385
corpse1
  1 4.294414 -2.106073 45.164463 0.690019 -0.723716 0.010425 0.334359 0.627663 2 1 0.713615 10 0.286385
  1 4.748848 -2.994230 49.222748 0.685739 -0.712204 -0.150092 0.335715 0.683649 2 1 0.715076 2 0.284925
  1 2.343872 -3.693489 46.289227 0.431110 -0.895394 -0.111414 0.292321 0.643651 3 1 0.684504 10 0.198065 2 0.117431
corpse1
  2 3.708986 5.476978 52.434467 0.292866 0.935873 -0.195887 0.454668 0.727955 3 2 0.764431 1 0.145551 7 0.090018
  2 5.734776 3.719121 51.666298 0.809539 0.530792 -0.250811 0.424307 0.717358 3 2 0.709358 7 0.150271 1 0.140371
  2 3.410337 5.464664 50.469589 0.335296 0.929373 -0.154410 0.457376 0.700849 3 2 0.543921 1 0.382361 7 0.073718
corpse1
  2 6.664550 -1.508060 53.956696 0.834399 -0.497353 -0.237525 0.363647 0.753935 1 2 1.000000
  1 5.700625 -1.059878 48.667881 0.959601 -0.260046 -0.107430 0.366188 0.675994 3 1 0.609505 2 0.330156 7 0.060339
  2 5.663712 1.109340 49.174080 0.981358 0.093617 -0.167845 0.395863 0.682977 3 2 0.567413 1 0.292493 7 0.140095
corpse1
  2 6.664550 -1.508060 53.956696 0.834399 -0.497353 -0.237525 0.363647 0.753935 1 2 1.000000
  1 4.748848 -2.994230 49.222748 0.685739 -0.712204 -0.150092 0.335715 0.683649 2 1 0.715076 2 0.284925
  1 5.700625 -1.059878 48.667881 0.959601 -0.260046 -0.107430 0.366188 0.675994 3 1 0.609505 2 0.330156 7 0.060339
corpse1
  2 4.851881 5.958344 56.045773 0.296151 0.947741 -0.118666 0.447488 0.777774 3 2 0.744622 7 0.141392 6 0.113986
  2 3.708986 5.476978 52.434467 0.292866 0.935873 -0.195887 0.454668 0.727955 3 2 0.764431 1 0.145551 7 0.090018
  2 2.974495 5.972563 54.216194 0.094229 0.986869 -0.131188 0.464422 0.752535 1 2 1.000000
corpse1
  7 7.069783 -0.713912 54.944572 0.952503 -0.189364 -0.238495 0.375972 0.778083 3 7 0.781866 2 0.141735 6 0.076399
  7 7.060981 -1.545735 56.135914 0.948240 -0.263615 -0.177056 0.363269 0.798930 3 7 0.688717 6 0.217905 2 0.093378
  2 6.664550 -1.508060 53.956696 0.834399 -0.497353 -0.237525 0.363647 0.753935 1 2 1.000000
corpse1
  7 7.069783 -0.713912 54.944572 0.952503 -0.189364 -0.238495 0.375972 0.778083 3 7 0.781866 2 0.141735 6 0.076399
  2 6.664550 -1.508060 53.956696 0.834399 -0.497353 -0.237525 0.363647 0.753935 1 2 1.000000
  7 7.047171 0.225008 54.515099 0.953612 -0.116743 -0.277479 0.388089 0.757084 3 7 0.745069 2 0.173474 1 0.081457
corpse1
  7 7.047171 0.225008 54.515099 0.953612 -0.116743 -0.277479 0.388089 0.757084 3 7 0.745069 2 0.173474 1 0.081457
  2 6.664550 -1.508060 53.956696 0.834399 -0.497353 -0.237525 0.363647 0.753935 1 2 1.000000
  2 5.663712 1.109340 49.174080 0.981358 0.093617 -0.167845 0.395863 0.682977 3 2 0.567413 1 0.292493 7 0.140095
corpse1
  2 5.663712 1.109340 49.174080 0.981358 0.093617 -0.167845 0.395863 0.682977 3 2 0.567413 1 0.292493 7 0.140095
  7 7.101676 1.557726 54.149376 0.942359 0.085248 -0.323561 0.396358 0.751612 3 7 0.616720 2 0.294223 1 0.089057
  7 7.047171 0.225008 54.515099 0.953612 -0.116743 -0.277479 0.388089 0.757084 3 7 0.745069 2 0.173474 1 0.081457
corpse1
  2 5.734776 3.719121 51.666298 0.809539 0.530792 -0.250811 0.424307 0.717358 3 2 0.709358 7 0.150271 1 0.140371
  7 7.101676 1.557726 54.149376 0.942359 0.085248 -0.323561 0.396358 0.751612 3 7 0.616720 2 0.294223 1 0.089057
  2 5.663712 1.109340 49.174080 0.981358 0.093617 -0.167845 0.395863 0.682977 3 2 0.567413 1 0.292493 7 0.140095
corpse1
  7 6.925603 3.139395 54.196995 0.892724 0.274775 -0.357130 0.412368 0.752269 2 7 0.707591 2 0.292409
  7 7.101676 1.557726 54.149376 0.942359 0.085248 -0.323561 0.396358 0.751612 3 7 0.616720 2 0.294223 1 0.089057
  2 5.734776 3.719121 51.666298 0.809539 0.530792 -0.250811 0.424307 0.717358 3 2 0.709358 7 0.150271 1 0.140371
corpse1
  2 6.808967 3.928705 54.986904 0.364217 0.770688 -0.522863 0.419738 0.763166 3 2 0.544564 7 0.367209 6 0.088227
  7 6.925603 3.139395 54.196995 0.892724 0.274775 -0.357130 0.412368 0.752269 2 7 0.707591 2 0.292409
  2 5.734776 3.719121 51.666298 0.809539 0.530792 -0.250811 0.424307 0.717358 3 2 0.709358 7 0.150271 1 0.140371
corpse1
  2 6.778906 -1.616520 58.015335 0.331194 -0.920532 0.207197 0.353278 0.825591 1 2 1.000000
  2 6.664550 -1.508060 53.956696 0.834399 -0.497353 -0.237525 0.363647 0.753935 1 2 1.000000
  7 7.060981 -1.545735 56.135914 0.126643 -0.986771 -0.101210 0.363269 0.798930 3 7 0.688717 6 0.217905 2 0.093378
corpse1
  2 -2.811764 -3.318080 58.049740 -0.337495 -0.856444 0.390641 0.206813 0.808812 1 2 1.000000
  2 0.022130 -4.206645 56.785904 0.041877 -0.960214 0.276106 0.250878 0.785511 1 2 1.000000
  2 -0.176938 -2.657840 60.715553 -0.063245 -0.969908 0.235112 0.247795 0.846375 1 2 1.000000
corpse1
  2 -0.176938 -2.657840 60.715553 -0.063245 -0.969908 0.235112 0.247795 0.846375 1 2 1.000000
  2 0.022130 -4.206645 56.785904 0.041877 -0.960214 0.276106 0.250878 0.785511 1 2 1.000000
  2 2.500419 -3.253259 57.909599 0.290271 -0.875875 0.385467 0.289132 0.806736 1 2 1.000000
corpse1
  2 2.466274 -4.505395 53.007156 0.321333 -0.946936 0.007510 0.295009 0.730430 1 2 1.000000
  2 2.500419 -3.253259 57.909599 0.290271 -0.875875 0.385467 0.289132 0.806736 1 2 1.000000
  2 0.022130 -4.206645 56.785904 0.041877 -0.960214 0.276106 0.250878 0.785511 1 2 1.000000
corpse1
  2 2.466274 -4.505395 53.007156 0.321333 -0.946936 0.007510 0.295009 0.730430 1 2 1.000000
  2 6.778906 -1.616520 58.015335 0.331194 -0.920532 0.207197 0.353278 0.825591 1 2 1.000000
  2 2.500419 -3.253259 57.909599 0.290271 -0.875875 0.385467 0.289132 0.806736 1 2 1.000000
corpse1
  2 2.466274 -4.505395 53.007156 0.321333 -0.946936 0.007510 0.295009 0.730430 1 2 1.000000
  2 4.989254 -3.271057 53.967258 0.595926 -0.777484 -0.200977 0.342315 0.746060 1 2 1.000000
  2 6.778906 -1.616520 58.015335 0.331194 -0.920532 0.207197 0.353278 0.825591 1 2 1.000000
corpse1
  2 4.989254 -3.271057 53.967258 0.595926 -0.777484 -0.200977 0.342315 0.746060 1 2 1.000000
  2 6.664550 -1.508060 53.956696 0.834399 -0.497353 -0.237525 0.363647 0.753935 1 2 1.000000
  2 6.778906 -1.616520 58.015335 0.331194 -0.920532 0.207197 0.353278 0.825591 1 2 1.000000
corpse1
  2 4.989254 -3.271057 53.967258 0.595926 -0.777484 -0.200977 0.342315 0.746060 1 2 1.000000
  2 2.466274 -4.505395 53.007156 0.321333 -0.946936 0.007510 0.295009 0.730430 1 2 1.000000
  2 6.664550 -1.508060 53.956696 0.834399 -0.497353 -0.237525 0.363647 0.753935 1 2 1.000000
corpse1
  1 4.748848 -2.994230 49.222748 0.685739 -0.712204 -0.150092 0.335715 0.683649 2 1 0.715076 2 0.284925
  2 6.664550 -1.508060 53.956696 0.834399 -0.497353 -0.237525 0.363647 0.753935 1 2 1.000000
  2 2.466274 -4.505395 53.007156 0.321333 -0.946936 0.007510 0.295009 0.730430 1 2 1.000000
corpse1
  2 2.466274 -4.505395 53.007156 0.321333 -0.946936 0.007510 0.295009 0.730430 1 2 1.000000
  1 2.556578 -4.619627 49.046490 0.254848 -0.959052 -0.123578 0.293390 0.675960 3 1 0.607765 2 0.324584 10 0.067652
  1 4.748848 -2.994230 49.222748 0.685739 -0.712204 -0.150092 0.335715 0.683649 2 1 0.715076 2 0.284925
corpse1
  1 2.556578 -4.619627 49.046490 0.254848 -0.959052 -0.123578 0.293390 0.675960 3 1 0.607765 2 0.324584 10 0.067652
  1 2.343872 -3.693489 46.289227 0.431110 -0.895394 -0.111414 0.292321 0.643651 3 1 0.684504 10 0.198065 2 0.117431
  1 4.748848 -2.994230 49.222748 0.685739 -0.712204 -0.150092 0.335715 0.683649 2 1 0.715076 2 0.284925
corpse1
  1 2.556578 -4.619627 49.046490 0.254848 -0.959052 -0.123578 0.293390 0.675960 3 1 0.607765 2 0.324584 10 0.067652
  1 -0.015026 -4.284711 46.661465 0.012707 -0.998916 -0.044778 0.249826 0.648418 3 1 0.645209 13 0.191422 2 0.163368
  1 2.343872 -3.693489 46.289227 0.431110 -0.895394 -0.111414 0.292321 0.643651 3 1 0.684504 10 0.198065 2 0.117431
corpse1
  2 0.161686 -4.400622 52.237392 -0.128783 -0.990819 -0.041135 0.253356 0.719949 1 2 1.000000
  1 -0.015026 -4.284711 46.661465 0.012707 -0.998916 -0.044778 0.249826 0.648418 3 1 0.645209 13 0.191422 2 0.163368
  1 2.556578 -4.619627 49.046490 0.254848 -0.959052 -0.123578 0.293390 0.675960 3 1 0.607765 2 0.324584 10 0.067652
corpse1
  1 2.556578 -4.619627 49.046490 0.254848 -0.959052 -0.123578 0.293390 0.675960 3 1 0.607765 2 0.324584 10 0.067652
  2 2.466274 -4.505395 53.007156 0.321333 -0.946936 0.007510 0.295009 0.730430 1 2 1.000000
  2 0.161686 -4.400622 52.237392 -0.128783 -0.990819 -0.041135 0.253356 0.719949 1 2 1.000000
corpse1
  2 -1.292285 -4.646358 54.265446 -0.200107 -0.979732 0.009051 0.228220 0.747921 1 2 1.000000
  2 0.161686 -4.400622 52.237392 -0.128783 -0.990819 -0.041135 0.253356 0.719949 1 2 1.000000
  2 2.466274 -4.505395 53.007156 0.321333 -0.946936 0.007510 0.295009 0.730430 1 2 1.000000
corpse1
  2 2.466274 -4.505395 53.007156 0.321333 -0.946936 0.007510 0.295009 0.730430 1 2 1.000000
  2 0.022130 -4.206645 56.785904 0.041877 -0.960214 0.276106 0.250878 0.785511 1 2 1.000000
  2 -1.292285 -4.646358 54.265446 -0.200107 -0.979732 0.009051 0.228220 0.747921 1 2 1.000000
corpse1
  2 -2.811764 -3.318080 58.049740 -0.337495 -0.856444 0.390641 0.206813 0.808812 1 2 1.000000
  2 -1.292285 -4.646358 54.265446 -0.200107 -0.979732 0.009051 0.228220 0.747921 1 2 1.000000
  2 0.022130 -4.206645 56.785904 0.041877 -0.960214 0.276106 0.250878 0.785511 1 2 1.000000
corpse1
  2 -2.811764 -3.318080 58.049740 -0.337495 -0.856444 0.390641 0.206813 0.808812 1 2 1.000000
  2 -5.702763 -2.660411 54.271942 -0.653834 -0.745027 -0.132043 0.157432 0.761118 1 2 1.000000
  2 -1.292285 -4.646358 54.265446 -0.200107 -0.979732 0.009051 0.228220 0.747921 1 2 1.000000
corpse1
  2 -5.702763 -2.660411 54.271942 -0.653834 -0.745027 -0.132043 0.157432 0.761118 1 2 1.000000
  2 -3.631359 -3.391706 52.117577 -0.427043 -0.900834 -0.078313 0.183509 0.720940 1 2 1.000000
  2 -1.292285 -4.646358 54.265446 -0.200107 -0.979732 0.009051 0.228220 0.747921 1 2 1.000000
corpse1
  2 0.161686 -4.400622 52.237392 -0.128783 -0.990819 -0.041135 0.253356 0.719949 1 2 1.000000
  2 -1.292285 -4.646358 54.265446 -0.200107 -0.979732 0.009051 0.228220 0.747921 1 2 1.000000
  2 -3.631359 -3.391706 52.117577 -0.427043 -0.900834 -0.078313 0.183509 0.720940 1 2 1.000000
corpse1
  2 -0.176938 -2.657840 60.715553 -0.063245 -0.969908 0.235112 0.247795 0.846375 1 2 1.000000
  2 2.500419 -3.253259 57.909599 0.290271 -0.875875 0.385467 0.289132 0.806736 1 2 1.000000
  2 1.790239 -1.702592 61.038418 0.499347 -0.810388 0.306469 0.277563 0.859577 1 2 1.000000
corpse1
  2 2.500419 -3.253259 57.909599 0.290271 -0.875875 0.385467 0.289132 0.806736 1 2 1.000000
  2 4.250113 -1.120992 60.339947 0.282621 -0.714750 0.639732 0.314845 0.857290 1 2 1.000000
  2 1.790239 -1.702592 61.038418 0.499347 -0.810388 0.306469 0.277563 0.859577 1 2 1.000000
corpse1
  2 4.250113 -1.120992 60.339947 0.282621 -0.714750 0.639732 0.314845 0.857290 1 2 1.000000
  2 2.500419 -3.253259 57.909599 0.290271 -0.875875 0.385467 0.289132 0.806736 1 2 1.000000
  2 6.778906 -1.616520 58.015335 0.331194 -0.920532 0.207197 0.353278 0.825591 1 2 1.000000
corpse1
  2 6.778906 -1.616520 58.015335 0.331194 -0.920532 0.207197 0.353278 0.825591 1 2 1.000000
  6 6.923852 -0.761641 60.042801 0.347380 -0.681148 0.644488 0.356605 0.857512 2 6 0.614264 7 0.385737
  2 4.250113 -1.120992 60.339947 0.282621 -0.714750 0.639732 0.314845 0.857290 1 2 1.000000
corpse1
  6 5.673072 1.709756 61.763657 0.309649 -0.197443 0.930126 0.336169 0.901563 2 6 0.800850 7 0.199150
  2 4.250113 -1.120992 60.339947 0.282621 -0.714750 0.639732 0.314845 0.857290 1 2 1.000000
  6 6.923852 -0.761641 60.042801 0.347380 -0.681148 0.644488 0.356605 0.857512 2 6 0.614264 7 0.385737
corpse1
  6 5.673072 1.709756 61.763657 0.309649 -0.197443 0.930126 0.336169 0.901563 2 6 0.800850 7 0.199150
  6 6.923852 -0.761641 60.042801 0.347380 -0.681148 0.644488 0.356605 0.857512 2 6 0.614264 7 0.385737
  6 6.949925 1.510279 61.211971 0.548345 -0.081106 0.832310 0.356780 0.893283 2 6 0.668438 7 0.331562
corpse1
  6 2.633842 -0.105766 61.808826 0.622402 -0.439151 0.647890 0.290213 0.884173 2 6 0.901233 3 0.098767
  6 4.637486 2.178440 62.011833 0.273591 0.155733 0.949155 0.320404 0.908959 3 6 0.776857 2 0.150491 7 0.072652
  6 2.380226 2.119256 62.663994 0.711344 0.098712 0.695878 0.286147 0.915820 2 6 0.749742 2 0.250258
corpse1
  6 4.637486 2.178440 62.011833 0.273591 0.155733 0.949155 0.320404 0.908959 3 6 0.776857 2 0.150491 7 0.072652
  6 2.633842 -0.105766 61.808826 0.622402 -0.439151 0.647890 0.290213 0.884173 2 6 0.901233 3 0.098767
  6 5.673072 1.709756 61.763657 0.309649 -0.197443 0.930126 0.336169 0.901563 2 6 0.800850 7 0.199150
corpse1
  6 5.673072 1.709756 61.763657 0.309649 -0.197443 0.930126 0.336169 0.901563 2 6 0.800850 7 0.199150
  6 2.633842 -0.105766 61.808826 0.622402 -0.439151 0.647890 0.290213 0.884173 2 6 0.901233 3 0.098767
  2 4.250113 -1.120992 60.339947 0.282621 -0.714750 0.639732 0.314845 0.857290 1 2 1.000000
corpse1
  6 2.633842 -0.105766 61.808826 0.622402 -0.439151 0.647890 0.290213 0.884173 2 6 0.901233 3 0.098767
  2 1.790239 -1.702592 61.038418 0.499347 -0.810388 0.306469 0.277563 0.859577 1 2 1.000000
  2 4.250113 -1.120992 60.339947 0.282621 -0.714750 0.639732 0.314845 0.857290 1 2 1.000000
corpse1
  1 2.549483 5.405764 40.146881 0.318955 0.947753 0.005576 0.008662 0.948930 2 1 0.553280 10 0.446720
  1 2.901276 5.444434 40.609016 0.248536 0.936886 -0.245917 0.009506 0.946882 2 1 0.696606 10 0.303394
  10 4.912541 3.634673 40.426746 0.762684 0.644555 0.053504 0.017094 0.947689 2 10 0.539173 1 0.460827
corpse1
  1 -0.020215 5.608784 40.175884 -0.012584 0.999855 0.011487 0.001183 0.948802 3 1 0.672381 10 0.203379 13 0.124240
  1 2.901276 5.444434 40.609016 0.248536 0.936886 -0.245917 0.009506 0.946882 2 1 0.696606 10 0.303394
  1 2.549483 5.405764 40.146881 0.318955 0.947753 0.005576 0.008662 0.948930 2 1 0.553280 10 0.446720
corpse1
  1 -0.020215 5.608784 40.175884 -0.012584 0.999855 0.011487 0.001183 0.948802 3 1 0.672381 10 0.203379 13 0.124240
  1 0.058458 5.670805 41.097282 -0.025298 0.997565 -0.064989 0.001416 0.944717 3 1 0.836360 13 0.087995 10 0.075645
  1 2.901276 5.444434 40.609016 0.248536 0.936886 -0.245917 0.009506 0.946882 2 1 0.696606 10 0.303394
corpse1
  8 22.348228 0.556463 39.956741 -0.126775 -0.983365 -0.130080 0.831880 0.633282 1 8 1.000000
  8 18.677074 0.104153 46.953918 0.360966 -0.889083 0.281487 0.839537 0.737754 2 8 0.717511 7 0.282489
  8 17.102825 0.315378 45.622177 -0.418608 -0.765294 -0.488970 0.813778 0.741668 2 8 0.671704 7 0.328296
corpse1
  8 22.348228 0.556463 39.956741 -0.126775 -0.983365 -0.130080 0.831880 0.633282 1 8 1.000000
  8 22.910469 0.314854 40.690834 -0.197969 -0.965996 -0.166310 0.836925 0.634402 1 8 1.000000
  8 18.677074 0.104153 46.953918 0.360966 -0.889083 0.281487 0.839537 0.737754 2 8 0.717511 7 0.282489
corpse1
  8 22.571959 2.259097 43.602562 0.745494 0.051397 0.664528 0.868034 0.664206 1 8 1.000000
  8 23.493828 4.277219 40.812786 0.565365 0.568240 0.597885 0.912232 0.627224 1 8 1.000000
  8 19.568090 4.190865 45.060295 0.314163 0.925789 0.210275 0.920227 0.708359 2 8 0.911259 7 0.088741
corpse1
  8 22.571959 2.259097 43.602562 0.745494 0.051397 0.664528 0.868034 0.664206 1 8 1.000000
  8 23.986151 3.348685 41.332245 0.657188 0.432802 0.617078 0.891915 0.627811 1 8 1.000000
  8 23.493828 4.277219 40.812786 0.565365 0.568240 0.597885 0.912232 0.627224 1 8 1.000000
corpse1
  8 24.164396 2.229435 41.539719 0.789715 -0.060372 0.610496 0.873017 0.628141 1 8 1.000000
  8 23.986151 3.348685 41.332245 0.657188 0.432802 0.617078 0.891915 0.627811 1 8 1.000000
  8 22.571959 2.259097 43.602562 0.745494 0.051397 0.664528 0.868034 0.664206 1 8 1.000000
corpse1
  8 22.571959 2.259097 43.602562 0.745494 0.051397 0.664528 0.868034 0.664206 1 8 1.000000
  8 23.933872 1.437190 41.356853 0.609254 -0.550345 0.570903 0.862909 0.629284 1 8 1.000000
  8 24.164396 2.229435 41.539719 0.789715 -0.060372 0.610496 0.873017 0.628141 1 8 1.000000
corpse1
  8 23.933872 1.437190 41.356853 0.609254 -0.550345 0.570903 0.862909 0.629284 1 8 1.000000
  8 22.571959 2.259097 43.602562 0.745494 0.051397 0.664528 0.868034 0.664206 1 8 1.000000
  8 22.910469 0.314854 40.690834 0.612018 -0.597983 0.517542 0.836925 0.634402 1 8 1.000000
corpse1
  8 22.910469 0.314854 40.690834 0.612018 -0.597983 0.517542 0.836925 0.634402 1 8 1.000000
  8 22.571959 2.259097 43.602562 0.745494 0.051397 0.664528 0.868034 0.664206 1 8 1.000000
  8 19.634109 2.435437 47.406208 0.773931 0.036557 0.632214 0.885304 0.730657 2 8 0.774581 7 0.225419
corpse1
  8 22.910469 0.314854 40.690834 0.612018 -0.597983 0.517542 0.836925 0.634402 1 8 1.000000
  8 19.634109 2.435437 47.406208 0.773931 0.036557 0.632214 0.885304 0.730657 2 8 0.774581 7 0.225419
  8 18.677074 0.104153 46.953918 0.360966 -0.889083 0.281487 0.839537 0.737754 2 8 0.717511 7 0.282489
corpse1
  7 15.822066 1.628615 51.285816 0.756898 -0.115392 0.643265 0.871425 0.807544 2 7 0.758822 8 0.241178
  8 18.677074 0.104153 46.953918 0.360966 -0.889083 0.281487 0.839537 0.737754 2 8 0.717511 7 0.282489
  8 19.634109 2.435437 47.406208 0.773931 0.036557 0.632214 0.885304 0.730657 2 8 0.774581 7 0.225419
corpse1
  7 15.822066 1.628615 51.285816 0.756898 -0.115392 0.643265 0.871425 0.807544 2 7 0.758822 8 0.241178
  7 15.267044 0.465890 50.951378 0.488890 -0.793140 0.363201 0.845389 0.810878 2 7 0.842628 8 0.157372
  8 18.677074 0.104153 46.953918 0.360966 -0.889083 0.281487 0.839537 0.737754 2 8 0.717511 7 0.282489
corpse1
  7 14.443557 -0.124418 49.969158 -0.037186 -0.994668 -0.096191 0.821055 0.810634 2 7 0.769992 8 0.230008
  8 18.677074 0.104153 46.953918 0.360966 -0.889083 0.281487 0.839537 0.737754 2 8 0.717511 7 0.282489
  7 15.267044 0.465890 50.951378 0.488890 -0.793140 0.363201 0.845389 0.810878 2 7 0.842628 8 0.157372
corpse1
  7 14.443557 -0.124418 49.969158 -0.037186 -0.994668 -0.096191 0.821055 0.810634 2 7 0.769992 8 0.230008
  8 17.102825 0.315378 45.622177 -0.418608 -0.765294 -0.488970 0.813778 0.741668 2 8 0.671704 7 0.328296
  8 18.677074 0.104153 46.953918 0.360966 -0.889083 0.281487 0.839537 0.737754 2 8 0.717511 7 0.282489
corpse1
  7 14.443557 -0.124418 49.969158 -0.037186 -0.994668 -0.096191 0.821055 0.810634 2 7 0.769992 8 0.230008
  7 14.042229 0.276671 48.747139 -0.522187 -0.697915 -0.490138 0.801565 0.803158 2 7 0.757618 8 0.242382
  8 17.102825 0.315378 45.622177 -0.418608 -0.765294 -0.488970 0.813778 0.741668 2 8 0.671704 7 0.328296
corpse1
  8 19.568090 4.190865 45.060295 0.314163 0.925789 0.210275 0.920227 0.708359 2 8 0.911259 7 0.088741
  8 19.634109 2.435437 47.406208 0.773931 0.036557 0.632214 0.885304 0.730657 2 8 0.774581 7 0.225419
  8 22.571959 2.259097 43.602562 0.745494 0.051397 0.664528 0.868034 0.664206 1 8 1.000000
corpse1
  7 15.562379 4.311594 50.151962 0.442983 0.804855 0.394936 0.925057 0.798142 2 7 0.696584 8 0.303416
  8 19.634109 2.435437 47.406208 0.773931 0.036557 0.632214 0.885304 0.730657 2 8 0.774581 7 0.225419
  8 19.568090 4.190865 45.060295 0.314163 0.925789 0.210275 0.920227 0.708359 2 8 0.911259 7 0.088741
corpse1
  8 19.634109 2.435437 47.406208 0.773931 0.036557 0.632214 0.885304 0.730657 2 8 0.774581 7 0.225419
  7 15.562379 4.311594 50.151962 0.442983 0.804855 0.394936 0.925057 0.798142 2 7 0.696584 8 0.303416
  7 15.822066 1.628615 51.285816 0.756898 -0.115392 0.643265 0.871425 0.807544 2 7 0.758822 8 0.241178
corpse1
  7 15.822066 1.628615 51.285816 0.756898 -0.115392 0.643265 0.871425 0.807544 2 7 0.758822 8 0.241178
  7 15.562379 4.311594 50.151962 0.442983 0.804855 0.394936 0.925057 0.798142 2 7 0.696584 8 0.303416
  7 13.484730 4.499880 52.551296 0.503230 0.780087 0.371784 0.921263 0.842373 2 7 0.907366 8 0.092635
corpse1
  7 10.562964 0.314168 52.049831 -0.527710 -0.499846 -0.686787 0.801076 0.870668 1 7 1.000000
  7 14.443557 -0.124418 49.969158 -0.037186 -0.994668 -0.096191 0.821055 0.810634 2 7 0.769992 8 0.230008
  7 11.424797 -0.592018 52.895920 0.017423 -0.972350 -0.232877 0.823958 0.870062 1 7 1.000000
corpse1
  7 10.562964 0.314168 52.049831 -0.527710 -0.499846 -0.686787 0.801076 0.870668 1 7 1.000000
  7 14.042229 0.276671 48.747139 -0.522187 -0.697915 -0.490138 0.801565 0.803158 2 7 0.757618 8 0.242382
  7 14.443557 -0.124418 49.969158 -0.037186 -0.994668 -0.096191 0.821055 0.810634 2 7 0.769992 8 0.230008
corpse1
  7 11.394085 1.650822 50.550095 -0.720006 -0.202660 -0.663717 0.775678 0.847124 2 7 0.946042 8 0.053958
  7 14.042229 0.276671 48.747139 -0.522187 -0.697915 -0.490138 0.801565 0.803158 2 7 0.757618 8 0.242382
  7 10.562964 0.314168 52.049831 -0.527710 -0.499846 -0.686787 0.801076 0.870668 1 7 1.000000
corpse1
  7 11.394085 1.650822 50.550095 -0.720006 -0.202660 -0.663717 0.775678 0.847124 2 7 0.946042 8 0.053958
  7 13.108234 1.552197 48.653011 -0.752388 -0.221652 -0.620309 0.778180 0.811374 2 7 0.716142 8 0.283858
  7 14.042229 0.276671 48.747139 -0.522187 -0.697915 -0.490138 0.801565 0.803158 2 7 0.757618 8 0.242382
corpse1
  7 14.042229 0.276671 48.747139 -0.522187 -0.697915 -0.490138 0.801565 0.803158 2 7 0.757618 8 0.242382
  7 13.108234 1.552197 48.653011 -0.752388 -0.221652 -0.620309 0.778180 0.811374 2 7 0.716142 8 0.283858
  8 15.463385 1.579668 45.707062 -0.652092 -0.313839 -0.690131 0.786936 0.758979 2 8 0.572058 7 0.427942
corpse1
  7 14.042229 0.276671 48.747139 -0.522187 -0.697915 -0.490138 0.801565 0.803158 2 7 0.757618 8 0.242382
  8 15.463385 1.579668 45.707062 -0.652092 -0.313839 -0.690131 0.786936 0.758979 2 8 0.572058 7 0.427942
  8 17.102825 0.315378 45.622177 -0.418608 -0.765294 -0.488970 0.813778 0.741668 2 8 0.671704 7 0.328296
corpse1
  8 17.102825 0.315378 45.622177 -0.418608 -0.765294 -0.488970 0.813778 0.741668 2 8 0.671704 7 0.328296
  8 15.463385 1.579668 45.707062 -0.652092 -0.313839 -0.690131 0.786936 0.758979 2 8 0.572058 7 0.427942
  8 17.321880 2.146896 44.341042 -0.625721 0.048491 -0.778538 0.799349 0.726329 2 8 0.802799 7 0.197201
corpse1
  8 17.102825 0.315378 45.622177 -0.418608 -0.765294 -0.488970 0.813778 0.741668 2 8 0.671704 7 0.328296
  8 17.321880 2.146896 44.341042 -0.625721 0.048491 -0.778538 0.799349 0.726329 2 8 0.802799 7 0.197201
  8 19.868294 1.838776 41.947868 -0.729841 -0.034195 -0.682761 0.823732 0.677300 1 8 1.000000
corpse1
  8 17.102825 0.315378 45.622177 -0.418608 -0.765294 -0.488970 0.813778 0.741668 2 8 0.671704 7 0.328296
  8 19.868294 1.838776 41.947868 -0.729841 -0.034195 -0.682761 0.823732 0.677300 1 8 1.000000
  8 22.348228 0.556463 39.956741 -0.690577 -0.403288 -0.600384 0.831880 0.633282 1 8 1.000000
corpse1
  8 19.868294 1.838776 41.947868 -0.729841 -0.034195 -0.682761 0.823732 0.677300 1 8 1.000000
  8 21.791527 1.937115 39.435181 -0.793800 -0.012197 -0.608057 0.823196 0.633468 1 8 1.000000
  8 22.348228 0.556463 39.956741 -0.690577 -0.403288 -0.600384 0.831880 0.633282 1 8 1.000000
corpse1
  7 11.394085 1.650822 50.550095 -0.720006 -0.202660 -0.663717 0.775678 0.847124 2 7 0.946042 8 0.053958
  7 10.562964 0.314168 52.049831 -0.527710 -0.499846 -0.686787 0.801076 0.870668 1 7 1.000000
  7 9.402360 1.924689 52.725853 -0.611482 0.044093 -0.790029 0.768030 0.888307 1 7 1.000000
corpse1
  7 10.562964 0.314168 52.049831 -0.527710 -0.499846 -0.686787 0.801076 0.870668 1 7 1.000000
  7 7.432946 1.572272 54.063690 -0.437993 -0.104817 -0.892847 0.773252 0.921739 2 7 0.920419 2 0.079581
  7 9.402360 1.924689 52.725853 -0.611482 0.044093 -0.790029 0.768030 0.888307 1 7 1.000000
corpse1
  2 6.778906 -1.616520 58.015335 0.331194 -0.920532 0.207197 0.831998 0.967462 1 2 1.000000
  7 7.060981 -1.545735 56.135914 0.126643 -0.986771 -0.101210 0.818968 0.946822 3 7 0.688717 6 0.217905 2 0.093378
  7 9.312635 -0.949847 57.250641 0.534104 -0.779114 0.328197 0.845657 0.933309 2 7 0.716679 6 0.283321
corpse1
  7 9.312635 -0.949847 57.250641 0.534104 -0.779114 0.328197 0.845657 0.933309 2 7 0.716679 6 0.283321
  6 6.923852 -0.761641 60.042801 0.347380 -0.681148 0.644488 0.852060 0.984494 2 6 0.614264 7 0.385737
  2 6.778906 -1.616520 58.015335 0.331194 -0.920532 0.207197 0.831998 0.967462 1 2 1.000000
corpse1
  7 9.312635 -0.949847 57.250641 0.534104 -0.779114 0.328197 0.845657 0.933309 2 7 0.716679 6 0.283321
  7 8.910395 -0.006007 59.108936 0.685795 -0.400843 0.607461 0.861874 0.954450 2 7 0.573011 6 0.426989
  6 6.923852 -0.761641 60.042801 0.347380 -0.681148 0.644488 0.852060 0.984494 2 6 0.614264 7 0.385737
corpse1
  7 8.910395 -0.006007 59.108936 0.685795 -0.400843 0.607461 0.861874 0.954450 2 7 0.573011 6 0.426989
  7 9.312635 -0.949847 57.250641 0.534104 -0.779114 0.328197 0.845657 0.933309 2 7 0.716679 6 0.283321
  7 9.615664 1.606786 58.652466 0.751654 -0.170575 0.637118 0.879222 0.941866 2 7 0.714769 6 0.285231
corpse1
  6 6.949925 1.510279 61.211971 0.548345 -0.081106 0.832310 0.879823 0.993934 2 6 0.668438 7 0.331562
  7 8.910395 -0.006007 59.108936 0.685795 -0.400843 0.607461 0.861874 0.954450 2 7 0.573011 6 0.426989
  7 9.615664 1.606786 58.652466 0.751654 -0.170575 0.637118 0.879222 0.941866 2 7 0.714769 6 0.285231
corpse1
  7 9.615664 1.606786 58.652466 0.751654 -0.170575 0.637118 0.879222 0.941866 2 7 0.714769 6 0.285231
  7 8.502269 2.778787 59.838997 0.651196 0.216894 0.727256 0.892400 0.964044 2 7 0.519478 6 0.480522
  6 6.949925 1.510279 61.211971 0.548345 -0.081106 0.832310 0.879823 0.993934 2 6 0.668438 7 0.331562
corpse1
  6 6.949925 1.510279 61.211971 0.548345 -0.081106 0.832310 0.879823 0.993934 2 6 0.668438 7 0.331562
  7 8.502269 2.778787 59.838997 0.651196 0.216894 0.727256 0.892400 0.964044 2 7 0.519478 6 0.480522
  6 6.934400 3.215896 60.667351 0.416054 0.522176 0.744467 0.899215 0.988040 3 6 0.587074 7 0.318945 2 0.093981
corpse1
  6 6.934400 3.215896 60.667351 0.416054 0.522176 0.744467 0.899215 0.988040 3 6 0.587074 7 0.318945 2 0.093981
  7 8.502269 2.778787 59.838997 0.651196 0.216894 0.727256 0.892400 0.964044 2 7 0.519478 6 0.480522
  7 9.068609 3.935130 58.654263 0.467814 0.689454 0.552994 0.904759 0.946337 2 7 0.597704 6 0.402296
corpse1
  6 6.934400 3.215896 60.667351 0.416054 0.522176 0.744467 0.899215 0.988040 3 6 0.587074 7 0.318945 2 0.093981
  7 9.068609 3.935130 58.654263 0.467814 0.689454 0.552994 0.904759 0.946337 2 7 0.597704 6 0.402296
  7 7.104878 4.799798 57.886784 0.275244 0.923341 0.267734 0.926445 0.959275 2 7 0.531519 6 0.468481
corpse1
  7 9.466019 4.503950 57.027184 0.292004 0.926195 0.238528 0.915626 0.926578 2 7 0.770261 6 0.229739
  7 7.104878 4.799798 57.886784 0.275244 0.923341 0.267734 0.926445 0.959275 2 7 0.531519 6 0.468481
  7 9.068609 3.935130 58.654263 0.467814 0.689454 0.552994 0.904759 0.946337 2 7 0.597704 6 0.402296
corpse1
  7 9.068609 3.935130 58.654263 0.467814 0.689454 0.552994 0.904759 0.946337 2 7 0.597704 6 0.402296
  7 11.276134 3.337088 56.534016 0.720380 0.367938 0.587941 0.899240 0.903589 2 7 0.876118 6 0.123882
  7 9.466019 4.503950 57.027184 0.292004 0.926195 0.238528 0.915626 0.926578 2 7 0.770261 6 0.229739
corpse1
  7 13.484730 4.499880 52.551296 0.503230 0.780087 0.371784 0.921263 0.842373 2 7 0.907366 8 0.092635
  7 9.466019 4.503950 57.027184 0.292004 0.926195 0.238528 0.915626 0.926578 2 7 0.770261 6 0.229739
  7 11.276134 3.337088 56.534016 0.720380 0.367938 0.587941 0.899240 0.903589 2 7 0.876118 6 0.123882
corpse1
  7 12.229934 1.558401 55.830856 0.777110 -0.035211 0.628379 0.876554 0.887960 1 7 1.000000
  7 13.484730 4.499880 52.551296 0.503230 0.780087 0.371784 0.921263 0.842373 2 7 0.907366 8 0.092635
  7 11.276134 3.337088 56.534016 0.720380 0.367938 0.587941 0.899240 0.903589 2 7 0.876118 6 0.123882
corpse1
  7 12.229934 1.558401 55.830856 0.777110 -0.035211 0.628379 0.876554 0.887960 1 7 1.000000
  7 15.822066 1.628615 51.285816 0.756898 -0.115392 0.643265 0.871425 0.807544 2 7 0.758822 8 0.241178
  7 13.484730 4.499880 52.551296 0.503230 0.780087 0.371784 0.921263 0.842373 2 7 0.907366 8 0.092635
corpse1
  7 12.794670 -0.099784 53.948238 0.563839 -0.730769 0.384790 0.848939 0.865281 1 7 1.000000
  7 15.822066 1.628615 51.285816 0.756898 -0.115392 0.643265 0.871425 0.807544 2 7 0.758822 8 0.241178
  7 12.229934 1.558401 55.830856 0.777110 -0.035211 0.628379 0.876554 0.887960 1 7 1.000000
corpse1
  7 12.794670 -0.099784 53.948238 0.563839 -0.730769 0.384790 0.848939 0.865281 1 7 1.000000
  7 15.267044 0.465890 50.951378 0.488890 -0.793140 0.363201 0.845389 0.810878 2 7 0.842628 8 0.157372
  7 15.822066 1.628615 51.285816 0.756898 -0.115392 0.643265 0.871425 0.807544 2 7 0.758822 8 0.241178
corpse1
  7 11.424797 -0.592018 52.895920 0.017423 -0.972350 -0.232877 0.823958 0.870062 1 7 1.000000
  7 15.267044 0.465890 50.951378 0.488890 -0.793140 0.363201 0.845389 0.810878 2 7 0.842628 8 0.157372
  7 12.794670 -0.099784 53.948238 0.563839 -0.730769 0.384790 0.848939 0.865281 1 7 1.000000
corpse1
  7 11.424797 -0.592018 52.895920 0.017423 -0.972350 -0.232877 0.823958 0.870062 1 7 1.000000
  7 14.443557 -0.124418 49.969158 -0.037186 -0.994668 -0.096191 0.821055 0.810634 2 7 0.769992 8 0.230008
  7 15.267044 0.465890 50.951378 0.488890 -0.793140 0.363201 0.845389 0.810878 2 7 0.842628 8 0.157372
corpse1
  6 6.949925 1.510279 61.211971 0.548345 -0.081106 0.832310 0.879823 0.993934 2 6 0.668438 7 0.331562
  6 6.923852 -0.761641 60.042801 0.347380 -0.681148 0.644488 0.852060 0.984494 2 6 0.614264 7 0.385737
  7 8.910395 -0.006007 59.108936 0.685795 -0.400843 0.607461 0.861874 0.954450 2 7 0.573011 6 0.426989
corpse1
  7 7.432946 1.572272 54.063690 -0.437993 -0.104817 -0.892847 0.773252 0.921739 2 7 0.920419 2 0.079581
  7 7.047171 0.225008 54.515099 -0.451902 -0.245636 -0.857582 0.794387 0.930773 3 7 0.745069 2 0.173474 1 0.081457
  7 7.101677 1.557727 54.149220 -0.242906 -0.124639 -0.962009 0.773092 0.926028 3 7 0.836906 2 0.109106 1 0.053988
corpse1
  7 10.562964 0.314168 52.049831 -0.527710 -0.499846 -0.686787 0.801076 0.870668 1 7 1.000000
  7 7.047171 0.225008 54.515099 -0.451902 -0.245636 -0.857582 0.794387 0.930773 3 7 0.745069 2 0.173474 1 0.081457
  7 7.432946 1.572272 54.063690 -0.437993 -0.104817 -0.892847 0.773252 0.921739 2 7 0.920419 2 0.079581
corpse1
  7 7.069783 -0.713912 54.944572 -0.351351 -0.667892 -0.656104 0.806145 0.935087 3 7 0.781866 2 0.141735 6 0.076399
  7 7.047171 0.225008 54.515099 -0.451902 -0.245636 -0.857582 0.794387 0.930773 3 7 0.745069 2 0.173474 1 0.081457
  7 10.562964 0.314168 52.049831 -0.527710 -0.499846 -0.686787 0.801076 0.870668 1 7 1.000000
corpse1
  7 10.562964 0.314168 52.049831 -0.527710 -0.499846 -0.686787 0.801076 0.870668 1 7 1.000000
  7 11.424797 -0.592018 52.895920 0.017423 -0.972350 -0.232877 0.823958 0.870062 1 7 1.000000
  7 7.069783 -0.713912 54.944572 -0.351351 -0.667892 -0.656104 0.806145 0.935087 3 7 0.781866 2 0.141735 6 0.076399
corpse1
  7 7.060981 -1.545735 56.135914 0.126643 -0.986771 -0.101210 0.818968 0.946822 3 7 0.688717 6 0.217905 2 0.093378
  7 7.069783 -0.713912 54.944572 -0.351351 -0.667892 -0.656104 0.806145 0.935087 3 7 0.781866 2 0.141735 6 0.076399
  7 11.424797 -0.592018 52.895920 0.017423 -0.972350 -0.232877 0.823958 0.870062 1 7 1.000000
corpse1
  7 12.794670 -0.099784 53.948238 0.563839 -0.730769 0.384790 0.848939 0.865281 1 7 1.000000
  7 7.060981 -1.545735 56.135914 0.126643 -0.986771 -0.101210 0.818968 0.946822 3 7 0.688717 6 0.217905 2 0.093378
  7 11.424797 -0.592018 52.895920 0.017423 -0.972350 -0.232877 0.823958 0.870062 1 7 1.000000
corpse1
  7 12.794670 -0.099784 53.948238 0.563839 -0.730769 0.384790 0.848939 0.865281 1 7 1.000000
  7 9.312635 -0.949847 57.250641 0.534104 -0.779114 0.328197 0.845657 0.933309 2 7 0.716679 6 0.283321
  7 7.060981 -1.545735 56.135914 0.126643 -0.986771 -0.101210 0.818968 0.946822 3 7 0.688717 6 0.217905 2 0.093378
corpse1
  7 9.615664 1.606786 58.652466 0.751654 -0.170575 0.637118 0.879222 0.941866 2 7 0.714769 6 0.285231
  7 9.312635 -0.949847 57.250641 0.534104 -0.779114 0.328197 0.845657 0.933309 2 7 0.716679 6 0.283321
  7 12.794670 -0.099784 53.948238 0.563839 -0.730769 0.384790 0.848939 0.865281 1 7 1.000000
corpse1
  7 9.615664 1.606786 58.652466 0.751654 -0.170575 0.637118 0.879222 0.941866 2 7 0.714769 6 0.285231
  7 12.794670 -0.099784 53.948238 0.563839 -0.730769 0.384790 0.848939 0.865281 1 7 1.000000
  7 12.229934 1.558401 55.830856 0.777110 -0.035211 0.628379 0.876554 0.887960 1 7 1.000000
corpse1
  7 9.615664 1.606786 58.652466 0.751654 -0.170575 0.637118 0.879222 0.941866 2 7 0.714769 6 0.285231
  7 12.229934 1.558401 55.830856 0.777110 -0.035211 0.628379 0.876554 0.887960 1 7 1.000000
  7 11.276134 3.337088 56.534016 0.720380 0.367938 0.587941 0.899240 0.903589 2 7 0.876118 6 0.123882
corpse1
  7 11.276134 3.337088 56.534016 0.720380 0.367938 0.587941 0.899240 0.903589 2 7 0.876118 6 0.123882
  7 8.502269 2.778787 59.838997 0.651196 0.216894 0.727256 0.892400 0.964044 2 7 0.519478 6 0.480522
  7 9.615664 1.606786 58.652466 0.751654 -0.170575 0.637118 0.879222 0.941866 2 7 0.714769 6 0.285231
corpse1
  7 11.276134 3.337088 56.534016 0.720380 0.367938 0.587941 0.899240 0.903589 2 7 0.876118 6 0.123882
  7 9.068609 3.935130 58.654263 0.467814 0.689454 0.552994 0.904759 0.946337 2 7 0.597704 6 0.402296
  7 8.502269 2.778787 59.838997 0.651196 0.216894 0.727256 0.892400 0.964044 2 7 0.519478 6 0.480522
corpse1
  8 23.493828 4.277219 40.812786 -0.159393 0.969678 -0.185252 0.912232 0.627224 1 8 1.000000
  8 22.738386 3.838795 39.815792 -0.189877 0.943641 -0.271088 0.931036 0.626043 1 8 1.000000
  8 19.713978 3.932347 42.259815 -0.104573 0.982430 -0.154580 0.937303 0.681981 1 8 1.000000
corpse1
  8 23.493828 4.277219 40.812786 -0.159393 0.969678 -0.185252 0.912232 0.627224 1 8 1.000000
  8 19.713978 3.932347 42.259815 -0.104573 0.982430 -0.154580 0.937303 0.681981 1 8 1.000000
  8 19.568090 4.190865 45.060295 0.314163 0.925789 0.210275 0.920227 0.708359 2 8 0.911259 7 0.088741
corpse1
  8 19.713978 3.932347 42.259815 -0.104573 0.982430 -0.154580 0.937303 0.681981 1 8 1.000000
  8 16.853159 4.289998 45.964252 -0.481215 0.691626 -0.538596 0.946277 0.745297 2 8 0.751758 7 0.248242
  8 19.568090 4.190865 45.060295 0.314163 0.925789 0.210275 0.920227 0.708359 2 8 0.911259 7 0.088741
corpse1
  7 14.845829 4.720876 48.699089 -0.161013 0.975261 -0.151463 0.946370 0.791804 2 7 0.581633 8 0.418367
  8 19.568090 4.190865 45.060295 0.314163 0.925789 0.210275 0.920227 0.708359 2 8 0.911259 7 0.088741
  8 16.853159 4.289998 45.964252 -0.481215 0.691626 -0.538596 0.946277 0.745297 2 8 0.751758 7 0.248242
corpse1
  7 14.845829 4.720876 48.699089 -0.161013 0.975261 -0.151463 0.946370 0.791804 2 7 0.581633 8 0.418367
  7 15.562379 4.311594 50.151962 0.442983 0.804855 0.394936 0.925057 0.798142 2 7 0.696584 8 0.303416
  8 19.568090 4.190865 45.060295 0.314163 0.925789 0.210275 0.920227 0.708359 2 8 0.911259 7 0.088741
corpse1
  7 14.845829 4.720876 48.699089 -0.161013 0.975261 -0.151463 0.946370 0.791804 2 7 0.581633 8 0.418367
  7 12.765740 4.444954 50.991562 -0.285047 0.923551 -0.256517 0.942889 0.835315 2 7 0.844111 8 0.155889
  7 15.562379 4.311594 50.151962 0.442983 0.804855 0.394936 0.925057 0.798142 2 7 0.696584 8 0.303416
corpse1
  7 13.484730 4.499880 52.551296 0.503230 0.780087 0.371784 0.921263 0.842373 2 7 0.907366 8 0.092635
  7 15.562379 4.311594 50.151962 0.442983 0.804855 0.394936 0.925057 0.798142 2 7 0.696584 8 0.303416
  7 12.765740 4.444954 50.991562 -0.285047 0.923551 -0.256517 0.942889 0.835315 2 7 0.844111 8 0.155889
corpse1
  7 9.584270 4.614830 54.340294 -0.123595 0.970048 -0.209121 0.937397 0.900058 2 7 0.869476 6 0.130524
  7 13.484730 4.499880 52.551296 0.503230 0.780087 0.371784 0.921263 0.842373 2 7 0.907366 8 0.092635
  7 12.765740 4.444954 50.991562 -0.285047 0.923551 -0.256517 0.942889 0.835315 2 7 0.844111 8 0.155889
corpse1
  7 9.584270 4.614830 54.340294 -0.123595 0.970048 -0.209121 0.937397 0.900058 2 7 0.869476 6 0.130524
  7 9.466019 4.503950 57.027184 0.292004 0.926195 0.238528 0.915626 0.926578 2 7 0.770261 6 0.229739
  7 13.484730 4.499880 52.551296 0.503230 0.780087 0.371784 0.921263 0.842373 2 7 0.907366 8 0.092635
corpse1
  7 6.989917 4.808480 56.058804 0.094353 0.958275 -0.269825 0.941957 0.943321 3 7 0.571641 6 0.248225 2 0.180134
  7 9.466019 4.503950 57.027184 0.292004 0.926195 0.238528 0.915626 0.926578 2 7 0.770261 6 0.229739
  7 9.584270 4.614830 54.340294 -0.123595 0.970048 -0.209121 0.937397 0.900058 2 7 0.869476 6 0.130524
corpse1
  7 6.989917 4.808480 56.058804 0.094353 0.958275 -0.269825 0.941957 0.943321 3 7 0.571641 6 0.248225 2 0.180134
  7 7.104878 4.799798 57.886784 0.275244 0.923341 0.267734 0.926445 0.959275 2 7 0.531519 6 0.468481
  7 9.466019 4.503950 57.027184 0.292004 0.926195 0.238528 0.915626 0.926578 2 7 0.770261 6 0.229739
corpse1
  7 14.845829 4.720876 48.699089 -0.161013 0.975261 -0.151463 0.946370 0.791804 2 7 0.581633 8 0.418367
  8 16.853159 4.289998 45.964252 -0.481215 0.691626 -0.538596 0.946277 0.745297 2 8 0.751758 7 0.248242
  7 13.416080 3.339129 48.106365 -0.672769 0.422542 -0.607322 0.971617 0.802020 2 7 0.654456 8 0.345544
corpse1
  7 13.416080 3.339129 48.106365 -0.672769 0.422542 -0.607322 0.971617 0.802020 2 7 0.654456 8 0.345544
  7 12.765740 4.444954 50.991562 -0.285047 0.923551 -0.256517 0.942889 0.835315 2 7 0.844111 8 0.155889
  7 14.845829 4.720876 48.699089 -0.161013 0.975261 -0.151463 0.946370 0.791804 2 7 0.581633 8 0.418367
corpse1
  7 7.432946 1.572272 54.063690 -0.437993 -0.104817 -0.892847 0.991800 0.921739 2 7 0.920419 2 0.079581
  7 7.101677 1.557727 54.149220 -0.242906 -0.124639 -0.962009 0.991640 0.926028 3 7 0.836906 2 0.109106 1 0.053988
  7 6.925603 3.139395 54.196995 -0.340962 0.307879 -0.888232 0.968364 0.927448 2 7 0.707591 2 0.292409
corpse1
  7 7.432946 1.572272 54.063690 -0.437993 -0.104817 -0.892847 0.991800 0.921739 2 7 0.920419 2 0.079581
  7 6.925603 3.139395 54.196995 -0.340962 0.307879 -0.888232 0.968364 0.927448 2 7 0.707591 2 0.292409
  7 9.402360 1.924689 52.725853 -0.611482 0.044093 -0.790029 0.986578 0.888307 1 7 1.000000
corpse1
  7 9.402360 1.924689 52.725853 -0.611482 0.044093 -0.790029 0.986578 0.888307 1 7 1.000000
  7 6.925603 3.139395 54.196995 -0.340962 0.307879 -0.888232 0.968364 0.927448 2 7 0.707591 2 0.292409
  7 7.650218 3.802424 54.524490 -0.393490 0.640261 -0.659721 0.954929 0.922545 3 7 0.769878 6 0.132454 2 0.097668
corpse1
  2 6.808967 3.928705 54.986904 0.364217 0.770688 -0.522863 0.956047 0.935649 3 2 0.544564 7 0.367209 6 0.088227
  7 7.650218 3.802424 54.524490 -0.393490 0.640261 -0.659721 0.954929 0.922545 3 7 0.769878 6 0.132454 2 0.097668
  7 6.925603 3.139395 54.196995 -0.340962 0.307879 -0.888232 0.968364 0.927448 2 7 0.707591 2 0.292409
corpse1
  7 6.989917 4.808480 56.058804 0.094353 0.958275 -0.269825 0.941957 0.943321 3 7 0.571641 6 0.248225 2 0.180134
  7 7.650218 3.802424 54.524490 -0.393490 0.640261 -0.659721 0.954929 0.922545 3 7 0.769878 6 0.132454 2 0.097668
  2 6.808967 3.928705 54.986904 0.364217 0.770688 -0.522863 0.956047 0.935649 3 2 0.544564 7 0.367209 6 0.088227
corpse1
  7 7.650218 3.802424 54.524490 -0.393490 0.640261 -0.659721 0.954929 0.922545 3 7 0.769878 6 0.132454 2 0.097668
  7 6.989917 4.808480 56.058804 0.094353 0.958275 -0.269825 0.941957 0.943321 3 7 0.571641 6 0.248225 2 0.180134
  7 9.584270 4.614830 54.340294 -0.123595 0.970048 -0.209121 0.937397 0.900058 2 7 0.869476 6 0.130524
corpse1
  7 7.650218 3.802424 54.524490 -0.393490 0.640261 -0.659721 0.954929 0.922545 3 7 0.769878 6 0.132454 2 0.097668
  7 9.584270 4.614830 54.340294 -0.123595 0.970048 -0.209121 0.937397 0.900058 2 7 0.869476 6 0.130524
  7 12.765740 4.444954 50.991562 -0.285047 0.923551 -0.256517 0.942889 0.835315 2 7 0.844111 8 0.155889
corpse1
  7 7.650218 3.802424 54.524490 -0.393490 0.640261 -0.659721 0.954929 0.922545 3 7 0.769878 6 0.132454 2 0.097668
  7 12.765740 4.444954 50.991562 -0.285047 0.923551 -0.256517 0.942889 0.835315 2 7 0.844111 8 0.155889
  7 11.700287 3.224403 50.390705 -0.718191 0.266759 -0.642683 0.967326 0.841540 2 7 0.872415 8 0.127585
corpse1
  7 12.765740 4.444954 50.991562 -0.285047 0.923551 -0.256517 0.942889 0.835315 2 7 0.844111 8 0.155889
  7 13.416080 3.339129 48.106365 -0.672769 0.422542 -0.607322 0.971617 0.802020 2 7 0.654456 8 0.345544
  7 11.700287 3.224403 50.390705 -0.718191 0.266759 -0.642683 0.967326 0.841540 2 7 0.872415 8 0.127585
corpse1
  7 13.416080 3.339129 48.106365 -0.672769 0.422542 -0.607322 0.971617 0.802020 2 7 0.654456 8 0.345544
  7 13.108234 1.552197 48.653011 -0.752388 -0.221652 -0.620309 0.996727 0.811374 2 7 0.716142 8 0.283858
  7 11.700287 3.224403 50.390705 -0.718191 0.266759 -0.642683 0.967326 0.841540 2 7 0.872415 8 0.127585
corpse1
  7 13.416080 3.339129 48.106365 -0.672769 0.422542 -0.607322 0.971617 0.802020 2 7 0.654456 8 0.345544
  8 15.463385 1.579668 45.707062 -0.652092 -0.313839 -0.690131 0.988870 0.758979 2 8 0.572058 7 0.427942
  7 13.108234 1.552197 48.653011 -0.752388 -0.221652 -0.620309 0.996727 0.811374 2 7 0.716142 8 0.283858
corpse1
  8 17.321880 2.146896 44.341042 -0.625721 0.048491 -0.778538 0.965490 0.726329 2 8 0.802799 7 0.197201
  8 15.463385 1.579668 45.707062 -0.652092 -0.313839 -0.690131 0.988870 0.758979 2 8 0.572058 7 0.427942
  7 13.416080 3.339129 48.106365 -0.672769 0.422542 -0.607322 0.971617 0.802020 2 7 0.654456 8 0.345544
corpse1
  8 17.321880 2.146896 44.341042 -0.625721 0.048491 -0.778538 0.965490 0.726329 2 8 0.802799 7 0.197201
  7 13.416080 3.339129 48.106365 -0.672769 0.422542 -0.607322 0.971617 0.802020 2 7 0.654456 8 0.345544
  8 16.853159 4.289998 45.964252 -0.481215 0.691626 -0.538596 0.946277 0.745297 2 8 0.751758 7 0.248242
corpse1
  8 19.868294 1.838776 41.947868 -0.729841 -0.034195 -0.682761 0.963892 0.677818 1 8 1.000000
  8 17.321880 2.146896 44.341042 -0.625721 0.048491 -0.778538 0.965490 0.726329 2 8 0.802799 7 0.197201
  8 16.853159 4.289998 45.964252 -0.481215 0.691626 -0.538596 0.946277 0.745297 2 8 0.751758 7 0.248242
corpse1
  8 19.868294 1.838776 41.947868 -0.729841 -0.034195 -0.682761 0.963892 0.677818 1 8 1.000000
  8 16.853159 4.289998 45.964252 -0.481215 0.691626 -0.538596 0.946277 0.745297 2 8 0.751758 7 0.248242
  8 19.713978 3.932347 42.259815 -0.712510 0.051746 -0.699751 0.937303 0.681981 1 8 1.000000
corpse1
  8 19.868294 1.838776 41.947868 -0.729841 -0.034195 -0.682761 0.963892 0.677818 1 8 1.000000
  8 19.713978 3.932347 42.259815 -0.712510 0.051746 -0.699751 0.937303 0.681981 1 8 1.000000
  8 22.738386 3.838795 39.815792 -0.688980 0.272957 -0.671417 0.931036 0.626043 1 8 1.000000
corpse1
  8 19.868294 1.838776 41.947868 -0.729841 -0.034195 -0.682761 0.963892 0.677818 1 8 1.000000
  8 22.738386 3.838795 39.815792 -0.688980 0.272957 -0.671417 0.931036 0.626043 1 8 1.000000
  8 21.791527 1.937115 39.435181 -0.793800 -0.012197 -0.608057 0.962580 0.634244 1 8 1.000000
corpse1
  7 11.700287 3.224403 50.390705 -0.718191 0.266759 -0.642683 0.967326 0.841540 2 7 0.872415 8 0.127585
  7 9.402360 1.924689 52.725853 -0.611482 0.044093 -0.790029 0.986578 0.888307 1 7 1.000000
  7 7.650218 3.802424 54.524490 -0.393490 0.640261 -0.659721 0.954929 0.922545 3 7 0.769878 6 0.132454 2 0.097668
corpse1
  7 9.402360 1.924689 52.725853 -0.611482 0.044093 -0.790029 0.986578 0.888307 1 7 1.000000
  7 11.700287 3.224403 50.390705 -0.718191 0.266759 -0.642683 0.967326 0.841540 2 7 0.872415 8 0.127585
  7 11.394085 1.650822 50.550095 -0.720006 -0.202660 -0.663717 0.994226 0.847124 2 7 0.946042 8 0.053958
corpse1
  7 11.700287 3.224403 50.390705 -0.718191 0.266759 -0.642683 0.967326 0.841540 2 7 0.872415 8 0.127585
  7 13.108234 1.552197 48.653011 -0.752388 -0.221652 -0.620309 0.996727 0.811374 2 7 0.716142 8 0.283858
  7 11.394085 1.650822 50.550095 -0.720006 -0.202660 -0.663717 0.994226 0.847124 2 7 0.946042 8 0.053958
corpse1
  9 2.947941 -0.438188 66.473282 0.731807 0.681411 -0.011703 0.868532 0.214873 1 9 1.000000
  9 2.915692 -0.400598 66.645393 0.731807 0.681411 -0.011703 0.870192 0.232204 1 9 1.000000
  9 2.974571 -0.461848 66.760880 0.731807 0.681411 -0.011703 0.867519 0.243834 1 9 1.000000
corpse1
  8 24.478895 3.595535 35.044701 0.139962 0.937036 -0.319960 0.940478 0.520453 1 8 1.000000
  8 24.382427 3.705661 35.325020 0.197594 0.904427 -0.378112 0.947915 0.525109 1 8 1.000000
  8 25.388395 3.865272 36.232502 0.254787 0.921936 -0.291748 0.935551 0.536686 1 8 1.000000
corpse1
  8 25.388395 3.865272 36.232502 0.254787 0.921936 -0.291748 0.935551 0.536686 1 8 1.000000
  8 24.382427 3.705661 35.325020 0.197594 0.904427 -0.378112 0.947915 0.525109 1 8 1.000000
  8 25.024269 4.017719 36.323563 0.314355 0.924190 -0.216917 0.943155 0.537660 1 8 1.000000
corpse1
  8 25.024269 4.017719 36.323563 0.314355 0.924190 -0.216917 0.943155 0.537660 1 8 1.000000
  8 25.449062 4.041116 37.911419 0.237094 0.969476 0.062474 0.936089 0.560370 1 8 1.000000
  8 25.388395 3.865272 36.232502 0.254787 0.921936 -0.291748 0.935551 0.536686 1 8 1.000000
corpse1
  8 25.024269 4.017719 36.323563 0.314355 0.924190 -0.216917 0.943155 0.537660 1 8 1.000000
  8 24.960135 4.194307 37.809422 -0.143925 0.981953 -0.122690 0.944430 0.557306 1 8 1.000000
  8 25.449062 4.041116 37.911419 0.237094 0.969476 0.062474 0.936089 0.560370 1 8 1.000000
corpse1
  8 24.998842 3.592141 37.096043 -0.966927 -0.151591 -0.205114 0.951836 0.545244 1 8 1.000000
  8 24.368023 3.990573 38.035816 -0.576861 0.406248 -0.708657 0.947942 0.559078 1 8 1.000000
  8 24.960135 4.194307 37.809422 -0.143925 0.981953 -0.122690 0.944430 0.557306 1 8 1.000000
corpse1
  8 24.368023 3.990573 38.035816 -0.576861 0.406248 -0.708657 0.947942 0.559078 1 8 1.000000
  8 25.391014 1.101896 36.652866 -0.182661 0.350391 -0.918619 0.988542 0.538832 1 8 1.000000
  8 23.944992 1.386704 37.918896 -0.372650 -0.188015 -0.908726 0.984587 0.561632 1 8 1.000000
corpse1
  8 24.368023 3.990573 38.035816 -0.576861 0.406248 -0.708657 0.947942 0.559078 1 8 1.000000
  8 25.247549 1.805153 36.970699 -0.557925 0.203423 -0.804573 0.978884 0.543517 1 8 1.000000
  8 25.391014 1.101896 36.652866 -0.182661 0.350391 -0.918619 0.988542 0.538832 1 8 1.000000
corpse1
  8 24.368023 3.990573 38.035816 -0.576861 0.406248 -0.708657 0.947942 0.559078 1 8 1.000000
  8 24.998842 3.592141 37.096043 -0.966927 -0.151591 -0.205114 0.951836 0.545244 1 8 1.000000
  8 25.247549 1.805153 36.970699 -0.557925 0.203423 -0.804573 0.978884 0.543517 1 8 1.000000
corpse1
  8 25.538866 1.796069 35.009758 -0.914423 -0.381505 0.135220 0.979017 0.517352 1 8 1.000000
  8 25.247549 1.805153 36.970699 -0.557925 0.203423 -0.804573 0.978884 0.543517 1 8 1.000000
  8 24.998842 3.592141 37.096043 -0.966927 -0.151591 -0.205114 0.951836 0.545244 1 8 1.000000
corpse1
  8 25.538866 1.796069 35.009758 -0.914423 -0.381505 0.135220 0.979017 0.517352 1 8 1.000000
  8 24.998842 3.592141 37.096043 -0.966927 -0.151591 -0.205114 0.951836 0.545244 1 8 1.000000
  8 24.954483 3.152810 35.852997 -0.802026 -0.565571 0.192053 0.959006 0.528953 1 8 1.000000
corpse1
  8 25.007681 2.500848 34.349346 -0.863287 -0.481595 0.151001 0.969325 0.511489 1 8 1.000000
  8 25.538866 1.796069 35.009758 -0.914423 -0.381505 0.135220 0.979017 0.517352 1 8 1.000000
  8 24.954483 3.152810 35.852997 -0.802026 -0.565571 0.192053 0.959006 0.528953 1 8 1.000000
corpse1
  8 25.007681 2.500848 34.349346 -0.863287 -0.481595 0.151001 0.969325 0.511489 1 8 1.000000
  8 24.954483 3.152810 35.852997 -0.802026 -0.565571 0.192053 0.959006 0.528953 1 8 1.000000
  8 24.697191 2.909368 34.488499 -0.792940 -0.556210 0.248751 0.962339 0.512911 1 8 1.000000
corpse1
  8 24.954483 3.152810 35.852997 -0.802026 -0.565571 0.192053 0.959006 0.528953 1 8 1.000000
  8 24.478895 3.595535 35.044701 -0.791638 -0.594725 0.140041 0.940478 0.520453 1 8 1.000000
  8 24.697191 2.909368 34.488499 -0.792940 -0.556210 0.248751 0.962339 0.512911 1 8 1.000000
corpse1
  8 24.478895 3.595535 35.044701 -0.791638 -0.594725 0.140041 0.940478 0.520453 1 8 1.000000
  8 24.954483 3.152810 35.852997 -0.802026 -0.565571 0.192053 0.959006 0.528953 1 8 1.000000
  8 24.382427 3.705661 35.325020 -0.749811 -0.647956 0.133927 0.947915 0.525109 1 8 1.000000
corpse1
  8 24.954483 3.152810 35.852997 -0.802026 -0.565571 0.192053 0.959006 0.528953 1 8 1.000000
  8 24.998842 3.592141 37.096043 -0.966927 -0.151591 -0.205114 0.951836 0.545244 1 8 1.000000
  8 24.382427 3.705661 35.325020 -0.749811 -0.647956 0.133927 0.947915 0.525109 1 8 1.000000
corpse1
  8 25.606472 1.639596 37.011185 0.299649 0.443004 -0.844960 0.981167 0.542344 1 8 1.000000
  8 25.391014 1.101896 36.652866 -0.182661 0.350391 -0.918619 0.988542 0.538832 1 8 1.000000
  8 25.247549 1.805153 36.970699 -0.557925 0.203423 -0.804573 0.978884 0.543517 1 8 1.000000
corpse1
  8 25.303556 1.798601 34.303261 -0.916428 -0.391547 0.082772 0.978975 0.509524 1 8 1.000000
  8 25.007681 2.500848 34.349346 -0.863287 -0.481595 0.151001 0.969325 0.511489 1 8 1.000000
  8 25.193863 2.137773 34.087982 -0.916924 -0.377912 -0.128191 0.974315 0.507313 1 8 1.000000
corpse1
  8 25.303556 1.798601 34.303261 -0.916428 -0.391547 0.082772 0.978975 0.509524 1 8 1.000000
  8 25.538866 1.796069 35.009758 -0.914423 -0.381505 0.135220 0.979017 0.517352 1 8 1.000000
  8 25.007681 2.500848 34.349346 -0.863287 -0.481595 0.151001 0.969325 0.511489 1 8 1.000000
corpse1
  8 25.643221 1.056988 34.108402 -0.698875 -0.712994 -0.056688 0.989166 0.505472 1 8 1.000000
  8 25.391014 1.101896 36.652866 -0.689608 -0.710497 -0.140121 0.988542 0.538832 1 8 1.000000
  8 25.466820 1.191989 34.128159 -0.610375 -0.790744 -0.046544 0.987308 0.506549 1 8 1.000000
corpse1
  8 25.643221 1.056988 34.108402 -0.698875 -0.712994 -0.056688 0.989166 0.505472 1 8 1.000000
  8 25.759766 0.703176 36.086056 -0.785175 -0.614250 -0.078723 0.994027 0.529935 1 8 1.000000
  8 25.391014 1.101896 36.652866 -0.689608 -0.710497 -0.140121 0.988542 0.538832 1 8 1.000000
corpse1
  8 25.759766 0.703176 36.086056 -0.785175 -0.614250 -0.078723 0.994027 0.529935 1 8 1.000000
  8 25.672804 0.691707 36.915916 -0.776889 -0.616318 -0.128825 0.994182 0.540838 1 8 1.000000
  8 25.391014 1.101896 36.652866 -0.689608 -0.710497 -0.140121 0.988542 0.538832 1 8 1.000000
corpse1
  8 25.391014 1.101896 36.652866 -0.689608 -0.710497 -0.140121 0.988542 0.538832 1 8 1.000000
  8 25.672804 0.691707 36.915916 -0.776889 -0.616318 -0.128825 0.994182 0.540838 1 8 1.000000
  8 25.514868 0.757672 37.389027 -0.586834 -0.651951 -0.480194 0.993271 0.547562 1 8 1.000000
corpse1
  8 25.514868 0.757672 37.389027 -0.586834 -0.651951 -0.480194 0.993271 0.547562 1 8 1.000000
  8 23.944992 1.386704 37.918896 -0.372650 -0.188015 -0.908726 0.984587 0.561632 1 8 1.000000
  8 25.391014 1.101896 36.652866 -0.689608 -0.710497 -0.140121 0.988542 0.538832 1 8 1.000000
corpse1
  8 23.944992 1.386704 37.918896 -0.372650 -0.188015 -0.908726 0.984587 0.561632 1 8 1.000000
  8 25.514868 0.757672 37.389027 -0.586834 -0.651951 -0.480194 0.993271 0.547562 1 8 1.000000
  8 23.874142 0.515664 38.300095 0.088925 -0.158792 -0.983299 0.996543 0.566794 1 8 1.000000
corpse1
  8 23.944992 1.386704 37.918896 -0.372650 -0.188015 -0.908726 0.984587 0.561632 1 8 1.000000
  8 23.874142 0.515664 38.300095 0.088925 -0.158792 -0.983299 0.996543 0.566794 1 8 1.000000
  8 23.539862 0.514613 38.175041 0.292916 0.199585 -0.935075 0.996547 0.566783 1 8 1.000000
corpse1
  8 23.539862 0.514613 38.175041 0.292916 0.199585 -0.935075 0.996547 0.566783 1 8 1.000000
  8 22.793388 1.042036 38.272461 -0.501821 0.156589 -0.850680 0.989284 0.571517 1 8 1.000000
  8 23.944992 1.386704 37.918896 -0.372650 -0.188015 -0.908726 0.984587 0.561632 1 8 1.000000
corpse1
  8 22.582235 1.763238 38.666401 -0.742908 0.226290 -0.629984 0.979376 0.577483 1 8 1.000000
  8 23.944992 1.386704 37.918896 -0.372650 -0.188015 -0.908726 0.984587 0.561632 1 8 1.000000
  8 22.793388 1.042036 38.272461 -0.501821 0.156589 -0.850680 0.989284 0.571517 1 8 1.000000
corpse1
  8 22.582235 1.763238 38.666401 -0.742908 0.226290 -0.629984 0.979376 0.577483 1 8 1.000000
  8 24.368023 3.990573 38.035816 -0.576861 0.406248 -0.708657 0.947942 0.559078 1 8 1.000000
  8 23.944992 1.386704 37.918896 -0.372650 -0.188015 -0.908726 0.984587 0.561632 1 8 1.000000
corpse1
  8 23.165934 3.604681 39.058029 -0.700061 0.638344 -0.320049 0.954114 0.579673 1 8 1.000000
  8 24.368023 3.990573 38.035816 -0.576861 0.406248 -0.708657 0.947942 0.559078 1 8 1.000000
  8 22.582235 1.763238 38.666401 -0.742908 0.226290 -0.629984 0.979376 0.577483 1 8 1.000000
corpse1
  8 23.165934 3.604681 39.058029 -0.700061 0.638344 -0.320049 0.954114 0.579673 1 8 1.000000
  8 24.960135 4.194307 37.809422 -0.143925 0.981953 -0.122690 0.944430 0.557306 1 8 1.000000
  8 24.368023 3.990573 38.035816 -0.576861 0.406248 -0.708657 0.947942 0.559078 1 8 1.000000
corpse1
  8 23.165934 3.604681 39.058029 -0.700061 0.638344 -0.320049 0.954114 0.579673 1 8 1.000000
  8 22.669394 3.665757 41.027336 -0.231752 0.972123 0.035617 0.946114 0.604425 1 8 1.000000
  8 24.960135 4.194307 37.809422 -0.143925 0.981953 -0.122690 0.944430 0.557306 1 8 1.000000
corpse1
  8 22.669394 3.665757 41.027336 -0.231752 0.972123 0.035617 0.946114 0.604425 1 8 1.000000
  8 25.449062 4.041116 37.911419 0.237094 0.969476 0.062474 0.936089 0.560370 1 8 1.000000
  8 24.960135 4.194307 37.809422 -0.143925 0.981953 -0.122690 0.944430 0.557306 1 8 1.000000
corpse1
  8 23.229582 3.591292 41.453625 0.024322 0.989721 0.140924 0.924685 0.608165 1 8 1.000000
  8 25.449062 4.041116 37.911419 0.237094 0.969476 0.062474 0.936089 0.560370 1 8 1.000000
  8 22.669394 3.665757 41.027336 -0.231752 0.972123 0.035617 0.946114 0.604425 1 8 1.000000
corpse1
  8 22.135801 3.023056 40.676651 -0.820157 0.426426 -0.381449 0.962067 0.604987 1 8 1.000000
  8 22.669394 3.665757 41.027336 -0.231752 0.972123 0.035617 0.946114 0.604425 1 8 1.000000
  8 23.165934 3.604681 39.058029 -0.700061 0.638344 -0.320049 0.954114 0.579673 1 8 1.000000
corpse1
  8 22.198193 1.650360 39.728321 -0.967408 -0.186166 -0.171648 0.980914 0.592717 1 8 1.000000
  8 22.135801 3.023056 40.676651 -0.820157 0.426426 -0.381449 0.962067 0.604987 1 8 1.000000
  8 23.165934 3.604681 39.058029 -0.700061 0.638344 -0.320049 0.954114 0.579673 1 8 1.000000
corpse1
  8 23.165934 3.604681 39.058029 -0.700061 0.638344 -0.320049 0.954114 0.579673 1 8 1.000000
  8 22.582235 1.763238 38.666401 -0.742908 0.226290 -0.629984 0.979376 0.577483 1 8 1.000000
  8 22.198193 1.650360 39.728321 -0.967408 -0.186166 -0.171648 0.980914 0.592717 1 8 1.000000
corpse1
  8 21.925613 2.175574 40.536579 -0.936104 0.049960 -0.348158 0.973695 0.604212 1 8 1.000000
  8 22.135801 3.023056 40.676651 -0.820157 0.426426 -0.381449 0.962067 0.604987 1 8 1.000000
  8 22.198193 1.650360 39.728321 -0.967408 -0.186166 -0.171648 0.980914 0.592717 1 8 1.000000
corpse1
  8 24.663046 1.410794 39.517540 0.744595 -0.340807 0.573959 0.896092 0.581325 1 8 1.000000
  8 25.912098 1.694397 37.937603 0.945691 0.221885 0.237561 0.903758 0.559848 1 8 1.000000
  8 24.417664 3.080744 39.902687 0.835265 0.084769 0.543273 0.918922 0.587120 1 8 1.000000
corpse1
  8 24.663046 1.410794 39.517540 0.744595 -0.340807 0.573959 0.896092 0.581325 1 8 1.000000
  8 25.564167 0.885268 37.984016 0.600614 -0.741548 0.298947 0.892241 0.559725 1 8 1.000000
  8 25.912098 1.694397 37.937603 0.945691 0.221885 0.237561 0.903758 0.559848 1 8 1.000000
corpse1
  8 26.046413 0.959493 35.812599 0.971850 -0.233409 -0.032044 0.894551 0.529796 1 8 1.000000
  8 25.912098 1.694397 37.937603 0.945691 0.221885 0.237561 0.903758 0.559848 1 8 1.000000
  8 25.564167 0.885268 37.984016 0.600614 -0.741548 0.298947 0.892241 0.559725 1 8 1.000000
corpse1
  8 26.046413 0.959493 35.812599 0.971850 -0.233409 -0.032044 0.894551 0.529796 1 8 1.000000
  8 25.855906 1.421315 36.388393 0.721025 0.682683 -0.118600 0.900380 0.537937 1 8 1.000000
  8 25.912098 1.694397 37.937603 0.945691 0.221885 0.237561 0.903758 0.559848 1 8 1.000000
corpse1
  8 25.855906 1.421315 36.388393 0.721025 0.682683 -0.118600 0.900380 0.537937 1 8 1.000000
  8 25.606472 1.639596 37.011185 0.364799 0.914598 -0.174450 0.902609 0.546633 1 8 1.000000
  8 25.912098 1.694397 37.937603 0.945691 0.221885 0.237561 0.903758 0.559848 1 8 1.000000
corpse1
  8 23.295486 -0.682435 37.812729 0.358943 -0.916947 0.174265 0.862625 0.556264 1 8 1.000000
  8 22.648117 -0.330842 38.947739 -0.515554 -0.756786 0.401845 0.860480 0.574398 1 8 1.000000
  8 22.863203 -0.537942 37.613972 -0.828138 -0.537790 -0.158017 0.855091 0.556886 1 8 1.000000
corpse1
  8 23.240088 0.419391 39.973618 0.568405 -0.734594 0.370525 0.876704 0.587189 1 8 1.000000
  8 22.648117 -0.330842 38.947739 -0.515554 -0.756786 0.401845 0.860480 0.574398 1 8 1.000000
  8 23.295486 -0.682435 37.812729 0.358943 -0.916947 0.174265 0.862625 0.556264 1 8 1.000000
corpse1
  8 23.575600 -0.274946 37.905270 0.991605 -0.129301 0.001145 0.870286 0.557547 1 8 1.000000
  8 23.240088 0.419391 39.973618 0.568405 -0.734594 0.370525 0.876704 0.587189 1 8 1.000000
  8 23.295486 -0.682435 37.812729 0.358943 -0.916947 0.174265 0.862625 0.556264 1 8 1.000000
corpse1
  8 23.575600 -0.274946 37.905270 0.991605 -0.129301 0.001145 0.870286 0.557547 1 8 1.000000
  8 23.874142 0.515664 38.300095 0.469673 -0.864008 0.181379 0.879354 0.564054 1 8 1.000000
  8 23.240088 0.419391 39.973618 0.568405 -0.734594 0.370525 0.876704 0.587189 1 8 1.000000
corpse1
  8 23.240088 0.419391 39.973618 0.568405 -0.734594 0.370525 0.876704 0.587189 1 8 1.000000
  8 23.874142 0.515664 38.300095 0.469673 -0.864008 0.181379 0.879354 0.564054 1 8 1.000000
  8 25.564167 0.885268 37.984016 0.600614 -0.741548 0.298947 0.892241 0.559725 1 8 1.000000
corpse1
  8 25.564167 0.885268 37.984016 0.600614 -0.741548 0.298947 0.892241 0.559725 1 8 1.000000
  8 23.874142 0.515664 38.300095 0.469673 -0.864008 0.181379 0.879354 0.564054 1 8 1.000000
  8 25.514868 0.757672 37.389027 0.208435 -0.959692 0.188536 0.889223 0.552598 1 8 1.000000
corpse1
  8 25.672804 0.691707 36.915916 0.618167 -0.770877 0.153681 0.889425 0.545040 1 8 1.000000
  8 25.564167 0.885268 37.984016 0.600614 -0.741548 0.298947 0.892241 0.559725 1 8 1.000000
  8 25.514868 0.757672 37.389027 0.208435 -0.959692 0.188536 0.889223 0.552598 1 8 1.000000
corpse1
  8 25.672804 0.691707 36.915916 0.618167 -0.770877 0.153681 0.889425 0.545040 1 8 1.000000
  8 26.046413 0.959493 35.812599 0.971850 -0.233409 -0.032044 0.894551 0.529796 1 8 1.000000
  8 25.564167 0.885268 37.984016 0.600614 -0.741548 0.298947 0.892241 0.559725 1 8 1.000000
corpse1
  8 25.759766 0.703176 36.086056 0.634131 -0.771047 -0.057999 0.890126 0.533414 1 8 1.000000
  8 26.046413 0.959493 35.812599 0.971850 -0.233409 -0.032044 0.894551 0.529796 1 8 1.000000
  8 25.672804 0.691707 36.915916 0.618167 -0.770877 0.153681 0.889425 0.545040 1 8 1.000000
corpse1
  8 25.643221 1.056988 34.108402 0.867324 -0.441189 -0.230438 0.895624 0.505631 1 8 1.000000
  8 26.046413 0.959493 35.812599 0.971850 -0.233409 -0.032044 0.894551 0.529796 1 8 1.000000
  8 25.759766 0.703176 36.086056 0.634131 -0.771047 -0.057999 0.890126 0.533414 1 8 1.000000
corpse1
  8 25.644928 1.394312 34.165924 0.888789 0.437238 -0.137393 0.900369 0.506544 1 8 1.000000
  8 26.046413 0.959493 35.812599 0.971850 -0.233409 -0.032044 0.894551 0.529796 1 8 1.000000
  8 25.643221 1.056988 34.108402 0.867324 -0.441189 -0.230438 0.895624 0.505631 1 8 1.000000
corpse1
  8 25.644928 1.394312 34.165924 0.888789 0.437238 -0.137393 0.900369 0.506544 1 8 1.000000
  8 25.855906 1.421315 36.388393 0.721025 0.682683 -0.118600 0.900380 0.537937 1 8 1.000000
  8 26.046413 0.959493 35.812599 0.971850 -0.233409 -0.032044 0.894551 0.529796 1 8 1.000000
corpse1
  8 25.855906 1.421315 36.388393 0.721025 0.682683 -0.118600 0.900380 0.537937 1 8 1.000000
  8 25.644928 1.394312 34.165924 0.888789 0.437238 -0.137393 0.900369 0.506544 1 8 1.000000
  8 25.719151 1.471129 35.626301 0.674117 0.735016 -0.072924 0.901054 0.527156 1 8 1.000000
corpse1
  8 23.295486 -0.682435 37.812729 0.358943 -0.916947 0.174265 0.862625 0.556264 1 8 1.000000
  8 22.863203 -0.537942 37.613972 -0.828138 -0.537790 -0.158017 0.855091 0.556886 1 8 1.000000
  8 23.312162 -0.754509 36.053726 -0.331452 -0.942804 0.035489 0.853323 0.534094 1 8 1.000000
corpse1
  8 23.539862 0.514613 38.175041 0.292916 0.199585 -0.935075 0.878902 0.562033 1 8 1.000000
  8 23.874142 0.515664 38.300095 0.088925 -0.158792 -0.983299 0.879354 0.564054 1 8 1.000000
  8 23.575600 -0.274946 37.905270 0.991605 -0.129301 0.001145 0.870286 0.557547 1 8 1.000000
corpse1
  8 23.492495 0.016542 37.653015 0.963435 0.267823 -0.007932 0.874299 0.554042 1 8 1.000000
  8 23.539862 0.514613 38.175041 0.292916 0.199585 -0.935075 0.878902 0.562033 1 8 1.000000
  8 23.575600 -0.274946 37.905270 0.991605 -0.129301 0.001145 0.870286 0.557547 1 8 1.000000
corpse1
  8 23.663130 -0.091220 37.044201 0.945489 0.320604 0.057133 0.873434 0.545534 1 8 1.000000
  8 23.492495 0.016542 37.653015 0.963435 0.267823 -0.007932 0.874299 0.554042 1 8 1.000000
  8 23.575600 -0.274946 37.905270 0.991605 -0.129301 0.001145 0.870286 0.557547 1 8 1.000000
corpse1
  8 23.777327 -0.511286 36.309265 0.975992 -0.155376 -0.152637 0.867283 0.535077 1 8 1.000000
  8 23.663130 -0.091220 37.044201 0.945489 0.320604 0.057133 0.873434 0.545534 1 8 1.000000
  8 23.575600 -0.274946 37.905270 0.991605 -0.129301 0.001145 0.870286 0.557547 1 8 1.000000
corpse1
  8 23.777327 -0.511286 36.309265 0.975992 -0.155376 -0.152637 0.867283 0.535077 1 8 1.000000
  8 23.575600 -0.274946 37.905270 0.991605 -0.129301 0.001145 0.870286 0.557547 1 8 1.000000
  8 23.295486 -0.682435 37.812729 0.358943 -0.916947 0.174265 0.862625 0.556264 1 8 1.000000
corpse1
  8 23.465244 -0.544390 36.005848 0.527435 -0.849457 -0.015345 0.857997 0.533044 1 8 1.000000
  8 23.777327 -0.511286 36.309265 0.975992 -0.155376 -0.152637 0.867283 0.535077 1 8 1.000000
  8 23.295486 -0.682435 37.812729 0.358943 -0.916947 0.174265 0.862625 0.556264 1 8 1.000000
corpse1
  8 23.465244 -0.544390 36.005848 0.527435 -0.849457 -0.015345 0.857997 0.533044 1 8 1.000000
  8 23.295486 -0.682435 37.812729 0.358943 -0.916947 0.174265 0.862625 0.556264 1 8 1.000000
  8 23.312162 -0.754509 36.053726 0.811256 -0.583836 0.031614 0.853323 0.534094 1 8 1.000000
corpse1
  8 23.777327 -0.511286 36.309265 0.975992 -0.155376 -0.152637 0.867283 0.535077 1 8 1.000000
  8 23.465244 -0.544390 36.005848 0.575411 0.500936 -0.646502 0.857997 0.533044 1 8 1.000000
  8 23.629259 -0.198031 36.420200 0.762635 0.504041 -0.405376 0.872091 0.536703 1 8 1.000000
corpse1
  8 23.629259 -0.198031 36.420200 0.762635 0.504041 -0.405376 0.872091 0.536703 1 8 1.000000
  8 23.663130 -0.091220 37.044201 0.945489 0.320604 0.057133 0.873434 0.545534 1 8 1.000000
  8 23.777327 -0.511286 36.309265 0.975992 -0.155376 -0.152637 0.867283 0.535077 1 8 1.000000
corpse1
  9 -0.124479 -0.044742 72.428383 -0.020402 0.041477 0.998931 0.555965 0.474740 1 9 1.000000
  9 1.133581 1.063707 72.135017 0.262392 0.322978 0.909305 0.535284 0.466015 1 9 1.000000
  9 -0.124488 1.305741 72.183357 -0.013210 0.393058 0.919419 0.553585 0.462597 1 9 1.000000
corpse1
  9 -0.124479 -0.044742 72.428383 -0.020402 0.041477 0.998931 0.555965 0.474740 1 9 1.000000
  9 1.369630 0.066954 72.191864 0.254916 0.001468 0.966962 0.533527 0.475124 1 9 1.000000
  9 1.133581 1.063707 72.135017 0.262392 0.322978 0.909305 0.535284 0.466015 1 9 1.000000
corpse1
  9 -0.124381 -1.913218 72.233406 -0.020024 -0.188521 0.981865 0.559258 0.491104 1 9 1.000000
  9 1.369630 0.066954 72.191864 0.254916 0.001468 0.966962 0.533527 0.475124 1 9 1.000000
  9 -0.124479 -0.044742 72.428383 -0.020402 0.041477 0.998931 0.555965 0.474740 1 9 1.000000
corpse1
  9 -0.124381 -1.913218 72.233406 -0.020024 -0.188521 0.981865 0.559258 0.491104 1 9 1.000000
  9 1.221996 -1.786293 72.044144 0.239671 -0.207701 0.948376 0.538991 0.491237 1 9 1.000000
  9 1.369630 0.066954 72.191864 0.254916 0.001468 0.966962 0.533527 0.475124 1 9 1.000000
corpse1
  9 1.221996 -1.786293 72.044144 0.239671 -0.207701 0.948376 0.538991 0.491237 1 9 1.000000
  9 0.458129 -2.691390 71.954880 0.193839 -0.435349 0.879146 0.551958 0.498369 1 9 1.000000
  9 0.936320 -2.386394 71.956520 0.361556 -0.408031 0.838325 0.544302 0.496174 1 9 1.000000
corpse1
  9 1.221996 -1.786293 72.044144 0.239671 -0.207701 0.948376 0.538991 0.491237 1 9 1.000000
  9 -0.124296 -2.760028 71.954651 0.001539 -0.412168 0.911106 0.560749 0.498366 1 9 1.000000
  9 0.458129 -2.691390 71.954880 0.193839 -0.435349 0.879146 0.551958 0.498369 1 9 1.000000
corpse1
  9 1.221996 -1.786293 72.044144 0.239671 -0.207701 0.948376 0.538991 0.491237 1 9 1.000000
  9 -0.124381 -1.913218 72.233406 -0.020024 -0.188521 0.981865 0.559258 0.491104 1 9 1.000000
  9 -0.124296 -2.760028 71.954651 0.001539 -0.412168 0.911106 0.560749 0.498366 1 9 1.000000
corpse1
  9 -0.124381 -1.913218 72.233406 -0.020024 -0.188521 0.981865 0.559258 0.491104 1 9 1.000000
  9 -0.706720 -2.691390 71.954880 -0.145592 -0.418492 0.896475 0.569298 0.497149 1 9 1.000000
  9 -0.124296 -2.760028 71.954651 0.001539 -0.412168 0.911106 0.560749 0.498366 1 9 1.000000
corpse1
  9 -1.184912 -2.387477 71.956604 -0.320817 -0.364705 0.874109 0.575881 0.493962 1 9 1.000000
  9 -0.706720 -2.691390 71.954880 -0.145592 -0.418492 0.896475 0.569298 0.497149 1 9 1.000000
  9 -0.124381 -1.913218 72.233406 -0.020024 -0.188521 0.981865 0.559258 0.491104 1 9 1.000000
corpse1
  9 -1.184912 -2.387477 71.956604 -0.320817 -0.364705 0.874109 0.575881 0.493962 1 9 1.000000
  9 -0.124381 -1.913218 72.233406 -0.020024 -0.188521 0.981865 0.559258 0.491104 1 9 1.000000
  9 -1.469856 -1.785417 72.039734 -0.426965 -0.204684 0.880798 0.579061 0.488407 1 9 1.000000
corpse1
  9 -0.124381 -1.913218 72.233406 -0.020024 -0.188521 0.981865 0.559258 0.491104 1 9 1.000000
  9 -1.599496 -0.776952 72.150414 -0.367736 -0.101089 0.924419 0.579213 0.479443 1 9 1.000000
  9 -1.469856 -1.785417 72.039734 -0.426965 -0.204684 0.880798 0.579061 0.488407 1 9 1.000000
corpse1
  9 -0.124381 -1.913218 72.233406 -0.020024 -0.188521 0.981865 0.559258 0.491104 1 9 1.000000
  9 -0.124479 -0.044742 72.428383 -0.020402 0.041477 0.998931 0.555965 0.474740 1 9 1.000000
  9 -1.599496 -0.776952 72.150414 -0.367736 -0.101089 0.924419 0.579213 0.479443 1 9 1.000000
corpse1
  9 -0.124479 -0.044742 72.428383 -0.020402 0.041477 0.998931 0.555965 0.474740 1 9 1.000000
  9 -1.616898 0.066868 72.186333 -0.489416 0.045290 0.870873 0.577985 0.471992 1 9 1.000000
  9 -1.599496 -0.776952 72.150414 -0.367736 -0.101089 0.924419 0.579213 0.479443 1 9 1.000000
corpse1
  9 -0.124479 -0.044742 72.428383 -0.020402 0.041477 0.998931 0.555965 0.474740 1 9 1.000000
  9 -1.381573 1.063001 72.132988 -0.342716 0.320798 0.882969 0.572726 0.463386 1 9 1.000000
  9 -1.616898 0.066868 72.186333 -0.489416 0.045290 0.870873 0.577985 0.471992 1 9 1.000000
corpse1
  9 -0.124479 -0.044742 72.428383 -0.020402 0.041477 0.998931 0.555965 0.474740 1 9 1.000000
  9 -0.124488 1.305741 72.183357 -0.013210 0.393058 0.919419 0.553585 0.462597 1 9 1.000000
  9 -1.381573 1.063001 72.132988 -0.342716 0.320798 0.882969 0.572726 0.463386 1 9 1.000000
corpse1
  9 -0.124488 1.305741 72.183357 -0.013210 0.393058 0.919419 0.553585 0.462597 1 9 1.000000
  9 -0.928629 2.050101 71.708084 -0.256841 0.533120 0.806111 0.564243 0.454785 1 9 1.000000
  9 -1.381573 1.063001 72.132988 -0.342716 0.320798 0.882969 0.572726 0.463386 1 9 1.000000
corpse1
  9 -0.632765 2.312867 71.599510 -0.158178 0.622910 0.766135 0.559376 0.452682 1 9 1.000000
  9 -0.928629 2.050101 71.708084 -0.256841 0.533120 0.806111 0.564243 0.454785 1 9 1.000000
  9 -0.124488 1.305741 72.183357 -0.013210 0.393058 0.919419 0.553585 0.462597 1 9 1.000000
corpse1
  9 -0.124488 1.305741 72.183357 -0.013210 0.393058 0.919419 0.553585 0.462597 1 9 1.000000
  9 -0.124296 2.311822 71.600410 0.022372 0.640043 0.768013 0.551808 0.453225 1 9 1.000000
  9 -0.632765 2.312867 71.599510 -0.158178 0.622910 0.766135 0.559376 0.452682 1 9 1.000000
corpse1
  9 -0.124488 1.305741 72.183357 -0.013210 0.393058 0.919419 0.553585 0.462597 1 9 1.000000
  9 0.384173 2.312867 71.599510 0.093137 0.564036 0.820481 0.544237 0.453747 1 9 1.000000
  9 -0.124296 2.311822 71.600410 0.022372 0.640043 0.768013 0.551808 0.453225 1 9 1.000000
corpse1
  9 1.133581 1.063707 72.135017 0.262392 0.322978 0.909305 0.535284 0.466015 1 9 1.000000
  9 0.384173 2.312867 71.599510 0.093137 0.564036 0.820481 0.544237 0.453747 1 9 1.000000
  9 -0.124488 1.305741 72.183357 -0.013210 0.393058 0.919419 0.553585 0.462597 1 9 1.000000
corpse1
  9 1.133581 1.063707 72.135017 0.262392 0.322978 0.909305 0.535284 0.466015 1 9 1.000000
  9 0.680031 2.050084 71.708038 0.354024 0.534732 0.767286 0.540296 0.456469 1 9 1.000000
  9 0.384173 2.312867 71.599510 0.093137 0.564036 0.820481 0.544237 0.453747 1 9 1.000000
corpse1
  8 23.629259 -0.198031 36.420200 -0.345625 0.901101 -0.261840 0.840998 0.540813 1 8 1.000000
  8 23.492495 0.016542 37.653015 0.030448 0.936881 -0.348321 0.837123 0.557684 1 8 1.000000
  8 23.663130 -0.091220 37.044201 0.017181 0.985363 -0.169599 0.835402 0.549299 1 8 1.000000
corpse1
  8 23.629259 -0.198031 36.420200 -0.345625 0.901101 -0.261840 0.840998 0.540813 1 8 1.000000
  8 22.895437 0.178835 37.935112 -0.552027 0.572446 -0.606277 0.844300 0.563803 1 8 1.000000
  8 23.492495 0.016542 37.653015 0.030448 0.936881 -0.348321 0.837123 0.557684 1 8 1.000000
corpse1
  8 22.895437 0.178835 37.935112 -0.552027 0.572446 -0.606277 0.844300 0.563803 1 8 1.000000
  8 23.539862 0.514613 38.175041 0.292916 0.199585 -0.935075 0.835769 0.565605 1 8 1.000000
  8 23.492495 0.016542 37.653015 0.030448 0.936881 -0.348321 0.837123 0.557684 1 8 1.000000
corpse1
  8 22.895437 0.178835 37.935112 -0.552027 0.572446 -0.606277 0.844300 0.563803 1 8 1.000000
  8 22.793388 1.042036 38.272461 -0.501821 0.156589 -0.850680 0.837910 0.572329 1 8 1.000000
  8 23.539862 0.514613 38.175041 0.292916 0.199585 -0.935075 0.835769 0.565605 1 8 1.000000
corpse1
  8 22.405285 -0.040204 38.816807 -0.964465 -0.117454 -0.236669 0.855147 0.575365 1 8 1.000000
  8 22.793388 1.042036 38.272461 -0.501821 0.156589 -0.850680 0.837910 0.572329 1 8 1.000000
  8 22.895437 0.178835 37.935112 -0.552027 0.572446 -0.606277 0.844300 0.563803 1 8 1.000000
corpse1
  8 22.405285 -0.040204 38.816807 -0.964465 -0.117454 -0.236669 0.855147 0.575365 1 8 1.000000
  8 22.582235 1.763238 38.666401 -0.742908 0.226290 -0.629984 0.841219 0.581468 1 8 1.000000
  8 22.793388 1.042036 38.272461 -0.501821 0.156589 -0.850680 0.837910 0.572329 1 8 1.000000
corpse1
  8 22.405285 -0.040204 38.816807 -0.964465 -0.117454 -0.236669 0.855147 0.575365 1 8 1.000000
  8 22.198193 1.650360 39.728321 -0.967408 -0.186166 -0.171648 0.845877 0.595040 1 8 1.000000
  8 22.582235 1.763238 38.666401 -0.742908 0.226290 -0.629984 0.841219 0.581468 1 8 1.000000
corpse1
  8 23.312162 -0.754509 36.053726 -0.820329 0.479788 -0.311228 0.853323 0.534094 1 8 1.000000
  8 23.629259 -0.198031 36.420200 -0.345625 0.901101 -0.261840 0.840998 0.540813 1 8 1.000000
  8 23.465244 -0.544390 36.005848 -0.815123 0.560599 -0.145954 0.857997 0.533044 1 8 1.000000
corpse1
  8 23.312162 -0.754509 36.053726 -0.820329 0.479788 -0.311228 0.853323 0.534094 1 8 1.000000
  8 22.895437 0.178835 37.935112 -0.552027 0.572446 -0.606277 0.844300 0.563803 1 8 1.000000
  8 23.629259 -0.198031 36.420200 -0.345625 0.901101 -0.261840 0.840998 0.540813 1 8 1.000000
corpse1
  8 23.312162 -0.754509 36.053726 -0.820329 0.479788 -0.311228 0.853323 0.534094 1 8 1.000000
  8 22.863203 -0.537942 37.613972 -0.828138 -0.537790 -0.158017 0.855091 0.556886 1 8 1.000000
  8 22.895437 0.178835 37.935112 -0.552027 0.572446 -0.606277 0.844300 0.563803 1 8 1.000000
corpse1
  8 22.863203 -0.537942 37.613972 -0.828138 -0.537790 -0.158017 0.855091 0.556886 1 8 1.000000
  8 22.405285 -0.040204 38.816807 -0.964465 -0.117454 -0.236669 0.855147 0.575365 1 8 1.000000
  8 22.895437 0.178835 37.935112 -0.552027 0.572446 -0.606277 0.844300 0.563803 1 8 1.000000
corpse1
  8 22.863203 -0.537942 37.613972 -0.828138 -0.537790 -0.158017 0.855091 0.556886 1 8 1.000000
  8 22.648117 -0.330842 38.947739 -0.515554 -0.756786 0.401845 0.860480 0.574398 1 8 1.000000
  8 22.405285 -0.040204 38.816807 -0.964465 -0.117454 -0.236669 0.855147 0.575365 1 8 1.000000
corpse1
  8 22.648117 -0.330842 38.947739 -0.515554 -0.756786 0.401845 0.860480 0.574398 1 8 1.000000
  8 22.198193 1.650360 39.728321 -0.967408 -0.186166 -0.171648 0.845877 0.595040 1 8 1.000000
  8 22.405285 -0.040204 38.816807 -0.964465 -0.117454 -0.236669 0.855147 0.575365 1 8 1.000000
corpse1
  8 22.648117 -0.330842 38.947739 -0.515554 -0.756786 0.401845 0.860480 0.574398 1 8 1.000000
  8 23.240088 0.419391 39.973618 -0.632804 -0.403972 0.660580 0.876704 0.587189 1 8 1.000000
  8 22.198193 1.650360 39.728321 -0.967408 -0.186166 -0.171648 0.845877 0.595040 1 8 1.000000
corpse1
  8 22.198193 1.650360 39.728321 -0.967408 -0.186166 -0.171648 0.845877 0.595040 1 8 1.000000
  8 23.240088 0.419391 39.973618 -0.688214 -0.647659 -0.326955 0.876704 0.587189 1 8 1.000000
  8 22.529156 0.613253 41.086056 -0.633144 -0.681793 -0.366452 0.873358 0.603682 1 8 1.000000
corpse1
  8 22.529156 0.613253 41.086056 -0.633144 -0.681793 -0.366452 0.873358 0.603682 1 8 1.000000
  8 22.093325 1.224834 40.627724 -0.816623 -0.479082 -0.321880 0.854397 0.603955 1 8 1.000000
  8 22.198193 1.650360 39.728321 -0.967408 -0.186166 -0.171648 0.845877 0.595040 1 8 1.000000
corpse1
  8 21.925613 2.175574 40.536579 -0.936104 0.049960 -0.348158 0.844692 0.608214 1 8 1.000000
  8 22.198193 1.650360 39.728321 -0.967408 -0.186166 -0.171648 0.845877 0.595040 1 8 1.000000
  8 22.093325 1.224834 40.627724 -0.816623 -0.479082 -0.321880 0.854397 0.603955 1 8 1.000000
corpse1
  9 -3.225852 1.081879 69.019897 -0.975412 0.220206 -0.008988 0.622254 0.325299 1 9 1.000000
  9 -2.984840 0.363394 67.276451 -0.945179 0.295060 -0.139914 0.629197 0.263462 1 9 1.000000
  9 -3.134643 -0.394131 67.609978 -0.995306 0.018505 -0.094988 0.639408 0.275292 1 9 1.000000
corpse1
  9 -2.440745 0.537745 64.841911 -0.943970 0.267463 -0.193348 0.622896 0.177114 2 9 0.869777 3 0.130223
  9 -2.824822 0.017794 65.993896 -0.874772 0.080570 -0.477789 0.632918 0.217972 1 9 1.000000
  9 -2.984840 0.363394 67.276451 -0.945179 0.295060 -0.139914 0.629197 0.263462 1 9 1.000000
corpse1
  9 -2.824822 0.017794 65.993896 -0.874772 0.080570 -0.477789 0.632918 0.217972 1 9 1.000000
  9 -2.440745 0.537745 64.841911 -0.943970 0.267463 -0.193348 0.622896 0.177114 2 9 0.869777 3 0.130223
  9 -2.913499 -1.049664 66.299400 -0.915752 -0.218962 -0.336829 0.647630 0.213012 1 9 1.000000
corpse1
  9 -2.913499 -1.049664 66.299400 -0.915752 -0.218962 -0.336829 0.647630 0.213012 1 9 1.000000
  9 -2.945872 -0.831685 66.251556 -0.856904 -0.177259 -0.484040 0.641171 0.209310 1 9 1.000000
  9 -2.824822 0.017794 65.993896 -0.874772 0.080570 -0.477789 0.632918 0.217972 1 9 1.000000
corpse1
  9 -2.945872 -0.831685 66.251556 -0.856904 -0.177259 -0.484040 0.641171 0.209310 1 9 1.000000
  9 -2.913499 -1.049664 66.299400 -0.915752 -0.218962 -0.336829 0.647630 0.213012 1 9 1.000000
  9 -3.022556 -0.827595 66.575798 -0.946262 -0.274260 -0.171378 0.641335 0.234398 1 9 1.000000
corpse1
  9 -3.022556 -0.827595 66.575798 -0.946262 -0.274260 -0.171378 0.641335 0.234398 1 9 1.000000
  9 -3.074454 -0.630868 66.535980 -0.951341 -0.168511 -0.257980 0.636276 0.231317 1 9 1.000000
  9 -2.945872 -0.831685 66.251556 -0.856904 -0.177259 -0.484040 0.641171 0.209310 1 9 1.000000
corpse1
  9 -3.127504 -0.556079 66.715973 -0.963663 -0.202254 -0.174489 0.634725 0.245243 1 9 1.000000
  9 -3.074454 -0.630868 66.535980 -0.951341 -0.168511 -0.257980 0.636276 0.231317 1 9 1.000000
  9 -3.022556 -0.827595 66.575798 -0.946262 -0.274260 -0.171378 0.641335 0.234398 1 9 1.000000
corpse1
  9 -3.046463 -0.286725 66.402878 -0.933441 0.112221 -0.340727 0.631649 0.225151 1 9 1.000000
  9 -3.074454 -0.630868 66.535980 -0.951341 -0.168511 -0.257980 0.636276 0.231317 1 9 1.000000
  9 -3.127504 -0.556079 66.715973 -0.963663 -0.202254 -0.174489 0.634725 0.245243 1 9 1.000000
corpse1
  9 -3.046463 -0.286725 66.402878 -0.933441 0.112221 -0.340727 0.631649 0.225151 1 9 1.000000
  9 -3.127504 -0.556079 66.715973 -0.963663 -0.202254 -0.174489 0.634725 0.245243 1 9 1.000000
  9 -3.211812 -0.262514 66.877808 -0.996820 0.076890 0.020933 0.627995 0.252351 1 9 1.000000
corpse1
  9 -3.211812 -0.262514 66.877808 -0.996820 0.076890 0.020933 0.627995 0.252351 1 9 1.000000
  9 -2.984840 0.363394 67.276451 -0.945179 0.295060 -0.139914 0.629197 0.263462 1 9 1.000000
  9 -3.046463 -0.286725 66.402878 -0.933441 0.112221 -0.340727 0.631649 0.225151 1 9 1.000000
corpse1
  9 -3.051634 -0.219429 67.232361 -0.982565 0.129332 0.133565 0.629735 0.284510 1 9 1.000000
  9 -2.984840 0.363394 67.276451 -0.945179 0.295060 -0.139914 0.629197 0.263462 1 9 1.000000
  9 -3.211812 -0.262514 66.877808 -0.996820 0.076890 0.020933 0.627995 0.252351 1 9 1.000000
corpse1
  9 -3.051634 -0.219429 67.232361 -0.982565 0.129332 0.133565 0.629735 0.284510 1 9 1.000000
  9 -3.134643 -0.394131 67.609978 -0.995306 0.018505 -0.094988 0.639408 0.275292 1 9 1.000000
  9 -2.984840 0.363394 67.276451 -0.945179 0.295060 -0.139914 0.629197 0.263462 1 9 1.000000
corpse1
  9 -3.051634 -0.219429 67.232361 -0.982565 0.129332 0.133565 0.629735 0.284510 1 9 1.000000
  9 -3.132019 -0.681083 67.181839 -0.998158 -0.052643 0.030160 0.637930 0.281288 1 9 1.000000
  9 -3.134643 -0.394131 67.609978 -0.995306 0.018505 -0.094988 0.639408 0.275292 1 9 1.000000
corpse1
  9 -3.211812 -0.262514 66.877808 -0.996820 0.076890 0.020933 0.627995 0.252351 1 9 1.000000
  9 -3.132019 -0.681083 67.181839 -0.998158 -0.052643 0.030160 0.637930 0.281288 1 9 1.000000
  9 -3.051634 -0.219429 67.232361 -0.982565 0.129332 0.133565 0.629735 0.284510 1 9 1.000000
corpse1
  9 -3.127504 -0.556079 66.715973 -0.963663 -0.202254 -0.174489 0.634725 0.245243 1 9 1.000000
  9 -3.132019 -0.681083 67.181839 -0.998158 -0.052643 0.030160 0.637930 0.281288 1 9 1.000000
  9 -3.211812 -0.262514 66.877808 -0.996820 0.076890 0.020933 0.627995 0.252351 1 9 1.000000
corpse1
  9 -3.132019 -0.681083 67.181839 -0.998158 -0.052643 0.030160 0.637930 0.281288 1 9 1.000000
  9 -3.127504 -0.556079 66.715973 -0.963663 -0.202254 -0.174489 0.634725 0.245243 1 9 1.000000
  9 -3.072835 -0.828508 66.952797 -0.975502 -0.206042 -0.077092 0.641529 0.263567 1 9 1.000000
corpse1
  9 -3.072835 -0.828508 66.952797 -0.975502 -0.206042 -0.077092 0.641529 0.263567 1 9 1.000000
  9 -3.127504 -0.556079 66.715973 -0.963663 -0.202254 -0.174489 0.634725 0.245243 1 9 1.000000
  9 -3.022556 -0.827595 66.575798 -0.946262 -0.274260 -0.171378 0.641335 0.234398 1 9 1.000000
corpse1
  9 -2.913499 -1.049664 66.299400 -0.915752 -0.218962 -0.336829 0.647630 0.213012 1 9 1.000000
  9 -3.072835 -0.828508 66.952797 -0.975502 -0.206042 -0.077092 0.641529 0.263567 1 9 1.000000
  9 -3.022556 -0.827595 66.575798 -0.946262 -0.274260 -0.171378 0.641335 0.234398 1 9 1.000000
corpse1
  9 -2.824822 0.017794 65.993896 -0.874772 0.080570 -0.477789 0.632918 0.217972 1 9 1.000000
  9 -3.046463 -0.286725 66.402878 -0.933441 0.112221 -0.340727 0.631649 0.225151 1 9 1.000000
  9 -2.984840 0.363394 67.276451 -0.945179 0.295060 -0.139914 0.629197 0.263462 1 9 1.000000
corpse1
  9 -2.945872 -0.831685 66.251556 -0.856904 -0.177259 -0.484040 0.641171 0.209310 1 9 1.000000
  9 -3.046463 -0.286725 66.402878 -0.933441 0.112221 -0.340727 0.631649 0.225151 1 9 1.000000
  9 -2.824822 0.017794 65.993896 -0.874772 0.080570 -0.477789 0.632918 0.217972 1 9 1.000000
corpse1
  9 -3.046463 -0.286725 66.402878 -0.933441 0.112221 -0.340727 0.631649 0.225151 1 9 1.000000
  9 -2.945872 -0.831685 66.251556 -0.856904 -0.177259 -0.484040 0.641171 0.209310 1 9 1.000000
  9 -3.074454 -0.630868 66.535980 -0.951341 -0.168511 -0.257980 0.636276 0.231317 1 9 1.000000
corpse1
  9 -2.433768 -1.136663 63.827023 -0.944410 -0.170347 -0.281198 0.650868 0.144500 2 9 0.930920 3 0.069080
  9 -2.036520 -1.639183 64.672829 -0.903116 -0.376264 -0.206900 0.662607 0.176795 1 9 1.000000
  9 -2.913499 -1.049664 66.299400 -0.915752 -0.218962 -0.336829 0.647630 0.213012 1 9 1.000000
corpse1
  9 -2.913499 -1.049664 66.299400 -0.915752 -0.218962 -0.336829 0.647630 0.213012 1 9 1.000000
  9 -2.440745 0.537745 64.841911 -0.943970 0.267463 -0.193348 0.622896 0.177114 2 9 0.869777 3 0.130223
  9 -2.433768 -1.136663 63.827023 -0.944410 -0.170347 -0.281198 0.650868 0.144500 2 9 0.930920 3 0.069080
corpse1
  9 -2.440745 0.537745 64.841911 -0.943970 0.267463 -0.193348 0.622896 0.177114 2 9 0.869777 3 0.130223
  9 -2.154319 -0.680256 63.403854 -0.960003 -0.204766 -0.190958 0.641539 0.126109 2 9 0.714346 3 0.285654
  9 -2.433768 -1.136663 63.827023 -0.944410 -0.170347 -0.281198 0.650868 0.144500 2 9 0.930920 3 0.069080
corpse1
  9 -2.154319 -0.680256 63.403854 -0.960003 -0.204766 -0.190958 0.641539 0.126109 2 9 0.714346 3 0.285654
  9 -2.440745 0.537745 64.841911 -0.943970 0.267463 -0.193348 0.622896 0.177114 2 9 0.869777 3 0.130223
  9 -2.345510 0.689042 63.370564 -0.990994 0.120115 0.059180 0.619724 0.124928 2 9 0.730383 3 0.269617
corpse1
  9 -1.571826 1.807319 64.973969 -0.737742 0.670678 -0.076987 0.590764 0.181798 3 9 0.779352 3 0.144355 2 0.076293
  9 -2.345510 0.689042 63.370564 -0.990994 0.120115 0.059180 0.619724 0.124928 2 9 0.730383 3 0.269617
  9 -2.440745 0.537745 64.841911 -0.943970 0.267463 -0.193348 0.622896 0.177114 2 9 0.869777 3 0.130223
corpse1
  9 -2.514741 0.969089 66.517502 -0.872373 0.410974 -0.264698 0.617549 0.236544 2 9 0.949736 3 0.050264
  9 -1.571826 1.807319 64.973969 -0.737742 0.670678 -0.076987 0.590764 0.181798 3 9 0.779352 3 0.144355 2 0.076293
  9 -2.440745 0.537745 64.841911 -0.943970 0.267463 -0.193348 0.622896 0.177114 2 9 0.869777 3 0.130223
corpse1
  9 -2.514741 0.969089 66.517502 -0.872373 0.410974 -0.264698 0.617549 0.236544 2 9 0.949736 3 0.050264
  9 -1.790902 2.220051 66.398605 -0.694520 0.605041 -0.389317 0.590607 0.232327 2 9 0.926329 3 0.073671
  9 -1.571826 1.807319 64.973969 -0.737742 0.670678 -0.076987 0.590764 0.181798 3 9 0.779352 3 0.144355 2 0.076293
corpse1
  9 -2.888948 2.083789 68.392097 -0.891697 0.430913 -0.138526 0.608541 0.303032 1 9 1.000000
  9 -1.790902 2.220051 66.398605 -0.694520 0.605041 -0.389317 0.590607 0.232327 2 9 0.926329 3 0.073671
  9 -2.514741 0.969089 66.517502 -0.872373 0.410974 -0.264698 0.617549 0.236544 2 9 0.949736 3 0.050264
corpse1
  9 -2.888948 2.083789 68.392097 -0.891697 0.430913 -0.138526 0.608541 0.303032 1 9 1.000000
  9 -2.212599 2.868246 67.918236 -0.655991 0.725198 -0.209197 0.591706 0.286225 1 9 1.000000
  9 -1.790902 2.220051 66.398605 -0.694520 0.605041 -0.389317 0.590607 0.232327 2 9 0.926329 3 0.073671
corpse1
  9 -2.245881 2.969550 69.557701 -0.664732 0.729026 0.163254 0.591326 0.344374 1 9 1.000000
  9 -2.212599 2.868246 67.918236 -0.655991 0.725198 -0.209197 0.591706 0.286225 1 9 1.000000
  9 -2.888948 2.083789 68.392097 -0.891697 0.430913 -0.138526 0.608541 0.303032 1 9 1.000000
corpse1
  9 -2.212599 2.868246 67.918236 -0.655991 0.725198 -0.209197 0.591706 0.286225 1 9 1.000000
  9 -2.245881 2.969550 69.557701 -0.664732 0.729026 0.163254 0.591326 0.344374 1 9 1.000000
  9 -1.381114 3.485589 69.525520 -0.276094 0.953835 0.118199 0.570859 0.343232 1 9 1.000000
corpse1
  9 -2.245881 2.969550 69.557701 -0.664732 0.729026 0.163254 0.591326 0.344374 1 9 1.000000
  9 -1.174848 3.178878 70.580673 -0.314639 0.807680 0.498654 0.568117 0.380656 1 9 1.000000
  9 -1.381114 3.485589 69.525520 -0.276094 0.953835 0.118199 0.570859 0.343232 1 9 1.000000
corpse1
  9 -2.245881 2.969550 69.557701 -0.664732 0.729026 0.163254 0.591326 0.344374 1 9 1.000000
  9 -2.293807 2.393010 70.631836 -0.660976 0.549610 0.510920 0.597604 0.382471 1 9 1.000000
  9 -1.174848 3.178878 70.580673 -0.314639 0.807680 0.498654 0.568117 0.380656 1 9 1.000000
corpse1
  9 -2.293807 2.393010 70.631836 -0.660976 0.549610 0.510920 0.597604 0.382471 1 9 1.000000
  9 -2.245881 2.969550 69.557701 -0.664732 0.729026 0.163254 0.591326 0.344374 1 9 1.000000
  9 -2.888948 2.083789 68.392097 -0.891697 0.430913 -0.138526 0.608541 0.303032 1 9 1.000000
corpse1
  9 -3.225852 1.081879 69.019897 -0.975412 0.220206 -0.008988 0.622254 0.325299 1 9 1.000000
  9 -2.293807 2.393010 70.631836 -0.660976 0.549610 0.510920 0.597604 0.382471 1 9 1.000000
  9 -2.888948 2.083789 68.392097 -0.891697 0.430913 -0.138526 0.608541 0.303032 1 9 1.000000
corpse1
  9 -3.225852 1.081879 69.019897 -0.975412 0.220206 -0.008988 0.622254 0.325299 1 9 1.000000
  9 -2.888948 2.083789 68.392097 -0.891697 0.430913 -0.138526 0.608541 0.303032 1 9 1.000000
  9 -2.514741 0.969089 66.517502 -0.872373 0.410974 -0.264698 0.617549 0.236544 2 9 0.949736 3 0.050264
corpse1
  9 -2.984840 0.363394 67.276451 -0.945179 0.295060 -0.139914 0.629197 0.263462 1 9 1.000000
  9 -3.225852 1.081879 69.019897 -0.975412 0.220206 -0.008988 0.622254 0.325299 1 9 1.000000
  9 -2.514741 0.969089 66.517502 -0.872373 0.410974 -0.264698 0.617549 0.236544 2 9 0.949736 3 0.050264
corpse1
  9 -2.440745 0.537745 64.841911 -0.943970 0.267463 -0.193348 0.622896 0.177114 2 9 0.869777 3 0.130223
  9 -2.984840 0.363394 67.276451 -0.945179 0.295060 -0.139914 0.629197 0.263462 1 9 1.000000
  9 -2.514741 0.969089 66.517502 -0.872373 0.410974 -0.264698 0.617549 0.236544 2 9 0.949736 3 0.050264
corpse1
  9 -1.571826 1.807319 64.973969 -0.737742 0.670678 -0.076987 0.590764 0.181798 3 9 0.779352 3 0.144355 2 0.076293
  9 -1.790902 2.220051 66.398605 -0.694520 0.605041 -0.389317 0.590607 0.232327 2 9 0.926329 3 0.073671
  9 -0.973890 2.828993 66.387024 -0.378165 0.839072 -0.391088 0.565230 0.231916 3 9 0.849681 2 0.077411 3 0.072908
corpse1
  9 -1.790902 2.220051 66.398605 -0.694520 0.605041 -0.389317 0.590607 0.232327 2 9 0.926329 3 0.073671
  9 -1.322406 3.476621 67.906677 -0.334196 0.893011 -0.301403 0.569626 0.285815 1 9 1.000000
  9 -0.973890 2.828993 66.387024 -0.378165 0.839072 -0.391088 0.565230 0.231916 3 9 0.849681 2 0.077411 3 0.072908
corpse1
  9 -1.790902 2.220051 66.398605 -0.694520 0.605041 -0.389317 0.590607 0.232327 2 9 0.926329 3 0.073671
  9 -2.212599 2.868246 67.918236 -0.655991 0.725198 -0.209197 0.591706 0.286225 1 9 1.000000
  9 -1.322406 3.476621 67.906677 -0.334196 0.893011 -0.301403 0.569626 0.285815 1 9 1.000000
corpse1
  9 -2.212599 2.868246 67.918236 -0.655991 0.725198 -0.209197 0.591706 0.286225 1 9 1.000000
  9 -1.381114 3.485589 69.525520 -0.276094 0.953835 0.118199 0.570859 0.343232 1 9 1.000000
  9 -1.322406 3.476621 67.906677 -0.334196 0.893011 -0.301403 0.569626 0.285815 1 9 1.000000
corpse1
  9 -1.717721 -2.633699 64.476692 -0.892555 -0.424691 -0.151600 0.682138 0.143224 1 9 1.000000
  9 -2.036520 -1.639183 64.672829 -0.903116 -0.376264 -0.206900 0.662607 0.176795 1 9 1.000000
  9 -2.433768 -1.136663 63.827023 -0.944410 -0.170347 -0.281198 0.650868 0.144500 2 9 0.930920 3 0.069080
corpse1
  9 -2.368598 -3.421645 66.007828 -0.839529 -0.373130 -0.394923 0.683551 0.218983 1 9 1.000000
  9 -2.036520 -1.639183 64.672829 -0.903116 -0.376264 -0.206900 0.662607 0.176795 1 9 1.000000
  9 -1.717721 -2.633699 64.476692 -0.892555 -0.424691 -0.151600 0.682138 0.143224 1 9 1.000000
corpse1
  9 -2.913499 -1.049664 66.299400 -0.915752 -0.218962 -0.336829 0.647630 0.213012 1 9 1.000000
  9 -2.036520 -1.639183 64.672829 -0.903116 -0.376264 -0.206900 0.662607 0.176795 1 9 1.000000
  9 -2.368598 -3.421645 66.007828 -0.839529 -0.373130 -0.394923 0.683551 0.218983 1 9 1.000000
corpse1
  9 -2.913499 -1.049664 66.299400 -0.915752 -0.218962 -0.336829 0.647630 0.213012 1 9 1.000000
  9 -2.368598 -3.421645 66.007828 -0.839529 -0.373130 -0.394923 0.683551 0.218983 1 9 1.000000
  9 -2.986566 -1.683158 67.014275 -0.970356 -0.227019 -0.082889 0.656291 0.254163 1 9 1.000000
corpse1
  9 -2.986566 -1.683158 67.014275 -0.970356 -0.227019 -0.082889 0.656291 0.254163 1 9 1.000000
  9 -3.072835 -0.828508 66.952797 -0.975502 -0.206042 -0.077092 0.641529 0.263567 1 9 1.000000
  9 -2.913499 -1.049664 66.299400 -0.915752 -0.218962 -0.336829 0.647630 0.213012 1 9 1.000000
corpse1
  9 -2.863475 -2.155312 68.162750 -0.965870 -0.252371 0.058349 0.663093 0.294897 1 9 1.000000
  9 -3.072835 -0.828508 66.952797 -0.975502 -0.206042 -0.077092 0.641529 0.263567 1 9 1.000000
  9 -2.986566 -1.683158 67.014275 -0.970356 -0.227019 -0.082889 0.656291 0.254163 1 9 1.000000
corpse1
  9 -2.863475 -2.155312 68.162750 -0.965870 -0.252371 0.058349 0.663093 0.294897 1 9 1.000000
  9 -3.134643 -0.394131 67.609978 -0.995306 0.018505 -0.094988 0.639408 0.275292 1 9 1.000000
  9 -3.072835 -0.828508 66.952797 -0.975502 -0.206042 -0.077092 0.641529 0.263567 1 9 1.000000
corpse1
  9 -3.134643 -0.394131 67.609978 -0.995306 0.018505 -0.094988 0.639408 0.275292 1 9 1.000000
  9 -2.863475 -2.155312 68.162750 -0.965870 -0.252371 0.058349 0.663093 0.294897 1 9 1.000000
  9 -3.255885 -0.052544 69.446327 -0.986867 -0.072452 0.144373 0.635530 0.340423 1 9 1.000000
corpse1
  9 -3.225852 1.081879 69.019897 -0.975412 0.220206 -0.008988 0.622254 0.325299 1 9 1.000000
  9 -3.134643 -0.394131 67.609978 -0.995306 0.018505 -0.094988 0.639408 0.275292 1 9 1.000000
  9 -3.255885 -0.052544 69.446327 -0.986867 -0.072452 0.144373 0.635530 0.340423 1 9 1.000000
corpse1
  9 -3.225852 1.081879 69.019897 -0.975412 0.220206 -0.008988 0.622254 0.325299 1 9 1.000000
  9 -3.255885 -0.052544 69.446327 -0.986867 -0.072452 0.144373 0.635530 0.340423 1 9 1.000000
  9 -2.565962 1.202345 71.134346 -0.848710 0.149750 0.507214 0.615043 0.400294 1 9 1.000000
corpse1
  9 -3.225852 1.081879 69.019897 -0.975412 0.220206 -0.008988 0.622254 0.325299 1 9 1.000000
  9 -2.565962 1.202345 71.134346 -0.848710 0.149750 0.507214 0.615043 0.400294 1 9 1.000000
  9 -2.293807 2.393010 70.631836 -0.660976 0.549610 0.510920 0.597604 0.382471 1 9 1.000000
corpse1
  9 -1.381573 1.063001 72.132988 -0.342716 0.320798 0.882969 0.597062 0.435714 1 9 1.000000
  9 -2.293807 2.393010 70.631836 -0.660976 0.549610 0.510920 0.597604 0.382471 1 9 1.000000
  9 -2.565962 1.202345 71.134346 -0.848710 0.149750 0.507214 0.615043 0.400294 1 9 1.000000
corpse1
  9 -1.381573 1.063001 72.132988 -0.342716 0.320798 0.882969 0.597062 0.435714 1 9 1.000000
  9 -0.928629 2.050101 71.708084 -0.256841 0.533120 0.806111 0.570049 0.420644 1 9 1.000000
  9 -2.293807 2.393010 70.631836 -0.660976 0.549610 0.510920 0.597604 0.382471 1 9 1.000000
corpse1
  9 -2.293807 2.393010 70.631836 -0.660976 0.549610 0.510920 0.597604 0.382471 1 9 1.000000
  9 -0.928629 2.050101 71.708084 -0.256841 0.533120 0.806111 0.570049 0.420644 1 9 1.000000
  9 -0.632765 2.312867 71.599510 -0.158178 0.622910 0.766135 0.558020 0.416793 1 9 1.000000
corpse1
  9 -2.293807 2.393010 70.631836 -0.660976 0.549610 0.510920 0.597604 0.382471 1 9 1.000000
  9 -0.632765 2.312867 71.599510 -0.158178 0.622910 0.766135 0.558020 0.416793 1 9 1.000000
  9 -1.174848 3.178878 70.580673 -0.314639 0.807680 0.498654 0.568117 0.380656 1 9 1.000000
corpse1
  9 -0.124296 3.146148 70.777542 -0.006901 0.856981 0.515302 0.538969 0.387639 1 9 1.000000
  9 -1.174848 3.178878 70.580673 -0.314639 0.807680 0.498654 0.568117 0.380656 1 9 1.000000
  9 -0.632765 2.312867 71.599510 -0.158178 0.622910 0.766135 0.558020 0.416793 1 9 1.000000
corpse1
  9 -1.381114 3.485589 69.525520 -0.276094 0.953835 0.118199 0.570859 0.343232 1 9 1.000000
  9 -1.174848 3.178878 70.580673 -0.314639 0.807680 0.498654 0.568117 0.380656 1 9 1.000000
  9 -0.124296 3.146148 70.777542 -0.006901 0.856981 0.515302 0.538969 0.387639 1 9 1.000000
corpse1
  9 -1.381114 3.485589 69.525520 -0.276094 0.953835 0.118199 0.570859 0.343232 1 9 1.000000
  9 -0.124296 3.146148 70.777542 -0.006901 0.856981 0.515302 0.538969 0.387639 1 9 1.000000
  9 -0.124278 3.637801 69.273438 0.021366 0.989803 0.140830 0.538778 0.334291 1 9 1.000000
corpse1
  9 -0.124296 3.146148 70.777542 -0.006901 0.856981 0.515302 0.538969 0.387639 1 9 1.000000
  9 -0.632765 2.312867 71.599510 -0.158178 0.622910 0.766135 0.558020 0.416793 1 9 1.000000
  9 -0.124296 2.311822 71.600410 0.022372 0.640043 0.768013 0.539425 0.416825 1 9 1.000000
corpse1
  15 -3.537067 -2.018228 3.775287 -0.418172 -0.188384 0.888619 0.031369 0.396890 2 15 0.882755 14 0.117245
  14 -6.118730 0.523016 3.119179 -0.447716 -0.231871 0.863589 0.014071 0.399127 1 14 1.000000
  14 -5.578807 -0.289125 3.181036 -0.840504 0.036387 0.540582 0.018770 0.399437 1 14 1.000000
corpse1
  12 2.605487 4.248331 0.902254 -0.802052 0.597244 0.003470 0.814607 0.671485 1 12 1.000000
  12 1.547823 2.829300 0.673655 -0.977372 0.211031 0.014477 0.816043 0.686984 1 12 1.000000
  11 2.572892 4.171918 2.768509 -0.885906 0.463634 0.014665 0.795101 0.672080 1 11 1.000000
corpse1
  12 1.453191 1.580368 1.435708 -0.997001 0.076770 -0.009805 0.806990 0.692406 2 12 0.892899 11 0.107101
  11 2.572892 4.171918 2.768509 -0.885906 0.463634 0.014665 0.795101 0.672080 1 11 1.000000
  12 1.547823 2.829300 0.673655 -0.977372 0.211031 0.014477 0.816043 0.686984 1 12 1.000000
corpse1
  11 2.572892 4.171918 2.768509 -0.885906 0.463634 0.014665 0.795101 0.672080 1 11 1.000000
  12 1.453191 1.580368 1.435708 -0.997001 0.076770 -0.009805 0.806990 0.692406 2 12 0.892899 11 0.107101
  11 1.535664 2.329965 2.590027 -0.977023 0.203758 -0.062512 0.795620 0.688899 2 11 0.810496 12 0.189504
corpse1
  15 -2.238124 -0.968797 2.971442 -0.536202 0.017266 -0.843913 0.031105 0.388499 2 15 0.899389 14 0.100611
  14 -3.348776 -2.859955 3.638432 -0.280816 0.092505 -0.955293 0.035159 0.398542 1 14 1.000000
  15 -3.537067 -2.018228 3.775287 -0.183300 -0.020286 -0.982848 0.031369 0.396890 2 15 0.882755 14 0.117245
corpse1
  15 -3.537067 -2.018228 3.775287 -0.183300 -0.020286 -0.982848 0.031369 0.396890 2 15 0.882755 14 0.117245
  14 -3.348776 -2.859955 3.638432 -0.280816 0.092505 -0.955293 0.035159 0.398542 1 14 1.000000
  14 -4.722935 -2.071134 3.769163 0.006871 -0.038316 -0.999242 0.028123 0.401587 1 14 1.000000
corpse1
  14 -6.118730 0.523016 3.119179 0.015511 -0.235154 -0.971834 0.014071 0.399127 1 14 1.000000
  15 -3.537067 -2.018228 3.775287 -0.183300 -0.020286 -0.982848 0.031369 0.396890 2 15 0.882755 14 0.117245
  14 -4.722935 -2.071134 3.769163 0.006871 -0.038316 -0.999242 0.028123 0.401587 1 14 1.000000
corpse1
  14 -3.348776 -2.859955 3.638432 -0.452642 0.030416 -0.891173 0.035159 0.398542 1 14 1.000000
  14 -1.082121 1.014343 2.619391 -0.452642 0.030416 -0.891173 0.026829 0.378162 1 14 1.000000
  14 -1.908708 -1.070855 2.968060 -0.452642 0.030416 -0.891173 0.032456 0.387530 1 14 1.000000
corpse1
  12 2.478960 -5.155903 -0.068854 -0.940284 -0.333138 0.069890 0.237518 0.498308 1 12 1.000000
  12 3.547594 -6.947525 0.232083 -0.622928 -0.757037 0.197118 0.250025 0.499275 1 12 1.000000
  12 3.560703 -6.852373 0.638943 -0.622828 -0.762873 0.173520 0.250085 0.503586 1 12 1.000000
corpse1
  12 2.478960 -5.155903 -0.068854 -0.940284 -0.333138 0.069890 0.237518 0.498308 1 12 1.000000
  12 3.560703 -6.852373 0.638943 -0.622828 -0.762873 0.173520 0.250085 0.503586 1 12 1.000000
  12 2.483889 -5.104689 0.426521 -0.934352 -0.335893 0.119007 0.237573 0.503478 1 12 1.000000
corpse1
  12 1.909357 -1.201556 0.786556 -0.990806 -0.134978 -0.009222 0.184988 0.506687 1 12 1.000000
  12 2.478960 -5.155903 -0.068854 -0.940284 -0.333138 0.069890 0.237518 0.498308 1 12 1.000000
  12 2.483889 -5.104689 0.426521 -0.934352 -0.335893 0.119007 0.237573 0.503478 1 12 1.000000
corpse1
  12 1.909357 -1.201556 0.786556 -0.990806 -0.134978 -0.009222 0.184988 0.506687 1 12 1.000000
  12 1.860551 -1.135403 -0.062716 -0.993835 -0.106216 0.031772 0.182062 0.498009 1 12 1.000000
  12 2.478960 -5.155903 -0.068854 -0.940284 -0.333138 0.069890 0.237518 0.498308 1 12 1.000000
corpse1
  12 1.547823 2.829300 0.673655 -0.977372 0.211031 0.014477 0.148971 0.504661 1 12 1.000000
  12 1.860551 -1.135403 -0.062716 -0.993835 -0.106216 0.031772 0.182062 0.498009 1 12 1.000000
  12 1.909357 -1.201556 0.786556 -0.990806 -0.134978 -0.009222 0.184988 0.506687 1 12 1.000000
corpse1
  12 1.547823 2.829300 0.673655 -0.977372 0.211031 0.014477 0.148971 0.504661 1 12 1.000000
  12 1.547822 2.829302 -0.048345 -0.918877 0.394543 0.000002 0.148630 0.497218 1 12 1.000000
  12 1.860551 -1.135403 -0.062716 -0.993835 -0.106216 0.031772 0.182062 0.498009 1 12 1.000000
corpse1
  12 2.605487 4.248331 0.902254 -0.802052 0.597244 0.003470 0.138170 0.507749 1 12 1.000000
  12 1.547822 2.829302 -0.048345 -0.918877 0.394543 0.000002 0.148630 0.497218 1 12 1.000000
  12 1.547823 2.829300 0.673655 -0.977372 0.211031 0.014477 0.148971 0.504661 1 12 1.000000
corpse1
  12 2.605487 4.248331 0.902254 -0.802052 0.597244 0.003470 0.138170 0.507749 1 12 1.000000
  12 2.605487 4.248333 -0.033003 -0.801789 0.597607 0.000001 0.137982 0.498107 1 12 1.000000
  12 1.547822 2.829302 -0.048345 -0.918877 0.394543 0.000002 0.148630 0.497218 1 12 1.000000
corpse1
  12 2.605487 4.248331 0.902254 0.389832 0.920756 0.015470 0.138170 0.507749 1 12 1.000000
  12 4.419470 3.476746 -0.048345 0.628571 0.777752 0.000001 0.125372 0.498138 1 12 1.000000
  12 2.605487 4.248333 -0.033003 0.391417 0.920213 0.000002 0.137982 0.498107 1 12 1.000000
corpse1
  12 2.605487 4.248331 0.902254 0.389832 0.920756 0.015470 0.138170 0.507749 1 12 1.000000
  12 4.419470 3.476746 0.673655 0.796774 0.603795 -0.024138 0.125330 0.505582 1 12 1.000000
  12 4.419470 3.476746 -0.048345 0.628571 0.777752 0.000001 0.125372 0.498138 1 12 1.000000
corpse1
  12 4.419470 3.476746 0.673655 0.796774 0.603795 -0.024138 0.125330 0.505582 1 12 1.000000
  12 5.688559 -0.469803 -0.043929 0.966356 0.257207 -0.000374 0.089889 0.498666 1 12 1.000000
  12 4.419470 3.476746 -0.048345 0.628571 0.777752 0.000001 0.125372 0.498138 1 12 1.000000
corpse1
  12 4.419470 3.476746 0.673655 0.796774 0.603795 -0.024138 0.125330 0.505582 1 12 1.000000
  12 5.661658 -0.374941 0.786561 0.965698 0.259189 -0.015773 0.090146 0.507342 1 12 1.000000
  12 5.688559 -0.469803 -0.043929 0.966356 0.257207 -0.000374 0.089889 0.498666 1 12 1.000000
corpse1
  12 6.378936 -3.731774 0.455940 0.996507 0.075599 0.035468 0.039292 0.505633 1 12 1.000000
  12 5.688559 -0.469803 -0.043929 0.966356 0.257207 -0.000374 0.089889 0.498666 1 12 1.000000
  12 5.661658 -0.374941 0.786561 0.965698 0.259189 -0.015773 0.090146 0.507342 1 12 1.000000
corpse1
  12 6.378936 -3.731774 0.455940 0.996507 0.075599 0.035468 0.039292 0.505633 1 12 1.000000
  12 6.368787 -3.696095 -0.040723 0.996747 0.079243 -0.014675 0.040088 0.500556 1 12 1.000000
  12 5.688559 -0.469803 -0.043929 0.966356 0.257207 -0.000374 0.089889 0.498666 1 12 1.000000
corpse1
  12 6.239587 -6.408362 0.135805 0.901512 -0.427437 0.067629 0.023686 0.499063 1 12 1.000000
  12 6.368787 -3.696095 -0.040723 0.996747 0.079243 -0.014675 0.040088 0.500556 1 12 1.000000
  12 6.378936 -3.731774 0.455940 0.996507 0.075599 0.035468 0.039292 0.505633 1 12 1.000000
corpse1
  12 6.239587 -6.408362 0.135805 0.901512 -0.427437 0.067629 0.023686 0.499063 1 12 1.000000
  12 6.378936 -3.731774 0.455940 0.996507 0.075599 0.035468 0.039292 0.505633 1 12 1.000000
  12 6.252696 -6.313210 0.542661 0.901888 -0.417795 0.109749 0.023913 0.503374 1 12 1.000000
corpse1
  12 5.068415 -7.284070 1.004454 0.272738 -0.853825 0.443393 0.013668 0.506897 1 12 1.000000
  12 6.239587 -6.408362 0.135805 0.901512 -0.427437 0.067629 0.023686 0.499063 1 12 1.000000
  12 6.252696 -6.313210 0.542661 0.901888 -0.417795 0.109749 0.023913 0.503374 1 12 1.000000
corpse1
  12 5.068415 -7.284070 1.004454 0.272738 -0.853825 0.443393 0.013668 0.506897 1 12 1.000000
  12 5.064432 -7.404601 0.398901 0.016026 -0.977663 0.209564 0.013596 0.500507 1 12 1.000000
  12 6.239587 -6.408362 0.135805 0.901512 -0.427437 0.067629 0.023686 0.499063 1 12 1.000000
corpse1
  12 3.560703 -6.852373 0.638943 -0.622828 -0.762873 0.173520 0.003284 0.503586 1 12 1.000000
  12 5.064432 -7.404601 0.398901 0.016026 -0.977663 0.209564 0.013596 0.500507 1 12 1.000000
  12 5.068415 -7.284070 1.004454 0.272738 -0.853825 0.443393 0.013668 0.506897 1 12 1.000000
corpse1
  12 3.560703 -6.852373 0.638943 -0.622828 -0.762873 0.173520 0.003284 0.503586 1 12 1.000000
  12 3.547594 -6.947525 0.232083 -0.622928 -0.757037 0.197118 0.003224 0.499275 1 12 1.000000
  12 5.064432 -7.404601 0.398901 0.016026 -0.977663 0.209564 0.013596 0.500507 1 12 1.000000
corpse1
  14 -3.348776 -2.859955 3.638432 0.865398 -0.500620 0.021597 0.035159 0.398542 1 14 1.000000
  15 -2.238124 -0.968797 2.971442 0.865398 -0.500620 0.021597 0.031105 0.388499 2 15 0.899389 14 0.100611
  14 -1.082121 1.014343 2.619391 0.865398 -0.500620 0.021597 0.026829 0.378162 1 14 1.000000
corpse1
  12 1.547822 2.829302 -0.048345 0.000508 0.005303 -0.999986 0.404596 0.787862 1 12 1.000000
  12 2.605487 4.248333 -0.033003 -0.002930 0.012994 -0.999911 0.389943 0.775604 1 12 1.000000
  12 4.419470 3.476746 -0.048345 -0.001347 0.005976 -0.999981 0.372572 0.787945 1 12 1.000000
corpse1
  12 1.547822 2.829302 -0.048345 0.000508 0.005303 -0.999986 0.404596 0.787862 1 12 1.000000
  12 4.419470 3.476746 -0.048345 -0.001347 0.005976 -0.999981 0.372572 0.787945 1 12 1.000000
  12 5.688559 -0.469803 -0.043929 0.003119 0.000985 -0.999995 0.368667 0.832069 1 12 1.000000
corpse1
  12 1.547822 2.829302 -0.048345 0.000508 0.005303 -0.999986 0.404596 0.787862 1 12 1.000000
  12 5.688559 -0.469803 -0.043929 0.003119 0.000985 -0.999995 0.368667 0.832069 1 12 1.000000
  12 1.860551 -1.135403 -0.062716 0.005139 0.002164 -0.999984 0.410878 0.829892 1 12 1.000000
corpse1
  12 1.860551 -1.135403 -0.062716 0.005139 0.002164 -0.999984 0.410878 0.829892 1 12 1.000000
  12 5.688559 -0.469803 -0.043929 0.003119 0.000985 -0.999995 0.368667 0.832069 1 12 1.000000
  12 6.368787 -3.696095 -0.040723 0.014456 -0.021314 -0.999668 0.369263 0.867290 1 12 1.000000
corpse1
  12 1.860551 -1.135403 -0.062716 0.005139 0.002164 -0.999984 0.410878 0.829892 1 12 1.000000
  12 6.368787 -3.696095 -0.040723 0.014456 -0.021314 -0.999668 0.369263 0.867290 1 12 1.000000
  12 2.478960 -5.155903 -0.068854 0.012222 -0.077088 -0.996949 0.414052 0.873233 1 12 1.000000
corpse1
  12 6.239587 -6.408362 0.135805 0.017338 -0.171389 -0.985051 0.377199 0.895314 1 12 1.000000
  12 2.478960 -5.155903 -0.068854 0.012222 -0.077088 -0.996949 0.414052 0.873233 1 12 1.000000
  12 6.368787 -3.696095 -0.040723 0.014456 -0.021314 -0.999668 0.369263 0.867290 1 12 1.000000
corpse1
  12 6.239587 -6.408362 0.135805 0.017338 -0.171389 -0.985051 0.377199 0.895314 1 12 1.000000
  12 3.547594 -6.947525 0.232083 0.009848 -0.223223 -0.974718 0.407055 0.894574 1 12 1.000000
  12 2.478960 -5.155903 -0.068854 0.012222 -0.077088 -0.996949 0.414052 0.873233 1 12 1.000000
corpse1
  12 6.239587 -6.408362 0.135805 0.017338 -0.171389 -0.985051 0.377199 0.895314 1 12 1.000000
  12 5.064432 -7.404601 0.398901 0.021531 -0.278941 -0.960067 0.392075 0.903018 1 12 1.000000
  12 3.547594 -6.947525 0.232083 0.009848 -0.223223 -0.974718 0.407055 0.894574 1 12 1.000000
corpse1
  15 -3.573864 -6.947527 0.232079 -0.017621 -0.159639 -0.987018 0.129146 0.899594 1 15 1.000000
  15 -5.064482 -7.404362 0.400250 -0.022026 -0.281296 -0.959368 0.114706 0.907867 1 15 1.000000
  15 -6.265854 -6.408365 0.135796 0.000627 -0.172763 -0.984963 0.099906 0.900179 1 15 1.000000
corpse1
  15 -3.573864 -6.947527 0.232079 -0.017621 -0.159639 -0.987018 0.129146 0.899594 1 15 1.000000
  15 -6.265854 -6.408365 0.135796 0.000627 -0.172763 -0.984963 0.099906 0.900179 1 15 1.000000
  15 -6.609828 -3.696096 -0.040737 -0.012387 -0.064946 -0.997812 0.090046 0.872719 1 15 1.000000
corpse1
  15 -3.573864 -6.947527 0.232079 -0.017621 -0.159639 -0.987018 0.129146 0.899594 1 15 1.000000
  15 -6.609828 -3.696096 -0.040737 -0.012387 -0.064946 -0.997812 0.090046 0.872719 1 15 1.000000
  15 -2.479012 -5.155906 -0.068868 -0.021664 -0.043512 -0.998818 0.136379 0.878308 1 15 1.000000
corpse1
  15 -2.479012 -5.155906 -0.068868 -0.021664 -0.043512 -0.998818 0.136379 0.878308 1 15 1.000000
  15 -6.609828 -3.696096 -0.040737 -0.012387 -0.064946 -0.997812 0.090046 0.872719 1 15 1.000000
  15 -5.664863 -0.395952 -0.044025 -0.005274 0.001172 -0.999985 0.092225 0.836248 1 15 1.000000
corpse1
  15 -2.479012 -5.155906 -0.068868 -0.021664 -0.043512 -0.998818 0.136379 0.878308 1 15 1.000000
  15 -5.664863 -0.395952 -0.044025 -0.005274 0.001172 -0.999985 0.092225 0.836248 1 15 1.000000
  15 -1.860604 -1.135403 -0.062730 -0.002838 0.002071 -0.999994 0.133494 0.835115 1 15 1.000000
corpse1
  15 -4.419522 3.476746 -0.048359 -0.000367 0.005664 -0.999984 0.096201 0.793134 1 15 1.000000
  15 -1.860604 -1.135403 -0.062730 -0.002838 0.002071 -0.999994 0.133494 0.835115 1 15 1.000000
  15 -5.664863 -0.395952 -0.044025 -0.005274 0.001172 -0.999985 0.092225 0.836248 1 15 1.000000
corpse1
  15 -4.419522 3.476746 -0.048359 -0.000367 0.005664 -0.999984 0.096201 0.793134 1 15 1.000000
  15 -1.547874 2.829302 -0.048359 0.001866 0.008278 -0.999964 0.127560 0.793213 1 15 1.000000
  15 -1.860604 -1.135403 -0.062730 -0.002838 0.002071 -0.999994 0.133494 0.835115 1 15 1.000000
corpse1
  15 -4.419522 3.476746 -0.048359 -0.000367 0.005664 -0.999984 0.096201 0.793134 1 15 1.000000
  15 -2.605539 4.248333 -0.033017 0.002930 0.012994 -0.999911 0.113275 0.780927 1 15 1.000000
  15 -1.547874 2.829302 -0.048359 0.001866 0.008278 -0.999964 0.127560 0.793213 1 15 1.000000
corpse1
  15 -2.605539 4.248333 -0.033017 -0.391417 0.920213 0.000001 0.370554 0.498836 1 15 1.000000
  15 -4.419522 3.476747 0.673641 -0.680296 0.732407 -0.027883 0.387699 0.506235 1 15 1.000000
  15 -2.605538 4.248331 0.902241 0.363549 0.931565 0.004420 0.370387 0.507959 1 15 1.000000
corpse1
  15 -2.605539 4.248333 -0.033017 -0.391417 0.920213 0.000001 0.370554 0.498836 1 15 1.000000
  15 -4.419522 3.476746 -0.048359 -0.831516 0.555499 -0.001496 0.387572 0.499193 1 15 1.000000
  15 -4.419522 3.476747 0.673641 -0.680296 0.732407 -0.027883 0.387699 0.506235 1 15 1.000000
corpse1
  15 -4.419522 3.476746 -0.048359 -0.831516 0.555499 -0.001496 0.387572 0.499193 1 15 1.000000
  15 -5.661708 -0.374943 0.786552 -0.960310 0.276210 -0.038890 0.416007 0.507517 1 15 1.000000
  15 -4.419522 3.476747 0.673641 -0.680296 0.732407 -0.027883 0.387699 0.506235 1 15 1.000000
corpse1
  15 -4.419522 3.476746 -0.048359 -0.831516 0.555499 -0.001496 0.387572 0.499193 1 15 1.000000
  15 -5.664863 -0.395952 -0.044025 -0.958766 0.284181 0.003071 0.414822 0.499391 1 15 1.000000
  15 -5.661708 -0.374943 0.786552 -0.960310 0.276210 -0.038890 0.416007 0.507517 1 15 1.000000
corpse1
  15 -6.624125 -3.793652 0.752044 -0.992985 0.087167 0.079894 0.452964 0.506093 1 15 1.000000
  15 -5.661708 -0.374943 0.786552 -0.960310 0.276210 -0.038890 0.416007 0.507517 1 15 1.000000
  15 -5.664863 -0.395952 -0.044025 -0.958766 0.284181 0.003071 0.414822 0.499391 1 15 1.000000
corpse1
  15 -6.624125 -3.793652 0.752044 -0.992985 0.087167 0.079894 0.452964 0.506093 1 15 1.000000
  15 -5.664863 -0.395952 -0.044025 -0.958766 0.284181 0.003071 0.414822 0.499391 1 15 1.000000
  15 -6.609828 -3.696096 -0.040737 -0.999831 -0.000904 0.018349 0.451058 0.498469 1 15 1.000000
corpse1
  15 -6.609828 -3.696096 -0.040737 -0.999831 -0.000904 0.018349 0.451058 0.498469 1 15 1.000000
  15 -6.239638 -6.216923 0.794061 -0.914140 -0.388852 0.114637 0.473516 0.505117 1 15 1.000000
  15 -6.624125 -3.793652 0.752044 -0.992985 0.087167 0.079894 0.452964 0.506093 1 15 1.000000
corpse1
  15 -6.609828 -3.696096 -0.040737 -0.999831 -0.000904 0.018349 0.451058 0.498469 1 15 1.000000
  15 -6.265854 -6.408365 0.135796 -0.818285 -0.552537 0.158468 0.473800 0.498481 1 15 1.000000
  15 -6.239638 -6.216923 0.794061 -0.914140 -0.388852 0.114637 0.473516 0.505117 1 15 1.000000
corpse1
  15 -6.265854 -6.408365 0.135796 -0.818285 -0.552537 0.158468 0.473800 0.498481 1 15 1.000000
  15 -5.068466 -7.284072 1.004440 -0.202624 -0.883875 0.421555 0.496413 0.504317 1 15 1.000000
  15 -6.239638 -6.216923 0.794061 -0.914140 -0.388852 0.114637 0.473516 0.505117 1 15 1.000000
corpse1
  15 -6.265854 -6.408365 0.135796 -0.818285 -0.552537 0.158468 0.473800 0.498481 1 15 1.000000
  15 -5.064482 -7.404362 0.400250 -0.196549 -0.961868 0.190206 0.496530 0.498290 1 15 1.000000
  15 -5.068466 -7.284072 1.004440 -0.202624 -0.883875 0.421555 0.496413 0.504317 1 15 1.000000
corpse1
  15 -1.547874 2.829301 0.673641 0.930972 0.348415 -0.109082 0.355374 0.505768 1 15 1.000000
  15 -2.605539 4.248333 -0.033017 0.801789 0.597607 0.000001 0.370554 0.498836 1 15 1.000000
  15 -2.605538 4.248331 0.902241 0.363549 0.931565 0.004420 0.370387 0.507959 1 15 1.000000
corpse1
  15 -1.547874 2.829301 0.673641 0.930972 0.348415 -0.109082 0.355374 0.505768 1 15 1.000000
  15 -1.547874 2.829302 -0.048359 0.988220 0.151966 0.018072 0.355756 0.498726 1 15 1.000000
  15 -2.605539 4.248333 -0.033017 0.801789 0.597607 0.000001 0.370554 0.498836 1 15 1.000000
corpse1
  15 -1.909409 -1.201557 0.786542 0.992104 -0.121738 0.030142 0.326273 0.506928 1 15 1.000000
  15 -1.547874 2.829302 -0.048359 0.988220 0.151966 0.018072 0.355756 0.498726 1 15 1.000000
  15 -1.547874 2.829301 0.673641 0.930972 0.348415 -0.109082 0.355374 0.505768 1 15 1.000000
corpse1
  15 -1.909409 -1.201557 0.786542 0.992104 -0.121738 0.030142 0.326273 0.506928 1 15 1.000000
  15 -1.860604 -1.135403 -0.062730 0.991300 -0.125924 0.038307 0.328784 0.498721 1 15 1.000000
  15 -1.547874 2.829302 -0.048359 0.988220 0.151966 0.018072 0.355756 0.498726 1 15 1.000000
corpse1
  15 -2.484348 -5.096598 0.707297 0.933234 -0.334219 0.131801 0.293983 0.506345 1 15 1.000000
  15 -1.860604 -1.135403 -0.062730 0.991300 -0.125924 0.038307 0.328784 0.498721 1 15 1.000000
  15 -1.909409 -1.201557 0.786542 0.992104 -0.121738 0.030142 0.326273 0.506928 1 15 1.000000
corpse1
  15 -2.484348 -5.096598 0.707297 0.933234 -0.334219 0.131801 0.293983 0.506345 1 15 1.000000
  15 -2.479012 -5.155906 -0.068868 0.939813 -0.340144 0.032452 0.294374 0.498709 1 15 1.000000
  15 -1.860604 -1.135403 -0.062730 0.991300 -0.125924 0.038307 0.328784 0.498721 1 15 1.000000
corpse1
  15 -2.484348 -5.096598 0.707297 0.933234 -0.334219 0.131801 0.293983 0.506345 1 15 1.000000
  15 -3.573864 -6.947527 0.232079 0.616532 -0.777649 0.123089 0.272353 0.498551 1 15 1.000000
  15 -2.479012 -5.155906 -0.068868 0.939813 -0.340144 0.032452 0.294374 0.498709 1 15 1.000000
corpse1
  15 -2.484348 -5.096598 0.707297 0.933234 -0.334219 0.131801 0.293983 0.506345 1 15 1.000000
  15 -3.561003 -6.847438 0.810278 0.612712 -0.771647 0.170718 0.272489 0.504304 1 15 1.000000
  15 -3.573864 -6.947527 0.232079 0.616532 -0.777649 0.123089 0.272353 0.498551 1 15 1.000000
corpse1
  15 -5.068466 -7.284072 1.004440 -0.202624 -0.883875 0.421555 0.251334 0.504570 1 15 1.000000
  15 -3.573864 -6.947527 0.232079 0.616532 -0.777649 0.123089 0.272353 0.498551 1 15 1.000000
  15 -3.561003 -6.847438 0.810278 0.612712 -0.771647 0.170718 0.272489 0.504304 1 15 1.000000
corpse1
  15 -5.068466 -7.284072 1.004440 -0.202624 -0.883875 0.421555 0.251334 0.504570 1 15 1.000000
  15 -5.064482 -7.404362 0.400250 -0.196549 -0.961868 0.190206 0.251451 0.498543 1 15 1.000000
  15 -3.573864 -6.947527 0.232079 0.616532 -0.777649 0.123089 0.272353 0.498551 1 15 1.000000
corpse1
  5 -25.644917 1.394309 34.165920 0.747262 0.664527 0.001841 0.985494 0.504629 1 5 1.000000
  5 -25.391003 1.101893 36.652863 0.691765 0.717313 -0.083203 0.989547 0.538233 1 5 1.000000
  5 -25.466808 1.191986 34.128155 0.750691 0.660653 0.001035 0.988298 0.505002 1 5 1.000000
corpse1
  5 -25.644917 1.394309 34.165920 0.747262 0.664527 0.001841 0.985494 0.504629 1 5 1.000000
  5 -25.719139 1.471126 35.626297 0.632121 0.771199 0.075329 0.984430 0.523279 1 5 1.000000
  5 -25.391003 1.101893 36.652863 0.691765 0.717313 -0.083203 0.989547 0.538233 1 5 1.000000
corpse1
  5 -25.719139 1.471126 35.626297 0.632121 0.771199 0.075329 0.984430 0.523279 1 5 1.000000
  5 -25.855896 1.421312 36.388390 0.622627 0.763233 -0.172657 0.985126 0.532538 1 5 1.000000
  5 -25.391003 1.101893 36.652863 0.691765 0.717313 -0.083203 0.989547 0.538233 1 5 1.000000
corpse1
  5 -25.855896 1.421312 36.388390 0.622627 0.763233 -0.172657 0.985126 0.532538 1 5 1.000000
  5 -25.606461 1.639593 37.011181 0.665652 0.579810 -0.469816 0.982087 0.541849 1 5 1.000000
  5 -25.391003 1.101893 36.652863 0.691765 0.717313 -0.083203 0.989547 0.538233 1 5 1.000000
corpse1
  14 -1.759299 3.370367 2.630989 0.718929 0.661951 0.212043 0.695135 0.664166 2 14 0.504405 15 0.495595
  14 -1.541176 2.293000 2.750435 0.983867 0.008312 0.178707 0.692405 0.659739 2 14 0.657904 15 0.342096
  15 -1.323917 2.919455 1.525184 0.980980 0.194104 0.001038 0.703309 0.657593 1 15 1.000000
corpse1
  15 -2.605538 4.248331 0.902241 0.363549 0.931565 0.004420 0.712038 0.670424 1 15 1.000000
  15 -1.323917 2.919455 1.525184 0.980980 0.194104 0.001038 0.703309 0.657593 1 15 1.000000
  15 -1.547874 2.829301 0.673641 0.930972 0.348415 -0.109082 0.710686 0.657728 1 15 1.000000
corpse1
  14 -1.759299 3.370367 2.630989 0.718929 0.661951 0.212043 0.695135 0.664166 2 14 0.504405 15 0.495595
  15 -1.323917 2.919455 1.525184 0.980980 0.194104 0.001038 0.703309 0.657593 1 15 1.000000
  15 -2.605538 4.248331 0.902241 0.363549 0.931565 0.004420 0.712038 0.670424 1 15 1.000000
corpse1
  14 -3.574498 3.881473 3.003755 -0.413136 0.899506 0.142154 0.695066 0.680798 2 14 0.775957 15 0.224043
  14 -1.759299 3.370367 2.630989 0.718929 0.661951 0.212043 0.695135 0.664166 2 14 0.504405 15 0.495595
  15 -2.605538 4.248331 0.902241 0.363549 0.931565 0.004420 0.712038 0.670424 1 15 1.000000
corpse1
  15 -4.419522 3.476747 0.673641 -0.680296 0.732407 -0.027883 0.715348 0.682619 1 15 1.000000
  14 -3.574498 3.881473 3.003755 -0.413136 0.899506 0.142154 0.695066 0.680798 2 14 0.775957 15 0.224043
  15 -2.605538 4.248331 0.902241 0.363549 0.931565 0.004420 0.712038 0.670424 1 15 1.000000
corpse1
  14 -3.574498 3.881473 3.003755 -0.413136 0.899506 0.142154 0.695066 0.680798 2 14 0.775957 15 0.224043
  15 -4.419522 3.476747 0.673641 -0.680296 0.732407 -0.027883 0.715348 0.682619 1 15 1.000000
  15 -5.005368 2.646796 1.760643 -0.888635 0.456916 0.039428 0.706544 0.690545 1 15 1.000000
corpse1
  14 -3.574498 3.881473 3.003755 -0.413136 0.899506 0.142154 0.695066 0.680798 2 14 0.775957 15 0.224043
  15 -5.005368 2.646796 1.760643 -0.888635 0.456916 0.039428 0.706544 0.690545 1 15 1.000000
  14 -4.697796 2.805828 2.912371 -0.841870 0.517426 0.153377 0.696591 0.690330 2 14 0.650589 15 0.349411
corpse1
  5 -24.478884 3.595532 35.044697 0.969344 -0.002722 0.245692 0.940930 0.519314 1 5 1.000000
  5 -24.998833 3.592138 37.096039 0.990174 0.083363 -0.112280 0.952418 0.544833 1 5 1.000000
  5 -24.792307 3.186064 35.429203 0.931047 -0.355221 0.083484 0.959204 0.523332 1 5 1.000000
corpse1
  5 -25.024258 4.017716 36.323559 0.969537 0.226627 0.092941 0.943636 0.537027 1 5 1.000000
  5 -24.998833 3.592138 37.096039 0.990174 0.083363 -0.112280 0.952418 0.544833 1 5 1.000000
  5 -24.478884 3.595532 35.044697 0.969344 -0.002722 0.245692 0.940930 0.519314 1 5 1.000000
corpse1
  5 -25.024258 4.017716 36.323559 0.969537 0.226627 0.092941 0.943636 0.537027 1 5 1.000000
  5 -24.960125 4.194305 37.809418 0.999030 -0.015285 -0.041305 0.944928 0.557250 1 5 1.000000
  5 -24.998833 3.592138 37.096039 0.990174 0.083363 -0.112280 0.952418 0.544833 1 5 1.000000
corpse1
  5 -25.538855 1.796066 35.009754 -0.179200 -0.964782 -0.192571 0.979912 0.516122 1 5 1.000000
  5 -25.606461 1.639593 37.011181 -0.380768 -0.921293 -0.078960 0.982087 0.541849 1 5 1.000000
  5 -25.678961 1.740554 36.196899 -0.658057 -0.749860 -0.068339 0.980688 0.530898 1 5 1.000000
corpse1
  5 -25.538855 1.796066 35.009754 -0.179200 -0.964782 -0.192571 0.979912 0.516122 1 5 1.000000
  5 -25.247540 1.805150 36.970695 0.799452 -0.154264 -0.580585 0.979777 0.543056 1 5 1.000000
  5 -25.606461 1.639593 37.011181 -0.380768 -0.921293 -0.078960 0.982087 0.541849 1 5 1.000000
corpse1
  5 -24.792307 3.186064 35.429203 0.931047 -0.355221 0.083484 0.959204 0.523332 1 5 1.000000
  5 -25.247540 1.805150 36.970695 0.799452 -0.154264 -0.580585 0.979777 0.543056 1 5 1.000000
  5 -25.538855 1.796066 35.009754 -0.179200 -0.964782 -0.192571 0.979912 0.516122 1 5 1.000000
corpse1
  5 -24.792307 3.186064 35.429203 0.931047 -0.355221 0.083484 0.959204 0.523332 1 5 1.000000
  5 -24.998833 3.592138 37.096039 0.990174 0.083363 -0.112280 0.952418 0.544833 1 5 1.000000
  5 -25.247540 1.805150 36.970695 0.799452 -0.154264 -0.580585 0.979777 0.543056 1 5 1.000000
corpse1
  5 -24.368013 3.990571 38.035812 0.636877 0.401493 -0.658173 0.948480 0.559075 1 5 1.000000
  5 -25.247540 1.805150 36.970695 0.799452 -0.154264 -0.580585 0.979777 0.543056 1 5 1.000000
  5 -24.998833 3.592138 37.096039 0.990174 0.083363 -0.112280 0.952418 0.544833 1 5 1.000000
corpse1
  5 -24.960125 4.194305 37.809418 0.051673 0.991176 -0.122068 0.944928 0.557250 1 5 1.000000
  5 -24.368013 3.990571 38.035812 0.636877 0.401493 -0.658173 0.948480 0.559075 1 5 1.000000
  5 -24.998833 3.592138 37.096039 0.990174 0.083363 -0.112280 0.952418 0.544833 1 5 1.000000
corpse1
  5 -24.368013 3.990571 38.035812 0.636877 0.401493 -0.658173 0.948480 0.559075 1 5 1.000000
  5 -24.960125 4.194305 37.809418 0.051673 0.991176 -0.122068 0.944928 0.557250 1 5 1.000000
  5 -23.165926 3.604679 39.058025 0.700061 0.638344 -0.320049 0.954723 0.580276 1 5 1.000000
corpse1
  5 -22.582228 1.763236 38.666397 0.742908 0.226290 -0.629984 0.980276 0.578021 1 5 1.000000
  5 -24.368013 3.990571 38.035812 0.636877 0.401493 -0.658173 0.948480 0.559075 1 5 1.000000
  5 -23.165926 3.604679 39.058025 0.700061 0.638344 -0.320049 0.954723 0.580276 1 5 1.000000
corpse1
  5 -22.198185 1.650358 39.728317 0.967408 -0.186166 -0.171648 0.981831 0.593702 1 5 1.000000
  5 -22.582228 1.763236 38.666397 0.742908 0.226290 -0.629984 0.980276 0.578021 1 5 1.000000
  5 -23.165926 3.604679 39.058025 0.700061 0.638344 -0.320049 0.954723 0.580276 1 5 1.000000
corpse1
  5 -25.247540 1.805150 36.970695 0.799452 -0.154264 -0.580585 0.979777 0.543056 1 5 1.000000
  5 -25.391003 1.101893 36.652863 0.181480 0.374018 -0.909492 0.989547 0.538233 1 5 1.000000
  5 -25.606461 1.639593 37.011181 -0.299649 0.443004 -0.844960 0.982087 0.541849 1 5 1.000000
corpse1
  5 -23.944983 1.386702 37.918892 0.409710 -0.132916 -0.902480 0.985547 0.561704 1 5 1.000000
  5 -25.391003 1.101893 36.652863 0.181480 0.374018 -0.909492 0.989547 0.538233 1 5 1.000000
  5 -25.247540 1.805150 36.970695 0.799452 -0.154264 -0.580585 0.979777 0.543056 1 5 1.000000
corpse1
  5 -23.944983 1.386702 37.918892 0.409710 -0.132916 -0.902480 0.985547 0.561704 1 5 1.000000
  5 -25.247540 1.805150 36.970695 0.799452 -0.154264 -0.580585 0.979777 0.543056 1 5 1.000000
  5 -24.368013 3.990571 38.035812 0.636877 0.401493 -0.658173 0.948480 0.559075 1 5 1.000000
corpse1
  5 -23.944983 1.386702 37.918892 0.409710 -0.132916 -0.902480 0.985547 0.561704 1 5 1.000000
  5 -24.368013 3.990571 38.035812 0.636877 0.401493 -0.658173 0.948480 0.559075 1 5 1.000000
  5 -22.582228 1.763236 38.666397 0.742908 0.226290 -0.629984 0.980276 0.578021 1 5 1.000000
corpse1
  5 -22.793379 1.042034 38.272457 0.501821 0.156589 -0.850679 0.990297 0.571879 1 5 1.000000
  5 -23.944983 1.386702 37.918892 0.409710 -0.132916 -0.902480 0.985547 0.561704 1 5 1.000000
  5 -22.582228 1.763236 38.666397 0.742908 0.226290 -0.629984 0.980276 0.578021 1 5 1.000000
corpse1
  5 -22.198185 1.650358 39.728317 0.967408 -0.186166 -0.171648 0.981831 0.593702 1 5 1.000000
  5 -22.135794 3.023054 40.676647 0.820157 0.426426 -0.381449 0.962768 0.606333 1 5 1.000000
  5 -21.925606 2.175572 40.536575 0.936104 0.049960 -0.348158 0.974529 0.605536 1 5 1.000000
corpse1
  5 -23.165926 3.604679 39.058025 0.700061 0.638344 -0.320049 0.954723 0.580276 1 5 1.000000
  5 -22.135794 3.023054 40.676647 0.820157 0.426426 -0.381449 0.962768 0.606333 1 5 1.000000
  5 -22.198185 1.650358 39.728317 0.967408 -0.186166 -0.171648 0.981831 0.593702 1 5 1.000000
corpse1
  5 -23.165926 3.604679 39.058025 0.700061 0.638344 -0.320049 0.954723 0.580276 1 5 1.000000
  5 -22.669386 3.665755 41.027332 0.231752 0.972123 0.035617 0.946631 0.605755 1 5 1.000000
  5 -22.135794 3.023054 40.676647 0.820157 0.426426 -0.381449 0.962768 0.606333 1 5 1.000000
corpse1
  5 -24.960125 4.194305 37.809418 0.051673 0.991176 -0.122068 0.944928 0.557250 1 5 1.000000
  5 -22.669386 3.665755 41.027332 0.231752 0.972123 0.035617 0.946631 0.605755 1 5 1.000000
  5 -23.165926 3.604679 39.058025 0.700061 0.638344 -0.320049 0.954723 0.580276 1 5 1.000000
corpse1
  5 -24.960125 4.194305 37.809418 0.051673 0.991176 -0.122068 0.944928 0.557250 1 5 1.000000
  5 -25.449053 4.041114 37.911415 -0.193377 0.974151 0.116769 0.936491 0.560404 1 5 1.000000
  5 -22.669386 3.665755 41.027332 0.231752 0.972123 0.035617 0.946631 0.605755 1 5 1.000000
corpse1
  5 -25.388384 3.865269 36.232498 -0.319722 0.925140 -0.204680 0.935946 0.536024 1 5 1.000000
  5 -25.449053 4.041114 37.911415 -0.193377 0.974151 0.116769 0.936491 0.560404 1 5 1.000000
  5 -24.960125 4.194305 37.809418 0.051673 0.991176 -0.122068 0.944928 0.557250 1 5 1.000000
corpse1
  5 -25.388384 3.865269 36.232498 -0.319722 0.925140 -0.204680 0.935946 0.536024 1 5 1.000000
  5 -24.960125 4.194305 37.809418 0.051673 0.991176 -0.122068 0.944928 0.557250 1 5 1.000000
  5 -25.024258 4.017716 36.323559 -0.319462 0.913508 -0.251888 0.943636 0.537027 1 5 1.000000
corpse1
  5 -25.024258 4.017716 36.323559 -0.319462 0.913508 -0.251888 0.943636 0.537027 1 5 1.000000
  5 -24.478884 3.595532 35.044697 -0.266018 0.875873 -0.402592 0.940930 0.519314 1 5 1.000000
  5 -25.388384 3.865269 36.232498 -0.319722 0.925140 -0.204680 0.935946 0.536024 1 5 1.000000
corpse1
  5 -22.669386 3.665755 41.027332 0.231752 0.972123 0.035617 0.946631 0.605755 1 5 1.000000
  5 -25.449053 4.041114 37.911415 -0.193377 0.974151 0.116769 0.936491 0.560404 1 5 1.000000
  5 -23.229574 3.591290 41.453621 -0.024322 0.989721 0.140924 0.924956 0.609604 1 5 1.000000
corpse1
  5 -25.466808 1.191986 34.128155 0.610375 -0.790744 -0.046544 0.988298 0.505002 1 5 1.000000
  5 -25.391003 1.101893 36.652863 0.689608 -0.710497 -0.140121 0.989547 0.538233 1 5 1.000000
  5 -25.643209 1.056985 34.108398 0.698875 -0.712994 -0.056688 0.990179 0.503893 1 5 1.000000
corpse1
  5 -25.391003 1.101893 36.652863 0.689608 -0.710497 -0.140121 0.989547 0.538233 1 5 1.000000
  5 -25.759756 0.703173 36.086052 0.785175 -0.614250 -0.078723 0.995095 0.529076 1 5 1.000000
  5 -25.643209 1.056985 34.108398 0.698875 -0.712994 -0.056688 0.990179 0.503893 1 5 1.000000
corpse1
  5 -25.391003 1.101893 36.652863 0.689608 -0.710497 -0.140121 0.989547 0.538233 1 5 1.000000
  5 -25.672792 0.691704 36.915913 0.776889 -0.616318 -0.128825 0.995252 0.540299 1 5 1.000000
  5 -25.759756 0.703173 36.086052 0.785175 -0.614250 -0.078723 0.995095 0.529076 1 5 1.000000
corpse1
  5 -25.514858 0.757670 37.389023 0.586834 -0.651951 -0.480194 0.994331 0.547220 1 5 1.000000
  5 -25.672792 0.691704 36.915913 0.776889 -0.616318 -0.128825 0.995252 0.540299 1 5 1.000000
  5 -25.391003 1.101893 36.652863 0.689608 -0.710497 -0.140121 0.989547 0.538233 1 5 1.000000
corpse1
  5 -25.391003 1.101893 36.652863 0.689608 -0.710497 -0.140121 0.989547 0.538233 1 5 1.000000
  5 -23.944983 1.386702 37.918892 0.409710 -0.132916 -0.902480 0.985547 0.561704 1 5 1.000000
  5 -25.514858 0.757670 37.389023 0.586834 -0.651951 -0.480194 0.994331 0.547220 1 5 1.000000
corpse1
  5 -23.874132 0.515662 38.300091 -0.088925 -0.158792 -0.983299 0.997640 0.567018 1 5 1.000000
  5 -25.514858 0.757670 37.389023 0.586834 -0.651951 -0.480194 0.994331 0.547220 1 5 1.000000
  5 -23.944983 1.386702 37.918892 0.409710 -0.132916 -0.902480 0.985547 0.561704 1 5 1.000000
corpse1
  5 -23.539852 0.514611 38.175037 -0.292916 0.199585 -0.935075 0.997645 0.567007 1 5 1.000000
  5 -23.874132 0.515662 38.300091 -0.088925 -0.158792 -0.983299 0.997640 0.567018 1 5 1.000000
  5 -23.944983 1.386702 37.918892 0.409710 -0.132916 -0.902480 0.985547 0.561704 1 5 1.000000
corpse1
  5 -23.944983 1.386702 37.918892 0.409710 -0.132916 -0.902480 0.985547 0.561704 1 5 1.000000
  5 -22.793379 1.042034 38.272457 0.501821 0.156589 -0.850679 0.990297 0.571879 1 5 1.000000
  5 -23.539852 0.514611 38.175037 -0.292916 0.199585 -0.935075 0.997645 0.567007 1 5 1.000000
corpse1
  13 -0.332972 -3.560616 32.958462 -0.544483 0.122978 -0.829707 0.139921 0.462994 3 13 0.578435 10 0.364389 0 0.057176
  13 -0.006050 -0.759023 33.159172 -0.945947 0.008724 -0.324205 0.154962 0.457018 2 13 0.505510 10 0.494490
  10 0.325547 -3.466628 32.540249 -0.926294 -0.077306 -0.368787 0.139535 0.460259 3 10 0.517183 13 0.424324 0 0.058493
corpse1
  13 -0.006050 -0.759023 33.159172 -0.945947 0.008724 -0.324205 0.154962 0.457018 2 13 0.505510 10 0.494490
  10 0.074066 3.081315 32.697052 -0.999578 0.018119 -0.022722 0.173669 0.445221 2 10 0.593699 13 0.406301
  10 0.050492 -0.863288 30.588655 -0.996710 -0.041086 -0.069868 0.148090 0.443990 2 10 0.648233 13 0.351767
corpse1
  1 3.207831 5.884180 38.725029 -0.275879 -0.924827 -0.261889 0.009715 0.955234 2 1 0.787228 10 0.212772
  1 0.058458 5.670805 41.097282 -0.009512 -0.969491 -0.244941 0.001416 0.944717 3 1 0.836360 13 0.087995 10 0.075645
  1 0.128448 6.270715 38.732124 0.080772 -0.957321 -0.277512 0.001589 0.955202 3 1 0.781101 13 0.155526 10 0.063374
corpse1
  1 3.207831 5.884180 38.725029 -0.275879 -0.924827 -0.261889 0.009715 0.955234 2 1 0.787228 10 0.212772
  1 2.901276 5.444434 40.609016 -0.453174 -0.827732 -0.330898 0.009506 0.946882 2 1 0.696606 10 0.303394
  1 0.058458 5.670805 41.097282 -0.009512 -0.969491 -0.244941 0.001416 0.944717 3 1 0.836360 13 0.087995 10 0.075645
corpse1
  10 5.619893 4.156431 38.645164 -0.720809 -0.571988 -0.391490 0.017225 0.955588 2 10 0.525602 1 0.474398
  1 2.901276 5.444434 40.609016 -0.453174 -0.827732 -0.330898 0.009506 0.946882 2 1 0.696606 10 0.303394
  1 3.207831 5.884180 38.725029 -0.275879 -0.924827 -0.261889 0.009715 0.955234 2 1 0.787228 10 0.212772
corpse1
  10 5.619893 4.156431 38.645164 -0.720809 -0.571988 -0.391490 0.017225 0.955588 2 10 0.525602 1 0.474398
  10 4.912541 3.634673 40.426746 -0.819142 -0.361799 -0.445093 0.017094 0.947689 2 10 0.539173 1 0.460827
  1 2.901276 5.444434 40.609016 -0.453174 -0.827732 -0.330898 0.009506 0.946882 2 1 0.696606 10 0.303394
corpse1
  10 6.542295 1.357095 38.155598 -0.880387 -0.202188 -0.428997 0.024770 0.957758 2 10 0.787659 1 0.212341
  10 4.912541 3.634673 40.426746 -0.819142 -0.361799 -0.445093 0.017094 0.947689 2 10 0.539173 1 0.460827
  10 5.619893 4.156431 38.645164 -0.720809 -0.571988 -0.391490 0.017225 0.955588 2 10 0.525602 1 0.474398
corpse1
  10 6.542295 1.357095 38.155598 -0.880387 -0.202188 -0.428997 0.024770 0.957758 2 10 0.787659 1 0.212341
  10 5.975996 1.045250 39.407272 -0.877030 -0.185746 -0.443077 0.025205 0.952209 2 10 0.875662 1 0.124338
  10 4.912541 3.634673 40.426746 -0.819142 -0.361799 -0.445093 0.017094 0.947689 2 10 0.539173 1 0.460827
corpse1
  6 5.673072 1.709756 61.763657 0.309649 -0.197443 0.930126 0.430257 0.876129 2 6 0.800850 7 0.199150
  6 6.934400 3.215896 60.667351 0.416054 0.522176 0.744467 0.416385 0.855427 3 6 0.587074 7 0.318945 2 0.093981
  6 4.637486 2.178440 62.011833 0.273591 0.155733 0.949155 0.443394 0.876980 3 6 0.776857 2 0.150491 7 0.072652
corpse1
  6 6.949925 1.510279 61.211971 0.548345 -0.081106 0.832310 0.416107 0.874763 2 6 0.668438 7 0.331562
  6 6.934400 3.215896 60.667351 0.416054 0.522176 0.744467 0.416385 0.855427 3 6 0.587074 7 0.318945 2 0.093981
  6 5.673072 1.709756 61.763657 0.309649 -0.197443 0.930126 0.430257 0.876129 2 6 0.800850 7 0.199150
corpse1
  2 3.708986 5.476978 52.434467 0.292866 0.935873 -0.195887 0.454668 0.727955 3 2 0.764431 1 0.145551 7 0.090018
  2 6.808967 3.928705 54.986904 0.364217 0.770688 -0.522863 0.419738 0.763166 3 2 0.544564 7 0.367209 6 0.088227
  2 5.734776 3.719121 51.666298 0.809539 0.530792 -0.250811 0.424307 0.717358 3 2 0.709358 7 0.150271 1 0.140371
corpse1
  2 6.808967 3.928705 54.986904 0.364217 0.770688 -0.522863 0.419738 0.763166 3 2 0.544564 7 0.367209 6 0.088227
  2 3.708986 5.476978 52.434467 0.292866 0.935873 -0.195887 0.454668 0.727955 3 2 0.764431 1 0.145551 7 0.090018
  2 4.851881 5.958344 56.045773 0.296151 0.947741 -0.118666 0.447488 0.777774 3 2 0.744622 7 0.141392 6 0.113986
corpse1
  7 6.989917 4.808480 56.058804 0.094353 0.958275 -0.269825 0.425533 0.777954 3 7 0.571641 6 0.248225 2 0.180134
  2 6.808967 3.928705 54.986904 0.364217 0.770688 -0.522863 0.419738 0.763166 3 2 0.544564 7 0.367209 6 0.088227
  2 4.851881 5.958344 56.045773 0.296151 0.947741 -0.118666 0.447488 0.777774 3 2 0.744622 7 0.141392 6 0.113986
corpse1
  7 6.989917 4.808480 56.058804 0.094353 0.958275 -0.269825 0.425533 0.777954 3 7 0.571641 6 0.248225 2 0.180134
  2 4.851881 5.958344 56.045773 0.296151 0.947741 -0.118666 0.447488 0.777774 3 2 0.744622 7 0.141392 6 0.113986
  6 6.135390 4.888083 59.341175 0.285466 0.894236 0.344748 0.429051 0.826078 3 6 0.479286 7 0.325541 2 0.195173
corpse1
  6 6.135390 4.888083 59.341175 0.285466 0.894236 0.344748 0.429051 0.826078 3 6 0.479286 7 0.325541 2 0.195173
  7 7.104878 4.799798 57.886784 0.275244 0.923341 0.267734 0.424852 0.803171 2 7 0.531519 6 0.468481
  7 6.989917 4.808480 56.058804 0.094353 0.958275 -0.269825 0.425533 0.777954 3 7 0.571641 6 0.248225 2 0.180134
corpse1
  7 7.104878 4.799798 57.886784 0.275244 0.923341 0.267734 0.424852 0.803171 2 7 0.531519 6 0.468481
  6 6.135390 4.888083 59.341175 0.285466 0.894236 0.344748 0.429051 0.826078 3 6 0.479286 7 0.325541 2 0.195173
  6 6.934400 3.215896 60.667351 0.416054 0.522176 0.744467 0.416385 0.855427 3 6 0.587074 7 0.318945 2 0.093981
corpse1
  6 6.934400 3.215896 60.667351 0.416054 0.522176 0.744467 0.416385 0.855427 3 6 0.587074 7 0.318945 2 0.093981
  6 6.135390 4.888083 59.341175 0.285466 0.894236 0.344748 0.429051 0.826078 3 6 0.479286 7 0.325541 2 0.195173
  6 3.337288 3.739321 61.557137 0.285612 0.652692 0.701726 0.458803 0.857862 3 6 0.566323 2 0.357263 7 0.076414
corpse1
  6 3.337288 3.739321 61.557137 0.285612 0.652692 0.701726 0.458803 0.857862 3 6 0.566323 2 0.357263 7 0.076414
  6 4.637486 2.178440 62.011833 0.273591 0.155733 0.949155 0.443394 0.876980 3 6 0.776857 2 0.150491 7 0.072652
  6 6.934400 3.215896 60.667351 0.416054 0.522176 0.744467 0.416385 0.855427 3 6 0.587074 7 0.318945 2 0.093981
corpse1
  6 3.337288 3.739321 61.557137 0.285612 0.652692 0.701726 0.458803 0.857862 3 6 0.566323 2 0.357263 7 0.076414
  6 2.380226 2.119256 62.663994 0.711344 0.098712 0.695878 0.469991 0.880854 2 6 0.749742 2 0.250258
  6 4.637486 2.178440 62.011833 0.273591 0.155733 0.949155 0.443394 0.876980 3 6 0.776857 2 0.150491 7 0.072652
corpse1
  6 3.337288 3.739321 61.557137 0.285612 0.652692 0.701726 0.458803 0.857862 3 6 0.566323 2 0.357263 7 0.076414
  6 1.852297 2.980201 62.984642 0.495136 0.399258 0.771643 0.475957 0.880288 2 6 0.532263 2 0.467737
  6 2.380226 2.119256 62.663994 0.711344 0.098712 0.695878 0.469991 0.880854 2 6 0.749742 2 0.250258
corpse1
  2 0.071882 3.553895 62.963840 0.080290 0.804852 0.588019 0.497272 0.878911 3 2 0.586410 6 0.283685 3 0.129905
  6 1.852297 2.980201 62.984642 0.495136 0.399258 0.771643 0.475957 0.880288 2 6 0.532263 2 0.467737
  6 3.337288 3.739321 61.557137 0.285612 0.652692 0.701726 0.458803 0.857862 3 6 0.566323 2 0.357263 7 0.076414
corpse1
  2 0.071882 3.553895 62.963840 0.080290 0.804852 0.588019 0.497272 0.878911 3 2 0.586410 6 0.283685 3 0.129905
  6 3.337288 3.739321 61.557137 0.285612 0.652692 0.701726 0.458803 0.857862 3 6 0.566323 2 0.357263 7 0.076414
  2 -0.007209 4.665955 61.332355 -0.040874 0.843232 0.535993 0.498266 0.848272 3 2 0.591295 6 0.205543 3 0.203162
corpse1
  2 -0.047571 5.905190 59.020931 0.040174 0.908537 0.415868 0.499130 0.819105 3 2 0.525556 6 0.266881 3 0.207563
  2 -0.007209 4.665955 61.332355 -0.040874 0.843232 0.535993 0.498266 0.848272 3 2 0.591295 6 0.205543 3 0.203162
  6 3.337288 3.739321 61.557137 0.285612 0.652692 0.701726 0.458803 0.857862 3 6 0.566323 2 0.357263 7 0.076414
corpse1
  2 -0.047571 5.905190 59.020931 0.040174 0.908537 0.415868 0.499130 0.819105 3 2 0.525556 6 0.266881 3 0.207563
  6 3.337288 3.739321 61.557137 0.285612 0.652692 0.701726 0.458803 0.857862 3 6 0.566323 2 0.357263 7 0.076414
  6 6.135390 4.888083 59.341175 0.285466 0.894236 0.344748 0.429051 0.826078 3 6 0.479286 7 0.325541 2 0.195173
corpse1
  2 -0.047571 5.905190 59.020931 0.040174 0.908537 0.415868 0.499130 0.819105 3 2 0.525556 6 0.266881 3 0.207563
  6 6.135390 4.888083 59.341175 0.285466 0.894236 0.344748 0.429051 0.826078 3 6 0.479286 7 0.325541 2 0.195173
  2 -0.053353 6.269550 57.765526 0.000909 0.981859 0.189608 0.499282 0.801498 3 2 0.624710 3 0.198454 6 0.176836
corpse1
  2 -0.053353 6.269550 57.765526 0.000909 0.981859 0.189608 0.499282 0.801498 3 2 0.624710 3 0.198454 6 0.176836
  6 6.135390 4.888083 59.341175 0.285466 0.894236 0.344748 0.429051 0.826078 3 6 0.479286 7 0.325541 2 0.195173
  2 4.851881 5.958344 56.045773 0.296151 0.947741 -0.118666 0.447488 0.777774 3 2 0.744622 7 0.141392 6 0.113986
corpse1
  2 4.851881 5.958344 56.045773 0.296151 0.947741 -0.118666 0.447488 0.777774 3 2 0.744622 7 0.141392 6 0.113986
  2 -0.048756 6.327467 56.303722 0.010979 0.999393 -0.033047 0.499220 0.781332 3 2 0.786337 3 0.117495 6 0.096168
  2 -0.053353 6.269550 57.765526 0.000909 0.981859 0.189608 0.499282 0.801498 3 2 0.624710 3 0.198454 6 0.176836
corpse1
  2 -0.048756 6.327467 56.303722 0.010979 0.999393 -0.033047 0.499220 0.781332 3 2 0.786337 3 0.117495 6 0.096168
  2 4.851881 5.958344 56.045773 0.296151 0.947741 -0.118666 0.447488 0.777774 3 2 0.744622 7 0.141392 6 0.113986
  2 2.974495 5.972563 54.216194 0.094229 0.986869 -0.131188 0.464422 0.752535 1 2 1.000000
corpse1
  8 25.466820 1.191989 34.128159 -0.748235 0.663429 0.002412 0.987308 0.506549 1 8 1.000000
  8 25.719151 1.471129 35.626301 -0.675133 0.735938 0.050898 0.983483 0.524305 1 8 1.000000
  8 25.644928 1.394312 34.165924 -0.750908 0.660397 0.003427 0.984535 0.506188 1 8 1.000000
corpse1
  8 25.466820 1.191989 34.128159 -0.748235 0.663429 0.002412 0.987308 0.506549 1 8 1.000000
  8 25.391014 1.101896 36.652866 -0.669536 0.734158 -0.112845 0.988542 0.538832 1 8 1.000000
  8 25.719151 1.471129 35.626301 -0.675133 0.735938 0.050898 0.983483 0.524305 1 8 1.000000
corpse1
  8 25.391014 1.101896 36.652866 -0.669536 0.734158 -0.112845 0.988542 0.538832 1 8 1.000000
  8 25.855906 1.421315 36.388393 -0.622627 0.763233 -0.172657 0.984172 0.533299 1 8 1.000000
  8 25.719151 1.471129 35.626301 -0.675133 0.735938 0.050898 0.983483 0.524305 1 8 1.000000
corpse1
  8 25.391014 1.101896 36.652866 -0.669536 0.734158 -0.112845 0.988542 0.538832 1 8 1.000000
  8 25.606472 1.639596 37.011185 -0.665652 0.579810 -0.469816 0.981167 0.542344 1 8 1.000000
  8 25.855906 1.421315 36.388393 -0.622627 0.763233 -0.172657 0.984172 0.533299 1 8 1.000000
corpse1
  8 25.678970 1.740557 36.196903 0.294498 -0.951713 -0.086674 0.979783 0.531706 1 8 1.000000
  8 25.247549 1.805153 36.970699 -0.297318 -0.950862 -0.086389 0.978884 0.543517 1 8 1.000000
  8 25.538866 1.796069 35.009758 0.547332 -0.819890 -0.167953 0.979017 0.517352 1 8 1.000000
corpse1
  8 25.678970 1.740557 36.196903 0.294498 -0.951713 -0.086674 0.979783 0.531706 1 8 1.000000
  8 25.606472 1.639596 37.011185 -0.400458 -0.904320 -0.147779 0.981167 0.542344 1 8 1.000000
  8 25.247549 1.805153 36.970699 -0.297318 -0.950862 -0.086389 0.978884 0.543517 1 8 1.000000
corpse1
  5 -23.575592 -0.274948 37.905266 -0.991605 -0.129301 0.001145 0.869929 0.557499 1 5 1.000000
  5 -23.492485 0.016540 37.653011 -0.963435 0.267823 -0.007932 0.873990 0.553891 1 5 1.000000
  5 -23.663120 -0.091223 37.044197 -0.945489 0.320604 0.057133 0.873115 0.545132 1 5 1.000000
corpse1
  5 -23.575592 -0.274948 37.905266 -0.991605 -0.129301 0.001145 0.869929 0.557499 1 5 1.000000
  5 -23.539852 0.514611 38.175037 -0.292916 0.199585 -0.935075 0.878645 0.562117 1 5 1.000000
  5 -23.492485 0.016540 37.653011 -0.963435 0.267823 -0.007932 0.873990 0.553891 1 5 1.000000
corpse1
  5 -23.575592 -0.274948 37.905266 -0.991605 -0.129301 0.001145 0.869929 0.557499 1 5 1.000000
  5 -23.874132 0.515662 38.300091 -0.088925 -0.158792 -0.983299 0.879102 0.564196 1 5 1.000000
  5 -23.539852 0.514611 38.175037 -0.292916 0.199585 -0.935075 0.878645 0.562117 1 5 1.000000
corpse1
  5 -23.575592 -0.274948 37.905266 -0.991605 -0.129301 0.001145 0.869929 0.557499 1 5 1.000000
  5 -23.240080 0.419389 39.973614 -0.568404 -0.734593 0.370525 0.876422 0.588012 1 5 1.000000
  5 -23.874132 0.515662 38.300091 -0.469673 -0.864008 0.181379 0.879102 0.564196 1 5 1.000000
corpse1
  5 -23.629250 -0.198034 36.420197 -0.762635 0.504041 -0.405376 0.871756 0.536042 1 5 1.000000
  5 -23.465235 -0.544393 36.005844 -0.575411 0.500936 -0.646502 0.857499 0.532275 1 5 1.000000
  5 -23.777319 -0.511289 36.309261 -0.975992 -0.155376 -0.152637 0.866892 0.534369 1 5 1.000000
corpse1
  5 -23.777319 -0.511289 36.309261 -0.975992 -0.155376 -0.152637 0.866892 0.534369 1 5 1.000000
  5 -23.663120 -0.091223 37.044197 -0.945489 0.320604 0.057133 0.873115 0.545132 1 5 1.000000
  5 -23.629250 -0.198034 36.420197 -0.762635 0.504041 -0.405376 0.871756 0.536042 1 5 1.000000
corpse1
  5 -23.575592 -0.274948 37.905266 -0.991605 -0.129301 0.001145 0.869929 0.557499 1 5 1.000000
  5 -23.663120 -0.091223 37.044197 -0.945489 0.320604 0.057133 0.873115 0.545132 1 5 1.000000
  5 -23.777319 -0.511289 36.309261 -0.975992 -0.155376 -0.152637 0.866892 0.534369 1 5 1.000000
corpse1
  5 -23.295477 -0.682437 37.812725 -0.358943 -0.916947 0.174265 0.862181 0.556177 1 5 1.000000
  5 -23.575592 -0.274948 37.905266 -0.991605 -0.129301 0.001145 0.869929 0.557499 1 5 1.000000
  5 -23.777319 -0.511289 36.309261 -0.975992 -0.155376 -0.152637 0.866892 0.534369 1 5 1.000000
corpse1
  5 -23.295477 -0.682437 37.812725 -0.358943 -0.916947 0.174265 0.862181 0.556177 1 5 1.000000
  5 -23.240080 0.419389 39.973614 -0.568404 -0.734593 0.370525 0.876422 0.588012 1 5 1.000000
  5 -23.575592 -0.274948 37.905266 -0.991605 -0.129301 0.001145 0.869929 0.557499 1 5 1.000000
corpse1
  5 -23.295477 -0.682437 37.812725 -0.358943 -0.916947 0.174265 0.862181 0.556177 1 5 1.000000
  5 -22.648108 -0.330844 38.947735 0.515554 -0.756785 0.401845 0.860011 0.574845 1 5 1.000000
  5 -23.240080 0.419389 39.973614 -0.568404 -0.734593 0.370525 0.876422 0.588012 1 5 1.000000
corpse1
  5 -23.312153 -0.754512 36.053722 -0.811256 -0.583836 0.031614 0.852771 0.533356 1 5 1.000000
  5 -23.295477 -0.682437 37.812725 -0.358943 -0.916947 0.174265 0.862181 0.556177 1 5 1.000000
  5 -23.465235 -0.544393 36.005844 -0.527435 -0.849457 -0.015345 0.857499 0.532275 1 5 1.000000
corpse1
  5 -23.295477 -0.682437 37.812725 -0.358943 -0.916947 0.174265 0.862181 0.556177 1 5 1.000000
  5 -23.777319 -0.511289 36.309261 -0.975992 -0.155376 -0.152637 0.866892 0.534369 1 5 1.000000
  5 -23.465235 -0.544393 36.005844 -0.527435 -0.849457 -0.015345 0.857499 0.532275 1 5 1.000000
corpse1
  5 -23.312153 -0.754512 36.053722 0.331452 -0.942804 0.035489 0.852771 0.533356 1 5 1.000000
  5 -22.863194 -0.537945 37.613968 0.907883 -0.332736 -0.255021 0.854560 0.556818 1 5 1.000000
  5 -23.295477 -0.682437 37.812725 -0.358943 -0.916947 0.174265 0.862181 0.556177 1 5 1.000000
corpse1
  5 -22.863194 -0.537945 37.613968 0.907883 -0.332736 -0.255021 0.854560 0.556818 1 5 1.000000
  5 -22.648108 -0.330844 38.947735 0.515554 -0.756785 0.401845 0.860011 0.574845 1 5 1.000000
  5 -23.295477 -0.682437 37.812725 -0.358943 -0.916947 0.174265 0.862181 0.556177 1 5 1.000000
corpse1
  5 -22.863194 -0.537945 37.613968 0.907883 -0.332736 -0.255021 0.854560 0.556818 1 5 1.000000
  5 -22.405277 -0.040206 38.816803 0.964465 -0.117454 -0.236669 0.854617 0.575841 1 5 1.000000
  5 -22.648108 -0.330844 38.947735 0.515554 -0.756785 0.401845 0.860011 0.574845 1 5 1.000000
corpse1
  5 -22.405277 -0.040206 38.816803 0.964465 -0.117454 -0.236669 0.854617 0.575841 1 5 1.000000
  5 -22.198185 1.650358 39.728317 0.967408 -0.186166 -0.171648 0.845240 0.596094 1 5 1.000000
  5 -22.648108 -0.330844 38.947735 0.515554 -0.756785 0.401845 0.860011 0.574845 1 5 1.000000
corpse1
  5 -22.582228 1.763236 38.666397 0.742908 0.226290 -0.629984 0.840529 0.582123 1 5 1.000000
  5 -22.198185 1.650358 39.728317 0.967408 -0.186166 -0.171648 0.845240 0.596094 1 5 1.000000
  5 -22.405277 -0.040206 38.816803 0.964465 -0.117454 -0.236669 0.854617 0.575841 1 5 1.000000
corpse1
  5 -22.198185 1.650358 39.728317 0.967408 -0.186166 -0.171648 0.845240 0.596094 1 5 1.000000
  5 -23.240080 0.419389 39.973614 0.632804 -0.403972 0.660580 0.876422 0.588012 1 5 1.000000
  5 -22.648108 -0.330844 38.947735 0.515554 -0.756785 0.401845 0.860011 0.574845 1 5 1.000000
corpse1
  5 -23.465235 -0.544393 36.005844 0.815123 0.560599 -0.145954 0.857499 0.532275 1 5 1.000000
  5 -23.629250 -0.198034 36.420197 0.816827 0.485398 -0.311741 0.840305 0.540273 1 5 1.000000
  5 -23.312153 -0.754512 36.053722 0.777146 0.588927 -0.221829 0.852771 0.533356 1 5 1.000000
corpse1
  5 -23.629250 -0.198034 36.420197 0.816827 0.485398 -0.311741 0.840305 0.540273 1 5 1.000000
  5 -22.863194 -0.537945 37.613968 0.907883 -0.332736 -0.255021 0.854560 0.556818 1 5 1.000000
  5 -23.312153 -0.754512 36.053722 0.777146 0.588927 -0.221829 0.852771 0.533356 1 5 1.000000
corpse1
  5 -23.629250 -0.198034 36.420197 0.816827 0.485398 -0.311741 0.840305 0.540273 1 5 1.000000
  5 -22.895430 0.178833 37.935108 0.869082 0.187245 -0.457860 0.843644 0.563939 1 5 1.000000
  5 -22.863194 -0.537945 37.613968 0.907883 -0.332736 -0.255021 0.854560 0.556818 1 5 1.000000
corpse1
  5 -22.895430 0.178833 37.935108 0.869082 0.187245 -0.457860 0.843644 0.563939 1 5 1.000000
  5 -22.405277 -0.040206 38.816803 0.964465 -0.117454 -0.236669 0.854617 0.575841 1 5 1.000000
  5 -22.863194 -0.537945 37.613968 0.907883 -0.332736 -0.255021 0.854560 0.556818 1 5 1.000000
corpse1
  5 -22.895430 0.178833 37.935108 0.869082 0.187245 -0.457860 0.843644 0.563939 1 5 1.000000
  5 -22.793379 1.042034 38.272457 0.501821 0.156589 -0.850679 0.837182 0.572715 1 5 1.000000
  5 -22.405277 -0.040206 38.816803 0.964465 -0.117454 -0.236669 0.854617 0.575841 1 5 1.000000
corpse1
  5 -22.793379 1.042034 38.272457 0.501821 0.156589 -0.850679 0.837182 0.572715 1 5 1.000000
  5 -22.582228 1.763236 38.666397 0.742908 0.226290 -0.629984 0.840529 0.582123 1 5 1.000000
  5 -22.405277 -0.040206 38.816803 0.964465 -0.117454 -0.236669 0.854617 0.575841 1 5 1.000000
corpse1
  5 -22.093317 1.224832 40.627720 0.816623 -0.479082 -0.321880 0.853858 0.605271 1 5 1.000000
  5 -22.198185 1.650358 39.728317 0.967408 -0.186166 -0.171648 0.845240 0.596094 1 5 1.000000
  5 -21.925606 2.175572 40.536575 0.936104 0.049960 -0.348158 0.844042 0.609655 1 5 1.000000
corpse1
  5 -22.198185 1.650358 39.728317 0.967408 -0.186166 -0.171648 0.845240 0.596094 1 5 1.000000
  5 -22.093317 1.224832 40.627720 0.816623 -0.479082 -0.321880 0.853858 0.605271 1 5 1.000000
  5 -22.529148 0.613251 41.086052 0.633144 -0.681793 -0.366452 0.873038 0.604990 1 5 1.000000
corpse1
  5 -22.529148 0.613251 41.086052 0.633144 -0.681793 -0.366452 0.873038 0.604990 1 5 1.000000
  5 -23.240080 0.419389 39.973614 0.688214 -0.647659 -0.326955 0.876422 0.588012 1 5 1.000000
  5 -22.198185 1.650358 39.728317 0.967408 -0.186166 -0.171648 0.845240 0.596094 1 5 1.000000
corpse1
  5 -23.663120 -0.091223 37.044197 -0.017181 0.985363 -0.169599 0.834645 0.549008 1 5 1.000000
  5 -23.492485 0.016540 37.653011 -0.030448 0.936881 -0.348321 0.836385 0.557640 1 5 1.000000
  5 -23.629250 -0.198034 36.420197 -0.106039 0.981555 -0.159078 0.840305 0.540273 1 5 1.000000
corpse1
  5 -23.492485 0.016540 37.653011 -0.030448 0.936881 -0.348321 0.836385 0.557640 1 5 1.000000
  5 -22.895430 0.178833 37.935108 -0.079386 0.762485 -0.642117 0.843644 0.563939 1 5 1.000000
  5 -23.629250 -0.198034 36.420197 -0.106039 0.981555 -0.159078 0.840305 0.540273 1 5 1.000000
corpse1
  5 -23.492485 0.016540 37.653011 -0.030448 0.936881 -0.348321 0.836385 0.557640 1 5 1.000000
  5 -23.539852 0.514611 38.175037 -0.292916 0.199585 -0.935075 0.835016 0.565793 1 5 1.000000
  5 -22.895430 0.178833 37.935108 -0.079386 0.762485 -0.642117 0.843644 0.563939 1 5 1.000000
corpse1
  5 -23.539852 0.514611 38.175037 -0.292916 0.199585 -0.935075 0.835016 0.565793 1 5 1.000000
  5 -22.793379 1.042034 38.272457 0.501821 0.156589 -0.850679 0.837182 0.572715 1 5 1.000000
  5 -22.895430 0.178833 37.935108 -0.079386 0.762485 -0.642117 0.843644 0.563939 1 5 1.000000
corpse1
  1 -2.640199 5.298759 40.167198 -0.268780 0.956157 0.116277 0.107277 0.948840 2 1 0.719737 13 0.280263
  1 0.058458 5.670805 41.097282 -0.025298 0.997565 -0.064989 0.115227 0.944717 3 1 0.836360 13 0.087995 10 0.075645
  1 -0.020215 5.608784 40.175884 -0.012584 0.999855 0.011487 0.114994 0.948802 3 1 0.672381 10 0.203379 13 0.124240
corpse1
  5 -24.792307 3.186064 35.429203 -0.759334 0.094946 -0.643737 0.926322 0.517167 1 5 1.000000
  5 -25.388384 3.865269 36.232498 -0.886490 0.023586 -0.462145 0.935946 0.536024 1 5 1.000000
  5 -24.478884 3.595532 35.044697 -0.790288 0.030233 -0.611989 0.940930 0.519314 1 5 1.000000
corpse1
  5 -24.792307 3.186064 35.429203 -0.759334 0.094946 -0.643737 0.926322 0.517167 1 5 1.000000
  5 -25.324911 3.385855 36.050526 -0.703562 0.581632 -0.408294 0.929679 0.532739 1 5 1.000000
  5 -25.388384 3.865269 36.232498 -0.886490 0.023586 -0.462145 0.935946 0.536024 1 5 1.000000
corpse1
  5 -25.324911 3.385855 36.050526 -0.703562 0.581632 -0.408294 0.929679 0.532739 1 5 1.000000
  5 -25.449053 4.041114 37.911415 -0.955235 0.250918 0.156737 0.936491 0.560404 1 5 1.000000
  5 -25.388384 3.865269 36.232498 -0.886490 0.023586 -0.462145 0.935946 0.536024 1 5 1.000000
corpse1
  5 -25.449053 4.041114 37.911415 -0.955235 0.250918 0.156737 0.936491 0.560404 1 5 1.000000
  5 -25.324911 3.385855 36.050526 -0.703562 0.581632 -0.408294 0.929679 0.532739 1 5 1.000000
  5 -25.571295 2.824091 35.363136 -0.780482 0.536405 -0.321118 0.920117 0.522743 1 5 1.000000
corpse1
  5 -25.449053 4.041114 37.911415 -0.955235 0.250918 0.156737 0.936491 0.560404 1 5 1.000000
  5 -25.571295 2.824091 35.363136 -0.780482 0.536405 -0.321118 0.920117 0.522743 1 5 1.000000
  5 -25.912088 1.694395 37.937599 -0.945691 0.221885 0.237561 0.903787 0.559867 1 5 1.000000
corpse1
  5 -25.912088 1.694395 37.937599 -0.945691 0.221885 0.237561 0.903787 0.559867 1 5 1.000000
  5 -25.571295 2.824091 35.363136 -0.780482 0.536405 -0.321118 0.920117 0.522743 1 5 1.000000
  5 -25.904560 2.070837 35.690102 -0.933484 -0.292946 -0.206858 0.910047 0.527427 1 5 1.000000
corpse1
  5 -25.193851 2.137770 34.087978 -0.827911 0.323222 -0.458356 0.909899 0.503851 1 5 1.000000
  5 -25.904560 2.070837 35.690102 -0.933484 -0.292946 -0.206858 0.910047 0.527427 1 5 1.000000
  5 -25.571295 2.824091 35.363136 -0.780482 0.536405 -0.321118 0.920117 0.522743 1 5 1.000000
corpse1
  5 -25.904560 2.070837 35.690102 -0.933484 -0.292946 -0.206858 0.910047 0.527427 1 5 1.000000
  5 -25.193851 2.137770 34.087978 -0.827911 0.323222 -0.458356 0.909899 0.503851 1 5 1.000000
  5 -25.303545 1.798598 34.303257 -0.912570 -0.201239 -0.355975 0.905238 0.506924 1 5 1.000000
corpse1
  5 -25.538855 1.796066 35.009754 -0.179200 -0.964782 -0.192571 0.905497 0.517286 1 5 1.000000
  5 -25.904560 2.070837 35.690102 -0.933484 -0.292946 -0.206858 0.910047 0.527427 1 5 1.000000
  5 -25.303545 1.798598 34.303257 -0.912570 -0.201239 -0.355975 0.905238 0.506924 1 5 1.000000
corpse1
  5 -25.678961 1.740554 36.196899 -0.658057 -0.749860 -0.068339 0.904572 0.534540 1 5 1.000000
  5 -25.904560 2.070837 35.690102 -0.933484 -0.292946 -0.206858 0.910047 0.527427 1 5 1.000000
  5 -25.538855 1.796066 35.009754 -0.179200 -0.964782 -0.192571 0.905497 0.517286 1 5 1.000000
corpse1
  5 -25.606461 1.639593 37.011181 -0.380768 -0.921293 -0.078960 0.902625 0.546263 1 5 1.000000
  5 -25.904560 2.070837 35.690102 -0.933484 -0.292946 -0.206858 0.910047 0.527427 1 5 1.000000
  5 -25.678961 1.740554 36.196899 -0.658057 -0.749860 -0.068339 0.904572 0.534540 1 5 1.000000
corpse1
  5 -25.912088 1.694395 37.937599 -0.564718 -0.813635 -0.138170 0.903787 0.559867 1 5 1.000000
  5 -25.904560 2.070837 35.690102 -0.933484 -0.292946 -0.206858 0.910047 0.527427 1 5 1.000000
  5 -25.606461 1.639593 37.011181 -0.380768 -0.921293 -0.078960 0.902625 0.546263 1 5 1.000000
corpse1
  5 -25.193851 2.137770 34.087978 -0.827911 0.323222 -0.458356 0.909899 0.503851 1 5 1.000000
  5 -25.571295 2.824091 35.363136 -0.780482 0.536405 -0.321118 0.920117 0.522743 1 5 1.000000
  5 -25.007669 2.500845 34.349342 -0.568174 0.638284 -0.519395 0.914522 0.507648 1 5 1.000000
corpse1
  5 -25.007669 2.500845 34.349342 -0.568174 0.638284 -0.519395 0.914522 0.507648 1 5 1.000000
  5 -25.571295 2.824091 35.363136 -0.780482 0.536405 -0.321118 0.920117 0.522743 1 5 1.000000
  5 -24.697184 2.909365 34.488495 -0.371007 0.820866 -0.434204 0.919538 0.509620 1 5 1.000000
corpse1
  5 -24.697184 2.909365 34.488495 -0.371007 0.820866 -0.434204 0.919538 0.509620 1 5 1.000000
  5 -25.571295 2.824091 35.363136 -0.780482 0.536405 -0.321118 0.920117 0.522743 1 5 1.000000
  5 -25.324911 3.385855 36.050526 -0.703562 0.581632 -0.408294 0.929679 0.532739 1 5 1.000000
corpse1
  5 -24.697184 2.909365 34.488495 -0.371007 0.820866 -0.434204 0.919538 0.509620 1 5 1.000000
  5 -25.324911 3.385855 36.050526 -0.703562 0.581632 -0.408294 0.929679 0.532739 1 5 1.000000
  5 -24.792307 3.186064 35.429203 0.034805 0.959726 -0.278774 0.926322 0.517167 1 5 1.000000
corpse1
  5 -24.417656 3.080742 39.902683 -0.835265 0.084769 0.543273 0.919126 0.587941 1 5 1.000000
  5 -25.912088 1.694395 37.937599 -0.945691 0.221885 0.237561 0.903787 0.559867 1 5 1.000000
  5 -24.663036 1.410792 39.517536 -0.744595 -0.340807 0.573959 0.896032 0.581976 1 5 1.000000
corpse1
  5 -25.912088 1.694395 37.937599 -0.945691 0.221885 0.237561 0.903787 0.559867 1 5 1.000000
  5 -25.564157 0.885266 37.984013 -0.600614 -0.741548 0.298947 0.892137 0.559741 1 5 1.000000
  5 -24.663036 1.410792 39.517536 -0.744595 -0.340807 0.573959 0.896032 0.581976 1 5 1.000000
corpse1
  5 -26.046402 0.959490 35.812595 -0.971850 -0.233409 -0.032044 0.894474 0.528932 1 5 1.000000
  5 -25.564157 0.885266 37.984013 -0.600614 -0.741548 0.298947 0.892137 0.559741 1 5 1.000000
  5 -25.912088 1.694395 37.937599 -0.945691 0.221885 0.237561 0.903787 0.559867 1 5 1.000000
corpse1
  5 -25.912088 1.694395 37.937599 -0.945691 0.221885 0.237561 0.903787 0.559867 1 5 1.000000
  5 -25.855896 1.421312 36.388390 -0.721025 0.682683 -0.118600 0.900371 0.537312 1 5 1.000000
  5 -26.046402 0.959490 35.812595 -0.971850 -0.233409 -0.032044 0.894474 0.528932 1 5 1.000000
corpse1
  5 -25.912088 1.694395 37.937599 -0.945691 0.221885 0.237561 0.903787 0.559867 1 5 1.000000
  5 -25.606461 1.639593 37.011181 -0.364799 0.914598 -0.174450 0.902625 0.546263 1 5 1.000000
  5 -25.855896 1.421312 36.388390 -0.721025 0.682683 -0.118600 0.900371 0.537312 1 5 1.000000
corpse1
  5 -25.719139 1.471126 35.626297 -0.674117 0.735016 -0.072924 0.901052 0.526214 1 5 1.000000
  5 -25.644917 1.394309 34.165920 -0.888789 0.437238 -0.137393 0.900358 0.504996 1 5 1.000000
  5 -25.855896 1.421312 36.388390 -0.721025 0.682683 -0.118600 0.900371 0.537312 1 5 1.000000
corpse1
  5 -26.046402 0.959490 35.812595 -0.971850 -0.233409 -0.032044 0.894474 0.528932 1 5 1.000000
  5 -25.855896 1.421312 36.388390 -0.721025 0.682683 -0.118600 0.900371 0.537312 1 5 1.000000
  5 -25.644917 1.394309 34.165920 -0.888789 0.437238 -0.137393 0.900358 0.504996 1 5 1.000000
corpse1
  5 -25.643209 1.056985 34.108398 -0.867324 -0.441189 -0.230438 0.895559 0.504057 1 5 1.000000
  5 -26.046402 0.959490 35.812595 -0.971850 -0.233409 -0.032044 0.894474 0.528932 1 5 1.000000
  5 -25.644917 1.394309 34.165920 -0.888789 0.437238 -0.137393 0.900358 0.504996 1 5 1.000000
corpse1
  5 -25.759756 0.703173 36.086052 -0.634131 -0.771047 -0.057999 0.889999 0.532655 1 5 1.000000
  5 -26.046402 0.959490 35.812595 -0.971850 -0.233409 -0.032044 0.894474 0.528932 1 5 1.000000
  5 -25.643209 1.056985 34.108398 -0.867324 -0.441189 -0.230438 0.895559 0.504057 1 5 1.000000
corpse1
  5 -25.672792 0.691704 36.915913 -0.618168 -0.770877 0.153681 0.889289 0.544624 1 5 1.000000
  5 -26.046402 0.959490 35.812595 -0.971850 -0.233409 -0.032044 0.894474 0.528932 1 5 1.000000
  5 -25.759756 0.703173 36.086052 -0.634131 -0.771047 -0.057999 0.889999 0.532655 1 5 1.000000
corpse1
  5 -25.564157 0.885266 37.984013 -0.600614 -0.741548 0.298947 0.892137 0.559741 1 5 1.000000
  5 -26.046402 0.959490 35.812595 -0.971850 -0.233409 -0.032044 0.894474 0.528932 1 5 1.000000
  5 -25.672792 0.691704 36.915913 -0.618168 -0.770877 0.153681 0.889289 0.544624 1 5 1.000000
corpse1
  5 -25.514858 0.757670 37.389023 -0.208435 -0.959692 0.188536 0.889085 0.552404 1 5 1.000000
  5 -25.564157 0.885266 37.984013 -0.600614 -0.741548 0.298947 0.892137 0.559741 1 5 1.000000
  5 -25.672792 0.691704 36.915913 -0.618168 -0.770877 0.153681 0.889289 0.544624 1 5 1.000000
corpse1
  5 -25.514858 0.757670 37.389023 -0.208435 -0.959692 0.188536 0.889085 0.552404 1 5 1.000000
  5 -23.874132 0.515662 38.300091 -0.469673 -0.864008 0.181379 0.879102 0.564196 1 5 1.000000
  5 -25.564157 0.885266 37.984013 -0.600614 -0.741548 0.298947 0.892137 0.559741 1 5 1.000000
corpse1
  5 -25.564157 0.885266 37.984013 -0.600614 -0.741548 0.298947 0.892137 0.559741 1 5 1.000000
  5 -23.874132 0.515662 38.300091 -0.469673 -0.864008 0.181379 0.879102 0.564196 1 5 1.000000
  5 -23.240080 0.419389 39.973614 -0.568404 -0.734593 0.370525 0.876422 0.588012 1 5 1.000000
corpse1
  5 -25.564157 0.885266 37.984013 -0.600614 -0.741548 0.298947 0.892137 0.559741 1 5 1.000000
  5 -23.240080 0.419389 39.973614 -0.568404 -0.734593 0.370525 0.876422 0.588012 1 5 1.000000
  5 -24.663036 1.410792 39.517536 -0.744595 -0.340807 0.573959 0.896032 0.581976 1 5 1.000000
corpse1
  5 -23.138992 1.251045 41.514679 -0.736680 -0.454525 0.500709 0.889204 0.610015 1 5 1.000000
  5 -24.663036 1.410792 39.517536 -0.744595 -0.340807 0.573959 0.896032 0.581976 1 5 1.000000
  5 -23.240080 0.419389 39.973614 -0.568404 -0.734593 0.370525 0.876422 0.588012 1 5 1.000000
corpse1
  5 -24.417656 3.080742 39.902683 -0.835265 0.084769 0.543273 0.919126 0.587941 1 5 1.000000
  5 -24.663036 1.410792 39.517536 -0.744595 -0.340807 0.573959 0.896032 0.581976 1 5 1.000000
  5 -23.138992 1.251045 41.514679 -0.736680 -0.454525 0.500709 0.889204 0.610015 1 5 1.000000
corpse1
  5 -24.417656 3.080742 39.902683 -0.835265 0.084769 0.543273 0.919126 0.587941 1 5 1.000000
  5 -23.138992 1.251045 41.514679 -0.736680 -0.454525 0.500709 0.889204 0.610015 1 5 1.000000
  5 -23.464146 2.761575 41.699509 -0.876310 0.067434 0.477004 0.911503 0.613343 1 5 1.000000
corpse1
  5 -24.417656 3.080742 39.902683 -0.835265 0.084769 0.543273 0.919126 0.587941 1 5 1.000000
  5 -23.464146 2.761575 41.699509 -0.876310 0.067434 0.477004 0.911503 0.613343 1 5 1.000000
  5 -23.229574 3.591290 41.453621 -0.801485 0.308064 0.512560 0.924956 0.609604 1 5 1.000000
corpse1
  5 -25.449053 4.041114 37.911415 -0.955235 0.250918 0.156737 0.936491 0.560404 1 5 1.000000
  5 -24.417656 3.080742 39.902683 -0.835265 0.084769 0.543273 0.919126 0.587941 1 5 1.000000
  5 -23.229574 3.591290 41.453621 -0.801485 0.308064 0.512560 0.924956 0.609604 1 5 1.000000
corpse1
  5 -25.449053 4.041114 37.911415 -0.955235 0.250918 0.156737 0.936491 0.560404 1 5 1.000000
  5 -25.912088 1.694395 37.937599 -0.945691 0.221885 0.237561 0.903787 0.559867 1 5 1.000000
  5 -24.417656 3.080742 39.902683 -0.835265 0.084769 0.543273 0.919126 0.587941 1 5 1.000000
corpse1
  5 -23.240080 0.419389 39.973614 -0.568404 -0.734593 0.370525 0.876422 0.588012 1 5 1.000000
  5 -22.529148 0.613251 41.086052 -0.482464 -0.757215 0.440289 0.873038 0.604990 1 5 1.000000
  5 -23.138992 1.251045 41.514679 -0.736680 -0.454525 0.500709 0.889204 0.610015 1 5 1.000000
corpse1
  13 -5.754278 4.039761 38.481564 0.801740 -0.489163 -0.343414 0.098638 0.956313 2 13 0.621607 1 0.378393
  13 -6.431966 1.025655 39.786911 0.891629 -0.333224 -0.306529 0.090733 0.950526 2 13 0.780681 1 0.219320
  13 -6.803813 1.044474 38.013195 0.934165 -0.296212 -0.198983 0.090563 0.958389 2 13 0.851228 1 0.148772
corpse1
  13 -5.754278 4.039761 38.481564 0.801740 -0.489163 -0.343414 0.098638 0.956313 2 13 0.621607 1 0.378393
  13 -5.036498 3.622645 40.318699 0.643812 -0.640368 -0.418849 0.098956 0.948168 2 13 0.515300 1 0.484700
  13 -6.431966 1.025655 39.786911 0.891629 -0.333224 -0.306529 0.090733 0.950526 2 13 0.780681 1 0.219320
corpse1
  1 -3.274460 5.771637 38.602520 0.404664 -0.826236 -0.391894 0.106300 0.955777 2 1 0.666165 13 0.333835
  13 -5.036498 3.622645 40.318699 0.643812 -0.640368 -0.418849 0.098956 0.948168 2 13 0.515300 1 0.484700
  13 -5.754278 4.039761 38.481564 0.801740 -0.489163 -0.343414 0.098638 0.956313 2 13 0.621607 1 0.378393
corpse1
  1 -3.274460 5.771637 38.602520 0.404664 -0.826236 -0.391894 0.106300 0.955777 2 1 0.666165 13 0.333835
  1 -2.640199 5.298759 40.167198 0.292128 -0.893339 -0.341476 0.107277 0.948840 2 1 0.719737 13 0.280263
  13 -5.036498 3.622645 40.318699 0.643812 -0.640368 -0.418849 0.098956 0.948168 2 13 0.515300 1 0.484700
corpse1
  1 0.128448 6.270715 38.732124 0.080772 -0.957321 -0.277512 0.115400 0.955202 3 1 0.781101 13 0.155526 10 0.063374
  1 -2.640199 5.298759 40.167198 0.292128 -0.893339 -0.341476 0.107277 0.948840 2 1 0.719737 13 0.280263
  1 -3.274460 5.771637 38.602520 0.404664 -0.826236 -0.391894 0.106300 0.955777 2 1 0.666165 13 0.333835
corpse1
  1 0.128448 6.270715 38.732124 0.080772 -0.957321 -0.277512 0.115400 0.955202 3 1 0.781101 13 0.155526 10 0.063374
  1 0.058458 5.670805 41.097282 -0.009512 -0.969491 -0.244941 0.115227 0.944717 3 1 0.836360 13 0.087995 10 0.075645
  1 -2.640199 5.298759 40.167198 0.292128 -0.893339 -0.341476 0.107277 0.948840 2 1 0.719737 13 0.280263
corpse1
  2 -1.620739 3.055528 63.196220 0.355665 -0.794257 0.492604 0.025251 0.996281 2 2 0.520908 3 0.479092
  2 0.039911 3.108574 62.528908 0.024101 -0.701225 0.712532 0.001293 0.982893 3 2 0.515952 3 0.297578 6 0.186471
  2 0.029154 3.462209 63.167770 -0.140004 -0.886571 0.440897 0.001596 0.993208 3 2 0.634649 3 0.201069 6 0.164282
corpse1
  2 -1.620739 3.055528 63.196220 0.355665 -0.794257 0.492604 0.025251 0.996281 2 2 0.520908 3 0.479092
  3 -1.376205 2.736500 62.501945 0.351305 -0.596863 0.721345 0.025724 0.984675 3 3 0.444244 2 0.386614 6 0.169143
  2 0.039911 3.108574 62.528908 0.024101 -0.701225 0.712532 0.001293 0.982893 3 2 0.515952 3 0.297578 6 0.186471
corpse1
  3 -2.401328 2.122994 62.990700 0.686645 -0.507333 0.520704 0.042692 0.997278 2 3 0.680699 2 0.319301
  3 -1.376205 2.736500 62.501945 0.351305 -0.596863 0.721345 0.025724 0.984675 3 3 0.444244 2 0.386614 6 0.169143
  2 -1.620739 3.055528 63.196220 0.355665 -0.794257 0.492604 0.025251 0.996281 2 2 0.520908 3 0.479092
corpse1
  3 -2.401328 2.122994 62.990700 0.686645 -0.507333 0.520704 0.042692 0.997278 2 3 0.680699 2 0.319301
  3 -2.000383 1.973410 62.316364 0.538493 -0.375456 0.754360 0.042771 0.985157 3 3 0.585686 2 0.244627 6 0.169688
  3 -1.376205 2.736500 62.501945 0.351305 -0.596863 0.721345 0.025724 0.984675 3 3 0.444244 2 0.386614 6 0.169143
corpse1
  3 -2.824121 -0.273277 62.480759 0.776143 -0.168709 0.607568 0.081797 0.999689 2 3 0.664579 2 0.335421
  3 -2.000383 1.973410 62.316364 0.538493 -0.375456 0.754360 0.042771 0.985157 3 3 0.585686 2 0.244627 6 0.169688
  3 -2.401328 2.122994 62.990700 0.686645 -0.507333 0.520704 0.042692 0.997278 2 3 0.680699 2 0.319301
corpse1
  3 -2.824121 -0.273277 62.480759 0.776143 -0.168709 0.607568 0.081797 0.999689 2 3 0.664579 2 0.335421
  3 -2.149173 0.129822 61.760712 0.564827 -0.258431 0.783699 0.080536 0.983871 3 3 0.505358 2 0.345174 6 0.149468
  3 -2.000383 1.973410 62.316364 0.538493 -0.375456 0.754360 0.042771 0.985157 3 3 0.585686 2 0.244627 6 0.169688
corpse1
  2 -2.293603 -1.665210 61.900078 0.742345 0.207604 0.637043 0.105680 0.995474 1 2 1.000000
  3 -2.149173 0.129822 61.760712 0.564827 -0.258431 0.783699 0.080536 0.983871 3 3 0.505358 2 0.345174 6 0.149468
  3 -2.824121 -0.273277 62.480759 0.776143 -0.168709 0.607568 0.081797 0.999689 2 3 0.664579 2 0.335421
corpse1
  2 -2.293603 -1.665210 61.900078 0.742345 0.207604 0.637043 0.105680 0.995474 1 2 1.000000
  2 -1.882652 -1.008862 61.043922 0.644183 0.447635 0.620202 0.105107 0.975908 3 2 0.466350 3 0.363094 6 0.170556
  3 -2.149173 0.129822 61.760712 0.564827 -0.258431 0.783699 0.080536 0.983871 3 3 0.505358 2 0.345174 6 0.149468
corpse1
  2 -0.117840 -2.721639 61.562672 0.162997 0.690131 0.705090 0.141005 0.993673 1 2 1.000000
  2 -1.882652 -1.008862 61.043922 0.644183 0.447635 0.620202 0.105107 0.975908 3 2 0.466350 3 0.363094 6 0.170556
  2 -2.293603 -1.665210 61.900078 0.742345 0.207604 0.637043 0.105680 0.995474 1 2 1.000000
corpse1
  2 -0.117840 -2.721639 61.562672 0.162997 0.690131 0.705090 0.141005 0.993673 1 2 1.000000
  2 -0.160099 -1.884644 60.721653 -0.132643 0.691609 0.709988 0.139871 0.973636 3 2 0.499964 3 0.254517 6 0.245519
  2 -1.882652 -1.008862 61.043922 0.644183 0.447635 0.620202 0.105107 0.975908 3 2 0.466350 3 0.363094 6 0.170556
corpse1
  2 1.606520 -1.838997 61.752808 -0.575112 0.531234 0.622123 0.169452 0.992340 1 2 1.000000
  2 -0.160099 -1.884644 60.721653 -0.132643 0.691609 0.709988 0.139871 0.973636 3 2 0.499964 3 0.254517 6 0.245519
  2 -0.117840 -2.721639 61.562672 0.162997 0.690131 0.705090 0.141005 0.993673 1 2 1.000000
corpse1
  2 1.606520 -1.838997 61.752808 -0.575112 0.531234 0.622123 0.169452 0.992340 1 2 1.000000
  6 1.421189 -1.116781 60.981178 -0.729530 0.330506 0.598792 0.172002 0.974229 3 6 0.516835 2 0.287899 3 0.195266
  2 -0.160099 -1.884644 60.721653 -0.132643 0.691609 0.709988 0.139871 0.973636 3 2 0.499964 3 0.254517 6 0.245519
corpse1
  6 2.452809 -0.295696 62.391705 -0.861666 0.041789 0.505753 0.199931 0.996474 3 6 0.830544 2 0.113794 3 0.055663
  6 1.421189 -1.116781 60.981178 -0.729530 0.330506 0.598792 0.172002 0.974229 3 6 0.516835 2 0.287899 3 0.195266
  2 1.606520 -1.838997 61.752808 -0.575112 0.531234 0.622123 0.169452 0.992340 1 2 1.000000
corpse1
  6 2.452809 -0.295696 62.391705 -0.861666 0.041789 0.505753 0.199931 0.996474 3 6 0.830544 2 0.113794 3 0.055663
  6 1.956477 0.129822 61.639118 -0.593348 -0.271556 0.757757 0.201801 0.980295 3 6 0.529622 2 0.271163 3 0.199215
  6 1.421189 -1.116781 60.981178 -0.729530 0.330506 0.598792 0.172002 0.974229 3 6 0.516835 2 0.287899 3 0.195266
corpse1
  6 2.230677 1.984243 62.978863 -0.839316 -0.331727 0.430703 0.239094 0.996301 2 6 0.654587 2 0.345413
  6 1.956477 0.129822 61.639118 -0.593348 -0.271556 0.757757 0.201801 0.980295 3 6 0.529622 2 0.271163 3 0.199215
  6 2.452809 -0.295696 62.391705 -0.861666 0.041789 0.505753 0.199931 0.996474 3 6 0.830544 2 0.113794 3 0.055663
corpse1
  6 2.230677 1.984243 62.978863 -0.839316 -0.331727 0.430703 0.239094 0.996301 2 6 0.654587 2 0.345413
  2 1.895442 1.955360 62.287876 -0.554138 -0.466111 0.689690 0.239849 0.983495 3 2 0.417565 6 0.414858 3 0.167577
  6 1.956477 0.129822 61.639118 -0.593348 -0.271556 0.757757 0.201801 0.980295 3 6 0.529622 2 0.271163 3 0.199215
corpse1
  2 1.632427 2.812083 63.133038 -0.613160 -0.698978 0.368055 0.254220 0.995284 2 2 0.603252 6 0.396748
  2 1.895442 1.955360 62.287876 -0.554138 -0.466111 0.689690 0.239849 0.983495 3 2 0.417565 6 0.414858 3 0.167577
  6 2.230677 1.984243 62.978863 -0.839316 -0.331727 0.430703 0.239094 0.996301 2 6 0.654587 2 0.345413
corpse1
  2 1.632427 2.812083 63.133038 -0.613160 -0.698978 0.368055 0.254220 0.995284 2 2 0.603252 6 0.396748
  2 1.471073 2.647418 62.545624 -0.331807 -0.663175 0.670897 0.253722 0.985056 3 2 0.554961 6 0.277909 3 0.167130
  2 1.895442 1.955360 62.287876 -0.554138 -0.466111 0.689690 0.239849 0.983495 3 2 0.417565 6 0.414858 3 0.167577
corpse1
  2 0.029154 3.462209 63.167770 -0.140004 -0.886571 0.440897 0.278839 0.993208 3 2 0.634649 3 0.201069 6 0.164282
  2 1.471073 2.647418 62.545624 -0.331807 -0.663175 0.670897 0.253722 0.985056 3 2 0.554961 6 0.277909 3 0.167130
  2 1.632427 2.812083 63.133038 -0.613160 -0.698978 0.368055 0.254220 0.995284 2 2 0.603252 6 0.396748
corpse1
  2 0.029154 3.462209 63.167770 -0.140004 -0.886571 0.440897 0.278839 0.993208 3 2 0.634649 3 0.201069 6 0.164282
  2 0.039911 3.108574 62.528908 0.024101 -0.701225 0.712532 0.278536 0.982893 3 2 0.515952 3 0.297578 6 0.186471
  2 1.471073 2.647418 62.545624 -0.331807 -0.663175 0.670897 0.253722 0.985056 3 2 0.554961 6 0.277909 3 0.167130
corpse1
  2 -0.160099 -1.884644 60.721653 0.015779 -0.385304 0.922655 0.246322 0.849171 3 2 0.499964 3 0.254517 6 0.245519
  3 -2.149173 0.129822 61.760712 0.564827 -0.258431 0.783699 0.211561 0.884384 3 3 0.505358 2 0.345174 6 0.149468
  2 -1.882652 -1.008862 61.043922 -0.124692 -0.549309 0.826263 0.215743 0.864143 3 2 0.466350 3 0.363094 6 0.170556
corpse1
  2 -0.160099 -1.884644 60.721653 0.015779 -0.385304 0.922655 0.246322 0.849171 3 2 0.499964 3 0.254517 6 0.245519
  3 -2.000383 1.973410 62.316364 0.538493 -0.375456 0.754360 0.215253 0.913598 3 3 0.585686 2 0.244627 6 0.169688
  3 -2.149173 0.129822 61.760712 0.564827 -0.258431 0.783699 0.211561 0.884384 3 3 0.505358 2 0.345174 6 0.149468
corpse1
  2 -0.160099 -1.884644 60.721653 0.015779 -0.385304 0.922655 0.246322 0.849171 3 2 0.499964 3 0.254517 6 0.245519
  3 -1.376205 2.736500 62.501945 0.351305 -0.596863 0.721345 0.226925 0.925204 3 3 0.444244 2 0.386614 6 0.169143
  3 -2.000383 1.973410 62.316364 0.538493 -0.375456 0.754360 0.215253 0.913598 3 3 0.585686 2 0.244627 6 0.169688
corpse1
  2 -0.160099 -1.884644 60.721653 0.015779 -0.385304 0.922655 0.246322 0.849171 3 2 0.499964 3 0.254517 6 0.245519
  2 0.039911 3.108574 62.528908 0.024101 -0.701225 0.712532 0.252663 0.930035 3 2 0.515952 3 0.297578 6 0.186471
  3 -1.376205 2.736500 62.501945 0.351305 -0.596863 0.721345 0.226925 0.925204 3 3 0.444244 2 0.386614 6 0.169143
corpse1
  2 -0.160099 -1.884644 60.721653 0.015779 -0.385304 0.922655 0.246322 0.849171 3 2 0.499964 3 0.254517 6 0.245519
  2 1.471073 2.647418 62.545624 -0.331807 -0.663175 0.670897 0.278215 0.922943 3 2 0.554961 6 0.277909 3 0.167130
  2 0.039911 3.108574 62.528908 0.024101 -0.701225 0.712532 0.252663 0.930035 3 2 0.515952 3 0.297578 6 0.186471
corpse1
  2 -0.160099 -1.884644 60.721653 0.015779 -0.385304 0.922655 0.246322 0.849171 3 2 0.499964 3 0.254517 6 0.245519
  2 1.895442 1.955360 62.287876 -0.554138 -0.466111 0.689690 0.285488 0.911501 3 2 0.417565 6 0.414858 3 0.167577
  2 1.471073 2.647418 62.545624 -0.331807 -0.663175 0.670897 0.278215 0.922943 3 2 0.554961 6 0.277909 3 0.167130
corpse1
  2 -0.160099 -1.884644 60.721653 0.015779 -0.385304 0.922655 0.246322 0.849171 3 2 0.499964 3 0.254517 6 0.245519
  6 1.956477 0.129822 61.639118 -0.593348 -0.271556 0.757757 0.285589 0.881944 3 6 0.529622 2 0.271163 3 0.199215
  2 1.895442 1.955360 62.287876 -0.554138 -0.466111 0.689690 0.285488 0.911501 3 2 0.417565 6 0.414858 3 0.167577
corpse1
  2 -0.160099 -1.884644 60.721653 0.015779 -0.385304 0.922655 0.246322 0.849171 3 2 0.499964 3 0.254517 6 0.245519
  6 1.421189 -1.116781 60.981178 0.100318 -0.497763 0.861492 0.275255 0.860836 3 6 0.516835 2 0.287899 3 0.195266
  6 1.956477 0.129822 61.639118 -0.593348 -0.271556 0.757757 0.285589 0.881944 3 6 0.529622 2 0.271163 3 0.199215
corpse1
  8 22.910469 0.314854 40.690834 -0.241091 0.648374 -0.722140 0.808560 0.998901 1 8 1.000000
  8 22.529156 0.613253 41.086056 -0.267687 0.680543 -0.682059 0.807815 0.992593 1 8 1.000000
  8 23.933872 1.437190 41.356853 -0.268494 0.562594 -0.781920 0.781356 0.987608 1 8 1.000000
corpse1
  8 23.139000 1.251047 41.514683 -0.229526 0.398073 -0.888175 0.791467 0.986454 1 8 1.000000
  8 23.933872 1.437190 41.356853 -0.268494 0.562594 -0.781920 0.781356 0.987608 1 8 1.000000
  8 22.529156 0.613253 41.086056 -0.267687 0.680543 -0.682059 0.807815 0.992593 1 8 1.000000
corpse1
  8 24.164396 2.229435 41.539719 -0.275283 -0.039372 -0.960557 0.771642 0.976125 1 8 1.000000
  8 23.933872 1.437190 41.356853 -0.268494 0.562594 -0.781920 0.781356 0.987608 1 8 1.000000
  8 23.139000 1.251047 41.514683 -0.229526 0.398073 -0.888175 0.791467 0.986454 1 8 1.000000
corpse1
  8 23.139000 1.251047 41.514683 -0.229526 0.398073 -0.888175 0.791467 0.986454 1 8 1.000000
  8 23.464153 2.761577 41.699512 -0.305902 -0.118882 -0.944612 0.776143 0.963522 1 8 1.000000
  8 24.164396 2.229435 41.539719 -0.275283 -0.039372 -0.960557 0.771642 0.976125 1 8 1.000000
corpse1
  8 23.229582 3.591292 41.453625 -0.169912 -0.507730 -0.844594 0.776781 0.947735 1 8 1.000000
  8 24.164396 2.229435 41.539719 -0.275283 -0.039372 -0.960557 0.771642 0.976125 1 8 1.000000
  8 23.464153 2.761577 41.699512 -0.305902 -0.118882 -0.944612 0.776143 0.963522 1 8 1.000000
corpse1
  8 23.986151 3.348685 41.332245 -0.270529 -0.407188 -0.872360 0.769392 0.955915 1 8 1.000000
  8 24.164396 2.229435 41.539719 -0.275283 -0.039372 -0.960557 0.771642 0.976125 1 8 1.000000
  8 23.229582 3.591292 41.453625 -0.169912 -0.507730 -0.844594 0.776781 0.947735 1 8 1.000000
corpse1
  8 23.986151 3.348685 41.332245 -0.270529 -0.407188 -0.872360 0.769392 0.955915 1 8 1.000000
  8 23.229582 3.591292 41.453625 -0.169912 -0.507730 -0.844594 0.776781 0.947735 1 8 1.000000
  8 23.493828 4.277219 40.812786 0.243222 -0.800159 -0.548259 0.775662 0.936357 1 8 1.000000
corpse1
  8 23.229582 3.591292 41.453625 -0.169912 -0.507730 -0.844594 0.776781 0.947735 1 8 1.000000
  8 22.669394 3.665757 41.027336 0.606652 -0.752151 -0.257376 0.788151 0.942266 1 8 1.000000
  8 23.493828 4.277219 40.812786 0.243222 -0.800159 -0.548259 0.775662 0.936357 1 8 1.000000
corpse1
  8 22.669394 3.665757 41.027336 0.606652 -0.752151 -0.257376 0.788151 0.942266 1 8 1.000000
  8 22.738386 3.838795 39.815792 0.760938 -0.648686 0.013405 0.798549 0.937029 1 8 1.000000
  8 23.493828 4.277219 40.812786 0.243222 -0.800159 -0.548259 0.775662 0.936357 1 8 1.000000
corpse1
  8 22.135801 3.023056 40.676651 0.893055 -0.449577 0.018240 0.802717 0.949108 1 8 1.000000
  8 22.738386 3.838795 39.815792 0.760938 -0.648686 0.013405 0.798549 0.937029 1 8 1.000000
  8 22.669394 3.665757 41.027336 0.606652 -0.752151 -0.257376 0.788151 0.942266 1 8 1.000000
corpse1
  8 22.738386 3.838795 39.815792 0.760938 -0.648686 0.013405 0.798549 0.937029 1 8 1.000000
  8 22.135801 3.023056 40.676651 0.893055 -0.449577 0.018240 0.802717 0.949108 1 8 1.000000
  8 21.791527 1.937115 39.435181 0.998813 -0.045048 -0.018512 0.826517 0.962437 1 8 1.000000
corpse1
  8 21.791527 1.937115 39.435181 0.998813 -0.045048 -0.018512 0.826517 0.962437 1 8 1.000000
  8 22.135801 3.023056 40.676651 0.893055 -0.449577 0.018240 0.802717 0.949108 1 8 1.000000
  8 21.925613 2.175574 40.536579 0.992924 -0.036741 -0.112926 0.812055 0.961730 1 8 1.000000
corpse1
  8 21.791527 1.937115 39.435181 0.998813 -0.045048 -0.018512 0.826517 0.962437 1 8 1.000000
  8 21.925613 2.175574 40.536579 0.992924 -0.036741 -0.112926 0.812055 0.961730 1 8 1.000000
  8 22.093325 1.224834 40.627724 0.876819 0.473753 -0.082140 0.814618 0.978799 1 8 1.000000
corpse1
  8 22.093325 1.224834 40.627724 0.876819 0.473753 -0.082140 0.814618 0.978799 1 8 1.000000
  8 22.348228 0.556463 39.956741 0.843021 0.505643 -0.183414 0.822091 0.989929 1 8 1.000000
  8 21.791527 1.937115 39.435181 0.998813 -0.045048 -0.018512 0.826517 0.962437 1 8 1.000000
corpse1
  8 22.348228 0.556463 39.956741 0.843021 0.505643 -0.183414 0.822091 0.989929 1 8 1.000000
  8 22.093325 1.224834 40.627724 0.876819 0.473753 -0.082140 0.814618 0.978799 1 8 1.000000
  8 22.910469 0.314854 40.690834 0.744516 0.663332 -0.075408 0.808560 0.998901 1 8 1.000000
corpse1
  8 22.910469 0.314854 40.690834 0.744516 0.663332 -0.075408 0.808560 0.998901 1 8 1.000000
  8 22.093325 1.224834 40.627724 0.876819 0.473753 -0.082140 0.814618 0.978799 1 8 1.000000
  8 22.529156 0.613253 41.086056 0.722638 0.662574 0.196953 0.807815 0.992593 1 8 1.000000
corpse1
  2 -1.689815 3.091022 62.930302 -0.358179 0.747349 0.559623 0.026355 0.968674 2 2 0.558788 3 0.441212
  2 0.029154 3.462209 63.167770 -0.045758 0.937634 0.344600 0.001596 0.970779 3 2 0.634649 3 0.201069 6 0.164282
  2 0.071882 3.553895 62.963840 0.080290 0.804852 0.588019 0.001076 0.966457 3 2 0.586410 6 0.283685 3 0.129905
corpse1
  2 -1.689815 3.091022 62.930302 -0.358179 0.747349 0.559623 0.026355 0.968674 2 2 0.558788 3 0.441212
  2 -1.620739 3.055528 63.196220 -0.624410 0.744257 0.237050 0.025251 0.973853 2 2 0.520908 3 0.479092
  2 0.029154 3.462209 63.167770 -0.045758 0.937634 0.344600 0.001596 0.970779 3 2 0.634649 3 0.201069 6 0.164282
corpse1
  3 -2.466315 2.141712 62.699429 -0.697487 0.238803 0.675637 0.043978 0.969274 2 3 0.659575 2 0.340425
  2 -1.620739 3.055528 63.196220 -0.624410 0.744257 0.237050 0.025251 0.973853 2 2 0.520908 3 0.479092
  2 -1.689815 3.091022 62.930302 -0.358179 0.747349 0.559623 0.026355 0.968674 2 2 0.558788 3 0.441212
corpse1
  3 -2.466315 2.141712 62.699429 -0.697487 0.238803 0.675637 0.043978 0.969274 2 3 0.659575 2 0.340425
  3 -2.401328 2.122994 62.990700 -0.935675 0.290850 0.199797 0.042692 0.974849 2 3 0.680699 2 0.319301
  2 -1.620739 3.055528 63.196220 -0.624410 0.744257 0.237050 0.025251 0.973853 2 2 0.520908 3 0.479092
corpse1
  2 -2.882854 -0.130518 61.952667 -0.915589 -0.172485 0.363244 0.081522 0.966592 1 2 1.000000
  3 -2.401328 2.122994 62.990700 -0.935675 0.290850 0.199797 0.042692 0.974849 2 3 0.680699 2 0.319301
  3 -2.466315 2.141712 62.699429 -0.697487 0.238803 0.675637 0.043978 0.969274 2 3 0.659575 2 0.340425
corpse1
  2 -2.882854 -0.130518 61.952667 -0.915589 -0.172485 0.363244 0.081522 0.966592 1 2 1.000000
  3 -2.824121 -0.273277 62.480759 -0.978921 -0.198538 0.047925 0.081797 0.977260 2 3 0.664579 2 0.335421
  3 -2.401328 2.122994 62.990700 -0.935675 0.290850 0.199797 0.042692 0.974849 2 3 0.680699 2 0.319301
corpse1
  2 -2.319854 -1.568339 61.116482 -0.711821 -0.651220 0.263104 0.106385 0.957767 1 2 1.000000
  3 -2.824121 -0.273277 62.480759 -0.978921 -0.198538 0.047925 0.081797 0.977260 2 3 0.664579 2 0.335421
  2 -2.882854 -0.130518 61.952667 -0.915589 -0.172485 0.363244 0.081522 0.966592 1 2 1.000000
corpse1
  2 -2.319854 -1.568339 61.116482 -0.711821 -0.651220 0.263104 0.106385 0.957767 1 2 1.000000
  2 -2.293603 -1.665210 61.900078 -0.653536 -0.755214 -0.050425 0.105680 0.973045 1 2 1.000000
  3 -2.824121 -0.273277 62.480759 -0.978921 -0.198538 0.047925 0.081797 0.977260 2 3 0.664579 2 0.335421
corpse1
  2 -0.176938 -2.657840 60.715553 -0.063245 -0.969908 0.235112 0.140081 0.954942 1 2 1.000000
  2 -2.293603 -1.665210 61.900078 -0.653536 -0.755214 -0.050425 0.105680 0.973045 1 2 1.000000
  2 -2.319854 -1.568339 61.116482 -0.711821 -0.651220 0.263104 0.106385 0.957767 1 2 1.000000
corpse1
  2 -0.176938 -2.657840 60.715553 -0.063245 -0.969908 0.235112 0.140081 0.954942 1 2 1.000000
  2 -0.117840 -2.721639 61.562672 0.171435 -0.982816 -0.068434 0.141005 0.971245 1 2 1.000000
  2 -2.293603 -1.665210 61.900078 -0.653536 -0.755214 -0.050425 0.105680 0.973045 1 2 1.000000
corpse1
  2 1.790239 -1.702592 61.038418 0.499347 -0.810388 0.306469 0.171069 0.955679 1 2 1.000000
  2 -0.117840 -2.721639 61.562672 0.171435 -0.982816 -0.068434 0.141005 0.971245 1 2 1.000000
  2 -0.176938 -2.657840 60.715553 -0.063245 -0.969908 0.235112 0.140081 0.954942 1 2 1.000000
corpse1
  2 1.790239 -1.702592 61.038418 0.499347 -0.810388 0.306469 0.171069 0.955679 1 2 1.000000
  2 1.606520 -1.838997 61.752808 0.749550 -0.659325 0.058870 0.169452 0.969911 1 2 1.000000
  2 -0.117840 -2.721639 61.562672 0.171435 -0.982816 -0.068434 0.141005 0.971245 1 2 1.000000
corpse1
  6 2.633842 -0.105766 61.808826 0.622402 -0.439151 0.647890 0.201151 0.962032 2 6 0.901233 3 0.098767
  2 1.606520 -1.838997 61.752808 0.749550 -0.659325 0.058870 0.169452 0.969911 1 2 1.000000
  2 1.790239 -1.702592 61.038418 0.499347 -0.810388 0.306469 0.171069 0.955679 1 2 1.000000
corpse1
  6 2.633842 -0.105766 61.808826 0.622402 -0.439151 0.647890 0.201151 0.962032 2 6 0.901233 3 0.098767
  6 2.452809 -0.295696 62.391705 0.941114 -0.185222 0.282837 0.199931 0.974045 3 6 0.830544 2 0.113794 3 0.055663
  2 1.606520 -1.838997 61.752808 0.749550 -0.659325 0.058870 0.169452 0.969911 1 2 1.000000
corpse1
  6 2.380226 2.119256 62.663994 0.711344 0.098712 0.695878 0.238431 0.967206 2 6 0.749742 2 0.250258
  6 2.452809 -0.295696 62.391705 0.941114 -0.185222 0.282837 0.199931 0.974045 3 6 0.830544 2 0.113794 3 0.055663
  6 2.633842 -0.105766 61.808826 0.622402 -0.439151 0.647890 0.201151 0.962032 2 6 0.901233 3 0.098767
corpse1
  6 2.380226 2.119256 62.663994 0.711344 0.098712 0.695878 0.238431 0.967206 2 6 0.749742 2 0.250258
  6 2.230677 1.984243 62.978863 0.759006 0.157972 0.631629 0.239094 0.973872 2 6 0.654587 2 0.345413
  6 2.452809 -0.295696 62.391705 0.941114 -0.185222 0.282837 0.199931 0.974045 3 6 0.830544 2 0.113794 3 0.055663
corpse1
  6 1.852297 2.980201 62.984642 0.495136 0.399258 0.771643 0.252736 0.969148 2 6 0.532263 2 0.467737
  6 2.230677 1.984243 62.978863 0.759006 0.157972 0.631629 0.239094 0.973872 2 6 0.654587 2 0.345413
  6 2.380226 2.119256 62.663994 0.711344 0.098712 0.695878 0.238431 0.967206 2 6 0.749742 2 0.250258
corpse1
  6 1.852297 2.980201 62.984642 0.495136 0.399258 0.771643 0.252736 0.969148 2 6 0.532263 2 0.467737
  2 1.632427 2.812083 63.133038 0.343553 0.542856 0.766341 0.254220 0.972855 2 2 0.603252 6 0.396748
  6 2.230677 1.984243 62.978863 0.759006 0.157972 0.631629 0.239094 0.973872 2 6 0.654587 2 0.345413
corpse1
  2 0.071882 3.553895 62.963840 0.080290 0.804852 0.588019 0.278319 0.966457 3 2 0.586410 6 0.283685 3 0.129905
  2 1.632427 2.812083 63.133038 0.343553 0.542856 0.766341 0.254220 0.972855 2 2 0.603252 6 0.396748
  6 1.852297 2.980201 62.984642 0.495136 0.399258 0.771643 0.252736 0.969148 2 6 0.532263 2 0.467737
corpse1
  2 0.071882 3.553895 62.963840 0.080290 0.804852 0.588019 0.278319 0.966457 3 2 0.586410 6 0.283685 3 0.129905
  2 0.029154 3.462209 63.167770 -0.045758 0.937634 0.344600 0.278839 0.970779 3 2 0.634649 3 0.201069 6 0.164282
  2 1.632427 2.812083 63.133038 0.343553 0.542856 0.766341 0.254220 0.972855 2 2 0.603252 6 0.396748
corpse1
  13 -7.064085 1.307776 37.980534 0.258691 0.137091 -0.956182 0.091061 0.958534 2 13 0.758911 1 0.241089
  13 -5.754278 4.039761 38.481564 0.204327 0.080950 -0.975550 0.098638 0.956313 2 13 0.621607 1 0.378393
  13 -6.803813 1.044474 38.013195 0.320438 0.144701 -0.936152 0.090563 0.958389 2 13 0.851228 1 0.148772
corpse1
  13 -6.803813 1.044474 38.013195 0.320438 0.144701 -0.936152 0.090563 0.958389 2 13 0.851228 1 0.148772
  13 -7.190547 -1.199903 37.419918 0.379531 0.232472 -0.895496 0.084763 0.961019 2 13 0.906591 1 0.093409
  13 -7.064085 1.307776 37.980534 0.258691 0.137091 -0.956182 0.091061 0.958534 2 13 0.758911 1 0.241089
corpse1
  13 -6.803813 1.044474 38.013195 0.320438 0.144701 -0.936152 0.090563 0.958389 2 13 0.851228 1 0.148772
  13 -6.697630 -1.084894 37.685432 0.313911 0.277056 -0.908130 0.084937 0.959842 1 13 1.000000
  13 -7.190547 -1.199903 37.419918 0.379531 0.232472 -0.895496 0.084763 0.961019 2 13 0.906591 1 0.093409
corpse1
  13 -6.697630 -1.084894 37.685432 0.313911 0.277056 -0.908130 0.084937 0.959842 1 13 1.000000
  13 -6.260926 -3.370835 36.964626 0.185741 0.382923 -0.904914 0.078706 0.963038 2 13 0.943146 0 0.056854
  13 -7.190547 -1.199903 37.419918 0.379531 0.232472 -0.895496 0.084763 0.961019 2 13 0.906591 1 0.093409
corpse1
  13 -6.697630 -1.084894 37.685432 0.313911 0.277056 -0.908130 0.084937 0.959842 1 13 1.000000
  13 -5.894080 -3.292067 37.032631 0.117767 0.533395 -0.837628 0.078365 0.962736 2 13 0.873893 0 0.126107
  13 -6.260926 -3.370835 36.964626 0.185741 0.382923 -0.904914 0.078706 0.963038 2 13 0.943146 0 0.056854
corpse1
  13 -5.894080 -3.292067 37.032631 0.117767 0.533395 -0.837628 0.078365 0.962736 2 13 0.873893 0 0.126107
  13 -3.581199 -4.000411 36.813305 0.124297 0.684060 -0.718757 0.070778 0.963709 2 13 0.772000 0 0.228000
  13 -6.260926 -3.370835 36.964626 0.185741 0.382923 -0.904914 0.078706 0.963038 2 13 0.943146 0 0.056854
corpse1
  13 -5.894080 -3.292067 37.032631 0.117767 0.533395 -0.837628 0.078365 0.962736 2 13 0.873893 0 0.126107
  13 -3.479856 -3.721918 37.185215 0.150750 0.785772 -0.599864 0.071232 0.962060 3 13 0.676612 0 0.227029 10 0.096359
  13 -3.581199 -4.000411 36.813305 0.124297 0.684060 -0.718757 0.070778 0.963709 2 13 0.772000 0 0.228000
corpse1
  13 -3.479856 -3.721918 37.185215 0.150750 0.785772 -0.599864 0.071232 0.962060 3 13 0.676612 0 0.227029 10 0.096359
  13 0.046709 -4.699862 36.692390 0.054910 0.813534 -0.578919 0.057979 0.964245 3 13 0.389597 0 0.342400 10 0.268003
  13 -3.581199 -4.000411 36.813305 0.124297 0.684060 -0.718757 0.070778 0.963709 2 13 0.772000 0 0.228000
corpse1
  13 -3.479856 -3.721918 37.185215 0.150750 0.785772 -0.599864 0.071232 0.962060 3 13 0.676612 0 0.227029 10 0.096359
  10 0.087699 -4.432639 37.090927 -0.001954 0.660477 -0.750844 0.057808 0.962478 3 10 0.406802 0 0.342336 13 0.250862
  13 0.046709 -4.699862 36.692390 0.054910 0.813534 -0.578919 0.057979 0.964245 3 13 0.389597 0 0.342400 10 0.268003
corpse1
  10 0.087699 -4.432639 37.090927 -0.001954 0.660477 -0.750844 0.057808 0.962478 3 10 0.406802 0 0.342336 13 0.250862
  10 3.183706 -4.043471 37.041374 -0.017133 0.441678 -0.897010 0.046643 0.962698 3 10 0.658797 0 0.243019 13 0.098183
  13 0.046709 -4.699862 36.692390 0.054910 0.813534 -0.578919 0.057979 0.964245 3 13 0.389597 0 0.342400 10 0.268003
corpse1
  10 0.087699 -4.432639 37.090927 -0.001954 0.660477 -0.750844 0.057808 0.962478 3 10 0.406802 0 0.342336 13 0.250862
  10 3.154201 -3.820381 37.086033 0.057758 0.201073 -0.977872 0.046237 0.962500 3 10 0.688910 0 0.215615 13 0.095475
  10 3.183706 -4.043471 37.041374 -0.017133 0.441678 -0.897010 0.046643 0.962698 3 10 0.658797 0 0.243019 13 0.098183
corpse1
  10 3.154201 -3.820381 37.086033 0.057758 0.201073 -0.977872 0.046237 0.962500 3 10 0.688910 0 0.215615 13 0.095475
  10 5.713605 -2.966599 37.545849 0.074328 0.178845 -0.981066 0.037171 0.960461 3 10 0.813027 0 0.135246 1 0.051727
  10 3.183706 -4.043471 37.041374 -0.017133 0.441678 -0.897010 0.046643 0.962698 3 10 0.658797 0 0.243019 13 0.098183
corpse1
  10 3.154201 -3.820381 37.086033 0.057758 0.201073 -0.977872 0.046237 0.962500 3 10 0.688910 0 0.215615 13 0.095475
  10 5.471615 -2.670043 37.580730 -0.012938 0.201477 -0.979408 0.036634 0.960306 2 10 0.916984 0 0.083016
  10 5.713605 -2.966599 37.545849 0.074328 0.178845 -0.981066 0.037171 0.960461 3 10 0.813027 0 0.135246 1 0.051727
corpse1
  10 5.471615 -2.670043 37.580730 -0.012938 0.201477 -0.979408 0.036634 0.960306 2 10 0.916984 0 0.083016
  10 6.831722 -1.199545 37.779530 -0.100309 0.180893 -0.978374 0.031630 0.959425 2 10 0.917387 1 0.082613
  10 5.713605 -2.966599 37.545849 0.074328 0.178845 -0.981066 0.037171 0.960461 3 10 0.813027 0 0.135246 1 0.051727
corpse1
  10 5.471615 -2.670043 37.580730 -0.012938 0.201477 -0.979408 0.036634 0.960306 2 10 0.916984 0 0.083016
  10 6.540729 -1.214842 37.822941 -0.116591 0.181716 -0.976415 0.031757 0.959233 2 10 0.939158 1 0.060842
  10 6.831722 -1.199545 37.779530 -0.100309 0.180893 -0.978374 0.031630 0.959425 2 10 0.917387 1 0.082613
corpse1
  10 6.540729 -1.214842 37.822941 -0.116591 0.181716 -0.976415 0.031757 0.959233 2 10 0.939158 1 0.060842
  10 6.930348 1.615681 38.173725 -0.083103 0.141657 -0.986421 0.024407 0.957678 2 10 0.795136 1 0.204864
  10 6.831722 -1.199545 37.779530 -0.100309 0.180893 -0.978374 0.031630 0.959425 2 10 0.917387 1 0.082613
corpse1
  10 6.540729 -1.214842 37.822941 -0.116591 0.181716 -0.976415 0.031757 0.959233 2 10 0.939158 1 0.060842
  10 6.542295 1.357095 38.155598 -0.047813 0.141071 -0.988844 0.024770 0.957758 2 10 0.787659 1 0.212341
  10 6.930348 1.615681 38.173725 -0.083103 0.141657 -0.986421 0.024407 0.957678 2 10 0.795136 1 0.204864
corpse1
  10 6.542295 1.357095 38.155598 -0.047813 0.141071 -0.988844 0.024770 0.957758 2 10 0.787659 1 0.212341
  10 5.619893 4.156431 38.645164 -0.056479 0.153910 -0.986469 0.017225 0.955588 2 10 0.525602 1 0.474398
  10 6.930348 1.615681 38.173725 -0.083103 0.141657 -0.986421 0.024407 0.957678 2 10 0.795136 1 0.204864
corpse1
  13 -0.332972 -3.560616 32.958462 0.519842 -0.693764 -0.498454 0.139921 0.462994 3 13 0.578435 10 0.364389 0 0.057176
  13 -0.281836 -2.402201 32.002380 0.948386 -0.225711 -0.222752 0.143554 0.455211 2 13 0.700899 10 0.299101
  13 -0.006050 -0.759023 33.159172 0.993196 -0.083556 -0.081117 0.154962 0.457018 2 13 0.505510 10 0.494490
corpse1
  13 -0.212505 -0.831614 30.706118 0.979778 -0.081190 -0.182873 0.148479 0.444659 2 13 0.707056 10 0.292944
  13 -0.006050 -0.759023 33.159172 0.993196 -0.083556 -0.081117 0.154962 0.457018 2 13 0.505510 10 0.494490
  13 -0.281836 -2.402201 32.002380 0.948386 -0.225711 -0.222752 0.143554 0.455211 2 13 0.700899 10 0.299101
corpse1
  13 -0.006050 -0.759023 33.159172 0.993196 -0.083556 -0.081117 0.154962 0.457018 2 13 0.505510 10 0.494490
  13 -0.212505 -0.831614 30.706118 0.979778 -0.081190 -0.182873 0.148479 0.444659 2 13 0.707056 10 0.292944
  10 0.074066 3.081315 32.697052 0.950904 0.074342 -0.300425 0.173669 0.445221 2 10 0.593699 13 0.406301
corpse1
  8 24.382427 3.705661 35.325020 -0.751438 0.588047 0.299235 0.947915 0.525109 1 8 1.000000
  8 24.998842 3.592141 37.096043 -0.941231 0.307976 0.138690 0.951836 0.545244 1 8 1.000000
  8 25.024269 4.017719 36.323563 -0.941231 0.307976 0.138690 0.943155 0.537660 1 8 1.000000
corpse1
  8 24.998842 3.592141 37.096043 -0.941231 0.307976 0.138690 0.951836 0.545244 1 8 1.000000
  8 24.960135 4.194307 37.809422 -0.999030 -0.015285 -0.041305 0.944430 0.557306 1 8 1.000000
  8 25.024269 4.017719 36.323563 -0.941231 0.307976 0.138690 0.943155 0.537660 1 8 1.000000
corpse1
  5 -22.529148 0.613251 41.086052 -0.722638 0.662574 0.196953 0.729474 0.952078 1 5 1.000000
  5 -22.093317 1.224832 40.627720 -0.876819 0.473753 -0.082140 0.728496 0.967110 1 5 1.000000
  5 -22.910461 0.314852 40.690830 -0.744516 0.663332 -0.075408 0.732446 0.948495 1 5 1.000000
corpse1
  5 -22.910461 0.314852 40.690830 -0.744516 0.663332 -0.075408 0.732446 0.948495 1 5 1.000000
  5 -22.093317 1.224832 40.627720 -0.876819 0.473753 -0.082140 0.728496 0.967110 1 5 1.000000
  5 -22.348221 0.556461 39.956738 -0.843021 0.505643 -0.183414 0.739218 0.963018 1 5 1.000000
corpse1
  5 -21.791519 1.937113 39.435177 -0.998813 -0.045048 -0.018512 0.729774 0.988354 1 5 1.000000
  5 -22.348221 0.556461 39.956738 -0.843021 0.505643 -0.183414 0.739218 0.963018 1 5 1.000000
  5 -22.093317 1.224832 40.627720 -0.876819 0.473753 -0.082140 0.728496 0.967110 1 5 1.000000
corpse1
  5 -22.093317 1.224832 40.627720 -0.876819 0.473753 -0.082140 0.728496 0.967110 1 5 1.000000
  5 -21.925606 2.175572 40.536575 -0.992924 -0.036741 -0.112926 0.718280 0.980138 1 5 1.000000
  5 -21.791519 1.937113 39.435177 -0.998813 -0.045048 -0.018512 0.729774 0.988354 1 5 1.000000
corpse1
  5 -21.925606 2.175572 40.536575 -0.992924 -0.036741 -0.112926 0.718280 0.980138 1 5 1.000000
  5 -22.135794 3.023054 40.676647 -0.893055 -0.449577 0.018240 0.704455 0.986347 1 5 1.000000
  5 -21.791519 1.937113 39.435177 -0.998813 -0.045048 -0.018512 0.729774 0.988354 1 5 1.000000
corpse1
  5 -21.791519 1.937113 39.435177 -0.998813 -0.045048 -0.018512 0.729774 0.988354 1 5 1.000000
  5 -22.135794 3.023054 40.676647 -0.893055 -0.449577 0.018240 0.704455 0.986347 1 5 1.000000
  5 -22.738379 3.838793 39.815788 -0.760939 -0.648685 0.013405 0.693987 0.997110 1 5 1.000000
corpse1
  5 -22.669386 3.665755 41.027332 -0.606652 -0.752151 -0.257376 0.682607 0.985308 1 5 1.000000
  5 -22.738379 3.838793 39.815788 -0.760939 -0.648685 0.013405 0.693987 0.997110 1 5 1.000000
  5 -22.135794 3.023054 40.676647 -0.893055 -0.449577 0.018240 0.704455 0.986347 1 5 1.000000
corpse1
  5 -23.493820 4.277217 40.812782 -0.243222 -0.800160 -0.548259 0.674917 0.986022 1 5 1.000000
  5 -22.738379 3.838793 39.815788 -0.760939 -0.648685 0.013405 0.693987 0.997110 1 5 1.000000
  5 -22.669386 3.665755 41.027332 -0.606652 -0.752151 -0.257376 0.682607 0.985308 1 5 1.000000
corpse1
  5 -23.493820 4.277217 40.812782 -0.243222 -0.800160 -0.548259 0.674917 0.986022 1 5 1.000000
  5 -22.669386 3.665755 41.027332 -0.606652 -0.752151 -0.257376 0.682607 0.985308 1 5 1.000000
  5 -23.229574 3.591290 41.453621 0.169912 -0.507730 -0.844594 0.682050 0.975348 1 5 1.000000
corpse1
  5 -23.493820 4.277217 40.812782 -0.243222 -0.800160 -0.548259 0.674917 0.986022 1 5 1.000000
  5 -23.229574 3.591290 41.453621 0.169912 -0.507730 -0.844594 0.682050 0.975348 1 5 1.000000
  5 -23.986143 3.348683 41.332241 0.270529 -0.407188 -0.872360 0.679094 0.966374 1 5 1.000000
corpse1
  5 -24.164389 2.229433 41.539715 0.275283 -0.039371 -0.960557 0.690642 0.950351 1 5 1.000000
  5 -23.986143 3.348683 41.332241 0.270529 -0.407188 -0.872360 0.679094 0.966374 1 5 1.000000
  5 -23.229574 3.591290 41.453621 0.169912 -0.507730 -0.844594 0.682050 0.975348 1 5 1.000000
corpse1
  5 -23.464146 2.761575 41.699509 0.305902 -0.118882 -0.944611 0.689077 0.961677 1 5 1.000000
  5 -24.164389 2.229433 41.539715 0.275283 -0.039371 -0.960557 0.690642 0.950351 1 5 1.000000
  5 -23.229574 3.591290 41.453621 0.169912 -0.507730 -0.844594 0.682050 0.975348 1 5 1.000000
corpse1
  5 -24.164389 2.229433 41.539715 0.275283 -0.039371 -0.960557 0.690642 0.950351 1 5 1.000000
  5 -23.464146 2.761575 41.699509 0.305902 -0.118882 -0.944611 0.689077 0.961677 1 5 1.000000
  5 -23.138992 1.251045 41.514679 0.229526 0.398073 -0.888175 0.712846 0.949569 1 5 1.000000
corpse1
  5 -23.138992 1.251045 41.514679 0.229526 0.398073 -0.888175 0.712846 0.949569 1 5 1.000000
  5 -23.933865 1.437188 41.356850 0.268495 0.562594 -0.781920 0.704216 0.945328 1 5 1.000000
  5 -24.164389 2.229433 41.539715 0.275283 -0.039371 -0.960557 0.690642 0.950351 1 5 1.000000
corpse1
  5 -22.529148 0.613251 41.086052 0.267687 0.680543 -0.682059 0.729474 0.952078 1 5 1.000000
  5 -23.933865 1.437188 41.356850 0.268495 0.562594 -0.781920 0.704216 0.945328 1 5 1.000000
  5 -23.138992 1.251045 41.514679 0.229526 0.398073 -0.888175 0.712846 0.949569 1 5 1.000000
corpse1
  5 -23.933865 1.437188 41.356850 0.268495 0.562594 -0.781920 0.704216 0.945328 1 5 1.000000
  5 -22.529148 0.613251 41.086052 0.267687 0.680543 -0.682059 0.729474 0.952078 1 5 1.000000
  5 -22.910461 0.314852 40.690830 0.241091 0.648374 -0.722140 0.732446 0.948495 1 5 1.000000
corpse1
  5 -25.193851 2.137770 34.087978 0.916924 -0.377912 -0.128191 0.975156 0.505788 1 5 1.000000
  5 -25.007669 2.500845 34.349342 0.862399 -0.505563 0.025959 0.970109 0.510087 1 5 1.000000
  5 -25.303545 1.798598 34.303257 0.916428 -0.391547 0.082772 0.979870 0.508064 1 5 1.000000
corpse1
  5 -25.007669 2.500845 34.349342 0.862399 -0.505563 0.025959 0.970109 0.510087 1 5 1.000000
  5 -25.538855 1.796066 35.009754 0.750179 -0.533300 0.390925 0.979912 0.516122 1 5 1.000000
  5 -25.303545 1.798598 34.303257 0.916428 -0.391547 0.082772 0.979870 0.508064 1 5 1.000000
corpse1
  5 -25.007669 2.500845 34.349342 0.862399 -0.505563 0.025959 0.970109 0.510087 1 5 1.000000
  5 -24.867741 2.643405 35.161438 0.815500 -0.521505 0.250983 0.967433 0.520410 1 5 1.000000
  5 -25.538855 1.796066 35.009754 0.750179 -0.533300 0.390925 0.979912 0.516122 1 5 1.000000
corpse1
  5 -24.792307 3.186064 35.429203 0.755757 -0.371240 0.539455 0.959204 0.523332 1 5 1.000000
  5 -25.538855 1.796066 35.009754 0.750179 -0.533300 0.390925 0.979912 0.516122 1 5 1.000000
  5 -24.867741 2.643405 35.161438 0.815500 -0.521505 0.250983 0.967433 0.520410 1 5 1.000000
corpse1
  5 -24.867741 2.643405 35.161438 0.815500 -0.521505 0.250983 0.967433 0.520410 1 5 1.000000
  5 -24.697184 2.909365 34.488495 0.906810 -0.416460 0.065238 0.963043 0.511550 1 5 1.000000
  5 -24.792307 3.186064 35.429203 0.755757 -0.371240 0.539455 0.959204 0.523332 1 5 1.000000
corpse1
  5 -24.697184 2.909365 34.488495 0.906810 -0.416460 0.065238 0.963043 0.511550 1 5 1.000000
  5 -24.867741 2.643405 35.161438 0.815500 -0.521505 0.250983 0.967433 0.520410 1 5 1.000000
  5 -25.007669 2.500845 34.349342 0.862399 -0.505563 0.025959 0.970109 0.510087 1 5 1.000000
corpse1
  8 25.643221 1.056988 34.108402 0.018170 0.167980 -0.985623 0.989166 0.505472 1 8 1.000000
  8 25.466820 1.191989 34.128159 0.018170 0.167980 -0.985623 0.987308 0.506549 1 8 1.000000
  8 25.644928 1.394312 34.165924 0.018170 0.167980 -0.985623 0.984535 0.506188 1 8 1.000000
corpse1
  12 1.547823 2.829300 0.673655 -0.977372 0.211031 0.014477 0.807598 0.696652 1 12 1.000000
  12 1.909357 -1.201556 0.786556 -0.990806 -0.134978 -0.009222 0.791241 0.727216 1 12 1.000000
  12 1.453191 1.580368 1.435708 -0.997001 0.076770 -0.009805 0.799529 0.702497 2 12 0.892899 11 0.107101
corpse1
  12 1.979902 -0.969802 2.992852 -0.887110 -0.287613 0.360991 0.771780 0.715760 2 12 0.826521 11 0.173479
  12 1.453191 1.580368 1.435708 -0.997001 0.076770 -0.009805 0.799529 0.702497 2 12 0.892899 11 0.107101
  12 1.909357 -1.201556 0.786556 -0.990806 -0.134978 -0.009222 0.791241 0.727216 1 12 1.000000
corpse1
  12 1.979902 -0.969802 2.992852 -0.887110 -0.287613 0.360991 0.771780 0.715760 2 12 0.826521 11 0.173479
  12 1.909357 -1.201556 0.786556 -0.990806 -0.134978 -0.009222 0.791241 0.727216 1 12 1.000000
  12 2.483889 -5.104689 0.426521 -0.934352 -0.335893 0.119007 0.778757 0.759880 1 12 1.000000
corpse1
  12 1.979902 -0.969802 2.992852 -0.887110 -0.287613 0.360991 0.771780 0.715760 2 12 0.826521 11 0.173479
  12 2.483889 -5.104689 0.426521 -0.934352 -0.335893 0.119007 0.778757 0.759880 1 12 1.000000
  12 3.518306 -6.515806 1.840722 -0.527700 -0.611218 0.589869 0.766772 0.767018 1 12 1.000000
corpse1
  12 3.518306 -6.515806 1.840722 -0.527700 -0.611218 0.589869 0.766772 0.767018 1 12 1.000000
  12 4.591475 -4.376857 2.874177 0.027330 -0.423485 0.905491 0.752153 0.748427 1 12 1.000000
  12 1.979902 -0.969802 2.992852 -0.887110 -0.287613 0.360991 0.771780 0.715760 2 12 0.826521 11 0.173479
corpse1
  12 4.591475 -4.376857 2.874177 0.027330 -0.423485 0.905491 0.752153 0.748427 1 12 1.000000
  12 3.518306 -6.515806 1.840722 -0.527700 -0.611218 0.589869 0.766772 0.767018 1 12 1.000000
  12 5.068415 -7.284070 1.004454 0.272738 -0.853825 0.443393 0.754004 0.777961 1 12 1.000000
corpse1
  12 4.591475 -4.376857 2.874177 0.027330 -0.423485 0.905491 0.752153 0.748427 1 12 1.000000
  12 5.068415 -7.284070 1.004454 0.272738 -0.853825 0.443393 0.754004 0.777961 1 12 1.000000
  12 6.206971 -5.977310 1.744560 0.763897 -0.351016 0.541525 0.739921 0.768360 1 12 1.000000
corpse1
  12 6.252696 -6.313210 0.542661 0.901888 -0.417795 0.109749 0.737317 0.774889 1 12 1.000000
  12 6.206971 -5.977310 1.744560 0.763897 -0.351016 0.541525 0.739921 0.768360 1 12 1.000000
  12 5.068415 -7.284070 1.004454 0.272738 -0.853825 0.443393 0.754004 0.777961 1 12 1.000000
corpse1
  12 6.206971 -5.977310 1.744560 0.763897 -0.351016 0.541525 0.739921 0.768360 1 12 1.000000
  12 6.252696 -6.313210 0.542661 0.901888 -0.417795 0.109749 0.737317 0.774889 1 12 1.000000
  12 6.378936 -3.731774 0.455940 0.996507 0.075599 0.035468 0.729410 0.756041 1 12 1.000000
corpse1
  12 6.206971 -5.977310 1.744560 0.763897 -0.351016 0.541525 0.739921 0.768360 1 12 1.000000
  12 6.378936 -3.731774 0.455940 0.996507 0.075599 0.035468 0.729410 0.756041 1 12 1.000000
  11 5.578300 -0.252810 3.318718 0.899077 0.090400 0.428356 0.734394 0.715556 1 11 1.000000
corpse1
  12 5.661658 -0.374941 0.786561 0.965698 0.259189 -0.015773 0.716094 0.727924 1 12 1.000000
  11 5.578300 -0.252810 3.318718 0.899077 0.090400 0.428356 0.734394 0.715556 1 11 1.000000
  12 6.378936 -3.731774 0.455940 0.996507 0.075599 0.035468 0.729410 0.756041 1 12 1.000000
corpse1
  11 5.578300 -0.252810 3.318718 0.899077 0.090400 0.428356 0.734394 0.715556 1 11 1.000000
  12 5.661658 -0.374941 0.786561 0.965698 0.259189 -0.015773 0.716094 0.727924 1 12 1.000000
  12 4.590927 3.382859 1.759293 0.740660 0.667898 0.073046 0.707391 0.693265 2 12 0.689660 11 0.310340
corpse1
  12 5.661658 -0.374941 0.786561 0.965698 0.259189 -0.015773 0.716094 0.727924 1 12 1.000000
  12 4.419470 3.476746 0.673655 0.796774 0.603795 -0.024138 0.702118 0.697081 1 12 1.000000
  12 4.590927 3.382859 1.759293 0.740660 0.667898 0.073046 0.707391 0.693265 2 12 0.689660 11 0.310340
corpse1
  12 6.206971 -5.977310 1.744560 0.763897 -0.351016 0.541525 0.739921 0.768360 1 12 1.000000
  11 5.578300 -0.252810 3.318718 0.899077 0.090400 0.428356 0.734394 0.715556 1 11 1.000000
  12 4.591475 -4.376857 2.874177 0.027330 -0.423485 0.905491 0.752153 0.748427 1 12 1.000000
corpse1
  11 3.537209 -2.033490 3.990844 0.461872 -0.203573 0.863268 0.755856 0.723824 2 11 0.537068 12 0.462932
  12 4.591475 -4.376857 2.874177 0.027330 -0.423485 0.905491 0.752153 0.748427 1 12 1.000000
  11 5.578300 -0.252810 3.318718 0.899077 0.090400 0.428356 0.734394 0.715556 1 11 1.000000
corpse1
  12 1.979902 -0.969802 2.992852 -0.887110 -0.287613 0.360991 0.771780 0.715760 2 12 0.826521 11 0.173479
  11 1.535664 2.329965 2.590027 -0.977023 0.203758 -0.062512 0.795787 0.691849 2 11 0.810496 12 0.189504
  12 1.453191 1.580368 1.435708 -0.997001 0.076770 -0.009805 0.799529 0.702497 2 12 0.892899 11 0.107101
corpse1
  12 5.068415 -7.284070 1.004454 0.272738 -0.853825 0.443393 0.754004 0.777961 1 12 1.000000
  12 3.518306 -6.515806 1.840722 -0.527700 -0.611218 0.589869 0.766772 0.767018 1 12 1.000000
  12 3.560703 -6.852373 0.638943 -0.622828 -0.762873 0.173520 0.770774 0.772148 1 12 1.000000
corpse1
  12 3.560703 -6.852373 0.638943 -0.622828 -0.762873 0.173520 0.770774 0.772148 1 12 1.000000
  12 3.518306 -6.515806 1.840722 -0.527700 -0.611218 0.589869 0.766772 0.767018 1 12 1.000000
  12 2.483889 -5.104689 0.426521 -0.934352 -0.335893 0.119007 0.778757 0.759880 1 12 1.000000
corpse1
  12 1.979902 -0.969802 2.992852 -0.887110 -0.287613 0.360991 0.771780 0.715760 2 12 0.826521 11 0.173479
  12 4.591475 -4.376857 2.874177 0.027330 -0.423485 0.905491 0.752153 0.748427 1 12 1.000000
  11 3.537209 -2.033490 3.990844 -0.683533 -0.541009 0.489991 0.755856 0.723824 2 11 0.537068 12 0.462932
corpse1
  12 4.590927 3.382859 1.759293 0.740660 0.667898 0.073046 0.707391 0.693265 2 12 0.689660 11 0.310340
  11 4.365224 3.261915 2.786048 0.719676 0.653276 0.235152 0.713108 0.689180 2 11 0.802438 12 0.197562
  11 5.578300 -0.252810 3.318718 0.899077 0.090400 0.428356 0.734394 0.715556 1 11 1.000000
corpse1
  12 4.590927 3.382859 1.759293 0.740660 0.667898 0.073046 0.804217 0.655083 2 12 0.689660 11 0.310340
  11 2.572892 4.171918 2.768509 0.414059 0.901932 0.122775 0.795101 0.672080 1 11 1.000000
  11 4.365224 3.261915 2.786048 0.719676 0.653276 0.235152 0.793483 0.657737 2 11 0.802438 12 0.197562
corpse1
  12 4.590927 3.382859 1.759293 0.740660 0.667898 0.073046 0.804217 0.655083 2 12 0.689660 11 0.310340
  12 2.605487 4.248331 0.902254 0.389832 0.920756 0.015470 0.814607 0.671485 1 12 1.000000
  11 2.572892 4.171918 2.768509 0.414059 0.901932 0.122775 0.795101 0.672080 1 11 1.000000
corpse1
  12 4.590927 3.382859 1.759293 0.740660 0.667898 0.073046 0.804217 0.655083 2 12 0.689660 11 0.310340
  12 4.419470 3.476746 0.673655 0.796774 0.603795 -0.024138 0.815674 0.656431 1 12 1.000000
  12 2.605487 4.248331 0.902254 0.389832 0.920756 0.015470 0.814607 0.671485 1 12 1.000000
corpse1
  8 23.139000 1.251047 41.514683 0.736680 -0.454525 0.500709 0.889340 0.608564 1 8 1.000000
  8 22.529156 0.613253 41.086056 0.482464 -0.757215 0.440289 0.873358 0.603682 1 8 1.000000
  8 23.240088 0.419391 39.973618 0.568405 -0.734594 0.370525 0.876704 0.587189 1 8 1.000000
corpse1
  8 24.663046 1.410794 39.517540 0.744595 -0.340807 0.573959 0.896092 0.581325 1 8 1.000000
  8 23.240088 0.419391 39.973618 0.568405 -0.734594 0.370525 0.876704 0.587189 1 8 1.000000
  8 25.564167 0.885268 37.984016 0.600614 -0.741548 0.298947 0.892241 0.559725 1 8 1.000000
corpse1
  8 23.240088 0.419391 39.973618 0.568405 -0.734594 0.370525 0.876704 0.587189 1 8 1.000000
  8 24.663046 1.410794 39.517540 0.744595 -0.340807 0.573959 0.896092 0.581325 1 8 1.000000
  8 23.139000 1.251047 41.514683 0.736680 -0.454525 0.500709 0.889340 0.608564 1 8 1.000000
corpse1
  8 23.139000 1.251047 41.514683 0.736680 -0.454525 0.500709 0.889340 0.608564 1 8 1.000000
  8 24.663046 1.410794 39.517540 0.744595 -0.340807 0.573959 0.896092 0.581325 1 8 1.000000
  8 24.417664 3.080744 39.902687 0.835265 0.084769 0.543273 0.918922 0.587120 1 8 1.000000
corpse1
  8 23.464153 2.761577 41.699512 0.876310 0.067434 0.477004 0.911386 0.611796 1 8 1.000000
  8 23.139000 1.251047 41.514683 0.736680 -0.454525 0.500709 0.889340 0.608564 1 8 1.000000
  8 24.417664 3.080744 39.902687 0.835265 0.084769 0.543273 0.918922 0.587120 1 8 1.000000
corpse1
  8 23.229582 3.591292 41.453625 0.801485 0.308064 0.512560 0.924685 0.608165 1 8 1.000000
  8 23.464153 2.761577 41.699512 0.876310 0.067434 0.477004 0.911386 0.611796 1 8 1.000000
  8 24.417664 3.080744 39.902687 0.835265 0.084769 0.543273 0.918922 0.587120 1 8 1.000000
corpse1
  8 23.229582 3.591292 41.453625 0.801485 0.308064 0.512560 0.924685 0.608165 1 8 1.000000
  8 24.417664 3.080744 39.902687 0.835265 0.084769 0.543273 0.918922 0.587120 1 8 1.000000
  8 25.449062 4.041116 37.911419 0.955235 0.250918 0.156737 0.936089 0.560370 1 8 1.000000
corpse1
  8 24.417664 3.080744 39.902687 0.835265 0.084769 0.543273 0.918922 0.587120 1 8 1.000000
  8 25.912098 1.694397 37.937603 0.945691 0.221885 0.237561 0.903758 0.559848 1 8 1.000000
  8 25.449062 4.041116 37.911419 0.955235 0.250918 0.156737 0.936089 0.560370 1 8 1.000000
corpse1
  8 25.912098 1.694397 37.937603 0.945691 0.221885 0.237561 0.903758 0.559848 1 8 1.000000
  8 25.571306 2.824094 35.363140 0.822198 0.487503 -0.293821 0.919903 0.523784 1 8 1.000000
  8 25.449062 4.041116 37.911419 0.955235 0.250918 0.156737 0.936089 0.560370 1 8 1.000000
corpse1
  8 25.904570 2.070840 35.690105 0.949245 -0.188162 -0.252051 0.909947 0.528334 1 8 1.000000
  8 25.571306 2.824094 35.363140 0.822198 0.487503 -0.293821 0.919903 0.523784 1 8 1.000000
  8 25.912098 1.694397 37.937603 0.945691 0.221885 0.237561 0.903758 0.559848 1 8 1.000000
corpse1
  8 25.007681 2.500848 34.349346 0.708566 0.511810 -0.485782 0.914370 0.509120 1 8 1.000000
  8 25.571306 2.824094 35.363140 0.822198 0.487503 -0.293821 0.919903 0.523784 1 8 1.000000
  8 25.904570 2.070840 35.690105 0.949245 -0.188162 -0.252051 0.909947 0.528334 1 8 1.000000
corpse1
  8 25.007681 2.500848 34.349346 0.708566 0.511810 -0.485782 0.914370 0.509120 1 8 1.000000
  8 25.904570 2.070840 35.690105 0.949245 -0.188162 -0.252051 0.909947 0.528334 1 8 1.000000
  8 25.193863 2.137773 34.087982 0.866672 0.334077 -0.370502 0.909800 0.505432 1 8 1.000000
corpse1
  8 25.303556 1.798601 34.303261 0.912570 -0.201239 -0.355975 0.905192 0.508417 1 8 1.000000
  8 25.193863 2.137773 34.087982 0.866672 0.334077 -0.370502 0.909800 0.505432 1 8 1.000000
  8 25.904570 2.070840 35.690105 0.949245 -0.188162 -0.252051 0.909947 0.528334 1 8 1.000000
corpse1
  8 25.303556 1.798601 34.303261 0.912570 -0.201239 -0.355975 0.905192 0.508417 1 8 1.000000
  8 25.904570 2.070840 35.690105 0.949245 -0.188162 -0.252051 0.909947 0.528334 1 8 1.000000
  8 25.538866 1.796069 35.009758 0.547332 -0.819890 -0.167953 0.905448 0.518482 1 8 1.000000
corpse1
  8 25.538866 1.796069 35.009758 0.547332 -0.819890 -0.167953 0.905448 0.518482 1 8 1.000000
  8 25.904570 2.070840 35.690105 0.949245 -0.188162 -0.252051 0.909947 0.528334 1 8 1.000000
  8 25.678970 1.740557 36.196903 0.294498 -0.951713 -0.086674 0.904534 0.535244 1 8 1.000000
corpse1
  8 25.678970 1.740557 36.196903 0.294498 -0.951713 -0.086674 0.904534 0.535244 1 8 1.000000
  8 25.904570 2.070840 35.690105 0.949245 -0.188162 -0.252051 0.909947 0.528334 1 8 1.000000
  8 25.606472 1.639596 37.011185 0.710701 -0.700181 -0.068194 0.902609 0.546633 1 8 1.000000
corpse1
  8 25.606472 1.639596 37.011185 0.710701 -0.700181 -0.068194 0.902609 0.546633 1 8 1.000000
  8 25.904570 2.070840 35.690105 0.949245 -0.188162 -0.252051 0.909947 0.528334 1 8 1.000000
  8 25.912098 1.694397 37.937603 0.564718 -0.813635 -0.138170 0.903758 0.559848 1 8 1.000000
corpse1
  8 25.571306 2.824094 35.363140 0.822198 0.487503 -0.293821 0.919903 0.523784 1 8 1.000000
  8 25.324923 3.385858 36.050529 0.854144 0.379463 -0.355591 0.929355 0.533494 1 8 1.000000
  8 25.449062 4.041116 37.911419 0.955235 0.250918 0.156737 0.936089 0.560370 1 8 1.000000
corpse1
  8 25.449062 4.041116 37.911419 0.955235 0.250918 0.156737 0.936089 0.560370 1 8 1.000000
  8 25.324923 3.385858 36.050529 0.854144 0.379463 -0.355591 0.929355 0.533494 1 8 1.000000
  8 25.388395 3.865272 36.232502 0.939272 0.005884 -0.343124 0.935551 0.536686 1 8 1.000000
corpse1
  8 24.478895 3.595535 35.044701 0.656691 0.537409 -0.529101 0.940478 0.520453 1 8 1.000000
  8 25.388395 3.865272 36.232502 0.939272 0.005884 -0.343124 0.935551 0.536686 1 8 1.000000
  8 25.324923 3.385858 36.050529 0.854144 0.379463 -0.355591 0.929355 0.533494 1 8 1.000000
corpse1
  8 24.478895 3.595535 35.044701 0.656691 0.537409 -0.529101 0.940478 0.520453 1 8 1.000000
  8 25.324923 3.385858 36.050529 0.854144 0.379463 -0.355591 0.929355 0.533494 1 8 1.000000
  8 25.571306 2.824094 35.363140 0.822198 0.487503 -0.293821 0.919903 0.523784 1 8 1.000000
corpse1
  8 24.478895 3.595535 35.044701 0.656691 0.537409 -0.529101 0.940478 0.520453 1 8 1.000000
  8 25.571306 2.824094 35.363140 0.822198 0.487503 -0.293821 0.919903 0.523784 1 8 1.000000
  8 25.007681 2.500848 34.349346 0.708566 0.511810 -0.485782 0.914370 0.509120 1 8 1.000000
corpse1
  8 24.697191 2.909368 34.488499 0.572489 0.618466 -0.538290 0.919329 0.511036 1 8 1.000000
  8 24.478895 3.595535 35.044701 0.656691 0.537409 -0.529101 0.940478 0.520453 1 8 1.000000
  8 25.007681 2.500848 34.349346 0.708566 0.511810 -0.485782 0.914370 0.509120 1 8 1.000000
corpse1
  11 5.616565 -0.726280 8.327653 -0.406402 -0.851416 0.331554 0.336071 0.075510 1 11 1.000000
  11 6.086936 1.014338 13.374039 -0.406402 -0.851416 0.331554 0.364905 0.136268 1 11 1.000000
  11 4.519899 -1.020297 6.228393 -0.406402 -0.851416 0.331554 0.320510 0.049909 1 11 1.000000
corpse1
  11 2.680372 4.539165 2.663536 0.047751 -0.287417 -0.956614 0.008519 0.402351 1 11 1.000000
  11 4.836351 3.356994 2.701383 -0.132529 -0.222532 -0.965875 0.020573 0.402057 2 11 0.784098 12 0.215902
  11 2.572892 4.171918 2.768509 0.003950 -0.191578 -0.981469 0.008972 0.404231 1 11 1.000000
corpse1
  11 4.836351 3.356994 2.701383 -0.132529 -0.222532 -0.965875 0.020573 0.402057 2 11 0.784098 12 0.215902
  11 4.365224 3.261915 2.786048 -0.128125 -0.225189 -0.965854 0.018814 0.403671 2 11 0.802438 12 0.197562
  11 2.572892 4.171918 2.768509 0.003950 -0.191578 -0.981469 0.008972 0.404231 1 11 1.000000
corpse1
  11 4.836351 3.356994 2.701383 -0.132529 -0.222532 -0.965875 0.020573 0.402057 2 11 0.784098 12 0.215902
  11 5.578300 -0.252810 3.318718 -0.151785 -0.190952 -0.969793 0.032646 0.415817 1 11 1.000000
  11 4.365224 3.261915 2.786048 -0.128125 -0.225189 -0.965854 0.018814 0.403671 2 11 0.802438 12 0.197562
corpse1
  11 4.836351 3.356994 2.701383 -0.132529 -0.222532 -0.965875 0.020573 0.402057 2 11 0.784098 12 0.215902
  11 6.151217 -0.153771 3.204773 -0.214094 -0.112540 -0.970308 0.034827 0.413915 1 11 1.000000
  11 5.578300 -0.252810 3.318718 -0.151785 -0.190952 -0.969793 0.032646 0.415817 1 11 1.000000
corpse1
  11 3.537209 -2.033490 3.990844 -0.017176 0.069736 -0.997418 0.028408 0.428490 2 11 0.537068 12 0.462932
  11 5.578300 -0.252810 3.318718 -0.151785 -0.190952 -0.969793 0.032646 0.415817 1 11 1.000000
  11 6.151217 -0.153771 3.204773 -0.214094 -0.112540 -0.970308 0.034827 0.413915 1 11 1.000000
corpse1
  11 6.151217 -0.153771 3.204773 -0.214094 -0.112540 -0.970308 0.034827 0.413915 1 11 1.000000
  11 4.680367 -2.567489 3.583840 -0.168642 0.343228 -0.923988 0.034570 0.427894 1 11 1.000000
  11 3.537209 -2.033490 3.990844 -0.017176 0.069736 -0.997418 0.028408 0.428490 2 11 0.537068 12 0.462932
corpse1
  11 3.537209 -2.033490 3.990844 -0.017176 0.069736 -0.997418 0.028408 0.428490 2 11 0.537068 12 0.462932
  11 4.680367 -2.567489 3.583840 -0.168642 0.343228 -0.923988 0.034570 0.427894 1 11 1.000000
  11 2.185139 -2.675810 3.507138 -0.568373 -0.558374 -0.604294 0.024272 0.434384 2 11 0.767258 12 0.232742
corpse1
  12 1.979902 -0.969802 2.992852 -0.020074 -0.230672 -0.972824 0.019182 0.427354 2 12 0.826521 11 0.173479
  11 3.537209 -2.033490 3.990844 -0.017176 0.069736 -0.997418 0.028408 0.428490 2 11 0.537068 12 0.462932
  11 2.185139 -2.675810 3.507138 -0.568373 -0.558374 -0.604294 0.024272 0.434384 2 11 0.767258 12 0.232742
corpse1
  11 2.185139 -2.675810 3.507138 -0.568373 -0.558374 -0.604294 0.024272 0.434384 2 11 0.767258 12 0.232742
  11 1.204625 1.076643 2.719859 -0.651391 -0.193473 -0.733660 0.010836 0.420479 1 11 1.000000
  12 1.979902 -0.969802 2.992852 -0.020074 -0.230672 -0.972824 0.019182 0.427354 2 12 0.826521 11 0.173479
corpse1
  11 1.535664 2.329965 2.590027 -0.049889 -0.027093 -0.998387 0.009137 0.414329 2 11 0.810496 12 0.189504
  12 1.979902 -0.969802 2.992852 -0.020074 -0.230672 -0.972824 0.019182 0.427354 2 12 0.826521 11 0.173479
  11 1.204625 1.076643 2.719859 -0.651391 -0.193473 -0.733660 0.010836 0.420479 1 11 1.000000
corpse1
  11 1.204625 1.076643 2.719859 -0.651391 -0.193473 -0.733660 0.010836 0.420479 1 11 1.000000
  11 1.067069 3.516495 2.657092 0.005431 -0.099971 -0.994975 0.004217 0.410564 1 11 1.000000
  11 1.535664 2.329965 2.590027 -0.049889 -0.027093 -0.998387 0.009137 0.414329 2 11 0.810496 12 0.189504
corpse1
  11 1.067069 3.516495 2.657092 0.005431 -0.099971 -0.994975 0.004217 0.410564 1 11 1.000000
  11 2.572892 4.171918 2.768509 0.003950 -0.191578 -0.981469 0.008972 0.404231 1 11 1.000000
  11 1.535664 2.329965 2.590027 -0.049889 -0.027093 -0.998387 0.009137 0.414329 2 11 0.810496 12 0.189504
corpse1
  11 2.572892 4.171918 2.768509 0.003950 -0.191578 -0.981469 0.008972 0.404231 1 11 1.000000
  11 1.067069 3.516495 2.657092 0.005431 -0.099971 -0.994975 0.004217 0.410564 1 11 1.000000
  11 2.680372 4.539165 2.663536 0.047751 -0.287417 -0.956614 0.008519 0.402351 1 11 1.000000
end
