// Created by Crowbar 0.74
version 1
nodes
  0 "ValveBiped.Bip01" -1
  1 "ValveBiped.Bip01_Pelvis" 0
  2 "ValveBiped.Bip01_L_Thigh" 1
  3 "ValveBiped.Bip01_L_Calf" 2
  4 "ValveBiped.Bip01_L_Foot" 3
  5 "ValveBiped.Bip01_R_Thigh" 1
  6 "ValveBiped.Bip01_R_Calf" 5
  7 "ValveBiped.Bip01_R_Foot" 6
  8 "ValveBiped.Bip01_Spine" 0
  9 "ValveBiped.Bip01_Spine1" 8
  10 "ValveBiped.Bip01_Spine2" 9
  11 "ValveBiped.Bip01_Spine4" 10
  12 "ValveBiped.Bip01_Neck1" 11
  13 "ValveBiped.Bip01_Head1" 12
  14 "ValveBiped.Bip01_L_Clavicle" 11
  15 "ValveBiped.Bip01_L_UpperArm" 14
  16 "ValveBiped.Bip01_L_Forearm" 15
  17 "ValveBiped.Bip01_L_Hand" 16
  18 "ValveBiped.Bip01_L_Finger3" 17
  19 "ValveBiped.Bip01_L_Finger31" 18
  20 "ValveBiped.Bip01_L_Finger32" 19
  21 "ValveBiped.Bip01_L_Finger1" 17
  22 "ValveBiped.Bip01_L_Finger11" 21
  23 "ValveBiped.Bip01_L_Finger12" 22
  24 "ValveBiped.Bip01_L_Finger2" 17
  25 "ValveBiped.Bip01_L_Finger21" 24
  26 "ValveBiped.Bip01_L_Finger22" 25
  27 "ValveBiped.Bip01_R_Clavicle" 11
  28 "ValveBiped.Bip01_R_UpperArm" 27
  29 "ValveBiped.Bip01_R_Forearm" 28
  30 "ValveBiped.Bip01_R_Hand" 29
  31 "ValveBiped.Bip01_R_Finger3" 30
  32 "ValveBiped.Bip01_R_Finger31" 31
  33 "ValveBiped.Bip01_R_Finger32" 32
  34 "ValveBiped.Bip01_R_Finger2" 30
  35 "ValveBiped.Bip01_R_Finger21" 34
  36 "ValveBiped.Bip01_R_Finger22" 35
  37 "ValveBiped.Bip01_R_Finger1" 30
  38 "ValveBiped.Bip01_R_Finger11" 37
  39 "ValveBiped.Bip01_R_Finger12" 38
  40 "ValveBiped.HC_BodyCube" 11
  41 "ValveBiped.HC_HeadCube" 40
  42 "ValveBiped.HC_BoneLF" 41
  43 "ValveBiped.HC_BoneLF1" 42
  44 "ValveBiped.HC_BoneRF" 41
  45 "ValveBiped.HC_BoneRF1" 44
  46 "ValveBiped.HC_BoneLB" 40
  47 "ValveBiped.HC_BoneLB1" 46
  48 "ValveBiped.HC_BoneLB2" 47
  49 "ValveBiped.HC_BoneRB" 40
  50 "ValveBiped.HC_BoneRB1" 49
  51 "ValveBiped.HC_BoneRB2" 50
end
skeleton
  time 0
    0 1.516078 0.000000 38.353989 1.570796 0.000000 -1.570796
    1 0.000000 0.000000 0.000000 0.000000 0.000000 0.000000
    2 3.890447 0.000000 0.000000 -1.570796 -0.054711 -1.451993
    3 17.591000 0.000000 0.000000 0.000000 0.000000 0.153903
    4 17.699581 0.000000 0.000000 -0.122557 0.022046 -1.083904
    5 -3.890447 0.000000 0.000000 -1.570797 -0.054711 -1.689600
    6 17.590998 0.000000 0.000000 0.000000 0.000000 0.153903
    7 17.699581 0.000000 0.000000 0.133252 -0.022046 -1.083904
    8 0.000000 3.345132 -2.981898 1.570796 0.052893 1.570796
    9 4.126621 0.000000 0.000000 0.000000 0.000000 -0.109958
    10 3.612873 0.000000 0.000000 0.000000 0.000000 0.157085
    11 9.183975 0.000000 0.000000 0.000000 0.000000 0.173457
    12 3.138083 0.000000 0.000000 3.141592 0.000000 -0.936567
    13 1.707666 0.000001 0.000000 0.000000 0.000000 -0.403112
    14 1.663039 1.210510 2.595493 1.585881 -1.286515 2.954168
    15 6.028141 0.000002 0.000000 -1.570685 -0.056434 -0.592417
    16 12.693002 0.000000 0.000001 0.000000 0.000000 -0.762857
    17 11.575974 0.000001 -0.000031 1.151993 -0.002657 0.038189
    18 5.562233 -0.288268 -0.510574 -3.061675 0.198455 -0.005041
    19 5.158500 -0.000001 -0.000001 -0.070282 -0.005680 0.008797
    20 3.326002 -0.000001 0.000000 0.008885 -0.007390 0.009850
    21 5.591166 -0.279020 1.848881 -3.062784 -0.107159 0.004678
    22 5.292999 0.000001 -0.000002 -0.073575 -0.006250 0.008402
    23 3.079116 -0.000001 0.000002 0.006978 -0.006850 0.007920
    24 5.739738 -0.095433 0.607274 -3.063221 0.025568 -0.018370
    25 5.652501 -0.000001 0.000000 -0.067745 -0.006072 0.008532
    26 3.325017 0.000000 -0.000002 0.009338 -0.006636 0.008100
    27 1.663050 1.210515 -2.595442 -1.665774 1.282032 2.945760
    28 6.028141 -0.000001 0.000000 1.632088 0.067144 -0.580410
    29 12.693002 0.000000 0.000003 0.000000 0.000000 -0.811694
    30 11.599607 0.000002 0.000001 -1.164891 -0.106508 0.028596
    31 5.928185 0.378912 0.637283 2.945638 -0.186886 0.107105
    32 5.074002 0.000001 -0.000001 0.000000 0.000000 0.000000
    33 3.325999 0.000001 0.000002 0.000000 -0.000001 0.000000
    34 6.189647 0.568800 -0.554352 2.949214 -0.013682 0.082709
    35 5.511002 0.000002 0.000001 0.000000 0.000000 0.012404
    36 3.325017 -0.000001 -0.000001 0.000000 0.000000 -0.009884
    37 5.900460 0.299200 -1.780354 2.948545 0.128545 0.102472
    38 5.248501 0.000003 -0.000001 0.000000 0.000000 0.011838
    39 3.151001 0.000001 -0.000001 0.000000 0.000000 -0.010015
    40 7.600445 -0.908441 0.636362 0.000000 -1.570796 2.973902
    41 0.051795 -3.221541 -2.149795 1.570796 -0.003965 -3.124561
    42 -3.929418 0.000003 0.000000 0.456323 0.600730 -2.513550
    43 13.106231 0.000003 0.000000 0.000000 0.000000 2.026915
    44 3.929418 -0.000002 0.000000 -0.411327 0.538162 -0.583342
    45 13.106231 0.000002 0.000000 0.000000 0.000000 -2.064136
    46 3.007646 4.344520 0.542817 1.321605 -0.270767 0.706112
    47 10.074753 -0.000005 -0.000001 0.000000 0.000000 -1.630424
    48 10.292003 -0.000002 0.000000 0.000000 0.000000 -0.425803
    49 -2.753414 4.323161 0.558394 1.931780 -0.224239 2.278513
    50 10.074757 0.000002 0.000000 0.000000 0.000000 -1.604180
    51 10.292000 -0.000001 -0.000001 0.000000 0.000000 -0.406073
  time 1
    0 1.702577 -2.538493 37.889811 1.570796 0.000000 -1.642224
    1 0.000000 0.000000 0.000000 0.000000 0.000000 0.000000
    2 3.890447 0.000000 0.000000 -1.570796 -0.054711 -1.451993
    3 17.591000 0.000000 0.000000 0.000000 0.000000 0.153903
    4 17.699581 0.000000 0.000000 -0.122557 0.022046 -1.083904
    5 -3.890447 0.000000 0.000000 -1.570797 -0.054711 -1.689600
    6 17.590998 0.000000 0.000000 0.000000 0.000000 0.153903
    7 17.699581 0.000000 0.000000 0.133252 -0.022046 -1.083904
    8 0.000000 3.345132 -2.981898 1.570796 0.052893 1.570796
    9 4.126621 0.000000 0.000000 0.000000 0.000000 -0.109958
    10 3.612873 0.000000 0.000000 0.000000 0.000000 0.157085
    11 9.183975 0.000000 0.000000 0.000000 0.000000 0.173457
    12 3.138083 0.000000 0.000000 3.141592 0.000000 -0.936567
    13 1.707666 0.000001 0.000000 0.000000 0.000000 -0.403112
    14 1.663039 1.210510 2.595493 1.585881 -1.286515 2.954168
    15 6.028141 0.000002 0.000000 -1.570685 -0.056434 -0.592417
    16 12.693002 0.000000 0.000001 0.000000 0.000000 -0.762857
    17 11.575974 0.000001 -0.000031 1.151993 -0.002657 0.038189
    18 5.562233 -0.288268 -0.510574 -3.061675 0.198455 -0.005041
    19 5.158500 -0.000001 -0.000001 -0.070282 -0.005680 0.008797
    20 3.326002 -0.000001 0.000000 0.008885 -0.007390 0.009850
    21 5.591166 -0.279020 1.848881 -3.062784 -0.107159 0.004678
    22 5.292999 0.000001 -0.000002 -0.073575 -0.006250 0.008402
    23 3.079116 -0.000001 0.000002 0.006978 -0.006850 0.007920
    24 5.739738 -0.095433 0.607274 -3.063221 0.025568 -0.018370
    25 5.652501 -0.000001 0.000000 -0.067745 -0.006072 0.008532
    26 3.325017 0.000000 -0.000002 0.009338 -0.006636 0.008100
    27 1.663050 1.210515 -2.595442 -1.665774 1.282032 2.945760
    28 6.028141 -0.000001 0.000000 1.632088 0.067144 -0.580410
    29 12.693002 0.000000 0.000003 0.000000 0.000000 -0.811694
    30 11.599607 0.000002 0.000001 -1.164891 -0.106508 0.028596
    31 5.928185 0.378912 0.637283 2.945638 -0.186886 0.107105
    32 5.074002 0.000001 -0.000001 0.000000 0.000000 0.000000
    33 3.325999 0.000001 0.000002 0.000000 -0.000001 0.000000
    34 6.189647 0.568800 -0.554352 2.949214 -0.013682 0.082709
    35 5.511002 0.000002 0.000001 0.000000 0.000000 0.012404
    36 3.325017 -0.000001 -0.000001 0.000000 0.000000 -0.009884
    37 5.900460 0.299200 -1.780354 2.948545 0.128545 0.102472
    38 5.248501 0.000003 -0.000001 0.000000 0.000000 0.011838
    39 3.151001 0.000001 -0.000001 0.000000 0.000000 -0.010015
    40 7.600445 -0.908441 0.636362 0.000000 -1.570796 2.973902
    41 0.051795 -3.221541 -2.149795 1.570796 -0.003965 -3.124561
    42 -3.929418 0.000003 0.000000 0.456323 0.600730 -2.513550
    43 13.106231 0.000003 0.000000 0.000000 0.000000 2.026915
    44 3.929418 -0.000002 0.000000 -0.411327 0.538162 -0.583342
    45 13.106231 0.000002 0.000000 0.000000 0.000000 -2.064136
    46 3.007646 4.344520 0.542817 1.321605 -0.270767 0.706112
    47 10.074753 -0.000005 -0.000001 0.000000 0.000000 -1.630424
    48 10.292003 -0.000002 0.000000 0.000000 0.000000 -0.425803
    49 -2.753414 4.323161 0.558394 1.931780 -0.224239 2.278513
    50 10.074757 0.000002 0.000000 0.000000 0.000000 -1.604180
    51 10.292000 -0.000001 -0.000001 0.000000 0.000000 -0.406073
  time 2
    0 1.884691 -5.118892 37.417524 1.570796 0.000000 -1.713652
    1 0.000000 0.000000 0.000000 0.000000 0.000000 0.000000
    2 3.890447 0.000000 0.000000 -1.570796 -0.054711 -1.451993
    3 17.591000 0.000000 0.000000 0.000000 0.000000 0.153903
    4 17.699581 0.000000 0.000000 -0.122557 0.022046 -1.083904
    5 -3.890447 0.000000 0.000000 -1.570797 -0.054711 -1.689600
    6 17.590998 0.000000 0.000000 0.000000 0.000000 0.153903
    7 17.699581 0.000000 0.000000 0.133252 -0.022046 -1.083904
    8 0.000000 3.345132 -2.981898 1.570796 0.052893 1.570796
    9 4.126621 0.000000 0.000000 0.000000 0.000000 -0.109958
    10 3.612873 0.000000 0.000000 0.000000 0.000000 0.157085
    11 9.183975 0.000000 0.000000 0.000000 0.000000 0.173457
    12 3.138083 0.000000 0.000000 3.141592 0.000000 -0.936567
    13 1.707666 0.000001 0.000000 0.000000 0.000000 -0.403112
    14 1.663039 1.210510 2.595493 1.585881 -1.286515 2.954168
    15 6.028141 0.000002 0.000000 -1.570685 -0.056434 -0.592417
    16 12.693002 0.000000 0.000001 0.000000 0.000000 -0.762857
    17 11.575974 0.000001 -0.000031 1.151993 -0.002657 0.038189
    18 5.562233 -0.288268 -0.510574 -3.061675 0.198455 -0.005041
    19 5.158500 -0.000001 -0.000001 -0.070282 -0.005680 0.008797
    20 3.326002 -0.000001 0.000000 0.008885 -0.007390 0.009850
    21 5.591166 -0.279020 1.848881 -3.062784 -0.107159 0.004678
    22 5.292999 0.000001 -0.000002 -0.073575 -0.006250 0.008402
    23 3.079116 -0.000001 0.000002 0.006978 -0.006850 0.007920
    24 5.739738 -0.095433 0.607274 -3.063221 0.025568 -0.018370
    25 5.652501 -0.000001 0.000000 -0.067745 -0.006072 0.008532
    26 3.325017 0.000000 -0.000002 0.009338 -0.006636 0.008100
    27 1.663050 1.210515 -2.595442 -1.665774 1.282032 2.945760
    28 6.028141 -0.000001 0.000000 1.632088 0.067144 -0.580410
    29 12.693002 0.000000 0.000003 0.000000 0.000000 -0.811694
    30 11.599607 0.000002 0.000001 -1.164891 -0.106508 0.028596
    31 5.928185 0.378912 0.637283 2.945638 -0.186886 0.107105
    32 5.074002 0.000001 -0.000001 0.000000 0.000000 0.000000
    33 3.325999 0.000001 0.000002 0.000000 -0.000001 0.000000
    34 6.189647 0.568800 -0.554352 2.949214 -0.013682 0.082709
    35 5.511002 0.000002 0.000001 0.000000 0.000000 0.012404
    36 3.325017 -0.000001 -0.000001 0.000000 0.000000 -0.009884
    37 5.900460 0.299200 -1.780354 2.948545 0.128545 0.102472
    38 5.248501 0.000003 -0.000001 0.000000 0.000000 0.011838
    39 3.151001 0.000001 -0.000001 0.000000 0.000000 -0.010015
    40 7.600445 -0.908441 0.636362 0.000000 -1.570796 2.973902
    41 0.051795 -3.221541 -2.149795 1.570796 -0.003965 -3.124561
    42 -3.929418 0.000003 0.000000 0.456323 0.600730 -2.513550
    43 13.106231 0.000003 0.000000 0.000000 0.000000 2.026915
    44 3.929418 -0.000002 0.000000 -0.411327 0.538162 -0.583342
    45 13.106231 0.000002 0.000000 0.000000 0.000000 -2.064136
    46 3.007646 4.344520 0.542817 1.321605 -0.270767 0.706112
    47 10.074753 -0.000005 -0.000001 0.000000 0.000000 -1.630424
    48 10.292003 -0.000002 0.000000 0.000000 0.000000 -0.425803
    49 -2.753414 4.323161 0.558394 1.931780 -0.224239 2.278513
    50 10.074757 0.000002 0.000000 0.000000 0.000000 -1.604180
    51 10.292000 -0.000001 -0.000001 0.000000 0.000000 -0.406073
  time 3
    0 2.062476 -7.740646 36.937128 1.570796 0.000000 -1.785080
    1 0.000000 0.000000 0.000000 0.000000 0.000000 0.000000
    2 3.890447 0.000000 0.000000 -1.570796 -0.054711 -1.451993
    3 17.591000 0.000000 0.000000 0.000000 0.000000 0.153903
    4 17.699581 0.000000 0.000000 -0.122557 0.022046 -1.083904
    5 -3.890447 0.000000 0.000000 -1.570797 -0.054711 -1.689600
    6 17.590998 0.000000 0.000000 0.000000 0.000000 0.153903
    7 17.699581 0.000000 0.000000 0.133252 -0.022046 -1.083904
    8 0.000000 3.345132 -2.981898 1.570796 0.052893 1.570796
    9 4.126621 0.000000 0.000000 0.000000 0.000000 -0.109958
    10 3.612873 0.000000 0.000000 0.000000 0.000000 0.157085
    11 9.183975 0.000000 0.000000 0.000000 0.000000 0.173457
    12 3.138083 0.000000 0.000000 3.141592 0.000000 -0.936567
    13 1.707666 0.000001 0.000000 0.000000 0.000000 -0.403112
    14 1.663039 1.210510 2.595493 1.585881 -1.286515 2.954168
    15 6.028141 0.000002 0.000000 -1.570685 -0.056434 -0.592417
    16 12.693002 0.000000 0.000001 0.000000 0.000000 -0.762857
    17 11.575974 0.000001 -0.000031 1.151993 -0.002657 0.038189
    18 5.562233 -0.288268 -0.510574 -3.061675 0.198455 -0.005041
    19 5.158500 -0.000001 -0.000001 -0.070282 -0.005680 0.008797
    20 3.326002 -0.000001 0.000000 0.008885 -0.007390 0.009850
    21 5.591166 -0.279020 1.848881 -3.062784 -0.107159 0.004678
    22 5.292999 0.000001 -0.000002 -0.073575 -0.006250 0.008402
    23 3.079116 -0.000001 0.000002 0.006978 -0.006850 0.007920
    24 5.739738 -0.095433 0.607274 -3.063221 0.025568 -0.018370
    25 5.652501 -0.000001 0.000000 -0.067745 -0.006072 0.008532
    26 3.325017 0.000000 -0.000002 0.009338 -0.006636 0.008100
    27 1.663050 1.210515 -2.595442 -1.665774 1.282032 2.945760
    28 6.028141 -0.000001 0.000000 1.632088 0.067144 -0.580410
    29 12.693002 0.000000 0.000003 0.000000 0.000000 -0.811694
    30 11.599607 0.000002 0.000001 -1.164891 -0.106508 0.028596
    31 5.928185 0.378912 0.637283 2.945638 -0.186886 0.107105
    32 5.074002 0.000001 -0.000001 0.000000 0.000000 0.000000
    33 3.325999 0.000001 0.000002 0.000000 -0.000001 0.000000
    34 6.189647 0.568800 -0.554352 2.949214 -0.013682 0.082709
    35 5.511002 0.000002 0.000001 0.000000 0.000000 0.012404
    36 3.325017 -0.000001 -0.000001 0.000000 0.000000 -0.009884
    37 5.900460 0.299200 -1.780354 2.948545 0.128545 0.102472
    38 5.248501 0.000003 -0.000001 0.000000 0.000000 0.011838
    39 3.151001 0.000001 -0.000001 0.000000 0.000000 -0.010015
    40 7.600445 -0.908441 0.636362 0.000000 -1.570796 2.973902
    41 0.051795 -3.221541 -2.149795 1.570796 -0.003965 -3.124561
    42 -3.929418 0.000003 0.000000 0.456323 0.600730 -2.513550
    43 13.106231 0.000003 0.000000 0.000000 0.000000 2.026915
    44 3.929418 -0.000002 0.000000 -0.411327 0.538162 -0.583342
    45 13.106231 0.000002 0.000000 0.000000 0.000000 -2.064136
    46 3.007646 4.344520 0.542817 1.321605 -0.270767 0.706112
    47 10.074753 -0.000005 -0.000001 0.000000 0.000000 -1.630424
    48 10.292003 -0.000002 0.000000 0.000000 0.000000 -0.425803
    49 -2.753414 4.323161 0.558394 1.931780 -0.224239 2.278513
    50 10.074757 0.000002 0.000000 0.000000 0.000000 -1.604180
    51 10.292000 -0.000001 -0.000001 0.000000 0.000000 -0.406073
  time 4
    0 2.236033 -10.403214 36.448622 1.570796 0.000000 -1.856508
    1 0.000000 0.000000 0.000000 0.000000 0.000000 0.000000
    2 3.890447 0.000000 0.000000 -1.570796 -0.054711 -1.451993
    3 17.591000 0.000000 0.000000 0.000000 0.000000 0.153903
    4 17.699581 0.000000 0.000000 -0.122557 0.022046 -1.083904
    5 -3.890447 0.000000 0.000000 -1.570797 -0.054711 -1.689600
    6 17.590998 0.000000 0.000000 0.000000 0.000000 0.153903
    7 17.699581 0.000000 0.000000 0.133252 -0.022046 -1.083904
    8 0.000000 3.345132 -2.981898 1.570796 0.052893 1.570796
    9 4.126621 0.000000 0.000000 0.000000 0.000000 -0.109958
    10 3.612873 0.000000 0.000000 0.000000 0.000000 0.157085
    11 9.183975 0.000000 0.000000 0.000000 0.000000 0.173457
    12 3.138083 0.000000 0.000000 3.141592 0.000000 -0.936567
    13 1.707666 0.000001 0.000000 0.000000 0.000000 -0.403112
    14 1.663039 1.210510 2.595493 1.585881 -1.286515 2.954168
    15 6.028141 0.000002 0.000000 -1.570685 -0.056434 -0.592417
    16 12.693002 0.000000 0.000001 0.000000 0.000000 -0.762857
    17 11.575974 0.000001 -0.000031 1.151993 -0.002657 0.038189
    18 5.562233 -0.288268 -0.510574 -3.061675 0.198455 -0.005041
    19 5.158500 -0.000001 -0.000001 -0.070282 -0.005680 0.008797
    20 3.326002 -0.000001 0.000000 0.008885 -0.007390 0.009850
    21 5.591166 -0.279020 1.848881 -3.062784 -0.107159 0.004678
    22 5.292999 0.000001 -0.000002 -0.073575 -0.006250 0.008402
    23 3.079116 -0.000001 0.000002 0.006978 -0.006850 0.007920
    24 5.739738 -0.095433 0.607274 -3.063221 0.025568 -0.018370
    25 5.652501 -0.000001 0.000000 -0.067745 -0.006072 0.008532
    26 3.325017 0.000000 -0.000002 0.009338 -0.006636 0.008100
    27 1.663050 1.210515 -2.595442 -1.665774 1.282032 2.945760
    28 6.028141 -0.000001 0.000000 1.632088 0.067144 -0.580410
    29 12.693002 0.000000 0.000003 0.000000 0.000000 -0.811694
    30 11.599607 0.000002 0.000001 -1.164891 -0.106508 0.028596
    31 5.928185 0.378912 0.637283 2.945638 -0.186886 0.107105
    32 5.074002 0.000001 -0.000001 0.000000 0.000000 0.000000
    33 3.325999 0.000001 0.000002 0.000000 -0.000001 0.000000
    34 6.189647 0.568800 -0.554352 2.949214 -0.013682 0.082709
    35 5.511002 0.000002 0.000001 0.000000 0.000000 0.012404
    36 3.325017 -0.000001 -0.000001 0.000000 0.000000 -0.009884
    37 5.900460 0.299200 -1.780354 2.948545 0.128545 0.102472
    38 5.248501 0.000003 -0.000001 0.000000 0.000000 0.011838
    39 3.151001 0.000001 -0.000001 0.000000 0.000000 -0.010015
    40 7.600445 -0.908441 0.636362 0.000000 -1.570796 2.973902
    41 0.051795 -3.221541 -2.149795 1.570796 -0.003965 -3.124561
    42 -3.929418 0.000003 0.000000 0.456323 0.600730 -2.513550
    43 13.106231 0.000003 0.000000 0.000000 0.000000 2.026915
    44 3.929418 -0.000002 0.000000 -0.411327 0.538162 -0.583342
    45 13.106231 0.000002 0.000000 0.000000 0.000000 -2.064136
    46 3.007646 4.344520 0.542817 1.321605 -0.270767 0.706112
    47 10.074753 -0.000005 -0.000001 0.000000 0.000000 -1.630424
    48 10.292003 -0.000002 0.000000 0.000000 0.000000 -0.425803
    49 -2.753414 4.323161 0.558394 1.931780 -0.224239 2.278513
    50 10.074757 0.000002 0.000000 0.000000 0.000000 -1.604180
    51 10.292000 -0.000001 -0.000001 0.000000 0.000000 -0.406073
  time 5
    0 2.405497 -13.106059 35.952008 1.570796 0.000000 -1.927936
    1 0.000000 0.000000 0.000000 0.000000 0.000000 0.000000
    2 3.890447 0.000000 0.000000 -1.570796 -0.054711 -1.451993
    3 17.591000 0.000000 0.000000 0.000000 0.000000 0.153903
    4 17.699581 0.000000 0.000000 -0.122557 0.022046 -1.083904
    5 -3.890447 0.000000 0.000000 -1.570797 -0.054711 -1.689600
    6 17.590998 0.000000 0.000000 0.000000 0.000000 0.153903
    7 17.699581 0.000000 0.000000 0.133252 -0.022046 -1.083904
    8 0.000000 3.345132 -2.981898 1.570796 0.052893 1.570796
    9 4.126621 0.000000 0.000000 0.000000 0.000000 -0.109958
    10 3.612873 0.000000 0.000000 0.000000 0.000000 0.157085
    11 9.183975 0.000000 0.000000 0.000000 0.000000 0.173457
    12 3.138083 0.000000 0.000000 3.141592 0.000000 -0.936567
    13 1.707666 0.000001 0.000000 0.000000 0.000000 -0.403112
    14 1.663039 1.210510 2.595493 1.585881 -1.286515 2.954168
    15 6.028141 0.000002 0.000000 -1.570685 -0.056434 -0.592417
    16 12.693002 0.000000 0.000001 0.000000 0.000000 -0.762857
    17 11.575974 0.000001 -0.000031 1.151993 -0.002657 0.038189
    18 5.562233 -0.288268 -0.510574 -3.061675 0.198455 -0.005041
    19 5.158500 -0.000001 -0.000001 -0.070282 -0.005680 0.008797
    20 3.326002 -0.000001 0.000000 0.008885 -0.007390 0.009850
    21 5.591166 -0.279020 1.848881 -3.062784 -0.107159 0.004678
    22 5.292999 0.000001 -0.000002 -0.073575 -0.006250 0.008402
    23 3.079116 -0.000001 0.000002 0.006978 -0.006850 0.007920
    24 5.739738 -0.095433 0.607274 -3.063221 0.025568 -0.018370
    25 5.652501 -0.000001 0.000000 -0.067745 -0.006072 0.008532
    26 3.325017 0.000000 -0.000002 0.009338 -0.006636 0.008100
    27 1.663050 1.210515 -2.595442 -1.665774 1.282032 2.945760
    28 6.028141 -0.000001 0.000000 1.632088 0.067144 -0.580410
    29 12.693002 0.000000 0.000003 0.000000 0.000000 -0.811694
    30 11.599607 0.000002 0.000001 -1.164891 -0.106508 0.028596
    31 5.928185 0.378912 0.637283 2.945638 -0.186886 0.107105
    32 5.074002 0.000001 -0.000001 0.000000 0.000000 0.000000
    33 3.325999 0.000001 0.000002 0.000000 -0.000001 0.000000
    34 6.189647 0.568800 -0.554352 2.949214 -0.013682 0.082709
    35 5.511002 0.000002 0.000001 0.000000 0.000000 0.012404
    36 3.325017 -0.000001 -0.000001 0.000000 0.000000 -0.009884
    37 5.900460 0.299200 -1.780354 2.948545 0.128545 0.102472
    38 5.248501 0.000003 -0.000001 0.000000 0.000000 0.011838
    39 3.151001 0.000001 -0.000001 0.000000 0.000000 -0.010015
    40 7.600445 -0.908441 0.636362 0.000000 -1.570796 2.973902
    41 0.051795 -3.221541 -2.149795 1.570796 -0.003965 -3.124561
    42 -3.929418 0.000003 0.000000 0.456323 0.600730 -2.513550
    43 13.106231 0.000003 0.000000 0.000000 0.000000 2.026915
    44 3.929418 -0.000002 0.000000 -0.411327 0.538162 -0.583342
    45 13.106231 0.000002 0.000000 0.000000 0.000000 -2.064136
    46 3.007646 4.344520 0.542817 1.321605 -0.270767 0.706112
    47 10.074753 -0.000005 -0.000001 0.000000 0.000000 -1.630424
    48 10.292003 -0.000002 0.000000 0.000000 0.000000 -0.425803
    49 -2.753414 4.323161 0.558394 1.931780 -0.224239 2.278513
    50 10.074757 0.000002 0.000000 0.000000 0.000000 -1.604180
    51 10.292000 -0.000001 -0.000001 0.000000 0.000000 -0.406073
  time 6
    0 2.571043 -15.848658 35.447284 1.570796 0.000000 -1.999364
    1 0.000000 0.000000 0.000000 0.000000 0.000000 0.000000
    2 3.890447 0.000000 0.000000 -1.570796 -0.054711 -1.451993
    3 17.591000 0.000000 0.000000 0.000000 0.000000 0.153903
    4 17.699581 0.000000 0.000000 -0.122557 0.022046 -1.083904
    5 -3.890447 0.000000 0.000000 -1.570797 -0.054711 -1.689600
    6 17.590998 0.000000 0.000000 0.000000 0.000000 0.153903
    7 17.699581 0.000000 0.000000 0.133252 -0.022046 -1.083904
    8 0.000000 3.345132 -2.981898 1.570796 0.052893 1.570796
    9 4.126621 0.000000 0.000000 0.000000 0.000000 -0.109958
    10 3.612873 0.000000 0.000000 0.000000 0.000000 0.157085
    11 9.183975 0.000000 0.000000 0.000000 0.000000 0.173457
    12 3.138083 0.000000 0.000000 3.141592 0.000000 -0.936567
    13 1.707666 0.000001 0.000000 0.000000 0.000000 -0.403112
    14 1.663039 1.210510 2.595493 1.585881 -1.286515 2.954168
    15 6.028141 0.000002 0.000000 -1.570685 -0.056434 -0.592417
    16 12.693002 0.000000 0.000001 0.000000 0.000000 -0.762857
    17 11.575974 0.000001 -0.000031 1.151993 -0.002657 0.038189
    18 5.562233 -0.288268 -0.510574 -3.061675 0.198455 -0.005041
    19 5.158500 -0.000001 -0.000001 -0.070282 -0.005680 0.008797
    20 3.326002 -0.000001 0.000000 0.008885 -0.007390 0.009850
    21 5.591166 -0.279020 1.848881 -3.062784 -0.107159 0.004678
    22 5.292999 0.000001 -0.000002 -0.073575 -0.006250 0.008402
    23 3.079116 -0.000001 0.000002 0.006978 -0.006850 0.007920
    24 5.739738 -0.095433 0.607274 -3.063221 0.025568 -0.018370
    25 5.652501 -0.000001 0.000000 -0.067745 -0.006072 0.008532
    26 3.325017 0.000000 -0.000002 0.009338 -0.006636 0.008100
    27 1.663050 1.210515 -2.595442 -1.665774 1.282032 2.945760
    28 6.028141 -0.000001 0.000000 1.632088 0.067144 -0.580410
    29 12.693002 0.000000 0.000003 0.000000 0.000000 -0.811694
    30 11.599607 0.000002 0.000001 -1.164891 -0.106508 0.028596
    31 5.928185 0.378912 0.637283 2.945638 -0.186886 0.107105
    32 5.074002 0.000001 -0.000001 0.000000 0.000000 0.000000
    33 3.325999 0.000001 0.000002 0.000000 -0.000001 0.000000
    34 6.189647 0.568800 -0.554352 2.949214 -0.013682 0.082709
    35 5.511002 0.000002 0.000001 0.000000 0.000000 0.012404
    36 3.325017 -0.000001 -0.000001 0.000000 0.000000 -0.009884
    37 5.900460 0.299200 -1.780354 2.948545 0.128545 0.102472
    38 5.248501 0.000003 -0.000001 0.000000 0.000000 0.011838
    39 3.151001 0.000001 -0.000001 0.000000 0.000000 -0.010015
    40 7.600445 -0.908441 0.636362 0.000000 -1.570796 2.973902
    41 0.051795 -3.221541 -2.149795 1.570796 -0.003965 -3.124561
    42 -3.929418 0.000003 0.000000 0.456323 0.600730 -2.513550
    43 13.106231 0.000003 0.000000 0.000000 0.000000 2.026915
    44 3.929418 -0.000002 0.000000 -0.411327 0.538162 -0.583342
    45 13.106231 0.000002 0.000000 0.000000 0.000000 -2.064136
    46 3.007646 4.344520 0.542817 1.321605 -0.270767 0.706112
    47 10.074753 -0.000005 -0.000001 0.000000 0.000000 -1.630424
    48 10.292003 -0.000002 0.000000 0.000000 0.000000 -0.425803
    49 -2.753414 4.323161 0.558394 1.931780 -0.224239 2.278513
    50 10.074757 0.000002 0.000000 0.000000 0.000000 -1.604180
    51 10.292000 -0.000001 -0.000001 0.000000 0.000000 -0.406073
  time 7
    0 2.732882 -18.630500 34.934452 1.570796 0.000000 -2.070792
    1 0.000000 0.000000 0.000000 0.000000 0.000000 0.000000
    2 3.890447 0.000000 0.000000 -1.570796 -0.054711 -1.451993
    3 17.591000 0.000000 0.000000 0.000000 0.000000 0.153903
    4 17.699581 0.000000 0.000000 -0.122557 0.022046 -1.083904
    5 -3.890447 0.000000 0.000000 -1.570797 -0.054711 -1.689600
    6 17.590998 0.000000 0.000000 0.000000 0.000000 0.153903
    7 17.699581 0.000000 0.000000 0.133252 -0.022046 -1.083904
    8 0.000000 3.345132 -2.981898 1.570796 0.052893 1.570796
    9 4.126621 0.000000 0.000000 0.000000 0.000000 -0.109958
    10 3.612873 0.000000 0.000000 0.000000 0.000000 0.157085
    11 9.183975 0.000000 0.000000 0.000000 0.000000 0.173457
    12 3.138083 0.000000 0.000000 3.141592 0.000000 -0.936567
    13 1.707666 0.000001 0.000000 0.000000 0.000000 -0.403112
    14 1.663039 1.210510 2.595493 1.585881 -1.286515 2.954168
    15 6.028141 0.000002 0.000000 -1.570685 -0.056434 -0.592417
    16 12.693002 0.000000 0.000001 0.000000 0.000000 -0.762857
    17 11.575974 0.000001 -0.000031 1.151993 -0.002657 0.038189
    18 5.562233 -0.288268 -0.510574 -3.061675 0.198455 -0.005041
    19 5.158500 -0.000001 -0.000001 -0.070282 -0.005680 0.008797
    20 3.326002 -0.000001 0.000000 0.008885 -0.007390 0.009850
    21 5.591166 -0.279020 1.848881 -3.062784 -0.107159 0.004678
    22 5.292999 0.000001 -0.000002 -0.073575 -0.006250 0.008402
    23 3.079116 -0.000001 0.000002 0.006978 -0.006850 0.007920
    24 5.739738 -0.095433 0.607274 -3.063221 0.025568 -0.018370
    25 5.652501 -0.000001 0.000000 -0.067745 -0.006072 0.008532
    26 3.325017 0.000000 -0.000002 0.009338 -0.006636 0.008100
    27 1.663050 1.210515 -2.595442 -1.665774 1.282032 2.945760
    28 6.028141 -0.000001 0.000000 1.632088 0.067144 -0.580410
    29 12.693002 0.000000 0.000003 0.000000 0.000000 -0.811694
    30 11.599607 0.000002 0.000001 -1.164891 -0.106508 0.028596
    31 5.928185 0.378912 0.637283 2.945638 -0.186886 0.107105
    32 5.074002 0.000001 -0.000001 0.000000 0.000000 0.000000
    33 3.325999 0.000001 0.000002 0.000000 -0.000001 0.000000
    34 6.189647 0.568800 -0.554352 2.949214 -0.013682 0.082709
    35 5.511002 0.000002 0.000001 0.000000 0.000000 0.012404
    36 3.325017 -0.000001 -0.000001 0.000000 0.000000 -0.009884
    37 5.900460 0.299200 -1.780354 2.948545 0.128545 0.102472
    38 5.248501 0.000003 -0.000001 0.000000 0.000000 0.011838
    39 3.151001 0.000001 -0.000001 0.000000 0.000000 -0.010015
    40 7.600445 -0.908441 0.636362 0.000000 -1.570796 2.973902
    41 0.051795 -3.221541 -2.149795 1.570796 -0.003965 -3.124561
    42 -3.929418 0.000003 0.000000 0.456323 0.600730 -2.513550
    43 13.106231 0.000003 0.000000 0.000000 0.000000 2.026915
    44 3.929418 -0.000002 0.000000 -0.411327 0.538162 -0.583342
    45 13.106231 0.000002 0.000000 0.000000 0.000000 -2.064136
    46 3.007646 4.344520 0.542817 1.321605 -0.270767 0.706112
    47 10.074753 -0.000005 -0.000001 0.000000 0.000000 -1.630424
    48 10.292003 -0.000002 0.000000 0.000000 0.000000 -0.425803
    49 -2.753414 4.323161 0.558394 1.931780 -0.224239 2.278513
    50 10.074757 0.000002 0.000000 0.000000 0.000000 -1.604180
    51 10.292000 -0.000001 -0.000001 0.000000 0.000000 -0.406073
  time 8
    0 2.891262 -21.451093 34.413510 1.570796 0.000000 -2.142220
    1 0.000000 0.000000 0.000000 0.000000 0.000000 0.000000
    2 3.890447 0.000000 0.000000 -1.570796 -0.054711 -1.451993
    3 17.591000 0.000000 0.000000 0.000000 0.000000 0.153903
    4 17.699581 0.000000 0.000000 -0.122557 0.022046 -1.083904
    5 -3.890447 0.000000 0.000000 -1.570797 -0.054711 -1.689600
    6 17.590998 0.000000 0.000000 0.000000 0.000000 0.153903
    7 17.699581 0.000000 0.000000 0.133252 -0.022046 -1.083904
    8 0.000000 3.345132 -2.981898 1.570796 0.052893 1.570796
    9 4.126621 0.000000 0.000000 0.000000 0.000000 -0.109958
    10 3.612873 0.000000 0.000000 0.000000 0.000000 0.157085
    11 9.183975 0.000000 0.000000 0.000000 0.000000 0.173457
    12 3.138083 0.000000 0.000000 3.141592 0.000000 -0.936567
    13 1.707666 0.000001 0.000000 0.000000 0.000000 -0.403112
    14 1.663039 1.210510 2.595493 1.585881 -1.286515 2.954168
    15 6.028141 0.000002 0.000000 -1.570685 -0.056434 -0.592417
    16 12.693002 0.000000 0.000001 0.000000 0.000000 -0.762857
    17 11.575974 0.000001 -0.000031 1.151993 -0.002657 0.038189
    18 5.562233 -0.288268 -0.510574 -3.061675 0.198455 -0.005041
    19 5.158500 -0.000001 -0.000001 -0.070282 -0.005680 0.008797
    20 3.326002 -0.000001 0.000000 0.008885 -0.007390 0.009850
    21 5.591166 -0.279020 1.848881 -3.062784 -0.107159 0.004678
    22 5.292999 0.000001 -0.000002 -0.073575 -0.006250 0.008402
    23 3.079116 -0.000001 0.000002 0.006978 -0.006850 0.007920
    24 5.739738 -0.095433 0.607274 -3.063221 0.025568 -0.018370
    25 5.652501 -0.000001 0.000000 -0.067745 -0.006072 0.008532
    26 3.325017 0.000000 -0.000002 0.009338 -0.006636 0.008100
    27 1.663050 1.210515 -2.595442 -1.665774 1.282032 2.945760
    28 6.028141 -0.000001 0.000000 1.632088 0.067144 -0.580410
    29 12.693002 0.000000 0.000003 0.000000 0.000000 -0.811694
    30 11.599607 0.000002 0.000001 -1.164891 -0.106508 0.028596
    31 5.928185 0.378912 0.637283 2.945638 -0.186886 0.107105
    32 5.074002 0.000001 -0.000001 0.000000 0.000000 0.000000
    33 3.325999 0.000001 0.000002 0.000000 -0.000001 0.000000
    34 6.189647 0.568800 -0.554352 2.949214 -0.013682 0.082709
    35 5.511002 0.000002 0.000001 0.000000 0.000000 0.012404
    36 3.325017 -0.000001 -0.000001 0.000000 0.000000 -0.009884
    37 5.900460 0.299200 -1.780354 2.948545 0.128545 0.102472
    38 5.248501 0.000003 -0.000001 0.000000 0.000000 0.011838
    39 3.151001 0.000001 -0.000001 0.000000 0.000000 -0.010015
    40 7.600445 -0.908441 0.636362 0.000000 -1.570796 2.973902
    41 0.051795 -3.221541 -2.149795 1.570796 -0.003965 -3.124561
    42 -3.929418 0.000003 0.000000 0.456323 0.600730 -2.513550
    43 13.106231 0.000003 0.000000 0.000000 0.000000 2.026915
    44 3.929418 -0.000002 0.000000 -0.411327 0.538162 -0.583342
    45 13.106231 0.000002 0.000000 0.000000 0.000000 -2.064136
    46 3.007646 4.344520 0.542817 1.321605 -0.270767 0.706112
    47 10.074753 -0.000005 -0.000001 0.000000 0.000000 -1.630424
    48 10.292003 -0.000002 0.000000 0.000000 0.000000 -0.425803
    49 -2.753414 4.323161 0.558394 1.931780 -0.224239 2.278513
    50 10.074757 0.000002 0.000000 0.000000 0.000000 -1.604180
    51 10.292000 -0.000001 -0.000001 0.000000 0.000000 -0.406073
  time 9
    0 3.046464 -24.309961 33.884459 1.570796 0.000000 -2.213648
    1 0.000000 0.000000 0.000000 0.000000 0.000000 0.000000
    2 3.890447 0.000000 0.000000 -1.570796 -0.054711 -1.451993
    3 17.591000 0.000000 0.000000 0.000000 0.000000 0.153903
    4 17.699581 0.000000 0.000000 -0.122557 0.022046 -1.083904
    5 -3.890447 0.000000 0.000000 -1.570797 -0.054711 -1.689600
    6 17.590998 0.000000 0.000000 0.000000 0.000000 0.153903
    7 17.699581 0.000000 0.000000 0.133252 -0.022046 -1.083904
    8 0.000000 3.345132 -2.981898 1.570796 0.052893 1.570796
    9 4.126621 0.000000 0.000000 0.000000 0.000000 -0.109958
    10 3.612873 0.000000 0.000000 0.000000 0.000000 0.157085
    11 9.183975 0.000000 0.000000 0.000000 0.000000 0.173457
    12 3.138083 0.000000 0.000000 3.141592 0.000000 -0.936567
    13 1.707666 0.000001 0.000000 0.000000 0.000000 -0.403112
    14 1.663039 1.210510 2.595493 1.585881 -1.286515 2.954168
    15 6.028141 0.000002 0.000000 -1.570685 -0.056434 -0.592417
    16 12.693002 0.000000 0.000001 0.000000 0.000000 -0.762857
    17 11.575974 0.000001 -0.000031 1.151993 -0.002657 0.038189
    18 5.562233 -0.288268 -0.510574 -3.061675 0.198455 -0.005041
    19 5.158500 -0.000001 -0.000001 -0.070282 -0.005680 0.008797
    20 3.326002 -0.000001 0.000000 0.008885 -0.007390 0.009850
    21 5.591166 -0.279020 1.848881 -3.062784 -0.107159 0.004678
    22 5.292999 0.000001 -0.000002 -0.073575 -0.006250 0.008402
    23 3.079116 -0.000001 0.000002 0.006978 -0.006850 0.007920
    24 5.739738 -0.095433 0.607274 -3.063221 0.025568 -0.018370
    25 5.652501 -0.000001 0.000000 -0.067745 -0.006072 0.008532
    26 3.325017 0.000000 -0.000002 0.009338 -0.006636 0.008100
    27 1.663050 1.210515 -2.595442 -1.665774 1.282032 2.945760
    28 6.028141 -0.000001 0.000000 1.632088 0.067144 -0.580410
    29 12.693002 0.000000 0.000003 0.000000 0.000000 -0.811694
    30 11.599607 0.000002 0.000001 -1.164891 -0.106508 0.028596
    31 5.928185 0.378912 0.637283 2.945638 -0.186886 0.107105
    32 5.074002 0.000001 -0.000001 0.000000 0.000000 0.000000
    33 3.325999 0.000001 0.000002 0.000000 -0.000001 0.000000
    34 6.189647 0.568800 -0.554352 2.949214 -0.013682 0.082709
    35 5.511002 0.000002 0.000001 0.000000 0.000000 0.012404
    36 3.325017 -0.000001 -0.000001 0.000000 0.000000 -0.009884
    37 5.900460 0.299200 -1.780354 2.948545 0.128545 0.102472
    38 5.248501 0.000003 -0.000001 0.000000 0.000000 0.011838
    39 3.151001 0.000001 -0.000001 0.000000 0.000000 -0.010015
    40 7.600445 -0.908441 0.636362 0.000000 -1.570796 2.973902
    41 0.051795 -3.221541 -2.149795 1.570796 -0.003965 -3.124561
    42 -3.929418 0.000003 0.000000 0.456323 0.600730 -2.513550
    43 13.106231 0.000003 0.000000 0.000000 0.000000 2.026915
    44 3.929418 -0.000002 0.000000 -0.411327 0.538162 -0.583342
    45 13.106231 0.000002 0.000000 0.000000 0.000000 -2.064136
    46 3.007646 4.344520 0.542817 1.321605 -0.270767 0.706112
    47 10.074753 -0.000005 -0.000001 0.000000 0.000000 -1.630424
    48 10.292003 -0.000002 0.000000 0.000000 0.000000 -0.425803
    49 -2.753414 4.323161 0.558394 1.931780 -0.224239 2.278513
    50 10.074757 0.000002 0.000000 0.000000 0.000000 -1.604180
    51 10.292000 -0.000001 -0.000001 0.000000 0.000000 -0.406073
  time 10
    0 3.198803 -27.206651 33.347300 1.570796 0.000000 -2.285076
    1 0.000000 0.000000 0.000000 0.000000 0.000000 0.000000
    2 3.890447 0.000000 0.000000 -1.570796 -0.054711 -1.451993
    3 17.591000 0.000000 0.000000 0.000000 0.000000 0.153903
    4 17.699581 0.000000 0.000000 -0.122557 0.022046 -1.083904
    5 -3.890447 0.000000 0.000000 -1.570797 -0.054711 -1.689600
    6 17.590998 0.000000 0.000000 0.000000 0.000000 0.153903
    7 17.699581 0.000000 0.000000 0.133252 -0.022046 -1.083904
    8 0.000000 3.345132 -2.981898 1.570796 0.052893 1.570796
    9 4.126621 0.000000 0.000000 0.000000 0.000000 -0.109958
    10 3.612873 0.000000 0.000000 0.000000 0.000000 0.157085
    11 9.183975 0.000000 0.000000 0.000000 0.000000 0.173457
    12 3.138083 0.000000 0.000000 3.141592 0.000000 -0.936567
    13 1.707666 0.000001 0.000000 0.000000 0.000000 -0.403112
    14 1.663039 1.210510 2.595493 1.585881 -1.286515 2.954168
    15 6.028141 0.000002 0.000000 -1.570685 -0.056434 -0.592417
    16 12.693002 0.000000 0.000001 0.000000 0.000000 -0.762857
    17 11.575974 0.000001 -0.000031 1.151993 -0.002657 0.038189
    18 5.562233 -0.288268 -0.510574 -3.061675 0.198455 -0.005041
    19 5.158500 -0.000001 -0.000001 -0.070282 -0.005680 0.008797
    20 3.326002 -0.000001 0.000000 0.008885 -0.007390 0.009850
    21 5.591166 -0.279020 1.848881 -3.062784 -0.107159 0.004678
    22 5.292999 0.000001 -0.000002 -0.073575 -0.006250 0.008402
    23 3.079116 -0.000001 0.000002 0.006978 -0.006850 0.007920
    24 5.739738 -0.095433 0.607274 -3.063221 0.025568 -0.018370
    25 5.652501 -0.000001 0.000000 -0.067745 -0.006072 0.008532
    26 3.325017 0.000000 -0.000002 0.009338 -0.006636 0.008100
    27 1.663050 1.210515 -2.595442 -1.665774 1.282032 2.945760
    28 6.028141 -0.000001 0.000000 1.632088 0.067144 -0.580410
    29 12.693002 0.000000 0.000003 0.000000 0.000000 -0.811694
    30 11.599607 0.000002 0.000001 -1.164891 -0.106508 0.028596
    31 5.928185 0.378912 0.637283 2.945638 -0.186886 0.107105
    32 5.074002 0.000001 -0.000001 0.000000 0.000000 0.000000
    33 3.325999 0.000001 0.000002 0.000000 -0.000001 0.000000
    34 6.189647 0.568800 -0.554352 2.949214 -0.013682 0.082709
    35 5.511002 0.000002 0.000001 0.000000 0.000000 0.012404
    36 3.325017 -0.000001 -0.000001 0.000000 0.000000 -0.009884
    37 5.900460 0.299200 -1.780354 2.948545 0.128545 0.102472
    38 5.248501 0.000003 -0.000001 0.000000 0.000000 0.011838
    39 3.151001 0.000001 -0.000001 0.000000 0.000000 -0.010015
    40 7.600445 -0.908441 0.636362 0.000000 -1.570796 2.973902
    41 0.051795 -3.221541 -2.149795 1.570796 -0.003965 -3.124561
    42 -3.929418 0.000003 0.000000 0.456323 0.600730 -2.513550
    43 13.106231 0.000003 0.000000 0.000000 0.000000 2.026915
    44 3.929418 -0.000002 0.000000 -0.411327 0.538162 -0.583342
    45 13.106231 0.000002 0.000000 0.000000 0.000000 -2.064136
    46 3.007646 4.344520 0.542817 1.321605 -0.270767 0.706112
    47 10.074753 -0.000005 -0.000001 0.000000 0.000000 -1.630424
    48 10.292003 -0.000002 0.000000 0.000000 0.000000 -0.425803
    49 -2.753414 4.323161 0.558394 1.931780 -0.224239 2.278513
    50 10.074757 0.000002 0.000000 0.000000 0.000000 -1.604180
    51 10.292000 -0.000001 -0.000001 0.000000 0.000000 -0.406073
  time 11
    0 3.348626 -30.140733 32.802031 1.570796 0.000000 -2.356503
    1 0.000000 0.000000 0.000000 0.000000 0.000000 0.000000
    2 3.890447 0.000000 0.000000 -1.570796 -0.054711 -1.451993
    3 17.591000 0.000000 0.000000 0.000000 0.000000 0.153903
    4 17.699581 0.000000 0.000000 -0.122557 0.022046 -1.083904
    5 -3.890447 0.000000 0.000000 -1.570797 -0.054711 -1.689600
    6 17.590998 0.000000 0.000000 0.000000 0.000000 0.153903
    7 17.699581 0.000000 0.000000 0.133252 -0.022046 -1.083904
    8 0.000000 3.345132 -2.981898 1.570796 0.052893 1.570796
    9 4.126621 0.000000 0.000000 0.000000 0.000000 -0.109958
    10 3.612873 0.000000 0.000000 0.000000 0.000000 0.157085
    11 9.183975 0.000000 0.000000 0.000000 0.000000 0.173457
    12 3.138083 0.000000 0.000000 3.141592 0.000000 -0.936567
    13 1.707666 0.000001 0.000000 0.000000 0.000000 -0.403112
    14 1.663039 1.210510 2.595493 1.585881 -1.286515 2.954168
    15 6.028141 0.000002 0.000000 -1.570685 -0.056434 -0.592417
    16 12.693002 0.000000 0.000001 0.000000 0.000000 -0.762857
    17 11.575974 0.000001 -0.000031 1.151993 -0.002657 0.038189
    18 5.562233 -0.288268 -0.510574 -3.061675 0.198455 -0.005041
    19 5.158500 -0.000001 -0.000001 -0.070282 -0.005680 0.008797
    20 3.326002 -0.000001 0.000000 0.008885 -0.007390 0.009850
    21 5.591166 -0.279020 1.848881 -3.062784 -0.107159 0.004678
    22 5.292999 0.000001 -0.000002 -0.073575 -0.006250 0.008402
    23 3.079116 -0.000001 0.000002 0.006978 -0.006850 0.007920
    24 5.739738 -0.095433 0.607274 -3.063221 0.025568 -0.018370
    25 5.652501 -0.000001 0.000000 -0.067745 -0.006072 0.008532
    26 3.325017 0.000000 -0.000002 0.009338 -0.006636 0.008100
    27 1.663050 1.210515 -2.595442 -1.665774 1.282032 2.945760
    28 6.028141 -0.000001 0.000000 1.632088 0.067144 -0.580410
    29 12.693002 0.000000 0.000003 0.000000 0.000000 -0.811694
    30 11.599607 0.000002 0.000001 -1.164891 -0.106508 0.028596
    31 5.928185 0.378912 0.637283 2.945638 -0.186886 0.107105
    32 5.074002 0.000001 -0.000001 0.000000 0.000000 0.000000
    33 3.325999 0.000001 0.000002 0.000000 -0.000001 0.000000
    34 6.189647 0.568800 -0.554352 2.949214 -0.013682 0.082709
    35 5.511002 0.000002 0.000001 0.000000 0.000000 0.012404
    36 3.325017 -0.000001 -0.000001 0.000000 0.000000 -0.009884
    37 5.900460 0.299200 -1.780354 2.948545 0.128545 0.102472
    38 5.248501 0.000003 -0.000001 0.000000 0.000000 0.011838
    39 3.151001 0.000001 -0.000001 0.000000 0.000000 -0.010015
    40 7.600445 -0.908441 0.636362 0.000000 -1.570796 2.973902
    41 0.051795 -3.221541 -2.149795 1.570796 -0.003965 -3.124561
    42 -3.929418 0.000003 0.000000 0.456323 0.600730 -2.513550
    43 13.106231 0.000003 0.000000 0.000000 0.000000 2.026915
    44 3.929418 -0.000002 0.000000 -0.411327 0.538162 -0.583342
    45 13.106231 0.000002 0.000000 0.000000 0.000000 -2.064136
    46 3.007646 4.344520 0.542817 1.321605 -0.270767 0.706112
    47 10.074753 -0.000005 -0.000001 0.000000 0.000000 -1.630424
    48 10.292003 -0.000002 0.000000 0.000000 0.000000 -0.425803
    49 -2.753414 4.323161 0.558394 1.931780 -0.224239 2.278513
    50 10.074757 0.000002 0.000000 0.000000 0.000000 -1.604180
    51 10.292000 -0.000001 -0.000001 0.000000 0.000000 -0.406073
  time 12
    0 3.496309 -33.111804 32.248652 1.570796 0.000000 -2.427931
    1 0.000000 0.000000 0.000000 0.000000 0.000000 0.000000
    2 3.890447 0.000000 0.000000 -1.570796 -0.054711 -1.451993
    3 17.591000 0.000000 0.000000 0.000000 0.000000 0.153903
    4 17.699581 0.000000 0.000000 -0.122557 0.022046 -1.083904
    5 -3.890447 0.000000 0.000000 -1.570797 -0.054711 -1.689600
    6 17.590998 0.000000 0.000000 0.000000 0.000000 0.153903
    7 17.699581 0.000000 0.000000 0.133252 -0.022046 -1.083904
    8 0.000000 3.345132 -2.981898 1.570796 0.052893 1.570796
    9 4.126621 0.000000 0.000000 0.000000 0.000000 -0.109958
    10 3.612873 0.000000 0.000000 0.000000 0.000000 0.157085
    11 9.183975 0.000000 0.000000 0.000000 0.000000 0.173457
    12 3.138083 0.000000 0.000000 3.141592 0.000000 -0.936567
    13 1.707666 0.000001 0.000000 0.000000 0.000000 -0.403112
    14 1.663039 1.210510 2.595493 1.585881 -1.286515 2.954168
    15 6.028141 0.000002 0.000000 -1.570685 -0.056434 -0.592417
    16 12.693002 0.000000 0.000001 0.000000 0.000000 -0.762857
    17 11.575974 0.000001 -0.000031 1.151993 -0.002657 0.038189
    18 5.562233 -0.288268 -0.510574 -3.061675 0.198455 -0.005041
    19 5.158500 -0.000001 -0.000001 -0.070282 -0.005680 0.008797
    20 3.326002 -0.000001 0.000000 0.008885 -0.007390 0.009850
    21 5.591166 -0.279020 1.848881 -3.062784 -0.107159 0.004678
    22 5.292999 0.000001 -0.000002 -0.073575 -0.006250 0.008402
    23 3.079116 -0.000001 0.000002 0.006978 -0.006850 0.007920
    24 5.739738 -0.095433 0.607274 -3.063221 0.025568 -0.018370
    25 5.652501 -0.000001 0.000000 -0.067745 -0.006072 0.008532
    26 3.325017 0.000000 -0.000002 0.009338 -0.006636 0.008100
    27 1.663050 1.210515 -2.595442 -1.665774 1.282032 2.945760
    28 6.028141 -0.000001 0.000000 1.632088 0.067144 -0.580410
    29 12.693002 0.000000 0.000003 0.000000 0.000000 -0.811694
    30 11.599607 0.000002 0.000001 -1.164891 -0.106508 0.028596
    31 5.928185 0.378912 0.637283 2.945638 -0.186886 0.107105
    32 5.074002 0.000001 -0.000001 0.000000 0.000000 0.000000
    33 3.325999 0.000001 0.000002 0.000000 -0.000001 0.000000
    34 6.189647 0.568800 -0.554352 2.949214 -0.013682 0.082709
    35 5.511002 0.000002 0.000001 0.000000 0.000000 0.012404
    36 3.325017 -0.000001 -0.000001 0.000000 0.000000 -0.009884
    37 5.900460 0.299200 -1.780354 2.948545 0.128545 0.102472
    38 5.248501 0.000003 -0.000001 0.000000 0.000000 0.011838
    39 3.151001 0.000001 -0.000001 0.000000 0.000000 -0.010015
    40 7.600445 -0.908441 0.636362 0.000000 -1.570796 2.973902
    41 0.051795 -3.221541 -2.149795 1.570796 -0.003965 -3.124561
    42 -3.929418 0.000003 0.000000 0.456323 0.600730 -2.513550
    43 13.106231 0.000003 0.000000 0.000000 0.000000 2.026915
    44 3.929418 -0.000002 0.000000 -0.411327 0.538162 -0.583342
    45 13.106231 0.000002 0.000000 0.000000 0.000000 -2.064136
    46 3.007646 4.344520 0.542817 1.321605 -0.270767 0.706112
    47 10.074753 -0.000005 -0.000001 0.000000 0.000000 -1.630424
    48 10.292003 -0.000002 0.000000 0.000000 0.000000 -0.425803
    49 -2.753414 4.323161 0.558394 1.931780 -0.224239 2.278513
    50 10.074757 0.000002 0.000000 0.000000 0.000000 -1.604180
    51 10.292000 -0.000001 -0.000001 0.000000 0.000000 -0.406073
  time 13
    0 3.642257 -36.119486 31.687165 1.570796 0.000000 -2.499359
    1 0.000000 0.000000 0.000000 0.000000 0.000000 0.000000
    2 3.890447 0.000000 0.000000 -1.570796 -0.054711 -1.451993
    3 17.591000 0.000000 0.000000 0.000000 0.000000 0.153903
    4 17.699581 0.000000 0.000000 -0.122557 0.022046 -1.083904
    5 -3.890447 0.000000 0.000000 -1.570797 -0.054711 -1.689600
    6 17.590998 0.000000 0.000000 0.000000 0.000000 0.153903
    7 17.699581 0.000000 0.000000 0.133252 -0.022046 -1.083904
    8 0.000000 3.345132 -2.981898 1.570796 0.052893 1.570796
    9 4.126621 0.000000 0.000000 0.000000 0.000000 -0.109958
    10 3.612873 0.000000 0.000000 0.000000 0.000000 0.157085
    11 9.183975 0.000000 0.000000 0.000000 0.000000 0.173457
    12 3.138083 0.000000 0.000000 3.141592 0.000000 -0.936567
    13 1.707666 0.000001 0.000000 0.000000 0.000000 -0.403112
    14 1.663039 1.210510 2.595493 1.585881 -1.286515 2.954168
    15 6.028141 0.000002 0.000000 -1.570685 -0.056434 -0.592417
    16 12.693002 0.000000 0.000001 0.000000 0.000000 -0.762857
    17 11.575974 0.000001 -0.000031 1.151993 -0.002657 0.038189
    18 5.562233 -0.288268 -0.510574 -3.061675 0.198455 -0.005041
    19 5.158500 -0.000001 -0.000001 -0.070282 -0.005680 0.008797
    20 3.326002 -0.000001 0.000000 0.008885 -0.007390 0.009850
    21 5.591166 -0.279020 1.848881 -3.062784 -0.107159 0.004678
    22 5.292999 0.000001 -0.000002 -0.073575 -0.006250 0.008402
    23 3.079116 -0.000001 0.000002 0.006978 -0.006850 0.007920
    24 5.739738 -0.095433 0.607274 -3.063221 0.025568 -0.018370
    25 5.652501 -0.000001 0.000000 -0.067745 -0.006072 0.008532
    26 3.325017 0.000000 -0.000002 0.009338 -0.006636 0.008100
    27 1.663050 1.210515 -2.595442 -1.665774 1.282032 2.945760
    28 6.028141 -0.000001 0.000000 1.632088 0.067144 -0.580410
    29 12.693002 0.000000 0.000003 0.000000 0.000000 -0.811694
    30 11.599607 0.000002 0.000001 -1.164891 -0.106508 0.028596
    31 5.928185 0.378912 0.637283 2.945638 -0.186886 0.107105
    32 5.074002 0.000001 -0.000001 0.000000 0.000000 0.000000
    33 3.325999 0.000001 0.000002 0.000000 -0.000001 0.000000
    34 6.189647 0.568800 -0.554352 2.949214 -0.013682 0.082709
    35 5.511002 0.000002 0.000001 0.000000 0.000000 0.012404
    36 3.325017 -0.000001 -0.000001 0.000000 0.000000 -0.009884
    37 5.900460 0.299200 -1.780354 2.948545 0.128545 0.102472
    38 5.248501 0.000003 -0.000001 0.000000 0.000000 0.011838
    39 3.151001 0.000001 -0.000001 0.000000 0.000000 -0.010015
    40 7.600445 -0.908441 0.636362 0.000000 -1.570796 2.973902
    41 0.051795 -3.221541 -2.149795 1.570796 -0.003965 -3.124561
    42 -3.929418 0.000003 0.000000 0.456323 0.600730 -2.513550
    43 13.106231 0.000003 0.000000 0.000000 0.000000 2.026915
    44 3.929418 -0.000002 0.000000 -0.411327 0.538162 -0.583342
    45 13.106231 0.000002 0.000000 0.000000 0.000000 -2.064136
    46 3.007646 4.344520 0.542817 1.321605 -0.270767 0.706112
    47 10.074753 -0.000005 -0.000001 0.000000 0.000000 -1.630424
    48 10.292003 -0.000002 0.000000 0.000000 0.000000 -0.425803
    49 -2.753414 4.323161 0.558394 1.931780 -0.224239 2.278513
    50 10.074757 0.000002 0.000000 0.000000 0.000000 -1.604180
    51 10.292000 -0.000001 -0.000001 0.000000 0.000000 -0.406073
  time 14
    0 3.786900 -39.163433 31.117569 1.570796 0.000000 -2.570787
    1 0.000000 0.000000 0.000000 0.000000 0.000000 0.000000
    2 3.890447 0.000000 0.000000 -1.570796 -0.054711 -1.451993
    3 17.591000 0.000000 0.000000 0.000000 0.000000 0.153903
    4 17.699581 0.000000 0.000000 -0.122557 0.022046 -1.083904
    5 -3.890447 0.000000 0.000000 -1.570797 -0.054711 -1.689600
    6 17.590998 0.000000 0.000000 0.000000 0.000000 0.153903
    7 17.699581 0.000000 0.000000 0.133252 -0.022046 -1.083904
    8 0.000000 3.345132 -2.981898 1.570796 0.052893 1.570796
    9 4.126621 0.000000 0.000000 0.000000 0.000000 -0.109958
    10 3.612873 0.000000 0.000000 0.000000 0.000000 0.157085
    11 9.183975 0.000000 0.000000 0.000000 0.000000 0.173457
    12 3.138083 0.000000 0.000000 3.141592 0.000000 -0.936567
    13 1.707666 0.000001 0.000000 0.000000 0.000000 -0.403112
    14 1.663039 1.210510 2.595493 1.585881 -1.286515 2.954168
    15 6.028141 0.000002 0.000000 -1.570685 -0.056434 -0.592417
    16 12.693002 0.000000 0.000001 0.000000 0.000000 -0.762857
    17 11.575974 0.000001 -0.000031 1.151993 -0.002657 0.038189
    18 5.562233 -0.288268 -0.510574 -3.061675 0.198455 -0.005041
    19 5.158500 -0.000001 -0.000001 -0.070282 -0.005680 0.008797
    20 3.326002 -0.000001 0.000000 0.008885 -0.007390 0.009850
    21 5.591166 -0.279020 1.848881 -3.062784 -0.107159 0.004678
    22 5.292999 0.000001 -0.000002 -0.073575 -0.006250 0.008402
    23 3.079116 -0.000001 0.000002 0.006978 -0.006850 0.007920
    24 5.739738 -0.095433 0.607274 -3.063221 0.025568 -0.018370
    25 5.652501 -0.000001 0.000000 -0.067745 -0.006072 0.008532
    26 3.325017 0.000000 -0.000002 0.009338 -0.006636 0.008100
    27 1.663050 1.210515 -2.595442 -1.665774 1.282032 2.945760
    28 6.028141 -0.000001 0.000000 1.632088 0.067144 -0.580410
    29 12.693002 0.000000 0.000003 0.000000 0.000000 -0.811694
    30 11.599607 0.000002 0.000001 -1.164891 -0.106508 0.028596
    31 5.928185 0.378912 0.637283 2.945638 -0.186886 0.107105
    32 5.074002 0.000001 -0.000001 0.000000 0.000000 0.000000
    33 3.325999 0.000001 0.000002 0.000000 -0.000001 0.000000
    34 6.189647 0.568800 -0.554352 2.949214 -0.013682 0.082709
    35 5.511002 0.000002 0.000001 0.000000 0.000000 0.012404
    36 3.325017 -0.000001 -0.000001 0.000000 0.000000 -0.009884
    37 5.900460 0.299200 -1.780354 2.948545 0.128545 0.102472
    38 5.248501 0.000003 -0.000001 0.000000 0.000000 0.011838
    39 3.151001 0.000001 -0.000001 0.000000 0.000000 -0.010015
    40 7.600445 -0.908441 0.636362 0.000000 -1.570796 2.973902
    41 0.051795 -3.221541 -2.149795 1.570796 -0.003965 -3.124561
    42 -3.929418 0.000003 0.000000 0.456323 0.600730 -2.513550
    43 13.106231 0.000003 0.000000 0.000000 0.000000 2.026915
    44 3.929418 -0.000002 0.000000 -0.411327 0.538162 -0.583342
    45 13.106231 0.000002 0.000000 0.000000 0.000000 -2.064136
    46 3.007646 4.344520 0.542817 1.321605 -0.270767 0.706112
    47 10.074753 -0.000005 -0.000001 0.000000 0.000000 -1.630424
    48 10.292003 -0.000002 0.000000 0.000000 0.000000 -0.425803
    49 -2.753414 4.323161 0.558394 1.931780 -0.224239 2.278513
    50 10.074757 0.000002 0.000000 0.000000 0.000000 -1.604180
    51 10.292000 -0.000001 -0.000001 0.000000 0.000000 -0.406073
  time 15
    0 3.930690 -42.243332 30.539863 1.570796 0.000000 -2.642215
    1 0.000000 0.000000 0.000000 0.000000 0.000000 0.000000
    2 3.890447 0.000000 0.000000 -1.570796 -0.054711 -1.451993
    3 17.591000 0.000000 0.000000 0.000000 0.000000 0.153903
    4 17.699581 0.000000 0.000000 -0.122557 0.022046 -1.083904
    5 -3.890447 0.000000 0.000000 -1.570797 -0.054711 -1.689600
    6 17.590998 0.000000 0.000000 0.000000 0.000000 0.153903
    7 17.699581 0.000000 0.000000 0.133252 -0.022046 -1.083904
    8 0.000000 3.345132 -2.981898 1.570796 0.052893 1.570796
    9 4.126621 0.000000 0.000000 0.000000 0.000000 -0.109958
    10 3.612873 0.000000 0.000000 0.000000 0.000000 0.157085
    11 9.183975 0.000000 0.000000 0.000000 0.000000 0.173457
    12 3.138083 0.000000 0.000000 3.141592 0.000000 -0.936567
    13 1.707666 0.000001 0.000000 0.000000 0.000000 -0.403112
    14 1.663039 1.210510 2.595493 1.585881 -1.286515 2.954168
    15 6.028141 0.000002 0.000000 -1.570685 -0.056434 -0.592417
    16 12.693002 0.000000 0.000001 0.000000 0.000000 -0.762857
    17 11.575974 0.000001 -0.000031 1.151993 -0.002657 0.038189
    18 5.562233 -0.288268 -0.510574 -3.061675 0.198455 -0.005041
    19 5.158500 -0.000001 -0.000001 -0.070282 -0.005680 0.008797
    20 3.326002 -0.000001 0.000000 0.008885 -0.007390 0.009850
    21 5.591166 -0.279020 1.848881 -3.062784 -0.107159 0.004678
    22 5.292999 0.000001 -0.000002 -0.073575 -0.006250 0.008402
    23 3.079116 -0.000001 0.000002 0.006978 -0.006850 0.007920
    24 5.739738 -0.095433 0.607274 -3.063221 0.025568 -0.018370
    25 5.652501 -0.000001 0.000000 -0.067745 -0.006072 0.008532
    26 3.325017 0.000000 -0.000002 0.009338 -0.006636 0.008100
    27 1.663050 1.210515 -2.595442 -1.665774 1.282032 2.945760
    28 6.028141 -0.000001 0.000000 1.632088 0.067144 -0.580410
    29 12.693002 0.000000 0.000003 0.000000 0.000000 -0.811694
    30 11.599607 0.000002 0.000001 -1.164891 -0.106508 0.028596
    31 5.928185 0.378912 0.637283 2.945638 -0.186886 0.107105
    32 5.074002 0.000001 -0.000001 0.000000 0.000000 0.000000
    33 3.325999 0.000001 0.000002 0.000000 -0.000001 0.000000
    34 6.189647 0.568800 -0.554352 2.949214 -0.013682 0.082709
    35 5.511002 0.000002 0.000001 0.000000 0.000000 0.012404
    36 3.325017 -0.000001 -0.000001 0.000000 0.000000 -0.009884
    37 5.900460 0.299200 -1.780354 2.948545 0.128545 0.102472
    38 5.248501 0.000003 -0.000001 0.000000 0.000000 0.011838
    39 3.151001 0.000001 -0.000001 0.000000 0.000000 -0.010015
    40 7.600445 -0.908441 0.636362 0.000000 -1.570796 2.973902
    41 0.051795 -3.221541 -2.149795 1.570796 -0.003965 -3.124561
    42 -3.929418 0.000003 0.000000 0.456323 0.600730 -2.513550
    43 13.106231 0.000003 0.000000 0.000000 0.000000 2.026915
    44 3.929418 -0.000002 0.000000 -0.411327 0.538162 -0.583342
    45 13.106231 0.000002 0.000000 0.000000 0.000000 -2.064136
    46 3.007646 4.344520 0.542817 1.321605 -0.270767 0.706112
    47 10.074753 -0.000005 -0.000001 0.000000 0.000000 -1.630424
    48 10.292003 -0.000002 0.000000 0.000000 0.000000 -0.425803
    49 -2.753414 4.323161 0.558394 1.931780 -0.224239 2.278513
    50 10.074757 0.000002 0.000000 0.000000 0.000000 -1.604180
    51 10.292000 -0.000001 -0.000001 0.000000 0.000000 -0.406073
  time 16
    0 4.074104 -45.358900 29.954049 1.570796 0.000000 -2.713643
    1 0.000000 0.000000 0.000000 0.000000 0.000000 0.000000
    2 3.890447 0.000000 0.000000 -1.570796 -0.054711 -1.451993
    3 17.591000 0.000000 0.000000 0.000000 0.000000 0.153903
    4 17.699581 0.000000 0.000000 -0.122557 0.022046 -1.083904
    5 -3.890447 0.000000 0.000000 -1.570797 -0.054711 -1.689600
    6 17.590998 0.000000 0.000000 0.000000 0.000000 0.153903
    7 17.699581 0.000000 0.000000 0.133252 -0.022046 -1.083904
    8 0.000000 3.345132 -2.981898 1.570796 0.052893 1.570796
    9 4.126621 0.000000 0.000000 0.000000 0.000000 -0.109958
    10 3.612873 0.000000 0.000000 0.000000 0.000000 0.157085
    11 9.183975 0.000000 0.000000 0.000000 0.000000 0.173457
    12 3.138083 0.000000 0.000000 3.141592 0.000000 -0.936567
    13 1.707666 0.000001 0.000000 0.000000 0.000000 -0.403112
    14 1.663039 1.210510 2.595493 1.585881 -1.286515 2.954168
    15 6.028141 0.000002 0.000000 -1.570685 -0.056434 -0.592417
    16 12.693002 0.000000 0.000001 0.000000 0.000000 -0.762857
    17 11.575974 0.000001 -0.000031 1.151993 -0.002657 0.038189
    18 5.562233 -0.288268 -0.510574 -3.061675 0.198455 -0.005041
    19 5.158500 -0.000001 -0.000001 -0.070282 -0.005680 0.008797
    20 3.326002 -0.000001 0.000000 0.008885 -0.007390 0.009850
    21 5.591166 -0.279020 1.848881 -3.062784 -0.107159 0.004678
    22 5.292999 0.000001 -0.000002 -0.073575 -0.006250 0.008402
    23 3.079116 -0.000001 0.000002 0.006978 -0.006850 0.007920
    24 5.739738 -0.095433 0.607274 -3.063221 0.025568 -0.018370
    25 5.652501 -0.000001 0.000000 -0.067745 -0.006072 0.008532
    26 3.325017 0.000000 -0.000002 0.009338 -0.006636 0.008100
    27 1.663050 1.210515 -2.595442 -1.665774 1.282032 2.945760
    28 6.028141 -0.000001 0.000000 1.632088 0.067144 -0.580410
    29 12.693002 0.000000 0.000003 0.000000 0.000000 -0.811694
    30 11.599607 0.000002 0.000001 -1.164891 -0.106508 0.028596
    31 5.928185 0.378912 0.637283 2.945638 -0.186886 0.107105
    32 5.074002 0.000001 -0.000001 0.000000 0.000000 0.000000
    33 3.325999 0.000001 0.000002 0.000000 -0.000001 0.000000
    34 6.189647 0.568800 -0.554352 2.949214 -0.013682 0.082709
    35 5.511002 0.000002 0.000001 0.000000 0.000000 0.012404
    36 3.325017 -0.000001 -0.000001 0.000000 0.000000 -0.009884
    37 5.900460 0.299200 -1.780354 2.948545 0.128545 0.102472
    38 5.248501 0.000003 -0.000001 0.000000 0.000000 0.011838
    39 3.151001 0.000001 -0.000001 0.000000 0.000000 -0.010015
    40 7.600445 -0.908441 0.636362 0.000000 -1.570796 2.973902
    41 0.051795 -3.221541 -2.149795 1.570796 -0.003965 -3.124561
    42 -3.929418 0.000003 0.000000 0.456323 0.600730 -2.513550
    43 13.106231 0.000003 0.000000 0.000000 0.000000 2.026915
    44 3.929418 -0.000002 0.000000 -0.411327 0.538162 -0.583342
    45 13.106231 0.000002 0.000000 0.000000 0.000000 -2.064136
    46 3.007646 4.344520 0.542817 1.321605 -0.270767 0.706112
    47 10.074753 -0.000005 -0.000001 0.000000 0.000000 -1.630424
    48 10.292003 -0.000002 0.000000 0.000000 0.000000 -0.425803
    49 -2.753414 4.323161 0.558394 1.931780 -0.224239 2.278513
    50 10.074757 0.000002 0.000000 0.000000 0.000000 -1.604180
    51 10.292000 -0.000001 -0.000001 0.000000 0.000000 -0.406073
  time 17
    0 4.217634 -48.509890 29.360125 1.570796 0.000000 -2.785071
    1 0.000000 0.000000 0.000000 0.000000 0.000000 0.000000
    2 3.890447 0.000000 0.000000 -1.570796 -0.054711 -1.451993
    3 17.591000 0.000000 0.000000 0.000000 0.000000 0.153903
    4 17.699581 0.000000 0.000000 -0.122557 0.022046 -1.083904
    5 -3.890447 0.000000 0.000000 -1.570797 -0.054711 -1.689600
    6 17.590998 0.000000 0.000000 0.000000 0.000000 0.153903
    7 17.699581 0.000000 0.000000 0.133252 -0.022046 -1.083904
    8 0.000000 3.345132 -2.981898 1.570796 0.052893 1.570796
    9 4.126621 0.000000 0.000000 0.000000 0.000000 -0.109958
    10 3.612873 0.000000 0.000000 0.000000 0.000000 0.157085
    11 9.183975 0.000000 0.000000 0.000000 0.000000 0.173457
    12 3.138083 0.000000 0.000000 3.141592 0.000000 -0.936567
    13 1.707666 0.000001 0.000000 0.000000 0.000000 -0.403112
    14 1.663039 1.210510 2.595493 1.585881 -1.286515 2.954168
    15 6.028141 0.000002 0.000000 -1.570685 -0.056434 -0.592417
    16 12.693002 0.000000 0.000001 0.000000 0.000000 -0.762857
    17 11.575974 0.000001 -0.000031 1.151993 -0.002657 0.038189
    18 5.562233 -0.288268 -0.510574 -3.061675 0.198455 -0.005041
    19 5.158500 -0.000001 -0.000001 -0.070282 -0.005680 0.008797
    20 3.326002 -0.000001 0.000000 0.008885 -0.007390 0.009850
    21 5.591166 -0.279020 1.848881 -3.062784 -0.107159 0.004678
    22 5.292999 0.000001 -0.000002 -0.073575 -0.006250 0.008402
    23 3.079116 -0.000001 0.000002 0.006978 -0.006850 0.007920
    24 5.739738 -0.095433 0.607274 -3.063221 0.025568 -0.018370
    25 5.652501 -0.000001 0.000000 -0.067745 -0.006072 0.008532
    26 3.325017 0.000000 -0.000002 0.009338 -0.006636 0.008100
    27 1.663050 1.210515 -2.595442 -1.665774 1.282032 2.945760
    28 6.028141 -0.000001 0.000000 1.632088 0.067144 -0.580410
    29 12.693002 0.000000 0.000003 0.000000 0.000000 -0.811694
    30 11.599607 0.000002 0.000001 -1.164891 -0.106508 0.028596
    31 5.928185 0.378912 0.637283 2.945638 -0.186886 0.107105
    32 5.074002 0.000001 -0.000001 0.000000 0.000000 0.000000
    33 3.325999 0.000001 0.000002 0.000000 -0.000001 0.000000
    34 6.189647 0.568800 -0.554352 2.949214 -0.013682 0.082709
    35 5.511002 0.000002 0.000001 0.000000 0.000000 0.012404
    36 3.325017 -0.000001 -0.000001 0.000000 0.000000 -0.009884
    37 5.900460 0.299200 -1.780354 2.948545 0.128545 0.102472
    38 5.248501 0.000003 -0.000001 0.000000 0.000000 0.011838
    39 3.151001 0.000001 -0.000001 0.000000 0.000000 -0.010015
    40 7.600445 -0.908441 0.636362 0.000000 -1.570796 2.973902
    41 0.051795 -3.221541 -2.149795 1.570796 -0.003965 -3.124561
    42 -3.929418 0.000003 0.000000 0.456323 0.600730 -2.513550
    43 13.106231 0.000003 0.000000 0.000000 0.000000 2.026915
    44 3.929418 -0.000002 0.000000 -0.411327 0.538162 -0.583342
    45 13.106231 0.000002 0.000000 0.000000 0.000000 -2.064136
    46 3.007646 4.344520 0.542817 1.321605 -0.270767 0.706112
    47 10.074753 -0.000005 -0.000001 0.000000 0.000000 -1.630424
    48 10.292003 -0.000002 0.000000 0.000000 0.000000 -0.425803
    49 -2.753414 4.323161 0.558394 1.931780 -0.224239 2.278513
    50 10.074757 0.000002 0.000000 0.000000 0.000000 -1.604180
    51 10.292000 -0.000001 -0.000001 0.000000 0.000000 -0.406073
  time 18
    0 4.361792 -51.696092 28.758092 1.570796 0.000000 -2.856499
    1 0.000000 0.000000 0.000000 0.000000 0.000000 0.000000
    2 3.890447 0.000000 0.000000 -1.570796 -0.054711 -1.451993
    3 17.591000 0.000000 0.000000 0.000000 0.000000 0.153903
    4 17.699581 0.000000 0.000000 -0.122557 0.022046 -1.083904
    5 -3.890447 0.000000 0.000000 -1.570797 -0.054711 -1.689600
    6 17.590998 0.000000 0.000000 0.000000 0.000000 0.153903
    7 17.699581 0.000000 0.000000 0.133252 -0.022046 -1.083904
    8 0.000000 3.345132 -2.981898 1.570796 0.052893 1.570796
    9 4.126621 0.000000 0.000000 0.000000 0.000000 -0.109958
    10 3.612873 0.000000 0.000000 0.000000 0.000000 0.157085
    11 9.183975 0.000000 0.000000 0.000000 0.000000 0.173457
    12 3.138083 0.000000 0.000000 3.141592 0.000000 -0.936567
    13 1.707666 0.000001 0.000000 0.000000 0.000000 -0.403112
    14 1.663039 1.210510 2.595493 1.585881 -1.286515 2.954168
    15 6.028141 0.000002 0.000000 -1.570685 -0.056434 -0.592417
    16 12.693002 0.000000 0.000001 0.000000 0.000000 -0.762857
    17 11.575974 0.000001 -0.000031 1.151993 -0.002657 0.038189
    18 5.562233 -0.288268 -0.510574 -3.061675 0.198455 -0.005041
    19 5.158500 -0.000001 -0.000001 -0.070282 -0.005680 0.008797
    20 3.326002 -0.000001 0.000000 0.008885 -0.007390 0.009850
    21 5.591166 -0.279020 1.848881 -3.062784 -0.107159 0.004678
    22 5.292999 0.000001 -0.000002 -0.073575 -0.006250 0.008402
    23 3.079116 -0.000001 0.000002 0.006978 -0.006850 0.007920
    24 5.739738 -0.095433 0.607274 -3.063221 0.025568 -0.018370
    25 5.652501 -0.000001 0.000000 -0.067745 -0.006072 0.008532
    26 3.325017 0.000000 -0.000002 0.009338 -0.006636 0.008100
    27 1.663050 1.210515 -2.595442 -1.665774 1.282032 2.945760
    28 6.028141 -0.000001 0.000000 1.632088 0.067144 -0.580410
    29 12.693002 0.000000 0.000003 0.000000 0.000000 -0.811694
    30 11.599607 0.000002 0.000001 -1.164891 -0.106508 0.028596
    31 5.928185 0.378912 0.637283 2.945638 -0.186886 0.107105
    32 5.074002 0.000001 -0.000001 0.000000 0.000000 0.000000
    33 3.325999 0.000001 0.000002 0.000000 -0.000001 0.000000
    34 6.189647 0.568800 -0.554352 2.949214 -0.013682 0.082709
    35 5.511002 0.000002 0.000001 0.000000 0.000000 0.012404
    36 3.325017 -0.000001 -0.000001 0.000000 0.000000 -0.009884
    37 5.900460 0.299200 -1.780354 2.948545 0.128545 0.102472
    38 5.248501 0.000003 -0.000001 0.000000 0.000000 0.011838
    39 3.151001 0.000001 -0.000001 0.000000 0.000000 -0.010015
    40 7.600445 -0.908441 0.636362 0.000000 -1.570796 2.973902
    41 0.051795 -3.221541 -2.149795 1.570796 -0.003965 -3.124561
    42 -3.929418 0.000003 0.000000 0.456323 0.600730 -2.513550
    43 13.106231 0.000003 0.000000 0.000000 0.000000 2.026915
    44 3.929418 -0.000002 0.000000 -0.411327 0.538162 -0.583342
    45 13.106231 0.000002 0.000000 0.000000 0.000000 -2.064136
    46 3.007646 4.344520 0.542817 1.321605 -0.270767 0.706112
    47 10.074753 -0.000005 -0.000001 0.000000 0.000000 -1.630424
    48 10.292003 -0.000002 0.000000 0.000000 0.000000 -0.425803
    49 -2.753414 4.323161 0.558394 1.931780 -0.224239 2.278513
    50 10.074757 0.000002 0.000000 0.000000 0.000000 -1.604180
    51 10.292000 -0.000001 -0.000001 0.000000 0.000000 -0.406073
  time 19
    0 4.507100 -54.917331 28.147951 1.570796 0.000000 -2.927927
    1 0.000000 0.000000 0.000000 0.000000 0.000000 0.000000
    2 3.890447 0.000000 0.000000 -1.570796 -0.054711 -1.451993
    3 17.591000 0.000000 0.000000 0.000000 0.000000 0.153903
    4 17.699581 0.000000 0.000000 -0.122557 0.022046 -1.083904
    5 -3.890447 0.000000 0.000000 -1.570797 -0.054711 -1.689600
    6 17.590998 0.000000 0.000000 0.000000 0.000000 0.153903
    7 17.699581 0.000000 0.000000 0.133252 -0.022046 -1.083904
    8 0.000000 3.345132 -2.981898 1.570796 0.052893 1.570796
    9 4.126621 0.000000 0.000000 0.000000 0.000000 -0.109958
    10 3.612873 0.000000 0.000000 0.000000 0.000000 0.157085
    11 9.183975 0.000000 0.000000 0.000000 0.000000 0.173457
    12 3.138083 0.000000 0.000000 3.141592 0.000000 -0.936567
    13 1.707666 0.000001 0.000000 0.000000 0.000000 -0.403112
    14 1.663039 1.210510 2.595493 1.585881 -1.286515 2.954168
    15 6.028141 0.000002 0.000000 -1.570685 -0.056434 -0.592417
    16 12.693002 0.000000 0.000001 0.000000 0.000000 -0.762857
    17 11.575974 0.000001 -0.000031 1.151993 -0.002657 0.038189
    18 5.562233 -0.288268 -0.510574 -3.061675 0.198455 -0.005041
    19 5.158500 -0.000001 -0.000001 -0.070282 -0.005680 0.008797
    20 3.326002 -0.000001 0.000000 0.008885 -0.007390 0.009850
    21 5.591166 -0.279020 1.848881 -3.062784 -0.107159 0.004678
    22 5.292999 0.000001 -0.000002 -0.073575 -0.006250 0.008402
    23 3.079116 -0.000001 0.000002 0.006978 -0.006850 0.007920
    24 5.739738 -0.095433 0.607274 -3.063221 0.025568 -0.018370
    25 5.652501 -0.000001 0.000000 -0.067745 -0.006072 0.008532
    26 3.325017 0.000000 -0.000002 0.009338 -0.006636 0.008100
    27 1.663050 1.210515 -2.595442 -1.665774 1.282032 2.945760
    28 6.028141 -0.000001 0.000000 1.632088 0.067144 -0.580410
    29 12.693002 0.000000 0.000003 0.000000 0.000000 -0.811694
    30 11.599607 0.000002 0.000001 -1.164891 -0.106508 0.028596
    31 5.928185 0.378912 0.637283 2.945638 -0.186886 0.107105
    32 5.074002 0.000001 -0.000001 0.000000 0.000000 0.000000
    33 3.325999 0.000001 0.000002 0.000000 -0.000001 0.000000
    34 6.189647 0.568800 -0.554352 2.949214 -0.013682 0.082709
    35 5.511002 0.000002 0.000001 0.000000 0.000000 0.012404
    36 3.325017 -0.000001 -0.000001 0.000000 0.000000 -0.009884
    37 5.900460 0.299200 -1.780354 2.948545 0.128545 0.102472
    38 5.248501 0.000003 -0.000001 0.000000 0.000000 0.011838
    39 3.151001 0.000001 -0.000001 0.000000 0.000000 -0.010015
    40 7.600445 -0.908441 0.636362 0.000000 -1.570796 2.973902
    41 0.051795 -3.221541 -2.149795 1.570796 -0.003965 -3.124561
    42 -3.929418 0.000003 0.000000 0.456323 0.600730 -2.513550
    43 13.106231 0.000003 0.000000 0.000000 0.000000 2.026915
    44 3.929418 -0.000002 0.000000 -0.411327 0.538162 -0.583342
    45 13.106231 0.000002 0.000000 0.000000 0.000000 -2.064136
    46 3.007646 4.344520 0.542817 1.321605 -0.270767 0.706112
    47 10.074753 -0.000005 -0.000001 0.000000 0.000000 -1.630424
    48 10.292003 -0.000002 0.000000 0.000000 0.000000 -0.425803
    49 -2.753414 4.323161 0.558394 1.931780 -0.224239 2.278513
    50 10.074757 0.000002 0.000000 0.000000 0.000000 -1.604180
    51 10.292000 -0.000001 -0.000001 0.000000 0.000000 -0.406073
  time 20
    0 4.654096 -58.173471 27.529700 1.570796 0.000000 -2.999355
    1 0.000000 0.000000 0.000000 0.000000 0.000000 0.000000
    2 3.890447 0.000000 0.000000 -1.570796 -0.054711 -1.451993
    3 17.591000 0.000000 0.000000 0.000000 0.000000 0.153903
    4 17.699581 0.000000 0.000000 -0.122557 0.022046 -1.083904
    5 -3.890447 0.000000 0.000000 -1.570797 -0.054711 -1.689600
    6 17.590998 0.000000 0.000000 0.000000 0.000000 0.153903
    7 17.699581 0.000000 0.000000 0.133252 -0.022046 -1.083904
    8 0.000000 3.345132 -2.981898 1.570796 0.052893 1.570796
    9 4.126621 0.000000 0.000000 0.000000 0.000000 -0.109958
    10 3.612873 0.000000 0.000000 0.000000 0.000000 0.157085
    11 9.183975 0.000000 0.000000 0.000000 0.000000 0.173457
    12 3.138083 0.000000 0.000000 3.141592 0.000000 -0.936567
    13 1.707666 0.000001 0.000000 0.000000 0.000000 -0.403112
    14 1.663039 1.210510 2.595493 1.585881 -1.286515 2.954168
    15 6.028141 0.000002 0.000000 -1.570685 -0.056434 -0.592417
    16 12.693002 0.000000 0.000001 0.000000 0.000000 -0.762857
    17 11.575974 0.000001 -0.000031 1.151993 -0.002657 0.038189
    18 5.562233 -0.288268 -0.510574 -3.061675 0.198455 -0.005041
    19 5.158500 -0.000001 -0.000001 -0.070282 -0.005680 0.008797
    20 3.326002 -0.000001 0.000000 0.008885 -0.007390 0.009850
    21 5.591166 -0.279020 1.848881 -3.062784 -0.107159 0.004678
    22 5.292999 0.000001 -0.000002 -0.073575 -0.006250 0.008402
    23 3.079116 -0.000001 0.000002 0.006978 -0.006850 0.007920
    24 5.739738 -0.095433 0.607274 -3.063221 0.025568 -0.018370
    25 5.652501 -0.000001 0.000000 -0.067745 -0.006072 0.008532
    26 3.325017 0.000000 -0.000002 0.009338 -0.006636 0.008100
    27 1.663050 1.210515 -2.595442 -1.665774 1.282032 2.945760
    28 6.028141 -0.000001 0.000000 1.632088 0.067144 -0.580410
    29 12.693002 0.000000 0.000003 0.000000 0.000000 -0.811694
    30 11.599607 0.000002 0.000001 -1.164891 -0.106508 0.028596
    31 5.928185 0.378912 0.637283 2.945638 -0.186886 0.107105
    32 5.074002 0.000001 -0.000001 0.000000 0.000000 0.000000
    33 3.325999 0.000001 0.000002 0.000000 -0.000001 0.000000
    34 6.189647 0.568800 -0.554352 2.949214 -0.013682 0.082709
    35 5.511002 0.000002 0.000001 0.000000 0.000000 0.012404
    36 3.325017 -0.000001 -0.000001 0.000000 0.000000 -0.009884
    37 5.900460 0.299200 -1.780354 2.948545 0.128545 0.102472
    38 5.248501 0.000003 -0.000001 0.000000 0.000000 0.011838
    39 3.151001 0.000001 -0.000001 0.000000 0.000000 -0.010015
    40 7.600445 -0.908441 0.636362 0.000000 -1.570796 2.973902
    41 0.051795 -3.221541 -2.149795 1.570796 -0.003965 -3.124561
    42 -3.929418 0.000003 0.000000 0.456323 0.600730 -2.513550
    43 13.106231 0.000003 0.000000 0.000000 0.000000 2.026915
    44 3.929418 -0.000002 0.000000 -0.411327 0.538162 -0.583342
    45 13.106231 0.000002 0.000000 0.000000 0.000000 -2.064136
    46 3.007646 4.344520 0.542817 1.321605 -0.270767 0.706112
    47 10.074753 -0.000005 -0.000001 0.000000 0.000000 -1.630424
    48 10.292003 -0.000002 0.000000 0.000000 0.000000 -0.425803
    49 -2.753414 4.323161 0.558394 1.931780 -0.224239 2.278513
    50 10.074757 0.000002 0.000000 0.000000 0.000000 -1.604180
    51 10.292000 -0.000001 -0.000001 0.000000 0.000000 -0.406073
  time 21
    0 4.803320 -61.464414 26.903339 1.570796 0.000000 -3.070783
    1 0.000000 0.000000 0.000000 0.000000 0.000000 0.000000
    2 3.890447 0.000000 0.000000 -1.570796 -0.054711 -1.451993
    3 17.591000 0.000000 0.000000 0.000000 0.000000 0.153903
    4 17.699581 0.000000 0.000000 -0.122557 0.022046 -1.083904
    5 -3.890447 0.000000 0.000000 -1.570797 -0.054711 -1.689600
    6 17.590998 0.000000 0.000000 0.000000 0.000000 0.153903
    7 17.699581 0.000000 0.000000 0.133252 -0.022046 -1.083904
    8 0.000000 3.345132 -2.981898 1.570796 0.052893 1.570796
    9 4.126621 0.000000 0.000000 0.000000 0.000000 -0.109958
    10 3.612873 0.000000 0.000000 0.000000 0.000000 0.157085
    11 9.183975 0.000000 0.000000 0.000000 0.000000 0.173457
    12 3.138083 0.000000 0.000000 3.141592 0.000000 -0.936567
    13 1.707666 0.000001 0.000000 0.000000 0.000000 -0.403112
    14 1.663039 1.210510 2.595493 1.585881 -1.286515 2.954168
    15 6.028141 0.000002 0.000000 -1.570685 -0.056434 -0.592417
    16 12.693002 0.000000 0.000001 0.000000 0.000000 -0.762857
    17 11.575974 0.000001 -0.000031 1.151993 -0.002657 0.038189
    18 5.562233 -0.288268 -0.510574 -3.061675 0.198455 -0.005041
    19 5.158500 -0.000001 -0.000001 -0.070282 -0.005680 0.008797
    20 3.326002 -0.000001 0.000000 0.008885 -0.007390 0.009850
    21 5.591166 -0.279020 1.848881 -3.062784 -0.107159 0.004678
    22 5.292999 0.000001 -0.000002 -0.073575 -0.006250 0.008402
    23 3.079116 -0.000001 0.000002 0.006978 -0.006850 0.007920
    24 5.739738 -0.095433 0.607274 -3.063221 0.025568 -0.018370
    25 5.652501 -0.000001 0.000000 -0.067745 -0.006072 0.008532
    26 3.325017 0.000000 -0.000002 0.009338 -0.006636 0.008100
    27 1.663050 1.210515 -2.595442 -1.665774 1.282032 2.945760
    28 6.028141 -0.000001 0.000000 1.632088 0.067144 -0.580410
    29 12.693002 0.000000 0.000003 0.000000 0.000000 -0.811694
    30 11.599607 0.000002 0.000001 -1.164891 -0.106508 0.028596
    31 5.928185 0.378912 0.637283 2.945638 -0.186886 0.107105
    32 5.074002 0.000001 -0.000001 0.000000 0.000000 0.000000
    33 3.325999 0.000001 0.000002 0.000000 -0.000001 0.000000
    34 6.189647 0.568800 -0.554352 2.949214 -0.013682 0.082709
    35 5.511002 0.000002 0.000001 0.000000 0.000000 0.012404
    36 3.325017 -0.000001 -0.000001 0.000000 0.000000 -0.009884
    37 5.900460 0.299200 -1.780354 2.948545 0.128545 0.102472
    38 5.248501 0.000003 -0.000001 0.000000 0.000000 0.011838
    39 3.151001 0.000001 -0.000001 0.000000 0.000000 -0.010015
    40 7.600445 -0.908441 0.636362 0.000000 -1.570796 2.973902
    41 0.051795 -3.221541 -2.149795 1.570796 -0.003965 -3.124561
    42 -3.929418 0.000003 0.000000 0.456323 0.600730 -2.513550
    43 13.106231 0.000003 0.000000 0.000000 0.000000 2.026915
    44 3.929418 -0.000002 0.000000 -0.411327 0.538162 -0.583342
    45 13.106231 0.000002 0.000000 0.000000 0.000000 -2.064136
    46 3.007646 4.344520 0.542817 1.321605 -0.270767 0.706112
    47 10.074753 -0.000005 -0.000001 0.000000 0.000000 -1.630424
    48 10.292003 -0.000002 0.000000 0.000000 0.000000 -0.425803
    49 -2.753414 4.323161 0.558394 1.931780 -0.224239 2.278513
    50 10.074757 0.000002 0.000000 0.000000 0.000000 -1.604180
    51 10.292000 -0.000001 -0.000001 0.000000 0.000000 -0.406073
  time 22
    0 4.955323 -64.790102 26.268870 1.570796 0.000000 -3.142211
    1 0.000000 0.000000 0.000000 0.000000 0.000000 0.000000
    2 3.890447 0.000000 0.000000 -1.570796 -0.054711 -1.451993
    3 17.591000 0.000000 0.000000 0.000000 0.000000 0.153903
    4 17.699581 0.000000 0.000000 -0.122557 0.022046 -1.083904
    5 -3.890447 0.000000 0.000000 -1.570797 -0.054711 -1.689600
    6 17.590998 0.000000 0.000000 0.000000 0.000000 0.153903
    7 17.699581 0.000000 0.000000 0.133252 -0.022046 -1.083904
    8 0.000000 3.345132 -2.981898 1.570796 0.052893 1.570796
    9 4.126621 0.000000 0.000000 0.000000 0.000000 -0.109958
    10 3.612873 0.000000 0.000000 0.000000 0.000000 0.157085
    11 9.183975 0.000000 0.000000 0.000000 0.000000 0.173457
    12 3.138083 0.000000 0.000000 3.141592 0.000000 -0.936567
    13 1.707666 0.000001 0.000000 0.000000 0.000000 -0.403112
    14 1.663039 1.210510 2.595493 1.585881 -1.286515 2.954168
    15 6.028141 0.000002 0.000000 -1.570685 -0.056434 -0.592417
    16 12.693002 0.000000 0.000001 0.000000 0.000000 -0.762857
    17 11.575974 0.000001 -0.000031 1.151993 -0.002657 0.038189
    18 5.562233 -0.288268 -0.510574 -3.061675 0.198455 -0.005041
    19 5.158500 -0.000001 -0.000001 -0.070282 -0.005680 0.008797
    20 3.326002 -0.000001 0.000000 0.008885 -0.007390 0.009850
    21 5.591166 -0.279020 1.848881 -3.062784 -0.107159 0.004678
    22 5.292999 0.000001 -0.000002 -0.073575 -0.006250 0.008402
    23 3.079116 -0.000001 0.000002 0.006978 -0.006850 0.007920
    24 5.739738 -0.095433 0.607274 -3.063221 0.025568 -0.018370
    25 5.652501 -0.000001 0.000000 -0.067745 -0.006072 0.008532
    26 3.325017 0.000000 -0.000002 0.009338 -0.006636 0.008100
    27 1.663050 1.210515 -2.595442 -1.665774 1.282032 2.945760
    28 6.028141 -0.000001 0.000000 1.632088 0.067144 -0.580410
    29 12.693002 0.000000 0.000003 0.000000 0.000000 -0.811694
    30 11.599607 0.000002 0.000001 -1.164891 -0.106508 0.028596
    31 5.928185 0.378912 0.637283 2.945638 -0.186886 0.107105
    32 5.074002 0.000001 -0.000001 0.000000 0.000000 0.000000
    33 3.325999 0.000001 0.000002 0.000000 -0.000001 0.000000
    34 6.189647 0.568800 -0.554352 2.949214 -0.013682 0.082709
    35 5.511002 0.000002 0.000001 0.000000 0.000000 0.012404
    36 3.325017 -0.000001 -0.000001 0.000000 0.000000 -0.009884
    37 5.900460 0.299200 -1.780354 2.948545 0.128545 0.102472
    38 5.248501 0.000003 -0.000001 0.000000 0.000000 0.011838
    39 3.151001 0.000001 -0.000001 0.000000 0.000000 -0.010015
    40 7.600445 -0.908441 0.636362 0.000000 -1.570796 2.973902
    41 0.051795 -3.221541 -2.149795 1.570796 -0.003965 -3.124561
    42 -3.929418 0.000003 0.000000 0.456323 0.600730 -2.513550
    43 13.106231 0.000003 0.000000 0.000000 0.000000 2.026915
    44 3.929418 -0.000002 0.000000 -0.411327 0.538162 -0.583342
    45 13.106231 0.000002 0.000000 0.000000 0.000000 -2.064136
    46 3.007646 4.344520 0.542817 1.321605 -0.270767 0.706112
    47 10.074753 -0.000005 -0.000001 0.000000 0.000000 -1.630424
    48 10.292003 -0.000002 0.000000 0.000000 0.000000 -0.425803
    49 -2.753414 4.323161 0.558394 1.931780 -0.224239 2.278513
    50 10.074757 0.000002 0.000000 0.000000 0.000000 -1.604180
    51 10.292000 -0.000001 -0.000001 0.000000 0.000000 -0.406073
  time 23
    0 5.110657 -68.150515 25.626292 1.570796 0.000000 -3.213639
    1 0.000000 0.000000 0.000000 0.000000 0.000000 0.000000
    2 3.890447 0.000000 0.000000 -1.570796 -0.054711 -1.451993
    3 17.591000 0.000000 0.000000 0.000000 0.000000 0.153903
    4 17.699581 0.000000 0.000000 -0.122557 0.022046 -1.083904
    5 -3.890447 0.000000 0.000000 -1.570797 -0.054711 -1.689600
    6 17.590998 0.000000 0.000000 0.000000 0.000000 0.153903
    7 17.699581 0.000000 0.000000 0.133252 -0.022046 -1.083904
    8 0.000000 3.345132 -2.981898 1.570796 0.052893 1.570796
    9 4.126621 0.000000 0.000000 0.000000 0.000000 -0.109958
    10 3.612873 0.000000 0.000000 0.000000 0.000000 0.157085
    11 9.183975 0.000000 0.000000 0.000000 0.000000 0.173457
    12 3.138083 0.000000 0.000000 3.141592 0.000000 -0.936567
    13 1.707666 0.000001 0.000000 0.000000 0.000000 -0.403112
    14 1.663039 1.210510 2.595493 1.585881 -1.286515 2.954168
    15 6.028141 0.000002 0.000000 -1.570685 -0.056434 -0.592417
    16 12.693002 0.000000 0.000001 0.000000 0.000000 -0.762857
    17 11.575974 0.000001 -0.000031 1.151993 -0.002657 0.038189
    18 5.562233 -0.288268 -0.510574 -3.061675 0.198455 -0.005041
    19 5.158500 -0.000001 -0.000001 -0.070282 -0.005680 0.008797
    20 3.326002 -0.000001 0.000000 0.008885 -0.007390 0.009850
    21 5.591166 -0.279020 1.848881 -3.062784 -0.107159 0.004678
    22 5.292999 0.000001 -0.000002 -0.073575 -0.006250 0.008402
    23 3.079116 -0.000001 0.000002 0.006978 -0.006850 0.007920
    24 5.739738 -0.095433 0.607274 -3.063221 0.025568 -0.018370
    25 5.652501 -0.000001 0.000000 -0.067745 -0.006072 0.008532
    26 3.325017 0.000000 -0.000002 0.009338 -0.006636 0.008100
    27 1.663050 1.210515 -2.595442 -1.665774 1.282032 2.945760
    28 6.028141 -0.000001 0.000000 1.632088 0.067144 -0.580410
    29 12.693002 0.000000 0.000003 0.000000 0.000000 -0.811694
    30 11.599607 0.000002 0.000001 -1.164891 -0.106508 0.028596
    31 5.928185 0.378912 0.637283 2.945638 -0.186886 0.107105
    32 5.074002 0.000001 -0.000001 0.000000 0.000000 0.000000
    33 3.325999 0.000001 0.000002 0.000000 -0.000001 0.000000
    34 6.189647 0.568800 -0.554352 2.949214 -0.013682 0.082709
    35 5.511002 0.000002 0.000001 0.000000 0.000000 0.012404
    36 3.325017 -0.000001 -0.000001 0.000000 0.000000 -0.009884
    37 5.900460 0.299200 -1.780354 2.948545 0.128545 0.102472
    38 5.248501 0.000003 -0.000001 0.000000 0.000000 0.011838
    39 3.151001 0.000001 -0.000001 0.000000 0.000000 -0.010015
    40 7.600445 -0.908441 0.636362 0.000000 -1.570796 2.973902
    41 0.051795 -3.221541 -2.149795 1.570796 -0.003965 -3.124561
    42 -3.929418 0.000003 0.000000 0.456323 0.600730 -2.513550
    43 13.106231 0.000003 0.000000 0.000000 0.000000 2.026915
    44 3.929418 -0.000002 0.000000 -0.411327 0.538162 -0.583342
    45 13.106231 0.000002 0.000000 0.000000 0.000000 -2.064136
    46 3.007646 4.344520 0.542817 1.321605 -0.270767 0.706112
    47 10.074753 -0.000005 -0.000001 0.000000 0.000000 -1.630424
    48 10.292003 -0.000002 0.000000 0.000000 0.000000 -0.425803
    49 -2.753414 4.323161 0.558394 1.931780 -0.224239 2.278513
    50 10.074757 0.000002 0.000000 0.000000 0.000000 -1.604180
    51 10.292000 -0.000001 -0.000001 0.000000 0.000000 -0.406073
  time 24
    0 5.269873 -71.545673 24.975605 1.570796 0.000000 -3.285067
    1 0.000000 0.000000 0.000000 0.000000 0.000000 0.000000
    2 3.890447 0.000000 0.000000 -1.570796 -0.054711 -1.451993
    3 17.591000 0.000000 0.000000 0.000000 0.000000 0.153903
    4 17.699581 0.000000 0.000000 -0.122557 0.022046 -1.083904
    5 -3.890447 0.000000 0.000000 -1.570797 -0.054711 -1.689600
    6 17.590998 0.000000 0.000000 0.000000 0.000000 0.153903
    7 17.699581 0.000000 0.000000 0.133252 -0.022046 -1.083904
    8 0.000000 3.345132 -2.981898 1.570796 0.052893 1.570796
    9 4.126621 0.000000 0.000000 0.000000 0.000000 -0.109958
    10 3.612873 0.000000 0.000000 0.000000 0.000000 0.157085
    11 9.183975 0.000000 0.000000 0.000000 0.000000 0.173457
    12 3.138083 0.000000 0.000000 3.141592 0.000000 -0.936567
    13 1.707666 0.000001 0.000000 0.000000 0.000000 -0.403112
    14 1.663039 1.210510 2.595493 1.585881 -1.286515 2.954168
    15 6.028141 0.000002 0.000000 -1.570685 -0.056434 -0.592417
    16 12.693002 0.000000 0.000001 0.000000 0.000000 -0.762857
    17 11.575974 0.000001 -0.000031 1.151993 -0.002657 0.038189
    18 5.562233 -0.288268 -0.510574 -3.061675 0.198455 -0.005041
    19 5.158500 -0.000001 -0.000001 -0.070282 -0.005680 0.008797
    20 3.326002 -0.000001 0.000000 0.008885 -0.007390 0.009850
    21 5.591166 -0.279020 1.848881 -3.062784 -0.107159 0.004678
    22 5.292999 0.000001 -0.000002 -0.073575 -0.006250 0.008402
    23 3.079116 -0.000001 0.000002 0.006978 -0.006850 0.007920
    24 5.739738 -0.095433 0.607274 -3.063221 0.025568 -0.018370
    25 5.652501 -0.000001 0.000000 -0.067745 -0.006072 0.008532
    26 3.325017 0.000000 -0.000002 0.009338 -0.006636 0.008100
    27 1.663050 1.210515 -2.595442 -1.665774 1.282032 2.945760
    28 6.028141 -0.000001 0.000000 1.632088 0.067144 -0.580410
    29 12.693002 0.000000 0.000003 0.000000 0.000000 -0.811694
    30 11.599607 0.000002 0.000001 -1.164891 -0.106508 0.028596
    31 5.928185 0.378912 0.637283 2.945638 -0.186886 0.107105
    32 5.074002 0.000001 -0.000001 0.000000 0.000000 0.000000
    33 3.325999 0.000001 0.000002 0.000000 -0.000001 0.000000
    34 6.189647 0.568800 -0.554352 2.949214 -0.013682 0.082709
    35 5.511002 0.000002 0.000001 0.000000 0.000000 0.012404
    36 3.325017 -0.000001 -0.000001 0.000000 0.000000 -0.009884
    37 5.900460 0.299200 -1.780354 2.948545 0.128545 0.102472
    38 5.248501 0.000003 -0.000001 0.000000 0.000000 0.011838
    39 3.151001 0.000001 -0.000001 0.000000 0.000000 -0.010015
    40 7.600445 -0.908441 0.636362 0.000000 -1.570796 2.973902
    41 0.051795 -3.221541 -2.149795 1.570796 -0.003965 -3.124561
    42 -3.929418 0.000003 0.000000 0.456323 0.600730 -2.513550
    43 13.106231 0.000003 0.000000 0.000000 0.000000 2.026915
    44 3.929418 -0.000002 0.000000 -0.411327 0.538162 -0.583342
    45 13.106231 0.000002 0.000000 0.000000 0.000000 -2.064136
    46 3.007646 4.344520 0.542817 1.321605 -0.270767 0.706112
    47 10.074753 -0.000005 -0.000001 0.000000 0.000000 -1.630424
    48 10.292003 -0.000002 0.000000 0.000000 0.000000 -0.425803
    49 -2.753414 4.323161 0.558394 1.931780 -0.224239 2.278513
    50 10.074757 0.000002 0.000000 0.000000 0.000000 -1.604180
    51 10.292000 -0.000001 -0.000001 0.000000 0.000000 -0.406073
  time 25
    0 5.433520 -74.975636 24.316808 1.570796 0.000000 -3.356494
    1 0.000000 0.000000 0.000000 0.000000 0.000000 0.000000
    2 3.890447 0.000000 0.000000 -1.570796 -0.054711 -1.451993
    3 17.591000 0.000000 0.000000 0.000000 0.000000 0.153903
    4 17.699581 0.000000 0.000000 -0.122557 0.022046 -1.083904
    5 -3.890447 0.000000 0.000000 -1.570797 -0.054711 -1.689600
    6 17.590998 0.000000 0.000000 0.000000 0.000000 0.153903
    7 17.699581 0.000000 0.000000 0.133252 -0.022046 -1.083904
    8 0.000000 3.345132 -2.981898 1.570796 0.052893 1.570796
    9 4.126621 0.000000 0.000000 0.000000 0.000000 -0.109958
    10 3.612873 0.000000 0.000000 0.000000 0.000000 0.157085
    11 9.183975 0.000000 0.000000 0.000000 0.000000 0.173457
    12 3.138083 0.000000 0.000000 3.141592 0.000000 -0.936567
    13 1.707666 0.000001 0.000000 0.000000 0.000000 -0.403112
    14 1.663039 1.210510 2.595493 1.585881 -1.286515 2.954168
    15 6.028141 0.000002 0.000000 -1.570685 -0.056434 -0.592417
    16 12.693002 0.000000 0.000001 0.000000 0.000000 -0.762857
    17 11.575974 0.000001 -0.000031 1.151993 -0.002657 0.038189
    18 5.562233 -0.288268 -0.510574 -3.061675 0.198455 -0.005041
    19 5.158500 -0.000001 -0.000001 -0.070282 -0.005680 0.008797
    20 3.326002 -0.000001 0.000000 0.008885 -0.007390 0.009850
    21 5.591166 -0.279020 1.848881 -3.062784 -0.107159 0.004678
    22 5.292999 0.000001 -0.000002 -0.073575 -0.006250 0.008402
    23 3.079116 -0.000001 0.000002 0.006978 -0.006850 0.007920
    24 5.739738 -0.095433 0.607274 -3.063221 0.025568 -0.018370
    25 5.652501 -0.000001 0.000000 -0.067745 -0.006072 0.008532
    26 3.325017 0.000000 -0.000002 0.009338 -0.006636 0.008100
    27 1.663050 1.210515 -2.595442 -1.665774 1.282032 2.945760
    28 6.028141 -0.000001 0.000000 1.632088 0.067144 -0.580410
    29 12.693002 0.000000 0.000003 0.000000 0.000000 -0.811694
    30 11.599607 0.000002 0.000001 -1.164891 -0.106508 0.028596
    31 5.928185 0.378912 0.637283 2.945638 -0.186886 0.107105
    32 5.074002 0.000001 -0.000001 0.000000 0.000000 0.000000
    33 3.325999 0.000001 0.000002 0.000000 -0.000001 0.000000
    34 6.189647 0.568800 -0.554352 2.949214 -0.013682 0.082709
    35 5.511002 0.000002 0.000001 0.000000 0.000000 0.012404
    36 3.325017 -0.000001 -0.000001 0.000000 0.000000 -0.009884
    37 5.900460 0.299200 -1.780354 2.948545 0.128545 0.102472
    38 5.248501 0.000003 -0.000001 0.000000 0.000000 0.011838
    39 3.151001 0.000001 -0.000001 0.000000 0.000000 -0.010015
    40 7.600445 -0.908441 0.636362 0.000000 -1.570796 2.973902
    41 0.051795 -3.221541 -2.149795 1.570796 -0.003965 -3.124561
    42 -3.929418 0.000003 0.000000 0.456323 0.600730 -2.513550
    43 13.106231 0.000003 0.000000 0.000000 0.000000 2.026915
    44 3.929418 -0.000002 0.000000 -0.411327 0.538162 -0.583342
    45 13.106231 0.000002 0.000000 0.000000 0.000000 -2.064136
    46 3.007646 4.344520 0.542817 1.321605 -0.270767 0.706112
    47 10.074753 -0.000005 -0.000001 0.000000 0.000000 -1.630424
    48 10.292003 -0.000002 0.000000 0.000000 0.000000 -0.425803
    49 -2.753414 4.323161 0.558394 1.931780 -0.224239 2.278513
    50 10.074757 0.000002 0.000000 0.000000 0.000000 -1.604180
    51 10.292000 -0.000001 -0.000001 0.000000 0.000000 -0.406073
  time 26
    0 5.602141 -78.440501 23.649902 1.570796 0.000000 -3.427922
    1 0.000000 0.000000 0.000000 0.000000 0.000000 0.000000
    2 3.890447 0.000000 0.000000 -1.570796 -0.054711 -1.451993
    3 17.591000 0.000000 0.000000 0.000000 0.000000 0.153903
    4 17.699581 0.000000 0.000000 -0.122557 0.022046 -1.083904
    5 -3.890447 0.000000 0.000000 -1.570797 -0.054711 -1.689600
    6 17.590998 0.000000 0.000000 0.000000 0.000000 0.153903
    7 17.699581 0.000000 0.000000 0.133252 -0.022046 -1.083904
    8 0.000000 3.345132 -2.981898 1.570796 0.052893 1.570796
    9 4.126621 0.000000 0.000000 0.000000 0.000000 -0.109958
    10 3.612873 0.000000 0.000000 0.000000 0.000000 0.157085
    11 9.183975 0.000000 0.000000 0.000000 0.000000 0.173457
    12 3.138083 0.000000 0.000000 3.141592 0.000000 -0.936567
    13 1.707666 0.000001 0.000000 0.000000 0.000000 -0.403112
    14 1.663039 1.210510 2.595493 1.585881 -1.286515 2.954168
    15 6.028141 0.000002 0.000000 -1.570685 -0.056434 -0.592417
    16 12.693002 0.000000 0.000001 0.000000 0.000000 -0.762857
    17 11.575974 0.000001 -0.000031 1.151993 -0.002657 0.038189
    18 5.562233 -0.288268 -0.510574 -3.061675 0.198455 -0.005041
    19 5.158500 -0.000001 -0.000001 -0.070282 -0.005680 0.008797
    20 3.326002 -0.000001 0.000000 0.008885 -0.007390 0.009850
    21 5.591166 -0.279020 1.848881 -3.062784 -0.107159 0.004678
    22 5.292999 0.000001 -0.000002 -0.073575 -0.006250 0.008402
    23 3.079116 -0.000001 0.000002 0.006978 -0.006850 0.007920
    24 5.739738 -0.095433 0.607274 -3.063221 0.025568 -0.018370
    25 5.652501 -0.000001 0.000000 -0.067745 -0.006072 0.008532
    26 3.325017 0.000000 -0.000002 0.009338 -0.006636 0.008100
    27 1.663050 1.210515 -2.595442 -1.665774 1.282032 2.945760
    28 6.028141 -0.000001 0.000000 1.632088 0.067144 -0.580410
    29 12.693002 0.000000 0.000003 0.000000 0.000000 -0.811694
    30 11.599607 0.000002 0.000001 -1.164891 -0.106508 0.028596
    31 5.928185 0.378912 0.637283 2.945638 -0.186886 0.107105
    32 5.074002 0.000001 -0.000001 0.000000 0.000000 0.000000
    33 3.325999 0.000001 0.000002 0.000000 -0.000001 0.000000
    34 6.189647 0.568800 -0.554352 2.949214 -0.013682 0.082709
    35 5.511002 0.000002 0.000001 0.000000 0.000000 0.012404
    36 3.325017 -0.000001 -0.000001 0.000000 0.000000 -0.009884
    37 5.900460 0.299200 -1.780354 2.948545 0.128545 0.102472
    38 5.248501 0.000003 -0.000001 0.000000 0.000000 0.011838
    39 3.151001 0.000001 -0.000001 0.000000 0.000000 -0.010015
    40 7.600445 -0.908441 0.636362 0.000000 -1.570796 2.973902
    41 0.051795 -3.221541 -2.149795 1.570796 -0.003965 -3.124561
    42 -3.929418 0.000003 0.000000 0.456323 0.600730 -2.513550
    43 13.106231 0.000003 0.000000 0.000000 0.000000 2.026915
    44 3.929418 -0.000002 0.000000 -0.411327 0.538162 -0.583342
    45 13.106231 0.000002 0.000000 0.000000 0.000000 -2.064136
    46 3.007646 4.344520 0.542817 1.321605 -0.270767 0.706112
    47 10.074753 -0.000005 -0.000001 0.000000 0.000000 -1.630424
    48 10.292003 -0.000002 0.000000 0.000000 0.000000 -0.425803
    49 -2.753414 4.323161 0.558394 1.931780 -0.224239 2.278513
    50 10.074757 0.000002 0.000000 0.000000 0.000000 -1.604180
    51 10.292000 -0.000001 -0.000001 0.000000 0.000000 -0.406073
  time 27
    0 5.776272 -81.940407 22.974888 1.570796 0.000000 -3.499350
    1 0.000000 0.000000 0.000000 0.000000 0.000000 0.000000
    2 3.890447 0.000000 0.000000 -1.570796 -0.054711 -1.451993
    3 17.591000 0.000000 0.000000 0.000000 0.000000 0.153903
    4 17.699581 0.000000 0.000000 -0.122557 0.022046 -1.083904
    5 -3.890447 0.000000 0.000000 -1.570797 -0.054711 -1.689600
    6 17.590998 0.000000 0.000000 0.000000 0.000000 0.153903
    7 17.699581 0.000000 0.000000 0.133252 -0.022046 -1.083904
    8 0.000000 3.345132 -2.981898 1.570796 0.052893 1.570796
    9 4.126621 0.000000 0.000000 0.000000 0.000000 -0.109958
    10 3.612873 0.000000 0.000000 0.000000 0.000000 0.157085
    11 9.183975 0.000000 0.000000 0.000000 0.000000 0.173457
    12 3.138083 0.000000 0.000000 3.141592 0.000000 -0.936567
    13 1.707666 0.000001 0.000000 0.000000 0.000000 -0.403112
    14 1.663039 1.210510 2.595493 1.585881 -1.286515 2.954168
    15 6.028141 0.000002 0.000000 -1.570685 -0.056434 -0.592417
    16 12.693002 0.000000 0.000001 0.000000 0.000000 -0.762857
    17 11.575974 0.000001 -0.000031 1.151993 -0.002657 0.038189
    18 5.562233 -0.288268 -0.510574 -3.061675 0.198455 -0.005041
    19 5.158500 -0.000001 -0.000001 -0.070282 -0.005680 0.008797
    20 3.326002 -0.000001 0.000000 0.008885 -0.007390 0.009850
    21 5.591166 -0.279020 1.848881 -3.062784 -0.107159 0.004678
    22 5.292999 0.000001 -0.000002 -0.073575 -0.006250 0.008402
    23 3.079116 -0.000001 0.000002 0.006978 -0.006850 0.007920
    24 5.739738 -0.095433 0.607274 -3.063221 0.025568 -0.018370
    25 5.652501 -0.000001 0.000000 -0.067745 -0.006072 0.008532
    26 3.325017 0.000000 -0.000002 0.009338 -0.006636 0.008100
    27 1.663050 1.210515 -2.595442 -1.665774 1.282032 2.945760
    28 6.028141 -0.000001 0.000000 1.632088 0.067144 -0.580410
    29 12.693002 0.000000 0.000003 0.000000 0.000000 -0.811694
    30 11.599607 0.000002 0.000001 -1.164891 -0.106508 0.028596
    31 5.928185 0.378912 0.637283 2.945638 -0.186886 0.107105
    32 5.074002 0.000001 -0.000001 0.000000 0.000000 0.000000
    33 3.325999 0.000001 0.000002 0.000000 -0.000001 0.000000
    34 6.189647 0.568800 -0.554352 2.949214 -0.013682 0.082709
    35 5.511002 0.000002 0.000001 0.000000 0.000000 0.012404
    36 3.325017 -0.000001 -0.000001 0.000000 0.000000 -0.009884
    37 5.900460 0.299200 -1.780354 2.948545 0.128545 0.102472
    38 5.248501 0.000003 -0.000001 0.000000 0.000000 0.011838
    39 3.151001 0.000001 -0.000001 0.000000 0.000000 -0.010015
    40 7.600445 -0.908441 0.636362 0.000000 -1.570796 2.973902
    41 0.051795 -3.221541 -2.149795 1.570796 -0.003965 -3.124561
    42 -3.929418 0.000003 0.000000 0.456323 0.600730 -2.513550
    43 13.106231 0.000003 0.000000 0.000000 0.000000 2.026915
    44 3.929418 -0.000002 0.000000 -0.411327 0.538162 -0.583342
    45 13.106231 0.000002 0.000000 0.000000 0.000000 -2.064136
    46 3.007646 4.344520 0.542817 1.321605 -0.270767 0.706112
    47 10.074753 -0.000005 -0.000001 0.000000 0.000000 -1.630424
    48 10.292003 -0.000002 0.000000 0.000000 0.000000 -0.425803
    49 -2.753414 4.323161 0.558394 1.931780 -0.224239 2.278513
    50 10.074757 0.000002 0.000000 0.000000 0.000000 -1.604180
    51 10.292000 -0.000001 -0.000001 0.000000 0.000000 -0.406073
  time 28
    0 5.956436 -85.475528 22.291764 1.570796 0.000000 -3.570778
    1 0.000000 0.000000 0.000000 0.000000 0.000000 0.000000
    2 3.890447 0.000000 0.000000 -1.570796 -0.054711 -1.451993
    3 17.591000 0.000000 0.000000 0.000000 0.000000 0.153903
    4 17.699581 0.000000 0.000000 -0.122557 0.022046 -1.083904
    5 -3.890447 0.000000 0.000000 -1.570797 -0.054711 -1.689600
    6 17.590998 0.000000 0.000000 0.000000 0.000000 0.153903
    7 17.699581 0.000000 0.000000 0.133252 -0.022046 -1.083904
    8 0.000000 3.345132 -2.981898 1.570796 0.052893 1.570796
    9 4.126621 0.000000 0.000000 0.000000 0.000000 -0.109958
    10 3.612873 0.000000 0.000000 0.000000 0.000000 0.157085
    11 9.183975 0.000000 0.000000 0.000000 0.000000 0.173457
    12 3.138083 0.000000 0.000000 3.141592 0.000000 -0.936567
    13 1.707666 0.000001 0.000000 0.000000 0.000000 -0.403112
    14 1.663039 1.210510 2.595493 1.585881 -1.286515 2.954168
    15 6.028141 0.000002 0.000000 -1.570685 -0.056434 -0.592417
    16 12.693002 0.000000 0.000001 0.000000 0.000000 -0.762857
    17 11.575974 0.000001 -0.000031 1.151993 -0.002657 0.038189
    18 5.562233 -0.288268 -0.510574 -3.061675 0.198455 -0.005041
    19 5.158500 -0.000001 -0.000001 -0.070282 -0.005680 0.008797
    20 3.326002 -0.000001 0.000000 0.008885 -0.007390 0.009850
    21 5.591166 -0.279020 1.848881 -3.062784 -0.107159 0.004678
    22 5.292999 0.000001 -0.000002 -0.073575 -0.006250 0.008402
    23 3.079116 -0.000001 0.000002 0.006978 -0.006850 0.007920
    24 5.739738 -0.095433 0.607274 -3.063221 0.025568 -0.018370
    25 5.652501 -0.000001 0.000000 -0.067745 -0.006072 0.008532
    26 3.325017 0.000000 -0.000002 0.009338 -0.006636 0.008100
    27 1.663050 1.210515 -2.595442 -1.665774 1.282032 2.945760
    28 6.028141 -0.000001 0.000000 1.632088 0.067144 -0.580410
    29 12.693002 0.000000 0.000003 0.000000 0.000000 -0.811694
    30 11.599607 0.000002 0.000001 -1.164891 -0.106508 0.028596
    31 5.928185 0.378912 0.637283 2.945638 -0.186886 0.107105
    32 5.074002 0.000001 -0.000001 0.000000 0.000000 0.000000
    33 3.325999 0.000001 0.000002 0.000000 -0.000001 0.000000
    34 6.189647 0.568800 -0.554352 2.949214 -0.013682 0.082709
    35 5.511002 0.000002 0.000001 0.000000 0.000000 0.012404
    36 3.325017 -0.000001 -0.000001 0.000000 0.000000 -0.009884
    37 5.900460 0.299200 -1.780354 2.948545 0.128545 0.102472
    38 5.248501 0.000003 -0.000001 0.000000 0.000000 0.011838
    39 3.151001 0.000001 -0.000001 0.000000 0.000000 -0.010015
    40 7.600445 -0.908441 0.636362 0.000000 -1.570796 2.973902
    41 0.051795 -3.221541 -2.149795 1.570796 -0.003965 -3.124561
    42 -3.929418 0.000003 0.000000 0.456323 0.600730 -2.513550
    43 13.106231 0.000003 0.000000 0.000000 0.000000 2.026915
    44 3.929418 -0.000002 0.000000 -0.411327 0.538162 -0.583342
    45 13.106231 0.000002 0.000000 0.000000 0.000000 -2.064136
    46 3.007646 4.344520 0.542817 1.321605 -0.270767 0.706112
    47 10.074753 -0.000005 -0.000001 0.000000 0.000000 -1.630424
    48 10.292003 -0.000002 0.000000 0.000000 0.000000 -0.425803
    49 -2.753414 4.323161 0.558394 1.931780 -0.224239 2.278513
    50 10.074757 0.000002 0.000000 0.000000 0.000000 -1.604180
    51 10.292000 -0.000001 -0.000001 0.000000 0.000000 -0.406073
  time 29
    0 6.143143 -89.046075 21.600531 1.570796 0.000000 -3.642206
    1 0.000000 0.000000 0.000000 0.000000 0.000000 0.000000
    2 3.890447 0.000000 0.000000 -1.570796 -0.054711 -1.451993
    3 17.591000 0.000000 0.000000 0.000000 0.000000 0.153903
    4 17.699581 0.000000 0.000000 -0.122557 0.022046 -1.083904
    5 -3.890447 0.000000 0.000000 -1.570797 -0.054711 -1.689600
    6 17.590998 0.000000 0.000000 0.000000 0.000000 0.153903
    7 17.699581 0.000000 0.000000 0.133252 -0.022046 -1.083904
    8 0.000000 3.345132 -2.981898 1.570796 0.052893 1.570796
    9 4.126621 0.000000 0.000000 0.000000 0.000000 -0.109958
    10 3.612873 0.000000 0.000000 0.000000 0.000000 0.157085
    11 9.183975 0.000000 0.000000 0.000000 0.000000 0.173457
    12 3.138083 0.000000 0.000000 3.141592 0.000000 -0.936567
    13 1.707666 0.000001 0.000000 0.000000 0.000000 -0.403112
    14 1.663039 1.210510 2.595493 1.585881 -1.286515 2.954168
    15 6.028141 0.000002 0.000000 -1.570685 -0.056434 -0.592417
    16 12.693002 0.000000 0.000001 0.000000 0.000000 -0.762857
    17 11.575974 0.000001 -0.000031 1.151993 -0.002657 0.038189
    18 5.562233 -0.288268 -0.510574 -3.061675 0.198455 -0.005041
    19 5.158500 -0.000001 -0.000001 -0.070282 -0.005680 0.008797
    20 3.326002 -0.000001 0.000000 0.008885 -0.007390 0.009850
    21 5.591166 -0.279020 1.848881 -3.062784 -0.107159 0.004678
    22 5.292999 0.000001 -0.000002 -0.073575 -0.006250 0.008402
    23 3.079116 -0.000001 0.000002 0.006978 -0.006850 0.007920
    24 5.739738 -0.095433 0.607274 -3.063221 0.025568 -0.018370
    25 5.652501 -0.000001 0.000000 -0.067745 -0.006072 0.008532
    26 3.325017 0.000000 -0.000002 0.009338 -0.006636 0.008100
    27 1.663050 1.210515 -2.595442 -1.665774 1.282032 2.945760
    28 6.028141 -0.000001 0.000000 1.632088 0.067144 -0.580410
    29 12.693002 0.000000 0.000003 0.000000 0.000000 -0.811694
    30 11.599607 0.000002 0.000001 -1.164891 -0.106508 0.028596
    31 5.928185 0.378912 0.637283 2.945638 -0.186886 0.107105
    32 5.074002 0.000001 -0.000001 0.000000 0.000000 0.000000
    33 3.325999 0.000001 0.000002 0.000000 -0.000001 0.000000
    34 6.189647 0.568800 -0.554352 2.949214 -0.013682 0.082709
    35 5.511002 0.000002 0.000001 0.000000 0.000000 0.012404
    36 3.325017 -0.000001 -0.000001 0.000000 0.000000 -0.009884
    37 5.900460 0.299200 -1.780354 2.948545 0.128545 0.102472
    38 5.248501 0.000003 -0.000001 0.000000 0.000000 0.011838
    39 3.151001 0.000001 -0.000001 0.000000 0.000000 -0.010015
    40 7.600445 -0.908441 0.636362 0.000000 -1.570796 2.973902
    41 0.051795 -3.221541 -2.149795 1.570796 -0.003965 -3.124561
    42 -3.929418 0.000003 0.000000 0.456323 0.600730 -2.513550
    43 13.106231 0.000003 0.000000 0.000000 0.000000 2.026915
    44 3.929418 -0.000002 0.000000 -0.411327 0.538162 -0.583342
    45 13.106231 0.000002 0.000000 0.000000 0.000000 -2.064136
    46 3.007646 4.344520 0.542817 1.321605 -0.270767 0.706112
    47 10.074753 -0.000005 -0.000001 0.000000 0.000000 -1.630424
    48 10.292003 -0.000002 0.000000 0.000000 0.000000 -0.425803
    49 -2.753414 4.323161 0.558394 1.931780 -0.224239 2.278513
    50 10.074757 0.000002 0.000000 0.000000 0.000000 -1.604180
    51 10.292000 -0.000001 -0.000001 0.000000 0.000000 -0.406073
  time 30
    0 6.336886 -92.652296 20.901189 1.570796 0.000000 -3.713634
    1 0.000000 0.000000 0.000000 0.000000 0.000000 0.000000
    2 3.890447 0.000000 0.000000 -1.570796 -0.054711 -1.451993
    3 17.591000 0.000000 0.000000 0.000000 0.000000 0.153903
    4 17.699581 0.000000 0.000000 -0.122557 0.022046 -1.083904
    5 -3.890447 0.000000 0.000000 -1.570797 -0.054711 -1.689600
    6 17.590998 0.000000 0.000000 0.000000 0.000000 0.153903
    7 17.699581 0.000000 0.000000 0.133252 -0.022046 -1.083904
    8 0.000000 3.345132 -2.981898 1.570796 0.052893 1.570796
    9 4.126621 0.000000 0.000000 0.000000 0.000000 -0.109958
    10 3.612873 0.000000 0.000000 0.000000 0.000000 0.157085
    11 9.183975 0.000000 0.000000 0.000000 0.000000 0.173457
    12 3.138083 0.000000 0.000000 3.141592 0.000000 -0.936567
    13 1.707666 0.000001 0.000000 0.000000 0.000000 -0.403112
    14 1.663039 1.210510 2.595493 1.585881 -1.286515 2.954168
    15 6.028141 0.000002 0.000000 -1.570685 -0.056434 -0.592417
    16 12.693002 0.000000 0.000001 0.000000 0.000000 -0.762857
    17 11.575974 0.000001 -0.000031 1.151993 -0.002657 0.038189
    18 5.562233 -0.288268 -0.510574 -3.061675 0.198455 -0.005041
    19 5.158500 -0.000001 -0.000001 -0.070282 -0.005680 0.008797
    20 3.326002 -0.000001 0.000000 0.008885 -0.007390 0.009850
    21 5.591166 -0.279020 1.848881 -3.062784 -0.107159 0.004678
    22 5.292999 0.000001 -0.000002 -0.073575 -0.006250 0.008402
    23 3.079116 -0.000001 0.000002 0.006978 -0.006850 0.007920
    24 5.739738 -0.095433 0.607274 -3.063221 0.025568 -0.018370
    25 5.652501 -0.000001 0.000000 -0.067745 -0.006072 0.008532
    26 3.325017 0.000000 -0.000002 0.009338 -0.006636 0.008100
    27 1.663050 1.210515 -2.595442 -1.665774 1.282032 2.945760
    28 6.028141 -0.000001 0.000000 1.632088 0.067144 -0.580410
    29 12.693002 0.000000 0.000003 0.000000 0.000000 -0.811694
    30 11.599607 0.000002 0.000001 -1.164891 -0.106508 0.028596
    31 5.928185 0.378912 0.637283 2.945638 -0.186886 0.107105
    32 5.074002 0.000001 -0.000001 0.000000 0.000000 0.000000
    33 3.325999 0.000001 0.000002 0.000000 -0.000001 0.000000
    34 6.189647 0.568800 -0.554352 2.949214 -0.013682 0.082709
    35 5.511002 0.000002 0.000001 0.000000 0.000000 0.012404
    36 3.325017 -0.000001 -0.000001 0.000000 0.000000 -0.009884
    37 5.900460 0.299200 -1.780354 2.948545 0.128545 0.102472
    38 5.248501 0.000003 -0.000001 0.000000 0.000000 0.011838
    39 3.151001 0.000001 -0.000001 0.000000 0.000000 -0.010015
    40 7.600445 -0.908441 0.636362 0.000000 -1.570796 2.973902
    41 0.051795 -3.221541 -2.149795 1.570796 -0.003965 -3.124561
    42 -3.929418 0.000003 0.000000 0.456323 0.600730 -2.513550
    43 13.106231 0.000003 0.000000 0.000000 0.000000 2.026915
    44 3.929418 -0.000002 0.000000 -0.411327 0.538162 -0.583342
    45 13.106231 0.000002 0.000000 0.000000 0.000000 -2.064136
    46 3.007646 4.344520 0.542817 1.321605 -0.270767 0.706112
    47 10.074753 -0.000005 -0.000001 0.000000 0.000000 -1.630424
    48 10.292003 -0.000002 0.000000 0.000000 0.000000 -0.425803
    49 -2.753414 4.323161 0.558394 1.931780 -0.224239 2.278513
    50 10.074757 0.000002 0.000000 0.000000 0.000000 -1.604180
    51 10.292000 -0.000001 -0.000001 0.000000 0.000000 -0.406073
  time 31
    0 6.538141 -96.294472 20.193738 1.570796 0.000000 -3.785062
    1 0.000000 0.000000 0.000000 0.000000 0.000000 0.000000
    2 3.890447 0.000000 0.000000 -1.570796 -0.054711 -1.451993
    3 17.591000 0.000000 0.000000 0.000000 0.000000 0.153903
    4 17.699581 0.000000 0.000000 -0.122557 0.022046 -1.083904
    5 -3.890447 0.000000 0.000000 -1.570797 -0.054711 -1.689600
    6 17.590998 0.000000 0.000000 0.000000 0.000000 0.153903
    7 17.699581 0.000000 0.000000 0.133252 -0.022046 -1.083904
    8 0.000000 3.345132 -2.981898 1.570796 0.052893 1.570796
    9 4.126621 0.000000 0.000000 0.000000 0.000000 -0.109958
    10 3.612873 0.000000 0.000000 0.000000 0.000000 0.157085
    11 9.183975 0.000000 0.000000 0.000000 0.000000 0.173457
    12 3.138083 0.000000 0.000000 3.141592 0.000000 -0.936567
    13 1.707666 0.000001 0.000000 0.000000 0.000000 -0.403112
    14 1.663039 1.210510 2.595493 1.585881 -1.286515 2.954168
    15 6.028141 0.000002 0.000000 -1.570685 -0.056434 -0.592417
    16 12.693002 0.000000 0.000001 0.000000 0.000000 -0.762857
    17 11.575974 0.000001 -0.000031 1.151993 -0.002657 0.038189
    18 5.562233 -0.288268 -0.510574 -3.061675 0.198455 -0.005041
    19 5.158500 -0.000001 -0.000001 -0.070282 -0.005680 0.008797
    20 3.326002 -0.000001 0.000000 0.008885 -0.007390 0.009850
    21 5.591166 -0.279020 1.848881 -3.062784 -0.107159 0.004678
    22 5.292999 0.000001 -0.000002 -0.073575 -0.006250 0.008402
    23 3.079116 -0.000001 0.000002 0.006978 -0.006850 0.007920
    24 5.739738 -0.095433 0.607274 -3.063221 0.025568 -0.018370
    25 5.652501 -0.000001 0.000000 -0.067745 -0.006072 0.008532
    26 3.325017 0.000000 -0.000002 0.009338 -0.006636 0.008100
    27 1.663050 1.210515 -2.595442 -1.665774 1.282032 2.945760
    28 6.028141 -0.000001 0.000000 1.632088 0.067144 -0.580410
    29 12.693002 0.000000 0.000003 0.000000 0.000000 -0.811694
    30 11.599607 0.000002 0.000001 -1.164891 -0.106508 0.028596
    31 5.928185 0.378912 0.637283 2.945638 -0.186886 0.107105
    32 5.074002 0.000001 -0.000001 0.000000 0.000000 0.000000
    33 3.325999 0.000001 0.000002 0.000000 -0.000001 0.000000
    34 6.189647 0.568800 -0.554352 2.949214 -0.013682 0.082709
    35 5.511002 0.000002 0.000001 0.000000 0.000000 0.012404
    36 3.325017 -0.000001 -0.000001 0.000000 0.000000 -0.009884
    37 5.900460 0.299200 -1.780354 2.948545 0.128545 0.102472
    38 5.248501 0.000003 -0.000001 0.000000 0.000000 0.011838
    39 3.151001 0.000001 -0.000001 0.000000 0.000000 -0.010015
    40 7.600445 -0.908441 0.636362 0.000000 -1.570796 2.973902
    41 0.051795 -3.221541 -2.149795 1.570796 -0.003965 -3.124561
    42 -3.929418 0.000003 0.000000 0.456323 0.600730 -2.513550
    43 13.106231 0.000003 0.000000 0.000000 0.000000 2.026915
    44 3.929418 -0.000002 0.000000 -0.411327 0.538162 -0.583342
    45 13.106231 0.000002 0.000000 0.000000 0.000000 -2.064136
    46 3.007646 4.344520 0.542817 1.321605 -0.270767 0.706112
    47 10.074753 -0.000005 -0.000001 0.000000 0.000000 -1.630424
    48 10.292003 -0.000002 0.000000 0.000000 0.000000 -0.425803
    49 -2.753414 4.323161 0.558394 1.931780 -0.224239 2.278513
    50 10.074757 0.000002 0.000000 0.000000 0.000000 -1.604180
    51 10.292000 -0.000001 -0.000001 0.000000 0.000000 -0.406073
  time 32
    0 6.747360 -99.972921 19.478177 1.570796 0.000000 -3.856490
    1 0.000000 0.000000 0.000000 0.000000 0.000000 0.000000
    2 3.890447 0.000000 0.000000 -1.570796 -0.054711 -1.451993
    3 17.591000 0.000000 0.000000 0.000000 0.000000 0.153903
    4 17.699581 0.000000 0.000000 -0.122557 0.022046 -1.083904
    5 -3.890447 0.000000 0.000000 -1.570797 -0.054711 -1.689600
    6 17.590998 0.000000 0.000000 0.000000 0.000000 0.153903
    7 17.699581 0.000000 0.000000 0.133252 -0.022046 -1.083904
    8 0.000000 3.345132 -2.981898 1.570796 0.052893 1.570796
    9 4.126621 0.000000 0.000000 0.000000 0.000000 -0.109958
    10 3.612873 0.000000 0.000000 0.000000 0.000000 0.157085
    11 9.183975 0.000000 0.000000 0.000000 0.000000 0.173457
    12 3.138083 0.000000 0.000000 3.141592 0.000000 -0.936567
    13 1.707666 0.000001 0.000000 0.000000 0.000000 -0.403112
    14 1.663039 1.210510 2.595493 1.585881 -1.286515 2.954168
    15 6.028141 0.000002 0.000000 -1.570685 -0.056434 -0.592417
    16 12.693002 0.000000 0.000001 0.000000 0.000000 -0.762857
    17 11.575974 0.000001 -0.000031 1.151993 -0.002657 0.038189
    18 5.562233 -0.288268 -0.510574 -3.061675 0.198455 -0.005041
    19 5.158500 -0.000001 -0.000001 -0.070282 -0.005680 0.008797
    20 3.326002 -0.000001 0.000000 0.008885 -0.007390 0.009850
    21 5.591166 -0.279020 1.848881 -3.062784 -0.107159 0.004678
    22 5.292999 0.000001 -0.000002 -0.073575 -0.006250 0.008402
    23 3.079116 -0.000001 0.000002 0.006978 -0.006850 0.007920
    24 5.739738 -0.095433 0.607274 -3.063221 0.025568 -0.018370
    25 5.652501 -0.000001 0.000000 -0.067745 -0.006072 0.008532
    26 3.325017 0.000000 -0.000002 0.009338 -0.006636 0.008100
    27 1.663050 1.210515 -2.595442 -1.665774 1.282032 2.945760
    28 6.028141 -0.000001 0.000000 1.632088 0.067144 -0.580410
    29 12.693002 0.000000 0.000003 0.000000 0.000000 -0.811694
    30 11.599607 0.000002 0.000001 -1.164891 -0.106508 0.028596
    31 5.928185 0.378912 0.637283 2.945638 -0.186886 0.107105
    32 5.074002 0.000001 -0.000001 0.000000 0.000000 0.000000
    33 3.325999 0.000001 0.000002 0.000000 -0.000001 0.000000
    34 6.189647 0.568800 -0.554352 2.949214 -0.013682 0.082709
    35 5.511002 0.000002 0.000001 0.000000 0.000000 0.012404
    36 3.325017 -0.000001 -0.000001 0.000000 0.000000 -0.009884
    37 5.900460 0.299200 -1.780354 2.948545 0.128545 0.102472
    38 5.248501 0.000003 -0.000001 0.000000 0.000000 0.011838
    39 3.151001 0.000001 -0.000001 0.000000 0.000000 -0.010015
    40 7.600445 -0.908441 0.636362 0.000000 -1.570796 2.973902
    41 0.051795 -3.221541 -2.149795 1.570796 -0.003965 -3.124561
    42 -3.929418 0.000003 0.000000 0.456323 0.600730 -2.513550
    43 13.106231 0.000003 0.000000 0.000000 0.000000 2.026915
    44 3.929418 -0.000002 0.000000 -0.411327 0.538162 -0.583342
    45 13.106231 0.000002 0.000000 0.000000 0.000000 -2.064136
    46 3.007646 4.344520 0.542817 1.321605 -0.270767 0.706112
    47 10.074753 -0.000005 -0.000001 0.000000 0.000000 -1.630424
    48 10.292003 -0.000002 0.000000 0.000000 0.000000 -0.425803
    49 -2.753414 4.323161 0.558394 1.931780 -0.224239 2.278513
    50 10.074757 0.000002 0.000000 0.000000 0.000000 -1.604180
    51 10.292000 -0.000001 -0.000001 0.000000 0.000000 -0.406073
  time 33
    0 6.964973 -103.687987 18.754508 1.570796 0.000000 -3.927918
    1 0.000000 0.000000 0.000000 0.000000 0.000000 0.000000
    2 3.890447 0.000000 0.000000 -1.570796 -0.054711 -1.451993
    3 17.591000 0.000000 0.000000 0.000000 0.000000 0.153903
    4 17.699581 0.000000 0.000000 -0.122557 0.022046 -1.083904
    5 -3.890447 0.000000 0.000000 -1.570797 -0.054711 -1.689600
    6 17.590998 0.000000 0.000000 0.000000 0.000000 0.153903
    7 17.699581 0.000000 0.000000 0.133252 -0.022046 -1.083904
    8 0.000000 3.345132 -2.981898 1.570796 0.052893 1.570796
    9 4.126621 0.000000 0.000000 0.000000 0.000000 -0.109958
    10 3.612873 0.000000 0.000000 0.000000 0.000000 0.157085
    11 9.183975 0.000000 0.000000 0.000000 0.000000 0.173457
    12 3.138083 0.000000 0.000000 3.141592 0.000000 -0.936567
    13 1.707666 0.000001 0.000000 0.000000 0.000000 -0.403112
    14 1.663039 1.210510 2.595493 1.585881 -1.286515 2.954168
    15 6.028141 0.000002 0.000000 -1.570685 -0.056434 -0.592417
    16 12.693002 0.000000 0.000001 0.000000 0.000000 -0.762857
    17 11.575974 0.000001 -0.000031 1.151993 -0.002657 0.038189
    18 5.562233 -0.288268 -0.510574 -3.061675 0.198455 -0.005041
    19 5.158500 -0.000001 -0.000001 -0.070282 -0.005680 0.008797
    20 3.326002 -0.000001 0.000000 0.008885 -0.007390 0.009850
    21 5.591166 -0.279020 1.848881 -3.062784 -0.107159 0.004678
    22 5.292999 0.000001 -0.000002 -0.073575 -0.006250 0.008402
    23 3.079116 -0.000001 0.000002 0.006978 -0.006850 0.007920
    24 5.739738 -0.095433 0.607274 -3.063221 0.025568 -0.018370
    25 5.652501 -0.000001 0.000000 -0.067745 -0.006072 0.008532
    26 3.325017 0.000000 -0.000002 0.009338 -0.006636 0.008100
    27 1.663050 1.210515 -2.595442 -1.665774 1.282032 2.945760
    28 6.028141 -0.000001 0.000000 1.632088 0.067144 -0.580410
    29 12.693002 0.000000 0.000003 0.000000 0.000000 -0.811694
    30 11.599607 0.000002 0.000001 -1.164891 -0.106508 0.028596
    31 5.928185 0.378912 0.637283 2.945638 -0.186886 0.107105
    32 5.074002 0.000001 -0.000001 0.000000 0.000000 0.000000
    33 3.325999 0.000001 0.000002 0.000000 -0.000001 0.000000
    34 6.189647 0.568800 -0.554352 2.949214 -0.013682 0.082709
    35 5.511002 0.000002 0.000001 0.000000 0.000000 0.012404
    36 3.325017 -0.000001 -0.000001 0.000000 0.000000 -0.009884
    37 5.900460 0.299200 -1.780354 2.948545 0.128545 0.102472
    38 5.248501 0.000003 -0.000001 0.000000 0.000000 0.011838
    39 3.151001 0.000001 -0.000001 0.000000 0.000000 -0.010015
    40 7.600445 -0.908441 0.636362 0.000000 -1.570796 2.973902
    41 0.051795 -3.221541 -2.149795 1.570796 -0.003965 -3.124561
    42 -3.929418 0.000003 0.000000 0.456323 0.600730 -2.513550
    43 13.106231 0.000003 0.000000 0.000000 0.000000 2.026915
    44 3.929418 -0.000002 0.000000 -0.411327 0.538162 -0.583342
    45 13.106231 0.000002 0.000000 0.000000 0.000000 -2.064136
    46 3.007646 4.344520 0.542817 1.321605 -0.270767 0.706112
    47 10.074753 -0.000005 -0.000001 0.000000 0.000000 -1.630424
    48 10.292003 -0.000002 0.000000 0.000000 0.000000 -0.425803
    49 -2.753414 4.323161 0.558394 1.931780 -0.224239 2.278513
    50 10.074757 0.000002 0.000000 0.000000 0.000000 -1.604180
    51 10.292000 -0.000001 -0.000001 0.000000 0.000000 -0.406073
  time 34
    0 7.191384 -107.440048 18.022729 1.570796 0.000000 -3.999346
    1 0.000000 0.000000 0.000000 0.000000 0.000000 0.000000
    2 3.890447 0.000000 0.000000 -1.570796 -0.054711 -1.451993
    3 17.591000 0.000000 0.000000 0.000000 0.000000 0.153903
    4 17.699581 0.000000 0.000000 -0.122557 0.022046 -1.083904
    5 -3.890447 0.000000 0.000000 -1.570797 -0.054711 -1.689600
    6 17.590998 0.000000 0.000000 0.000000 0.000000 0.153903
    7 17.699581 0.000000 0.000000 0.133252 -0.022046 -1.083904
    8 0.000000 3.345132 -2.981898 1.570796 0.052893 1.570796
    9 4.126621 0.000000 0.000000 0.000000 0.000000 -0.109958
    10 3.612873 0.000000 0.000000 0.000000 0.000000 0.157085
    11 9.183975 0.000000 0.000000 0.000000 0.000000 0.173457
    12 3.138083 0.000000 0.000000 3.141592 0.000000 -0.936567
    13 1.707666 0.000001 0.000000 0.000000 0.000000 -0.403112
    14 1.663039 1.210510 2.595493 1.585881 -1.286515 2.954168
    15 6.028141 0.000002 0.000000 -1.570685 -0.056434 -0.592417
    16 12.693002 0.000000 0.000001 0.000000 0.000000 -0.762857
    17 11.575974 0.000001 -0.000031 1.151993 -0.002657 0.038189
    18 5.562233 -0.288268 -0.510574 -3.061675 0.198455 -0.005041
    19 5.158500 -0.000001 -0.000001 -0.070282 -0.005680 0.008797
    20 3.326002 -0.000001 0.000000 0.008885 -0.007390 0.009850
    21 5.591166 -0.279020 1.848881 -3.062784 -0.107159 0.004678
    22 5.292999 0.000001 -0.000002 -0.073575 -0.006250 0.008402
    23 3.079116 -0.000001 0.000002 0.006978 -0.006850 0.007920
    24 5.739738 -0.095433 0.607274 -3.063221 0.025568 -0.018370
    25 5.652501 -0.000001 0.000000 -0.067745 -0.006072 0.008532
    26 3.325017 0.000000 -0.000002 0.009338 -0.006636 0.008100
    27 1.663050 1.210515 -2.595442 -1.665774 1.282032 2.945760
    28 6.028141 -0.000001 0.000000 1.632088 0.067144 -0.580410
    29 12.693002 0.000000 0.000003 0.000000 0.000000 -0.811694
    30 11.599607 0.000002 0.000001 -1.164891 -0.106508 0.028596
    31 5.928185 0.378912 0.637283 2.945638 -0.186886 0.107105
    32 5.074002 0.000001 -0.000001 0.000000 0.000000 0.000000
    33 3.325999 0.000001 0.000002 0.000000 -0.000001 0.000000
    34 6.189647 0.568800 -0.554352 2.949214 -0.013682 0.082709
    35 5.511002 0.000002 0.000001 0.000000 0.000000 0.012404
    36 3.325017 -0.000001 -0.000001 0.000000 0.000000 -0.009884
    37 5.900460 0.299200 -1.780354 2.948545 0.128545 0.102472
    38 5.248501 0.000003 -0.000001 0.000000 0.000000 0.011838
    39 3.151001 0.000001 -0.000001 0.000000 0.000000 -0.010015
    40 7.600445 -0.908441 0.636362 0.000000 -1.570796 2.973902
    41 0.051795 -3.221541 -2.149795 1.570796 -0.003965 -3.124561
    42 -3.929418 0.000003 0.000000 0.456323 0.600730 -2.513550
    43 13.106231 0.000003 0.000000 0.000000 0.000000 2.026915
    44 3.929418 -0.000002 0.000000 -0.411327 0.538162 -0.583342
    45 13.106231 0.000002 0.000000 0.000000 0.000000 -2.064136
    46 3.007646 4.344520 0.542817 1.321605 -0.270767 0.706112
    47 10.074753 -0.000005 -0.000001 0.000000 0.000000 -1.630424
    48 10.292003 -0.000002 0.000000 0.000000 0.000000 -0.425803
    49 -2.753414 4.323161 0.558394 1.931780 -0.224239 2.278513
    50 10.074757 0.000002 0.000000 0.000000 0.000000 -1.604180
    51 10.292000 -0.000001 -0.000001 0.000000 0.000000 -0.406073
  time 35
    0 7.426969 -111.229509 17.282842 1.570796 0.000000 -4.070774
    1 0.000000 0.000000 0.000000 0.000000 0.000000 0.000000
    2 3.890447 0.000000 0.000000 -1.570796 -0.054711 -1.451993
    3 17.591000 0.000000 0.000000 0.000000 0.000000 0.153903
    4 17.699581 0.000000 0.000000 -0.122557 0.022046 -1.083904
    5 -3.890447 0.000000 0.000000 -1.570797 -0.054711 -1.689600
    6 17.590998 0.000000 0.000000 0.000000 0.000000 0.153903
    7 17.699581 0.000000 0.000000 0.133252 -0.022046 -1.083904
    8 0.000000 3.345132 -2.981898 1.570796 0.052893 1.570796
    9 4.126621 0.000000 0.000000 0.000000 0.000000 -0.109958
    10 3.612873 0.000000 0.000000 0.000000 0.000000 0.157085
    11 9.183975 0.000000 0.000000 0.000000 0.000000 0.173457
    12 3.138083 0.000000 0.000000 3.141592 0.000000 -0.936567
    13 1.707666 0.000001 0.000000 0.000000 0.000000 -0.403112
    14 1.663039 1.210510 2.595493 1.585881 -1.286515 2.954168
    15 6.028141 0.000002 0.000000 -1.570685 -0.056434 -0.592417
    16 12.693002 0.000000 0.000001 0.000000 0.000000 -0.762857
    17 11.575974 0.000001 -0.000031 1.151993 -0.002657 0.038189
    18 5.562233 -0.288268 -0.510574 -3.061675 0.198455 -0.005041
    19 5.158500 -0.000001 -0.000001 -0.070282 -0.005680 0.008797
    20 3.326002 -0.000001 0.000000 0.008885 -0.007390 0.009850
    21 5.591166 -0.279020 1.848881 -3.062784 -0.107159 0.004678
    22 5.292999 0.000001 -0.000002 -0.073575 -0.006250 0.008402
    23 3.079116 -0.000001 0.000002 0.006978 -0.006850 0.007920
    24 5.739738 -0.095433 0.607274 -3.063221 0.025568 -0.018370
    25 5.652501 -0.000001 0.000000 -0.067745 -0.006072 0.008532
    26 3.325017 0.000000 -0.000002 0.009338 -0.006636 0.008100
    27 1.663050 1.210515 -2.595442 -1.665774 1.282032 2.945760
    28 6.028141 -0.000001 0.000000 1.632088 0.067144 -0.580410
    29 12.693002 0.000000 0.000003 0.000000 0.000000 -0.811694
    30 11.599607 0.000002 0.000001 -1.164891 -0.106508 0.028596
    31 5.928185 0.378912 0.637283 2.945638 -0.186886 0.107105
    32 5.074002 0.000001 -0.000001 0.000000 0.000000 0.000000
    33 3.325999 0.000001 0.000002 0.000000 -0.000001 0.000000
    34 6.189647 0.568800 -0.554352 2.949214 -0.013682 0.082709
    35 5.511002 0.000002 0.000001 0.000000 0.000000 0.012404
    36 3.325017 -0.000001 -0.000001 0.000000 0.000000 -0.009884
    37 5.900460 0.299200 -1.780354 2.948545 0.128545 0.102472
    38 5.248501 0.000003 -0.000001 0.000000 0.000000 0.011838
    39 3.151001 0.000001 -0.000001 0.000000 0.000000 -0.010015
    40 7.600445 -0.908441 0.636362 0.000000 -1.570796 2.973902
    41 0.051795 -3.221541 -2.149795 1.570796 -0.003965 -3.124561
    42 -3.929418 0.000003 0.000000 0.456323 0.600730 -2.513550
    43 13.106231 0.000003 0.000000 0.000000 0.000000 2.026915
    44 3.929418 -0.000002 0.000000 -0.411327 0.538162 -0.583342
    45 13.106231 0.000002 0.000000 0.000000 0.000000 -2.064136
    46 3.007646 4.344520 0.542817 1.321605 -0.270767 0.706112
    47 10.074753 -0.000005 -0.000001 0.000000 0.000000 -1.630424
    48 10.292003 -0.000002 0.000000 0.000000 0.000000 -0.425803
    49 -2.753414 4.323161 0.558394 1.931780 -0.224239 2.278513
    50 10.074757 0.000002 0.000000 0.000000 0.000000 -1.604180
    51 10.292000 -0.000001 -0.000001 0.000000 0.000000 -0.406073
  time 36
    0 7.672073 -115.056799 16.534845 1.570796 0.000000 -4.142202
    1 0.000000 0.000000 0.000000 0.000000 0.000000 0.000000
    2 3.890447 0.000000 0.000000 -1.570796 -0.054711 -1.451993
    3 17.591000 0.000000 0.000000 0.000000 0.000000 0.153903
    4 17.699581 0.000000 0.000000 -0.122557 0.022046 -1.083904
    5 -3.890447 0.000000 0.000000 -1.570797 -0.054711 -1.689600
    6 17.590998 0.000000 0.000000 0.000000 0.000000 0.153903
    7 17.699581 0.000000 0.000000 0.133252 -0.022046 -1.083904
    8 0.000000 3.345132 -2.981898 1.570796 0.052893 1.570796
    9 4.126621 0.000000 0.000000 0.000000 0.000000 -0.109958
    10 3.612873 0.000000 0.000000 0.000000 0.000000 0.157085
    11 9.183975 0.000000 0.000000 0.000000 0.000000 0.173457
    12 3.138083 0.000000 0.000000 3.141592 0.000000 -0.936567
    13 1.707666 0.000001 0.000000 0.000000 0.000000 -0.403112
    14 1.663039 1.210510 2.595493 1.585881 -1.286515 2.954168
    15 6.028141 0.000002 0.000000 -1.570685 -0.056434 -0.592417
    16 12.693002 0.000000 0.000001 0.000000 0.000000 -0.762857
    17 11.575974 0.000001 -0.000031 1.151993 -0.002657 0.038189
    18 5.562233 -0.288268 -0.510574 -3.061675 0.198455 -0.005041
    19 5.158500 -0.000001 -0.000001 -0.070282 -0.005680 0.008797
    20 3.326002 -0.000001 0.000000 0.008885 -0.007390 0.009850
    21 5.591166 -0.279020 1.848881 -3.062784 -0.107159 0.004678
    22 5.292999 0.000001 -0.000002 -0.073575 -0.006250 0.008402
    23 3.079116 -0.000001 0.000002 0.006978 -0.006850 0.007920
    24 5.739738 -0.095433 0.607274 -3.063221 0.025568 -0.018370
    25 5.652501 -0.000001 0.000000 -0.067745 -0.006072 0.008532
    26 3.325017 0.000000 -0.000002 0.009338 -0.006636 0.008100
    27 1.663050 1.210515 -2.595442 -1.665774 1.282032 2.945760
    28 6.028141 -0.000001 0.000000 1.632088 0.067144 -0.580410
    29 12.693002 0.000000 0.000003 0.000000 0.000000 -0.811694
    30 11.599607 0.000002 0.000001 -1.164891 -0.106508 0.028596
    31 5.928185 0.378912 0.637283 2.945638 -0.186886 0.107105
    32 5.074002 0.000001 -0.000001 0.000000 0.000000 0.000000
    33 3.325999 0.000001 0.000002 0.000000 -0.000001 0.000000
    34 6.189647 0.568800 -0.554352 2.949214 -0.013682 0.082709
    35 5.511002 0.000002 0.000001 0.000000 0.000000 0.012404
    36 3.325017 -0.000001 -0.000001 0.000000 0.000000 -0.009884
    37 5.900460 0.299200 -1.780354 2.948545 0.128545 0.102472
    38 5.248501 0.000003 -0.000001 0.000000 0.000000 0.011838
    39 3.151001 0.000001 -0.000001 0.000000 0.000000 -0.010015
    40 7.600445 -0.908441 0.636362 0.000000 -1.570796 2.973902
    41 0.051795 -3.221541 -2.149795 1.570796 -0.003965 -3.124561
    42 -3.929418 0.000003 0.000000 0.456323 0.600730 -2.513550
    43 13.106231 0.000003 0.000000 0.000000 0.000000 2.026915
    44 3.929418 -0.000002 0.000000 -0.411327 0.538162 -0.583342
    45 13.106231 0.000002 0.000000 0.000000 0.000000 -2.064136
    46 3.007646 4.344520 0.542817 1.321605 -0.270767 0.706112
    47 10.074753 -0.000005 -0.000001 0.000000 0.000000 -1.630424
    48 10.292003 -0.000002 0.000000 0.000000 0.000000 -0.425803
    49 -2.753414 4.323161 0.558394 1.931780 -0.224239 2.278513
    50 10.074757 0.000002 0.000000 0.000000 0.000000 -1.604180
    51 10.292000 -0.000001 -0.000001 0.000000 0.000000 -0.406073
  time 37
    0 7.927012 -118.922372 15.778739 1.570796 0.000000 -4.213630
    1 0.000000 0.000000 0.000000 0.000000 0.000000 0.000000
    2 3.890447 0.000000 0.000000 -1.570796 -0.054711 -1.451993
    3 17.591000 0.000000 0.000000 0.000000 0.000000 0.153903
    4 17.699581 0.000000 0.000000 -0.122557 0.022046 -1.083904
    5 -3.890447 0.000000 0.000000 -1.570797 -0.054711 -1.689600
    6 17.590998 0.000000 0.000000 0.000000 0.000000 0.153903
    7 17.699581 0.000000 0.000000 0.133252 -0.022046 -1.083904
    8 0.000000 3.345132 -2.981898 1.570796 0.052893 1.570796
    9 4.126621 0.000000 0.000000 0.000000 0.000000 -0.109958
    10 3.612873 0.000000 0.000000 0.000000 0.000000 0.157085
    11 9.183975 0.000000 0.000000 0.000000 0.000000 0.173457
    12 3.138083 0.000000 0.000000 3.141592 0.000000 -0.936567
    13 1.707666 0.000001 0.000000 0.000000 0.000000 -0.403112
    14 1.663039 1.210510 2.595493 1.585881 -1.286515 2.954168
    15 6.028141 0.000002 0.000000 -1.570685 -0.056434 -0.592417
    16 12.693002 0.000000 0.000001 0.000000 0.000000 -0.762857
    17 11.575974 0.000001 -0.000031 1.151993 -0.002657 0.038189
    18 5.562233 -0.288268 -0.510574 -3.061675 0.198455 -0.005041
    19 5.158500 -0.000001 -0.000001 -0.070282 -0.005680 0.008797
    20 3.326002 -0.000001 0.000000 0.008885 -0.007390 0.009850
    21 5.591166 -0.279020 1.848881 -3.062784 -0.107159 0.004678
    22 5.292999 0.000001 -0.000002 -0.073575 -0.006250 0.008402
    23 3.079116 -0.000001 0.000002 0.006978 -0.006850 0.007920
    24 5.739738 -0.095433 0.607274 -3.063221 0.025568 -0.018370
    25 5.652501 -0.000001 0.000000 -0.067745 -0.006072 0.008532
    26 3.325017 0.000000 -0.000002 0.009338 -0.006636 0.008100
    27 1.663050 1.210515 -2.595442 -1.665774 1.282032 2.945760
    28 6.028141 -0.000001 0.000000 1.632088 0.067144 -0.580410
    29 12.693002 0.000000 0.000003 0.000000 0.000000 -0.811694
    30 11.599607 0.000002 0.000001 -1.164891 -0.106508 0.028596
    31 5.928185 0.378912 0.637283 2.945638 -0.186886 0.107105
    32 5.074002 0.000001 -0.000001 0.000000 0.000000 0.000000
    33 3.325999 0.000001 0.000002 0.000000 -0.000001 0.000000
    34 6.189647 0.568800 -0.554352 2.949214 -0.013682 0.082709
    35 5.511002 0.000002 0.000001 0.000000 0.000000 0.012404
    36 3.325017 -0.000001 -0.000001 0.000000 0.000000 -0.009884
    37 5.900460 0.299200 -1.780354 2.948545 0.128545 0.102472
    38 5.248501 0.000003 -0.000001 0.000000 0.000000 0.011838
    39 3.151001 0.000001 -0.000001 0.000000 0.000000 -0.010015
    40 7.600445 -0.908441 0.636362 0.000000 -1.570796 2.973902
    41 0.051795 -3.221541 -2.149795 1.570796 -0.003965 -3.124561
    42 -3.929418 0.000003 0.000000 0.456323 0.600730 -2.513550
    43 13.106231 0.000003 0.000000 0.000000 0.000000 2.026915
    44 3.929418 -0.000002 0.000000 -0.411327 0.538162 -0.583342
    45 13.106231 0.000002 0.000000 0.000000 0.000000 -2.064136
    46 3.007646 4.344520 0.542817 1.321605 -0.270767 0.706112
    47 10.074753 -0.000005 -0.000001 0.000000 0.000000 -1.630424
    48 10.292003 -0.000002 0.000000 0.000000 0.000000 -0.425803
    49 -2.753414 4.323161 0.558394 1.931780 -0.224239 2.278513
    50 10.074757 0.000002 0.000000 0.000000 0.000000 -1.604180
    51 10.292000 -0.000001 -0.000001 0.000000 0.000000 -0.406073
  time 38
    0 8.192066 -122.826704 15.014524 1.570796 0.000000 -4.285057
    1 0.000000 0.000000 0.000000 0.000000 0.000000 0.000000
    2 3.890447 0.000000 0.000000 -1.570796 -0.054711 -1.451993
    3 17.591000 0.000000 0.000000 0.000000 0.000000 0.153903
    4 17.699581 0.000000 0.000000 -0.122557 0.022046 -1.083904
    5 -3.890447 0.000000 0.000000 -1.570797 -0.054711 -1.689600
    6 17.590998 0.000000 0.000000 0.000000 0.000000 0.153903
    7 17.699581 0.000000 0.000000 0.133252 -0.022046 -1.083904
    8 0.000000 3.345132 -2.981898 1.570796 0.052893 1.570796
    9 4.126621 0.000000 0.000000 0.000000 0.000000 -0.109958
    10 3.612873 0.000000 0.000000 0.000000 0.000000 0.157085
    11 9.183975 0.000000 0.000000 0.000000 0.000000 0.173457
    12 3.138083 0.000000 0.000000 3.141592 0.000000 -0.936567
    13 1.707666 0.000001 0.000000 0.000000 0.000000 -0.403112
    14 1.663039 1.210510 2.595493 1.585881 -1.286515 2.954168
    15 6.028141 0.000002 0.000000 -1.570685 -0.056434 -0.592417
    16 12.693002 0.000000 0.000001 0.000000 0.000000 -0.762857
    17 11.575974 0.000001 -0.000031 1.151993 -0.002657 0.038189
    18 5.562233 -0.288268 -0.510574 -3.061675 0.198455 -0.005041
    19 5.158500 -0.000001 -0.000001 -0.070282 -0.005680 0.008797
    20 3.326002 -0.000001 0.000000 0.008885 -0.007390 0.009850
    21 5.591166 -0.279020 1.848881 -3.062784 -0.107159 0.004678
    22 5.292999 0.000001 -0.000002 -0.073575 -0.006250 0.008402
    23 3.079116 -0.000001 0.000002 0.006978 -0.006850 0.007920
    24 5.739738 -0.095433 0.607274 -3.063221 0.025568 -0.018370
    25 5.652501 -0.000001 0.000000 -0.067745 -0.006072 0.008532
    26 3.325017 0.000000 -0.000002 0.009338 -0.006636 0.008100
    27 1.663050 1.210515 -2.595442 -1.665774 1.282032 2.945760
    28 6.028141 -0.000001 0.000000 1.632088 0.067144 -0.580410
    29 12.693002 0.000000 0.000003 0.000000 0.000000 -0.811694
    30 11.599607 0.000002 0.000001 -1.164891 -0.106508 0.028596
    31 5.928185 0.378912 0.637283 2.945638 -0.186886 0.107105
    32 5.074002 0.000001 -0.000001 0.000000 0.000000 0.000000
    33 3.325999 0.000001 0.000002 0.000000 -0.000001 0.000000
    34 6.189647 0.568800 -0.554352 2.949214 -0.013682 0.082709
    35 5.511002 0.000002 0.000001 0.000000 0.000000 0.012404
    36 3.325017 -0.000001 -0.000001 0.000000 0.000000 -0.009884
    37 5.900460 0.299200 -1.780354 2.948545 0.128545 0.102472
    38 5.248501 0.000003 -0.000001 0.000000 0.000000 0.011838
    39 3.151001 0.000001 -0.000001 0.000000 0.000000 -0.010015
    40 7.600445 -0.908441 0.636362 0.000000 -1.570796 2.973902
    41 0.051795 -3.221541 -2.149795 1.570796 -0.003965 -3.124561
    42 -3.929418 0.000003 0.000000 0.456323 0.600730 -2.513550
    43 13.106231 0.000003 0.000000 0.000000 0.000000 2.026915
    44 3.929418 -0.000002 0.000000 -0.411327 0.538162 -0.583342
    45 13.106231 0.000002 0.000000 0.000000 0.000000 -2.064136
    46 3.007646 4.344520 0.542817 1.321605 -0.270767 0.706112
    47 10.074753 -0.000005 -0.000001 0.000000 0.000000 -1.630424
    48 10.292003 -0.000002 0.000000 0.000000 0.000000 -0.425803
    49 -2.753414 4.323161 0.558394 1.931780 -0.224239 2.278513
    50 10.074757 0.000002 0.000000 0.000000 0.000000 -1.604180
    51 10.292000 -0.000001 -0.000001 0.000000 0.000000 -0.406073
  time 39
    0 8.467482 -126.770289 14.242200 1.570796 0.000000 -4.356485
    1 0.000000 0.000000 0.000000 0.000000 0.000000 0.000000
    2 3.890447 0.000000 0.000000 -1.570796 -0.054711 -1.451993
    3 17.591000 0.000000 0.000000 0.000000 0.000000 0.153903
    4 17.699581 0.000000 0.000000 -0.122557 0.022046 -1.083904
    5 -3.890447 0.000000 0.000000 -1.570797 -0.054711 -1.689600
    6 17.590998 0.000000 0.000000 0.000000 0.000000 0.153903
    7 17.699581 0.000000 0.000000 0.133252 -0.022046 -1.083904
    8 0.000000 3.345132 -2.981898 1.570796 0.052893 1.570796
    9 4.126621 0.000000 0.000000 0.000000 0.000000 -0.109958
    10 3.612873 0.000000 0.000000 0.000000 0.000000 0.157085
    11 9.183975 0.000000 0.000000 0.000000 0.000000 0.173457
    12 3.138083 0.000000 0.000000 3.141592 0.000000 -0.936567
    13 1.707666 0.000001 0.000000 0.000000 0.000000 -0.403112
    14 1.663039 1.210510 2.595493 1.585881 -1.286515 2.954168
    15 6.028141 0.000002 0.000000 -1.570685 -0.056434 -0.592417
    16 12.693002 0.000000 0.000001 0.000000 0.000000 -0.762857
    17 11.575974 0.000001 -0.000031 1.151993 -0.002657 0.038189
    18 5.562233 -0.288268 -0.510574 -3.061675 0.198455 -0.005041
    19 5.158500 -0.000001 -0.000001 -0.070282 -0.005680 0.008797
    20 3.326002 -0.000001 0.000000 0.008885 -0.007390 0.009850
    21 5.591166 -0.279020 1.848881 -3.062784 -0.107159 0.004678
    22 5.292999 0.000001 -0.000002 -0.073575 -0.006250 0.008402
    23 3.079116 -0.000001 0.000002 0.006978 -0.006850 0.007920
    24 5.739738 -0.095433 0.607274 -3.063221 0.025568 -0.018370
    25 5.652501 -0.000001 0.000000 -0.067745 -0.006072 0.008532
    26 3.325017 0.000000 -0.000002 0.009338 -0.006636 0.008100
    27 1.663050 1.210515 -2.595442 -1.665774 1.282032 2.945760
    28 6.028141 -0.000001 0.000000 1.632088 0.067144 -0.580410
    29 12.693002 0.000000 0.000003 0.000000 0.000000 -0.811694
    30 11.599607 0.000002 0.000001 -1.164891 -0.106508 0.028596
    31 5.928185 0.378912 0.637283 2.945638 -0.186886 0.107105
    32 5.074002 0.000001 -0.000001 0.000000 0.000000 0.000000
    33 3.325999 0.000001 0.000002 0.000000 -0.000001 0.000000
    34 6.189647 0.568800 -0.554352 2.949214 -0.013682 0.082709
    35 5.511002 0.000002 0.000001 0.000000 0.000000 0.012404
    36 3.325017 -0.000001 -0.000001 0.000000 0.000000 -0.009884
    37 5.900460 0.299200 -1.780354 2.948545 0.128545 0.102472
    38 5.248501 0.000003 -0.000001 0.000000 0.000000 0.011838
    39 3.151001 0.000001 -0.000001 0.000000 0.000000 -0.010015
    40 7.600445 -0.908441 0.636362 0.000000 -1.570796 2.973902
    41 0.051795 -3.221541 -2.149795 1.570796 -0.003965 -3.124561
    42 -3.929418 0.000003 0.000000 0.456323 0.600730 -2.513550
    43 13.106231 0.000003 0.000000 0.000000 0.000000 2.026915
    44 3.929418 -0.000002 0.000000 -0.411327 0.538162 -0.583342
    45 13.106231 0.000002 0.000000 0.000000 0.000000 -2.064136
    46 3.007646 4.344520 0.542817 1.321605 -0.270767 0.706112
    47 10.074753 -0.000005 -0.000001 0.000000 0.000000 -1.630424
    48 10.292003 -0.000002 0.000000 0.000000 0.000000 -0.425803
    49 -2.753414 4.323161 0.558394 1.931780 -0.224239 2.278513
    50 10.074757 0.000002 0.000000 0.000000 0.000000 -1.604180
    51 10.292000 -0.000001 -0.000001 0.000000 0.000000 -0.406073
  time 40
    0 8.753471 -130.753636 13.461767 1.570796 0.000000 -4.427913
    1 0.000000 0.000000 0.000000 0.000000 0.000000 0.000000
    2 3.890447 0.000000 0.000000 -1.570796 -0.054711 -1.451993
    3 17.591000 0.000000 0.000000 0.000000 0.000000 0.153903
    4 17.699581 0.000000 0.000000 -0.122557 0.022046 -1.083904
    5 -3.890447 0.000000 0.000000 -1.570797 -0.054711 -1.689600
    6 17.590998 0.000000 0.000000 0.000000 0.000000 0.153903
    7 17.699581 0.000000 0.000000 0.133252 -0.022046 -1.083904
    8 0.000000 3.345132 -2.981898 1.570796 0.052893 1.570796
    9 4.126621 0.000000 0.000000 0.000000 0.000000 -0.109958
    10 3.612873 0.000000 0.000000 0.000000 0.000000 0.157085
    11 9.183975 0.000000 0.000000 0.000000 0.000000 0.173457
    12 3.138083 0.000000 0.000000 3.141592 0.000000 -0.936567
    13 1.707666 0.000001 0.000000 0.000000 0.000000 -0.403112
    14 1.663039 1.210510 2.595493 1.585881 -1.286515 2.954168
    15 6.028141 0.000002 0.000000 -1.570685 -0.056434 -0.592417
    16 12.693002 0.000000 0.000001 0.000000 0.000000 -0.762857
    17 11.575974 0.000001 -0.000031 1.151993 -0.002657 0.038189
    18 5.562233 -0.288268 -0.510574 -3.061675 0.198455 -0.005041
    19 5.158500 -0.000001 -0.000001 -0.070282 -0.005680 0.008797
    20 3.326002 -0.000001 0.000000 0.008885 -0.007390 0.009850
    21 5.591166 -0.279020 1.848881 -3.062784 -0.107159 0.004678
    22 5.292999 0.000001 -0.000002 -0.073575 -0.006250 0.008402
    23 3.079116 -0.000001 0.000002 0.006978 -0.006850 0.007920
    24 5.739738 -0.095433 0.607274 -3.063221 0.025568 -0.018370
    25 5.652501 -0.000001 0.000000 -0.067745 -0.006072 0.008532
    26 3.325017 0.000000 -0.000002 0.009338 -0.006636 0.008100
    27 1.663050 1.210515 -2.595442 -1.665774 1.282032 2.945760
    28 6.028141 -0.000001 0.000000 1.632088 0.067144 -0.580410
    29 12.693002 0.000000 0.000003 0.000000 0.000000 -0.811694
    30 11.599607 0.000002 0.000001 -1.164891 -0.106508 0.028596
    31 5.928185 0.378912 0.637283 2.945638 -0.186886 0.107105
    32 5.074002 0.000001 -0.000001 0.000000 0.000000 0.000000
    33 3.325999 0.000001 0.000002 0.000000 -0.000001 0.000000
    34 6.189647 0.568800 -0.554352 2.949214 -0.013682 0.082709
    35 5.511002 0.000002 0.000001 0.000000 0.000000 0.012404
    36 3.325017 -0.000001 -0.000001 0.000000 0.000000 -0.009884
    37 5.900460 0.299200 -1.780354 2.948545 0.128545 0.102472
    38 5.248501 0.000003 -0.000001 0.000000 0.000000 0.011838
    39 3.151001 0.000001 -0.000001 0.000000 0.000000 -0.010015
    40 7.600445 -0.908441 0.636362 0.000000 -1.570796 2.973902
    41 0.051795 -3.221541 -2.149795 1.570796 -0.003965 -3.124561
    42 -3.929418 0.000003 0.000000 0.456323 0.600730 -2.513550
    43 13.106231 0.000003 0.000000 0.000000 0.000000 2.026915
    44 3.929418 -0.000002 0.000000 -0.411327 0.538162 -0.583342
    45 13.106231 0.000002 0.000000 0.000000 0.000000 -2.064136
    46 3.007646 4.344520 0.542817 1.321605 -0.270767 0.706112
    47 10.074753 -0.000005 -0.000001 0.000000 0.000000 -1.630424
    48 10.292003 -0.000002 0.000000 0.000000 0.000000 -0.425803
    49 -2.753414 4.323161 0.558394 1.931780 -0.224239 2.278513
    50 10.074757 0.000002 0.000000 0.000000 0.000000 -1.604180
    51 10.292000 -0.000001 -0.000001 0.000000 0.000000 -0.406073
  time 41
    0 8.753471 -130.753634 13.461767 1.570796 0.000000 -4.427913
    1 0.000000 0.000000 0.000000 0.000000 0.000000 0.000000
    2 3.890447 0.000000 0.000000 -1.570796 -0.054711 -1.451993
    3 17.591000 0.000000 0.000000 0.000000 0.000000 0.153903
    4 17.699581 0.000000 0.000000 -0.122557 0.022046 -1.083904
    5 -3.890447 0.000000 0.000000 -1.570797 -0.054711 -1.689600
    6 17.590998 0.000000 0.000000 0.000000 0.000000 0.153903
    7 17.699581 0.000000 0.000000 0.133252 -0.022046 -1.083904
    8 0.000000 3.345132 -2.981898 1.570796 0.052893 1.570796
    9 4.126621 0.000000 0.000000 0.000000 0.000000 -0.109958
    10 3.612873 0.000000 0.000000 0.000000 0.000000 0.157085
    11 9.183975 0.000000 0.000000 0.000000 0.000000 0.173457
    12 3.138083 0.000000 0.000000 3.141592 0.000000 -0.936567
    13 1.707666 0.000001 0.000000 0.000000 0.000000 -0.403112
    14 1.663039 1.210510 2.595493 1.585881 -1.286515 2.954168
    15 6.028141 0.000002 0.000000 -1.570685 -0.056434 -0.592417
    16 12.693002 0.000000 0.000001 0.000000 0.000000 -0.762857
    17 11.575974 0.000001 -0.000031 1.151993 -0.002657 0.038189
    18 5.562233 -0.288268 -0.510574 -3.061675 0.198455 -0.005041
    19 5.158500 -0.000001 -0.000001 -0.070282 -0.005680 0.008797
    20 3.326002 -0.000001 0.000000 0.008885 -0.007390 0.009850
    21 5.591166 -0.279020 1.848881 -3.062784 -0.107159 0.004678
    22 5.292999 0.000001 -0.000002 -0.073575 -0.006250 0.008402
    23 3.079116 -0.000001 0.000002 0.006978 -0.006850 0.007920
    24 5.739738 -0.095433 0.607274 -3.063221 0.025568 -0.018370
    25 5.652501 -0.000001 0.000000 -0.067745 -0.006072 0.008532
    26 3.325017 0.000000 -0.000002 0.009338 -0.006636 0.008100
    27 1.663050 1.210515 -2.595442 -1.665774 1.282032 2.945760
    28 6.028141 -0.000001 0.000000 1.632088 0.067144 -0.580410
    29 12.693002 0.000000 0.000003 0.000000 0.000000 -0.811694
    30 11.599607 0.000002 0.000001 -1.164891 -0.106508 0.028596
    31 5.928185 0.378912 0.637283 2.945638 -0.186886 0.107105
    32 5.074002 0.000001 -0.000001 0.000000 0.000000 0.000000
    33 3.325999 0.000001 0.000002 0.000000 -0.000001 0.000000
    34 6.189647 0.568800 -0.554352 2.949214 -0.013682 0.082709
    35 5.511002 0.000002 0.000001 0.000000 0.000000 0.012404
    36 3.325017 -0.000001 -0.000001 0.000000 0.000000 -0.009884
    37 5.900460 0.299200 -1.780354 2.948545 0.128545 0.102472
    38 5.248501 0.000003 -0.000001 0.000000 0.000000 0.011838
    39 3.151001 0.000001 -0.000001 0.000000 0.000000 -0.010015
    40 7.600445 -0.908441 0.636362 0.000000 -1.570796 2.973902
    41 0.051795 -3.221541 -2.149795 1.570796 -0.003965 -3.124561
    42 -3.929418 0.000003 0.000000 0.456323 0.600730 -2.513550
    43 13.106231 0.000003 0.000000 0.000000 0.000000 2.026915
    44 3.929418 -0.000002 0.000000 -0.411327 0.538162 -0.583342
    45 13.106231 0.000002 0.000000 0.000000 0.000000 -2.064136
    46 3.007646 4.344520 0.542817 1.321605 -0.270767 0.706112
    47 10.074753 -0.000005 -0.000001 0.000000 0.000000 -1.630424
    48 10.292003 -0.000002 0.000000 0.000000 0.000000 -0.425803
    49 -2.753414 4.323161 0.558394 1.931780 -0.224239 2.278513
    50 10.074757 0.000002 0.000000 0.000000 0.000000 -1.604180
    51 10.292000 -0.000001 -0.000001 0.000000 0.000000 -0.406073
  time 42
    0 8.753471 -130.753634 13.461767 1.570796 0.000000 -4.427913
    1 0.000000 0.000000 0.000000 0.000000 0.000000 0.000000
    2 3.890447 0.000000 0.000000 -1.570796 -0.054711 -1.451993
    3 17.591000 0.000000 0.000000 0.000000 0.000000 0.153903
    4 17.699581 0.000000 0.000000 -0.122557 0.022046 -1.083904
    5 -3.890447 0.000000 0.000000 -1.570797 -0.054711 -1.689600
    6 17.590998 0.000000 0.000000 0.000000 0.000000 0.153903
    7 17.699581 0.000000 0.000000 0.133252 -0.022046 -1.083904
    8 0.000000 3.345132 -2.981898 1.570796 0.052893 1.570796
    9 4.126621 0.000000 0.000000 0.000000 0.000000 -0.109958
    10 3.612873 0.000000 0.000000 0.000000 0.000000 0.157085
    11 9.183975 0.000000 0.000000 0.000000 0.000000 0.173457
    12 3.138083 0.000000 0.000000 3.141592 0.000000 -0.936567
    13 1.707666 0.000001 0.000000 0.000000 0.000000 -0.403112
    14 1.663039 1.210510 2.595493 1.585881 -1.286515 2.954168
    15 6.028141 0.000002 0.000000 -1.570685 -0.056434 -0.592417
    16 12.693002 0.000000 0.000001 0.000000 0.000000 -0.762857
    17 11.575974 0.000001 -0.000031 1.151993 -0.002657 0.038189
    18 5.562233 -0.288268 -0.510574 -3.061675 0.198455 -0.005041
    19 5.158500 -0.000001 -0.000001 -0.070282 -0.005680 0.008797
    20 3.326002 -0.000001 0.000000 0.008885 -0.007390 0.009850
    21 5.591166 -0.279020 1.848881 -3.062784 -0.107159 0.004678
    22 5.292999 0.000001 -0.000002 -0.073575 -0.006250 0.008402
    23 3.079116 -0.000001 0.000002 0.006978 -0.006850 0.007920
    24 5.739738 -0.095433 0.607274 -3.063221 0.025568 -0.018370
    25 5.652501 -0.000001 0.000000 -0.067745 -0.006072 0.008532
    26 3.325017 0.000000 -0.000002 0.009338 -0.006636 0.008100
    27 1.663050 1.210515 -2.595442 -1.665774 1.282032 2.945760
    28 6.028141 -0.000001 0.000000 1.632088 0.067144 -0.580410
    29 12.693002 0.000000 0.000003 0.000000 0.000000 -0.811694
    30 11.599607 0.000002 0.000001 -1.164891 -0.106508 0.028596
    31 5.928185 0.378912 0.637283 2.945638 -0.186886 0.107105
    32 5.074002 0.000001 -0.000001 0.000000 0.000000 0.000000
    33 3.325999 0.000001 0.000002 0.000000 -0.000001 0.000000
    34 6.189647 0.568800 -0.554352 2.949214 -0.013682 0.082709
    35 5.511002 0.000002 0.000001 0.000000 0.000000 0.012404
    36 3.325017 -0.000001 -0.000001 0.000000 0.000000 -0.009884
    37 5.900460 0.299200 -1.780354 2.948545 0.128545 0.102472
    38 5.248501 0.000003 -0.000001 0.000000 0.000000 0.011838
    39 3.151001 0.000001 -0.000001 0.000000 0.000000 -0.010015
    40 7.600445 -0.908441 0.636362 0.000000 -1.570796 2.973902
    41 0.051795 -3.221541 -2.149795 1.570796 -0.003965 -3.124561
    42 -3.929418 0.000003 0.000000 0.456323 0.600730 -2.513550
    43 13.106231 0.000003 0.000000 0.000000 0.000000 2.026915
    44 3.929418 -0.000002 0.000000 -0.411327 0.538162 -0.583342
    45 13.106231 0.000002 0.000000 0.000000 0.000000 -2.064136
    46 3.007646 4.344520 0.542817 1.321605 -0.270767 0.706112
    47 10.074753 -0.000005 -0.000001 0.000000 0.000000 -1.630424
    48 10.292003 -0.000002 0.000000 0.000000 0.000000 -0.425803
    49 -2.753414 4.323161 0.558394 1.931780 -0.224239 2.278513
    50 10.074757 0.000002 0.000000 0.000000 0.000000 -1.604180
    51 10.292000 -0.000001 -0.000001 0.000000 0.000000 -0.406073
  time 43
    0 8.753471 -130.753634 13.461767 1.570796 0.000000 -4.427913
    1 0.000000 0.000000 0.000000 0.000000 0.000000 0.000000
    2 3.890447 0.000000 0.000000 -1.570796 -0.054711 -1.451993
    3 17.591000 0.000000 0.000000 0.000000 0.000000 0.153903
    4 17.699581 0.000000 0.000000 -0.122557 0.022046 -1.083904
    5 -3.890447 0.000000 0.000000 -1.570797 -0.054711 -1.689600
    6 17.590998 0.000000 0.000000 0.000000 0.000000 0.153903
    7 17.699581 0.000000 0.000000 0.133252 -0.022046 -1.083904
    8 0.000000 3.345132 -2.981898 1.570796 0.052893 1.570796
    9 4.126621 0.000000 0.000000 0.000000 0.000000 -0.109958
    10 3.612873 0.000000 0.000000 0.000000 0.000000 0.157085
    11 9.183975 0.000000 0.000000 0.000000 0.000000 0.173457
    12 3.138083 0.000000 0.000000 3.141592 0.000000 -0.936567
    13 1.707666 0.000001 0.000000 0.000000 0.000000 -0.403112
    14 1.663039 1.210510 2.595493 1.585881 -1.286515 2.954168
    15 6.028141 0.000002 0.000000 -1.570685 -0.056434 -0.592417
    16 12.693002 0.000000 0.000001 0.000000 0.000000 -0.762857
    17 11.575974 0.000001 -0.000031 1.151993 -0.002657 0.038189
    18 5.562233 -0.288268 -0.510574 -3.061675 0.198455 -0.005041
    19 5.158500 -0.000001 -0.000001 -0.070282 -0.005680 0.008797
    20 3.326002 -0.000001 0.000000 0.008885 -0.007390 0.009850
    21 5.591166 -0.279020 1.848881 -3.062784 -0.107159 0.004678
    22 5.292999 0.000001 -0.000002 -0.073575 -0.006250 0.008402
    23 3.079116 -0.000001 0.000002 0.006978 -0.006850 0.007920
    24 5.739738 -0.095433 0.607274 -3.063221 0.025568 -0.018370
    25 5.652501 -0.000001 0.000000 -0.067745 -0.006072 0.008532
    26 3.325017 0.000000 -0.000002 0.009338 -0.006636 0.008100
    27 1.663050 1.210515 -2.595442 -1.665774 1.282032 2.945760
    28 6.028141 -0.000001 0.000000 1.632088 0.067144 -0.580410
    29 12.693002 0.000000 0.000003 0.000000 0.000000 -0.811694
    30 11.599607 0.000002 0.000001 -1.164891 -0.106508 0.028596
    31 5.928185 0.378912 0.637283 2.945638 -0.186886 0.107105
    32 5.074002 0.000001 -0.000001 0.000000 0.000000 0.000000
    33 3.325999 0.000001 0.000002 0.000000 -0.000001 0.000000
    34 6.189647 0.568800 -0.554352 2.949214 -0.013682 0.082709
    35 5.511002 0.000002 0.000001 0.000000 0.000000 0.012404
    36 3.325017 -0.000001 -0.000001 0.000000 0.000000 -0.009884
    37 5.900460 0.299200 -1.780354 2.948545 0.128545 0.102472
    38 5.248501 0.000003 -0.000001 0.000000 0.000000 0.011838
    39 3.151001 0.000001 -0.000001 0.000000 0.000000 -0.010015
    40 7.600445 -0.908441 0.636362 0.000000 -1.570796 2.973902
    41 0.051795 -3.221541 -2.149795 1.570796 -0.003965 -3.124561
    42 -3.929418 0.000003 0.000000 0.456323 0.600730 -2.513550
    43 13.106231 0.000003 0.000000 0.000000 0.000000 2.026915
    44 3.929418 -0.000002 0.000000 -0.411327 0.538162 -0.583342
    45 13.106231 0.000002 0.000000 0.000000 0.000000 -2.064136
    46 3.007646 4.344520 0.542817 1.321605 -0.270767 0.706112
    47 10.074753 -0.000005 -0.000001 0.000000 0.000000 -1.630424
    48 10.292003 -0.000002 0.000000 0.000000 0.000000 -0.425803
    49 -2.753414 4.323161 0.558394 1.931780 -0.224239 2.278513
    50 10.074757 0.000002 0.000000 0.000000 0.000000 -1.604180
    51 10.292000 -0.000001 -0.000001 0.000000 0.000000 -0.406073
  time 44
    0 8.753471 -130.753634 13.461767 1.570796 0.000000 -4.427913
    1 0.000000 0.000000 0.000000 0.000000 0.000000 0.000000
    2 3.890447 0.000000 0.000000 -1.570796 -0.054711 -1.451993
    3 17.591000 0.000000 0.000000 0.000000 0.000000 0.153903
    4 17.699581 0.000000 0.000000 -0.122557 0.022046 -1.083904
    5 -3.890447 0.000000 0.000000 -1.570797 -0.054711 -1.689600
    6 17.590998 0.000000 0.000000 0.000000 0.000000 0.153903
    7 17.699581 0.000000 0.000000 0.133252 -0.022046 -1.083904
    8 0.000000 3.345132 -2.981898 1.570796 0.052893 1.570796
    9 4.126621 0.000000 0.000000 0.000000 0.000000 -0.109958
    10 3.612873 0.000000 0.000000 0.000000 0.000000 0.157085
    11 9.183975 0.000000 0.000000 0.000000 0.000000 0.173457
    12 3.138083 0.000000 0.000000 3.141592 0.000000 -0.936567
    13 1.707666 0.000001 0.000000 0.000000 0.000000 -0.403112
    14 1.663039 1.210510 2.595493 1.585881 -1.286515 2.954168
    15 6.028141 0.000002 0.000000 -1.570685 -0.056434 -0.592417
    16 12.693002 0.000000 0.000001 0.000000 0.000000 -0.762857
    17 11.575974 0.000001 -0.000031 1.151993 -0.002657 0.038189
    18 5.562233 -0.288268 -0.510574 -3.061675 0.198455 -0.005041
    19 5.158500 -0.000001 -0.000001 -0.070282 -0.005680 0.008797
    20 3.326002 -0.000001 0.000000 0.008885 -0.007390 0.009850
    21 5.591166 -0.279020 1.848881 -3.062784 -0.107159 0.004678
    22 5.292999 0.000001 -0.000002 -0.073575 -0.006250 0.008402
    23 3.079116 -0.000001 0.000002 0.006978 -0.006850 0.007920
    24 5.739738 -0.095433 0.607274 -3.063221 0.025568 -0.018370
    25 5.652501 -0.000001 0.000000 -0.067745 -0.006072 0.008532
    26 3.325017 0.000000 -0.000002 0.009338 -0.006636 0.008100
    27 1.663050 1.210515 -2.595442 -1.665774 1.282032 2.945760
    28 6.028141 -0.000001 0.000000 1.632088 0.067144 -0.580410
    29 12.693002 0.000000 0.000003 0.000000 0.000000 -0.811694
    30 11.599607 0.000002 0.000001 -1.164891 -0.106508 0.028596
    31 5.928185 0.378912 0.637283 2.945638 -0.186886 0.107105
    32 5.074002 0.000001 -0.000001 0.000000 0.000000 0.000000
    33 3.325999 0.000001 0.000002 0.000000 -0.000001 0.000000
    34 6.189647 0.568800 -0.554352 2.949214 -0.013682 0.082709
    35 5.511002 0.000002 0.000001 0.000000 0.000000 0.012404
    36 3.325017 -0.000001 -0.000001 0.000000 0.000000 -0.009884
    37 5.900460 0.299200 -1.780354 2.948545 0.128545 0.102472
    38 5.248501 0.000003 -0.000001 0.000000 0.000000 0.011838
    39 3.151001 0.000001 -0.000001 0.000000 0.000000 -0.010015
    40 7.600445 -0.908441 0.636362 0.000000 -1.570796 2.973902
    41 0.051795 -3.221541 -2.149795 1.570796 -0.003965 -3.124561
    42 -3.929418 0.000003 0.000000 0.456323 0.600730 -2.513550
    43 13.106231 0.000003 0.000000 0.000000 0.000000 2.026915
    44 3.929418 -0.000002 0.000000 -0.411327 0.538162 -0.583342
    45 13.106231 0.000002 0.000000 0.000000 0.000000 -2.064136
    46 3.007646 4.344520 0.542817 1.321605 -0.270767 0.706112
    47 10.074753 -0.000005 -0.000001 0.000000 0.000000 -1.630424
    48 10.292003 -0.000002 0.000000 0.000000 0.000000 -0.425803
    49 -2.753414 4.323161 0.558394 1.931780 -0.224239 2.278513
    50 10.074757 0.000002 0.000000 0.000000 0.000000 -1.604180
    51 10.292000 -0.000001 -0.000001 0.000000 0.000000 -0.406073
  time 45
    0 8.753471 -130.753634 13.461767 1.570796 0.000000 -4.427913
    1 0.000000 0.000000 0.000000 0.000000 0.000000 0.000000
    2 3.890447 0.000000 0.000000 -1.570796 -0.054711 -1.451993
    3 17.591000 0.000000 0.000000 0.000000 0.000000 0.153903
    4 17.699581 0.000000 0.000000 -0.122557 0.022046 -1.083904
    5 -3.890447 0.000000 0.000000 -1.570797 -0.054711 -1.689600
    6 17.590998 0.000000 0.000000 0.000000 0.000000 0.153903
    7 17.699581 0.000000 0.000000 0.133252 -0.022046 -1.083904
    8 0.000000 3.345132 -2.981898 1.570796 0.052893 1.570796
    9 4.126621 0.000000 0.000000 0.000000 0.000000 -0.109958
    10 3.612873 0.000000 0.000000 0.000000 0.000000 0.157085
    11 9.183975 0.000000 0.000000 0.000000 0.000000 0.173457
    12 3.138083 0.000000 0.000000 3.141592 0.000000 -0.936567
    13 1.707666 0.000001 0.000000 0.000000 0.000000 -0.403112
    14 1.663039 1.210510 2.595493 1.585881 -1.286515 2.954168
    15 6.028141 0.000002 0.000000 -1.570685 -0.056434 -0.592417
    16 12.693002 0.000000 0.000001 0.000000 0.000000 -0.762857
    17 11.575974 0.000001 -0.000031 1.151993 -0.002657 0.038189
    18 5.562233 -0.288268 -0.510574 -3.061675 0.198455 -0.005041
    19 5.158500 -0.000001 -0.000001 -0.070282 -0.005680 0.008797
    20 3.326002 -0.000001 0.000000 0.008885 -0.007390 0.009850
    21 5.591166 -0.279020 1.848881 -3.062784 -0.107159 0.004678
    22 5.292999 0.000001 -0.000002 -0.073575 -0.006250 0.008402
    23 3.079116 -0.000001 0.000002 0.006978 -0.006850 0.007920
    24 5.739738 -0.095433 0.607274 -3.063221 0.025568 -0.018370
    25 5.652501 -0.000001 0.000000 -0.067745 -0.006072 0.008532
    26 3.325017 0.000000 -0.000002 0.009338 -0.006636 0.008100
    27 1.663050 1.210515 -2.595442 -1.665774 1.282032 2.945760
    28 6.028141 -0.000001 0.000000 1.632088 0.067144 -0.580410
    29 12.693002 0.000000 0.000003 0.000000 0.000000 -0.811694
    30 11.599607 0.000002 0.000001 -1.164891 -0.106508 0.028596
    31 5.928185 0.378912 0.637283 2.945638 -0.186886 0.107105
    32 5.074002 0.000001 -0.000001 0.000000 0.000000 0.000000
    33 3.325999 0.000001 0.000002 0.000000 -0.000001 0.000000
    34 6.189647 0.568800 -0.554352 2.949214 -0.013682 0.082709
    35 5.511002 0.000002 0.000001 0.000000 0.000000 0.012404
    36 3.325017 -0.000001 -0.000001 0.000000 0.000000 -0.009884
    37 5.900460 0.299200 -1.780354 2.948545 0.128545 0.102472
    38 5.248501 0.000003 -0.000001 0.000000 0.000000 0.011838
    39 3.151001 0.000001 -0.000001 0.000000 0.000000 -0.010015
    40 7.600445 -0.908441 0.636362 0.000000 -1.570796 2.973902
    41 0.051795 -3.221541 -2.149795 1.570796 -0.003965 -3.124561
    42 -3.929418 0.000003 0.000000 0.456323 0.600730 -2.513550
    43 13.106231 0.000003 0.000000 0.000000 0.000000 2.026915
    44 3.929418 -0.000002 0.000000 -0.411327 0.538162 -0.583342
    45 13.106231 0.000002 0.000000 0.000000 0.000000 -2.064136
    46 3.007646 4.344520 0.542817 1.321605 -0.270767 0.706112
    47 10.074753 -0.000005 -0.000001 0.000000 0.000000 -1.630424
    48 10.292003 -0.000002 0.000000 0.000000 0.000000 -0.425803
    49 -2.753414 4.323161 0.558394 1.931780 -0.224239 2.278513
    50 10.074757 0.000002 0.000000 0.000000 0.000000 -1.604180
    51 10.292000 -0.000001 -0.000001 0.000000 0.000000 -0.406073
  time 46
    0 8.753471 -130.753634 13.461767 1.570796 0.000000 -4.427913
    1 0.000000 0.000000 0.000000 0.000000 0.000000 0.000000
    2 3.890447 0.000000 0.000000 -1.570796 -0.054711 -1.451993
    3 17.591000 0.000000 0.000000 0.000000 0.000000 0.153903
    4 17.699581 0.000000 0.000000 -0.122557 0.022046 -1.083904
    5 -3.890447 0.000000 0.000000 -1.570797 -0.054711 -1.689600
    6 17.590998 0.000000 0.000000 0.000000 0.000000 0.153903
    7 17.699581 0.000000 0.000000 0.133252 -0.022046 -1.083904
    8 0.000000 3.345132 -2.981898 1.570796 0.052893 1.570796
    9 4.126621 0.000000 0.000000 0.000000 0.000000 -0.109958
    10 3.612873 0.000000 0.000000 0.000000 0.000000 0.157085
    11 9.183975 0.000000 0.000000 0.000000 0.000000 0.173457
    12 3.138083 0.000000 0.000000 3.141592 0.000000 -0.936567
    13 1.707666 0.000001 0.000000 0.000000 0.000000 -0.403112
    14 1.663039 1.210510 2.595493 1.585881 -1.286515 2.954168
    15 6.028141 0.000002 0.000000 -1.570685 -0.056434 -0.592417
    16 12.693002 0.000000 0.000001 0.000000 0.000000 -0.762857
    17 11.575974 0.000001 -0.000031 1.151993 -0.002657 0.038189
    18 5.562233 -0.288268 -0.510574 -3.061675 0.198455 -0.005041
    19 5.158500 -0.000001 -0.000001 -0.070282 -0.005680 0.008797
    20 3.326002 -0.000001 0.000000 0.008885 -0.007390 0.009850
    21 5.591166 -0.279020 1.848881 -3.062784 -0.107159 0.004678
    22 5.292999 0.000001 -0.000002 -0.073575 -0.006250 0.008402
    23 3.079116 -0.000001 0.000002 0.006978 -0.006850 0.007920
    24 5.739738 -0.095433 0.607274 -3.063221 0.025568 -0.018370
    25 5.652501 -0.000001 0.000000 -0.067745 -0.006072 0.008532
    26 3.325017 0.000000 -0.000002 0.009338 -0.006636 0.008100
    27 1.663050 1.210515 -2.595442 -1.665774 1.282032 2.945760
    28 6.028141 -0.000001 0.000000 1.632088 0.067144 -0.580410
    29 12.693002 0.000000 0.000003 0.000000 0.000000 -0.811694
    30 11.599607 0.000002 0.000001 -1.164891 -0.106508 0.028596
    31 5.928185 0.378912 0.637283 2.945638 -0.186886 0.107105
    32 5.074002 0.000001 -0.000001 0.000000 0.000000 0.000000
    33 3.325999 0.000001 0.000002 0.000000 -0.000001 0.000000
    34 6.189647 0.568800 -0.554352 2.949214 -0.013682 0.082709
    35 5.511002 0.000002 0.000001 0.000000 0.000000 0.012404
    36 3.325017 -0.000001 -0.000001 0.000000 0.000000 -0.009884
    37 5.900460 0.299200 -1.780354 2.948545 0.128545 0.102472
    38 5.248501 0.000003 -0.000001 0.000000 0.000000 0.011838
    39 3.151001 0.000001 -0.000001 0.000000 0.000000 -0.010015
    40 7.600445 -0.908441 0.636362 0.000000 -1.570796 2.973902
    41 0.051795 -3.221541 -2.149795 1.570796 -0.003965 -3.124561
    42 -3.929418 0.000003 0.000000 0.456323 0.600730 -2.513550
    43 13.106231 0.000003 0.000000 0.000000 0.000000 2.026915
    44 3.929418 -0.000002 0.000000 -0.411327 0.538162 -0.583342
    45 13.106231 0.000002 0.000000 0.000000 0.000000 -2.064136
    46 3.007646 4.344520 0.542817 1.321605 -0.270767 0.706112
    47 10.074753 -0.000005 -0.000001 0.000000 0.000000 -1.630424
    48 10.292003 -0.000002 0.000000 0.000000 0.000000 -0.425803
    49 -2.753414 4.323161 0.558394 1.931780 -0.224239 2.278513
    50 10.074757 0.000002 0.000000 0.000000 0.000000 -1.604180
    51 10.292000 -0.000001 -0.000001 0.000000 0.000000 -0.406073
  time 47
    0 8.753471 -130.753634 13.461767 1.570796 0.000000 -4.427913
    1 0.000000 0.000000 0.000000 0.000000 0.000000 0.000000
    2 3.890447 0.000000 0.000000 -1.570796 -0.054711 -1.451993
    3 17.591000 0.000000 0.000000 0.000000 0.000000 0.153903
    4 17.699581 0.000000 0.000000 -0.122557 0.022046 -1.083904
    5 -3.890447 0.000000 0.000000 -1.570797 -0.054711 -1.689600
    6 17.590998 0.000000 0.000000 0.000000 0.000000 0.153903
    7 17.699581 0.000000 0.000000 0.133252 -0.022046 -1.083904
    8 0.000000 3.345132 -2.981898 1.570796 0.052893 1.570796
    9 4.126621 0.000000 0.000000 0.000000 0.000000 -0.109958
    10 3.612873 0.000000 0.000000 0.000000 0.000000 0.157085
    11 9.183975 0.000000 0.000000 0.000000 0.000000 0.173457
    12 3.138083 0.000000 0.000000 3.141592 0.000000 -0.936567
    13 1.707666 0.000001 0.000000 0.000000 0.000000 -0.403112
    14 1.663039 1.210510 2.595493 1.585881 -1.286515 2.954168
    15 6.028141 0.000002 0.000000 -1.570685 -0.056434 -0.592417
    16 12.693002 0.000000 0.000001 0.000000 0.000000 -0.762857
    17 11.575974 0.000001 -0.000031 1.151993 -0.002657 0.038189
    18 5.562233 -0.288268 -0.510574 -3.061675 0.198455 -0.005041
    19 5.158500 -0.000001 -0.000001 -0.070282 -0.005680 0.008797
    20 3.326002 -0.000001 0.000000 0.008885 -0.007390 0.009850
    21 5.591166 -0.279020 1.848881 -3.062784 -0.107159 0.004678
    22 5.292999 0.000001 -0.000002 -0.073575 -0.006250 0.008402
    23 3.079116 -0.000001 0.000002 0.006978 -0.006850 0.007920
    24 5.739738 -0.095433 0.607274 -3.063221 0.025568 -0.018370
    25 5.652501 -0.000001 0.000000 -0.067745 -0.006072 0.008532
    26 3.325017 0.000000 -0.000002 0.009338 -0.006636 0.008100
    27 1.663050 1.210515 -2.595442 -1.665774 1.282032 2.945760
    28 6.028141 -0.000001 0.000000 1.632088 0.067144 -0.580410
    29 12.693002 0.000000 0.000003 0.000000 0.000000 -0.811694
    30 11.599607 0.000002 0.000001 -1.164891 -0.106508 0.028596
    31 5.928185 0.378912 0.637283 2.945638 -0.186886 0.107105
    32 5.074002 0.000001 -0.000001 0.000000 0.000000 0.000000
    33 3.325999 0.000001 0.000002 0.000000 -0.000001 0.000000
    34 6.189647 0.568800 -0.554352 2.949214 -0.013682 0.082709
    35 5.511002 0.000002 0.000001 0.000000 0.000000 0.012404
    36 3.325017 -0.000001 -0.000001 0.000000 0.000000 -0.009884
    37 5.900460 0.299200 -1.780354 2.948545 0.128545 0.102472
    38 5.248501 0.000003 -0.000001 0.000000 0.000000 0.011838
    39 3.151001 0.000001 -0.000001 0.000000 0.000000 -0.010015
    40 7.600445 -0.908441 0.636362 0.000000 -1.570796 2.973902
    41 0.051795 -3.221541 -2.149795 1.570796 -0.003965 -3.124561
    42 -3.929418 0.000003 0.000000 0.456323 0.600730 -2.513550
    43 13.106231 0.000003 0.000000 0.000000 0.000000 2.026915
    44 3.929418 -0.000002 0.000000 -0.411327 0.538162 -0.583342
    45 13.106231 0.000002 0.000000 0.000000 0.000000 -2.064136
    46 3.007646 4.344520 0.542817 1.321605 -0.270767 0.706112
    47 10.074753 -0.000005 -0.000001 0.000000 0.000000 -1.630424
    48 10.292003 -0.000002 0.000000 0.000000 0.000000 -0.425803
    49 -2.753414 4.323161 0.558394 1.931780 -0.224239 2.278513
    50 10.074757 0.000002 0.000000 0.000000 0.000000 -1.604180
    51 10.292000 -0.000001 -0.000001 0.000000 0.000000 -0.406073
  time 48
    0 8.753471 -130.753634 13.461767 1.570796 0.000000 -4.427913
    1 0.000000 0.000000 0.000000 0.000000 0.000000 0.000000
    2 3.890447 0.000000 0.000000 -1.570796 -0.054711 -1.451993
    3 17.591000 0.000000 0.000000 0.000000 0.000000 0.153903
    4 17.699581 0.000000 0.000000 -0.122557 0.022046 -1.083904
    5 -3.890447 0.000000 0.000000 -1.570797 -0.054711 -1.689600
    6 17.590998 0.000000 0.000000 0.000000 0.000000 0.153903
    7 17.699581 0.000000 0.000000 0.133252 -0.022046 -1.083904
    8 0.000000 3.345132 -2.981898 1.570796 0.052893 1.570796
    9 4.126621 0.000000 0.000000 0.000000 0.000000 -0.109958
    10 3.612873 0.000000 0.000000 0.000000 0.000000 0.157085
    11 9.183975 0.000000 0.000000 0.000000 0.000000 0.173457
    12 3.138083 0.000000 0.000000 3.141592 0.000000 -0.936567
    13 1.707666 0.000001 0.000000 0.000000 0.000000 -0.403112
    14 1.663039 1.210510 2.595493 1.585881 -1.286515 2.954168
    15 6.028141 0.000002 0.000000 -1.570685 -0.056434 -0.592417
    16 12.693002 0.000000 0.000001 0.000000 0.000000 -0.762857
    17 11.575974 0.000001 -0.000031 1.151993 -0.002657 0.038189
    18 5.562233 -0.288268 -0.510574 -3.061675 0.198455 -0.005041
    19 5.158500 -0.000001 -0.000001 -0.070282 -0.005680 0.008797
    20 3.326002 -0.000001 0.000000 0.008885 -0.007390 0.009850
    21 5.591166 -0.279020 1.848881 -3.062784 -0.107159 0.004678
    22 5.292999 0.000001 -0.000002 -0.073575 -0.006250 0.008402
    23 3.079116 -0.000001 0.000002 0.006978 -0.006850 0.007920
    24 5.739738 -0.095433 0.607274 -3.063221 0.025568 -0.018370
    25 5.652501 -0.000001 0.000000 -0.067745 -0.006072 0.008532
    26 3.325017 0.000000 -0.000002 0.009338 -0.006636 0.008100
    27 1.663050 1.210515 -2.595442 -1.665774 1.282032 2.945760
    28 6.028141 -0.000001 0.000000 1.632088 0.067144 -0.580410
    29 12.693002 0.000000 0.000003 0.000000 0.000000 -0.811694
    30 11.599607 0.000002 0.000001 -1.164891 -0.106508 0.028596
    31 5.928185 0.378912 0.637283 2.945638 -0.186886 0.107105
    32 5.074002 0.000001 -0.000001 0.000000 0.000000 0.000000
    33 3.325999 0.000001 0.000002 0.000000 -0.000001 0.000000
    34 6.189647 0.568800 -0.554352 2.949214 -0.013682 0.082709
    35 5.511002 0.000002 0.000001 0.000000 0.000000 0.012404
    36 3.325017 -0.000001 -0.000001 0.000000 0.000000 -0.009884
    37 5.900460 0.299200 -1.780354 2.948545 0.128545 0.102472
    38 5.248501 0.000003 -0.000001 0.000000 0.000000 0.011838
    39 3.151001 0.000001 -0.000001 0.000000 0.000000 -0.010015
    40 7.600445 -0.908441 0.636362 0.000000 -1.570796 2.973902
    41 0.051795 -3.221541 -2.149795 1.570796 -0.003965 -3.124561
    42 -3.929418 0.000003 0.000000 0.456323 0.600730 -2.513550
    43 13.106231 0.000003 0.000000 0.000000 0.000000 2.026915
    44 3.929418 -0.000002 0.000000 -0.411327 0.538162 -0.583342
    45 13.106231 0.000002 0.000000 0.000000 0.000000 -2.064136
    46 3.007646 4.344520 0.542817 1.321605 -0.270767 0.706112
    47 10.074753 -0.000005 -0.000001 0.000000 0.000000 -1.630424
    48 10.292003 -0.000002 0.000000 0.000000 0.000000 -0.425803
    49 -2.753414 4.323161 0.558394 1.931780 -0.224239 2.278513
    50 10.074757 0.000002 0.000000 0.000000 0.000000 -1.604180
    51 10.292000 -0.000001 -0.000001 0.000000 0.000000 -0.406073
  time 49
    0 8.753471 -130.753634 13.461767 1.570796 0.000000 -4.427913
    1 0.000000 0.000000 0.000000 0.000000 0.000000 0.000000
    2 3.890447 0.000000 0.000000 -1.570796 -0.054711 -1.451993
    3 17.591000 0.000000 0.000000 0.000000 0.000000 0.153903
    4 17.699581 0.000000 0.000000 -0.122557 0.022046 -1.083904
    5 -3.890447 0.000000 0.000000 -1.570797 -0.054711 -1.689600
    6 17.590998 0.000000 0.000000 0.000000 0.000000 0.153903
    7 17.699581 0.000000 0.000000 0.133252 -0.022046 -1.083904
    8 0.000000 3.345132 -2.981898 1.570796 0.052893 1.570796
    9 4.126621 0.000000 0.000000 0.000000 0.000000 -0.109958
    10 3.612873 0.000000 0.000000 0.000000 0.000000 0.157085
    11 9.183975 0.000000 0.000000 0.000000 0.000000 0.173457
    12 3.138083 0.000000 0.000000 3.141592 0.000000 -0.936567
    13 1.707666 0.000001 0.000000 0.000000 0.000000 -0.403112
    14 1.663039 1.210510 2.595493 1.585881 -1.286515 2.954168
    15 6.028141 0.000002 0.000000 -1.570685 -0.056434 -0.592417
    16 12.693002 0.000000 0.000001 0.000000 0.000000 -0.762857
    17 11.575974 0.000001 -0.000031 1.151993 -0.002657 0.038189
    18 5.562233 -0.288268 -0.510574 -3.061675 0.198455 -0.005041
    19 5.158500 -0.000001 -0.000001 -0.070282 -0.005680 0.008797
    20 3.326002 -0.000001 0.000000 0.008885 -0.007390 0.009850
    21 5.591166 -0.279020 1.848881 -3.062784 -0.107159 0.004678
    22 5.292999 0.000001 -0.000002 -0.073575 -0.006250 0.008402
    23 3.079116 -0.000001 0.000002 0.006978 -0.006850 0.007920
    24 5.739738 -0.095433 0.607274 -3.063221 0.025568 -0.018370
    25 5.652501 -0.000001 0.000000 -0.067745 -0.006072 0.008532
    26 3.325017 0.000000 -0.000002 0.009338 -0.006636 0.008100
    27 1.663050 1.210515 -2.595442 -1.665774 1.282032 2.945760
    28 6.028141 -0.000001 0.000000 1.632088 0.067144 -0.580410
    29 12.693002 0.000000 0.000003 0.000000 0.000000 -0.811694
    30 11.599607 0.000002 0.000001 -1.164891 -0.106508 0.028596
    31 5.928185 0.378912 0.637283 2.945638 -0.186886 0.107105
    32 5.074002 0.000001 -0.000001 0.000000 0.000000 0.000000
    33 3.325999 0.000001 0.000002 0.000000 -0.000001 0.000000
    34 6.189647 0.568800 -0.554352 2.949214 -0.013682 0.082709
    35 5.511002 0.000002 0.000001 0.000000 0.000000 0.012404
    36 3.325017 -0.000001 -0.000001 0.000000 0.000000 -0.009884
    37 5.900460 0.299200 -1.780354 2.948545 0.128545 0.102472
    38 5.248501 0.000003 -0.000001 0.000000 0.000000 0.011838
    39 3.151001 0.000001 -0.000001 0.000000 0.000000 -0.010015
    40 7.600445 -0.908441 0.636362 0.000000 -1.570796 2.973902
    41 0.051795 -3.221541 -2.149795 1.570796 -0.003965 -3.124561
    42 -3.929418 0.000003 0.000000 0.456323 0.600730 -2.513550
    43 13.106231 0.000003 0.000000 0.000000 0.000000 2.026915
    44 3.929418 -0.000002 0.000000 -0.411327 0.538162 -0.583342
    45 13.106231 0.000002 0.000000 0.000000 0.000000 -2.064136
    46 3.007646 4.344520 0.542817 1.321605 -0.270767 0.706112
    47 10.074753 -0.000005 -0.000001 0.000000 0.000000 -1.630424
    48 10.292003 -0.000002 0.000000 0.000000 0.000000 -0.425803
    49 -2.753414 4.323161 0.558394 1.931780 -0.224239 2.278513
    50 10.074757 0.000002 0.000000 0.000000 0.000000 -1.604180
    51 10.292000 -0.000001 -0.000001 0.000000 0.000000 -0.406073
end
