// Created by Crowbar 0.74
version 1
nodes
  0 "ValveBiped.Bip01" -1
  1 "ValveBiped.Bip01_Pelvis" 0
  2 "ValveBiped.Bip01_L_Thigh" 1
  3 "ValveBiped.Bip01_L_Calf" 2
  4 "ValveBiped.Bip01_L_Foot" 3
  5 "ValveBiped.Bip01_R_Thigh" 1
  6 "ValveBiped.Bip01_R_Calf" 5
  7 "ValveBiped.Bip01_R_Foot" 6
  8 "ValveBiped.Bip01_Spine" 0
  9 "ValveBiped.Bip01_Spine1" 8
  10 "ValveBiped.Bip01_Spine2" 9
  11 "ValveBiped.Bip01_Spine4" 10
  12 "ValveBiped.Bip01_Neck1" 11
  13 "ValveBiped.Bip01_Head1" 12
  14 "ValveBiped.Bip01_L_Clavicle" 11
  15 "ValveBiped.Bip01_L_UpperArm" 14
  16 "ValveBiped.Bip01_L_Forearm" 15
  17 "ValveBiped.Bip01_L_Hand" 16
  18 "ValveBiped.Bip01_L_Finger3" 17
  19 "ValveBiped.Bip01_L_Finger31" 18
  20 "ValveBiped.Bip01_L_Finger32" 19
  21 "ValveBiped.Bip01_L_Finger1" 17
  22 "ValveBiped.Bip01_L_Finger11" 21
  23 "ValveBiped.Bip01_L_Finger12" 22
  24 "ValveBiped.Bip01_L_Finger2" 17
  25 "ValveBiped.Bip01_L_Finger21" 24
  26 "ValveBiped.Bip01_L_Finger22" 25
  27 "ValveBiped.Bip01_R_Clavicle" 11
  28 "ValveBiped.Bip01_R_UpperArm" 27
  29 "ValveBiped.Bip01_R_Forearm" 28
  30 "ValveBiped.Bip01_R_Hand" 29
  31 "ValveBiped.Bip01_R_Finger3" 30
  32 "ValveBiped.Bip01_R_Finger31" 31
  33 "ValveBiped.Bip01_R_Finger32" 32
  34 "ValveBiped.Bip01_R_Finger2" 30
  35 "ValveBiped.Bip01_R_Finger21" 34
  36 "ValveBiped.Bip01_R_Finger22" 35
  37 "ValveBiped.Bip01_R_Finger1" 30
  38 "ValveBiped.Bip01_R_Finger11" 37
  39 "ValveBiped.Bip01_R_Finger12" 38
  40 "ValveBiped.HC_BodyCube" 11
  41 "ValveBiped.HC_HeadCube" 40
  42 "ValveBiped.HC_BoneLF" 41
  43 "ValveBiped.HC_BoneLF1" 42
  44 "ValveBiped.HC_BoneRF" 41
  45 "ValveBiped.HC_BoneRF1" 44
  46 "ValveBiped.HC_BoneLB" 40
  47 "ValveBiped.HC_BoneLB1" 46
  48 "ValveBiped.HC_BoneLB2" 47
  49 "ValveBiped.HC_BoneRB" 40
  50 "ValveBiped.HC_BoneRB1" 49
  51 "ValveBiped.HC_BoneRB2" 50
end
skeleton
  time 0
    0 1.516078 0.000000 38.353989 1.570796 0.000000 -1.570796
    1 0.000000 0.000000 0.000000 0.000000 0.000000 0.000000
    2 3.890447 0.000000 0.000000 -1.570796 -0.054711 -1.451993
    3 17.591000 0.000000 0.000000 0.000000 0.000000 0.153903
    4 17.699581 0.000000 0.000000 -0.122557 0.022046 -1.083904
    5 -3.890447 0.000000 0.000000 -1.570797 -0.054711 -1.689600
    6 17.590998 0.000000 0.000000 0.000000 0.000000 0.153903
    7 17.699581 0.000000 0.000000 0.133252 -0.022046 -1.083904
    8 0.000000 3.345132 -2.981898 1.570796 0.052893 1.570796
    9 4.126621 0.000000 0.000000 0.000000 0.000000 -0.109958
    10 3.612873 0.000000 0.000000 0.000000 0.000000 0.157085
    11 9.183975 0.000000 0.000000 0.000000 0.000000 0.173457
    12 3.138083 0.000000 0.000000 3.141592 0.000000 -0.936567
    13 1.707666 0.000001 0.000000 0.000000 0.000000 -0.403112
    14 1.663039 1.210510 2.595493 1.585881 -1.286515 2.954168
    15 6.028141 0.000002 0.000000 -1.570685 -0.056434 -0.592417
    16 12.693002 0.000000 0.000001 0.000000 0.000000 -0.762857
    17 11.575974 0.000001 -0.000031 1.151993 -0.002657 0.038189
    18 5.562233 -0.288268 -0.510574 -3.061675 0.198455 -0.005041
    19 5.158500 -0.000001 -0.000001 -0.070282 -0.005680 0.008797
    20 3.326002 -0.000001 0.000000 0.008885 -0.007390 0.009850
    21 5.591166 -0.279020 1.848881 -3.062784 -0.107159 0.004678
    22 5.292999 0.000001 -0.000002 -0.073575 -0.006250 0.008402
    23 3.079116 -0.000001 0.000002 0.006978 -0.006850 0.007920
    24 5.739738 -0.095433 0.607274 -3.063221 0.025568 -0.018370
    25 5.652501 -0.000001 0.000000 -0.067745 -0.006072 0.008532
    26 3.325017 0.000000 -0.000002 0.009338 -0.006636 0.008100
    27 1.663050 1.210515 -2.595442 -1.665774 1.282032 2.945760
    28 6.028141 -0.000001 0.000000 1.632088 0.067144 -0.580410
    29 12.693002 0.000000 0.000003 0.000000 0.000000 -0.811694
    30 11.599607 0.000002 0.000001 -1.164891 -0.106508 0.028596
    31 5.928185 0.378912 0.637283 2.945638 -0.186886 0.107105
    32 5.074002 0.000001 -0.000001 0.000000 0.000000 0.000000
    33 3.325999 0.000001 0.000002 0.000000 -0.000001 0.000000
    34 6.189647 0.568800 -0.554352 2.949214 -0.013682 0.082709
    35 5.511002 0.000002 0.000001 0.000000 0.000000 0.012404
    36 3.325017 -0.000001 -0.000001 0.000000 0.000000 -0.009884
    37 5.900460 0.299200 -1.780354 2.948545 0.128545 0.102472
    38 5.248501 0.000003 -0.000001 0.000000 0.000000 0.011838
    39 3.151001 0.000001 -0.000001 0.000000 0.000000 -0.010015
    40 7.600445 -0.908441 0.636362 0.000000 -1.570796 2.973902
    41 0.051795 -3.221541 -2.149795 1.570796 -0.003965 -3.124561
    42 -3.929418 0.000003 0.000000 0.456323 0.600730 -2.513550
    43 13.106231 0.000003 0.000000 0.000000 0.000000 2.026915
    44 3.929418 -0.000002 0.000000 -0.411327 0.538162 -0.583342
    45 13.106231 0.000002 0.000000 0.000000 0.000000 -2.064136
    46 3.007646 4.344520 0.542817 1.321605 -0.270767 0.706112
    47 10.074753 -0.000005 -0.000001 0.000000 0.000000 -1.630424
    48 10.292003 -0.000002 0.000000 0.000000 0.000000 -0.425803
    49 -2.753414 4.323161 0.558394 1.931780 -0.224239 2.278513
    50 10.074757 0.000002 0.000000 0.000000 0.000000 -1.604180
    51 10.292000 -0.000001 -0.000001 0.000000 0.000000 -0.406073
  time 1
    0 2.487206 -2.236230 38.231518 1.570796 0.000000 -1.570796
    1 0.000000 0.000000 0.000000 0.000000 0.000000 0.000000
    2 3.890447 0.000000 0.000000 -1.570796 -0.054711 -1.451993
    3 17.591000 0.000000 0.000000 0.000000 0.000000 0.153903
    4 17.699581 0.000000 0.000000 -0.122557 0.022046 -1.083904
    5 -3.890447 0.000000 0.000000 -1.570797 -0.054711 -1.689600
    6 17.590998 0.000000 0.000000 0.000000 0.000000 0.153903
    7 17.699581 0.000000 0.000000 0.133252 -0.022046 -1.083904
    8 0.000000 3.345132 -2.981898 1.570796 0.052893 1.570796
    9 4.126621 0.000000 0.000000 0.000000 0.000000 -0.109958
    10 3.612873 0.000000 0.000000 0.000000 0.000000 0.157085
    11 9.183975 0.000000 0.000000 0.000000 0.000000 0.173457
    12 3.138083 0.000000 0.000000 3.141592 0.000000 -0.936567
    13 1.707666 0.000001 0.000000 0.000000 0.000000 -0.403112
    14 1.663039 1.210510 2.595493 1.585881 -1.286515 2.954168
    15 6.028141 0.000002 0.000000 -1.570685 -0.056434 -0.592417
    16 12.693002 0.000000 0.000001 0.000000 0.000000 -0.762857
    17 11.575974 0.000001 -0.000031 1.151993 -0.002657 0.038189
    18 5.562233 -0.288268 -0.510574 -3.061675 0.198455 -0.005041
    19 5.158500 -0.000001 -0.000001 -0.070282 -0.005680 0.008797
    20 3.326002 -0.000001 0.000000 0.008885 -0.007390 0.009850
    21 5.591166 -0.279020 1.848881 -3.062784 -0.107159 0.004678
    22 5.292999 0.000001 -0.000002 -0.073575 -0.006250 0.008402
    23 3.079116 -0.000001 0.000002 0.006978 -0.006850 0.007920
    24 5.739738 -0.095433 0.607274 -3.063221 0.025568 -0.018370
    25 5.652501 -0.000001 0.000000 -0.067745 -0.006072 0.008532
    26 3.325017 0.000000 -0.000002 0.009338 -0.006636 0.008100
    27 1.663050 1.210515 -2.595442 -1.665774 1.282032 2.945760
    28 6.028141 -0.000001 0.000000 1.632088 0.067144 -0.580410
    29 12.693002 0.000000 0.000003 0.000000 0.000000 -0.811694
    30 11.599607 0.000002 0.000001 -1.164891 -0.106508 0.028596
    31 5.928185 0.378912 0.637283 2.945638 -0.186886 0.107105
    32 5.074002 0.000001 -0.000001 0.000000 0.000000 0.000000
    33 3.325999 0.000001 0.000002 0.000000 -0.000001 0.000000
    34 6.189647 0.568800 -0.554352 2.949214 -0.013682 0.082709
    35 5.511002 0.000002 0.000001 0.000000 0.000000 0.012404
    36 3.325017 -0.000001 -0.000001 0.000000 0.000000 -0.009884
    37 5.900460 0.299200 -1.780354 2.948545 0.128545 0.102472
    38 5.248501 0.000003 -0.000001 0.000000 0.000000 0.011838
    39 3.151001 0.000001 -0.000001 0.000000 0.000000 -0.010015
    40 7.600445 -0.908441 0.636362 0.000000 -1.570796 2.973902
    41 0.051795 -3.221541 -2.149795 1.570796 -0.003965 -3.124561
    42 -3.929418 0.000003 0.000000 0.456323 0.600730 -2.513550
    43 13.106231 0.000003 0.000000 0.000000 0.000000 2.026915
    44 3.929418 -0.000002 0.000000 -0.411327 0.538162 -0.583342
    45 13.106231 0.000002 0.000000 0.000000 0.000000 -2.064136
    46 3.007646 4.344520 0.542817 1.321605 -0.270767 0.706112
    47 10.074753 -0.000005 -0.000001 0.000000 0.000000 -1.630424
    48 10.292003 -0.000002 0.000000 0.000000 0.000000 -0.425803
    49 -2.753414 4.323161 0.558394 1.931780 -0.224239 2.278513
    50 10.074757 0.000002 0.000000 0.000000 0.000000 -1.604180
    51 10.292000 -0.000001 -0.000001 0.000000 0.000000 -0.406073
  time 2
    0 3.445639 -4.443229 38.110649 1.570796 0.000000 -1.570796
    1 0.000000 0.000000 0.000000 0.000000 0.000000 0.000000
    2 3.890447 0.000000 0.000000 -1.570796 -0.054711 -1.451993
    3 17.591000 0.000000 0.000000 0.000000 0.000000 0.153903
    4 17.699581 0.000000 0.000000 -0.122557 0.022046 -1.083904
    5 -3.890447 0.000000 0.000000 -1.570797 -0.054711 -1.689600
    6 17.590998 0.000000 0.000000 0.000000 0.000000 0.153903
    7 17.699581 0.000000 0.000000 0.133252 -0.022046 -1.083904
    8 0.000000 3.345132 -2.981898 1.570796 0.052893 1.570796
    9 4.126621 0.000000 0.000000 0.000000 0.000000 -0.109958
    10 3.612873 0.000000 0.000000 0.000000 0.000000 0.157085
    11 9.183975 0.000000 0.000000 0.000000 0.000000 0.173457
    12 3.138083 0.000000 0.000000 3.141592 0.000000 -0.936567
    13 1.707666 0.000001 0.000000 0.000000 0.000000 -0.403112
    14 1.663039 1.210510 2.595493 1.585881 -1.286515 2.954168
    15 6.028141 0.000002 0.000000 -1.570685 -0.056434 -0.592417
    16 12.693002 0.000000 0.000001 0.000000 0.000000 -0.762857
    17 11.575974 0.000001 -0.000031 1.151993 -0.002657 0.038189
    18 5.562233 -0.288268 -0.510574 -3.061675 0.198455 -0.005041
    19 5.158500 -0.000001 -0.000001 -0.070282 -0.005680 0.008797
    20 3.326002 -0.000001 0.000000 0.008885 -0.007390 0.009850
    21 5.591166 -0.279020 1.848881 -3.062784 -0.107159 0.004678
    22 5.292999 0.000001 -0.000002 -0.073575 -0.006250 0.008402
    23 3.079116 -0.000001 0.000002 0.006978 -0.006850 0.007920
    24 5.739738 -0.095433 0.607274 -3.063221 0.025568 -0.018370
    25 5.652501 -0.000001 0.000000 -0.067745 -0.006072 0.008532
    26 3.325017 0.000000 -0.000002 0.009338 -0.006636 0.008100
    27 1.663050 1.210515 -2.595442 -1.665774 1.282032 2.945760
    28 6.028141 -0.000001 0.000000 1.632088 0.067144 -0.580410
    29 12.693002 0.000000 0.000003 0.000000 0.000000 -0.811694
    30 11.599607 0.000002 0.000001 -1.164891 -0.106508 0.028596
    31 5.928185 0.378912 0.637283 2.945638 -0.186886 0.107105
    32 5.074002 0.000001 -0.000001 0.000000 0.000000 0.000000
    33 3.325999 0.000001 0.000002 0.000000 -0.000001 0.000000
    34 6.189647 0.568800 -0.554352 2.949214 -0.013682 0.082709
    35 5.511002 0.000002 0.000001 0.000000 0.000000 0.012404
    36 3.325017 -0.000001 -0.000001 0.000000 0.000000 -0.009884
    37 5.900460 0.299200 -1.780354 2.948545 0.128545 0.102472
    38 5.248501 0.000003 -0.000001 0.000000 0.000000 0.011838
    39 3.151001 0.000001 -0.000001 0.000000 0.000000 -0.010015
    40 7.600445 -0.908441 0.636362 0.000000 -1.570796 2.973902
    41 0.051795 -3.221541 -2.149795 1.570796 -0.003965 -3.124561
    42 -3.929418 0.000003 0.000000 0.456323 0.600730 -2.513550
    43 13.106231 0.000003 0.000000 0.000000 0.000000 2.026915
    44 3.929418 -0.000002 0.000000 -0.411327 0.538162 -0.583342
    45 13.106231 0.000002 0.000000 0.000000 0.000000 -2.064136
    46 3.007646 4.344520 0.542817 1.321605 -0.270767 0.706112
    47 10.074753 -0.000005 -0.000001 0.000000 0.000000 -1.630424
    48 10.292003 -0.000002 0.000000 0.000000 0.000000 -0.425803
    49 -2.753414 4.323161 0.558394 1.931780 -0.224239 2.278513
    50 10.074757 0.000002 0.000000 0.000000 0.000000 -1.604180
    51 10.292000 -0.000001 -0.000001 0.000000 0.000000 -0.406073
  time 3
    0 4.391378 -6.620996 37.991380 1.570796 0.000000 -1.570796
    1 0.000000 0.000000 0.000000 0.000000 0.000000 0.000000
    2 3.890447 0.000000 0.000000 -1.570796 -0.054711 -1.451993
    3 17.591000 0.000000 0.000000 0.000000 0.000000 0.153903
    4 17.699581 0.000000 0.000000 -0.122557 0.022046 -1.083904
    5 -3.890447 0.000000 0.000000 -1.570797 -0.054711 -1.689600
    6 17.590998 0.000000 0.000000 0.000000 0.000000 0.153903
    7 17.699581 0.000000 0.000000 0.133252 -0.022046 -1.083904
    8 0.000000 3.345132 -2.981898 1.570796 0.052893 1.570796
    9 4.126621 0.000000 0.000000 0.000000 0.000000 -0.109958
    10 3.612873 0.000000 0.000000 0.000000 0.000000 0.157085
    11 9.183975 0.000000 0.000000 0.000000 0.000000 0.173457
    12 3.138083 0.000000 0.000000 3.141592 0.000000 -0.936567
    13 1.707666 0.000001 0.000000 0.000000 0.000000 -0.403112
    14 1.663039 1.210510 2.595493 1.585881 -1.286515 2.954168
    15 6.028141 0.000002 0.000000 -1.570685 -0.056434 -0.592417
    16 12.693002 0.000000 0.000001 0.000000 0.000000 -0.762857
    17 11.575974 0.000001 -0.000031 1.151993 -0.002657 0.038189
    18 5.562233 -0.288268 -0.510574 -3.061675 0.198455 -0.005041
    19 5.158500 -0.000001 -0.000001 -0.070282 -0.005680 0.008797
    20 3.326002 -0.000001 0.000000 0.008885 -0.007390 0.009850
    21 5.591166 -0.279020 1.848881 -3.062784 -0.107159 0.004678
    22 5.292999 0.000001 -0.000002 -0.073575 -0.006250 0.008402
    23 3.079116 -0.000001 0.000002 0.006978 -0.006850 0.007920
    24 5.739738 -0.095433 0.607274 -3.063221 0.025568 -0.018370
    25 5.652501 -0.000001 0.000000 -0.067745 -0.006072 0.008532
    26 3.325017 0.000000 -0.000002 0.009338 -0.006636 0.008100
    27 1.663050 1.210515 -2.595442 -1.665774 1.282032 2.945760
    28 6.028141 -0.000001 0.000000 1.632088 0.067144 -0.580410
    29 12.693002 0.000000 0.000003 0.000000 0.000000 -0.811694
    30 11.599607 0.000002 0.000001 -1.164891 -0.106508 0.028596
    31 5.928185 0.378912 0.637283 2.945638 -0.186886 0.107105
    32 5.074002 0.000001 -0.000001 0.000000 0.000000 0.000000
    33 3.325999 0.000001 0.000002 0.000000 -0.000001 0.000000
    34 6.189647 0.568800 -0.554352 2.949214 -0.013682 0.082709
    35 5.511002 0.000002 0.000001 0.000000 0.000000 0.012404
    36 3.325017 -0.000001 -0.000001 0.000000 0.000000 -0.009884
    37 5.900460 0.299200 -1.780354 2.948545 0.128545 0.102472
    38 5.248501 0.000003 -0.000001 0.000000 0.000000 0.011838
    39 3.151001 0.000001 -0.000001 0.000000 0.000000 -0.010015
    40 7.600445 -0.908441 0.636362 0.000000 -1.570796 2.973902
    41 0.051795 -3.221541 -2.149795 1.570796 -0.003965 -3.124561
    42 -3.929418 0.000003 0.000000 0.456323 0.600730 -2.513550
    43 13.106231 0.000003 0.000000 0.000000 0.000000 2.026915
    44 3.929418 -0.000002 0.000000 -0.411327 0.538162 -0.583342
    45 13.106231 0.000002 0.000000 0.000000 0.000000 -2.064136
    46 3.007646 4.344520 0.542817 1.321605 -0.270767 0.706112
    47 10.074753 -0.000005 -0.000001 0.000000 0.000000 -1.630424
    48 10.292003 -0.000002 0.000000 0.000000 0.000000 -0.425803
    49 -2.753414 4.323161 0.558394 1.931780 -0.224239 2.278513
    50 10.074757 0.000002 0.000000 0.000000 0.000000 -1.604180
    51 10.292000 -0.000001 -0.000001 0.000000 0.000000 -0.406073
  time 4
    0 5.324423 -8.769531 37.873713 1.570796 0.000000 -1.570796
    1 0.000000 0.000000 0.000000 0.000000 0.000000 0.000000
    2 3.890447 0.000000 0.000000 -1.570796 -0.054711 -1.451993
    3 17.591000 0.000000 0.000000 0.000000 0.000000 0.153903
    4 17.699581 0.000000 0.000000 -0.122557 0.022046 -1.083904
    5 -3.890447 0.000000 0.000000 -1.570797 -0.054711 -1.689600
    6 17.590998 0.000000 0.000000 0.000000 0.000000 0.153903
    7 17.699581 0.000000 0.000000 0.133252 -0.022046 -1.083904
    8 0.000000 3.345132 -2.981898 1.570796 0.052893 1.570796
    9 4.126621 0.000000 0.000000 0.000000 0.000000 -0.109958
    10 3.612873 0.000000 0.000000 0.000000 0.000000 0.157085
    11 9.183975 0.000000 0.000000 0.000000 0.000000 0.173457
    12 3.138083 0.000000 0.000000 3.141592 0.000000 -0.936567
    13 1.707666 0.000001 0.000000 0.000000 0.000000 -0.403112
    14 1.663039 1.210510 2.595493 1.585881 -1.286515 2.954168
    15 6.028141 0.000002 0.000000 -1.570685 -0.056434 -0.592417
    16 12.693002 0.000000 0.000001 0.000000 0.000000 -0.762857
    17 11.575974 0.000001 -0.000031 1.151993 -0.002657 0.038189
    18 5.562233 -0.288268 -0.510574 -3.061675 0.198455 -0.005041
    19 5.158500 -0.000001 -0.000001 -0.070282 -0.005680 0.008797
    20 3.326002 -0.000001 0.000000 0.008885 -0.007390 0.009850
    21 5.591166 -0.279020 1.848881 -3.062784 -0.107159 0.004678
    22 5.292999 0.000001 -0.000002 -0.073575 -0.006250 0.008402
    23 3.079116 -0.000001 0.000002 0.006978 -0.006850 0.007920
    24 5.739738 -0.095433 0.607274 -3.063221 0.025568 -0.018370
    25 5.652501 -0.000001 0.000000 -0.067745 -0.006072 0.008532
    26 3.325017 0.000000 -0.000002 0.009338 -0.006636 0.008100
    27 1.663050 1.210515 -2.595442 -1.665774 1.282032 2.945760
    28 6.028141 -0.000001 0.000000 1.632088 0.067144 -0.580410
    29 12.693002 0.000000 0.000003 0.000000 0.000000 -0.811694
    30 11.599607 0.000002 0.000001 -1.164891 -0.106508 0.028596
    31 5.928185 0.378912 0.637283 2.945638 -0.186886 0.107105
    32 5.074002 0.000001 -0.000001 0.000000 0.000000 0.000000
    33 3.325999 0.000001 0.000002 0.000000 -0.000001 0.000000
    34 6.189647 0.568800 -0.554352 2.949214 -0.013682 0.082709
    35 5.511002 0.000002 0.000001 0.000000 0.000000 0.012404
    36 3.325017 -0.000001 -0.000001 0.000000 0.000000 -0.009884
    37 5.900460 0.299200 -1.780354 2.948545 0.128545 0.102472
    38 5.248501 0.000003 -0.000001 0.000000 0.000000 0.011838
    39 3.151001 0.000001 -0.000001 0.000000 0.000000 -0.010015
    40 7.600445 -0.908441 0.636362 0.000000 -1.570796 2.973902
    41 0.051795 -3.221541 -2.149795 1.570796 -0.003965 -3.124561
    42 -3.929418 0.000003 0.000000 0.456323 0.600730 -2.513550
    43 13.106231 0.000003 0.000000 0.000000 0.000000 2.026915
    44 3.929418 -0.000002 0.000000 -0.411327 0.538162 -0.583342
    45 13.106231 0.000002 0.000000 0.000000 0.000000 -2.064136
    46 3.007646 4.344520 0.542817 1.321605 -0.270767 0.706112
    47 10.074753 -0.000005 -0.000001 0.000000 0.000000 -1.630424
    48 10.292003 -0.000002 0.000000 0.000000 0.000000 -0.425803
    49 -2.753414 4.323161 0.558394 1.931780 -0.224239 2.278513
    50 10.074757 0.000002 0.000000 0.000000 0.000000 -1.604180
    51 10.292000 -0.000001 -0.000001 0.000000 0.000000 -0.406073
  time 5
    0 6.244773 -10.888834 37.757646 1.570796 0.000000 -1.570796
    1 0.000000 0.000000 0.000000 0.000000 0.000000 0.000000
    2 3.890447 0.000000 0.000000 -1.570796 -0.054711 -1.451993
    3 17.591000 0.000000 0.000000 0.000000 0.000000 0.153903
    4 17.699581 0.000000 0.000000 -0.122557 0.022046 -1.083904
    5 -3.890447 0.000000 0.000000 -1.570797 -0.054711 -1.689600
    6 17.590998 0.000000 0.000000 0.000000 0.000000 0.153903
    7 17.699581 0.000000 0.000000 0.133252 -0.022046 -1.083904
    8 0.000000 3.345132 -2.981898 1.570796 0.052893 1.570796
    9 4.126621 0.000000 0.000000 0.000000 0.000000 -0.109958
    10 3.612873 0.000000 0.000000 0.000000 0.000000 0.157085
    11 9.183975 0.000000 0.000000 0.000000 0.000000 0.173457
    12 3.138083 0.000000 0.000000 3.141592 0.000000 -0.936567
    13 1.707666 0.000001 0.000000 0.000000 0.000000 -0.403112
    14 1.663039 1.210510 2.595493 1.585881 -1.286515 2.954168
    15 6.028141 0.000002 0.000000 -1.570685 -0.056434 -0.592417
    16 12.693002 0.000000 0.000001 0.000000 0.000000 -0.762857
    17 11.575974 0.000001 -0.000031 1.151993 -0.002657 0.038189
    18 5.562233 -0.288268 -0.510574 -3.061675 0.198455 -0.005041
    19 5.158500 -0.000001 -0.000001 -0.070282 -0.005680 0.008797
    20 3.326002 -0.000001 0.000000 0.008885 -0.007390 0.009850
    21 5.591166 -0.279020 1.848881 -3.062784 -0.107159 0.004678
    22 5.292999 0.000001 -0.000002 -0.073575 -0.006250 0.008402
    23 3.079116 -0.000001 0.000002 0.006978 -0.006850 0.007920
    24 5.739738 -0.095433 0.607274 -3.063221 0.025568 -0.018370
    25 5.652501 -0.000001 0.000000 -0.067745 -0.006072 0.008532
    26 3.325017 0.000000 -0.000002 0.009338 -0.006636 0.008100
    27 1.663050 1.210515 -2.595442 -1.665774 1.282032 2.945760
    28 6.028141 -0.000001 0.000000 1.632088 0.067144 -0.580410
    29 12.693002 0.000000 0.000003 0.000000 0.000000 -0.811694
    30 11.599607 0.000002 0.000001 -1.164891 -0.106508 0.028596
    31 5.928185 0.378912 0.637283 2.945638 -0.186886 0.107105
    32 5.074002 0.000001 -0.000001 0.000000 0.000000 0.000000
    33 3.325999 0.000001 0.000002 0.000000 -0.000001 0.000000
    34 6.189647 0.568800 -0.554352 2.949214 -0.013682 0.082709
    35 5.511002 0.000002 0.000001 0.000000 0.000000 0.012404
    36 3.325017 -0.000001 -0.000001 0.000000 0.000000 -0.009884
    37 5.900460 0.299200 -1.780354 2.948545 0.128545 0.102472
    38 5.248501 0.000003 -0.000001 0.000000 0.000000 0.011838
    39 3.151001 0.000001 -0.000001 0.000000 0.000000 -0.010015
    40 7.600445 -0.908441 0.636362 0.000000 -1.570796 2.973902
    41 0.051795 -3.221541 -2.149795 1.570796 -0.003965 -3.124561
    42 -3.929418 0.000003 0.000000 0.456323 0.600730 -2.513550
    43 13.106231 0.000003 0.000000 0.000000 0.000000 2.026915
    44 3.929418 -0.000002 0.000000 -0.411327 0.538162 -0.583342
    45 13.106231 0.000002 0.000000 0.000000 0.000000 -2.064136
    46 3.007646 4.344520 0.542817 1.321605 -0.270767 0.706112
    47 10.074753 -0.000005 -0.000001 0.000000 0.000000 -1.630424
    48 10.292003 -0.000002 0.000000 0.000000 0.000000 -0.425803
    49 -2.753414 4.323161 0.558394 1.931780 -0.224239 2.278513
    50 10.074757 0.000002 0.000000 0.000000 0.000000 -1.604180
    51 10.292000 -0.000001 -0.000001 0.000000 0.000000 -0.406073
  time 6
    0 7.152428 -12.978906 37.643181 1.570796 0.000000 -1.570796
    1 0.000000 0.000000 0.000000 0.000000 0.000000 0.000000
    2 3.890447 0.000000 0.000000 -1.570796 -0.054711 -1.451993
    3 17.591000 0.000000 0.000000 0.000000 0.000000 0.153903
    4 17.699581 0.000000 0.000000 -0.122557 0.022046 -1.083904
    5 -3.890447 0.000000 0.000000 -1.570797 -0.054711 -1.689600
    6 17.590998 0.000000 0.000000 0.000000 0.000000 0.153903
    7 17.699581 0.000000 0.000000 0.133252 -0.022046 -1.083904
    8 0.000000 3.345132 -2.981898 1.570796 0.052893 1.570796
    9 4.126621 0.000000 0.000000 0.000000 0.000000 -0.109958
    10 3.612873 0.000000 0.000000 0.000000 0.000000 0.157085
    11 9.183975 0.000000 0.000000 0.000000 0.000000 0.173457
    12 3.138083 0.000000 0.000000 3.141592 0.000000 -0.936567
    13 1.707666 0.000001 0.000000 0.000000 0.000000 -0.403112
    14 1.663039 1.210510 2.595493 1.585881 -1.286515 2.954168
    15 6.028141 0.000002 0.000000 -1.570685 -0.056434 -0.592417
    16 12.693002 0.000000 0.000001 0.000000 0.000000 -0.762857
    17 11.575974 0.000001 -0.000031 1.151993 -0.002657 0.038189
    18 5.562233 -0.288268 -0.510574 -3.061675 0.198455 -0.005041
    19 5.158500 -0.000001 -0.000001 -0.070282 -0.005680 0.008797
    20 3.326002 -0.000001 0.000000 0.008885 -0.007390 0.009850
    21 5.591166 -0.279020 1.848881 -3.062784 -0.107159 0.004678
    22 5.292999 0.000001 -0.000002 -0.073575 -0.006250 0.008402
    23 3.079116 -0.000001 0.000002 0.006978 -0.006850 0.007920
    24 5.739738 -0.095433 0.607274 -3.063221 0.025568 -0.018370
    25 5.652501 -0.000001 0.000000 -0.067745 -0.006072 0.008532
    26 3.325017 0.000000 -0.000002 0.009338 -0.006636 0.008100
    27 1.663050 1.210515 -2.595442 -1.665774 1.282032 2.945760
    28 6.028141 -0.000001 0.000000 1.632088 0.067144 -0.580410
    29 12.693002 0.000000 0.000003 0.000000 0.000000 -0.811694
    30 11.599607 0.000002 0.000001 -1.164891 -0.106508 0.028596
    31 5.928185 0.378912 0.637283 2.945638 -0.186886 0.107105
    32 5.074002 0.000001 -0.000001 0.000000 0.000000 0.000000
    33 3.325999 0.000001 0.000002 0.000000 -0.000001 0.000000
    34 6.189647 0.568800 -0.554352 2.949214 -0.013682 0.082709
    35 5.511002 0.000002 0.000001 0.000000 0.000000 0.012404
    36 3.325017 -0.000001 -0.000001 0.000000 0.000000 -0.009884
    37 5.900460 0.299200 -1.780354 2.948545 0.128545 0.102472
    38 5.248501 0.000003 -0.000001 0.000000 0.000000 0.011838
    39 3.151001 0.000001 -0.000001 0.000000 0.000000 -0.010015
    40 7.600445 -0.908441 0.636362 0.000000 -1.570796 2.973902
    41 0.051795 -3.221541 -2.149795 1.570796 -0.003965 -3.124561
    42 -3.929418 0.000003 0.000000 0.456323 0.600730 -2.513550
    43 13.106231 0.000003 0.000000 0.000000 0.000000 2.026915
    44 3.929418 -0.000002 0.000000 -0.411327 0.538162 -0.583342
    45 13.106231 0.000002 0.000000 0.000000 0.000000 -2.064136
    46 3.007646 4.344520 0.542817 1.321605 -0.270767 0.706112
    47 10.074753 -0.000005 -0.000001 0.000000 0.000000 -1.630424
    48 10.292003 -0.000002 0.000000 0.000000 0.000000 -0.425803
    49 -2.753414 4.323161 0.558394 1.931780 -0.224239 2.278513
    50 10.074757 0.000002 0.000000 0.000000 0.000000 -1.604180
    51 10.292000 -0.000001 -0.000001 0.000000 0.000000 -0.406073
  time 7
    0 8.047389 -15.039746 37.530316 1.570796 0.000000 -1.570796
    1 0.000000 0.000000 0.000000 0.000000 0.000000 0.000000
    2 3.890447 0.000000 0.000000 -1.570796 -0.054711 -1.451993
    3 17.591000 0.000000 0.000000 0.000000 0.000000 0.153903
    4 17.699581 0.000000 0.000000 -0.122557 0.022046 -1.083904
    5 -3.890447 0.000000 0.000000 -1.570797 -0.054711 -1.689600
    6 17.590998 0.000000 0.000000 0.000000 0.000000 0.153903
    7 17.699581 0.000000 0.000000 0.133252 -0.022046 -1.083904
    8 0.000000 3.345132 -2.981898 1.570796 0.052893 1.570796
    9 4.126621 0.000000 0.000000 0.000000 0.000000 -0.109958
    10 3.612873 0.000000 0.000000 0.000000 0.000000 0.157085
    11 9.183975 0.000000 0.000000 0.000000 0.000000 0.173457
    12 3.138083 0.000000 0.000000 3.141592 0.000000 -0.936567
    13 1.707666 0.000001 0.000000 0.000000 0.000000 -0.403112
    14 1.663039 1.210510 2.595493 1.585881 -1.286515 2.954168
    15 6.028141 0.000002 0.000000 -1.570685 -0.056434 -0.592417
    16 12.693002 0.000000 0.000001 0.000000 0.000000 -0.762857
    17 11.575974 0.000001 -0.000031 1.151993 -0.002657 0.038189
    18 5.562233 -0.288268 -0.510574 -3.061675 0.198455 -0.005041
    19 5.158500 -0.000001 -0.000001 -0.070282 -0.005680 0.008797
    20 3.326002 -0.000001 0.000000 0.008885 -0.007390 0.009850
    21 5.591166 -0.279020 1.848881 -3.062784 -0.107159 0.004678
    22 5.292999 0.000001 -0.000002 -0.073575 -0.006250 0.008402
    23 3.079116 -0.000001 0.000002 0.006978 -0.006850 0.007920
    24 5.739738 -0.095433 0.607274 -3.063221 0.025568 -0.018370
    25 5.652501 -0.000001 0.000000 -0.067745 -0.006072 0.008532
    26 3.325017 0.000000 -0.000002 0.009338 -0.006636 0.008100
    27 1.663050 1.210515 -2.595442 -1.665774 1.282032 2.945760
    28 6.028141 -0.000001 0.000000 1.632088 0.067144 -0.580410
    29 12.693002 0.000000 0.000003 0.000000 0.000000 -0.811694
    30 11.599607 0.000002 0.000001 -1.164891 -0.106508 0.028596
    31 5.928185 0.378912 0.637283 2.945638 -0.186886 0.107105
    32 5.074002 0.000001 -0.000001 0.000000 0.000000 0.000000
    33 3.325999 0.000001 0.000002 0.000000 -0.000001 0.000000
    34 6.189647 0.568800 -0.554352 2.949214 -0.013682 0.082709
    35 5.511002 0.000002 0.000001 0.000000 0.000000 0.012404
    36 3.325017 -0.000001 -0.000001 0.000000 0.000000 -0.009884
    37 5.900460 0.299200 -1.780354 2.948545 0.128545 0.102472
    38 5.248501 0.000003 -0.000001 0.000000 0.000000 0.011838
    39 3.151001 0.000001 -0.000001 0.000000 0.000000 -0.010015
    40 7.600445 -0.908441 0.636362 0.000000 -1.570796 2.973902
    41 0.051795 -3.221541 -2.149795 1.570796 -0.003965 -3.124561
    42 -3.929418 0.000003 0.000000 0.456323 0.600730 -2.513550
    43 13.106231 0.000003 0.000000 0.000000 0.000000 2.026915
    44 3.929418 -0.000002 0.000000 -0.411327 0.538162 -0.583342
    45 13.106231 0.000002 0.000000 0.000000 0.000000 -2.064136
    46 3.007646 4.344520 0.542817 1.321605 -0.270767 0.706112
    47 10.074753 -0.000005 -0.000001 0.000000 0.000000 -1.630424
    48 10.292003 -0.000002 0.000000 0.000000 0.000000 -0.425803
    49 -2.753414 4.323161 0.558394 1.931780 -0.224239 2.278513
    50 10.074757 0.000002 0.000000 0.000000 0.000000 -1.604180
    51 10.292000 -0.000001 -0.000001 0.000000 0.000000 -0.406073
  time 8
    0 8.929656 -17.071354 37.419052 1.570796 0.000000 -1.570796
    1 0.000000 0.000000 0.000000 0.000000 0.000000 0.000000
    2 3.890447 0.000000 0.000000 -1.570796 -0.054711 -1.451993
    3 17.591000 0.000000 0.000000 0.000000 0.000000 0.153903
    4 17.699581 0.000000 0.000000 -0.122557 0.022046 -1.083904
    5 -3.890447 0.000000 0.000000 -1.570797 -0.054711 -1.689600
    6 17.590998 0.000000 0.000000 0.000000 0.000000 0.153903
    7 17.699581 0.000000 0.000000 0.133252 -0.022046 -1.083904
    8 0.000000 3.345132 -2.981898 1.570796 0.052893 1.570796
    9 4.126621 0.000000 0.000000 0.000000 0.000000 -0.109958
    10 3.612873 0.000000 0.000000 0.000000 0.000000 0.157085
    11 9.183975 0.000000 0.000000 0.000000 0.000000 0.173457
    12 3.138083 0.000000 0.000000 3.141592 0.000000 -0.936567
    13 1.707666 0.000001 0.000000 0.000000 0.000000 -0.403112
    14 1.663039 1.210510 2.595493 1.585881 -1.286515 2.954168
    15 6.028141 0.000002 0.000000 -1.570685 -0.056434 -0.592417
    16 12.693002 0.000000 0.000001 0.000000 0.000000 -0.762857
    17 11.575974 0.000001 -0.000031 1.151993 -0.002657 0.038189
    18 5.562233 -0.288268 -0.510574 -3.061675 0.198455 -0.005041
    19 5.158500 -0.000001 -0.000001 -0.070282 -0.005680 0.008797
    20 3.326002 -0.000001 0.000000 0.008885 -0.007390 0.009850
    21 5.591166 -0.279020 1.848881 -3.062784 -0.107159 0.004678
    22 5.292999 0.000001 -0.000002 -0.073575 -0.006250 0.008402
    23 3.079116 -0.000001 0.000002 0.006978 -0.006850 0.007920
    24 5.739738 -0.095433 0.607274 -3.063221 0.025568 -0.018370
    25 5.652501 -0.000001 0.000000 -0.067745 -0.006072 0.008532
    26 3.325017 0.000000 -0.000002 0.009338 -0.006636 0.008100
    27 1.663050 1.210515 -2.595442 -1.665774 1.282032 2.945760
    28 6.028141 -0.000001 0.000000 1.632088 0.067144 -0.580410
    29 12.693002 0.000000 0.000003 0.000000 0.000000 -0.811694
    30 11.599607 0.000002 0.000001 -1.164891 -0.106508 0.028596
    31 5.928185 0.378912 0.637283 2.945638 -0.186886 0.107105
    32 5.074002 0.000001 -0.000001 0.000000 0.000000 0.000000
    33 3.325999 0.000001 0.000002 0.000000 -0.000001 0.000000
    34 6.189647 0.568800 -0.554352 2.949214 -0.013682 0.082709
    35 5.511002 0.000002 0.000001 0.000000 0.000000 0.012404
    36 3.325017 -0.000001 -0.000001 0.000000 0.000000 -0.009884
    37 5.900460 0.299200 -1.780354 2.948545 0.128545 0.102472
    38 5.248501 0.000003 -0.000001 0.000000 0.000000 0.011838
    39 3.151001 0.000001 -0.000001 0.000000 0.000000 -0.010015
    40 7.600445 -0.908441 0.636362 0.000000 -1.570796 2.973902
    41 0.051795 -3.221541 -2.149795 1.570796 -0.003965 -3.124561
    42 -3.929418 0.000003 0.000000 0.456323 0.600730 -2.513550
    43 13.106231 0.000003 0.000000 0.000000 0.000000 2.026915
    44 3.929418 -0.000002 0.000000 -0.411327 0.538162 -0.583342
    45 13.106231 0.000002 0.000000 0.000000 0.000000 -2.064136
    46 3.007646 4.344520 0.542817 1.321605 -0.270767 0.706112
    47 10.074753 -0.000005 -0.000001 0.000000 0.000000 -1.630424
    48 10.292003 -0.000002 0.000000 0.000000 0.000000 -0.425803
    49 -2.753414 4.323161 0.558394 1.931780 -0.224239 2.278513
    50 10.074757 0.000002 0.000000 0.000000 0.000000 -1.604180
    51 10.292000 -0.000001 -0.000001 0.000000 0.000000 -0.406073
  time 9
    0 9.799228 -19.073730 37.309389 1.570796 0.000000 -1.570796
    1 0.000000 0.000000 0.000000 0.000000 0.000000 0.000000
    2 3.890447 0.000000 0.000000 -1.570796 -0.054711 -1.451993
    3 17.591000 0.000000 0.000000 0.000000 0.000000 0.153903
    4 17.699581 0.000000 0.000000 -0.122557 0.022046 -1.083904
    5 -3.890447 0.000000 0.000000 -1.570797 -0.054711 -1.689600
    6 17.590998 0.000000 0.000000 0.000000 0.000000 0.153903
    7 17.699581 0.000000 0.000000 0.133252 -0.022046 -1.083904
    8 0.000000 3.345132 -2.981898 1.570796 0.052893 1.570796
    9 4.126621 0.000000 0.000000 0.000000 0.000000 -0.109958
    10 3.612873 0.000000 0.000000 0.000000 0.000000 0.157085
    11 9.183975 0.000000 0.000000 0.000000 0.000000 0.173457
    12 3.138083 0.000000 0.000000 3.141592 0.000000 -0.936567
    13 1.707666 0.000001 0.000000 0.000000 0.000000 -0.403112
    14 1.663039 1.210510 2.595493 1.585881 -1.286515 2.954168
    15 6.028141 0.000002 0.000000 -1.570685 -0.056434 -0.592417
    16 12.693002 0.000000 0.000001 0.000000 0.000000 -0.762857
    17 11.575974 0.000001 -0.000031 1.151993 -0.002657 0.038189
    18 5.562233 -0.288268 -0.510574 -3.061675 0.198455 -0.005041
    19 5.158500 -0.000001 -0.000001 -0.070282 -0.005680 0.008797
    20 3.326002 -0.000001 0.000000 0.008885 -0.007390 0.009850
    21 5.591166 -0.279020 1.848881 -3.062784 -0.107159 0.004678
    22 5.292999 0.000001 -0.000002 -0.073575 -0.006250 0.008402
    23 3.079116 -0.000001 0.000002 0.006978 -0.006850 0.007920
    24 5.739738 -0.095433 0.607274 -3.063221 0.025568 -0.018370
    25 5.652501 -0.000001 0.000000 -0.067745 -0.006072 0.008532
    26 3.325017 0.000000 -0.000002 0.009338 -0.006636 0.008100
    27 1.663050 1.210515 -2.595442 -1.665774 1.282032 2.945760
    28 6.028141 -0.000001 0.000000 1.632088 0.067144 -0.580410
    29 12.693002 0.000000 0.000003 0.000000 0.000000 -0.811694
    30 11.599607 0.000002 0.000001 -1.164891 -0.106508 0.028596
    31 5.928185 0.378912 0.637283 2.945638 -0.186886 0.107105
    32 5.074002 0.000001 -0.000001 0.000000 0.000000 0.000000
    33 3.325999 0.000001 0.000002 0.000000 -0.000001 0.000000
    34 6.189647 0.568800 -0.554352 2.949214 -0.013682 0.082709
    35 5.511002 0.000002 0.000001 0.000000 0.000000 0.012404
    36 3.325017 -0.000001 -0.000001 0.000000 0.000000 -0.009884
    37 5.900460 0.299200 -1.780354 2.948545 0.128545 0.102472
    38 5.248501 0.000003 -0.000001 0.000000 0.000000 0.011838
    39 3.151001 0.000001 -0.000001 0.000000 0.000000 -0.010015
    40 7.600445 -0.908441 0.636362 0.000000 -1.570796 2.973902
    41 0.051795 -3.221541 -2.149795 1.570796 -0.003965 -3.124561
    42 -3.929418 0.000003 0.000000 0.456323 0.600730 -2.513550
    43 13.106231 0.000003 0.000000 0.000000 0.000000 2.026915
    44 3.929418 -0.000002 0.000000 -0.411327 0.538162 -0.583342
    45 13.106231 0.000002 0.000000 0.000000 0.000000 -2.064136
    46 3.007646 4.344520 0.542817 1.321605 -0.270767 0.706112
    47 10.074753 -0.000005 -0.000001 0.000000 0.000000 -1.630424
    48 10.292003 -0.000002 0.000000 0.000000 0.000000 -0.425803
    49 -2.753414 4.323161 0.558394 1.931780 -0.224239 2.278513
    50 10.074757 0.000002 0.000000 0.000000 0.000000 -1.604180
    51 10.292000 -0.000001 -0.000001 0.000000 0.000000 -0.406073
  time 10
    0 10.656105 -21.046874 37.201327 1.570796 0.000000 -1.570796
    1 0.000000 0.000000 0.000000 0.000000 0.000000 0.000000
    2 3.890447 0.000000 0.000000 -1.570796 -0.054711 -1.451993
    3 17.591000 0.000000 0.000000 0.000000 0.000000 0.153903
    4 17.699581 0.000000 0.000000 -0.122557 0.022046 -1.083904
    5 -3.890447 0.000000 0.000000 -1.570797 -0.054711 -1.689600
    6 17.590998 0.000000 0.000000 0.000000 0.000000 0.153903
    7 17.699581 0.000000 0.000000 0.133252 -0.022046 -1.083904
    8 0.000000 3.345132 -2.981898 1.570796 0.052893 1.570796
    9 4.126621 0.000000 0.000000 0.000000 0.000000 -0.109958
    10 3.612873 0.000000 0.000000 0.000000 0.000000 0.157085
    11 9.183975 0.000000 0.000000 0.000000 0.000000 0.173457
    12 3.138083 0.000000 0.000000 3.141592 0.000000 -0.936567
    13 1.707666 0.000001 0.000000 0.000000 0.000000 -0.403112
    14 1.663039 1.210510 2.595493 1.585881 -1.286515 2.954168
    15 6.028141 0.000002 0.000000 -1.570685 -0.056434 -0.592417
    16 12.693002 0.000000 0.000001 0.000000 0.000000 -0.762857
    17 11.575974 0.000001 -0.000031 1.151993 -0.002657 0.038189
    18 5.562233 -0.288268 -0.510574 -3.061675 0.198455 -0.005041
    19 5.158500 -0.000001 -0.000001 -0.070282 -0.005680 0.008797
    20 3.326002 -0.000001 0.000000 0.008885 -0.007390 0.009850
    21 5.591166 -0.279020 1.848881 -3.062784 -0.107159 0.004678
    22 5.292999 0.000001 -0.000002 -0.073575 -0.006250 0.008402
    23 3.079116 -0.000001 0.000002 0.006978 -0.006850 0.007920
    24 5.739738 -0.095433 0.607274 -3.063221 0.025568 -0.018370
    25 5.652501 -0.000001 0.000000 -0.067745 -0.006072 0.008532
    26 3.325017 0.000000 -0.000002 0.009338 -0.006636 0.008100
    27 1.663050 1.210515 -2.595442 -1.665774 1.282032 2.945760
    28 6.028141 -0.000001 0.000000 1.632088 0.067144 -0.580410
    29 12.693002 0.000000 0.000003 0.000000 0.000000 -0.811694
    30 11.599607 0.000002 0.000001 -1.164891 -0.106508 0.028596
    31 5.928185 0.378912 0.637283 2.945638 -0.186886 0.107105
    32 5.074002 0.000001 -0.000001 0.000000 0.000000 0.000000
    33 3.325999 0.000001 0.000002 0.000000 -0.000001 0.000000
    34 6.189647 0.568800 -0.554352 2.949214 -0.013682 0.082709
    35 5.511002 0.000002 0.000001 0.000000 0.000000 0.012404
    36 3.325017 -0.000001 -0.000001 0.000000 0.000000 -0.009884
    37 5.900460 0.299200 -1.780354 2.948545 0.128545 0.102472
    38 5.248501 0.000003 -0.000001 0.000000 0.000000 0.011838
    39 3.151001 0.000001 -0.000001 0.000000 0.000000 -0.010015
    40 7.600445 -0.908441 0.636362 0.000000 -1.570796 2.973902
    41 0.051795 -3.221541 -2.149795 1.570796 -0.003965 -3.124561
    42 -3.929418 0.000003 0.000000 0.456323 0.600730 -2.513550
    43 13.106231 0.000003 0.000000 0.000000 0.000000 2.026915
    44 3.929418 -0.000002 0.000000 -0.411327 0.538162 -0.583342
    45 13.106231 0.000002 0.000000 0.000000 0.000000 -2.064136
    46 3.007646 4.344520 0.542817 1.321605 -0.270767 0.706112
    47 10.074753 -0.000005 -0.000001 0.000000 0.000000 -1.630424
    48 10.292003 -0.000002 0.000000 0.000000 0.000000 -0.425803
    49 -2.753414 4.323161 0.558394 1.931780 -0.224239 2.278513
    50 10.074757 0.000002 0.000000 0.000000 0.000000 -1.604180
    51 10.292000 -0.000001 -0.000001 0.000000 0.000000 -0.406073
  time 11
    0 11.500288 -22.990787 37.094866 1.570796 0.000000 -1.570796
    1 0.000000 0.000000 0.000000 0.000000 0.000000 0.000000
    2 3.890447 0.000000 0.000000 -1.570796 -0.054711 -1.451993
    3 17.591000 0.000000 0.000000 0.000000 0.000000 0.153903
    4 17.699581 0.000000 0.000000 -0.122557 0.022046 -1.083904
    5 -3.890447 0.000000 0.000000 -1.570797 -0.054711 -1.689600
    6 17.590998 0.000000 0.000000 0.000000 0.000000 0.153903
    7 17.699581 0.000000 0.000000 0.133252 -0.022046 -1.083904
    8 0.000000 3.345132 -2.981898 1.570796 0.052893 1.570796
    9 4.126621 0.000000 0.000000 0.000000 0.000000 -0.109958
    10 3.612873 0.000000 0.000000 0.000000 0.000000 0.157085
    11 9.183975 0.000000 0.000000 0.000000 0.000000 0.173457
    12 3.138083 0.000000 0.000000 3.141592 0.000000 -0.936567
    13 1.707666 0.000001 0.000000 0.000000 0.000000 -0.403112
    14 1.663039 1.210510 2.595493 1.585881 -1.286515 2.954168
    15 6.028141 0.000002 0.000000 -1.570685 -0.056434 -0.592417
    16 12.693002 0.000000 0.000001 0.000000 0.000000 -0.762857
    17 11.575974 0.000001 -0.000031 1.151993 -0.002657 0.038189
    18 5.562233 -0.288268 -0.510574 -3.061675 0.198455 -0.005041
    19 5.158500 -0.000001 -0.000001 -0.070282 -0.005680 0.008797
    20 3.326002 -0.000001 0.000000 0.008885 -0.007390 0.009850
    21 5.591166 -0.279020 1.848881 -3.062784 -0.107159 0.004678
    22 5.292999 0.000001 -0.000002 -0.073575 -0.006250 0.008402
    23 3.079116 -0.000001 0.000002 0.006978 -0.006850 0.007920
    24 5.739738 -0.095433 0.607274 -3.063221 0.025568 -0.018370
    25 5.652501 -0.000001 0.000000 -0.067745 -0.006072 0.008532
    26 3.325017 0.000000 -0.000002 0.009338 -0.006636 0.008100
    27 1.663050 1.210515 -2.595442 -1.665774 1.282032 2.945760
    28 6.028141 -0.000001 0.000000 1.632088 0.067144 -0.580410
    29 12.693002 0.000000 0.000003 0.000000 0.000000 -0.811694
    30 11.599607 0.000002 0.000001 -1.164891 -0.106508 0.028596
    31 5.928185 0.378912 0.637283 2.945638 -0.186886 0.107105
    32 5.074002 0.000001 -0.000001 0.000000 0.000000 0.000000
    33 3.325999 0.000001 0.000002 0.000000 -0.000001 0.000000
    34 6.189647 0.568800 -0.554352 2.949214 -0.013682 0.082709
    35 5.511002 0.000002 0.000001 0.000000 0.000000 0.012404
    36 3.325017 -0.000001 -0.000001 0.000000 0.000000 -0.009884
    37 5.900460 0.299200 -1.780354 2.948545 0.128545 0.102472
    38 5.248501 0.000003 -0.000001 0.000000 0.000000 0.011838
    39 3.151001 0.000001 -0.000001 0.000000 0.000000 -0.010015
    40 7.600445 -0.908441 0.636362 0.000000 -1.570796 2.973902
    41 0.051795 -3.221541 -2.149795 1.570796 -0.003965 -3.124561
    42 -3.929418 0.000003 0.000000 0.456323 0.600730 -2.513550
    43 13.106231 0.000003 0.000000 0.000000 0.000000 2.026915
    44 3.929418 -0.000002 0.000000 -0.411327 0.538162 -0.583342
    45 13.106231 0.000002 0.000000 0.000000 0.000000 -2.064136
    46 3.007646 4.344520 0.542817 1.321605 -0.270767 0.706112
    47 10.074753 -0.000005 -0.000001 0.000000 0.000000 -1.630424
    48 10.292003 -0.000002 0.000000 0.000000 0.000000 -0.425803
    49 -2.753414 4.323161 0.558394 1.931780 -0.224239 2.278513
    50 10.074757 0.000002 0.000000 0.000000 0.000000 -1.604180
    51 10.292000 -0.000001 -0.000001 0.000000 0.000000 -0.406073
  time 12
    0 12.331777 -24.905468 36.990006 1.570796 0.000000 -1.570796
    1 0.000000 0.000000 0.000000 0.000000 0.000000 0.000000
    2 3.890447 0.000000 0.000000 -1.570796 -0.054711 -1.451993
    3 17.591000 0.000000 0.000000 0.000000 0.000000 0.153903
    4 17.699581 0.000000 0.000000 -0.122557 0.022046 -1.083904
    5 -3.890447 0.000000 0.000000 -1.570797 -0.054711 -1.689600
    6 17.590998 0.000000 0.000000 0.000000 0.000000 0.153903
    7 17.699581 0.000000 0.000000 0.133252 -0.022046 -1.083904
    8 0.000000 3.345132 -2.981898 1.570796 0.052893 1.570796
    9 4.126621 0.000000 0.000000 0.000000 0.000000 -0.109958
    10 3.612873 0.000000 0.000000 0.000000 0.000000 0.157085
    11 9.183975 0.000000 0.000000 0.000000 0.000000 0.173457
    12 3.138083 0.000000 0.000000 3.141592 0.000000 -0.936567
    13 1.707666 0.000001 0.000000 0.000000 0.000000 -0.403112
    14 1.663039 1.210510 2.595493 1.585881 -1.286515 2.954168
    15 6.028141 0.000002 0.000000 -1.570685 -0.056434 -0.592417
    16 12.693002 0.000000 0.000001 0.000000 0.000000 -0.762857
    17 11.575974 0.000001 -0.000031 1.151993 -0.002657 0.038189
    18 5.562233 -0.288268 -0.510574 -3.061675 0.198455 -0.005041
    19 5.158500 -0.000001 -0.000001 -0.070282 -0.005680 0.008797
    20 3.326002 -0.000001 0.000000 0.008885 -0.007390 0.009850
    21 5.591166 -0.279020 1.848881 -3.062784 -0.107159 0.004678
    22 5.292999 0.000001 -0.000002 -0.073575 -0.006250 0.008402
    23 3.079116 -0.000001 0.000002 0.006978 -0.006850 0.007920
    24 5.739738 -0.095433 0.607274 -3.063221 0.025568 -0.018370
    25 5.652501 -0.000001 0.000000 -0.067745 -0.006072 0.008532
    26 3.325017 0.000000 -0.000002 0.009338 -0.006636 0.008100
    27 1.663050 1.210515 -2.595442 -1.665774 1.282032 2.945760
    28 6.028141 -0.000001 0.000000 1.632088 0.067144 -0.580410
    29 12.693002 0.000000 0.000003 0.000000 0.000000 -0.811694
    30 11.599607 0.000002 0.000001 -1.164891 -0.106508 0.028596
    31 5.928185 0.378912 0.637283 2.945638 -0.186886 0.107105
    32 5.074002 0.000001 -0.000001 0.000000 0.000000 0.000000
    33 3.325999 0.000001 0.000002 0.000000 -0.000001 0.000000
    34 6.189647 0.568800 -0.554352 2.949214 -0.013682 0.082709
    35 5.511002 0.000002 0.000001 0.000000 0.000000 0.012404
    36 3.325017 -0.000001 -0.000001 0.000000 0.000000 -0.009884
    37 5.900460 0.299200 -1.780354 2.948545 0.128545 0.102472
    38 5.248501 0.000003 -0.000001 0.000000 0.000000 0.011838
    39 3.151001 0.000001 -0.000001 0.000000 0.000000 -0.010015
    40 7.600445 -0.908441 0.636362 0.000000 -1.570796 2.973902
    41 0.051795 -3.221541 -2.149795 1.570796 -0.003965 -3.124561
    42 -3.929418 0.000003 0.000000 0.456323 0.600730 -2.513550
    43 13.106231 0.000003 0.000000 0.000000 0.000000 2.026915
    44 3.929418 -0.000002 0.000000 -0.411327 0.538162 -0.583342
    45 13.106231 0.000002 0.000000 0.000000 0.000000 -2.064136
    46 3.007646 4.344520 0.542817 1.321605 -0.270767 0.706112
    47 10.074753 -0.000005 -0.000001 0.000000 0.000000 -1.630424
    48 10.292003 -0.000002 0.000000 0.000000 0.000000 -0.425803
    49 -2.753414 4.323161 0.558394 1.931780 -0.224239 2.278513
    50 10.074757 0.000002 0.000000 0.000000 0.000000 -1.604180
    51 10.292000 -0.000001 -0.000001 0.000000 0.000000 -0.406073
  time 13
    0 13.150571 -26.790917 36.886746 1.570796 0.000000 -1.570796
    1 0.000000 0.000000 0.000000 0.000000 0.000000 0.000000
    2 3.890447 0.000000 0.000000 -1.570796 -0.054711 -1.451993
    3 17.591000 0.000000 0.000000 0.000000 0.000000 0.153903
    4 17.699581 0.000000 0.000000 -0.122557 0.022046 -1.083904
    5 -3.890447 0.000000 0.000000 -1.570797 -0.054711 -1.689600
    6 17.590998 0.000000 0.000000 0.000000 0.000000 0.153903
    7 17.699581 0.000000 0.000000 0.133252 -0.022046 -1.083904
    8 0.000000 3.345132 -2.981898 1.570796 0.052893 1.570796
    9 4.126621 0.000000 0.000000 0.000000 0.000000 -0.109958
    10 3.612873 0.000000 0.000000 0.000000 0.000000 0.157085
    11 9.183975 0.000000 0.000000 0.000000 0.000000 0.173457
    12 3.138083 0.000000 0.000000 3.141592 0.000000 -0.936567
    13 1.707666 0.000001 0.000000 0.000000 0.000000 -0.403112
    14 1.663039 1.210510 2.595493 1.585881 -1.286515 2.954168
    15 6.028141 0.000002 0.000000 -1.570685 -0.056434 -0.592417
    16 12.693002 0.000000 0.000001 0.000000 0.000000 -0.762857
    17 11.575974 0.000001 -0.000031 1.151993 -0.002657 0.038189
    18 5.562233 -0.288268 -0.510574 -3.061675 0.198455 -0.005041
    19 5.158500 -0.000001 -0.000001 -0.070282 -0.005680 0.008797
    20 3.326002 -0.000001 0.000000 0.008885 -0.007390 0.009850
    21 5.591166 -0.279020 1.848881 -3.062784 -0.107159 0.004678
    22 5.292999 0.000001 -0.000002 -0.073575 -0.006250 0.008402
    23 3.079116 -0.000001 0.000002 0.006978 -0.006850 0.007920
    24 5.739738 -0.095433 0.607274 -3.063221 0.025568 -0.018370
    25 5.652501 -0.000001 0.000000 -0.067745 -0.006072 0.008532
    26 3.325017 0.000000 -0.000002 0.009338 -0.006636 0.008100
    27 1.663050 1.210515 -2.595442 -1.665774 1.282032 2.945760
    28 6.028141 -0.000001 0.000000 1.632088 0.067144 -0.580410
    29 12.693002 0.000000 0.000003 0.000000 0.000000 -0.811694
    30 11.599607 0.000002 0.000001 -1.164891 -0.106508 0.028596
    31 5.928185 0.378912 0.637283 2.945638 -0.186886 0.107105
    32 5.074002 0.000001 -0.000001 0.000000 0.000000 0.000000
    33 3.325999 0.000001 0.000002 0.000000 -0.000001 0.000000
    34 6.189647 0.568800 -0.554352 2.949214 -0.013682 0.082709
    35 5.511002 0.000002 0.000001 0.000000 0.000000 0.012404
    36 3.325017 -0.000001 -0.000001 0.000000 0.000000 -0.009884
    37 5.900460 0.299200 -1.780354 2.948545 0.128545 0.102472
    38 5.248501 0.000003 -0.000001 0.000000 0.000000 0.011838
    39 3.151001 0.000001 -0.000001 0.000000 0.000000 -0.010015
    40 7.600445 -0.908441 0.636362 0.000000 -1.570796 2.973902
    41 0.051795 -3.221541 -2.149795 1.570796 -0.003965 -3.124561
    42 -3.929418 0.000003 0.000000 0.456323 0.600730 -2.513550
    43 13.106231 0.000003 0.000000 0.000000 0.000000 2.026915
    44 3.929418 -0.000002 0.000000 -0.411327 0.538162 -0.583342
    45 13.106231 0.000002 0.000000 0.000000 0.000000 -2.064136
    46 3.007646 4.344520 0.542817 1.321605 -0.270767 0.706112
    47 10.074753 -0.000005 -0.000001 0.000000 0.000000 -1.630424
    48 10.292003 -0.000002 0.000000 0.000000 0.000000 -0.425803
    49 -2.753414 4.323161 0.558394 1.931780 -0.224239 2.278513
    50 10.074757 0.000002 0.000000 0.000000 0.000000 -1.604180
    51 10.292000 -0.000001 -0.000001 0.000000 0.000000 -0.406073
  time 14
    0 13.956670 -28.647135 36.785088 1.570796 0.000000 -1.570796
    1 0.000000 0.000000 0.000000 0.000000 0.000000 0.000000
    2 3.890447 0.000000 0.000000 -1.570796 -0.054711 -1.451993
    3 17.591000 0.000000 0.000000 0.000000 0.000000 0.153903
    4 17.699581 0.000000 0.000000 -0.122557 0.022046 -1.083904
    5 -3.890447 0.000000 0.000000 -1.570797 -0.054711 -1.689600
    6 17.590998 0.000000 0.000000 0.000000 0.000000 0.153903
    7 17.699581 0.000000 0.000000 0.133252 -0.022046 -1.083904
    8 0.000000 3.345132 -2.981898 1.570796 0.052893 1.570796
    9 4.126621 0.000000 0.000000 0.000000 0.000000 -0.109958
    10 3.612873 0.000000 0.000000 0.000000 0.000000 0.157085
    11 9.183975 0.000000 0.000000 0.000000 0.000000 0.173457
    12 3.138083 0.000000 0.000000 3.141592 0.000000 -0.936567
    13 1.707666 0.000001 0.000000 0.000000 0.000000 -0.403112
    14 1.663039 1.210510 2.595493 1.585881 -1.286515 2.954168
    15 6.028141 0.000002 0.000000 -1.570685 -0.056434 -0.592417
    16 12.693002 0.000000 0.000001 0.000000 0.000000 -0.762857
    17 11.575974 0.000001 -0.000031 1.151993 -0.002657 0.038189
    18 5.562233 -0.288268 -0.510574 -3.061675 0.198455 -0.005041
    19 5.158500 -0.000001 -0.000001 -0.070282 -0.005680 0.008797
    20 3.326002 -0.000001 0.000000 0.008885 -0.007390 0.009850
    21 5.591166 -0.279020 1.848881 -3.062784 -0.107159 0.004678
    22 5.292999 0.000001 -0.000002 -0.073575 -0.006250 0.008402
    23 3.079116 -0.000001 0.000002 0.006978 -0.006850 0.007920
    24 5.739738 -0.095433 0.607274 -3.063221 0.025568 -0.018370
    25 5.652501 -0.000001 0.000000 -0.067745 -0.006072 0.008532
    26 3.325017 0.000000 -0.000002 0.009338 -0.006636 0.008100
    27 1.663050 1.210515 -2.595442 -1.665774 1.282032 2.945760
    28 6.028141 -0.000001 0.000000 1.632088 0.067144 -0.580410
    29 12.693002 0.000000 0.000003 0.000000 0.000000 -0.811694
    30 11.599607 0.000002 0.000001 -1.164891 -0.106508 0.028596
    31 5.928185 0.378912 0.637283 2.945638 -0.186886 0.107105
    32 5.074002 0.000001 -0.000001 0.000000 0.000000 0.000000
    33 3.325999 0.000001 0.000002 0.000000 -0.000001 0.000000
    34 6.189647 0.568800 -0.554352 2.949214 -0.013682 0.082709
    35 5.511002 0.000002 0.000001 0.000000 0.000000 0.012404
    36 3.325017 -0.000001 -0.000001 0.000000 0.000000 -0.009884
    37 5.900460 0.299200 -1.780354 2.948545 0.128545 0.102472
    38 5.248501 0.000003 -0.000001 0.000000 0.000000 0.011838
    39 3.151001 0.000001 -0.000001 0.000000 0.000000 -0.010015
    40 7.600445 -0.908441 0.636362 0.000000 -1.570796 2.973902
    41 0.051795 -3.221541 -2.149795 1.570796 -0.003965 -3.124561
    42 -3.929418 0.000003 0.000000 0.456323 0.600730 -2.513550
    43 13.106231 0.000003 0.000000 0.000000 0.000000 2.026915
    44 3.929418 -0.000002 0.000000 -0.411327 0.538162 -0.583342
    45 13.106231 0.000002 0.000000 0.000000 0.000000 -2.064136
    46 3.007646 4.344520 0.542817 1.321605 -0.270767 0.706112
    47 10.074753 -0.000005 -0.000001 0.000000 0.000000 -1.630424
    48 10.292003 -0.000002 0.000000 0.000000 0.000000 -0.425803
    49 -2.753414 4.323161 0.558394 1.931780 -0.224239 2.278513
    50 10.074757 0.000002 0.000000 0.000000 0.000000 -1.604180
    51 10.292000 -0.000001 -0.000001 0.000000 0.000000 -0.406073
  time 15
    0 14.750076 -30.474120 36.685030 1.570796 0.000000 -1.570796
    1 0.000000 0.000000 0.000000 0.000000 0.000000 0.000000
    2 3.890447 0.000000 0.000000 -1.570796 -0.054711 -1.451993
    3 17.591000 0.000000 0.000000 0.000000 0.000000 0.153903
    4 17.699581 0.000000 0.000000 -0.122557 0.022046 -1.083904
    5 -3.890447 0.000000 0.000000 -1.570797 -0.054711 -1.689600
    6 17.590998 0.000000 0.000000 0.000000 0.000000 0.153903
    7 17.699581 0.000000 0.000000 0.133252 -0.022046 -1.083904
    8 0.000000 3.345132 -2.981898 1.570796 0.052893 1.570796
    9 4.126621 0.000000 0.000000 0.000000 0.000000 -0.109958
    10 3.612873 0.000000 0.000000 0.000000 0.000000 0.157085
    11 9.183975 0.000000 0.000000 0.000000 0.000000 0.173457
    12 3.138083 0.000000 0.000000 3.141592 0.000000 -0.936567
    13 1.707666 0.000001 0.000000 0.000000 0.000000 -0.403112
    14 1.663039 1.210510 2.595493 1.585881 -1.286515 2.954168
    15 6.028141 0.000002 0.000000 -1.570685 -0.056434 -0.592417
    16 12.693002 0.000000 0.000001 0.000000 0.000000 -0.762857
    17 11.575974 0.000001 -0.000031 1.151993 -0.002657 0.038189
    18 5.562233 -0.288268 -0.510574 -3.061675 0.198455 -0.005041
    19 5.158500 -0.000001 -0.000001 -0.070282 -0.005680 0.008797
    20 3.326002 -0.000001 0.000000 0.008885 -0.007390 0.009850
    21 5.591166 -0.279020 1.848881 -3.062784 -0.107159 0.004678
    22 5.292999 0.000001 -0.000002 -0.073575 -0.006250 0.008402
    23 3.079116 -0.000001 0.000002 0.006978 -0.006850 0.007920
    24 5.739738 -0.095433 0.607274 -3.063221 0.025568 -0.018370
    25 5.652501 -0.000001 0.000000 -0.067745 -0.006072 0.008532
    26 3.325017 0.000000 -0.000002 0.009338 -0.006636 0.008100
    27 1.663050 1.210515 -2.595442 -1.665774 1.282032 2.945760
    28 6.028141 -0.000001 0.000000 1.632088 0.067144 -0.580410
    29 12.693002 0.000000 0.000003 0.000000 0.000000 -0.811694
    30 11.599607 0.000002 0.000001 -1.164891 -0.106508 0.028596
    31 5.928185 0.378912 0.637283 2.945638 -0.186886 0.107105
    32 5.074002 0.000001 -0.000001 0.000000 0.000000 0.000000
    33 3.325999 0.000001 0.000002 0.000000 -0.000001 0.000000
    34 6.189647 0.568800 -0.554352 2.949214 -0.013682 0.082709
    35 5.511002 0.000002 0.000001 0.000000 0.000000 0.012404
    36 3.325017 -0.000001 -0.000001 0.000000 0.000000 -0.009884
    37 5.900460 0.299200 -1.780354 2.948545 0.128545 0.102472
    38 5.248501 0.000003 -0.000001 0.000000 0.000000 0.011838
    39 3.151001 0.000001 -0.000001 0.000000 0.000000 -0.010015
    40 7.600445 -0.908441 0.636362 0.000000 -1.570796 2.973902
    41 0.051795 -3.221541 -2.149795 1.570796 -0.003965 -3.124561
    42 -3.929418 0.000003 0.000000 0.456323 0.600730 -2.513550
    43 13.106231 0.000003 0.000000 0.000000 0.000000 2.026915
    44 3.929418 -0.000002 0.000000 -0.411327 0.538162 -0.583342
    45 13.106231 0.000002 0.000000 0.000000 0.000000 -2.064136
    46 3.007646 4.344520 0.542817 1.321605 -0.270767 0.706112
    47 10.074753 -0.000005 -0.000001 0.000000 0.000000 -1.630424
    48 10.292003 -0.000002 0.000000 0.000000 0.000000 -0.425803
    49 -2.753414 4.323161 0.558394 1.931780 -0.224239 2.278513
    50 10.074757 0.000002 0.000000 0.000000 0.000000 -1.604180
    51 10.292000 -0.000001 -0.000001 0.000000 0.000000 -0.406073
  time 16
    0 15.530786 -32.271874 36.586574 1.570796 0.000000 -1.570796
    1 0.000000 0.000000 0.000000 0.000000 0.000000 0.000000
    2 3.890447 0.000000 0.000000 -1.570796 -0.054711 -1.451993
    3 17.591000 0.000000 0.000000 0.000000 0.000000 0.153903
    4 17.699581 0.000000 0.000000 -0.122557 0.022046 -1.083904
    5 -3.890447 0.000000 0.000000 -1.570797 -0.054711 -1.689600
    6 17.590998 0.000000 0.000000 0.000000 0.000000 0.153903
    7 17.699581 0.000000 0.000000 0.133252 -0.022046 -1.083904
    8 0.000000 3.345132 -2.981898 1.570796 0.052893 1.570796
    9 4.126621 0.000000 0.000000 0.000000 0.000000 -0.109958
    10 3.612873 0.000000 0.000000 0.000000 0.000000 0.157085
    11 9.183975 0.000000 0.000000 0.000000 0.000000 0.173457
    12 3.138083 0.000000 0.000000 3.141592 0.000000 -0.936567
    13 1.707666 0.000001 0.000000 0.000000 0.000000 -0.403112
    14 1.663039 1.210510 2.595493 1.585881 -1.286515 2.954168
    15 6.028141 0.000002 0.000000 -1.570685 -0.056434 -0.592417
    16 12.693002 0.000000 0.000001 0.000000 0.000000 -0.762857
    17 11.575974 0.000001 -0.000031 1.151993 -0.002657 0.038189
    18 5.562233 -0.288268 -0.510574 -3.061675 0.198455 -0.005041
    19 5.158500 -0.000001 -0.000001 -0.070282 -0.005680 0.008797
    20 3.326002 -0.000001 0.000000 0.008885 -0.007390 0.009850
    21 5.591166 -0.279020 1.848881 -3.062784 -0.107159 0.004678
    22 5.292999 0.000001 -0.000002 -0.073575 -0.006250 0.008402
    23 3.079116 -0.000001 0.000002 0.006978 -0.006850 0.007920
    24 5.739738 -0.095433 0.607274 -3.063221 0.025568 -0.018370
    25 5.652501 -0.000001 0.000000 -0.067745 -0.006072 0.008532
    26 3.325017 0.000000 -0.000002 0.009338 -0.006636 0.008100
    27 1.663050 1.210515 -2.595442 -1.665774 1.282032 2.945760
    28 6.028141 -0.000001 0.000000 1.632088 0.067144 -0.580410
    29 12.693002 0.000000 0.000003 0.000000 0.000000 -0.811694
    30 11.599607 0.000002 0.000001 -1.164891 -0.106508 0.028596
    31 5.928185 0.378912 0.637283 2.945638 -0.186886 0.107105
    32 5.074002 0.000001 -0.000001 0.000000 0.000000 0.000000
    33 3.325999 0.000001 0.000002 0.000000 -0.000001 0.000000
    34 6.189647 0.568800 -0.554352 2.949214 -0.013682 0.082709
    35 5.511002 0.000002 0.000001 0.000000 0.000000 0.012404
    36 3.325017 -0.000001 -0.000001 0.000000 0.000000 -0.009884
    37 5.900460 0.299200 -1.780354 2.948545 0.128545 0.102472
    38 5.248501 0.000003 -0.000001 0.000000 0.000000 0.011838
    39 3.151001 0.000001 -0.000001 0.000000 0.000000 -0.010015
    40 7.600445 -0.908441 0.636362 0.000000 -1.570796 2.973902
    41 0.051795 -3.221541 -2.149795 1.570796 -0.003965 -3.124561
    42 -3.929418 0.000003 0.000000 0.456323 0.600730 -2.513550
    43 13.106231 0.000003 0.000000 0.000000 0.000000 2.026915
    44 3.929418 -0.000002 0.000000 -0.411327 0.538162 -0.583342
    45 13.106231 0.000002 0.000000 0.000000 0.000000 -2.064136
    46 3.007646 4.344520 0.542817 1.321605 -0.270767 0.706112
    47 10.074753 -0.000005 -0.000001 0.000000 0.000000 -1.630424
    48 10.292003 -0.000002 0.000000 0.000000 0.000000 -0.425803
    49 -2.753414 4.323161 0.558394 1.931780 -0.224239 2.278513
    50 10.074757 0.000002 0.000000 0.000000 0.000000 -1.604180
    51 10.292000 -0.000001 -0.000001 0.000000 0.000000 -0.406073
  time 17
    0 16.298802 -34.040396 36.489718 1.570796 0.000000 -1.570796
    1 0.000000 0.000000 0.000000 0.000000 0.000000 0.000000
    2 3.890447 0.000000 0.000000 -1.570796 -0.054711 -1.451993
    3 17.591000 0.000000 0.000000 0.000000 0.000000 0.153903
    4 17.699581 0.000000 0.000000 -0.122557 0.022046 -1.083904
    5 -3.890447 0.000000 0.000000 -1.570797 -0.054711 -1.689600
    6 17.590998 0.000000 0.000000 0.000000 0.000000 0.153903
    7 17.699581 0.000000 0.000000 0.133252 -0.022046 -1.083904
    8 0.000000 3.345132 -2.981898 1.570796 0.052893 1.570796
    9 4.126621 0.000000 0.000000 0.000000 0.000000 -0.109958
    10 3.612873 0.000000 0.000000 0.000000 0.000000 0.157085
    11 9.183975 0.000000 0.000000 0.000000 0.000000 0.173457
    12 3.138083 0.000000 0.000000 3.141592 0.000000 -0.936567
    13 1.707666 0.000001 0.000000 0.000000 0.000000 -0.403112
    14 1.663039 1.210510 2.595493 1.585881 -1.286515 2.954168
    15 6.028141 0.000002 0.000000 -1.570685 -0.056434 -0.592417
    16 12.693002 0.000000 0.000001 0.000000 0.000000 -0.762857
    17 11.575974 0.000001 -0.000031 1.151993 -0.002657 0.038189
    18 5.562233 -0.288268 -0.510574 -3.061675 0.198455 -0.005041
    19 5.158500 -0.000001 -0.000001 -0.070282 -0.005680 0.008797
    20 3.326002 -0.000001 0.000000 0.008885 -0.007390 0.009850
    21 5.591166 -0.279020 1.848881 -3.062784 -0.107159 0.004678
    22 5.292999 0.000001 -0.000002 -0.073575 -0.006250 0.008402
    23 3.079116 -0.000001 0.000002 0.006978 -0.006850 0.007920
    24 5.739738 -0.095433 0.607274 -3.063221 0.025568 -0.018370
    25 5.652501 -0.000001 0.000000 -0.067745 -0.006072 0.008532
    26 3.325017 0.000000 -0.000002 0.009338 -0.006636 0.008100
    27 1.663050 1.210515 -2.595442 -1.665774 1.282032 2.945760
    28 6.028141 -0.000001 0.000000 1.632088 0.067144 -0.580410
    29 12.693002 0.000000 0.000003 0.000000 0.000000 -0.811694
    30 11.599607 0.000002 0.000001 -1.164891 -0.106508 0.028596
    31 5.928185 0.378912 0.637283 2.945638 -0.186886 0.107105
    32 5.074002 0.000001 -0.000001 0.000000 0.000000 0.000000
    33 3.325999 0.000001 0.000002 0.000000 -0.000001 0.000000
    34 6.189647 0.568800 -0.554352 2.949214 -0.013682 0.082709
    35 5.511002 0.000002 0.000001 0.000000 0.000000 0.012404
    36 3.325017 -0.000001 -0.000001 0.000000 0.000000 -0.009884
    37 5.900460 0.299200 -1.780354 2.948545 0.128545 0.102472
    38 5.248501 0.000003 -0.000001 0.000000 0.000000 0.011838
    39 3.151001 0.000001 -0.000001 0.000000 0.000000 -0.010015
    40 7.600445 -0.908441 0.636362 0.000000 -1.570796 2.973902
    41 0.051795 -3.221541 -2.149795 1.570796 -0.003965 -3.124561
    42 -3.929418 0.000003 0.000000 0.456323 0.600730 -2.513550
    43 13.106231 0.000003 0.000000 0.000000 0.000000 2.026915
    44 3.929418 -0.000002 0.000000 -0.411327 0.538162 -0.583342
    45 13.106231 0.000002 0.000000 0.000000 0.000000 -2.064136
    46 3.007646 4.344520 0.542817 1.321605 -0.270767 0.706112
    47 10.074753 -0.000005 -0.000001 0.000000 0.000000 -1.630424
    48 10.292003 -0.000002 0.000000 0.000000 0.000000 -0.425803
    49 -2.753414 4.323161 0.558394 1.931780 -0.224239 2.278513
    50 10.074757 0.000002 0.000000 0.000000 0.000000 -1.604180
    51 10.292000 -0.000001 -0.000001 0.000000 0.000000 -0.406073
  time 18
    0 17.054124 -35.779686 36.394464 1.570796 0.000000 -1.570796
    1 0.000000 0.000000 0.000000 0.000000 0.000000 0.000000
    2 3.890447 0.000000 0.000000 -1.570796 -0.054711 -1.451993
    3 17.591000 0.000000 0.000000 0.000000 0.000000 0.153903
    4 17.699581 0.000000 0.000000 -0.122557 0.022046 -1.083904
    5 -3.890447 0.000000 0.000000 -1.570797 -0.054711 -1.689600
    6 17.590998 0.000000 0.000000 0.000000 0.000000 0.153903
    7 17.699581 0.000000 0.000000 0.133252 -0.022046 -1.083904
    8 0.000000 3.345132 -2.981898 1.570796 0.052893 1.570796
    9 4.126621 0.000000 0.000000 0.000000 0.000000 -0.109958
    10 3.612873 0.000000 0.000000 0.000000 0.000000 0.157085
    11 9.183975 0.000000 0.000000 0.000000 0.000000 0.173457
    12 3.138083 0.000000 0.000000 3.141592 0.000000 -0.936567
    13 1.707666 0.000001 0.000000 0.000000 0.000000 -0.403112
    14 1.663039 1.210510 2.595493 1.585881 -1.286515 2.954168
    15 6.028141 0.000002 0.000000 -1.570685 -0.056434 -0.592417
    16 12.693002 0.000000 0.000001 0.000000 0.000000 -0.762857
    17 11.575974 0.000001 -0.000031 1.151993 -0.002657 0.038189
    18 5.562233 -0.288268 -0.510574 -3.061675 0.198455 -0.005041
    19 5.158500 -0.000001 -0.000001 -0.070282 -0.005680 0.008797
    20 3.326002 -0.000001 0.000000 0.008885 -0.007390 0.009850
    21 5.591166 -0.279020 1.848881 -3.062784 -0.107159 0.004678
    22 5.292999 0.000001 -0.000002 -0.073575 -0.006250 0.008402
    23 3.079116 -0.000001 0.000002 0.006978 -0.006850 0.007920
    24 5.739738 -0.095433 0.607274 -3.063221 0.025568 -0.018370
    25 5.652501 -0.000001 0.000000 -0.067745 -0.006072 0.008532
    26 3.325017 0.000000 -0.000002 0.009338 -0.006636 0.008100
    27 1.663050 1.210515 -2.595442 -1.665774 1.282032 2.945760
    28 6.028141 -0.000001 0.000000 1.632088 0.067144 -0.580410
    29 12.693002 0.000000 0.000003 0.000000 0.000000 -0.811694
    30 11.599607 0.000002 0.000001 -1.164891 -0.106508 0.028596
    31 5.928185 0.378912 0.637283 2.945638 -0.186886 0.107105
    32 5.074002 0.000001 -0.000001 0.000000 0.000000 0.000000
    33 3.325999 0.000001 0.000002 0.000000 -0.000001 0.000000
    34 6.189647 0.568800 -0.554352 2.949214 -0.013682 0.082709
    35 5.511002 0.000002 0.000001 0.000000 0.000000 0.012404
    36 3.325017 -0.000001 -0.000001 0.000000 0.000000 -0.009884
    37 5.900460 0.299200 -1.780354 2.948545 0.128545 0.102472
    38 5.248501 0.000003 -0.000001 0.000000 0.000000 0.011838
    39 3.151001 0.000001 -0.000001 0.000000 0.000000 -0.010015
    40 7.600445 -0.908441 0.636362 0.000000 -1.570796 2.973902
    41 0.051795 -3.221541 -2.149795 1.570796 -0.003965 -3.124561
    42 -3.929418 0.000003 0.000000 0.456323 0.600730 -2.513550
    43 13.106231 0.000003 0.000000 0.000000 0.000000 2.026915
    44 3.929418 -0.000002 0.000000 -0.411327 0.538162 -0.583342
    45 13.106231 0.000002 0.000000 0.000000 0.000000 -2.064136
    46 3.007646 4.344520 0.542817 1.321605 -0.270767 0.706112
    47 10.074753 -0.000005 -0.000001 0.000000 0.000000 -1.630424
    48 10.292003 -0.000002 0.000000 0.000000 0.000000 -0.425803
    49 -2.753414 4.323161 0.558394 1.931780 -0.224239 2.278513
    50 10.074757 0.000002 0.000000 0.000000 0.000000 -1.604180
    51 10.292000 -0.000001 -0.000001 0.000000 0.000000 -0.406073
  time 19
    0 17.796751 -37.489745 36.300810 1.570796 0.000000 -1.570796
    1 0.000000 0.000000 0.000000 0.000000 0.000000 0.000000
    2 3.890447 0.000000 0.000000 -1.570796 -0.054711 -1.451993
    3 17.591000 0.000000 0.000000 0.000000 0.000000 0.153903
    4 17.699581 0.000000 0.000000 -0.122557 0.022046 -1.083904
    5 -3.890447 0.000000 0.000000 -1.570797 -0.054711 -1.689600
    6 17.590998 0.000000 0.000000 0.000000 0.000000 0.153903
    7 17.699581 0.000000 0.000000 0.133252 -0.022046 -1.083904
    8 0.000000 3.345132 -2.981898 1.570796 0.052893 1.570796
    9 4.126621 0.000000 0.000000 0.000000 0.000000 -0.109958
    10 3.612873 0.000000 0.000000 0.000000 0.000000 0.157085
    11 9.183975 0.000000 0.000000 0.000000 0.000000 0.173457
    12 3.138083 0.000000 0.000000 3.141592 0.000000 -0.936567
    13 1.707666 0.000001 0.000000 0.000000 0.000000 -0.403112
    14 1.663039 1.210510 2.595493 1.585881 -1.286515 2.954168
    15 6.028141 0.000002 0.000000 -1.570685 -0.056434 -0.592417
    16 12.693002 0.000000 0.000001 0.000000 0.000000 -0.762857
    17 11.575974 0.000001 -0.000031 1.151993 -0.002657 0.038189
    18 5.562233 -0.288268 -0.510574 -3.061675 0.198455 -0.005041
    19 5.158500 -0.000001 -0.000001 -0.070282 -0.005680 0.008797
    20 3.326002 -0.000001 0.000000 0.008885 -0.007390 0.009850
    21 5.591166 -0.279020 1.848881 -3.062784 -0.107159 0.004678
    22 5.292999 0.000001 -0.000002 -0.073575 -0.006250 0.008402
    23 3.079116 -0.000001 0.000002 0.006978 -0.006850 0.007920
    24 5.739738 -0.095433 0.607274 -3.063221 0.025568 -0.018370
    25 5.652501 -0.000001 0.000000 -0.067745 -0.006072 0.008532
    26 3.325017 0.000000 -0.000002 0.009338 -0.006636 0.008100
    27 1.663050 1.210515 -2.595442 -1.665774 1.282032 2.945760
    28 6.028141 -0.000001 0.000000 1.632088 0.067144 -0.580410
    29 12.693002 0.000000 0.000003 0.000000 0.000000 -0.811694
    30 11.599607 0.000002 0.000001 -1.164891 -0.106508 0.028596
    31 5.928185 0.378912 0.637283 2.945638 -0.186886 0.107105
    32 5.074002 0.000001 -0.000001 0.000000 0.000000 0.000000
    33 3.325999 0.000001 0.000002 0.000000 -0.000001 0.000000
    34 6.189647 0.568800 -0.554352 2.949214 -0.013682 0.082709
    35 5.511002 0.000002 0.000001 0.000000 0.000000 0.012404
    36 3.325017 -0.000001 -0.000001 0.000000 0.000000 -0.009884
    37 5.900460 0.299200 -1.780354 2.948545 0.128545 0.102472
    38 5.248501 0.000003 -0.000001 0.000000 0.000000 0.011838
    39 3.151001 0.000001 -0.000001 0.000000 0.000000 -0.010015
    40 7.600445 -0.908441 0.636362 0.000000 -1.570796 2.973902
    41 0.051795 -3.221541 -2.149795 1.570796 -0.003965 -3.124561
    42 -3.929418 0.000003 0.000000 0.456323 0.600730 -2.513550
    43 13.106231 0.000003 0.000000 0.000000 0.000000 2.026915
    44 3.929418 -0.000002 0.000000 -0.411327 0.538162 -0.583342
    45 13.106231 0.000002 0.000000 0.000000 0.000000 -2.064136
    46 3.007646 4.344520 0.542817 1.321605 -0.270767 0.706112
    47 10.074753 -0.000005 -0.000001 0.000000 0.000000 -1.630424
    48 10.292003 -0.000002 0.000000 0.000000 0.000000 -0.425803
    49 -2.753414 4.323161 0.558394 1.931780 -0.224239 2.278513
    50 10.074757 0.000002 0.000000 0.000000 0.000000 -1.604180
    51 10.292000 -0.000001 -0.000001 0.000000 0.000000 -0.406073
  time 20
    0 18.526684 -39.170572 36.208757 1.570796 0.000000 -1.570796
    1 0.000000 0.000000 0.000000 0.000000 0.000000 0.000000
    2 3.890447 0.000000 0.000000 -1.570796 -0.054711 -1.451993
    3 17.591000 0.000000 0.000000 0.000000 0.000000 0.153903
    4 17.699581 0.000000 0.000000 -0.122557 0.022046 -1.083904
    5 -3.890447 0.000000 0.000000 -1.570797 -0.054711 -1.689600
    6 17.590998 0.000000 0.000000 0.000000 0.000000 0.153903
    7 17.699581 0.000000 0.000000 0.133252 -0.022046 -1.083904
    8 0.000000 3.345132 -2.981898 1.570796 0.052893 1.570796
    9 4.126621 0.000000 0.000000 0.000000 0.000000 -0.109958
    10 3.612873 0.000000 0.000000 0.000000 0.000000 0.157085
    11 9.183975 0.000000 0.000000 0.000000 0.000000 0.173457
    12 3.138083 0.000000 0.000000 3.141592 0.000000 -0.936567
    13 1.707666 0.000001 0.000000 0.000000 0.000000 -0.403112
    14 1.663039 1.210510 2.595493 1.585881 -1.286515 2.954168
    15 6.028141 0.000002 0.000000 -1.570685 -0.056434 -0.592417
    16 12.693002 0.000000 0.000001 0.000000 0.000000 -0.762857
    17 11.575974 0.000001 -0.000031 1.151993 -0.002657 0.038189
    18 5.562233 -0.288268 -0.510574 -3.061675 0.198455 -0.005041
    19 5.158500 -0.000001 -0.000001 -0.070282 -0.005680 0.008797
    20 3.326002 -0.000001 0.000000 0.008885 -0.007390 0.009850
    21 5.591166 -0.279020 1.848881 -3.062784 -0.107159 0.004678
    22 5.292999 0.000001 -0.000002 -0.073575 -0.006250 0.008402
    23 3.079116 -0.000001 0.000002 0.006978 -0.006850 0.007920
    24 5.739738 -0.095433 0.607274 -3.063221 0.025568 -0.018370
    25 5.652501 -0.000001 0.000000 -0.067745 -0.006072 0.008532
    26 3.325017 0.000000 -0.000002 0.009338 -0.006636 0.008100
    27 1.663050 1.210515 -2.595442 -1.665774 1.282032 2.945760
    28 6.028141 -0.000001 0.000000 1.632088 0.067144 -0.580410
    29 12.693002 0.000000 0.000003 0.000000 0.000000 -0.811694
    30 11.599607 0.000002 0.000001 -1.164891 -0.106508 0.028596
    31 5.928185 0.378912 0.637283 2.945638 -0.186886 0.107105
    32 5.074002 0.000001 -0.000001 0.000000 0.000000 0.000000
    33 3.325999 0.000001 0.000002 0.000000 -0.000001 0.000000
    34 6.189647 0.568800 -0.554352 2.949214 -0.013682 0.082709
    35 5.511002 0.000002 0.000001 0.000000 0.000000 0.012404
    36 3.325017 -0.000001 -0.000001 0.000000 0.000000 -0.009884
    37 5.900460 0.299200 -1.780354 2.948545 0.128545 0.102472
    38 5.248501 0.000003 -0.000001 0.000000 0.000000 0.011838
    39 3.151001 0.000001 -0.000001 0.000000 0.000000 -0.010015
    40 7.600445 -0.908441 0.636362 0.000000 -1.570796 2.973902
    41 0.051795 -3.221541 -2.149795 1.570796 -0.003965 -3.124561
    42 -3.929418 0.000003 0.000000 0.456323 0.600730 -2.513550
    43 13.106231 0.000003 0.000000 0.000000 0.000000 2.026915
    44 3.929418 -0.000002 0.000000 -0.411327 0.538162 -0.583342
    45 13.106231 0.000002 0.000000 0.000000 0.000000 -2.064136
    46 3.007646 4.344520 0.542817 1.321605 -0.270767 0.706112
    47 10.074753 -0.000005 -0.000001 0.000000 0.000000 -1.630424
    48 10.292003 -0.000002 0.000000 0.000000 0.000000 -0.425803
    49 -2.753414 4.323161 0.558394 1.931780 -0.224239 2.278513
    50 10.074757 0.000002 0.000000 0.000000 0.000000 -1.604180
    51 10.292000 -0.000001 -0.000001 0.000000 0.000000 -0.406073
  time 21
    0 19.243922 -40.822167 36.118305 1.570796 0.000000 -1.570796
    1 0.000000 0.000000 0.000000 0.000000 0.000000 0.000000
    2 3.890447 0.000000 0.000000 -1.570796 -0.054711 -1.451993
    3 17.591000 0.000000 0.000000 0.000000 0.000000 0.153903
    4 17.699581 0.000000 0.000000 -0.122557 0.022046 -1.083904
    5 -3.890447 0.000000 0.000000 -1.570797 -0.054711 -1.689600
    6 17.590998 0.000000 0.000000 0.000000 0.000000 0.153903
    7 17.699581 0.000000 0.000000 0.133252 -0.022046 -1.083904
    8 0.000000 3.345132 -2.981898 1.570796 0.052893 1.570796
    9 4.126621 0.000000 0.000000 0.000000 0.000000 -0.109958
    10 3.612873 0.000000 0.000000 0.000000 0.000000 0.157085
    11 9.183975 0.000000 0.000000 0.000000 0.000000 0.173457
    12 3.138083 0.000000 0.000000 3.141592 0.000000 -0.936567
    13 1.707666 0.000001 0.000000 0.000000 0.000000 -0.403112
    14 1.663039 1.210510 2.595493 1.585881 -1.286515 2.954168
    15 6.028141 0.000002 0.000000 -1.570685 -0.056434 -0.592417
    16 12.693002 0.000000 0.000001 0.000000 0.000000 -0.762857
    17 11.575974 0.000001 -0.000031 1.151993 -0.002657 0.038189
    18 5.562233 -0.288268 -0.510574 -3.061675 0.198455 -0.005041
    19 5.158500 -0.000001 -0.000001 -0.070282 -0.005680 0.008797
    20 3.326002 -0.000001 0.000000 0.008885 -0.007390 0.009850
    21 5.591166 -0.279020 1.848881 -3.062784 -0.107159 0.004678
    22 5.292999 0.000001 -0.000002 -0.073575 -0.006250 0.008402
    23 3.079116 -0.000001 0.000002 0.006978 -0.006850 0.007920
    24 5.739738 -0.095433 0.607274 -3.063221 0.025568 -0.018370
    25 5.652501 -0.000001 0.000000 -0.067745 -0.006072 0.008532
    26 3.325017 0.000000 -0.000002 0.009338 -0.006636 0.008100
    27 1.663050 1.210515 -2.595442 -1.665774 1.282032 2.945760
    28 6.028141 -0.000001 0.000000 1.632088 0.067144 -0.580410
    29 12.693002 0.000000 0.000003 0.000000 0.000000 -0.811694
    30 11.599607 0.000002 0.000001 -1.164891 -0.106508 0.028596
    31 5.928185 0.378912 0.637283 2.945638 -0.186886 0.107105
    32 5.074002 0.000001 -0.000001 0.000000 0.000000 0.000000
    33 3.325999 0.000001 0.000002 0.000000 -0.000001 0.000000
    34 6.189647 0.568800 -0.554352 2.949214 -0.013682 0.082709
    35 5.511002 0.000002 0.000001 0.000000 0.000000 0.012404
    36 3.325017 -0.000001 -0.000001 0.000000 0.000000 -0.009884
    37 5.900460 0.299200 -1.780354 2.948545 0.128545 0.102472
    38 5.248501 0.000003 -0.000001 0.000000 0.000000 0.011838
    39 3.151001 0.000001 -0.000001 0.000000 0.000000 -0.010015
    40 7.600445 -0.908441 0.636362 0.000000 -1.570796 2.973902
    41 0.051795 -3.221541 -2.149795 1.570796 -0.003965 -3.124561
    42 -3.929418 0.000003 0.000000 0.456323 0.600730 -2.513550
    43 13.106231 0.000003 0.000000 0.000000 0.000000 2.026915
    44 3.929418 -0.000002 0.000000 -0.411327 0.538162 -0.583342
    45 13.106231 0.000002 0.000000 0.000000 0.000000 -2.064136
    46 3.007646 4.344520 0.542817 1.321605 -0.270767 0.706112
    47 10.074753 -0.000005 -0.000001 0.000000 0.000000 -1.630424
    48 10.292003 -0.000002 0.000000 0.000000 0.000000 -0.425803
    49 -2.753414 4.323161 0.558394 1.931780 -0.224239 2.278513
    50 10.074757 0.000002 0.000000 0.000000 0.000000 -1.604180
    51 10.292000 -0.000001 -0.000001 0.000000 0.000000 -0.406073
  time 22
    0 19.948466 -42.444530 36.029454 1.570796 0.000000 -1.570796
    1 0.000000 0.000000 0.000000 0.000000 0.000000 0.000000
    2 3.890447 0.000000 0.000000 -1.570796 -0.054711 -1.451993
    3 17.591000 0.000000 0.000000 0.000000 0.000000 0.153903
    4 17.699581 0.000000 0.000000 -0.122557 0.022046 -1.083904
    5 -3.890447 0.000000 0.000000 -1.570797 -0.054711 -1.689600
    6 17.590998 0.000000 0.000000 0.000000 0.000000 0.153903
    7 17.699581 0.000000 0.000000 0.133252 -0.022046 -1.083904
    8 0.000000 3.345132 -2.981898 1.570796 0.052893 1.570796
    9 4.126621 0.000000 0.000000 0.000000 0.000000 -0.109958
    10 3.612873 0.000000 0.000000 0.000000 0.000000 0.157085
    11 9.183975 0.000000 0.000000 0.000000 0.000000 0.173457
    12 3.138083 0.000000 0.000000 3.141592 0.000000 -0.936567
    13 1.707666 0.000001 0.000000 0.000000 0.000000 -0.403112
    14 1.663039 1.210510 2.595493 1.585881 -1.286515 2.954168
    15 6.028141 0.000002 0.000000 -1.570685 -0.056434 -0.592417
    16 12.693002 0.000000 0.000001 0.000000 0.000000 -0.762857
    17 11.575974 0.000001 -0.000031 1.151993 -0.002657 0.038189
    18 5.562233 -0.288268 -0.510574 -3.061675 0.198455 -0.005041
    19 5.158500 -0.000001 -0.000001 -0.070282 -0.005680 0.008797
    20 3.326002 -0.000001 0.000000 0.008885 -0.007390 0.009850
    21 5.591166 -0.279020 1.848881 -3.062784 -0.107159 0.004678
    22 5.292999 0.000001 -0.000002 -0.073575 -0.006250 0.008402
    23 3.079116 -0.000001 0.000002 0.006978 -0.006850 0.007920
    24 5.739738 -0.095433 0.607274 -3.063221 0.025568 -0.018370
    25 5.652501 -0.000001 0.000000 -0.067745 -0.006072 0.008532
    26 3.325017 0.000000 -0.000002 0.009338 -0.006636 0.008100
    27 1.663050 1.210515 -2.595442 -1.665774 1.282032 2.945760
    28 6.028141 -0.000001 0.000000 1.632088 0.067144 -0.580410
    29 12.693002 0.000000 0.000003 0.000000 0.000000 -0.811694
    30 11.599607 0.000002 0.000001 -1.164891 -0.106508 0.028596
    31 5.928185 0.378912 0.637283 2.945638 -0.186886 0.107105
    32 5.074002 0.000001 -0.000001 0.000000 0.000000 0.000000
    33 3.325999 0.000001 0.000002 0.000000 -0.000001 0.000000
    34 6.189647 0.568800 -0.554352 2.949214 -0.013682 0.082709
    35 5.511002 0.000002 0.000001 0.000000 0.000000 0.012404
    36 3.325017 -0.000001 -0.000001 0.000000 0.000000 -0.009884
    37 5.900460 0.299200 -1.780354 2.948545 0.128545 0.102472
    38 5.248501 0.000003 -0.000001 0.000000 0.000000 0.011838
    39 3.151001 0.000001 -0.000001 0.000000 0.000000 -0.010015
    40 7.600445 -0.908441 0.636362 0.000000 -1.570796 2.973902
    41 0.051795 -3.221541 -2.149795 1.570796 -0.003965 -3.124561
    42 -3.929418 0.000003 0.000000 0.456323 0.600730 -2.513550
    43 13.106231 0.000003 0.000000 0.000000 0.000000 2.026915
    44 3.929418 -0.000002 0.000000 -0.411327 0.538162 -0.583342
    45 13.106231 0.000002 0.000000 0.000000 0.000000 -2.064136
    46 3.007646 4.344520 0.542817 1.321605 -0.270767 0.706112
    47 10.074753 -0.000005 -0.000001 0.000000 0.000000 -1.630424
    48 10.292003 -0.000002 0.000000 0.000000 0.000000 -0.425803
    49 -2.753414 4.323161 0.558394 1.931780 -0.224239 2.278513
    50 10.074757 0.000002 0.000000 0.000000 0.000000 -1.604180
    51 10.292000 -0.000001 -0.000001 0.000000 0.000000 -0.406073
  time 23
    0 20.640315 -44.037661 35.942204 1.570796 0.000000 -1.570796
    1 0.000000 0.000000 0.000000 0.000000 0.000000 0.000000
    2 3.890447 0.000000 0.000000 -1.570796 -0.054711 -1.451993
    3 17.591000 0.000000 0.000000 0.000000 0.000000 0.153903
    4 17.699581 0.000000 0.000000 -0.122557 0.022046 -1.083904
    5 -3.890447 0.000000 0.000000 -1.570797 -0.054711 -1.689600
    6 17.590998 0.000000 0.000000 0.000000 0.000000 0.153903
    7 17.699581 0.000000 0.000000 0.133252 -0.022046 -1.083904
    8 0.000000 3.345132 -2.981898 1.570796 0.052893 1.570796
    9 4.126621 0.000000 0.000000 0.000000 0.000000 -0.109958
    10 3.612873 0.000000 0.000000 0.000000 0.000000 0.157085
    11 9.183975 0.000000 0.000000 0.000000 0.000000 0.173457
    12 3.138083 0.000000 0.000000 3.141592 0.000000 -0.936567
    13 1.707666 0.000001 0.000000 0.000000 0.000000 -0.403112
    14 1.663039 1.210510 2.595493 1.585881 -1.286515 2.954168
    15 6.028141 0.000002 0.000000 -1.570685 -0.056434 -0.592417
    16 12.693002 0.000000 0.000001 0.000000 0.000000 -0.762857
    17 11.575974 0.000001 -0.000031 1.151993 -0.002657 0.038189
    18 5.562233 -0.288268 -0.510574 -3.061675 0.198455 -0.005041
    19 5.158500 -0.000001 -0.000001 -0.070282 -0.005680 0.008797
    20 3.326002 -0.000001 0.000000 0.008885 -0.007390 0.009850
    21 5.591166 -0.279020 1.848881 -3.062784 -0.107159 0.004678
    22 5.292999 0.000001 -0.000002 -0.073575 -0.006250 0.008402
    23 3.079116 -0.000001 0.000002 0.006978 -0.006850 0.007920
    24 5.739738 -0.095433 0.607274 -3.063221 0.025568 -0.018370
    25 5.652501 -0.000001 0.000000 -0.067745 -0.006072 0.008532
    26 3.325017 0.000000 -0.000002 0.009338 -0.006636 0.008100
    27 1.663050 1.210515 -2.595442 -1.665774 1.282032 2.945760
    28 6.028141 -0.000001 0.000000 1.632088 0.067144 -0.580410
    29 12.693002 0.000000 0.000003 0.000000 0.000000 -0.811694
    30 11.599607 0.000002 0.000001 -1.164891 -0.106508 0.028596
    31 5.928185 0.378912 0.637283 2.945638 -0.186886 0.107105
    32 5.074002 0.000001 -0.000001 0.000000 0.000000 0.000000
    33 3.325999 0.000001 0.000002 0.000000 -0.000001 0.000000
    34 6.189647 0.568800 -0.554352 2.949214 -0.013682 0.082709
    35 5.511002 0.000002 0.000001 0.000000 0.000000 0.012404
    36 3.325017 -0.000001 -0.000001 0.000000 0.000000 -0.009884
    37 5.900460 0.299200 -1.780354 2.948545 0.128545 0.102472
    38 5.248501 0.000003 -0.000001 0.000000 0.000000 0.011838
    39 3.151001 0.000001 -0.000001 0.000000 0.000000 -0.010015
    40 7.600445 -0.908441 0.636362 0.000000 -1.570796 2.973902
    41 0.051795 -3.221541 -2.149795 1.570796 -0.003965 -3.124561
    42 -3.929418 0.000003 0.000000 0.456323 0.600730 -2.513550
    43 13.106231 0.000003 0.000000 0.000000 0.000000 2.026915
    44 3.929418 -0.000002 0.000000 -0.411327 0.538162 -0.583342
    45 13.106231 0.000002 0.000000 0.000000 0.000000 -2.064136
    46 3.007646 4.344520 0.542817 1.321605 -0.270767 0.706112
    47 10.074753 -0.000005 -0.000001 0.000000 0.000000 -1.630424
    48 10.292003 -0.000002 0.000000 0.000000 0.000000 -0.425803
    49 -2.753414 4.323161 0.558394 1.931780 -0.224239 2.278513
    50 10.074757 0.000002 0.000000 0.000000 0.000000 -1.604180
    51 10.292000 -0.000001 -0.000001 0.000000 0.000000 -0.406073
  time 24
    0 21.319470 -45.601561 35.856555 1.570796 0.000000 -1.570796
    1 0.000000 0.000000 0.000000 0.000000 0.000000 0.000000
    2 3.890447 0.000000 0.000000 -1.570796 -0.054711 -1.451993
    3 17.591000 0.000000 0.000000 0.000000 0.000000 0.153903
    4 17.699581 0.000000 0.000000 -0.122557 0.022046 -1.083904
    5 -3.890447 0.000000 0.000000 -1.570797 -0.054711 -1.689600
    6 17.590998 0.000000 0.000000 0.000000 0.000000 0.153903
    7 17.699581 0.000000 0.000000 0.133252 -0.022046 -1.083904
    8 0.000000 3.345132 -2.981898 1.570796 0.052893 1.570796
    9 4.126621 0.000000 0.000000 0.000000 0.000000 -0.109958
    10 3.612873 0.000000 0.000000 0.000000 0.000000 0.157085
    11 9.183975 0.000000 0.000000 0.000000 0.000000 0.173457
    12 3.138083 0.000000 0.000000 3.141592 0.000000 -0.936567
    13 1.707666 0.000001 0.000000 0.000000 0.000000 -0.403112
    14 1.663039 1.210510 2.595493 1.585881 -1.286515 2.954168
    15 6.028141 0.000002 0.000000 -1.570685 -0.056434 -0.592417
    16 12.693002 0.000000 0.000001 0.000000 0.000000 -0.762857
    17 11.575974 0.000001 -0.000031 1.151993 -0.002657 0.038189
    18 5.562233 -0.288268 -0.510574 -3.061675 0.198455 -0.005041
    19 5.158500 -0.000001 -0.000001 -0.070282 -0.005680 0.008797
    20 3.326002 -0.000001 0.000000 0.008885 -0.007390 0.009850
    21 5.591166 -0.279020 1.848881 -3.062784 -0.107159 0.004678
    22 5.292999 0.000001 -0.000002 -0.073575 -0.006250 0.008402
    23 3.079116 -0.000001 0.000002 0.006978 -0.006850 0.007920
    24 5.739738 -0.095433 0.607274 -3.063221 0.025568 -0.018370
    25 5.652501 -0.000001 0.000000 -0.067745 -0.006072 0.008532
    26 3.325017 0.000000 -0.000002 0.009338 -0.006636 0.008100
    27 1.663050 1.210515 -2.595442 -1.665774 1.282032 2.945760
    28 6.028141 -0.000001 0.000000 1.632088 0.067144 -0.580410
    29 12.693002 0.000000 0.000003 0.000000 0.000000 -0.811694
    30 11.599607 0.000002 0.000001 -1.164891 -0.106508 0.028596
    31 5.928185 0.378912 0.637283 2.945638 -0.186886 0.107105
    32 5.074002 0.000001 -0.000001 0.000000 0.000000 0.000000
    33 3.325999 0.000001 0.000002 0.000000 -0.000001 0.000000
    34 6.189647 0.568800 -0.554352 2.949214 -0.013682 0.082709
    35 5.511002 0.000002 0.000001 0.000000 0.000000 0.012404
    36 3.325017 -0.000001 -0.000001 0.000000 0.000000 -0.009884
    37 5.900460 0.299200 -1.780354 2.948545 0.128545 0.102472
    38 5.248501 0.000003 -0.000001 0.000000 0.000000 0.011838
    39 3.151001 0.000001 -0.000001 0.000000 0.000000 -0.010015
    40 7.600445 -0.908441 0.636362 0.000000 -1.570796 2.973902
    41 0.051795 -3.221541 -2.149795 1.570796 -0.003965 -3.124561
    42 -3.929418 0.000003 0.000000 0.456323 0.600730 -2.513550
    43 13.106231 0.000003 0.000000 0.000000 0.000000 2.026915
    44 3.929418 -0.000002 0.000000 -0.411327 0.538162 -0.583342
    45 13.106231 0.000002 0.000000 0.000000 0.000000 -2.064136
    46 3.007646 4.344520 0.542817 1.321605 -0.270767 0.706112
    47 10.074753 -0.000005 -0.000001 0.000000 0.000000 -1.630424
    48 10.292003 -0.000002 0.000000 0.000000 0.000000 -0.425803
    49 -2.753414 4.323161 0.558394 1.931780 -0.224239 2.278513
    50 10.074757 0.000002 0.000000 0.000000 0.000000 -1.604180
    51 10.292000 -0.000001 -0.000001 0.000000 0.000000 -0.406073
  time 25
    0 21.985930 -47.136229 35.772507 1.570796 0.000000 -1.570796
    1 0.000000 0.000000 0.000000 0.000000 0.000000 0.000000
    2 3.890447 0.000000 0.000000 -1.570796 -0.054711 -1.451993
    3 17.591000 0.000000 0.000000 0.000000 0.000000 0.153903
    4 17.699581 0.000000 0.000000 -0.122557 0.022046 -1.083904
    5 -3.890447 0.000000 0.000000 -1.570797 -0.054711 -1.689600
    6 17.590998 0.000000 0.000000 0.000000 0.000000 0.153903
    7 17.699581 0.000000 0.000000 0.133252 -0.022046 -1.083904
    8 0.000000 3.345132 -2.981898 1.570796 0.052893 1.570796
    9 4.126621 0.000000 0.000000 0.000000 0.000000 -0.109958
    10 3.612873 0.000000 0.000000 0.000000 0.000000 0.157085
    11 9.183975 0.000000 0.000000 0.000000 0.000000 0.173457
    12 3.138083 0.000000 0.000000 3.141592 0.000000 -0.936567
    13 1.707666 0.000001 0.000000 0.000000 0.000000 -0.403112
    14 1.663039 1.210510 2.595493 1.585881 -1.286515 2.954168
    15 6.028141 0.000002 0.000000 -1.570685 -0.056434 -0.592417
    16 12.693002 0.000000 0.000001 0.000000 0.000000 -0.762857
    17 11.575974 0.000001 -0.000031 1.151993 -0.002657 0.038189
    18 5.562233 -0.288268 -0.510574 -3.061675 0.198455 -0.005041
    19 5.158500 -0.000001 -0.000001 -0.070282 -0.005680 0.008797
    20 3.326002 -0.000001 0.000000 0.008885 -0.007390 0.009850
    21 5.591166 -0.279020 1.848881 -3.062784 -0.107159 0.004678
    22 5.292999 0.000001 -0.000002 -0.073575 -0.006250 0.008402
    23 3.079116 -0.000001 0.000002 0.006978 -0.006850 0.007920
    24 5.739738 -0.095433 0.607274 -3.063221 0.025568 -0.018370
    25 5.652501 -0.000001 0.000000 -0.067745 -0.006072 0.008532
    26 3.325017 0.000000 -0.000002 0.009338 -0.006636 0.008100
    27 1.663050 1.210515 -2.595442 -1.665774 1.282032 2.945760
    28 6.028141 -0.000001 0.000000 1.632088 0.067144 -0.580410
    29 12.693002 0.000000 0.000003 0.000000 0.000000 -0.811694
    30 11.599607 0.000002 0.000001 -1.164891 -0.106508 0.028596
    31 5.928185 0.378912 0.637283 2.945638 -0.186886 0.107105
    32 5.074002 0.000001 -0.000001 0.000000 0.000000 0.000000
    33 3.325999 0.000001 0.000002 0.000000 -0.000001 0.000000
    34 6.189647 0.568800 -0.554352 2.949214 -0.013682 0.082709
    35 5.511002 0.000002 0.000001 0.000000 0.000000 0.012404
    36 3.325017 -0.000001 -0.000001 0.000000 0.000000 -0.009884
    37 5.900460 0.299200 -1.780354 2.948545 0.128545 0.102472
    38 5.248501 0.000003 -0.000001 0.000000 0.000000 0.011838
    39 3.151001 0.000001 -0.000001 0.000000 0.000000 -0.010015
    40 7.600445 -0.908441 0.636362 0.000000 -1.570796 2.973902
    41 0.051795 -3.221541 -2.149795 1.570796 -0.003965 -3.124561
    42 -3.929418 0.000003 0.000000 0.456323 0.600730 -2.513550
    43 13.106231 0.000003 0.000000 0.000000 0.000000 2.026915
    44 3.929418 -0.000002 0.000000 -0.411327 0.538162 -0.583342
    45 13.106231 0.000002 0.000000 0.000000 0.000000 -2.064136
    46 3.007646 4.344520 0.542817 1.321605 -0.270767 0.706112
    47 10.074753 -0.000005 -0.000001 0.000000 0.000000 -1.630424
    48 10.292003 -0.000002 0.000000 0.000000 0.000000 -0.425803
    49 -2.753414 4.323161 0.558394 1.931780 -0.224239 2.278513
    50 10.074757 0.000002 0.000000 0.000000 0.000000 -1.604180
    51 10.292000 -0.000001 -0.000001 0.000000 0.000000 -0.406073
  time 26
    0 22.639696 -48.641665 35.690059 1.570796 0.000000 -1.570796
    1 0.000000 0.000000 0.000000 0.000000 0.000000 0.000000
    2 3.890447 0.000000 0.000000 -1.570796 -0.054711 -1.451993
    3 17.591000 0.000000 0.000000 0.000000 0.000000 0.153903
    4 17.699581 0.000000 0.000000 -0.122557 0.022046 -1.083904
    5 -3.890447 0.000000 0.000000 -1.570797 -0.054711 -1.689600
    6 17.590998 0.000000 0.000000 0.000000 0.000000 0.153903
    7 17.699581 0.000000 0.000000 0.133252 -0.022046 -1.083904
    8 0.000000 3.345132 -2.981898 1.570796 0.052893 1.570796
    9 4.126621 0.000000 0.000000 0.000000 0.000000 -0.109958
    10 3.612873 0.000000 0.000000 0.000000 0.000000 0.157085
    11 9.183975 0.000000 0.000000 0.000000 0.000000 0.173457
    12 3.138083 0.000000 0.000000 3.141592 0.000000 -0.936567
    13 1.707666 0.000001 0.000000 0.000000 0.000000 -0.403112
    14 1.663039 1.210510 2.595493 1.585881 -1.286515 2.954168
    15 6.028141 0.000002 0.000000 -1.570685 -0.056434 -0.592417
    16 12.693002 0.000000 0.000001 0.000000 0.000000 -0.762857
    17 11.575974 0.000001 -0.000031 1.151993 -0.002657 0.038189
    18 5.562233 -0.288268 -0.510574 -3.061675 0.198455 -0.005041
    19 5.158500 -0.000001 -0.000001 -0.070282 -0.005680 0.008797
    20 3.326002 -0.000001 0.000000 0.008885 -0.007390 0.009850
    21 5.591166 -0.279020 1.848881 -3.062784 -0.107159 0.004678
    22 5.292999 0.000001 -0.000002 -0.073575 -0.006250 0.008402
    23 3.079116 -0.000001 0.000002 0.006978 -0.006850 0.007920
    24 5.739738 -0.095433 0.607274 -3.063221 0.025568 -0.018370
    25 5.652501 -0.000001 0.000000 -0.067745 -0.006072 0.008532
    26 3.325017 0.000000 -0.000002 0.009338 -0.006636 0.008100
    27 1.663050 1.210515 -2.595442 -1.665774 1.282032 2.945760
    28 6.028141 -0.000001 0.000000 1.632088 0.067144 -0.580410
    29 12.693002 0.000000 0.000003 0.000000 0.000000 -0.811694
    30 11.599607 0.000002 0.000001 -1.164891 -0.106508 0.028596
    31 5.928185 0.378912 0.637283 2.945638 -0.186886 0.107105
    32 5.074002 0.000001 -0.000001 0.000000 0.000000 0.000000
    33 3.325999 0.000001 0.000002 0.000000 -0.000001 0.000000
    34 6.189647 0.568800 -0.554352 2.949214 -0.013682 0.082709
    35 5.511002 0.000002 0.000001 0.000000 0.000000 0.012404
    36 3.325017 -0.000001 -0.000001 0.000000 0.000000 -0.009884
    37 5.900460 0.299200 -1.780354 2.948545 0.128545 0.102472
    38 5.248501 0.000003 -0.000001 0.000000 0.000000 0.011838
    39 3.151001 0.000001 -0.000001 0.000000 0.000000 -0.010015
    40 7.600445 -0.908441 0.636362 0.000000 -1.570796 2.973902
    41 0.051795 -3.221541 -2.149795 1.570796 -0.003965 -3.124561
    42 -3.929418 0.000003 0.000000 0.456323 0.600730 -2.513550
    43 13.106231 0.000003 0.000000 0.000000 0.000000 2.026915
    44 3.929418 -0.000002 0.000000 -0.411327 0.538162 -0.583342
    45 13.106231 0.000002 0.000000 0.000000 0.000000 -2.064136
    46 3.007646 4.344520 0.542817 1.321605 -0.270767 0.706112
    47 10.074753 -0.000005 -0.000001 0.000000 0.000000 -1.630424
    48 10.292003 -0.000002 0.000000 0.000000 0.000000 -0.425803
    49 -2.753414 4.323161 0.558394 1.931780 -0.224239 2.278513
    50 10.074757 0.000002 0.000000 0.000000 0.000000 -1.604180
    51 10.292000 -0.000001 -0.000001 0.000000 0.000000 -0.406073
  time 27
    0 23.280767 -50.117870 35.609213 1.570796 0.000000 -1.570796
    1 0.000000 0.000000 0.000000 0.000000 0.000000 0.000000
    2 3.890447 0.000000 0.000000 -1.570796 -0.054711 -1.451993
    3 17.591000 0.000000 0.000000 0.000000 0.000000 0.153903
    4 17.699581 0.000000 0.000000 -0.122557 0.022046 -1.083904
    5 -3.890447 0.000000 0.000000 -1.570797 -0.054711 -1.689600
    6 17.590998 0.000000 0.000000 0.000000 0.000000 0.153903
    7 17.699581 0.000000 0.000000 0.133252 -0.022046 -1.083904
    8 0.000000 3.345132 -2.981898 1.570796 0.052893 1.570796
    9 4.126621 0.000000 0.000000 0.000000 0.000000 -0.109958
    10 3.612873 0.000000 0.000000 0.000000 0.000000 0.157085
    11 9.183975 0.000000 0.000000 0.000000 0.000000 0.173457
    12 3.138083 0.000000 0.000000 3.141592 0.000000 -0.936567
    13 1.707666 0.000001 0.000000 0.000000 0.000000 -0.403112
    14 1.663039 1.210510 2.595493 1.585881 -1.286515 2.954168
    15 6.028141 0.000002 0.000000 -1.570685 -0.056434 -0.592417
    16 12.693002 0.000000 0.000001 0.000000 0.000000 -0.762857
    17 11.575974 0.000001 -0.000031 1.151993 -0.002657 0.038189
    18 5.562233 -0.288268 -0.510574 -3.061675 0.198455 -0.005041
    19 5.158500 -0.000001 -0.000001 -0.070282 -0.005680 0.008797
    20 3.326002 -0.000001 0.000000 0.008885 -0.007390 0.009850
    21 5.591166 -0.279020 1.848881 -3.062784 -0.107159 0.004678
    22 5.292999 0.000001 -0.000002 -0.073575 -0.006250 0.008402
    23 3.079116 -0.000001 0.000002 0.006978 -0.006850 0.007920
    24 5.739738 -0.095433 0.607274 -3.063221 0.025568 -0.018370
    25 5.652501 -0.000001 0.000000 -0.067745 -0.006072 0.008532
    26 3.325017 0.000000 -0.000002 0.009338 -0.006636 0.008100
    27 1.663050 1.210515 -2.595442 -1.665774 1.282032 2.945760
    28 6.028141 -0.000001 0.000000 1.632088 0.067144 -0.580410
    29 12.693002 0.000000 0.000003 0.000000 0.000000 -0.811694
    30 11.599607 0.000002 0.000001 -1.164891 -0.106508 0.028596
    31 5.928185 0.378912 0.637283 2.945638 -0.186886 0.107105
    32 5.074002 0.000001 -0.000001 0.000000 0.000000 0.000000
    33 3.325999 0.000001 0.000002 0.000000 -0.000001 0.000000
    34 6.189647 0.568800 -0.554352 2.949214 -0.013682 0.082709
    35 5.511002 0.000002 0.000001 0.000000 0.000000 0.012404
    36 3.325017 -0.000001 -0.000001 0.000000 0.000000 -0.009884
    37 5.900460 0.299200 -1.780354 2.948545 0.128545 0.102472
    38 5.248501 0.000003 -0.000001 0.000000 0.000000 0.011838
    39 3.151001 0.000001 -0.000001 0.000000 0.000000 -0.010015
    40 7.600445 -0.908441 0.636362 0.000000 -1.570796 2.973902
    41 0.051795 -3.221541 -2.149795 1.570796 -0.003965 -3.124561
    42 -3.929418 0.000003 0.000000 0.456323 0.600730 -2.513550
    43 13.106231 0.000003 0.000000 0.000000 0.000000 2.026915
    44 3.929418 -0.000002 0.000000 -0.411327 0.538162 -0.583342
    45 13.106231 0.000002 0.000000 0.000000 0.000000 -2.064136
    46 3.007646 4.344520 0.542817 1.321605 -0.270767 0.706112
    47 10.074753 -0.000005 -0.000001 0.000000 0.000000 -1.630424
    48 10.292003 -0.000002 0.000000 0.000000 0.000000 -0.425803
    49 -2.753414 4.323161 0.558394 1.931780 -0.224239 2.278513
    50 10.074757 0.000002 0.000000 0.000000 0.000000 -1.604180
    51 10.292000 -0.000001 -0.000001 0.000000 0.000000 -0.406073
  time 28
    0 23.909144 -51.564842 35.529967 1.570796 0.000000 -1.570796
    1 0.000000 0.000000 0.000000 0.000000 0.000000 0.000000
    2 3.890447 0.000000 0.000000 -1.570796 -0.054711 -1.451993
    3 17.591000 0.000000 0.000000 0.000000 0.000000 0.153903
    4 17.699581 0.000000 0.000000 -0.122557 0.022046 -1.083904
    5 -3.890447 0.000000 0.000000 -1.570797 -0.054711 -1.689600
    6 17.590998 0.000000 0.000000 0.000000 0.000000 0.153903
    7 17.699581 0.000000 0.000000 0.133252 -0.022046 -1.083904
    8 0.000000 3.345132 -2.981898 1.570796 0.052893 1.570796
    9 4.126621 0.000000 0.000000 0.000000 0.000000 -0.109958
    10 3.612873 0.000000 0.000000 0.000000 0.000000 0.157085
    11 9.183975 0.000000 0.000000 0.000000 0.000000 0.173457
    12 3.138083 0.000000 0.000000 3.141592 0.000000 -0.936567
    13 1.707666 0.000001 0.000000 0.000000 0.000000 -0.403112
    14 1.663039 1.210510 2.595493 1.585881 -1.286515 2.954168
    15 6.028141 0.000002 0.000000 -1.570685 -0.056434 -0.592417
    16 12.693002 0.000000 0.000001 0.000000 0.000000 -0.762857
    17 11.575974 0.000001 -0.000031 1.151993 -0.002657 0.038189
    18 5.562233 -0.288268 -0.510574 -3.061675 0.198455 -0.005041
    19 5.158500 -0.000001 -0.000001 -0.070282 -0.005680 0.008797
    20 3.326002 -0.000001 0.000000 0.008885 -0.007390 0.009850
    21 5.591166 -0.279020 1.848881 -3.062784 -0.107159 0.004678
    22 5.292999 0.000001 -0.000002 -0.073575 -0.006250 0.008402
    23 3.079116 -0.000001 0.000002 0.006978 -0.006850 0.007920
    24 5.739738 -0.095433 0.607274 -3.063221 0.025568 -0.018370
    25 5.652501 -0.000001 0.000000 -0.067745 -0.006072 0.008532
    26 3.325017 0.000000 -0.000002 0.009338 -0.006636 0.008100
    27 1.663050 1.210515 -2.595442 -1.665774 1.282032 2.945760
    28 6.028141 -0.000001 0.000000 1.632088 0.067144 -0.580410
    29 12.693002 0.000000 0.000003 0.000000 0.000000 -0.811694
    30 11.599607 0.000002 0.000001 -1.164891 -0.106508 0.028596
    31 5.928185 0.378912 0.637283 2.945638 -0.186886 0.107105
    32 5.074002 0.000001 -0.000001 0.000000 0.000000 0.000000
    33 3.325999 0.000001 0.000002 0.000000 -0.000001 0.000000
    34 6.189647 0.568800 -0.554352 2.949214 -0.013682 0.082709
    35 5.511002 0.000002 0.000001 0.000000 0.000000 0.012404
    36 3.325017 -0.000001 -0.000001 0.000000 0.000000 -0.009884
    37 5.900460 0.299200 -1.780354 2.948545 0.128545 0.102472
    38 5.248501 0.000003 -0.000001 0.000000 0.000000 0.011838
    39 3.151001 0.000001 -0.000001 0.000000 0.000000 -0.010015
    40 7.600445 -0.908441 0.636362 0.000000 -1.570796 2.973902
    41 0.051795 -3.221541 -2.149795 1.570796 -0.003965 -3.124561
    42 -3.929418 0.000003 0.000000 0.456323 0.600730 -2.513550
    43 13.106231 0.000003 0.000000 0.000000 0.000000 2.026915
    44 3.929418 -0.000002 0.000000 -0.411327 0.538162 -0.583342
    45 13.106231 0.000002 0.000000 0.000000 0.000000 -2.064136
    46 3.007646 4.344520 0.542817 1.321605 -0.270767 0.706112
    47 10.074753 -0.000005 -0.000001 0.000000 0.000000 -1.630424
    48 10.292003 -0.000002 0.000000 0.000000 0.000000 -0.425803
    49 -2.753414 4.323161 0.558394 1.931780 -0.224239 2.278513
    50 10.074757 0.000002 0.000000 0.000000 0.000000 -1.604180
    51 10.292000 -0.000001 -0.000001 0.000000 0.000000 -0.406073
  time 29
    0 24.524827 -52.982583 35.452323 1.570796 0.000000 -1.570796
    1 0.000000 0.000000 0.000000 0.000000 0.000000 0.000000
    2 3.890447 0.000000 0.000000 -1.570796 -0.054711 -1.451993
    3 17.591000 0.000000 0.000000 0.000000 0.000000 0.153903
    4 17.699581 0.000000 0.000000 -0.122557 0.022046 -1.083904
    5 -3.890447 0.000000 0.000000 -1.570797 -0.054711 -1.689600
    6 17.590998 0.000000 0.000000 0.000000 0.000000 0.153903
    7 17.699581 0.000000 0.000000 0.133252 -0.022046 -1.083904
    8 0.000000 3.345132 -2.981898 1.570796 0.052893 1.570796
    9 4.126621 0.000000 0.000000 0.000000 0.000000 -0.109958
    10 3.612873 0.000000 0.000000 0.000000 0.000000 0.157085
    11 9.183975 0.000000 0.000000 0.000000 0.000000 0.173457
    12 3.138083 0.000000 0.000000 3.141592 0.000000 -0.936567
    13 1.707666 0.000001 0.000000 0.000000 0.000000 -0.403112
    14 1.663039 1.210510 2.595493 1.585881 -1.286515 2.954168
    15 6.028141 0.000002 0.000000 -1.570685 -0.056434 -0.592417
    16 12.693002 0.000000 0.000001 0.000000 0.000000 -0.762857
    17 11.575974 0.000001 -0.000031 1.151993 -0.002657 0.038189
    18 5.562233 -0.288268 -0.510574 -3.061675 0.198455 -0.005041
    19 5.158500 -0.000001 -0.000001 -0.070282 -0.005680 0.008797
    20 3.326002 -0.000001 0.000000 0.008885 -0.007390 0.009850
    21 5.591166 -0.279020 1.848881 -3.062784 -0.107159 0.004678
    22 5.292999 0.000001 -0.000002 -0.073575 -0.006250 0.008402
    23 3.079116 -0.000001 0.000002 0.006978 -0.006850 0.007920
    24 5.739738 -0.095433 0.607274 -3.063221 0.025568 -0.018370
    25 5.652501 -0.000001 0.000000 -0.067745 -0.006072 0.008532
    26 3.325017 0.000000 -0.000002 0.009338 -0.006636 0.008100
    27 1.663050 1.210515 -2.595442 -1.665774 1.282032 2.945760
    28 6.028141 -0.000001 0.000000 1.632088 0.067144 -0.580410
    29 12.693002 0.000000 0.000003 0.000000 0.000000 -0.811694
    30 11.599607 0.000002 0.000001 -1.164891 -0.106508 0.028596
    31 5.928185 0.378912 0.637283 2.945638 -0.186886 0.107105
    32 5.074002 0.000001 -0.000001 0.000000 0.000000 0.000000
    33 3.325999 0.000001 0.000002 0.000000 -0.000001 0.000000
    34 6.189647 0.568800 -0.554352 2.949214 -0.013682 0.082709
    35 5.511002 0.000002 0.000001 0.000000 0.000000 0.012404
    36 3.325017 -0.000001 -0.000001 0.000000 0.000000 -0.009884
    37 5.900460 0.299200 -1.780354 2.948545 0.128545 0.102472
    38 5.248501 0.000003 -0.000001 0.000000 0.000000 0.011838
    39 3.151001 0.000001 -0.000001 0.000000 0.000000 -0.010015
    40 7.600445 -0.908441 0.636362 0.000000 -1.570796 2.973902
    41 0.051795 -3.221541 -2.149795 1.570796 -0.003965 -3.124561
    42 -3.929418 0.000003 0.000000 0.456323 0.600730 -2.513550
    43 13.106231 0.000003 0.000000 0.000000 0.000000 2.026915
    44 3.929418 -0.000002 0.000000 -0.411327 0.538162 -0.583342
    45 13.106231 0.000002 0.000000 0.000000 0.000000 -2.064136
    46 3.007646 4.344520 0.542817 1.321605 -0.270767 0.706112
    47 10.074753 -0.000005 -0.000001 0.000000 0.000000 -1.630424
    48 10.292003 -0.000002 0.000000 0.000000 0.000000 -0.425803
    49 -2.753414 4.323161 0.558394 1.931780 -0.224239 2.278513
    50 10.074757 0.000002 0.000000 0.000000 0.000000 -1.604180
    51 10.292000 -0.000001 -0.000001 0.000000 0.000000 -0.406073
  time 30
    0 25.127815 -54.371092 35.376279 1.570796 0.000000 -1.570796
    1 0.000000 0.000000 0.000000 0.000000 0.000000 0.000000
    2 3.890447 0.000000 0.000000 -1.570796 -0.054711 -1.451993
    3 17.591000 0.000000 0.000000 0.000000 0.000000 0.153903
    4 17.699581 0.000000 0.000000 -0.122557 0.022046 -1.083904
    5 -3.890447 0.000000 0.000000 -1.570797 -0.054711 -1.689600
    6 17.590998 0.000000 0.000000 0.000000 0.000000 0.153903
    7 17.699581 0.000000 0.000000 0.133252 -0.022046 -1.083904
    8 0.000000 3.345132 -2.981898 1.570796 0.052893 1.570796
    9 4.126621 0.000000 0.000000 0.000000 0.000000 -0.109958
    10 3.612873 0.000000 0.000000 0.000000 0.000000 0.157085
    11 9.183975 0.000000 0.000000 0.000000 0.000000 0.173457
    12 3.138083 0.000000 0.000000 3.141592 0.000000 -0.936567
    13 1.707666 0.000001 0.000000 0.000000 0.000000 -0.403112
    14 1.663039 1.210510 2.595493 1.585881 -1.286515 2.954168
    15 6.028141 0.000002 0.000000 -1.570685 -0.056434 -0.592417
    16 12.693002 0.000000 0.000001 0.000000 0.000000 -0.762857
    17 11.575974 0.000001 -0.000031 1.151993 -0.002657 0.038189
    18 5.562233 -0.288268 -0.510574 -3.061675 0.198455 -0.005041
    19 5.158500 -0.000001 -0.000001 -0.070282 -0.005680 0.008797
    20 3.326002 -0.000001 0.000000 0.008885 -0.007390 0.009850
    21 5.591166 -0.279020 1.848881 -3.062784 -0.107159 0.004678
    22 5.292999 0.000001 -0.000002 -0.073575 -0.006250 0.008402
    23 3.079116 -0.000001 0.000002 0.006978 -0.006850 0.007920
    24 5.739738 -0.095433 0.607274 -3.063221 0.025568 -0.018370
    25 5.652501 -0.000001 0.000000 -0.067745 -0.006072 0.008532
    26 3.325017 0.000000 -0.000002 0.009338 -0.006636 0.008100
    27 1.663050 1.210515 -2.595442 -1.665774 1.282032 2.945760
    28 6.028141 -0.000001 0.000000 1.632088 0.067144 -0.580410
    29 12.693002 0.000000 0.000003 0.000000 0.000000 -0.811694
    30 11.599607 0.000002 0.000001 -1.164891 -0.106508 0.028596
    31 5.928185 0.378912 0.637283 2.945638 -0.186886 0.107105
    32 5.074002 0.000001 -0.000001 0.000000 0.000000 0.000000
    33 3.325999 0.000001 0.000002 0.000000 -0.000001 0.000000
    34 6.189647 0.568800 -0.554352 2.949214 -0.013682 0.082709
    35 5.511002 0.000002 0.000001 0.000000 0.000000 0.012404
    36 3.325017 -0.000001 -0.000001 0.000000 0.000000 -0.009884
    37 5.900460 0.299200 -1.780354 2.948545 0.128545 0.102472
    38 5.248501 0.000003 -0.000001 0.000000 0.000000 0.011838
    39 3.151001 0.000001 -0.000001 0.000000 0.000000 -0.010015
    40 7.600445 -0.908441 0.636362 0.000000 -1.570796 2.973902
    41 0.051795 -3.221541 -2.149795 1.570796 -0.003965 -3.124561
    42 -3.929418 0.000003 0.000000 0.456323 0.600730 -2.513550
    43 13.106231 0.000003 0.000000 0.000000 0.000000 2.026915
    44 3.929418 -0.000002 0.000000 -0.411327 0.538162 -0.583342
    45 13.106231 0.000002 0.000000 0.000000 0.000000 -2.064136
    46 3.007646 4.344520 0.542817 1.321605 -0.270767 0.706112
    47 10.074753 -0.000005 -0.000001 0.000000 0.000000 -1.630424
    48 10.292003 -0.000002 0.000000 0.000000 0.000000 -0.425803
    49 -2.753414 4.323161 0.558394 1.931780 -0.224239 2.278513
    50 10.074757 0.000002 0.000000 0.000000 0.000000 -1.604180
    51 10.292000 -0.000001 -0.000001 0.000000 0.000000 -0.406073
  time 31
    0 25.718108 -55.730369 35.301836 1.570796 0.000000 -1.570796
    1 0.000000 0.000000 0.000000 0.000000 0.000000 0.000000
    2 3.890447 0.000000 0.000000 -1.570796 -0.054711 -1.451993
    3 17.591000 0.000000 0.000000 0.000000 0.000000 0.153903
    4 17.699581 0.000000 0.000000 -0.122557 0.022046 -1.083904
    5 -3.890447 0.000000 0.000000 -1.570797 -0.054711 -1.689600
    6 17.590998 0.000000 0.000000 0.000000 0.000000 0.153903
    7 17.699581 0.000000 0.000000 0.133252 -0.022046 -1.083904
    8 0.000000 3.345132 -2.981898 1.570796 0.052893 1.570796
    9 4.126621 0.000000 0.000000 0.000000 0.000000 -0.109958
    10 3.612873 0.000000 0.000000 0.000000 0.000000 0.157085
    11 9.183975 0.000000 0.000000 0.000000 0.000000 0.173457
    12 3.138083 0.000000 0.000000 3.141592 0.000000 -0.936567
    13 1.707666 0.000001 0.000000 0.000000 0.000000 -0.403112
    14 1.663039 1.210510 2.595493 1.585881 -1.286515 2.954168
    15 6.028141 0.000002 0.000000 -1.570685 -0.056434 -0.592417
    16 12.693002 0.000000 0.000001 0.000000 0.000000 -0.762857
    17 11.575974 0.000001 -0.000031 1.151993 -0.002657 0.038189
    18 5.562233 -0.288268 -0.510574 -3.061675 0.198455 -0.005041
    19 5.158500 -0.000001 -0.000001 -0.070282 -0.005680 0.008797
    20 3.326002 -0.000001 0.000000 0.008885 -0.007390 0.009850
    21 5.591166 -0.279020 1.848881 -3.062784 -0.107159 0.004678
    22 5.292999 0.000001 -0.000002 -0.073575 -0.006250 0.008402
    23 3.079116 -0.000001 0.000002 0.006978 -0.006850 0.007920
    24 5.739738 -0.095433 0.607274 -3.063221 0.025568 -0.018370
    25 5.652501 -0.000001 0.000000 -0.067745 -0.006072 0.008532
    26 3.325017 0.000000 -0.000002 0.009338 -0.006636 0.008100
    27 1.663050 1.210515 -2.595442 -1.665774 1.282032 2.945760
    28 6.028141 -0.000001 0.000000 1.632088 0.067144 -0.580410
    29 12.693002 0.000000 0.000003 0.000000 0.000000 -0.811694
    30 11.599607 0.000002 0.000001 -1.164891 -0.106508 0.028596
    31 5.928185 0.378912 0.637283 2.945638 -0.186886 0.107105
    32 5.074002 0.000001 -0.000001 0.000000 0.000000 0.000000
    33 3.325999 0.000001 0.000002 0.000000 -0.000001 0.000000
    34 6.189647 0.568800 -0.554352 2.949214 -0.013682 0.082709
    35 5.511002 0.000002 0.000001 0.000000 0.000000 0.012404
    36 3.325017 -0.000001 -0.000001 0.000000 0.000000 -0.009884
    37 5.900460 0.299200 -1.780354 2.948545 0.128545 0.102472
    38 5.248501 0.000003 -0.000001 0.000000 0.000000 0.011838
    39 3.151001 0.000001 -0.000001 0.000000 0.000000 -0.010015
    40 7.600445 -0.908441 0.636362 0.000000 -1.570796 2.973902
    41 0.051795 -3.221541 -2.149795 1.570796 -0.003965 -3.124561
    42 -3.929418 0.000003 0.000000 0.456323 0.600730 -2.513550
    43 13.106231 0.000003 0.000000 0.000000 0.000000 2.026915
    44 3.929418 -0.000002 0.000000 -0.411327 0.538162 -0.583342
    45 13.106231 0.000002 0.000000 0.000000 0.000000 -2.064136
    46 3.007646 4.344520 0.542817 1.321605 -0.270767 0.706112
    47 10.074753 -0.000005 -0.000001 0.000000 0.000000 -1.630424
    48 10.292003 -0.000002 0.000000 0.000000 0.000000 -0.425803
    49 -2.753414 4.323161 0.558394 1.931780 -0.224239 2.278513
    50 10.074757 0.000002 0.000000 0.000000 0.000000 -1.604180
    51 10.292000 -0.000001 -0.000001 0.000000 0.000000 -0.406073
  time 32
    0 26.295707 -57.060415 35.228994 1.570796 0.000000 -1.570796
    1 0.000000 0.000000 0.000000 0.000000 0.000000 0.000000
    2 3.890447 0.000000 0.000000 -1.570796 -0.054711 -1.451993
    3 17.591000 0.000000 0.000000 0.000000 0.000000 0.153903
    4 17.699581 0.000000 0.000000 -0.122557 0.022046 -1.083904
    5 -3.890447 0.000000 0.000000 -1.570797 -0.054711 -1.689600
    6 17.590998 0.000000 0.000000 0.000000 0.000000 0.153903
    7 17.699581 0.000000 0.000000 0.133252 -0.022046 -1.083904
    8 0.000000 3.345132 -2.981898 1.570796 0.052893 1.570796
    9 4.126621 0.000000 0.000000 0.000000 0.000000 -0.109958
    10 3.612873 0.000000 0.000000 0.000000 0.000000 0.157085
    11 9.183975 0.000000 0.000000 0.000000 0.000000 0.173457
    12 3.138083 0.000000 0.000000 3.141592 0.000000 -0.936567
    13 1.707666 0.000001 0.000000 0.000000 0.000000 -0.403112
    14 1.663039 1.210510 2.595493 1.585881 -1.286515 2.954168
    15 6.028141 0.000002 0.000000 -1.570685 -0.056434 -0.592417
    16 12.693002 0.000000 0.000001 0.000000 0.000000 -0.762857
    17 11.575974 0.000001 -0.000031 1.151993 -0.002657 0.038189
    18 5.562233 -0.288268 -0.510574 -3.061675 0.198455 -0.005041
    19 5.158500 -0.000001 -0.000001 -0.070282 -0.005680 0.008797
    20 3.326002 -0.000001 0.000000 0.008885 -0.007390 0.009850
    21 5.591166 -0.279020 1.848881 -3.062784 -0.107159 0.004678
    22 5.292999 0.000001 -0.000002 -0.073575 -0.006250 0.008402
    23 3.079116 -0.000001 0.000002 0.006978 -0.006850 0.007920
    24 5.739738 -0.095433 0.607274 -3.063221 0.025568 -0.018370
    25 5.652501 -0.000001 0.000000 -0.067745 -0.006072 0.008532
    26 3.325017 0.000000 -0.000002 0.009338 -0.006636 0.008100
    27 1.663050 1.210515 -2.595442 -1.665774 1.282032 2.945760
    28 6.028141 -0.000001 0.000000 1.632088 0.067144 -0.580410
    29 12.693002 0.000000 0.000003 0.000000 0.000000 -0.811694
    30 11.599607 0.000002 0.000001 -1.164891 -0.106508 0.028596
    31 5.928185 0.378912 0.637283 2.945638 -0.186886 0.107105
    32 5.074002 0.000001 -0.000001 0.000000 0.000000 0.000000
    33 3.325999 0.000001 0.000002 0.000000 -0.000001 0.000000
    34 6.189647 0.568800 -0.554352 2.949214 -0.013682 0.082709
    35 5.511002 0.000002 0.000001 0.000000 0.000000 0.012404
    36 3.325017 -0.000001 -0.000001 0.000000 0.000000 -0.009884
    37 5.900460 0.299200 -1.780354 2.948545 0.128545 0.102472
    38 5.248501 0.000003 -0.000001 0.000000 0.000000 0.011838
    39 3.151001 0.000001 -0.000001 0.000000 0.000000 -0.010015
    40 7.600445 -0.908441 0.636362 0.000000 -1.570796 2.973902
    41 0.051795 -3.221541 -2.149795 1.570796 -0.003965 -3.124561
    42 -3.929418 0.000003 0.000000 0.456323 0.600730 -2.513550
    43 13.106231 0.000003 0.000000 0.000000 0.000000 2.026915
    44 3.929418 -0.000002 0.000000 -0.411327 0.538162 -0.583342
    45 13.106231 0.000002 0.000000 0.000000 0.000000 -2.064136
    46 3.007646 4.344520 0.542817 1.321605 -0.270767 0.706112
    47 10.074753 -0.000005 -0.000001 0.000000 0.000000 -1.630424
    48 10.292003 -0.000002 0.000000 0.000000 0.000000 -0.425803
    49 -2.753414 4.323161 0.558394 1.931780 -0.224239 2.278513
    50 10.074757 0.000002 0.000000 0.000000 0.000000 -1.604180
    51 10.292000 -0.000001 -0.000001 0.000000 0.000000 -0.406073
  time 33
    0 26.860611 -58.361229 35.157754 1.570796 0.000000 -1.570796
    1 0.000000 0.000000 0.000000 0.000000 0.000000 0.000000
    2 3.890447 0.000000 0.000000 -1.570796 -0.054711 -1.451993
    3 17.591000 0.000000 0.000000 0.000000 0.000000 0.153903
    4 17.699581 0.000000 0.000000 -0.122557 0.022046 -1.083904
    5 -3.890447 0.000000 0.000000 -1.570797 -0.054711 -1.689600
    6 17.590998 0.000000 0.000000 0.000000 0.000000 0.153903
    7 17.699581 0.000000 0.000000 0.133252 -0.022046 -1.083904
    8 0.000000 3.345132 -2.981898 1.570796 0.052893 1.570796
    9 4.126621 0.000000 0.000000 0.000000 0.000000 -0.109958
    10 3.612873 0.000000 0.000000 0.000000 0.000000 0.157085
    11 9.183975 0.000000 0.000000 0.000000 0.000000 0.173457
    12 3.138083 0.000000 0.000000 3.141592 0.000000 -0.936567
    13 1.707666 0.000001 0.000000 0.000000 0.000000 -0.403112
    14 1.663039 1.210510 2.595493 1.585881 -1.286515 2.954168
    15 6.028141 0.000002 0.000000 -1.570685 -0.056434 -0.592417
    16 12.693002 0.000000 0.000001 0.000000 0.000000 -0.762857
    17 11.575974 0.000001 -0.000031 1.151993 -0.002657 0.038189
    18 5.562233 -0.288268 -0.510574 -3.061675 0.198455 -0.005041
    19 5.158500 -0.000001 -0.000001 -0.070282 -0.005680 0.008797
    20 3.326002 -0.000001 0.000000 0.008885 -0.007390 0.009850
    21 5.591166 -0.279020 1.848881 -3.062784 -0.107159 0.004678
    22 5.292999 0.000001 -0.000002 -0.073575 -0.006250 0.008402
    23 3.079116 -0.000001 0.000002 0.006978 -0.006850 0.007920
    24 5.739738 -0.095433 0.607274 -3.063221 0.025568 -0.018370
    25 5.652501 -0.000001 0.000000 -0.067745 -0.006072 0.008532
    26 3.325017 0.000000 -0.000002 0.009338 -0.006636 0.008100
    27 1.663050 1.210515 -2.595442 -1.665774 1.282032 2.945760
    28 6.028141 -0.000001 0.000000 1.632088 0.067144 -0.580410
    29 12.693002 0.000000 0.000003 0.000000 0.000000 -0.811694
    30 11.599607 0.000002 0.000001 -1.164891 -0.106508 0.028596
    31 5.928185 0.378912 0.637283 2.945638 -0.186886 0.107105
    32 5.074002 0.000001 -0.000001 0.000000 0.000000 0.000000
    33 3.325999 0.000001 0.000002 0.000000 -0.000001 0.000000
    34 6.189647 0.568800 -0.554352 2.949214 -0.013682 0.082709
    35 5.511002 0.000002 0.000001 0.000000 0.000000 0.012404
    36 3.325017 -0.000001 -0.000001 0.000000 0.000000 -0.009884
    37 5.900460 0.299200 -1.780354 2.948545 0.128545 0.102472
    38 5.248501 0.000003 -0.000001 0.000000 0.000000 0.011838
    39 3.151001 0.000001 -0.000001 0.000000 0.000000 -0.010015
    40 7.600445 -0.908441 0.636362 0.000000 -1.570796 2.973902
    41 0.051795 -3.221541 -2.149795 1.570796 -0.003965 -3.124561
    42 -3.929418 0.000003 0.000000 0.456323 0.600730 -2.513550
    43 13.106231 0.000003 0.000000 0.000000 0.000000 2.026915
    44 3.929418 -0.000002 0.000000 -0.411327 0.538162 -0.583342
    45 13.106231 0.000002 0.000000 0.000000 0.000000 -2.064136
    46 3.007646 4.344520 0.542817 1.321605 -0.270767 0.706112
    47 10.074753 -0.000005 -0.000001 0.000000 0.000000 -1.630424
    48 10.292003 -0.000002 0.000000 0.000000 0.000000 -0.425803
    49 -2.753414 4.323161 0.558394 1.931780 -0.224239 2.278513
    50 10.074757 0.000002 0.000000 0.000000 0.000000 -1.604180
    51 10.292000 -0.000001 -0.000001 0.000000 0.000000 -0.406073
  time 34
    0 27.412821 -59.632811 35.088114 1.570796 0.000000 -1.570796
    1 0.000000 0.000000 0.000000 0.000000 0.000000 0.000000
    2 3.890447 0.000000 0.000000 -1.570796 -0.054711 -1.451993
    3 17.591000 0.000000 0.000000 0.000000 0.000000 0.153903
    4 17.699581 0.000000 0.000000 -0.122557 0.022046 -1.083904
    5 -3.890447 0.000000 0.000000 -1.570797 -0.054711 -1.689600
    6 17.590998 0.000000 0.000000 0.000000 0.000000 0.153903
    7 17.699581 0.000000 0.000000 0.133252 -0.022046 -1.083904
    8 0.000000 3.345132 -2.981898 1.570796 0.052893 1.570796
    9 4.126621 0.000000 0.000000 0.000000 0.000000 -0.109958
    10 3.612873 0.000000 0.000000 0.000000 0.000000 0.157085
    11 9.183975 0.000000 0.000000 0.000000 0.000000 0.173457
    12 3.138083 0.000000 0.000000 3.141592 0.000000 -0.936567
    13 1.707666 0.000001 0.000000 0.000000 0.000000 -0.403112
    14 1.663039 1.210510 2.595493 1.585881 -1.286515 2.954168
    15 6.028141 0.000002 0.000000 -1.570685 -0.056434 -0.592417
    16 12.693002 0.000000 0.000001 0.000000 0.000000 -0.762857
    17 11.575974 0.000001 -0.000031 1.151993 -0.002657 0.038189
    18 5.562233 -0.288268 -0.510574 -3.061675 0.198455 -0.005041
    19 5.158500 -0.000001 -0.000001 -0.070282 -0.005680 0.008797
    20 3.326002 -0.000001 0.000000 0.008885 -0.007390 0.009850
    21 5.591166 -0.279020 1.848881 -3.062784 -0.107159 0.004678
    22 5.292999 0.000001 -0.000002 -0.073575 -0.006250 0.008402
    23 3.079116 -0.000001 0.000002 0.006978 -0.006850 0.007920
    24 5.739738 -0.095433 0.607274 -3.063221 0.025568 -0.018370
    25 5.652501 -0.000001 0.000000 -0.067745 -0.006072 0.008532
    26 3.325017 0.000000 -0.000002 0.009338 -0.006636 0.008100
    27 1.663050 1.210515 -2.595442 -1.665774 1.282032 2.945760
    28 6.028141 -0.000001 0.000000 1.632088 0.067144 -0.580410
    29 12.693002 0.000000 0.000003 0.000000 0.000000 -0.811694
    30 11.599607 0.000002 0.000001 -1.164891 -0.106508 0.028596
    31 5.928185 0.378912 0.637283 2.945638 -0.186886 0.107105
    32 5.074002 0.000001 -0.000001 0.000000 0.000000 0.000000
    33 3.325999 0.000001 0.000002 0.000000 -0.000001 0.000000
    34 6.189647 0.568800 -0.554352 2.949214 -0.013682 0.082709
    35 5.511002 0.000002 0.000001 0.000000 0.000000 0.012404
    36 3.325017 -0.000001 -0.000001 0.000000 0.000000 -0.009884
    37 5.900460 0.299200 -1.780354 2.948545 0.128545 0.102472
    38 5.248501 0.000003 -0.000001 0.000000 0.000000 0.011838
    39 3.151001 0.000001 -0.000001 0.000000 0.000000 -0.010015
    40 7.600445 -0.908441 0.636362 0.000000 -1.570796 2.973902
    41 0.051795 -3.221541 -2.149795 1.570796 -0.003965 -3.124561
    42 -3.929418 0.000003 0.000000 0.456323 0.600730 -2.513550
    43 13.106231 0.000003 0.000000 0.000000 0.000000 2.026915
    44 3.929418 -0.000002 0.000000 -0.411327 0.538162 -0.583342
    45 13.106231 0.000002 0.000000 0.000000 0.000000 -2.064136
    46 3.007646 4.344520 0.542817 1.321605 -0.270767 0.706112
    47 10.074753 -0.000005 -0.000001 0.000000 0.000000 -1.630424
    48 10.292003 -0.000002 0.000000 0.000000 0.000000 -0.425803
    49 -2.753414 4.323161 0.558394 1.931780 -0.224239 2.278513
    50 10.074757 0.000002 0.000000 0.000000 0.000000 -1.604180
    51 10.292000 -0.000001 -0.000001 0.000000 0.000000 -0.406073
  time 35
    0 27.952337 -60.875161 35.020075 1.570796 0.000000 -1.570796
    1 0.000000 0.000000 0.000000 0.000000 0.000000 0.000000
    2 3.890447 0.000000 0.000000 -1.570796 -0.054711 -1.451993
    3 17.591000 0.000000 0.000000 0.000000 0.000000 0.153903
    4 17.699581 0.000000 0.000000 -0.122557 0.022046 -1.083904
    5 -3.890447 0.000000 0.000000 -1.570797 -0.054711 -1.689600
    6 17.590998 0.000000 0.000000 0.000000 0.000000 0.153903
    7 17.699581 0.000000 0.000000 0.133252 -0.022046 -1.083904
    8 0.000000 3.345132 -2.981898 1.570796 0.052893 1.570796
    9 4.126621 0.000000 0.000000 0.000000 0.000000 -0.109958
    10 3.612873 0.000000 0.000000 0.000000 0.000000 0.157085
    11 9.183975 0.000000 0.000000 0.000000 0.000000 0.173457
    12 3.138083 0.000000 0.000000 3.141592 0.000000 -0.936567
    13 1.707666 0.000001 0.000000 0.000000 0.000000 -0.403112
    14 1.663039 1.210510 2.595493 1.585881 -1.286515 2.954168
    15 6.028141 0.000002 0.000000 -1.570685 -0.056434 -0.592417
    16 12.693002 0.000000 0.000001 0.000000 0.000000 -0.762857
    17 11.575974 0.000001 -0.000031 1.151993 -0.002657 0.038189
    18 5.562233 -0.288268 -0.510574 -3.061675 0.198455 -0.005041
    19 5.158500 -0.000001 -0.000001 -0.070282 -0.005680 0.008797
    20 3.326002 -0.000001 0.000000 0.008885 -0.007390 0.009850
    21 5.591166 -0.279020 1.848881 -3.062784 -0.107159 0.004678
    22 5.292999 0.000001 -0.000002 -0.073575 -0.006250 0.008402
    23 3.079116 -0.000001 0.000002 0.006978 -0.006850 0.007920
    24 5.739738 -0.095433 0.607274 -3.063221 0.025568 -0.018370
    25 5.652501 -0.000001 0.000000 -0.067745 -0.006072 0.008532
    26 3.325017 0.000000 -0.000002 0.009338 -0.006636 0.008100
    27 1.663050 1.210515 -2.595442 -1.665774 1.282032 2.945760
    28 6.028141 -0.000001 0.000000 1.632088 0.067144 -0.580410
    29 12.693002 0.000000 0.000003 0.000000 0.000000 -0.811694
    30 11.599607 0.000002 0.000001 -1.164891 -0.106508 0.028596
    31 5.928185 0.378912 0.637283 2.945638 -0.186886 0.107105
    32 5.074002 0.000001 -0.000001 0.000000 0.000000 0.000000
    33 3.325999 0.000001 0.000002 0.000000 -0.000001 0.000000
    34 6.189647 0.568800 -0.554352 2.949214 -0.013682 0.082709
    35 5.511002 0.000002 0.000001 0.000000 0.000000 0.012404
    36 3.325017 -0.000001 -0.000001 0.000000 0.000000 -0.009884
    37 5.900460 0.299200 -1.780354 2.948545 0.128545 0.102472
    38 5.248501 0.000003 -0.000001 0.000000 0.000000 0.011838
    39 3.151001 0.000001 -0.000001 0.000000 0.000000 -0.010015
    40 7.600445 -0.908441 0.636362 0.000000 -1.570796 2.973902
    41 0.051795 -3.221541 -2.149795 1.570796 -0.003965 -3.124561
    42 -3.929418 0.000003 0.000000 0.456323 0.600730 -2.513550
    43 13.106231 0.000003 0.000000 0.000000 0.000000 2.026915
    44 3.929418 -0.000002 0.000000 -0.411327 0.538162 -0.583342
    45 13.106231 0.000002 0.000000 0.000000 0.000000 -2.064136
    46 3.007646 4.344520 0.542817 1.321605 -0.270767 0.706112
    47 10.074753 -0.000005 -0.000001 0.000000 0.000000 -1.630424
    48 10.292003 -0.000002 0.000000 0.000000 0.000000 -0.425803
    49 -2.753414 4.323161 0.558394 1.931780 -0.224239 2.278513
    50 10.074757 0.000002 0.000000 0.000000 0.000000 -1.604180
    51 10.292000 -0.000001 -0.000001 0.000000 0.000000 -0.406073
  time 36
    0 28.479158 -62.088279 34.953636 1.570796 0.000000 -1.570796
    1 0.000000 0.000000 0.000000 0.000000 0.000000 0.000000
    2 3.890447 0.000000 0.000000 -1.570796 -0.054711 -1.451993
    3 17.591000 0.000000 0.000000 0.000000 0.000000 0.153903
    4 17.699581 0.000000 0.000000 -0.122557 0.022046 -1.083904
    5 -3.890447 0.000000 0.000000 -1.570797 -0.054711 -1.689600
    6 17.590998 0.000000 0.000000 0.000000 0.000000 0.153903
    7 17.699581 0.000000 0.000000 0.133252 -0.022046 -1.083904
    8 0.000000 3.345132 -2.981898 1.570796 0.052893 1.570796
    9 4.126621 0.000000 0.000000 0.000000 0.000000 -0.109958
    10 3.612873 0.000000 0.000000 0.000000 0.000000 0.157085
    11 9.183975 0.000000 0.000000 0.000000 0.000000 0.173457
    12 3.138083 0.000000 0.000000 3.141592 0.000000 -0.936567
    13 1.707666 0.000001 0.000000 0.000000 0.000000 -0.403112
    14 1.663039 1.210510 2.595493 1.585881 -1.286515 2.954168
    15 6.028141 0.000002 0.000000 -1.570685 -0.056434 -0.592417
    16 12.693002 0.000000 0.000001 0.000000 0.000000 -0.762857
    17 11.575974 0.000001 -0.000031 1.151993 -0.002657 0.038189
    18 5.562233 -0.288268 -0.510574 -3.061675 0.198455 -0.005041
    19 5.158500 -0.000001 -0.000001 -0.070282 -0.005680 0.008797
    20 3.326002 -0.000001 0.000000 0.008885 -0.007390 0.009850
    21 5.591166 -0.279020 1.848881 -3.062784 -0.107159 0.004678
    22 5.292999 0.000001 -0.000002 -0.073575 -0.006250 0.008402
    23 3.079116 -0.000001 0.000002 0.006978 -0.006850 0.007920
    24 5.739738 -0.095433 0.607274 -3.063221 0.025568 -0.018370
    25 5.652501 -0.000001 0.000000 -0.067745 -0.006072 0.008532
    26 3.325017 0.000000 -0.000002 0.009338 -0.006636 0.008100
    27 1.663050 1.210515 -2.595442 -1.665774 1.282032 2.945760
    28 6.028141 -0.000001 0.000000 1.632088 0.067144 -0.580410
    29 12.693002 0.000000 0.000003 0.000000 0.000000 -0.811694
    30 11.599607 0.000002 0.000001 -1.164891 -0.106508 0.028596
    31 5.928185 0.378912 0.637283 2.945638 -0.186886 0.107105
    32 5.074002 0.000001 -0.000001 0.000000 0.000000 0.000000
    33 3.325999 0.000001 0.000002 0.000000 -0.000001 0.000000
    34 6.189647 0.568800 -0.554352 2.949214 -0.013682 0.082709
    35 5.511002 0.000002 0.000001 0.000000 0.000000 0.012404
    36 3.325017 -0.000001 -0.000001 0.000000 0.000000 -0.009884
    37 5.900460 0.299200 -1.780354 2.948545 0.128545 0.102472
    38 5.248501 0.000003 -0.000001 0.000000 0.000000 0.011838
    39 3.151001 0.000001 -0.000001 0.000000 0.000000 -0.010015
    40 7.600445 -0.908441 0.636362 0.000000 -1.570796 2.973902
    41 0.051795 -3.221541 -2.149795 1.570796 -0.003965 -3.124561
    42 -3.929418 0.000003 0.000000 0.456323 0.600730 -2.513550
    43 13.106231 0.000003 0.000000 0.000000 0.000000 2.026915
    44 3.929418 -0.000002 0.000000 -0.411327 0.538162 -0.583342
    45 13.106231 0.000002 0.000000 0.000000 0.000000 -2.064136
    46 3.007646 4.344520 0.542817 1.321605 -0.270767 0.706112
    47 10.074753 -0.000005 -0.000001 0.000000 0.000000 -1.630424
    48 10.292003 -0.000002 0.000000 0.000000 0.000000 -0.425803
    49 -2.753414 4.323161 0.558394 1.931780 -0.224239 2.278513
    50 10.074757 0.000002 0.000000 0.000000 0.000000 -1.604180
    51 10.292000 -0.000001 -0.000001 0.000000 0.000000 -0.406073
  time 37
    0 28.993284 -63.272166 34.888799 1.570796 0.000000 -1.570796
    1 0.000000 0.000000 0.000000 0.000000 0.000000 0.000000
    2 3.890447 0.000000 0.000000 -1.570796 -0.054711 -1.451993
    3 17.591000 0.000000 0.000000 0.000000 0.000000 0.153903
    4 17.699581 0.000000 0.000000 -0.122557 0.022046 -1.083904
    5 -3.890447 0.000000 0.000000 -1.570797 -0.054711 -1.689600
    6 17.590998 0.000000 0.000000 0.000000 0.000000 0.153903
    7 17.699581 0.000000 0.000000 0.133252 -0.022046 -1.083904
    8 0.000000 3.345132 -2.981898 1.570796 0.052893 1.570796
    9 4.126621 0.000000 0.000000 0.000000 0.000000 -0.109958
    10 3.612873 0.000000 0.000000 0.000000 0.000000 0.157085
    11 9.183975 0.000000 0.000000 0.000000 0.000000 0.173457
    12 3.138083 0.000000 0.000000 3.141592 0.000000 -0.936567
    13 1.707666 0.000001 0.000000 0.000000 0.000000 -0.403112
    14 1.663039 1.210510 2.595493 1.585881 -1.286515 2.954168
    15 6.028141 0.000002 0.000000 -1.570685 -0.056434 -0.592417
    16 12.693002 0.000000 0.000001 0.000000 0.000000 -0.762857
    17 11.575974 0.000001 -0.000031 1.151993 -0.002657 0.038189
    18 5.562233 -0.288268 -0.510574 -3.061675 0.198455 -0.005041
    19 5.158500 -0.000001 -0.000001 -0.070282 -0.005680 0.008797
    20 3.326002 -0.000001 0.000000 0.008885 -0.007390 0.009850
    21 5.591166 -0.279020 1.848881 -3.062784 -0.107159 0.004678
    22 5.292999 0.000001 -0.000002 -0.073575 -0.006250 0.008402
    23 3.079116 -0.000001 0.000002 0.006978 -0.006850 0.007920
    24 5.739738 -0.095433 0.607274 -3.063221 0.025568 -0.018370
    25 5.652501 -0.000001 0.000000 -0.067745 -0.006072 0.008532
    26 3.325017 0.000000 -0.000002 0.009338 -0.006636 0.008100
    27 1.663050 1.210515 -2.595442 -1.665774 1.282032 2.945760
    28 6.028141 -0.000001 0.000000 1.632088 0.067144 -0.580410
    29 12.693002 0.000000 0.000003 0.000000 0.000000 -0.811694
    30 11.599607 0.000002 0.000001 -1.164891 -0.106508 0.028596
    31 5.928185 0.378912 0.637283 2.945638 -0.186886 0.107105
    32 5.074002 0.000001 -0.000001 0.000000 0.000000 0.000000
    33 3.325999 0.000001 0.000002 0.000000 -0.000001 0.000000
    34 6.189647 0.568800 -0.554352 2.949214 -0.013682 0.082709
    35 5.511002 0.000002 0.000001 0.000000 0.000000 0.012404
    36 3.325017 -0.000001 -0.000001 0.000000 0.000000 -0.009884
    37 5.900460 0.299200 -1.780354 2.948545 0.128545 0.102472
    38 5.248501 0.000003 -0.000001 0.000000 0.000000 0.011838
    39 3.151001 0.000001 -0.000001 0.000000 0.000000 -0.010015
    40 7.600445 -0.908441 0.636362 0.000000 -1.570796 2.973902
    41 0.051795 -3.221541 -2.149795 1.570796 -0.003965 -3.124561
    42 -3.929418 0.000003 0.000000 0.456323 0.600730 -2.513550
    43 13.106231 0.000003 0.000000 0.000000 0.000000 2.026915
    44 3.929418 -0.000002 0.000000 -0.411327 0.538162 -0.583342
    45 13.106231 0.000002 0.000000 0.000000 0.000000 -2.064136
    46 3.007646 4.344520 0.542817 1.321605 -0.270767 0.706112
    47 10.074753 -0.000005 -0.000001 0.000000 0.000000 -1.630424
    48 10.292003 -0.000002 0.000000 0.000000 0.000000 -0.425803
    49 -2.753414 4.323161 0.558394 1.931780 -0.224239 2.278513
    50 10.074757 0.000002 0.000000 0.000000 0.000000 -1.604180
    51 10.292000 -0.000001 -0.000001 0.000000 0.000000 -0.406073
  time 38
    0 29.494716 -64.426821 34.825563 1.570796 0.000000 -1.570796
    1 0.000000 0.000000 0.000000 0.000000 0.000000 0.000000
    2 3.890447 0.000000 0.000000 -1.570796 -0.054711 -1.451993
    3 17.591000 0.000000 0.000000 0.000000 0.000000 0.153903
    4 17.699581 0.000000 0.000000 -0.122557 0.022046 -1.083904
    5 -3.890447 0.000000 0.000000 -1.570797 -0.054711 -1.689600
    6 17.590998 0.000000 0.000000 0.000000 0.000000 0.153903
    7 17.699581 0.000000 0.000000 0.133252 -0.022046 -1.083904
    8 0.000000 3.345132 -2.981898 1.570796 0.052893 1.570796
    9 4.126621 0.000000 0.000000 0.000000 0.000000 -0.109958
    10 3.612873 0.000000 0.000000 0.000000 0.000000 0.157085
    11 9.183975 0.000000 0.000000 0.000000 0.000000 0.173457
    12 3.138083 0.000000 0.000000 3.141592 0.000000 -0.936567
    13 1.707666 0.000001 0.000000 0.000000 0.000000 -0.403112
    14 1.663039 1.210510 2.595493 1.585881 -1.286515 2.954168
    15 6.028141 0.000002 0.000000 -1.570685 -0.056434 -0.592417
    16 12.693002 0.000000 0.000001 0.000000 0.000000 -0.762857
    17 11.575974 0.000001 -0.000031 1.151993 -0.002657 0.038189
    18 5.562233 -0.288268 -0.510574 -3.061675 0.198455 -0.005041
    19 5.158500 -0.000001 -0.000001 -0.070282 -0.005680 0.008797
    20 3.326002 -0.000001 0.000000 0.008885 -0.007390 0.009850
    21 5.591166 -0.279020 1.848881 -3.062784 -0.107159 0.004678
    22 5.292999 0.000001 -0.000002 -0.073575 -0.006250 0.008402
    23 3.079116 -0.000001 0.000002 0.006978 -0.006850 0.007920
    24 5.739738 -0.095433 0.607274 -3.063221 0.025568 -0.018370
    25 5.652501 -0.000001 0.000000 -0.067745 -0.006072 0.008532
    26 3.325017 0.000000 -0.000002 0.009338 -0.006636 0.008100
    27 1.663050 1.210515 -2.595442 -1.665774 1.282032 2.945760
    28 6.028141 -0.000001 0.000000 1.632088 0.067144 -0.580410
    29 12.693002 0.000000 0.000003 0.000000 0.000000 -0.811694
    30 11.599607 0.000002 0.000001 -1.164891 -0.106508 0.028596
    31 5.928185 0.378912 0.637283 2.945638 -0.186886 0.107105
    32 5.074002 0.000001 -0.000001 0.000000 0.000000 0.000000
    33 3.325999 0.000001 0.000002 0.000000 -0.000001 0.000000
    34 6.189647 0.568800 -0.554352 2.949214 -0.013682 0.082709
    35 5.511002 0.000002 0.000001 0.000000 0.000000 0.012404
    36 3.325017 -0.000001 -0.000001 0.000000 0.000000 -0.009884
    37 5.900460 0.299200 -1.780354 2.948545 0.128545 0.102472
    38 5.248501 0.000003 -0.000001 0.000000 0.000000 0.011838
    39 3.151001 0.000001 -0.000001 0.000000 0.000000 -0.010015
    40 7.600445 -0.908441 0.636362 0.000000 -1.570796 2.973902
    41 0.051795 -3.221541 -2.149795 1.570796 -0.003965 -3.124561
    42 -3.929418 0.000003 0.000000 0.456323 0.600730 -2.513550
    43 13.106231 0.000003 0.000000 0.000000 0.000000 2.026915
    44 3.929418 -0.000002 0.000000 -0.411327 0.538162 -0.583342
    45 13.106231 0.000002 0.000000 0.000000 0.000000 -2.064136
    46 3.007646 4.344520 0.542817 1.321605 -0.270767 0.706112
    47 10.074753 -0.000005 -0.000001 0.000000 0.000000 -1.630424
    48 10.292003 -0.000002 0.000000 0.000000 0.000000 -0.425803
    49 -2.753414 4.323161 0.558394 1.931780 -0.224239 2.278513
    50 10.074757 0.000002 0.000000 0.000000 0.000000 -1.604180
    51 10.292000 -0.000001 -0.000001 0.000000 0.000000 -0.406073
  time 39
    0 29.983454 -65.552244 34.763927 1.570796 0.000000 -1.570796
    1 0.000000 0.000000 0.000000 0.000000 0.000000 0.000000
    2 3.890447 0.000000 0.000000 -1.570796 -0.054711 -1.451993
    3 17.591000 0.000000 0.000000 0.000000 0.000000 0.153903
    4 17.699581 0.000000 0.000000 -0.122557 0.022046 -1.083904
    5 -3.890447 0.000000 0.000000 -1.570797 -0.054711 -1.689600
    6 17.590998 0.000000 0.000000 0.000000 0.000000 0.153903
    7 17.699581 0.000000 0.000000 0.133252 -0.022046 -1.083904
    8 0.000000 3.345132 -2.981898 1.570796 0.052893 1.570796
    9 4.126621 0.000000 0.000000 0.000000 0.000000 -0.109958
    10 3.612873 0.000000 0.000000 0.000000 0.000000 0.157085
    11 9.183975 0.000000 0.000000 0.000000 0.000000 0.173457
    12 3.138083 0.000000 0.000000 3.141592 0.000000 -0.936567
    13 1.707666 0.000001 0.000000 0.000000 0.000000 -0.403112
    14 1.663039 1.210510 2.595493 1.585881 -1.286515 2.954168
    15 6.028141 0.000002 0.000000 -1.570685 -0.056434 -0.592417
    16 12.693002 0.000000 0.000001 0.000000 0.000000 -0.762857
    17 11.575974 0.000001 -0.000031 1.151993 -0.002657 0.038189
    18 5.562233 -0.288268 -0.510574 -3.061675 0.198455 -0.005041
    19 5.158500 -0.000001 -0.000001 -0.070282 -0.005680 0.008797
    20 3.326002 -0.000001 0.000000 0.008885 -0.007390 0.009850
    21 5.591166 -0.279020 1.848881 -3.062784 -0.107159 0.004678
    22 5.292999 0.000001 -0.000002 -0.073575 -0.006250 0.008402
    23 3.079116 -0.000001 0.000002 0.006978 -0.006850 0.007920
    24 5.739738 -0.095433 0.607274 -3.063221 0.025568 -0.018370
    25 5.652501 -0.000001 0.000000 -0.067745 -0.006072 0.008532
    26 3.325017 0.000000 -0.000002 0.009338 -0.006636 0.008100
    27 1.663050 1.210515 -2.595442 -1.665774 1.282032 2.945760
    28 6.028141 -0.000001 0.000000 1.632088 0.067144 -0.580410
    29 12.693002 0.000000 0.000003 0.000000 0.000000 -0.811694
    30 11.599607 0.000002 0.000001 -1.164891 -0.106508 0.028596
    31 5.928185 0.378912 0.637283 2.945638 -0.186886 0.107105
    32 5.074002 0.000001 -0.000001 0.000000 0.000000 0.000000
    33 3.325999 0.000001 0.000002 0.000000 -0.000001 0.000000
    34 6.189647 0.568800 -0.554352 2.949214 -0.013682 0.082709
    35 5.511002 0.000002 0.000001 0.000000 0.000000 0.012404
    36 3.325017 -0.000001 -0.000001 0.000000 0.000000 -0.009884
    37 5.900460 0.299200 -1.780354 2.948545 0.128545 0.102472
    38 5.248501 0.000003 -0.000001 0.000000 0.000000 0.011838
    39 3.151001 0.000001 -0.000001 0.000000 0.000000 -0.010015
    40 7.600445 -0.908441 0.636362 0.000000 -1.570796 2.973902
    41 0.051795 -3.221541 -2.149795 1.570796 -0.003965 -3.124561
    42 -3.929418 0.000003 0.000000 0.456323 0.600730 -2.513550
    43 13.106231 0.000003 0.000000 0.000000 0.000000 2.026915
    44 3.929418 -0.000002 0.000000 -0.411327 0.538162 -0.583342
    45 13.106231 0.000002 0.000000 0.000000 0.000000 -2.064136
    46 3.007646 4.344520 0.542817 1.321605 -0.270767 0.706112
    47 10.074753 -0.000005 -0.000001 0.000000 0.000000 -1.630424
    48 10.292003 -0.000002 0.000000 0.000000 0.000000 -0.425803
    49 -2.753414 4.323161 0.558394 1.931780 -0.224239 2.278513
    50 10.074757 0.000002 0.000000 0.000000 0.000000 -1.604180
    51 10.292000 -0.000001 -0.000001 0.000000 0.000000 -0.406073
  time 40
    0 30.459497 -66.648436 34.703893 1.570796 0.000000 -1.570796
    1 0.000000 0.000000 0.000000 0.000000 0.000000 0.000000
    2 3.890447 0.000000 0.000000 -1.570796 -0.054711 -1.451993
    3 17.591000 0.000000 0.000000 0.000000 0.000000 0.153903
    4 17.699581 0.000000 0.000000 -0.122557 0.022046 -1.083904
    5 -3.890447 0.000000 0.000000 -1.570797 -0.054711 -1.689600
    6 17.590998 0.000000 0.000000 0.000000 0.000000 0.153903
    7 17.699581 0.000000 0.000000 0.133252 -0.022046 -1.083904
    8 0.000000 3.345132 -2.981898 1.570796 0.052893 1.570796
    9 4.126621 0.000000 0.000000 0.000000 0.000000 -0.109958
    10 3.612873 0.000000 0.000000 0.000000 0.000000 0.157085
    11 9.183975 0.000000 0.000000 0.000000 0.000000 0.173457
    12 3.138083 0.000000 0.000000 3.141592 0.000000 -0.936567
    13 1.707666 0.000001 0.000000 0.000000 0.000000 -0.403112
    14 1.663039 1.210510 2.595493 1.585881 -1.286515 2.954168
    15 6.028141 0.000002 0.000000 -1.570685 -0.056434 -0.592417
    16 12.693002 0.000000 0.000001 0.000000 0.000000 -0.762857
    17 11.575974 0.000001 -0.000031 1.151993 -0.002657 0.038189
    18 5.562233 -0.288268 -0.510574 -3.061675 0.198455 -0.005041
    19 5.158500 -0.000001 -0.000001 -0.070282 -0.005680 0.008797
    20 3.326002 -0.000001 0.000000 0.008885 -0.007390 0.009850
    21 5.591166 -0.279020 1.848881 -3.062784 -0.107159 0.004678
    22 5.292999 0.000001 -0.000002 -0.073575 -0.006250 0.008402
    23 3.079116 -0.000001 0.000002 0.006978 -0.006850 0.007920
    24 5.739738 -0.095433 0.607274 -3.063221 0.025568 -0.018370
    25 5.652501 -0.000001 0.000000 -0.067745 -0.006072 0.008532
    26 3.325017 0.000000 -0.000002 0.009338 -0.006636 0.008100
    27 1.663050 1.210515 -2.595442 -1.665774 1.282032 2.945760
    28 6.028141 -0.000001 0.000000 1.632088 0.067144 -0.580410
    29 12.693002 0.000000 0.000003 0.000000 0.000000 -0.811694
    30 11.599607 0.000002 0.000001 -1.164891 -0.106508 0.028596
    31 5.928185 0.378912 0.637283 2.945638 -0.186886 0.107105
    32 5.074002 0.000001 -0.000001 0.000000 0.000000 0.000000
    33 3.325999 0.000001 0.000002 0.000000 -0.000001 0.000000
    34 6.189647 0.568800 -0.554352 2.949214 -0.013682 0.082709
    35 5.511002 0.000002 0.000001 0.000000 0.000000 0.012404
    36 3.325017 -0.000001 -0.000001 0.000000 0.000000 -0.009884
    37 5.900460 0.299200 -1.780354 2.948545 0.128545 0.102472
    38 5.248501 0.000003 -0.000001 0.000000 0.000000 0.011838
    39 3.151001 0.000001 -0.000001 0.000000 0.000000 -0.010015
    40 7.600445 -0.908441 0.636362 0.000000 -1.570796 2.973902
    41 0.051795 -3.221541 -2.149795 1.570796 -0.003965 -3.124561
    42 -3.929418 0.000003 0.000000 0.456323 0.600730 -2.513550
    43 13.106231 0.000003 0.000000 0.000000 0.000000 2.026915
    44 3.929418 -0.000002 0.000000 -0.411327 0.538162 -0.583342
    45 13.106231 0.000002 0.000000 0.000000 0.000000 -2.064136
    46 3.007646 4.344520 0.542817 1.321605 -0.270767 0.706112
    47 10.074753 -0.000005 -0.000001 0.000000 0.000000 -1.630424
    48 10.292003 -0.000002 0.000000 0.000000 0.000000 -0.425803
    49 -2.753414 4.323161 0.558394 1.931780 -0.224239 2.278513
    50 10.074757 0.000002 0.000000 0.000000 0.000000 -1.604180
    51 10.292000 -0.000001 -0.000001 0.000000 0.000000 -0.406073
  time 41
    0 30.922846 -67.715395 34.645459 1.570796 0.000000 -1.570796
    1 0.000000 0.000000 0.000000 0.000000 0.000000 0.000000
    2 3.890447 0.000000 0.000000 -1.570796 -0.054711 -1.451993
    3 17.591000 0.000000 0.000000 0.000000 0.000000 0.153903
    4 17.699581 0.000000 0.000000 -0.122557 0.022046 -1.083904
    5 -3.890447 0.000000 0.000000 -1.570797 -0.054711 -1.689600
    6 17.590998 0.000000 0.000000 0.000000 0.000000 0.153903
    7 17.699581 0.000000 0.000000 0.133252 -0.022046 -1.083904
    8 0.000000 3.345132 -2.981898 1.570796 0.052893 1.570796
    9 4.126621 0.000000 0.000000 0.000000 0.000000 -0.109958
    10 3.612873 0.000000 0.000000 0.000000 0.000000 0.157085
    11 9.183975 0.000000 0.000000 0.000000 0.000000 0.173457
    12 3.138083 0.000000 0.000000 3.141592 0.000000 -0.936567
    13 1.707666 0.000001 0.000000 0.000000 0.000000 -0.403112
    14 1.663039 1.210510 2.595493 1.585881 -1.286515 2.954168
    15 6.028141 0.000002 0.000000 -1.570685 -0.056434 -0.592417
    16 12.693002 0.000000 0.000001 0.000000 0.000000 -0.762857
    17 11.575974 0.000001 -0.000031 1.151993 -0.002657 0.038189
    18 5.562233 -0.288268 -0.510574 -3.061675 0.198455 -0.005041
    19 5.158500 -0.000001 -0.000001 -0.070282 -0.005680 0.008797
    20 3.326002 -0.000001 0.000000 0.008885 -0.007390 0.009850
    21 5.591166 -0.279020 1.848881 -3.062784 -0.107159 0.004678
    22 5.292999 0.000001 -0.000002 -0.073575 -0.006250 0.008402
    23 3.079116 -0.000001 0.000002 0.006978 -0.006850 0.007920
    24 5.739738 -0.095433 0.607274 -3.063221 0.025568 -0.018370
    25 5.652501 -0.000001 0.000000 -0.067745 -0.006072 0.008532
    26 3.325017 0.000000 -0.000002 0.009338 -0.006636 0.008100
    27 1.663050 1.210515 -2.595442 -1.665774 1.282032 2.945760
    28 6.028141 -0.000001 0.000000 1.632088 0.067144 -0.580410
    29 12.693002 0.000000 0.000003 0.000000 0.000000 -0.811694
    30 11.599607 0.000002 0.000001 -1.164891 -0.106508 0.028596
    31 5.928185 0.378912 0.637283 2.945638 -0.186886 0.107105
    32 5.074002 0.000001 -0.000001 0.000000 0.000000 0.000000
    33 3.325999 0.000001 0.000002 0.000000 -0.000001 0.000000
    34 6.189647 0.568800 -0.554352 2.949214 -0.013682 0.082709
    35 5.511002 0.000002 0.000001 0.000000 0.000000 0.012404
    36 3.325017 -0.000001 -0.000001 0.000000 0.000000 -0.009884
    37 5.900460 0.299200 -1.780354 2.948545 0.128545 0.102472
    38 5.248501 0.000003 -0.000001 0.000000 0.000000 0.011838
    39 3.151001 0.000001 -0.000001 0.000000 0.000000 -0.010015
    40 7.600445 -0.908441 0.636362 0.000000 -1.570796 2.973902
    41 0.051795 -3.221541 -2.149795 1.570796 -0.003965 -3.124561
    42 -3.929418 0.000003 0.000000 0.456323 0.600730 -2.513550
    43 13.106231 0.000003 0.000000 0.000000 0.000000 2.026915
    44 3.929418 -0.000002 0.000000 -0.411327 0.538162 -0.583342
    45 13.106231 0.000002 0.000000 0.000000 0.000000 -2.064136
    46 3.007646 4.344520 0.542817 1.321605 -0.270767 0.706112
    47 10.074753 -0.000005 -0.000001 0.000000 0.000000 -1.630424
    48 10.292003 -0.000002 0.000000 0.000000 0.000000 -0.425803
    49 -2.753414 4.323161 0.558394 1.931780 -0.224239 2.278513
    50 10.074757 0.000002 0.000000 0.000000 0.000000 -1.604180
    51 10.292000 -0.000001 -0.000001 0.000000 0.000000 -0.406073
  time 42
    0 31.373500 -68.753123 34.588627 1.570796 0.000000 -1.570796
    1 0.000000 0.000000 0.000000 0.000000 0.000000 0.000000
    2 3.890447 0.000000 0.000000 -1.570796 -0.054711 -1.451993
    3 17.591000 0.000000 0.000000 0.000000 0.000000 0.153903
    4 17.699581 0.000000 0.000000 -0.122557 0.022046 -1.083904
    5 -3.890447 0.000000 0.000000 -1.570797 -0.054711 -1.689600
    6 17.590998 0.000000 0.000000 0.000000 0.000000 0.153903
    7 17.699581 0.000000 0.000000 0.133252 -0.022046 -1.083904
    8 0.000000 3.345132 -2.981898 1.570796 0.052893 1.570796
    9 4.126621 0.000000 0.000000 0.000000 0.000000 -0.109958
    10 3.612873 0.000000 0.000000 0.000000 0.000000 0.157085
    11 9.183975 0.000000 0.000000 0.000000 0.000000 0.173457
    12 3.138083 0.000000 0.000000 3.141592 0.000000 -0.936567
    13 1.707666 0.000001 0.000000 0.000000 0.000000 -0.403112
    14 1.663039 1.210510 2.595493 1.585881 -1.286515 2.954168
    15 6.028141 0.000002 0.000000 -1.570685 -0.056434 -0.592417
    16 12.693002 0.000000 0.000001 0.000000 0.000000 -0.762857
    17 11.575974 0.000001 -0.000031 1.151993 -0.002657 0.038189
    18 5.562233 -0.288268 -0.510574 -3.061675 0.198455 -0.005041
    19 5.158500 -0.000001 -0.000001 -0.070282 -0.005680 0.008797
    20 3.326002 -0.000001 0.000000 0.008885 -0.007390 0.009850
    21 5.591166 -0.279020 1.848881 -3.062784 -0.107159 0.004678
    22 5.292999 0.000001 -0.000002 -0.073575 -0.006250 0.008402
    23 3.079116 -0.000001 0.000002 0.006978 -0.006850 0.007920
    24 5.739738 -0.095433 0.607274 -3.063221 0.025568 -0.018370
    25 5.652501 -0.000001 0.000000 -0.067745 -0.006072 0.008532
    26 3.325017 0.000000 -0.000002 0.009338 -0.006636 0.008100
    27 1.663050 1.210515 -2.595442 -1.665774 1.282032 2.945760
    28 6.028141 -0.000001 0.000000 1.632088 0.067144 -0.580410
    29 12.693002 0.000000 0.000003 0.000000 0.000000 -0.811694
    30 11.599607 0.000002 0.000001 -1.164891 -0.106508 0.028596
    31 5.928185 0.378912 0.637283 2.945638 -0.186886 0.107105
    32 5.074002 0.000001 -0.000001 0.000000 0.000000 0.000000
    33 3.325999 0.000001 0.000002 0.000000 -0.000001 0.000000
    34 6.189647 0.568800 -0.554352 2.949214 -0.013682 0.082709
    35 5.511002 0.000002 0.000001 0.000000 0.000000 0.012404
    36 3.325017 -0.000001 -0.000001 0.000000 0.000000 -0.009884
    37 5.900460 0.299200 -1.780354 2.948545 0.128545 0.102472
    38 5.248501 0.000003 -0.000001 0.000000 0.000000 0.011838
    39 3.151001 0.000001 -0.000001 0.000000 0.000000 -0.010015
    40 7.600445 -0.908441 0.636362 0.000000 -1.570796 2.973902
    41 0.051795 -3.221541 -2.149795 1.570796 -0.003965 -3.124561
    42 -3.929418 0.000003 0.000000 0.456323 0.600730 -2.513550
    43 13.106231 0.000003 0.000000 0.000000 0.000000 2.026915
    44 3.929418 -0.000002 0.000000 -0.411327 0.538162 -0.583342
    45 13.106231 0.000002 0.000000 0.000000 0.000000 -2.064136
    46 3.007646 4.344520 0.542817 1.321605 -0.270767 0.706112
    47 10.074753 -0.000005 -0.000001 0.000000 0.000000 -1.630424
    48 10.292003 -0.000002 0.000000 0.000000 0.000000 -0.425803
    49 -2.753414 4.323161 0.558394 1.931780 -0.224239 2.278513
    50 10.074757 0.000002 0.000000 0.000000 0.000000 -1.604180
    51 10.292000 -0.000001 -0.000001 0.000000 0.000000 -0.406073
  time 43
    0 31.811459 -69.761619 34.533395 1.570796 0.000000 -1.570796
    1 0.000000 0.000000 0.000000 0.000000 0.000000 0.000000
    2 3.890447 0.000000 0.000000 -1.570796 -0.054711 -1.451993
    3 17.591000 0.000000 0.000000 0.000000 0.000000 0.153903
    4 17.699581 0.000000 0.000000 -0.122557 0.022046 -1.083904
    5 -3.890447 0.000000 0.000000 -1.570797 -0.054711 -1.689600
    6 17.590998 0.000000 0.000000 0.000000 0.000000 0.153903
    7 17.699581 0.000000 0.000000 0.133252 -0.022046 -1.083904
    8 0.000000 3.345132 -2.981898 1.570796 0.052893 1.570796
    9 4.126621 0.000000 0.000000 0.000000 0.000000 -0.109958
    10 3.612873 0.000000 0.000000 0.000000 0.000000 0.157085
    11 9.183975 0.000000 0.000000 0.000000 0.000000 0.173457
    12 3.138083 0.000000 0.000000 3.141592 0.000000 -0.936567
    13 1.707666 0.000001 0.000000 0.000000 0.000000 -0.403112
    14 1.663039 1.210510 2.595493 1.585881 -1.286515 2.954168
    15 6.028141 0.000002 0.000000 -1.570685 -0.056434 -0.592417
    16 12.693002 0.000000 0.000001 0.000000 0.000000 -0.762857
    17 11.575974 0.000001 -0.000031 1.151993 -0.002657 0.038189
    18 5.562233 -0.288268 -0.510574 -3.061675 0.198455 -0.005041
    19 5.158500 -0.000001 -0.000001 -0.070282 -0.005680 0.008797
    20 3.326002 -0.000001 0.000000 0.008885 -0.007390 0.009850
    21 5.591166 -0.279020 1.848881 -3.062784 -0.107159 0.004678
    22 5.292999 0.000001 -0.000002 -0.073575 -0.006250 0.008402
    23 3.079116 -0.000001 0.000002 0.006978 -0.006850 0.007920
    24 5.739738 -0.095433 0.607274 -3.063221 0.025568 -0.018370
    25 5.652501 -0.000001 0.000000 -0.067745 -0.006072 0.008532
    26 3.325017 0.000000 -0.000002 0.009338 -0.006636 0.008100
    27 1.663050 1.210515 -2.595442 -1.665774 1.282032 2.945760
    28 6.028141 -0.000001 0.000000 1.632088 0.067144 -0.580410
    29 12.693002 0.000000 0.000003 0.000000 0.000000 -0.811694
    30 11.599607 0.000002 0.000001 -1.164891 -0.106508 0.028596
    31 5.928185 0.378912 0.637283 2.945638 -0.186886 0.107105
    32 5.074002 0.000001 -0.000001 0.000000 0.000000 0.000000
    33 3.325999 0.000001 0.000002 0.000000 -0.000001 0.000000
    34 6.189647 0.568800 -0.554352 2.949214 -0.013682 0.082709
    35 5.511002 0.000002 0.000001 0.000000 0.000000 0.012404
    36 3.325017 -0.000001 -0.000001 0.000000 0.000000 -0.009884
    37 5.900460 0.299200 -1.780354 2.948545 0.128545 0.102472
    38 5.248501 0.000003 -0.000001 0.000000 0.000000 0.011838
    39 3.151001 0.000001 -0.000001 0.000000 0.000000 -0.010015
    40 7.600445 -0.908441 0.636362 0.000000 -1.570796 2.973902
    41 0.051795 -3.221541 -2.149795 1.570796 -0.003965 -3.124561
    42 -3.929418 0.000003 0.000000 0.456323 0.600730 -2.513550
    43 13.106231 0.000003 0.000000 0.000000 0.000000 2.026915
    44 3.929418 -0.000002 0.000000 -0.411327 0.538162 -0.583342
    45 13.106231 0.000002 0.000000 0.000000 0.000000 -2.064136
    46 3.007646 4.344520 0.542817 1.321605 -0.270767 0.706112
    47 10.074753 -0.000005 -0.000001 0.000000 0.000000 -1.630424
    48 10.292003 -0.000002 0.000000 0.000000 0.000000 -0.425803
    49 -2.753414 4.323161 0.558394 1.931780 -0.224239 2.278513
    50 10.074757 0.000002 0.000000 0.000000 0.000000 -1.604180
    51 10.292000 -0.000001 -0.000001 0.000000 0.000000 -0.406073
  time 44
    0 32.236725 -70.740883 34.479764 1.570796 0.000000 -1.570796
    1 0.000000 0.000000 0.000000 0.000000 0.000000 0.000000
    2 3.890447 0.000000 0.000000 -1.570796 -0.054711 -1.451993
    3 17.591000 0.000000 0.000000 0.000000 0.000000 0.153903
    4 17.699581 0.000000 0.000000 -0.122557 0.022046 -1.083904
    5 -3.890447 0.000000 0.000000 -1.570797 -0.054711 -1.689600
    6 17.590998 0.000000 0.000000 0.000000 0.000000 0.153903
    7 17.699581 0.000000 0.000000 0.133252 -0.022046 -1.083904
    8 0.000000 3.345132 -2.981898 1.570796 0.052893 1.570796
    9 4.126621 0.000000 0.000000 0.000000 0.000000 -0.109958
    10 3.612873 0.000000 0.000000 0.000000 0.000000 0.157085
    11 9.183975 0.000000 0.000000 0.000000 0.000000 0.173457
    12 3.138083 0.000000 0.000000 3.141592 0.000000 -0.936567
    13 1.707666 0.000001 0.000000 0.000000 0.000000 -0.403112
    14 1.663039 1.210510 2.595493 1.585881 -1.286515 2.954168
    15 6.028141 0.000002 0.000000 -1.570685 -0.056434 -0.592417
    16 12.693002 0.000000 0.000001 0.000000 0.000000 -0.762857
    17 11.575974 0.000001 -0.000031 1.151993 -0.002657 0.038189
    18 5.562233 -0.288268 -0.510574 -3.061675 0.198455 -0.005041
    19 5.158500 -0.000001 -0.000001 -0.070282 -0.005680 0.008797
    20 3.326002 -0.000001 0.000000 0.008885 -0.007390 0.009850
    21 5.591166 -0.279020 1.848881 -3.062784 -0.107159 0.004678
    22 5.292999 0.000001 -0.000002 -0.073575 -0.006250 0.008402
    23 3.079116 -0.000001 0.000002 0.006978 -0.006850 0.007920
    24 5.739738 -0.095433 0.607274 -3.063221 0.025568 -0.018370
    25 5.652501 -0.000001 0.000000 -0.067745 -0.006072 0.008532
    26 3.325017 0.000000 -0.000002 0.009338 -0.006636 0.008100
    27 1.663050 1.210515 -2.595442 -1.665774 1.282032 2.945760
    28 6.028141 -0.000001 0.000000 1.632088 0.067144 -0.580410
    29 12.693002 0.000000 0.000003 0.000000 0.000000 -0.811694
    30 11.599607 0.000002 0.000001 -1.164891 -0.106508 0.028596
    31 5.928185 0.378912 0.637283 2.945638 -0.186886 0.107105
    32 5.074002 0.000001 -0.000001 0.000000 0.000000 0.000000
    33 3.325999 0.000001 0.000002 0.000000 -0.000001 0.000000
    34 6.189647 0.568800 -0.554352 2.949214 -0.013682 0.082709
    35 5.511002 0.000002 0.000001 0.000000 0.000000 0.012404
    36 3.325017 -0.000001 -0.000001 0.000000 0.000000 -0.009884
    37 5.900460 0.299200 -1.780354 2.948545 0.128545 0.102472
    38 5.248501 0.000003 -0.000001 0.000000 0.000000 0.011838
    39 3.151001 0.000001 -0.000001 0.000000 0.000000 -0.010015
    40 7.600445 -0.908441 0.636362 0.000000 -1.570796 2.973902
    41 0.051795 -3.221541 -2.149795 1.570796 -0.003965 -3.124561
    42 -3.929418 0.000003 0.000000 0.456323 0.600730 -2.513550
    43 13.106231 0.000003 0.000000 0.000000 0.000000 2.026915
    44 3.929418 -0.000002 0.000000 -0.411327 0.538162 -0.583342
    45 13.106231 0.000002 0.000000 0.000000 0.000000 -2.064136
    46 3.007646 4.344520 0.542817 1.321605 -0.270767 0.706112
    47 10.074753 -0.000005 -0.000001 0.000000 0.000000 -1.630424
    48 10.292003 -0.000002 0.000000 0.000000 0.000000 -0.425803
    49 -2.753414 4.323161 0.558394 1.931780 -0.224239 2.278513
    50 10.074757 0.000002 0.000000 0.000000 0.000000 -1.604180
    51 10.292000 -0.000001 -0.000001 0.000000 0.000000 -0.406073
  time 45
    0 32.649295 -71.690916 34.427734 1.570796 0.000000 -1.570796
    1 0.000000 0.000000 0.000000 0.000000 0.000000 0.000000
    2 3.890447 0.000000 0.000000 -1.570796 -0.054711 -1.451993
    3 17.591000 0.000000 0.000000 0.000000 0.000000 0.153903
    4 17.699581 0.000000 0.000000 -0.122557 0.022046 -1.083904
    5 -3.890447 0.000000 0.000000 -1.570797 -0.054711 -1.689600
    6 17.590998 0.000000 0.000000 0.000000 0.000000 0.153903
    7 17.699581 0.000000 0.000000 0.133252 -0.022046 -1.083904
    8 0.000000 3.345132 -2.981898 1.570796 0.052893 1.570796
    9 4.126621 0.000000 0.000000 0.000000 0.000000 -0.109958
    10 3.612873 0.000000 0.000000 0.000000 0.000000 0.157085
    11 9.183975 0.000000 0.000000 0.000000 0.000000 0.173457
    12 3.138083 0.000000 0.000000 3.141592 0.000000 -0.936567
    13 1.707666 0.000001 0.000000 0.000000 0.000000 -0.403112
    14 1.663039 1.210510 2.595493 1.585881 -1.286515 2.954168
    15 6.028141 0.000002 0.000000 -1.570685 -0.056434 -0.592417
    16 12.693002 0.000000 0.000001 0.000000 0.000000 -0.762857
    17 11.575974 0.000001 -0.000031 1.151993 -0.002657 0.038189
    18 5.562233 -0.288268 -0.510574 -3.061675 0.198455 -0.005041
    19 5.158500 -0.000001 -0.000001 -0.070282 -0.005680 0.008797
    20 3.326002 -0.000001 0.000000 0.008885 -0.007390 0.009850
    21 5.591166 -0.279020 1.848881 -3.062784 -0.107159 0.004678
    22 5.292999 0.000001 -0.000002 -0.073575 -0.006250 0.008402
    23 3.079116 -0.000001 0.000002 0.006978 -0.006850 0.007920
    24 5.739738 -0.095433 0.607274 -3.063221 0.025568 -0.018370
    25 5.652501 -0.000001 0.000000 -0.067745 -0.006072 0.008532
    26 3.325017 0.000000 -0.000002 0.009338 -0.006636 0.008100
    27 1.663050 1.210515 -2.595442 -1.665774 1.282032 2.945760
    28 6.028141 -0.000001 0.000000 1.632088 0.067144 -0.580410
    29 12.693002 0.000000 0.000003 0.000000 0.000000 -0.811694
    30 11.599607 0.000002 0.000001 -1.164891 -0.106508 0.028596
    31 5.928185 0.378912 0.637283 2.945638 -0.186886 0.107105
    32 5.074002 0.000001 -0.000001 0.000000 0.000000 0.000000
    33 3.325999 0.000001 0.000002 0.000000 -0.000001 0.000000
    34 6.189647 0.568800 -0.554352 2.949214 -0.013682 0.082709
    35 5.511002 0.000002 0.000001 0.000000 0.000000 0.012404
    36 3.325017 -0.000001 -0.000001 0.000000 0.000000 -0.009884
    37 5.900460 0.299200 -1.780354 2.948545 0.128545 0.102472
    38 5.248501 0.000003 -0.000001 0.000000 0.000000 0.011838
    39 3.151001 0.000001 -0.000001 0.000000 0.000000 -0.010015
    40 7.600445 -0.908441 0.636362 0.000000 -1.570796 2.973902
    41 0.051795 -3.221541 -2.149795 1.570796 -0.003965 -3.124561
    42 -3.929418 0.000003 0.000000 0.456323 0.600730 -2.513550
    43 13.106231 0.000003 0.000000 0.000000 0.000000 2.026915
    44 3.929418 -0.000002 0.000000 -0.411327 0.538162 -0.583342
    45 13.106231 0.000002 0.000000 0.000000 0.000000 -2.064136
    46 3.007646 4.344520 0.542817 1.321605 -0.270767 0.706112
    47 10.074753 -0.000005 -0.000001 0.000000 0.000000 -1.630424
    48 10.292003 -0.000002 0.000000 0.000000 0.000000 -0.425803
    49 -2.753414 4.323161 0.558394 1.931780 -0.224239 2.278513
    50 10.074757 0.000002 0.000000 0.000000 0.000000 -1.604180
    51 10.292000 -0.000001 -0.000001 0.000000 0.000000 -0.406073
  time 46
    0 33.049171 -72.611717 34.377305 1.570796 0.000000 -1.570796
    1 0.000000 0.000000 0.000000 0.000000 0.000000 0.000000
    2 3.890447 0.000000 0.000000 -1.570796 -0.054711 -1.451993
    3 17.591000 0.000000 0.000000 0.000000 0.000000 0.153903
    4 17.699581 0.000000 0.000000 -0.122557 0.022046 -1.083904
    5 -3.890447 0.000000 0.000000 -1.570797 -0.054711 -1.689600
    6 17.590998 0.000000 0.000000 0.000000 0.000000 0.153903
    7 17.699581 0.000000 0.000000 0.133252 -0.022046 -1.083904
    8 0.000000 3.345132 -2.981898 1.570796 0.052893 1.570796
    9 4.126621 0.000000 0.000000 0.000000 0.000000 -0.109958
    10 3.612873 0.000000 0.000000 0.000000 0.000000 0.157085
    11 9.183975 0.000000 0.000000 0.000000 0.000000 0.173457
    12 3.138083 0.000000 0.000000 3.141592 0.000000 -0.936567
    13 1.707666 0.000001 0.000000 0.000000 0.000000 -0.403112
    14 1.663039 1.210510 2.595493 1.585881 -1.286515 2.954168
    15 6.028141 0.000002 0.000000 -1.570685 -0.056434 -0.592417
    16 12.693002 0.000000 0.000001 0.000000 0.000000 -0.762857
    17 11.575974 0.000001 -0.000031 1.151993 -0.002657 0.038189
    18 5.562233 -0.288268 -0.510574 -3.061675 0.198455 -0.005041
    19 5.158500 -0.000001 -0.000001 -0.070282 -0.005680 0.008797
    20 3.326002 -0.000001 0.000000 0.008885 -0.007390 0.009850
    21 5.591166 -0.279020 1.848881 -3.062784 -0.107159 0.004678
    22 5.292999 0.000001 -0.000002 -0.073575 -0.006250 0.008402
    23 3.079116 -0.000001 0.000002 0.006978 -0.006850 0.007920
    24 5.739738 -0.095433 0.607274 -3.063221 0.025568 -0.018370
    25 5.652501 -0.000001 0.000000 -0.067745 -0.006072 0.008532
    26 3.325017 0.000000 -0.000002 0.009338 -0.006636 0.008100
    27 1.663050 1.210515 -2.595442 -1.665774 1.282032 2.945760
    28 6.028141 -0.000001 0.000000 1.632088 0.067144 -0.580410
    29 12.693002 0.000000 0.000003 0.000000 0.000000 -0.811694
    30 11.599607 0.000002 0.000001 -1.164891 -0.106508 0.028596
    31 5.928185 0.378912 0.637283 2.945638 -0.186886 0.107105
    32 5.074002 0.000001 -0.000001 0.000000 0.000000 0.000000
    33 3.325999 0.000001 0.000002 0.000000 -0.000001 0.000000
    34 6.189647 0.568800 -0.554352 2.949214 -0.013682 0.082709
    35 5.511002 0.000002 0.000001 0.000000 0.000000 0.012404
    36 3.325017 -0.000001 -0.000001 0.000000 0.000000 -0.009884
    37 5.900460 0.299200 -1.780354 2.948545 0.128545 0.102472
    38 5.248501 0.000003 -0.000001 0.000000 0.000000 0.011838
    39 3.151001 0.000001 -0.000001 0.000000 0.000000 -0.010015
    40 7.600445 -0.908441 0.636362 0.000000 -1.570796 2.973902
    41 0.051795 -3.221541 -2.149795 1.570796 -0.003965 -3.124561
    42 -3.929418 0.000003 0.000000 0.456323 0.600730 -2.513550
    43 13.106231 0.000003 0.000000 0.000000 0.000000 2.026915
    44 3.929418 -0.000002 0.000000 -0.411327 0.538162 -0.583342
    45 13.106231 0.000002 0.000000 0.000000 0.000000 -2.064136
    46 3.007646 4.344520 0.542817 1.321605 -0.270767 0.706112
    47 10.074753 -0.000005 -0.000001 0.000000 0.000000 -1.630424
    48 10.292003 -0.000002 0.000000 0.000000 0.000000 -0.425803
    49 -2.753414 4.323161 0.558394 1.931780 -0.224239 2.278513
    50 10.074757 0.000002 0.000000 0.000000 0.000000 -1.604180
    51 10.292000 -0.000001 -0.000001 0.000000 0.000000 -0.406073
  time 47
    0 33.436353 -73.503286 34.328477 1.570796 0.000000 -1.570796
    1 0.000000 0.000000 0.000000 0.000000 0.000000 0.000000
    2 3.890447 0.000000 0.000000 -1.570796 -0.054711 -1.451993
    3 17.591000 0.000000 0.000000 0.000000 0.000000 0.153903
    4 17.699581 0.000000 0.000000 -0.122557 0.022046 -1.083904
    5 -3.890447 0.000000 0.000000 -1.570797 -0.054711 -1.689600
    6 17.590998 0.000000 0.000000 0.000000 0.000000 0.153903
    7 17.699581 0.000000 0.000000 0.133252 -0.022046 -1.083904
    8 0.000000 3.345132 -2.981898 1.570796 0.052893 1.570796
    9 4.126621 0.000000 0.000000 0.000000 0.000000 -0.109958
    10 3.612873 0.000000 0.000000 0.000000 0.000000 0.157085
    11 9.183975 0.000000 0.000000 0.000000 0.000000 0.173457
    12 3.138083 0.000000 0.000000 3.141592 0.000000 -0.936567
    13 1.707666 0.000001 0.000000 0.000000 0.000000 -0.403112
    14 1.663039 1.210510 2.595493 1.585881 -1.286515 2.954168
    15 6.028141 0.000002 0.000000 -1.570685 -0.056434 -0.592417
    16 12.693002 0.000000 0.000001 0.000000 0.000000 -0.762857
    17 11.575974 0.000001 -0.000031 1.151993 -0.002657 0.038189
    18 5.562233 -0.288268 -0.510574 -3.061675 0.198455 -0.005041
    19 5.158500 -0.000001 -0.000001 -0.070282 -0.005680 0.008797
    20 3.326002 -0.000001 0.000000 0.008885 -0.007390 0.009850
    21 5.591166 -0.279020 1.848881 -3.062784 -0.107159 0.004678
    22 5.292999 0.000001 -0.000002 -0.073575 -0.006250 0.008402
    23 3.079116 -0.000001 0.000002 0.006978 -0.006850 0.007920
    24 5.739738 -0.095433 0.607274 -3.063221 0.025568 -0.018370
    25 5.652501 -0.000001 0.000000 -0.067745 -0.006072 0.008532
    26 3.325017 0.000000 -0.000002 0.009338 -0.006636 0.008100
    27 1.663050 1.210515 -2.595442 -1.665774 1.282032 2.945760
    28 6.028141 -0.000001 0.000000 1.632088 0.067144 -0.580410
    29 12.693002 0.000000 0.000003 0.000000 0.000000 -0.811694
    30 11.599607 0.000002 0.000001 -1.164891 -0.106508 0.028596
    31 5.928185 0.378912 0.637283 2.945638 -0.186886 0.107105
    32 5.074002 0.000001 -0.000001 0.000000 0.000000 0.000000
    33 3.325999 0.000001 0.000002 0.000000 -0.000001 0.000000
    34 6.189647 0.568800 -0.554352 2.949214 -0.013682 0.082709
    35 5.511002 0.000002 0.000001 0.000000 0.000000 0.012404
    36 3.325017 -0.000001 -0.000001 0.000000 0.000000 -0.009884
    37 5.900460 0.299200 -1.780354 2.948545 0.128545 0.102472
    38 5.248501 0.000003 -0.000001 0.000000 0.000000 0.011838
    39 3.151001 0.000001 -0.000001 0.000000 0.000000 -0.010015
    40 7.600445 -0.908441 0.636362 0.000000 -1.570796 2.973902
    41 0.051795 -3.221541 -2.149795 1.570796 -0.003965 -3.124561
    42 -3.929418 0.000003 0.000000 0.456323 0.600730 -2.513550
    43 13.106231 0.000003 0.000000 0.000000 0.000000 2.026915
    44 3.929418 -0.000002 0.000000 -0.411327 0.538162 -0.583342
    45 13.106231 0.000002 0.000000 0.000000 0.000000 -2.064136
    46 3.007646 4.344520 0.542817 1.321605 -0.270767 0.706112
    47 10.074753 -0.000005 -0.000001 0.000000 0.000000 -1.630424
    48 10.292003 -0.000002 0.000000 0.000000 0.000000 -0.425803
    49 -2.753414 4.323161 0.558394 1.931780 -0.224239 2.278513
    50 10.074757 0.000002 0.000000 0.000000 0.000000 -1.604180
    51 10.292000 -0.000001 -0.000001 0.000000 0.000000 -0.406073
  time 48
    0 33.810840 -74.365623 34.281250 1.570796 0.000000 -1.570796
    1 0.000000 0.000000 0.000000 0.000000 0.000000 0.000000
    2 3.890447 0.000000 0.000000 -1.570796 -0.054711 -1.451993
    3 17.591000 0.000000 0.000000 0.000000 0.000000 0.153903
    4 17.699581 0.000000 0.000000 -0.122557 0.022046 -1.083904
    5 -3.890447 0.000000 0.000000 -1.570797 -0.054711 -1.689600
    6 17.590998 0.000000 0.000000 0.000000 0.000000 0.153903
    7 17.699581 0.000000 0.000000 0.133252 -0.022046 -1.083904
    8 0.000000 3.345132 -2.981898 1.570796 0.052893 1.570796
    9 4.126621 0.000000 0.000000 0.000000 0.000000 -0.109958
    10 3.612873 0.000000 0.000000 0.000000 0.000000 0.157085
    11 9.183975 0.000000 0.000000 0.000000 0.000000 0.173457
    12 3.138083 0.000000 0.000000 3.141592 0.000000 -0.936567
    13 1.707666 0.000001 0.000000 0.000000 0.000000 -0.403112
    14 1.663039 1.210510 2.595493 1.585881 -1.286515 2.954168
    15 6.028141 0.000002 0.000000 -1.570685 -0.056434 -0.592417
    16 12.693002 0.000000 0.000001 0.000000 0.000000 -0.762857
    17 11.575974 0.000001 -0.000031 1.151993 -0.002657 0.038189
    18 5.562233 -0.288268 -0.510574 -3.061675 0.198455 -0.005041
    19 5.158500 -0.000001 -0.000001 -0.070282 -0.005680 0.008797
    20 3.326002 -0.000001 0.000000 0.008885 -0.007390 0.009850
    21 5.591166 -0.279020 1.848881 -3.062784 -0.107159 0.004678
    22 5.292999 0.000001 -0.000002 -0.073575 -0.006250 0.008402
    23 3.079116 -0.000001 0.000002 0.006978 -0.006850 0.007920
    24 5.739738 -0.095433 0.607274 -3.063221 0.025568 -0.018370
    25 5.652501 -0.000001 0.000000 -0.067745 -0.006072 0.008532
    26 3.325017 0.000000 -0.000002 0.009338 -0.006636 0.008100
    27 1.663050 1.210515 -2.595442 -1.665774 1.282032 2.945760
    28 6.028141 -0.000001 0.000000 1.632088 0.067144 -0.580410
    29 12.693002 0.000000 0.000003 0.000000 0.000000 -0.811694
    30 11.599607 0.000002 0.000001 -1.164891 -0.106508 0.028596
    31 5.928185 0.378912 0.637283 2.945638 -0.186886 0.107105
    32 5.074002 0.000001 -0.000001 0.000000 0.000000 0.000000
    33 3.325999 0.000001 0.000002 0.000000 -0.000001 0.000000
    34 6.189647 0.568800 -0.554352 2.949214 -0.013682 0.082709
    35 5.511002 0.000002 0.000001 0.000000 0.000000 0.012404
    36 3.325017 -0.000001 -0.000001 0.000000 0.000000 -0.009884
    37 5.900460 0.299200 -1.780354 2.948545 0.128545 0.102472
    38 5.248501 0.000003 -0.000001 0.000000 0.000000 0.011838
    39 3.151001 0.000001 -0.000001 0.000000 0.000000 -0.010015
    40 7.600445 -0.908441 0.636362 0.000000 -1.570796 2.973902
    41 0.051795 -3.221541 -2.149795 1.570796 -0.003965 -3.124561
    42 -3.929418 0.000003 0.000000 0.456323 0.600730 -2.513550
    43 13.106231 0.000003 0.000000 0.000000 0.000000 2.026915
    44 3.929418 -0.000002 0.000000 -0.411327 0.538162 -0.583342
    45 13.106231 0.000002 0.000000 0.000000 0.000000 -2.064136
    46 3.007646 4.344520 0.542817 1.321605 -0.270767 0.706112
    47 10.074753 -0.000005 -0.000001 0.000000 0.000000 -1.630424
    48 10.292003 -0.000002 0.000000 0.000000 0.000000 -0.425803
    49 -2.753414 4.323161 0.558394 1.931780 -0.224239 2.278513
    50 10.074757 0.000002 0.000000 0.000000 0.000000 -1.604180
    51 10.292000 -0.000001 -0.000001 0.000000 0.000000 -0.406073
  time 49
    0 34.172633 -75.198728 34.235624 1.570796 0.000000 -1.570796
    1 0.000000 0.000000 0.000000 0.000000 0.000000 0.000000
    2 3.890447 0.000000 0.000000 -1.570796 -0.054711 -1.451993
    3 17.591000 0.000000 0.000000 0.000000 0.000000 0.153903
    4 17.699581 0.000000 0.000000 -0.122557 0.022046 -1.083904
    5 -3.890447 0.000000 0.000000 -1.570797 -0.054711 -1.689600
    6 17.590998 0.000000 0.000000 0.000000 0.000000 0.153903
    7 17.699581 0.000000 0.000000 0.133252 -0.022046 -1.083904
    8 0.000000 3.345132 -2.981898 1.570796 0.052893 1.570796
    9 4.126621 0.000000 0.000000 0.000000 0.000000 -0.109958
    10 3.612873 0.000000 0.000000 0.000000 0.000000 0.157085
    11 9.183975 0.000000 0.000000 0.000000 0.000000 0.173457
    12 3.138083 0.000000 0.000000 3.141592 0.000000 -0.936567
    13 1.707666 0.000001 0.000000 0.000000 0.000000 -0.403112
    14 1.663039 1.210510 2.595493 1.585881 -1.286515 2.954168
    15 6.028141 0.000002 0.000000 -1.570685 -0.056434 -0.592417
    16 12.693002 0.000000 0.000001 0.000000 0.000000 -0.762857
    17 11.575974 0.000001 -0.000031 1.151993 -0.002657 0.038189
    18 5.562233 -0.288268 -0.510574 -3.061675 0.198455 -0.005041
    19 5.158500 -0.000001 -0.000001 -0.070282 -0.005680 0.008797
    20 3.326002 -0.000001 0.000000 0.008885 -0.007390 0.009850
    21 5.591166 -0.279020 1.848881 -3.062784 -0.107159 0.004678
    22 5.292999 0.000001 -0.000002 -0.073575 -0.006250 0.008402
    23 3.079116 -0.000001 0.000002 0.006978 -0.006850 0.007920
    24 5.739738 -0.095433 0.607274 -3.063221 0.025568 -0.018370
    25 5.652501 -0.000001 0.000000 -0.067745 -0.006072 0.008532
    26 3.325017 0.000000 -0.000002 0.009338 -0.006636 0.008100
    27 1.663050 1.210515 -2.595442 -1.665774 1.282032 2.945760
    28 6.028141 -0.000001 0.000000 1.632088 0.067144 -0.580410
    29 12.693002 0.000000 0.000003 0.000000 0.000000 -0.811694
    30 11.599607 0.000002 0.000001 -1.164891 -0.106508 0.028596
    31 5.928185 0.378912 0.637283 2.945638 -0.186886 0.107105
    32 5.074002 0.000001 -0.000001 0.000000 0.000000 0.000000
    33 3.325999 0.000001 0.000002 0.000000 -0.000001 0.000000
    34 6.189647 0.568800 -0.554352 2.949214 -0.013682 0.082709
    35 5.511002 0.000002 0.000001 0.000000 0.000000 0.012404
    36 3.325017 -0.000001 -0.000001 0.000000 0.000000 -0.009884
    37 5.900460 0.299200 -1.780354 2.948545 0.128545 0.102472
    38 5.248501 0.000003 -0.000001 0.000000 0.000000 0.011838
    39 3.151001 0.000001 -0.000001 0.000000 0.000000 -0.010015
    40 7.600445 -0.908441 0.636362 0.000000 -1.570796 2.973902
    41 0.051795 -3.221541 -2.149795 1.570796 -0.003965 -3.124561
    42 -3.929418 0.000003 0.000000 0.456323 0.600730 -2.513550
    43 13.106231 0.000003 0.000000 0.000000 0.000000 2.026915
    44 3.929418 -0.000002 0.000000 -0.411327 0.538162 -0.583342
    45 13.106231 0.000002 0.000000 0.000000 0.000000 -2.064136
    46 3.007646 4.344520 0.542817 1.321605 -0.270767 0.706112
    47 10.074753 -0.000005 -0.000001 0.000000 0.000000 -1.630424
    48 10.292003 -0.000002 0.000000 0.000000 0.000000 -0.425803
    49 -2.753414 4.323161 0.558394 1.931780 -0.224239 2.278513
    50 10.074757 0.000002 0.000000 0.000000 0.000000 -1.604180
    51 10.292000 -0.000001 -0.000001 0.000000 0.000000 -0.406073
  time 50
    0 34.521731 -76.002602 34.191599 1.570796 0.000000 -1.570796
    1 0.000000 0.000000 0.000000 0.000000 0.000000 0.000000
    2 3.890447 0.000000 0.000000 -1.570796 -0.054711 -1.451993
    3 17.591000 0.000000 0.000000 0.000000 0.000000 0.153903
    4 17.699581 0.000000 0.000000 -0.122557 0.022046 -1.083904
    5 -3.890447 0.000000 0.000000 -1.570797 -0.054711 -1.689600
    6 17.590998 0.000000 0.000000 0.000000 0.000000 0.153903
    7 17.699581 0.000000 0.000000 0.133252 -0.022046 -1.083904
    8 0.000000 3.345132 -2.981898 1.570796 0.052893 1.570796
    9 4.126621 0.000000 0.000000 0.000000 0.000000 -0.109958
    10 3.612873 0.000000 0.000000 0.000000 0.000000 0.157085
    11 9.183975 0.000000 0.000000 0.000000 0.000000 0.173457
    12 3.138083 0.000000 0.000000 3.141592 0.000000 -0.936567
    13 1.707666 0.000001 0.000000 0.000000 0.000000 -0.403112
    14 1.663039 1.210510 2.595493 1.585881 -1.286515 2.954168
    15 6.028141 0.000002 0.000000 -1.570685 -0.056434 -0.592417
    16 12.693002 0.000000 0.000001 0.000000 0.000000 -0.762857
    17 11.575974 0.000001 -0.000031 1.151993 -0.002657 0.038189
    18 5.562233 -0.288268 -0.510574 -3.061675 0.198455 -0.005041
    19 5.158500 -0.000001 -0.000001 -0.070282 -0.005680 0.008797
    20 3.326002 -0.000001 0.000000 0.008885 -0.007390 0.009850
    21 5.591166 -0.279020 1.848881 -3.062784 -0.107159 0.004678
    22 5.292999 0.000001 -0.000002 -0.073575 -0.006250 0.008402
    23 3.079116 -0.000001 0.000002 0.006978 -0.006850 0.007920
    24 5.739738 -0.095433 0.607274 -3.063221 0.025568 -0.018370
    25 5.652501 -0.000001 0.000000 -0.067745 -0.006072 0.008532
    26 3.325017 0.000000 -0.000002 0.009338 -0.006636 0.008100
    27 1.663050 1.210515 -2.595442 -1.665774 1.282032 2.945760
    28 6.028141 -0.000001 0.000000 1.632088 0.067144 -0.580410
    29 12.693002 0.000000 0.000003 0.000000 0.000000 -0.811694
    30 11.599607 0.000002 0.000001 -1.164891 -0.106508 0.028596
    31 5.928185 0.378912 0.637283 2.945638 -0.186886 0.107105
    32 5.074002 0.000001 -0.000001 0.000000 0.000000 0.000000
    33 3.325999 0.000001 0.000002 0.000000 -0.000001 0.000000
    34 6.189647 0.568800 -0.554352 2.949214 -0.013682 0.082709
    35 5.511002 0.000002 0.000001 0.000000 0.000000 0.012404
    36 3.325017 -0.000001 -0.000001 0.000000 0.000000 -0.009884
    37 5.900460 0.299200 -1.780354 2.948545 0.128545 0.102472
    38 5.248501 0.000003 -0.000001 0.000000 0.000000 0.011838
    39 3.151001 0.000001 -0.000001 0.000000 0.000000 -0.010015
    40 7.600445 -0.908441 0.636362 0.000000 -1.570796 2.973902
    41 0.051795 -3.221541 -2.149795 1.570796 -0.003965 -3.124561
    42 -3.929418 0.000003 0.000000 0.456323 0.600730 -2.513550
    43 13.106231 0.000003 0.000000 0.000000 0.000000 2.026915
    44 3.929418 -0.000002 0.000000 -0.411327 0.538162 -0.583342
    45 13.106231 0.000002 0.000000 0.000000 0.000000 -2.064136
    46 3.007646 4.344520 0.542817 1.321605 -0.270767 0.706112
    47 10.074753 -0.000005 -0.000001 0.000000 0.000000 -1.630424
    48 10.292003 -0.000002 0.000000 0.000000 0.000000 -0.425803
    49 -2.753414 4.323161 0.558394 1.931780 -0.224239 2.278513
    50 10.074757 0.000002 0.000000 0.000000 0.000000 -1.604180
    51 10.292000 -0.000001 -0.000001 0.000000 0.000000 -0.406073
  time 51
    0 34.858135 -76.777244 34.149175 1.570796 0.000000 -1.570796
    1 0.000000 0.000000 0.000000 0.000000 0.000000 0.000000
    2 3.890447 0.000000 0.000000 -1.570796 -0.054711 -1.451993
    3 17.591000 0.000000 0.000000 0.000000 0.000000 0.153903
    4 17.699581 0.000000 0.000000 -0.122557 0.022046 -1.083904
    5 -3.890447 0.000000 0.000000 -1.570797 -0.054711 -1.689600
    6 17.590998 0.000000 0.000000 0.000000 0.000000 0.153903
    7 17.699581 0.000000 0.000000 0.133252 -0.022046 -1.083904
    8 0.000000 3.345132 -2.981898 1.570796 0.052893 1.570796
    9 4.126621 0.000000 0.000000 0.000000 0.000000 -0.109958
    10 3.612873 0.000000 0.000000 0.000000 0.000000 0.157085
    11 9.183975 0.000000 0.000000 0.000000 0.000000 0.173457
    12 3.138083 0.000000 0.000000 3.141592 0.000000 -0.936567
    13 1.707666 0.000001 0.000000 0.000000 0.000000 -0.403112
    14 1.663039 1.210510 2.595493 1.585881 -1.286515 2.954168
    15 6.028141 0.000002 0.000000 -1.570685 -0.056434 -0.592417
    16 12.693002 0.000000 0.000001 0.000000 0.000000 -0.762857
    17 11.575974 0.000001 -0.000031 1.151993 -0.002657 0.038189
    18 5.562233 -0.288268 -0.510574 -3.061675 0.198455 -0.005041
    19 5.158500 -0.000001 -0.000001 -0.070282 -0.005680 0.008797
    20 3.326002 -0.000001 0.000000 0.008885 -0.007390 0.009850
    21 5.591166 -0.279020 1.848881 -3.062784 -0.107159 0.004678
    22 5.292999 0.000001 -0.000002 -0.073575 -0.006250 0.008402
    23 3.079116 -0.000001 0.000002 0.006978 -0.006850 0.007920
    24 5.739738 -0.095433 0.607274 -3.063221 0.025568 -0.018370
    25 5.652501 -0.000001 0.000000 -0.067745 -0.006072 0.008532
    26 3.325017 0.000000 -0.000002 0.009338 -0.006636 0.008100
    27 1.663050 1.210515 -2.595442 -1.665774 1.282032 2.945760
    28 6.028141 -0.000001 0.000000 1.632088 0.067144 -0.580410
    29 12.693002 0.000000 0.000003 0.000000 0.000000 -0.811694
    30 11.599607 0.000002 0.000001 -1.164891 -0.106508 0.028596
    31 5.928185 0.378912 0.637283 2.945638 -0.186886 0.107105
    32 5.074002 0.000001 -0.000001 0.000000 0.000000 0.000000
    33 3.325999 0.000001 0.000002 0.000000 -0.000001 0.000000
    34 6.189647 0.568800 -0.554352 2.949214 -0.013682 0.082709
    35 5.511002 0.000002 0.000001 0.000000 0.000000 0.012404
    36 3.325017 -0.000001 -0.000001 0.000000 0.000000 -0.009884
    37 5.900460 0.299200 -1.780354 2.948545 0.128545 0.102472
    38 5.248501 0.000003 -0.000001 0.000000 0.000000 0.011838
    39 3.151001 0.000001 -0.000001 0.000000 0.000000 -0.010015
    40 7.600445 -0.908441 0.636362 0.000000 -1.570796 2.973902
    41 0.051795 -3.221541 -2.149795 1.570796 -0.003965 -3.124561
    42 -3.929418 0.000003 0.000000 0.456323 0.600730 -2.513550
    43 13.106231 0.000003 0.000000 0.000000 0.000000 2.026915
    44 3.929418 -0.000002 0.000000 -0.411327 0.538162 -0.583342
    45 13.106231 0.000002 0.000000 0.000000 0.000000 -2.064136
    46 3.007646 4.344520 0.542817 1.321605 -0.270767 0.706112
    47 10.074753 -0.000005 -0.000001 0.000000 0.000000 -1.630424
    48 10.292003 -0.000002 0.000000 0.000000 0.000000 -0.425803
    49 -2.753414 4.323161 0.558394 1.931780 -0.224239 2.278513
    50 10.074757 0.000002 0.000000 0.000000 0.000000 -1.604180
    51 10.292000 -0.000001 -0.000001 0.000000 0.000000 -0.406073
  time 52
    0 35.181844 -77.522654 34.108351 1.570796 0.000000 -1.570796
    1 0.000000 0.000000 0.000000 0.000000 0.000000 0.000000
    2 3.890447 0.000000 0.000000 -1.570796 -0.054711 -1.451993
    3 17.591000 0.000000 0.000000 0.000000 0.000000 0.153903
    4 17.699581 0.000000 0.000000 -0.122557 0.022046 -1.083904
    5 -3.890447 0.000000 0.000000 -1.570797 -0.054711 -1.689600
    6 17.590998 0.000000 0.000000 0.000000 0.000000 0.153903
    7 17.699581 0.000000 0.000000 0.133252 -0.022046 -1.083904
    8 0.000000 3.345132 -2.981898 1.570796 0.052893 1.570796
    9 4.126621 0.000000 0.000000 0.000000 0.000000 -0.109958
    10 3.612873 0.000000 0.000000 0.000000 0.000000 0.157085
    11 9.183975 0.000000 0.000000 0.000000 0.000000 0.173457
    12 3.138083 0.000000 0.000000 3.141592 0.000000 -0.936567
    13 1.707666 0.000001 0.000000 0.000000 0.000000 -0.403112
    14 1.663039 1.210510 2.595493 1.585881 -1.286515 2.954168
    15 6.028141 0.000002 0.000000 -1.570685 -0.056434 -0.592417
    16 12.693002 0.000000 0.000001 0.000000 0.000000 -0.762857
    17 11.575974 0.000001 -0.000031 1.151993 -0.002657 0.038189
    18 5.562233 -0.288268 -0.510574 -3.061675 0.198455 -0.005041
    19 5.158500 -0.000001 -0.000001 -0.070282 -0.005680 0.008797
    20 3.326002 -0.000001 0.000000 0.008885 -0.007390 0.009850
    21 5.591166 -0.279020 1.848881 -3.062784 -0.107159 0.004678
    22 5.292999 0.000001 -0.000002 -0.073575 -0.006250 0.008402
    23 3.079116 -0.000001 0.000002 0.006978 -0.006850 0.007920
    24 5.739738 -0.095433 0.607274 -3.063221 0.025568 -0.018370
    25 5.652501 -0.000001 0.000000 -0.067745 -0.006072 0.008532
    26 3.325017 0.000000 -0.000002 0.009338 -0.006636 0.008100
    27 1.663050 1.210515 -2.595442 -1.665774 1.282032 2.945760
    28 6.028141 -0.000001 0.000000 1.632088 0.067144 -0.580410
    29 12.693002 0.000000 0.000003 0.000000 0.000000 -0.811694
    30 11.599607 0.000002 0.000001 -1.164891 -0.106508 0.028596
    31 5.928185 0.378912 0.637283 2.945638 -0.186886 0.107105
    32 5.074002 0.000001 -0.000001 0.000000 0.000000 0.000000
    33 3.325999 0.000001 0.000002 0.000000 -0.000001 0.000000
    34 6.189647 0.568800 -0.554352 2.949214 -0.013682 0.082709
    35 5.511002 0.000002 0.000001 0.000000 0.000000 0.012404
    36 3.325017 -0.000001 -0.000001 0.000000 0.000000 -0.009884
    37 5.900460 0.299200 -1.780354 2.948545 0.128545 0.102472
    38 5.248501 0.000003 -0.000001 0.000000 0.000000 0.011838
    39 3.151001 0.000001 -0.000001 0.000000 0.000000 -0.010015
    40 7.600445 -0.908441 0.636362 0.000000 -1.570796 2.973902
    41 0.051795 -3.221541 -2.149795 1.570796 -0.003965 -3.124561
    42 -3.929418 0.000003 0.000000 0.456323 0.600730 -2.513550
    43 13.106231 0.000003 0.000000 0.000000 0.000000 2.026915
    44 3.929418 -0.000002 0.000000 -0.411327 0.538162 -0.583342
    45 13.106231 0.000002 0.000000 0.000000 0.000000 -2.064136
    46 3.007646 4.344520 0.542817 1.321605 -0.270767 0.706112
    47 10.074753 -0.000005 -0.000001 0.000000 0.000000 -1.630424
    48 10.292003 -0.000002 0.000000 0.000000 0.000000 -0.425803
    49 -2.753414 4.323161 0.558394 1.931780 -0.224239 2.278513
    50 10.074757 0.000002 0.000000 0.000000 0.000000 -1.604180
    51 10.292000 -0.000001 -0.000001 0.000000 0.000000 -0.406073
  time 53
    0 35.492859 -78.238832 34.069129 1.570796 0.000000 -1.570796
    1 0.000000 0.000000 0.000000 0.000000 0.000000 0.000000
    2 3.890447 0.000000 0.000000 -1.570796 -0.054711 -1.451993
    3 17.591000 0.000000 0.000000 0.000000 0.000000 0.153903
    4 17.699581 0.000000 0.000000 -0.122557 0.022046 -1.083904
    5 -3.890447 0.000000 0.000000 -1.570797 -0.054711 -1.689600
    6 17.590998 0.000000 0.000000 0.000000 0.000000 0.153903
    7 17.699581 0.000000 0.000000 0.133252 -0.022046 -1.083904
    8 0.000000 3.345132 -2.981898 1.570796 0.052893 1.570796
    9 4.126621 0.000000 0.000000 0.000000 0.000000 -0.109958
    10 3.612873 0.000000 0.000000 0.000000 0.000000 0.157085
    11 9.183975 0.000000 0.000000 0.000000 0.000000 0.173457
    12 3.138083 0.000000 0.000000 3.141592 0.000000 -0.936567
    13 1.707666 0.000001 0.000000 0.000000 0.000000 -0.403112
    14 1.663039 1.210510 2.595493 1.585881 -1.286515 2.954168
    15 6.028141 0.000002 0.000000 -1.570685 -0.056434 -0.592417
    16 12.693002 0.000000 0.000001 0.000000 0.000000 -0.762857
    17 11.575974 0.000001 -0.000031 1.151993 -0.002657 0.038189
    18 5.562233 -0.288268 -0.510574 -3.061675 0.198455 -0.005041
    19 5.158500 -0.000001 -0.000001 -0.070282 -0.005680 0.008797
    20 3.326002 -0.000001 0.000000 0.008885 -0.007390 0.009850
    21 5.591166 -0.279020 1.848881 -3.062784 -0.107159 0.004678
    22 5.292999 0.000001 -0.000002 -0.073575 -0.006250 0.008402
    23 3.079116 -0.000001 0.000002 0.006978 -0.006850 0.007920
    24 5.739738 -0.095433 0.607274 -3.063221 0.025568 -0.018370
    25 5.652501 -0.000001 0.000000 -0.067745 -0.006072 0.008532
    26 3.325017 0.000000 -0.000002 0.009338 -0.006636 0.008100
    27 1.663050 1.210515 -2.595442 -1.665774 1.282032 2.945760
    28 6.028141 -0.000001 0.000000 1.632088 0.067144 -0.580410
    29 12.693002 0.000000 0.000003 0.000000 0.000000 -0.811694
    30 11.599607 0.000002 0.000001 -1.164891 -0.106508 0.028596
    31 5.928185 0.378912 0.637283 2.945638 -0.186886 0.107105
    32 5.074002 0.000001 -0.000001 0.000000 0.000000 0.000000
    33 3.325999 0.000001 0.000002 0.000000 -0.000001 0.000000
    34 6.189647 0.568800 -0.554352 2.949214 -0.013682 0.082709
    35 5.511002 0.000002 0.000001 0.000000 0.000000 0.012404
    36 3.325017 -0.000001 -0.000001 0.000000 0.000000 -0.009884
    37 5.900460 0.299200 -1.780354 2.948545 0.128545 0.102472
    38 5.248501 0.000003 -0.000001 0.000000 0.000000 0.011838
    39 3.151001 0.000001 -0.000001 0.000000 0.000000 -0.010015
    40 7.600445 -0.908441 0.636362 0.000000 -1.570796 2.973902
    41 0.051795 -3.221541 -2.149795 1.570796 -0.003965 -3.124561
    42 -3.929418 0.000003 0.000000 0.456323 0.600730 -2.513550
    43 13.106231 0.000003 0.000000 0.000000 0.000000 2.026915
    44 3.929418 -0.000002 0.000000 -0.411327 0.538162 -0.583342
    45 13.106231 0.000002 0.000000 0.000000 0.000000 -2.064136
    46 3.007646 4.344520 0.542817 1.321605 -0.270767 0.706112
    47 10.074753 -0.000005 -0.000001 0.000000 0.000000 -1.630424
    48 10.292003 -0.000002 0.000000 0.000000 0.000000 -0.425803
    49 -2.753414 4.323161 0.558394 1.931780 -0.224239 2.278513
    50 10.074757 0.000002 0.000000 0.000000 0.000000 -1.604180
    51 10.292000 -0.000001 -0.000001 0.000000 0.000000 -0.406073
  time 54
    0 35.791179 -78.925779 34.031507 1.570796 0.000000 -1.570796
    1 0.000000 0.000000 0.000000 0.000000 0.000000 0.000000
    2 3.890447 0.000000 0.000000 -1.570796 -0.054711 -1.451993
    3 17.591000 0.000000 0.000000 0.000000 0.000000 0.153903
    4 17.699581 0.000000 0.000000 -0.122557 0.022046 -1.083904
    5 -3.890447 0.000000 0.000000 -1.570797 -0.054711 -1.689600
    6 17.590998 0.000000 0.000000 0.000000 0.000000 0.153903
    7 17.699581 0.000000 0.000000 0.133252 -0.022046 -1.083904
    8 0.000000 3.345132 -2.981898 1.570796 0.052893 1.570796
    9 4.126621 0.000000 0.000000 0.000000 0.000000 -0.109958
    10 3.612873 0.000000 0.000000 0.000000 0.000000 0.157085
    11 9.183975 0.000000 0.000000 0.000000 0.000000 0.173457
    12 3.138083 0.000000 0.000000 3.141592 0.000000 -0.936567
    13 1.707666 0.000001 0.000000 0.000000 0.000000 -0.403112
    14 1.663039 1.210510 2.595493 1.585881 -1.286515 2.954168
    15 6.028141 0.000002 0.000000 -1.570685 -0.056434 -0.592417
    16 12.693002 0.000000 0.000001 0.000000 0.000000 -0.762857
    17 11.575974 0.000001 -0.000031 1.151993 -0.002657 0.038189
    18 5.562233 -0.288268 -0.510574 -3.061675 0.198455 -0.005041
    19 5.158500 -0.000001 -0.000001 -0.070282 -0.005680 0.008797
    20 3.326002 -0.000001 0.000000 0.008885 -0.007390 0.009850
    21 5.591166 -0.279020 1.848881 -3.062784 -0.107159 0.004678
    22 5.292999 0.000001 -0.000002 -0.073575 -0.006250 0.008402
    23 3.079116 -0.000001 0.000002 0.006978 -0.006850 0.007920
    24 5.739738 -0.095433 0.607274 -3.063221 0.025568 -0.018370
    25 5.652501 -0.000001 0.000000 -0.067745 -0.006072 0.008532
    26 3.325017 0.000000 -0.000002 0.009338 -0.006636 0.008100
    27 1.663050 1.210515 -2.595442 -1.665774 1.282032 2.945760
    28 6.028141 -0.000001 0.000000 1.632088 0.067144 -0.580410
    29 12.693002 0.000000 0.000003 0.000000 0.000000 -0.811694
    30 11.599607 0.000002 0.000001 -1.164891 -0.106508 0.028596
    31 5.928185 0.378912 0.637283 2.945638 -0.186886 0.107105
    32 5.074002 0.000001 -0.000001 0.000000 0.000000 0.000000
    33 3.325999 0.000001 0.000002 0.000000 -0.000001 0.000000
    34 6.189647 0.568800 -0.554352 2.949214 -0.013682 0.082709
    35 5.511002 0.000002 0.000001 0.000000 0.000000 0.012404
    36 3.325017 -0.000001 -0.000001 0.000000 0.000000 -0.009884
    37 5.900460 0.299200 -1.780354 2.948545 0.128545 0.102472
    38 5.248501 0.000003 -0.000001 0.000000 0.000000 0.011838
    39 3.151001 0.000001 -0.000001 0.000000 0.000000 -0.010015
    40 7.600445 -0.908441 0.636362 0.000000 -1.570796 2.973902
    41 0.051795 -3.221541 -2.149795 1.570796 -0.003965 -3.124561
    42 -3.929418 0.000003 0.000000 0.456323 0.600730 -2.513550
    43 13.106231 0.000003 0.000000 0.000000 0.000000 2.026915
    44 3.929418 -0.000002 0.000000 -0.411327 0.538162 -0.583342
    45 13.106231 0.000002 0.000000 0.000000 0.000000 -2.064136
    46 3.007646 4.344520 0.542817 1.321605 -0.270767 0.706112
    47 10.074753 -0.000005 -0.000001 0.000000 0.000000 -1.630424
    48 10.292003 -0.000002 0.000000 0.000000 0.000000 -0.425803
    49 -2.753414 4.323161 0.558394 1.931780 -0.224239 2.278513
    50 10.074757 0.000002 0.000000 0.000000 0.000000 -1.604180
    51 10.292000 -0.000001 -0.000001 0.000000 0.000000 -0.406073
  time 55
    0 36.076805 -79.583494 33.995486 1.570796 0.000000 -1.570796
    1 0.000000 0.000000 0.000000 0.000000 0.000000 0.000000
    2 3.890447 0.000000 0.000000 -1.570796 -0.054711 -1.451993
    3 17.591000 0.000000 0.000000 0.000000 0.000000 0.153903
    4 17.699581 0.000000 0.000000 -0.122557 0.022046 -1.083904
    5 -3.890447 0.000000 0.000000 -1.570797 -0.054711 -1.689600
    6 17.590998 0.000000 0.000000 0.000000 0.000000 0.153903
    7 17.699581 0.000000 0.000000 0.133252 -0.022046 -1.083904
    8 0.000000 3.345132 -2.981898 1.570796 0.052893 1.570796
    9 4.126621 0.000000 0.000000 0.000000 0.000000 -0.109958
    10 3.612873 0.000000 0.000000 0.000000 0.000000 0.157085
    11 9.183975 0.000000 0.000000 0.000000 0.000000 0.173457
    12 3.138083 0.000000 0.000000 3.141592 0.000000 -0.936567
    13 1.707666 0.000001 0.000000 0.000000 0.000000 -0.403112
    14 1.663039 1.210510 2.595493 1.585881 -1.286515 2.954168
    15 6.028141 0.000002 0.000000 -1.570685 -0.056434 -0.592417
    16 12.693002 0.000000 0.000001 0.000000 0.000000 -0.762857
    17 11.575974 0.000001 -0.000031 1.151993 -0.002657 0.038189
    18 5.562233 -0.288268 -0.510574 -3.061675 0.198455 -0.005041
    19 5.158500 -0.000001 -0.000001 -0.070282 -0.005680 0.008797
    20 3.326002 -0.000001 0.000000 0.008885 -0.007390 0.009850
    21 5.591166 -0.279020 1.848881 -3.062784 -0.107159 0.004678
    22 5.292999 0.000001 -0.000002 -0.073575 -0.006250 0.008402
    23 3.079116 -0.000001 0.000002 0.006978 -0.006850 0.007920
    24 5.739738 -0.095433 0.607274 -3.063221 0.025568 -0.018370
    25 5.652501 -0.000001 0.000000 -0.067745 -0.006072 0.008532
    26 3.325017 0.000000 -0.000002 0.009338 -0.006636 0.008100
    27 1.663050 1.210515 -2.595442 -1.665774 1.282032 2.945760
    28 6.028141 -0.000001 0.000000 1.632088 0.067144 -0.580410
    29 12.693002 0.000000 0.000003 0.000000 0.000000 -0.811694
    30 11.599607 0.000002 0.000001 -1.164891 -0.106508 0.028596
    31 5.928185 0.378912 0.637283 2.945638 -0.186886 0.107105
    32 5.074002 0.000001 -0.000001 0.000000 0.000000 0.000000
    33 3.325999 0.000001 0.000002 0.000000 -0.000001 0.000000
    34 6.189647 0.568800 -0.554352 2.949214 -0.013682 0.082709
    35 5.511002 0.000002 0.000001 0.000000 0.000000 0.012404
    36 3.325017 -0.000001 -0.000001 0.000000 0.000000 -0.009884
    37 5.900460 0.299200 -1.780354 2.948545 0.128545 0.102472
    38 5.248501 0.000003 -0.000001 0.000000 0.000000 0.011838
    39 3.151001 0.000001 -0.000001 0.000000 0.000000 -0.010015
    40 7.600445 -0.908441 0.636362 0.000000 -1.570796 2.973902
    41 0.051795 -3.221541 -2.149795 1.570796 -0.003965 -3.124561
    42 -3.929418 0.000003 0.000000 0.456323 0.600730 -2.513550
    43 13.106231 0.000003 0.000000 0.000000 0.000000 2.026915
    44 3.929418 -0.000002 0.000000 -0.411327 0.538162 -0.583342
    45 13.106231 0.000002 0.000000 0.000000 0.000000 -2.064136
    46 3.007646 4.344520 0.542817 1.321605 -0.270767 0.706112
    47 10.074753 -0.000005 -0.000001 0.000000 0.000000 -1.630424
    48 10.292003 -0.000002 0.000000 0.000000 0.000000 -0.425803
    49 -2.753414 4.323161 0.558394 1.931780 -0.224239 2.278513
    50 10.074757 0.000002 0.000000 0.000000 0.000000 -1.604180
    51 10.292000 -0.000001 -0.000001 0.000000 0.000000 -0.406073
  time 56
    0 36.349737 -80.211977 33.961067 1.570796 0.000000 -1.570796
    1 0.000000 0.000000 0.000000 0.000000 0.000000 0.000000
    2 3.890447 0.000000 0.000000 -1.570796 -0.054711 -1.451993
    3 17.591000 0.000000 0.000000 0.000000 0.000000 0.153903
    4 17.699581 0.000000 0.000000 -0.122557 0.022046 -1.083904
    5 -3.890447 0.000000 0.000000 -1.570797 -0.054711 -1.689600
    6 17.590998 0.000000 0.000000 0.000000 0.000000 0.153903
    7 17.699581 0.000000 0.000000 0.133252 -0.022046 -1.083904
    8 0.000000 3.345132 -2.981898 1.570796 0.052893 1.570796
    9 4.126621 0.000000 0.000000 0.000000 0.000000 -0.109958
    10 3.612873 0.000000 0.000000 0.000000 0.000000 0.157085
    11 9.183975 0.000000 0.000000 0.000000 0.000000 0.173457
    12 3.138083 0.000000 0.000000 3.141592 0.000000 -0.936567
    13 1.707666 0.000001 0.000000 0.000000 0.000000 -0.403112
    14 1.663039 1.210510 2.595493 1.585881 -1.286515 2.954168
    15 6.028141 0.000002 0.000000 -1.570685 -0.056434 -0.592417
    16 12.693002 0.000000 0.000001 0.000000 0.000000 -0.762857
    17 11.575974 0.000001 -0.000031 1.151993 -0.002657 0.038189
    18 5.562233 -0.288268 -0.510574 -3.061675 0.198455 -0.005041
    19 5.158500 -0.000001 -0.000001 -0.070282 -0.005680 0.008797
    20 3.326002 -0.000001 0.000000 0.008885 -0.007390 0.009850
    21 5.591166 -0.279020 1.848881 -3.062784 -0.107159 0.004678
    22 5.292999 0.000001 -0.000002 -0.073575 -0.006250 0.008402
    23 3.079116 -0.000001 0.000002 0.006978 -0.006850 0.007920
    24 5.739738 -0.095433 0.607274 -3.063221 0.025568 -0.018370
    25 5.652501 -0.000001 0.000000 -0.067745 -0.006072 0.008532
    26 3.325017 0.000000 -0.000002 0.009338 -0.006636 0.008100
    27 1.663050 1.210515 -2.595442 -1.665774 1.282032 2.945760
    28 6.028141 -0.000001 0.000000 1.632088 0.067144 -0.580410
    29 12.693002 0.000000 0.000003 0.000000 0.000000 -0.811694
    30 11.599607 0.000002 0.000001 -1.164891 -0.106508 0.028596
    31 5.928185 0.378912 0.637283 2.945638 -0.186886 0.107105
    32 5.074002 0.000001 -0.000001 0.000000 0.000000 0.000000
    33 3.325999 0.000001 0.000002 0.000000 -0.000001 0.000000
    34 6.189647 0.568800 -0.554352 2.949214 -0.013682 0.082709
    35 5.511002 0.000002 0.000001 0.000000 0.000000 0.012404
    36 3.325017 -0.000001 -0.000001 0.000000 0.000000 -0.009884
    37 5.900460 0.299200 -1.780354 2.948545 0.128545 0.102472
    38 5.248501 0.000003 -0.000001 0.000000 0.000000 0.011838
    39 3.151001 0.000001 -0.000001 0.000000 0.000000 -0.010015
    40 7.600445 -0.908441 0.636362 0.000000 -1.570796 2.973902
    41 0.051795 -3.221541 -2.149795 1.570796 -0.003965 -3.124561
    42 -3.929418 0.000003 0.000000 0.456323 0.600730 -2.513550
    43 13.106231 0.000003 0.000000 0.000000 0.000000 2.026915
    44 3.929418 -0.000002 0.000000 -0.411327 0.538162 -0.583342
    45 13.106231 0.000002 0.000000 0.000000 0.000000 -2.064136
    46 3.007646 4.344520 0.542817 1.321605 -0.270767 0.706112
    47 10.074753 -0.000005 -0.000001 0.000000 0.000000 -1.630424
    48 10.292003 -0.000002 0.000000 0.000000 0.000000 -0.425803
    49 -2.753414 4.323161 0.558394 1.931780 -0.224239 2.278513
    50 10.074757 0.000002 0.000000 0.000000 0.000000 -1.604180
    51 10.292000 -0.000001 -0.000001 0.000000 0.000000 -0.406073
  time 57
    0 36.609974 -80.811228 33.928248 1.570796 0.000000 -1.570796
    1 0.000000 0.000000 0.000000 0.000000 0.000000 0.000000
    2 3.890447 0.000000 0.000000 -1.570796 -0.054711 -1.451993
    3 17.591000 0.000000 0.000000 0.000000 0.000000 0.153903
    4 17.699581 0.000000 0.000000 -0.122557 0.022046 -1.083904
    5 -3.890447 0.000000 0.000000 -1.570797 -0.054711 -1.689600
    6 17.590998 0.000000 0.000000 0.000000 0.000000 0.153903
    7 17.699581 0.000000 0.000000 0.133252 -0.022046 -1.083904
    8 0.000000 3.345132 -2.981898 1.570796 0.052893 1.570796
    9 4.126621 0.000000 0.000000 0.000000 0.000000 -0.109958
    10 3.612873 0.000000 0.000000 0.000000 0.000000 0.157085
    11 9.183975 0.000000 0.000000 0.000000 0.000000 0.173457
    12 3.138083 0.000000 0.000000 3.141592 0.000000 -0.936567
    13 1.707666 0.000001 0.000000 0.000000 0.000000 -0.403112
    14 1.663039 1.210510 2.595493 1.585881 -1.286515 2.954168
    15 6.028141 0.000002 0.000000 -1.570685 -0.056434 -0.592417
    16 12.693002 0.000000 0.000001 0.000000 0.000000 -0.762857
    17 11.575974 0.000001 -0.000031 1.151993 -0.002657 0.038189
    18 5.562233 -0.288268 -0.510574 -3.061675 0.198455 -0.005041
    19 5.158500 -0.000001 -0.000001 -0.070282 -0.005680 0.008797
    20 3.326002 -0.000001 0.000000 0.008885 -0.007390 0.009850
    21 5.591166 -0.279020 1.848881 -3.062784 -0.107159 0.004678
    22 5.292999 0.000001 -0.000002 -0.073575 -0.006250 0.008402
    23 3.079116 -0.000001 0.000002 0.006978 -0.006850 0.007920
    24 5.739738 -0.095433 0.607274 -3.063221 0.025568 -0.018370
    25 5.652501 -0.000001 0.000000 -0.067745 -0.006072 0.008532
    26 3.325017 0.000000 -0.000002 0.009338 -0.006636 0.008100
    27 1.663050 1.210515 -2.595442 -1.665774 1.282032 2.945760
    28 6.028141 -0.000001 0.000000 1.632088 0.067144 -0.580410
    29 12.693002 0.000000 0.000003 0.000000 0.000000 -0.811694
    30 11.599607 0.000002 0.000001 -1.164891 -0.106508 0.028596
    31 5.928185 0.378912 0.637283 2.945638 -0.186886 0.107105
    32 5.074002 0.000001 -0.000001 0.000000 0.000000 0.000000
    33 3.325999 0.000001 0.000002 0.000000 -0.000001 0.000000
    34 6.189647 0.568800 -0.554352 2.949214 -0.013682 0.082709
    35 5.511002 0.000002 0.000001 0.000000 0.000000 0.012404
    36 3.325017 -0.000001 -0.000001 0.000000 0.000000 -0.009884
    37 5.900460 0.299200 -1.780354 2.948545 0.128545 0.102472
    38 5.248501 0.000003 -0.000001 0.000000 0.000000 0.011838
    39 3.151001 0.000001 -0.000001 0.000000 0.000000 -0.010015
    40 7.600445 -0.908441 0.636362 0.000000 -1.570796 2.973902
    41 0.051795 -3.221541 -2.149795 1.570796 -0.003965 -3.124561
    42 -3.929418 0.000003 0.000000 0.456323 0.600730 -2.513550
    43 13.106231 0.000003 0.000000 0.000000 0.000000 2.026915
    44 3.929418 -0.000002 0.000000 -0.411327 0.538162 -0.583342
    45 13.106231 0.000002 0.000000 0.000000 0.000000 -2.064136
    46 3.007646 4.344520 0.542817 1.321605 -0.270767 0.706112
    47 10.074753 -0.000005 -0.000001 0.000000 0.000000 -1.630424
    48 10.292003 -0.000002 0.000000 0.000000 0.000000 -0.425803
    49 -2.753414 4.323161 0.558394 1.931780 -0.224239 2.278513
    50 10.074757 0.000002 0.000000 0.000000 0.000000 -1.604180
    51 10.292000 -0.000001 -0.000001 0.000000 0.000000 -0.406073
  time 58
    0 36.857516 -81.381248 33.897030 1.570796 0.000000 -1.570796
    1 0.000000 0.000000 0.000000 0.000000 0.000000 0.000000
    2 3.890447 0.000000 0.000000 -1.570796 -0.054711 -1.451993
    3 17.591000 0.000000 0.000000 0.000000 0.000000 0.153903
    4 17.699581 0.000000 0.000000 -0.122557 0.022046 -1.083904
    5 -3.890447 0.000000 0.000000 -1.570797 -0.054711 -1.689600
    6 17.590998 0.000000 0.000000 0.000000 0.000000 0.153903
    7 17.699581 0.000000 0.000000 0.133252 -0.022046 -1.083904
    8 0.000000 3.345132 -2.981898 1.570796 0.052893 1.570796
    9 4.126621 0.000000 0.000000 0.000000 0.000000 -0.109958
    10 3.612873 0.000000 0.000000 0.000000 0.000000 0.157085
    11 9.183975 0.000000 0.000000 0.000000 0.000000 0.173457
    12 3.138083 0.000000 0.000000 3.141592 0.000000 -0.936567
    13 1.707666 0.000001 0.000000 0.000000 0.000000 -0.403112
    14 1.663039 1.210510 2.595493 1.585881 -1.286515 2.954168
    15 6.028141 0.000002 0.000000 -1.570685 -0.056434 -0.592417
    16 12.693002 0.000000 0.000001 0.000000 0.000000 -0.762857
    17 11.575974 0.000001 -0.000031 1.151993 -0.002657 0.038189
    18 5.562233 -0.288268 -0.510574 -3.061675 0.198455 -0.005041
    19 5.158500 -0.000001 -0.000001 -0.070282 -0.005680 0.008797
    20 3.326002 -0.000001 0.000000 0.008885 -0.007390 0.009850
    21 5.591166 -0.279020 1.848881 -3.062784 -0.107159 0.004678
    22 5.292999 0.000001 -0.000002 -0.073575 -0.006250 0.008402
    23 3.079116 -0.000001 0.000002 0.006978 -0.006850 0.007920
    24 5.739738 -0.095433 0.607274 -3.063221 0.025568 -0.018370
    25 5.652501 -0.000001 0.000000 -0.067745 -0.006072 0.008532
    26 3.325017 0.000000 -0.000002 0.009338 -0.006636 0.008100
    27 1.663050 1.210515 -2.595442 -1.665774 1.282032 2.945760
    28 6.028141 -0.000001 0.000000 1.632088 0.067144 -0.580410
    29 12.693002 0.000000 0.000003 0.000000 0.000000 -0.811694
    30 11.599607 0.000002 0.000001 -1.164891 -0.106508 0.028596
    31 5.928185 0.378912 0.637283 2.945638 -0.186886 0.107105
    32 5.074002 0.000001 -0.000001 0.000000 0.000000 0.000000
    33 3.325999 0.000001 0.000002 0.000000 -0.000001 0.000000
    34 6.189647 0.568800 -0.554352 2.949214 -0.013682 0.082709
    35 5.511002 0.000002 0.000001 0.000000 0.000000 0.012404
    36 3.325017 -0.000001 -0.000001 0.000000 0.000000 -0.009884
    37 5.900460 0.299200 -1.780354 2.948545 0.128545 0.102472
    38 5.248501 0.000003 -0.000001 0.000000 0.000000 0.011838
    39 3.151001 0.000001 -0.000001 0.000000 0.000000 -0.010015
    40 7.600445 -0.908441 0.636362 0.000000 -1.570796 2.973902
    41 0.051795 -3.221541 -2.149795 1.570796 -0.003965 -3.124561
    42 -3.929418 0.000003 0.000000 0.456323 0.600730 -2.513550
    43 13.106231 0.000003 0.000000 0.000000 0.000000 2.026915
    44 3.929418 -0.000002 0.000000 -0.411327 0.538162 -0.583342
    45 13.106231 0.000002 0.000000 0.000000 0.000000 -2.064136
    46 3.007646 4.344520 0.542817 1.321605 -0.270767 0.706112
    47 10.074753 -0.000005 -0.000001 0.000000 0.000000 -1.630424
    48 10.292003 -0.000002 0.000000 0.000000 0.000000 -0.425803
    49 -2.753414 4.323161 0.558394 1.931780 -0.224239 2.278513
    50 10.074757 0.000002 0.000000 0.000000 0.000000 -1.604180
    51 10.292000 -0.000001 -0.000001 0.000000 0.000000 -0.406073
  time 59
    0 37.092364 -81.922035 33.867413 1.570796 0.000000 -1.570796
    1 0.000000 0.000000 0.000000 0.000000 0.000000 0.000000
    2 3.890447 0.000000 0.000000 -1.570796 -0.054711 -1.451993
    3 17.591000 0.000000 0.000000 0.000000 0.000000 0.153903
    4 17.699581 0.000000 0.000000 -0.122557 0.022046 -1.083904
    5 -3.890447 0.000000 0.000000 -1.570797 -0.054711 -1.689600
    6 17.590998 0.000000 0.000000 0.000000 0.000000 0.153903
    7 17.699581 0.000000 0.000000 0.133252 -0.022046 -1.083904
    8 0.000000 3.345132 -2.981898 1.570796 0.052893 1.570796
    9 4.126621 0.000000 0.000000 0.000000 0.000000 -0.109958
    10 3.612873 0.000000 0.000000 0.000000 0.000000 0.157085
    11 9.183975 0.000000 0.000000 0.000000 0.000000 0.173457
    12 3.138083 0.000000 0.000000 3.141592 0.000000 -0.936567
    13 1.707666 0.000001 0.000000 0.000000 0.000000 -0.403112
    14 1.663039 1.210510 2.595493 1.585881 -1.286515 2.954168
    15 6.028141 0.000002 0.000000 -1.570685 -0.056434 -0.592417
    16 12.693002 0.000000 0.000001 0.000000 0.000000 -0.762857
    17 11.575974 0.000001 -0.000031 1.151993 -0.002657 0.038189
    18 5.562233 -0.288268 -0.510574 -3.061675 0.198455 -0.005041
    19 5.158500 -0.000001 -0.000001 -0.070282 -0.005680 0.008797
    20 3.326002 -0.000001 0.000000 0.008885 -0.007390 0.009850
    21 5.591166 -0.279020 1.848881 -3.062784 -0.107159 0.004678
    22 5.292999 0.000001 -0.000002 -0.073575 -0.006250 0.008402
    23 3.079116 -0.000001 0.000002 0.006978 -0.006850 0.007920
    24 5.739738 -0.095433 0.607274 -3.063221 0.025568 -0.018370
    25 5.652501 -0.000001 0.000000 -0.067745 -0.006072 0.008532
    26 3.325017 0.000000 -0.000002 0.009338 -0.006636 0.008100
    27 1.663050 1.210515 -2.595442 -1.665774 1.282032 2.945760
    28 6.028141 -0.000001 0.000000 1.632088 0.067144 -0.580410
    29 12.693002 0.000000 0.000003 0.000000 0.000000 -0.811694
    30 11.599607 0.000002 0.000001 -1.164891 -0.106508 0.028596
    31 5.928185 0.378912 0.637283 2.945638 -0.186886 0.107105
    32 5.074002 0.000001 -0.000001 0.000000 0.000000 0.000000
    33 3.325999 0.000001 0.000002 0.000000 -0.000001 0.000000
    34 6.189647 0.568800 -0.554352 2.949214 -0.013682 0.082709
    35 5.511002 0.000002 0.000001 0.000000 0.000000 0.012404
    36 3.325017 -0.000001 -0.000001 0.000000 0.000000 -0.009884
    37 5.900460 0.299200 -1.780354 2.948545 0.128545 0.102472
    38 5.248501 0.000003 -0.000001 0.000000 0.000000 0.011838
    39 3.151001 0.000001 -0.000001 0.000000 0.000000 -0.010015
    40 7.600445 -0.908441 0.636362 0.000000 -1.570796 2.973902
    41 0.051795 -3.221541 -2.149795 1.570796 -0.003965 -3.124561
    42 -3.929418 0.000003 0.000000 0.456323 0.600730 -2.513550
    43 13.106231 0.000003 0.000000 0.000000 0.000000 2.026915
    44 3.929418 -0.000002 0.000000 -0.411327 0.538162 -0.583342
    45 13.106231 0.000002 0.000000 0.000000 0.000000 -2.064136
    46 3.007646 4.344520 0.542817 1.321605 -0.270767 0.706112
    47 10.074753 -0.000005 -0.000001 0.000000 0.000000 -1.630424
    48 10.292003 -0.000002 0.000000 0.000000 0.000000 -0.425803
    49 -2.753414 4.323161 0.558394 1.931780 -0.224239 2.278513
    50 10.074757 0.000002 0.000000 0.000000 0.000000 -1.604180
    51 10.292000 -0.000001 -0.000001 0.000000 0.000000 -0.406073
  time 60
    0 37.314517 -82.433591 33.839397 1.570796 0.000000 -1.570796
    1 0.000000 0.000000 0.000000 0.000000 0.000000 0.000000
    2 3.890447 0.000000 0.000000 -1.570796 -0.054711 -1.451993
    3 17.591000 0.000000 0.000000 0.000000 0.000000 0.153903
    4 17.699581 0.000000 0.000000 -0.122557 0.022046 -1.083904
    5 -3.890447 0.000000 0.000000 -1.570797 -0.054711 -1.689600
    6 17.590998 0.000000 0.000000 0.000000 0.000000 0.153903
    7 17.699581 0.000000 0.000000 0.133252 -0.022046 -1.083904
    8 0.000000 3.345132 -2.981898 1.570796 0.052893 1.570796
    9 4.126621 0.000000 0.000000 0.000000 0.000000 -0.109958
    10 3.612873 0.000000 0.000000 0.000000 0.000000 0.157085
    11 9.183975 0.000000 0.000000 0.000000 0.000000 0.173457
    12 3.138083 0.000000 0.000000 3.141592 0.000000 -0.936567
    13 1.707666 0.000001 0.000000 0.000000 0.000000 -0.403112
    14 1.663039 1.210510 2.595493 1.585881 -1.286515 2.954168
    15 6.028141 0.000002 0.000000 -1.570685 -0.056434 -0.592417
    16 12.693002 0.000000 0.000001 0.000000 0.000000 -0.762857
    17 11.575974 0.000001 -0.000031 1.151993 -0.002657 0.038189
    18 5.562233 -0.288268 -0.510574 -3.061675 0.198455 -0.005041
    19 5.158500 -0.000001 -0.000001 -0.070282 -0.005680 0.008797
    20 3.326002 -0.000001 0.000000 0.008885 -0.007390 0.009850
    21 5.591166 -0.279020 1.848881 -3.062784 -0.107159 0.004678
    22 5.292999 0.000001 -0.000002 -0.073575 -0.006250 0.008402
    23 3.079116 -0.000001 0.000002 0.006978 -0.006850 0.007920
    24 5.739738 -0.095433 0.607274 -3.063221 0.025568 -0.018370
    25 5.652501 -0.000001 0.000000 -0.067745 -0.006072 0.008532
    26 3.325017 0.000000 -0.000002 0.009338 -0.006636 0.008100
    27 1.663050 1.210515 -2.595442 -1.665774 1.282032 2.945760
    28 6.028141 -0.000001 0.000000 1.632088 0.067144 -0.580410
    29 12.693002 0.000000 0.000003 0.000000 0.000000 -0.811694
    30 11.599607 0.000002 0.000001 -1.164891 -0.106508 0.028596
    31 5.928185 0.378912 0.637283 2.945638 -0.186886 0.107105
    32 5.074002 0.000001 -0.000001 0.000000 0.000000 0.000000
    33 3.325999 0.000001 0.000002 0.000000 -0.000001 0.000000
    34 6.189647 0.568800 -0.554352 2.949214 -0.013682 0.082709
    35 5.511002 0.000002 0.000001 0.000000 0.000000 0.012404
    36 3.325017 -0.000001 -0.000001 0.000000 0.000000 -0.009884
    37 5.900460 0.299200 -1.780354 2.948545 0.128545 0.102472
    38 5.248501 0.000003 -0.000001 0.000000 0.000000 0.011838
    39 3.151001 0.000001 -0.000001 0.000000 0.000000 -0.010015
    40 7.600445 -0.908441 0.636362 0.000000 -1.570796 2.973902
    41 0.051795 -3.221541 -2.149795 1.570796 -0.003965 -3.124561
    42 -3.929418 0.000003 0.000000 0.456323 0.600730 -2.513550
    43 13.106231 0.000003 0.000000 0.000000 0.000000 2.026915
    44 3.929418 -0.000002 0.000000 -0.411327 0.538162 -0.583342
    45 13.106231 0.000002 0.000000 0.000000 0.000000 -2.064136
    46 3.007646 4.344520 0.542817 1.321605 -0.270767 0.706112
    47 10.074753 -0.000005 -0.000001 0.000000 0.000000 -1.630424
    48 10.292003 -0.000002 0.000000 0.000000 0.000000 -0.425803
    49 -2.753414 4.323161 0.558394 1.931780 -0.224239 2.278513
    50 10.074757 0.000002 0.000000 0.000000 0.000000 -1.604180
    51 10.292000 -0.000001 -0.000001 0.000000 0.000000 -0.406073
  time 61
    0 37.523976 -82.915916 33.812982 1.570796 0.000000 -1.570796
    1 0.000000 0.000000 0.000000 0.000000 0.000000 0.000000
    2 3.890447 0.000000 0.000000 -1.570796 -0.054711 -1.451993
    3 17.591000 0.000000 0.000000 0.000000 0.000000 0.153903
    4 17.699581 0.000000 0.000000 -0.122557 0.022046 -1.083904
    5 -3.890447 0.000000 0.000000 -1.570797 -0.054711 -1.689600
    6 17.590998 0.000000 0.000000 0.000000 0.000000 0.153903
    7 17.699581 0.000000 0.000000 0.133252 -0.022046 -1.083904
    8 0.000000 3.345132 -2.981898 1.570796 0.052893 1.570796
    9 4.126621 0.000000 0.000000 0.000000 0.000000 -0.109958
    10 3.612873 0.000000 0.000000 0.000000 0.000000 0.157085
    11 9.183975 0.000000 0.000000 0.000000 0.000000 0.173457
    12 3.138083 0.000000 0.000000 3.141592 0.000000 -0.936567
    13 1.707666 0.000001 0.000000 0.000000 0.000000 -0.403112
    14 1.663039 1.210510 2.595493 1.585881 -1.286515 2.954168
    15 6.028141 0.000002 0.000000 -1.570685 -0.056434 -0.592417
    16 12.693002 0.000000 0.000001 0.000000 0.000000 -0.762857
    17 11.575974 0.000001 -0.000031 1.151993 -0.002657 0.038189
    18 5.562233 -0.288268 -0.510574 -3.061675 0.198455 -0.005041
    19 5.158500 -0.000001 -0.000001 -0.070282 -0.005680 0.008797
    20 3.326002 -0.000001 0.000000 0.008885 -0.007390 0.009850
    21 5.591166 -0.279020 1.848881 -3.062784 -0.107159 0.004678
    22 5.292999 0.000001 -0.000002 -0.073575 -0.006250 0.008402
    23 3.079116 -0.000001 0.000002 0.006978 -0.006850 0.007920
    24 5.739738 -0.095433 0.607274 -3.063221 0.025568 -0.018370
    25 5.652501 -0.000001 0.000000 -0.067745 -0.006072 0.008532
    26 3.325017 0.000000 -0.000002 0.009338 -0.006636 0.008100
    27 1.663050 1.210515 -2.595442 -1.665774 1.282032 2.945760
    28 6.028141 -0.000001 0.000000 1.632088 0.067144 -0.580410
    29 12.693002 0.000000 0.000003 0.000000 0.000000 -0.811694
    30 11.599607 0.000002 0.000001 -1.164891 -0.106508 0.028596
    31 5.928185 0.378912 0.637283 2.945638 -0.186886 0.107105
    32 5.074002 0.000001 -0.000001 0.000000 0.000000 0.000000
    33 3.325999 0.000001 0.000002 0.000000 -0.000001 0.000000
    34 6.189647 0.568800 -0.554352 2.949214 -0.013682 0.082709
    35 5.511002 0.000002 0.000001 0.000000 0.000000 0.012404
    36 3.325017 -0.000001 -0.000001 0.000000 0.000000 -0.009884
    37 5.900460 0.299200 -1.780354 2.948545 0.128545 0.102472
    38 5.248501 0.000003 -0.000001 0.000000 0.000000 0.011838
    39 3.151001 0.000001 -0.000001 0.000000 0.000000 -0.010015
    40 7.600445 -0.908441 0.636362 0.000000 -1.570796 2.973902
    41 0.051795 -3.221541 -2.149795 1.570796 -0.003965 -3.124561
    42 -3.929418 0.000003 0.000000 0.456323 0.600730 -2.513550
    43 13.106231 0.000003 0.000000 0.000000 0.000000 2.026915
    44 3.929418 -0.000002 0.000000 -0.411327 0.538162 -0.583342
    45 13.106231 0.000002 0.000000 0.000000 0.000000 -2.064136
    46 3.007646 4.344520 0.542817 1.321605 -0.270767 0.706112
    47 10.074753 -0.000005 -0.000001 0.000000 0.000000 -1.630424
    48 10.292003 -0.000002 0.000000 0.000000 0.000000 -0.425803
    49 -2.753414 4.323161 0.558394 1.931780 -0.224239 2.278513
    50 10.074757 0.000002 0.000000 0.000000 0.000000 -1.604180
    51 10.292000 -0.000001 -0.000001 0.000000 0.000000 -0.406073
  time 62
    0 37.720741 -83.369008 33.788167 1.570796 0.000000 -1.570796
    1 0.000000 0.000000 0.000000 0.000000 0.000000 0.000000
    2 3.890447 0.000000 0.000000 -1.570796 -0.054711 -1.451993
    3 17.591000 0.000000 0.000000 0.000000 0.000000 0.153903
    4 17.699581 0.000000 0.000000 -0.122557 0.022046 -1.083904
    5 -3.890447 0.000000 0.000000 -1.570797 -0.054711 -1.689600
    6 17.590998 0.000000 0.000000 0.000000 0.000000 0.153903
    7 17.699581 0.000000 0.000000 0.133252 -0.022046 -1.083904
    8 0.000000 3.345132 -2.981898 1.570796 0.052893 1.570796
    9 4.126621 0.000000 0.000000 0.000000 0.000000 -0.109958
    10 3.612873 0.000000 0.000000 0.000000 0.000000 0.157085
    11 9.183975 0.000000 0.000000 0.000000 0.000000 0.173457
    12 3.138083 0.000000 0.000000 3.141592 0.000000 -0.936567
    13 1.707666 0.000001 0.000000 0.000000 0.000000 -0.403112
    14 1.663039 1.210510 2.595493 1.585881 -1.286515 2.954168
    15 6.028141 0.000002 0.000000 -1.570685 -0.056434 -0.592417
    16 12.693002 0.000000 0.000001 0.000000 0.000000 -0.762857
    17 11.575974 0.000001 -0.000031 1.151993 -0.002657 0.038189
    18 5.562233 -0.288268 -0.510574 -3.061675 0.198455 -0.005041
    19 5.158500 -0.000001 -0.000001 -0.070282 -0.005680 0.008797
    20 3.326002 -0.000001 0.000000 0.008885 -0.007390 0.009850
    21 5.591166 -0.279020 1.848881 -3.062784 -0.107159 0.004678
    22 5.292999 0.000001 -0.000002 -0.073575 -0.006250 0.008402
    23 3.079116 -0.000001 0.000002 0.006978 -0.006850 0.007920
    24 5.739738 -0.095433 0.607274 -3.063221 0.025568 -0.018370
    25 5.652501 -0.000001 0.000000 -0.067745 -0.006072 0.008532
    26 3.325017 0.000000 -0.000002 0.009338 -0.006636 0.008100
    27 1.663050 1.210515 -2.595442 -1.665774 1.282032 2.945760
    28 6.028141 -0.000001 0.000000 1.632088 0.067144 -0.580410
    29 12.693002 0.000000 0.000003 0.000000 0.000000 -0.811694
    30 11.599607 0.000002 0.000001 -1.164891 -0.106508 0.028596
    31 5.928185 0.378912 0.637283 2.945638 -0.186886 0.107105
    32 5.074002 0.000001 -0.000001 0.000000 0.000000 0.000000
    33 3.325999 0.000001 0.000002 0.000000 -0.000001 0.000000
    34 6.189647 0.568800 -0.554352 2.949214 -0.013682 0.082709
    35 5.511002 0.000002 0.000001 0.000000 0.000000 0.012404
    36 3.325017 -0.000001 -0.000001 0.000000 0.000000 -0.009884
    37 5.900460 0.299200 -1.780354 2.948545 0.128545 0.102472
    38 5.248501 0.000003 -0.000001 0.000000 0.000000 0.011838
    39 3.151001 0.000001 -0.000001 0.000000 0.000000 -0.010015
    40 7.600445 -0.908441 0.636362 0.000000 -1.570796 2.973902
    41 0.051795 -3.221541 -2.149795 1.570796 -0.003965 -3.124561
    42 -3.929418 0.000003 0.000000 0.456323 0.600730 -2.513550
    43 13.106231 0.000003 0.000000 0.000000 0.000000 2.026915
    44 3.929418 -0.000002 0.000000 -0.411327 0.538162 -0.583342
    45 13.106231 0.000002 0.000000 0.000000 0.000000 -2.064136
    46 3.007646 4.344520 0.542817 1.321605 -0.270767 0.706112
    47 10.074753 -0.000005 -0.000001 0.000000 0.000000 -1.630424
    48 10.292003 -0.000002 0.000000 0.000000 0.000000 -0.425803
    49 -2.753414 4.323161 0.558394 1.931780 -0.224239 2.278513
    50 10.074757 0.000002 0.000000 0.000000 0.000000 -1.604180
    51 10.292000 -0.000001 -0.000001 0.000000 0.000000 -0.406073
  time 63
    0 37.904811 -83.792869 33.764954 1.570796 0.000000 -1.570796
    1 0.000000 0.000000 0.000000 0.000000 0.000000 0.000000
    2 3.890447 0.000000 0.000000 -1.570796 -0.054711 -1.451993
    3 17.591000 0.000000 0.000000 0.000000 0.000000 0.153903
    4 17.699581 0.000000 0.000000 -0.122557 0.022046 -1.083904
    5 -3.890447 0.000000 0.000000 -1.570797 -0.054711 -1.689600
    6 17.590998 0.000000 0.000000 0.000000 0.000000 0.153903
    7 17.699581 0.000000 0.000000 0.133252 -0.022046 -1.083904
    8 0.000000 3.345132 -2.981898 1.570796 0.052893 1.570796
    9 4.126621 0.000000 0.000000 0.000000 0.000000 -0.109958
    10 3.612873 0.000000 0.000000 0.000000 0.000000 0.157085
    11 9.183975 0.000000 0.000000 0.000000 0.000000 0.173457
    12 3.138083 0.000000 0.000000 3.141592 0.000000 -0.936567
    13 1.707666 0.000001 0.000000 0.000000 0.000000 -0.403112
    14 1.663039 1.210510 2.595493 1.585881 -1.286515 2.954168
    15 6.028141 0.000002 0.000000 -1.570685 -0.056434 -0.592417
    16 12.693002 0.000000 0.000001 0.000000 0.000000 -0.762857
    17 11.575974 0.000001 -0.000031 1.151993 -0.002657 0.038189
    18 5.562233 -0.288268 -0.510574 -3.061675 0.198455 -0.005041
    19 5.158500 -0.000001 -0.000001 -0.070282 -0.005680 0.008797
    20 3.326002 -0.000001 0.000000 0.008885 -0.007390 0.009850
    21 5.591166 -0.279020 1.848881 -3.062784 -0.107159 0.004678
    22 5.292999 0.000001 -0.000002 -0.073575 -0.006250 0.008402
    23 3.079116 -0.000001 0.000002 0.006978 -0.006850 0.007920
    24 5.739738 -0.095433 0.607274 -3.063221 0.025568 -0.018370
    25 5.652501 -0.000001 0.000000 -0.067745 -0.006072 0.008532
    26 3.325017 0.000000 -0.000002 0.009338 -0.006636 0.008100
    27 1.663050 1.210515 -2.595442 -1.665774 1.282032 2.945760
    28 6.028141 -0.000001 0.000000 1.632088 0.067144 -0.580410
    29 12.693002 0.000000 0.000003 0.000000 0.000000 -0.811694
    30 11.599607 0.000002 0.000001 -1.164891 -0.106508 0.028596
    31 5.928185 0.378912 0.637283 2.945638 -0.186886 0.107105
    32 5.074002 0.000001 -0.000001 0.000000 0.000000 0.000000
    33 3.325999 0.000001 0.000002 0.000000 -0.000001 0.000000
    34 6.189647 0.568800 -0.554352 2.949214 -0.013682 0.082709
    35 5.511002 0.000002 0.000001 0.000000 0.000000 0.012404
    36 3.325017 -0.000001 -0.000001 0.000000 0.000000 -0.009884
    37 5.900460 0.299200 -1.780354 2.948545 0.128545 0.102472
    38 5.248501 0.000003 -0.000001 0.000000 0.000000 0.011838
    39 3.151001 0.000001 -0.000001 0.000000 0.000000 -0.010015
    40 7.600445 -0.908441 0.636362 0.000000 -1.570796 2.973902
    41 0.051795 -3.221541 -2.149795 1.570796 -0.003965 -3.124561
    42 -3.929418 0.000003 0.000000 0.456323 0.600730 -2.513550
    43 13.106231 0.000003 0.000000 0.000000 0.000000 2.026915
    44 3.929418 -0.000002 0.000000 -0.411327 0.538162 -0.583342
    45 13.106231 0.000002 0.000000 0.000000 0.000000 -2.064136
    46 3.007646 4.344520 0.542817 1.321605 -0.270767 0.706112
    47 10.074753 -0.000005 -0.000001 0.000000 0.000000 -1.630424
    48 10.292003 -0.000002 0.000000 0.000000 0.000000 -0.425803
    49 -2.753414 4.323161 0.558394 1.931780 -0.224239 2.278513
    50 10.074757 0.000002 0.000000 0.000000 0.000000 -1.604180
    51 10.292000 -0.000001 -0.000001 0.000000 0.000000 -0.406073
  time 64
    0 38.076186 -84.187498 33.743342 1.570796 0.000000 -1.570796
    1 0.000000 0.000000 0.000000 0.000000 0.000000 0.000000
    2 3.890447 0.000000 0.000000 -1.570796 -0.054711 -1.451993
    3 17.591000 0.000000 0.000000 0.000000 0.000000 0.153903
    4 17.699581 0.000000 0.000000 -0.122557 0.022046 -1.083904
    5 -3.890447 0.000000 0.000000 -1.570797 -0.054711 -1.689600
    6 17.590998 0.000000 0.000000 0.000000 0.000000 0.153903
    7 17.699581 0.000000 0.000000 0.133252 -0.022046 -1.083904
    8 0.000000 3.345132 -2.981898 1.570796 0.052893 1.570796
    9 4.126621 0.000000 0.000000 0.000000 0.000000 -0.109958
    10 3.612873 0.000000 0.000000 0.000000 0.000000 0.157085
    11 9.183975 0.000000 0.000000 0.000000 0.000000 0.173457
    12 3.138083 0.000000 0.000000 3.141592 0.000000 -0.936567
    13 1.707666 0.000001 0.000000 0.000000 0.000000 -0.403112
    14 1.663039 1.210510 2.595493 1.585881 -1.286515 2.954168
    15 6.028141 0.000002 0.000000 -1.570685 -0.056434 -0.592417
    16 12.693002 0.000000 0.000001 0.000000 0.000000 -0.762857
    17 11.575974 0.000001 -0.000031 1.151993 -0.002657 0.038189
    18 5.562233 -0.288268 -0.510574 -3.061675 0.198455 -0.005041
    19 5.158500 -0.000001 -0.000001 -0.070282 -0.005680 0.008797
    20 3.326002 -0.000001 0.000000 0.008885 -0.007390 0.009850
    21 5.591166 -0.279020 1.848881 -3.062784 -0.107159 0.004678
    22 5.292999 0.000001 -0.000002 -0.073575 -0.006250 0.008402
    23 3.079116 -0.000001 0.000002 0.006978 -0.006850 0.007920
    24 5.739738 -0.095433 0.607274 -3.063221 0.025568 -0.018370
    25 5.652501 -0.000001 0.000000 -0.067745 -0.006072 0.008532
    26 3.325017 0.000000 -0.000002 0.009338 -0.006636 0.008100
    27 1.663050 1.210515 -2.595442 -1.665774 1.282032 2.945760
    28 6.028141 -0.000001 0.000000 1.632088 0.067144 -0.580410
    29 12.693002 0.000000 0.000003 0.000000 0.000000 -0.811694
    30 11.599607 0.000002 0.000001 -1.164891 -0.106508 0.028596
    31 5.928185 0.378912 0.637283 2.945638 -0.186886 0.107105
    32 5.074002 0.000001 -0.000001 0.000000 0.000000 0.000000
    33 3.325999 0.000001 0.000002 0.000000 -0.000001 0.000000
    34 6.189647 0.568800 -0.554352 2.949214 -0.013682 0.082709
    35 5.511002 0.000002 0.000001 0.000000 0.000000 0.012404
    36 3.325017 -0.000001 -0.000001 0.000000 0.000000 -0.009884
    37 5.900460 0.299200 -1.780354 2.948545 0.128545 0.102472
    38 5.248501 0.000003 -0.000001 0.000000 0.000000 0.011838
    39 3.151001 0.000001 -0.000001 0.000000 0.000000 -0.010015
    40 7.600445 -0.908441 0.636362 0.000000 -1.570796 2.973902
    41 0.051795 -3.221541 -2.149795 1.570796 -0.003965 -3.124561
    42 -3.929418 0.000003 0.000000 0.456323 0.600730 -2.513550
    43 13.106231 0.000003 0.000000 0.000000 0.000000 2.026915
    44 3.929418 -0.000002 0.000000 -0.411327 0.538162 -0.583342
    45 13.106231 0.000002 0.000000 0.000000 0.000000 -2.064136
    46 3.007646 4.344520 0.542817 1.321605 -0.270767 0.706112
    47 10.074753 -0.000005 -0.000001 0.000000 0.000000 -1.630424
    48 10.292003 -0.000002 0.000000 0.000000 0.000000 -0.425803
    49 -2.753414 4.323161 0.558394 1.931780 -0.224239 2.278513
    50 10.074757 0.000002 0.000000 0.000000 0.000000 -1.604180
    51 10.292000 -0.000001 -0.000001 0.000000 0.000000 -0.406073
  time 65
    0 38.234867 -84.552895 33.723330 1.570796 0.000000 -1.570796
    1 0.000000 0.000000 0.000000 0.000000 0.000000 0.000000
    2 3.890447 0.000000 0.000000 -1.570796 -0.054711 -1.451993
    3 17.591000 0.000000 0.000000 0.000000 0.000000 0.153903
    4 17.699581 0.000000 0.000000 -0.122557 0.022046 -1.083904
    5 -3.890447 0.000000 0.000000 -1.570797 -0.054711 -1.689600
    6 17.590998 0.000000 0.000000 0.000000 0.000000 0.153903
    7 17.699581 0.000000 0.000000 0.133252 -0.022046 -1.083904
    8 0.000000 3.345132 -2.981898 1.570796 0.052893 1.570796
    9 4.126621 0.000000 0.000000 0.000000 0.000000 -0.109958
    10 3.612873 0.000000 0.000000 0.000000 0.000000 0.157085
    11 9.183975 0.000000 0.000000 0.000000 0.000000 0.173457
    12 3.138083 0.000000 0.000000 3.141592 0.000000 -0.936567
    13 1.707666 0.000001 0.000000 0.000000 0.000000 -0.403112
    14 1.663039 1.210510 2.595493 1.585881 -1.286515 2.954168
    15 6.028141 0.000002 0.000000 -1.570685 -0.056434 -0.592417
    16 12.693002 0.000000 0.000001 0.000000 0.000000 -0.762857
    17 11.575974 0.000001 -0.000031 1.151993 -0.002657 0.038189
    18 5.562233 -0.288268 -0.510574 -3.061675 0.198455 -0.005041
    19 5.158500 -0.000001 -0.000001 -0.070282 -0.005680 0.008797
    20 3.326002 -0.000001 0.000000 0.008885 -0.007390 0.009850
    21 5.591166 -0.279020 1.848881 -3.062784 -0.107159 0.004678
    22 5.292999 0.000001 -0.000002 -0.073575 -0.006250 0.008402
    23 3.079116 -0.000001 0.000002 0.006978 -0.006850 0.007920
    24 5.739738 -0.095433 0.607274 -3.063221 0.025568 -0.018370
    25 5.652501 -0.000001 0.000000 -0.067745 -0.006072 0.008532
    26 3.325017 0.000000 -0.000002 0.009338 -0.006636 0.008100
    27 1.663050 1.210515 -2.595442 -1.665774 1.282032 2.945760
    28 6.028141 -0.000001 0.000000 1.632088 0.067144 -0.580410
    29 12.693002 0.000000 0.000003 0.000000 0.000000 -0.811694
    30 11.599607 0.000002 0.000001 -1.164891 -0.106508 0.028596
    31 5.928185 0.378912 0.637283 2.945638 -0.186886 0.107105
    32 5.074002 0.000001 -0.000001 0.000000 0.000000 0.000000
    33 3.325999 0.000001 0.000002 0.000000 -0.000001 0.000000
    34 6.189647 0.568800 -0.554352 2.949214 -0.013682 0.082709
    35 5.511002 0.000002 0.000001 0.000000 0.000000 0.012404
    36 3.325017 -0.000001 -0.000001 0.000000 0.000000 -0.009884
    37 5.900460 0.299200 -1.780354 2.948545 0.128545 0.102472
    38 5.248501 0.000003 -0.000001 0.000000 0.000000 0.011838
    39 3.151001 0.000001 -0.000001 0.000000 0.000000 -0.010015
    40 7.600445 -0.908441 0.636362 0.000000 -1.570796 2.973902
    41 0.051795 -3.221541 -2.149795 1.570796 -0.003965 -3.124561
    42 -3.929418 0.000003 0.000000 0.456323 0.600730 -2.513550
    43 13.106231 0.000003 0.000000 0.000000 0.000000 2.026915
    44 3.929418 -0.000002 0.000000 -0.411327 0.538162 -0.583342
    45 13.106231 0.000002 0.000000 0.000000 0.000000 -2.064136
    46 3.007646 4.344520 0.542817 1.321605 -0.270767 0.706112
    47 10.074753 -0.000005 -0.000001 0.000000 0.000000 -1.630424
    48 10.292003 -0.000002 0.000000 0.000000 0.000000 -0.425803
    49 -2.753414 4.323161 0.558394 1.931780 -0.224239 2.278513
    50 10.074757 0.000002 0.000000 0.000000 0.000000 -1.604180
    51 10.292000 -0.000001 -0.000001 0.000000 0.000000 -0.406073
  time 66
    0 38.380854 -84.889060 33.704919 1.570796 0.000000 -1.570796
    1 0.000000 0.000000 0.000000 0.000000 0.000000 0.000000
    2 3.890447 0.000000 0.000000 -1.570796 -0.054711 -1.451993
    3 17.591000 0.000000 0.000000 0.000000 0.000000 0.153903
    4 17.699581 0.000000 0.000000 -0.122557 0.022046 -1.083904
    5 -3.890447 0.000000 0.000000 -1.570797 -0.054711 -1.689600
    6 17.590998 0.000000 0.000000 0.000000 0.000000 0.153903
    7 17.699581 0.000000 0.000000 0.133252 -0.022046 -1.083904
    8 0.000000 3.345132 -2.981898 1.570796 0.052893 1.570796
    9 4.126621 0.000000 0.000000 0.000000 0.000000 -0.109958
    10 3.612873 0.000000 0.000000 0.000000 0.000000 0.157085
    11 9.183975 0.000000 0.000000 0.000000 0.000000 0.173457
    12 3.138083 0.000000 0.000000 3.141592 0.000000 -0.936567
    13 1.707666 0.000001 0.000000 0.000000 0.000000 -0.403112
    14 1.663039 1.210510 2.595493 1.585881 -1.286515 2.954168
    15 6.028141 0.000002 0.000000 -1.570685 -0.056434 -0.592417
    16 12.693002 0.000000 0.000001 0.000000 0.000000 -0.762857
    17 11.575974 0.000001 -0.000031 1.151993 -0.002657 0.038189
    18 5.562233 -0.288268 -0.510574 -3.061675 0.198455 -0.005041
    19 5.158500 -0.000001 -0.000001 -0.070282 -0.005680 0.008797
    20 3.326002 -0.000001 0.000000 0.008885 -0.007390 0.009850
    21 5.591166 -0.279020 1.848881 -3.062784 -0.107159 0.004678
    22 5.292999 0.000001 -0.000002 -0.073575 -0.006250 0.008402
    23 3.079116 -0.000001 0.000002 0.006978 -0.006850 0.007920
    24 5.739738 -0.095433 0.607274 -3.063221 0.025568 -0.018370
    25 5.652501 -0.000001 0.000000 -0.067745 -0.006072 0.008532
    26 3.325017 0.000000 -0.000002 0.009338 -0.006636 0.008100
    27 1.663050 1.210515 -2.595442 -1.665774 1.282032 2.945760
    28 6.028141 -0.000001 0.000000 1.632088 0.067144 -0.580410
    29 12.693002 0.000000 0.000003 0.000000 0.000000 -0.811694
    30 11.599607 0.000002 0.000001 -1.164891 -0.106508 0.028596
    31 5.928185 0.378912 0.637283 2.945638 -0.186886 0.107105
    32 5.074002 0.000001 -0.000001 0.000000 0.000000 0.000000
    33 3.325999 0.000001 0.000002 0.000000 -0.000001 0.000000
    34 6.189647 0.568800 -0.554352 2.949214 -0.013682 0.082709
    35 5.511002 0.000002 0.000001 0.000000 0.000000 0.012404
    36 3.325017 -0.000001 -0.000001 0.000000 0.000000 -0.009884
    37 5.900460 0.299200 -1.780354 2.948545 0.128545 0.102472
    38 5.248501 0.000003 -0.000001 0.000000 0.000000 0.011838
    39 3.151001 0.000001 -0.000001 0.000000 0.000000 -0.010015
    40 7.600445 -0.908441 0.636362 0.000000 -1.570796 2.973902
    41 0.051795 -3.221541 -2.149795 1.570796 -0.003965 -3.124561
    42 -3.929418 0.000003 0.000000 0.456323 0.600730 -2.513550
    43 13.106231 0.000003 0.000000 0.000000 0.000000 2.026915
    44 3.929418 -0.000002 0.000000 -0.411327 0.538162 -0.583342
    45 13.106231 0.000002 0.000000 0.000000 0.000000 -2.064136
    46 3.007646 4.344520 0.542817 1.321605 -0.270767 0.706112
    47 10.074753 -0.000005 -0.000001 0.000000 0.000000 -1.630424
    48 10.292003 -0.000002 0.000000 0.000000 0.000000 -0.425803
    49 -2.753414 4.323161 0.558394 1.931780 -0.224239 2.278513
    50 10.074757 0.000002 0.000000 0.000000 0.000000 -1.604180
    51 10.292000 -0.000001 -0.000001 0.000000 0.000000 -0.406073
  time 67
    0 38.514146 -85.195994 33.688110 1.570796 0.000000 -1.570796
    1 0.000000 0.000000 0.000000 0.000000 0.000000 0.000000
    2 3.890447 0.000000 0.000000 -1.570796 -0.054711 -1.451993
    3 17.591000 0.000000 0.000000 0.000000 0.000000 0.153903
    4 17.699581 0.000000 0.000000 -0.122557 0.022046 -1.083904
    5 -3.890447 0.000000 0.000000 -1.570797 -0.054711 -1.689600
    6 17.590998 0.000000 0.000000 0.000000 0.000000 0.153903
    7 17.699581 0.000000 0.000000 0.133252 -0.022046 -1.083904
    8 0.000000 3.345132 -2.981898 1.570796 0.052893 1.570796
    9 4.126621 0.000000 0.000000 0.000000 0.000000 -0.109958
    10 3.612873 0.000000 0.000000 0.000000 0.000000 0.157085
    11 9.183975 0.000000 0.000000 0.000000 0.000000 0.173457
    12 3.138083 0.000000 0.000000 3.141592 0.000000 -0.936567
    13 1.707666 0.000001 0.000000 0.000000 0.000000 -0.403112
    14 1.663039 1.210510 2.595493 1.585881 -1.286515 2.954168
    15 6.028141 0.000002 0.000000 -1.570685 -0.056434 -0.592417
    16 12.693002 0.000000 0.000001 0.000000 0.000000 -0.762857
    17 11.575974 0.000001 -0.000031 1.151993 -0.002657 0.038189
    18 5.562233 -0.288268 -0.510574 -3.061675 0.198455 -0.005041
    19 5.158500 -0.000001 -0.000001 -0.070282 -0.005680 0.008797
    20 3.326002 -0.000001 0.000000 0.008885 -0.007390 0.009850
    21 5.591166 -0.279020 1.848881 -3.062784 -0.107159 0.004678
    22 5.292999 0.000001 -0.000002 -0.073575 -0.006250 0.008402
    23 3.079116 -0.000001 0.000002 0.006978 -0.006850 0.007920
    24 5.739738 -0.095433 0.607274 -3.063221 0.025568 -0.018370
    25 5.652501 -0.000001 0.000000 -0.067745 -0.006072 0.008532
    26 3.325017 0.000000 -0.000002 0.009338 -0.006636 0.008100
    27 1.663050 1.210515 -2.595442 -1.665774 1.282032 2.945760
    28 6.028141 -0.000001 0.000000 1.632088 0.067144 -0.580410
    29 12.693002 0.000000 0.000003 0.000000 0.000000 -0.811694
    30 11.599607 0.000002 0.000001 -1.164891 -0.106508 0.028596
    31 5.928185 0.378912 0.637283 2.945638 -0.186886 0.107105
    32 5.074002 0.000001 -0.000001 0.000000 0.000000 0.000000
    33 3.325999 0.000001 0.000002 0.000000 -0.000001 0.000000
    34 6.189647 0.568800 -0.554352 2.949214 -0.013682 0.082709
    35 5.511002 0.000002 0.000001 0.000000 0.000000 0.012404
    36 3.325017 -0.000001 -0.000001 0.000000 0.000000 -0.009884
    37 5.900460 0.299200 -1.780354 2.948545 0.128545 0.102472
    38 5.248501 0.000003 -0.000001 0.000000 0.000000 0.011838
    39 3.151001 0.000001 -0.000001 0.000000 0.000000 -0.010015
    40 7.600445 -0.908441 0.636362 0.000000 -1.570796 2.973902
    41 0.051795 -3.221541 -2.149795 1.570796 -0.003965 -3.124561
    42 -3.929418 0.000003 0.000000 0.456323 0.600730 -2.513550
    43 13.106231 0.000003 0.000000 0.000000 0.000000 2.026915
    44 3.929418 -0.000002 0.000000 -0.411327 0.538162 -0.583342
    45 13.106231 0.000002 0.000000 0.000000 0.000000 -2.064136
    46 3.007646 4.344520 0.542817 1.321605 -0.270767 0.706112
    47 10.074753 -0.000005 -0.000001 0.000000 0.000000 -1.630424
    48 10.292003 -0.000002 0.000000 0.000000 0.000000 -0.425803
    49 -2.753414 4.323161 0.558394 1.931780 -0.224239 2.278513
    50 10.074757 0.000002 0.000000 0.000000 0.000000 -1.604180
    51 10.292000 -0.000001 -0.000001 0.000000 0.000000 -0.406073
  time 68
    0 38.634743 -85.473695 33.672901 1.570796 0.000000 -1.570796
    1 0.000000 0.000000 0.000000 0.000000 0.000000 0.000000
    2 3.890447 0.000000 0.000000 -1.570796 -0.054711 -1.451993
    3 17.591000 0.000000 0.000000 0.000000 0.000000 0.153903
    4 17.699581 0.000000 0.000000 -0.122557 0.022046 -1.083904
    5 -3.890447 0.000000 0.000000 -1.570797 -0.054711 -1.689600
    6 17.590998 0.000000 0.000000 0.000000 0.000000 0.153903
    7 17.699581 0.000000 0.000000 0.133252 -0.022046 -1.083904
    8 0.000000 3.345132 -2.981898 1.570796 0.052893 1.570796
    9 4.126621 0.000000 0.000000 0.000000 0.000000 -0.109958
    10 3.612873 0.000000 0.000000 0.000000 0.000000 0.157085
    11 9.183975 0.000000 0.000000 0.000000 0.000000 0.173457
    12 3.138083 0.000000 0.000000 3.141592 0.000000 -0.936567
    13 1.707666 0.000001 0.000000 0.000000 0.000000 -0.403112
    14 1.663039 1.210510 2.595493 1.585881 -1.286515 2.954168
    15 6.028141 0.000002 0.000000 -1.570685 -0.056434 -0.592417
    16 12.693002 0.000000 0.000001 0.000000 0.000000 -0.762857
    17 11.575974 0.000001 -0.000031 1.151993 -0.002657 0.038189
    18 5.562233 -0.288268 -0.510574 -3.061675 0.198455 -0.005041
    19 5.158500 -0.000001 -0.000001 -0.070282 -0.005680 0.008797
    20 3.326002 -0.000001 0.000000 0.008885 -0.007390 0.009850
    21 5.591166 -0.279020 1.848881 -3.062784 -0.107159 0.004678
    22 5.292999 0.000001 -0.000002 -0.073575 -0.006250 0.008402
    23 3.079116 -0.000001 0.000002 0.006978 -0.006850 0.007920
    24 5.739738 -0.095433 0.607274 -3.063221 0.025568 -0.018370
    25 5.652501 -0.000001 0.000000 -0.067745 -0.006072 0.008532
    26 3.325017 0.000000 -0.000002 0.009338 -0.006636 0.008100
    27 1.663050 1.210515 -2.595442 -1.665774 1.282032 2.945760
    28 6.028141 -0.000001 0.000000 1.632088 0.067144 -0.580410
    29 12.693002 0.000000 0.000003 0.000000 0.000000 -0.811694
    30 11.599607 0.000002 0.000001 -1.164891 -0.106508 0.028596
    31 5.928185 0.378912 0.637283 2.945638 -0.186886 0.107105
    32 5.074002 0.000001 -0.000001 0.000000 0.000000 0.000000
    33 3.325999 0.000001 0.000002 0.000000 -0.000001 0.000000
    34 6.189647 0.568800 -0.554352 2.949214 -0.013682 0.082709
    35 5.511002 0.000002 0.000001 0.000000 0.000000 0.012404
    36 3.325017 -0.000001 -0.000001 0.000000 0.000000 -0.009884
    37 5.900460 0.299200 -1.780354 2.948545 0.128545 0.102472
    38 5.248501 0.000003 -0.000001 0.000000 0.000000 0.011838
    39 3.151001 0.000001 -0.000001 0.000000 0.000000 -0.010015
    40 7.600445 -0.908441 0.636362 0.000000 -1.570796 2.973902
    41 0.051795 -3.221541 -2.149795 1.570796 -0.003965 -3.124561
    42 -3.929418 0.000003 0.000000 0.456323 0.600730 -2.513550
    43 13.106231 0.000003 0.000000 0.000000 0.000000 2.026915
    44 3.929418 -0.000002 0.000000 -0.411327 0.538162 -0.583342
    45 13.106231 0.000002 0.000000 0.000000 0.000000 -2.064136
    46 3.007646 4.344520 0.542817 1.321605 -0.270767 0.706112
    47 10.074753 -0.000005 -0.000001 0.000000 0.000000 -1.630424
    48 10.292003 -0.000002 0.000000 0.000000 0.000000 -0.425803
    49 -2.753414 4.323161 0.558394 1.931780 -0.224239 2.278513
    50 10.074757 0.000002 0.000000 0.000000 0.000000 -1.604180
    51 10.292000 -0.000001 -0.000001 0.000000 0.000000 -0.406073
  time 69
    0 38.742647 -85.722165 33.659293 1.570796 0.000000 -1.570796
    1 0.000000 0.000000 0.000000 0.000000 0.000000 0.000000
    2 3.890447 0.000000 0.000000 -1.570796 -0.054711 -1.451993
    3 17.591000 0.000000 0.000000 0.000000 0.000000 0.153903
    4 17.699581 0.000000 0.000000 -0.122557 0.022046 -1.083904
    5 -3.890447 0.000000 0.000000 -1.570797 -0.054711 -1.689600
    6 17.590998 0.000000 0.000000 0.000000 0.000000 0.153903
    7 17.699581 0.000000 0.000000 0.133252 -0.022046 -1.083904
    8 0.000000 3.345132 -2.981898 1.570796 0.052893 1.570796
    9 4.126621 0.000000 0.000000 0.000000 0.000000 -0.109958
    10 3.612873 0.000000 0.000000 0.000000 0.000000 0.157085
    11 9.183975 0.000000 0.000000 0.000000 0.000000 0.173457
    12 3.138083 0.000000 0.000000 3.141592 0.000000 -0.936567
    13 1.707666 0.000001 0.000000 0.000000 0.000000 -0.403112
    14 1.663039 1.210510 2.595493 1.585881 -1.286515 2.954168
    15 6.028141 0.000002 0.000000 -1.570685 -0.056434 -0.592417
    16 12.693002 0.000000 0.000001 0.000000 0.000000 -0.762857
    17 11.575974 0.000001 -0.000031 1.151993 -0.002657 0.038189
    18 5.562233 -0.288268 -0.510574 -3.061675 0.198455 -0.005041
    19 5.158500 -0.000001 -0.000001 -0.070282 -0.005680 0.008797
    20 3.326002 -0.000001 0.000000 0.008885 -0.007390 0.009850
    21 5.591166 -0.279020 1.848881 -3.062784 -0.107159 0.004678
    22 5.292999 0.000001 -0.000002 -0.073575 -0.006250 0.008402
    23 3.079116 -0.000001 0.000002 0.006978 -0.006850 0.007920
    24 5.739738 -0.095433 0.607274 -3.063221 0.025568 -0.018370
    25 5.652501 -0.000001 0.000000 -0.067745 -0.006072 0.008532
    26 3.325017 0.000000 -0.000002 0.009338 -0.006636 0.008100
    27 1.663050 1.210515 -2.595442 -1.665774 1.282032 2.945760
    28 6.028141 -0.000001 0.000000 1.632088 0.067144 -0.580410
    29 12.693002 0.000000 0.000003 0.000000 0.000000 -0.811694
    30 11.599607 0.000002 0.000001 -1.164891 -0.106508 0.028596
    31 5.928185 0.378912 0.637283 2.945638 -0.186886 0.107105
    32 5.074002 0.000001 -0.000001 0.000000 0.000000 0.000000
    33 3.325999 0.000001 0.000002 0.000000 -0.000001 0.000000
    34 6.189647 0.568800 -0.554352 2.949214 -0.013682 0.082709
    35 5.511002 0.000002 0.000001 0.000000 0.000000 0.012404
    36 3.325017 -0.000001 -0.000001 0.000000 0.000000 -0.009884
    37 5.900460 0.299200 -1.780354 2.948545 0.128545 0.102472
    38 5.248501 0.000003 -0.000001 0.000000 0.000000 0.011838
    39 3.151001 0.000001 -0.000001 0.000000 0.000000 -0.010015
    40 7.600445 -0.908441 0.636362 0.000000 -1.570796 2.973902
    41 0.051795 -3.221541 -2.149795 1.570796 -0.003965 -3.124561
    42 -3.929418 0.000003 0.000000 0.456323 0.600730 -2.513550
    43 13.106231 0.000003 0.000000 0.000000 0.000000 2.026915
    44 3.929418 -0.000002 0.000000 -0.411327 0.538162 -0.583342
    45 13.106231 0.000002 0.000000 0.000000 0.000000 -2.064136
    46 3.007646 4.344520 0.542817 1.321605 -0.270767 0.706112
    47 10.074753 -0.000005 -0.000001 0.000000 0.000000 -1.630424
    48 10.292003 -0.000002 0.000000 0.000000 0.000000 -0.425803
    49 -2.753414 4.323161 0.558394 1.931780 -0.224239 2.278513
    50 10.074757 0.000002 0.000000 0.000000 0.000000 -1.604180
    51 10.292000 -0.000001 -0.000001 0.000000 0.000000 -0.406073
  time 70
    0 38.837855 -85.941404 33.647286 1.570796 0.000000 -1.570796
    1 0.000000 0.000000 0.000000 0.000000 0.000000 0.000000
    2 3.890447 0.000000 0.000000 -1.570796 -0.054711 -1.451993
    3 17.591000 0.000000 0.000000 0.000000 0.000000 0.153903
    4 17.699581 0.000000 0.000000 -0.122557 0.022046 -1.083904
    5 -3.890447 0.000000 0.000000 -1.570797 -0.054711 -1.689600
    6 17.590998 0.000000 0.000000 0.000000 0.000000 0.153903
    7 17.699581 0.000000 0.000000 0.133252 -0.022046 -1.083904
    8 0.000000 3.345132 -2.981898 1.570796 0.052893 1.570796
    9 4.126621 0.000000 0.000000 0.000000 0.000000 -0.109958
    10 3.612873 0.000000 0.000000 0.000000 0.000000 0.157085
    11 9.183975 0.000000 0.000000 0.000000 0.000000 0.173457
    12 3.138083 0.000000 0.000000 3.141592 0.000000 -0.936567
    13 1.707666 0.000001 0.000000 0.000000 0.000000 -0.403112
    14 1.663039 1.210510 2.595493 1.585881 -1.286515 2.954168
    15 6.028141 0.000002 0.000000 -1.570685 -0.056434 -0.592417
    16 12.693002 0.000000 0.000001 0.000000 0.000000 -0.762857
    17 11.575974 0.000001 -0.000031 1.151993 -0.002657 0.038189
    18 5.562233 -0.288268 -0.510574 -3.061675 0.198455 -0.005041
    19 5.158500 -0.000001 -0.000001 -0.070282 -0.005680 0.008797
    20 3.326002 -0.000001 0.000000 0.008885 -0.007390 0.009850
    21 5.591166 -0.279020 1.848881 -3.062784 -0.107159 0.004678
    22 5.292999 0.000001 -0.000002 -0.073575 -0.006250 0.008402
    23 3.079116 -0.000001 0.000002 0.006978 -0.006850 0.007920
    24 5.739738 -0.095433 0.607274 -3.063221 0.025568 -0.018370
    25 5.652501 -0.000001 0.000000 -0.067745 -0.006072 0.008532
    26 3.325017 0.000000 -0.000002 0.009338 -0.006636 0.008100
    27 1.663050 1.210515 -2.595442 -1.665774 1.282032 2.945760
    28 6.028141 -0.000001 0.000000 1.632088 0.067144 -0.580410
    29 12.693002 0.000000 0.000003 0.000000 0.000000 -0.811694
    30 11.599607 0.000002 0.000001 -1.164891 -0.106508 0.028596
    31 5.928185 0.378912 0.637283 2.945638 -0.186886 0.107105
    32 5.074002 0.000001 -0.000001 0.000000 0.000000 0.000000
    33 3.325999 0.000001 0.000002 0.000000 -0.000001 0.000000
    34 6.189647 0.568800 -0.554352 2.949214 -0.013682 0.082709
    35 5.511002 0.000002 0.000001 0.000000 0.000000 0.012404
    36 3.325017 -0.000001 -0.000001 0.000000 0.000000 -0.009884
    37 5.900460 0.299200 -1.780354 2.948545 0.128545 0.102472
    38 5.248501 0.000003 -0.000001 0.000000 0.000000 0.011838
    39 3.151001 0.000001 -0.000001 0.000000 0.000000 -0.010015
    40 7.600445 -0.908441 0.636362 0.000000 -1.570796 2.973902
    41 0.051795 -3.221541 -2.149795 1.570796 -0.003965 -3.124561
    42 -3.929418 0.000003 0.000000 0.456323 0.600730 -2.513550
    43 13.106231 0.000003 0.000000 0.000000 0.000000 2.026915
    44 3.929418 -0.000002 0.000000 -0.411327 0.538162 -0.583342
    45 13.106231 0.000002 0.000000 0.000000 0.000000 -2.064136
    46 3.007646 4.344520 0.542817 1.321605 -0.270767 0.706112
    47 10.074753 -0.000005 -0.000001 0.000000 0.000000 -1.630424
    48 10.292003 -0.000002 0.000000 0.000000 0.000000 -0.425803
    49 -2.753414 4.323161 0.558394 1.931780 -0.224239 2.278513
    50 10.074757 0.000002 0.000000 0.000000 0.000000 -1.604180
    51 10.292000 -0.000001 -0.000001 0.000000 0.000000 -0.406073
  time 71
    0 38.920369 -86.131410 33.636880 1.570796 0.000000 -1.570796
    1 0.000000 0.000000 0.000000 0.000000 0.000000 0.000000
    2 3.890447 0.000000 0.000000 -1.570796 -0.054711 -1.451993
    3 17.591000 0.000000 0.000000 0.000000 0.000000 0.153903
    4 17.699581 0.000000 0.000000 -0.122557 0.022046 -1.083904
    5 -3.890447 0.000000 0.000000 -1.570797 -0.054711 -1.689600
    6 17.590998 0.000000 0.000000 0.000000 0.000000 0.153903
    7 17.699581 0.000000 0.000000 0.133252 -0.022046 -1.083904
    8 0.000000 3.345132 -2.981898 1.570796 0.052893 1.570796
    9 4.126621 0.000000 0.000000 0.000000 0.000000 -0.109958
    10 3.612873 0.000000 0.000000 0.000000 0.000000 0.157085
    11 9.183975 0.000000 0.000000 0.000000 0.000000 0.173457
    12 3.138083 0.000000 0.000000 3.141592 0.000000 -0.936567
    13 1.707666 0.000001 0.000000 0.000000 0.000000 -0.403112
    14 1.663039 1.210510 2.595493 1.585881 -1.286515 2.954168
    15 6.028141 0.000002 0.000000 -1.570685 -0.056434 -0.592417
    16 12.693002 0.000000 0.000001 0.000000 0.000000 -0.762857
    17 11.575974 0.000001 -0.000031 1.151993 -0.002657 0.038189
    18 5.562233 -0.288268 -0.510574 -3.061675 0.198455 -0.005041
    19 5.158500 -0.000001 -0.000001 -0.070282 -0.005680 0.008797
    20 3.326002 -0.000001 0.000000 0.008885 -0.007390 0.009850
    21 5.591166 -0.279020 1.848881 -3.062784 -0.107159 0.004678
    22 5.292999 0.000001 -0.000002 -0.073575 -0.006250 0.008402
    23 3.079116 -0.000001 0.000002 0.006978 -0.006850 0.007920
    24 5.739738 -0.095433 0.607274 -3.063221 0.025568 -0.018370
    25 5.652501 -0.000001 0.000000 -0.067745 -0.006072 0.008532
    26 3.325017 0.000000 -0.000002 0.009338 -0.006636 0.008100
    27 1.663050 1.210515 -2.595442 -1.665774 1.282032 2.945760
    28 6.028141 -0.000001 0.000000 1.632088 0.067144 -0.580410
    29 12.693002 0.000000 0.000003 0.000000 0.000000 -0.811694
    30 11.599607 0.000002 0.000001 -1.164891 -0.106508 0.028596
    31 5.928185 0.378912 0.637283 2.945638 -0.186886 0.107105
    32 5.074002 0.000001 -0.000001 0.000000 0.000000 0.000000
    33 3.325999 0.000001 0.000002 0.000000 -0.000001 0.000000
    34 6.189647 0.568800 -0.554352 2.949214 -0.013682 0.082709
    35 5.511002 0.000002 0.000001 0.000000 0.000000 0.012404
    36 3.325017 -0.000001 -0.000001 0.000000 0.000000 -0.009884
    37 5.900460 0.299200 -1.780354 2.948545 0.128545 0.102472
    38 5.248501 0.000003 -0.000001 0.000000 0.000000 0.011838
    39 3.151001 0.000001 -0.000001 0.000000 0.000000 -0.010015
    40 7.600445 -0.908441 0.636362 0.000000 -1.570796 2.973902
    41 0.051795 -3.221541 -2.149795 1.570796 -0.003965 -3.124561
    42 -3.929418 0.000003 0.000000 0.456323 0.600730 -2.513550
    43 13.106231 0.000003 0.000000 0.000000 0.000000 2.026915
    44 3.929418 -0.000002 0.000000 -0.411327 0.538162 -0.583342
    45 13.106231 0.000002 0.000000 0.000000 0.000000 -2.064136
    46 3.007646 4.344520 0.542817 1.321605 -0.270767 0.706112
    47 10.074753 -0.000005 -0.000001 0.000000 0.000000 -1.630424
    48 10.292003 -0.000002 0.000000 0.000000 0.000000 -0.425803
    49 -2.753414 4.323161 0.558394 1.931780 -0.224239 2.278513
    50 10.074757 0.000002 0.000000 0.000000 0.000000 -1.604180
    51 10.292000 -0.000001 -0.000001 0.000000 0.000000 -0.406073
  time 72
    0 38.990189 -86.292185 33.628075 1.570796 0.000000 -1.570796
    1 0.000000 0.000000 0.000000 0.000000 0.000000 0.000000
    2 3.890447 0.000000 0.000000 -1.570796 -0.054711 -1.451993
    3 17.591000 0.000000 0.000000 0.000000 0.000000 0.153903
    4 17.699581 0.000000 0.000000 -0.122557 0.022046 -1.083904
    5 -3.890447 0.000000 0.000000 -1.570797 -0.054711 -1.689600
    6 17.590998 0.000000 0.000000 0.000000 0.000000 0.153903
    7 17.699581 0.000000 0.000000 0.133252 -0.022046 -1.083904
    8 0.000000 3.345132 -2.981898 1.570796 0.052893 1.570796
    9 4.126621 0.000000 0.000000 0.000000 0.000000 -0.109958
    10 3.612873 0.000000 0.000000 0.000000 0.000000 0.157085
    11 9.183975 0.000000 0.000000 0.000000 0.000000 0.173457
    12 3.138083 0.000000 0.000000 3.141592 0.000000 -0.936567
    13 1.707666 0.000001 0.000000 0.000000 0.000000 -0.403112
    14 1.663039 1.210510 2.595493 1.585881 -1.286515 2.954168
    15 6.028141 0.000002 0.000000 -1.570685 -0.056434 -0.592417
    16 12.693002 0.000000 0.000001 0.000000 0.000000 -0.762857
    17 11.575974 0.000001 -0.000031 1.151993 -0.002657 0.038189
    18 5.562233 -0.288268 -0.510574 -3.061675 0.198455 -0.005041
    19 5.158500 -0.000001 -0.000001 -0.070282 -0.005680 0.008797
    20 3.326002 -0.000001 0.000000 0.008885 -0.007390 0.009850
    21 5.591166 -0.279020 1.848881 -3.062784 -0.107159 0.004678
    22 5.292999 0.000001 -0.000002 -0.073575 -0.006250 0.008402
    23 3.079116 -0.000001 0.000002 0.006978 -0.006850 0.007920
    24 5.739738 -0.095433 0.607274 -3.063221 0.025568 -0.018370
    25 5.652501 -0.000001 0.000000 -0.067745 -0.006072 0.008532
    26 3.325017 0.000000 -0.000002 0.009338 -0.006636 0.008100
    27 1.663050 1.210515 -2.595442 -1.665774 1.282032 2.945760
    28 6.028141 -0.000001 0.000000 1.632088 0.067144 -0.580410
    29 12.693002 0.000000 0.000003 0.000000 0.000000 -0.811694
    30 11.599607 0.000002 0.000001 -1.164891 -0.106508 0.028596
    31 5.928185 0.378912 0.637283 2.945638 -0.186886 0.107105
    32 5.074002 0.000001 -0.000001 0.000000 0.000000 0.000000
    33 3.325999 0.000001 0.000002 0.000000 -0.000001 0.000000
    34 6.189647 0.568800 -0.554352 2.949214 -0.013682 0.082709
    35 5.511002 0.000002 0.000001 0.000000 0.000000 0.012404
    36 3.325017 -0.000001 -0.000001 0.000000 0.000000 -0.009884
    37 5.900460 0.299200 -1.780354 2.948545 0.128545 0.102472
    38 5.248501 0.000003 -0.000001 0.000000 0.000000 0.011838
    39 3.151001 0.000001 -0.000001 0.000000 0.000000 -0.010015
    40 7.600445 -0.908441 0.636362 0.000000 -1.570796 2.973902
    41 0.051795 -3.221541 -2.149795 1.570796 -0.003965 -3.124561
    42 -3.929418 0.000003 0.000000 0.456323 0.600730 -2.513550
    43 13.106231 0.000003 0.000000 0.000000 0.000000 2.026915
    44 3.929418 -0.000002 0.000000 -0.411327 0.538162 -0.583342
    45 13.106231 0.000002 0.000000 0.000000 0.000000 -2.064136
    46 3.007646 4.344520 0.542817 1.321605 -0.270767 0.706112
    47 10.074753 -0.000005 -0.000001 0.000000 0.000000 -1.630424
    48 10.292003 -0.000002 0.000000 0.000000 0.000000 -0.425803
    49 -2.753414 4.323161 0.558394 1.931780 -0.224239 2.278513
    50 10.074757 0.000002 0.000000 0.000000 0.000000 -1.604180
    51 10.292000 -0.000001 -0.000001 0.000000 0.000000 -0.406073
  time 73
    0 39.047314 -86.423728 33.620871 1.570796 0.000000 -1.570796
    1 0.000000 0.000000 0.000000 0.000000 0.000000 0.000000
    2 3.890447 0.000000 0.000000 -1.570796 -0.054711 -1.451993
    3 17.591000 0.000000 0.000000 0.000000 0.000000 0.153903
    4 17.699581 0.000000 0.000000 -0.122557 0.022046 -1.083904
    5 -3.890447 0.000000 0.000000 -1.570797 -0.054711 -1.689600
    6 17.590998 0.000000 0.000000 0.000000 0.000000 0.153903
    7 17.699581 0.000000 0.000000 0.133252 -0.022046 -1.083904
    8 0.000000 3.345132 -2.981898 1.570796 0.052893 1.570796
    9 4.126621 0.000000 0.000000 0.000000 0.000000 -0.109958
    10 3.612873 0.000000 0.000000 0.000000 0.000000 0.157085
    11 9.183975 0.000000 0.000000 0.000000 0.000000 0.173457
    12 3.138083 0.000000 0.000000 3.141592 0.000000 -0.936567
    13 1.707666 0.000001 0.000000 0.000000 0.000000 -0.403112
    14 1.663039 1.210510 2.595493 1.585881 -1.286515 2.954168
    15 6.028141 0.000002 0.000000 -1.570685 -0.056434 -0.592417
    16 12.693002 0.000000 0.000001 0.000000 0.000000 -0.762857
    17 11.575974 0.000001 -0.000031 1.151993 -0.002657 0.038189
    18 5.562233 -0.288268 -0.510574 -3.061675 0.198455 -0.005041
    19 5.158500 -0.000001 -0.000001 -0.070282 -0.005680 0.008797
    20 3.326002 -0.000001 0.000000 0.008885 -0.007390 0.009850
    21 5.591166 -0.279020 1.848881 -3.062784 -0.107159 0.004678
    22 5.292999 0.000001 -0.000002 -0.073575 -0.006250 0.008402
    23 3.079116 -0.000001 0.000002 0.006978 -0.006850 0.007920
    24 5.739738 -0.095433 0.607274 -3.063221 0.025568 -0.018370
    25 5.652501 -0.000001 0.000000 -0.067745 -0.006072 0.008532
    26 3.325017 0.000000 -0.000002 0.009338 -0.006636 0.008100
    27 1.663050 1.210515 -2.595442 -1.665774 1.282032 2.945760
    28 6.028141 -0.000001 0.000000 1.632088 0.067144 -0.580410
    29 12.693002 0.000000 0.000003 0.000000 0.000000 -0.811694
    30 11.599607 0.000002 0.000001 -1.164891 -0.106508 0.028596
    31 5.928185 0.378912 0.637283 2.945638 -0.186886 0.107105
    32 5.074002 0.000001 -0.000001 0.000000 0.000000 0.000000
    33 3.325999 0.000001 0.000002 0.000000 -0.000001 0.000000
    34 6.189647 0.568800 -0.554352 2.949214 -0.013682 0.082709
    35 5.511002 0.000002 0.000001 0.000000 0.000000 0.012404
    36 3.325017 -0.000001 -0.000001 0.000000 0.000000 -0.009884
    37 5.900460 0.299200 -1.780354 2.948545 0.128545 0.102472
    38 5.248501 0.000003 -0.000001 0.000000 0.000000 0.011838
    39 3.151001 0.000001 -0.000001 0.000000 0.000000 -0.010015
    40 7.600445 -0.908441 0.636362 0.000000 -1.570796 2.973902
    41 0.051795 -3.221541 -2.149795 1.570796 -0.003965 -3.124561
    42 -3.929418 0.000003 0.000000 0.456323 0.600730 -2.513550
    43 13.106231 0.000003 0.000000 0.000000 0.000000 2.026915
    44 3.929418 -0.000002 0.000000 -0.411327 0.538162 -0.583342
    45 13.106231 0.000002 0.000000 0.000000 0.000000 -2.064136
    46 3.007646 4.344520 0.542817 1.321605 -0.270767 0.706112
    47 10.074753 -0.000005 -0.000001 0.000000 0.000000 -1.630424
    48 10.292003 -0.000002 0.000000 0.000000 0.000000 -0.425803
    49 -2.753414 4.323161 0.558394 1.931780 -0.224239 2.278513
    50 10.074757 0.000002 0.000000 0.000000 0.000000 -1.604180
    51 10.292000 -0.000001 -0.000001 0.000000 0.000000 -0.406073
  time 74
    0 39.091745 -86.526039 33.615268 1.570796 0.000000 -1.570796
    1 0.000000 0.000000 0.000000 0.000000 0.000000 0.000000
    2 3.890447 0.000000 0.000000 -1.570796 -0.054711 -1.451993
    3 17.591000 0.000000 0.000000 0.000000 0.000000 0.153903
    4 17.699581 0.000000 0.000000 -0.122557 0.022046 -1.083904
    5 -3.890447 0.000000 0.000000 -1.570797 -0.054711 -1.689600
    6 17.590998 0.000000 0.000000 0.000000 0.000000 0.153903
    7 17.699581 0.000000 0.000000 0.133252 -0.022046 -1.083904
    8 0.000000 3.345132 -2.981898 1.570796 0.052893 1.570796
    9 4.126621 0.000000 0.000000 0.000000 0.000000 -0.109958
    10 3.612873 0.000000 0.000000 0.000000 0.000000 0.157085
    11 9.183975 0.000000 0.000000 0.000000 0.000000 0.173457
    12 3.138083 0.000000 0.000000 3.141592 0.000000 -0.936567
    13 1.707666 0.000001 0.000000 0.000000 0.000000 -0.403112
    14 1.663039 1.210510 2.595493 1.585881 -1.286515 2.954168
    15 6.028141 0.000002 0.000000 -1.570685 -0.056434 -0.592417
    16 12.693002 0.000000 0.000001 0.000000 0.000000 -0.762857
    17 11.575974 0.000001 -0.000031 1.151993 -0.002657 0.038189
    18 5.562233 -0.288268 -0.510574 -3.061675 0.198455 -0.005041
    19 5.158500 -0.000001 -0.000001 -0.070282 -0.005680 0.008797
    20 3.326002 -0.000001 0.000000 0.008885 -0.007390 0.009850
    21 5.591166 -0.279020 1.848881 -3.062784 -0.107159 0.004678
    22 5.292999 0.000001 -0.000002 -0.073575 -0.006250 0.008402
    23 3.079116 -0.000001 0.000002 0.006978 -0.006850 0.007920
    24 5.739738 -0.095433 0.607274 -3.063221 0.025568 -0.018370
    25 5.652501 -0.000001 0.000000 -0.067745 -0.006072 0.008532
    26 3.325017 0.000000 -0.000002 0.009338 -0.006636 0.008100
    27 1.663050 1.210515 -2.595442 -1.665774 1.282032 2.945760
    28 6.028141 -0.000001 0.000000 1.632088 0.067144 -0.580410
    29 12.693002 0.000000 0.000003 0.000000 0.000000 -0.811694
    30 11.599607 0.000002 0.000001 -1.164891 -0.106508 0.028596
    31 5.928185 0.378912 0.637283 2.945638 -0.186886 0.107105
    32 5.074002 0.000001 -0.000001 0.000000 0.000000 0.000000
    33 3.325999 0.000001 0.000002 0.000000 -0.000001 0.000000
    34 6.189647 0.568800 -0.554352 2.949214 -0.013682 0.082709
    35 5.511002 0.000002 0.000001 0.000000 0.000000 0.012404
    36 3.325017 -0.000001 -0.000001 0.000000 0.000000 -0.009884
    37 5.900460 0.299200 -1.780354 2.948545 0.128545 0.102472
    38 5.248501 0.000003 -0.000001 0.000000 0.000000 0.011838
    39 3.151001 0.000001 -0.000001 0.000000 0.000000 -0.010015
    40 7.600445 -0.908441 0.636362 0.000000 -1.570796 2.973902
    41 0.051795 -3.221541 -2.149795 1.570796 -0.003965 -3.124561
    42 -3.929418 0.000003 0.000000 0.456323 0.600730 -2.513550
    43 13.106231 0.000003 0.000000 0.000000 0.000000 2.026915
    44 3.929418 -0.000002 0.000000 -0.411327 0.538162 -0.583342
    45 13.106231 0.000002 0.000000 0.000000 0.000000 -2.064136
    46 3.007646 4.344520 0.542817 1.321605 -0.270767 0.706112
    47 10.074753 -0.000005 -0.000001 0.000000 0.000000 -1.630424
    48 10.292003 -0.000002 0.000000 0.000000 0.000000 -0.425803
    49 -2.753414 4.323161 0.558394 1.931780 -0.224239 2.278513
    50 10.074757 0.000002 0.000000 0.000000 0.000000 -1.604180
    51 10.292000 -0.000001 -0.000001 0.000000 0.000000 -0.406073
  time 75
    0 39.123481 -86.599119 33.611266 1.570796 0.000000 -1.570796
    1 0.000000 0.000000 0.000000 0.000000 0.000000 0.000000
    2 3.890447 0.000000 0.000000 -1.570796 -0.054711 -1.451993
    3 17.591000 0.000000 0.000000 0.000000 0.000000 0.153903
    4 17.699581 0.000000 0.000000 -0.122557 0.022046 -1.083904
    5 -3.890447 0.000000 0.000000 -1.570797 -0.054711 -1.689600
    6 17.590998 0.000000 0.000000 0.000000 0.000000 0.153903
    7 17.699581 0.000000 0.000000 0.133252 -0.022046 -1.083904
    8 0.000000 3.345132 -2.981898 1.570796 0.052893 1.570796
    9 4.126621 0.000000 0.000000 0.000000 0.000000 -0.109958
    10 3.612873 0.000000 0.000000 0.000000 0.000000 0.157085
    11 9.183975 0.000000 0.000000 0.000000 0.000000 0.173457
    12 3.138083 0.000000 0.000000 3.141592 0.000000 -0.936567
    13 1.707666 0.000001 0.000000 0.000000 0.000000 -0.403112
    14 1.663039 1.210510 2.595493 1.585881 -1.286515 2.954168
    15 6.028141 0.000002 0.000000 -1.570685 -0.056434 -0.592417
    16 12.693002 0.000000 0.000001 0.000000 0.000000 -0.762857
    17 11.575974 0.000001 -0.000031 1.151993 -0.002657 0.038189
    18 5.562233 -0.288268 -0.510574 -3.061675 0.198455 -0.005041
    19 5.158500 -0.000001 -0.000001 -0.070282 -0.005680 0.008797
    20 3.326002 -0.000001 0.000000 0.008885 -0.007390 0.009850
    21 5.591166 -0.279020 1.848881 -3.062784 -0.107159 0.004678
    22 5.292999 0.000001 -0.000002 -0.073575 -0.006250 0.008402
    23 3.079116 -0.000001 0.000002 0.006978 -0.006850 0.007920
    24 5.739738 -0.095433 0.607274 -3.063221 0.025568 -0.018370
    25 5.652501 -0.000001 0.000000 -0.067745 -0.006072 0.008532
    26 3.325017 0.000000 -0.000002 0.009338 -0.006636 0.008100
    27 1.663050 1.210515 -2.595442 -1.665774 1.282032 2.945760
    28 6.028141 -0.000001 0.000000 1.632088 0.067144 -0.580410
    29 12.693002 0.000000 0.000003 0.000000 0.000000 -0.811694
    30 11.599607 0.000002 0.000001 -1.164891 -0.106508 0.028596
    31 5.928185 0.378912 0.637283 2.945638 -0.186886 0.107105
    32 5.074002 0.000001 -0.000001 0.000000 0.000000 0.000000
    33 3.325999 0.000001 0.000002 0.000000 -0.000001 0.000000
    34 6.189647 0.568800 -0.554352 2.949214 -0.013682 0.082709
    35 5.511002 0.000002 0.000001 0.000000 0.000000 0.012404
    36 3.325017 -0.000001 -0.000001 0.000000 0.000000 -0.009884
    37 5.900460 0.299200 -1.780354 2.948545 0.128545 0.102472
    38 5.248501 0.000003 -0.000001 0.000000 0.000000 0.011838
    39 3.151001 0.000001 -0.000001 0.000000 0.000000 -0.010015
    40 7.600445 -0.908441 0.636362 0.000000 -1.570796 2.973902
    41 0.051795 -3.221541 -2.149795 1.570796 -0.003965 -3.124561
    42 -3.929418 0.000003 0.000000 0.456323 0.600730 -2.513550
    43 13.106231 0.000003 0.000000 0.000000 0.000000 2.026915
    44 3.929418 -0.000002 0.000000 -0.411327 0.538162 -0.583342
    45 13.106231 0.000002 0.000000 0.000000 0.000000 -2.064136
    46 3.007646 4.344520 0.542817 1.321605 -0.270767 0.706112
    47 10.074753 -0.000005 -0.000001 0.000000 0.000000 -1.630424
    48 10.292003 -0.000002 0.000000 0.000000 0.000000 -0.425803
    49 -2.753414 4.323161 0.558394 1.931780 -0.224239 2.278513
    50 10.074757 0.000002 0.000000 0.000000 0.000000 -1.604180
    51 10.292000 -0.000001 -0.000001 0.000000 0.000000 -0.406073
  time 76
    0 39.142523 -86.642966 33.608864 1.570796 0.000000 -1.570796
    1 0.000000 0.000000 0.000000 0.000000 0.000000 0.000000
    2 3.890447 0.000000 0.000000 -1.570796 -0.054711 -1.451993
    3 17.591000 0.000000 0.000000 0.000000 0.000000 0.153903
    4 17.699581 0.000000 0.000000 -0.122557 0.022046 -1.083904
    5 -3.890447 0.000000 0.000000 -1.570797 -0.054711 -1.689600
    6 17.590998 0.000000 0.000000 0.000000 0.000000 0.153903
    7 17.699581 0.000000 0.000000 0.133252 -0.022046 -1.083904
    8 0.000000 3.345132 -2.981898 1.570796 0.052893 1.570796
    9 4.126621 0.000000 0.000000 0.000000 0.000000 -0.109958
    10 3.612873 0.000000 0.000000 0.000000 0.000000 0.157085
    11 9.183975 0.000000 0.000000 0.000000 0.000000 0.173457
    12 3.138083 0.000000 0.000000 3.141592 0.000000 -0.936567
    13 1.707666 0.000001 0.000000 0.000000 0.000000 -0.403112
    14 1.663039 1.210510 2.595493 1.585881 -1.286515 2.954168
    15 6.028141 0.000002 0.000000 -1.570685 -0.056434 -0.592417
    16 12.693002 0.000000 0.000001 0.000000 0.000000 -0.762857
    17 11.575974 0.000001 -0.000031 1.151993 -0.002657 0.038189
    18 5.562233 -0.288268 -0.510574 -3.061675 0.198455 -0.005041
    19 5.158500 -0.000001 -0.000001 -0.070282 -0.005680 0.008797
    20 3.326002 -0.000001 0.000000 0.008885 -0.007390 0.009850
    21 5.591166 -0.279020 1.848881 -3.062784 -0.107159 0.004678
    22 5.292999 0.000001 -0.000002 -0.073575 -0.006250 0.008402
    23 3.079116 -0.000001 0.000002 0.006978 -0.006850 0.007920
    24 5.739738 -0.095433 0.607274 -3.063221 0.025568 -0.018370
    25 5.652501 -0.000001 0.000000 -0.067745 -0.006072 0.008532
    26 3.325017 0.000000 -0.000002 0.009338 -0.006636 0.008100
    27 1.663050 1.210515 -2.595442 -1.665774 1.282032 2.945760
    28 6.028141 -0.000001 0.000000 1.632088 0.067144 -0.580410
    29 12.693002 0.000000 0.000003 0.000000 0.000000 -0.811694
    30 11.599607 0.000002 0.000001 -1.164891 -0.106508 0.028596
    31 5.928185 0.378912 0.637283 2.945638 -0.186886 0.107105
    32 5.074002 0.000001 -0.000001 0.000000 0.000000 0.000000
    33 3.325999 0.000001 0.000002 0.000000 -0.000001 0.000000
    34 6.189647 0.568800 -0.554352 2.949214 -0.013682 0.082709
    35 5.511002 0.000002 0.000001 0.000000 0.000000 0.012404
    36 3.325017 -0.000001 -0.000001 0.000000 0.000000 -0.009884
    37 5.900460 0.299200 -1.780354 2.948545 0.128545 0.102472
    38 5.248501 0.000003 -0.000001 0.000000 0.000000 0.011838
    39 3.151001 0.000001 -0.000001 0.000000 0.000000 -0.010015
    40 7.600445 -0.908441 0.636362 0.000000 -1.570796 2.973902
    41 0.051795 -3.221541 -2.149795 1.570796 -0.003965 -3.124561
    42 -3.929418 0.000003 0.000000 0.456323 0.600730 -2.513550
    43 13.106231 0.000003 0.000000 0.000000 0.000000 2.026915
    44 3.929418 -0.000002 0.000000 -0.411327 0.538162 -0.583342
    45 13.106231 0.000002 0.000000 0.000000 0.000000 -2.064136
    46 3.007646 4.344520 0.542817 1.321605 -0.270767 0.706112
    47 10.074753 -0.000005 -0.000001 0.000000 0.000000 -1.630424
    48 10.292003 -0.000002 0.000000 0.000000 0.000000 -0.425803
    49 -2.753414 4.323161 0.558394 1.931780 -0.224239 2.278513
    50 10.074757 0.000002 0.000000 0.000000 0.000000 -1.604180
    51 10.292000 -0.000001 -0.000001 0.000000 0.000000 -0.406073
  time 77
    0 39.148870 -86.657582 33.608064 1.570796 0.000000 -1.570796
    1 0.000000 0.000000 0.000000 0.000000 0.000000 0.000000
    2 3.890447 0.000000 0.000000 -1.570796 -0.054711 -1.451993
    3 17.591000 0.000000 0.000000 0.000000 0.000000 0.153903
    4 17.699581 0.000000 0.000000 -0.122557 0.022046 -1.083904
    5 -3.890447 0.000000 0.000000 -1.570797 -0.054711 -1.689600
    6 17.590998 0.000000 0.000000 0.000000 0.000000 0.153903
    7 17.699581 0.000000 0.000000 0.133252 -0.022046 -1.083904
    8 0.000000 3.345132 -2.981898 1.570796 0.052893 1.570796
    9 4.126621 0.000000 0.000000 0.000000 0.000000 -0.109958
    10 3.612873 0.000000 0.000000 0.000000 0.000000 0.157085
    11 9.183975 0.000000 0.000000 0.000000 0.000000 0.173457
    12 3.138083 0.000000 0.000000 3.141592 0.000000 -0.936567
    13 1.707666 0.000001 0.000000 0.000000 0.000000 -0.403112
    14 1.663039 1.210510 2.595493 1.585881 -1.286515 2.954168
    15 6.028141 0.000002 0.000000 -1.570685 -0.056434 -0.592417
    16 12.693002 0.000000 0.000001 0.000000 0.000000 -0.762857
    17 11.575974 0.000001 -0.000031 1.151993 -0.002657 0.038189
    18 5.562233 -0.288268 -0.510574 -3.061675 0.198455 -0.005041
    19 5.158500 -0.000001 -0.000001 -0.070282 -0.005680 0.008797
    20 3.326002 -0.000001 0.000000 0.008885 -0.007390 0.009850
    21 5.591166 -0.279020 1.848881 -3.062784 -0.107159 0.004678
    22 5.292999 0.000001 -0.000002 -0.073575 -0.006250 0.008402
    23 3.079116 -0.000001 0.000002 0.006978 -0.006850 0.007920
    24 5.739738 -0.095433 0.607274 -3.063221 0.025568 -0.018370
    25 5.652501 -0.000001 0.000000 -0.067745 -0.006072 0.008532
    26 3.325017 0.000000 -0.000002 0.009338 -0.006636 0.008100
    27 1.663050 1.210515 -2.595442 -1.665774 1.282032 2.945760
    28 6.028141 -0.000001 0.000000 1.632088 0.067144 -0.580410
    29 12.693002 0.000000 0.000003 0.000000 0.000000 -0.811694
    30 11.599607 0.000002 0.000001 -1.164891 -0.106508 0.028596
    31 5.928185 0.378912 0.637283 2.945638 -0.186886 0.107105
    32 5.074002 0.000001 -0.000001 0.000000 0.000000 0.000000
    33 3.325999 0.000001 0.000002 0.000000 -0.000001 0.000000
    34 6.189647 0.568800 -0.554352 2.949214 -0.013682 0.082709
    35 5.511002 0.000002 0.000001 0.000000 0.000000 0.012404
    36 3.325017 -0.000001 -0.000001 0.000000 0.000000 -0.009884
    37 5.900460 0.299200 -1.780354 2.948545 0.128545 0.102472
    38 5.248501 0.000003 -0.000001 0.000000 0.000000 0.011838
    39 3.151001 0.000001 -0.000001 0.000000 0.000000 -0.010015
    40 7.600445 -0.908441 0.636362 0.000000 -1.570796 2.973902
    41 0.051795 -3.221541 -2.149795 1.570796 -0.003965 -3.124561
    42 -3.929418 0.000003 0.000000 0.456323 0.600730 -2.513550
    43 13.106231 0.000003 0.000000 0.000000 0.000000 2.026915
    44 3.929418 -0.000002 0.000000 -0.411327 0.538162 -0.583342
    45 13.106231 0.000002 0.000000 0.000000 0.000000 -2.064136
    46 3.007646 4.344520 0.542817 1.321605 -0.270767 0.706112
    47 10.074753 -0.000005 -0.000001 0.000000 0.000000 -1.630424
    48 10.292003 -0.000002 0.000000 0.000000 0.000000 -0.425803
    49 -2.753414 4.323161 0.558394 1.931780 -0.224239 2.278513
    50 10.074757 0.000002 0.000000 0.000000 0.000000 -1.604180
    51 10.292000 -0.000001 -0.000001 0.000000 0.000000 -0.406073
  time 78
    0 39.148871 -86.657585 33.608064 1.570796 0.000000 -1.570796
    1 0.000000 0.000000 0.000000 0.000000 0.000000 0.000000
    2 3.890447 0.000000 0.000000 -1.570796 -0.054711 -1.451993
    3 17.591000 0.000000 0.000000 0.000000 0.000000 0.153903
    4 17.699581 0.000000 0.000000 -0.122557 0.022046 -1.083904
    5 -3.890447 0.000000 0.000000 -1.570797 -0.054711 -1.689600
    6 17.590998 0.000000 0.000000 0.000000 0.000000 0.153903
    7 17.699581 0.000000 0.000000 0.133252 -0.022046 -1.083904
    8 0.000000 3.345132 -2.981898 1.570796 0.052893 1.570796
    9 4.126621 0.000000 0.000000 0.000000 0.000000 -0.109958
    10 3.612873 0.000000 0.000000 0.000000 0.000000 0.157085
    11 9.183975 0.000000 0.000000 0.000000 0.000000 0.173457
    12 3.138083 0.000000 0.000000 3.141592 0.000000 -0.936567
    13 1.707666 0.000001 0.000000 0.000000 0.000000 -0.403112
    14 1.663039 1.210510 2.595493 1.585881 -1.286515 2.954168
    15 6.028141 0.000002 0.000000 -1.570685 -0.056434 -0.592417
    16 12.693002 0.000000 0.000001 0.000000 0.000000 -0.762857
    17 11.575974 0.000001 -0.000031 1.151993 -0.002657 0.038189
    18 5.562233 -0.288268 -0.510574 -3.061675 0.198455 -0.005041
    19 5.158500 -0.000001 -0.000001 -0.070282 -0.005680 0.008797
    20 3.326002 -0.000001 0.000000 0.008885 -0.007390 0.009850
    21 5.591166 -0.279020 1.848881 -3.062784 -0.107159 0.004678
    22 5.292999 0.000001 -0.000002 -0.073575 -0.006250 0.008402
    23 3.079116 -0.000001 0.000002 0.006978 -0.006850 0.007920
    24 5.739738 -0.095433 0.607274 -3.063221 0.025568 -0.018370
    25 5.652501 -0.000001 0.000000 -0.067745 -0.006072 0.008532
    26 3.325017 0.000000 -0.000002 0.009338 -0.006636 0.008100
    27 1.663050 1.210515 -2.595442 -1.665774 1.282032 2.945760
    28 6.028141 -0.000001 0.000000 1.632088 0.067144 -0.580410
    29 12.693002 0.000000 0.000003 0.000000 0.000000 -0.811694
    30 11.599607 0.000002 0.000001 -1.164891 -0.106508 0.028596
    31 5.928185 0.378912 0.637283 2.945638 -0.186886 0.107105
    32 5.074002 0.000001 -0.000001 0.000000 0.000000 0.000000
    33 3.325999 0.000001 0.000002 0.000000 -0.000001 0.000000
    34 6.189647 0.568800 -0.554352 2.949214 -0.013682 0.082709
    35 5.511002 0.000002 0.000001 0.000000 0.000000 0.012404
    36 3.325017 -0.000001 -0.000001 0.000000 0.000000 -0.009884
    37 5.900460 0.299200 -1.780354 2.948545 0.128545 0.102472
    38 5.248501 0.000003 -0.000001 0.000000 0.000000 0.011838
    39 3.151001 0.000001 -0.000001 0.000000 0.000000 -0.010015
    40 7.600445 -0.908441 0.636362 0.000000 -1.570796 2.973902
    41 0.051795 -3.221541 -2.149795 1.570796 -0.003965 -3.124561
    42 -3.929418 0.000003 0.000000 0.456323 0.600730 -2.513550
    43 13.106231 0.000003 0.000000 0.000000 0.000000 2.026915
    44 3.929418 -0.000002 0.000000 -0.411327 0.538162 -0.583342
    45 13.106231 0.000002 0.000000 0.000000 0.000000 -2.064136
    46 3.007646 4.344520 0.542817 1.321605 -0.270767 0.706112
    47 10.074753 -0.000005 -0.000001 0.000000 0.000000 -1.630424
    48 10.292003 -0.000002 0.000000 0.000000 0.000000 -0.425803
    49 -2.753414 4.323161 0.558394 1.931780 -0.224239 2.278513
    50 10.074757 0.000002 0.000000 0.000000 0.000000 -1.604180
    51 10.292000 -0.000001 -0.000001 0.000000 0.000000 -0.406073
  time 79
    0 39.148871 -86.657585 33.608064 1.570796 0.000000 -1.570796
    1 0.000000 0.000000 0.000000 0.000000 0.000000 0.000000
    2 3.890447 0.000000 0.000000 -1.570796 -0.054711 -1.451993
    3 17.591000 0.000000 0.000000 0.000000 0.000000 0.153903
    4 17.699581 0.000000 0.000000 -0.122557 0.022046 -1.083904
    5 -3.890447 0.000000 0.000000 -1.570797 -0.054711 -1.689600
    6 17.590998 0.000000 0.000000 0.000000 0.000000 0.153903
    7 17.699581 0.000000 0.000000 0.133252 -0.022046 -1.083904
    8 0.000000 3.345132 -2.981898 1.570796 0.052893 1.570796
    9 4.126621 0.000000 0.000000 0.000000 0.000000 -0.109958
    10 3.612873 0.000000 0.000000 0.000000 0.000000 0.157085
    11 9.183975 0.000000 0.000000 0.000000 0.000000 0.173457
    12 3.138083 0.000000 0.000000 3.141592 0.000000 -0.936567
    13 1.707666 0.000001 0.000000 0.000000 0.000000 -0.403112
    14 1.663039 1.210510 2.595493 1.585881 -1.286515 2.954168
    15 6.028141 0.000002 0.000000 -1.570685 -0.056434 -0.592417
    16 12.693002 0.000000 0.000001 0.000000 0.000000 -0.762857
    17 11.575974 0.000001 -0.000031 1.151993 -0.002657 0.038189
    18 5.562233 -0.288268 -0.510574 -3.061675 0.198455 -0.005041
    19 5.158500 -0.000001 -0.000001 -0.070282 -0.005680 0.008797
    20 3.326002 -0.000001 0.000000 0.008885 -0.007390 0.009850
    21 5.591166 -0.279020 1.848881 -3.062784 -0.107159 0.004678
    22 5.292999 0.000001 -0.000002 -0.073575 -0.006250 0.008402
    23 3.079116 -0.000001 0.000002 0.006978 -0.006850 0.007920
    24 5.739738 -0.095433 0.607274 -3.063221 0.025568 -0.018370
    25 5.652501 -0.000001 0.000000 -0.067745 -0.006072 0.008532
    26 3.325017 0.000000 -0.000002 0.009338 -0.006636 0.008100
    27 1.663050 1.210515 -2.595442 -1.665774 1.282032 2.945760
    28 6.028141 -0.000001 0.000000 1.632088 0.067144 -0.580410
    29 12.693002 0.000000 0.000003 0.000000 0.000000 -0.811694
    30 11.599607 0.000002 0.000001 -1.164891 -0.106508 0.028596
    31 5.928185 0.378912 0.637283 2.945638 -0.186886 0.107105
    32 5.074002 0.000001 -0.000001 0.000000 0.000000 0.000000
    33 3.325999 0.000001 0.000002 0.000000 -0.000001 0.000000
    34 6.189647 0.568800 -0.554352 2.949214 -0.013682 0.082709
    35 5.511002 0.000002 0.000001 0.000000 0.000000 0.012404
    36 3.325017 -0.000001 -0.000001 0.000000 0.000000 -0.009884
    37 5.900460 0.299200 -1.780354 2.948545 0.128545 0.102472
    38 5.248501 0.000003 -0.000001 0.000000 0.000000 0.011838
    39 3.151001 0.000001 -0.000001 0.000000 0.000000 -0.010015
    40 7.600445 -0.908441 0.636362 0.000000 -1.570796 2.973902
    41 0.051795 -3.221541 -2.149795 1.570796 -0.003965 -3.124561
    42 -3.929418 0.000003 0.000000 0.456323 0.600730 -2.513550
    43 13.106231 0.000003 0.000000 0.000000 0.000000 2.026915
    44 3.929418 -0.000002 0.000000 -0.411327 0.538162 -0.583342
    45 13.106231 0.000002 0.000000 0.000000 0.000000 -2.064136
    46 3.007646 4.344520 0.542817 1.321605 -0.270767 0.706112
    47 10.074753 -0.000005 -0.000001 0.000000 0.000000 -1.630424
    48 10.292003 -0.000002 0.000000 0.000000 0.000000 -0.425803
    49 -2.753414 4.323161 0.558394 1.931780 -0.224239 2.278513
    50 10.074757 0.000002 0.000000 0.000000 0.000000 -1.604180
    51 10.292000 -0.000001 -0.000001 0.000000 0.000000 -0.406073
  time 80
    0 39.148871 -86.657585 33.608064 1.570796 0.000000 -1.570796
    1 0.000000 0.000000 0.000000 0.000000 0.000000 0.000000
    2 3.890447 0.000000 0.000000 -1.570796 -0.054711 -1.451993
    3 17.591000 0.000000 0.000000 0.000000 0.000000 0.153903
    4 17.699581 0.000000 0.000000 -0.122557 0.022046 -1.083904
    5 -3.890447 0.000000 0.000000 -1.570797 -0.054711 -1.689600
    6 17.590998 0.000000 0.000000 0.000000 0.000000 0.153903
    7 17.699581 0.000000 0.000000 0.133252 -0.022046 -1.083904
    8 0.000000 3.345132 -2.981898 1.570796 0.052893 1.570796
    9 4.126621 0.000000 0.000000 0.000000 0.000000 -0.109958
    10 3.612873 0.000000 0.000000 0.000000 0.000000 0.157085
    11 9.183975 0.000000 0.000000 0.000000 0.000000 0.173457
    12 3.138083 0.000000 0.000000 3.141592 0.000000 -0.936567
    13 1.707666 0.000001 0.000000 0.000000 0.000000 -0.403112
    14 1.663039 1.210510 2.595493 1.585881 -1.286515 2.954168
    15 6.028141 0.000002 0.000000 -1.570685 -0.056434 -0.592417
    16 12.693002 0.000000 0.000001 0.000000 0.000000 -0.762857
    17 11.575974 0.000001 -0.000031 1.151993 -0.002657 0.038189
    18 5.562233 -0.288268 -0.510574 -3.061675 0.198455 -0.005041
    19 5.158500 -0.000001 -0.000001 -0.070282 -0.005680 0.008797
    20 3.326002 -0.000001 0.000000 0.008885 -0.007390 0.009850
    21 5.591166 -0.279020 1.848881 -3.062784 -0.107159 0.004678
    22 5.292999 0.000001 -0.000002 -0.073575 -0.006250 0.008402
    23 3.079116 -0.000001 0.000002 0.006978 -0.006850 0.007920
    24 5.739738 -0.095433 0.607274 -3.063221 0.025568 -0.018370
    25 5.652501 -0.000001 0.000000 -0.067745 -0.006072 0.008532
    26 3.325017 0.000000 -0.000002 0.009338 -0.006636 0.008100
    27 1.663050 1.210515 -2.595442 -1.665774 1.282032 2.945760
    28 6.028141 -0.000001 0.000000 1.632088 0.067144 -0.580410
    29 12.693002 0.000000 0.000003 0.000000 0.000000 -0.811694
    30 11.599607 0.000002 0.000001 -1.164891 -0.106508 0.028596
    31 5.928185 0.378912 0.637283 2.945638 -0.186886 0.107105
    32 5.074002 0.000001 -0.000001 0.000000 0.000000 0.000000
    33 3.325999 0.000001 0.000002 0.000000 -0.000001 0.000000
    34 6.189647 0.568800 -0.554352 2.949214 -0.013682 0.082709
    35 5.511002 0.000002 0.000001 0.000000 0.000000 0.012404
    36 3.325017 -0.000001 -0.000001 0.000000 0.000000 -0.009884
    37 5.900460 0.299200 -1.780354 2.948545 0.128545 0.102472
    38 5.248501 0.000003 -0.000001 0.000000 0.000000 0.011838
    39 3.151001 0.000001 -0.000001 0.000000 0.000000 -0.010015
    40 7.600445 -0.908441 0.636362 0.000000 -1.570796 2.973902
    41 0.051795 -3.221541 -2.149795 1.570796 -0.003965 -3.124561
    42 -3.929418 0.000003 0.000000 0.456323 0.600730 -2.513550
    43 13.106231 0.000003 0.000000 0.000000 0.000000 2.026915
    44 3.929418 -0.000002 0.000000 -0.411327 0.538162 -0.583342
    45 13.106231 0.000002 0.000000 0.000000 0.000000 -2.064136
    46 3.007646 4.344520 0.542817 1.321605 -0.270767 0.706112
    47 10.074753 -0.000005 -0.000001 0.000000 0.000000 -1.630424
    48 10.292003 -0.000002 0.000000 0.000000 0.000000 -0.425803
    49 -2.753414 4.323161 0.558394 1.931780 -0.224239 2.278513
    50 10.074757 0.000002 0.000000 0.000000 0.000000 -1.604180
    51 10.292000 -0.000001 -0.000001 0.000000 0.000000 -0.406073
  time 81
    0 39.148871 -86.657585 33.608064 1.570796 0.000000 -1.570796
    1 0.000000 0.000000 0.000000 0.000000 0.000000 0.000000
    2 3.890447 0.000000 0.000000 -1.570796 -0.054711 -1.451993
    3 17.591000 0.000000 0.000000 0.000000 0.000000 0.153903
    4 17.699581 0.000000 0.000000 -0.122557 0.022046 -1.083904
    5 -3.890447 0.000000 0.000000 -1.570797 -0.054711 -1.689600
    6 17.590998 0.000000 0.000000 0.000000 0.000000 0.153903
    7 17.699581 0.000000 0.000000 0.133252 -0.022046 -1.083904
    8 0.000000 3.345132 -2.981898 1.570796 0.052893 1.570796
    9 4.126621 0.000000 0.000000 0.000000 0.000000 -0.109958
    10 3.612873 0.000000 0.000000 0.000000 0.000000 0.157085
    11 9.183975 0.000000 0.000000 0.000000 0.000000 0.173457
    12 3.138083 0.000000 0.000000 3.141592 0.000000 -0.936567
    13 1.707666 0.000001 0.000000 0.000000 0.000000 -0.403112
    14 1.663039 1.210510 2.595493 1.585881 -1.286515 2.954168
    15 6.028141 0.000002 0.000000 -1.570685 -0.056434 -0.592417
    16 12.693002 0.000000 0.000001 0.000000 0.000000 -0.762857
    17 11.575974 0.000001 -0.000031 1.151993 -0.002657 0.038189
    18 5.562233 -0.288268 -0.510574 -3.061675 0.198455 -0.005041
    19 5.158500 -0.000001 -0.000001 -0.070282 -0.005680 0.008797
    20 3.326002 -0.000001 0.000000 0.008885 -0.007390 0.009850
    21 5.591166 -0.279020 1.848881 -3.062784 -0.107159 0.004678
    22 5.292999 0.000001 -0.000002 -0.073575 -0.006250 0.008402
    23 3.079116 -0.000001 0.000002 0.006978 -0.006850 0.007920
    24 5.739738 -0.095433 0.607274 -3.063221 0.025568 -0.018370
    25 5.652501 -0.000001 0.000000 -0.067745 -0.006072 0.008532
    26 3.325017 0.000000 -0.000002 0.009338 -0.006636 0.008100
    27 1.663050 1.210515 -2.595442 -1.665774 1.282032 2.945760
    28 6.028141 -0.000001 0.000000 1.632088 0.067144 -0.580410
    29 12.693002 0.000000 0.000003 0.000000 0.000000 -0.811694
    30 11.599607 0.000002 0.000001 -1.164891 -0.106508 0.028596
    31 5.928185 0.378912 0.637283 2.945638 -0.186886 0.107105
    32 5.074002 0.000001 -0.000001 0.000000 0.000000 0.000000
    33 3.325999 0.000001 0.000002 0.000000 -0.000001 0.000000
    34 6.189647 0.568800 -0.554352 2.949214 -0.013682 0.082709
    35 5.511002 0.000002 0.000001 0.000000 0.000000 0.012404
    36 3.325017 -0.000001 -0.000001 0.000000 0.000000 -0.009884
    37 5.900460 0.299200 -1.780354 2.948545 0.128545 0.102472
    38 5.248501 0.000003 -0.000001 0.000000 0.000000 0.011838
    39 3.151001 0.000001 -0.000001 0.000000 0.000000 -0.010015
    40 7.600445 -0.908441 0.636362 0.000000 -1.570796 2.973902
    41 0.051795 -3.221541 -2.149795 1.570796 -0.003965 -3.124561
    42 -3.929418 0.000003 0.000000 0.456323 0.600730 -2.513550
    43 13.106231 0.000003 0.000000 0.000000 0.000000 2.026915
    44 3.929418 -0.000002 0.000000 -0.411327 0.538162 -0.583342
    45 13.106231 0.000002 0.000000 0.000000 0.000000 -2.064136
    46 3.007646 4.344520 0.542817 1.321605 -0.270767 0.706112
    47 10.074753 -0.000005 -0.000001 0.000000 0.000000 -1.630424
    48 10.292003 -0.000002 0.000000 0.000000 0.000000 -0.425803
    49 -2.753414 4.323161 0.558394 1.931780 -0.224239 2.278513
    50 10.074757 0.000002 0.000000 0.000000 0.000000 -1.604180
    51 10.292000 -0.000001 -0.000001 0.000000 0.000000 -0.406073
  time 82
    0 39.148871 -86.657585 33.608064 1.570796 0.000000 -1.570796
    1 0.000000 0.000000 0.000000 0.000000 0.000000 0.000000
    2 3.890447 0.000000 0.000000 -1.570796 -0.054711 -1.451993
    3 17.591000 0.000000 0.000000 0.000000 0.000000 0.153903
    4 17.699581 0.000000 0.000000 -0.122557 0.022046 -1.083904
    5 -3.890447 0.000000 0.000000 -1.570797 -0.054711 -1.689600
    6 17.590998 0.000000 0.000000 0.000000 0.000000 0.153903
    7 17.699581 0.000000 0.000000 0.133252 -0.022046 -1.083904
    8 0.000000 3.345132 -2.981898 1.570796 0.052893 1.570796
    9 4.126621 0.000000 0.000000 0.000000 0.000000 -0.109958
    10 3.612873 0.000000 0.000000 0.000000 0.000000 0.157085
    11 9.183975 0.000000 0.000000 0.000000 0.000000 0.173457
    12 3.138083 0.000000 0.000000 3.141592 0.000000 -0.936567
    13 1.707666 0.000001 0.000000 0.000000 0.000000 -0.403112
    14 1.663039 1.210510 2.595493 1.585881 -1.286515 2.954168
    15 6.028141 0.000002 0.000000 -1.570685 -0.056434 -0.592417
    16 12.693002 0.000000 0.000001 0.000000 0.000000 -0.762857
    17 11.575974 0.000001 -0.000031 1.151993 -0.002657 0.038189
    18 5.562233 -0.288268 -0.510574 -3.061675 0.198455 -0.005041
    19 5.158500 -0.000001 -0.000001 -0.070282 -0.005680 0.008797
    20 3.326002 -0.000001 0.000000 0.008885 -0.007390 0.009850
    21 5.591166 -0.279020 1.848881 -3.062784 -0.107159 0.004678
    22 5.292999 0.000001 -0.000002 -0.073575 -0.006250 0.008402
    23 3.079116 -0.000001 0.000002 0.006978 -0.006850 0.007920
    24 5.739738 -0.095433 0.607274 -3.063221 0.025568 -0.018370
    25 5.652501 -0.000001 0.000000 -0.067745 -0.006072 0.008532
    26 3.325017 0.000000 -0.000002 0.009338 -0.006636 0.008100
    27 1.663050 1.210515 -2.595442 -1.665774 1.282032 2.945760
    28 6.028141 -0.000001 0.000000 1.632088 0.067144 -0.580410
    29 12.693002 0.000000 0.000003 0.000000 0.000000 -0.811694
    30 11.599607 0.000002 0.000001 -1.164891 -0.106508 0.028596
    31 5.928185 0.378912 0.637283 2.945638 -0.186886 0.107105
    32 5.074002 0.000001 -0.000001 0.000000 0.000000 0.000000
    33 3.325999 0.000001 0.000002 0.000000 -0.000001 0.000000
    34 6.189647 0.568800 -0.554352 2.949214 -0.013682 0.082709
    35 5.511002 0.000002 0.000001 0.000000 0.000000 0.012404
    36 3.325017 -0.000001 -0.000001 0.000000 0.000000 -0.009884
    37 5.900460 0.299200 -1.780354 2.948545 0.128545 0.102472
    38 5.248501 0.000003 -0.000001 0.000000 0.000000 0.011838
    39 3.151001 0.000001 -0.000001 0.000000 0.000000 -0.010015
    40 7.600445 -0.908441 0.636362 0.000000 -1.570796 2.973902
    41 0.051795 -3.221541 -2.149795 1.570796 -0.003965 -3.124561
    42 -3.929418 0.000003 0.000000 0.456323 0.600730 -2.513550
    43 13.106231 0.000003 0.000000 0.000000 0.000000 2.026915
    44 3.929418 -0.000002 0.000000 -0.411327 0.538162 -0.583342
    45 13.106231 0.000002 0.000000 0.000000 0.000000 -2.064136
    46 3.007646 4.344520 0.542817 1.321605 -0.270767 0.706112
    47 10.074753 -0.000005 -0.000001 0.000000 0.000000 -1.630424
    48 10.292003 -0.000002 0.000000 0.000000 0.000000 -0.425803
    49 -2.753414 4.323161 0.558394 1.931780 -0.224239 2.278513
    50 10.074757 0.000002 0.000000 0.000000 0.000000 -1.604180
    51 10.292000 -0.000001 -0.000001 0.000000 0.000000 -0.406073
  time 83
    0 39.148871 -86.657585 33.608064 1.570796 0.000000 -1.570796
    1 0.000000 0.000000 0.000000 0.000000 0.000000 0.000000
    2 3.890447 0.000000 0.000000 -1.570796 -0.054711 -1.451993
    3 17.591000 0.000000 0.000000 0.000000 0.000000 0.153903
    4 17.699581 0.000000 0.000000 -0.122557 0.022046 -1.083904
    5 -3.890447 0.000000 0.000000 -1.570797 -0.054711 -1.689600
    6 17.590998 0.000000 0.000000 0.000000 0.000000 0.153903
    7 17.699581 0.000000 0.000000 0.133252 -0.022046 -1.083904
    8 0.000000 3.345132 -2.981898 1.570796 0.052893 1.570796
    9 4.126621 0.000000 0.000000 0.000000 0.000000 -0.109958
    10 3.612873 0.000000 0.000000 0.000000 0.000000 0.157085
    11 9.183975 0.000000 0.000000 0.000000 0.000000 0.173457
    12 3.138083 0.000000 0.000000 3.141592 0.000000 -0.936567
    13 1.707666 0.000001 0.000000 0.000000 0.000000 -0.403112
    14 1.663039 1.210510 2.595493 1.585881 -1.286515 2.954168
    15 6.028141 0.000002 0.000000 -1.570685 -0.056434 -0.592417
    16 12.693002 0.000000 0.000001 0.000000 0.000000 -0.762857
    17 11.575974 0.000001 -0.000031 1.151993 -0.002657 0.038189
    18 5.562233 -0.288268 -0.510574 -3.061675 0.198455 -0.005041
    19 5.158500 -0.000001 -0.000001 -0.070282 -0.005680 0.008797
    20 3.326002 -0.000001 0.000000 0.008885 -0.007390 0.009850
    21 5.591166 -0.279020 1.848881 -3.062784 -0.107159 0.004678
    22 5.292999 0.000001 -0.000002 -0.073575 -0.006250 0.008402
    23 3.079116 -0.000001 0.000002 0.006978 -0.006850 0.007920
    24 5.739738 -0.095433 0.607274 -3.063221 0.025568 -0.018370
    25 5.652501 -0.000001 0.000000 -0.067745 -0.006072 0.008532
    26 3.325017 0.000000 -0.000002 0.009338 -0.006636 0.008100
    27 1.663050 1.210515 -2.595442 -1.665774 1.282032 2.945760
    28 6.028141 -0.000001 0.000000 1.632088 0.067144 -0.580410
    29 12.693002 0.000000 0.000003 0.000000 0.000000 -0.811694
    30 11.599607 0.000002 0.000001 -1.164891 -0.106508 0.028596
    31 5.928185 0.378912 0.637283 2.945638 -0.186886 0.107105
    32 5.074002 0.000001 -0.000001 0.000000 0.000000 0.000000
    33 3.325999 0.000001 0.000002 0.000000 -0.000001 0.000000
    34 6.189647 0.568800 -0.554352 2.949214 -0.013682 0.082709
    35 5.511002 0.000002 0.000001 0.000000 0.000000 0.012404
    36 3.325017 -0.000001 -0.000001 0.000000 0.000000 -0.009884
    37 5.900460 0.299200 -1.780354 2.948545 0.128545 0.102472
    38 5.248501 0.000003 -0.000001 0.000000 0.000000 0.011838
    39 3.151001 0.000001 -0.000001 0.000000 0.000000 -0.010015
    40 7.600445 -0.908441 0.636362 0.000000 -1.570796 2.973902
    41 0.051795 -3.221541 -2.149795 1.570796 -0.003965 -3.124561
    42 -3.929418 0.000003 0.000000 0.456323 0.600730 -2.513550
    43 13.106231 0.000003 0.000000 0.000000 0.000000 2.026915
    44 3.929418 -0.000002 0.000000 -0.411327 0.538162 -0.583342
    45 13.106231 0.000002 0.000000 0.000000 0.000000 -2.064136
    46 3.007646 4.344520 0.542817 1.321605 -0.270767 0.706112
    47 10.074753 -0.000005 -0.000001 0.000000 0.000000 -1.630424
    48 10.292003 -0.000002 0.000000 0.000000 0.000000 -0.425803
    49 -2.753414 4.323161 0.558394 1.931780 -0.224239 2.278513
    50 10.074757 0.000002 0.000000 0.000000 0.000000 -1.604180
    51 10.292000 -0.000001 -0.000001 0.000000 0.000000 -0.406073
  time 84
    0 39.148871 -86.657585 33.608064 1.570796 0.000000 -1.570796
    1 0.000000 0.000000 0.000000 0.000000 0.000000 0.000000
    2 3.890447 0.000000 0.000000 -1.570796 -0.054711 -1.451993
    3 17.591000 0.000000 0.000000 0.000000 0.000000 0.153903
    4 17.699581 0.000000 0.000000 -0.122557 0.022046 -1.083904
    5 -3.890447 0.000000 0.000000 -1.570797 -0.054711 -1.689600
    6 17.590998 0.000000 0.000000 0.000000 0.000000 0.153903
    7 17.699581 0.000000 0.000000 0.133252 -0.022046 -1.083904
    8 0.000000 3.345132 -2.981898 1.570796 0.052893 1.570796
    9 4.126621 0.000000 0.000000 0.000000 0.000000 -0.109958
    10 3.612873 0.000000 0.000000 0.000000 0.000000 0.157085
    11 9.183975 0.000000 0.000000 0.000000 0.000000 0.173457
    12 3.138083 0.000000 0.000000 3.141592 0.000000 -0.936567
    13 1.707666 0.000001 0.000000 0.000000 0.000000 -0.403112
    14 1.663039 1.210510 2.595493 1.585881 -1.286515 2.954168
    15 6.028141 0.000002 0.000000 -1.570685 -0.056434 -0.592417
    16 12.693002 0.000000 0.000001 0.000000 0.000000 -0.762857
    17 11.575974 0.000001 -0.000031 1.151993 -0.002657 0.038189
    18 5.562233 -0.288268 -0.510574 -3.061675 0.198455 -0.005041
    19 5.158500 -0.000001 -0.000001 -0.070282 -0.005680 0.008797
    20 3.326002 -0.000001 0.000000 0.008885 -0.007390 0.009850
    21 5.591166 -0.279020 1.848881 -3.062784 -0.107159 0.004678
    22 5.292999 0.000001 -0.000002 -0.073575 -0.006250 0.008402
    23 3.079116 -0.000001 0.000002 0.006978 -0.006850 0.007920
    24 5.739738 -0.095433 0.607274 -3.063221 0.025568 -0.018370
    25 5.652501 -0.000001 0.000000 -0.067745 -0.006072 0.008532
    26 3.325017 0.000000 -0.000002 0.009338 -0.006636 0.008100
    27 1.663050 1.210515 -2.595442 -1.665774 1.282032 2.945760
    28 6.028141 -0.000001 0.000000 1.632088 0.067144 -0.580410
    29 12.693002 0.000000 0.000003 0.000000 0.000000 -0.811694
    30 11.599607 0.000002 0.000001 -1.164891 -0.106508 0.028596
    31 5.928185 0.378912 0.637283 2.945638 -0.186886 0.107105
    32 5.074002 0.000001 -0.000001 0.000000 0.000000 0.000000
    33 3.325999 0.000001 0.000002 0.000000 -0.000001 0.000000
    34 6.189647 0.568800 -0.554352 2.949214 -0.013682 0.082709
    35 5.511002 0.000002 0.000001 0.000000 0.000000 0.012404
    36 3.325017 -0.000001 -0.000001 0.000000 0.000000 -0.009884
    37 5.900460 0.299200 -1.780354 2.948545 0.128545 0.102472
    38 5.248501 0.000003 -0.000001 0.000000 0.000000 0.011838
    39 3.151001 0.000001 -0.000001 0.000000 0.000000 -0.010015
    40 7.600445 -0.908441 0.636362 0.000000 -1.570796 2.973902
    41 0.051795 -3.221541 -2.149795 1.570796 -0.003965 -3.124561
    42 -3.929418 0.000003 0.000000 0.456323 0.600730 -2.513550
    43 13.106231 0.000003 0.000000 0.000000 0.000000 2.026915
    44 3.929418 -0.000002 0.000000 -0.411327 0.538162 -0.583342
    45 13.106231 0.000002 0.000000 0.000000 0.000000 -2.064136
    46 3.007646 4.344520 0.542817 1.321605 -0.270767 0.706112
    47 10.074753 -0.000005 -0.000001 0.000000 0.000000 -1.630424
    48 10.292003 -0.000002 0.000000 0.000000 0.000000 -0.425803
    49 -2.753414 4.323161 0.558394 1.931780 -0.224239 2.278513
    50 10.074757 0.000002 0.000000 0.000000 0.000000 -1.604180
    51 10.292000 -0.000001 -0.000001 0.000000 0.000000 -0.406073
  time 85
    0 39.148871 -86.657585 33.608064 1.570796 0.000000 -1.570796
    1 0.000000 0.000000 0.000000 0.000000 0.000000 0.000000
    2 3.890447 0.000000 0.000000 -1.570796 -0.054711 -1.451993
    3 17.591000 0.000000 0.000000 0.000000 0.000000 0.153903
    4 17.699581 0.000000 0.000000 -0.122557 0.022046 -1.083904
    5 -3.890447 0.000000 0.000000 -1.570797 -0.054711 -1.689600
    6 17.590998 0.000000 0.000000 0.000000 0.000000 0.153903
    7 17.699581 0.000000 0.000000 0.133252 -0.022046 -1.083904
    8 0.000000 3.345132 -2.981898 1.570796 0.052893 1.570796
    9 4.126621 0.000000 0.000000 0.000000 0.000000 -0.109958
    10 3.612873 0.000000 0.000000 0.000000 0.000000 0.157085
    11 9.183975 0.000000 0.000000 0.000000 0.000000 0.173457
    12 3.138083 0.000000 0.000000 3.141592 0.000000 -0.936567
    13 1.707666 0.000001 0.000000 0.000000 0.000000 -0.403112
    14 1.663039 1.210510 2.595493 1.585881 -1.286515 2.954168
    15 6.028141 0.000002 0.000000 -1.570685 -0.056434 -0.592417
    16 12.693002 0.000000 0.000001 0.000000 0.000000 -0.762857
    17 11.575974 0.000001 -0.000031 1.151993 -0.002657 0.038189
    18 5.562233 -0.288268 -0.510574 -3.061675 0.198455 -0.005041
    19 5.158500 -0.000001 -0.000001 -0.070282 -0.005680 0.008797
    20 3.326002 -0.000001 0.000000 0.008885 -0.007390 0.009850
    21 5.591166 -0.279020 1.848881 -3.062784 -0.107159 0.004678
    22 5.292999 0.000001 -0.000002 -0.073575 -0.006250 0.008402
    23 3.079116 -0.000001 0.000002 0.006978 -0.006850 0.007920
    24 5.739738 -0.095433 0.607274 -3.063221 0.025568 -0.018370
    25 5.652501 -0.000001 0.000000 -0.067745 -0.006072 0.008532
    26 3.325017 0.000000 -0.000002 0.009338 -0.006636 0.008100
    27 1.663050 1.210515 -2.595442 -1.665774 1.282032 2.945760
    28 6.028141 -0.000001 0.000000 1.632088 0.067144 -0.580410
    29 12.693002 0.000000 0.000003 0.000000 0.000000 -0.811694
    30 11.599607 0.000002 0.000001 -1.164891 -0.106508 0.028596
    31 5.928185 0.378912 0.637283 2.945638 -0.186886 0.107105
    32 5.074002 0.000001 -0.000001 0.000000 0.000000 0.000000
    33 3.325999 0.000001 0.000002 0.000000 -0.000001 0.000000
    34 6.189647 0.568800 -0.554352 2.949214 -0.013682 0.082709
    35 5.511002 0.000002 0.000001 0.000000 0.000000 0.012404
    36 3.325017 -0.000001 -0.000001 0.000000 0.000000 -0.009884
    37 5.900460 0.299200 -1.780354 2.948545 0.128545 0.102472
    38 5.248501 0.000003 -0.000001 0.000000 0.000000 0.011838
    39 3.151001 0.000001 -0.000001 0.000000 0.000000 -0.010015
    40 7.600445 -0.908441 0.636362 0.000000 -1.570796 2.973902
    41 0.051795 -3.221541 -2.149795 1.570796 -0.003965 -3.124561
    42 -3.929418 0.000003 0.000000 0.456323 0.600730 -2.513550
    43 13.106231 0.000003 0.000000 0.000000 0.000000 2.026915
    44 3.929418 -0.000002 0.000000 -0.411327 0.538162 -0.583342
    45 13.106231 0.000002 0.000000 0.000000 0.000000 -2.064136
    46 3.007646 4.344520 0.542817 1.321605 -0.270767 0.706112
    47 10.074753 -0.000005 -0.000001 0.000000 0.000000 -1.630424
    48 10.292003 -0.000002 0.000000 0.000000 0.000000 -0.425803
    49 -2.753414 4.323161 0.558394 1.931780 -0.224239 2.278513
    50 10.074757 0.000002 0.000000 0.000000 0.000000 -1.604180
    51 10.292000 -0.000001 -0.000001 0.000000 0.000000 -0.406073
  time 86
    0 39.148871 -86.657585 33.608064 1.570796 0.000000 -1.570796
    1 0.000000 0.000000 0.000000 0.000000 0.000000 0.000000
    2 3.890447 0.000000 0.000000 -1.570796 -0.054711 -1.451993
    3 17.591000 0.000000 0.000000 0.000000 0.000000 0.153903
    4 17.699581 0.000000 0.000000 -0.122557 0.022046 -1.083904
    5 -3.890447 0.000000 0.000000 -1.570797 -0.054711 -1.689600
    6 17.590998 0.000000 0.000000 0.000000 0.000000 0.153903
    7 17.699581 0.000000 0.000000 0.133252 -0.022046 -1.083904
    8 0.000000 3.345132 -2.981898 1.570796 0.052893 1.570796
    9 4.126621 0.000000 0.000000 0.000000 0.000000 -0.109958
    10 3.612873 0.000000 0.000000 0.000000 0.000000 0.157085
    11 9.183975 0.000000 0.000000 0.000000 0.000000 0.173457
    12 3.138083 0.000000 0.000000 3.141592 0.000000 -0.936567
    13 1.707666 0.000001 0.000000 0.000000 0.000000 -0.403112
    14 1.663039 1.210510 2.595493 1.585881 -1.286515 2.954168
    15 6.028141 0.000002 0.000000 -1.570685 -0.056434 -0.592417
    16 12.693002 0.000000 0.000001 0.000000 0.000000 -0.762857
    17 11.575974 0.000001 -0.000031 1.151993 -0.002657 0.038189
    18 5.562233 -0.288268 -0.510574 -3.061675 0.198455 -0.005041
    19 5.158500 -0.000001 -0.000001 -0.070282 -0.005680 0.008797
    20 3.326002 -0.000001 0.000000 0.008885 -0.007390 0.009850
    21 5.591166 -0.279020 1.848881 -3.062784 -0.107159 0.004678
    22 5.292999 0.000001 -0.000002 -0.073575 -0.006250 0.008402
    23 3.079116 -0.000001 0.000002 0.006978 -0.006850 0.007920
    24 5.739738 -0.095433 0.607274 -3.063221 0.025568 -0.018370
    25 5.652501 -0.000001 0.000000 -0.067745 -0.006072 0.008532
    26 3.325017 0.000000 -0.000002 0.009338 -0.006636 0.008100
    27 1.663050 1.210515 -2.595442 -1.665774 1.282032 2.945760
    28 6.028141 -0.000001 0.000000 1.632088 0.067144 -0.580410
    29 12.693002 0.000000 0.000003 0.000000 0.000000 -0.811694
    30 11.599607 0.000002 0.000001 -1.164891 -0.106508 0.028596
    31 5.928185 0.378912 0.637283 2.945638 -0.186886 0.107105
    32 5.074002 0.000001 -0.000001 0.000000 0.000000 0.000000
    33 3.325999 0.000001 0.000002 0.000000 -0.000001 0.000000
    34 6.189647 0.568800 -0.554352 2.949214 -0.013682 0.082709
    35 5.511002 0.000002 0.000001 0.000000 0.000000 0.012404
    36 3.325017 -0.000001 -0.000001 0.000000 0.000000 -0.009884
    37 5.900460 0.299200 -1.780354 2.948545 0.128545 0.102472
    38 5.248501 0.000003 -0.000001 0.000000 0.000000 0.011838
    39 3.151001 0.000001 -0.000001 0.000000 0.000000 -0.010015
    40 7.600445 -0.908441 0.636362 0.000000 -1.570796 2.973902
    41 0.051795 -3.221541 -2.149795 1.570796 -0.003965 -3.124561
    42 -3.929418 0.000003 0.000000 0.456323 0.600730 -2.513550
    43 13.106231 0.000003 0.000000 0.000000 0.000000 2.026915
    44 3.929418 -0.000002 0.000000 -0.411327 0.538162 -0.583342
    45 13.106231 0.000002 0.000000 0.000000 0.000000 -2.064136
    46 3.007646 4.344520 0.542817 1.321605 -0.270767 0.706112
    47 10.074753 -0.000005 -0.000001 0.000000 0.000000 -1.630424
    48 10.292003 -0.000002 0.000000 0.000000 0.000000 -0.425803
    49 -2.753414 4.323161 0.558394 1.931780 -0.224239 2.278513
    50 10.074757 0.000002 0.000000 0.000000 0.000000 -1.604180
    51 10.292000 -0.000001 -0.000001 0.000000 0.000000 -0.406073
end
