// Created by Crowbar 0.74
version 1
nodes
  0 "ValveBiped.Bip01" -1
  1 "ValveBiped.Bip01_Spine" 0
  2 "ValveBiped.Bip01_Spine2" 1
  3 "ValveBiped.Bip01_R_Clavicle" 2
  4 "ValveBiped.Bip01_R_UpperArm" 3
  5 "ValveBiped.Bip01_R_Forearm" 4
  6 "ValveBiped.Bip01_L_Clavicle" 2
  7 "ValveBiped.Bip01_L_UpperArm" 6
  8 "ValveBiped.Bip01_L_Forearm" 7
  9 "ValveBiped.Bip01_Head1" 2
  10 "ValveBiped.Bip01_L_Thigh" 0
  11 "ValveBiped.Bip01_L_Calf" 10
  12 "ValveBiped.Bip01_L_Foot" 11
  13 "ValveBiped.Bip01_R_Thigh" 0
  14 "ValveBiped.Bip01_R_Calf" 13
  15 "ValveBiped.Bip01_R_Foot" 14
end
skeleton
  time 0
    0 -1.393016 3.988408 35.965276 1.648788 -0.103966 -0.334987
    1 0.000005 3.345128 -2.981901 1.575948 0.145029 1.607253
    2 7.497033 0.417982 -0.347667 0.148457 0.128067 0.248736
    3 10.467433 1.389798 -2.152460 -2.820091 1.232733 1.957929
    4 6.028143 0.000001 0.000000 0.836412 0.599463 -0.920792
    5 11.692552 0.000000 0.000002 0.000000 0.000000 -1.737328
    6 10.990880 1.358541 1.687652 -1.499561 -1.501915 6.232456
    7 6.028142 0.000001 0.000000 -1.789291 0.304647 -0.907333
    8 11.692555 0.000000 0.000000 0.000000 0.000000 -2.488685
    9 15.110106 2.650943 -0.824244 2.913389 0.059132 0.181221
    10 3.890452 -0.000004 -0.000003 -2.213675 -0.225419 -1.289388
    11 17.848177 0.000000 0.000000 0.000000 0.000000 0.444912
    12 16.525253 0.000000 0.000000 -0.106857 0.066002 -1.078910
    13 -3.890452 0.000004 0.000007 -1.485174 -0.458694 -1.870866
    14 17.848173 0.000000 0.000000 0.000000 0.000000 0.655275
    15 16.525257 0.000000 0.000000 0.145702 -0.083336 -1.252921
  time 1
    0 -1.393016 3.988408 35.961369 1.648788 -0.103978 -0.334987
    1 0.000005 3.345128 -2.981901 1.576000 0.145053 1.607229
    2 7.497033 0.417982 -0.347667 0.148572 0.127995 0.248715
    3 10.467433 1.389798 -2.152460 -2.820268 1.232690 1.957748
    4 6.028143 0.000001 0.000000 0.836328 0.599417 -0.920047
    5 11.692552 0.000000 0.000002 0.000000 0.000000 -1.737546
    6 10.990880 1.358541 1.687652 -1.498703 -1.501936 6.231689
    7 6.028142 0.000001 0.000000 -1.788647 0.304496 -0.907372
    8 11.692555 0.000000 0.000000 0.000000 0.000000 -2.488160
    9 15.110106 2.650943 -0.824244 2.913043 0.059192 0.181113
    10 3.890452 -0.000004 -0.000003 -2.213675 -0.225329 -1.289388
    11 17.848177 0.000000 0.000000 0.000000 0.000000 0.444680
    12 16.525253 0.000000 0.000000 -0.106931 0.066043 -1.078814
    13 -3.890452 0.000004 0.000007 -1.485174 -0.458738 -1.870866
    14 17.848173 0.000000 0.000000 0.000000 0.000000 0.655439
    15 16.525257 0.000000 0.000000 0.145630 -0.083276 -1.253033
  time 2
    0 -1.404735 3.988408 35.961369 1.648806 -0.104026 -0.334987
    1 0.000005 3.345128 -2.981901 1.576129 0.145053 1.607157
    2 7.497033 0.417982 -0.347667 0.148831 0.127840 0.248672
    3 10.467433 1.389798 -2.152460 -2.820622 1.232602 1.957386
    4 6.028143 0.000001 0.000000 0.835910 0.599417 -0.918089
    5 11.692552 0.000000 0.000002 0.000000 0.000000 -1.737909
    6 10.990880 1.358541 1.687652 -1.496701 -1.502001 6.229676
    7 6.028142 0.000001 0.000000 -1.787013 0.304194 -0.907649
    8 11.692555 0.000000 0.000000 0.000000 0.000000 -2.486583
    9 15.110106 2.650943 -0.824244 2.912104 0.059372 0.180877
    10 3.890452 -0.000004 -0.000003 -2.213584 -0.225060 -1.289388
    11 17.848177 0.000000 0.000000 0.000000 0.000000 0.444217
    12 16.525253 0.000000 0.000000 -0.107139 0.066165 -1.078557
    13 -3.890452 0.000004 0.000007 -1.485174 -0.458825 -1.870690
    14 17.848173 0.000000 0.000000 0.000000 0.000000 0.655766
    15 16.525257 0.000000 0.000000 0.145452 -0.083156 -1.253329
  time 3
    0 -1.416454 3.988408 35.961369 1.648823 -0.104086 -0.334987
    1 0.000005 3.345128 -2.981901 1.576309 0.145099 1.607061
    2 7.497033 0.417982 -0.347667 0.149176 0.127624 0.248609
    3 10.467433 1.393704 -2.148554 -2.821153 1.232471 1.956843
    4 6.028143 0.000001 0.000000 0.835158 0.599509 -0.915293
    5 11.692552 0.000000 0.000002 0.000000 0.000000 -1.738417
    6 10.990880 1.358541 1.687652 -1.494032 -1.502110 6.226896
    7 6.028142 0.000001 0.000000 -1.784587 0.304006 -0.908203
    8 11.692555 0.000000 0.000000 0.000000 0.000000 -2.484106
    9 15.110106 2.650943 -0.820338 2.910670 0.059635 0.180512
    10 3.890452 -0.000004 -0.000003 -2.213401 -0.224656 -1.289302
    11 17.848177 0.000000 0.000000 0.000000 0.000000 0.443522
    12 16.525253 0.000000 0.000000 -0.107465 0.066348 -1.078109
    13 -3.890452 0.000004 0.000007 -1.485264 -0.458956 -1.870338
    14 17.848173 0.000000 0.000000 0.000000 0.000000 0.656339
    15 16.525257 0.000000 0.000000 0.145184 -0.082954 -1.253774
  time 4
    0 -1.432080 3.984502 35.961369 1.648841 -0.104170 -0.334987
    1 0.000005 3.345128 -2.981901 1.576515 0.145123 1.606942
    2 7.497033 0.417982 -0.343760 0.149607 0.127348 0.248545
    3 10.467433 1.393704 -2.148554 -2.821743 1.232326 1.956239
    4 6.028143 0.000001 0.000000 0.834071 0.599739 -0.911752
    5 11.692552 0.000000 0.000002 0.000000 0.000000 -1.738853
    6 10.990880 1.358541 1.687652 -1.490791 -1.502240 6.223636
    7 6.028142 0.000001 0.000000 -1.781518 0.303968 -0.909073
    8 11.692555 0.000000 0.000000 0.000000 0.000000 -2.480878
    9 15.110106 2.650943 -0.820338 2.908941 0.059947 0.180061
    10 3.890452 -0.000004 -0.000003 -2.213309 -0.224117 -1.289302
    11 17.848177 0.000000 0.000000 0.000000 0.000000 0.442518
    12 16.525253 0.000000 0.000000 -0.107881 0.066572 -1.077565
    13 -3.890452 0.000004 0.000007 -1.485264 -0.459131 -1.869986
    14 17.848173 0.000000 0.000000 0.000000 0.000000 0.656994
    15 16.525257 0.000000 0.000000 0.144845 -0.082693 -1.254329
  time 5
    0 -1.451612 3.984502 35.961369 1.648876 -0.104266 -0.334987
    1 0.000005 3.345128 -2.981901 1.576760 0.145170 1.606798
    2 7.497033 0.417982 -0.343760 0.150095 0.127037 0.248482
    3 10.467433 1.393704 -2.148554 -2.822450 1.232152 1.955455
    4 6.028143 0.000001 0.000000 0.832817 0.600108 -0.907744
    5 11.692552 0.000000 0.000002 0.000000 0.000000 -1.739071
    6 10.990880 1.358541 1.691559 -1.487073 -1.502370 6.219898
    7 6.028142 0.000001 0.000000 -1.778002 0.304043 -0.910181
    8 11.692555 0.000000 0.000000 0.000000 0.000000 -2.476974
    9 15.110106 2.650943 -0.820338 2.907062 0.060282 0.179588
    10 3.890452 -0.000004 -0.000003 -2.213126 -0.223489 -1.289217
    11 17.848177 0.000000 0.000000 0.000000 0.000000 0.441359
    12 16.525253 0.000000 0.000000 -0.108370 0.066857 -1.076892
    13 -3.890452 0.000004 0.000007 -1.485355 -0.459306 -1.869634
    14 17.848173 0.000000 0.000000 0.000000 0.000000 0.657812
    15 16.525257 0.000000 0.000000 0.144434 -0.082412 -1.254959
  time 6
    0 -1.471144 3.980595 35.961369 1.648929 -0.104374 -0.334987
    1 0.000005 3.345128 -2.981901 1.577005 0.145193 1.606654
    2 7.497033 0.417982 -0.343760 0.150613 0.126689 0.248418
    3 10.467433 1.393704 -2.148554 -2.823217 1.231977 1.954670
    4 6.028143 0.000001 0.000000 0.831479 0.600568 -0.903550
    5 11.692552 0.000000 0.000002 0.000000 0.000000 -1.739071
    6 10.990880 1.358541 1.691559 -1.483069 -1.502522 6.215775
    7 6.028142 0.000001 0.000000 -1.774091 0.304194 -0.911526
    8 11.692555 0.000000 0.000000 0.000000 0.000000 -2.472545
    9 15.110106 2.650943 -0.816431 2.905234 0.060594 0.179094
    10 3.890452 -0.000004 -0.000003 -2.212852 -0.222726 -1.289217
    11 17.848177 0.000000 0.000000 0.000000 0.000000 0.440046
    12 16.525253 0.000000 0.000000 -0.108890 0.067162 -1.076155
    13 -3.890452 0.000004 0.000007 -1.485355 -0.459481 -1.869193
    14 17.848173 0.000000 0.000000 0.000000 0.000000 0.658631
    15 16.525257 0.000000 0.000000 0.143988 -0.082090 -1.255663
  time 7
    0 -1.494582 3.980595 35.961369 1.648964 -0.104494 -0.334987
    1 0.000005 3.345128 -2.981901 1.577288 0.145240 1.606474
    2 7.497033 0.417982 -0.343760 0.151159 0.126306 0.248334
    3 10.467433 1.393704 -2.148554 -2.824043 1.231788 1.953825
    4 6.028143 0.000001 0.000000 0.830058 0.601075 -0.899262
    5 11.692552 0.000000 0.000002 0.000000 0.000000 -1.738707
    6 10.990880 1.354634 1.691559 -1.478779 -1.502695 6.211462
    7 6.028142 0.000001 0.000000 -1.769833 0.304383 -0.912989
    8 11.692555 0.000000 0.000000 0.000000 0.000000 -2.467740
    9 15.110106 2.650943 -0.816431 2.903603 0.060834 0.178643
    10 3.890452 -0.000004 -0.000003 -2.212669 -0.221963 -1.289217
    11 17.848177 0.000000 0.000000 0.000000 0.000000 0.438578
    12 16.525253 0.000000 0.000000 -0.109454 0.067467 -1.075322
    13 -3.890452 0.000004 0.000007 -1.485446 -0.459656 -1.868665
    14 17.848173 0.000000 0.000000 0.000000 0.000000 0.659449
    15 16.525257 0.000000 0.000000 0.143524 -0.081748 -1.256367
  time 8
    0 -1.514114 3.976689 35.961369 1.648999 -0.104613 -0.334987
    1 0.000005 3.345128 -2.981901 1.577571 0.145263 1.606294
    2 7.497033 0.417982 -0.343760 0.151763 0.125898 0.248270
    3 10.467433 1.393704 -2.148554 -2.824987 1.231584 1.952859
    4 6.028143 0.000001 0.000000 0.828720 0.601628 -0.895255
    5 11.692552 0.000000 0.000002 0.000000 0.000000 -1.737909
    6 10.990880 1.354634 1.691559 -1.474203 -1.502868 6.206764
    7 6.028142 0.000001 0.000000 -1.765427 0.304572 -0.914650
    8 11.692555 0.000000 0.000000 0.000000 0.000000 -2.462635
    9 15.114012 2.650943 -0.812525 2.902268 0.060978 0.178278
    10 3.890452 -0.000004 -0.000003 -2.212395 -0.221110 -1.289302
    11 17.848177 0.000000 0.000000 0.000000 0.000000 0.437033
    12 16.525253 0.000000 0.000000 -0.110003 0.067793 -1.074490
    13 -3.890452 0.000004 0.000007 -1.485446 -0.459787 -1.868224
    14 17.848173 0.000000 0.000000 0.000000 0.000000 0.660268
    15 16.525257 0.000000 0.000000 0.143078 -0.081406 -1.257071
  time 9
    0 -1.533646 3.972782 35.961369 1.649051 -0.104745 -0.335045
    1 0.000005 3.345128 -2.981901 1.577881 0.145286 1.606103
    2 7.497033 0.417982 -0.343760 0.152395 0.125455 0.248185
    3 10.467433 1.393704 -2.144648 -2.825931 1.231381 1.951894
    4 6.028143 0.000001 0.000000 0.827633 0.602089 -0.891713
    5 11.692552 0.000000 0.000002 0.000000 0.000000 -1.736602
    6 10.990880 1.354634 1.691559 -1.469342 -1.503063 6.201875
    7 6.028142 0.000001 0.000000 -1.760872 0.304685 -0.916351
    8 11.692555 0.000000 0.000000 0.000000 0.000000 -2.457305
    9 15.114012 2.650943 -0.812525 2.901527 0.060966 0.177999
    10 3.890452 -0.000004 -0.000003 -2.212212 -0.220257 -1.289388
    11 17.848177 0.000000 0.000000 0.000000 0.000000 0.435488
    12 16.525253 0.000000 0.000000 -0.110537 0.068098 -1.073625
    13 -3.890452 0.000004 0.000007 -1.485536 -0.459874 -1.867784
    14 17.848173 0.000000 0.000000 0.000000 0.000000 0.660923
    15 16.525257 0.000000 0.000000 0.142631 -0.081085 -1.257701
  time 10
    0 -1.553177 3.968876 35.961369 1.649104 -0.104877 -0.335045
    1 0.000005 3.345128 -2.981901 1.578190 0.145333 1.605887
    2 7.497033 0.417982 -0.343760 0.153027 0.124975 0.248122
    3 10.471339 1.393704 -2.144648 -2.826933 1.231163 1.950868
    4 6.028143 0.000001 0.000000 0.826797 0.602457 -0.888730
    5 11.692552 0.000000 0.000002 0.000000 0.000000 -1.734713
    6 10.990880 1.354634 1.695465 -1.464289 -1.503280 6.196698
    7 6.028142 0.000001 0.000000 -1.756267 0.304723 -0.918091
    8 11.692555 0.000000 0.000000 0.000000 0.000000 -2.451975
    9 15.114012 2.650943 -0.808618 2.901428 0.060774 0.177848
    10 3.890452 -0.000004 -0.000003 -2.211937 -0.219404 -1.289560
    11 17.848177 0.000000 0.000000 0.000000 0.000000 0.433866
    12 16.525253 0.000000 0.000000 -0.111042 0.068362 -1.072760
    13 -3.890452 0.000004 0.000007 -1.485536 -0.459874 -1.867432
    14 17.848173 0.000000 0.000000 0.000000 0.000000 0.661496
    15 16.525257 0.000000 0.000000 0.142221 -0.080783 -1.258294
  time 11
    0 -1.572709 3.964970 35.961369 1.649139 -0.105021 -0.335045
    1 0.000005 3.345128 -2.981901 1.578512 0.145356 1.605659
    2 7.497033 0.417982 -0.339854 0.153717 0.124460 0.248058
    3 10.471339 1.397610 -2.144648 -2.828054 1.230945 1.949781
    4 6.028143 0.000001 0.000000 0.826295 0.602642 -0.886680
    5 11.692552 0.000000 0.000002 0.000000 0.000000 -1.732172
    6 10.990880 1.354634 1.695465 -1.458951 -1.503497 6.191330
    7 6.028142 0.000001 0.000000 -1.751712 0.304572 -0.919832
    8 11.692555 0.000000 0.000000 0.000000 0.000000 -2.446720
    9 15.114012 2.650943 -0.804712 2.902169 0.060342 0.177891
    10 3.890452 -0.000004 -0.000003 -2.211754 -0.218551 -1.289731
    11 17.848177 0.000000 0.000000 0.000000 0.000000 0.432244
    12 16.525253 0.000000 0.000000 -0.111458 0.068606 -1.071959
    13 -3.890452 0.000004 0.000007 -1.485627 -0.459830 -1.867080
    14 17.848173 0.000000 0.000000 0.000000 0.000000 0.661823
    15 16.525257 0.000000 0.000000 0.141882 -0.080542 -1.258738
  time 12
    0 -1.584428 3.961063 35.965276 1.649192 -0.105153 -0.335045
    1 0.000005 3.345128 -2.981901 1.578860 0.145380 1.605408
    2 7.497033 0.417982 -0.339854 0.154407 0.123921 0.248016
    3 10.471339 1.397610 -2.144648 -2.829175 1.230712 1.948634
    4 6.028143 0.000001 0.000000 0.826212 0.602319 -0.885562
    5 11.692552 0.000000 0.000002 0.000000 0.000000 -1.729340
    6 10.990880 1.350728 1.695465 -1.453326 -1.503735 6.185674
    7 6.028142 0.000001 0.000000 -1.747306 0.304043 -0.921414
    8 11.692555 0.000000 0.000000 0.000000 0.000000 -2.441541
    9 15.114012 2.650943 -0.804712 2.903949 0.059647 0.178127
    10 3.890452 -0.000004 -0.000003 -2.211571 -0.217788 -1.290074
    11 17.848177 0.000000 0.000000 0.000000 0.000000 0.430699
    12 16.525253 0.000000 0.000000 -0.111814 0.068810 -1.071223
    13 -3.890452 0.000004 0.000007 -1.485627 -0.459699 -1.866903
    14 17.848173 0.000000 0.000000 0.000000 0.000000 0.661987
    15 16.525257 0.000000 0.000000 0.141614 -0.080341 -1.259072
  time 13
    0 -1.592241 3.957157 35.969182 1.649244 -0.105285 -0.335045
    1 0.000005 3.345128 -2.981901 1.579207 0.145403 1.605144
    2 7.497033 0.417982 -0.339854 0.155125 0.123333 0.247974
    3 10.471339 1.397610 -2.144648 -2.830354 1.230479 1.947427
    4 6.028143 0.000001 0.000000 0.826463 0.601075 -0.885375
    5 11.692552 0.000000 0.000002 0.000000 0.000000 -1.726653
    6 10.986974 1.350728 1.695465 -1.447511 -1.503974 6.179826
    7 6.028142 0.000001 0.000000 -1.743147 0.302949 -0.922877
    8 11.692555 0.000000 0.000000 0.000000 0.000000 -2.436586
    9 15.114012 2.650943 -0.800806 2.906914 0.058629 0.178621
    10 3.890452 -0.000004 -0.000003 -2.211388 -0.217070 -1.290417
    11 17.848177 0.000000 0.000000 0.000000 0.000000 0.429231
    12 16.525253 0.000000 0.000000 -0.112036 0.068952 -1.070582
    13 -3.890452 0.000004 0.000007 -1.485627 -0.459437 -1.866815
    14 17.848173 0.000000 0.000000 0.000000 0.000000 0.661823
    15 16.525257 0.000000 0.000000 0.141453 -0.080220 -1.259220
  time 14
    0 -1.596147 3.953251 35.973088 1.649279 -0.105404 -0.335045
    1 0.000005 3.345128 -2.981901 1.579568 0.145403 1.604868
    2 7.497033 0.417982 -0.339854 0.155873 0.122710 0.247932
    3 10.471339 1.397610 -2.140741 -2.831652 1.230247 1.946160
    4 6.028143 0.000001 0.000000 0.827131 0.598818 -0.886307
    5 11.692552 0.000000 0.000002 0.000000 0.000000 -1.724329
    6 10.986974 1.350728 1.699371 -1.441410 -1.504234 6.173691
    7 6.028142 0.000001 0.000000 -1.739236 0.301288 -0.924143
    8 11.692555 0.000000 0.000000 0.000000 0.000000 -2.431781
    9 15.114012 2.650943 -0.796899 2.911165 0.057262 0.179395
    10 3.890452 -0.000004 -0.000003 -2.211297 -0.216442 -1.290932
    11 17.848177 0.000000 0.000000 0.000000 0.000000 0.427918
    12 16.525253 0.000000 0.000000 -0.112140 0.069013 -1.070005
    13 -3.890452 0.000004 0.000007 -1.485627 -0.459087 -1.866815
    14 17.848173 0.000000 0.000000 0.000000 0.000000 0.661414
    15 16.525257 0.000000 0.000000 0.141400 -0.080180 -1.259183
  time 15
    0 -1.596147 3.949344 35.976995 1.649332 -0.105524 -0.335045
    1 0.000005 3.345128 -2.981901 1.579929 0.145427 1.604569
    2 7.497033 0.417982 -0.335948 0.156649 0.122051 0.247910
    3 10.475246 1.397610 -2.140741 -2.832950 1.230014 1.944832
    4 6.028143 0.000001 0.000000 0.828469 0.595454 -0.888451
    5 11.692552 0.000000 0.000002 0.000000 0.000000 -1.722296
    6 10.986974 1.350728 1.699371 -1.435023 -1.504516 6.167268
    7 6.028142 0.000001 0.000000 -1.735522 0.299099 -0.925211
    8 11.692555 0.000000 0.000000 0.000000 0.000000 -2.427202
    9 15.114012 2.650943 -0.792993 2.916947 0.055477 0.180469
    10 3.890452 -0.000004 -0.000003 -2.211205 -0.215948 -1.291532
    11 17.848177 0.000000 0.000000 0.000000 0.000000 0.426837
    12 16.525253 0.000000 0.000000 -0.112096 0.068973 -1.069589
    13 -3.890452 0.000004 0.000007 -1.485627 -0.458650 -1.866992
    14 17.848173 0.000000 0.000000 0.000000 0.000000 0.660595
    15 16.525257 0.000000 0.000000 0.141471 -0.080240 -1.258887
  time 16
    0 -1.588335 3.941532 35.980901 1.649367 -0.105620 -0.335045
    1 0.000005 3.345128 -2.981901 1.580315 0.145403 1.604233
    2 7.497033 0.417982 -0.335948 0.157454 0.121332 0.247889
    3 10.475246 1.397610 -2.140741 -2.834365 1.229767 1.943444
    4 6.028143 0.000001 0.000000 0.830727 0.590755 -0.891993
    5 11.692552 0.000000 0.000002 0.000000 0.000000 -1.720626
    6 10.986974 1.350728 1.699371 -1.428350 -1.504819 6.160557
    7 6.028142 0.000001 0.000000 -1.732056 0.296382 -0.926121
    8 11.692555 0.000000 0.000000 0.000000 0.000000 -2.423073
    9 15.114012 2.650943 -0.792993 2.924262 0.053272 0.181779
    10 3.890452 -0.000004 -0.000003 -2.211205 -0.215589 -1.292133
    11 17.848177 0.000000 0.000000 0.000000 0.000000 0.425910
    12 16.525253 0.000000 0.000000 -0.111977 0.068912 -1.069333
    13 -3.890452 0.000004 0.000007 -1.485627 -0.458126 -1.867256
    14 17.848173 0.000000 0.000000 0.000000 0.000000 0.659695
    15 16.525257 0.000000 0.000000 0.141632 -0.080341 -1.258516
  time 17
    0 -1.584428 3.937625 35.984807 1.649385 -0.105716 -0.335045
    1 0.000005 3.345128 -2.981901 1.580714 0.145403 1.603885
    2 7.497033 0.417982 -0.335948 0.158287 0.120553 0.247910
    3 10.475246 1.401517 -2.136835 -2.835899 1.229520 1.941995
    4 6.028143 0.000001 0.000000 0.834071 0.584673 -0.897026
    5 11.692552 0.000000 0.000002 0.000000 0.000000 -1.719391
    6 10.986974 1.346822 1.703278 -1.421391 -1.505144 6.153463
    7 6.028142 0.000001 0.000000 -1.728789 0.293173 -0.926833
    8 11.692555 0.000000 0.000000 0.000000 0.000000 -2.419320
    9 15.114012 2.650943 -0.789087 2.932961 0.050683 0.183283
    10 3.890452 -0.000004 -0.000003 -2.211114 -0.215275 -1.292647
    11 17.848177 0.000000 0.000000 0.000000 0.000000 0.425292
    12 16.525253 0.000000 0.000000 -0.111858 0.068851 -1.069173
    13 -3.890452 0.000004 0.000007 -1.485627 -0.457689 -1.867520
    14 17.848173 0.000000 0.000000 0.000000 0.000000 0.658876
    15 16.525257 0.000000 0.000000 0.141775 -0.080461 -1.258220
  time 18
    0 -1.580522 3.933719 35.988714 1.649420 -0.105800 -0.335045
    1 0.000005 3.345128 -2.981901 1.581114 0.145380 1.603490
    2 7.497033 0.417982 -0.332041 0.159149 0.119714 0.247932
    3 10.475246 1.401517 -2.136835 -2.837551 1.229258 1.940426
    4 6.028143 0.000001 0.000000 0.838670 0.577071 -0.903643
    5 11.692552 0.000000 0.000002 0.000000 0.000000 -1.718665
    6 10.986974 1.346822 1.703278 -1.413955 -1.505513 6.146081
    7 6.028142 0.000001 0.000000 -1.725670 0.289437 -0.927347
    8 11.692555 0.000000 0.000000 0.000000 0.000000 -2.416167
    9 15.117918 2.650943 -0.785180 2.942747 0.047771 0.184915
    10 3.890452 -0.000004 -0.000003 -2.211114 -0.215005 -1.293076
    11 17.848177 0.000000 0.000000 0.000000 0.000000 0.424828
    12 16.525253 0.000000 0.000000 -0.111739 0.068769 -1.069141
    13 -3.890452 0.000004 0.000007 -1.485627 -0.457295 -1.867784
    14 17.848173 0.000000 0.000000 0.000000 0.000000 0.658222
    15 16.525257 0.000000 0.000000 0.141935 -0.080582 -1.257960
  time 19
    0 -1.572709 3.925906 35.992620 1.649437 -0.105860 -0.335045
    1 0.000005 3.345128 -2.981901 1.581539 0.145356 1.603059
    2 7.497033 0.417982 -0.332041 0.160040 0.118779 0.247995
    3 10.479152 1.401517 -2.136835 -2.839320 1.229011 1.938736
    4 6.028143 0.000001 0.000000 0.844773 0.567856 -0.911938
    5 11.692552 0.000000 0.000002 0.000000 0.000000 -1.718592
    6 10.986974 1.346822 1.703278 -1.406138 -1.505903 6.138220
    7 6.028142 0.000001 0.000000 -1.722699 0.285172 -0.927663
    8 11.692555 0.000000 0.000000 0.000000 0.000000 -2.413614
    9 15.117918 2.650943 -0.781274 2.953423 0.044595 0.186634
    10 3.890452 -0.000004 -0.000003 -2.211114 -0.214871 -1.293505
    11 17.848177 0.000000 0.000000 0.000000 0.000000 0.424519
    12 16.525253 0.000000 0.000000 -0.111606 0.068688 -1.069205
    13 -3.890452 0.000004 0.000007 -1.485536 -0.456902 -1.868048
    14 17.848173 0.000000 0.000000 0.000000 0.000000 0.657567
    15 16.525257 0.000000 0.000000 0.142132 -0.080723 -1.257701
  time 20
    0 -1.564896 3.922000 35.992620 1.649455 -0.105908 -0.335045
    1 0.000005 3.345128 -2.981901 1.581990 0.145286 1.602579
    2 7.497033 0.417982 -0.332041 0.160989 0.117737 0.248080
    3 10.479152 1.401517 -2.132928 -2.841267 1.228749 1.936865
    4 6.028143 0.000001 0.000000 0.852549 0.556845 -0.922190
    5 11.692552 0.000000 0.000002 0.000000 0.000000 -1.719173
    6 10.983067 1.346822 1.707184 -1.397654 -1.506337 6.129688
    7 6.028142 0.000001 0.000000 -1.719877 0.280303 -0.927703
    8 11.692555 0.000000 0.000000 0.000000 0.000000 -2.411813
    9 15.117918 2.650943 -0.777367 2.964692 0.041191 0.188417
    10 3.890452 -0.000004 -0.000003 -2.211114 -0.214781 -1.293848
    11 17.848177 0.000000 0.000000 0.000000 0.000000 0.424442
    12 16.525253 0.000000 0.000000 -0.111428 0.068586 -1.069365
    13 -3.890452 0.000004 0.000007 -1.485536 -0.456508 -1.868313
    14 17.848173 0.000000 0.000000 0.000000 0.000000 0.656830
    15 16.525257 0.000000 0.000000 0.142364 -0.080884 -1.257442
  time 21
    0 -1.553177 3.918093 35.996526 1.649472 -0.105932 -0.335045
    1 0.000005 3.345128 -2.981901 1.582453 0.145193 1.602016
    2 7.497033 0.417982 -0.328135 0.161995 0.116526 0.248228
    3 10.479152 1.405423 -2.132928 -2.843449 1.228487 1.934813
    4 6.028143 0.000001 0.000000 0.862331 0.544220 -0.934120
    5 11.692552 0.000000 0.000002 0.000000 0.000000 -1.720626
    6 10.983067 1.346822 1.707184 -1.388312 -1.506835 6.120485
    7 6.028142 0.000001 0.000000 -1.717104 0.274754 -0.927426
    8 11.692555 0.000000 0.000000 0.000000 0.000000 -2.410837
    9 15.117918 2.650943 -0.769555 2.976356 0.037596 0.190264
    10 3.890452 -0.000004 -0.000003 -2.211205 -0.214736 -1.294191
    11 17.848177 0.000000 0.000000 0.000000 0.000000 0.424442
    12 16.525253 0.000000 0.000000 -0.111190 0.068464 -1.069589
    13 -3.890452 0.000004 0.000007 -1.485536 -0.456071 -1.868665
    14 17.848173 0.000000 0.000000 0.000000 0.000000 0.656093
    15 16.525257 0.000000 0.000000 0.142631 -0.081085 -1.257071
  time 22
    0 -1.541458 3.914187 36.000433 1.649472 -0.105932 -0.335045
    1 0.000005 3.345128 -2.981901 1.582969 0.145053 1.601321
    2 7.497033 0.421888 -0.328135 0.163116 0.115064 0.248482
    3 10.479152 1.405423 -2.129022 -2.846044 1.228211 1.932459
    4 6.028143 0.000001 0.000000 0.874789 0.530030 -0.946889
    5 11.692552 0.000000 0.000002 0.000000 0.000000 -1.723966
    6 10.983067 1.342915 1.711091 -1.377826 -1.507464 6.110036
    7 6.028142 0.000001 0.000000 -1.714530 0.267394 -0.926397
    8 11.692555 0.000000 0.000000 0.000000 0.000000 -2.411662
    9 15.117918 2.650943 -0.765648 2.988119 0.033832 0.192133
    10 3.890452 -0.000004 -0.000003 -2.211205 -0.214781 -1.294534
    11 17.848177 0.000000 0.000000 0.000000 0.000000 0.424597
    12 16.525253 0.000000 0.000000 -0.110894 0.068281 -1.069877
    13 -3.890452 0.000004 0.000007 -1.485446 -0.455591 -1.869017
    14 17.848173 0.000000 0.000000 0.000000 0.000000 0.655111
    15 16.525257 0.000000 0.000000 0.142953 -0.081326 -1.256590
  time 23
    0 -1.525833 3.906374 36.004339 1.649455 -0.105908 -0.335045
    1 0.000005 3.345128 -2.981901 1.583613 0.144772 1.600302
    2 7.497033 0.421888 -0.324229 0.164553 0.112895 0.249011
    3 10.483059 1.405423 -2.129022 -2.849760 1.227920 1.929139
    4 6.028143 0.000001 0.000000 0.891009 0.514180 -0.959472
    5 11.692552 0.000000 0.000002 0.000000 0.000000 -1.730574
    6 10.979161 1.342915 1.714997 -1.363526 -1.508374 6.095944
    7 6.028142 0.000001 0.000000 -1.711906 0.256562 -0.923827
    8 11.692555 0.000000 0.000000 0.000000 0.000000 -2.415341
    9 15.117918 2.654850 -0.757836 2.999833 0.029746 0.194109
    10 3.890452 -0.000004 -0.000003 -2.211663 -0.216128 -1.295135
    11 17.848177 0.000000 0.000000 0.000000 0.000000 0.427146
    12 16.525253 0.000000 0.000000 -0.111754 0.064680 -1.071319
    13 -3.890452 0.000004 0.000007 -1.485446 -0.455022 -1.869457
    14 17.848173 0.000000 0.000000 0.000000 0.000000 0.653965
    15 16.525257 0.000000 0.000000 0.143328 -0.081607 -1.255960
  time 24
    0 -1.506301 3.902468 36.008246 1.649437 -0.105848 -0.335045
    1 0.000005 3.345128 -2.981901 1.584424 0.144305 1.598852
    2 7.497033 0.421888 -0.316416 0.166421 0.109851 0.249879
    3 10.486965 1.409329 -2.125116 -2.854892 1.227571 1.924613
    4 6.028143 0.000001 0.000000 0.910657 0.496811 -0.971961
    5 11.692552 0.000000 0.000002 0.000000 0.000000 -1.740450
    6 10.975254 1.342915 1.718903 -1.343984 -1.509675 6.076771
    7 6.028142 0.000001 0.000000 -1.709034 0.242106 -0.919436
    8 11.692555 0.000000 0.000000 0.000000 0.000000 -2.422097
    9 15.117918 2.654850 -0.746117 3.011300 0.025276 0.196193
    10 3.890452 -0.000004 -0.000003 -2.212395 -0.218507 -1.295992
    11 17.848177 0.000000 0.000000 0.000000 0.000000 0.431703
    12 16.525253 0.000000 0.000000 -0.113550 0.058170 -1.073689
    13 -3.890452 0.000004 0.000007 -1.485446 -0.454323 -1.869986
    14 17.848173 0.000000 0.000000 0.000000 0.000000 0.652410
    15 16.525257 0.000000 0.000000 0.143792 -0.081929 -1.255145
  time 25
    0 -1.482863 3.898561 36.012152 1.649402 -0.105764 -0.335045
    1 0.000005 3.345128 -2.981901 1.585390 0.143674 1.597078
    2 7.497033 0.425794 -0.312510 0.168635 0.106100 0.251021
    3 10.490871 1.413236 -2.121209 -2.861144 1.227164 1.919241
    4 6.028143 0.000001 0.000000 0.932646 0.478427 -0.984450
    5 11.692552 0.000000 0.000002 0.000000 0.000000 -1.752577
    6 10.975254 1.342915 1.722810 -1.319579 -1.511236 6.052900
    7 6.028142 0.000001 0.000000 -1.705717 0.224820 -0.913820
    8 11.692555 0.000000 0.000000 0.000000 0.000000 -2.430881
    9 15.117918 2.658756 -0.730491 3.022223 0.020590 0.198319
    10 3.890452 -0.000004 -0.000003 -2.213218 -0.221289 -1.297022
    11 17.848177 0.000000 0.000000 0.000000 0.000000 0.436879
    12 16.525253 0.000000 0.000000 -0.115628 0.050521 -1.076379
    13 -3.890452 0.000004 0.000007 -1.485355 -0.453536 -1.870514
    14 17.848173 0.000000 0.000000 0.000000 0.000000 0.650609
    15 16.525257 0.000000 0.000000 0.144345 -0.082331 -1.254070
  time 26
    0 -1.451612 3.898561 36.019965 1.649367 -0.105632 -0.335045
    1 0.000005 3.345128 -2.981901 1.586459 0.142973 1.595053
    2 7.497033 0.429701 -0.304697 0.171078 0.101845 0.252333
    3 10.490871 1.417142 -2.113397 -2.868223 1.226728 1.913085
    4 6.028143 0.000001 0.000000 0.956141 0.459583 -0.997219
    5 11.692552 0.000000 0.000002 0.000000 0.000000 -1.766084
    6 10.967442 1.339009 1.730622 -1.290599 -1.512970 6.024524
    7 6.028142 0.000001 0.000000 -1.701904 0.205533 -0.907372
    8 11.692555 0.000000 0.000000 0.000000 0.000000 -2.441090
    9 15.117918 2.666569 -0.714866 3.032305 0.015856 0.200424
    10 3.890452 -0.000004 -0.000003 -2.214133 -0.224252 -1.298223
    11 17.848177 0.000000 0.000000 0.000000 0.000000 0.442286
    12 16.525253 0.000000 0.000000 -0.117780 0.042302 -1.079166
    13 -3.890452 0.000004 0.000007 -1.485355 -0.452575 -1.871131
    14 17.848173 0.000000 0.000000 0.000000 0.000000 0.648318
    15 16.525257 0.000000 0.000000 0.144988 -0.082814 -1.252699
  time 27
    0 -1.420361 3.894655 36.027777 1.649314 -0.105476 -0.335045
    1 0.000005 3.345128 -2.981901 1.587606 0.142202 1.592872
    2 7.500940 0.429701 -0.296884 0.173693 0.097255 0.253730
    3 10.494778 1.421049 -2.109490 -2.875773 1.226234 1.906566
    4 6.028143 0.000001 0.000000 0.980304 0.440693 -1.010267
    5 11.692552 0.000000 0.000002 0.000000 0.000000 -1.780245
    6 10.963535 1.339009 1.734529 -1.257711 -1.514769 5.992313
    7 6.028142 0.000001 0.000000 -1.697399 0.185113 -0.900688
    8 11.692555 0.000000 0.000000 0.000000 0.000000 -2.451975
    9 15.117918 2.670475 -0.695334 3.041301 0.011254 0.202465
    10 3.890452 -0.000004 -0.000003 -2.215139 -0.227259 -1.299595
    11 17.848177 0.000000 0.000000 0.000000 0.000000 0.447616
    12 16.525253 0.000000 0.000000 -0.119887 0.033758 -1.081985
    13 -3.890452 0.000004 0.000007 -1.485264 -0.451438 -1.871835
    14 17.848173 0.000000 0.000000 0.000000 0.000000 0.645616
    15 16.525257 0.000000 0.000000 0.145738 -0.083357 -1.251032
  time 28
    0 -1.381297 3.894655 36.039497 1.649244 -0.105273 -0.335045
    1 0.000005 3.345128 -2.981901 1.588791 0.141431 1.590619
    2 7.500940 0.433607 -0.289071 0.176366 0.092533 0.255127
    3 10.498684 1.424955 -2.105584 -2.883559 1.225725 1.899806
    4 6.028143 0.000001 0.000000 1.004132 0.422263 -1.023688
    5 11.692552 0.000000 0.000002 0.000000 0.000000 -1.793969
    6 10.959629 1.339009 1.742342 -1.221676 -1.516568 5.956843
    7 6.028142 0.000001 0.000000 -1.692151 0.164694 -0.894280
    8 11.692555 0.000000 0.000000 0.000000 0.000000 -2.462711
    9 15.117918 2.674381 -0.679708 3.048962 0.006915 0.204377
    10 3.890452 -0.000004 -0.000003 -2.216145 -0.230267 -1.301139
    11 17.848177 0.000000 0.000000 0.000000 0.000000 0.452791
    12 16.525253 0.000000 0.000000 -0.121847 0.025071 -1.084739
    13 -3.890452 0.000004 0.000007 -1.485174 -0.450083 -1.872628
    14 17.848173 0.000000 0.000000 0.000000 0.000000 0.642261
    15 16.525257 0.000000 0.000000 0.146594 -0.083980 -1.248994
  time 29
    0 -1.334421 3.890749 36.051216 1.649157 -0.105033 -0.335045
    1 0.000005 3.345128 -2.981901 1.589963 0.140707 1.588401
    2 7.500940 0.437513 -0.281259 0.179040 0.087847 0.256418
    3 10.506497 1.428861 -2.097771 -2.891286 1.225187 1.893167
    4 6.028143 0.000001 0.000000 1.027041 0.404709 -1.037296
    5 11.692552 0.000000 0.000002 0.000000 0.000000 -1.806532
    6 10.955723 1.339009 1.750154 -1.183449 -1.518280 5.919264
    7 6.028142 0.000001 0.000000 -1.686012 0.145596 -0.888664
    8 11.692555 0.000000 0.000000 0.000000 0.000000 -2.472920
    9 15.117918 2.678288 -0.660176 3.054991 0.003032 0.206117
    10 3.890452 -0.000004 -0.000003 -2.217152 -0.233184 -1.302854
    11 17.848177 0.000000 0.000000 0.000000 0.000000 0.457580
    12 16.525253 0.000000 0.000000 -0.123613 0.016384 -1.087366
    13 -3.890452 0.000004 0.000007 -1.485174 -0.448466 -1.873508
    14 17.848173 0.000000 0.000000 0.000000 0.000000 0.638332
    15 16.525257 0.000000 0.000000 0.147594 -0.084704 -1.246549
  time 30
    0 -1.279732 3.890749 36.066841 1.649051 -0.104733 -0.335045
    1 0.000005 3.345128 -2.981901 1.591097 0.140076 1.586292
    2 7.500940 0.437513 -0.277352 0.181569 0.083401 0.257518
    3 10.510403 1.432768 -2.093865 -2.898541 1.224649 1.886769
    4 6.028143 0.000001 0.000000 1.048194 0.388399 -1.050904
    5 11.692552 0.000000 0.000002 0.000000 0.000000 -1.817134
    6 10.951816 1.335102 1.754061 -1.144650 -1.519819 5.880918
    7 6.028142 0.000001 0.000000 -1.678783 0.129290 -0.884353
    8 11.692555 0.000000 0.000000 0.000000 0.000000 -2.481929
    9 15.117918 2.682194 -0.644551 3.059094 -0.000240 0.207599
    10 3.890452 -0.000004 -0.000003 -2.218158 -0.235967 -1.304827
    11 17.848177 0.000000 0.000000 0.000000 0.000000 0.461906
    12 16.525253 0.000000 0.000000 -0.125082 0.007881 -1.089800
    13 -3.890452 0.000004 0.000007 -1.485083 -0.446586 -1.874477
    14 17.848173 0.000000 0.000000 0.000000 0.000000 0.633584
    15 16.525257 0.000000 0.000000 0.148719 -0.085528 -1.243659
  time 31
    0 -1.209417 3.894655 36.086373 1.648929 -0.104386 -0.334987
    1 0.000005 3.345128 -2.981901 1.592153 0.139586 1.584375
    2 7.500940 0.441420 -0.269539 0.183897 0.079386 0.258365
    3 10.510403 1.432768 -2.089958 -2.905147 1.224125 1.880854
    4 6.028143 0.000001 0.000000 1.066839 0.373794 -1.064418
    5 11.692552 0.000000 0.000002 0.000000 0.000000 -1.824832
    6 10.947910 1.335102 1.761873 -1.106995 -1.521142 5.843722
    7 6.028142 0.000001 0.000000 -1.670366 0.117401 -0.881861
    8 11.692555 0.000000 0.000000 0.000000 0.000000 -2.489286
    9 15.117918 2.686101 -0.628925 3.061021 -0.002744 0.208802
    10 3.890452 -0.000004 -0.000003 -2.219256 -0.238705 -1.307229
    11 17.848177 0.000000 0.000000 0.000000 0.000000 0.465691
    12 16.525253 0.000000 0.000000 -0.125839 -0.000358 -1.092138
    13 -3.890452 0.000004 0.000007 -1.484992 -0.444095 -1.875798
    14 17.848173 0.000000 0.000000 0.000000 0.000000 0.627282
    15 16.525257 0.000000 0.000000 0.150236 -0.086634 -1.239657
  time 32
    0 -1.111758 3.898561 36.109811 1.648788 -0.103966 -0.334987
    1 0.000005 3.345128 -2.981901 1.593080 0.139282 1.582757
    2 7.500940 0.441420 -0.261727 0.185938 0.075970 0.258830
    3 10.514310 1.436674 -2.086052 -2.910810 1.223631 1.875724
    4 6.028143 0.000001 0.000000 1.083477 0.361400 -1.077280
    5 11.692552 0.000000 0.000002 0.000000 0.000000 -1.829334
    6 10.944003 1.335102 1.765780 -1.072867 -1.522182 5.809785
    7 6.028142 0.000001 0.000000 -1.660365 0.110305 -0.881584
    8 11.692555 0.000000 0.000000 0.000000 0.000000 -2.495291
    9 15.117918 2.686101 -0.617206 3.060527 -0.004302 0.209639
    10 3.890452 -0.000004 -0.000003 -2.220354 -0.241398 -1.310316
    11 17.848177 0.000000 0.000000 0.000000 0.000000 0.468781
    12 16.525253 0.000000 0.000000 -0.125527 -0.008028 -1.094284
    13 -3.890452 0.000004 0.000007 -1.484811 -0.440860 -1.877736
    14 17.848173 0.000000 0.000000 0.000000 0.000000 0.618769
    15 16.525257 0.000000 0.000000 0.152289 -0.088142 -1.234211
  time 33
    0 -0.990660 3.906374 36.141062 1.648525 -0.103247 -0.334987
    1 0.000005 3.345128 -2.981901 1.593840 0.139235 1.581510
    2 7.500940 0.441420 -0.257820 0.187605 0.073358 0.258852
    3 10.518216 1.436674 -2.082146 -2.915174 1.223209 1.871620
    4 6.028143 0.000001 0.000000 1.098778 0.351632 -1.089024
    5 11.692552 0.000000 0.000002 0.000000 0.000000 -1.830714
    6 10.940097 1.331196 1.769686 -1.044745 -1.522919 5.781697
    7 6.028142 0.000001 0.000000 -1.648730 0.107739 -0.883482
    8 11.692555 0.000000 0.000000 0.000000 0.000000 -2.500096
    9 15.121825 2.686101 -0.605487 3.056524 -0.004662 0.210048
    10 3.890452 -0.000004 -0.000003 -2.221360 -0.243508 -1.313318
    11 17.848177 0.000000 0.000000 0.000000 0.000000 0.470558
    12 16.525253 0.000000 0.000000 -0.123880 -0.013805 -1.096014
    13 -3.890452 0.000004 0.000007 -1.484720 -0.436751 -1.879849
    14 17.848173 0.000000 0.000000 0.000000 0.000000 0.608129
    15 16.525257 0.000000 0.000000 0.154753 -0.089931 -1.227468
  time 34
    0 -0.861750 3.914187 36.176219 1.648105 -0.102013 -0.334928
    1 0.000005 3.345128 -2.981901 1.594549 0.139352 1.580480
    2 7.500940 0.441420 -0.257820 0.189100 0.071188 0.258534
    3 10.522122 1.440580 -2.078239 -2.918832 1.222788 1.867938
    4 6.028143 0.000001 0.000000 1.113159 0.343984 -1.099369
    5 11.692552 0.000000 0.000002 0.000000 0.000000 -1.829915
    6 10.940097 1.331196 1.773592 -1.019578 -1.523483 5.756292
    7 6.028142 0.000001 0.000000 -1.635214 0.108116 -0.886488
    8 11.692555 0.000000 0.000000 0.000000 0.000000 -2.504150
    9 15.121825 2.686101 -0.597674 3.048764 -0.003967 0.210005
    10 3.890452 -0.000004 -0.000003 -2.222184 -0.244989 -1.315977
    11 17.848177 0.000000 0.000000 0.000000 0.000000 0.471253
    12 16.525253 0.000000 0.000000 -0.121030 -0.017488 -1.097327
    13 -3.890452 0.000004 0.000007 -1.484629 -0.431812 -1.881611
    14 17.848173 0.000000 0.000000 0.000000 0.000000 0.595769
    15 16.525257 0.000000 0.000000 0.157448 -0.091902 -1.219650
  time 35
    0 -0.725027 3.922000 36.211377 1.647526 -0.100383 -0.334869
    1 0.000005 3.345128 -2.981901 1.595283 0.139586 1.579437
    2 7.500940 0.441420 -0.253914 0.190652 0.068995 0.257984
    3 10.522122 1.440580 -2.074333 -2.922548 1.222337 1.864075
    4 6.028143 0.000001 0.000000 1.126871 0.337718 -1.107851
    5 11.692552 0.000000 0.000002 0.000000 0.000000 -1.828100
    6 10.936191 1.327290 1.773592 -0.992886 -1.524003 5.729354
    7 6.028142 0.000001 0.000000 -1.619865 0.109551 -0.889653
    8 11.692555 0.000000 0.000000 0.000000 0.000000 -2.507903
    9 15.121825 2.686101 -0.585955 3.037742 -0.002553 0.209618
    10 3.890452 -0.000004 -0.000003 -2.223007 -0.246291 -1.318293
    11 17.848177 0.000000 0.000000 0.000000 0.000000 0.471793
    12 16.525253 0.000000 0.000000 -0.117899 -0.020926 -1.098608
    13 -3.890452 0.000004 0.000007 -1.484811 -0.426785 -1.882139
    14 17.848173 0.000000 0.000000 0.000000 0.000000 0.583082
    15 16.525257 0.000000 0.000000 0.162000 -0.089650 -1.210869
  time 36
    0 -0.588304 3.933719 36.246534 1.646842 -0.098429 -0.334811
    1 0.000005 3.345128 -2.981901 1.596056 0.139889 1.578406
    2 7.500940 0.437513 -0.250008 0.192261 0.066814 0.257264
    3 10.526029 1.440580 -2.074333 -2.926323 1.221842 1.860152
    4 6.028143 0.000001 0.000000 1.139579 0.332972 -1.114282
    5 11.692552 0.000000 0.000002 0.000000 0.000000 -1.825413
    6 10.936191 1.327290 1.777499 -0.965241 -1.524458 5.701266
    7 6.028142 0.000001 0.000000 -1.603131 0.111966 -0.892896
    8 11.692555 0.000000 0.000000 0.000000 0.000000 -2.511356
    9 15.125731 2.682194 -0.578143 3.024101 -0.000515 0.208888
    10 3.890452 -0.000004 -0.000003 -2.223739 -0.247413 -1.320266
    11 17.848177 0.000000 0.000000 0.000000 0.000000 0.472102
    12 16.525253 0.000000 0.000000 -0.114693 -0.024099 -1.099793
    13 -3.890452 0.000004 0.000007 -1.485083 -0.422458 -1.880730
    14 17.848173 0.000000 0.000000 0.000000 0.000000 0.571459
    15 16.525257 0.000000 0.000000 0.169623 -0.079939 -1.201236
  time 37
    0 -0.463300 3.941532 36.285598 1.646088 -0.096248 -0.334694
    1 0.000005 3.345128 -2.981901 1.596842 0.140287 1.577376
    2 7.500940 0.437513 -0.246101 0.193900 0.064669 0.256376
    3 10.529935 1.444487 -2.070427 -2.930039 1.221334 1.856169
    4 6.028143 0.000001 0.000000 1.150867 0.329793 -1.118196
    5 11.692552 0.000000 0.000002 0.000000 0.000000 -1.822000
    6 10.936191 1.323383 1.781405 -0.936833 -1.524870 5.672410
    7 6.028142 0.000001 0.000000 -1.585505 0.115288 -0.896179
    8 11.692555 0.000000 0.000000 0.000000 0.000000 -2.514284
    9 15.125731 2.678288 -0.570330 3.008285 0.002037 0.207878
    10 3.890452 -0.000004 -0.000003 -2.224471 -0.248266 -1.321896
    11 17.848177 0.000000 0.000000 0.000000 0.000000 0.472180
    12 16.525253 0.000000 0.000000 -0.111606 -0.026988 -1.100818
    13 -3.890452 0.000004 0.000007 -1.485627 -0.418917 -1.877824
    14 17.848173 0.000000 0.000000 0.000000 0.000000 0.561228
    15 16.525257 0.000000 0.000000 0.179477 -0.064336 -1.191232
  time 38
    0 -0.346109 3.949344 36.316849 1.645282 -0.093959 -0.334635
    1 0.000005 3.345128 -2.981901 1.597627 0.140754 1.576381
    2 7.500940 0.437513 -0.242195 0.195538 0.062572 0.255360
    3 10.533841 1.444487 -2.066520 -2.933637 1.220796 1.852246
    4 6.028143 0.000001 0.000000 1.161401 0.327490 -1.121179
    5 11.692552 0.000000 0.000002 0.000000 0.000000 -1.818078
    6 10.932284 1.319477 1.785312 -0.908329 -1.525217 5.643459
    7 6.028142 0.000001 0.000000 -1.567384 0.119364 -0.899383
    8 11.692555 0.000000 0.000000 0.000000 0.000000 -2.516761
    9 15.129638 2.678288 -0.562517 2.990887 0.005057 0.206568
    10 3.890452 -0.000004 -0.000003 -2.225020 -0.248759 -1.323011
    11 17.848177 0.000000 0.000000 0.000000 0.000000 0.471948
    12 16.525253 0.000000 0.000000 -0.108845 -0.029511 -1.101555
    13 -3.890452 0.000004 0.000007 -1.486262 -0.416164 -1.873597
    14 17.848173 0.000000 0.000000 0.000000 0.000000 0.552715
    15 16.525257 0.000000 0.000000 0.190830 -0.044411 -1.181376
  time 39
    0 -0.252356 3.957157 36.348100 1.644475 -0.091634 -0.334576
    1 0.000005 3.345128 -2.981901 1.598413 0.141268 1.575434
    2 7.504846 0.433607 -0.238289 0.197176 0.060570 0.254238
    3 10.533841 1.444487 -2.062614 -2.937117 1.220272 1.848322
    4 6.028143 0.000001 0.000000 1.171685 0.325186 -1.125000
    5 11.692552 0.000000 0.000002 0.000000 0.000000 -1.813867
    6 10.932284 1.319477 1.789218 -0.880207 -1.525499 5.614699
    7 6.028142 0.000001 0.000000 -1.549114 0.124233 -0.902468
    8 11.692555 0.000000 0.000000 0.000000 0.000000 -2.518563
    9 15.129638 2.674381 -0.550798 2.972452 0.008437 0.205043
    10 3.890452 -0.000004 -0.000003 -2.225386 -0.248849 -1.323697
    11 17.848177 0.000000 0.000000 0.000000 0.000000 0.471330
    12 16.525253 0.000000 0.000000 -0.106604 -0.031606 -1.102003
    13 -3.890452 0.000004 0.000007 -1.486988 -0.414197 -1.868224
    14 17.848173 0.000000 0.000000 0.000000 0.000000 0.546167
    15 16.525257 0.000000 0.000000 0.202844 -0.021711 -1.172114
  time 40
    0 -0.185948 3.961063 36.375444 1.643686 -0.089369 -0.334518
    1 0.000005 3.345128 -2.981901 1.599160 0.141829 1.574523
    2 7.504846 0.433607 -0.234382 0.198728 0.058689 0.253053
    3 10.537748 1.444487 -2.062614 -2.940479 1.219749 1.844580
    4 6.028143 0.000001 0.000000 1.181635 0.323067 -1.129567
    5 11.692552 0.000000 0.000002 0.000000 0.000000 -1.809364
    6 10.932284 1.315571 1.789218 -0.852943 -1.525737 5.586802
    7 6.028142 0.000001 0.000000 -1.531291 0.129781 -0.905355
    8 11.692555 0.000000 0.000000 0.000000 0.000000 -2.519689
    9 15.133544 2.670475 -0.542985 2.953473 0.012092 0.203303
    10 3.890452 -0.000004 -0.000003 -2.225569 -0.248535 -1.323697
    11 17.848177 0.000000 0.000000 0.000000 0.000000 0.470480
    12 16.525253 0.000000 0.000000 -0.105046 -0.033173 -1.102067
    13 -3.890452 0.000004 0.000007 -1.487713 -0.413104 -1.862148
    14 17.848173 0.000000 0.000000 0.000000 0.000000 0.541993
    15 16.525257 0.000000 0.000000 0.214769 0.002195 -1.164037
  time 41
    0 -0.142978 3.961063 36.398883 1.642949 -0.087272 -0.334459
    1 0.000005 3.345128 -2.981901 1.599881 0.142413 1.573684
    2 7.504846 0.429701 -0.234382 0.200223 0.056939 0.251804
    3 10.541654 1.444487 -2.058707 -2.943546 1.219240 1.841019
    4 6.028143 0.000001 0.000000 1.190915 0.321085 -1.134507
    5 11.692552 0.000000 0.000002 0.000000 0.000000 -1.804789
    6 10.932284 1.311664 1.793124 -0.827109 -1.525889 5.560343
    7 6.028142 0.000001 0.000000 -1.514308 0.135971 -0.908045
    8 11.692555 0.000000 0.000000 0.000000 0.000000 -2.520290
    9 15.137450 2.666569 -0.539079 2.934543 0.015940 0.201434
    10 3.890452 -0.000004 -0.000003 -2.225660 -0.247682 -1.323611
    11 17.848177 0.000000 0.000000 0.000000 0.000000 0.468626
    12 16.525253 0.000000 0.000000 -0.103977 -0.034352 -1.101523
    13 -3.890452 0.000004 0.000007 -1.488530 -0.412230 -1.855895
    14 17.848173 0.000000 0.000000 0.000000 0.000000 0.538637
    15 16.525257 0.000000 0.000000 0.226033 0.025539 -1.156664
  time 42
    0 -0.103914 3.964970 36.426227 1.642301 -0.085426 -0.334401
    1 0.000005 3.345128 -2.981901 1.600551 0.142997 1.572929
    2 7.504846 0.429701 -0.230476 0.201603 0.055357 0.250535
    3 10.541654 1.444487 -2.054801 -2.946318 1.218760 1.837700
    4 6.028143 0.000001 0.000000 1.199276 0.319289 -1.139819
    5 11.692552 0.000000 0.000002 0.000000 0.000000 -1.800214
    6 10.932284 1.307758 1.797031 -0.803181 -1.526019 5.535706
    7 6.028142 0.000001 0.000000 -1.498514 0.142765 -0.910458
    8 11.692555 0.000000 0.000000 0.000000 0.000000 -2.520140
    9 15.137450 2.662662 -0.531266 2.916107 0.019882 0.199501
    10 3.890452 -0.000004 -0.000003 -2.225569 -0.246380 -1.323868
    11 17.848177 0.000000 0.000000 0.000000 0.000000 0.465614
    12 16.525253 0.000000 0.000000 -0.103042 -0.035370 -1.100338
    13 -3.890452 0.000004 0.000007 -1.489255 -0.410918 -1.850259
    14 17.848173 0.000000 0.000000 0.000000 0.000000 0.534626
    15 16.525257 0.000000 0.000000 0.236173 0.046489 -1.149402
  time 43
    0 -0.072663 3.964970 36.457478 1.641652 -0.083569 -0.334342
    1 0.000005 3.345128 -2.981901 1.601157 0.143604 1.572258
    2 7.504846 0.425794 -0.226569 0.202839 0.053955 0.249244
    3 10.545560 1.444487 -2.054801 -2.948796 1.218324 1.834682
    4 6.028143 0.000001 0.000000 1.206550 0.317676 -1.145505
    5 11.692552 0.000000 0.000002 0.000000 0.000000 -1.795785
    6 10.932284 1.307758 1.797031 -0.781637 -1.526084 5.513561
    7 6.028142 0.000001 0.000000 -1.484255 0.150163 -0.912356
    8 11.692555 0.000000 0.000000 0.000000 0.000000 -2.519389
    9 15.141357 2.658756 -0.523453 2.898808 0.023861 0.197567
    10 3.890452 -0.000004 -0.000003 -2.225477 -0.244765 -1.324212
    11 17.848177 0.000000 0.000000 0.000000 0.000000 0.462138
    12 16.525253 0.000000 0.000000 -0.102241 -0.036224 -1.098832
    13 -3.890452 0.000004 0.000007 -1.489981 -0.408864 -1.845151
    14 17.848173 0.000000 0.000000 0.000000 0.000000 0.529633
    15 16.525257 0.000000 0.000000 0.244456 0.063439 -1.142547
  time 44
    0 -0.045319 3.968876 36.484823 1.640933 -0.081471 -0.334283
    1 0.000005 3.345128 -2.981901 1.601698 0.144212 1.571695
    2 7.504846 0.425794 -0.226569 0.203931 0.052780 0.247995
    3 10.549467 1.444487 -2.050895 -2.950919 1.217917 1.832026
    4 6.028143 0.000001 0.000000 1.212737 0.316156 -1.151563
    5 11.692552 0.000000 0.000002 0.000000 0.000000 -1.791500
    6 10.932284 1.303851 1.800937 -0.763047 -1.526106 5.494292
    7 6.028142 0.000001 0.000000 -1.471779 0.158051 -0.913503
    8 11.692555 0.000000 0.000000 0.000000 0.000000 -2.517963
    9 15.141357 2.654850 -0.519547 2.883141 0.027768 0.195720
    10 3.890452 -0.000004 -0.000003 -2.225294 -0.243014 -1.324040
    11 17.848177 0.000000 0.000000 0.000000 0.000000 0.458585
    12 16.525253 0.000000 0.000000 -0.101603 -0.036936 -1.097263
    13 -3.890452 0.000004 0.000007 -1.490616 -0.405892 -1.840836
    14 17.848173 0.000000 0.000000 0.000000 0.000000 0.523412
    15 16.525257 0.000000 0.000000 0.250061 0.074738 -1.136397
  time 45
    0 -0.025787 3.968876 36.508261 1.640162 -0.079278 -0.334225
    1 0.000005 3.345128 -2.981901 1.602149 0.144772 1.571239
    2 7.504846 0.421888 -0.226569 0.204851 0.051845 0.246810
    3 10.549467 1.444487 -2.050895 -2.952630 1.217582 1.829853
    4 6.028143 0.000001 0.000000 1.217503 0.314727 -1.157714
    5 11.692552 0.000000 0.000002 0.000000 0.000000 -1.787506
    6 10.932284 1.303851 1.800937 -0.747795 -1.526106 5.478474
    7 6.028142 0.000001 0.000000 -1.461480 0.166430 -0.913938
    8 11.692555 0.000000 0.000000 0.000000 0.000000 -2.515936
    9 15.145263 2.650943 -0.515641 2.869648 0.031555 0.194066
    10 3.890452 -0.000004 -0.000003 -2.225020 -0.241129 -1.323611
    11 17.848177 0.000000 0.000000 0.000000 0.000000 0.455031
    12 16.525253 0.000000 0.000000 -0.101128 -0.037465 -1.095629
    13 -3.890452 0.000004 0.000007 -1.491069 -0.401827 -1.837666
    14 17.848173 0.000000 0.000000 0.000000 0.000000 0.515800
    15 16.525257 0.000000 0.000000 0.252239 0.078780 -1.131321
  time 46
    0 -0.017974 3.968876 36.535605 1.639390 -0.077073 -0.334166
    1 0.000005 3.345128 -2.981901 1.602496 0.145310 1.570916
    2 7.504846 0.421888 -0.222663 0.205569 0.051186 0.245688
    3 10.553373 1.444487 -2.050895 -2.953868 1.217320 1.828103
    4 6.028143 0.000001 0.000000 1.220597 0.313437 -1.163772
    5 11.692552 0.000000 0.000002 0.000000 0.000000 -1.783803
    6 10.932284 1.299945 1.804843 -0.736451 -1.526062 5.466491
    7 6.028142 0.000001 0.000000 -1.453658 0.175262 -0.913701
    8 11.692555 0.000000 0.000000 0.000000 0.000000 -2.513383
    9 15.145263 2.650943 -0.511734 2.858824 0.035139 0.192670
    10 3.890452 -0.000004 -0.000003 -2.224745 -0.239199 -1.322925
    11 17.848177 0.000000 0.000000 0.000000 0.000000 0.451555
    12 16.525253 0.000000 0.000000 -0.100831 -0.037852 -1.093964
    13 -3.890452 0.000004 0.000007 -1.491341 -0.396363 -1.836433
    14 17.848173 0.000000 0.000000 0.000000 0.000000 0.506060
    15 16.525257 0.000000 0.000000 0.247830 0.069832 -1.128172
  time 47
    0 -0.014068 3.968876 36.555137 1.638636 -0.074892 -0.334108
    1 0.000005 3.345128 -2.981901 1.602741 0.145800 1.570736
    2 7.504846 0.417982 -0.222663 0.206029 0.050815 0.244694
    3 10.553373 1.444487 -2.050895 -2.954635 1.217117 1.826836
    4 6.028143 0.000001 0.000000 1.221266 0.312654 -1.169924
    5 11.692552 0.000000 0.000002 0.000000 0.000000 -1.780099
    6 10.932284 1.299945 1.804843 -0.729301 -1.526019 5.458918
    7 6.028142 0.000001 0.000000 -1.448657 0.186699 -0.912593
    8 11.692555 0.000000 0.000000 0.000000 0.000000 -2.509630
    9 15.149169 2.647037 -0.507828 2.849878 0.038854 0.191531
    10 3.890452 -0.000004 -0.000003 -2.224471 -0.237224 -1.321981
    11 17.848177 0.000000 0.000000 0.000000 0.000000 0.448311
    12 16.525253 0.000000 0.000000 -0.100742 -0.038055 -1.092362
    13 -3.890452 0.000004 0.000007 -1.491432 -0.389325 -1.837754
    14 17.848173 0.000000 0.000000 0.000000 0.000000 0.493700
    15 16.525257 0.000000 0.000000 0.234870 0.044217 -1.127245
  time 48
    0 -0.021881 3.968876 36.574669 1.637917 -0.072818 -0.334049
    1 0.000005 3.345128 -2.981901 1.602844 0.146244 1.570700
    2 7.504846 0.417982 -0.222663 0.206230 0.050767 0.243805
    3 10.553373 1.444487 -2.050895 -2.954812 1.217015 1.826232
    4 6.028143 0.000001 0.000000 1.219008 0.312746 -1.176262
    5 11.692552 0.000000 0.000002 0.000000 0.000000 -1.775960
    6 10.932284 1.299945 1.804843 -0.726918 -1.525976 5.456042
    7 6.028142 0.000001 0.000000 -1.446330 0.202211 -0.910695
    8 11.692555 0.000000 0.000000 0.000000 0.000000 -2.504375
    9 15.149169 2.647037 -0.507828 2.841574 0.043073 0.190500
    10 3.890452 -0.000004 -0.000003 -2.224105 -0.235339 -1.320695
    11 17.848177 0.000000 0.000000 0.000000 0.000000 0.445376
    12 16.525253 0.000000 0.000000 -0.100905 -0.038075 -1.090857
    13 -3.890452 0.000004 0.000007 -1.491251 -0.381020 -1.841100
    14 17.848173 0.000000 0.000000 0.000000 0.000000 0.479131
    15 16.525257 0.000000 0.000000 0.214948 0.004588 -1.127838
  time 49
    0 -0.037506 3.964970 36.590295 1.637251 -0.070913 -0.333990
    1 0.000005 3.345128 -2.981901 1.602831 0.146618 1.570820
    2 7.504846 0.417982 -0.222663 0.206173 0.051054 0.243085
    3 10.553373 1.444487 -2.050895 -2.954458 1.217015 1.826232
    4 6.028143 0.000001 0.000000 1.213992 0.313714 -1.182320
    5 11.692552 0.000000 0.000002 0.000000 0.000000 -1.771531
    6 10.932284 1.296039 1.804843 -0.729587 -1.525911 5.458343
    7 6.028142 0.000001 0.000000 -1.446528 0.220819 -0.908361
    8 11.692555 0.000000 0.000000 0.000000 0.000000 -2.497919
    9 15.149169 2.643131 -0.511734 2.833815 0.047723 0.189598
    10 3.890452 -0.000004 -0.000003 -2.223739 -0.233543 -1.319151
    11 17.848177 0.000000 0.000000 0.000000 0.000000 0.442904
    12 16.525253 0.000000 0.000000 -0.101350 -0.037872 -1.089480
    13 -3.890452 0.000004 0.000007 -1.490979 -0.372016 -1.845768
    14 17.848173 0.000000 0.000000 0.000000 0.000000 0.463497
    15 16.525257 0.000000 0.000000 0.190563 -0.044532 -1.129172
  time 50
    0 -0.072663 3.964970 36.594201 1.636655 -0.069211 -0.333932
    1 0.000005 3.345128 -2.981901 1.602664 0.146898 1.571132
    2 7.504846 0.414075 -0.222663 0.205770 0.051725 0.242556
    3 10.553373 1.444487 -2.050895 -2.953397 1.217117 1.826956
    4 6.028143 0.000001 0.000000 1.206634 0.315695 -1.187819
    5 11.692552 0.000000 0.000002 0.000000 0.000000 -1.766883
    6 10.932284 1.296039 1.804843 -0.737690 -1.525824 5.466204
    7 6.028142 0.000001 0.000000 -1.449152 0.241616 -0.906146
    8 11.692555 0.000000 0.000000 0.000000 0.000000 -2.490412
    9 15.149169 2.643131 -0.511734 2.826648 0.052744 0.188825
    10 3.890452 -0.000004 -0.000003 -2.223373 -0.231927 -1.317178
    11 17.848177 0.000000 0.000000 0.000000 0.000000 0.441204
    12 16.525253 0.000000 0.000000 -0.102167 -0.037404 -1.088327
    13 -3.890452 0.000004 0.000007 -1.490616 -0.363274 -1.850875
    14 17.848173 0.000000 0.000000 0.000000 0.000000 0.448600
    15 16.525257 0.000000 0.000000 0.164714 -0.096989 -1.130765
  time 51
    0 -0.123446 3.961063 36.594201 1.636181 -0.067833 -0.333932
    1 0.000005 3.345128 -2.981901 1.602329 0.147085 1.571635
    2 7.504846 0.414075 -0.226569 0.205052 0.052780 0.242218
    3 10.553373 1.444487 -2.050895 -2.951686 1.217335 1.828405
    4 6.028143 0.000001 0.000000 1.197019 0.318690 -1.192572
    5 11.692552 0.000000 0.000002 0.000000 0.000000 -1.762090
    6 10.932284 1.296039 1.800937 -0.751703 -1.525737 5.480008
    7 6.028142 0.000001 0.000000 -1.454054 0.263846 -0.904485
    8 11.692555 0.000000 0.000000 0.000000 0.000000 -2.482154
    9 15.149169 2.639224 -0.515641 2.820025 0.058089 0.188245
    10 3.890452 -0.000004 -0.000003 -2.223007 -0.230581 -1.314605
    11 17.848177 0.000000 0.000000 0.000000 0.000000 0.440432
    12 16.525253 0.000000 0.000000 -0.103458 -0.036631 -1.087558
    13 -3.890452 0.000004 0.000007 -1.490344 -0.356193 -1.855367
    14 17.848173 0.000000 0.000000 0.000000 0.000000 0.437305
    15 16.525257 0.000000 0.000000 0.140418 -0.145947 -1.132951
  time 52
    0 -0.197667 3.957157 36.582482 1.635831 -0.066850 -0.333873
    1 0.000005 3.345128 -2.981901 1.601775 0.147179 1.572414
    2 7.504846 0.414075 -0.230476 0.203845 0.054434 0.242091
    3 10.549467 1.440580 -2.054801 -2.948973 1.217713 1.830940
    4 6.028143 0.000001 0.000000 1.183391 0.324357 -1.193131
    5 11.692552 0.000000 0.000002 0.000000 0.000000 -1.756934
    6 10.936191 1.299945 1.800937 -0.773915 -1.525585 5.502249
    7 6.028142 0.000001 0.000000 -1.461431 0.287248 -0.904169
    8 11.692555 0.000000 0.000000 0.000000 0.000000 -2.473296
    9 15.149169 2.639224 -0.523453 2.813896 0.063758 0.187815
    10 3.890452 -0.000004 -0.000003 -2.222641 -0.229728 -1.311346
    11 17.848177 0.000000 0.000000 0.000000 0.000000 0.441204
    12 16.525253 0.000000 0.000000 -0.105432 -0.035451 -1.087302
    13 -3.890452 0.000004 0.000007 -1.490072 -0.352652 -1.858449
    14 17.848173 0.000000 0.000000 0.000000 0.000000 0.433294
    15 16.525257 0.000000 0.000000 0.120228 -0.185034 -1.137064
  time 53
    0 -0.299233 3.953251 36.547325 1.635690 -0.066443 -0.333873
    1 0.000005 3.345128 -2.981901 1.601002 0.147249 1.573469
    2 7.504846 0.414075 -0.230476 0.202178 0.056675 0.242091
    3 10.549467 1.440580 -2.058707 -2.945198 1.218236 1.834501
    4 6.028143 0.000001 0.000000 1.165749 0.332926 -1.188564
    5 11.692552 0.000000 0.000002 0.000000 0.000000 -1.751488
    6 10.936191 1.299945 1.797031 -0.804325 -1.525369 5.532638
    7 6.028142 0.000001 0.000000 -1.471135 0.310951 -0.905553
    8 11.692555 0.000000 0.000000 0.000000 0.000000 -2.463837
    9 15.149169 2.639224 -0.531266 2.808262 0.069690 0.187493
    10 3.890452 -0.000004 -0.000003 -2.222275 -0.230132 -1.306800
    11 17.848177 0.000000 0.000000 0.000000 0.000000 0.445530
    12 16.525253 0.000000 0.000000 -0.108088 -0.033803 -1.088583
    13 -3.890452 0.000004 0.000007 -1.489890 -0.354707 -1.859770
    14 17.848173 0.000000 0.000000 0.000000 0.000000 0.440497
    15 16.525257 0.000000 0.000000 0.106214 -0.209623 -1.144844
  time 54
    0 -0.412518 3.949344 36.492635 1.635848 -0.066874 -0.333873
    1 0.000005 3.345128 -2.981901 1.600088 0.147249 1.574739
    2 7.504846 0.414075 -0.238289 0.200166 0.059348 0.242196
    3 10.545560 1.436674 -2.058707 -2.940715 1.218862 1.838786
    4 6.028143 0.000001 0.000000 1.145850 0.343523 -1.180549
    5 11.692552 0.000000 0.000002 0.000000 0.000000 -1.745969
    6 10.940097 1.303851 1.793124 -0.840264 -1.525044 5.568588
    7 6.028142 0.000001 0.000000 -1.482968 0.333597 -0.908915
    8 11.692555 0.000000 0.000000 0.000000 0.000000 -2.454453
    9 15.149169 2.639224 -0.542985 2.803122 0.075707 0.187257
    10 3.890452 -0.000004 -0.000003 -2.222184 -0.231927 -1.301653
    11 17.848177 0.000000 0.000000 0.000000 0.000000 0.453023
    12 16.525253 0.000000 0.000000 -0.111116 -0.031911 -1.091466
    13 -3.890452 0.000004 0.000007 -1.489799 -0.362356 -1.859506
    14 17.848173 0.000000 0.000000 0.000000 0.000000 0.458504
    15 16.525257 0.000000 0.000000 0.099859 -0.217083 -1.156034
  time 55
    0 -0.533615 3.941532 36.426227 1.636444 -0.068612 -0.333932
    1 0.000005 3.345128 -2.981901 1.599044 0.147226 1.576153
    2 7.504846 0.414075 -0.242195 0.197924 0.062344 0.242366
    3 10.541654 1.436674 -2.062614 -2.935701 1.219560 1.843675
    4 6.028143 0.000001 0.000000 1.124613 0.355825 -1.169831
    5 11.692552 0.000000 0.000002 0.000000 0.000000 -1.740668
    6 10.944003 1.303851 1.789218 -0.880016 -1.524632 5.608468
    7 6.028142 0.000001 0.000000 -1.496782 0.354205 -0.914532
    8 11.692555 0.000000 0.000000 0.000000 0.000000 -2.445594
    9 15.145263 2.639224 -0.554704 2.798575 0.081687 0.187106
    10 3.890452 -0.000004 -0.000003 -2.222184 -0.234531 -1.297193
    11 17.848177 0.000000 0.000000 0.000000 0.000000 0.461752
    12 16.525253 0.000000 0.000000 -0.114411 -0.029836 -1.094829
    13 -3.890452 0.000004 0.000007 -1.489527 -0.373590 -1.858978
    14 17.848173 0.000000 0.000000 0.000000 0.000000 0.483387
    15 16.525257 0.000000 0.000000 0.099734 -0.211332 -1.169483
  time 56
    0 -0.658619 3.937625 36.355912 1.637461 -0.071512 -0.333990
    1 0.000005 3.345128 -2.981901 1.597924 0.147179 1.577687
    2 7.504846 0.414075 -0.246101 0.195509 0.065592 0.242598
    3 10.537748 1.432768 -2.070427 -2.930216 1.220301 1.849047
    4 6.028143 0.000001 0.000000 1.102958 0.369371 -1.156689
    5 11.692552 0.000000 0.000002 0.000000 0.000000 -1.735803
    6 10.944003 1.307758 1.781405 -0.922152 -1.524090 5.650840
    7 6.028142 0.000001 0.000000 -1.512328 0.372057 -0.922284
    8 11.692555 0.000000 0.000000 0.000000 0.000000 -2.437862
    9 15.145263 2.639224 -0.570330 2.794571 0.087488 0.187020
    10 3.890452 -0.000004 -0.000003 -2.222184 -0.237493 -1.293677
    11 17.848177 0.000000 0.000000 0.000000 0.000000 0.470635
    12 16.525253 0.000000 0.000000 -0.117869 -0.027639 -1.098320
    13 -3.890452 0.000004 0.000007 -1.489165 -0.386309 -1.859066
    14 17.848173 0.000000 0.000000 0.000000 0.000000 0.511053
    15 16.525257 0.000000 0.000000 0.103287 -0.198625 -1.183933
  time 57
    0 -0.787529 3.929812 36.277785 1.638741 -0.075203 -0.334108
    1 0.000005 3.345128 -2.981901 1.596726 0.147109 1.579317
    2 7.504846 0.414075 -0.253914 0.192922 0.069019 0.242874
    3 10.533841 1.432768 -2.074333 -2.924376 1.221086 1.854720
    4 6.028143 0.000001 0.000000 1.081638 0.383838 -1.141683
    5 11.692552 0.000000 0.000002 0.000000 0.000000 -1.731373
    6 10.947910 1.311664 1.777499 -0.965717 -1.523439 5.694555
    7 6.028142 0.000001 0.000000 -1.529112 0.386627 -0.931658
    8 11.692555 0.000000 0.000000 0.000000 0.000000 -2.431932
    9 15.145263 2.643131 -0.582049 2.791111 0.093000 0.187020
    10 3.890452 -0.000004 -0.000003 -2.222184 -0.240590 -1.290846
    11 17.848177 0.000000 0.000000 0.000000 0.000000 0.479286
    12 16.525253 0.000000 0.000000 -0.121386 -0.025381 -1.101651
    13 -3.890452 0.000004 0.000007 -1.488711 -0.399466 -1.859506
    14 17.848173 0.000000 0.000000 0.000000 0.000000 0.539455
    15 16.525257 0.000000 0.000000 0.109499 -0.180952 -1.198457
  time 58
    0 -0.920346 3.918093 36.199658 1.640214 -0.079410 -0.334225
    1 0.000005 3.345128 -2.981901 1.595476 0.147039 1.581007
    2 7.504846 0.414075 -0.257820 0.190221 0.072591 0.243170
    3 10.529935 1.428861 -2.078239 -2.918242 1.221886 1.860695
    4 6.028143 0.000001 0.000000 1.061321 0.398904 -1.125000
    5 11.692552 0.000000 0.000002 0.000000 0.000000 -1.727524
    6 10.951816 1.311664 1.773592 -1.009855 -1.522681 5.738749
    7 6.028142 0.000001 0.000000 -1.546639 0.397459 -0.942298
    8 11.692555 0.000000 0.000000 0.000000 0.000000 -2.428328
    9 15.141357 2.643131 -0.597674 2.788245 0.098142 0.187085
    10 3.890452 -0.000004 -0.000003 -2.222184 -0.243553 -1.288788
    11 17.848177 0.000000 0.000000 0.000000 0.000000 0.487242
    12 16.525253 0.000000 0.000000 -0.124934 -0.023062 -1.104662
    13 -3.890452 0.000004 0.000007 -1.488167 -0.412317 -1.860210
    14 17.848173 0.000000 0.000000 0.000000 0.000000 0.567203
    15 16.525257 0.000000 0.000000 0.117336 -0.160303 -1.212388
  time 59
    0 -1.045349 3.910281 36.125437 1.641775 -0.083916 -0.334342
    1 0.000005 3.345128 -2.981901 1.594188 0.146945 1.582757
    2 7.504846 0.414075 -0.265633 0.187461 0.076270 0.243508
    3 10.526029 1.424955 -2.082146 -2.911930 1.222700 1.866912
    4 6.028143 0.000001 0.000000 1.041840 0.414569 -1.107198
    5 11.692552 0.000000 0.000002 0.000000 0.000000 -1.724184
    6 10.951816 1.315571 1.765780 -1.053706 -1.521792 5.782847
    7 6.028142 0.000001 0.000000 -1.564859 0.405498 -0.953650
    8 11.692555 0.000000 0.000000 0.000000 0.000000 -2.426602
    9 15.141357 2.643131 -0.613300 2.785971 0.102780 0.187192
    10 3.890452 -0.000004 -0.000003 -2.222092 -0.246156 -1.287501
    11 17.848177 0.000000 0.000000 0.000000 0.000000 0.493963
    12 16.525253 0.000000 0.000000 -0.128421 -0.020763 -1.107128
    13 -3.890452 0.000004 0.000007 -1.487713 -0.424381 -1.861091
    14 17.848173 0.000000 0.000000 0.000000 0.000000 0.593232
    15 16.525257 0.000000 0.000000 0.125780 -0.138689 -1.225319
  time 60
    0 -1.170353 3.898561 36.059028 1.643388 -0.088530 -0.334459
    1 0.000005 3.345128 -2.981901 1.592874 0.146828 1.584530
    2 7.504846 0.414075 -0.269539 0.184644 0.080021 0.243868
    3 10.522122 1.424955 -2.089958 -2.905442 1.223515 1.873310
    4 6.028143 0.000001 0.000000 1.022443 0.430741 -1.089024
    5 11.692552 0.000000 0.000002 0.000000 0.000000 -1.720989
    6 10.955723 1.319477 1.761873 -1.096795 -1.520795 5.826178
    7 6.028142 0.000001 0.000000 -1.583970 0.411990 -0.965278
    8 11.692555 0.000000 0.000000 0.000000 0.000000 -2.425626
    9 15.137450 2.643131 -0.628925 2.784241 0.106855 0.187343
    10 3.890452 -0.000004 -0.000003 -2.221909 -0.248176 -1.286901
    11 17.848177 0.000000 0.000000 0.000000 0.000000 0.499061
    12 16.525253 0.000000 0.000000 -0.131775 -0.018505 -1.108826
    13 -3.890452 0.000004 0.000007 -1.487169 -0.435178 -1.862148
    14 17.848173 0.000000 0.000000 0.000000 0.000000 0.616477
    15 16.525257 0.000000 0.000000 0.133777 -0.118100 -1.236841
  time 61
    0 -1.287544 3.886842 36.000433 1.644966 -0.093072 -0.334635
    1 0.000005 3.345128 -2.981901 1.591535 0.146712 1.586328
    2 7.504846 0.414075 -0.277352 0.181770 0.083832 0.244228
    3 10.518216 1.421049 -2.093865 -2.898836 1.224329 1.879768
    4 6.028143 0.000001 0.000000 1.003296 0.447373 -1.070756
    5 11.692552 0.000000 0.000002 0.000000 0.000000 -1.718084
    6 10.959629 1.323383 1.754061 -1.138645 -1.519689 5.868359
    7 6.028142 0.000001 0.000000 -1.603774 0.416972 -0.976828
    8 11.692555 0.000000 0.000000 0.000000 0.000000 -2.425475
    9 15.137450 2.643131 -0.644551 2.783105 0.110246 0.187536
    10 3.890452 -0.000004 -0.000003 -2.221635 -0.249298 -1.287244
    11 17.848177 0.000000 0.000000 0.000000 0.000000 0.501765
    12 16.525253 0.000000 0.000000 -0.134877 -0.016369 -1.109434
    13 -3.890452 0.000004 0.000007 -1.486716 -0.444226 -1.863381
    14 17.848173 0.000000 0.000000 0.000000 0.000000 0.636040
    15 16.525257 0.000000 0.000000 0.140311 -0.100567 -1.246660
  time 62
    0 -1.393016 3.875123 35.965276 1.646456 -0.097339 -0.334752
    1 0.000005 3.345128 -2.981901 1.590195 0.146595 1.588150
    2 7.500940 0.414075 -0.281259 0.178867 0.087667 0.244609
    3 10.514310 1.417142 -2.097771 -2.892170 1.225129 1.886407
    4 6.028143 0.000001 0.000000 0.984568 0.464190 -1.052581
    5 11.692552 0.000000 0.000002 0.000000 0.000000 -1.715470
    6 10.963535 1.323383 1.750154 -1.178969 -1.518476 5.908910
    7 6.028142 0.000001 0.000000 -1.623826 0.420483 -0.988021
    8 11.692555 0.000000 0.000000 0.000000 0.000000 -2.426001
    9 15.133544 2.647037 -0.660176 2.782363 0.113206 0.187794
    10 3.890452 -0.000004 -0.000003 -2.221086 -0.249118 -1.288788
    11 17.848177 0.000000 0.000000 0.000000 0.000000 0.501147
    12 16.525253 0.000000 0.000000 -0.137608 -0.014416 -1.108506
    13 -3.890452 0.000004 0.000007 -1.486262 -0.451001 -1.864878
    14 17.848173 0.000000 0.000000 0.000000 0.000000 0.650528
    15 16.525257 0.000000 0.000000 0.144363 -0.088102 -1.254329
  time 63
    0 -1.486769 3.859498 35.953556 1.647771 -0.101078 -0.334869
    1 0.000005 3.345128 -2.981901 1.588842 0.146478 1.589959
    2 7.500940 0.414075 -0.289071 0.175993 0.091502 0.244990
    3 10.510403 1.417142 -2.101678 -2.885446 1.225928 1.892986
    4 6.028143 0.000001 0.000000 0.966425 0.481099 -1.034780
    5 11.692552 0.000000 0.000002 0.000000 0.000000 -1.713073
    6 10.963535 1.327290 1.742342 -1.217482 -1.517197 5.947640
    7 6.028142 0.000001 0.000000 -1.643927 0.422596 -0.998503
    8 11.692555 0.000000 0.000000 0.000000 0.000000 -2.427202
    9 15.133544 2.647037 -0.675802 2.781968 0.116023 0.188094
    10 3.890452 -0.000004 -0.000003 -2.220171 -0.246650 -1.291961
    11 17.848177 0.000000 0.000000 0.000000 0.000000 0.494812
    12 16.525253 0.000000 0.000000 -0.139953 -0.012666 -1.104886
    13 -3.890452 0.000004 0.000007 -1.485899 -0.454454 -1.866287
    14 17.848173 0.000000 0.000000 0.000000 0.000000 0.658140
    15 16.525257 0.000000 0.000000 0.144756 -0.082633 -1.259183
  time 64
    0 -1.576616 3.839966 35.961369 1.648788 -0.103966 -0.334987
    1 0.000005 3.345128 -2.981901 1.587503 0.146338 1.591769
    2 7.500940 0.417982 -0.292978 0.173118 0.095313 0.245371
    3 10.506497 1.413236 -2.109490 -2.878781 1.226699 1.899625
    4 6.028143 0.000001 0.000000 0.948950 0.497870 -1.017723
    5 11.692552 0.000000 0.000002 0.000000 0.000000 -1.710968
    6 10.967442 1.331196 1.738435 -1.253898 -1.515853 5.984356
    7 6.028142 0.000001 0.000000 -1.663583 0.423389 -1.007916
    8 11.692555 0.000000 0.000000 0.000000 0.000000 -2.428929
    9 15.129638 2.647037 -0.691427 2.781869 0.118683 0.188460
    10 3.890452 -0.000004 -0.000003 -2.219073 -0.242879 -1.295306
    11 17.848177 0.000000 0.000000 0.000000 0.000000 0.485929
    12 16.525253 0.000000 0.000000 -0.142135 -0.010978 -1.100114
    13 -3.890452 0.000004 0.000007 -1.485718 -0.455897 -1.866992
    14 17.848173 0.000000 0.000000 0.000000 0.000000 0.662069
    15 16.525257 0.000000 0.000000 0.142935 -0.081306 -1.262555
  time 65
    0 -1.662556 3.824340 35.969182 1.649385 -0.105668 -0.335045
    1 0.000005 3.345128 -2.981901 1.586176 0.146198 1.593555
    2 7.500940 0.417982 -0.300790 0.170273 0.099089 0.245752
    3 10.498684 1.409329 -2.113397 -2.872116 1.227455 1.906264
    4 6.028143 0.000001 0.000000 0.932479 0.514180 -1.001692
    5 11.692552 0.000000 0.000002 0.000000 0.000000 -1.709152
    6 10.971348 1.335102 1.730622 -1.288216 -1.514444 6.018964
    7 6.028142 0.000001 0.000000 -1.682447 0.422974 -1.015787
    8 11.692555 0.000000 0.000000 0.000000 0.000000 -2.431181
    9 15.129638 2.647037 -0.707053 2.782067 0.121188 0.188889
    10 3.890452 -0.000004 -0.000003 -2.217975 -0.238660 -1.297622
    11 17.848177 0.000000 0.000000 0.000000 0.000000 0.476892
    12 16.525253 0.000000 0.000000 -0.144198 -0.009330 -1.095309
    13 -3.890452 0.000004 0.000007 -1.485809 -0.456071 -1.866463
    14 17.848173 0.000000 0.000000 0.000000 0.000000 0.663951
    15 16.525257 0.000000 0.000000 0.141132 -0.079999 -1.264963
  time 66
    0 -1.744589 3.804809 35.984807 1.649612 -0.106339 -0.335104
    1 0.000005 3.345128 -2.981901 1.584862 0.146057 1.595316
    2 7.500940 0.417982 -0.304697 0.167485 0.102804 0.246133
    3 10.494778 1.409329 -2.117303 -2.865509 1.228182 1.912783
    4 6.028143 0.000001 0.000000 0.916844 0.529984 -0.986687
    5 11.692552 0.000000 0.000002 0.000000 0.000000 -1.707627
    6 10.975254 1.339009 1.726716 -1.320247 -1.513013 6.051270
    7 6.028142 0.000001 0.000000 -1.700518 0.421426 -1.022195
    8 11.692555 0.000000 0.000000 0.000000 0.000000 -2.433808
    9 15.125731 2.650943 -0.722678 2.782561 0.123525 0.189340
    10 3.890452 -0.000004 -0.000003 -2.216786 -0.234261 -1.298823
    11 17.848177 0.000000 0.000000 0.000000 0.000000 0.468240
    12 16.525253 0.000000 0.000000 -0.146157 -0.007723 -1.090729
    13 -3.890452 0.000004 0.000007 -1.485990 -0.455241 -1.864790
    14 17.848173 0.000000 0.000000 0.000000 0.000000 0.664606
    15 16.525257 0.000000 0.000000 0.139382 -0.078712 -1.266630
  time 67
    0 -1.826623 3.785277 35.996526 1.649577 -0.106243 -0.335045
    1 0.000005 3.345128 -2.981901 1.583587 0.145917 1.597030
    2 7.500940 0.417982 -0.312510 0.164754 0.106423 0.246514
    3 10.490871 1.405423 -2.121209 -2.859080 1.228865 1.919120
    4 6.028143 0.000001 0.000000 0.902129 0.545142 -0.972706
    5 11.692552 0.000000 0.000002 0.000000 0.000000 -1.706393
    6 10.975254 1.339009 1.722810 -1.349989 -1.511561 6.081276
    7 6.028142 0.000001 0.000000 -1.717748 0.418746 -1.027218
    8 11.692555 0.000000 0.000000 0.000000 0.000000 -2.436886
    9 15.125731 2.650943 -0.734397 2.783302 0.125670 0.189834
    10 3.890452 -0.000004 -0.000003 -2.215688 -0.229818 -1.299338
    11 17.848177 0.000000 0.000000 0.000000 0.000000 0.460052
    12 16.525253 0.000000 0.000000 -0.148012 -0.006136 -1.086437
    13 -3.890452 0.000004 0.000007 -1.486353 -0.453798 -1.862412
    14 17.848173 0.000000 0.000000 0.000000 0.000000 0.664442
    15 16.525257 0.000000 0.000000 0.137704 -0.077486 -1.267890
  time 68
    0 -1.900844 3.765745 36.012152 1.649385 -0.105668 -0.335045
    1 0.000005 3.345128 -2.981901 1.582350 0.145777 1.598684
    2 7.500940 0.417982 -0.316416 0.162110 0.109935 0.246873
    3 10.486965 1.405423 -2.129022 -2.852828 1.229534 1.925337
    4 6.028143 0.000001 0.000000 0.888501 0.559517 -0.959938
    5 11.692552 0.000000 0.000002 0.000000 0.000000 -1.705449
    6 10.979161 1.342915 1.714997 -1.377444 -1.510087 6.108981
    7 6.028142 0.000001 0.000000 -1.734235 0.415047 -1.031055
    8 11.692555 0.000000 0.000000 0.000000 0.000000 -2.440189
    9 15.121825 2.650943 -0.750023 2.784340 0.127636 0.190350
    10 3.890452 -0.000004 -0.000003 -2.214590 -0.225374 -1.299252
    11 17.848177 0.000000 0.000000 0.000000 0.000000 0.452328
    12 16.525253 0.000000 0.000000 -0.149763 -0.004590 -1.082401
    13 -3.890452 0.000004 0.000007 -1.486806 -0.451963 -1.859506
    14 17.848173 0.000000 0.000000 0.000000 0.000000 0.663624
    15 16.525257 0.000000 0.000000 0.136116 -0.076319 -1.268816
  time 69
    0 -1.971159 3.746213 36.027777 1.649104 -0.104913 -0.335045
    1 0.000005 3.345128 -2.981901 1.581165 0.145660 1.600266
    2 7.497033 0.417982 -0.324229 0.159581 0.113290 0.247212
    3 10.483059 1.401517 -2.132928 -2.846811 1.230145 1.931373
    4 6.028143 0.000001 0.000000 0.875959 0.572878 -0.948380
    5 11.692552 0.000000 0.000002 0.000000 0.000000 -1.704868
    6 10.983067 1.346822 1.711091 -1.402421 -1.508656 6.134194
    7 6.028142 0.000001 0.000000 -1.750029 0.410292 -1.033863
    8 11.692555 0.000000 0.000000 0.000000 0.000000 -2.443793
    9 15.117918 2.650943 -0.761742 2.785625 0.129398 0.190887
    10 3.890452 -0.000004 -0.000003 -2.213584 -0.221110 -1.298995
    11 17.848177 0.000000 0.000000 0.000000 0.000000 0.444989
    12 16.525253 0.000000 0.000000 -0.151366 -0.003064 -1.078686
    13 -3.890452 0.000004 0.000007 -1.487260 -0.450039 -1.856688
    14 17.848173 0.000000 0.000000 0.000000 0.000000 0.662642
    15 16.525257 0.000000 0.000000 0.134652 -0.075234 -1.269557
  time 70
    0 -2.033661 3.726681 36.039497 1.648876 -0.104254 -0.334987
    1 0.000005 3.345128 -2.981901 1.580045 0.145520 1.601776
    2 7.497033 0.417982 -0.328135 0.157195 0.116466 0.247551
    3 10.479152 1.397610 -2.136835 -2.841090 1.230727 1.937046
    4 6.028143 0.000001 0.000000 0.864672 0.584903 -0.938594
    5 11.692552 0.000000 0.000002 0.000000 0.000000 -1.704722
    6 10.983067 1.350728 1.707184 -1.425109 -1.507247 6.157106
    7 6.028142 0.000001 0.000000 -1.765179 0.404441 -1.035801
    8 11.692555 0.000000 0.000000 0.000000 0.000000 -2.447621
    9 15.117918 2.650943 -0.777367 2.787157 0.130944 0.191424
    10 3.890452 -0.000004 -0.000003 -2.212577 -0.217070 -1.298909
    11 17.848177 0.000000 0.000000 0.000000 0.000000 0.438115
    12 16.525253 0.000000 0.000000 -0.152806 -0.001620 -1.075226
    13 -3.890452 0.000004 0.000007 -1.487623 -0.448203 -1.854046
    14 17.848173 0.000000 0.000000 0.000000 0.000000 0.661741
    15 16.525257 0.000000 0.000000 0.133331 -0.074269 -1.270261
  time 71
    0 -2.088350 3.707149 36.051216 1.648788 -0.103966 -0.334987
    1 0.000005 3.345128 -2.981901 1.579001 0.145403 1.603166
    2 7.497033 0.417982 -0.332041 0.154953 0.119426 0.247847
    3 10.475246 1.397610 -2.140741 -2.835781 1.231250 1.942297
    4 6.028143 0.000001 0.000000 0.855057 0.594855 -0.931138
    5 11.692552 0.000000 0.000002 0.000000 0.000000 -1.704940
    6 10.986974 1.350728 1.699371 -1.445223 -1.505925 6.177429
    7 6.028142 0.000001 0.000000 -1.779537 0.397497 -1.036869
    8 11.692555 0.000000 0.000000 0.000000 0.000000 -2.451525
    9 15.114012 2.650943 -0.789087 2.788937 0.132250 0.191982
    10 3.890452 -0.000004 -0.000003 -2.211754 -0.213434 -1.299166
    11 17.848177 0.000000 0.000000 0.000000 0.000000 0.431781
    12 16.525253 0.000000 0.000000 -0.154023 -0.000236 -1.072087
    13 -3.890452 0.000004 0.000007 -1.487895 -0.446761 -1.852196
    14 17.848173 0.000000 0.000000 0.000000 0.000000 0.661168
    15 16.525257 0.000000 0.000000 0.132206 -0.073444 -1.271113
  time 72
    0 -2.131320 3.687618 36.059028 1.648788 -0.103966 -0.334987
    1 0.000005 3.345128 -2.981901 1.578061 0.145286 1.604437
    2 7.497033 0.417982 -0.335948 0.152941 0.122087 0.248122
    3 10.471339 1.393704 -2.144648 -2.830944 1.231715 1.947126
    4 6.028143 0.000001 0.000000 0.847950 0.601121 -0.927876
    5 11.692552 0.000000 0.000002 0.000000 0.000000 -1.705739
    6 10.986974 1.354634 1.695465 -1.462669 -1.504711 6.195164
    7 6.028142 0.000001 0.000000 -1.792905 0.389457 -1.036869
    8 11.692555 0.000000 0.000000 0.000000 0.000000 -2.455579
    9 15.114012 2.650943 -0.800806 2.791013 0.133281 0.192541
    10 3.890452 -0.000004 -0.000003 -2.211022 -0.210517 -1.299595
    11 17.848177 0.000000 0.000000 0.000000 0.000000 0.426682
    12 16.525253 0.000000 0.000000 -0.154987 0.001066 -1.069717
    13 -3.890452 0.000004 0.000007 -1.488076 -0.445756 -1.850964
    14 17.848173 0.000000 0.000000 0.000000 0.000000 0.661086
    15 16.525257 0.000000 0.000000 0.131349 -0.072821 -1.272077
  time 73
    0 -2.162571 3.671992 36.062935 1.648788 -0.103966 -0.334987
    1 0.000005 3.345128 -2.981901 1.577249 0.145193 1.605527
    2 7.497033 0.417982 -0.339854 0.151216 0.124412 0.248355
    3 10.471339 1.393704 -2.144648 -2.826756 1.232108 1.951290
    4 6.028143 0.000001 0.000000 0.843101 0.604070 -0.928062
    5 11.692552 0.000000 0.000002 0.000000 0.000000 -1.707119
    6 10.990880 1.354634 1.691559 -1.477349 -1.503627 6.210024
    7 6.028142 0.000001 0.000000 -1.804788 0.380210 -1.035366
    8 11.692555 0.000000 0.000000 0.000000 0.000000 -2.459783
    9 15.114012 2.650943 -0.808618 2.793286 0.134024 0.193078
    10 3.890452 -0.000004 -0.000003 -2.210565 -0.208317 -1.299852
    11 17.848177 0.000000 0.000000 0.000000 0.000000 0.423129
    12 16.525253 0.000000 0.000000 -0.155596 0.002246 -1.068148
    13 -3.890452 0.000004 0.000007 -1.488167 -0.445013 -1.850171
    14 17.848173 0.000000 0.000000 0.000000 0.000000 0.661250
    15 16.525257 0.000000 0.000000 0.130760 -0.072399 -1.272929
  time 74
    0 -2.186009 3.660273 36.066841 1.648788 -0.103966 -0.334987
    1 0.000005 3.345128 -2.981901 1.576580 0.145099 1.606414
    2 7.497033 0.417982 -0.343760 0.149808 0.126282 0.248566
    3 10.467433 1.393704 -2.148554 -2.823335 1.232428 1.954730
    4 6.028143 0.000001 0.000000 0.839255 0.606143 -0.927969
    5 11.692552 0.000000 0.000002 0.000000 0.000000 -1.709297
    6 10.990880 1.358541 1.691559 -1.488789 -1.502760 6.221623
    7 6.028142 0.000001 0.000000 -1.814937 0.369642 -1.032162
    8 11.692555 0.000000 0.000000 0.000000 0.000000 -2.464137
    9 15.110106 2.650943 -0.816431 2.795856 0.134407 0.193593
    10 3.890452 -0.000004 -0.000003 -2.210107 -0.206657 -1.300024
    11 17.848177 0.000000 0.000000 0.000000 0.000000 0.420348
    12 16.525253 0.000000 0.000000 -0.155893 0.003385 -1.066931
    13 -3.890452 0.000004 0.000007 -1.488257 -0.444488 -1.849554
    14 17.848173 0.000000 0.000000 0.000000 0.000000 0.661250
    15 16.525257 0.000000 0.000000 0.130367 -0.072117 -1.273485
  time 75
    0 -2.197728 3.652460 36.070747 1.648788 -0.103966 -0.334987
    1 0.000005 3.345128 -2.981901 1.576129 0.145053 1.607013
    2 7.497033 0.417982 -0.343760 0.148831 0.127576 0.248693
    3 10.467433 1.389798 -2.148554 -2.821035 1.232646 1.957024
    4 6.028143 0.000001 0.000000 0.836579 0.607019 -0.927503
    5 11.692552 0.000000 0.000002 0.000000 0.000000 -1.712420
    6 10.990880 1.358541 1.687652 -1.496606 -1.502153 6.229484
    7 6.028142 0.000001 0.000000 -1.823008 0.357337 -1.027060
    8 11.692555 0.000000 0.000000 0.000000 0.000000 -2.468791
    9 15.110106 2.650943 -0.820338 2.798723 0.134371 0.194066
    10 3.890452 -0.000004 -0.000003 -2.209833 -0.205400 -1.300195
    11 17.848177 0.000000 0.000000 0.000000 0.000000 0.418185
    12 16.525253 0.000000 0.000000 -0.155774 0.004768 -1.066034
    13 -3.890452 0.000004 0.000007 -1.488348 -0.444138 -1.849290
    14 17.848173 0.000000 0.000000 0.000000 0.000000 0.661168
    15 16.525257 0.000000 0.000000 0.130171 -0.071956 -1.273818
  time 76
    0 -2.201635 3.648554 36.070747 1.648788 -0.103966 -0.334987
    1 0.000005 3.345128 -2.981901 1.575948 0.145029 1.607253
    2 7.497033 0.417982 -0.347667 0.148457 0.128067 0.248736
    3 10.467433 1.389798 -2.152460 -2.820091 1.232733 1.957929
    4 6.028143 0.000001 0.000000 0.835660 0.606189 -0.926384
    5 11.692552 0.000000 0.000002 0.000000 0.000000 -1.716922
    6 10.990880 1.358541 1.687652 -1.499561 -1.501915 6.232456
    7 6.028142 0.000001 0.000000 -1.828454 0.342655 -1.019545
    8 11.692555 0.000000 0.000000 0.000000 0.000000 -2.473821
    9 15.110106 2.650943 -0.824244 2.801886 0.133796 0.194496
    10 3.890452 -0.000004 -0.000003 -2.209375 -0.203515 -1.300024
    11 17.848177 0.000000 0.000000 0.000000 0.000000 0.414709
    12 16.525253 0.000000 0.000000 -0.154245 0.009122 -1.064560
    13 -3.890452 0.000004 0.000007 -1.488348 -0.443920 -1.849202
    14 17.848173 0.000000 0.000000 0.000000 0.000000 0.661086
    15 16.525257 0.000000 0.000000 0.130135 -0.071936 -1.273892
  time 77
    0 -2.193822 3.648554 36.070747 1.648788 -0.103966 -0.334987
    1 0.000005 3.345128 -2.981901 1.575948 0.145029 1.607253
    2 7.497033 0.417982 -0.347667 0.148457 0.128067 0.248736
    3 10.467433 1.389798 -2.152460 -2.820091 1.232733 1.957929
    4 6.028143 0.000001 0.000000 0.835743 0.604393 -0.924893
    5 11.692552 0.000000 0.000002 0.000000 0.000000 -1.722223
    6 10.990880 1.358541 1.687652 -1.499561 -1.501915 6.232456
    7 6.028142 0.000001 0.000000 -1.832118 0.326803 -1.010646
    8 11.692555 0.000000 0.000000 0.000000 0.000000 -2.478701
    9 15.110106 2.650943 -0.824244 2.805296 0.132849 0.194861
    10 3.890452 -0.000004 -0.000003 -2.208552 -0.200507 -1.299595
    11 17.848177 0.000000 0.000000 0.000000 0.000000 0.408839
    12 16.525253 0.000000 0.000000 -0.150847 0.017727 -1.062030
    13 -3.890452 0.000004 0.000007 -1.488348 -0.443920 -1.849378
    14 17.848173 0.000000 0.000000 0.000000 0.000000 0.660923
    15 16.525257 0.000000 0.000000 0.130278 -0.072037 -1.273707
  time 78
    0 -2.178196 3.656367 36.070747 1.648788 -0.103966 -0.334987
    1 0.000005 3.345128 -2.981901 1.575948 0.145029 1.607253
    2 7.497033 0.417982 -0.347667 0.148457 0.128067 0.248736
    3 10.467433 1.389798 -2.152460 -2.820091 1.232733 1.957929
    4 6.028143 0.000001 0.000000 0.835910 0.602688 -0.923495
    5 11.692552 0.000000 0.000002 0.000000 0.000000 -1.727379
    6 10.990880 1.358541 1.687652 -1.499561 -1.501915 6.232456
    7 6.028142 0.000001 0.000000 -1.835286 0.311894 -1.001825
    8 11.692555 0.000000 0.000000 0.000000 0.000000 -2.482829
    9 15.110106 2.650943 -0.824244 2.808756 0.131830 0.195226
    10 3.890452 -0.000004 -0.000003 -2.207546 -0.196647 -1.298909
    11 17.848177 0.000000 0.000000 0.000000 0.000000 0.401037
    12 16.525253 0.000000 0.000000 -0.145964 0.029628 -1.058667
    13 -3.890452 0.000004 0.000007 -1.488257 -0.444138 -1.849731
    14 17.848173 0.000000 0.000000 0.000000 0.000000 0.660759
    15 16.525257 0.000000 0.000000 0.130546 -0.072238 -1.273336
  time 79
    0 -2.158665 3.664179 36.066841 1.648788 -0.103966 -0.334987
    1 0.000005 3.345128 -2.981901 1.575948 0.145029 1.607253
    2 7.497033 0.417982 -0.347667 0.148457 0.128067 0.248736
    3 10.467433 1.389798 -2.152460 -2.820091 1.232733 1.957929
    4 6.028143 0.000001 0.000000 0.836161 0.601029 -0.922097
    5 11.692552 0.000000 0.000002 0.000000 0.000000 -1.732390
    6 10.990880 1.358541 1.687652 -1.499561 -1.501915 6.232456
    7 6.028142 0.000001 0.000000 -1.838059 0.298231 -0.993282
    8 11.692555 0.000000 0.000000 0.000000 0.000000 -2.486208
    9 15.110106 2.650943 -0.824244 2.812315 0.130728 0.195548
    10 3.890452 -0.000004 -0.000003 -2.206448 -0.192428 -1.298223
    11 17.848177 0.000000 0.000000 0.000000 0.000000 0.392386
    12 16.525253 0.000000 0.000000 -0.140235 0.043197 -1.054887
    13 -3.890452 0.000004 0.000007 -1.488167 -0.444488 -1.850347
    14 17.848173 0.000000 0.000000 0.000000 0.000000 0.660513
    15 16.525257 0.000000 0.000000 0.130957 -0.072539 -1.272781
  time 80
    0 -2.131320 3.675898 36.062935 1.648788 -0.103966 -0.334987
    1 0.000005 3.345128 -2.981901 1.575948 0.145029 1.607253
    2 7.497033 0.417982 -0.347667 0.148457 0.128067 0.248736
    3 10.467433 1.389798 -2.152460 -2.820091 1.232733 1.957929
    4 6.028143 0.000001 0.000000 0.836412 0.599463 -0.920792
    5 11.692552 0.000000 0.000002 0.000000 0.000000 -1.737328
    6 10.990880 1.358541 1.687652 -1.499561 -1.501915 6.232456
    7 6.028142 0.000001 0.000000 -1.840287 0.286115 -0.985213
    8 11.692555 0.000000 0.000000 0.000000 0.000000 -2.488685
    9 15.110106 2.650943 -0.824244 2.815873 0.129541 0.195849
    10 3.890452 -0.000004 -0.000003 -2.205442 -0.188703 -1.297536
    11 17.848177 0.000000 0.000000 0.000000 0.000000 0.384507
    12 16.525253 0.000000 0.000000 -0.134462 0.056360 -1.051364
    13 -3.890452 0.000004 0.000007 -1.488076 -0.445013 -1.851052
    14 17.848173 0.000000 0.000000 0.000000 0.000000 0.660350
    15 16.525257 0.000000 0.000000 0.131492 -0.072921 -1.272040
  time 81
    0 -2.096163 3.691524 36.059028 1.648788 -0.103966 -0.334987
    1 0.000005 3.345128 -2.981901 1.575948 0.145029 1.607253
    2 7.497033 0.417982 -0.347667 0.148457 0.128067 0.248736
    3 10.467433 1.389798 -2.152460 -2.820091 1.232733 1.957929
    4 6.028143 0.000001 0.000000 0.837248 0.597850 -0.919115
    5 11.692552 0.000000 0.000002 0.000000 0.000000 -1.742484
    6 10.990880 1.358541 1.687652 -1.499561 -1.501915 6.232456
    7 6.028142 0.000001 0.000000 -1.841772 0.275660 -0.977777
    8 11.692555 0.000000 0.000000 0.000000 0.000000 -2.490261
    9 15.110106 2.650943 -0.824244 2.819481 0.128295 0.196128
    10 3.890452 -0.000004 -0.000003 -2.204710 -0.186279 -1.296764
    11 17.848177 0.000000 0.000000 0.000000 0.000000 0.379022
    12 16.525253 0.000000 0.000000 -0.129416 0.067020 -1.048898
    13 -3.890452 0.000004 0.000007 -1.487985 -0.445712 -1.851932
    14 17.848173 0.000000 0.000000 0.000000 0.000000 0.660104
    15 16.525257 0.000000 0.000000 0.132117 -0.073384 -1.271113
  time 82
    0 -2.053193 3.711056 36.051216 1.648788 -0.103966 -0.334987
    1 0.000005 3.345128 -2.981901 1.575948 0.145029 1.607253
    2 7.497033 0.417982 -0.347667 0.148457 0.128067 0.248736
    3 10.467433 1.389798 -2.152460 -2.820091 1.232733 1.957929
    4 6.028143 0.000001 0.000000 0.838837 0.595915 -0.916785
    5 11.692552 0.000000 0.000002 0.000000 0.000000 -1.748148
    6 10.990880 1.358541 1.687652 -1.499561 -1.501915 6.232456
    7 6.028142 0.000001 0.000000 -1.842317 0.266753 -0.971172
    8 11.692555 0.000000 0.000000 0.000000 0.000000 -2.490862
    9 15.110106 2.650943 -0.824244 2.823089 0.126977 0.196343
    10 3.890452 -0.000004 -0.000003 -2.204618 -0.186234 -1.295992
    11 17.848177 0.000000 0.000000 0.000000 0.000000 0.378172
    12 16.525253 0.000000 0.000000 -0.125557 0.073611 -1.048545
    13 -3.890452 0.000004 0.000007 -1.487804 -0.446586 -1.853165
    14 17.848173 0.000000 0.000000 0.000000 0.000000 0.659940
    15 16.525257 0.000000 0.000000 0.132974 -0.074007 -1.270039
  time 83
    0 -1.998503 3.730588 36.043403 1.648788 -0.103966 -0.334987
    1 0.000005 3.345128 -2.981901 1.575948 0.145029 1.607253
    2 7.497033 0.417982 -0.347667 0.148457 0.128067 0.248736
    3 10.467433 1.389798 -2.152460 -2.820091 1.232733 1.957929
    4 6.028143 0.000001 0.000000 0.841094 0.593796 -0.913988
    5 11.692552 0.000000 0.000002 0.000000 0.000000 -1.754248
    6 10.990880 1.358541 1.687652 -1.499561 -1.501915 6.232456
    7 6.028142 0.000001 0.000000 -1.841970 0.259355 -0.965357
    8 11.692555 0.000000 0.000000 0.000000 0.000000 -2.490712
    9 15.110106 2.650943 -0.824244 2.826697 0.125587 0.196536
    10 3.890452 -0.000004 -0.000003 -2.205167 -0.188882 -1.295135
    11 17.848177 0.000000 0.000000 0.000000 0.000000 0.382962
    12 16.525253 0.000000 0.000000 -0.123182 0.075279 -1.050883
    13 -3.890452 0.000004 0.000007 -1.487532 -0.447679 -1.854662
    14 17.848173 0.000000 0.000000 0.000000 0.000000 0.659940
    15 16.525257 0.000000 0.000000 0.134081 -0.074832 -1.268853
  time 84
    0 -1.932095 3.754026 36.031684 1.648788 -0.103966 -0.334987
    1 0.000005 3.345128 -2.981901 1.575948 0.145029 1.607253
    2 7.497033 0.417982 -0.347667 0.148457 0.128067 0.248736
    3 10.467433 1.389798 -2.152460 -2.820091 1.232733 1.957929
    4 6.028143 0.000001 0.000000 0.844021 0.591538 -0.910820
    5 11.692552 0.000000 0.000002 0.000000 0.000000 -1.760638
    6 10.990880 1.358541 1.687652 -1.499561 -1.501915 6.232456
    7 6.028142 0.000001 0.000000 -1.840931 0.253354 -0.960294
    8 11.692555 0.000000 0.000000 0.000000 0.000000 -2.489961
    9 15.110106 2.650943 -0.824244 2.830305 0.124148 0.196665
    10 3.890452 -0.000004 -0.000003 -2.206082 -0.193146 -1.294191
    11 17.848177 0.000000 0.000000 0.000000 0.000000 0.390841
    12 16.525253 0.000000 0.000000 -0.121505 0.074323 -1.054695
    13 -3.890452 0.000004 0.000007 -1.487260 -0.448947 -1.856512
    14 17.848173 0.000000 0.000000 0.000000 0.000000 0.659859
    15 16.525257 0.000000 0.000000 0.135384 -0.075777 -1.267557
  time 85
    0 -1.861781 3.777464 36.019965 1.648788 -0.103966 -0.334987
    1 0.000005 3.345128 -2.981901 1.575948 0.145029 1.607253
    2 7.497033 0.417982 -0.347667 0.148457 0.128067 0.248736
    3 10.467433 1.389798 -2.152460 -2.820091 1.232733 1.957929
    4 6.028143 0.000001 0.000000 0.847281 0.589188 -0.907371
    5 11.692552 0.000000 0.000002 0.000000 0.000000 -1.767174
    6 10.990880 1.358541 1.687652 -1.499561 -1.501915 6.232456
    7 6.028142 0.000001 0.000000 -1.839247 0.248598 -0.955865
    8 11.692555 0.000000 0.000000 0.000000 0.000000 -2.488685
    9 15.110106 2.650943 -0.824244 2.833815 0.122662 0.196751
    10 3.890452 -0.000004 -0.000003 -2.207088 -0.197680 -1.293248
    11 17.848177 0.000000 0.000000 0.000000 0.000000 0.399338
    12 16.525253 0.000000 0.000000 -0.119680 0.073285 -1.058827
    13 -3.890452 0.000004 0.000007 -1.486988 -0.450258 -1.858537
    14 17.848173 0.000000 0.000000 0.000000 0.000000 0.659859
    15 16.525257 0.000000 0.000000 0.136812 -0.076822 -1.266149
  time 86
    0 -1.787560 3.800902 36.008246 1.648788 -0.103966 -0.334987
    1 0.000005 3.345128 -2.981901 1.575948 0.145029 1.607253
    2 7.497033 0.417982 -0.347667 0.148457 0.128067 0.248736
    3 10.467433 1.389798 -2.152460 -2.820091 1.232733 1.957929
    4 6.028143 0.000001 0.000000 0.850876 0.586746 -0.903736
    5 11.692552 0.000000 0.000002 0.000000 0.000000 -1.773636
    6 10.990880 1.358541 1.687652 -1.499561 -1.501915 6.232456
    7 6.028142 0.000001 0.000000 -1.836970 0.245050 -0.952067
    8 11.692555 0.000000 0.000000 0.000000 0.000000 -2.487033
    9 15.110106 2.650943 -0.824244 2.837324 0.121116 0.196794
    10 3.890452 -0.000004 -0.000003 -2.208095 -0.202348 -1.292304
    11 17.848177 0.000000 0.000000 0.000000 0.000000 0.408066
    12 16.525253 0.000000 0.000000 -0.117750 0.072187 -1.063087
    13 -3.890452 0.000004 0.000007 -1.486716 -0.451569 -1.860651
    14 17.848173 0.000000 0.000000 0.000000 0.000000 0.659695
    15 16.525257 0.000000 0.000000 0.138347 -0.077948 -1.264704
  time 87
    0 -1.709432 3.820434 35.996526 1.648788 -0.103966 -0.334987
    1 0.000005 3.345128 -2.981901 1.575948 0.145029 1.607253
    2 7.497033 0.417982 -0.347667 0.148457 0.128067 0.248736
    3 10.467433 1.389798 -2.152460 -2.820091 1.232733 1.957929
    4 6.028143 0.000001 0.000000 0.854639 0.584351 -0.900008
    5 11.692552 0.000000 0.000002 0.000000 0.000000 -1.780027
    6 10.990880 1.358541 1.687652 -1.499561 -1.501915 6.232456
    7 6.028142 0.000001 0.000000 -1.834247 0.242484 -0.948785
    8 11.692555 0.000000 0.000000 0.000000 0.000000 -2.485157
    9 15.110106 2.650943 -0.824244 2.840734 0.119522 0.196751
    10 3.890452 -0.000004 -0.000003 -2.209101 -0.206971 -1.291447
    11 17.848177 0.000000 0.000000 0.000000 0.000000 0.416640
    12 16.525253 0.000000 0.000000 -0.115762 0.071068 -1.067347
    13 -3.890452 0.000004 0.000007 -1.486353 -0.452837 -1.862852
    14 17.848173 0.000000 0.000000 0.000000 0.000000 0.659531
    15 16.525257 0.000000 0.000000 0.139918 -0.079114 -1.263185
  time 88
    0 -1.635211 3.843872 35.984807 1.648788 -0.103966 -0.334987
    1 0.000005 3.345128 -2.981901 1.575948 0.145029 1.607253
    2 7.497033 0.417982 -0.347667 0.148457 0.128067 0.248736
    3 10.467433 1.389798 -2.152460 -2.820091 1.232733 1.957929
    4 6.028143 0.000001 0.000000 0.858401 0.582001 -0.896373
    5 11.692552 0.000000 0.000002 0.000000 0.000000 -1.786127
    6 10.990880 1.358541 1.687652 -1.499561 -1.501915 6.232456
    7 6.028142 0.000001 0.000000 -1.831226 0.240785 -0.945897
    8 11.692555 0.000000 0.000000 0.000000 0.000000 -2.483055
    9 15.110106 2.650943 -0.824244 2.844095 0.117892 0.196665
    10 3.890452 -0.000004 -0.000003 -2.210199 -0.211459 -1.290760
    11 17.848177 0.000000 0.000000 0.000000 0.000000 0.424828
    12 16.525253 0.000000 0.000000 -0.113788 0.069949 -1.071383
    13 -3.890452 0.000004 0.000007 -1.486081 -0.454061 -1.864966
    14 17.848173 0.000000 0.000000 0.000000 0.000000 0.659204
    15 16.525257 0.000000 0.000000 0.141489 -0.080260 -1.261628
  time 89
    0 -1.560990 3.863404 35.976995 1.648788 -0.103966 -0.334987
    1 0.000005 3.345128 -2.981901 1.575948 0.145029 1.607253
    2 7.497033 0.417982 -0.347667 0.148457 0.128067 0.248736
    3 10.467433 1.389798 -2.152460 -2.820091 1.232733 1.957929
    4 6.028143 0.000001 0.000000 0.862164 0.579743 -0.892925
    5 11.692552 0.000000 0.000002 0.000000 0.000000 -1.791791
    6 10.990880 1.358541 1.687652 -1.499561 -1.501915 6.232456
    7 6.028142 0.000001 0.000000 -1.827909 0.239842 -0.943326
    8 11.692555 0.000000 0.000000 0.000000 0.000000 -2.480953
    9 15.110106 2.650943 -0.824244 2.847308 0.116215 0.196493
    10 3.890452 -0.000004 -0.000003 -2.211205 -0.215589 -1.290160
    11 17.848177 0.000000 0.000000 0.000000 0.000000 0.432398
    12 16.525253 0.000000 0.000000 -0.111888 0.068851 -1.075066
    13 -3.890452 0.000004 0.000007 -1.485809 -0.455066 -1.867080
    14 17.848173 0.000000 0.000000 0.000000 0.000000 0.658713
    15 16.525257 0.000000 0.000000 0.143006 -0.081366 -1.260035
  time 90
    0 -1.490675 3.882936 35.969182 1.648788 -0.103966 -0.334987
    1 0.000005 3.345128 -2.981901 1.575948 0.145029 1.607253
    2 7.497033 0.417982 -0.347667 0.148457 0.128067 0.248736
    3 10.467433 1.389798 -2.152460 -2.820091 1.232733 1.957929
    4 6.028143 0.000001 0.000000 0.865675 0.577716 -0.889663
    5 11.692552 0.000000 0.000002 0.000000 0.000000 -1.797019
    6 10.990880 1.358541 1.687652 -1.499561 -1.501915 6.232456
    7 6.028142 0.000001 0.000000 -1.824543 0.239502 -0.940993
    8 11.692555 0.000000 0.000000 0.000000 0.000000 -2.478926
    9 15.110106 2.650943 -0.824244 2.850767 0.114153 0.196150
    10 3.890452 -0.000004 -0.000003 -2.212029 -0.219180 -1.289817
    11 17.848177 0.000000 0.000000 0.000000 0.000000 0.438810
    12 16.525253 0.000000 0.000000 -0.110122 0.067854 -1.078237
    13 -3.890452 0.000004 0.000007 -1.485536 -0.455897 -1.868929
    14 17.848173 0.000000 0.000000 0.000000 0.000000 0.657894
    15 16.525257 0.000000 0.000000 0.144417 -0.082391 -1.258405
  time 91
    0 -1.435986 3.898561 35.961369 1.648788 -0.103966 -0.334987
    1 0.000005 3.345128 -2.981901 1.575948 0.145029 1.607253
    2 7.497033 0.417982 -0.347667 0.148457 0.128067 0.248736
    3 10.467433 1.389798 -2.152460 -2.820091 1.232733 1.957929
    4 6.028143 0.000001 0.000000 0.868936 0.575919 -0.886866
    5 11.692552 0.000000 0.000002 0.000000 0.000000 -1.801522
    6 10.990880 1.358541 1.687652 -1.499561 -1.501915 6.232456
    7 6.028142 0.000001 0.000000 -1.821126 0.239653 -0.938778
    8 11.692555 0.000000 0.000000 0.000000 0.000000 -2.476974
    9 15.110106 2.650943 -0.824244 2.854820 0.111409 0.195591
    10 3.890452 -0.000004 -0.000003 -2.212760 -0.222008 -1.289645
    11 17.848177 0.000000 0.000000 0.000000 0.000000 0.443599
    12 16.525253 0.000000 0.000000 -0.108593 0.066979 -1.080639
    13 -3.890452 0.000004 0.000007 -1.485264 -0.456421 -1.870514
    14 17.848173 0.000000 0.000000 0.000000 0.000000 0.656912
    15 16.525257 0.000000 0.000000 0.145595 -0.083256 -1.256849
  time 92
    0 -1.393016 3.910281 35.965276 1.648788 -0.103966 -0.334987
    1 0.000005 3.345128 -2.981901 1.575948 0.145029 1.607253
    2 7.497033 0.417982 -0.347667 0.148457 0.128067 0.248736
    3 10.467433 1.389798 -2.152460 -2.820091 1.232733 1.957929
    4 6.028143 0.000001 0.000000 0.871612 0.574399 -0.884443
    5 11.692552 0.000000 0.000002 0.000000 0.000000 -1.805225
    6 10.990880 1.358541 1.687652 -1.499561 -1.501915 6.232456
    7 6.028142 0.000001 0.000000 -1.817859 0.240106 -0.936602
    8 11.692555 0.000000 0.000000 0.000000 0.000000 -2.475322
    9 15.110106 2.650943 -0.824244 2.859268 0.108089 0.194818
    10 3.890452 -0.000004 -0.000003 -2.213309 -0.223713 -1.289903
    11 17.848177 0.000000 0.000000 0.000000 0.000000 0.446148
    12 16.525253 0.000000 0.000000 -0.107465 0.066328 -1.081889
    13 -3.890452 0.000004 0.000007 -1.485174 -0.456421 -1.871659
    14 17.848173 0.000000 0.000000 0.000000 0.000000 0.655439
    15 16.525257 0.000000 0.000000 0.146452 -0.083879 -1.255367
  time 93
    0 -1.361765 3.918093 35.969182 1.648788 -0.103966 -0.334987
    1 0.000005 3.345128 -2.981901 1.575948 0.145029 1.607253
    2 7.497033 0.417982 -0.347667 0.148457 0.128067 0.248736
    3 10.467433 1.389798 -2.152460 -2.820091 1.232733 1.957929
    4 6.028143 0.000001 0.000000 0.873702 0.573247 -0.882579
    5 11.692552 0.000000 0.000002 0.000000 0.000000 -1.808057
    6 10.990880 1.358541 1.687652 -1.499561 -1.501915 6.232456
    7 6.028142 0.000001 0.000000 -1.814838 0.240785 -0.934308
    8 11.692555 0.000000 0.000000 0.000000 0.000000 -2.474046
    9 15.110106 2.650943 -0.824244 2.864013 0.104290 0.193873
    10 3.890452 -0.000004 -0.000003 -2.213492 -0.224387 -1.290503
    11 17.848177 0.000000 0.000000 0.000000 0.000000 0.446612
    12 16.525253 0.000000 0.000000 -0.106619 0.065860 -1.082113
    13 -3.890452 0.000004 0.000007 -1.485083 -0.456028 -1.872364
    14 17.848173 0.000000 0.000000 0.000000 0.000000 0.653474
    15 16.525257 0.000000 0.000000 0.147041 -0.084302 -1.253811
  time 94
    0 -1.334421 3.925906 35.976995 1.648788 -0.103966 -0.334987
    1 0.000005 3.345128 -2.981901 1.575948 0.145029 1.607253
    2 7.497033 0.417982 -0.347667 0.148457 0.128067 0.248736
    3 10.467433 1.389798 -2.152460 -2.820091 1.232733 1.957929
    4 6.028143 0.000001 0.000000 0.875040 0.572510 -0.881461
    5 11.692552 0.000000 0.000002 0.000000 0.000000 -1.809873
    6 10.990880 1.358541 1.687652 -1.499561 -1.501915 6.232456
    7 6.028142 0.000001 0.000000 -1.812214 0.241540 -0.931816
    8 11.692555 0.000000 0.000000 0.000000 0.000000 -2.473145
    9 15.110106 2.650943 -0.824244 2.869055 0.100119 0.192799
    10 3.890452 -0.000004 -0.000003 -2.213675 -0.224701 -1.291275
    11 17.848177 0.000000 0.000000 0.000000 0.000000 0.446148
    12 16.525253 0.000000 0.000000 -0.105862 0.065433 -1.081824
    13 -3.890452 0.000004 0.000007 -1.484992 -0.455328 -1.872980
    14 17.848173 0.000000 0.000000 0.000000 0.000000 0.651101
    15 16.525257 0.000000 0.000000 0.147541 -0.084663 -1.252143
  time 95
    0 -1.310982 3.933719 35.988714 1.648788 -0.103966 -0.334987
    1 0.000005 3.345128 -2.981901 1.575948 0.145029 1.607253
    2 7.497033 0.417982 -0.347667 0.148457 0.128067 0.248736
    3 10.467433 1.389798 -2.152460 -2.820091 1.232733 1.957929
    4 6.028143 0.000001 0.000000 0.875541 0.572279 -0.880995
    5 11.692552 0.000000 0.000002 0.000000 0.000000 -1.810526
    6 10.990880 1.358541 1.687652 -1.499561 -1.501915 6.232456
    7 6.028142 0.000001 0.000000 -1.810135 0.242295 -0.929087
    8 11.692555 0.000000 0.000000 0.000000 0.000000 -2.472845
    9 15.110106 2.650943 -0.824244 2.874244 0.095685 0.191617
    10 3.890452 -0.000004 -0.000003 -2.213858 -0.224611 -1.292304
    11 17.848177 0.000000 0.000000 0.000000 0.000000 0.444835
    12 16.525253 0.000000 0.000000 -0.105165 0.065026 -1.081152
    13 -3.890452 0.000004 0.000007 -1.484992 -0.454454 -1.873420
    14 17.848173 0.000000 0.000000 0.000000 0.000000 0.648399
    15 16.525257 0.000000 0.000000 0.147951 -0.084985 -1.250328
  time 96
    0 -1.291451 3.937625 36.000433 1.648788 -0.103966 -0.334987
    1 0.000005 3.345128 -2.981901 1.575948 0.145029 1.607253
    2 7.497033 0.417982 -0.347667 0.148457 0.128067 0.248736
    3 10.467433 1.389798 -2.152460 -2.820091 1.232733 1.957929
    4 6.028143 0.000001 0.000000 0.875123 0.572556 -0.881461
    5 11.692552 0.000000 0.000002 0.000000 0.000000 -1.809655
    6 10.990880 1.358541 1.687652 -1.499561 -1.501915 6.232456
    7 6.028142 0.000001 0.000000 -1.808353 0.243578 -0.926318
    8 11.692555 0.000000 0.000000 0.000000 0.000000 -2.473070
    9 15.110106 2.650943 -0.824244 2.879434 0.091095 0.190371
    10 3.890452 -0.000004 -0.000003 -2.213858 -0.224207 -1.293419
    11 17.848177 0.000000 0.000000 0.000000 0.000000 0.442827
    12 16.525253 0.000000 0.000000 -0.104527 0.064660 -1.080095
    13 -3.890452 0.000004 0.000007 -1.484992 -0.453361 -1.873773
    14 17.848173 0.000000 0.000000 0.000000 0.000000 0.645453
    15 16.525257 0.000000 0.000000 0.148308 -0.085247 -1.248401
  time 97
    0 -1.271919 3.945438 36.016058 1.648788 -0.103966 -0.334987
    1 0.000005 3.345128 -2.981901 1.575948 0.145029 1.607253
    2 7.497033 0.417982 -0.347667 0.148457 0.128067 0.248736
    3 10.467433 1.389798 -2.152460 -2.820091 1.232733 1.957929
    4 6.028143 0.000001 0.000000 0.873869 0.573431 -0.882672
    5 11.692552 0.000000 0.000002 0.000000 0.000000 -1.807404
    6 10.990880 1.358541 1.687652 -1.499561 -1.501915 6.232456
    7 6.028142 0.000001 0.000000 -1.806719 0.245956 -0.923866
    8 11.692555 0.000000 0.000000 0.000000 0.000000 -2.473596
    9 15.110106 2.650943 -0.824244 2.884623 0.086433 0.189083
    10 3.890452 -0.000004 -0.000003 -2.213858 -0.223534 -1.294706
    11 17.848177 0.000000 0.000000 0.000000 0.000000 0.440200
    12 16.525253 0.000000 0.000000 -0.103963 0.064334 -1.078718
    13 -3.890452 0.000004 0.000007 -1.484992 -0.452137 -1.874037
    14 17.848173 0.000000 0.000000 0.000000 0.000000 0.642261
    15 16.525257 0.000000 0.000000 0.148594 -0.085448 -1.246438
  time 98
    0 -1.256293 3.949344 36.031684 1.648788 -0.103966 -0.334987
    1 0.000005 3.345128 -2.981901 1.575948 0.145029 1.607253
    2 7.497033 0.417982 -0.347667 0.148457 0.128067 0.248736
    3 10.467433 1.389798 -2.152460 -2.820091 1.232733 1.957929
    4 6.028143 0.000001 0.000000 0.871946 0.574767 -0.884536
    5 11.692552 0.000000 0.000002 0.000000 0.000000 -1.803845
    6 10.990880 1.358541 1.687652 -1.499561 -1.501915 6.232456
    7 6.028142 0.000001 0.000000 -1.805134 0.249240 -0.921730
    8 11.692555 0.000000 0.000000 0.000000 0.000000 -2.474422
    9 15.110106 2.650943 -0.824244 2.889665 0.081819 0.187794
    10 3.890452 -0.000004 -0.000003 -2.213767 -0.222636 -1.296078
    11 17.848177 0.000000 0.000000 0.000000 0.000000 0.437110
    12 16.525253 0.000000 0.000000 -0.103458 0.064049 -1.077084
    13 -3.890452 0.000004 0.000007 -1.484992 -0.450826 -1.874213
    14 17.848173 0.000000 0.000000 0.000000 0.000000 0.638905
    15 16.525257 0.000000 0.000000 0.148826 -0.085608 -1.244400
  time 99
    0 -1.244574 3.957157 36.047309 1.648788 -0.103966 -0.334987
    1 0.000005 3.345128 -2.981901 1.575948 0.145029 1.607253
    2 7.497033 0.417982 -0.347667 0.148457 0.128067 0.248736
    3 10.467433 1.389798 -2.152460 -2.820091 1.232733 1.957929
    4 6.028143 0.000001 0.000000 0.869438 0.576518 -0.887053
    5 11.692552 0.000000 0.000002 0.000000 0.000000 -1.799198
    6 10.990880 1.358541 1.687652 -1.499561 -1.501915 6.232456
    7 6.028142 0.000001 0.000000 -1.803649 0.253316 -0.919871
    8 11.692555 0.000000 0.000000 0.000000 0.000000 -2.475473
    9 15.110106 2.650943 -0.824244 2.894459 0.077361 0.186526
    10 3.890452 -0.000004 -0.000003 -2.213675 -0.221559 -1.297536
    11 17.848177 0.000000 0.000000 0.000000 0.000000 0.433634
    12 16.525253 0.000000 0.000000 -0.103013 0.063805 -1.075226
    13 -3.890452 0.000004 0.000007 -1.484992 -0.449384 -1.874301
    14 17.848173 0.000000 0.000000 0.000000 0.000000 0.635467
    15 16.525257 0.000000 0.000000 0.149004 -0.085749 -1.242399
  time 100
    0 -1.232855 3.961063 36.062935 1.648788 -0.103966 -0.334987
    1 0.000005 3.345128 -2.981901 1.575974 0.145006 1.607253
    2 7.497033 0.417982 -0.347667 0.148515 0.128055 0.248799
    3 10.467433 1.389798 -2.152460 -2.820150 1.232704 1.957929
    4 6.028143 0.000001 0.000000 0.866595 0.578545 -0.889849
    5 11.692552 0.000000 0.000002 0.000000 0.000000 -1.793897
    6 10.990880 1.358541 1.687652 -1.499180 -1.501915 6.232168
    7 6.028142 0.000001 0.000000 -1.802213 0.257921 -0.918250
    8 11.692555 0.000000 0.000000 0.000000 0.000000 -2.476749
    9 15.110106 2.654850 -0.824244 2.898907 0.073142 0.185345
    10 3.890452 -0.000004 -0.000003 -2.213492 -0.220347 -1.298995
    11 17.848177 0.000000 0.000000 0.000000 0.000000 0.429849
    12 16.525253 0.000000 0.000000 -0.102612 0.063582 -1.073272
    13 -3.890452 0.000004 0.000007 -1.485083 -0.447941 -1.874301
    14 17.848173 0.000000 0.000000 0.000000 0.000000 0.632029
    15 16.525257 0.000000 0.000000 0.149129 -0.085830 -1.240398
  time 101
    0 -1.225042 3.964970 36.078560 1.648788 -0.103966 -0.334987
    1 0.000005 3.345128 -2.981901 1.576051 0.144936 1.607253
    2 7.497033 0.421888 -0.347667 0.148658 0.128043 0.248947
    3 10.467433 1.389798 -2.152460 -2.820209 1.232646 1.957869
    4 6.028143 0.000001 0.000000 0.863585 0.580757 -0.892738
    5 11.692552 0.000000 0.000002 0.000000 0.000000 -1.788233
    6 10.990880 1.358541 1.687652 -1.498036 -1.501915 6.231114
    7 6.028142 0.000001 0.000000 -1.800876 0.262827 -0.916865
    8 11.692555 0.000000 0.000000 0.000000 0.000000 -2.478250
    9 15.110106 2.654850 -0.824244 2.903059 0.069283 0.184292
    10 3.890452 -0.000004 -0.000003 -2.213309 -0.219045 -1.300453
    11 17.848177 0.000000 0.000000 0.000000 0.000000 0.425910
    12 16.525253 0.000000 0.000000 -0.102285 0.063378 -1.071255
    13 -3.890452 0.000004 0.000007 -1.485083 -0.446499 -1.874301
    14 17.848173 0.000000 0.000000 0.000000 0.000000 0.628591
    15 16.525257 0.000000 0.000000 0.149219 -0.085890 -1.238472
  time 102
    0 -1.217230 3.968876 36.098092 1.648788 -0.103966 -0.334987
    1 0.000005 3.345128 -2.981901 1.576155 0.144819 1.607253
    2 7.497033 0.421888 -0.347667 0.148917 0.128019 0.249180
    3 10.467433 1.393704 -2.152460 -2.820386 1.232530 1.957869
    4 6.028143 0.000001 0.000000 0.860575 0.583107 -0.895721
    5 11.692552 0.000000 0.000002 0.000000 0.000000 -1.782423
    6 10.990880 1.358541 1.687652 -1.496320 -1.501915 6.229580
    7 6.028142 0.000001 0.000000 -1.799639 0.267847 -0.915679
    8 11.692555 0.000000 0.000000 0.000000 0.000000 -2.479902
    9 15.110106 2.654850 -0.824244 2.906667 0.065867 0.183412
    10 3.890452 -0.000004 -0.000003 -2.213126 -0.217699 -1.301911
    11 17.848177 0.000000 0.000000 0.000000 0.000000 0.421893
    12 16.525253 0.000000 0.000000 -0.101989 0.063215 -1.069173
    13 -3.890452 0.000004 0.000007 -1.485174 -0.445056 -1.874213
    14 17.848173 0.000000 0.000000 0.000000 0.000000 0.625317
    15 16.525257 0.000000 0.000000 0.149272 -0.085930 -1.236619
  time 103
    0 -1.213323 3.972782 36.109811 1.648788 -0.103966 -0.334987
    1 0.000005 3.345128 -2.981901 1.576309 0.144656 1.607253
    2 7.497033 0.421888 -0.347667 0.149262 0.127983 0.249519
    3 10.463527 1.393704 -2.148554 -2.820622 1.232399 1.957809
    4 6.028143 0.000001 0.000000 0.857565 0.585502 -0.898517
    5 11.692552 0.000000 0.000002 0.000000 0.000000 -1.776686
    6 10.990880 1.358541 1.687652 -1.494032 -1.501915 6.227375
    7 6.028142 0.000001 0.000000 -1.798450 0.272905 -0.914690
    8 11.692555 0.000000 0.000000 0.000000 0.000000 -2.481703
    9 15.110106 2.654850 -0.824244 2.909731 0.063015 0.182746
    10 3.890452 -0.000004 -0.000003 -2.212943 -0.216352 -1.303283
    11 17.848177 0.000000 0.000000 0.000000 0.000000 0.418031
    12 16.525253 0.000000 0.000000 -0.101751 0.063073 -1.067123
    13 -3.890452 0.000004 0.000007 -1.485174 -0.443701 -1.874125
    14 17.848173 0.000000 0.000000 0.000000 0.000000 0.622207
    15 16.525257 0.000000 0.000000 0.149290 -0.085950 -1.234915
  time 104
    0 -1.209417 3.972782 36.125437 1.648788 -0.103966 -0.334987
    1 0.000005 3.345128 -2.981901 1.576502 0.144445 1.607253
    2 7.497033 0.421888 -0.347667 0.149664 0.127947 0.249921
    3 10.463527 1.393704 -2.148554 -2.820858 1.232210 1.957748
    4 6.028143 0.000001 0.000000 0.854723 0.587852 -0.901220
    5 11.692552 0.000000 0.000002 0.000000 0.000000 -1.771167
    6 10.990880 1.358541 1.687652 -1.491172 -1.501915 6.224691
    7 6.028142 0.000001 0.000000 -1.797312 0.277774 -0.913820
    8 11.692555 0.000000 0.000000 0.000000 0.000000 -2.483505
    9 15.110106 2.654850 -0.820338 2.912104 0.060834 0.182295
    10 3.890452 -0.000004 -0.000003 -2.212760 -0.215050 -1.304484
    11 17.848177 0.000000 0.000000 0.000000 0.000000 0.414323
    12 16.525253 0.000000 0.000000 -0.101543 0.062971 -1.065201
    13 -3.890452 0.000004 0.000007 -1.485264 -0.442477 -1.874037
    14 17.848173 0.000000 0.000000 0.000000 0.000000 0.619424
    15 16.525257 0.000000 0.000000 0.149290 -0.085950 -1.233359
  time 105
    0 -1.205510 3.976689 36.137156 1.648788 -0.103966 -0.334987
    1 0.000005 3.345128 -2.981901 1.576734 0.144212 1.607253
    2 7.497033 0.421888 -0.347667 0.150153 0.127900 0.250386
    3 10.463527 1.393704 -2.148554 -2.821153 1.232006 1.957628
    4 6.028143 0.000001 0.000000 0.852131 0.590110 -0.903643
    5 11.692552 0.000000 0.000002 0.000000 0.000000 -1.766012
    6 10.990880 1.358541 1.687652 -1.487836 -1.501915 6.221527
    7 6.028142 0.000001 0.000000 -1.796272 0.282341 -0.913108
    8 11.692555 0.000000 0.000000 0.000000 0.000000 -2.485307
    9 15.110106 2.658756 -0.820338 2.913685 0.059408 0.182101
    10 3.890452 -0.000004 -0.000003 -2.212669 -0.213883 -1.305599
    11 17.848177 0.000000 0.000000 0.000000 0.000000 0.411079
    12 16.525253 0.000000 0.000000 -0.101380 0.062870 -1.063471
    13 -3.890452 0.000004 0.000007 -1.485355 -0.441341 -1.873949
    14 17.848173 0.000000 0.000000 0.000000 0.000000 0.616969
    15 16.525257 0.000000 0.000000 0.149290 -0.085950 -1.231988
  time 106
    0 -1.205510 3.980595 36.148875 1.648788 -0.103966 -0.334987
    1 0.000005 3.345128 -2.981901 1.576992 0.143955 1.607253
    2 7.497033 0.421888 -0.347667 0.150699 0.127840 0.250915
    3 10.463527 1.393704 -2.148554 -2.821507 1.231773 1.957567
    4 6.028143 0.000001 0.000000 0.849873 0.592183 -0.905693
    5 11.692552 0.000000 0.000002 0.000000 0.000000 -1.761509
    6 10.990880 1.358541 1.687652 -1.484022 -1.501915 6.217980
    7 6.028142 0.000001 0.000000 -1.795331 0.286493 -0.912514
    8 11.692555 0.000000 0.000000 0.000000 0.000000 -2.487109
    9 15.106199 2.658756 -0.820338 2.914427 0.058868 0.182209
    10 3.890452 -0.000004 -0.000003 -2.212486 -0.212896 -1.306542
    11 17.848177 0.000000 0.000000 0.000000 0.000000 0.408221
    12 16.525253 0.000000 0.000000 -0.101261 0.062809 -1.061966
    13 -3.890452 0.000004 0.000007 -1.485355 -0.440423 -1.873773
    14 17.848173 0.000000 0.000000 0.000000 0.000000 0.614922
    15 16.525257 0.000000 0.000000 0.149254 -0.085930 -1.230839
  time 107
    0 -1.205510 3.980595 36.156688 1.648788 -0.103966 -0.334987
    1 0.000005 3.345128 -2.981901 1.577262 0.143674 1.607253
    2 7.497033 0.425794 -0.347667 0.151303 0.127780 0.251508
    3 10.463527 1.397610 -2.148554 -2.821861 1.231526 1.957447
    4 6.028143 0.000001 0.000000 0.848034 0.594026 -0.907278
    5 11.692552 0.000000 0.000002 0.000000 0.000000 -1.757806
    6 10.990880 1.358541 1.691559 -1.479923 -1.501915 6.214146
    7 6.028142 0.000001 0.000000 -1.794440 0.290041 -0.911961
    8 11.692555 0.000000 0.000000 0.000000 0.000000 -2.488760
    9 15.106199 2.662662 -0.820338 2.914723 0.058808 0.182466
    10 3.890452 -0.000004 -0.000003 -2.212395 -0.212133 -1.307229
    11 17.848177 0.000000 0.000000 0.000000 0.000000 0.405981
    12 16.525253 0.000000 0.000000 -0.101172 0.062768 -1.060813
    13 -3.890452 0.000004 0.000007 -1.485355 -0.439767 -1.873685
    14 17.848173 0.000000 0.000000 0.000000 0.000000 0.613367
    15 16.525257 0.000000 0.000000 0.149236 -0.085910 -1.229987
  time 108
    0 -1.205510 3.984502 36.160594 1.648788 -0.103966 -0.334987
    1 0.000005 3.345128 -2.981901 1.577559 0.143371 1.607253
    2 7.497033 0.425794 -0.347667 0.151935 0.127720 0.252122
    3 10.463527 1.397610 -2.148554 -2.822274 1.231250 1.957326
    4 6.028143 0.000001 0.000000 0.846780 0.595500 -0.908303
    5 11.692552 0.000000 0.000002 0.000000 0.000000 -1.755119
    6 10.990880 1.358541 1.691559 -1.475538 -1.501915 6.210024
    7 6.028142 0.000001 0.000000 -1.793697 0.292871 -0.911407
    8 11.692555 0.000000 0.000000 0.000000 0.000000 -2.490261
    9 15.106199 2.662662 -0.820338 2.915020 0.058724 0.182746
    10 3.890452 -0.000004 -0.000003 -2.212303 -0.211639 -1.307658
    11 17.848177 0.000000 0.000000 0.000000 0.000000 0.404590
    12 16.525253 0.000000 0.000000 -0.101128 0.062727 -1.060044
    13 -3.890452 0.000004 0.000007 -1.485446 -0.439330 -1.873597
    14 17.848173 0.000000 0.000000 0.000000 0.000000 0.612385
    15 16.525257 0.000000 0.000000 0.149201 -0.085890 -1.229431
  time 109
    0 -1.205510 3.984502 36.164500 1.648788 -0.103966 -0.334987
    1 0.000005 3.345128 -2.981901 1.577855 0.143067 1.607253
    2 7.497033 0.425794 -0.347667 0.152596 0.127648 0.252757
    3 10.463527 1.397610 -2.148554 -2.822686 1.230974 1.957205
    4 6.028143 0.000001 0.000000 0.846111 0.596560 -0.908676
    5 11.692552 0.000000 0.000002 0.000000 0.000000 -1.753521
    6 10.990880 1.358541 1.691559 -1.471058 -1.501915 6.205805
    7 6.028142 0.000001 0.000000 -1.793054 0.294796 -0.910893
    8 11.692555 0.000000 0.000000 0.000000 0.000000 -2.491538
    9 15.106199 2.666569 -0.816431 2.915316 0.058653 0.183025
    10 3.890452 -0.000004 -0.000003 -2.212303 -0.211459 -1.307829
    11 17.848177 0.000000 0.000000 0.000000 0.000000 0.404050
    12 16.525253 0.000000 0.000000 -0.101098 0.062707 -1.059724
    13 -3.890452 0.000004 0.000007 -1.485446 -0.439199 -1.873597
    14 17.848173 0.000000 0.000000 0.000000 0.000000 0.612057
    15 16.525257 0.000000 0.000000 0.149183 -0.085870 -1.229209
  time 110
    0 -1.205510 3.984502 36.164500 1.648788 -0.103966 -0.334987
    1 0.000005 3.345128 -2.981901 1.578164 0.142740 1.607253
    2 7.493127 0.425794 -0.347667 0.153228 0.127576 0.253392
    3 10.463527 1.397610 -2.148554 -2.823099 1.230697 1.957084
    4 6.028143 0.000001 0.000000 0.846111 0.597159 -0.908303
    5 11.692552 0.000000 0.000002 0.000000 0.000000 -1.753231
    6 10.986974 1.358541 1.691559 -1.466577 -1.501915 6.201587
    7 6.028142 0.000001 0.000000 -1.792509 0.295740 -0.910299
    8 11.692555 0.000000 0.000000 0.000000 0.000000 -2.492589
    9 15.106199 2.666569 -0.816431 2.915613 0.058581 0.183326
    10 3.890452 -0.000004 -0.000003 -2.212303 -0.211504 -1.307829
    11 17.848177 0.000000 0.000000 0.000000 0.000000 0.404127
    12 16.525253 0.000000 0.000000 -0.101098 0.062707 -1.059724
    13 -3.890452 0.000004 0.000007 -1.485446 -0.439287 -1.873597
    14 17.848173 0.000000 0.000000 0.000000 0.000000 0.612057
    15 16.525257 0.000000 0.000000 0.149165 -0.085870 -1.229209
  time 111
    0 -1.205510 3.988408 36.160594 1.648788 -0.103966 -0.334987
    1 0.000005 3.345128 -2.981901 1.578460 0.142436 1.607253
    2 7.493127 0.429701 -0.347667 0.153889 0.127516 0.254005
    3 10.463527 1.401517 -2.148554 -2.823512 1.230407 1.956964
    4 6.028143 0.000001 0.000000 0.846947 0.597205 -0.907185
    5 11.692552 0.000000 0.000002 0.000000 0.000000 -1.754393
    6 10.986974 1.358541 1.691559 -1.462097 -1.501915 6.197369
    7 6.028142 0.000001 0.000000 -1.792113 0.295476 -0.909627
    8 11.692555 0.000000 0.000000 0.000000 0.000000 -2.493264
    9 15.102293 2.670475 -0.816431 2.915910 0.058497 0.183605
    10 3.890452 -0.000004 -0.000003 -2.212303 -0.211639 -1.307743
    11 17.848177 0.000000 0.000000 0.000000 0.000000 0.404358
    12 16.525253 0.000000 0.000000 -0.101128 0.062727 -1.059788
    13 -3.890452 0.000004 0.000007 -1.485446 -0.439418 -1.873508
    14 17.848173 0.000000 0.000000 0.000000 0.000000 0.612303
    15 16.525257 0.000000 0.000000 0.149129 -0.085850 -1.229320
  time 112
    0 -1.205510 3.988408 36.160594 1.648788 -0.103966 -0.334987
    1 0.000005 3.345128 -2.981901 1.578744 0.142132 1.607241
    2 7.493127 0.429701 -0.347667 0.154522 0.127444 0.254619
    3 10.463527 1.401517 -2.148554 -2.823866 1.230145 1.956903
    4 6.028143 0.000001 0.000000 0.848535 0.596837 -0.905321
    5 11.692552 0.000000 0.000002 0.000000 0.000000 -1.756644
    6 10.986974 1.358541 1.691559 -1.457807 -1.501893 6.193343
    7 6.028142 0.000001 0.000000 -1.791568 0.294834 -0.909231
    8 11.692555 0.000000 0.000000 0.000000 0.000000 -2.493414
    9 15.102293 2.670475 -0.816431 2.916206 0.058425 0.183884
    10 3.890452 -0.000004 -0.000003 -2.212303 -0.211774 -1.307572
    11 17.848177 0.000000 0.000000 0.000000 0.000000 0.404667
    12 16.525253 0.000000 0.000000 -0.101172 0.062747 -1.059916
    13 -3.890452 0.000004 0.000007 -1.485446 -0.439592 -1.873508
    14 17.848173 0.000000 0.000000 0.000000 0.000000 0.612712
    15 16.525257 0.000000 0.000000 0.149094 -0.085810 -1.229468
  time 113
    0 -1.209417 3.988408 36.156688 1.648788 -0.103966 -0.334987
    1 0.000005 3.345128 -2.981901 1.579014 0.141852 1.607241
    2 7.493127 0.429701 -0.347667 0.155097 0.127384 0.255169
    3 10.463527 1.401517 -2.144648 -2.824220 1.229898 1.956783
    4 6.028143 0.000001 0.000000 0.850542 0.596330 -0.903270
    5 11.692552 0.000000 0.000002 0.000000 0.000000 -1.759040
    6 10.986974 1.358541 1.691559 -1.453803 -1.501893 6.189604
    7 6.028142 0.000001 0.000000 -1.790677 0.294532 -0.909469
    8 11.692555 0.000000 0.000000 0.000000 0.000000 -2.492889
    9 15.102293 2.670475 -0.812525 2.916453 0.058365 0.184142
    10 3.890452 -0.000004 -0.000003 -2.212303 -0.211953 -1.307314
    11 17.848177 0.000000 0.000000 0.000000 0.000000 0.405131
    12 16.525253 0.000000 0.000000 -0.101217 0.062788 -1.060140
    13 -3.890452 0.000004 0.000007 -1.485446 -0.439855 -1.873508
    14 17.848173 0.000000 0.000000 0.000000 0.000000 0.613203
    15 16.525257 0.000000 0.000000 0.149058 -0.085789 -1.229728
  time 114
    0 -1.213323 3.988408 36.156688 1.648788 -0.103966 -0.334987
    1 0.000005 3.345128 -2.981901 1.579246 0.141618 1.607241
    2 7.493127 0.429701 -0.347667 0.155614 0.127336 0.255677
    3 10.463527 1.401517 -2.144648 -2.824574 1.229680 1.956662
    4 6.028143 0.000001 0.000000 0.852967 0.595731 -0.900940
    5 11.692552 0.000000 0.000002 0.000000 0.000000 -1.761582
    6 10.986974 1.358541 1.691559 -1.450276 -1.501893 6.186345
    7 6.028142 0.000001 0.000000 -1.789489 0.294570 -0.910260
    8 11.692555 0.000000 0.000000 0.000000 0.000000 -2.491838
    9 15.102293 2.674381 -0.812525 2.916700 0.058305 0.184357
    10 3.890452 -0.000004 -0.000003 -2.212395 -0.212178 -1.307057
    11 17.848177 0.000000 0.000000 0.000000 0.000000 0.405749
    12 16.525253 0.000000 0.000000 -0.101306 0.062829 -1.060396
    13 -3.890452 0.000004 0.000007 -1.485446 -0.440161 -1.873420
    14 17.848173 0.000000 0.000000 0.000000 0.000000 0.613858
    15 16.525257 0.000000 0.000000 0.149004 -0.085749 -1.230061
  time 115
    0 -1.213323 3.988408 36.152781 1.648788 -0.103966 -0.334987
    1 0.000005 3.345128 -2.981901 1.579452 0.141408 1.607241
    2 7.493127 0.433607 -0.347667 0.156045 0.127288 0.256100
    3 10.463527 1.405423 -2.144648 -2.824810 1.229491 1.956602
    4 6.028143 0.000001 0.000000 0.855475 0.595086 -0.898703
    5 11.692552 0.000000 0.000002 0.000000 0.000000 -1.764051
    6 10.986974 1.358541 1.691559 -1.447225 -1.501871 6.183469
    7 6.028142 0.000001 0.000000 -1.788152 0.294872 -0.911367
    8 11.692555 0.000000 0.000000 0.000000 0.000000 -2.490412
    9 15.102293 2.674381 -0.812525 2.916898 0.058245 0.184550
    10 3.890452 -0.000004 -0.000003 -2.212395 -0.212447 -1.306714
    11 17.848177 0.000000 0.000000 0.000000 0.000000 0.406444
    12 16.525253 0.000000 0.000000 -0.101395 0.062890 -1.060717
    13 -3.890452 0.000004 0.000007 -1.485446 -0.440510 -1.873420
    14 17.848173 0.000000 0.000000 0.000000 0.000000 0.614595
    15 16.525257 0.000000 0.000000 0.148933 -0.085689 -1.230469
  time 116
    0 -1.217230 3.988408 36.148875 1.648788 -0.103966 -0.334987
    1 0.000005 3.345128 -2.981901 1.579607 0.141244 1.607241
    2 7.493127 0.433607 -0.347667 0.156361 0.127252 0.256418
    3 10.463527 1.405423 -2.144648 -2.825046 1.229360 1.956541
    4 6.028143 0.000001 0.000000 0.857900 0.594441 -0.896560
    5 11.692552 0.000000 0.000002 0.000000 0.000000 -1.766302
    6 10.986974 1.358541 1.691559 -1.444937 -1.501871 6.181360
    7 6.028142 0.000001 0.000000 -1.786617 0.295400 -0.912514
    8 11.692555 0.000000 0.000000 0.000000 0.000000 -2.488685
    9 15.102293 2.674381 -0.812525 2.917046 0.058209 0.184700
    10 3.890452 -0.000004 -0.000003 -2.212395 -0.212716 -1.306371
    11 17.848177 0.000000 0.000000 0.000000 0.000000 0.407294
    12 16.525253 0.000000 0.000000 -0.101499 0.062951 -1.061101
    13 -3.890452 0.000004 0.000007 -1.485355 -0.440904 -1.873332
    14 17.848173 0.000000 0.000000 0.000000 0.000000 0.615495
    15 16.525257 0.000000 0.000000 0.148862 -0.085649 -1.230950
  time 117
    0 -1.221136 3.992314 36.144969 1.648788 -0.103966 -0.334987
    1 0.000005 3.345128 -2.981901 1.579697 0.141151 1.607241
    2 7.493127 0.433607 -0.347667 0.156591 0.127228 0.256629
    3 10.463527 1.405423 -2.144648 -2.825164 1.229258 1.956541
    4 6.028143 0.000001 0.000000 0.860157 0.593842 -0.894789
    5 11.692552 0.000000 0.000002 0.000000 0.000000 -1.768190
    6 10.986974 1.358541 1.695465 -1.443507 -1.501871 6.180018
    7 6.028142 0.000001 0.000000 -1.785033 0.296080 -0.913701
    8 11.692555 0.000000 0.000000 0.000000 0.000000 -2.486883
    9 15.102293 2.678288 -0.812525 2.917145 0.058185 0.184786
    10 3.890452 -0.000004 -0.000003 -2.212486 -0.213030 -1.305942
    11 17.848177 0.000000 0.000000 0.000000 0.000000 0.408221
    12 16.525253 0.000000 0.000000 -0.101632 0.063012 -1.061517
    13 -3.890452 0.000004 0.000007 -1.485355 -0.441341 -1.873244
    14 17.848173 0.000000 0.000000 0.000000 0.000000 0.616477
    15 16.525257 0.000000 0.000000 0.148790 -0.085588 -1.231469
  time 118
    0 -1.228949 3.992314 36.137156 1.648788 -0.103966 -0.334987
    1 0.000005 3.345128 -2.981901 1.579735 0.141104 1.607241
    2 7.493127 0.433607 -0.347667 0.156649 0.127228 0.256693
    3 10.463527 1.405423 -2.144648 -2.825223 1.229229 1.956541
    4 6.028143 0.000001 0.000000 0.861997 0.593335 -0.893391
    5 11.692552 0.000000 0.000002 0.000000 0.000000 -1.769497
    6 10.986974 1.358541 1.695465 -1.443031 -1.501871 6.179538
    7 6.028142 0.000001 0.000000 -1.783597 0.296910 -0.914729
    8 11.692555 0.000000 0.000000 0.000000 0.000000 -2.485157
    9 15.102293 2.678288 -0.812525 2.917195 0.058173 0.184829
    10 3.890452 -0.000004 -0.000003 -2.212486 -0.213390 -1.305513
    11 17.848177 0.000000 0.000000 0.000000 0.000000 0.409225
    12 16.525253 0.000000 0.000000 -0.101766 0.063093 -1.061998
    13 -3.890452 0.000004 0.000007 -1.485355 -0.441865 -1.873244
    14 17.848173 0.000000 0.000000 0.000000 0.000000 0.617541
    15 16.525257 0.000000 0.000000 0.148701 -0.085528 -1.232025
  time 119
    0 -1.232855 3.992314 36.133249 1.648788 -0.103966 -0.334987
    1 0.000005 3.345128 -2.981901 1.579710 0.141151 1.607241
    2 7.493127 0.433607 -0.347667 0.156591 0.127228 0.256629
    3 10.463527 1.405423 -2.144648 -2.825164 1.229258 1.956541
    4 6.028143 0.000001 0.000000 0.863251 0.593012 -0.892645
    5 11.692552 0.000000 0.000002 0.000000 0.000000 -1.770223
    6 10.986974 1.358541 1.695465 -1.443412 -1.501871 6.179922
    7 6.028142 0.000001 0.000000 -1.782310 0.297778 -0.915599
    8 11.692555 0.000000 0.000000 0.000000 0.000000 -2.483580
    9 15.102293 2.678288 -0.812525 2.917145 0.058185 0.184808
    10 3.890452 -0.000004 -0.000003 -2.212577 -0.213794 -1.304999
    11 17.848177 0.000000 0.000000 0.000000 0.000000 0.410384
    12 16.525253 0.000000 0.000000 -0.101914 0.063175 -1.062510
    13 -3.890452 0.000004 0.000007 -1.485355 -0.442390 -1.873156
    14 17.848173 0.000000 0.000000 0.000000 0.000000 0.618687
    15 16.525257 0.000000 0.000000 0.148612 -0.085448 -1.232655
  time 120
    0 -1.236761 3.992314 36.129343 1.648788 -0.103966 -0.334987
    1 0.000005 3.345128 -2.981901 1.579620 0.141221 1.607241
    2 7.493127 0.433607 -0.347667 0.156419 0.127252 0.256460
    3 10.463527 1.405423 -2.144648 -2.825046 1.229345 1.956541
    4 6.028143 0.000001 0.000000 0.863836 0.592828 -0.892459
    5 11.692552 0.000000 0.000002 0.000000 0.000000 -1.770223
    6 10.986974 1.358541 1.691559 -1.444747 -1.501871 6.181168
    7 6.028142 0.000001 0.000000 -1.781468 0.298571 -0.916153
    8 11.692555 0.000000 0.000000 0.000000 0.000000 -2.482379
    9 15.102293 2.674381 -0.812525 2.917046 0.058209 0.184722
    10 3.890452 -0.000004 -0.000003 -2.212577 -0.214197 -1.304484
    11 17.848177 0.000000 0.000000 0.000000 0.000000 0.411542
    12 16.525253 0.000000 0.000000 -0.102078 0.063276 -1.063087
    13 -3.890452 0.000004 0.000007 -1.485355 -0.442914 -1.873068
    14 17.848173 0.000000 0.000000 0.000000 0.000000 0.619915
    15 16.525257 0.000000 0.000000 0.148522 -0.085387 -1.233359
  time 121
    0 -1.244574 3.992314 36.121530 1.648788 -0.103966 -0.334987
    1 0.000005 3.345128 -2.981901 1.579478 0.141361 1.607241
    2 7.493127 0.433607 -0.347667 0.156103 0.127276 0.256164
    3 10.463527 1.405423 -2.144648 -2.824869 1.229462 1.956602
    4 6.028143 0.000001 0.000000 0.863585 0.592874 -0.892925
    5 11.692552 0.000000 0.000002 0.000000 0.000000 -1.769570
    6 10.986974 1.358541 1.691559 -1.446749 -1.501871 6.182990
    7 6.028142 0.000001 0.000000 -1.781072 0.299250 -0.916351
    8 11.692555 0.000000 0.000000 0.000000 0.000000 -2.481778
    9 15.102293 2.674381 -0.812525 2.916947 0.058245 0.184593
    10 3.890452 -0.000004 -0.000003 -2.212577 -0.214601 -1.303884
    11 17.848177 0.000000 0.000000 0.000000 0.000000 0.412778
    12 16.525253 0.000000 0.000000 -0.102241 0.063358 -1.063663
    13 -3.890452 0.000004 0.000007 -1.485355 -0.443526 -1.872980
    14 17.848173 0.000000 0.000000 0.000000 0.000000 0.621225
    15 16.525257 0.000000 0.000000 0.148415 -0.085307 -1.234063
  time 122
    0 -1.248481 3.992314 36.117624 1.648788 -0.103966 -0.334987
    1 0.000005 3.345128 -2.981901 1.579298 0.141548 1.607241
    2 7.493127 0.433607 -0.347667 0.155729 0.127324 0.255783
    3 10.463527 1.401517 -2.144648 -2.824633 1.229636 1.956662
    4 6.028143 0.000001 0.000000 0.863000 0.593105 -0.893857
    5 11.692552 0.000000 0.000002 0.000000 0.000000 -1.768263
    6 10.986974 1.358541 1.691559 -1.449418 -1.501893 6.185578
    7 6.028142 0.000001 0.000000 -1.780924 0.299854 -0.916351
    8 11.692555 0.000000 0.000000 0.000000 0.000000 -2.481328
    9 15.102293 2.674381 -0.812525 2.916750 0.058281 0.184421
    10 3.890452 -0.000004 -0.000003 -2.212669 -0.215050 -1.303283
    11 17.848177 0.000000 0.000000 0.000000 0.000000 0.414091
    12 16.525253 0.000000 0.000000 -0.102419 0.063460 -1.064272
    13 -3.890452 0.000004 0.000007 -1.485355 -0.444138 -1.872892
    14 17.848173 0.000000 0.000000 0.000000 0.000000 0.622534
    15 16.525257 0.000000 0.000000 0.148308 -0.085226 -1.234804
  time 123
    0 -1.256293 3.992314 36.109811 1.648788 -0.103966 -0.334987
    1 0.000005 3.345128 -2.981901 1.579091 0.141782 1.607241
    2 7.493127 0.429701 -0.347667 0.155269 0.127372 0.255339
    3 10.463527 1.401517 -2.144648 -2.824338 1.229825 1.956722
    4 6.028143 0.000001 0.000000 0.862331 0.593427 -0.894975
    5 11.692552 0.000000 0.000002 0.000000 0.000000 -1.766665
    6 10.986974 1.358541 1.691559 -1.452659 -1.501893 6.188550
    7 6.028142 0.000001 0.000000 -1.780676 0.300533 -0.916351
    8 11.692555 0.000000 0.000000 0.000000 0.000000 -2.480652
    9 15.102293 2.674381 -0.812525 2.916552 0.058341 0.184206
    10 3.890452 -0.000004 -0.000003 -2.212669 -0.215544 -1.302683
    11 17.848177 0.000000 0.000000 0.000000 0.000000 0.415405
    12 16.525253 0.000000 0.000000 -0.102612 0.063582 -1.064913
    13 -3.890452 0.000004 0.000007 -1.485355 -0.444794 -1.872804
    14 17.848173 0.000000 0.000000 0.000000 0.000000 0.624008
    15 16.525257 0.000000 0.000000 0.148183 -0.085146 -1.235582
  time 124
    0 -1.260200 3.992314 36.101998 1.648788 -0.103966 -0.334987
    1 0.000005 3.345128 -2.981901 1.578847 0.142039 1.607241
    2 7.493127 0.429701 -0.347667 0.154723 0.127420 0.254831
    3 10.463527 1.401517 -2.144648 -2.824043 1.230058 1.956843
    4 6.028143 0.000001 0.000000 0.861746 0.593842 -0.896280
    5 11.692552 0.000000 0.000002 0.000000 0.000000 -1.764777
    6 10.986974 1.358541 1.691559 -1.456282 -1.501893 6.192001
    7 6.028142 0.000001 0.000000 -1.780329 0.301288 -0.916430
    8 11.692555 0.000000 0.000000 0.000000 0.000000 -2.479677
    9 15.102293 2.670475 -0.816431 2.916305 0.058401 0.183970
    10 3.890452 -0.000004 -0.000003 -2.212760 -0.215993 -1.302082
    11 17.848177 0.000000 0.000000 0.000000 0.000000 0.416795
    12 16.525253 0.000000 0.000000 -0.102805 0.063683 -1.065585
    13 -3.890452 0.000004 0.000007 -1.485355 -0.445450 -1.872716
    14 17.848173 0.000000 0.000000 0.000000 0.000000 0.625481
    15 16.525257 0.000000 0.000000 0.148076 -0.085066 -1.236397
  time 125
    0 -1.268012 3.992314 36.094186 1.648788 -0.103966 -0.334987
    1 0.000005 3.345128 -2.981901 1.578576 0.142319 1.607241
    2 7.493127 0.429701 -0.347667 0.154148 0.127480 0.254259
    3 10.463527 1.401517 -2.148554 -2.823630 1.230305 1.956964
    4 6.028143 0.000001 0.000000 0.861077 0.594349 -0.897585
    5 11.692552 0.000000 0.000002 0.000000 0.000000 -1.762599
    6 10.986974 1.358541 1.691559 -1.460285 -1.501915 6.195740
    7 6.028142 0.000001 0.000000 -1.779983 0.302119 -0.916470
    8 11.692555 0.000000 0.000000 0.000000 0.000000 -2.478626
    9 15.102293 2.670475 -0.816431 2.916008 0.058473 0.183712
    10 3.890452 -0.000004 -0.000003 -2.212760 -0.216487 -1.301482
    11 17.848177 0.000000 0.000000 0.000000 0.000000 0.418263
    12 16.525253 0.000000 0.000000 -0.102998 0.063805 -1.066258
    13 -3.890452 0.000004 0.000007 -1.485355 -0.446105 -1.872628
    14 17.848173 0.000000 0.000000 0.000000 0.000000 0.626954
    15 16.525257 0.000000 0.000000 0.147951 -0.084985 -1.237212
  time 126
    0 -1.275825 3.992314 36.090279 1.648788 -0.103966 -0.334987
    1 0.000005 3.345128 -2.981901 1.578293 0.142600 1.607253
    2 7.493127 0.429701 -0.347667 0.153516 0.127552 0.253667
    3 10.463527 1.401517 -2.148554 -2.823276 1.230567 1.957024
    4 6.028143 0.000001 0.000000 0.860492 0.594901 -0.899076
    5 11.692552 0.000000 0.000002 0.000000 0.000000 -1.760347
    6 10.986974 1.358541 1.691559 -1.464575 -1.501915 6.199766
    7 6.028142 0.000001 0.000000 -1.779537 0.302949 -0.916549
    8 11.692555 0.000000 0.000000 0.000000 0.000000 -2.477424
    9 15.106199 2.666569 -0.816431 2.915761 0.058545 0.183455
    10 3.890452 -0.000004 -0.000003 -2.212852 -0.216980 -1.300796
    11 17.848177 0.000000 0.000000 0.000000 0.000000 0.419730
    12 16.525253 0.000000 0.000000 -0.103206 0.063907 -1.066963
    13 -3.890452 0.000004 0.000007 -1.485355 -0.446805 -1.872540
    14 17.848173 0.000000 0.000000 0.000000 0.000000 0.628510
    15 16.525257 0.000000 0.000000 0.147844 -0.084885 -1.238064
  time 127
    0 -1.279732 3.992314 36.082467 1.648788 -0.103966 -0.334987
    1 0.000005 3.345128 -2.981901 1.577997 0.142903 1.607253
    2 7.497033 0.425794 -0.347667 0.152883 0.127612 0.253032
    3 10.463527 1.397610 -2.148554 -2.822863 1.230843 1.957145
    4 6.028143 0.000001 0.000000 0.859823 0.595454 -0.900567
    5 11.692552 0.000000 0.000002 0.000000 0.000000 -1.757951
    6 10.990880 1.358541 1.691559 -1.468960 -1.501915 6.203888
    7 6.028142 0.000001 0.000000 -1.779092 0.303855 -0.916628
    8 11.692555 0.000000 0.000000 0.000000 0.000000 -2.476148
    9 15.106199 2.666569 -0.816431 2.915465 0.058617 0.183175
    10 3.890452 -0.000004 -0.000003 -2.212943 -0.217474 -1.300110
    11 17.848177 0.000000 0.000000 0.000000 0.000000 0.421198
    12 16.525253 0.000000 0.000000 -0.103413 0.064029 -1.067667
    13 -3.890452 0.000004 0.000007 -1.485355 -0.447504 -1.872452
    14 17.848173 0.000000 0.000000 0.000000 0.000000 0.630065
    15 16.525257 0.000000 0.000000 0.147719 -0.084804 -1.238916
  time 128
    0 -1.287544 3.992314 36.074654 1.648788 -0.103966 -0.334987
    1 0.000005 3.345128 -2.981901 1.577700 0.143230 1.607253
    2 7.497033 0.425794 -0.347667 0.152251 0.127684 0.252418
    3 10.463527 1.397610 -2.148554 -2.822450 1.231119 1.957265
    4 6.028143 0.000001 0.000000 0.859154 0.596007 -0.902152
    5 11.692552 0.000000 0.000002 0.000000 0.000000 -1.755555
    6 10.990880 1.358541 1.691559 -1.473441 -1.501915 6.208010
    7 6.028142 0.000001 0.000000 -1.778646 0.304723 -0.916707
    8 11.692555 0.000000 0.000000 0.000000 0.000000 -2.474872
    9 15.106199 2.662662 -0.820338 2.915168 0.058689 0.182875
    10 3.890452 -0.000004 -0.000003 -2.212943 -0.218013 -1.299423
    11 17.848177 0.000000 0.000000 0.000000 0.000000 0.422666
    12 16.525253 0.000000 0.000000 -0.103621 0.064151 -1.068372
    13 -3.890452 0.000004 0.000007 -1.485264 -0.448203 -1.872364
    14 17.848173 0.000000 0.000000 0.000000 0.000000 0.631620
    15 16.525257 0.000000 0.000000 0.147594 -0.084704 -1.239806
  time 129
    0 -1.295357 3.992314 36.066841 1.648788 -0.103966 -0.334987
    1 0.000005 3.345128 -2.981901 1.577404 0.143534 1.607253
    2 7.497033 0.425794 -0.347667 0.151590 0.127744 0.251783
    3 10.463527 1.397610 -2.148554 -2.822097 1.231395 1.957386
    4 6.028143 0.000001 0.000000 0.858485 0.596560 -0.903643
    5 11.692552 0.000000 0.000002 0.000000 0.000000 -1.753158
    6 10.990880 1.358541 1.691559 -1.477826 -1.501915 6.212228
    7 6.028142 0.000001 0.000000 -1.778250 0.305629 -0.916786
    8 11.692555 0.000000 0.000000 0.000000 0.000000 -2.473596
    9 15.106199 2.662662 -0.820338 2.914872 0.058772 0.182595
    10 3.890452 -0.000004 -0.000003 -2.213035 -0.218507 -1.298823
    11 17.848177 0.000000 0.000000 0.000000 0.000000 0.424210
    12 16.525253 0.000000 0.000000 -0.103829 0.064273 -1.069077
    13 -3.890452 0.000004 0.000007 -1.485264 -0.448903 -1.872276
    14 17.848173 0.000000 0.000000 0.000000 0.000000 0.633257
    15 16.525257 0.000000 0.000000 0.147469 -0.084623 -1.240695
  time 130
    0 -1.303170 3.992314 36.059028 1.648788 -0.103966 -0.334987
    1 0.000005 3.345128 -2.981901 1.577121 0.143814 1.607253
    2 7.497033 0.425794 -0.347667 0.150986 0.127816 0.251191
    3 10.463527 1.393704 -2.148554 -2.821684 1.231657 1.957507
    4 6.028143 0.000001 0.000000 0.857732 0.597113 -0.905134
    5 11.692552 0.000000 0.000002 0.000000 0.000000 -1.750907
    6 10.990880 1.358541 1.687652 -1.482116 -1.501915 6.216159
    7 6.028142 0.000001 0.000000 -1.777854 0.306497 -0.916865
    8 11.692555 0.000000 0.000000 0.000000 0.000000 -2.472470
    9 15.106199 2.658756 -0.820338 2.914575 0.058844 0.182338
    10 3.890452 -0.000004 -0.000003 -2.213035 -0.219000 -1.298137
    11 17.848177 0.000000 0.000000 0.000000 0.000000 0.425678
    12 16.525253 0.000000 0.000000 -0.104037 0.064395 -1.069781
    13 -3.890452 0.000004 0.000007 -1.485264 -0.449602 -1.872187
    14 17.848173 0.000000 0.000000 0.000000 0.000000 0.634812
    15 16.525257 0.000000 0.000000 0.147344 -0.084523 -1.241547
  time 131
    0 -1.307076 3.992314 36.051216 1.648788 -0.103966 -0.334987
    1 0.000005 3.345128 -2.981901 1.576850 0.144095 1.607253
    2 7.497033 0.421888 -0.347667 0.150383 0.127864 0.250619
    3 10.463527 1.393704 -2.148554 -2.821330 1.231904 1.957567
    4 6.028143 0.000001 0.000000 0.856980 0.597528 -0.906532
    5 11.692552 0.000000 0.000002 0.000000 0.000000 -1.748874
    6 10.990880 1.358541 1.687652 -1.486120 -1.501915 6.219994
    7 6.028142 0.000001 0.000000 -1.777507 0.307327 -0.916905
    8 11.692555 0.000000 0.000000 0.000000 0.000000 -2.471494
    9 15.106199 2.658756 -0.820338 2.914278 0.058904 0.182080
    10 3.890452 -0.000004 -0.000003 -2.213126 -0.219494 -1.297451
    11 17.848177 0.000000 0.000000 0.000000 0.000000 0.427146
    12 16.525253 0.000000 0.000000 -0.104259 0.064517 -1.070518
    13 -3.890452 0.000004 0.000007 -1.485264 -0.450302 -1.872099
    14 17.848173 0.000000 0.000000 0.000000 0.000000 0.636367
    15 16.525257 0.000000 0.000000 0.147219 -0.084442 -1.242436
  time 132
    0 -1.314889 3.992314 36.043403 1.648788 -0.103966 -0.334987
    1 0.000005 3.345128 -2.981901 1.576605 0.144352 1.607253
    2 7.497033 0.421888 -0.347667 0.149865 0.127924 0.250111
    3 10.463527 1.393704 -2.148554 -2.820976 1.232137 1.957688
    4 6.028143 0.000001 0.000000 0.856227 0.597896 -0.907837
    5 11.692552 0.000000 0.000002 0.000000 0.000000 -1.746986
    6 10.990880 1.358541 1.687652 -1.489837 -1.501915 6.223445
    7 6.028142 0.000001 0.000000 -1.777260 0.308082 -0.916905
    8 11.692555 0.000000 0.000000 0.000000 0.000000 -2.470743
    9 15.110106 2.658756 -0.820338 2.914031 0.058976 0.181844
    10 3.890452 -0.000004 -0.000003 -2.213126 -0.219988 -1.296764
    11 17.848177 0.000000 0.000000 0.000000 0.000000 0.428613
    12 16.525253 0.000000 0.000000 -0.104467 0.064639 -1.071191
    13 -3.890452 0.000004 0.000007 -1.485264 -0.451001 -1.872011
    14 17.848173 0.000000 0.000000 0.000000 0.000000 0.637922
    15 16.525257 0.000000 0.000000 0.147094 -0.084342 -1.243288
  time 133
    0 -1.322702 3.992314 36.039497 1.648788 -0.103966 -0.334987
    1 0.000005 3.345128 -2.981901 1.576386 0.144585 1.607253
    2 7.497033 0.421888 -0.347667 0.149406 0.127971 0.249646
    3 10.463527 1.393704 -2.148554 -2.820681 1.232326 1.957748
    4 6.028143 0.000001 0.000000 0.855391 0.598173 -0.908956
    5 11.692552 0.000000 0.000002 0.000000 0.000000 -1.745461
    6 10.990880 1.358541 1.687652 -1.493079 -1.501915 6.226417
    7 6.028142 0.000001 0.000000 -1.777111 0.308837 -0.916905
    8 11.692555 0.000000 0.000000 0.000000 0.000000 -2.470218
    9 15.110106 2.654850 -0.824244 2.913834 0.059024 0.181629
    10 3.890452 -0.000004 -0.000003 -2.213218 -0.220481 -1.296164
    11 17.848177 0.000000 0.000000 0.000000 0.000000 0.430081
    12 16.525253 0.000000 0.000000 -0.104675 0.064741 -1.071863
    13 -3.890452 0.000004 0.000007 -1.485264 -0.451700 -1.871923
    14 17.848173 0.000000 0.000000 0.000000 0.000000 0.639478
    15 16.525257 0.000000 0.000000 0.146969 -0.084261 -1.244140
  time 134
    0 -1.326608 3.992314 36.031684 1.648788 -0.103966 -0.334987
    1 0.000005 3.345128 -2.981901 1.576206 0.144772 1.607253
    2 7.497033 0.421888 -0.347667 0.149003 0.128007 0.249286
    3 10.467433 1.393704 -2.152460 -2.820445 1.232500 1.957809
    4 6.028143 0.000001 0.000000 0.854472 0.598357 -0.910074
    5 11.692552 0.000000 0.000002 0.000000 0.000000 -1.744154
    6 10.990880 1.358541 1.687652 -1.495748 -1.501915 6.228909
    7 6.028142 0.000001 0.000000 -1.777161 0.309403 -0.916826
    8 11.692555 0.000000 0.000000 0.000000 0.000000 -2.470067
    9 15.110106 2.654850 -0.824244 2.913636 0.059072 0.181457
    10 3.890452 -0.000004 -0.000003 -2.213218 -0.220975 -1.295478
    11 17.848177 0.000000 0.000000 0.000000 0.000000 0.431472
    12 16.525253 0.000000 0.000000 -0.104883 0.064863 -1.072536
    13 -3.890452 0.000004 0.000007 -1.485264 -0.452356 -1.871835
    14 17.848173 0.000000 0.000000 0.000000 0.000000 0.640951
    15 16.525257 0.000000 0.000000 0.146844 -0.084181 -1.244993
  time 135
    0 -1.334421 3.992314 36.023871 1.648788 -0.103966 -0.334987
    1 0.000005 3.345128 -2.981901 1.576064 0.144913 1.607253
    2 7.497033 0.421888 -0.347667 0.148716 0.128043 0.248990
    3 10.467433 1.393704 -2.152460 -2.820268 1.232617 1.957869
    4 6.028143 0.000001 0.000000 0.853385 0.598495 -0.911099
    5 11.692552 0.000000 0.000002 0.000000 0.000000 -1.743065
    6 10.990880 1.358541 1.687652 -1.497750 -1.501915 6.230826
    7 6.028142 0.000001 0.000000 -1.777458 0.309743 -0.916549
    8 11.692555 0.000000 0.000000 0.000000 0.000000 -2.470368
    9 15.110106 2.654850 -0.824244 2.913537 0.059108 0.181328
    10 3.890452 -0.000004 -0.000003 -2.213309 -0.221424 -1.294877
    11 17.848177 0.000000 0.000000 0.000000 0.000000 0.432862
    12 16.525253 0.000000 0.000000 -0.105076 0.064985 -1.073208
    13 -3.890452 0.000004 0.000007 -1.485264 -0.453012 -1.871747
    14 17.848173 0.000000 0.000000 0.000000 0.000000 0.642424
    15 16.525257 0.000000 0.000000 0.146737 -0.084080 -1.245808
  time 136
    0 -1.342233 3.992314 36.016058 1.648788 -0.103966 -0.334987
    1 0.000005 3.345128 -2.981901 1.575974 0.145006 1.607253
    2 7.497033 0.417982 -0.347667 0.148515 0.128055 0.248799
    3 10.467433 1.389798 -2.152460 -2.820150 1.232704 1.957929
    4 6.028143 0.000001 0.000000 0.852298 0.598633 -0.911938
    5 11.692552 0.000000 0.000002 0.000000 0.000000 -1.742266
    6 10.990880 1.358541 1.687652 -1.499084 -1.501915 6.232073
    7 6.028142 0.000001 0.000000 -1.778002 0.309818 -0.916193
    8 11.692555 0.000000 0.000000 0.000000 0.000000 -2.471118
    9 15.110106 2.654850 -0.824244 2.913438 0.059132 0.181242
    10 3.890452 -0.000004 -0.000003 -2.213309 -0.221873 -1.294277
    11 17.848177 0.000000 0.000000 0.000000 0.000000 0.434252
    12 16.525253 0.000000 0.000000 -0.105269 0.065087 -1.073817
    13 -3.890452 0.000004 0.000007 -1.485264 -0.453667 -1.871571
    14 17.848173 0.000000 0.000000 0.000000 0.000000 0.643898
    15 16.525257 0.000000 0.000000 0.146612 -0.084000 -1.246586
  time 137
    0 -1.346140 3.992314 36.012152 1.648788 -0.103966 -0.334987
    1 0.000005 3.345128 -2.981901 1.575948 0.145029 1.607253
    2 7.497033 0.417982 -0.347667 0.148457 0.128067 0.248736
    3 10.467433 1.389798 -2.152460 -2.820091 1.232733 1.957929
    4 6.028143 0.000001 0.000000 0.851127 0.598679 -0.912684
    5 11.692552 0.000000 0.000002 0.000000 0.000000 -1.741757
    6 10.990880 1.358541 1.687652 -1.499561 -1.501915 6.232456
    7 6.028142 0.000001 0.000000 -1.778696 0.309592 -0.915679
    8 11.692555 0.000000 0.000000 0.000000 0.000000 -2.472169
    9 15.110106 2.650943 -0.824244 2.913389 0.059132 0.181221
    10 3.890452 -0.000004 -0.000003 -2.213401 -0.222322 -1.293677
    11 17.848177 0.000000 0.000000 0.000000 0.000000 0.435488
    12 16.525253 0.000000 0.000000 -0.105462 0.065209 -1.074458
    13 -3.890452 0.000004 0.000007 -1.485264 -0.454279 -1.871571
    14 17.848173 0.000000 0.000000 0.000000 0.000000 0.645207
    15 16.525257 0.000000 0.000000 0.146505 -0.083920 -1.247364
  time 138
    0 -1.353953 3.992314 36.004339 1.648788 -0.103966 -0.334987
    1 0.000005 3.345128 -2.981901 1.575948 0.145029 1.607253
    2 7.497033 0.417982 -0.347667 0.148457 0.128067 0.248736
    3 10.467433 1.389798 -2.152460 -2.820091 1.232733 1.957929
    4 6.028143 0.000001 0.000000 0.849957 0.598772 -0.913336
    5 11.692552 0.000000 0.000002 0.000000 0.000000 -1.741394
    6 10.990880 1.358541 1.687652 -1.499561 -1.501915 6.232456
    7 6.028142 0.000001 0.000000 -1.779587 0.309252 -0.915085
    8 11.692555 0.000000 0.000000 0.000000 0.000000 -2.473446
    9 15.110106 2.650943 -0.824244 2.913389 0.059132 0.181221
    10 3.890452 -0.000004 -0.000003 -2.213401 -0.222726 -1.293076
    11 17.848177 0.000000 0.000000 0.000000 0.000000 0.436724
    12 16.525253 0.000000 0.000000 -0.105640 0.065311 -1.075034
    13 -3.890452 0.000004 0.000007 -1.485264 -0.454847 -1.871483
    14 17.848173 0.000000 0.000000 0.000000 0.000000 0.646599
    15 16.525257 0.000000 0.000000 0.146398 -0.083839 -1.248068
  time 139
    0 -1.357859 3.992314 36.000433 1.648788 -0.103966 -0.334987
    1 0.000005 3.345128 -2.981901 1.575948 0.145029 1.607253
    2 7.497033 0.417982 -0.347667 0.148457 0.128067 0.248736
    3 10.467433 1.389798 -2.152460 -2.820091 1.232733 1.957929
    4 6.028143 0.000001 0.000000 0.848619 0.598818 -0.914082
    5 11.692552 0.000000 0.000002 0.000000 0.000000 -1.740959
    6 10.990880 1.358541 1.687652 -1.499561 -1.501915 6.232456
    7 6.028142 0.000001 0.000000 -1.780577 0.308837 -0.914452
    8 11.692555 0.000000 0.000000 0.000000 0.000000 -2.474947
    9 15.110106 2.650943 -0.824244 2.913389 0.059132 0.181221
    10 3.890452 -0.000004 -0.000003 -2.213492 -0.223085 -1.292562
    11 17.848177 0.000000 0.000000 0.000000 0.000000 0.437883
    12 16.525253 0.000000 0.000000 -0.105818 0.065392 -1.075579
    13 -3.890452 0.000004 0.000007 -1.485264 -0.455416 -1.871395
    14 17.848173 0.000000 0.000000 0.000000 0.000000 0.647826
    15 16.525257 0.000000 0.000000 0.146309 -0.083779 -1.248772
  time 140
    0 -1.365672 3.992314 35.992620 1.648788 -0.103966 -0.334987
    1 0.000005 3.345128 -2.981901 1.575948 0.145029 1.607253
    2 7.497033 0.417982 -0.347667 0.148457 0.128067 0.248736
    3 10.467433 1.389798 -2.152460 -2.820091 1.232733 1.957929
    4 6.028143 0.000001 0.000000 0.847198 0.598910 -0.914827
    5 11.692552 0.000000 0.000002 0.000000 0.000000 -1.740523
    6 10.990880 1.358541 1.687652 -1.499561 -1.501915 6.232456
    7 6.028142 0.000001 0.000000 -1.781666 0.308384 -0.913740
    8 11.692555 0.000000 0.000000 0.000000 0.000000 -2.476599
    9 15.110106 2.650943 -0.824244 2.913389 0.059132 0.181221
    10 3.890452 -0.000004 -0.000003 -2.213492 -0.223489 -1.292047
    11 17.848177 0.000000 0.000000 0.000000 0.000000 0.439042
    12 16.525253 0.000000 0.000000 -0.105981 0.065494 -1.076123
    13 -3.890452 0.000004 0.000007 -1.485174 -0.455940 -1.871307
    14 17.848173 0.000000 0.000000 0.000000 0.000000 0.648972
    15 16.525257 0.000000 0.000000 0.146202 -0.083698 -1.249439
  time 141
    0 -1.369578 3.992314 35.988714 1.648788 -0.103966 -0.334987
    1 0.000005 3.345128 -2.981901 1.575948 0.145029 1.607253
    2 7.497033 0.417982 -0.347667 0.148457 0.128067 0.248736
    3 10.467433 1.389798 -2.152460 -2.820091 1.232733 1.957929
    4 6.028143 0.000001 0.000000 0.845776 0.599002 -0.915666
    5 11.692552 0.000000 0.000002 0.000000 0.000000 -1.740087
    6 10.990880 1.358541 1.687652 -1.499561 -1.501915 6.232456
    7 6.028142 0.000001 0.000000 -1.782805 0.307856 -0.912989
    8 11.692555 0.000000 0.000000 0.000000 0.000000 -2.478250
    9 15.110106 2.650943 -0.824244 2.913389 0.059132 0.181221
    10 3.890452 -0.000004 -0.000003 -2.213492 -0.223803 -1.291618
    11 17.848177 0.000000 0.000000 0.000000 0.000000 0.440046
    12 16.525253 0.000000 0.000000 -0.106129 0.065575 -1.076604
    13 -3.890452 0.000004 0.000007 -1.485174 -0.456421 -1.871219
    14 17.848173 0.000000 0.000000 0.000000 0.000000 0.650118
    15 16.525257 0.000000 0.000000 0.146112 -0.083638 -1.250032
  time 142
    0 -1.373484 3.992314 35.984807 1.648788 -0.103966 -0.334987
    1 0.000005 3.345128 -2.981901 1.575948 0.145029 1.607253
    2 7.497033 0.417982 -0.347667 0.148457 0.128067 0.248736
    3 10.467433 1.389798 -2.152460 -2.820091 1.232733 1.957929
    4 6.028143 0.000001 0.000000 0.844188 0.599048 -0.916505
    5 11.692552 0.000000 0.000002 0.000000 0.000000 -1.739651
    6 10.990880 1.358541 1.687652 -1.499561 -1.501915 6.232456
    7 6.028142 0.000001 0.000000 -1.783944 0.307365 -0.912198
    8 11.692555 0.000000 0.000000 0.000000 0.000000 -2.479902
    9 15.110106 2.650943 -0.824244 2.913389 0.059132 0.181221
    10 3.890452 -0.000004 -0.000003 -2.213584 -0.224117 -1.291189
    11 17.848177 0.000000 0.000000 0.000000 0.000000 0.440973
    12 16.525253 0.000000 0.000000 -0.106278 0.065657 -1.077052
    13 -3.890452 0.000004 0.000007 -1.485174 -0.456858 -1.871131
    14 17.848173 0.000000 0.000000 0.000000 0.000000 0.651101
    15 16.525257 0.000000 0.000000 0.146041 -0.083578 -1.250624
  time 143
    0 -1.377391 3.988408 35.976995 1.648788 -0.103966 -0.334987
    1 0.000005 3.345128 -2.981901 1.575948 0.145029 1.607253
    2 7.497033 0.417982 -0.347667 0.148457 0.128067 0.248736
    3 10.467433 1.389798 -2.152460 -2.820091 1.232733 1.957929
    4 6.028143 0.000001 0.000000 0.842766 0.599140 -0.917251
    5 11.692552 0.000000 0.000002 0.000000 0.000000 -1.739216
    6 10.990880 1.358541 1.687652 -1.499561 -1.501915 6.232456
    7 6.028142 0.000001 0.000000 -1.785033 0.306836 -0.911446
    8 11.692555 0.000000 0.000000 0.000000 0.000000 -2.481628
    9 15.110106 2.650943 -0.824244 2.913389 0.059132 0.181221
    10 3.890452 -0.000004 -0.000003 -2.213584 -0.224431 -1.290760
    11 17.848177 0.000000 0.000000 0.000000 0.000000 0.441822
    12 16.525253 0.000000 0.000000 -0.106397 0.065738 -1.077468
    13 -3.890452 0.000004 0.000007 -1.485174 -0.457252 -1.871131
    14 17.848173 0.000000 0.000000 0.000000 0.000000 0.652001
    15 16.525257 0.000000 0.000000 0.145970 -0.083517 -1.251106
  time 144
    0 -1.381297 3.988408 35.973088 1.648788 -0.103966 -0.334987
    1 0.000005 3.345128 -2.981901 1.575948 0.145029 1.607253
    2 7.497033 0.417982 -0.347667 0.148457 0.128067 0.248736
    3 10.467433 1.389798 -2.152460 -2.820091 1.232733 1.957929
    4 6.028143 0.000001 0.000000 0.841345 0.599232 -0.918089
    5 11.692552 0.000000 0.000002 0.000000 0.000000 -1.738780
    6 10.990880 1.358541 1.687652 -1.499561 -1.501915 6.232456
    7 6.028142 0.000001 0.000000 -1.786122 0.306308 -0.910695
    8 11.692555 0.000000 0.000000 0.000000 0.000000 -2.483205
    9 15.110106 2.650943 -0.824244 2.913389 0.059132 0.181221
    10 3.890452 -0.000004 -0.000003 -2.213584 -0.224656 -1.290417
    11 17.848177 0.000000 0.000000 0.000000 0.000000 0.442595
    12 16.525253 0.000000 0.000000 -0.106515 0.065799 -1.077821
    13 -3.890452 0.000004 0.000007 -1.485174 -0.457645 -1.871043
    14 17.848173 0.000000 0.000000 0.000000 0.000000 0.652819
    15 16.525257 0.000000 0.000000 0.145898 -0.083477 -1.251588
  time 145
    0 -1.385203 3.988408 35.973088 1.648788 -0.103966 -0.334987
    1 0.000005 3.345128 -2.981901 1.575948 0.145029 1.607253
    2 7.497033 0.417982 -0.347667 0.148457 0.128067 0.248736
    3 10.467433 1.389798 -2.152460 -2.820091 1.232733 1.957929
    4 6.028143 0.000001 0.000000 0.840007 0.599278 -0.918835
    5 11.692552 0.000000 0.000002 0.000000 0.000000 -1.738344
    6 10.990880 1.358541 1.687652 -1.499561 -1.501915 6.232456
    7 6.028142 0.000001 0.000000 -1.787112 0.305855 -0.910022
    8 11.692555 0.000000 0.000000 0.000000 0.000000 -2.484706
    9 15.110106 2.650943 -0.824244 2.913389 0.059132 0.181221
    10 3.890452 -0.000004 -0.000003 -2.213584 -0.224880 -1.290160
    11 17.848177 0.000000 0.000000 0.000000 0.000000 0.443290
    12 16.525253 0.000000 0.000000 -0.106619 0.065860 -1.078141
    13 -3.890452 0.000004 0.000007 -1.485174 -0.457951 -1.871043
    14 17.848173 0.000000 0.000000 0.000000 0.000000 0.653556
    15 16.525257 0.000000 0.000000 0.145845 -0.083437 -1.251995
  time 146
    0 -1.385203 3.988408 35.969182 1.648788 -0.103966 -0.334987
    1 0.000005 3.345128 -2.981901 1.575948 0.145029 1.607253
    2 7.497033 0.417982 -0.347667 0.148457 0.128067 0.248736
    3 10.467433 1.389798 -2.152460 -2.820091 1.232733 1.957929
    4 6.028143 0.000001 0.000000 0.838837 0.599371 -0.919487
    5 11.692552 0.000000 0.000002 0.000000 0.000000 -1.738054
    6 10.990880 1.358541 1.687652 -1.499561 -1.501915 6.232456
    7 6.028142 0.000001 0.000000 -1.788004 0.305402 -0.909390
    8 11.692555 0.000000 0.000000 0.000000 0.000000 -2.485982
    9 15.110106 2.650943 -0.824244 2.913389 0.059132 0.181221
    10 3.890452 -0.000004 -0.000003 -2.213675 -0.225060 -1.289903
    11 17.848177 0.000000 0.000000 0.000000 0.000000 0.443831
    12 16.525253 0.000000 0.000000 -0.106693 0.065901 -1.078429
    13 -3.890452 0.000004 0.000007 -1.485174 -0.458213 -1.870955
    14 17.848173 0.000000 0.000000 0.000000 0.000000 0.654129
    15 16.525257 0.000000 0.000000 0.145791 -0.083397 -1.252329
  time 147
    0 -1.389110 3.988408 35.965276 1.648788 -0.103966 -0.334987
    1 0.000005 3.345128 -2.981901 1.575948 0.145029 1.607253
    2 7.497033 0.417982 -0.347667 0.148457 0.128067 0.248736
    3 10.467433 1.389798 -2.152460 -2.820091 1.232733 1.957929
    4 6.028143 0.000001 0.000000 0.837833 0.599417 -0.919953
    5 11.692552 0.000000 0.000002 0.000000 0.000000 -1.737763
    6 10.990880 1.358541 1.687652 -1.499561 -1.501915 6.232456
    7 6.028142 0.000001 0.000000 -1.788746 0.305025 -0.908875
    8 11.692555 0.000000 0.000000 0.000000 0.000000 -2.487109
    9 15.110106 2.650943 -0.824244 2.913389 0.059132 0.181221
    10 3.890452 -0.000004 -0.000003 -2.213675 -0.225239 -1.289645
    11 17.848177 0.000000 0.000000 0.000000 0.000000 0.444294
    12 16.525253 0.000000 0.000000 -0.106768 0.065941 -1.078621
    13 -3.890452 0.000004 0.000007 -1.485174 -0.458432 -1.870955
    14 17.848173 0.000000 0.000000 0.000000 0.000000 0.654620
    15 16.525257 0.000000 0.000000 0.145755 -0.083377 -1.252588
  time 148
    0 -1.389110 3.988408 35.965276 1.648788 -0.103966 -0.334987
    1 0.000005 3.345128 -2.981901 1.575948 0.145029 1.607253
    2 7.497033 0.417982 -0.347667 0.148457 0.128067 0.248736
    3 10.467433 1.389798 -2.152460 -2.820091 1.232733 1.957929
    4 6.028143 0.000001 0.000000 0.837081 0.599463 -0.920419
    5 11.692552 0.000000 0.000002 0.000000 0.000000 -1.737546
    6 10.990880 1.358541 1.687652 -1.499561 -1.501915 6.232456
    7 6.028142 0.000001 0.000000 -1.789291 0.304723 -0.908480
    8 11.692555 0.000000 0.000000 0.000000 0.000000 -2.487934
    9 15.110106 2.650943 -0.824244 2.913389 0.059132 0.181221
    10 3.890452 -0.000004 -0.000003 -2.213675 -0.225329 -1.289560
    11 17.848177 0.000000 0.000000 0.000000 0.000000 0.444603
    12 16.525253 0.000000 0.000000 -0.106812 0.065962 -1.078782
    13 -3.890452 0.000004 0.000007 -1.485174 -0.458563 -1.870955
    14 17.848173 0.000000 0.000000 0.000000 0.000000 0.654948
    15 16.525257 0.000000 0.000000 0.145720 -0.083357 -1.252773
  time 149
    0 -1.393016 3.988408 35.965276 1.648788 -0.103966 -0.334987
    1 0.000005 3.345128 -2.981901 1.575948 0.145029 1.607253
    2 7.497033 0.417982 -0.347667 0.148457 0.128067 0.248736
    3 10.467433 1.389798 -2.152460 -2.820091 1.232733 1.957929
    4 6.028143 0.000001 0.000000 0.836579 0.599463 -0.920699
    5 11.692552 0.000000 0.000002 0.000000 0.000000 -1.737400
    6 10.990880 1.358541 1.687652 -1.499561 -1.501915 6.232456
    7 6.028142 0.000001 0.000000 -1.789687 0.304534 -0.908243
    8 11.692555 0.000000 0.000000 0.000000 0.000000 -2.488460
    9 15.110106 2.650943 -0.824244 2.913389 0.059132 0.181221
    10 3.890452 -0.000004 -0.000003 -2.213675 -0.225374 -1.289388
    11 17.848177 0.000000 0.000000 0.000000 0.000000 0.444835
    12 16.525253 0.000000 0.000000 -0.106842 0.065982 -1.078878
    13 -3.890452 0.000004 0.000007 -1.485174 -0.458650 -1.870866
    14 17.848173 0.000000 0.000000 0.000000 0.000000 0.655193
    15 16.525257 0.000000 0.000000 0.145702 -0.083336 -1.252884
  time 150
    0 -1.393016 3.988408 35.965276 1.648788 -0.103966 -0.334987
    1 0.000005 3.345128 -2.981901 1.575948 0.145029 1.607253
    2 7.497033 0.417982 -0.347667 0.148457 0.128067 0.248736
    3 10.467433 1.389798 -2.152460 -2.820091 1.232733 1.957929
    4 6.028143 0.000001 0.000000 0.836412 0.599463 -0.920792
    5 11.692552 0.000000 0.000002 0.000000 0.000000 -1.737328
    6 10.990880 1.358541 1.687652 -1.499561 -1.501915 6.232456
    7 6.028142 0.000001 0.000000 -1.789291 0.304647 -0.907333
    8 11.692555 0.000000 0.000000 0.000000 0.000000 -2.488685
    9 15.110106 2.650943 -0.824244 2.913389 0.059132 0.181221
    10 3.890452 -0.000004 -0.000003 -2.213675 -0.225419 -1.289388
    11 17.848177 0.000000 0.000000 0.000000 0.000000 0.444912
    12 16.525253 0.000000 0.000000 -0.106857 0.066002 -1.078910
    13 -3.890452 0.000004 0.000007 -1.485174 -0.458694 -1.870866
    14 17.848173 0.000000 0.000000 0.000000 0.000000 0.655275
    15 16.525257 0.000000 0.000000 0.145702 -0.083336 -1.252921
end
