// Created by Crowbar 0.74
version 1
nodes
  0 "ValveBiped.Bip01" -1
  1 "ValveBiped.Bip01_Spine" 0
  2 "ValveBiped.Bip01_Spine2" 1
  3 "ValveBiped.Bip01_R_Clavicle" 2
  4 "ValveBiped.Bip01_R_UpperArm" 3
  5 "ValveBiped.Bip01_R_Forearm" 4
  6 "ValveBiped.Bip01_L_Clavicle" 2
  7 "ValveBiped.Bip01_L_UpperArm" 6
  8 "ValveBiped.Bip01_L_Forearm" 7
  9 "ValveBiped.Bip01_Head1" 2
  10 "ValveBiped.Bip01_L_Thigh" 0
  11 "ValveBiped.Bip01_L_Calf" 10
  12 "ValveBiped.Bip01_L_Foot" 11
  13 "ValveBiped.Bip01_R_Thigh" 0
  14 "ValveBiped.Bip01_R_Calf" 13
  15 "ValveBiped.Bip01_R_Foot" 14
end
skeleton
  time 0
    0 1.232064 2.261793 15.077919 2.145341 0.018277 -0.238459
    1 0.000005 3.345128 -2.981901 1.457790 0.142600 1.355756
    2 7.489221 0.582049 -0.007813 0.214480 -0.023442 0.356709
    3 10.744785 1.565584 -1.785262 -1.636858 1.389376 3.202173
    4 6.028143 0.000001 0.000000 1.070518 0.607710 -1.099742
    5 11.692552 0.000000 0.000002 0.000000 0.000000 -1.360080
    6 10.725247 1.190567 2.074383 2.760034 -1.323647 1.995204
    7 6.028142 0.000001 0.000000 -1.482275 -0.581233 -0.555666
    8 11.692555 0.000000 0.000000 0.000000 0.000000 -0.916178
    9 15.364020 2.318902 0.265633 3.253235 -0.013363 -0.170330
    10 3.886546 -0.226573 -0.000003 -4.171315 -0.689535 0.832356
    11 17.848177 0.000000 0.000000 0.000000 0.000000 2.359432
    12 16.525253 0.000000 0.000000 0.199204 0.142738 -1.627585
    13 -3.886546 0.226573 0.000007 -0.208638 -1.076018 -2.500628
    14 17.848173 0.000000 0.000000 0.000000 0.000000 2.673647
    15 16.525257 0.000000 0.000000 -0.104040 -0.035062 -1.942177
  time 1
    0 1.232064 2.261793 15.077919 2.145341 0.018277 -0.238459
    1 0.000005 3.345128 -2.981901 1.457713 0.142576 1.355709
    2 7.489221 0.582049 -0.007813 0.214508 -0.023466 0.356688
    3 10.744785 1.565584 -1.785262 -1.636858 1.389492 3.202113
    4 6.028143 0.000001 0.000000 1.070351 0.607618 -1.099928
    5 11.692552 0.000000 0.000002 0.000000 0.000000 -1.360080
    6 10.725247 1.190567 2.074383 2.760702 -1.323712 1.994532
    7 6.028142 0.000001 0.000000 -1.482324 -0.581195 -0.555785
    8 11.692555 0.000000 0.000000 0.000000 0.000000 -0.916253
    9 15.364020 2.318902 0.265633 3.253235 -0.013315 -0.170395
    10 3.886546 -0.226573 -0.000003 -4.171315 -0.689490 0.832356
    11 17.848177 0.000000 0.000000 0.000000 0.000000 2.359432
    12 16.525253 0.000000 0.000000 0.199204 0.142759 -1.627488
    13 -3.886546 0.226573 0.000007 -0.208638 -1.076105 -2.500363
    14 17.848173 0.000000 0.000000 0.000000 0.000000 2.673647
    15 16.525257 0.000000 0.000000 -0.104058 -0.034901 -1.942140
  time 2
    0 1.232064 2.261793 15.077919 2.145341 0.018277 -0.238459
    1 0.000005 3.345128 -2.981901 1.457494 0.142529 1.355529
    2 7.489221 0.582049 -0.007813 0.214537 -0.023538 0.356646
    3 10.744785 1.565584 -1.785262 -1.636976 1.389841 3.201992
    4 6.028143 0.000001 0.000000 1.069849 0.607387 -1.100488
    5 11.692552 0.000000 0.000002 0.000000 0.000000 -1.360080
    6 10.725247 1.190567 2.074383 2.762608 -1.323907 1.992519
    7 6.028142 0.000001 0.000000 -1.482324 -0.581120 -0.556141
    8 11.692555 0.000000 0.000000 0.000000 0.000000 -0.916328
    9 15.364020 2.318902 0.265633 3.253383 -0.013183 -0.170610
    10 3.886546 -0.226573 -0.000003 -4.171223 -0.689356 0.832356
    11 17.848177 0.000000 0.000000 0.000000 0.000000 2.359277
    12 16.525253 0.000000 0.000000 0.199189 0.142881 -1.627232
    13 -3.886546 0.226573 0.000007 -0.208457 -1.076367 -2.500363
    14 17.848173 0.000000 0.000000 0.000000 0.000000 2.673647
    15 16.525257 0.000000 0.000000 -0.104111 -0.034478 -1.942103
  time 3
    0 1.228158 2.265699 15.077919 2.145341 0.018277 -0.238459
    1 0.000005 3.345128 -2.981901 1.457146 0.142483 1.355253
    2 7.489221 0.582049 -0.007813 0.214623 -0.023670 0.356582
    3 10.744785 1.565584 -1.785262 -1.637212 1.390393 3.201751
    4 6.028143 0.000001 0.000000 1.069013 0.607065 -1.101326
    5 11.692552 0.000000 0.000002 0.000000 0.000000 -1.360080
    6 10.725247 1.190567 2.074383 2.765754 -1.324210 1.989356
    7 6.028142 0.000001 0.000000 -1.482374 -0.580969 -0.556734
    8 11.692555 0.000000 0.000000 0.000000 0.000000 -0.916479
    9 15.364020 2.318902 0.265633 3.253532 -0.012979 -0.170932
    10 3.886546 -0.226573 -0.000003 -4.171040 -0.689131 0.832356
    11 17.848177 0.000000 0.000000 0.000000 0.000000 2.359123
    12 16.525253 0.000000 0.000000 0.199144 0.143044 -1.626848
    13 -3.886546 0.226573 0.000007 -0.207731 -1.076848 -2.500099
    14 17.848173 0.000000 0.000000 0.000000 0.000000 2.673565
    15 16.525257 0.000000 0.000000 -0.104201 -0.033815 -1.942029
  time 4
    0 1.220345 2.273512 15.077919 2.145341 0.018277 -0.238459
    1 0.000005 3.345128 -2.981901 1.456670 0.142389 1.354882
    2 7.489221 0.582049 -0.007813 0.214709 -0.023825 0.356497
    3 10.744785 1.565584 -1.785262 -1.637448 1.391179 3.201449
    4 6.028143 0.000001 0.000000 1.068010 0.606558 -1.102631
    5 11.692552 0.000000 0.000002 0.000000 0.000000 -1.360080
    6 10.725247 1.190567 2.074383 2.769949 -1.324644 1.984946
    7 6.028142 0.000001 0.000000 -1.482423 -0.580743 -0.557565
    8 11.692555 0.000000 0.000000 0.000000 0.000000 -0.916629
    9 15.364020 2.318902 0.265633 3.253779 -0.012680 -0.171383
    10 3.886546 -0.226573 -0.000003 -4.170857 -0.688817 0.832442
    11 17.848177 0.000000 0.000000 0.000000 0.000000 2.358814
    12 16.525253 0.000000 0.000000 0.199115 0.143288 -1.626335
    13 -3.886546 0.226573 0.000007 -0.207459 -1.077417 -2.500099
    14 17.848173 0.000000 0.000000 0.000000 0.000000 2.673483
    15 16.525257 0.000000 0.000000 -0.104308 -0.032890 -1.941955
  time 5
    0 1.216438 2.277418 15.077919 2.145341 0.018277 -0.238459
    1 0.000005 3.345128 -2.981901 1.456077 0.142296 1.354426
    2 7.489221 0.582049 -0.007813 0.214824 -0.024029 0.356370
    3 10.744785 1.565584 -1.785262 -1.637802 1.392138 3.201087
    4 6.028143 0.000001 0.000000 1.066672 0.606005 -1.104123
    5 11.692552 0.000000 0.000002 0.000000 0.000000 -1.360080
    6 10.725247 1.190567 2.074383 2.775192 -1.325164 1.979482
    7 6.028142 0.000001 0.000000 -1.482522 -0.580478 -0.558554
    8 11.692555 0.000000 0.000000 0.000000 0.000000 -0.916854
    9 15.364020 2.318902 0.265633 3.254125 -0.012320 -0.171941
    10 3.886546 -0.226573 -0.000003 -4.170674 -0.688413 0.832442
    11 17.848177 0.000000 0.000000 0.000000 0.000000 2.358505
    12 16.525253 0.000000 0.000000 0.199055 0.143573 -1.625663
    13 -3.886546 0.226573 0.000007 -0.206733 -1.078160 -2.499659
    14 17.848173 0.000000 0.000000 0.000000 0.000000 2.673401
    15 16.525257 0.000000 0.000000 -0.104433 -0.031764 -1.941844
  time 6
    0 1.208626 2.285231 15.081826 2.145341 0.018277 -0.238459
    1 0.000005 3.345128 -2.981901 1.455382 0.142179 1.353887
    2 7.489221 0.582049 -0.007813 0.214968 -0.024269 0.356243
    3 10.744785 1.565584 -1.785262 -1.638214 1.393287 3.200604
    4 6.028143 0.000001 0.000000 1.065083 0.605314 -1.105987
    5 11.692552 0.000000 0.000002 0.000000 0.000000 -1.360080
    6 10.725247 1.190567 2.074383 2.781388 -1.325749 1.973059
    7 6.028142 0.000001 0.000000 -1.482572 -0.580214 -0.559780
    8 11.692555 0.000000 0.000000 0.000000 0.000000 -0.917079
    9 15.364020 2.318902 0.265633 3.254471 -0.011901 -0.172607
    10 3.886546 -0.226573 -0.000003 -4.170400 -0.687964 0.832442
    11 17.848177 0.000000 0.000000 0.000000 0.000000 2.358119
    12 16.525253 0.000000 0.000000 0.198996 0.143918 -1.624894
    13 -3.886546 0.226573 0.000007 -0.206280 -1.079034 -2.499395
    14 17.848173 0.000000 0.000000 0.000000 0.000000 2.673320
    15 16.525257 0.000000 0.000000 -0.104593 -0.030437 -1.941696
  time 7
    0 1.200813 2.296950 15.081826 2.145341 0.018277 -0.238459
    1 0.000005 3.345128 -2.981901 1.454609 0.142062 1.353276
    2 7.489221 0.582049 -0.007813 0.215112 -0.024532 0.356095
    3 10.744785 1.565584 -1.785262 -1.638686 1.394610 3.200061
    4 6.028143 0.000001 0.000000 1.063328 0.604531 -1.108130
    5 11.692552 0.000000 0.000002 0.000000 0.000000 -1.360080
    6 10.725247 1.190567 2.074383 2.788633 -1.326443 1.965581
    7 6.028142 0.000001 0.000000 -1.482671 -0.579874 -0.561204
    8 11.692555 0.000000 0.000000 0.000000 0.000000 -0.917304
    9 15.364020 2.314996 0.265633 3.254916 -0.011421 -0.173380
    10 3.886546 -0.226573 -0.000003 -4.170125 -0.687470 0.832442
    11 17.848177 0.000000 0.000000 0.000000 0.000000 2.357655
    12 16.525253 0.000000 0.000000 0.198937 0.144305 -1.624029
    13 -3.886546 0.226573 0.000007 -0.205282 -1.080039 -2.499130
    14 17.848173 0.000000 0.000000 0.000000 0.000000 2.673238
    15 16.525257 0.000000 0.000000 -0.104772 -0.028929 -1.941547
  time 8
    0 1.193000 2.304763 15.085732 2.145341 0.018277 -0.238459
    1 0.000005 3.345128 -2.981901 1.453733 0.141922 1.352605
    2 7.489221 0.582049 -0.007813 0.215284 -0.024832 0.355926
    3 10.744785 1.565584 -1.785262 -1.639217 1.396108 3.199457
    4 6.028143 0.000001 0.000000 1.061321 0.603655 -1.110460
    5 11.692552 0.000000 0.000002 0.000000 0.000000 -1.360007
    6 10.725247 1.190567 2.074383 2.796736 -1.327180 1.957145
    7 6.028142 0.000001 0.000000 -1.482770 -0.579497 -0.562786
    8 11.692555 0.000000 0.000000 0.000000 0.000000 -0.917530
    9 15.364020 2.314996 0.265633 3.255410 -0.010882 -0.174240
    10 3.886546 -0.226573 -0.000003 -4.169759 -0.686932 0.832528
    11 17.848177 0.000000 0.000000 0.000000 0.000000 2.357192
    12 16.525253 0.000000 0.000000 0.198862 0.144732 -1.623036
    13 -3.886546 0.226573 0.000007 -0.204284 -1.081132 -2.498426
    14 17.848173 0.000000 0.000000 0.000000 0.000000 2.673074
    15 16.525257 0.000000 0.000000 -0.104986 -0.027260 -1.941362
  time 9
    0 1.181281 2.316482 15.085732 2.145341 0.018277 -0.238459
    1 0.000005 3.345128 -2.981901 1.452793 0.141782 1.351873
    2 7.489221 0.582049 -0.007813 0.215486 -0.025156 0.355736
    3 10.744785 1.565584 -1.785262 -1.639807 1.397751 3.198733
    4 6.028143 0.000001 0.000000 1.059147 0.602734 -1.113070
    5 11.692552 0.000000 0.000002 0.000000 0.000000 -1.359935
    6 10.725247 1.190567 2.074383 2.805602 -1.327960 1.947942
    7 6.028142 0.000001 0.000000 -1.482819 -0.579120 -0.564487
    8 11.692555 0.000000 0.000000 0.000000 0.000000 -0.917755
    9 15.364020 2.314996 0.265633 3.255904 -0.010295 -0.175185
    10 3.886546 -0.226573 -0.000003 -4.169393 -0.686348 0.832528
    11 17.848177 0.000000 0.000000 0.000000 0.000000 2.356651
    12 16.525253 0.000000 0.000000 0.198773 0.145200 -1.622011
    13 -3.886546 0.226573 0.000007 -0.203559 -1.082312 -2.498162
    14 17.848173 0.000000 0.000000 0.000000 0.000000 2.672910
    15 16.525257 0.000000 0.000000 -0.105200 -0.025451 -1.941140
  time 10
    0 1.173468 2.324295 15.089638 2.145341 0.018277 -0.238459
    1 0.000005 3.345128 -2.981901 1.451788 0.141618 1.351094
    2 7.489221 0.582049 -0.003906 0.215687 -0.025503 0.355545
    3 10.744785 1.565584 -1.785262 -1.640456 1.399539 3.198009
    4 6.028143 0.000001 0.000000 1.056890 0.601766 -1.115866
    5 11.692552 0.000000 0.000002 0.000000 0.000000 -1.359862
    6 10.725247 1.190567 2.074383 2.815230 -1.328784 1.937876
    7 6.028142 0.000001 0.000000 -1.482919 -0.578704 -0.566385
    8 11.692555 0.000000 0.000000 0.000000 0.000000 -0.917980
    9 15.364020 2.314996 0.265633 3.256497 -0.009660 -0.176216
    10 3.886546 -0.226573 -0.000003 -4.169028 -0.685720 0.832528
    11 17.848177 0.000000 0.000000 0.000000 0.000000 2.356033
    12 16.525253 0.000000 0.000000 0.198684 0.145688 -1.620858
    13 -3.886546 0.226573 0.000007 -0.202380 -1.083580 -2.497721
    14 17.848173 0.000000 0.000000 0.000000 0.000000 2.672747
    15 16.525257 0.000000 0.000000 -0.105432 -0.023500 -1.940917
  time 11
    0 1.161749 2.336014 15.089638 2.145341 0.018277 -0.238459
    1 0.000005 3.345128 -2.981901 1.450732 0.141478 1.350280
    2 7.489221 0.582049 -0.003906 0.215888 -0.025863 0.355355
    3 10.744785 1.565584 -1.785262 -1.641223 1.401444 3.197164
    4 6.028143 0.000001 0.000000 1.054381 0.600707 -1.118849
    5 11.692552 0.000000 0.000002 0.000000 0.000000 -1.359717
    6 10.725247 1.190567 2.070477 2.825621 -1.329651 1.927139
    7 6.028142 0.000001 0.000000 -1.483018 -0.578289 -0.568403
    8 11.692555 0.000000 0.000000 0.000000 0.000000 -0.918205
    9 15.364020 2.314996 0.261727 3.257140 -0.008988 -0.177333
    10 3.886546 -0.226573 -0.000003 -4.168662 -0.685047 0.832528
    11 17.848177 0.000000 0.000000 0.000000 0.000000 2.355415
    12 16.525253 0.000000 0.000000 0.198595 0.146217 -1.619673
    13 -3.886546 0.226573 0.000007 -0.201382 -1.084891 -2.497457
    14 17.848173 0.000000 0.000000 0.000000 0.000000 2.672583
    15 16.525257 0.000000 0.000000 -0.105664 -0.021470 -1.940695
  time 12
    0 1.150030 2.351639 15.093545 2.145341 0.018277 -0.238459
    1 0.000005 3.345128 -2.981901 1.449624 0.141315 1.349429
    2 7.489221 0.582049 -0.003906 0.216118 -0.026234 0.355143
    3 10.744785 1.565584 -1.785262 -1.642048 1.403480 3.196258
    4 6.028143 0.000001 0.000000 1.051790 0.599647 -1.122018
    5 11.692552 0.000000 0.000002 0.000000 0.000000 -1.359572
    6 10.725247 1.190567 2.070477 2.836584 -1.330518 1.915827
    7 6.028142 0.000001 0.000000 -1.483067 -0.577836 -0.570578
    8 11.692555 0.000000 0.000000 0.000000 0.000000 -0.918430
    9 15.364020 2.314996 0.261727 3.257782 -0.008281 -0.178493
    10 3.886546 -0.226573 -0.000003 -4.168204 -0.684373 0.832613
    11 17.848177 0.000000 0.000000 0.000000 0.000000 2.354720
    12 16.525253 0.000000 0.000000 0.198506 0.146766 -1.618456
    13 -3.886546 0.226573 0.000007 -0.199931 -1.086290 -2.496929
    14 17.848173 0.000000 0.000000 0.000000 0.000000 2.672337
    15 16.525257 0.000000 0.000000 -0.105932 -0.019359 -1.940399
  time 13
    0 1.138311 2.363358 15.097451 2.145341 0.018277 -0.238459
    1 0.000005 3.345128 -2.981901 1.448490 0.141151 1.348554
    2 7.489221 0.582049 -0.003906 0.216319 -0.026618 0.354931
    3 10.744785 1.565584 -1.785262 -1.642874 1.405632 3.195292
    4 6.028143 0.000001 0.000000 1.049114 0.598587 -1.125280
    5 11.692552 0.000000 0.000002 0.000000 0.000000 -1.359354
    6 10.725247 1.190567 2.070477 2.848119 -1.331385 1.903844
    7 6.028142 0.000001 0.000000 -1.483117 -0.577383 -0.572832
    8 11.692555 0.000000 0.000000 0.000000 0.000000 -0.918581
    9 15.364020 2.314996 0.261727 3.258474 -0.007550 -0.179739
    10 3.886546 -0.226573 -0.000003 -4.167838 -0.683655 0.832613
    11 17.848177 0.000000 0.000000 0.000000 0.000000 2.354102
    12 16.525253 0.000000 0.000000 0.198402 0.147316 -1.617175
    13 -3.886546 0.226573 0.000007 -0.198933 -1.087732 -2.496488
    14 17.848173 0.000000 0.000000 0.000000 0.000000 2.672174
    15 16.525257 0.000000 0.000000 -0.106182 -0.017167 -1.940102
  time 14
    0 1.126592 2.375077 15.101358 2.145341 0.018277 -0.238459
    1 0.000005 3.345128 -2.981901 1.447331 0.141011 1.347667
    2 7.489221 0.582049 -0.003906 0.216549 -0.027013 0.354699
    3 10.744785 1.565584 -1.785262 -1.643818 1.407871 3.194266
    4 6.028143 0.000001 0.000000 1.046355 0.597482 -1.128728
    5 11.692552 0.000000 0.000002 0.000000 0.000000 -1.359136
    6 10.725247 1.190567 2.070477 2.860130 -1.332252 1.891381
    7 6.028142 0.000001 0.000000 -1.483166 -0.576930 -0.575206
    8 11.692555 0.000000 0.000000 0.000000 0.000000 -0.918656
    9 15.364020 2.314996 0.261727 3.259216 -0.006795 -0.181028
    10 3.886546 -0.226573 -0.000003 -4.167381 -0.682982 0.832613
    11 17.848177 0.000000 0.000000 0.000000 0.000000 2.353407
    12 16.525253 0.000000 0.000000 0.198313 0.147885 -1.615894
    13 -3.886546 0.226573 0.000007 -0.197482 -1.089218 -2.495960
    14 17.848173 0.000000 0.000000 0.000000 0.000000 2.671928
    15 16.525257 0.000000 0.000000 -0.106450 -0.014935 -1.939806
  time 15
    0 1.114873 2.386797 15.101358 2.145341 0.018277 -0.238459
    1 0.000005 3.345128 -2.981901 1.446159 0.140847 1.346768
    2 7.489221 0.582049 0.000000 0.216779 -0.027409 0.354487
    3 10.744785 1.565584 -1.785262 -1.644821 1.410197 3.193180
    4 6.028143 0.000001 0.000000 1.043512 0.596330 -1.132270
    5 11.692552 0.000000 0.000002 0.000000 0.000000 -1.358918
    6 10.725247 1.190567 2.070477 2.872523 -1.333098 1.878535
    7 6.028142 0.000001 0.000000 -1.483216 -0.576478 -0.577658
    8 11.692555 0.000000 0.000000 0.000000 0.000000 -0.918731
    9 15.364020 2.311089 0.261727 3.259957 -0.006016 -0.182359
    10 3.886546 -0.226573 -0.000003 -4.166923 -0.682264 0.832613
    11 17.848177 0.000000 0.000000 0.000000 0.000000 2.352634
    12 16.525253 0.000000 0.000000 0.198209 0.148455 -1.614580
    13 -3.886546 0.226573 0.000007 -0.196031 -1.090705 -2.495520
    14 17.848173 0.000000 0.000000 0.000000 0.000000 2.671683
    15 16.525257 0.000000 0.000000 -0.106718 -0.012683 -1.939472
  time 16
    0 1.103154 2.402422 15.105264 2.145341 0.018277 -0.238459
    1 0.000005 3.345128 -2.981901 1.444974 0.140707 1.345881
    2 7.489221 0.582049 0.000000 0.217009 -0.027804 0.354275
    3 10.744785 1.565584 -1.785262 -1.645882 1.412596 3.191973
    4 6.028143 0.000001 0.000000 1.040670 0.595224 -1.135905
    5 11.692552 0.000000 0.000002 0.000000 0.000000 -1.358555
    6 10.725247 1.190567 2.070477 2.885392 -1.333921 1.865306
    7 6.028142 0.000001 0.000000 -1.483216 -0.576025 -0.580229
    8 11.692555 0.000000 0.000000 0.000000 0.000000 -0.918731
    9 15.364020 2.311089 0.261727 3.260748 -0.005225 -0.183756
    10 3.886546 -0.226573 -0.000003 -4.166466 -0.681546 0.832699
    11 17.848177 0.000000 0.000000 0.000000 0.000000 2.351939
    12 16.525253 0.000000 0.000000 0.198105 0.149025 -1.613267
    13 -3.886546 0.226573 0.000007 -0.194761 -1.092191 -2.495256
    14 17.848173 0.000000 0.000000 0.000000 0.000000 2.671437
    15 16.525257 0.000000 0.000000 -0.107003 -0.010431 -1.939139
  time 17
    0 1.091435 2.414141 15.109170 2.145341 0.018277 -0.238459
    1 0.000005 3.345128 -2.981901 1.443802 0.140567 1.344994
    2 7.489221 0.578143 0.000000 0.217239 -0.028200 0.354042
    3 10.744785 1.565584 -1.785262 -1.647003 1.415068 3.190766
    4 6.028143 0.000001 0.000000 1.037743 0.594118 -1.139540
    5 11.692552 0.000000 0.000002 0.000000 0.000000 -1.358192
    6 10.729153 1.190567 2.070477 2.898452 -1.334702 1.851789
    7 6.028142 0.000001 0.000000 -1.483216 -0.575609 -0.582839
    8 11.692555 0.000000 0.000000 0.000000 0.000000 -0.918731
    9 15.364020 2.311089 0.261727 3.261588 -0.004434 -0.185173
    10 3.886546 -0.226573 -0.000003 -4.166008 -0.680872 0.832699
    11 17.848177 0.000000 0.000000 0.000000 0.000000 2.351167
    12 16.525253 0.000000 0.000000 0.198016 0.149574 -1.611954
    13 -3.886546 0.226573 0.000007 -0.193310 -1.093677 -2.494727
    14 17.848173 0.000000 0.000000 0.000000 0.000000 2.671191
    15 16.525257 0.000000 0.000000 -0.107271 -0.008180 -1.938768
  time 18
    0 1.079715 2.425860 15.113077 2.145341 0.018277 -0.238459
    1 0.000005 3.345128 -2.981901 1.442642 0.140450 1.344119
    2 7.489221 0.578143 0.000000 0.217440 -0.028583 0.353831
    3 10.744785 1.565584 -1.785262 -1.648183 1.417598 3.189498
    4 6.028143 0.000001 0.000000 1.034817 0.593058 -1.143268
    5 11.692552 0.000000 0.000002 0.000000 0.000000 -1.357829
    6 10.729153 1.190567 2.070477 2.911608 -1.335460 1.838080
    7 6.028142 0.000001 0.000000 -1.483166 -0.575156 -0.585450
    8 11.692555 0.000000 0.000000 0.000000 0.000000 -0.918581
    9 15.364020 2.311089 0.261727 3.262379 -0.003643 -0.186613
    10 3.886546 -0.226573 -0.000003 -4.165551 -0.680199 0.832699
    11 17.848177 0.000000 0.000000 0.000000 0.000000 2.350471
    12 16.525253 0.000000 0.000000 0.197912 0.150144 -1.610673
    13 -3.886546 0.226573 0.000007 -0.192040 -1.095163 -2.494551
    14 17.848173 0.000000 0.000000 0.000000 0.000000 2.670946
    15 16.525257 0.000000 0.000000 -0.107539 -0.005948 -1.938398
  time 19
    0 1.067996 2.441486 15.116983 2.145341 0.018277 -0.238459
    1 0.000005 3.345128 -2.981901 1.441509 0.140357 1.343281
    2 7.489221 0.578143 0.000000 0.217670 -0.028955 0.353640
    3 10.744785 1.565584 -1.785262 -1.649422 1.420172 3.188170
    4 6.028143 0.000001 0.000000 1.031974 0.591999 -1.147089
    5 11.692552 0.000000 0.000002 0.000000 0.000000 -1.357393
    6 10.729153 1.190567 2.070477 2.924954 -1.336154 1.824275
    7 6.028142 0.000001 0.000000 -1.483117 -0.574779 -0.588179
    8 11.692555 0.000000 0.000000 0.000000 0.000000 -0.918355
    9 15.364020 2.311089 0.261727 3.263268 -0.002852 -0.188073
    10 3.886546 -0.226573 -0.000003 -4.165185 -0.679571 0.832699
    11 17.848177 0.000000 0.000000 0.000000 0.000000 2.349776
    12 16.525253 0.000000 0.000000 0.197823 0.150672 -1.609391
    13 -3.886546 0.226573 0.000007 -0.190589 -1.096562 -2.494287
    14 17.848173 0.000000 0.000000 0.000000 0.000000 2.670700
    15 16.525257 0.000000 0.000000 -0.107789 -0.003796 -1.937990
  time 20
    0 1.056277 2.453205 15.120889 2.145341 0.018277 -0.238459
    1 0.000005 3.345128 -2.981901 1.440414 0.140263 1.342466
    2 7.489221 0.578143 0.000000 0.217871 -0.029314 0.353429
    3 10.744785 1.565584 -1.785262 -1.650719 1.422775 3.186722
    4 6.028143 0.000001 0.000000 1.029131 0.590985 -1.150817
    5 11.692552 0.000000 0.000002 0.000000 0.000000 -1.356885
    6 10.729153 1.190567 2.070477 2.938300 -1.336826 1.810471
    7 6.028142 0.000001 0.000000 -1.483018 -0.574402 -0.590948
    8 11.692555 0.000000 0.000000 0.000000 0.000000 -0.918055
    9 15.364020 2.311089 0.261727 3.264109 -0.002073 -0.189555
    10 3.886546 -0.226573 -0.000003 -4.164728 -0.678942 0.832699
    11 17.848177 0.000000 0.000000 0.000000 0.000000 2.349004
    12 16.525253 0.000000 0.000000 0.197734 0.151201 -1.608174
    13 -3.886546 0.226573 0.000007 -0.189409 -1.097960 -2.493758
    14 17.848173 0.000000 0.000000 0.000000 0.000000 2.670455
    15 16.525257 0.000000 0.000000 -0.108039 -0.001685 -1.937583
  time 21
    0 1.048465 2.464924 15.124796 2.145341 0.018277 -0.238459
    1 0.000005 3.345128 -2.981901 1.439358 0.140193 1.341699
    2 7.489221 0.578143 0.000000 0.218044 -0.029662 0.353238
    3 10.744785 1.561678 -1.785262 -1.652076 1.425392 3.185273
    4 6.028143 0.000001 0.000000 1.026372 0.590064 -1.154639
    5 11.692552 0.000000 0.000002 0.000000 0.000000 -1.356376
    6 10.729153 1.190567 2.070477 2.951646 -1.337433 1.796762
    7 6.028142 0.000001 0.000000 -1.482919 -0.574024 -0.593716
    8 11.692555 0.000000 0.000000 0.000000 0.000000 -0.917680
    9 15.367926 2.311089 0.261727 3.264949 -0.001306 -0.191059
    10 3.886546 -0.226573 -0.000003 -4.164270 -0.678359 0.832613
    11 17.848177 0.000000 0.000000 0.000000 0.000000 2.348309
    12 16.525253 0.000000 0.000000 0.197645 0.151690 -1.606989
    13 -3.886546 0.226573 0.000007 -0.187958 -1.099316 -2.493494
    14 17.848173 0.000000 0.000000 0.000000 0.000000 2.670209
    15 16.525257 0.000000 0.000000 -0.108289 0.000325 -1.937175
  time 22
    0 1.036745 2.476643 15.128702 2.145341 0.018277 -0.238459
    1 0.000005 3.345128 -2.981901 1.438366 0.140146 1.340968
    2 7.489221 0.578143 0.000000 0.218245 -0.029985 0.353069
    3 10.744785 1.561678 -1.785262 -1.653491 1.428038 3.183764
    4 6.028143 0.000001 0.000000 1.023613 0.589142 -1.158367
    5 11.692552 0.000000 0.000002 0.000000 0.000000 -1.355723
    6 10.729153 1.190567 2.070477 2.964706 -1.337975 1.783245
    7 6.028142 0.000001 0.000000 -1.482720 -0.573722 -0.596525
    8 11.692555 0.000000 0.000000 0.000000 0.000000 -0.917229
    9 15.367926 2.311089 0.261727 3.265839 -0.000551 -0.192563
    10 3.886546 -0.226573 -0.000003 -4.163904 -0.677820 0.832613
    11 17.848177 0.000000 0.000000 0.000000 0.000000 2.347613
    12 16.525253 0.000000 0.000000 0.197556 0.152158 -1.605900
    13 -3.886546 0.226573 0.000007 -0.186507 -1.100583 -2.493318
    14 17.848173 0.000000 0.000000 0.000000 0.000000 2.669964
    15 16.525257 0.000000 0.000000 -0.108503 0.002235 -1.936731
  time 23
    0 1.028933 2.484456 15.132609 2.145341 0.018277 -0.238459
    1 0.000005 3.345128 -2.981901 1.437425 0.140123 1.340308
    2 7.489221 0.578143 0.000000 0.218389 -0.030273 0.352921
    3 10.744785 1.561678 -1.785262 -1.654966 1.430670 3.182195
    4 6.028143 0.000001 0.000000 1.021021 0.588313 -1.162095
    5 11.692552 0.000000 0.000002 0.000000 0.000000 -1.355069
    6 10.729153 1.190567 2.070477 2.977576 -1.338473 1.769920
    7 6.028142 0.000001 0.000000 -1.482522 -0.573420 -0.599333
    8 11.692555 0.000000 0.000000 0.000000 0.000000 -0.916629
    9 15.367926 2.307183 0.261727 3.266728 0.000156 -0.194066
    10 3.886546 -0.226573 -0.000003 -4.163538 -0.677371 0.832613
    11 17.848177 0.000000 0.000000 0.000000 0.000000 2.346995
    12 16.525253 0.000000 0.000000 0.197482 0.152605 -1.604843
    13 -3.886546 0.226573 0.000007 -0.185509 -1.101763 -2.493318
    14 17.848173 0.000000 0.000000 0.000000 0.000000 2.669636
    15 16.525257 0.000000 0.000000 -0.108717 0.004025 -1.936323
  time 24
    0 1.021120 2.496175 15.136515 2.145341 0.018277 -0.238459
    1 0.000005 3.345128 -2.981901 1.436562 0.140100 1.339709
    2 7.489221 0.578143 0.000000 0.218532 -0.030549 0.352773
    3 10.744785 1.561678 -1.785262 -1.656500 1.433302 3.180626
    4 6.028143 0.000001 0.000000 1.018513 0.587530 -1.165637
    5 11.692552 0.000000 0.000002 0.000000 0.000000 -1.354416
    6 10.729153 1.190567 2.070477 2.990159 -1.338929 1.756978
    7 6.028142 0.000001 0.000000 -1.482275 -0.573194 -0.602102
    8 11.692555 0.000000 0.000000 0.000000 0.000000 -0.915953
    9 15.367926 2.307183 0.261727 3.267618 0.000851 -0.195548
    10 3.886546 -0.226573 -0.000003 -4.163172 -0.676922 0.832528
    11 17.848177 0.000000 0.000000 0.000000 0.000000 2.346377
    12 16.525253 0.000000 0.000000 0.197408 0.152992 -1.603882
    13 -3.886546 0.226573 0.000007 -0.184058 -1.102900 -2.493318
    14 17.848173 0.000000 0.000000 0.000000 0.000000 2.669391
    15 16.525257 0.000000 0.000000 -0.108913 0.005653 -1.935879
  time 25
    0 1.013307 2.503988 15.140421 2.145341 0.018277 -0.238459
    1 0.000005 3.345128 -2.981901 1.435790 0.140146 1.339182
    2 7.489221 0.578143 0.000000 0.218676 -0.030776 0.352646
    3 10.744785 1.561678 -1.785262 -1.658092 1.435904 3.178936
    4 6.028143 0.000001 0.000000 1.016172 0.586839 -1.169178
    5 11.692552 0.000000 0.000002 0.000000 0.000000 -1.353617
    6 10.729153 1.190567 2.070477 3.002171 -1.339319 1.744515
    7 6.028142 0.000001 0.000000 -1.481978 -0.572967 -0.604910
    8 11.692555 0.000000 0.000000 0.000000 0.000000 -0.915127
    9 15.367926 2.307183 0.261727 3.268458 0.001510 -0.197009
    10 3.886546 -0.226573 -0.000003 -4.162898 -0.676563 0.832528
    11 17.848177 0.000000 0.000000 0.000000 0.000000 2.345759
    12 16.525253 0.000000 0.000000 0.197348 0.153358 -1.603017
    13 -3.886546 0.226573 0.000007 -0.183060 -1.103861 -2.493318
    14 17.848173 0.000000 0.000000 0.000000 0.000000 2.669145
    15 16.525257 0.000000 0.000000 -0.109092 0.007121 -1.935434
  time 26
    0 1.005494 2.511800 15.144328 2.145341 0.018277 -0.238459
    1 0.000005 3.345128 -2.981901 1.435107 0.140193 1.338738
    2 7.489221 0.578143 0.000000 0.218762 -0.030980 0.352540
    3 10.744785 1.561678 -1.785262 -1.659744 1.438478 3.177246
    4 6.028143 0.000001 0.000000 1.013998 0.586240 -1.172627
    5 11.692552 0.000000 0.000002 0.000000 0.000000 -1.352818
    6 10.729153 1.190567 2.070477 3.013801 -1.339644 1.732628
    7 6.028142 0.000001 0.000000 -1.481631 -0.572816 -0.607639
    8 11.692555 0.000000 0.000000 0.000000 0.000000 -0.914227
    9 15.367926 2.307183 0.261727 3.269348 0.002133 -0.198470
    10 3.886546 -0.226573 -0.000003 -4.162623 -0.676294 0.832442
    11 17.848177 0.000000 0.000000 0.000000 0.000000 2.345219
    12 16.525253 0.000000 0.000000 0.197289 0.153663 -1.602249
    13 -3.886546 0.226573 0.000007 -0.181790 -1.104779 -2.493318
    14 17.848173 0.000000 0.000000 0.000000 0.000000 2.668900
    15 16.525257 0.000000 0.000000 -0.109253 0.008428 -1.934952
  time 27
    0 1.001588 2.519613 15.148234 2.145341 0.018277 -0.238459
    1 0.000005 3.345128 -2.981901 1.434540 0.140287 1.338379
    2 7.489221 0.578143 0.000000 0.218848 -0.031148 0.352455
    3 10.744785 1.561678 -1.785262 -1.661454 1.441008 3.175556
    4 6.028143 0.000001 0.000000 1.011992 0.585733 -1.175982
    5 11.692552 0.000000 0.000002 0.000000 0.000000 -1.351947
    6 10.729153 1.190567 2.070477 3.024668 -1.339947 1.721412
    7 6.028142 0.000001 0.000000 -1.481235 -0.572665 -0.610368
    8 11.692555 0.000000 0.000000 0.000000 0.000000 -0.913100
    9 15.367926 2.307183 0.261727 3.270188 0.002709 -0.199888
    10 3.886546 -0.226573 -0.000003 -4.162349 -0.676070 0.832356
    11 17.848177 0.000000 0.000000 0.000000 0.000000 2.344755
    12 16.525253 0.000000 0.000000 0.197259 0.153907 -1.601608
    13 -3.886546 0.226573 0.000007 -0.181065 -1.105522 -2.493494
    14 17.848173 0.000000 0.000000 0.000000 0.000000 2.668654
    15 16.525257 0.000000 0.000000 -0.109378 0.009534 -1.934508
  time 28
    0 0.993775 2.527426 15.152140 2.145341 0.018277 -0.238459
    1 0.000005 3.345128 -2.981901 1.434076 0.140403 1.338115
    2 7.489221 0.578143 0.000000 0.218906 -0.031256 0.352413
    3 10.744785 1.561678 -1.785262 -1.663165 1.443480 3.173745
    4 6.028143 0.000001 0.000000 1.010152 0.585318 -1.179151
    5 11.692552 0.000000 0.000002 0.000000 0.000000 -1.351003
    6 10.729153 1.190567 2.070477 3.034964 -1.340186 1.710867
    7 6.028142 0.000001 0.000000 -1.480790 -0.572628 -0.613018
    8 11.692555 0.000000 0.000000 0.000000 0.000000 -0.911899
    9 15.367926 2.307183 0.261727 3.271028 0.003224 -0.201262
    10 3.886546 -0.226573 -0.000003 -4.162166 -0.675935 0.832270
    11 17.848177 0.000000 0.000000 0.000000 0.000000 2.344292
    12 16.525253 0.000000 0.000000 0.197215 0.154111 -1.601096
    13 -3.886546 0.226573 0.000007 -0.180158 -1.106134 -2.493758
    14 17.848173 0.000000 0.000000 0.000000 0.000000 2.668409
    15 16.525257 0.000000 0.000000 -0.109485 0.010419 -1.934063
  time 29
    0 0.993775 2.531332 15.156047 2.145341 0.018277 -0.238459
    1 0.000005 3.345128 -2.981901 1.433729 0.140567 1.337959
    2 7.489221 0.578143 0.003906 0.218935 -0.031340 0.352371
    3 10.744785 1.561678 -1.785262 -1.664935 1.445894 3.171995
    4 6.028143 0.000001 0.000000 1.008564 0.584996 -1.182133
    5 11.692552 0.000000 0.000002 0.000000 0.000000 -1.350059
    6 10.729153 1.190567 2.070477 3.044401 -1.340403 1.701184
    7 6.028142 0.000001 0.000000 -1.480294 -0.572628 -0.615629
    8 11.692555 0.000000 0.000000 0.000000 0.000000 -0.910548
    9 15.367926 2.307183 0.261727 3.271868 0.003691 -0.202594
    10 3.886546 -0.226573 -0.000003 -4.161983 -0.675890 0.832185
    11 17.848177 0.000000 0.000000 0.000000 0.000000 2.343906
    12 16.525253 0.000000 0.000000 0.197200 0.154253 -1.600711
    13 -3.886546 0.226573 0.000007 -0.179342 -1.106571 -2.494287
    14 17.848173 0.000000 0.000000 0.000000 0.000000 2.668163
    15 16.525257 0.000000 0.000000 -0.109574 0.011062 -1.933618
  time 30
    0 0.989869 2.535239 15.159953 2.145341 0.018277 -0.238459
    1 0.000005 3.345128 -2.981901 1.433548 0.140801 1.337923
    2 7.489221 0.578143 0.003906 0.218935 -0.031340 0.352371
    3 10.744785 1.561678 -1.785262 -1.666704 1.448220 3.170184
    4 6.028143 0.000001 0.000000 1.007393 0.584857 -1.184930
    5 11.692552 0.000000 0.000002 0.000000 0.000000 -1.348969
    6 10.729153 1.190567 2.070477 3.052886 -1.340554 1.692460
    7 6.028142 0.000001 0.000000 -1.479502 -0.572665 -0.618279
    8 11.692555 0.000000 0.000000 0.000000 0.000000 -0.908972
    9 15.367926 2.307183 0.261727 3.272659 0.004099 -0.203904
    10 3.886546 -0.226573 -0.000003 -4.161892 -0.675935 0.832099
    11 17.848177 0.000000 0.000000 0.000000 0.000000 2.343597
    12 16.525253 0.000000 0.000000 0.197185 0.154314 -1.600487
    13 -3.886546 0.226573 0.000007 -0.178616 -1.106877 -2.494727
    14 17.848173 0.000000 0.000000 0.000000 0.000000 2.667999
    15 16.525257 0.000000 0.000000 -0.109610 0.011444 -1.933137
  time 31
    0 0.989869 2.535239 15.163859 2.145341 0.018277 -0.238459
    1 0.000005 3.345128 -2.981901 1.433522 0.141151 1.337995
    2 7.489221 0.578143 0.003906 0.218906 -0.031280 0.352413
    3 10.744785 1.561678 -1.785262 -1.668474 1.450459 3.168374
    4 6.028143 0.000001 0.000000 1.006641 0.584811 -1.187446
    5 11.692552 0.000000 0.000002 0.000000 0.000000 -1.347735
    6 10.729153 1.190567 2.070477 3.060512 -1.340706 1.684695
    7 6.028142 0.000001 0.000000 -1.478413 -0.572703 -0.621048
    8 11.692555 0.000000 0.000000 0.000000 0.000000 -0.907020
    9 15.367926 2.307183 0.261727 3.273450 0.004446 -0.205129
    10 3.886546 -0.226573 -0.000003 -4.161800 -0.676070 0.832013
    11 17.848177 0.000000 0.000000 0.000000 0.000000 2.343365
    12 16.525253 0.000000 0.000000 0.197185 0.154314 -1.600391
    13 -3.886546 0.226573 0.000007 -0.178162 -1.107009 -2.494991
    14 17.848173 0.000000 0.000000 0.000000 0.000000 2.667754
    15 16.525257 0.000000 0.000000 -0.109627 0.011585 -1.932692
  time 32
    0 0.993775 2.535239 15.167766 2.145341 0.018277 -0.238459
    1 0.000005 3.345128 -2.981901 1.433651 0.141572 1.338163
    2 7.489221 0.578143 0.000000 0.218848 -0.031148 0.352476
    3 10.744785 1.561678 -1.785262 -1.670243 1.452597 3.166623
    4 6.028143 0.000001 0.000000 1.006306 0.584903 -1.189776
    5 11.692552 0.000000 0.000002 0.000000 0.000000 -1.346355
    6 10.729153 1.190567 2.070477 3.066995 -1.340814 1.677985
    7 6.028142 0.000001 0.000000 -1.477027 -0.572816 -0.623935
    8 11.692555 0.000000 0.000000 0.000000 0.000000 -0.904768
    9 15.367926 2.307183 0.257820 3.274191 0.004722 -0.206310
    10 3.886546 -0.226573 -0.000003 -4.161800 -0.676339 0.831841
    11 17.848177 0.000000 0.000000 0.000000 0.000000 2.343133
    12 16.525253 0.000000 0.000000 0.197200 0.154253 -1.600455
    13 -3.886546 0.226573 0.000007 -0.177437 -1.106965 -2.495696
    14 17.848173 0.000000 0.000000 0.000000 0.000000 2.667590
    15 16.525257 0.000000 0.000000 -0.109610 0.011444 -1.932248
  time 33
    0 0.993775 2.535239 15.171672 2.145341 0.018277 -0.238459
    1 0.000005 3.345128 -2.981901 1.433909 0.142086 1.338439
    2 7.489221 0.578143 0.000000 0.218762 -0.030956 0.352561
    3 10.744785 1.561678 -1.785262 -1.672013 1.454618 3.164813
    4 6.028143 0.000001 0.000000 1.006306 0.585088 -1.191920
    5 11.692552 0.000000 0.000002 0.000000 0.000000 -1.344830
    6 10.729153 1.190567 2.070477 3.072428 -1.340901 1.672520
    7 6.028142 0.000001 0.000000 -1.475442 -0.572892 -0.626743
    8 11.692555 0.000000 0.000000 0.000000 0.000000 -0.902215
    9 15.367926 2.307183 0.257820 3.274933 0.004926 -0.207427
    10 3.886546 -0.226573 -0.000003 -4.161709 -0.676698 0.831670
    11 17.848177 0.000000 0.000000 0.000000 0.000000 2.342979
    12 16.525253 0.000000 0.000000 0.197215 0.154131 -1.600679
    13 -3.886546 0.226573 0.000007 -0.177165 -1.106790 -2.496488
    14 17.848173 0.000000 0.000000 0.000000 0.000000 2.667344
    15 16.525257 0.000000 0.000000 -0.109574 0.011082 -1.931692
  time 34
    0 0.997682 2.531332 15.175579 2.145341 0.018277 -0.238459
    1 0.000005 3.345128 -2.981901 1.434295 0.142670 1.338798
    2 7.489221 0.578143 0.000000 0.218647 -0.030705 0.352688
    3 10.744785 1.561678 -1.785262 -1.673841 1.456523 3.163062
    4 6.028143 0.000001 0.000000 1.006641 0.585410 -1.193877
    5 11.692552 0.000000 0.000002 0.000000 0.000000 -1.343233
    6 10.729153 1.190567 2.070477 3.076527 -1.340966 1.668302
    7 6.028142 0.000001 0.000000 -1.473660 -0.573043 -0.629512
    8 11.692555 0.000000 0.000000 0.000000 0.000000 -0.899588
    9 15.367926 2.307183 0.257820 3.275575 0.005046 -0.208458
    10 3.886546 -0.226573 -0.000003 -4.161709 -0.677192 0.831498
    11 17.848177 0.000000 0.000000 0.000000 0.000000 2.342824
    12 16.525253 0.000000 0.000000 0.197245 0.153948 -1.601032
    13 -3.886546 0.226573 0.000007 -0.176983 -1.106484 -2.497457
    14 17.848173 0.000000 0.000000 0.000000 0.000000 2.667099
    15 16.525257 0.000000 0.000000 -0.109502 0.010499 -1.931136
  time 35
    0 1.001588 2.527426 15.183391 2.145341 0.018277 -0.238459
    1 0.000005 3.345128 -2.981901 1.434772 0.143324 1.339230
    2 7.489221 0.578143 0.000000 0.218532 -0.030417 0.352815
    3 10.744785 1.561678 -1.785262 -1.675552 1.458296 3.161372
    4 6.028143 0.000001 0.000000 1.007142 0.585871 -1.195555
    5 11.692552 0.000000 0.000002 0.000000 0.000000 -1.341562
    6 10.729153 1.190567 2.070477 3.079387 -1.341031 1.665426
    7 6.028142 0.000001 0.000000 -1.471828 -0.573194 -0.632083
    8 11.692555 0.000000 0.000000 0.000000 0.000000 -0.896735
    9 15.367926 2.307183 0.257820 3.276218 0.005093 -0.209425
    10 3.886546 -0.226573 -0.000003 -4.161800 -0.677775 0.831241
    11 17.848177 0.000000 0.000000 0.000000 0.000000 2.342670
    12 16.525253 0.000000 0.000000 0.197289 0.153724 -1.601480
    13 -3.886546 0.226573 0.000007 -0.176711 -1.106003 -2.498162
    14 17.848173 0.000000 0.000000 0.000000 0.000000 2.666772
    15 16.525257 0.000000 0.000000 -0.109413 0.009715 -1.930506
  time 36
    0 1.009401 2.523520 15.187298 2.145341 0.018277 -0.238459
    1 0.000005 3.345128 -2.981901 1.435352 0.144025 1.339733
    2 7.489221 0.578143 0.000000 0.218389 -0.030093 0.352984
    3 10.744785 1.561678 -1.785262 -1.677203 1.459910 3.159803
    4 6.028143 0.000001 0.000000 1.007895 0.586424 -1.197139
    5 11.692552 0.000000 0.000002 0.000000 0.000000 -1.339747
    6 10.729153 1.190567 2.070477 3.080817 -1.341053 1.663988
    7 6.028142 0.000001 0.000000 -1.469897 -0.573383 -0.634417
    8 11.692555 0.000000 0.000000 0.000000 0.000000 -0.893882
    9 15.367926 2.307183 0.257820 3.276860 0.004998 -0.210413
    10 3.886546 -0.226573 -0.000003 -4.161800 -0.678448 0.830898
    11 17.848177 0.000000 0.000000 0.000000 0.000000 2.342592
    12 16.525253 0.000000 0.000000 0.197334 0.153460 -1.602057
    13 -3.886546 0.226573 0.000007 -0.176439 -1.105479 -2.499395
    14 17.848173 0.000000 0.000000 0.000000 0.000000 2.666526
    15 16.525257 0.000000 0.000000 -0.109288 0.008750 -1.929839
  time 37
    0 1.013307 2.519613 15.195110 2.145341 0.018277 -0.238459
    1 0.000005 3.345128 -2.981901 1.435996 0.144749 1.340308
    2 7.489221 0.578143 0.000000 0.218216 -0.029734 0.353154
    3 10.744785 1.561678 -1.785262 -1.678796 1.461394 3.158234
    4 6.028143 0.000001 0.000000 1.008814 0.587069 -1.198444
    5 11.692552 0.000000 0.000002 0.000000 0.000000 -1.337786
    6 10.729153 1.190567 2.070477 3.080817 -1.341075 1.664180
    7 6.028142 0.000001 0.000000 -1.468016 -0.573571 -0.636434
    8 11.692555 0.000000 0.000000 0.000000 0.000000 -0.891030
    9 15.367926 2.311089 0.257820 3.277404 0.004746 -0.211487
    10 3.886546 -0.226573 -0.000003 -4.161892 -0.679212 0.830641
    11 17.848177 0.000000 0.000000 0.000000 0.000000 2.342438
    12 16.525253 0.000000 0.000000 0.197378 0.153154 -1.602729
    13 -3.886546 0.226573 0.000007 -0.176167 -1.104779 -2.500363
    14 17.848173 0.000000 0.000000 0.000000 0.000000 2.666199
    15 16.525257 0.000000 0.000000 -0.109163 0.007604 -1.929172
  time 38
    0 1.021120 2.511800 15.202923 2.145341 0.018277 -0.238459
    1 0.000005 3.345128 -2.981901 1.436691 0.145497 1.340920
    2 7.489221 0.578143 0.000000 0.218044 -0.029350 0.353344
    3 10.744785 1.561678 -1.785262 -1.680271 1.462688 3.156846
    4 6.028143 0.000001 0.000000 1.009734 0.587760 -1.199656
    5 11.692552 0.000000 0.000002 0.000000 0.000000 -1.335826
    6 10.729153 1.190567 2.070477 3.079483 -1.341096 1.665618
    7 6.028142 0.000001 0.000000 -1.466184 -0.573798 -0.638135
    8 11.692555 0.000000 0.000000 0.000000 0.000000 -0.888252
    9 15.367926 2.311089 0.257820 3.277997 0.004338 -0.212647
    10 3.886546 -0.226573 -0.000003 -4.161892 -0.680019 0.830298
    11 17.848177 0.000000 0.000000 0.000000 0.000000 2.342438
    12 16.525253 0.000000 0.000000 0.197438 0.152829 -1.603498
    13 -3.886546 0.226573 0.000007 -0.176167 -1.104036 -2.501861
    14 17.848173 0.000000 0.000000 0.000000 0.000000 2.665871
    15 16.525257 0.000000 0.000000 -0.109003 0.006317 -1.928431
  time 39
    0 1.028933 2.503988 15.210736 2.145341 0.018277 -0.238459
    1 0.000005 3.345128 -2.981901 1.437438 0.146268 1.341579
    2 7.489221 0.578143 0.000000 0.217871 -0.028967 0.353535
    3 10.744785 1.565584 -1.785262 -1.681627 1.463822 3.155578
    4 6.028143 0.000001 0.000000 1.010737 0.588589 -1.200681
    5 11.692552 0.000000 0.000002 0.000000 0.000000 -1.333792
    6 10.729153 1.190567 2.070477 3.077099 -1.341075 1.668015
    7 6.028142 0.000001 0.000000 -1.464501 -0.574062 -0.639559
    8 11.692555 0.000000 0.000000 0.000000 0.000000 -0.885474
    9 15.367926 2.311089 0.257820 3.278491 0.003787 -0.213850
    10 3.886546 -0.226573 -0.000003 -4.161983 -0.680917 0.829954
    11 17.848177 0.000000 0.000000 0.000000 0.000000 2.342361
    12 16.525253 0.000000 0.000000 0.197512 0.152442 -1.604363
    13 -3.886546 0.226573 0.000007 -0.176167 -1.103162 -2.502829
    14 17.848173 0.000000 0.000000 0.000000 0.000000 2.665544
    15 16.525257 0.000000 0.000000 -0.108824 0.004889 -1.927690
  time 40
    0 1.040652 2.496175 15.214642 2.145341 0.018277 -0.238459
    1 0.000005 3.345128 -2.981901 1.438211 0.147039 1.342274
    2 7.489221 0.578143 0.000000 0.217670 -0.028559 0.353746
    3 10.744785 1.565584 -1.785262 -1.682807 1.464767 3.154431
    4 6.028143 0.000001 0.000000 1.011657 0.589465 -1.201426
    5 11.692552 0.000000 0.000002 0.000000 0.000000 -1.331686
    6 10.729153 1.190567 2.070477 3.073858 -1.341075 1.671466
    7 6.028142 0.000001 0.000000 -1.462916 -0.574288 -0.640666
    8 11.692555 0.000000 0.000000 0.000000 0.000000 -0.882847
    9 15.364020 2.311089 0.257820 3.279035 0.003116 -0.215117
    10 3.886546 -0.226573 -0.000003 -4.162075 -0.681905 0.829526
    11 17.848177 0.000000 0.000000 0.000000 0.000000 2.342361
    12 16.525253 0.000000 0.000000 0.197586 0.152035 -1.605292
    13 -3.886546 0.226573 0.000007 -0.176167 -1.102244 -2.504238
    14 17.848173 0.000000 0.000000 0.000000 0.000000 2.665216
    15 16.525257 0.000000 0.000000 -0.108646 0.003341 -1.926912
  time 41
    0 1.048465 2.488362 15.222455 2.145341 0.018277 -0.238459
    1 0.000005 3.345128 -2.981901 1.438984 0.147810 1.342993
    2 7.489221 0.578143 0.000000 0.217469 -0.028152 0.353958
    3 10.744785 1.565584 -1.785262 -1.683810 1.465523 3.153526
    4 6.028143 0.000001 0.000000 1.012577 0.590432 -1.202172
    5 11.692552 0.000000 0.000002 0.000000 0.000000 -1.329581
    6 10.729153 1.190567 2.070477 3.069759 -1.341053 1.675876
    7 6.028142 0.000001 0.000000 -1.461579 -0.574553 -0.641417
    8 11.692555 0.000000 0.000000 0.000000 0.000000 -0.880370
    9 15.364020 2.311089 0.257820 3.279529 0.002337 -0.216428
    10 3.886546 -0.226573 -0.000003 -4.162257 -0.682892 0.829183
    11 17.848177 0.000000 0.000000 0.000000 0.000000 2.342283
    12 16.525253 0.000000 0.000000 0.197660 0.151588 -1.606285
    13 -3.886546 0.226573 0.000007 -0.176167 -1.101239 -2.506000
    14 17.848173 0.000000 0.000000 0.000000 0.000000 2.664889
    15 16.525257 0.000000 0.000000 -0.108449 0.001672 -1.926134
  time 42
    0 1.060184 2.480549 15.230268 2.145341 0.018277 -0.238459
    1 0.000005 3.345128 -2.981901 1.439757 0.148557 1.343736
    2 7.489221 0.582049 0.000000 0.217239 -0.027756 0.354169
    3 10.744785 1.565584 -1.785262 -1.684635 1.466076 3.152802
    4 6.028143 0.000001 0.000000 1.013329 0.591446 -1.202638
    5 11.692552 0.000000 0.000002 0.000000 0.000000 -1.327402
    6 10.729153 1.190567 2.070477 3.064707 -1.340988 1.681052
    7 6.028142 0.000001 0.000000 -1.460490 -0.574817 -0.641773
    8 11.692555 0.000000 0.000000 0.000000 0.000000 -0.878117
    9 15.364020 2.311089 0.257820 3.280024 0.001450 -0.217759
    10 3.886546 -0.226573 -0.000003 -4.162349 -0.683969 0.828754
    11 17.848177 0.000000 0.000000 0.000000 0.000000 2.342361
    12 16.525253 0.000000 0.000000 0.197749 0.151120 -1.607309
    13 -3.886546 0.226573 0.000007 -0.176167 -1.100146 -2.507233
    14 17.848173 0.000000 0.000000 0.000000 0.000000 2.664562
    15 16.525257 0.000000 0.000000 -0.108235 -0.000097 -1.925356
  time 43
    0 1.071903 2.468830 15.238081 2.145341 0.018277 -0.238459
    1 0.000005 3.345128 -2.981901 1.440504 0.149258 1.344479
    2 7.489221 0.582049 0.000000 0.217038 -0.027385 0.354381
    3 10.744785 1.565584 -1.785262 -1.685225 1.466410 3.152258
    4 6.028143 0.000001 0.000000 1.013831 0.592506 -1.203011
    5 11.692552 0.000000 0.000002 0.000000 0.000000 -1.325223
    6 10.729153 1.190567 2.070477 3.058892 -1.340923 1.687092
    7 6.028142 0.000001 0.000000 -1.459748 -0.575081 -0.641694
    8 11.692555 0.000000 0.000000 0.000000 0.000000 -0.876091
    9 15.364020 2.311089 0.257820 3.280468 0.000479 -0.219113
    10 3.886546 -0.226573 -0.000003 -4.162532 -0.685047 0.828411
    11 17.848177 0.000000 0.000000 0.000000 0.000000 2.342361
    12 16.525253 0.000000 0.000000 0.197823 0.150611 -1.608431
    13 -3.886546 0.226573 0.000007 -0.176167 -1.099053 -2.508642
    14 17.848173 0.000000 0.000000 0.000000 0.000000 2.664234
    15 16.525257 0.000000 0.000000 -0.108003 -0.001947 -1.924541
  time 44
    0 1.079715 2.461018 15.245893 2.145341 0.018277 -0.238459
    1 0.000005 3.345128 -2.981901 1.441225 0.149936 1.345222
    2 7.489221 0.582049 0.000000 0.216808 -0.027025 0.354593
    3 10.744785 1.565584 -1.785262 -1.685579 1.466512 3.152017
    4 6.028143 0.000001 0.000000 1.014165 0.593611 -1.203197
    5 11.692552 0.000000 0.000002 0.000000 0.000000 -1.323045
    6 10.729153 1.190567 2.070477 3.052314 -1.340836 1.693994
    7 6.028142 0.000001 0.000000 -1.459401 -0.575345 -0.641101
    8 11.692555 0.000000 0.000000 0.000000 0.000000 -0.874514
    9 15.364020 2.311089 0.257820 3.280963 -0.000539 -0.220466
    10 3.886546 -0.226573 -0.000003 -4.162623 -0.686169 0.827982
    11 17.848177 0.000000 0.000000 0.000000 0.000000 2.342438
    12 16.525253 0.000000 0.000000 0.197912 0.150103 -1.609552
    13 -3.886546 0.226573 0.000007 -0.176439 -1.097917 -2.510139
    14 17.848173 0.000000 0.000000 0.000000 0.000000 2.663907
    15 16.525257 0.000000 0.000000 -0.107789 -0.003857 -1.923726
  time 45
    0 1.091435 2.449298 15.253706 2.145341 0.018277 -0.238459
    1 0.000005 3.345128 -2.981901 1.441882 0.150543 1.345953
    2 7.489221 0.582049 -0.003906 0.216607 -0.026690 0.354783
    3 10.744785 1.565584 -1.785262 -1.685697 1.466381 3.152017
    4 6.028143 0.000001 0.000000 1.014333 0.594809 -1.203197
    5 11.692552 0.000000 0.000002 0.000000 0.000000 -1.320794
    6 10.729153 1.190567 2.070477 3.044973 -1.340728 1.701568
    7 6.028142 0.000001 0.000000 -1.459351 -0.575458 -0.640112
    8 11.692555 0.000000 0.000000 0.000000 0.000000 -0.873238
    9 15.364020 2.314996 0.257820 3.281407 -0.001642 -0.221798
    10 3.886546 -0.226573 -0.000003 -4.162806 -0.687291 0.827639
    11 17.848177 0.000000 0.000000 0.000000 0.000000 2.342438
    12 16.525253 0.000000 0.000000 0.198016 0.149574 -1.610737
    13 -3.886546 0.226573 0.000007 -0.176439 -1.096693 -2.511636
    14 17.848173 0.000000 0.000000 0.000000 0.000000 2.663579
    15 16.525257 0.000000 0.000000 -0.107539 -0.005827 -1.922911
  time 46
    0 1.103154 2.437579 15.261519 2.145341 0.018277 -0.238459
    1 0.000005 3.345128 -2.981901 1.442475 0.151104 1.346672
    2 7.489221 0.582049 -0.003906 0.216377 -0.026402 0.354974
    3 10.744785 1.565584 -1.785262 -1.685520 1.466017 3.152258
    4 6.028143 0.000001 0.000000 1.014500 0.596099 -1.203104
    5 11.692552 0.000000 0.000002 0.000000 0.000000 -1.318543
    6 10.729153 1.190567 2.070477 3.036966 -1.340576 1.709908
    7 6.028142 0.000001 0.000000 -1.459549 -0.575345 -0.638728
    8 11.692555 0.000000 0.000000 0.000000 0.000000 -0.872637
    9 15.364020 2.314996 0.257820 3.281852 -0.002780 -0.223108
    10 3.886546 -0.226573 -0.000003 -4.162989 -0.688458 0.827210
    11 17.848177 0.000000 0.000000 0.000000 0.000000 2.342515
    12 16.525253 0.000000 0.000000 0.198105 0.149025 -1.611922
    13 -3.886546 0.226573 0.000007 -0.176711 -1.095469 -2.513309
    14 17.848173 0.000000 0.000000 0.000000 0.000000 2.663252
    15 16.525257 0.000000 0.000000 -0.107307 -0.007838 -1.922133
  time 47
    0 1.114873 2.429767 15.269331 2.145341 0.018277 -0.238459
    1 0.000005 3.345128 -2.981901 1.442977 0.151571 1.347367
    2 7.489221 0.582049 -0.003906 0.216175 -0.026150 0.355164
    3 10.744785 1.565584 -1.785262 -1.685107 1.465436 3.152741
    4 6.028143 0.000001 0.000000 1.014667 0.597528 -1.202824
    5 11.692552 0.000000 0.000002 0.000000 0.000000 -1.316219
    6 10.729153 1.190567 2.070477 3.028386 -1.340403 1.718823
    7 6.028142 0.000001 0.000000 -1.459946 -0.574968 -0.636948
    8 11.692555 0.000000 0.000000 0.000000 0.000000 -0.872487
    9 15.364020 2.314996 0.257820 3.282347 -0.003943 -0.224397
    10 3.886546 -0.226573 -0.000003 -4.163264 -0.689580 0.826867
    11 17.848177 0.000000 0.000000 0.000000 0.000000 2.342592
    12 16.525253 0.000000 0.000000 0.198209 0.148475 -1.613139
    13 -3.886546 0.226573 0.000007 -0.176983 -1.094245 -2.514806
    14 17.848173 0.000000 0.000000 0.000000 0.000000 2.662925
    15 16.525257 0.000000 0.000000 -0.107057 -0.009868 -1.921318
  time 48
    0 1.126592 2.418048 15.277144 2.145341 0.018277 -0.238459
    1 0.000005 3.345128 -2.981901 1.443376 0.151968 1.348026
    2 7.489221 0.582049 -0.003906 0.215974 -0.025959 0.355333
    3 10.744785 1.565584 -1.785262 -1.684458 1.464636 3.153466
    4 6.028143 0.000001 0.000000 1.014667 0.599048 -1.202358
    5 11.692552 0.000000 0.000002 0.000000 0.000000 -1.313823
    6 10.729153 1.190567 2.070477 3.019139 -1.340207 1.728410
    7 6.028142 0.000001 0.000000 -1.460589 -0.574213 -0.634852
    8 11.692555 0.000000 0.000000 0.000000 0.000000 -0.873088
    9 15.364020 2.314996 0.257820 3.282791 -0.005129 -0.225621
    10 3.886546 -0.226573 -0.000003 -4.163447 -0.690747 0.826438
    11 17.848177 0.000000 0.000000 0.000000 0.000000 2.342747
    12 16.525253 0.000000 0.000000 0.198298 0.147906 -1.614356
    13 -3.886546 0.226573 0.000007 -0.176983 -1.093021 -2.516215
    14 17.848173 0.000000 0.000000 0.000000 0.000000 2.662597
    15 16.525257 0.000000 0.000000 -0.106825 -0.011919 -1.920540
  time 49
    0 1.138311 2.406328 15.281051 2.145341 0.018277 -0.238459
    1 0.000005 3.345128 -2.981901 1.443660 0.152249 1.348638
    2 7.489221 0.582049 -0.003906 0.215773 -0.025827 0.355482
    3 10.744785 1.565584 -1.785262 -1.683574 1.463647 3.154371
    4 6.028143 0.000001 0.000000 1.014751 0.600707 -1.201892
    5 11.692552 0.000000 0.000002 0.000000 0.000000 -1.311499
    6 10.729153 1.190567 2.070477 3.009416 -1.339947 1.738476
    7 6.028142 0.000001 0.000000 -1.461431 -0.573118 -0.632320
    8 11.692555 0.000000 0.000000 0.000000 0.000000 -0.874364
    9 15.364020 2.314996 0.257820 3.283286 -0.006316 -0.226781
    10 3.886546 -0.226573 -0.000003 -4.163630 -0.691869 0.826095
    11 17.848177 0.000000 0.000000 0.000000 0.000000 2.342824
    12 16.525253 0.000000 0.000000 0.198402 0.147336 -1.615573
    13 -3.886546 0.226573 0.000007 -0.177165 -1.091797 -2.517977
    14 17.848173 0.000000 0.000000 0.000000 0.000000 2.662352
    15 16.525257 0.000000 0.000000 -0.106575 -0.013950 -1.919798
  time 50
    0 1.150030 2.398516 15.288863 2.145341 0.018277 -0.238459
    1 0.000005 3.345128 -2.981901 1.443814 0.152412 1.349201
    2 7.489221 0.582049 -0.003906 0.215601 -0.025755 0.355609
    3 10.744785 1.565584 -1.785262 -1.682571 1.462455 3.155518
    4 6.028143 0.000001 0.000000 1.014667 0.602457 -1.201240
    5 11.692552 0.000000 0.000002 0.000000 0.000000 -1.309248
    6 10.729153 1.190567 2.070477 2.999120 -1.339644 1.749117
    7 6.028142 0.000001 0.000000 -1.462570 -0.571646 -0.629433
    8 11.692555 0.000000 0.000000 0.000000 0.000000 -0.876316
    9 15.364020 2.314996 0.257820 3.283780 -0.007490 -0.227855
    10 3.886546 -0.226573 -0.000003 -4.163904 -0.692991 0.825752
    11 17.848177 0.000000 0.000000 0.000000 0.000000 2.342979
    12 16.525253 0.000000 0.000000 0.198506 0.146766 -1.616758
    13 -3.886546 0.226573 0.000007 -0.177437 -1.090573 -2.519210
    14 17.848173 0.000000 0.000000 0.000000 0.000000 2.662024
    15 16.525257 0.000000 0.000000 -0.106325 -0.015981 -1.919057
  time 51
    0 1.161749 2.386797 15.296676 2.145341 0.018277 -0.238459
    1 0.000005 3.345128 -2.981901 1.443814 0.152482 1.349704
    2 7.489221 0.582049 -0.003906 0.215428 -0.025755 0.355714
    3 10.744785 1.565584 -1.785262 -1.681332 1.461103 3.156785
    4 6.028143 0.000001 0.000000 1.014500 0.604254 -1.200401
    5 11.692552 0.000000 0.000002 0.000000 0.000000 -1.306996
    6 10.729153 1.190567 2.070477 2.988348 -1.339319 1.760141
    7 6.028142 0.000001 0.000000 -1.463956 -0.569759 -0.626190
    8 11.692555 0.000000 0.000000 0.000000 0.000000 -0.879093
    9 15.364020 2.314996 0.257820 3.284274 -0.008641 -0.228865
    10 3.886546 -0.226573 -0.000003 -4.164179 -0.694069 0.825494
    11 17.848177 0.000000 0.000000 0.000000 0.000000 2.343133
    12 16.525253 0.000000 0.000000 0.198610 0.146177 -1.617943
    13 -3.886546 0.226573 0.000007 -0.177890 -1.089350 -2.520883
    14 17.848173 0.000000 0.000000 0.000000 0.000000 2.661779
    15 16.525257 0.000000 0.000000 -0.106093 -0.017991 -1.918391
  time 52
    0 1.173468 2.375077 15.300582 2.145341 0.018277 -0.238459
    1 0.000005 3.345128 -2.981901 1.443647 0.152389 1.350124
    2 7.489221 0.582049 -0.003906 0.215256 -0.025839 0.355799
    3 10.744785 1.565584 -1.785262 -1.679917 1.459561 3.158234
    4 6.028143 0.000001 0.000000 1.014333 0.606143 -1.199562
    5 11.692552 0.000000 0.000002 0.000000 0.000000 -1.304891
    6 10.729153 1.190567 2.070477 2.977194 -1.338929 1.771645
    7 6.028142 0.000001 0.000000 -1.465590 -0.567381 -0.622511
    8 11.692555 0.000000 0.000000 0.000000 0.000000 -0.882772
    9 15.364020 2.314996 0.257820 3.284818 -0.009743 -0.229745
    10 3.886546 -0.226573 -0.000003 -4.164453 -0.695146 0.825237
    11 17.848177 0.000000 0.000000 0.000000 0.000000 2.343288
    12 16.525253 0.000000 0.000000 0.198699 0.145607 -1.619097
    13 -3.886546 0.226573 0.000007 -0.178162 -1.088169 -2.522380
    14 17.848173 0.000000 0.000000 0.000000 0.000000 2.661533
    15 16.525257 0.000000 0.000000 -0.105861 -0.019942 -1.917724
  time 53
    0 1.185187 2.367265 15.304489 2.145341 0.018277 -0.238459
    1 0.000005 3.345128 -2.981901 1.443299 0.152179 1.350483
    2 7.489221 0.582049 -0.003906 0.215112 -0.026019 0.355863
    3 10.744785 1.565584 -1.785262 -1.678383 1.457875 3.159803
    4 6.028143 0.000001 0.000000 1.013998 0.608125 -1.198630
    5 11.692552 0.000000 0.000002 0.000000 0.000000 -1.302857
    6 10.729153 1.190567 2.070477 2.965755 -1.338473 1.783437
    7 6.028142 0.000001 0.000000 -1.467521 -0.564513 -0.618477
    8 11.692555 0.000000 0.000000 0.000000 0.000000 -0.887276
    9 15.364020 2.314996 0.257820 3.285361 -0.010810 -0.230519
    10 3.886546 -0.226573 -0.000003 -4.164728 -0.696133 0.824980
    11 17.848177 0.000000 0.000000 0.000000 0.000000 2.343442
    12 16.525253 0.000000 0.000000 0.198803 0.145058 -1.620218
    13 -3.886546 0.226573 0.000007 -0.178435 -1.087033 -2.523525
    14 17.848173 0.000000 0.000000 0.000000 0.000000 2.661369
    15 16.525257 0.000000 0.000000 -0.105629 -0.021832 -1.917094
  time 54
    0 1.196907 2.355546 15.312302 2.145341 0.018277 -0.238459
    1 0.000005 3.345128 -2.981901 1.442758 0.151805 1.350783
    2 7.489221 0.582049 -0.003906 0.214997 -0.026294 0.355884
    3 10.744785 1.565584 -1.785262 -1.676731 1.456043 3.161433
    4 6.028143 0.000001 0.000000 1.013497 0.610198 -1.197698
    5 11.692552 0.000000 0.000002 0.000000 0.000000 -1.300969
    6 10.729153 1.190567 2.070477 2.953934 -1.337996 1.795612
    7 6.028142 0.000001 0.000000 -1.469749 -0.561116 -0.614047
    8 11.692555 0.000000 0.000000 0.000000 0.000000 -0.892681
    9 15.364020 2.314996 0.257820 3.285905 -0.011793 -0.231163
    10 3.886546 -0.226573 -0.000003 -4.165002 -0.697121 0.824722
    11 17.848177 0.000000 0.000000 0.000000 0.000000 2.343597
    12 16.525253 0.000000 0.000000 0.198907 0.144488 -1.621275
    13 -3.886546 0.226573 0.000007 -0.178435 -1.085896 -2.525022
    14 17.848173 0.000000 0.000000 0.000000 0.000000 2.661206
    15 16.525257 0.000000 0.000000 -0.105414 -0.023661 -1.916501
  time 55
    0 1.208626 2.347733 15.316208 2.145341 0.018277 -0.238459
    1 0.000005 3.345128 -2.981901 1.442024 0.151267 1.351047
    2 7.489221 0.582049 0.000000 0.214853 -0.026654 0.355905
    3 10.744785 1.565584 -1.785262 -1.675021 1.454080 3.163243
    4 6.028143 0.000001 0.000000 1.012828 0.612363 -1.196580
    5 11.692552 0.000000 0.000002 0.000000 0.000000 -1.299299
    6 10.729153 1.190567 2.070477 2.941827 -1.337433 1.807978
    7 6.028142 0.000001 0.000000 -1.472224 -0.557228 -0.609340
    8 11.692555 0.000000 0.000000 0.000000 0.000000 -0.898912
    9 15.364020 2.314996 0.257820 3.286498 -0.012704 -0.231679
    10 3.886546 -0.226573 -0.000003 -4.165368 -0.697974 0.824551
    11 17.848177 0.000000 0.000000 0.000000 0.000000 2.343751
    12 16.525253 0.000000 0.000000 0.198996 0.143959 -1.622300
    13 -3.886546 0.226573 0.000007 -0.178616 -1.084847 -2.525991
    14 17.848173 0.000000 0.000000 0.000000 0.000000 2.661042
    15 16.525257 0.000000 0.000000 -0.105200 -0.025411 -1.915982
  time 56
    0 1.220345 2.339920 15.316208 2.145341 0.018277 -0.238459
    1 0.000005 3.345128 -2.981901 1.441122 0.150613 1.351310
    2 7.489221 0.582049 0.000000 0.214709 -0.027097 0.355905
    3 10.744785 1.565584 -1.785262 -1.673192 1.451971 3.165054
    4 6.028143 0.000001 0.000000 1.012075 0.614575 -1.195461
    5 11.692552 0.000000 0.000002 0.000000 0.000000 -1.297774
    6 10.729153 1.190567 2.070477 2.929625 -1.336848 1.820633
    7 6.028142 0.000001 0.000000 -1.474947 -0.552925 -0.604317
    8 11.692555 0.000000 0.000000 0.000000 0.000000 -0.905819
    9 15.364020 2.314996 0.257820 3.287141 -0.013531 -0.232001
    10 3.886546 -0.226573 -0.000003 -4.165643 -0.698827 0.824379
    11 17.848177 0.000000 0.000000 0.000000 0.000000 2.343983
    12 16.525253 0.000000 0.000000 0.199085 0.143430 -1.623228
    13 -3.886546 0.226573 0.000007 -0.178888 -1.083842 -2.527488
    14 17.848173 0.000000 0.000000 0.000000 0.000000 2.660960
    15 16.525257 0.000000 0.000000 -0.105004 -0.027059 -1.915538
  time 57
    0 1.228158 2.332107 15.320114 2.145341 0.018277 -0.238459
    1 0.000005 3.345128 -2.981901 1.440066 0.149842 1.351538
    2 7.489221 0.582049 0.000000 0.214566 -0.027624 0.355884
    3 10.744785 1.565584 -1.785262 -1.671364 1.449761 3.166925
    4 6.028143 0.000001 0.000000 1.011155 0.616879 -1.194250
    5 11.692552 0.000000 0.000002 0.000000 0.000000 -1.296394
    6 10.729153 1.190567 2.070477 2.917137 -1.336197 1.833383
    7 6.028142 0.000001 0.000000 -1.477918 -0.548208 -0.599096
    8 11.692555 0.000000 0.000000 0.000000 0.000000 -0.913251
    9 15.364020 2.314996 0.257820 3.287783 -0.014226 -0.232173
    10 3.886546 -0.226573 -0.000003 -4.166008 -0.699590 0.824294
    11 17.848177 0.000000 0.000000 0.000000 0.000000 2.344215
    12 16.525253 0.000000 0.000000 0.199174 0.142922 -1.624093
    13 -3.886546 0.226573 0.000007 -0.179160 -1.082924 -2.528456
    14 17.848173 0.000000 0.000000 0.000000 0.000000 2.660878
    15 16.525257 0.000000 0.000000 -0.104825 -0.028587 -1.915093
  time 58
    0 1.235970 2.324295 15.320114 2.145341 0.018277 -0.238459
    1 0.000005 3.345128 -2.981901 1.438868 0.148954 1.351754
    2 7.489221 0.582049 0.000000 0.214422 -0.028224 0.355841
    3 10.744785 1.565584 -1.785262 -1.669417 1.447435 3.168856
    4 6.028143 0.000001 0.000000 1.010069 0.619182 -1.192945
    5 11.692552 0.000000 0.000002 0.000000 0.000000 -1.295305
    6 10.729153 1.190567 2.070477 2.904649 -1.335504 1.846229
    7 6.028142 0.000001 0.000000 -1.481087 -0.543150 -0.593677
    8 11.692555 0.000000 0.000000 0.000000 0.000000 -0.921283
    9 15.364020 2.314996 0.257820 3.288525 -0.014813 -0.232151
    10 3.886546 -0.226573 -0.000003 -4.166374 -0.700218 0.824208
    11 17.848177 0.000000 0.000000 0.000000 0.000000 2.344369
    12 16.525253 0.000000 0.000000 0.199263 0.142433 -1.624894
    13 -3.886546 0.226573 0.000007 -0.179160 -1.082094 -2.529425
    14 17.848173 0.000000 0.000000 0.000000 0.000000 2.660878
    15 16.525257 0.000000 0.000000 -0.104647 -0.030015 -1.914760
  time 59
    0 1.247689 2.320388 15.324021 2.145341 0.018277 -0.238459
    1 0.000005 3.345128 -2.981901 1.437554 0.147973 1.351957
    2 7.489221 0.582049 0.000000 0.214278 -0.028883 0.355799
    3 10.744785 1.565584 -1.785262 -1.667530 1.444992 3.170788
    4 6.028143 0.000001 0.000000 1.008898 0.621486 -1.191547
    5 11.692552 0.000000 0.000002 0.000000 0.000000 -1.294361
    6 10.729153 1.190567 2.070477 2.892065 -1.334745 1.859170
    7 6.028142 0.000001 0.000000 -1.484354 -0.537828 -0.588100
    8 11.692555 0.000000 0.000000 0.000000 0.000000 -0.929766
    9 15.364020 2.314996 0.257820 3.289266 -0.015244 -0.231915
    10 3.886546 -0.226573 -0.000003 -4.166740 -0.700801 0.824208
    11 17.848177 0.000000 0.000000 0.000000 0.000000 2.344601
    12 16.525253 0.000000 0.000000 0.199337 0.141965 -1.625599
    13 -3.886546 0.226573 0.000007 -0.179342 -1.081307 -2.530394
    14 17.848173 0.000000 0.000000 0.000000 0.000000 2.660878
    15 16.525257 0.000000 0.000000 -0.104504 -0.031282 -1.914500
  time 60
    0 1.255502 2.312576 15.324021 2.145341 0.018277 -0.238459
    1 0.000005 3.345128 -2.981901 1.436124 0.146922 1.352137
    2 7.489221 0.582049 0.000000 0.214135 -0.029590 0.355757
    3 10.744785 1.565584 -1.785262 -1.665583 1.442477 3.172780
    4 6.028143 0.000001 0.000000 1.007644 0.623836 -1.190056
    5 11.692552 0.000000 0.000002 0.000000 0.000000 -1.293707
    6 10.729153 1.190567 2.070477 2.879482 -1.333943 1.872112
    7 6.028142 0.000001 0.000000 -1.487820 -0.532242 -0.582444
    8 11.692555 0.000000 0.000000 0.000000 0.000000 -0.938625
    9 15.364020 2.314996 0.257820 3.290057 -0.015532 -0.231464
    10 3.886546 -0.226573 -0.000003 -4.167106 -0.701250 0.824294
    11 17.848177 0.000000 0.000000 0.000000 0.000000 2.344833
    12 16.525253 0.000000 0.000000 0.199411 0.141538 -1.626207
    13 -3.886546 0.226573 0.000007 -0.179342 -1.080651 -2.531363
    14 17.848173 0.000000 0.000000 0.000000 0.000000 2.660960
    15 16.525257 0.000000 0.000000 -0.104361 -0.032428 -1.914278
  time 61
    0 1.259408 2.308669 15.320114 2.145341 0.018277 -0.238459
    1 0.000005 3.345128 -2.981901 1.434617 0.145777 1.352305
    2 7.489221 0.582049 0.000000 0.213991 -0.030345 0.355693
    3 10.744785 1.565584 -1.785262 -1.663696 1.439874 3.174711
    4 6.028143 0.000001 0.000000 1.006390 0.626093 -1.188471
    5 11.692552 0.000000 0.000002 0.000000 0.000000 -1.293344
    6 10.729153 1.190567 2.070477 2.866898 -1.333119 1.884958
    7 6.028142 0.000001 0.000000 -1.491335 -0.526467 -0.576709
    8 11.692555 0.000000 0.000000 0.000000 0.000000 -0.947708
    9 15.364020 2.314996 0.257820 3.290848 -0.015640 -0.230777
    10 3.886546 -0.226573 -0.000003 -4.167472 -0.701609 0.824379
    11 17.848177 0.000000 0.000000 0.000000 0.000000 2.345142
    12 16.525253 0.000000 0.000000 0.199486 0.141152 -1.626720
    13 -3.886546 0.226573 0.000007 -0.179614 -1.080083 -2.532067
    14 17.848173 0.000000 0.000000 0.000000 0.000000 2.661042
    15 16.525257 0.000000 0.000000 -0.104254 -0.033373 -1.914167
  time 62
    0 1.267221 2.308669 15.320114 2.145341 0.018277 -0.238459
    1 0.000005 3.345128 -2.981901 1.433033 0.144562 1.352449
    2 7.489221 0.582049 0.003906 0.213847 -0.031136 0.355630
    3 10.744785 1.565584 -1.785262 -1.661749 1.437184 3.176642
    4 6.028143 0.000001 0.000000 1.005052 0.628305 -1.186794
    5 11.692552 0.000000 0.000002 0.000000 0.000000 -1.293199
    6 10.729153 1.190567 2.070477 2.854506 -1.332231 1.897804
    7 6.028142 0.000001 0.000000 -1.494900 -0.520541 -0.570894
    8 11.692555 0.000000 0.000000 0.000000 0.000000 -0.957017
    9 15.364020 2.314996 0.261727 3.291836 -0.015556 -0.229767
    10 3.886546 -0.226573 -0.000003 -4.167838 -0.701879 0.824551
    11 17.848177 0.000000 0.000000 0.000000 0.000000 2.345373
    12 16.525253 0.000000 0.000000 0.199545 0.140785 -1.627104
    13 -3.886546 0.226573 0.000007 -0.179614 -1.079602 -2.532596
    14 17.848173 0.000000 0.000000 0.000000 0.000000 2.661206
    15 16.525257 0.000000 0.000000 -0.104147 -0.034177 -1.914167
  time 63
    0 1.271128 2.304763 15.316208 2.145341 0.018277 -0.238459
    1 0.000005 3.345128 -2.981901 1.431384 0.143300 1.352581
    2 7.489221 0.582049 0.003906 0.213703 -0.031951 0.355545
    3 10.744785 1.565584 -1.785262 -1.659862 1.434450 3.178574
    4 6.028143 0.000001 0.000000 1.003631 0.630424 -1.185023
    5 11.692552 0.000000 0.000002 0.000000 0.000000 -1.293344
    6 10.729153 1.190567 2.070477 2.842208 -1.331298 1.910363
    7 6.028142 0.000001 0.000000 -1.498564 -0.514540 -0.565080
    8 11.692555 0.000000 0.000000 0.000000 0.000000 -0.966551
    9 15.364020 2.314996 0.261727 3.292973 -0.015256 -0.228349
    10 3.886546 -0.226573 -0.000003 -4.168296 -0.701968 0.824808
    11 17.848177 0.000000 0.000000 0.000000 0.000000 2.345605
    12 16.525253 0.000000 0.000000 0.199604 0.140460 -1.627360
    13 -3.886546 0.226573 0.000007 -0.179614 -1.079252 -2.533124
    14 17.848173 0.000000 0.000000 0.000000 0.000000 2.661451
    15 16.525257 0.000000 0.000000 -0.104076 -0.034760 -1.914204
  time 64
    0 1.275034 2.304763 15.312302 2.145341 0.018277 -0.238459
    1 0.000005 3.345128 -2.981901 1.429697 0.142015 1.352712
    2 7.489221 0.582049 0.007813 0.213560 -0.032790 0.355460
    3 10.744785 1.565584 -1.785262 -1.657974 1.431644 3.180445
    4 6.028143 0.000001 0.000000 1.002293 0.632498 -1.183065
    5 11.692552 0.000000 0.000002 0.000000 0.000000 -1.293853
    6 10.725247 1.190567 2.070477 2.830101 -1.330345 1.922825
    7 6.028142 0.000001 0.000000 -1.502178 -0.508464 -0.559345
    8 11.692555 0.000000 0.000000 0.000000 0.000000 -0.976085
    9 15.364020 2.314996 0.261727 3.294258 -0.014753 -0.226566
    10 3.886546 -0.226573 -0.000003 -4.168662 -0.701968 0.825065
    11 17.848177 0.000000 0.000000 0.000000 0.000000 2.345914
    12 16.525253 0.000000 0.000000 0.199664 0.140155 -1.627488
    13 -3.886546 0.226573 0.000007 -0.179614 -1.078990 -2.533300
    14 17.848173 0.000000 0.000000 0.000000 0.000000 2.661779
    15 16.525257 0.000000 0.000000 -0.104022 -0.035182 -1.914389
  time 65
    0 1.278940 2.304763 15.308395 2.145341 0.018277 -0.238459
    1 0.000005 3.345128 -2.981901 1.427984 0.140684 1.352820
    2 7.489221 0.582049 0.007813 0.213416 -0.033653 0.355376
    3 10.744785 1.565584 -1.785262 -1.656087 1.428794 3.182316
    4 6.028143 0.000001 0.000000 1.000955 0.634387 -1.181015
    5 11.692552 0.000000 0.000002 0.000000 0.000000 -1.294651
    6 10.725247 1.190567 2.070477 2.818185 -1.329369 1.935000
    7 6.028142 0.000001 0.000000 -1.505792 -0.502425 -0.553610
    8 11.692555 0.000000 0.000000 0.000000 0.000000 -0.985619
    9 15.364020 2.314996 0.261727 3.295691 -0.014094 -0.224461
    10 3.886546 -0.226573 -0.000003 -4.169211 -0.701789 0.825494
    11 17.848177 0.000000 0.000000 0.000000 0.000000 2.346223
    12 16.525253 0.000000 0.000000 0.199708 0.139850 -1.627520
    13 -3.886546 0.226573 0.000007 -0.179614 -1.078859 -2.534093
    14 17.848173 0.000000 0.000000 0.000000 0.000000 2.662188
    15 16.525257 0.000000 0.000000 -0.104004 -0.035464 -1.914648
  time 66
    0 1.282847 2.304763 15.300582 2.145341 0.018277 -0.238459
    1 0.000005 3.345128 -2.981901 1.426258 0.139329 1.352916
    2 7.489221 0.582049 0.007813 0.213301 -0.034516 0.355291
    3 10.744785 1.565584 -1.785262 -1.654317 1.425915 3.184127
    4 6.028143 0.000001 0.000000 0.999534 0.636137 -1.178871
    5 11.692552 0.000000 0.000002 0.000000 0.000000 -1.295813
    6 10.725247 1.190567 2.070477 2.806555 -1.328350 1.946983
    7 6.028142 0.000001 0.000000 -1.509357 -0.496386 -0.547993
    8 11.692555 0.000000 0.000000 0.000000 0.000000 -0.995078
    9 15.364020 2.314996 0.261727 3.297223 -0.013267 -0.222055
    10 3.886546 -0.226573 -0.000003 -4.169759 -0.701520 0.826009
    11 17.848177 0.000000 0.000000 0.000000 0.000000 2.346609
    12 16.525253 0.000000 0.000000 0.199768 0.139545 -1.627424
    13 -3.886546 0.226573 0.000007 -0.179342 -1.078772 -2.534093
    14 17.848173 0.000000 0.000000 0.000000 0.000000 2.662679
    15 16.525257 0.000000 0.000000 -0.103986 -0.035604 -1.915019
  time 67
    0 1.286753 2.308669 15.292770 2.145341 0.018277 -0.238459
    1 0.000005 3.345128 -2.981901 1.424544 0.137974 1.353012
    2 7.489221 0.582049 0.011719 0.213157 -0.035379 0.355206
    3 10.744785 1.565584 -1.785262 -1.652548 1.423007 3.185877
    4 6.028143 0.000001 0.000000 0.998280 0.637750 -1.176541
    5 11.692552 0.000000 0.000002 0.000000 0.000000 -1.297266
    6 10.725247 1.190567 2.070477 2.795306 -1.327332 1.958583
    7 6.028142 0.000001 0.000000 -1.512873 -0.490384 -0.542495
    8 11.692555 0.000000 0.000000 0.000000 0.000000 -1.004537
    9 15.364020 2.314996 0.261727 3.298855 -0.012308 -0.219413
    10 3.886546 -0.226573 -0.000003 -4.170400 -0.701161 0.826609
    11 17.848177 0.000000 0.000000 0.000000 0.000000 2.346995
    12 16.525253 0.000000 0.000000 0.199812 0.139260 -1.627264
    13 -3.886546 0.226573 0.000007 -0.179342 -1.078772 -2.534269
    14 17.848173 0.000000 0.000000 0.000000 0.000000 2.663252
    15 16.525257 0.000000 0.000000 -0.103986 -0.035625 -1.915501
  time 68
    0 1.286753 2.308669 15.281051 2.145341 0.018277 -0.238459
    1 0.000005 3.345128 -2.981901 1.422857 0.136642 1.353096
    2 7.489221 0.582049 0.011719 0.213042 -0.036229 0.355101
    3 10.744785 1.565584 -1.785262 -1.650837 1.420070 3.187567
    4 6.028143 0.000001 0.000000 0.996858 0.639224 -1.174211
    5 11.692552 0.000000 0.000002 0.000000 0.000000 -1.298936
    6 10.725247 1.190567 2.070477 2.784343 -1.326291 1.969799
    7 6.028142 0.000001 0.000000 -1.516437 -0.484421 -0.537037
    8 11.692555 0.000000 0.000000 0.000000 0.000000 -1.013996
    9 15.364020 2.314996 0.261727 3.300584 -0.011230 -0.216513
    10 3.886546 -0.226573 -0.000003 -4.171040 -0.700667 0.827296
    11 17.848177 0.000000 0.000000 0.000000 0.000000 2.347459
    12 16.525253 0.000000 0.000000 0.199872 0.138975 -1.627008
    13 -3.886546 0.226573 0.000007 -0.179160 -1.078859 -2.534533
    14 17.848173 0.000000 0.000000 0.000000 0.000000 2.663825
    15 16.525257 0.000000 0.000000 -0.103986 -0.035524 -1.916093
  time 69
    0 1.290659 2.312576 15.269331 2.145341 0.018277 -0.238459
    1 0.000005 3.345128 -2.981901 1.421195 0.135310 1.353168
    2 7.489221 0.582049 0.015625 0.212927 -0.037068 0.355016
    3 10.744785 1.565584 -1.785262 -1.649186 1.417133 3.189257
    4 6.028143 0.000001 0.000000 0.995521 0.640607 -1.171788
    5 11.692552 0.000000 0.000002 0.000000 0.000000 -1.300751
    6 10.725247 1.190567 2.074383 2.773762 -1.325251 1.980728
    7 6.028142 0.000001 0.000000 -1.519953 -0.478533 -0.531697
    8 11.692555 0.000000 0.000000 0.000000 0.000000 -1.023379
    9 15.364020 2.314996 0.265633 3.302314 -0.010055 -0.213463
    10 3.886546 -0.226573 -0.000003 -4.171772 -0.700083 0.828067
    11 17.848177 0.000000 0.000000 0.000000 0.000000 2.347922
    12 16.525253 0.000000 0.000000 0.199916 0.138690 -1.626656
    13 -3.886546 0.226573 0.000007 -0.178888 -1.078990 -2.534533
    14 17.848173 0.000000 0.000000 0.000000 0.000000 2.664562
    15 16.525257 0.000000 0.000000 -0.104022 -0.035303 -1.916723
  time 70
    0 1.290659 2.316482 15.257612 2.145341 0.018277 -0.238459
    1 0.000005 3.345128 -2.981901 1.419611 0.134002 1.353240
    2 7.489221 0.582049 0.015625 0.212812 -0.037883 0.354931
    3 10.744785 1.565584 -1.785262 -1.647593 1.414181 3.190826
    4 6.028143 0.000001 0.000000 0.994266 0.641804 -1.169271
    5 11.692552 0.000000 0.000002 0.000000 0.000000 -1.302785
    6 10.725247 1.190567 2.074383 2.763562 -1.324210 1.991177
    7 6.028142 0.000001 0.000000 -1.523418 -0.472758 -0.526516
    8 11.692555 0.000000 0.000000 0.000000 0.000000 -1.032688
    9 15.364020 2.314996 0.265633 3.304094 -0.008809 -0.210241
    10 3.886546 -0.226573 -0.000003 -4.172504 -0.699365 0.828839
    11 17.848177 0.000000 0.000000 0.000000 0.000000 2.348386
    12 16.525253 0.000000 0.000000 0.199961 0.138405 -1.626239
    13 -3.886546 0.226573 0.000007 -0.178616 -1.079209 -2.534533
    14 17.848173 0.000000 0.000000 0.000000 0.000000 2.665298
    15 16.525257 0.000000 0.000000 -0.104058 -0.034981 -1.917464
  time 71
    0 1.290659 2.320388 15.245893 2.145341 0.018277 -0.238459
    1 0.000005 3.345128 -2.981901 1.418078 0.132740 1.353300
    2 7.489221 0.582049 0.015625 0.212697 -0.038662 0.354847
    3 10.744785 1.565584 -1.785262 -1.646059 1.411259 3.192395
    4 6.028143 0.000001 0.000000 0.993012 0.642864 -1.166662
    5 11.692552 0.000000 0.000002 0.000000 0.000000 -1.304963
    6 10.725247 1.190567 2.074383 2.753933 -1.323191 2.001147
    7 6.028142 0.000001 0.000000 -1.526785 -0.467172 -0.521493
    8 11.692555 0.000000 0.000000 0.000000 0.000000 -1.041697
    9 15.364020 2.314996 0.265633 3.305873 -0.007490 -0.206890
    10 3.886546 -0.226573 -0.000003 -4.173236 -0.698647 0.829697
    11 17.848177 0.000000 0.000000 0.000000 0.000000 2.348849
    12 16.525253 0.000000 0.000000 0.200005 0.138141 -1.625759
    13 -3.886546 0.226573 0.000007 -0.178435 -1.079471 -2.534269
    14 17.848173 0.000000 0.000000 0.000000 0.000000 2.666117
    15 16.525257 0.000000 0.000000 -0.104111 -0.034579 -1.918242
  time 72
    0 1.294566 2.328201 15.230268 2.145341 0.018277 -0.238459
    1 0.000005 3.345128 -2.981901 1.416648 0.131548 1.353360
    2 7.489221 0.582049 0.019532 0.212582 -0.039393 0.354762
    3 10.744785 1.565584 -1.785262 -1.644585 1.408336 3.193844
    4 6.028143 0.000001 0.000000 0.991842 0.643786 -1.164052
    5 11.692552 0.000000 0.000002 0.000000 0.000000 -1.307360
    6 10.725247 1.190567 2.074383 2.744686 -1.322173 2.010638
    7 6.028142 0.000001 0.000000 -1.530003 -0.461850 -0.516667
    8 11.692555 0.000000 0.000000 0.000000 0.000000 -1.050480
    9 15.364020 2.314996 0.265633 3.307652 -0.006136 -0.203475
    10 3.886546 -0.226573 -0.000003 -4.174059 -0.697794 0.830555
    11 17.848177 0.000000 0.000000 0.000000 0.000000 2.349390
    12 16.525253 0.000000 0.000000 0.200050 0.137876 -1.625182
    13 -3.886546 0.226573 0.000007 -0.178435 -1.079777 -2.534269
    14 17.848173 0.000000 0.000000 0.000000 0.000000 2.666935
    15 16.525257 0.000000 0.000000 -0.104165 -0.034076 -1.919095
  time 73
    0 1.294566 2.332107 15.218549 2.145341 0.018277 -0.238459
    1 0.000005 3.345128 -2.981901 1.415322 0.130404 1.353420
    2 7.489221 0.582049 0.019532 0.212496 -0.040088 0.354677
    3 10.744785 1.565584 -1.785262 -1.643169 1.405443 3.195292
    4 6.028143 0.000001 0.000000 0.990755 0.644523 -1.161349
    5 11.692552 0.000000 0.000002 0.000000 0.000000 -1.309756
    6 10.725247 1.190567 2.074383 2.735916 -1.321197 2.019553
    7 6.028142 0.000001 0.000000 -1.533122 -0.456792 -0.512079
    8 11.692555 0.000000 0.000000 0.000000 0.000000 -1.058813
    9 15.364020 2.314996 0.265633 3.309382 -0.004758 -0.200016
    10 3.886546 -0.226573 -0.000003 -4.174791 -0.696896 0.831498
    11 17.848177 0.000000 0.000000 0.000000 0.000000 2.349931
    12 16.525253 0.000000 0.000000 0.200094 0.137612 -1.624606
    13 -3.886546 0.226573 0.000007 -0.178162 -1.080127 -2.534093
    14 17.848173 0.000000 0.000000 0.000000 0.000000 2.667836
    15 16.525257 0.000000 0.000000 -0.104236 -0.033513 -1.920021
  time 74
    0 1.294566 2.339920 15.202923 2.145341 0.018277 -0.238459
    1 0.000005 3.345128 -2.981901 1.414111 0.129329 1.353467
    2 7.489221 0.582049 0.019532 0.212410 -0.040712 0.354614
    3 10.744785 1.565584 -1.785262 -1.641813 1.402593 3.196620
    4 6.028143 0.000001 0.000000 0.989835 0.645168 -1.158553
    5 11.692552 0.000000 0.000002 0.000000 0.000000 -1.312298
    6 10.725247 1.190567 2.074383 2.727718 -1.320243 2.027990
    7 6.028142 0.000001 0.000000 -1.536093 -0.452037 -0.507768
    8 11.692555 0.000000 0.000000 0.000000 0.000000 -1.066770
    9 15.364020 2.314996 0.265633 3.311013 -0.003368 -0.196537
    10 3.886546 -0.226573 -0.000003 -4.175615 -0.695954 0.832528
    11 17.848177 0.000000 0.000000 0.000000 0.000000 2.350471
    12 16.525253 0.000000 0.000000 0.200139 0.137368 -1.623933
    13 -3.886546 0.226573 0.000007 -0.177890 -1.080564 -2.533829
    14 17.848173 0.000000 0.000000 0.000000 0.000000 2.668818
    15 16.525257 0.000000 0.000000 -0.104308 -0.032870 -1.920984
  time 75
    0 1.294566 2.347733 15.187298 2.145341 0.018277 -0.238459
    1 0.000005 3.345128 -2.981901 1.413042 0.128348 1.353527
    2 7.489221 0.582049 0.023438 0.212324 -0.041287 0.354550
    3 10.744785 1.565584 -1.781355 -1.640515 1.399772 3.197888
    4 6.028143 0.000001 0.000000 0.988999 0.645629 -1.155664
    5 11.692552 0.000000 0.000002 0.000000 0.000000 -1.314912
    6 10.725247 1.190567 2.074383 2.720091 -1.319333 2.035850
    7 6.028142 0.000001 0.000000 -1.538816 -0.447659 -0.503733
    8 11.692555 0.000000 0.000000 0.000000 0.000000 -1.074277
    9 15.364020 2.314996 0.265633 3.312595 -0.002001 -0.193078
    10 3.886546 -0.226573 -0.000003 -4.176438 -0.694966 0.833471
    11 17.848177 0.000000 0.000000 0.000000 0.000000 2.351089
    12 16.525253 0.000000 0.000000 0.200183 0.137144 -1.623260
    13 -3.886546 0.226573 0.000007 -0.177437 -1.081001 -2.533300
    14 17.848173 0.000000 0.000000 0.000000 0.000000 2.669718
    15 16.525257 0.000000 0.000000 -0.104397 -0.032186 -1.922022
  time 76
    0 1.294566 2.351639 15.171672 2.145341 0.018277 -0.238459
    1 0.000005 3.345128 -2.981901 1.412114 0.127460 1.353575
    2 7.489221 0.582049 0.023438 0.212266 -0.041778 0.354487
    3 10.744785 1.565584 -1.781355 -1.639276 1.397024 3.199155
    4 6.028143 0.000001 0.000000 0.988414 0.645951 -1.152775
    5 11.692552 0.000000 0.000002 0.000000 0.000000 -1.317599
    6 10.725247 1.190567 2.074383 2.713132 -1.318488 2.043040
    7 6.028142 0.000001 0.000000 -1.541341 -0.443695 -0.499976
    8 11.692555 0.000000 0.000000 0.000000 0.000000 -1.081184
    9 15.364020 2.314996 0.265633 3.314028 -0.000671 -0.189684
    10 3.886546 -0.226573 -0.000003 -4.177353 -0.693934 0.834500
    11 17.848177 0.000000 0.000000 0.000000 0.000000 2.351630
    12 16.525253 0.000000 0.000000 0.200228 0.136900 -1.622524
    13 -3.886546 0.226573 0.000007 -0.177165 -1.081438 -2.533124
    14 17.848173 0.000000 0.000000 0.000000 0.000000 2.670700
    15 16.525257 0.000000 0.000000 -0.104486 -0.031442 -1.923059
  time 77
    0 1.294566 2.359452 15.156047 2.145341 0.018277 -0.238459
    1 0.000005 3.345128 -2.981901 1.411367 0.126665 1.353635
    2 7.489221 0.582049 0.023438 0.212209 -0.042198 0.354445
    3 10.748692 1.565584 -1.781355 -1.638155 1.394334 3.200302
    4 6.028143 0.000001 0.000000 0.987996 0.646089 -1.149885
    5 11.692552 0.000000 0.000002 0.000000 0.000000 -1.320285
    6 10.725247 1.190567 2.074383 2.706745 -1.317686 2.049655
    7 6.028142 0.000001 0.000000 -1.543619 -0.440223 -0.496614
    8 11.692555 0.000000 0.000000 0.000000 0.000000 -1.087415
    9 15.364020 2.314996 0.269539 3.315362 0.000599 -0.186398
    10 3.886546 -0.226573 -0.000003 -4.178176 -0.692857 0.835530
    11 17.848177 0.000000 0.000000 0.000000 0.000000 2.352248
    12 16.525253 0.000000 0.000000 0.200257 0.136696 -1.621787
    13 -3.886546 0.226573 0.000007 -0.176983 -1.081919 -2.532596
    14 17.848173 0.000000 0.000000 0.000000 0.000000 2.671683
    15 16.525257 0.000000 0.000000 -0.104575 -0.030638 -1.924170
  time 78
    0 1.290659 2.367265 15.140421 2.145341 0.018277 -0.238459
    1 0.000005 3.345128 -2.981901 1.410800 0.126011 1.353695
    2 7.489221 0.582049 0.023438 0.212151 -0.042533 0.354402
    3 10.748692 1.565584 -1.781355 -1.637035 1.391702 3.201388
    4 6.028143 0.000001 0.000000 0.987828 0.646089 -1.146903
    5 11.692552 0.000000 0.000002 0.000000 0.000000 -1.323045
    6 10.725247 1.190567 2.074383 2.700930 -1.316949 2.055599
    7 6.028142 0.000001 0.000000 -1.545599 -0.437241 -0.493608
    8 11.692555 0.000000 0.000000 0.000000 0.000000 -1.093045
    9 15.364020 2.314996 0.269539 3.316549 0.001810 -0.183219
    10 3.886546 -0.226573 -0.000003 -4.179000 -0.691735 0.836559
    11 17.848177 0.000000 0.000000 0.000000 0.000000 2.352789
    12 16.525253 0.000000 0.000000 0.200302 0.136473 -1.620986
    13 -3.886546 0.226573 0.000007 -0.176711 -1.082443 -2.532331
    14 17.848173 0.000000 0.000000 0.000000 0.000000 2.672747
    15 16.525257 0.000000 0.000000 -0.104665 -0.029814 -1.925245
  time 79
    0 1.290659 2.375077 15.120889 2.145341 0.018277 -0.238459
    1 0.000005 3.345128 -2.981901 1.410440 0.125497 1.353755
    2 7.489221 0.582049 0.023438 0.212094 -0.042761 0.354381
    3 10.748692 1.565584 -1.781355 -1.636032 1.389157 3.202415
    4 6.028143 0.000001 0.000000 0.987912 0.645951 -1.143827
    5 11.692552 0.000000 0.000002 0.000000 0.000000 -1.325732
    6 10.725247 1.190567 2.074383 2.695878 -1.316277 2.060871
    7 6.028142 0.000001 0.000000 -1.547282 -0.434788 -0.490958
    8 11.692555 0.000000 0.000000 0.000000 0.000000 -1.097850
    9 15.364020 2.314996 0.269539 3.317537 0.002936 -0.180233
    10 3.886546 -0.226573 -0.000003 -4.179823 -0.690657 0.837588
    11 17.848177 0.000000 0.000000 0.000000 0.000000 2.353407
    12 16.525253 0.000000 0.000000 0.200332 0.136290 -1.620218
    13 -3.886546 0.226573 0.000007 -0.176439 -1.082968 -2.531891
    14 17.848173 0.000000 0.000000 0.000000 0.000000 2.673729
    15 16.525257 0.000000 0.000000 -0.104772 -0.028969 -1.926394
  time 80
    0 1.290659 2.382890 15.105264 2.145341 0.018277 -0.238459
    1 0.000005 3.345128 -2.981901 1.410298 0.125123 1.353827
    2 7.489221 0.582049 0.023438 0.212065 -0.042893 0.354381
    3 10.748692 1.565584 -1.781355 -1.635088 1.386715 3.203380
    4 6.028143 0.000001 0.000000 0.988247 0.645582 -1.140751
    5 11.692552 0.000000 0.000002 0.000000 0.000000 -1.328346
    6 10.725247 1.190567 2.074383 2.691493 -1.315713 2.065377
    7 6.028142 0.000001 0.000000 -1.548619 -0.432939 -0.488782
    8 11.692555 0.000000 0.000000 0.000000 0.000000 -1.101828
    9 15.364020 2.314996 0.269539 3.318377 0.003955 -0.177419
    10 3.886546 -0.226573 -0.000003 -4.180555 -0.689535 0.838617
    11 17.848177 0.000000 0.000000 0.000000 0.000000 2.353947
    12 16.525253 0.000000 0.000000 0.200361 0.136106 -1.619417
    13 -3.886546 0.226573 0.000007 -0.176167 -1.083492 -2.531363
    14 17.848173 0.000000 0.000000 0.000000 0.000000 2.674711
    15 16.525257 0.000000 0.000000 -0.104879 -0.028105 -1.927505
  time 81
    0 1.290659 2.386797 15.089638 2.145341 0.018277 -0.238459
    1 0.000005 3.345128 -2.981901 1.410388 0.124890 1.353899
    2 7.489221 0.582049 0.023438 0.212065 -0.042917 0.354381
    3 10.748692 1.565584 -1.781355 -1.634203 1.384359 3.204286
    4 6.028143 0.000001 0.000000 0.988832 0.645122 -1.137676
    5 11.692552 0.000000 0.000002 0.000000 0.000000 -1.330960
    6 10.725247 1.190567 2.074383 2.687775 -1.315214 2.069212
    7 6.028142 0.000001 0.000000 -1.549609 -0.431731 -0.487042
    8 11.692555 0.000000 0.000000 0.000000 0.000000 -1.104981
    9 15.364020 2.314996 0.269539 3.318970 0.004842 -0.174863
    10 3.886546 -0.226573 -0.000003 -4.181378 -0.688413 0.839647
    11 17.848177 0.000000 0.000000 0.000000 0.000000 2.354488
    12 16.525253 0.000000 0.000000 0.200391 0.135923 -1.618648
    13 -3.886546 0.226573 0.000007 -0.175986 -1.084017 -2.530658
    14 17.848173 0.000000 0.000000 0.000000 0.000000 2.675693
    15 16.525257 0.000000 0.000000 -0.104986 -0.027240 -1.928654
  time 82
    0 1.286753 2.394609 15.074013 2.145341 0.018277 -0.238459
    1 0.000005 3.345128 -2.981901 1.410684 0.124796 1.353971
    2 7.489221 0.582049 0.023438 0.212065 -0.042833 0.354402
    3 10.748692 1.565584 -1.781355 -1.633437 1.382120 3.205131
    4 6.028143 0.000001 0.000000 0.989668 0.644431 -1.134507
    5 11.692552 0.000000 0.000002 0.000000 0.000000 -1.333574
    6 10.725247 1.190567 2.074383 2.684820 -1.314824 2.072279
    7 6.028142 0.000001 0.000000 -1.550253 -0.431089 -0.485697
    8 11.692555 0.000000 0.000000 0.000000 0.000000 -1.107308
    9 15.364020 2.314996 0.269539 3.319316 0.005573 -0.172586
    10 3.886546 -0.226573 -0.000003 -4.182110 -0.687336 0.840676
    11 17.848177 0.000000 0.000000 0.000000 0.000000 2.355106
    12 16.525253 0.000000 0.000000 0.200421 0.135761 -1.617879
    13 -3.886546 0.226573 0.000007 -0.175986 -1.084541 -2.530130
    14 17.848173 0.000000 0.000000 0.000000 0.000000 2.676676
    15 16.525257 0.000000 0.000000 -0.105093 -0.026376 -1.929802
  time 83
    0 1.286753 2.402422 15.058388 2.145341 0.018277 -0.238459
    1 0.000005 3.345128 -2.981901 1.411135 0.124773 1.354055
    2 7.489221 0.582049 0.023438 0.212065 -0.042689 0.354423
    3 10.748692 1.565584 -1.781355 -1.632670 1.380012 3.205855
    4 6.028143 0.000001 0.000000 0.990755 0.643693 -1.131431
    5 11.692552 0.000000 0.000002 0.000000 0.000000 -1.336043
    6 10.725247 1.190567 2.074383 2.682436 -1.314499 2.074772
    7 6.028142 0.000001 0.000000 -1.550600 -0.430863 -0.484708
    8 11.692555 0.000000 0.000000 0.000000 0.000000 -1.109110
    9 15.364020 2.314996 0.269539 3.319415 0.006136 -0.170610
    10 3.886546 -0.226573 -0.000003 -4.182842 -0.686259 0.841619
    11 17.848177 0.000000 0.000000 0.000000 0.000000 2.355647
    12 16.525253 0.000000 0.000000 0.200450 0.135618 -1.617111
    13 -3.886546 0.226573 0.000007 -0.175713 -1.085066 -2.529689
    14 17.848173 0.000000 0.000000 0.000000 0.000000 2.677576
    15 16.525257 0.000000 0.000000 -0.105182 -0.025531 -1.930914
  time 84
    0 1.282847 2.410235 15.042762 2.145341 0.018277 -0.238459
    1 0.000005 3.345128 -2.981901 1.411741 0.124820 1.354127
    2 7.489221 0.582049 0.023438 0.212065 -0.042485 0.354445
    3 10.748692 1.565584 -1.781355 -1.632021 1.378034 3.206579
    4 6.028143 0.000001 0.000000 0.992093 0.642818 -1.128355
    5 11.692552 0.000000 0.000002 0.000000 0.000000 -1.338585
    6 10.725247 1.190567 2.074383 2.680625 -1.314239 2.076593
    7 6.028142 0.000001 0.000000 -1.550699 -0.431089 -0.484036
    8 11.692555 0.000000 0.000000 0.000000 0.000000 -1.110236
    9 15.364020 2.314996 0.269539 3.319218 0.006508 -0.168977
    10 3.886546 -0.226573 -0.000003 -4.183574 -0.685181 0.842477
    11 17.848177 0.000000 0.000000 0.000000 0.000000 2.356188
    12 16.525253 0.000000 0.000000 0.200480 0.135476 -1.616374
    13 -3.886546 0.226573 0.000007 -0.175713 -1.085547 -2.529161
    14 17.848173 0.000000 0.000000 0.000000 0.000000 2.678476
    15 16.525257 0.000000 0.000000 -0.105290 -0.024687 -1.932025
  time 85
    0 1.282847 2.414141 15.027137 2.145341 0.018277 -0.238459
    1 0.000005 3.345128 -2.981901 1.412475 0.124960 1.354210
    2 7.489221 0.582049 0.023438 0.212094 -0.042222 0.354487
    3 10.748692 1.565584 -1.781355 -1.631372 1.376202 3.207183
    4 6.028143 0.000001 0.000000 0.993598 0.641850 -1.125373
    5 11.692552 0.000000 0.000002 0.000000 0.000000 -1.340981
    6 10.725247 1.190567 2.074383 2.679291 -1.314066 2.078031
    7 6.028142 0.000001 0.000000 -1.550550 -0.431731 -0.483680
    8 11.692555 0.000000 0.000000 0.000000 0.000000 -1.110837
    9 15.364020 2.314996 0.269539 3.318773 0.006675 -0.167731
    10 3.886546 -0.226573 -0.000003 -4.184214 -0.684194 0.843421
    11 17.848177 0.000000 0.000000 0.000000 0.000000 2.356651
    12 16.525253 0.000000 0.000000 0.200495 0.135354 -1.615669
    13 -3.886546 0.226573 0.000007 -0.175713 -1.086028 -2.528192
    14 17.848173 0.000000 0.000000 0.000000 0.000000 2.679377
    15 16.525257 0.000000 0.000000 -0.105379 -0.023903 -1.933137
  time 86
    0 1.282847 2.421954 15.015417 2.145341 0.018277 -0.238459
    1 0.000005 3.345128 -2.981901 1.413351 0.125147 1.354282
    2 7.489221 0.582049 0.023438 0.212123 -0.041886 0.354529
    3 10.748692 1.565584 -1.781355 -1.630841 1.374515 3.207786
    4 6.028143 0.000001 0.000000 0.995353 0.640837 -1.122484
    5 11.692552 0.000000 0.000002 0.000000 0.000000 -1.343378
    6 10.725247 1.190567 2.074383 2.678528 -1.313957 2.078798
    7 6.028142 0.000001 0.000000 -1.550154 -0.432750 -0.483640
    8 11.692555 0.000000 0.000000 0.000000 0.000000 -1.110762
    9 15.364020 2.314996 0.269539 3.317982 0.006675 -0.166764
    10 3.886546 -0.226573 -0.000003 -4.184763 -0.683206 0.844193
    11 17.848177 0.000000 0.000000 0.000000 0.000000 2.357192
    12 16.525253 0.000000 0.000000 0.200510 0.135252 -1.615029
    13 -3.886546 0.226573 0.000007 -0.175713 -1.086508 -2.527752
    14 17.848173 0.000000 0.000000 0.000000 0.000000 2.680195
    15 16.525257 0.000000 0.000000 -0.105468 -0.023139 -1.934174
  time 87
    0 1.278940 2.425860 14.999792 2.145341 0.018277 -0.238459
    1 0.000005 3.345128 -2.981901 1.414330 0.125404 1.354354
    2 7.489221 0.582049 0.023438 0.212180 -0.041503 0.354572
    3 10.748692 1.565584 -1.781355 -1.630369 1.373003 3.208269
    4 6.028143 0.000001 0.000000 0.997193 0.639731 -1.119594
    5 11.692552 0.000000 0.000002 0.000000 0.000000 -1.345629
    6 10.725247 1.190567 2.074383 2.678147 -1.313892 2.079182
    7 6.028142 0.000001 0.000000 -1.549461 -0.434184 -0.483917
    8 11.692555 0.000000 0.000000 0.000000 0.000000 -1.110161
    9 15.364020 2.314996 0.269539 3.316993 0.006568 -0.165905
    10 3.886546 -0.226573 -0.000003 -4.185312 -0.682309 0.844965
    11 17.848177 0.000000 0.000000 0.000000 0.000000 2.357655
    12 16.525253 0.000000 0.000000 0.200525 0.135150 -1.614420
    13 -3.886546 0.226573 0.000007 -0.175713 -1.086902 -2.526959
    14 17.848173 0.000000 0.000000 0.000000 0.000000 2.681014
    15 16.525257 0.000000 0.000000 -0.105557 -0.022435 -1.935212
  time 88
    0 1.278940 2.429767 14.988073 2.145341 0.018277 -0.238459
    1 0.000005 3.345128 -2.981901 1.415437 0.125731 1.354426
    2 7.489221 0.582049 0.023438 0.212209 -0.041071 0.354635
    3 10.748692 1.565584 -1.781355 -1.629957 1.371665 3.208692
    4 6.028143 0.000001 0.000000 0.999283 0.638579 -1.116891
    5 11.692552 0.000000 0.000002 0.000000 0.000000 -1.347808
    6 10.725247 1.190567 2.074383 2.678242 -1.313914 2.079086
    7 6.028142 0.000001 0.000000 -1.548520 -0.435958 -0.484510
    8 11.692555 0.000000 0.000000 0.000000 0.000000 -1.109035
    9 15.364020 2.314996 0.269539 3.315758 0.006376 -0.165175
    10 3.886546 -0.226573 -0.000003 -4.185861 -0.681456 0.845651
    11 17.848177 0.000000 0.000000 0.000000 0.000000 2.358119
    12 16.525253 0.000000 0.000000 0.200539 0.135089 -1.613876
    13 -3.886546 0.226573 0.000007 -0.175986 -1.087251 -2.526255
    14 17.848173 0.000000 0.000000 0.000000 0.000000 2.681750
    15 16.525257 0.000000 0.000000 -0.105629 -0.021791 -1.936175
  time 89
    0 1.278940 2.433673 14.976354 2.145341 0.018277 -0.238459
    1 0.000005 3.345128 -2.981901 1.416635 0.126105 1.354498
    2 7.489221 0.582049 0.019532 0.212266 -0.040592 0.354699
    3 10.748692 1.565584 -1.781355 -1.629603 1.370517 3.209114
    4 6.028143 0.000001 0.000000 1.001624 0.637381 -1.114375
    5 11.692552 0.000000 0.000002 0.000000 0.000000 -1.349841
    6 10.725247 1.190567 2.074383 2.678814 -1.313979 2.078511
    7 6.028142 0.000001 0.000000 -1.547332 -0.438109 -0.485381
    8 11.692555 0.000000 0.000000 0.000000 0.000000 -1.107233
    9 15.364020 2.314996 0.269539 3.314374 0.006100 -0.164573
    10 3.886546 -0.226573 -0.000003 -4.186319 -0.680693 0.846337
    11 17.848177 0.000000 0.000000 0.000000 0.000000 2.358582
    12 16.525253 0.000000 0.000000 0.200554 0.135028 -1.613363
    13 -3.886546 0.226573 0.000007 -0.175986 -1.087601 -2.525550
    14 17.848173 0.000000 0.000000 0.000000 0.000000 2.682405
    15 16.525257 0.000000 0.000000 -0.105700 -0.021208 -1.937101
  time 90
    0 1.275034 2.437579 14.968541 2.145341 0.018277 -0.238459
    1 0.000005 3.345128 -2.981901 1.417936 0.126525 1.354570
    2 7.489221 0.582049 0.019532 0.212324 -0.040076 0.354762
    3 10.748692 1.565584 -1.781355 -1.629308 1.369586 3.209355
    4 6.028143 0.000001 0.000000 1.004216 0.636137 -1.111858
    5 11.692552 0.000000 0.000002 0.000000 0.000000 -1.351874
    6 10.725247 1.190567 2.074383 2.679767 -1.314109 2.077648
    7 6.028142 0.000001 0.000000 -1.545698 -0.440865 -0.486686
    8 11.692555 0.000000 0.000000 0.000000 0.000000 -1.104456
    9 15.364020 2.314996 0.269539 3.312743 0.005741 -0.164058
    10 3.886546 -0.226573 -0.000003 -4.186685 -0.679975 0.846852
    11 17.848177 0.000000 0.000000 0.000000 0.000000 2.358968
    12 16.525253 0.000000 0.000000 0.200554 0.134967 -1.612947
    13 -3.886546 0.226573 0.000007 -0.176167 -1.087863 -2.525022
    14 17.848173 0.000000 0.000000 0.000000 0.000000 2.682978
    15 16.525257 0.000000 0.000000 -0.105772 -0.020726 -1.937953
  time 91
    0 1.275034 2.441486 14.956822 2.145341 0.018277 -0.238459
    1 0.000005 3.345128 -2.981901 1.419328 0.126993 1.354642
    2 7.489221 0.582049 0.019532 0.212410 -0.039513 0.354826
    3 10.748692 1.565584 -1.781355 -1.629131 1.368888 3.209597
    4 6.028143 0.000001 0.000000 1.007226 0.634801 -1.109435
    5 11.692552 0.000000 0.000002 0.000000 0.000000 -1.354053
    6 10.725247 1.190567 2.074383 2.681007 -1.314282 2.076306
    7 6.028142 0.000001 0.000000 -1.543470 -0.444299 -0.488505
    8 11.692555 0.000000 0.000000 0.000000 0.000000 -1.100252
    9 15.364020 2.314996 0.269539 3.310964 0.005309 -0.163650
    10 3.886546 -0.226573 -0.000003 -4.187050 -0.679391 0.847366
    11 17.848177 0.000000 0.000000 0.000000 0.000000 2.359355
    12 16.525253 0.000000 0.000000 0.200569 0.134947 -1.612594
    13 -3.886546 0.226573 0.000007 -0.176439 -1.088082 -2.524053
    14 17.848173 0.000000 0.000000 0.000000 0.000000 2.683551
    15 16.525257 0.000000 0.000000 -0.105807 -0.020324 -1.938768
  time 92
    0 1.275034 2.441486 14.949009 2.145341 0.018277 -0.238459
    1 0.000005 3.345128 -2.981901 1.420783 0.127507 1.354702
    2 7.489221 0.582049 0.015625 0.212468 -0.038926 0.354889
    3 10.748692 1.565584 -1.781355 -1.629013 1.368423 3.209718
    4 6.028143 0.000001 0.000000 1.010570 0.633373 -1.107105
    5 11.692552 0.000000 0.000002 0.000000 0.000000 -1.356376
    6 10.725247 1.190567 2.074383 2.682627 -1.314499 2.074580
    7 6.028142 0.000001 0.000000 -1.540698 -0.448338 -0.490799
    8 11.692555 0.000000 0.000000 0.000000 0.000000 -1.094772
    9 15.364020 2.314996 0.269539 3.309036 0.004806 -0.163328
    10 3.886546 -0.226573 -0.000003 -4.187233 -0.678897 0.847709
    11 17.848177 0.000000 0.000000 0.000000 0.000000 2.359664
    12 16.525253 0.000000 0.000000 0.200569 0.134947 -1.612338
    13 -3.886546 0.226573 0.000007 -0.176983 -1.088213 -2.523525
    14 17.848173 0.000000 0.000000 0.000000 0.000000 2.683960
    15 16.525257 0.000000 0.000000 -0.105843 -0.020022 -1.939472
  time 93
    0 1.271128 2.441486 14.945103 2.145341 0.018277 -0.238459
    1 0.000005 3.345128 -2.981901 1.422316 0.128067 1.354774
    2 7.489221 0.582049 0.015625 0.212554 -0.038291 0.354974
    3 10.744785 1.565584 -1.781355 -1.628954 1.368161 3.209838
    4 6.028143 0.000001 0.000000 1.014249 0.631899 -1.104961
    5 11.692552 0.000000 0.000002 0.000000 0.000000 -1.358700
    6 10.725247 1.190567 2.074383 2.684629 -1.314759 2.072663
    7 6.028142 0.000001 0.000000 -1.537578 -0.452943 -0.493449
    8 11.692555 0.000000 0.000000 0.000000 0.000000 -1.088391
    9 15.364020 2.314996 0.269539 3.306960 0.004243 -0.163113
    10 3.886546 -0.226573 -0.000003 -4.187416 -0.678493 0.848052
    11 17.848177 0.000000 0.000000 0.000000 0.000000 2.359973
    12 16.525253 0.000000 0.000000 0.200569 0.134947 -1.612178
    13 -3.886546 0.226573 0.000007 -0.177165 -1.088300 -2.522820
    14 17.848173 0.000000 0.000000 0.000000 0.000000 2.684288
    15 16.525257 0.000000 0.000000 -0.105879 -0.019821 -1.940139
  time 94
    0 1.271128 2.441486 14.937290 2.145341 0.018277 -0.238459
    1 0.000005 3.345128 -2.981901 1.423913 0.128651 1.354834
    2 7.489221 0.582049 0.015625 0.212640 -0.037644 0.355058
    3 10.744785 1.565584 -1.781355 -1.628954 1.368103 3.209838
    4 6.028143 0.000001 0.000000 1.018011 0.630378 -1.102911
    5 11.692552 0.000000 0.000002 0.000000 0.000000 -1.361024
    6 10.725247 1.190567 2.074383 2.686822 -1.315041 2.070362
    7 6.028142 0.000001 0.000000 -1.534113 -0.457963 -0.496455
    8 11.692555 0.000000 0.000000 0.000000 0.000000 -1.081109
    9 15.364020 2.314996 0.269539 3.304786 0.003619 -0.162962
    10 3.886546 -0.226573 -0.000003 -4.187508 -0.678179 0.848224
    11 17.848177 0.000000 0.000000 0.000000 0.000000 2.360204
    12 16.525253 0.000000 0.000000 0.200554 0.134988 -1.612146
    13 -3.886546 0.226573 0.000007 -0.177890 -1.088300 -2.522380
    14 17.848173 0.000000 0.000000 0.000000 0.000000 2.684615
    15 16.525257 0.000000 0.000000 -0.105879 -0.019761 -1.940658
  time 95
    0 1.271128 2.441486 14.937290 2.145341 0.018277 -0.238459
    1 0.000005 3.345128 -2.981901 1.425562 0.129259 1.354906
    2 7.489221 0.582049 0.011719 0.212726 -0.036960 0.355122
    3 10.744785 1.565584 -1.781355 -1.629013 1.368234 3.209778
    4 6.028143 0.000001 0.000000 1.021941 0.628858 -1.100954
    5 11.692552 0.000000 0.000002 0.000000 0.000000 -1.363275
    6 10.725247 1.190567 2.074383 2.689395 -1.315366 2.067774
    7 6.028142 0.000001 0.000000 -1.530498 -0.463398 -0.499659
    8 11.692555 0.000000 0.000000 0.000000 0.000000 -1.073226
    9 15.364020 2.314996 0.269539 3.302463 0.002936 -0.162898
    10 3.886546 -0.226573 -0.000003 -4.187508 -0.678045 0.848310
    11 17.848177 0.000000 0.000000 0.000000 0.000000 2.360436
    12 16.525253 0.000000 0.000000 0.200554 0.135049 -1.612210
    13 -3.886546 0.226573 0.000007 -0.178435 -1.088169 -2.521587
    14 17.848173 0.000000 0.000000 0.000000 0.000000 2.684697
    15 16.525257 0.000000 0.000000 -0.105879 -0.019821 -1.941140
  time 96
    0 1.271128 2.437579 14.933384 2.145341 0.018277 -0.238459
    1 0.000005 3.345128 -2.981901 1.427249 0.129913 1.354966
    2 7.489221 0.582049 0.011719 0.212812 -0.036265 0.355206
    3 10.744785 1.565584 -1.781355 -1.629131 1.368525 3.209657
    4 6.028143 0.000001 0.000000 1.025871 0.627291 -1.099276
    5 11.692552 0.000000 0.000002 0.000000 0.000000 -1.365381
    6 10.725247 1.190567 2.074383 2.692160 -1.315735 2.064898
    7 6.028142 0.000001 0.000000 -1.526736 -0.469059 -0.503100
    8 11.692555 0.000000 0.000000 0.000000 0.000000 -1.064818
    9 15.364020 2.314996 0.269539 3.300090 0.002217 -0.162919
    10 3.886546 -0.226573 -0.000003 -4.187325 -0.678000 0.848138
    11 17.848177 0.000000 0.000000 0.000000 0.000000 2.360591
    12 16.525253 0.000000 0.000000 0.200525 0.135171 -1.612402
    13 -3.886546 0.226573 0.000007 -0.179160 -1.087994 -2.520883
    14 17.848173 0.000000 0.000000 0.000000 0.000000 2.684779
    15 16.525257 0.000000 0.000000 -0.105843 -0.020022 -1.941584
  time 97
    0 1.267221 2.433673 14.933384 2.145341 0.018277 -0.238459
    1 0.000005 3.345128 -2.981901 1.428963 0.130591 1.355025
    2 7.489221 0.582049 0.011719 0.212899 -0.035558 0.355291
    3 10.744785 1.565584 -1.781355 -1.629308 1.368976 3.209537
    4 6.028143 0.000001 0.000000 1.029717 0.625771 -1.097785
    5 11.692552 0.000000 0.000002 0.000000 0.000000 -1.367342
    6 10.725247 1.190567 2.074383 2.695115 -1.316125 2.061926
    7 6.028142 0.000001 0.000000 -1.522923 -0.474947 -0.506581
    8 11.692555 0.000000 0.000000 0.000000 0.000000 -1.056260
    9 15.364020 2.314996 0.269539 3.297569 0.001462 -0.163005
    10 3.886546 -0.226573 -0.000003 -4.187050 -0.678089 0.847967
    11 17.848177 0.000000 0.000000 0.000000 0.000000 2.360745
    12 16.525253 0.000000 0.000000 0.200495 0.135354 -1.612691
    13 -3.886546 0.226573 0.000007 -0.180339 -1.087732 -2.520178
    14 17.848173 0.000000 0.000000 0.000000 0.000000 2.684697
    15 16.525257 0.000000 0.000000 -0.105807 -0.020324 -1.941918
  time 98
    0 1.267221 2.429767 14.937290 2.145341 0.018277 -0.238459
    1 0.000005 3.345128 -2.981901 1.430714 0.131268 1.355085
    2 7.489221 0.582049 0.007813 0.212985 -0.034827 0.355376
    3 10.744785 1.565584 -1.781355 -1.629544 1.369572 3.209295
    4 6.028143 0.000001 0.000000 1.033479 0.624250 -1.096480
    5 11.692552 0.000000 0.000002 0.000000 0.000000 -1.368939
    6 10.725247 1.190567 2.074383 2.698261 -1.316515 2.058666
    7 6.028142 0.000001 0.000000 -1.519259 -0.480911 -0.510101
    8 11.692555 0.000000 0.000000 0.000000 0.000000 -1.047627
    9 15.364020 2.314996 0.269539 3.295049 0.000671 -0.163156
    10 3.886546 -0.226573 -0.000003 -4.186685 -0.678269 0.847624
    11 17.848177 0.000000 0.000000 0.000000 0.000000 2.360900
    12 16.525253 0.000000 0.000000 0.200450 0.135578 -1.613107
    13 -3.886546 0.226573 0.000007 -0.181337 -1.087339 -2.518945
    14 17.848173 0.000000 0.000000 0.000000 0.000000 2.684533
    15 16.525257 0.000000 0.000000 -0.105754 -0.020746 -1.942251
  time 99
    0 1.267221 2.421954 14.937290 2.145341 0.018277 -0.238459
    1 0.000005 3.345128 -2.981901 1.432479 0.131969 1.355133
    2 7.489221 0.582049 0.007813 0.213071 -0.034096 0.355460
    3 10.744785 1.565584 -1.781355 -1.629780 1.370284 3.209054
    4 6.028143 0.000001 0.000000 1.036991 0.622776 -1.095455
    5 11.692552 0.000000 0.000002 0.000000 0.000000 -1.370319
    6 10.725247 1.190567 2.074383 2.701598 -1.316949 2.055215
    7 6.028142 0.000001 0.000000 -1.515744 -0.486874 -0.513542
    8 11.692555 0.000000 0.000000 0.000000 0.000000 -1.039144
    9 15.364020 2.314996 0.269539 3.292429 -0.000132 -0.163349
    10 3.886546 -0.226573 -0.000003 -4.186136 -0.678583 0.847109
    11 17.848177 0.000000 0.000000 0.000000 0.000000 2.360977
    12 16.525253 0.000000 0.000000 0.200406 0.135862 -1.613619
    13 -3.886546 0.226573 0.000007 -0.182788 -1.086945 -2.518153
    14 17.848173 0.000000 0.000000 0.000000 0.000000 2.684206
    15 16.525257 0.000000 0.000000 -0.105700 -0.021249 -1.942474
  time 100
    0 1.263315 2.414141 14.941196 2.145341 0.018277 -0.238459
    1 0.000005 3.345128 -2.981901 1.434244 0.132693 1.355193
    2 7.489221 0.582049 0.007813 0.213186 -0.033353 0.355545
    3 10.744785 1.565584 -1.781355 -1.630075 1.371113 3.208812
    4 6.028143 0.000001 0.000000 1.040251 0.621302 -1.094616
    5 11.692552 0.000000 0.000002 0.000000 0.000000 -1.371336
    6 10.725247 1.190567 2.074383 2.705029 -1.317382 2.051668
    7 6.028142 0.000001 0.000000 -1.512526 -0.492762 -0.516865
    8 11.692555 0.000000 0.000000 0.000000 0.000000 -1.031037
    9 15.364020 2.314996 0.265633 3.289810 -0.000971 -0.163607
    10 3.886546 -0.226573 -0.000003 -4.185587 -0.678942 0.846594
    11 17.848177 0.000000 0.000000 0.000000 0.000000 2.360977
    12 16.525253 0.000000 0.000000 0.200346 0.136167 -1.614228
    13 -3.886546 0.226573 0.000007 -0.184058 -1.086465 -2.517008
    14 17.848173 0.000000 0.000000 0.000000 0.000000 2.683878
    15 16.525257 0.000000 0.000000 -0.105629 -0.021852 -1.942696
  time 101
    0 1.263315 2.406328 14.949009 2.145341 0.018277 -0.238459
    1 0.000005 3.345128 -2.981901 1.436009 0.133394 1.355241
    2 7.489221 0.582049 0.003906 0.213272 -0.032622 0.355630
    3 10.744785 1.565584 -1.781355 -1.630428 1.372044 3.208450
    4 6.028143 0.000001 0.000000 1.043178 0.619965 -1.094057
    5 11.692552 0.000000 0.000002 0.000000 0.000000 -1.371917
    6 10.725247 1.190567 2.074383 2.708557 -1.317816 2.048025
    7 6.028142 0.000001 0.000000 -1.509704 -0.498386 -0.519910
    8 11.692555 0.000000 0.000000 0.000000 0.000000 -1.023530
    9 15.364020 2.318902 0.265633 3.287141 -0.001834 -0.163908
    10 3.886546 -0.226573 -0.000003 -4.184855 -0.679391 0.845908
    11 17.848177 0.000000 0.000000 0.000000 0.000000 2.360977
    12 16.525253 0.000000 0.000000 0.200287 0.136513 -1.614901
    13 -3.886546 0.226573 0.000007 -0.185509 -1.085896 -2.516039
    14 17.848173 0.000000 0.000000 0.000000 0.000000 2.683469
    15 16.525257 0.000000 0.000000 -0.105539 -0.022535 -1.942881
  time 102
    0 1.259408 2.398516 14.952916 2.145341 0.018277 -0.238459
    1 0.000005 3.345128 -2.981901 1.437773 0.134119 1.355289
    2 7.489221 0.582049 0.003906 0.213359 -0.031879 0.355714
    3 10.744785 1.565584 -1.781355 -1.630782 1.373047 3.208148
    4 6.028143 0.000001 0.000000 1.045770 0.618629 -1.093777
    5 11.692552 0.000000 0.000002 0.000000 0.000000 -1.372134
    6 10.725247 1.190567 2.074383 2.712274 -1.318271 2.044287
    7 6.028142 0.000001 0.000000 -1.507129 -0.504010 -0.522798
    8 11.692555 0.000000 0.000000 0.000000 0.000000 -1.016323
    9 15.364020 2.318902 0.265633 3.284521 -0.002697 -0.164251
    10 3.886546 -0.226573 -0.000003 -4.184123 -0.679930 0.845222
    11 17.848177 0.000000 0.000000 0.000000 0.000000 2.360977
    12 16.525253 0.000000 0.000000 0.200228 0.136880 -1.615637
    13 -3.886546 0.226573 0.000007 -0.187233 -1.085328 -2.514806
    14 17.848173 0.000000 0.000000 0.000000 0.000000 2.682978
    15 16.525257 0.000000 0.000000 -0.105450 -0.023259 -1.942992
  time 103
    0 1.259408 2.390703 14.960728 2.145341 0.018277 -0.238459
    1 0.000005 3.345128 -2.981901 1.439512 0.134843 1.355337
    2 7.489221 0.582049 0.003906 0.213474 -0.031160 0.355799
    3 10.744785 1.565584 -1.781355 -1.631136 1.374123 3.207786
    4 6.028143 0.000001 0.000000 1.048278 0.617431 -1.093684
    5 11.692552 0.000000 0.000002 0.000000 0.000000 -1.372062
    6 10.725247 1.190567 2.074383 2.715992 -1.318704 2.040452
    7 6.028142 0.000001 0.000000 -1.504703 -0.509747 -0.525646
    8 11.692555 0.000000 0.000000 0.000000 0.000000 -1.008966
    9 15.364020 2.318902 0.265633 3.281852 -0.003571 -0.164616
    10 3.886546 -0.226573 -0.000003 -4.183300 -0.680468 0.844364
    11 17.848177 0.000000 0.000000 0.000000 0.000000 2.360977
    12 16.525253 0.000000 0.000000 0.200154 0.137266 -1.616406
    13 -3.886546 0.226573 0.000007 -0.188684 -1.084672 -2.513838
    14 17.848173 0.000000 0.000000 0.000000 0.000000 2.682405
    15 16.525257 0.000000 0.000000 -0.105361 -0.024043 -1.943066
  time 104
    0 1.255502 2.378984 14.968541 2.145341 0.018277 -0.238459
    1 0.000005 3.345128 -2.981901 1.441225 0.135544 1.355385
    2 7.489221 0.582049 0.000000 0.213560 -0.030429 0.355884
    3 10.744785 1.565584 -1.785262 -1.631549 1.375257 3.207364
    4 6.028143 0.000001 0.000000 1.050703 0.616280 -1.093684
    5 11.692552 0.000000 0.000002 0.000000 0.000000 -1.371771
    6 10.725247 1.190567 2.074383 2.719710 -1.319160 2.036617
    7 6.028142 0.000001 0.000000 -1.502327 -0.515597 -0.528414
    8 11.692555 0.000000 0.000000 0.000000 0.000000 -1.001459
    9 15.364020 2.318902 0.265633 3.279233 -0.004446 -0.165003
    10 3.886546 -0.226573 -0.000003 -4.182385 -0.681097 0.843506
    11 17.848177 0.000000 0.000000 0.000000 0.000000 2.360900
    12 16.525253 0.000000 0.000000 0.200094 0.137693 -1.617239
    13 -3.886546 0.226573 0.000007 -0.190407 -1.084017 -2.512781
    14 17.848173 0.000000 0.000000 0.000000 0.000000 2.681832
    15 16.525257 0.000000 0.000000 -0.105272 -0.024868 -1.943140
  time 105
    0 1.255502 2.371171 14.976354 2.145341 0.018277 -0.238459
    1 0.000005 3.345128 -2.981901 1.442900 0.136245 1.355433
    2 7.489221 0.582049 0.000000 0.213646 -0.029734 0.355968
    3 10.744785 1.565584 -1.785262 -1.631962 1.376435 3.206941
    4 6.028143 0.000001 0.000000 1.052960 0.615220 -1.093777
    5 11.692552 0.000000 0.000002 0.000000 0.000000 -1.371336
    6 10.725247 1.190567 2.074383 2.723428 -1.319593 2.032783
    7 6.028142 0.000001 0.000000 -1.500099 -0.521485 -0.531143
    8 11.692555 0.000000 0.000000 0.000000 0.000000 -0.993801
    9 15.364020 2.318902 0.265633 3.276663 -0.005309 -0.165433
    10 3.886546 -0.226573 -0.000003 -4.181561 -0.681770 0.842649
    11 17.848177 0.000000 0.000000 0.000000 0.000000 2.360822
    12 16.525253 0.000000 0.000000 0.200020 0.138100 -1.618104
    13 -3.886546 0.226573 0.000007 -0.192040 -1.083361 -2.511372
    14 17.848173 0.000000 0.000000 0.000000 0.000000 2.681177
    15 16.525257 0.000000 0.000000 -0.105165 -0.025732 -1.943140
  time 106
    0 1.251596 2.359452 14.984167 2.145341 0.018277 -0.238459
    1 0.000005 3.345128 -2.981901 1.444536 0.136922 1.355469
    2 7.489221 0.582049 0.000000 0.213732 -0.029039 0.356053
    3 10.744785 1.565584 -1.785262 -1.632375 1.377642 3.206519
    4 6.028143 0.000001 0.000000 1.055050 0.614252 -1.094057
    5 11.692552 0.000000 0.000002 0.000000 0.000000 -1.370682
    6 10.725247 1.190567 2.074383 2.727241 -1.320027 2.028948
    7 6.028142 0.000001 0.000000 -1.497970 -0.527373 -0.533833
    8 11.692555 0.000000 0.000000 0.000000 0.000000 -0.986219
    9 15.364020 2.318902 0.265633 3.274142 -0.006148 -0.165862
    10 3.886546 -0.226573 -0.000003 -4.180555 -0.682443 0.841705
    11 17.848177 0.000000 0.000000 0.000000 0.000000 2.360745
    12 16.525253 0.000000 0.000000 0.199946 0.138548 -1.618968
    13 -3.886546 0.226573 0.000007 -0.193582 -1.082662 -2.510139
    14 17.848173 0.000000 0.000000 0.000000 0.000000 2.680523
    15 16.525257 0.000000 0.000000 -0.105057 -0.026597 -1.943140
  time 107
    0 1.251596 2.347733 14.995886 2.145341 0.018277 -0.238459
    1 0.000005 3.345128 -2.981901 1.446120 0.137576 1.355517
    2 7.489221 0.582049 0.000000 0.213818 -0.028380 0.356138
    3 10.744785 1.565584 -1.785262 -1.632847 1.378863 3.206096
    4 6.028143 0.000001 0.000000 1.057057 0.613331 -1.094429
    5 11.692552 0.000000 0.000002 0.000000 0.000000 -1.369956
    6 10.725247 1.190567 2.074383 2.730864 -1.320460 2.025209
    7 6.028142 0.000001 0.000000 -1.495989 -0.533223 -0.536404
    8 11.692555 0.000000 0.000000 0.000000 0.000000 -0.978637
    9 15.364020 2.318902 0.265633 3.271671 -0.006975 -0.166313
    10 3.886546 -0.226573 -0.000003 -4.179640 -0.683161 0.840762
    11 17.848177 0.000000 0.000000 0.000000 0.000000 2.360668
    12 16.525253 0.000000 0.000000 0.199857 0.138975 -1.619865
    13 -3.886546 0.226573 0.000007 -0.195214 -1.081962 -2.509170
    14 17.848173 0.000000 0.000000 0.000000 0.000000 2.679868
    15 16.525257 0.000000 0.000000 -0.104950 -0.027482 -1.943103
  time 108
    0 1.247689 2.339920 15.003698 2.145341 0.018277 -0.238459
    1 0.000005 3.345128 -2.981901 1.447627 0.138231 1.355553
    2 7.489221 0.582049 0.000000 0.213905 -0.027744 0.356201
    3 10.744785 1.565584 -1.785262 -1.633260 1.380070 3.205674
    4 6.028143 0.000001 0.000000 1.058980 0.612502 -1.094802
    5 11.692552 0.000000 0.000002 0.000000 0.000000 -1.369084
    6 10.725247 1.190567 2.074383 2.734486 -1.320872 2.021471
    7 6.028142 0.000001 0.000000 -1.494108 -0.538998 -0.538856
    8 11.692555 0.000000 0.000000 0.000000 0.000000 -0.971205
    9 15.364020 2.318902 0.265633 3.269298 -0.007790 -0.166764
    10 3.886546 -0.226573 -0.000003 -4.178725 -0.683880 0.839818
    11 17.848177 0.000000 0.000000 0.000000 0.000000 2.360513
    12 16.525253 0.000000 0.000000 0.199782 0.139422 -1.620762
    13 -3.886546 0.226573 0.000007 -0.196938 -1.081263 -2.508201
    14 17.848173 0.000000 0.000000 0.000000 0.000000 2.679131
    15 16.525257 0.000000 0.000000 -0.104843 -0.028366 -1.943066
  time 109
    0 1.247689 2.328201 15.011511 2.145341 0.018277 -0.238459
    1 0.000005 3.345128 -2.981901 1.449083 0.138838 1.355577
    2 7.489221 0.582049 0.000000 0.213991 -0.027133 0.356286
    3 10.744785 1.565584 -1.785262 -1.633732 1.381277 3.205251
    4 6.028143 0.000001 0.000000 1.060736 0.611718 -1.095268
    5 11.692552 0.000000 0.000002 0.000000 0.000000 -1.368140
    6 10.725247 1.190567 2.074383 2.737918 -1.321262 2.017924
    7 6.028142 0.000001 0.000000 -1.492326 -0.544622 -0.541230
    8 11.692555 0.000000 0.000000 0.000000 0.000000 -0.963923
    9 15.364020 2.318902 0.265633 3.267025 -0.008557 -0.167216
    10 3.886546 -0.226573 -0.000003 -4.177719 -0.684598 0.838875
    11 17.848177 0.000000 0.000000 0.000000 0.000000 2.360436
    12 16.525253 0.000000 0.000000 0.199708 0.139850 -1.621627
    13 -3.886546 0.226573 0.000007 -0.198389 -1.080607 -2.506968
    14 17.848173 0.000000 0.000000 0.000000 0.000000 2.678476
    15 16.525257 0.000000 0.000000 -0.104736 -0.029231 -1.942992
  time 110
    0 1.243783 2.320388 15.019324 2.145341 0.018277 -0.238459
    1 0.000005 3.345128 -2.981901 1.450435 0.139422 1.355613
    2 7.489221 0.582049 -0.003906 0.214077 -0.026558 0.356349
    3 10.744785 1.565584 -1.785262 -1.634144 1.382440 3.204768
    4 6.028143 0.000001 0.000000 1.062408 0.611027 -1.095827
    5 11.692552 0.000000 0.000002 0.000000 0.000000 -1.367196
    6 10.725247 1.190567 2.074383 2.741255 -1.321631 2.014473
    7 6.028142 0.000001 0.000000 -1.490692 -0.550019 -0.543484
    8 11.692555 0.000000 0.000000 0.000000 0.000000 -0.956942
    9 15.364020 2.318902 0.265633 3.264900 -0.009300 -0.167667
    10 3.886546 -0.226573 -0.000003 -4.176804 -0.685271 0.837931
    11 17.848177 0.000000 0.000000 0.000000 0.000000 2.360282
    12 16.525253 0.000000 0.000000 0.199634 0.140257 -1.622492
    13 -3.886546 0.226573 0.000007 -0.199931 -1.079908 -2.506264
    14 17.848173 0.000000 0.000000 0.000000 0.000000 2.677821
    15 16.525257 0.000000 0.000000 -0.104647 -0.030075 -1.942918
  time 111
    0 1.243783 2.308669 15.031043 2.145341 0.018277 -0.238459
    1 0.000005 3.345128 -2.981901 1.451723 0.139959 1.355637
    2 7.489221 0.582049 -0.003906 0.214135 -0.026007 0.356413
    3 10.744785 1.565584 -1.785262 -1.634616 1.383574 3.204406
    4 6.028143 0.000001 0.000000 1.063829 0.610382 -1.096294
    5 11.692552 0.000000 0.000002 0.000000 0.000000 -1.366180
    6 10.725247 1.190567 2.074383 2.744400 -1.321977 2.011213
    7 6.028142 0.000001 0.000000 -1.489157 -0.555190 -0.545580
    8 11.692555 0.000000 0.000000 0.000000 0.000000 -0.950185
    9 15.364020 2.318902 0.265633 3.262873 -0.009995 -0.168096
    10 3.886546 -0.226573 -0.000003 -4.175981 -0.685944 0.837074
    11 17.848177 0.000000 0.000000 0.000000 0.000000 2.360204
    12 16.525253 0.000000 0.000000 0.199575 0.140663 -1.623325
    13 -3.886546 0.226573 0.000007 -0.201382 -1.079296 -2.505031
    14 17.848173 0.000000 0.000000 0.000000 0.000000 2.677167
    15 16.525257 0.000000 0.000000 -0.104540 -0.030879 -1.942807
  time 112
    0 1.239877 2.300856 15.038856 2.145341 0.018277 -0.238459
    1 0.000005 3.345128 -2.981901 1.452896 0.140473 1.355661
    2 7.489221 0.582049 -0.003906 0.214221 -0.025515 0.356455
    3 10.744785 1.565584 -1.785262 -1.634970 1.384635 3.203984
    4 6.028143 0.000001 0.000000 1.065167 0.609783 -1.096853
    5 11.692552 0.000000 0.000002 0.000000 0.000000 -1.365163
    6 10.725247 1.190567 2.074383 2.747356 -1.322303 2.008241
    7 6.028142 0.000001 0.000000 -1.487771 -0.560059 -0.547518
    8 11.692555 0.000000 0.000000 0.000000 0.000000 -0.943879
    9 15.364020 2.318902 0.265633 3.260995 -0.010630 -0.168504
    10 3.886546 -0.226573 -0.000003 -4.175066 -0.686618 0.836216
    11 17.848177 0.000000 0.000000 0.000000 0.000000 2.360050
    12 16.525253 0.000000 0.000000 0.199500 0.141050 -1.624093
    13 -3.886546 0.226573 0.000007 -0.202561 -1.078684 -2.504238
    14 17.848173 0.000000 0.000000 0.000000 0.000000 2.676512
    15 16.525257 0.000000 0.000000 -0.104451 -0.031664 -1.942733
  time 113
    0 1.239877 2.293044 15.046668 2.145341 0.018277 -0.238459
    1 0.000005 3.345128 -2.981901 1.453978 0.140941 1.355685
    2 7.489221 0.582049 -0.007813 0.214278 -0.025060 0.356519
    3 10.744785 1.565584 -1.785262 -1.635383 1.385624 3.203622
    4 6.028143 0.000001 0.000000 1.066421 0.609322 -1.097412
    5 11.692552 0.000000 0.000002 0.000000 0.000000 -1.364146
    6 10.725247 1.190567 2.074383 2.750120 -1.322584 2.005461
    7 6.028142 0.000001 0.000000 -1.486533 -0.564551 -0.549298
    8 11.692555 0.000000 0.000000 0.000000 0.000000 -0.938024
    9 15.364020 2.318902 0.265633 3.259314 -0.011230 -0.168870
    10 3.886546 -0.226573 -0.000003 -4.174334 -0.687201 0.835444
    11 17.848177 0.000000 0.000000 0.000000 0.000000 2.359973
    12 16.525253 0.000000 0.000000 0.199441 0.141396 -1.624830
    13 -3.886546 0.226573 0.000007 -0.204012 -1.078116 -2.503534
    14 17.848173 0.000000 0.000000 0.000000 0.000000 2.675939
    15 16.525257 0.000000 0.000000 -0.104361 -0.032367 -1.942622
  time 114
    0 1.235970 2.285231 15.054481 2.145341 0.018277 -0.238459
    1 0.000005 3.345128 -2.981901 1.454931 0.141338 1.355709
    2 7.489221 0.582049 -0.007813 0.214336 -0.024652 0.356561
    3 10.744785 1.565584 -1.785262 -1.635737 1.386540 3.203260
    4 6.028143 0.000001 0.000000 1.067425 0.608862 -1.097971
    5 11.692552 0.000000 0.000002 0.000000 0.000000 -1.363202
    6 10.725247 1.190567 2.074383 2.752599 -1.322866 2.002873
    7 6.028142 0.000001 0.000000 -1.485444 -0.568627 -0.550920
    8 11.692555 0.000000 0.000000 0.000000 0.000000 -0.932694
    9 15.364020 2.318902 0.265633 3.257782 -0.011757 -0.169235
    10 3.886546 -0.226573 -0.000003 -4.173602 -0.687785 0.834672
    11 17.848177 0.000000 0.000000 0.000000 0.000000 2.359818
    12 16.525253 0.000000 0.000000 0.199382 0.141721 -1.625503
    13 -3.886546 0.226573 0.000007 -0.205010 -1.077591 -2.502829
    14 17.848173 0.000000 0.000000 0.000000 0.000000 2.675366
    15 16.525257 0.000000 0.000000 -0.104290 -0.033031 -1.942511
  time 115
    0 1.235970 2.277418 15.058388 2.145341 0.018277 -0.238459
    1 0.000005 3.345128 -2.981901 1.455768 0.141712 1.355721
    2 7.489221 0.582049 -0.007813 0.214365 -0.024293 0.356603
    3 10.744785 1.565584 -1.785262 -1.636032 1.387340 3.202958
    4 6.028143 0.000001 0.000000 1.068344 0.608493 -1.098437
    5 11.692552 0.000000 0.000002 0.000000 0.000000 -1.362404
    6 10.725247 1.190567 2.074383 2.754791 -1.323083 2.000668
    7 6.028142 0.000001 0.000000 -1.484503 -0.572250 -0.552304
    8 11.692555 0.000000 0.000000 0.000000 0.000000 -0.927964
    9 15.364020 2.318902 0.265633 3.256448 -0.012224 -0.169535
    10 3.886546 -0.226573 -0.000003 -4.172961 -0.688278 0.834072
    11 17.848177 0.000000 0.000000 0.000000 0.000000 2.359741
    12 16.525253 0.000000 0.000000 0.199337 0.142006 -1.626079
    13 -3.886546 0.226573 0.000007 -0.206280 -1.077154 -2.502037
    14 17.848173 0.000000 0.000000 0.000000 0.000000 2.674875
    15 16.525257 0.000000 0.000000 -0.104218 -0.033594 -1.942437
  time 116
    0 1.235970 2.273512 15.066200 2.145341 0.018277 -0.238459
    1 0.000005 3.345128 -2.981901 1.456477 0.142015 1.355733
    2 7.489221 0.582049 -0.007813 0.214422 -0.024005 0.356646
    3 10.744785 1.565584 -1.785262 -1.636327 1.388038 3.202656
    4 6.028143 0.000001 0.000000 1.069097 0.608217 -1.098810
    5 11.692552 0.000000 0.000002 0.000000 0.000000 -1.361605
    6 10.725247 1.190567 2.074383 2.756603 -1.323278 1.998751
    7 6.028142 0.000001 0.000000 -1.483711 -0.575345 -0.553451
    8 11.692555 0.000000 0.000000 0.000000 0.000000 -0.923911
    9 15.364020 2.318902 0.265633 3.255311 -0.012620 -0.169815
    10 3.886546 -0.226573 -0.000003 -4.172413 -0.688682 0.833471
    11 17.848177 0.000000 0.000000 0.000000 0.000000 2.359664
    12 16.525253 0.000000 0.000000 0.199293 0.142250 -1.626592
    13 -3.886546 0.226573 0.000007 -0.207006 -1.076761 -2.501596
    14 17.848173 0.000000 0.000000 0.000000 0.000000 2.674466
    15 16.525257 0.000000 0.000000 -0.104165 -0.034096 -1.942325
  time 117
    0 1.235970 2.265699 15.070107 2.145341 0.018277 -0.238459
    1 0.000005 3.345128 -2.981901 1.457030 0.142249 1.355745
    2 7.489221 0.582049 -0.007813 0.214451 -0.023765 0.356667
    3 10.744785 1.565584 -1.785262 -1.636563 1.388605 3.202475
    4 6.028143 0.000001 0.000000 1.069682 0.607986 -1.099183
    5 11.692552 0.000000 0.000002 0.000000 0.000000 -1.361024
    6 10.725247 1.190567 2.074383 2.758033 -1.323430 1.997313
    7 6.028142 0.000001 0.000000 -1.483117 -0.577836 -0.554401
    8 11.692555 0.000000 0.000000 0.000000 0.000000 -0.920683
    9 15.364020 2.318902 0.265633 3.254421 -0.012931 -0.170030
    10 3.886546 -0.226573 -0.000003 -4.171955 -0.689041 0.833042
    11 17.848177 0.000000 0.000000 0.000000 0.000000 2.359586
    12 16.525253 0.000000 0.000000 0.199263 0.142454 -1.627008
    13 -3.886546 0.226573 0.000007 -0.207459 -1.076455 -2.501332
    14 17.848173 0.000000 0.000000 0.000000 0.000000 2.674138
    15 16.525257 0.000000 0.000000 -0.104111 -0.034499 -1.942251
  time 118
    0 1.232064 2.261793 15.074013 2.145341 0.018277 -0.238459
    1 0.000005 3.345128 -2.981901 1.457443 0.142436 1.355756
    2 7.489221 0.582049 -0.007813 0.214480 -0.023586 0.356688
    3 10.744785 1.565584 -1.785262 -1.636681 1.389012 3.202294
    4 6.028143 0.000001 0.000000 1.070100 0.607848 -1.099462
    5 11.692552 0.000000 0.000002 0.000000 0.000000 -1.360516
    6 10.725247 1.190567 2.074383 2.759176 -1.323538 1.996162
    7 6.028142 0.000001 0.000000 -1.482671 -0.579686 -0.555073
    8 11.692555 0.000000 0.000000 0.000000 0.000000 -0.918205
    9 15.364020 2.318902 0.265633 3.253779 -0.013171 -0.170201
    10 3.886546 -0.226573 -0.000003 -4.171589 -0.689311 0.832699
    11 17.848177 0.000000 0.000000 0.000000 0.000000 2.359509
    12 16.525253 0.000000 0.000000 0.199233 0.142596 -1.627328
    13 -3.886546 0.226573 0.000007 -0.208185 -1.076236 -2.501068
    14 17.848173 0.000000 0.000000 0.000000 0.000000 2.673893
    15 16.525257 0.000000 0.000000 -0.104076 -0.034800 -1.942214
  time 119
    0 1.232064 2.261793 15.074013 2.145341 0.018277 -0.238459
    1 0.000005 3.345128 -2.981901 1.457700 0.142553 1.355756
    2 7.489221 0.582049 -0.007813 0.214480 -0.023478 0.356709
    3 10.744785 1.565584 -1.785262 -1.636799 1.389288 3.202173
    4 6.028143 0.000001 0.000000 1.070351 0.607756 -1.099649
    5 11.692552 0.000000 0.000002 0.000000 0.000000 -1.360225
    6 10.725247 1.190567 2.074383 2.759844 -1.323625 1.995395
    7 6.028142 0.000001 0.000000 -1.482374 -0.580818 -0.555508
    8 11.692555 0.000000 0.000000 0.000000 0.000000 -0.916704
    9 15.364020 2.318902 0.265633 3.253334 -0.013315 -0.170287
    10 3.886546 -0.226573 -0.000003 -4.171406 -0.689490 0.832442
    11 17.848177 0.000000 0.000000 0.000000 0.000000 2.359509
    12 16.525253 0.000000 0.000000 0.199219 0.142698 -1.627520
    13 -3.886546 0.226573 0.000007 -0.208457 -1.076062 -2.500628
    14 17.848173 0.000000 0.000000 0.000000 0.000000 2.673729
    15 16.525257 0.000000 0.000000 -0.104058 -0.034981 -1.942177
  time 120
    0 1.232064 2.261793 15.077919 2.145341 0.018277 -0.238459
    1 0.000005 3.345128 -2.981901 1.457790 0.142600 1.355756
    2 7.489221 0.582049 -0.007813 0.214480 -0.023442 0.356709
    3 10.744785 1.565584 -1.785262 -1.636858 1.389376 3.202173
    4 6.028143 0.000001 0.000000 1.070518 0.607710 -1.099742
    5 11.692552 0.000000 0.000002 0.000000 0.000000 -1.360080
    6 10.725247 1.190567 2.074383 2.760034 -1.323647 1.995204
    7 6.028142 0.000001 0.000000 -1.482275 -0.581233 -0.555666
    8 11.692555 0.000000 0.000000 0.000000 0.000000 -0.916178
    9 15.364020 2.318902 0.265633 3.253235 -0.013363 -0.170330
    10 3.886546 -0.226573 -0.000003 -4.171315 -0.689535 0.832356
    11 17.848177 0.000000 0.000000 0.000000 0.000000 2.359432
    12 16.525253 0.000000 0.000000 0.199204 0.142738 -1.627585
    13 -3.886546 0.226573 0.000007 -0.208638 -1.076018 -2.500628
    14 17.848173 0.000000 0.000000 0.000000 0.000000 2.673647
    15 16.525257 0.000000 0.000000 -0.104040 -0.035062 -1.942177
end
