// Created by Crowbar 0.74
version 1
nodes
  0 "ValveBiped.Bip01" -1
  1 "ValveBiped.Bip01_Spine" 0
  2 "ValveBiped.Bip01_Spine2" 1
  3 "ValveBiped.Bip01_R_Clavicle" 2
  4 "ValveBiped.Bip01_R_UpperArm" 3
  5 "ValveBiped.Bip01_R_Forearm" 4
  6 "ValveBiped.Bip01_L_Clavicle" 2
  7 "ValveBiped.Bip01_L_UpperArm" 6
  8 "ValveBiped.Bip01_L_Forearm" 7
  9 "ValveBiped.Bip01_Head1" 2
  10 "ValveBiped.Bip01_L_Thigh" 0
  11 "ValveBiped.Bip01_L_Calf" 10
  12 "ValveBiped.Bip01_L_Foot" 11
  13 "ValveBiped.Bip01_R_Thigh" 0
  14 "ValveBiped.Bip01_R_Calf" 13
  15 "ValveBiped.Bip01_R_Foot" 14
end
skeleton
  time 0
    0 -1.975065 2.539145 14.995886 1.786765 0.098166 -0.000042
    1 0.000005 3.345128 -2.981901 1.674733 -0.032698 1.633691
    2 7.500940 0.515641 -0.011719 0.251845 -0.036253 0.409024
    3 10.893227 1.155415 -1.937610 -2.531597 1.333701 2.228868
    4 6.028143 0.000001 0.000000 1.883367 0.413002 -0.540711
    5 11.692552 0.000000 0.000002 0.000000 0.000000 -1.997008
    6 10.893221 1.155409 1.937660 0.954499 -1.220054 3.692405
    7 6.028142 0.000001 0.000000 -1.553620 -0.029421 -0.943564
    8 11.692555 0.000000 0.000000 0.000000 0.000000 -2.100419
    9 15.328862 2.088426 0.000000 2.941759 0.011373 -0.150804
    10 3.784980 0.906274 -0.000003 -3.501447 -0.937797 0.361210
    11 17.848177 0.000000 0.000000 0.000000 0.000000 2.368856
    12 16.525253 0.000000 0.000000 0.133308 0.236604 -1.811405
    13 -3.784980 -0.906274 0.000007 -0.350768 -1.192550 -2.421456
    14 17.848173 0.000000 0.000000 0.000000 0.000000 2.636159
    15 16.525257 0.000000 0.000000 0.103519 0.140264 -2.061666
  time 1
    0 -1.975065 2.539145 14.995886 1.786765 0.098166 -0.000042
    1 0.000005 3.345128 -2.981901 1.674708 -0.032698 1.633691
    2 7.500940 0.515641 -0.011719 0.251788 -0.036241 0.409003
    3 10.893227 1.155415 -1.937610 -2.532010 1.333817 2.228506
    4 6.028143 0.000001 0.000000 1.883618 0.412864 -0.540897
    5 11.692552 0.000000 0.000002 0.000000 0.000000 -1.997226
    6 10.893221 1.155409 1.937660 0.954213 -1.220206 3.692597
    7 6.028142 0.000001 0.000000 -1.553917 -0.029270 -0.943524
    8 11.692555 0.000000 0.000000 0.000000 0.000000 -2.100870
    9 15.328862 2.088426 0.000000 2.941709 0.011373 -0.150869
    10 3.784980 0.906274 -0.000003 -3.501447 -0.937707 0.361210
    11 17.848177 0.000000 0.000000 0.000000 0.000000 2.368856
    12 16.525253 0.000000 0.000000 0.133337 0.236624 -1.811405
    13 -3.784980 -0.906274 0.000007 -0.350768 -1.192550 -2.421192
    14 17.848173 0.000000 0.000000 0.000000 0.000000 2.636241
    15 16.525257 0.000000 0.000000 0.103501 0.140264 -2.061703
  time 2
    0 -1.975065 2.535239 14.991979 1.786765 0.098166 -0.000042
    1 0.000005 3.345128 -2.981901 1.674630 -0.032652 1.633691
    2 7.500940 0.515641 -0.011719 0.251644 -0.036193 0.408939
    3 10.893227 1.155415 -1.937610 -2.533130 1.334137 2.227360
    4 6.028143 0.000001 0.000000 1.884287 0.412450 -0.541736
    5 11.692552 0.000000 0.000002 0.000000 0.000000 -1.997807
    6 10.893221 1.155409 1.937660 0.953546 -1.220661 3.693268
    7 6.028142 0.000001 0.000000 -1.554907 -0.028780 -0.943287
    8 11.692555 0.000000 0.000000 0.000000 0.000000 -2.102596
    9 15.328862 2.088426 0.000000 2.941660 0.011385 -0.151062
    10 3.784980 0.906274 -0.000003 -3.501538 -0.937573 0.361210
    11 17.848177 0.000000 0.000000 0.000000 0.000000 2.369010
    12 16.525253 0.000000 0.000000 0.133426 0.236726 -1.811437
    13 -3.784980 -0.906274 0.000007 -0.351040 -1.192550 -2.421192
    14 17.848173 0.000000 0.000000 0.000000 0.000000 2.636323
    15 16.525257 0.000000 0.000000 0.103501 0.140264 -2.061888
  time 3
    0 -1.975065 2.535239 14.991979 1.786765 0.098166 -0.000042
    1 0.000005 3.345128 -2.981901 1.674514 -0.032605 1.633703
    2 7.500940 0.515641 -0.011719 0.251385 -0.036134 0.408812
    3 10.893227 1.155415 -1.937610 -2.534959 1.334646 2.225489
    4 6.028143 0.000001 0.000000 1.885374 0.411758 -0.542947
    5 11.692552 0.000000 0.000002 0.000000 0.000000 -1.998751
    6 10.893221 1.155409 1.937660 0.952306 -1.221398 3.694323
    7 6.028142 0.000001 0.000000 -1.556690 -0.027912 -0.942733
    8 11.692555 0.000000 0.000000 0.000000 0.000000 -2.105824
    9 15.328862 2.088426 0.000000 2.941512 0.011397 -0.151341
    10 3.784980 0.906274 -0.000003 -3.501538 -0.937393 0.361210
    11 17.848177 0.000000 0.000000 0.000000 0.000000 2.369165
    12 16.525253 0.000000 0.000000 0.133560 0.236868 -1.811501
    13 -3.784980 -0.906274 0.000007 -0.351221 -1.192506 -2.420487
    14 17.848173 0.000000 0.000000 0.000000 0.000000 2.636487
    15 16.525257 0.000000 0.000000 0.103501 0.140264 -2.062148
  time 4
    0 -1.975065 2.535239 14.988073 1.786765 0.098166 -0.000042
    1 0.000005 3.345128 -2.981901 1.674347 -0.032511 1.633715
    2 7.500940 0.515641 -0.011719 0.251069 -0.036050 0.408664
    3 10.893227 1.155415 -1.937610 -2.537436 1.335329 2.222954
    4 6.028143 0.000001 0.000000 1.886795 0.410883 -0.544625
    5 11.692552 0.000000 0.000002 0.000000 0.000000 -1.999985
    6 10.893221 1.155409 1.937660 0.950781 -1.222374 3.695665
    7 6.028142 0.000001 0.000000 -1.559116 -0.026779 -0.941942
    8 11.692555 0.000000 0.000000 0.000000 0.000000 -2.110253
    9 15.328862 2.088426 0.000000 2.941363 0.011409 -0.151750
    10 3.784980 0.906274 -0.000003 -3.501630 -0.937079 0.361210
    11 17.848177 0.000000 0.000000 0.000000 0.000000 2.369396
    12 16.525253 0.000000 0.000000 0.133753 0.237092 -1.811565
    13 -3.784980 -0.906274 0.000007 -0.351493 -1.192463 -2.420223
    14 17.848173 0.000000 0.000000 0.000000 0.000000 2.636650
    15 16.525257 0.000000 0.000000 0.103501 0.140285 -2.062518
  time 5
    0 -1.975065 2.531332 14.984167 1.786765 0.098166 -0.000042
    1 0.000005 3.345128 -2.981901 1.674141 -0.032418 1.633727
    2 7.500940 0.515641 -0.011719 0.250638 -0.035954 0.408474
    3 10.893227 1.151509 -1.937610 -2.540504 1.336173 2.219875
    4 6.028143 0.000001 0.000000 1.888384 0.409869 -0.546769
    5 11.692552 0.000000 0.000002 0.000000 0.000000 -2.001438
    6 10.893221 1.155409 1.937660 0.948875 -1.223588 3.697390
    7 6.028142 0.000001 0.000000 -1.561839 -0.025496 -0.941230
    8 11.692555 0.000000 0.000000 0.000000 0.000000 -2.114908
    9 15.328862 2.084520 0.000000 2.941116 0.011433 -0.152265
    10 3.784980 0.906274 -0.000003 -3.501721 -0.936720 0.361210
    11 17.848177 0.000000 0.000000 0.000000 0.000000 2.369705
    12 16.525253 0.000000 0.000000 0.133990 0.237356 -1.811661
    13 -3.784980 -0.906274 0.000007 -0.351947 -1.192375 -2.419695
    14 17.848173 0.000000 0.000000 0.000000 0.000000 2.636896
    15 16.525257 0.000000 0.000000 0.103483 0.140285 -2.062963
  time 6
    0 -1.975065 2.531332 14.976354 1.786765 0.098166 -0.000042
    1 0.000005 3.345128 -2.981901 1.673896 -0.032301 1.633751
    2 7.500940 0.515641 -0.011719 0.250149 -0.035822 0.408241
    3 10.893227 1.151509 -1.937610 -2.544102 1.337161 2.216194
    4 6.028143 0.000001 0.000000 1.890223 0.408672 -0.549192
    5 11.692552 0.000000 0.000002 0.000000 0.000000 -2.003035
    6 10.893221 1.155409 1.937660 0.946587 -1.225018 3.699404
    7 6.028142 0.000001 0.000000 -1.564512 -0.024137 -0.940874
    8 11.692555 0.000000 0.000000 0.000000 0.000000 -2.119037
    9 15.328862 2.084520 0.000000 2.940869 0.011457 -0.152845
    10 3.784980 0.906274 -0.000003 -3.501813 -0.936271 0.361296
    11 17.848177 0.000000 0.000000 0.000000 0.000000 2.370014
    12 16.525253 0.000000 0.000000 0.134272 0.237662 -1.811757
    13 -3.784980 -0.906274 0.000007 -0.352672 -1.192288 -2.419254
    14 17.848173 0.000000 0.000000 0.000000 0.000000 2.637223
    15 16.525257 0.000000 0.000000 0.103483 0.140305 -2.063518
  time 7
    0 -1.978972 2.527426 14.972447 1.786765 0.098166 -0.000042
    1 0.000005 3.345128 -2.981901 1.673613 -0.032161 1.633763
    2 7.500940 0.515641 -0.011719 0.249603 -0.035690 0.407987
    3 10.893227 1.151509 -1.937610 -2.548231 1.338266 2.212029
    4 6.028143 0.000001 0.000000 1.892063 0.407381 -0.551988
    5 11.692552 0.000000 0.000002 0.000000 0.000000 -2.004633
    6 10.893221 1.155409 1.937660 0.943917 -1.226622 3.701704
    7 6.028142 0.000001 0.000000 -1.566988 -0.022703 -0.940993
    8 11.692555 0.000000 0.000000 0.000000 0.000000 -2.122265
    9 15.328862 2.084520 -0.003906 2.940573 0.011493 -0.153532
    10 3.784980 0.906274 -0.000003 -3.501904 -0.935777 0.361296
    11 17.848177 0.000000 0.000000 0.000000 0.000000 2.370401
    12 16.525253 0.000000 0.000000 0.134599 0.238007 -1.811853
    13 -3.784980 -0.906274 0.000007 -0.353217 -1.192200 -2.418286
    14 17.848173 0.000000 0.000000 0.000000 0.000000 2.637551
    15 16.525257 0.000000 0.000000 0.103483 0.140325 -2.064148
  time 8
    0 -1.978972 2.523520 14.964635 1.786765 0.098166 -0.000042
    1 0.000005 3.345128 -2.981901 1.673304 -0.032021 1.633787
    2 7.500940 0.511734 -0.011719 0.248971 -0.035546 0.407712
    3 10.893227 1.151509 -1.937610 -2.552772 1.339488 2.207382
    4 6.028143 0.000001 0.000000 1.893986 0.405953 -0.555064
    5 11.692552 0.000000 0.000002 0.000000 0.000000 -2.006230
    6 10.893221 1.155409 1.937660 0.941058 -1.228356 3.704197
    7 6.028142 0.000001 0.000000 -1.569265 -0.021307 -0.941507
    8 11.692555 0.000000 0.000000 0.000000 0.000000 -2.124667
    9 15.328862 2.084520 -0.003906 2.940276 0.011517 -0.154263
    10 3.784980 0.906274 -0.000003 -3.501996 -0.935194 0.361296
    11 17.848177 0.000000 0.000000 0.000000 0.000000 2.370864
    12 16.525253 0.000000 0.000000 0.134955 0.238414 -1.811982
    13 -3.784980 -0.906274 0.000007 -0.353942 -1.192113 -2.417493
    14 17.848173 0.000000 0.000000 0.000000 0.000000 2.637960
    15 16.525257 0.000000 0.000000 0.103465 0.140345 -2.064852
  time 9
    0 -1.978972 2.519613 14.960728 1.786765 0.098166 -0.000042
    1 0.000005 3.345128 -2.981901 1.672969 -0.031857 1.633811
    2 7.500940 0.511734 -0.011719 0.248310 -0.035379 0.407415
    3 10.893227 1.151509 -1.937610 -2.557727 1.340811 2.202372
    4 6.028143 0.000001 0.000000 1.895742 0.404479 -0.558512
    5 11.692552 0.000000 0.000002 0.000000 0.000000 -2.007755
    6 10.893221 1.155409 1.937660 0.938007 -1.230242 3.706977
    7 6.028142 0.000001 0.000000 -1.571345 -0.019835 -0.942377
    8 11.692555 0.000000 0.000000 0.000000 0.000000 -2.126394
    9 15.328862 2.084520 -0.003906 2.939930 0.011553 -0.155079
    10 3.784980 0.906274 -0.000003 -3.502087 -0.934565 0.361382
    11 17.848177 0.000000 0.000000 0.000000 0.000000 2.371328
    12 16.525253 0.000000 0.000000 0.135356 0.238842 -1.812142
    13 -3.784980 -0.906274 0.000007 -0.354940 -1.192026 -2.416789
    14 17.848173 0.000000 0.000000 0.000000 0.000000 2.638369
    15 16.525257 0.000000 0.000000 0.103447 0.140365 -2.065593
  time 10
    0 -1.978972 2.515707 14.952916 1.786765 0.098166 -0.000042
    1 0.000005 3.345128 -2.981901 1.672608 -0.031670 1.633823
    2 7.500940 0.511734 -0.011719 0.247591 -0.035211 0.407098
    3 10.893227 1.147603 -1.937610 -2.563036 1.342192 2.197000
    4 6.028143 0.000001 0.000000 1.897330 0.403004 -0.562054
    5 11.692552 0.000000 0.000002 0.000000 0.000000 -2.009062
    6 10.893221 1.155409 1.937660 0.934766 -1.232215 3.709853
    7 6.028142 0.000001 0.000000 -1.573325 -0.018363 -0.943524
    8 11.692555 0.000000 0.000000 0.000000 0.000000 -2.127520
    9 15.332769 2.080613 -0.007813 2.939584 0.011589 -0.155960
    10 3.784980 0.906274 -0.000003 -3.502270 -0.933892 0.361382
    11 17.848177 0.000000 0.000000 0.000000 0.000000 2.371791
    12 16.525253 0.000000 0.000000 0.135771 0.239309 -1.812302
    13 -3.784980 -0.906274 0.000007 -0.355666 -1.191894 -2.415820
    14 17.848173 0.000000 0.000000 0.000000 0.000000 2.638860
    15 16.525257 0.000000 0.000000 0.103447 0.140385 -2.066445
  time 11
    0 -1.978972 2.511800 14.945103 1.786765 0.098166 -0.000042
    1 0.000005 3.345128 -2.981901 1.672234 -0.031483 1.633847
    2 7.500940 0.511734 -0.011719 0.246815 -0.035031 0.406759
    3 10.893227 1.147603 -1.941516 -2.568639 1.343646 2.191267
    4 6.028143 0.000001 0.000000 1.898835 0.401530 -0.565875
    5 11.692552 0.000000 0.000002 0.000000 0.000000 -2.010297
    6 10.893221 1.155409 1.933754 0.931334 -1.234274 3.712825
    7 6.028142 0.000001 0.000000 -1.575157 -0.016853 -0.944908
    8 11.692555 0.000000 0.000000 0.000000 0.000000 -2.128195
    9 15.332769 2.080613 -0.007813 2.939189 0.011613 -0.156883
    10 3.784980 0.906274 -0.000003 -3.502362 -0.933219 0.361467
    11 17.848177 0.000000 0.000000 0.000000 0.000000 2.372332
    12 16.525253 0.000000 0.000000 0.136231 0.239798 -1.812462
    13 -3.784980 -0.906274 0.000007 -0.356391 -1.191763 -2.414851
    14 17.848173 0.000000 0.000000 0.000000 0.000000 2.639351
    15 16.525257 0.000000 0.000000 0.103430 0.140405 -2.067298
  time 12
    0 -1.978972 2.507894 14.933384 1.786765 0.098166 -0.000042
    1 0.000005 3.345128 -2.981901 1.671835 -0.031297 1.633871
    2 7.500940 0.511734 -0.011719 0.246039 -0.034851 0.406400
    3 10.893227 1.147603 -1.941516 -2.574479 1.345144 2.185352
    4 6.028143 0.000001 0.000000 1.900089 0.400102 -0.569697
    5 11.692552 0.000000 0.000002 0.000000 0.000000 -2.011386
    6 10.893221 1.159316 1.933754 0.927902 -1.236355 3.715892
    7 6.028142 0.000001 0.000000 -1.576890 -0.015343 -0.946451
    8 11.692555 0.000000 0.000000 0.000000 0.000000 -2.128421
    9 15.332769 2.080613 -0.007813 2.938744 0.011649 -0.157850
    10 3.784980 0.906274 -0.000003 -3.502545 -0.932456 0.361467
    11 17.848177 0.000000 0.000000 0.000000 0.000000 2.372950
    12 16.525253 0.000000 0.000000 0.136706 0.240327 -1.812622
    13 -3.784980 -0.906274 0.000007 -0.357570 -1.191632 -2.413618
    14 17.848173 0.000000 0.000000 0.000000 0.000000 2.639842
    15 16.525257 0.000000 0.000000 0.103412 0.140425 -2.068224
  time 13
    0 -1.982878 2.503988 14.925571 1.786765 0.098166 -0.000042
    1 0.000005 3.345128 -2.981901 1.671410 -0.031110 1.633883
    2 7.500940 0.511734 -0.011719 0.245206 -0.034659 0.406040
    3 10.893227 1.143696 -1.941516 -2.580495 1.346671 2.179195
    4 6.028143 0.000001 0.000000 1.901093 0.398812 -0.573704
    5 11.692552 0.000000 0.000002 0.000000 0.000000 -2.012258
    6 10.897127 1.159316 1.933754 0.924375 -1.238479 3.718960
    7 6.028142 0.000001 0.000000 -1.578623 -0.013796 -0.948112
    8 11.692555 0.000000 0.000000 0.000000 0.000000 -2.128421
    9 15.332769 2.076707 -0.011719 2.938348 0.011685 -0.158860
    10 3.784980 0.906274 -0.000003 -3.502636 -0.931693 0.361553
    11 17.848177 0.000000 0.000000 0.000000 0.000000 2.373490
    12 16.525253 0.000000 0.000000 0.137211 0.240876 -1.812814
    13 -3.784980 -0.906274 0.000007 -0.358296 -1.191501 -2.412649
    14 17.848173 0.000000 0.000000 0.000000 0.000000 2.640334
    15 16.525257 0.000000 0.000000 0.103412 0.140445 -2.069187
  time 14
    0 -1.982878 2.500081 14.917758 1.786765 0.098166 -0.000042
    1 0.000005 3.345128 -2.981901 1.670985 -0.030923 1.633907
    2 7.500940 0.507828 -0.011719 0.244343 -0.034468 0.405659
    3 10.893227 1.143696 -1.941516 -2.586689 1.348212 2.172979
    4 6.028143 0.000001 0.000000 1.901845 0.397660 -0.577805
    5 11.692552 0.000000 0.000002 0.000000 0.000000 -2.012911
    6 10.897127 1.159316 1.933754 0.920848 -1.240582 3.722124
    7 6.028142 0.000001 0.000000 -1.580207 -0.012286 -0.949852
    8 11.692555 0.000000 0.000000 0.000000 0.000000 -2.128045
    9 15.332769 2.076707 -0.011719 2.937904 0.011709 -0.159891
    10 3.784980 0.906274 -0.000003 -3.502819 -0.930885 0.361553
    11 17.848177 0.000000 0.000000 0.000000 0.000000 2.374108
    12 16.525253 0.000000 0.000000 0.137730 0.241446 -1.812974
    13 -3.784980 -0.906274 0.000007 -0.359566 -1.191370 -2.411417
    14 17.848173 0.000000 0.000000 0.000000 0.000000 2.640907
    15 16.525257 0.000000 0.000000 0.103394 0.140486 -2.070188
  time 15
    0 -1.982878 2.492269 14.906039 1.786765 0.098166 -0.000042
    1 0.000005 3.345128 -2.981901 1.670560 -0.030712 1.633919
    2 7.500940 0.507828 -0.011719 0.243481 -0.034276 0.405299
    3 10.893227 1.143696 -1.941516 -2.592882 1.349753 2.166641
    4 6.028143 0.000001 0.000000 1.902598 0.396831 -0.581720
    5 11.692552 0.000000 0.000002 0.000000 0.000000 -2.013783
    6 10.897127 1.159316 1.933754 0.917416 -1.242663 3.725095
    7 6.028142 0.000001 0.000000 -1.581643 -0.010776 -0.951711
    8 11.692555 0.000000 0.000000 0.000000 0.000000 -2.127219
    9 15.332769 2.076707 -0.011719 2.937459 0.011733 -0.160943
    10 3.784980 0.906274 -0.000003 -3.503002 -0.930032 0.361553
    11 17.848177 0.000000 0.000000 0.000000 0.000000 2.374726
    12 16.525253 0.000000 0.000000 0.138265 0.242015 -1.813167
    13 -3.784980 -0.906274 0.000007 -0.360563 -1.191195 -2.410448
    14 17.848173 0.000000 0.000000 0.000000 0.000000 2.641479
    15 16.525257 0.000000 0.000000 0.103376 0.140506 -2.071225
  time 16
    0 -1.982878 2.488362 14.898226 1.786765 0.098166 -0.000042
    1 0.000005 3.345128 -2.981901 1.670122 -0.030526 1.633931
    2 7.500940 0.507828 -0.011719 0.242590 -0.034096 0.404918
    3 10.893227 1.139790 -1.941516 -2.599134 1.351265 2.160364
    4 6.028143 0.000001 0.000000 1.903434 0.396370 -0.585541
    5 11.692552 0.000000 0.000002 0.000000 0.000000 -2.014872
    6 10.897127 1.159316 1.933754 0.914079 -1.244657 3.728067
    7 6.028142 0.000001 0.000000 -1.582732 -0.009380 -0.953887
    8 11.692555 0.000000 0.000000 0.000000 0.000000 -2.125568
    9 15.332769 2.072801 -0.015625 2.937014 0.011757 -0.161996
    10 3.784980 0.906274 -0.000003 -3.503185 -0.929179 0.361639
    11 17.848177 0.000000 0.000000 0.000000 0.000000 2.375422
    12 16.525253 0.000000 0.000000 0.138799 0.242625 -1.813359
    13 -3.784980 -0.906274 0.000007 -0.361743 -1.191064 -2.408951
    14 17.848173 0.000000 0.000000 0.000000 0.000000 2.642052
    15 16.525257 0.000000 0.000000 0.103358 0.140526 -2.072262
  time 17
    0 -1.986784 2.484456 14.890414 1.786765 0.098166 -0.000042
    1 0.000005 3.345128 -2.981901 1.669684 -0.030315 1.633955
    2 7.500940 0.507828 -0.011719 0.241728 -0.033916 0.404558
    3 10.893227 1.139790 -1.945423 -2.605269 1.352763 2.154087
    4 6.028143 0.000001 0.000000 1.904019 0.396278 -0.589083
    5 11.692552 0.000000 0.000002 0.000000 0.000000 -2.016034
    6 10.897127 1.159316 1.929847 0.910934 -1.246608 3.730752
    7 6.028142 0.000001 0.000000 -1.583722 -0.008059 -0.956062
    8 11.692555 0.000000 0.000000 0.000000 0.000000 -2.123466
    9 15.332769 2.072801 -0.015625 2.936569 0.011781 -0.163070
    10 3.784980 0.906274 -0.000003 -3.503276 -0.928326 0.361639
    11 17.848177 0.000000 0.000000 0.000000 0.000000 2.376040
    12 16.525253 0.000000 0.000000 0.139363 0.243215 -1.813551
    13 -3.784980 -0.906274 0.000007 -0.362740 -1.190889 -2.407982
    14 17.848173 0.000000 0.000000 0.000000 0.000000 2.642625
    15 16.525257 0.000000 0.000000 0.103340 0.140566 -2.073337
  time 18
    0 -1.986784 2.480549 14.878695 1.786765 0.098166 -0.000042
    1 0.000005 3.345128 -2.981901 1.669246 -0.030128 1.633955
    2 7.500940 0.507828 -0.011719 0.240837 -0.033737 0.404199
    3 10.893227 1.139790 -1.945423 -2.611285 1.354203 2.147991
    4 6.028143 0.000001 0.000000 1.904521 0.396646 -0.592531
    5 11.692552 0.000000 0.000002 0.000000 0.000000 -2.017196
    6 10.897127 1.159316 1.929847 0.908074 -1.248429 3.733340
    7 6.028142 0.000001 0.000000 -1.584614 -0.006775 -0.958238
    8 11.692555 0.000000 0.000000 0.000000 0.000000 -2.121139
    9 15.332769 2.072801 -0.019532 2.936124 0.011805 -0.164122
    10 3.784980 0.906274 -0.000003 -3.503459 -0.927473 0.361725
    11 17.848177 0.000000 0.000000 0.000000 0.000000 2.376657
    12 16.525253 0.000000 0.000000 0.139927 0.243826 -1.813743
    13 -3.784980 -0.906274 0.000007 -0.363738 -1.190758 -2.406573
    14 17.848173 0.000000 0.000000 0.000000 0.000000 2.643198
    15 16.525257 0.000000 0.000000 0.103340 0.140586 -2.074411
  time 19
    0 -1.986784 2.476643 14.870882 1.786765 0.098166 -0.000042
    1 0.000005 3.345128 -2.981901 1.668808 -0.029941 1.633967
    2 7.500940 0.507828 -0.011719 0.239974 -0.033569 0.403839
    3 10.893227 1.139790 -1.945423 -2.617066 1.355598 2.142137
    4 6.028143 0.000001 0.000000 1.904604 0.397430 -0.595794
    5 11.692552 0.000000 0.000002 0.000000 0.000000 -2.018357
    6 10.897127 1.159316 1.929847 0.905404 -1.250120 3.735641
    7 6.028142 0.000001 0.000000 -1.585455 -0.005567 -0.960294
    8 11.692555 0.000000 0.000000 0.000000 0.000000 -2.118736
    9 15.332769 2.068894 -0.019532 2.935680 0.011817 -0.165175
    10 3.784980 0.906274 -0.000003 -3.503642 -0.926576 0.361725
    11 17.848177 0.000000 0.000000 0.000000 0.000000 2.377353
    12 16.525253 0.000000 0.000000 0.140476 0.244436 -1.813935
    13 -3.784980 -0.906274 0.000007 -0.364917 -1.190583 -2.405604
    14 17.848173 0.000000 0.000000 0.000000 0.000000 2.643771
    15 16.525257 0.000000 0.000000 0.103322 0.140606 -2.075449
  time 20
    0 -1.986784 2.468830 14.859163 1.786765 0.098166 -0.000042
    1 0.000005 3.345128 -2.981901 1.668383 -0.029755 1.633967
    2 7.500940 0.503922 -0.011719 0.239112 -0.033413 0.403500
    3 10.893227 1.135884 -1.945423 -2.622492 1.356907 2.136584
    4 6.028143 0.000001 0.000000 1.904353 0.398674 -0.598776
    5 11.692552 0.000000 0.000002 0.000000 0.000000 -2.019374
    6 10.897127 1.163222 1.929847 0.903021 -1.251680 3.737654
    7 6.028142 0.000001 0.000000 -1.586247 -0.004435 -0.962233
    8 11.692555 0.000000 0.000000 0.000000 0.000000 -2.116259
    9 15.336675 2.068894 -0.019532 2.935235 0.011829 -0.166206
    10 3.784980 0.906274 -0.000003 -3.503825 -0.925723 0.361725
    11 17.848177 0.000000 0.000000 0.000000 0.000000 2.377971
    12 16.525253 0.000000 0.000000 0.141040 0.245046 -1.814095
    13 -3.784980 -0.906274 0.000007 -0.366187 -1.190408 -2.404107
    14 17.848173 0.000000 0.000000 0.000000 0.000000 2.644344
    15 16.525257 0.000000 0.000000 0.103305 0.140646 -2.076523
  time 21
    0 -1.986784 2.464924 14.851350 1.786765 0.098166 -0.000042
    1 0.000005 3.345128 -2.981901 1.667971 -0.029591 1.633967
    2 7.500940 0.503922 -0.011719 0.238279 -0.033269 0.403183
    3 10.893227 1.135884 -1.945423 -2.627565 1.358143 2.131393
    4 6.028143 0.000001 0.000000 1.903684 0.400378 -0.601572
    5 11.692552 0.000000 0.000002 0.000000 0.000000 -2.020245
    6 10.897127 1.163222 1.929847 0.901115 -1.253068 3.739379
    7 6.028142 0.000001 0.000000 -1.586990 -0.003378 -0.963973
    8 11.692555 0.000000 0.000000 0.000000 0.000000 -2.113782
    9 15.336675 2.068894 -0.023438 2.934790 0.011829 -0.167216
    10 3.784980 0.906274 -0.000003 -3.504008 -0.924870 0.361810
    11 17.848177 0.000000 0.000000 0.000000 0.000000 2.378666
    12 16.525253 0.000000 0.000000 0.141604 0.245657 -1.814288
    13 -3.784980 -0.906274 0.000007 -0.367366 -1.190277 -2.403138
    14 17.848173 0.000000 0.000000 0.000000 0.000000 2.644917
    15 16.525257 0.000000 0.000000 0.103287 0.140667 -2.077598
  time 22
    0 -1.990691 2.461018 14.839631 1.786765 0.098166 -0.000042
    1 0.000005 3.345128 -2.981901 1.667571 -0.029427 1.633967
    2 7.500940 0.503922 -0.011719 0.237474 -0.033149 0.402887
    3 10.893227 1.135884 -1.945423 -2.632225 1.359277 2.126685
    4 6.028143 0.000001 0.000000 1.902848 0.402313 -0.604089
    5 11.692552 0.000000 0.000002 0.000000 0.000000 -2.021117
    6 10.897127 1.163222 1.929847 0.899494 -1.254282 3.740626
    7 6.028142 0.000001 0.000000 -1.587683 -0.002473 -0.965555
    8 11.692555 0.000000 0.000000 0.000000 0.000000 -2.111229
    9 15.336675 2.068894 -0.023438 2.934394 0.011829 -0.168182
    10 3.784980 0.906274 -0.000003 -3.504100 -0.924017 0.361810
    11 17.848177 0.000000 0.000000 0.000000 0.000000 2.379284
    12 16.525253 0.000000 0.000000 0.142153 0.246247 -1.814480
    13 -3.784980 -0.906274 0.000007 -0.368364 -1.190102 -2.401641
    14 17.848173 0.000000 0.000000 0.000000 0.000000 2.645490
    15 16.525257 0.000000 0.000000 0.103269 0.140687 -2.078635
  time 23
    0 -1.990691 2.457111 14.831818 1.786765 0.098166 -0.000042
    1 0.000005 3.345128 -2.981901 1.667185 -0.029287 1.633955
    2 7.500940 0.503922 -0.011719 0.236698 -0.033030 0.402611
    3 10.893227 1.131977 -1.949329 -2.636236 1.360310 2.122581
    4 6.028143 0.000001 0.000000 1.901845 0.404433 -0.606325
    5 11.692552 0.000000 0.000002 0.000000 0.000000 -2.021770
    6 10.901033 1.163222 1.925941 0.898445 -1.255300 3.741488
    7 6.028142 0.000001 0.000000 -1.588327 -0.001604 -0.966939
    8 11.692555 0.000000 0.000000 0.000000 0.000000 -2.108752
    9 15.336675 2.064988 -0.023438 2.933999 0.011817 -0.169127
    10 3.784980 0.906274 -0.000003 -3.504283 -0.923209 0.361810
    11 17.848177 0.000000 0.000000 0.000000 0.000000 2.379902
    12 16.525253 0.000000 0.000000 0.142687 0.246816 -1.814640
    13 -3.784980 -0.906274 0.000007 -0.369543 -1.189971 -2.400672
    14 17.848173 0.000000 0.000000 0.000000 0.000000 2.646063
    15 16.525257 0.000000 0.000000 0.103269 0.140727 -2.079636
  time 24
    0 -1.990691 2.453205 14.824005 1.786765 0.098166 -0.000042
    1 0.000005 3.345128 -2.981901 1.666824 -0.029147 1.633943
    2 7.500940 0.503922 -0.011719 0.235979 -0.032934 0.402379
    3 10.893227 1.131977 -1.949329 -2.639657 1.361211 2.119080
    4 6.028143 0.000001 0.000000 1.900675 0.406690 -0.608376
    5 11.692552 0.000000 0.000002 0.000000 0.000000 -2.022424
    6 10.901033 1.163222 1.925941 0.897873 -1.256081 3.741968
    7 6.028142 0.000001 0.000000 -1.588921 -0.000925 -0.968086
    8 11.692555 0.000000 0.000000 0.000000 0.000000 -2.106275
    9 15.336675 2.064988 -0.027345 2.933653 0.011805 -0.169987
    10 3.784980 0.906274 -0.000003 -3.504466 -0.922401 0.361896
    11 17.848177 0.000000 0.000000 0.000000 0.000000 2.380443
    12 16.525253 0.000000 0.000000 0.143222 0.247386 -1.814800
    13 -3.784980 -0.906274 0.000007 -0.370269 -1.189796 -2.399440
    14 17.848173 0.000000 0.000000 0.000000 0.000000 2.646554
    15 16.525257 0.000000 0.000000 0.103251 0.140747 -2.080599
  time 25
    0 -1.990691 2.445392 14.816193 1.786765 0.098166 -0.000042
    1 0.000005 3.345128 -2.981901 1.666489 -0.029030 1.633919
    2 7.500940 0.503922 -0.011719 0.235289 -0.032862 0.402146
    3 10.893227 1.131977 -1.949329 -2.642311 1.361982 2.116364
    4 6.028143 0.000001 0.000000 1.899420 0.408994 -0.610147
    5 11.692552 0.000000 0.000002 0.000000 0.000000 -2.022932
    6 10.901033 1.163222 1.925941 0.897778 -1.256644 3.741872
    7 6.028142 0.000001 0.000000 -1.589466 -0.000321 -0.968996
    8 11.692555 0.000000 0.000000 0.000000 0.000000 -2.103872
    9 15.336675 2.064988 -0.027345 2.933307 0.011793 -0.170803
    10 3.784980 0.906274 -0.000003 -3.504557 -0.921593 0.361896
    11 17.848177 0.000000 0.000000 0.000000 0.000000 2.381060
    12 16.525253 0.000000 0.000000 0.143726 0.247915 -1.814960
    13 -3.784980 -0.906274 0.000007 -0.371538 -1.189665 -2.398471
    14 17.848173 0.000000 0.000000 0.000000 0.000000 2.647127
    15 16.525257 0.000000 0.000000 0.103233 0.140767 -2.081562
  time 26
    0 -1.990691 2.441486 14.804474 1.786765 0.098166 -0.000042
    1 0.000005 3.345128 -2.981901 1.666180 -0.028937 1.633895
    2 7.500940 0.503922 -0.011719 0.234686 -0.032814 0.401977
    3 10.893227 1.131977 -1.949329 -2.644140 1.362607 2.114433
    4 6.028143 0.000001 0.000000 1.898166 0.411252 -0.611638
    5 11.692552 0.000000 0.000002 0.000000 0.000000 -2.023368
    6 10.901033 1.163222 1.925941 0.898255 -1.256969 3.741393
    7 6.028142 0.000001 0.000000 -1.589911 0.000094 -0.969629
    8 11.692555 0.000000 0.000000 0.000000 0.000000 -2.101470
    9 15.336675 2.064988 -0.027345 2.932961 0.011769 -0.171555
    10 3.784980 0.906274 -0.000003 -3.504649 -0.920875 0.361896
    11 17.848177 0.000000 0.000000 0.000000 0.000000 2.381524
    12 16.525253 0.000000 0.000000 0.144216 0.248444 -1.815088
    13 -3.784980 -0.906274 0.000007 -0.372264 -1.189534 -2.397238
    14 17.848173 0.000000 0.000000 0.000000 0.000000 2.647618
    15 16.525257 0.000000 0.000000 0.103215 0.140787 -2.082451
  time 27
    0 -1.994597 2.441486 14.800567 1.786765 0.098166 -0.000042
    1 0.000005 3.345128 -2.981901 1.665910 -0.028867 1.633859
    2 7.500940 0.503922 -0.011719 0.234111 -0.032790 0.401828
    3 10.893227 1.131977 -1.949329 -2.645083 1.363072 2.113467
    4 6.028143 0.000001 0.000000 1.896912 0.413417 -0.612850
    5 11.692552 0.000000 0.000002 0.000000 0.000000 -2.023658
    6 10.901033 1.163222 1.925941 0.899113 -1.257121 3.740434
    7 6.028142 0.000001 0.000000 -1.590307 0.000434 -0.970064
    8 11.692555 0.000000 0.000000 0.000000 0.000000 -2.099218
    9 15.336675 2.064988 -0.027345 2.932665 0.011733 -0.172242
    10 3.784980 0.906274 -0.000003 -3.504832 -0.920157 0.361896
    11 17.848177 0.000000 0.000000 0.000000 0.000000 2.382065
    12 16.525253 0.000000 0.000000 0.144691 0.248932 -1.815249
    13 -3.784980 -0.906274 0.000007 -0.373443 -1.189403 -2.396269
    14 17.848173 0.000000 0.000000 0.000000 0.000000 2.648028
    15 16.525257 0.000000 0.000000 0.103215 0.140807 -2.083304
  time 28
    0 -1.994597 2.437579 14.792754 1.786765 0.098166 -0.000042
    1 0.000005 3.345128 -2.981901 1.665665 -0.028820 1.633811
    2 7.500940 0.503922 -0.011719 0.233594 -0.032790 0.401723
    3 10.893227 1.128071 -1.949329 -2.645024 1.363363 2.113467
    4 6.028143 0.000001 0.000000 1.895658 0.415398 -0.613689
    5 11.692552 0.000000 0.000002 0.000000 0.000000 -2.023804
    6 10.901033 1.163222 1.925941 0.900352 -1.257186 3.739188
    7 6.028142 0.000001 0.000000 -1.590604 0.000660 -0.970460
    8 11.692555 0.000000 0.000000 0.000000 0.000000 -2.096966
    9 15.336675 2.064988 -0.027345 2.932417 0.011697 -0.172843
    10 3.784980 0.906274 -0.000003 -3.504923 -0.919484 0.361896
    11 17.848177 0.000000 0.000000 0.000000 0.000000 2.382528
    12 16.525253 0.000000 0.000000 0.145121 0.249400 -1.815377
    13 -3.784980 -0.906274 0.000007 -0.374169 -1.189272 -2.395565
    14 17.848173 0.000000 0.000000 0.000000 0.000000 2.648437
    15 16.525257 0.000000 0.000000 0.103198 0.140827 -2.084082
  time 29
    0 -1.994597 2.433673 14.784942 1.786765 0.098166 -0.000042
    1 0.000005 3.345128 -2.981901 1.665459 -0.028773 1.633763
    2 7.500940 0.503922 -0.011719 0.233162 -0.032814 0.401659
    3 10.893227 1.128071 -1.949329 -2.644199 1.363552 2.114192
    4 6.028143 0.000001 0.000000 1.894571 0.417195 -0.614434
    5 11.692552 0.000000 0.000002 0.000000 0.000000 -2.023876
    6 10.901033 1.163222 1.925941 0.901877 -1.257186 3.737654
    7 6.028142 0.000001 0.000000 -1.590852 0.000773 -0.970736
    8 11.692555 0.000000 0.000000 0.000000 0.000000 -2.094864
    9 15.336675 2.061082 -0.031251 2.932220 0.011649 -0.173338
    10 3.784980 0.906274 -0.000003 -3.505015 -0.918900 0.361896
    11 17.848177 0.000000 0.000000 0.000000 0.000000 2.382992
    12 16.525253 0.000000 0.000000 0.145537 0.249827 -1.815473
    13 -3.784980 -0.906274 0.000007 -0.374713 -1.189184 -2.394596
    14 17.848173 0.000000 0.000000 0.000000 0.000000 2.648846
    15 16.525257 0.000000 0.000000 0.103198 0.140847 -2.084786
  time 30
    0 -1.994597 2.429767 14.781035 1.786765 0.098166 -0.000042
    1 0.000005 3.345128 -2.981901 1.665292 -0.028773 1.633715
    2 7.500940 0.503922 -0.011719 0.232817 -0.032874 0.401638
    3 10.893227 1.128071 -1.949329 -2.643078 1.363683 2.115338
    4 6.028143 0.000001 0.000000 1.893568 0.418716 -0.614993
    5 11.692552 0.000000 0.000002 0.000000 0.000000 -2.023804
    6 10.901033 1.167129 1.925941 0.903689 -1.257078 3.735832
    7 6.028142 0.000001 0.000000 -1.590951 0.000773 -0.970934
    8 11.692555 0.000000 0.000000 0.000000 0.000000 -2.092837
    9 15.336675 2.061082 -0.031251 2.932071 0.011589 -0.173746
    10 3.784980 0.906274 -0.000003 -3.505106 -0.918317 0.361896
    11 17.848177 0.000000 0.000000 0.000000 0.000000 2.383378
    12 16.525253 0.000000 0.000000 0.145923 0.250214 -1.815569
    13 -3.784980 -0.906274 0.000007 -0.375439 -1.189053 -2.393803
    14 17.848173 0.000000 0.000000 0.000000 0.000000 2.649173
    15 16.525257 0.000000 0.000000 0.103180 0.140868 -2.085415
  time 31
    0 -1.994597 2.425860 14.773223 1.786765 0.098166 -0.000042
    1 0.000005 3.345128 -2.981901 1.665163 -0.028797 1.633655
    2 7.500940 0.503922 -0.011719 0.232559 -0.032958 0.401680
    3 10.893227 1.128071 -1.949329 -2.641603 1.363785 2.116847
    4 6.028143 0.000001 0.000000 1.892564 0.419821 -0.615459
    5 11.692552 0.000000 0.000002 0.000000 0.000000 -2.023368
    6 10.901033 1.167129 1.925941 0.905786 -1.256904 3.733915
    7 6.028142 0.000001 0.000000 -1.591198 0.000547 -0.970855
    8 11.692555 0.000000 0.000000 0.000000 0.000000 -2.090810
    9 15.336675 2.064988 -0.031251 2.931923 0.011529 -0.174046
    10 3.784980 0.906274 -0.000003 -3.505198 -0.917823 0.361896
    11 17.848177 0.000000 0.000000 0.000000 0.000000 2.383687
    12 16.525253 0.000000 0.000000 0.146264 0.250559 -1.815665
    13 -3.784980 -0.906274 0.000007 -0.376164 -1.188966 -2.393363
    14 17.848173 0.000000 0.000000 0.000000 0.000000 2.649501
    15 16.525257 0.000000 0.000000 0.103180 0.140888 -2.086008
  time 32
    0 -1.994597 2.425860 14.769316 1.786765 0.098166 -0.000042
    1 0.000005 3.345128 -2.981901 1.665085 -0.028843 1.633571
    2 7.500940 0.503922 -0.011719 0.232386 -0.033089 0.401786
    3 10.893227 1.128071 -1.949329 -2.639775 1.363857 2.118658
    4 6.028143 0.000001 0.000000 1.890976 0.420881 -0.616019
    5 11.692552 0.000000 0.000002 0.000000 0.000000 -2.022206
    6 10.901033 1.167129 1.925941 0.908074 -1.256623 3.731710
    7 6.028142 0.000001 0.000000 -1.591644 -0.000019 -0.970420
    8 11.692555 0.000000 0.000000 0.000000 0.000000 -2.088558
    9 15.336675 2.064988 -0.031251 2.931824 0.011445 -0.174240
    10 3.784980 0.906274 -0.000003 -3.505289 -0.917374 0.361896
    11 17.848177 0.000000 0.000000 0.000000 0.000000 2.383996
    12 16.525253 0.000000 0.000000 0.146561 0.250844 -1.815729
    13 -3.784980 -0.906274 0.000007 -0.376618 -1.188922 -2.392658
    14 17.848173 0.000000 0.000000 0.000000 0.000000 2.649746
    15 16.525257 0.000000 0.000000 0.103162 0.140888 -2.086453
  time 33
    0 -1.994597 2.421954 14.765410 1.786765 0.098166 -0.000042
    1 0.000005 3.345128 -2.981901 1.665034 -0.028937 1.633475
    2 7.500940 0.503922 -0.007813 0.232243 -0.033269 0.401955
    3 10.893227 1.128071 -1.949329 -2.637710 1.363901 2.120831
    4 6.028143 0.000001 0.000000 1.888551 0.422355 -0.616391
    5 11.692552 0.000000 0.000002 0.000000 0.000000 -2.020318
    6 10.901033 1.167129 1.925941 0.910552 -1.256276 3.729314
    7 6.028142 0.000001 0.000000 -1.592387 -0.000850 -0.969589
    8 11.692555 0.000000 0.000000 0.000000 0.000000 -2.086156
    9 15.336675 2.064988 -0.027345 2.931775 0.011349 -0.174283
    10 3.784980 0.906274 -0.000003 -3.505381 -0.917015 0.361810
    11 17.848177 0.000000 0.000000 0.000000 0.000000 2.384228
    12 16.525253 0.000000 0.000000 0.146828 0.251109 -1.815761
    13 -3.784980 -0.906274 0.000007 -0.376890 -1.188835 -2.392130
    14 17.848173 0.000000 0.000000 0.000000 0.000000 2.649910
    15 16.525257 0.000000 0.000000 0.103162 0.140908 -2.086860
  time 34
    0 -1.994597 2.421954 14.765410 1.786765 0.098166 -0.000042
    1 0.000005 3.345128 -2.981901 1.665008 -0.029054 1.633368
    2 7.500940 0.503922 -0.007813 0.232156 -0.033497 0.402188
    3 10.893227 1.128071 -1.949329 -2.635351 1.363930 2.123245
    4 6.028143 0.000001 0.000000 1.885458 0.424198 -0.616671
    5 11.692552 0.000000 0.000002 0.000000 0.000000 -2.017849
    6 10.901033 1.167129 1.925941 0.913317 -1.255864 3.726725
    7 6.028142 0.000001 0.000000 -1.593278 -0.001944 -0.968482
    8 11.692555 0.000000 0.000000 0.000000 0.000000 -2.083678
    9 15.336675 2.064988 -0.027345 2.931775 0.011242 -0.174218
    10 3.784980 0.906274 -0.000003 -3.505381 -0.916746 0.361810
    11 17.848177 0.000000 0.000000 0.000000 0.000000 2.384382
    12 16.525253 0.000000 0.000000 0.147036 0.251292 -1.815793
    13 -3.784980 -0.906274 0.000007 -0.377343 -1.188791 -2.391866
    14 17.848173 0.000000 0.000000 0.000000 0.000000 2.650074
    15 16.525257 0.000000 0.000000 0.103162 0.140908 -2.087120
  time 35
    0 -1.994597 2.421954 14.761503 1.786765 0.098166 -0.000042
    1 0.000005 3.345128 -2.981901 1.665008 -0.029217 1.633236
    2 7.500940 0.503922 -0.007813 0.232156 -0.033773 0.402506
    3 10.893227 1.128071 -1.949329 -2.632756 1.363930 2.126021
    4 6.028143 0.000001 0.000000 1.881862 0.426318 -0.616857
    5 11.692552 0.000000 0.000002 0.000000 0.000000 -2.014872
    6 10.897127 1.167129 1.925941 0.916367 -1.255387 3.723945
    7 6.028142 0.000001 0.000000 -1.594318 -0.003227 -0.967137
    8 11.692555 0.000000 0.000000 0.000000 0.000000 -2.081276
    9 15.336675 2.064988 -0.027345 2.931775 0.011110 -0.174261
    10 3.784980 0.906274 -0.000003 -3.505381 -0.916521 0.361810
    11 17.848177 0.000000 0.000000 0.000000 0.000000 2.384459
    12 16.525253 0.000000 0.000000 0.147199 0.251434 -1.815793
    13 -3.784980 -0.906274 0.000007 -0.377343 -1.188747 -2.391690
    14 17.848173 0.000000 0.000000 0.000000 0.000000 2.650156
    15 16.525257 0.000000 0.000000 0.103162 0.140908 -2.087305
  time 36
    0 -1.994597 2.421954 14.761503 1.786765 0.098166 -0.000042
    1 0.000005 3.345128 -2.981901 1.665034 -0.029404 1.633092
    2 7.500940 0.503922 -0.007813 0.232156 -0.034084 0.402844
    3 10.893227 1.128071 -1.949329 -2.629865 1.363916 2.129039
    4 6.028143 0.000001 0.000000 1.877933 0.428714 -0.616951
    5 11.692552 0.000000 0.000002 0.000000 0.000000 -2.011531
    6 10.897127 1.167129 1.925941 0.919513 -1.254824 3.721069
    7 6.028142 0.000001 0.000000 -1.595407 -0.004662 -0.965674
    8 11.692555 0.000000 0.000000 0.000000 0.000000 -2.078949
    9 15.336675 2.064988 -0.027345 2.931824 0.010966 -0.174648
    10 3.784980 0.906274 -0.000003 -3.505472 -0.916387 0.361725
    11 17.848177 0.000000 0.000000 0.000000 0.000000 2.384536
    12 16.525253 0.000000 0.000000 0.147318 0.251516 -1.815793
    13 -3.784980 -0.906274 0.000007 -0.377343 -1.188747 -2.391690
    14 17.848173 0.000000 0.000000 0.000000 0.000000 2.650238
    15 16.525257 0.000000 0.000000 0.103162 0.140908 -2.087379
  time 37
    0 -1.994597 2.421954 14.761503 1.786765 0.098166 -0.000042
    1 0.000005 3.345128 -2.981901 1.665085 -0.029614 1.632948
    2 7.500940 0.503922 -0.007813 0.232243 -0.034420 0.403246
    3 10.893227 1.128071 -1.949329 -2.626798 1.363872 2.132359
    4 6.028143 0.000001 0.000000 1.873752 0.431248 -0.616764
    5 11.692552 0.000000 0.000002 0.000000 0.000000 -2.007973
    6 10.897127 1.167129 1.925941 0.922850 -1.254217 3.718001
    7 6.028142 0.000001 0.000000 -1.596496 -0.006171 -0.964092
    8 11.692555 0.000000 0.000000 0.000000 0.000000 -2.076697
    9 15.336675 2.068894 -0.027345 2.931874 0.010798 -0.175357
    10 3.784980 0.906274 -0.000003 -3.505381 -0.916387 0.361639
    11 17.848177 0.000000 0.000000 0.000000 0.000000 2.384459
    12 16.525253 0.000000 0.000000 0.147377 0.251536 -1.815761
    13 -3.784980 -0.906274 0.000007 -0.377343 -1.188747 -2.391690
    14 17.848173 0.000000 0.000000 0.000000 0.000000 2.650156
    15 16.525257 0.000000 0.000000 0.103162 0.140908 -2.087305
  time 38
    0 -1.994597 2.421954 14.765410 1.786765 0.098166 -0.000042
    1 0.000005 3.345128 -2.981901 1.665163 -0.029848 1.632780
    2 7.500940 0.503922 -0.007813 0.232329 -0.034803 0.403691
    3 10.893227 1.131977 -1.949329 -2.623436 1.363814 2.135920
    4 6.028143 0.000001 0.000000 1.869488 0.433920 -0.616485
    5 11.692552 0.000000 0.000002 0.000000 0.000000 -2.004197
    6 10.897127 1.167129 1.925941 0.926282 -1.253545 3.714838
    7 6.028142 0.000001 0.000000 -1.597486 -0.007757 -0.962430
    8 11.692555 0.000000 0.000000 0.000000 0.000000 -2.074820
    9 15.332769 2.068894 -0.023438 2.931923 0.010618 -0.176345
    10 3.784980 0.906274 -0.000003 -3.505289 -0.916432 0.361467
    11 17.848177 0.000000 0.000000 0.000000 0.000000 2.384382
    12 16.525253 0.000000 0.000000 0.147377 0.251516 -1.815761
    13 -3.784980 -0.906274 0.000007 -0.377343 -1.188747 -2.391690
    14 17.848173 0.000000 0.000000 0.000000 0.000000 2.650074
    15 16.525257 0.000000 0.000000 0.103180 0.140868 -2.087194
  time 39
    0 -1.994597 2.421954 14.769316 1.786765 0.098166 -0.000042
    1 0.000005 3.345128 -2.981901 1.665253 -0.030082 1.632601
    2 7.500940 0.507828 -0.007813 0.232473 -0.035199 0.404178
    3 10.893227 1.131977 -1.949329 -2.619897 1.363727 2.139722
    4 6.028143 0.000001 0.000000 1.865391 0.436684 -0.616112
    5 11.692552 0.000000 0.000002 0.000000 0.000000 -2.000348
    6 10.897127 1.167129 1.925941 0.929904 -1.252829 3.711578
    7 6.028142 0.000001 0.000000 -1.598427 -0.009304 -0.960848
    8 11.692555 0.000000 0.000000 0.000000 0.000000 -2.073168
    9 15.332769 2.072801 -0.023438 2.932022 0.010427 -0.177569
    10 3.784980 0.906274 -0.000003 -3.505106 -0.916521 0.361210
    11 17.848177 0.000000 0.000000 0.000000 0.000000 2.384150
    12 16.525253 0.000000 0.000000 0.147348 0.251475 -1.815761
    13 -3.784980 -0.906274 0.000007 -0.377343 -1.188704 -2.391866
    14 17.848173 0.000000 0.000000 0.000000 0.000000 2.649828
    15 16.525257 0.000000 0.000000 0.103215 0.140787 -2.086935
  time 40
    0 -1.994597 2.421954 14.773223 1.786765 0.098166 -0.000042
    1 0.000005 3.345128 -2.981901 1.665356 -0.030362 1.632421
    2 7.500940 0.507828 -0.007813 0.232674 -0.035618 0.404685
    3 10.893227 1.131977 -1.949329 -2.616181 1.363625 2.143706
    4 6.028143 0.000001 0.000000 1.861462 0.439449 -0.615646
    5 11.692552 0.000000 0.000002 0.000000 0.000000 -1.996645
    6 10.897127 1.167129 1.925941 0.933622 -1.252071 3.708127
    7 6.028142 0.000001 0.000000 -1.599219 -0.010814 -0.959306
    8 11.692555 0.000000 0.000000 0.000000 0.000000 -2.072042
    9 15.332769 2.072801 -0.023438 2.932170 0.010223 -0.179030
    10 3.784980 0.906274 -0.000003 -3.504832 -0.916701 0.360953
    11 17.848177 0.000000 0.000000 0.000000 0.000000 2.383919
    12 16.525253 0.000000 0.000000 0.147303 0.251394 -1.815761
    13 -3.784980 -0.906274 0.000007 -0.377343 -1.188660 -2.391866
    14 17.848173 0.000000 0.000000 0.000000 0.000000 2.649583
    15 16.525257 0.000000 0.000000 0.103269 0.140687 -2.086638
  time 41
    0 -1.994597 2.421954 14.777129 1.786765 0.098166 -0.000042
    1 0.000005 3.345128 -2.981901 1.665498 -0.030642 1.632241
    2 7.500940 0.507828 -0.003906 0.232875 -0.036062 0.405236
    3 10.893227 1.131977 -1.945423 -2.612229 1.363494 2.147931
    4 6.028143 0.000001 0.000000 1.857867 0.442167 -0.614993
    5 11.692552 0.000000 0.000002 0.000000 0.000000 -1.993014
    6 10.893221 1.171035 1.925941 0.937435 -1.251269 3.704676
    7 6.028142 0.000001 0.000000 -1.599764 -0.012210 -0.957882
    8 11.692555 0.000000 0.000000 0.000000 0.000000 -2.071367
    9 15.332769 2.076707 -0.019532 2.932319 0.010019 -0.180684
    10 3.784980 0.906274 -0.000003 -3.504557 -0.916925 0.360524
    11 17.848177 0.000000 0.000000 0.000000 0.000000 2.383610
    12 16.525253 0.000000 0.000000 0.147229 0.251292 -1.815761
    13 -3.784980 -0.906274 0.000007 -0.377343 -1.188616 -2.392130
    14 17.848173 0.000000 0.000000 0.000000 0.000000 2.649255
    15 16.525257 0.000000 0.000000 0.103340 0.140566 -2.086231
  time 42
    0 -1.994597 2.421954 14.784942 1.786765 0.098166 -0.000042
    1 0.000005 3.345128 -2.981901 1.665639 -0.030923 1.632049
    2 7.500940 0.507828 -0.003906 0.233134 -0.036517 0.405786
    3 10.893227 1.131977 -1.945423 -2.608100 1.363348 2.152337
    4 6.028143 0.000001 0.000000 1.854689 0.444747 -0.614248
    5 11.692552 0.000000 0.000002 0.000000 0.000000 -1.989746
    6 10.893221 1.171035 1.929847 0.941248 -1.250423 3.701225
    7 6.028142 0.000001 0.000000 -1.600259 -0.013456 -0.956458
    8 11.692555 0.000000 0.000000 0.000000 0.000000 -2.071592
    9 15.332769 2.076707 -0.019532 2.932467 0.009803 -0.182510
    10 3.784980 0.906274 -0.000003 -3.504191 -0.917195 0.360095
    11 17.848177 0.000000 0.000000 0.000000 0.000000 2.383223
    12 16.525253 0.000000 0.000000 0.147125 0.251170 -1.815761
    13 -3.784980 -0.906274 0.000007 -0.377162 -1.188572 -2.392394
    14 17.848173 0.000000 0.000000 0.000000 0.000000 2.648928
    15 16.525257 0.000000 0.000000 0.103412 0.140425 -2.085786
  time 43
    0 -1.994597 2.425860 14.792754 1.786765 0.098166 -0.000042
    1 0.000005 3.345128 -2.981901 1.665794 -0.031226 1.631846
    2 7.500940 0.511734 -0.003906 0.233392 -0.036972 0.406357
    3 10.893227 1.131977 -1.945423 -2.603794 1.363189 2.156924
    4 6.028143 0.000001 0.000000 1.852098 0.447097 -0.613316
    5 11.692552 0.000000 0.000002 0.000000 0.000000 -1.986841
    6 10.893221 1.171035 1.929847 0.945157 -1.249556 3.697678
    7 6.028142 0.000001 0.000000 -1.600903 -0.014550 -0.954836
    8 11.692555 0.000000 0.000000 0.000000 0.000000 -2.072643
    9 15.332769 2.080613 -0.015625 2.932665 0.009588 -0.184443
    10 3.784980 0.906274 -0.000003 -3.503734 -0.917509 0.359580
    11 17.848177 0.000000 0.000000 0.000000 0.000000 2.382760
    12 16.525253 0.000000 0.000000 0.147006 0.251027 -1.815761
    13 -3.784980 -0.906274 0.000007 -0.377162 -1.188529 -2.392658
    14 17.848173 0.000000 0.000000 0.000000 0.000000 2.648437
    15 16.525257 0.000000 0.000000 0.103501 0.140285 -2.085267
  time 44
    0 -1.990691 2.425860 14.800567 1.786765 0.098166 -0.000042
    1 0.000005 3.345128 -2.981901 1.665961 -0.031530 1.631654
    2 7.500940 0.511734 -0.003906 0.233709 -0.037452 0.406950
    3 10.893227 1.135884 -1.945423 -2.599370 1.363014 2.161632
    4 6.028143 0.000001 0.000000 1.850258 0.449216 -0.612290
    5 11.692552 0.000000 0.000002 0.000000 0.000000 -1.984445
    6 10.893221 1.171035 1.929847 0.949065 -1.248667 3.694131
    7 6.028142 0.000001 0.000000 -1.601695 -0.015532 -0.953056
    8 11.692555 0.000000 0.000000 0.000000 0.000000 -2.074595
    9 15.332769 2.080613 -0.015625 2.932813 0.009372 -0.186484
    10 3.784980 0.906274 -0.000003 -3.503276 -0.917868 0.358980
    11 17.848177 0.000000 0.000000 0.000000 0.000000 2.382296
    12 16.525253 0.000000 0.000000 0.146858 0.250865 -1.815793
    13 -3.784980 -0.906274 0.000007 -0.377162 -1.188485 -2.393099
    14 17.848173 0.000000 0.000000 0.000000 0.000000 2.647946
    15 16.525257 0.000000 0.000000 0.103590 0.140104 -2.084674
  time 45
    0 -1.990691 2.425860 14.808380 1.786765 0.098166 -0.000042
    1 0.000005 3.345128 -2.981901 1.666142 -0.031857 1.631462
    2 7.500940 0.511734 -0.003906 0.234025 -0.037919 0.407521
    3 10.893227 1.135884 -1.945423 -2.594828 1.362810 2.166520
    4 6.028143 0.000001 0.000000 1.849255 0.450921 -0.611079
    5 11.692552 0.000000 0.000002 0.000000 0.000000 -1.982702
    6 10.893221 1.171035 1.929847 0.953069 -1.247735 3.690584
    7 6.028142 0.000001 0.000000 -1.602586 -0.016362 -0.951118
    8 11.692555 0.000000 0.000000 0.000000 0.000000 -2.077147
    9 15.328862 2.084520 -0.011719 2.933011 0.009156 -0.188589
    10 3.784980 0.906274 -0.000003 -3.502728 -0.918272 0.358380
    11 17.848177 0.000000 0.000000 0.000000 0.000000 2.381833
    12 16.525253 0.000000 0.000000 0.146695 0.250661 -1.815793
    13 -3.784980 -0.906274 0.000007 -0.376890 -1.188398 -2.393363
    14 17.848173 0.000000 0.000000 0.000000 0.000000 2.647455
    15 16.525257 0.000000 0.000000 0.103697 0.139902 -2.084045
  time 46
    0 -1.990691 2.425860 14.820099 1.786765 0.098166 -0.000042
    1 0.000005 3.345128 -2.981901 1.666335 -0.032161 1.631270
    2 7.500940 0.515641 -0.003906 0.234341 -0.038387 0.408114
    3 10.893227 1.135884 -1.945423 -2.590110 1.362592 2.171470
    4 6.028143 0.000001 0.000000 1.849255 0.452257 -0.609774
    5 11.692552 0.000000 0.000002 0.000000 0.000000 -1.981758
    6 10.889314 1.171035 1.929847 0.956978 -1.246803 3.686941
    7 6.028142 0.000001 0.000000 -1.603527 -0.017117 -0.949101
    8 11.692555 0.000000 0.000000 0.000000 0.000000 -2.080300
    9 15.328862 2.084520 -0.011719 2.933258 0.008941 -0.190737
    10 3.784980 0.906274 -0.000003 -3.502179 -0.918721 0.357779
    11 17.848177 0.000000 0.000000 0.000000 0.000000 2.381215
    12 16.525253 0.000000 0.000000 0.146517 0.250458 -1.815793
    13 -3.784980 -0.906274 0.000007 -0.376890 -1.188310 -2.393627
    14 17.848173 0.000000 0.000000 0.000000 0.000000 2.646800
    15 16.525257 0.000000 0.000000 0.103822 0.139701 -2.083341
  time 47
    0 -1.990691 2.429767 14.831818 1.786765 0.098166 -0.000042
    1 0.000005 3.345128 -2.981901 1.666541 -0.032465 1.631090
    2 7.500940 0.515641 0.000000 0.234715 -0.038854 0.408685
    3 10.893227 1.135884 -1.945423 -2.585273 1.362360 2.176600
    4 6.028143 0.000001 0.000000 1.849840 0.453363 -0.608283
    5 11.692552 0.000000 0.000002 0.000000 0.000000 -1.981322
    6 10.889314 1.171035 1.929847 0.960886 -1.245871 3.683394
    7 6.028142 0.000001 0.000000 -1.604517 -0.017759 -0.947044
    8 11.692555 0.000000 0.000000 0.000000 0.000000 -2.083904
    9 15.328862 2.088426 -0.007813 2.933455 0.008737 -0.192885
    10 3.784980 0.906274 -0.000003 -3.501630 -0.919214 0.357093
    11 17.848177 0.000000 0.000000 0.000000 0.000000 2.380597
    12 16.525253 0.000000 0.000000 0.146309 0.250234 -1.815825
    13 -3.784980 -0.906274 0.000007 -0.376890 -1.188223 -2.394068
    14 17.848173 0.000000 0.000000 0.000000 0.000000 2.646227
    15 16.525257 0.000000 0.000000 0.103929 0.139460 -2.082600
  time 48
    0 -1.986784 2.429767 14.839631 1.786765 0.098166 -0.000042
    1 0.000005 3.345128 -2.981901 1.666734 -0.032745 1.630899
    2 7.500940 0.515641 0.000000 0.235059 -0.039309 0.409235
    3 10.893227 1.139790 -1.941516 -2.580377 1.362113 2.181791
    4 6.028143 0.000001 0.000000 1.850593 0.454561 -0.606698
    5 11.692552 0.000000 0.000002 0.000000 0.000000 -1.981250
    6 10.889314 1.171035 1.933754 0.964699 -1.244917 3.679943
    7 6.028142 0.000001 0.000000 -1.605507 -0.018363 -0.944908
    8 11.692555 0.000000 0.000000 0.000000 0.000000 -2.087807
    9 15.328862 2.088426 -0.007813 2.933653 0.008533 -0.194990
    10 3.784980 0.906274 -0.000003 -3.500989 -0.919708 0.356321
    11 17.848177 0.000000 0.000000 0.000000 0.000000 2.379979
    12 16.525253 0.000000 0.000000 0.146086 0.249990 -1.815825
    13 -3.784980 -0.906274 0.000007 -0.376618 -1.188135 -2.394332
    14 17.848173 0.000000 0.000000 0.000000 0.000000 2.645572
    15 16.525257 0.000000 0.000000 0.104054 0.139239 -2.081859
  time 49
    0 -1.986784 2.429767 14.851350 1.786765 0.098166 -0.000042
    1 0.000005 3.345128 -2.981901 1.666940 -0.033025 1.630731
    2 7.500940 0.515641 0.000000 0.235433 -0.039741 0.409786
    3 10.893227 1.139790 -1.941516 -2.575364 1.361836 2.187102
    4 6.028143 0.000001 0.000000 1.851429 0.455851 -0.605021
    5 11.692552 0.000000 0.000002 0.000000 0.000000 -1.981395
    6 10.889314 1.171035 1.933754 0.968512 -1.243964 3.676396
    7 6.028142 0.000001 0.000000 -1.606547 -0.018853 -0.942733
    8 11.692555 0.000000 0.000000 0.000000 0.000000 -2.091936
    9 15.328862 2.088426 -0.007813 2.933900 0.008341 -0.197052
    10 3.784980 0.906274 -0.000003 -3.500257 -0.920247 0.355549
    11 17.848177 0.000000 0.000000 0.000000 0.000000 2.379361
    12 16.525253 0.000000 0.000000 0.145834 0.249725 -1.815857
    13 -3.784980 -0.906274 0.000007 -0.376618 -1.188048 -2.394596
    14 17.848173 0.000000 0.000000 0.000000 0.000000 2.644917
    15 16.525257 0.000000 0.000000 0.104197 0.138998 -2.081043
  time 50
    0 -1.986784 2.429767 14.863069 1.786765 0.098166 -0.000042
    1 0.000005 3.345128 -2.981901 1.667159 -0.033306 1.630563
    2 7.500940 0.519547 0.000000 0.235807 -0.040160 0.410294
    3 10.893227 1.139790 -1.941516 -2.570291 1.361560 2.192413
    4 6.028143 0.000001 0.000000 1.852432 0.457187 -0.603157
    5 11.692552 0.000000 0.000002 0.000000 0.000000 -1.981758
    6 10.889314 1.171035 1.933754 0.972326 -1.243010 3.673041
    7 6.028142 0.000001 0.000000 -1.607537 -0.019306 -0.940597
    8 11.692555 0.000000 0.000000 0.000000 0.000000 -2.096215
    9 15.328862 2.092332 -0.003906 2.934147 0.008162 -0.199028
    10 3.784980 0.906274 -0.000003 -3.499617 -0.920830 0.354777
    11 17.848177 0.000000 0.000000 0.000000 0.000000 2.378666
    12 16.525253 0.000000 0.000000 0.145582 0.249441 -1.815857
    13 -3.784980 -0.906274 0.000007 -0.376436 -1.187960 -2.395036
    14 17.848173 0.000000 0.000000 0.000000 0.000000 2.644181
    15 16.525257 0.000000 0.000000 0.104322 0.138736 -2.080191
  time 51
    0 -1.982878 2.433673 14.878695 1.786765 0.098166 -0.000042
    1 0.000005 3.345128 -2.981901 1.667365 -0.033563 1.630407
    2 7.500940 0.519547 0.000000 0.236180 -0.040568 0.410780
    3 10.893227 1.139790 -1.941516 -2.565100 1.361255 2.197845
    4 6.028143 0.000001 0.000000 1.853603 0.458523 -0.601293
    5 11.692552 0.000000 0.000002 0.000000 0.000000 -1.982339
    6 10.885408 1.171035 1.933754 0.975948 -1.242078 3.669589
    7 6.028142 0.000001 0.000000 -1.608527 -0.019684 -0.938461
    8 11.692555 0.000000 0.000000 0.000000 0.000000 -2.100344
    9 15.328862 2.092332 -0.003906 2.934345 0.007994 -0.200876
    10 3.784980 0.906274 -0.000003 -3.498885 -0.921414 0.354005
    11 17.848177 0.000000 0.000000 0.000000 0.000000 2.377971
    12 16.525253 0.000000 0.000000 0.145300 0.249156 -1.815889
    13 -3.784980 -0.906274 0.000007 -0.376436 -1.187873 -2.395565
    14 17.848173 0.000000 0.000000 0.000000 0.000000 2.643444
    15 16.525257 0.000000 0.000000 0.104465 0.138475 -2.079339
  time 52
    0 -1.982878 2.433673 14.890414 1.786765 0.098166 -0.000042
    1 0.000005 3.345128 -2.981901 1.667571 -0.033796 1.630264
    2 7.500940 0.519547 0.000000 0.236583 -0.040939 0.411225
    3 10.893227 1.143696 -1.941516 -2.559910 1.360949 2.203277
    4 6.028143 0.000001 0.000000 1.854689 0.459859 -0.599428
    5 11.692552 0.000000 0.000002 0.000000 0.000000 -1.982993
    6 10.885408 1.171035 1.933754 0.979571 -1.241167 3.666330
    7 6.028142 0.000001 0.000000 -1.609418 -0.020023 -0.936404
    8 11.692555 0.000000 0.000000 0.000000 0.000000 -2.104398
    9 15.324956 2.096239 0.000000 2.934592 0.007838 -0.202573
    10 3.784980 0.906274 -0.000003 -3.498153 -0.922042 0.353147
    11 17.848177 0.000000 0.000000 0.000000 0.000000 2.377198
    12 16.525253 0.000000 0.000000 0.145003 0.248851 -1.815921
    13 -3.784980 -0.906274 0.000007 -0.376164 -1.187786 -2.396005
    14 17.848173 0.000000 0.000000 0.000000 0.000000 2.642707
    15 16.525257 0.000000 0.000000 0.104608 0.138214 -2.078487
  time 53
    0 -1.982878 2.433673 14.902133 1.786765 0.098166 -0.000042
    1 0.000005 3.345128 -2.981901 1.667778 -0.034007 1.630144
    2 7.500940 0.519547 0.000000 0.236956 -0.041275 0.411627
    3 10.893227 1.143696 -1.941516 -2.554660 1.360629 2.208710
    4 6.028143 0.000001 0.000000 1.855860 0.461196 -0.597471
    5 11.692552 0.000000 0.000002 0.000000 0.000000 -1.983864
    6 10.885408 1.171035 1.933754 0.983002 -1.240257 3.663166
    7 6.028142 0.000001 0.000000 -1.610211 -0.020325 -0.934427
    8 11.692555 0.000000 0.000000 0.000000 0.000000 -2.108227
    9 15.324956 2.096239 0.000000 2.934790 0.007706 -0.204076
    10 3.784980 0.906274 -0.000003 -3.497421 -0.922671 0.352375
    11 17.848177 0.000000 0.000000 0.000000 0.000000 2.376503
    12 16.525253 0.000000 0.000000 0.144676 0.248525 -1.815953
    13 -3.784980 -0.906274 0.000007 -0.376164 -1.187698 -2.396269
    14 17.848173 0.000000 0.000000 0.000000 0.000000 2.641971
    15 16.525257 0.000000 0.000000 0.104751 0.137952 -2.077598
  time 54
    0 -1.978972 2.437579 14.913852 1.786765 0.098166 -0.000042
    1 0.000005 3.345128 -2.981901 1.667984 -0.034194 1.630024
    2 7.500940 0.519547 0.000000 0.237330 -0.041587 0.411987
    3 10.893227 1.143696 -1.937610 -2.549410 1.360280 2.214202
    4 6.028143 0.000001 0.000000 1.857030 0.462440 -0.595514
    5 11.692552 0.000000 0.000002 0.000000 0.000000 -1.984808
    6 10.885408 1.171035 1.933754 0.986339 -1.239390 3.660003
    7 6.028142 0.000001 0.000000 -1.610854 -0.020589 -0.932607
    8 11.692555 0.000000 0.000000 0.000000 0.000000 -2.111605
    9 15.324956 2.096239 0.000000 2.935037 0.007586 -0.205387
    10 3.784980 0.906274 -0.000003 -3.496689 -0.923344 0.351604
    11 17.848177 0.000000 0.000000 0.000000 0.000000 2.375731
    12 16.525253 0.000000 0.000000 0.144350 0.248200 -1.815985
    13 -3.784980 -0.906274 0.000007 -0.375892 -1.187567 -2.396798
    14 17.848173 0.000000 0.000000 0.000000 0.000000 2.641152
    15 16.525257 0.000000 0.000000 0.104893 0.137691 -2.076709
  time 55
    0 -1.978972 2.437579 14.929477 1.786765 0.098166 -0.000042
    1 0.000005 3.345128 -2.981901 1.668177 -0.034357 1.629928
    2 7.500940 0.523454 0.000000 0.237704 -0.041850 0.412283
    3 10.893227 1.143696 -1.937610 -2.544102 1.359931 2.219634
    4 6.028143 0.000001 0.000000 1.858117 0.463637 -0.593650
    5 11.692552 0.000000 0.000002 0.000000 0.000000 -1.985752
    6 10.885408 1.171035 1.937660 0.989580 -1.238544 3.657031
    7 6.028142 0.000001 0.000000 -1.611399 -0.020854 -0.930907
    8 11.692555 0.000000 0.000000 0.000000 0.000000 -2.114532
    9 15.324956 2.100145 0.000000 2.935235 0.007478 -0.206439
    10 3.784980 0.906274 -0.000003 -3.495957 -0.924017 0.350746
    11 17.848177 0.000000 0.000000 0.000000 0.000000 2.375035
    12 16.525253 0.000000 0.000000 0.144008 0.247874 -1.816017
    13 -3.784980 -0.906274 0.000007 -0.375892 -1.187480 -2.396974
    14 17.848173 0.000000 0.000000 0.000000 0.000000 2.640415
    15 16.525257 0.000000 0.000000 0.105036 0.137409 -2.075819
  time 56
    0 -1.978972 2.437579 14.941196 1.786765 0.098166 -0.000042
    1 0.000005 3.345128 -2.981901 1.668370 -0.034497 1.629844
    2 7.500940 0.523454 0.000000 0.238049 -0.042078 0.412537
    3 10.893227 1.143696 -1.937610 -2.538793 1.359568 2.225066
    4 6.028143 0.000001 0.000000 1.859121 0.464789 -0.591693
    5 11.692552 0.000000 0.000002 0.000000 0.000000 -1.986769
    6 10.885408 1.171035 1.937660 0.992631 -1.237742 3.654059
    7 6.028142 0.000001 0.000000 -1.611745 -0.021042 -0.929404
    8 11.692555 0.000000 0.000000 0.000000 0.000000 -2.116785
    9 15.324956 2.100145 0.000000 2.935432 0.007406 -0.207234
    10 3.784980 0.906274 -0.000003 -3.495226 -0.924690 0.349974
    11 17.848177 0.000000 0.000000 0.000000 0.000000 2.374263
    12 16.525253 0.000000 0.000000 0.143652 0.247528 -1.816049
    13 -3.784980 -0.906274 0.000007 -0.375892 -1.187392 -2.397766
    14 17.848173 0.000000 0.000000 0.000000 0.000000 2.639679
    15 16.525257 0.000000 0.000000 0.105197 0.137148 -2.074930
  time 57
    0 -1.975065 2.441486 14.952916 1.786765 0.098166 -0.000042
    1 0.000005 3.345128 -2.981901 1.668550 -0.034591 1.629796
    2 7.500940 0.523454 0.000000 0.238394 -0.042258 0.412706
    3 10.893227 1.143696 -1.937610 -2.533484 1.359204 2.230438
    4 6.028143 0.000001 0.000000 1.859957 0.465757 -0.589829
    5 11.692552 0.000000 0.000002 0.000000 0.000000 -1.987785
    6 10.885408 1.171035 1.937660 0.995586 -1.236984 3.651279
    7 6.028142 0.000001 0.000000 -1.611894 -0.021231 -0.928098
    8 11.692555 0.000000 0.000000 0.000000 0.000000 -2.118361
    9 15.324956 2.100145 0.000000 2.935630 0.007347 -0.207706
    10 3.784980 0.906274 -0.000003 -3.494494 -0.925409 0.349202
    11 17.848177 0.000000 0.000000 0.000000 0.000000 2.373568
    12 16.525253 0.000000 0.000000 0.143281 0.247182 -1.816081
    13 -3.784980 -0.906274 0.000007 -0.375439 -1.187305 -2.398031
    14 17.848173 0.000000 0.000000 0.000000 0.000000 2.638860
    15 16.525257 0.000000 0.000000 0.105340 0.136887 -2.074041
  time 58
    0 -1.975065 2.441486 14.964635 1.786765 0.098166 -0.000042
    1 0.000005 3.345128 -2.981901 1.668718 -0.034661 1.629760
    2 7.500940 0.523454 0.000000 0.238710 -0.042378 0.412833
    3 10.893227 1.143696 -1.937610 -2.528176 1.358826 2.235749
    4 6.028143 0.000001 0.000000 1.860709 0.466632 -0.588058
    5 11.692552 0.000000 0.000002 0.000000 0.000000 -1.988802
    6 10.885408 1.171035 1.937660 0.998350 -1.236268 3.648595
    7 6.028142 0.000001 0.000000 -1.611844 -0.021382 -0.927030
    8 11.692555 0.000000 0.000000 0.000000 0.000000 -2.119112
    9 15.324956 2.100145 0.000000 2.935778 0.007311 -0.207835
    10 3.784980 0.906274 -0.000003 -3.493762 -0.926082 0.348430
    11 17.848177 0.000000 0.000000 0.000000 0.000000 2.372795
    12 16.525253 0.000000 0.000000 0.142895 0.246816 -1.816113
    13 -3.784980 -0.906274 0.000007 -0.375439 -1.187174 -2.398471
    14 17.848173 0.000000 0.000000 0.000000 0.000000 2.638124
    15 16.525257 0.000000 0.000000 0.105465 0.136625 -2.073189
  time 59
    0 -1.975065 2.441486 14.976354 1.786765 0.098166 -0.000042
    1 0.000005 3.345128 -2.981901 1.668872 -0.034684 1.629748
    2 7.500940 0.523454 0.000000 0.239026 -0.042449 0.412854
    3 10.893227 1.147603 -1.937610 -2.522926 1.358434 2.241000
    4 6.028143 0.000001 0.000000 1.861295 0.467323 -0.586380
    5 11.692552 0.000000 0.000002 0.000000 0.000000 -1.989746
    6 10.885408 1.171035 1.937660 1.000924 -1.235596 3.646006
    7 6.028142 0.000001 0.000000 -1.611399 -0.021533 -0.926318
    8 11.692555 0.000000 0.000000 0.000000 0.000000 -2.118887
    9 15.324956 2.100145 0.003906 2.935927 0.007299 -0.207771
    10 3.784980 0.906274 -0.000003 -3.493030 -0.926800 0.347658
    11 17.848177 0.000000 0.000000 0.000000 0.000000 2.372100
    12 16.525253 0.000000 0.000000 0.142494 0.246470 -1.816177
    13 -3.784980 -0.906274 0.000007 -0.375166 -1.187086 -2.398735
    14 17.848173 0.000000 0.000000 0.000000 0.000000 2.637387
    15 16.525257 0.000000 0.000000 0.105607 0.136384 -2.072337
  time 60
    0 -1.971159 2.445392 14.991979 1.786765 0.098166 -0.000042
    1 0.000005 3.345128 -2.981901 1.669027 -0.034661 1.629748
    2 7.500940 0.523454 0.000000 0.239313 -0.042485 0.412791
    3 10.893227 1.147603 -1.937610 -2.517794 1.358041 2.246130
    4 6.028143 0.000001 0.000000 1.861629 0.467830 -0.584889
    5 11.692552 0.000000 0.000002 0.000000 0.000000 -1.990545
    6 10.885408 1.171035 1.937660 1.003308 -1.234968 3.643610
    7 6.028142 0.000001 0.000000 -1.610458 -0.021571 -0.926002
    8 11.692555 0.000000 0.000000 0.000000 0.000000 -2.117685
    9 15.324956 2.100145 0.003906 2.936124 0.007311 -0.207663
    10 3.784980 0.906274 -0.000003 -3.492298 -0.927518 0.346972
    11 17.848177 0.000000 0.000000 0.000000 0.000000 2.371405
    12 16.525253 0.000000 0.000000 0.142094 0.246104 -1.816209
    13 -3.784980 -0.906274 0.000007 -0.375166 -1.186999 -2.399175
    14 17.848173 0.000000 0.000000 0.000000 0.000000 2.636732
    15 16.525257 0.000000 0.000000 0.105732 0.136143 -2.071521
  time 61
    0 -1.971159 2.445392 15.003698 1.786765 0.098166 -0.000042
    1 0.000005 3.345128 -2.981901 1.669182 -0.034567 1.629760
    2 7.500940 0.523454 0.000000 0.239630 -0.042509 0.412643
    3 10.897134 1.147603 -1.937610 -2.512840 1.357649 2.251019
    4 6.028143 0.000001 0.000000 1.861796 0.468061 -0.583491
    5 11.692552 0.000000 0.000002 0.000000 0.000000 -1.991344
    6 10.885408 1.171035 1.937660 1.005500 -1.234383 3.641309
    7 6.028142 0.000001 0.000000 -1.609121 -0.021571 -0.926002
    8 11.692555 0.000000 0.000000 0.000000 0.000000 -2.115734
    9 15.324956 2.100145 0.003906 2.936273 0.007323 -0.207513
    10 3.784980 0.906274 -0.000003 -3.491566 -0.928192 0.346286
    11 17.848177 0.000000 0.000000 0.000000 0.000000 2.370787
    12 16.525253 0.000000 0.000000 0.141678 0.245738 -1.816274
    13 -3.784980 -0.906274 0.000007 -0.375166 -1.186911 -2.399440
    14 17.848173 0.000000 0.000000 0.000000 0.000000 2.635995
    15 16.525257 0.000000 0.000000 0.105857 0.135901 -2.070706
  time 62
    0 -1.971159 2.445392 15.011511 1.786765 0.098166 -0.000042
    1 0.000005 3.345128 -2.981901 1.669349 -0.034451 1.629772
    2 7.500940 0.523454 0.000000 0.239946 -0.042521 0.412389
    3 10.897134 1.147603 -1.937610 -2.508121 1.357242 2.255606
    4 6.028143 0.000001 0.000000 1.861796 0.468014 -0.582372
    5 11.692552 0.000000 0.000002 0.000000 0.000000 -1.991925
    6 10.885408 1.171035 1.937660 1.007502 -1.233819 3.639200
    7 6.028142 0.000001 0.000000 -1.607388 -0.021458 -0.926239
    8 11.692555 0.000000 0.000000 0.000000 0.000000 -2.113106
    9 15.324956 2.100145 0.003906 2.936421 0.007347 -0.207320
    10 3.784980 0.906274 -0.000003 -3.490926 -0.928910 0.345685
    11 17.848177 0.000000 0.000000 0.000000 0.000000 2.370092
    12 16.525253 0.000000 0.000000 0.141248 0.245372 -1.816338
    13 -3.784980 -0.906274 0.000007 -0.374894 -1.186824 -2.399704
    14 17.848173 0.000000 0.000000 0.000000 0.000000 2.635341
    15 16.525257 0.000000 0.000000 0.105982 0.135680 -2.069965
  time 63
    0 -1.967252 2.449298 15.023230 1.786765 0.098166 -0.000042
    1 0.000005 3.345128 -2.981901 1.669529 -0.034287 1.629796
    2 7.500940 0.519547 0.000000 0.240291 -0.042509 0.412050
    3 10.897134 1.147603 -1.937610 -2.503579 1.356849 2.259952
    4 6.028143 0.000001 0.000000 1.861545 0.467738 -0.581347
    5 11.692552 0.000000 0.000002 0.000000 0.000000 -1.992360
    6 10.885408 1.171035 1.937660 1.009313 -1.233299 3.637283
    7 6.028142 0.000001 0.000000 -1.605359 -0.021307 -0.926674
    8 11.692555 0.000000 0.000000 0.000000 0.000000 -2.109953
    9 15.324956 2.100145 0.003906 2.936569 0.007371 -0.207105
    10 3.784980 0.906274 -0.000003 -3.490285 -0.929583 0.345171
    11 17.848177 0.000000 0.000000 0.000000 0.000000 2.369551
    12 16.525253 0.000000 0.000000 0.140803 0.245006 -1.816402
    13 -3.784980 -0.906274 0.000007 -0.374894 -1.186737 -2.400232
    14 17.848173 0.000000 0.000000 0.000000 0.000000 2.634768
    15 16.525257 0.000000 0.000000 0.106107 0.135459 -2.069261
  time 64
    0 -1.967252 2.449298 15.034949 1.786765 0.098166 -0.000042
    1 0.000005 3.345128 -2.981901 1.669710 -0.034100 1.629820
    2 7.500940 0.519547 0.000000 0.240636 -0.042485 0.411648
    3 10.897134 1.147603 -1.937610 -2.499332 1.356456 2.263996
    4 6.028143 0.000001 0.000000 1.861127 0.467139 -0.580601
    5 11.692552 0.000000 0.000002 0.000000 0.000000 -1.992578
    6 10.885408 1.167129 1.937660 1.010934 -1.232822 3.635557
    7 6.028142 0.000001 0.000000 -1.603081 -0.021118 -0.927268
    8 11.692555 0.000000 0.000000 0.000000 0.000000 -2.106425
    9 15.324956 2.096239 0.003906 2.936767 0.007406 -0.206847
    10 3.784980 0.906274 -0.000003 -3.489736 -0.930301 0.344656
    11 17.848177 0.000000 0.000000 0.000000 0.000000 2.368933
    12 16.525253 0.000000 0.000000 0.140357 0.244639 -1.816466
    13 -3.784980 -0.906274 0.000007 -0.374894 -1.186649 -2.400408
    14 17.848173 0.000000 0.000000 0.000000 0.000000 2.634195
    15 16.525257 0.000000 0.000000 0.106214 0.135258 -2.068557
  time 65
    0 -1.967252 2.449298 15.042762 1.786765 0.098166 -0.000042
    1 0.000005 3.345128 -2.981901 1.669890 -0.033867 1.629856
    2 7.500940 0.519547 0.000000 0.241009 -0.042449 0.411182
    3 10.897134 1.147603 -1.937610 -2.495321 1.356064 2.267738
    4 6.028143 0.000001 0.000000 1.860375 0.466448 -0.580042
    5 11.692552 0.000000 0.000002 0.000000 0.000000 -1.992578
    6 10.885408 1.167129 1.937660 1.012269 -1.232388 3.633927
    7 6.028142 0.000001 0.000000 -1.600655 -0.020816 -0.927980
    8 11.692555 0.000000 0.000000 0.000000 0.000000 -2.102596
    9 15.324956 2.096239 0.003906 2.936915 0.007442 -0.206546
    10 3.784980 0.906274 -0.000003 -3.489187 -0.930974 0.344141
    11 17.848177 0.000000 0.000000 0.000000 0.000000 2.368392
    12 16.525253 0.000000 0.000000 0.139897 0.244273 -1.816530
    13 -3.784980 -0.906274 0.000007 -0.374894 -1.186605 -2.400672
    14 17.848173 0.000000 0.000000 0.000000 0.000000 2.633622
    15 16.525257 0.000000 0.000000 0.106304 0.135077 -2.067965
  time 66
    0 -1.967252 2.449298 15.050575 1.786765 0.098166 -0.000042
    1 0.000005 3.345128 -2.981901 1.670083 -0.033586 1.629892
    2 7.500940 0.519547 0.000000 0.241354 -0.042389 0.410653
    3 10.897134 1.147603 -1.937610 -2.491664 1.355671 2.271178
    4 6.028143 0.000001 0.000000 1.859288 0.465757 -0.579669
    5 11.692552 0.000000 0.000002 0.000000 0.000000 -1.992288
    6 10.885408 1.167129 1.937660 1.013317 -1.231998 3.632585
    7 6.028142 0.000001 0.000000 -1.598080 -0.020476 -0.928771
    8 11.692555 0.000000 0.000000 0.000000 0.000000 -2.098693
    9 15.324956 2.092332 0.003906 2.937113 0.007490 -0.206181
    10 3.784980 0.906274 -0.000003 -3.488639 -0.931603 0.343798
    11 17.848177 0.000000 0.000000 0.000000 0.000000 2.367929
    12 16.525253 0.000000 0.000000 0.139437 0.243927 -1.816594
    13 -3.784980 -0.906274 0.000007 -0.374713 -1.186518 -2.400937
    14 17.848173 0.000000 0.000000 0.000000 0.000000 2.633131
    15 16.525257 0.000000 0.000000 0.106393 0.134916 -2.067372
  time 67
    0 -1.963346 2.449298 15.058388 1.786765 0.098166 -0.000042
    1 0.000005 3.345128 -2.981901 1.670277 -0.033306 1.629928
    2 7.500940 0.519547 0.000000 0.241728 -0.042330 0.410082
    3 10.897134 1.147603 -1.937610 -2.488243 1.355293 2.274317
    4 6.028143 0.000001 0.000000 1.857950 0.465112 -0.579483
    5 11.692552 0.000000 0.000002 0.000000 0.000000 -1.991852
    6 10.885408 1.167129 1.937660 1.014270 -1.231651 3.631339
    7 6.028142 0.000001 0.000000 -1.595506 -0.020061 -0.929601
    8 11.692555 0.000000 0.000000 0.000000 0.000000 -2.094864
    9 15.328862 2.092332 0.003906 2.937261 0.007538 -0.205795
    10 3.784980 0.906274 -0.000003 -3.488181 -0.932276 0.343455
    11 17.848177 0.000000 0.000000 0.000000 0.000000 2.367543
    12 16.525253 0.000000 0.000000 0.138962 0.243561 -1.816690
    13 -3.784980 -0.906274 0.000007 -0.374713 -1.186474 -2.401201
    14 17.848173 0.000000 0.000000 0.000000 0.000000 2.632640
    15 16.525257 0.000000 0.000000 0.106482 0.134755 -2.066890
  time 68
    0 -1.963346 2.453205 15.066200 1.786765 0.098166 -0.000042
    1 0.000005 3.345128 -2.981901 1.670470 -0.033002 1.629976
    2 7.500940 0.515641 0.000000 0.242101 -0.042258 0.409447
    3 10.897134 1.147603 -1.937610 -2.485176 1.354930 2.277033
    4 6.028143 0.000001 0.000000 1.856194 0.464467 -0.579390
    5 11.692552 0.000000 0.000002 0.000000 0.000000 -1.991126
    6 10.885408 1.163222 1.937660 1.014842 -1.231348 3.630476
    7 6.028142 0.000001 0.000000 -1.592931 -0.019533 -0.930392
    8 11.692555 0.000000 0.000000 0.000000 0.000000 -2.091185
    9 15.328862 2.088426 0.003906 2.937459 0.007586 -0.205365
    10 3.784980 0.906274 -0.000003 -3.487815 -0.932860 0.343198
    11 17.848177 0.000000 0.000000 0.000000 0.000000 2.367156
    12 16.525253 0.000000 0.000000 0.138487 0.243215 -1.816754
    13 -3.784980 -0.906274 0.000007 -0.374713 -1.186431 -2.401377
    14 17.848173 0.000000 0.000000 0.000000 0.000000 2.632312
    15 16.525257 0.000000 0.000000 0.106554 0.134635 -2.066445
  time 69
    0 -1.963346 2.453205 15.070107 1.786765 0.098166 -0.000042
    1 0.000005 3.345128 -2.981901 1.670663 -0.032675 1.630024
    2 7.500940 0.515641 0.000000 0.242475 -0.042186 0.408812
    3 10.897134 1.143696 -1.937610 -2.482404 1.354595 2.279447
    4 6.028143 0.000001 0.000000 1.854271 0.463868 -0.579390
    5 11.692552 0.000000 0.000002 0.000000 0.000000 -1.990254
    6 10.885408 1.163222 1.937660 1.015224 -1.231088 3.629709
    7 6.028142 0.000001 0.000000 -1.590456 -0.018966 -0.931144
    8 11.692555 0.000000 0.000000 0.000000 0.000000 -2.087807
    9 15.328862 2.088426 0.007813 2.937607 0.007646 -0.204892
    10 3.784980 0.906274 -0.000003 -3.487449 -0.933488 0.343026
    11 17.848177 0.000000 0.000000 0.000000 0.000000 2.366847
    12 16.525253 0.000000 0.000000 0.138012 0.242890 -1.816850
    13 -3.784980 -0.906274 0.000007 -0.374713 -1.186387 -2.401377
    14 17.848173 0.000000 0.000000 0.000000 0.000000 2.631985
    15 16.525257 0.000000 0.000000 0.106607 0.134514 -2.066075
  time 70
    0 -1.963346 2.453205 15.074013 1.786765 0.098166 -0.000042
    1 0.000005 3.345128 -2.981901 1.670856 -0.032348 1.630084
    2 7.500940 0.515641 0.000000 0.242849 -0.042090 0.408135
    3 10.897134 1.143696 -1.937610 -2.480044 1.354261 2.281499
    4 6.028143 0.000001 0.000000 1.852098 0.463315 -0.579576
    5 11.692552 0.000000 0.000002 0.000000 0.000000 -1.989165
    6 10.885408 1.163222 1.937660 1.015414 -1.230893 3.629230
    7 6.028142 0.000001 0.000000 -1.588079 -0.018287 -0.931777
    8 11.692555 0.000000 0.000000 0.000000 0.000000 -2.084880
    9 15.328862 2.084520 0.007813 2.937805 0.007706 -0.204355
    10 3.784980 0.906274 -0.000003 -3.487175 -0.934072 0.343026
    11 17.848177 0.000000 0.000000 0.000000 0.000000 2.366538
    12 16.525253 0.000000 0.000000 0.137523 0.242544 -1.816946
    13 -3.784980 -0.906274 0.000007 -0.374713 -1.186343 -2.401641
    14 17.848173 0.000000 0.000000 0.000000 0.000000 2.631739
    15 16.525257 0.000000 0.000000 0.106661 0.134434 -2.065742
  time 71
    0 -1.963346 2.453205 15.077919 1.786765 0.098166 -0.000042
    1 0.000005 3.345128 -2.981901 1.671049 -0.031997 1.630144
    2 7.500940 0.511734 0.000000 0.243222 -0.041982 0.407458
    3 10.897134 1.143696 -1.937610 -2.478039 1.353955 2.283189
    4 6.028143 0.000001 0.000000 1.849756 0.462762 -0.579856
    5 11.692552 0.000000 0.000002 0.000000 0.000000 -1.988003
    6 10.885408 1.163222 1.937660 1.015224 -1.230763 3.628942
    7 6.028142 0.000001 0.000000 -1.585950 -0.017532 -0.932291
    8 11.692555 0.000000 0.000000 0.000000 0.000000 -2.082627
    9 15.328862 2.084520 0.007813 2.937953 0.007778 -0.203775
    10 3.784980 0.906274 -0.000003 -3.486992 -0.934610 0.343026
    11 17.848177 0.000000 0.000000 0.000000 0.000000 2.366384
    12 16.525253 0.000000 0.000000 0.137033 0.242239 -1.817042
    13 -3.784980 -0.906274 0.000007 -0.374713 -1.186299 -2.401641
    14 17.848173 0.000000 0.000000 0.000000 0.000000 2.631494
    15 16.525257 0.000000 0.000000 0.106696 0.134353 -2.065519
  time 72
    0 -1.963346 2.453205 15.077919 1.786765 0.098166 -0.000042
    1 0.000005 3.345128 -2.981901 1.671243 -0.031670 1.630204
    2 7.500940 0.511734 0.000000 0.243596 -0.041874 0.406759
    3 10.897134 1.143696 -1.937610 -2.476387 1.353665 2.284457
    4 6.028143 0.000001 0.000000 1.847332 0.462255 -0.580322
    5 11.692552 0.000000 0.000002 0.000000 0.000000 -1.986624
    6 10.889314 1.159316 1.937660 1.014842 -1.230676 3.629038
    7 6.028142 0.000001 0.000000 -1.584019 -0.016626 -0.932647
    8 11.692555 0.000000 0.000000 0.000000 0.000000 -2.081051
    9 15.332769 2.080613 0.007813 2.938101 0.007850 -0.203153
    10 3.784980 0.906274 -0.000003 -3.486809 -0.935149 0.343112
    11 17.848177 0.000000 0.000000 0.000000 0.000000 2.366229
    12 16.525253 0.000000 0.000000 0.136528 0.241913 -1.817170
    13 -3.784980 -0.906274 0.000007 -0.374713 -1.186299 -2.401641
    14 17.848173 0.000000 0.000000 0.000000 0.000000 2.631412
    15 16.525257 0.000000 0.000000 0.106714 0.134313 -2.065408
  time 73
    0 -1.963346 2.453205 15.081826 1.786765 0.098166 -0.000042
    1 0.000005 3.345128 -2.981901 1.671436 -0.031320 1.630276
    2 7.500940 0.511734 0.000000 0.243970 -0.041754 0.406082
    3 10.897134 1.143696 -1.937610 -2.475207 1.353403 2.285362
    4 6.028143 0.000001 0.000000 1.844740 0.461795 -0.580788
    5 11.692552 0.000000 0.000002 0.000000 0.000000 -1.985099
    6 10.889314 1.159316 1.937660 1.014270 -1.230589 3.629230
    7 6.028142 0.000001 0.000000 -1.582386 -0.015683 -0.932726
    8 11.692555 0.000000 0.000000 0.000000 0.000000 -2.080450
    9 15.332769 2.080613 0.007813 2.938299 0.007922 -0.202465
    10 3.784980 0.906274 -0.000003 -3.486717 -0.935643 0.343369
    11 17.848177 0.000000 0.000000 0.000000 0.000000 2.366229
    12 16.525253 0.000000 0.000000 0.136038 0.241629 -1.817266
    13 -3.784980 -0.906274 0.000007 -0.374713 -1.186299 -2.401641
    14 17.848173 0.000000 0.000000 0.000000 0.000000 2.631330
    15 16.525257 0.000000 0.000000 0.106732 0.134313 -2.065371
  time 74
    0 -1.963346 2.453205 15.081826 1.786765 0.098166 -0.000042
    1 0.000005 3.345128 -2.981901 1.671616 -0.030993 1.630347
    2 7.500940 0.507828 0.000000 0.244343 -0.041622 0.405384
    3 10.897134 1.143696 -1.937610 -2.474441 1.353170 2.285784
    4 6.028143 0.000001 0.000000 1.842064 0.461334 -0.581440
    5 11.692552 0.000000 0.000002 0.000000 0.000000 -1.983501
    6 10.889314 1.159316 1.937660 1.013508 -1.230502 3.629613
    7 6.028142 0.000001 0.000000 -1.580851 -0.014664 -0.932726
    8 11.692555 0.000000 0.000000 0.000000 0.000000 -2.080150
    9 15.332769 2.076707 0.007813 2.938447 0.007994 -0.201735
    10 3.784980 0.906274 -0.000003 -3.486717 -0.936091 0.343713
    11 17.848177 0.000000 0.000000 0.000000 0.000000 2.366229
    12 16.525253 0.000000 0.000000 0.135549 0.241323 -1.817395
    13 -3.784980 -0.906274 0.000007 -0.374713 -1.186299 -2.401641
    14 17.848173 0.000000 0.000000 0.000000 0.000000 2.631330
    15 16.525257 0.000000 0.000000 0.106714 0.134313 -2.065334
  time 75
    0 -1.963346 2.453205 15.081826 1.786765 0.098166 -0.000042
    1 0.000005 3.345128 -2.981901 1.671809 -0.030642 1.630419
    2 7.500940 0.507828 0.000000 0.244688 -0.041491 0.404728
    3 10.901040 1.143696 -1.937610 -2.474087 1.352967 2.285784
    4 6.028143 0.000001 0.000000 1.839389 0.460965 -0.582093
    5 11.692552 0.000000 0.000002 0.000000 0.000000 -1.981831
    6 10.889314 1.159316 1.937660 1.012650 -1.230372 3.630093
    7 6.028142 0.000001 0.000000 -1.579415 -0.013758 -0.932766
    8 11.692555 0.000000 0.000000 0.000000 0.000000 -2.079850
    9 15.332769 2.076707 0.007813 2.938596 0.008078 -0.200962
    10 3.784980 0.906274 -0.000003 -3.486717 -0.936540 0.344056
    11 17.848177 0.000000 0.000000 0.000000 0.000000 2.366229
    12 16.525253 0.000000 0.000000 0.135074 0.241039 -1.817459
    13 -3.784980 -0.906274 0.000007 -0.374441 -1.186343 -2.401905
    14 17.848173 0.000000 0.000000 0.000000 0.000000 2.631412
    15 16.525257 0.000000 0.000000 0.106714 0.134333 -2.065334
  time 76
    0 -1.963346 2.453205 15.077919 1.786765 0.098166 -0.000042
    1 0.000005 3.345128 -2.981901 1.671977 -0.030339 1.630491
    2 7.500940 0.507828 0.000000 0.245033 -0.041359 0.404093
    3 10.901040 1.143696 -1.937610 -2.474205 1.352778 2.285362
    4 6.028143 0.000001 0.000000 1.836630 0.460597 -0.582745
    5 11.692552 0.000000 0.000002 0.000000 0.000000 -1.980015
    6 10.889314 1.155409 1.937660 1.011697 -1.230242 3.630764
    7 6.028142 0.000001 0.000000 -1.577880 -0.012890 -0.932805
    8 11.692555 0.000000 0.000000 0.000000 0.000000 -2.079550
    9 15.332769 2.072801 0.007813 2.938793 0.008150 -0.200124
    10 3.784980 0.906274 -0.000003 -3.486809 -0.936944 0.344399
    11 17.848177 0.000000 0.000000 0.000000 0.000000 2.366229
    12 16.525253 0.000000 0.000000 0.134629 0.240754 -1.817523
    13 -3.784980 -0.906274 0.000007 -0.374441 -1.186387 -2.401905
    14 17.848173 0.000000 0.000000 0.000000 0.000000 2.631412
    15 16.525257 0.000000 0.000000 0.106679 0.134373 -2.065297
  time 77
    0 -1.963346 2.453205 15.077919 1.786765 0.098166 -0.000042
    1 0.000005 3.345128 -2.981901 1.672157 -0.030035 1.630575
    2 7.500940 0.507828 0.000000 0.245378 -0.041215 0.403500
    3 10.901040 1.143696 -1.937610 -2.474618 1.352603 2.284638
    4 6.028143 0.000001 0.000000 1.833954 0.460228 -0.583304
    5 11.692552 0.000000 0.000002 0.000000 0.000000 -1.978200
    6 10.889314 1.155409 1.937660 1.010648 -1.230069 3.631531
    7 6.028142 0.000001 0.000000 -1.576345 -0.012097 -0.932845
    8 11.692555 0.000000 0.000000 0.000000 0.000000 -2.079324
    9 15.332769 2.072801 0.007813 2.938942 0.008233 -0.199222
    10 3.784980 0.906274 -0.000003 -3.486900 -0.937348 0.344742
    11 17.848177 0.000000 0.000000 0.000000 0.000000 2.366307
    12 16.525253 0.000000 0.000000 0.134198 0.240489 -1.817587
    13 -3.784980 -0.906274 0.000007 -0.374169 -1.186431 -2.402170
    14 17.848173 0.000000 0.000000 0.000000 0.000000 2.631412
    15 16.525257 0.000000 0.000000 0.106661 0.134434 -2.065297
  time 78
    0 -1.963346 2.457111 15.077919 1.786765 0.098166 -0.000042
    1 0.000005 3.345128 -2.981901 1.672312 -0.029755 1.630647
    2 7.500940 0.503922 0.000000 0.245694 -0.041071 0.402950
    3 10.901040 1.143696 -1.937610 -2.475207 1.352385 2.283793
    4 6.028143 0.000001 0.000000 1.831279 0.459905 -0.583770
    5 11.692552 0.000000 0.000002 0.000000 0.000000 -1.976312
    6 10.889314 1.155409 1.937660 1.009409 -1.229895 3.632489
    7 6.028142 0.000001 0.000000 -1.574860 -0.011380 -0.932924
    8 11.692555 0.000000 0.000000 0.000000 0.000000 -2.079174
    9 15.336675 2.068894 0.007813 2.939090 0.008329 -0.198276
    10 3.784980 0.906274 -0.000003 -3.487083 -0.937707 0.345171
    11 17.848177 0.000000 0.000000 0.000000 0.000000 2.366307
    12 16.525253 0.000000 0.000000 0.133797 0.240205 -1.817619
    13 -3.784980 -0.906274 0.000007 -0.373987 -1.186518 -2.402170
    14 17.848173 0.000000 0.000000 0.000000 0.000000 2.631494
    15 16.525257 0.000000 0.000000 0.106625 0.134494 -2.065223
  time 79
    0 -1.963346 2.457111 15.077919 1.786765 0.098166 -0.000042
    1 0.000005 3.345128 -2.981901 1.672466 -0.029521 1.630731
    2 7.500940 0.503922 0.000000 0.246010 -0.040915 0.402463
    3 10.901040 1.143696 -1.937610 -2.475915 1.352123 2.282827
    4 6.028143 0.000001 0.000000 1.828687 0.459583 -0.584143
    5 11.692552 0.000000 0.000002 0.000000 0.000000 -1.974424
    6 10.889314 1.155409 1.937660 1.008169 -1.229700 3.633448
    7 6.028142 0.000001 0.000000 -1.573474 -0.010776 -0.933042
    8 11.692555 0.000000 0.000000 0.000000 0.000000 -2.079024
    9 15.336675 2.068894 0.007813 2.939189 0.008413 -0.197245
    10 3.784980 0.906274 -0.000003 -3.487266 -0.938066 0.345599
    11 17.848177 0.000000 0.000000 0.000000 0.000000 2.366307
    12 16.525253 0.000000 0.000000 0.133426 0.239940 -1.817619
    13 -3.784980 -0.906274 0.000007 -0.373715 -1.186562 -2.402610
    14 17.848173 0.000000 0.000000 0.000000 0.000000 2.631575
    15 16.525257 0.000000 0.000000 0.106589 0.134574 -2.065186
  time 80
    0 -1.963346 2.457111 15.074013 1.786765 0.098166 -0.000042
    1 0.000005 3.345128 -2.981901 1.672621 -0.029287 1.630827
    2 7.500940 0.503922 0.000000 0.246327 -0.040760 0.402019
    3 10.901040 1.143696 -1.937610 -2.476741 1.351833 2.281741
    4 6.028143 0.000001 0.000000 1.826179 0.459307 -0.584330
    5 11.692552 0.000000 0.000002 0.000000 0.000000 -1.972463
    6 10.889314 1.155409 1.937660 1.006930 -1.229505 3.634598
    7 6.028142 0.000001 0.000000 -1.572087 -0.010285 -0.933161
    8 11.692555 0.000000 0.000000 0.000000 0.000000 -2.079024
    9 15.336675 2.064988 0.007813 2.939337 0.008509 -0.196193
    10 3.784980 0.906274 -0.000003 -3.487449 -0.938381 0.346028
    11 17.848177 0.000000 0.000000 0.000000 0.000000 2.366384
    12 16.525253 0.000000 0.000000 0.133070 0.239696 -1.817587
    13 -3.784980 -0.906274 0.000007 -0.372990 -1.186693 -2.402874
    14 17.848173 0.000000 0.000000 0.000000 0.000000 2.631657
    15 16.525257 0.000000 0.000000 0.106536 0.134655 -2.065149
  time 81
    0 -1.963346 2.461018 15.074013 1.786765 0.098166 -0.000042
    1 0.000005 3.345128 -2.981901 1.672763 -0.029100 1.630911
    2 7.500940 0.503922 0.000000 0.246614 -0.040604 0.401638
    3 10.901040 1.143696 -1.937610 -2.477744 1.351498 2.280594
    4 6.028143 0.000001 0.000000 1.823838 0.459076 -0.584330
    5 11.692552 0.000000 0.000002 0.000000 0.000000 -1.970502
    6 10.893221 1.151503 1.937660 1.005500 -1.229289 3.635845
    7 6.028142 0.000001 0.000000 -1.570850 -0.009870 -0.933280
    8 11.692555 0.000000 0.000000 0.000000 0.000000 -2.079099
    9 15.336675 2.064988 0.007813 2.939485 0.008593 -0.195054
    10 3.784980 0.906274 -0.000003 -3.487724 -0.938695 0.346543
    11 17.848177 0.000000 0.000000 0.000000 0.000000 2.366461
    12 16.525253 0.000000 0.000000 0.132744 0.239432 -1.817555
    13 -3.784980 -0.906274 0.000007 -0.372718 -1.186780 -2.403403
    14 17.848173 0.000000 0.000000 0.000000 0.000000 2.631739
    15 16.525257 0.000000 0.000000 0.106482 0.134755 -2.065075
  time 82
    0 -1.963346 2.461018 15.074013 1.786765 0.098166 -0.000042
    1 0.000005 3.345128 -2.981901 1.672878 -0.028960 1.631007
    2 7.500940 0.503922 0.000000 0.246873 -0.040448 0.401363
    3 10.901040 1.143696 -1.937610 -2.478806 1.351135 2.279326
    4 6.028143 0.000001 0.000000 1.821664 0.458846 -0.584236
    5 11.692552 0.000000 0.000002 0.000000 0.000000 -1.968614
    6 10.893221 1.151503 1.937660 1.004070 -1.229050 3.637091
    7 6.028142 0.000001 0.000000 -1.569661 -0.009606 -0.933438
    8 11.692555 0.000000 0.000000 0.000000 0.000000 -2.079324
    9 15.336675 2.064988 0.007813 2.939584 0.008689 -0.193851
    10 3.784980 0.906274 -0.000003 -3.487907 -0.938964 0.346972
    11 17.848177 0.000000 0.000000 0.000000 0.000000 2.366461
    12 16.525253 0.000000 0.000000 0.132447 0.239208 -1.817491
    13 -3.784980 -0.906274 0.000007 -0.372264 -1.186911 -2.403579
    14 17.848173 0.000000 0.000000 0.000000 0.000000 2.631821
    15 16.525257 0.000000 0.000000 0.106411 0.134876 -2.065001
  time 83
    0 -1.963346 2.464924 15.070107 1.786765 0.098166 -0.000042
    1 0.000005 3.345128 -2.981901 1.672994 -0.028843 1.631090
    2 7.500940 0.503922 -0.003906 0.247131 -0.040292 0.401151
    3 10.901040 1.143696 -1.937610 -2.479985 1.350757 2.278059
    4 6.028143 0.000001 0.000000 1.819657 0.458662 -0.583864
    5 11.692552 0.000000 0.000002 0.000000 0.000000 -1.966726
    6 10.893221 1.151503 1.937660 1.002640 -1.228812 3.638529
    7 6.028142 0.000001 0.000000 -1.568622 -0.009493 -0.933596
    8 11.692555 0.000000 0.000000 0.000000 0.000000 -2.079625
    9 15.336675 2.064988 0.007813 2.939683 0.008785 -0.192606
    10 3.784980 0.906274 -0.000003 -3.488273 -0.939233 0.347486
    11 17.848177 0.000000 0.000000 0.000000 0.000000 2.366538
    12 16.525253 0.000000 0.000000 0.132180 0.238984 -1.817427
    13 -3.784980 -0.906274 0.000007 -0.371992 -1.187043 -2.403843
    14 17.848173 0.000000 0.000000 0.000000 0.000000 2.631903
    15 16.525257 0.000000 0.000000 0.106357 0.134997 -2.064926
  time 84
    0 -1.963346 2.464924 15.070107 1.786765 0.098166 -0.000042
    1 0.000005 3.345128 -2.981901 1.673097 -0.028797 1.631186
    2 7.500940 0.503922 -0.003906 0.247361 -0.040124 0.401045
    3 10.901040 1.143696 -1.937610 -2.481224 1.350335 2.276731
    4 6.028143 0.000001 0.000000 1.817818 0.458523 -0.583304
    5 11.692552 0.000000 0.000002 0.000000 0.000000 -1.964911
    6 10.893221 1.151503 1.937660 1.001115 -1.228573 3.640063
    7 6.028142 0.000001 0.000000 -1.567681 -0.009493 -0.933794
    8 11.692555 0.000000 0.000000 0.000000 0.000000 -2.080150
    9 15.336675 2.064988 0.007813 2.939782 0.008881 -0.191274
    10 3.784980 0.906274 -0.000003 -3.488547 -0.939413 0.348001
    11 17.848177 0.000000 0.000000 0.000000 0.000000 2.366616
    12 16.525253 0.000000 0.000000 0.131942 0.238760 -1.817331
    13 -3.784980 -0.906274 0.000007 -0.371538 -1.187174 -2.404371
    14 17.848173 0.000000 0.000000 0.000000 0.000000 2.631985
    15 16.525257 0.000000 0.000000 0.106286 0.135117 -2.064852
  time 85
    0 -1.963346 2.468830 15.066200 1.786765 0.098166 -0.000042
    1 0.000005 3.345128 -2.981901 1.673201 -0.028773 1.631282
    2 7.500940 0.503922 -0.003906 0.247563 -0.039969 0.401003
    3 10.901040 1.143696 -1.937610 -2.482522 1.349899 2.275343
    4 6.028143 0.000001 0.000000 1.816229 0.458431 -0.582652
    5 11.692552 0.000000 0.000002 0.000000 0.000000 -1.963241
    6 10.893221 1.151503 1.937660 0.999494 -1.228313 3.641693
    7 6.028142 0.000001 0.000000 -1.566889 -0.009606 -0.933992
    8 11.692555 0.000000 0.000000 0.000000 0.000000 -2.080901
    9 15.336675 2.064988 0.007813 2.939881 0.008976 -0.189899
    10 3.784980 0.906274 -0.000003 -3.488913 -0.939637 0.348516
    11 17.848177 0.000000 0.000000 0.000000 0.000000 2.366616
    12 16.525253 0.000000 0.000000 0.131749 0.238557 -1.817234
    13 -3.784980 -0.906274 0.000007 -0.370813 -1.187305 -2.405076
    14 17.848173 0.000000 0.000000 0.000000 0.000000 2.632148
    15 16.525257 0.000000 0.000000 0.106214 0.135258 -2.064778
  time 86
    0 -1.963346 2.468830 15.066200 1.786765 0.098166 -0.000042
    1 0.000005 3.345128 -2.981901 1.673291 -0.028773 1.631378
    2 7.500940 0.503922 -0.003906 0.247793 -0.039813 0.401003
    3 10.901040 1.143696 -1.937610 -2.483996 1.349433 2.273894
    4 6.028143 0.000001 0.000000 1.814891 0.458247 -0.581906
    5 11.692552 0.000000 0.000002 0.000000 0.000000 -1.961571
    6 10.893221 1.151503 1.937660 0.997874 -1.228053 3.643322
    7 6.028142 0.000001 0.000000 -1.566196 -0.009757 -0.934150
    8 11.692555 0.000000 0.000000 0.000000 0.000000 -2.081727
    9 15.336675 2.064988 0.007813 2.939979 0.009072 -0.188481
    10 3.784980 0.906274 -0.000003 -3.489279 -0.939772 0.349030
    11 17.848177 0.000000 0.000000 0.000000 0.000000 2.366693
    12 16.525253 0.000000 0.000000 0.131571 0.238374 -1.817106
    13 -3.784980 -0.906274 0.000007 -0.370269 -1.187480 -2.405340
    14 17.848173 0.000000 0.000000 0.000000 0.000000 2.632230
    15 16.525257 0.000000 0.000000 0.106125 0.135419 -2.064667
  time 87
    0 -1.963346 2.472737 15.062294 1.786765 0.098166 -0.000042
    1 0.000005 3.345128 -2.981901 1.673368 -0.028797 1.631474
    2 7.500940 0.503922 -0.003906 0.247994 -0.039645 0.401045
    3 10.901040 1.143696 -1.937610 -2.485471 1.348939 2.272325
    4 6.028143 0.000001 0.000000 1.813721 0.458016 -0.580974
    5 11.692552 0.000000 0.000002 0.000000 0.000000 -1.960046
    6 10.893221 1.151503 1.937660 0.996253 -1.227771 3.645048
    7 6.028142 0.000001 0.000000 -1.565601 -0.009983 -0.934229
    8 11.692555 0.000000 0.000000 0.000000 0.000000 -2.082853
    9 15.336675 2.064988 0.003906 2.940078 0.009168 -0.187064
    10 3.784980 0.906274 -0.000003 -3.489645 -0.939907 0.349459
    11 17.848177 0.000000 0.000000 0.000000 0.000000 2.366770
    12 16.525253 0.000000 0.000000 0.131423 0.238211 -1.816978
    13 -3.784980 -0.906274 0.000007 -0.369543 -1.187655 -2.405780
    14 17.848173 0.000000 0.000000 0.000000 0.000000 2.632394
    15 16.525257 0.000000 0.000000 0.106036 0.135560 -2.064593
  time 88
    0 -1.967252 2.472737 15.058388 1.786765 0.098166 -0.000042
    1 0.000005 3.345128 -2.981901 1.673458 -0.028820 1.631570
    2 7.500940 0.503922 -0.003906 0.248195 -0.039489 0.401130
    3 10.901040 1.143696 -1.937610 -2.487063 1.348430 2.270756
    4 6.028143 0.000001 0.000000 1.812801 0.457694 -0.579949
    5 11.692552 0.000000 0.000002 0.000000 0.000000 -1.958666
    6 10.893221 1.151503 1.937660 0.994633 -1.227489 3.646773
    7 6.028142 0.000001 0.000000 -1.565106 -0.010248 -0.934269
    8 11.692555 0.000000 0.000000 0.000000 0.000000 -2.084204
    9 15.336675 2.064988 0.003906 2.940128 0.009264 -0.185603
    10 3.784980 0.906274 -0.000003 -3.490011 -0.939996 0.349974
    11 17.848177 0.000000 0.000000 0.000000 0.000000 2.366847
    12 16.525253 0.000000 0.000000 0.131319 0.238048 -1.816818
    13 -3.784980 -0.906274 0.000007 -0.369089 -1.187829 -2.406309
    14 17.848173 0.000000 0.000000 0.000000 0.000000 2.632558
    15 16.525257 0.000000 0.000000 0.105965 0.135720 -2.064482
  time 89
    0 -1.967252 2.476643 15.058388 1.786765 0.098166 -0.000042
    1 0.000005 3.345128 -2.981901 1.673535 -0.028890 1.631666
    2 7.500940 0.503922 -0.003906 0.248396 -0.039333 0.401236
    3 10.901040 1.143696 -1.937610 -2.488715 1.347892 2.269126
    4 6.028143 0.000001 0.000000 1.812049 0.457325 -0.578831
    5 11.692552 0.000000 0.000002 0.000000 0.000000 -1.957431
    6 10.893221 1.151503 1.937660 0.992917 -1.227208 3.648595
    7 6.028142 0.000001 0.000000 -1.564710 -0.010550 -0.934269
    8 11.692555 0.000000 0.000000 0.000000 0.000000 -2.085780
    9 15.336675 2.064988 0.003906 2.940227 0.009372 -0.184121
    10 3.784980 0.906274 -0.000003 -3.490468 -0.940041 0.350489
    11 17.848177 0.000000 0.000000 0.000000 0.000000 2.366925
    12 16.525253 0.000000 0.000000 0.131260 0.237906 -1.816658
    13 -3.784980 -0.906274 0.000007 -0.368092 -1.188004 -2.406749
    14 17.848173 0.000000 0.000000 0.000000 0.000000 2.632640
    15 16.525257 0.000000 0.000000 0.105857 0.135901 -2.064371
  time 90
    0 -1.967252 2.476643 15.054481 1.786765 0.098166 -0.000042
    1 0.000005 3.345128 -2.981901 1.673626 -0.028960 1.631762
    2 7.500940 0.503922 -0.003906 0.248597 -0.039178 0.401384
    3 10.901040 1.143696 -1.937610 -2.490426 1.347340 2.267436
    4 6.028143 0.000001 0.000000 1.811631 0.456865 -0.577619
    5 11.692552 0.000000 0.000002 0.000000 0.000000 -1.956415
    6 10.893221 1.151503 1.937660 0.991201 -1.226904 3.650416
    7 6.028142 0.000001 0.000000 -1.564463 -0.010852 -0.934150
    8 11.692555 0.000000 0.000000 0.000000 0.000000 -2.087657
    9 15.336675 2.064988 0.003906 2.940325 0.009468 -0.182617
    10 3.784980 0.906274 -0.000003 -3.490926 -0.940041 0.351003
    11 17.848177 0.000000 0.000000 0.000000 0.000000 2.367002
    12 16.525253 0.000000 0.000000 0.131215 0.237804 -1.816498
    13 -3.784980 -0.906274 0.000007 -0.367638 -1.188179 -2.407542
    14 17.848173 0.000000 0.000000 0.000000 0.000000 2.632803
    15 16.525257 0.000000 0.000000 0.105768 0.136062 -2.064259
  time 91
    0 -1.967252 2.480549 15.050575 1.786765 0.098166 -0.000042
    1 0.000005 3.345128 -2.981901 1.673703 -0.029030 1.631858
    2 7.500940 0.503922 -0.003906 0.248799 -0.039022 0.401553
    3 10.897134 1.143696 -1.937610 -2.492195 1.346773 2.265686
    4 6.028143 0.000001 0.000000 1.811463 0.456266 -0.576314
    5 11.692552 0.000000 0.000002 0.000000 0.000000 -1.955543
    6 10.893221 1.151503 1.937660 0.989485 -1.226622 3.652334
    7 6.028142 0.000001 0.000000 -1.564314 -0.011191 -0.933992
    8 11.692555 0.000000 0.000000 0.000000 0.000000 -2.089759
    9 15.336675 2.064988 0.003906 2.940424 0.009564 -0.181114
    10 3.784980 0.906274 -0.000003 -3.491383 -0.940041 0.351518
    11 17.848177 0.000000 0.000000 0.000000 0.000000 2.367079
    12 16.525253 0.000000 0.000000 0.131215 0.237702 -1.816274
    13 -3.784980 -0.906274 0.000007 -0.366913 -1.188354 -2.407982
    14 17.848173 0.000000 0.000000 0.000000 0.000000 2.632967
    15 16.525257 0.000000 0.000000 0.105679 0.136243 -2.064148
  time 92
    0 -1.967252 2.484456 15.050575 1.786765 0.098166 -0.000042
    1 0.000005 3.345128 -2.981901 1.673767 -0.029124 1.631953
    2 7.500940 0.503922 -0.003906 0.248971 -0.038866 0.401765
    3 10.897134 1.143696 -1.937610 -2.494024 1.346205 2.263935
    4 6.028143 0.000001 0.000000 1.811547 0.455575 -0.574916
    5 11.692552 0.000000 0.000002 0.000000 0.000000 -1.954890
    6 10.893221 1.151503 1.937660 0.987674 -1.226319 3.654251
    7 6.028142 0.000001 0.000000 -1.564215 -0.011682 -0.933794
    8 11.692555 0.000000 0.000000 0.000000 0.000000 -2.091561
    9 15.336675 2.064988 0.003906 2.940474 0.009660 -0.179588
    10 3.784980 0.906274 -0.000003 -3.491841 -0.939996 0.351947
    11 17.848177 0.000000 0.000000 0.000000 0.000000 2.367156
    12 16.525253 0.000000 0.000000 0.131260 0.237621 -1.816081
    13 -3.784980 -0.906274 0.000007 -0.366187 -1.188572 -2.408510
    14 17.848173 0.000000 0.000000 0.000000 0.000000 2.633049
    15 16.525257 0.000000 0.000000 0.105572 0.136424 -2.064037
  time 93
    0 -1.967252 2.484456 15.046668 1.786765 0.098166 -0.000042
    1 0.000005 3.345128 -2.981901 1.673845 -0.029241 1.632049
    2 7.500940 0.503922 -0.003906 0.249143 -0.038710 0.401977
    3 10.897134 1.143696 -1.937610 -2.495852 1.345609 2.262185
    4 6.028143 0.000001 0.000000 1.811965 0.454791 -0.573425
    5 11.692552 0.000000 0.000002 0.000000 0.000000 -1.954527
    6 10.893221 1.151503 1.937660 0.985958 -1.225994 3.656168
    7 6.028142 0.000001 0.000000 -1.564166 -0.012437 -0.933675
    8 11.692555 0.000000 0.000000 0.000000 0.000000 -2.092462
    9 15.336675 2.064988 0.003906 2.940573 0.009755 -0.178085
    10 3.784980 0.906274 -0.000003 -3.492298 -0.939907 0.352375
    11 17.848177 0.000000 0.000000 0.000000 0.000000 2.367234
    12 16.525253 0.000000 0.000000 0.131334 0.237560 -1.815857
    13 -3.784980 -0.906274 0.000007 -0.365371 -1.188747 -2.409479
    14 17.848173 0.000000 0.000000 0.000000 0.000000 2.633212
    15 16.525257 0.000000 0.000000 0.105483 0.136605 -2.063926
  time 94
    0 -1.967252 2.488362 15.042762 1.786765 0.098166 -0.000042
    1 0.000005 3.345128 -2.981901 1.673909 -0.029357 1.632145
    2 7.500940 0.503922 -0.007813 0.249345 -0.038566 0.402231
    3 10.897134 1.143696 -1.937610 -2.497740 1.345013 2.260374
    4 6.028143 0.000001 0.000000 1.812718 0.453824 -0.571934
    5 11.692552 0.000000 0.000002 0.000000 0.000000 -1.954309
    6 10.893221 1.151503 1.937660 0.984242 -1.225690 3.658086
    7 6.028142 0.000001 0.000000 -1.564017 -0.013380 -0.933596
    8 11.692555 0.000000 0.000000 0.000000 0.000000 -2.092612
    9 15.336675 2.064988 0.003906 2.940622 0.009851 -0.176560
    10 3.784980 0.906274 -0.000003 -3.492755 -0.939817 0.352890
    11 17.848177 0.000000 0.000000 0.000000 0.000000 2.367311
    12 16.525253 0.000000 0.000000 0.131438 0.237499 -1.815633
    13 -3.784980 -0.906274 0.000007 -0.364645 -1.188966 -2.409919
    14 17.848173 0.000000 0.000000 0.000000 0.000000 2.633376
    15 16.525257 0.000000 0.000000 0.105375 0.136806 -2.063815
  time 95
    0 -1.967252 2.492269 15.042762 1.786765 0.098166 -0.000042
    1 0.000005 3.345128 -2.981901 1.673973 -0.029498 1.632241
    2 7.500940 0.503922 -0.007813 0.249517 -0.038411 0.402506
    3 10.897134 1.147603 -1.937610 -2.499627 1.344402 2.258564
    4 6.028143 0.000001 0.000000 1.813804 0.452764 -0.570256
    5 11.692552 0.000000 0.000002 0.000000 0.000000 -1.954454
    6 10.893221 1.151503 1.937660 0.982430 -1.225387 3.660003
    7 6.028142 0.000001 0.000000 -1.563869 -0.014513 -0.933557
    8 11.692555 0.000000 0.000000 0.000000 0.000000 -2.092086
    9 15.336675 2.068894 0.003906 2.940721 0.009947 -0.175056
    10 3.784980 0.906274 -0.000003 -3.493213 -0.939682 0.353319
    11 17.848177 0.000000 0.000000 0.000000 0.000000 2.367388
    12 16.525253 0.000000 0.000000 0.131542 0.237458 -1.815409
    13 -3.784980 -0.906274 0.000007 -0.363738 -1.189141 -2.410448
    14 17.848173 0.000000 0.000000 0.000000 0.000000 2.633540
    15 16.525257 0.000000 0.000000 0.105286 0.136987 -2.063704
  time 96
    0 -1.967252 2.496175 15.038856 1.786765 0.098166 -0.000042
    1 0.000005 3.345128 -2.981901 1.674038 -0.029638 1.632337
    2 7.500940 0.503922 -0.007813 0.249690 -0.038267 0.402781
    3 10.897134 1.147603 -1.937610 -2.501515 1.343792 2.256753
    4 6.028143 0.000001 0.000000 1.815309 0.451474 -0.568671
    5 11.692552 0.000000 0.000002 0.000000 0.000000 -1.954962
    6 10.893221 1.151503 1.937660 0.980715 -1.225062 3.662016
    7 6.028142 0.000001 0.000000 -1.563671 -0.015758 -0.933636
    8 11.692555 0.000000 0.000000 0.000000 0.000000 -2.091110
    9 15.336675 2.068894 0.003906 2.940770 0.010043 -0.173552
    10 3.784980 0.906274 -0.000003 -3.493670 -0.939592 0.353748
    11 17.848177 0.000000 0.000000 0.000000 0.000000 2.367465
    12 16.525253 0.000000 0.000000 0.131645 0.237397 -1.815152
    13 -3.784980 -0.906274 0.000007 -0.363194 -1.189359 -2.410976
    14 17.848173 0.000000 0.000000 0.000000 0.000000 2.633704
    15 16.525257 0.000000 0.000000 0.105179 0.137168 -2.063593
  time 97
    0 -1.967252 2.496175 15.034949 1.786765 0.098166 -0.000042
    1 0.000005 3.345128 -2.981901 1.674089 -0.029778 1.632421
    2 7.500940 0.503922 -0.007813 0.249833 -0.038123 0.403098
    3 10.897134 1.147603 -1.937610 -2.503402 1.343167 2.255003
    4 6.028143 0.000001 0.000000 1.817232 0.450000 -0.566994
    5 11.692552 0.000000 0.000002 0.000000 0.000000 -1.955834
    6 10.893221 1.151503 1.937660 0.978999 -1.224758 3.663933
    7 6.028142 0.000001 0.000000 -1.563472 -0.017117 -0.933715
    8 11.692555 0.000000 0.000000 0.000000 0.000000 -2.089759
    9 15.336675 2.068894 0.003906 2.940869 0.010127 -0.172049
    10 3.784980 0.906274 -0.000003 -3.494219 -0.939458 0.354262
    11 17.848177 0.000000 0.000000 0.000000 0.000000 2.367620
    12 16.525253 0.000000 0.000000 0.131749 0.237356 -1.814928
    13 -3.784980 -0.906274 0.000007 -0.362468 -1.189534 -2.411945
    14 17.848173 0.000000 0.000000 0.000000 0.000000 2.633867
    15 16.525257 0.000000 0.000000 0.105072 0.137369 -2.063444
  time 98
    0 -1.971159 2.500081 15.034949 1.786765 0.098166 -0.000042
    1 0.000005 3.345128 -2.981901 1.674154 -0.029941 1.632517
    2 7.500940 0.507828 -0.007813 0.250006 -0.037991 0.403416
    3 10.897134 1.147603 -1.937610 -2.505290 1.342556 2.253192
    4 6.028143 0.000001 0.000000 1.819490 0.448387 -0.565223
    5 11.692552 0.000000 0.000002 0.000000 0.000000 -1.956923
    6 10.893221 1.151503 1.937660 0.977283 -1.224455 3.665851
    7 6.028142 0.000001 0.000000 -1.563225 -0.018514 -0.933873
    8 11.692555 0.000000 0.000000 0.000000 0.000000 -2.088183
    9 15.332769 2.068894 0.003906 2.940919 0.010223 -0.170567
    10 3.784980 0.906274 -0.000003 -3.494677 -0.939368 0.354691
    11 17.848177 0.000000 0.000000 0.000000 0.000000 2.367697
    12 16.525253 0.000000 0.000000 0.131853 0.237316 -1.814704
    13 -3.784980 -0.906274 0.000007 -0.361743 -1.189753 -2.412385
    14 17.848173 0.000000 0.000000 0.000000 0.000000 2.634031
    15 16.525257 0.000000 0.000000 0.104965 0.137550 -2.063333
  time 99
    0 -1.971159 2.503988 15.031043 1.786765 0.098166 -0.000042
    1 0.000005 3.345128 -2.981901 1.674205 -0.030105 1.632601
    2 7.500940 0.507828 -0.007813 0.250149 -0.037859 0.403733
    3 10.897134 1.147603 -1.937610 -2.507177 1.341945 2.251442
    4 6.028143 0.000001 0.000000 1.822165 0.446636 -0.563452
    5 11.692552 0.000000 0.000002 0.000000 0.000000 -1.958375
    6 10.893221 1.151503 1.937660 0.975662 -1.224151 3.667768
    7 6.028142 0.000001 0.000000 -1.562928 -0.019948 -0.934110
    8 11.692555 0.000000 0.000000 0.000000 0.000000 -2.086456
    9 15.332769 2.072801 0.003906 2.941017 0.010307 -0.169127
    10 3.784980 0.906274 -0.000003 -3.495134 -0.939233 0.355120
    11 17.848177 0.000000 0.000000 0.000000 0.000000 2.367774
    12 16.525253 0.000000 0.000000 0.131957 0.237255 -1.814480
    13 -3.784980 -0.906274 0.000007 -0.360745 -1.189927 -2.412914
    14 17.848173 0.000000 0.000000 0.000000 0.000000 2.634195
    15 16.525257 0.000000 0.000000 0.104876 0.137751 -2.063222
  time 100
    0 -1.971159 2.503988 15.027137 1.786765 0.098166 -0.000042
    1 0.000005 3.345128 -2.981901 1.674257 -0.030269 1.632696
    2 7.500940 0.507828 -0.007813 0.250293 -0.037727 0.404072
    3 10.897134 1.147603 -1.937610 -2.509006 1.341334 2.249691
    4 6.028143 0.000001 0.000000 1.825008 0.444747 -0.561774
    5 11.692552 0.000000 0.000002 0.000000 0.000000 -1.959973
    6 10.893221 1.151503 1.937660 0.974042 -1.223826 3.669589
    7 6.028142 0.000001 0.000000 -1.562581 -0.021382 -0.934387
    8 11.692555 0.000000 0.000000 0.000000 0.000000 -2.084804
    9 15.332769 2.072801 0.000000 2.941067 0.010391 -0.167688
    10 3.784980 0.906274 -0.000003 -3.495592 -0.939144 0.355635
    11 17.848177 0.000000 0.000000 0.000000 0.000000 2.367852
    12 16.525253 0.000000 0.000000 0.132046 0.237214 -1.814256
    13 -3.784980 -0.906274 0.000007 -0.360291 -1.190146 -2.413354
    14 17.848173 0.000000 0.000000 0.000000 0.000000 2.634277
    15 16.525257 0.000000 0.000000 0.104768 0.137932 -2.063111
  time 101
    0 -1.971159 2.507894 15.027137 1.786765 0.098166 -0.000042
    1 0.000005 3.345128 -2.981901 1.674308 -0.030432 1.632780
    2 7.500940 0.507828 -0.007813 0.250437 -0.037596 0.404410
    3 10.897134 1.147603 -1.937610 -2.510834 1.340738 2.248001
    4 6.028143 0.000001 0.000000 1.828185 0.442812 -0.560004
    5 11.692552 0.000000 0.000002 0.000000 0.000000 -1.961861
    6 10.893221 1.151503 1.937660 0.972421 -1.223544 3.671411
    7 6.028142 0.000001 0.000000 -1.562235 -0.022741 -0.934743
    8 11.692555 0.000000 0.000000 0.000000 0.000000 -2.083303
    9 15.332769 2.072801 0.000000 2.941116 0.010475 -0.166292
    10 3.784980 0.906274 -0.000003 -3.496049 -0.939054 0.356064
    11 17.848177 0.000000 0.000000 0.000000 0.000000 2.367929
    12 16.525253 0.000000 0.000000 0.132150 0.237153 -1.813999
    13 -3.784980 -0.906274 0.000007 -0.359566 -1.190321 -2.414323
    14 17.848173 0.000000 0.000000 0.000000 0.000000 2.634440
    15 16.525257 0.000000 0.000000 0.104661 0.138113 -2.063000
  time 102
    0 -1.971159 2.511800 15.023230 1.786765 0.098166 -0.000042
    1 0.000005 3.345128 -2.981901 1.674347 -0.030619 1.632864
    2 7.500940 0.507828 -0.007813 0.250581 -0.037464 0.404770
    3 10.897134 1.147603 -1.937610 -2.512663 1.340142 2.246311
    4 6.028143 0.000001 0.000000 1.831530 0.440739 -0.558326
    5 11.692552 0.000000 0.000002 0.000000 0.000000 -1.963967
    6 10.893221 1.151503 1.937660 0.970800 -1.223241 3.673232
    7 6.028142 0.000001 0.000000 -1.561789 -0.023986 -0.935139
    8 11.692555 0.000000 0.000000 0.000000 0.000000 -2.082102
    9 15.332769 2.076707 0.000000 2.941166 0.010558 -0.164939
    10 3.784980 0.906274 -0.000003 -3.496506 -0.938919 0.356493
    11 17.848177 0.000000 0.000000 0.000000 0.000000 2.368006
    12 16.525253 0.000000 0.000000 0.132254 0.237112 -1.813807
    13 -3.784980 -0.906274 0.000007 -0.358568 -1.190539 -2.414851
    14 17.848173 0.000000 0.000000 0.000000 0.000000 2.634604
    15 16.525257 0.000000 0.000000 0.104572 0.138294 -2.062889
  time 103
    0 -1.971159 2.511800 15.019324 1.786765 0.098166 -0.000042
    1 0.000005 3.345128 -2.981901 1.674398 -0.030783 1.632936
    2 7.500940 0.507828 -0.007813 0.250696 -0.037356 0.405109
    3 10.897134 1.151509 -1.937610 -2.514373 1.339561 2.244682
    4 6.028143 0.000001 0.000000 1.835041 0.438619 -0.556648
    5 11.692552 0.000000 0.000002 0.000000 0.000000 -1.966145
    6 10.893221 1.151503 1.937660 0.969275 -1.222959 3.675054
    7 6.028142 0.000001 0.000000 -1.561344 -0.025156 -0.935613
    8 11.692555 0.000000 0.000000 0.000000 0.000000 -2.081276
    9 15.332769 2.076707 0.000000 2.941215 0.010642 -0.163607
    10 3.784980 0.906274 -0.000003 -3.496964 -0.938829 0.356921
    11 17.848177 0.000000 0.000000 0.000000 0.000000 2.368083
    12 16.525253 0.000000 0.000000 0.132343 0.237072 -1.813583
    13 -3.784980 -0.906274 0.000007 -0.357842 -1.190714 -2.415291
    14 17.848173 0.000000 0.000000 0.000000 0.000000 2.634768
    15 16.525257 0.000000 0.000000 0.104465 0.138475 -2.062777
  time 104
    0 -1.971159 2.515707 15.019324 1.786765 0.098166 -0.000042
    1 0.000005 3.345128 -2.981901 1.674437 -0.030946 1.633020
    2 7.500940 0.507828 -0.007813 0.250839 -0.037236 0.405468
    3 10.893227 1.151509 -1.937610 -2.516084 1.338993 2.243113
    4 6.028143 0.000001 0.000000 1.838720 0.436500 -0.555064
    5 11.692552 0.000000 0.000002 0.000000 0.000000 -1.968469
    6 10.893221 1.151503 1.937660 0.967845 -1.222677 3.676683
    7 6.028142 0.000001 0.000000 -1.560848 -0.026100 -0.936088
    8 11.692555 0.000000 0.000000 0.000000 0.000000 -2.081126
    9 15.332769 2.076707 0.000000 2.941314 0.010714 -0.162318
    10 3.784980 0.906274 -0.000003 -3.497421 -0.938740 0.357350
    11 17.848177 0.000000 0.000000 0.000000 0.000000 2.368161
    12 16.525253 0.000000 0.000000 0.132432 0.237011 -1.813359
    13 -3.784980 -0.906274 0.000007 -0.357389 -1.190889 -2.415820
    14 17.848173 0.000000 0.000000 0.000000 0.000000 2.634931
    15 16.525257 0.000000 0.000000 0.104376 0.138656 -2.062666
  time 105
    0 -1.971159 2.519613 15.015417 1.786765 0.098166 -0.000042
    1 0.000005 3.345128 -2.981901 1.674476 -0.031110 1.633092
    2 7.500940 0.511734 -0.007813 0.250954 -0.037128 0.405807
    3 10.893227 1.151509 -1.937610 -2.517735 1.338441 2.241604
    4 6.028143 0.000001 0.000000 1.842566 0.434335 -0.553479
    5 11.692552 0.000000 0.000002 0.000000 0.000000 -1.970866
    6 10.893221 1.151503 1.937660 0.966415 -1.222395 3.678409
    7 6.028142 0.000001 0.000000 -1.560304 -0.026893 -0.936642
    8 11.692555 0.000000 0.000000 0.000000 0.000000 -2.081426
    9 15.332769 2.076707 0.000000 2.941363 0.010786 -0.161072
    10 3.784980 0.906274 -0.000003 -3.497879 -0.938605 0.357779
    11 17.848177 0.000000 0.000000 0.000000 0.000000 2.368238
    12 16.525253 0.000000 0.000000 0.132521 0.236970 -1.813167
    13 -3.784980 -0.906274 0.000007 -0.356391 -1.191064 -2.416524
    14 17.848173 0.000000 0.000000 0.000000 0.000000 2.635013
    15 16.525257 0.000000 0.000000 0.104286 0.138817 -2.062555
  time 106
    0 -1.971159 2.519613 15.011511 1.786765 0.098166 -0.000042
    1 0.000005 3.345128 -2.981901 1.674501 -0.031297 1.633164
    2 7.500940 0.511734 -0.007813 0.251040 -0.037020 0.406146
    3 10.893227 1.151509 -1.937610 -2.519328 1.337918 2.240095
    4 6.028143 0.000001 0.000000 1.846412 0.432169 -0.551988
    5 11.692552 0.000000 0.000002 0.000000 0.000000 -1.973335
    6 10.893221 1.151503 1.937660 0.965081 -1.222135 3.679943
    7 6.028142 0.000001 0.000000 -1.559710 -0.027572 -0.937235
    8 11.692555 0.000000 0.000000 0.000000 0.000000 -2.082102
    9 15.332769 2.080613 0.000000 2.941413 0.010858 -0.159891
    10 3.784980 0.906274 -0.000003 -3.498245 -0.938515 0.358122
    11 17.848177 0.000000 0.000000 0.000000 0.000000 2.368315
    12 16.525253 0.000000 0.000000 0.132610 0.236929 -1.812942
    13 -3.784980 -0.906274 0.000007 -0.355847 -1.191239 -2.417053
    14 17.848173 0.000000 0.000000 0.000000 0.000000 2.635177
    15 16.525257 0.000000 0.000000 0.104197 0.138978 -2.062444
  time 107
    0 -1.971159 2.523520 15.011511 1.786765 0.098166 -0.000042
    1 0.000005 3.345128 -2.981901 1.674540 -0.031460 1.633224
    2 7.500940 0.511734 -0.011719 0.251155 -0.036925 0.406463
    3 10.893227 1.151509 -1.937610 -2.520862 1.337394 2.238707
    4 6.028143 0.000001 0.000000 1.850258 0.430004 -0.550497
    5 11.692552 0.000000 0.000002 0.000000 0.000000 -1.975804
    6 10.893221 1.151503 1.937660 0.963746 -1.221897 3.681477
    7 6.028142 0.000001 0.000000 -1.559116 -0.028100 -0.937868
    8 11.692555 0.000000 0.000000 0.000000 0.000000 -2.083078
    9 15.332769 2.080613 0.000000 2.941462 0.010918 -0.158752
    10 3.784980 0.906274 -0.000003 -3.498702 -0.938425 0.358465
    11 17.848177 0.000000 0.000000 0.000000 0.000000 2.368392
    12 16.525253 0.000000 0.000000 0.132699 0.236889 -1.812750
    13 -3.784980 -0.906274 0.000007 -0.355393 -1.191414 -2.417493
    14 17.848173 0.000000 0.000000 0.000000 0.000000 2.635259
    15 16.525257 0.000000 0.000000 0.104108 0.139138 -2.062370
  time 108
    0 -1.971159 2.523520 15.007605 1.786765 0.098166 -0.000042
    1 0.000005 3.345128 -2.981901 1.674566 -0.031600 1.633296
    2 7.500940 0.511734 -0.011719 0.251242 -0.036829 0.406802
    3 10.893227 1.151509 -1.937610 -2.522277 1.336914 2.237379
    4 6.028143 0.000001 0.000000 1.854104 0.427930 -0.549099
    5 11.692552 0.000000 0.000002 0.000000 0.000000 -1.978273
    6 10.893221 1.151503 1.937660 0.962507 -1.221637 3.682915
    7 6.028142 0.000001 0.000000 -1.558521 -0.028553 -0.938461
    8 11.692555 0.000000 0.000000 0.000000 0.000000 -2.084354
    9 15.332769 2.080613 0.000000 2.941462 0.010978 -0.157678
    10 3.784980 0.906274 -0.000003 -3.499068 -0.938336 0.358894
    11 17.848177 0.000000 0.000000 0.000000 0.000000 2.368470
    12 16.525253 0.000000 0.000000 0.132788 0.236848 -1.812590
    13 -3.784980 -0.906274 0.000007 -0.354396 -1.191545 -2.418022
    14 17.848173 0.000000 0.000000 0.000000 0.000000 2.635422
    15 16.525257 0.000000 0.000000 0.104037 0.139279 -2.062259
  time 109
    0 -1.975065 2.527426 15.007605 1.786765 0.098166 -0.000042
    1 0.000005 3.345128 -2.981901 1.674592 -0.031764 1.633344
    2 7.500940 0.511734 -0.011719 0.251357 -0.036745 0.407098
    3 10.893227 1.151509 -1.937610 -2.523634 1.336449 2.236172
    4 6.028143 0.000001 0.000000 1.857950 0.425903 -0.547887
    5 11.692552 0.000000 0.000002 0.000000 0.000000 -1.980742
    6 10.893221 1.151503 1.937660 0.961267 -1.221420 3.684353
    7 6.028142 0.000001 0.000000 -1.557927 -0.028893 -0.939094
    8 11.692555 0.000000 0.000000 0.000000 0.000000 -2.085855
    9 15.328862 2.080613 0.000000 2.941512 0.011038 -0.156669
    10 3.784980 0.906274 -0.000003 -3.499434 -0.938246 0.359237
    11 17.848177 0.000000 0.000000 0.000000 0.000000 2.368470
    12 16.525253 0.000000 0.000000 0.132862 0.236807 -1.812398
    13 -3.784980 -0.906274 0.000007 -0.353942 -1.191720 -2.418286
    14 17.848173 0.000000 0.000000 0.000000 0.000000 2.635504
    15 16.525257 0.000000 0.000000 0.103965 0.139420 -2.062185
  time 110
    0 -1.975065 2.527426 15.003698 1.786765 0.098166 -0.000042
    1 0.000005 3.345128 -2.981901 1.674617 -0.031904 1.633404
    2 7.500940 0.511734 -0.011719 0.251414 -0.036661 0.407394
    3 10.893227 1.151509 -1.937610 -2.524932 1.336013 2.234964
    4 6.028143 0.000001 0.000000 1.861629 0.423968 -0.546676
    5 11.692552 0.000000 0.000002 0.000000 0.000000 -1.983065
    6 10.893221 1.155409 1.937660 0.960219 -1.221203 3.685599
    7 6.028142 0.000001 0.000000 -1.557333 -0.029157 -0.939727
    8 11.692555 0.000000 0.000000 0.000000 0.000000 -2.087507
    9 15.328862 2.084520 0.000000 2.941561 0.011098 -0.155723
    10 3.784980 0.906274 -0.000003 -3.499708 -0.938201 0.359495
    11 17.848177 0.000000 0.000000 0.000000 0.000000 2.368547
    12 16.525253 0.000000 0.000000 0.132922 0.236787 -1.812238
    13 -3.784980 -0.906274 0.000007 -0.353489 -1.191851 -2.418990
    14 17.848173 0.000000 0.000000 0.000000 0.000000 2.635668
    15 16.525257 0.000000 0.000000 0.103894 0.139561 -2.062073
  time 111
    0 -1.975065 2.531332 15.003698 1.786765 0.098166 -0.000042
    1 0.000005 3.345128 -2.981901 1.674643 -0.032044 1.633451
    2 7.500940 0.511734 -0.011719 0.251500 -0.036589 0.407669
    3 10.893227 1.151509 -1.937610 -2.526111 1.335606 2.233878
    4 6.028143 0.000001 0.000000 1.865141 0.422079 -0.545557
    5 11.692552 0.000000 0.000002 0.000000 0.000000 -1.985389
    6 10.893221 1.155409 1.937660 0.959170 -1.221008 3.686845
    7 6.028142 0.000001 0.000000 -1.556739 -0.029346 -0.940320
    8 11.692555 0.000000 0.000000 0.000000 0.000000 -2.089234
    9 15.328862 2.084520 0.000000 2.941611 0.011146 -0.154843
    10 3.784980 0.906274 -0.000003 -3.500074 -0.938111 0.359838
    11 17.848177 0.000000 0.000000 0.000000 0.000000 2.368624
    12 16.525253 0.000000 0.000000 0.132996 0.236746 -1.812110
    13 -3.784980 -0.906274 0.000007 -0.353217 -1.191982 -2.419519
    14 17.848173 0.000000 0.000000 0.000000 0.000000 2.635750
    15 16.525257 0.000000 0.000000 0.103822 0.139681 -2.061999
  time 112
    0 -1.975065 2.531332 15.003698 1.786765 0.098166 -0.000042
    1 0.000005 3.345128 -2.981901 1.674669 -0.032161 1.633499
    2 7.500940 0.515641 -0.011719 0.251558 -0.036517 0.407923
    3 10.893227 1.151509 -1.937610 -2.527173 1.335228 2.232912
    4 6.028143 0.000001 0.000000 1.868485 0.420374 -0.544625
    5 11.692552 0.000000 0.000002 0.000000 0.000000 -1.987568
    6 10.893221 1.155409 1.937660 0.958217 -1.220813 3.687900
    7 6.028142 0.000001 0.000000 -1.556194 -0.029459 -0.940874
    8 11.692555 0.000000 0.000000 0.000000 0.000000 -2.090960
    9 15.328862 2.084520 0.000000 2.941611 0.011194 -0.154027
    10 3.784980 0.906274 -0.000003 -3.500349 -0.938066 0.360095
    11 17.848177 0.000000 0.000000 0.000000 0.000000 2.368624
    12 16.525253 0.000000 0.000000 0.133055 0.236726 -1.811949
    13 -3.784980 -0.906274 0.000007 -0.352672 -1.192069 -2.419695
    14 17.848173 0.000000 0.000000 0.000000 0.000000 2.635832
    15 16.525257 0.000000 0.000000 0.103751 0.139802 -2.061925
  time 113
    0 -1.975065 2.531332 14.999792 1.786765 0.098166 -0.000042
    1 0.000005 3.345128 -2.981901 1.674682 -0.032278 1.633547
    2 7.500940 0.515641 -0.011719 0.251644 -0.036457 0.408177
    3 10.893227 1.155415 -1.937610 -2.528176 1.334893 2.232007
    4 6.028143 0.000001 0.000000 1.871662 0.418808 -0.543693
    5 11.692552 0.000000 0.000002 0.000000 0.000000 -1.989528
    6 10.893221 1.155409 1.937660 0.957454 -1.220640 3.688954
    7 6.028142 0.000001 0.000000 -1.555650 -0.029535 -0.941428
    8 11.692555 0.000000 0.000000 0.000000 0.000000 -2.092762
    9 15.328862 2.084520 0.000000 2.941660 0.011230 -0.153318
    10 3.784980 0.906274 -0.000003 -3.500532 -0.937977 0.360352
    11 17.848177 0.000000 0.000000 0.000000 0.000000 2.368701
    12 16.525253 0.000000 0.000000 0.133115 0.236685 -1.811821
    13 -3.784980 -0.906274 0.000007 -0.351947 -1.192200 -2.419959
    14 17.848173 0.000000 0.000000 0.000000 0.000000 2.635914
    15 16.525257 0.000000 0.000000 0.103697 0.139902 -2.061888
  time 114
    0 -1.975065 2.535239 14.999792 1.786765 0.098166 -0.000042
    1 0.000005 3.345128 -2.981901 1.674695 -0.032395 1.633583
    2 7.500940 0.515641 -0.011719 0.251673 -0.036409 0.408389
    3 10.893227 1.155415 -1.937610 -2.529061 1.334588 2.231222
    4 6.028143 0.000001 0.000000 1.874505 0.417379 -0.542947
    5 11.692552 0.000000 0.000002 0.000000 0.000000 -1.991344
    6 10.893221 1.155409 1.937660 0.956692 -1.220510 3.689817
    7 6.028142 0.000001 0.000000 -1.555204 -0.029572 -0.941942
    8 11.692555 0.000000 0.000000 0.000000 0.000000 -2.094489
    9 15.328862 2.084520 0.000000 2.941660 0.011266 -0.152673
    10 3.784980 0.906274 -0.000003 -3.500806 -0.937932 0.360524
    11 17.848177 0.000000 0.000000 0.000000 0.000000 2.368701
    12 16.525253 0.000000 0.000000 0.133159 0.236665 -1.811725
    13 -3.784980 -0.906274 0.000007 -0.351765 -1.192288 -2.420223
    14 17.848173 0.000000 0.000000 0.000000 0.000000 2.635995
    15 16.525257 0.000000 0.000000 0.103662 0.139983 -2.061814
  time 115
    0 -1.975065 2.535239 14.999792 1.786765 0.098166 -0.000042
    1 0.000005 3.345128 -2.981901 1.674708 -0.032488 1.633619
    2 7.500940 0.515641 -0.011719 0.251730 -0.036361 0.408579
    3 10.893227 1.155415 -1.937610 -2.529827 1.334326 2.230558
    4 6.028143 0.000001 0.000000 1.877013 0.416089 -0.542295
    5 11.692552 0.000000 0.000002 0.000000 0.000000 -1.992941
    6 10.893221 1.155409 1.937660 0.956024 -1.220379 3.690584
    7 6.028142 0.000001 0.000000 -1.554759 -0.029572 -0.942416
    8 11.692555 0.000000 0.000000 0.000000 0.000000 -2.096065
    9 15.328862 2.088426 0.000000 2.941709 0.011301 -0.152115
    10 3.784980 0.906274 -0.000003 -3.500989 -0.937887 0.360781
    11 17.848177 0.000000 0.000000 0.000000 0.000000 2.368779
    12 16.525253 0.000000 0.000000 0.133204 0.236644 -1.811629
    13 -3.784980 -0.906274 0.000007 -0.351493 -1.192375 -2.420487
    14 17.848173 0.000000 0.000000 0.000000 0.000000 2.636077
    15 16.525257 0.000000 0.000000 0.103608 0.140063 -2.061777
  time 116
    0 -1.975065 2.535239 14.995886 1.786765 0.098166 -0.000042
    1 0.000005 3.345128 -2.981901 1.674720 -0.032558 1.633643
    2 7.500940 0.515641 -0.011719 0.251759 -0.036325 0.408728
    3 10.893227 1.155415 -1.937610 -2.530417 1.334108 2.229955
    4 6.028143 0.000001 0.000000 1.879187 0.415030 -0.541736
    5 11.692552 0.000000 0.000002 0.000000 0.000000 -1.994321
    6 10.893221 1.155409 1.937660 0.955452 -1.220271 3.691255
    7 6.028142 0.000001 0.000000 -1.554362 -0.029535 -0.942772
    8 11.692555 0.000000 0.000000 0.000000 0.000000 -2.097491
    9 15.328862 2.088426 0.000000 2.941709 0.011325 -0.151664
    10 3.784980 0.906274 -0.000003 -3.501172 -0.937842 0.360867
    11 17.848177 0.000000 0.000000 0.000000 0.000000 2.368779
    12 16.525253 0.000000 0.000000 0.133233 0.236624 -1.811533
    13 -3.784980 -0.906274 0.000007 -0.351221 -1.192419 -2.420664
    14 17.848173 0.000000 0.000000 0.000000 0.000000 2.636077
    15 16.525257 0.000000 0.000000 0.103572 0.140144 -2.061740
  time 117
    0 -1.975065 2.535239 14.995886 1.786765 0.098166 -0.000042
    1 0.000005 3.345128 -2.981901 1.674720 -0.032628 1.633655
    2 7.500940 0.515641 -0.011719 0.251788 -0.036289 0.408855
    3 10.893227 1.155415 -1.937610 -2.530948 1.333933 2.229532
    4 6.028143 0.000001 0.000000 1.880943 0.414200 -0.541270
    5 11.692552 0.000000 0.000002 0.000000 0.000000 -1.995483
    6 10.893221 1.155409 1.937660 0.955071 -1.220163 3.691734
    7 6.028142 0.000001 0.000000 -1.554065 -0.029497 -0.943128
    8 11.692555 0.000000 0.000000 0.000000 0.000000 -2.098693
    9 15.328862 2.088426 0.000000 2.941709 0.011349 -0.151298
    10 3.784980 0.906274 -0.000003 -3.501264 -0.937797 0.361038
    11 17.848177 0.000000 0.000000 0.000000 0.000000 2.368856
    12 16.525253 0.000000 0.000000 0.133263 0.236624 -1.811469
    13 -3.784980 -0.906274 0.000007 -0.351040 -1.192506 -2.421192
    14 17.848173 0.000000 0.000000 0.000000 0.000000 2.636159
    15 16.525257 0.000000 0.000000 0.103555 0.140184 -2.061703
  time 118
    0 -1.975065 2.539145 14.995886 1.786765 0.098166 -0.000042
    1 0.000005 3.345128 -2.981901 1.674733 -0.032675 1.633679
    2 7.500940 0.515641 -0.011719 0.251817 -0.036265 0.408939
    3 10.893227 1.155415 -1.937610 -2.531302 1.333817 2.229170
    4 6.028143 0.000001 0.000000 1.882280 0.413555 -0.540897
    5 11.692552 0.000000 0.000002 0.000000 0.000000 -1.996282
    6 10.893221 1.155409 1.937660 0.954690 -1.220098 3.692118
    7 6.028142 0.000001 0.000000 -1.553818 -0.029459 -0.943366
    8 11.692555 0.000000 0.000000 0.000000 0.000000 -2.099593
    9 15.328862 2.088426 0.000000 2.941759 0.011361 -0.151019
    10 3.784980 0.906274 -0.000003 -3.501355 -0.937797 0.361124
    11 17.848177 0.000000 0.000000 0.000000 0.000000 2.368856
    12 16.525253 0.000000 0.000000 0.133293 0.236604 -1.811437
    13 -3.784980 -0.906274 0.000007 -0.350768 -1.192550 -2.421192
    14 17.848173 0.000000 0.000000 0.000000 0.000000 2.636159
    15 16.525257 0.000000 0.000000 0.103519 0.140224 -2.061666
  time 119
    0 -1.975065 2.539145 14.995886 1.786765 0.098166 -0.000042
    1 0.000005 3.345128 -2.981901 1.674733 -0.032698 1.633691
    2 7.500940 0.515641 -0.011719 0.251845 -0.036253 0.409003
    3 10.893227 1.155415 -1.937610 -2.531538 1.333730 2.228989
    4 6.028143 0.000001 0.000000 1.883117 0.413141 -0.540711
    5 11.692552 0.000000 0.000002 0.000000 0.000000 -1.996790
    6 10.893221 1.155409 1.937660 0.954499 -1.220076 3.692309
    7 6.028142 0.000001 0.000000 -1.553669 -0.029421 -0.943484
    8 11.692555 0.000000 0.000000 0.000000 0.000000 -2.100194
    9 15.328862 2.088426 0.000000 2.941759 0.011373 -0.150869
    10 3.784980 0.906274 -0.000003 -3.501447 -0.937797 0.361210
    11 17.848177 0.000000 0.000000 0.000000 0.000000 2.368856
    12 16.525253 0.000000 0.000000 0.133308 0.236604 -1.811405
    13 -3.784980 -0.906274 0.000007 -0.350768 -1.192550 -2.421192
    14 17.848173 0.000000 0.000000 0.000000 0.000000 2.636159
    15 16.525257 0.000000 0.000000 0.103519 0.140244 -2.061666
  time 120
    0 -1.975065 2.539145 14.995886 1.786765 0.098166 -0.000042
    1 0.000005 3.345128 -2.981901 1.674733 -0.032698 1.633691
    2 7.500940 0.515641 -0.011719 0.251845 -0.036253 0.409024
    3 10.893227 1.155415 -1.937610 -2.531597 1.333701 2.228868
    4 6.028143 0.000001 0.000000 1.883367 0.413002 -0.540711
    5 11.692552 0.000000 0.000002 0.000000 0.000000 -1.997008
    6 10.893221 1.155409 1.937660 0.954499 -1.220054 3.692405
    7 6.028142 0.000001 0.000000 -1.553620 -0.029421 -0.943564
    8 11.692555 0.000000 0.000000 0.000000 0.000000 -2.100419
    9 15.328862 2.088426 0.000000 2.941759 0.011373 -0.150804
    10 3.784980 0.906274 -0.000003 -3.501447 -0.937797 0.361210
    11 17.848177 0.000000 0.000000 0.000000 0.000000 2.368856
    12 16.525253 0.000000 0.000000 0.133308 0.236604 -1.811405
    13 -3.784980 -0.906274 0.000007 -0.350768 -1.192550 -2.421456
    14 17.848173 0.000000 0.000000 0.000000 0.000000 2.636159
    15 16.525257 0.000000 0.000000 0.103519 0.140264 -2.061666
end
