// Created by Crowbar 0.74
version 1
nodes
  0 "ValveBiped.Bip01" -1
  1 "ValveBiped.Bip01_Spine" 0
  2 "ValveBiped.Bip01_Spine2" 1
  3 "ValveBiped.Bip01_R_Clavicle" 2
  4 "ValveBiped.Bip01_R_UpperArm" 3
  5 "ValveBiped.Bip01_R_Forearm" 4
  6 "ValveBiped.Bip01_L_Clavicle" 2
  7 "ValveBiped.Bip01_L_UpperArm" 6
  8 "ValveBiped.Bip01_L_Forearm" 7
  9 "ValveBiped.Bip01_Head1" 2
  10 "ValveBiped.Bip01_L_Thigh" 0
  11 "ValveBiped.Bip01_L_Calf" 10
  12 "ValveBiped.Bip01_L_Foot" 11
  13 "ValveBiped.Bip01_R_Thigh" 0
  14 "ValveBiped.Bip01_R_Calf" 13
  15 "ValveBiped.Bip01_R_Foot" 14
end
skeleton
  time 0
    0 -0.002349 -0.027340 14.784942 2.027528 0.018277 -0.238459
    1 0.000005 3.345128 -2.981901 1.531586 0.282572 1.567356
    2 7.481408 0.597675 -0.226569 0.941819 -0.095254 0.419034
    3 10.690096 1.440580 -1.937610 -2.883205 1.397882 1.962818
    4 6.028143 0.000001 0.000000 0.784240 0.369002 -0.456175
    5 11.692552 0.000000 0.000002 0.000000 0.000000 -1.894690
    6 10.690089 1.440574 1.937660 1.504263 -1.301536 3.309519
    7 6.028142 0.000001 0.000000 -1.475096 0.244333 -0.973031
    8 11.692555 0.000000 0.000000 0.000000 0.000000 -2.186300
    9 15.172608 2.717352 0.000000 2.533508 -0.023010 0.011116
    10 3.890452 -0.000004 -0.000003 -2.716488 -0.602457 -0.828963
    11 17.848177 0.000000 0.000000 0.000000 0.000000 2.550304
    12 16.525253 0.000000 0.000000 -0.248682 0.293342 -0.988201
    13 -3.890452 0.000004 0.000007 1.352610 -0.987154 -4.438523
    14 17.848173 0.000000 0.000000 0.000000 0.000000 2.371043
    15 16.525257 0.000000 0.000000 -0.042595 -0.067392 -1.677412
  time 1
    0 -0.002349 -0.027340 14.784942 2.027528 0.018277 -0.238459
    1 0.000005 3.345128 -2.981901 1.531586 0.282572 1.567356
    2 7.481408 0.597675 -0.226569 0.941675 -0.095301 0.419013
    3 10.690096 1.440580 -1.937610 -2.883559 1.397969 1.962456
    4 6.028143 0.000001 0.000000 0.784324 0.369232 -0.456269
    5 11.692552 0.000000 0.000002 0.000000 0.000000 -1.894690
    6 10.690089 1.440574 1.937660 1.504549 -1.301667 3.309231
    7 6.028142 0.000001 0.000000 -1.475244 0.244446 -0.973228
    8 11.692555 0.000000 0.000000 0.000000 0.000000 -2.186075
    9 15.172608 2.717352 0.000000 2.533508 -0.023022 0.011116
    10 3.890452 -0.000004 -0.000003 -2.716488 -0.602457 -0.828878
    11 17.848177 0.000000 0.000000 0.000000 0.000000 2.550382
    12 16.525253 0.000000 0.000000 -0.248652 0.293362 -0.988137
    13 -3.890452 0.000004 0.000007 1.352610 -0.987111 -4.438523
    14 17.848173 0.000000 0.000000 0.000000 0.000000 2.371043
    15 16.525257 0.000000 0.000000 -0.042631 -0.067352 -1.677375
  time 2
    0 -0.002349 -0.023433 14.784942 2.027528 0.018277 -0.238459
    1 0.000005 3.345128 -2.981901 1.531586 0.282572 1.567356
    2 7.481408 0.597675 -0.226569 0.941273 -0.095421 0.418928
    3 10.690096 1.440580 -1.937610 -2.884443 1.398202 1.961551
    4 6.028143 0.000001 0.000000 0.784574 0.369831 -0.456455
    5 11.692552 0.000000 0.000002 0.000000 0.000000 -1.894762
    6 10.690089 1.440574 1.937660 1.505121 -1.302078 3.308656
    7 6.028142 0.000001 0.000000 -1.475789 0.244824 -0.973861
    8 11.692555 0.000000 0.000000 0.000000 0.000000 -2.185624
    9 15.172608 2.717352 0.000000 2.533508 -0.023070 0.011116
    10 3.890452 -0.000004 -0.000003 -2.716671 -0.602502 -0.828620
    11 17.848177 0.000000 0.000000 0.000000 0.000000 2.550459
    12 16.525253 0.000000 0.000000 -0.248592 0.293383 -0.987976
    13 -3.890452 0.000004 0.000007 1.352882 -0.987067 -4.438788
    14 17.848173 0.000000 0.000000 0.000000 0.000000 2.370961
    15 16.525257 0.000000 0.000000 -0.042720 -0.067171 -1.677264
  time 3
    0 -0.006255 -0.023433 14.784942 2.027528 0.018277 -0.238459
    1 0.000005 3.345128 -2.981901 1.531586 0.282572 1.567356
    2 7.481408 0.597675 -0.226569 0.940611 -0.095613 0.418822
    3 10.690096 1.440580 -1.937610 -2.885859 1.398594 1.959981
    4 6.028143 0.000001 0.000000 0.784825 0.370799 -0.456828
    5 11.692552 0.000000 0.000002 0.000000 0.000000 -1.894835
    6 10.690089 1.444481 1.937660 1.506169 -1.302772 3.307601
    7 6.028142 0.000001 0.000000 -1.476631 0.245390 -0.974890
    8 11.692555 0.000000 0.000000 0.000000 0.000000 -2.184799
    9 15.172608 2.717352 0.000000 2.533558 -0.023142 0.011116
    10 3.890452 -0.000004 -0.000003 -2.716854 -0.602547 -0.828106
    11 17.848177 0.000000 0.000000 0.000000 0.000000 2.550536
    12 16.525253 0.000000 0.000000 -0.248489 0.293444 -0.987688
    13 -3.890452 0.000004 0.000007 1.353335 -0.987023 -4.438788
    14 17.848173 0.000000 0.000000 0.000000 0.000000 2.370961
    15 16.525257 0.000000 0.000000 -0.042863 -0.066910 -1.677116
  time 4
    0 -0.010162 -0.019527 14.784942 2.027528 0.018277 -0.238459
    1 0.000005 3.345128 -2.981901 1.531586 0.282572 1.567356
    2 7.481408 0.593768 -0.222663 0.939720 -0.095865 0.418674
    3 10.690096 1.440580 -1.937610 -2.887865 1.399118 1.957869
    4 6.028143 0.000001 0.000000 0.785327 0.372089 -0.457387
    5 11.692552 0.000000 0.000002 0.000000 0.000000 -1.894908
    6 10.690089 1.444481 1.937660 1.507504 -1.303682 3.306259
    7 6.028142 0.000001 0.000000 -1.477769 0.246145 -0.976274
    8 11.692555 0.000000 0.000000 0.000000 0.000000 -2.183748
    9 15.176514 2.717352 0.000000 2.533607 -0.023250 0.011116
    10 3.890452 -0.000004 -0.000003 -2.717128 -0.602637 -0.827505
    11 17.848177 0.000000 0.000000 0.000000 0.000000 2.550768
    12 16.525253 0.000000 0.000000 -0.248340 0.293525 -0.987304
    13 -3.890452 0.000004 0.000007 1.354333 -0.986892 -4.439492
    14 17.848173 0.000000 0.000000 0.000000 0.000000 2.370879
    15 16.525257 0.000000 0.000000 -0.043077 -0.066548 -1.676931
  time 5
    0 -0.017974 -0.011714 14.781035 2.027528 0.018277 -0.238459
    1 0.000005 3.345128 -2.981901 1.531586 0.282572 1.567356
    2 7.481408 0.593768 -0.222663 0.938628 -0.096188 0.418484
    3 10.690096 1.436674 -1.937610 -2.890342 1.399757 1.955274
    4 6.028143 0.000001 0.000000 0.785828 0.373702 -0.458040
    5 11.692552 0.000000 0.000002 0.000000 0.000000 -1.894980
    6 10.690089 1.444481 1.937660 1.509220 -1.304853 3.304534
    7 6.028142 0.000001 0.000000 -1.479156 0.247164 -0.978054
    8 11.692555 0.000000 0.000000 0.000000 0.000000 -2.182471
    9 15.176514 2.717352 -0.003906 2.533706 -0.023382 0.011138
    10 3.890452 -0.000004 -0.000003 -2.717494 -0.602771 -0.826648
    11 17.848177 0.000000 0.000000 0.000000 0.000000 2.551000
    12 16.525253 0.000000 0.000000 -0.248147 0.293606 -0.986855
    13 -3.890452 0.000004 0.000007 1.355059 -0.986805 -4.439756
    14 17.848173 0.000000 0.000000 0.000000 0.000000 2.370797
    15 16.525257 0.000000 0.000000 -0.043327 -0.066105 -1.676671
  time 6
    0 -0.021881 -0.007808 14.781035 2.027528 0.018277 -0.238459
    1 0.000005 3.345128 -2.981901 1.531586 0.282572 1.567356
    2 7.481408 0.593768 -0.222663 0.937363 -0.096560 0.418251
    3 10.690096 1.436674 -1.937610 -2.893291 1.400528 1.952075
    4 6.028143 0.000001 0.000000 0.786414 0.375637 -0.458785
    5 11.692552 0.000000 0.000002 0.000000 0.000000 -1.894980
    6 10.690089 1.444481 1.937660 1.511222 -1.306240 3.302425
    7 6.028142 0.000001 0.000000 -1.480691 0.248372 -0.980150
    8 11.692555 0.000000 0.000000 0.000000 0.000000 -2.180970
    9 15.176514 2.713445 -0.003906 2.533805 -0.023538 0.011159
    10 3.890452 -0.000004 -0.000003 -2.717952 -0.602906 -0.825704
    11 17.848177 0.000000 0.000000 0.000000 0.000000 2.551309
    12 16.525253 0.000000 0.000000 -0.247939 0.293729 -0.986279
    13 -3.890452 0.000004 0.000007 1.355784 -0.986630 -4.440285
    14 17.848173 0.000000 0.000000 0.000000 0.000000 2.370715
    15 16.525257 0.000000 0.000000 -0.043648 -0.065563 -1.676375
  time 7
    0 -0.029693 0.000005 14.781035 2.027528 0.018277 -0.238459
    1 0.000005 3.345128 -2.981901 1.531586 0.282572 1.567356
    2 7.481408 0.593768 -0.222663 0.935898 -0.096979 0.417997
    3 10.694003 1.436674 -1.941516 -2.896712 1.401400 1.948453
    4 6.028143 0.000001 0.000000 0.787166 0.377802 -0.459717
    5 11.692552 0.000000 0.000002 0.000000 0.000000 -1.894908
    6 10.690089 1.448387 1.933754 1.513605 -1.307801 3.300124
    7 6.028142 0.000001 0.000000 -1.482423 0.249730 -0.982563
    8 11.692555 0.000000 0.000000 0.000000 0.000000 -2.179394
    9 15.176514 2.713445 -0.003906 2.533904 -0.023718 0.011159
    10 3.890452 -0.000004 -0.000003 -2.718501 -0.603041 -0.824589
    11 17.848177 0.000000 0.000000 0.000000 0.000000 2.551618
    12 16.525253 0.000000 0.000000 -0.247687 0.293851 -0.985638
    13 -3.890452 0.000004 0.000007 1.356964 -0.986455 -4.440725
    14 17.848173 0.000000 0.000000 0.000000 0.000000 2.370633
    15 16.525257 0.000000 0.000000 -0.043988 -0.064939 -1.676004
  time 8
    0 -0.037506 0.003911 14.781035 2.027528 0.018277 -0.238459
    1 0.000005 3.345128 -2.981901 1.531586 0.282572 1.567356
    2 7.481408 0.593768 -0.218757 0.934288 -0.097435 0.417722
    3 10.694003 1.432768 -1.941516 -2.900605 1.402345 1.944289
    4 6.028143 0.000001 0.000000 0.787835 0.380198 -0.460742
    5 11.692552 0.000000 0.000002 0.000000 0.000000 -1.894762
    6 10.693996 1.448387 1.933754 1.516179 -1.309557 3.297440
    7 6.028142 0.000001 0.000000 -1.484305 0.251316 -0.985252
    8 11.692555 0.000000 0.000000 0.000000 0.000000 -2.177742
    9 15.176514 2.713445 -0.007813 2.534002 -0.023909 0.011180
    10 3.890452 -0.000004 -0.000003 -2.719050 -0.603220 -0.823388
    11 17.848177 0.000000 0.000000 0.000000 0.000000 2.551927
    12 16.525253 0.000000 0.000000 -0.247420 0.293993 -0.984934
    13 -3.890452 0.000004 0.000007 1.358415 -0.986280 -4.441254
    14 17.848173 0.000000 0.000000 0.000000 0.000000 2.370470
    15 16.525257 0.000000 0.000000 -0.044380 -0.064256 -1.675634
  time 9
    0 -0.045319 0.011724 14.781035 2.027528 0.018277 -0.238459
    1 0.000005 3.345128 -2.981901 1.531586 0.282572 1.567356
    2 7.481408 0.593768 -0.218757 0.932535 -0.097938 0.417404
    3 10.694003 1.432768 -1.941516 -2.904911 1.403392 1.939762
    4 6.028143 0.000001 0.000000 0.788671 0.382778 -0.461861
    5 11.692552 0.000000 0.000002 0.000000 0.000000 -1.894545
    6 10.693996 1.448387 1.933754 1.519134 -1.311443 3.294564
    7 6.028142 0.000001 0.000000 -1.486285 0.253090 -0.988219
    8 11.692555 0.000000 0.000000 0.000000 0.000000 -2.176015
    9 15.176514 2.713445 -0.007813 2.534151 -0.024125 0.011202
    10 3.890452 -0.000004 -0.000003 -2.719599 -0.603400 -0.822016
    11 17.848177 0.000000 0.000000 0.000000 0.000000 2.552313
    12 16.525253 0.000000 0.000000 -0.247123 0.294156 -0.984133
    13 -3.890452 0.000004 0.000007 1.359685 -0.986062 -4.441958
    14 17.848173 0.000000 0.000000 0.000000 0.000000 2.370388
    15 16.525257 0.000000 0.000000 -0.044809 -0.063512 -1.675189
  time 10
    0 -0.057038 0.019537 14.777129 2.027528 0.018277 -0.238459
    1 0.000005 3.345128 -2.981901 1.531586 0.282572 1.567356
    2 7.481408 0.593768 -0.214850 0.930666 -0.098465 0.417087
    3 10.694003 1.428861 -1.941516 -2.909689 1.404497 1.934753
    4 6.028143 0.000001 0.000000 0.789507 0.385589 -0.463073
    5 11.692552 0.000000 0.000002 0.000000 0.000000 -1.894254
    6 10.693996 1.452294 1.933754 1.522185 -1.313480 3.291400
    7 6.028142 0.000001 0.000000 -1.488365 0.255014 -0.991383
    8 11.692555 0.000000 0.000000 0.000000 0.000000 -2.174289
    9 15.176514 2.709539 -0.011719 2.534348 -0.024353 0.011245
    10 3.890452 -0.000004 -0.000003 -2.720330 -0.603579 -0.820558
    11 17.848177 0.000000 0.000000 0.000000 0.000000 2.552776
    12 16.525253 0.000000 0.000000 -0.246797 0.294318 -0.983268
    13 -3.890452 0.000004 0.000007 1.361136 -0.985843 -4.442663
    14 17.848173 0.000000 0.000000 0.000000 0.000000 2.370224
    15 16.525257 0.000000 0.000000 -0.045273 -0.062708 -1.674745
  time 11
    0 -0.064851 0.031256 14.777129 2.027528 0.018277 -0.238459
    1 0.000005 3.345128 -2.981901 1.531586 0.282572 1.567356
    2 7.481408 0.593768 -0.214850 0.928683 -0.099017 0.416748
    3 10.694003 1.428861 -1.945423 -2.914762 1.405675 1.929320
    4 6.028143 0.000001 0.000000 0.790343 0.388491 -0.464377
    5 11.692552 0.000000 0.000002 0.000000 0.000000 -1.893746
    6 10.693996 1.452294 1.929847 1.525521 -1.315583 3.288045
    7 6.028142 0.000001 0.000000 -1.490494 0.257090 -0.994745
    8 11.692555 0.000000 0.000000 0.000000 0.000000 -2.172637
    9 15.176514 2.709539 -0.015625 2.534546 -0.024592 0.011266
    10 3.890452 -0.000004 -0.000003 -2.720971 -0.603804 -0.819014
    11 17.848177 0.000000 0.000000 0.000000 0.000000 2.553240
    12 16.525253 0.000000 0.000000 -0.246455 0.294481 -0.982371
    13 -3.890452 0.000004 0.000007 1.362406 -0.985624 -4.443191
    14 17.848173 0.000000 0.000000 0.000000 0.000000 2.370060
    15 16.525257 0.000000 0.000000 -0.045755 -0.061843 -1.674226
  time 12
    0 -0.076570 0.039069 14.777129 2.027528 0.018277 -0.238459
    1 0.000005 3.345128 -2.981901 1.531586 0.282572 1.567356
    2 7.481408 0.589862 -0.210944 0.926614 -0.099580 0.416389
    3 10.694003 1.424955 -1.945423 -2.920306 1.406882 1.923526
    4 6.028143 0.000001 0.000000 0.791179 0.391532 -0.465775
    5 11.692552 0.000000 0.000002 0.000000 0.000000 -1.893092
    6 10.693996 1.452294 1.929847 1.529144 -1.317772 3.284402
    7 6.028142 0.000001 0.000000 -1.492672 0.259355 -0.998265
    8 11.692555 0.000000 0.000000 0.000000 0.000000 -2.171061
    9 15.176514 2.709539 -0.015625 2.534744 -0.024832 0.011309
    10 3.890452 -0.000004 -0.000003 -2.721794 -0.604028 -0.817298
    11 17.848177 0.000000 0.000000 0.000000 0.000000 2.553703
    12 16.525253 0.000000 0.000000 -0.246099 0.294685 -0.981410
    13 -3.890452 0.000004 0.000007 1.364038 -0.985362 -4.443895
    14 17.848173 0.000000 0.000000 0.000000 0.000000 2.369979
    15 16.525257 0.000000 0.000000 -0.046273 -0.060918 -1.673707
  time 13
    0 -0.088289 0.050788 14.777129 2.027528 0.018277 -0.238459
    1 0.000005 3.345128 -2.981901 1.531586 0.282572 1.567356
    2 7.481408 0.589862 -0.210944 0.924487 -0.100155 0.416029
    3 10.694003 1.424955 -1.949329 -2.926146 1.408133 1.917370
    4 6.028143 0.000001 0.000000 0.792016 0.394711 -0.467267
    5 11.692552 0.000000 0.000002 0.000000 0.000000 -1.892221
    6 10.693996 1.456200 1.925941 1.532861 -1.320005 3.280663
    7 6.028142 0.000001 0.000000 -1.494851 0.261771 -1.001904
    8 11.692555 0.000000 0.000000 0.000000 0.000000 -2.169634
    9 15.176514 2.709539 -0.019532 2.534991 -0.025096 0.011331
    10 3.890452 -0.000004 -0.000003 -2.722526 -0.604298 -0.815583
    11 17.848177 0.000000 0.000000 0.000000 0.000000 2.554167
    12 16.525253 0.000000 0.000000 -0.245728 0.294868 -0.980385
    13 -3.890452 0.000004 0.000007 1.366034 -0.985100 -4.444864
    14 17.848173 0.000000 0.000000 0.000000 0.000000 2.369815
    15 16.525257 0.000000 0.000000 -0.046808 -0.059973 -1.673189
  time 14
    0 -0.096102 0.062507 14.773223 2.027528 0.018277 -0.238459
    1 0.000005 3.345128 -2.981901 1.531586 0.282572 1.567356
    2 7.481408 0.589862 -0.207038 0.922302 -0.100742 0.415648
    3 10.694003 1.421049 -1.949329 -2.932280 1.409412 1.910851
    4 6.028143 0.000001 0.000000 0.792852 0.397936 -0.468851
    5 11.692552 0.000000 0.000002 0.000000 0.000000 -1.891204
    6 10.693996 1.456200 1.925941 1.536770 -1.322238 3.276733
    7 6.028142 0.000001 0.000000 -1.496980 0.264337 -1.005662
    8 11.692555 0.000000 0.000000 0.000000 0.000000 -2.168358
    9 15.180420 2.705632 -0.023438 2.535287 -0.025359 0.011374
    10 3.890452 -0.000004 -0.000003 -2.723350 -0.604522 -0.813868
    11 17.848177 0.000000 0.000000 0.000000 0.000000 2.554707
    12 16.525253 0.000000 0.000000 -0.245342 0.295071 -0.979360
    13 -3.890452 0.000004 0.000007 1.367485 -0.984838 -4.445657
    14 17.848173 0.000000 0.000000 0.000000 0.000000 2.369569
    15 16.525257 0.000000 0.000000 -0.047379 -0.058988 -1.672596
  time 15
    0 -0.107821 0.074226 14.773223 2.027528 0.018277 -0.238459
    1 0.000005 3.345128 -2.981901 1.531586 0.282572 1.567356
    2 7.481408 0.589862 -0.207038 0.920118 -0.101330 0.415288
    3 10.694003 1.417142 -1.949329 -2.938768 1.410706 1.904031
    4 6.028143 0.000001 0.000000 0.793604 0.401208 -0.470529
    5 11.692552 0.000000 0.000002 0.000000 0.000000 -1.889897
    6 10.693996 1.460106 1.925941 1.540774 -1.324470 3.272611
    7 6.028142 0.000001 0.000000 -1.499059 0.267055 -1.009459
    8 11.692555 0.000000 0.000000 0.000000 0.000000 -2.167307
    9 15.180420 2.705632 -0.027345 2.535584 -0.025635 0.011417
    10 3.890452 -0.000004 -0.000003 -2.724173 -0.604791 -0.811981
    11 17.848177 0.000000 0.000000 0.000000 0.000000 2.555171
    12 16.525253 0.000000 0.000000 -0.244956 0.295275 -0.978271
    13 -3.890452 0.000004 0.000007 1.369480 -0.984532 -4.446626
    14 17.848173 0.000000 0.000000 0.000000 0.000000 2.369406
    15 16.525257 0.000000 0.000000 -0.047951 -0.057983 -1.672003
  time 16
    0 -0.119540 0.085945 14.773223 2.027528 0.018277 -0.238459
    1 0.000005 3.345128 -2.981901 1.531586 0.282572 1.567356
    2 7.481408 0.589862 -0.203131 0.917905 -0.101905 0.414907
    3 10.694003 1.417142 -1.953236 -2.945552 1.412015 1.896909
    4 6.028143 0.000001 0.000000 0.794273 0.404479 -0.472206
    5 11.692552 0.000000 0.000002 0.000000 0.000000 -1.888372
    6 10.693996 1.460106 1.922035 1.544873 -1.326660 3.268488
    7 6.028142 0.000001 0.000000 -1.501089 0.269885 -1.013296
    8 11.692555 0.000000 0.000000 0.000000 0.000000 -2.166556
    9 15.180420 2.705632 -0.027345 2.535930 -0.025911 0.011460
    10 3.890452 -0.000004 -0.000003 -2.725088 -0.605061 -0.810094
    11 17.848177 0.000000 0.000000 0.000000 0.000000 2.555712
    12 16.525253 0.000000 0.000000 -0.244556 0.295478 -0.977150
    13 -3.890452 0.000004 0.000007 1.371113 -0.984269 -4.447594
    14 17.848173 0.000000 0.000000 0.000000 0.000000 2.369242
    15 16.525257 0.000000 0.000000 -0.048540 -0.056937 -1.671410
  time 17
    0 -0.135165 0.097664 14.769316 2.027528 0.018277 -0.238459
    1 0.000005 3.345128 -2.981901 1.531586 0.282572 1.567356
    2 7.481408 0.589862 -0.203131 0.915691 -0.102468 0.414526
    3 10.694003 1.413236 -1.953236 -2.952571 1.413294 1.889546
    4 6.028143 0.000001 0.000000 0.794858 0.407796 -0.473977
    5 11.692552 0.000000 0.000002 0.000000 0.000000 -1.886557
    6 10.693996 1.464013 1.922035 1.549067 -1.328784 3.264270
    7 6.028142 0.000001 0.000000 -1.503020 0.272905 -1.017132
    8 11.692555 0.000000 0.000000 0.000000 0.000000 -2.166106
    9 15.180420 2.701726 -0.031251 2.536276 -0.026186 0.011503
    10 3.890452 -0.000004 -0.000003 -2.725911 -0.605330 -0.808207
    11 17.848177 0.000000 0.000000 0.000000 0.000000 2.556252
    12 16.525253 0.000000 0.000000 -0.244155 0.295682 -0.976029
    13 -3.890452 0.000004 0.000007 1.373108 -0.983963 -4.448299
    14 17.848173 0.000000 0.000000 0.000000 0.000000 2.369078
    15 16.525257 0.000000 0.000000 -0.049129 -0.055892 -1.670817
  time 18
    0 -0.146884 0.109383 14.769316 2.027528 0.018277 -0.238459
    1 0.000005 3.345128 -2.981901 1.531586 0.282572 1.567356
    2 7.481408 0.585955 -0.203131 0.913507 -0.103020 0.414145
    3 10.694003 1.413236 -1.953236 -2.959826 1.414574 1.881941
    4 6.028143 0.000001 0.000000 0.795360 0.411067 -0.475841
    5 11.692552 0.000000 0.000002 0.000000 0.000000 -1.884378
    6 10.693996 1.464013 1.918128 1.553262 -1.330822 3.259956
    7 6.028142 0.000001 0.000000 -1.504802 0.276038 -1.020929
    8 11.692555 0.000000 0.000000 0.000000 0.000000 -2.166031
    9 15.180420 2.701726 -0.035157 2.536671 -0.026462 0.011567
    10 3.890452 -0.000004 -0.000003 -2.726826 -0.605644 -0.806234
    11 17.848177 0.000000 0.000000 0.000000 0.000000 2.556793
    12 16.525253 0.000000 0.000000 -0.243754 0.295885 -0.974876
    13 -3.890452 0.000004 0.000007 1.375013 -0.983657 -4.449268
    14 17.848173 0.000000 0.000000 0.000000 0.000000 2.368833
    15 16.525257 0.000000 0.000000 -0.049736 -0.054826 -1.670187
  time 19
    0 -0.158604 0.121102 14.769316 2.027528 0.018277 -0.238459
    1 0.000005 3.345128 -2.981901 1.531586 0.282572 1.567356
    2 7.485314 0.585955 -0.199225 0.911351 -0.103535 0.413785
    3 10.694003 1.409329 -1.957142 -2.967317 1.415824 1.874215
    4 6.028143 0.000001 0.000000 0.795778 0.414293 -0.477705
    5 11.692552 0.000000 0.000002 0.000000 0.000000 -1.881909
    6 10.693996 1.464013 1.918128 1.557456 -1.332772 3.255738
    7 6.028142 0.000001 0.000000 -1.506387 0.279321 -1.024687
    8 11.692555 0.000000 0.000000 0.000000 0.000000 -2.166406
    9 15.180420 2.701726 -0.039064 2.537067 -0.026726 0.011632
    10 3.890452 -0.000004 -0.000003 -2.727741 -0.605913 -0.804347
    11 17.848177 0.000000 0.000000 0.000000 0.000000 2.557334
    12 16.525253 0.000000 0.000000 -0.243339 0.296109 -0.973723
    13 -3.890452 0.000004 0.000007 1.376736 -0.983351 -4.449972
    14 17.848173 0.000000 0.000000 0.000000 0.000000 2.368669
    15 16.525257 0.000000 0.000000 -0.050343 -0.053760 -1.669558
  time 20
    0 -0.170323 0.132822 14.769316 2.027528 0.018277 -0.238459
    1 0.000005 3.345128 -2.981901 1.531586 0.282572 1.567356
    2 7.485314 0.585955 -0.199225 0.909282 -0.104026 0.413447
    3 10.694003 1.405423 -1.957142 -2.974867 1.417031 1.866309
    4 6.028143 0.000001 0.000000 0.796029 0.417426 -0.479756
    5 11.692552 0.000000 0.000002 0.000000 0.000000 -1.879077
    6 10.693996 1.467919 1.918128 1.561556 -1.334593 3.251520
    7 6.028142 0.000001 0.000000 -1.507822 0.282756 -1.028365
    8 11.692555 0.000000 0.000000 0.000000 0.000000 -2.167157
    9 15.180420 2.697820 -0.039064 2.537512 -0.026989 0.011675
    10 3.890452 -0.000004 -0.000003 -2.728656 -0.606183 -0.802374
    11 17.848177 0.000000 0.000000 0.000000 0.000000 2.557952
    12 16.525253 0.000000 0.000000 -0.242938 0.296312 -0.972570
    13 -3.890452 0.000004 0.000007 1.378732 -0.983046 -4.451205
    14 17.848173 0.000000 0.000000 0.000000 0.000000 2.368423
    15 16.525257 0.000000 0.000000 -0.050950 -0.052695 -1.668928
  time 21
    0 -0.182042 0.144541 14.765410 2.027528 0.018277 -0.238459
    1 0.000005 3.345128 -2.981901 1.531586 0.282572 1.567356
    2 7.485314 0.585955 -0.195318 0.907270 -0.104482 0.413108
    3 10.694003 1.405423 -1.961048 -2.982594 1.418194 1.858281
    4 6.028143 0.000001 0.000000 0.796112 0.420512 -0.481713
    5 11.692552 0.000000 0.000002 0.000000 0.000000 -1.875882
    6 10.693996 1.467919 1.914222 1.565655 -1.336306 3.247398
    7 6.028142 0.000001 0.000000 -1.509011 0.286342 -1.031925
    8 11.692555 0.000000 0.000000 0.000000 0.000000 -2.168433
    9 15.180420 2.697820 -0.042970 2.538006 -0.027253 0.011739
    10 3.890452 -0.000004 -0.000003 -2.729479 -0.606497 -0.800401
    11 17.848177 0.000000 0.000000 0.000000 0.000000 2.558492
    12 16.525253 0.000000 0.000000 -0.242552 0.296516 -0.971449
    13 -3.890452 0.000004 0.000007 1.380637 -0.982740 -4.451998
    14 17.848173 0.000000 0.000000 0.000000 0.000000 2.368260
    15 16.525257 0.000000 0.000000 -0.051539 -0.051649 -1.668298
  time 22
    0 -0.193761 0.156260 14.765410 2.027528 0.018277 -0.238459
    1 0.000005 3.345128 -2.981901 1.531586 0.282572 1.567356
    2 7.485314 0.585955 -0.195318 0.905344 -0.104877 0.412791
    3 10.694003 1.401517 -1.961048 -2.990380 1.419299 1.850193
    4 6.028143 0.000001 0.000000 0.796112 0.423369 -0.483764
    5 11.692552 0.000000 0.000002 0.000000 0.000000 -1.872396
    6 10.697902 1.471825 1.914222 1.569563 -1.337866 3.243467
    7 6.028142 0.000001 0.000000 -1.509852 0.289965 -1.035406
    8 11.692555 0.000000 0.000000 0.000000 0.000000 -2.170085
    9 15.184327 2.697820 -0.046876 2.538550 -0.027505 0.011803
    10 3.890452 -0.000004 -0.000003 -2.730394 -0.606766 -0.798514
    11 17.848177 0.000000 0.000000 0.000000 0.000000 2.558956
    12 16.525253 0.000000 0.000000 -0.242166 0.296719 -0.970296
    13 -3.890452 0.000004 0.000007 1.382632 -0.982434 -4.452702
    14 17.848173 0.000000 0.000000 0.000000 0.000000 2.368096
    15 16.525257 0.000000 0.000000 -0.052128 -0.050604 -1.667705
  time 23
    0 -0.205480 0.167979 14.765410 2.027528 0.018277 -0.238459
    1 0.000005 3.345128 -2.981901 1.531586 0.282572 1.567356
    2 7.485314 0.585955 -0.195318 0.903562 -0.105237 0.412495
    3 10.694003 1.401517 -1.961048 -2.998107 1.420332 1.842106
    4 6.028143 0.000001 0.000000 0.796280 0.426041 -0.485534
    5 11.692552 0.000000 0.000002 0.000000 0.000000 -1.868765
    6 10.697902 1.471825 1.914222 1.573281 -1.339275 3.239633
    7 6.028142 0.000001 0.000000 -1.510347 0.293475 -1.038728
    8 11.692555 0.000000 0.000000 0.000000 0.000000 -2.171962
    9 15.184327 2.697820 -0.050783 2.539093 -0.027744 0.011889
    10 3.890452 -0.000004 -0.000003 -2.731309 -0.607080 -0.796627
    11 17.848177 0.000000 0.000000 0.000000 0.000000 2.559497
    12 16.525253 0.000000 0.000000 -0.241795 0.296902 -0.969207
    13 -3.890452 0.000004 0.000007 1.384355 -0.982128 -4.453671
    14 17.848173 0.000000 0.000000 0.000000 0.000000 2.367850
    15 16.525257 0.000000 0.000000 -0.052717 -0.049598 -1.667075
  time 24
    0 -0.217199 0.179698 14.761503 2.027528 0.018277 -0.238459
    1 0.000005 3.345128 -2.981901 1.531586 0.282572 1.567356
    2 7.485314 0.582049 -0.191412 0.901895 -0.105536 0.412219
    3 10.694003 1.397610 -1.964955 -3.005893 1.421291 1.834078
    4 6.028143 0.000001 0.000000 0.796530 0.428437 -0.487212
    5 11.692552 0.000000 0.000002 0.000000 0.000000 -1.864989
    6 10.697902 1.471825 1.910315 1.576713 -1.340511 3.236086
    7 6.028142 0.000001 0.000000 -1.510397 0.296797 -1.041892
    8 11.692555 0.000000 0.000000 0.000000 0.000000 -2.174064
    9 15.184327 2.693913 -0.050783 2.539686 -0.027960 0.011954
    10 3.890452 -0.000004 -0.000003 -2.732132 -0.607350 -0.794826
    11 17.848177 0.000000 0.000000 0.000000 0.000000 2.560037
    12 16.525253 0.000000 0.000000 -0.241439 0.297085 -0.968118
    13 -3.890452 0.000004 0.000007 1.386079 -0.981822 -4.454375
    14 17.848173 0.000000 0.000000 0.000000 0.000000 2.367687
    15 16.525257 0.000000 0.000000 -0.053270 -0.048593 -1.666482
  time 25
    0 -0.228918 0.191417 14.761503 2.027528 0.018277 -0.238459
    1 0.000005 3.345128 -2.981901 1.531586 0.282572 1.567356
    2 7.485314 0.582049 -0.191412 0.900400 -0.105776 0.411965
    3 10.694003 1.397610 -1.964955 -3.013502 1.422164 1.826172
    4 6.028143 0.000001 0.000000 0.796949 0.430603 -0.488703
    5 11.692552 0.000000 0.000002 0.000000 0.000000 -1.861141
    6 10.697902 1.475732 1.910315 1.579954 -1.341616 3.232826
    7 6.028142 0.000001 0.000000 -1.510100 0.299929 -1.044899
    8 11.692555 0.000000 0.000000 0.000000 0.000000 -2.176241
    9 15.184327 2.693913 -0.054689 2.540329 -0.028176 0.012040
    10 3.890452 -0.000004 -0.000003 -2.732956 -0.607664 -0.793025
    11 17.848177 0.000000 0.000000 0.000000 0.000000 2.560501
    12 16.525253 0.000000 0.000000 -0.241112 0.297268 -0.967061
    13 -3.890452 0.000004 0.000007 1.387711 -0.981559 -4.455168
    14 17.848173 0.000000 0.000000 0.000000 0.000000 2.367441
    15 16.525257 0.000000 0.000000 -0.053824 -0.047648 -1.665889
  time 26
    0 -0.236731 0.203136 14.761503 2.027528 0.018277 -0.238459
    1 0.000005 3.345128 -2.981901 1.531586 0.282572 1.567356
    2 7.485314 0.582049 -0.191412 0.899049 -0.105944 0.411754
    3 10.694003 1.393704 -1.964955 -3.020993 1.422949 1.818446
    4 6.028143 0.000001 0.000000 0.797450 0.432399 -0.490008
    5 11.692552 0.000000 0.000002 0.000000 0.000000 -1.857219
    6 10.697902 1.475732 1.910315 1.582814 -1.342527 3.229950
    7 6.028142 0.000001 0.000000 -1.509357 0.302836 -1.047746
    8 11.692555 0.000000 0.000000 0.000000 0.000000 -2.178568
    9 15.184327 2.693913 -0.054689 2.540971 -0.028368 0.012126
    10 3.890452 -0.000004 -0.000003 -2.733779 -0.607933 -0.791310
    11 17.848177 0.000000 0.000000 0.000000 0.000000 2.561042
    12 16.525253 0.000000 0.000000 -0.240786 0.297431 -0.966036
    13 -3.890452 0.000004 0.000007 1.389435 -0.981253 -4.456137
    14 17.848173 0.000000 0.000000 0.000000 0.000000 2.367277
    15 16.525257 0.000000 0.000000 -0.054342 -0.046723 -1.665334
  time 27
    0 -0.248450 0.214855 14.757597 2.027528 0.018277 -0.238459
    1 0.000005 3.345128 -2.981901 1.531586 0.282572 1.567356
    2 7.485314 0.582049 -0.191412 0.897899 -0.106040 0.411563
    3 10.694003 1.393704 -1.964955 -3.028248 1.423618 1.810902
    4 6.028143 0.000001 0.000000 0.798035 0.433920 -0.491127
    5 11.692552 0.000000 0.000002 0.000000 0.000000 -1.853298
    6 10.697902 1.475732 1.906409 1.585292 -1.343286 3.227362
    7 6.028142 0.000001 0.000000 -1.508219 0.305478 -1.050396
    8 11.692555 0.000000 0.000000 0.000000 0.000000 -2.180895
    9 15.184327 2.693913 -0.058596 2.541663 -0.028535 0.012212
    10 3.890452 -0.000004 -0.000003 -2.734511 -0.608203 -0.789680
    11 17.848177 0.000000 0.000000 0.000000 0.000000 2.561428
    12 16.525253 0.000000 0.000000 -0.240489 0.297573 -0.965075
    13 -3.890452 0.000004 0.000007 1.391158 -0.980991 -4.456841
    14 17.848173 0.000000 0.000000 0.000000 0.000000 2.367114
    15 16.525257 0.000000 0.000000 -0.054841 -0.045838 -1.664778
  time 28
    0 -0.256263 0.222668 14.757597 2.027528 0.018277 -0.238459
    1 0.000005 3.345128 -2.981901 1.531586 0.282572 1.567356
    2 7.485314 0.582049 -0.191412 0.896951 -0.106040 0.411415
    3 10.694003 1.393704 -1.968861 -3.035267 1.424185 1.803719
    4 6.028143 0.000001 0.000000 0.798788 0.435072 -0.492059
    5 11.692552 0.000000 0.000002 0.000000 0.000000 -1.849377
    6 10.697902 1.475732 1.906409 1.587390 -1.343849 3.225253
    7 6.028142 0.000001 0.000000 -1.506634 0.307856 -1.052849
    8 11.692555 0.000000 0.000000 0.000000 0.000000 -2.183222
    9 15.184327 2.690007 -0.062502 2.542405 -0.028691 0.012297
    10 3.890452 -0.000004 -0.000003 -2.735243 -0.608472 -0.788136
    11 17.848177 0.000000 0.000000 0.000000 0.000000 2.561891
    12 16.525253 0.000000 0.000000 -0.240222 0.297716 -0.964178
    13 -3.890452 0.000004 0.000007 1.392428 -0.980729 -4.457370
    14 17.848173 0.000000 0.000000 0.000000 0.000000 2.366950
    15 16.525257 0.000000 0.000000 -0.055305 -0.045014 -1.664259
  time 29
    0 -0.264076 0.234387 14.757597 2.027528 0.018277 -0.238459
    1 0.000005 3.345128 -2.981901 1.531586 0.282572 1.567356
    2 7.485314 0.582049 -0.187506 0.896146 -0.105992 0.411309
    3 10.694003 1.393704 -1.968861 -3.041756 1.424665 1.797020
    4 6.028143 0.000001 0.000000 0.799624 0.435993 -0.492711
    5 11.692552 0.000000 0.000002 0.000000 0.000000 -1.845528
    6 10.697902 1.475732 1.906409 1.589106 -1.344261 3.223432
    7 6.028142 0.000001 0.000000 -1.504753 0.310007 -1.055143
    8 11.692555 0.000000 0.000000 0.000000 0.000000 -2.185624
    9 15.184327 2.690007 -0.062502 2.543146 -0.028811 0.012383
    10 3.890452 -0.000004 -0.000003 -2.735975 -0.608696 -0.786764
    11 17.848177 0.000000 0.000000 0.000000 0.000000 2.562277
    12 16.525253 0.000000 0.000000 -0.239984 0.297838 -0.963345
    13 -3.890452 0.000004 0.000007 1.393879 -0.980467 -4.457810
    14 17.848173 0.000000 0.000000 0.000000 0.000000 2.366786
    15 16.525257 0.000000 0.000000 -0.055734 -0.044250 -1.663741
  time 30
    0 -0.271888 0.242200 14.757597 2.027528 0.018277 -0.238459
    1 0.000005 3.345128 -2.981901 1.531586 0.282572 1.567356
    2 7.485314 0.582049 -0.187506 0.895370 -0.105872 0.411204
    3 10.694003 1.389798 -1.968861 -3.047713 1.425116 1.790924
    4 6.028143 0.000001 0.000000 0.800460 0.436823 -0.493363
    5 11.692552 0.000000 0.000002 0.000000 0.000000 -1.841534
    6 10.697902 1.475732 1.906409 1.590726 -1.344521 3.221802
    7 6.028142 0.000001 0.000000 -1.502723 0.312121 -1.057279
    8 11.692555 0.000000 0.000000 0.000000 0.000000 -2.188102
    9 15.184327 2.690007 -0.062502 2.543838 -0.028907 0.012448
    10 3.890452 -0.000004 -0.000003 -2.736615 -0.608966 -0.785391
    11 17.848177 0.000000 0.000000 0.000000 0.000000 2.562664
    12 16.525253 0.000000 0.000000 -0.239762 0.297960 -0.962545
    13 -3.890452 0.000004 0.000007 1.395058 -0.980248 -4.458779
    14 17.848173 0.000000 0.000000 0.000000 0.000000 2.366623
    15 16.525257 0.000000 0.000000 -0.056144 -0.043546 -1.663296
  time 31
    0 -0.279701 0.250013 14.757597 2.027528 0.018277 -0.238459
    1 0.000005 3.345128 -2.981901 1.531586 0.282572 1.567356
    2 7.485314 0.582049 -0.187506 0.894680 -0.105716 0.411098
    3 10.694003 1.389798 -1.968861 -3.052963 1.425523 1.785492
    4 6.028143 0.000001 0.000000 0.801380 0.437606 -0.493736
    5 11.692552 0.000000 0.000002 0.000000 0.000000 -1.837540
    6 10.697902 1.479638 1.906409 1.592347 -1.344673 3.220172
    7 6.028142 0.000001 0.000000 -1.500544 0.314196 -1.059256
    8 11.692555 0.000000 0.000000 0.000000 0.000000 -2.190654
    9 15.184327 2.690007 -0.066408 2.544481 -0.028955 0.012512
    10 3.890452 -0.000004 -0.000003 -2.737164 -0.609190 -0.784276
    11 17.848177 0.000000 0.000000 0.000000 0.000000 2.563050
    12 16.525253 0.000000 0.000000 -0.239584 0.298041 -0.961872
    13 -3.890452 0.000004 0.000007 1.396328 -0.980029 -4.459307
    14 17.848173 0.000000 0.000000 0.000000 0.000000 2.366459
    15 16.525257 0.000000 0.000000 -0.056502 -0.042923 -1.662851
  time 32
    0 -0.287514 0.257825 14.753691 2.027528 0.018277 -0.238459
    1 0.000005 3.345128 -2.981901 1.531586 0.282572 1.567356
    2 7.485314 0.582049 -0.187506 0.894019 -0.105500 0.411034
    3 10.694003 1.389798 -1.968861 -3.057446 1.425886 1.780844
    4 6.028143 0.000001 0.000000 0.802300 0.438297 -0.494109
    5 11.692552 0.000000 0.000002 0.000000 0.000000 -1.833473
    6 10.701809 1.479638 1.902503 1.593681 -1.344738 3.218734
    7 6.028142 0.000001 0.000000 -1.498168 0.316197 -1.061194
    8 11.692555 0.000000 0.000000 0.000000 0.000000 -2.193207
    9 15.184327 2.690007 -0.066408 2.545074 -0.028979 0.012577
    10 3.890452 -0.000004 -0.000003 -2.737713 -0.609415 -0.783161
    11 17.848177 0.000000 0.000000 0.000000 0.000000 2.563359
    12 16.525253 0.000000 0.000000 -0.239450 0.298123 -0.961231
    13 -3.890452 0.000004 0.000007 1.397054 -0.979811 -4.459571
    14 17.848173 0.000000 0.000000 0.000000 0.000000 2.366295
    15 16.525257 0.000000 0.000000 -0.056823 -0.042360 -1.662444
  time 33
    0 -0.291420 0.261732 14.753691 2.027528 0.018277 -0.238459
    1 0.000005 3.345128 -2.981901 1.531586 0.282572 1.567356
    2 7.485314 0.582049 -0.191412 0.893387 -0.105249 0.410971
    3 10.694003 1.389798 -1.972767 -3.061103 1.426221 1.776981
    4 6.028143 0.000001 0.000000 0.803303 0.438988 -0.494202
    5 11.692552 0.000000 0.000002 0.000000 0.000000 -1.829479
    6 10.701809 1.479638 1.902503 1.595016 -1.344781 3.217296
    7 6.028142 0.000001 0.000000 -1.495692 0.318197 -1.063093
    8 11.692555 0.000000 0.000000 0.000000 0.000000 -2.195684
    9 15.184327 2.690007 -0.070315 2.545568 -0.028967 0.012620
    10 3.890452 -0.000004 -0.000003 -2.738170 -0.609639 -0.782303
    11 17.848177 0.000000 0.000000 0.000000 0.000000 2.563591
    12 16.525253 0.000000 0.000000 -0.239331 0.298163 -0.960719
    13 -3.890452 0.000004 0.000007 1.397779 -0.979636 -4.460012
    14 17.848173 0.000000 0.000000 0.000000 0.000000 2.366213
    15 16.525257 0.000000 0.000000 -0.057091 -0.041878 -1.662110
  time 34
    0 -0.295326 0.269544 14.753691 2.027528 0.018277 -0.238459
    1 0.000005 3.345128 -2.981901 1.531586 0.282572 1.567356
    2 7.485314 0.578143 -0.191412 0.892841 -0.104961 0.410907
    3 10.694003 1.385891 -1.972767 -3.063934 1.426511 1.774024
    4 6.028143 0.000001 0.000000 0.804306 0.439541 -0.494202
    5 11.692552 0.000000 0.000002 0.000000 0.000000 -1.825413
    6 10.701809 1.479638 1.902503 1.596255 -1.344738 3.216050
    7 6.028142 0.000001 0.000000 -1.493068 0.320160 -1.064873
    8 11.692555 0.000000 0.000000 0.000000 0.000000 -2.198236
    9 15.184327 2.690007 -0.074221 2.545963 -0.028919 0.012663
    10 3.890452 -0.000004 -0.000003 -2.738536 -0.609819 -0.781532
    11 17.848177 0.000000 0.000000 0.000000 0.000000 2.563822
    12 16.525253 0.000000 0.000000 -0.239272 0.298204 -0.960302
    13 -3.890452 0.000004 0.000007 1.398777 -0.979461 -4.460540
    14 17.848173 0.000000 0.000000 0.000000 0.000000 2.366050
    15 16.525257 0.000000 0.000000 -0.057305 -0.041496 -1.661777
  time 35
    0 -0.299233 0.273451 14.753691 2.027528 0.018277 -0.238459
    1 0.000005 3.345128 -2.981901 1.531586 0.282572 1.567356
    2 7.485314 0.578143 -0.191412 0.892323 -0.104637 0.410865
    3 10.694003 1.385891 -1.972767 -3.065821 1.426773 1.771972
    4 6.028143 0.000001 0.000000 0.805309 0.440094 -0.494109
    5 11.692552 0.000000 0.000002 0.000000 0.000000 -1.821491
    6 10.701809 1.479638 1.902503 1.597209 -1.344651 3.214900
    7 6.028142 0.000001 0.000000 -1.490395 0.322047 -1.066574
    8 11.692555 0.000000 0.000000 0.000000 0.000000 -2.200639
    9 15.188233 2.686101 -0.074221 2.546309 -0.028835 0.012663
    10 3.890452 -0.000004 -0.000003 -2.738811 -0.609998 -0.781017
    11 17.848177 0.000000 0.000000 0.000000 0.000000 2.563977
    12 16.525253 0.000000 0.000000 -0.239257 0.298204 -0.959982
    13 -3.890452 0.000004 0.000007 1.399231 -0.979330 -4.460716
    14 17.848173 0.000000 0.000000 0.000000 0.000000 2.365968
    15 16.525257 0.000000 0.000000 -0.057466 -0.041194 -1.661518
  time 36
    0 -0.299233 0.277357 14.753691 2.027528 0.018277 -0.238459
    1 0.000005 3.345128 -2.981901 1.531586 0.282572 1.567356
    2 7.485314 0.578143 -0.191412 0.891835 -0.104266 0.410823
    3 10.694003 1.385891 -1.972767 -3.066706 1.427006 1.771006
    4 6.028143 0.000001 0.000000 0.806313 0.440601 -0.493829
    5 11.692552 0.000000 0.000002 0.000000 0.000000 -1.817570
    6 10.701809 1.479638 1.902503 1.598257 -1.344499 3.213845
    7 6.028142 0.000001 0.000000 -1.487672 0.323897 -1.068156
    8 11.692555 0.000000 0.000000 0.000000 0.000000 -2.203041
    9 15.188233 2.686101 -0.078127 2.546507 -0.028715 0.012663
    10 3.890452 -0.000004 -0.000003 -2.739085 -0.610178 -0.780502
    11 17.848177 0.000000 0.000000 0.000000 0.000000 2.564131
    12 16.525253 0.000000 0.000000 -0.239272 0.298204 -0.959726
    13 -3.890452 0.000004 0.000007 1.399503 -0.979199 -4.460980
    14 17.848173 0.000000 0.000000 0.000000 0.000000 2.365886
    15 16.525257 0.000000 0.000000 -0.057608 -0.040953 -1.661295
  time 37
    0 -0.303139 0.281264 14.753691 2.027528 0.018277 -0.238459
    1 0.000005 3.345128 -2.981901 1.531586 0.282572 1.567356
    2 7.485314 0.578143 -0.191412 0.891404 -0.103870 0.410802
    3 10.694003 1.385891 -1.972767 -3.066470 1.427209 1.771066
    4 6.028143 0.000001 0.000000 0.807316 0.441061 -0.493457
    5 11.692552 0.000000 0.000002 0.000000 0.000000 -1.813794
    6 10.701809 1.479638 1.898596 1.599115 -1.344304 3.212886
    7 6.028142 0.000001 0.000000 -1.484899 0.325708 -1.069659
    8 11.692555 0.000000 0.000000 0.000000 0.000000 -2.205293
    9 15.188233 2.686101 -0.078127 2.546655 -0.028559 0.012663
    10 3.890452 -0.000004 -0.000003 -2.739360 -0.610357 -0.780159
    11 17.848177 0.000000 0.000000 0.000000 0.000000 2.564286
    12 16.525253 0.000000 0.000000 -0.239317 0.298184 -0.959534
    13 -3.890452 0.000004 0.000007 1.399956 -0.979068 -4.460980
    14 17.848173 0.000000 0.000000 0.000000 0.000000 2.365804
    15 16.525257 0.000000 0.000000 -0.057715 -0.040772 -1.661073
  time 38
    0 -0.303139 0.281264 14.753691 2.027528 0.018277 -0.238459
    1 0.000005 3.345128 -2.981901 1.531586 0.282572 1.567356
    2 7.485314 0.578143 -0.191412 0.891001 -0.103451 0.410802
    3 10.694003 1.385891 -1.976674 -3.065173 1.427369 1.772334
    4 6.028143 0.000001 0.000000 0.808319 0.441522 -0.492804
    5 11.692552 0.000000 0.000002 0.000000 0.000000 -1.810090
    6 10.701809 1.479638 1.898596 1.599973 -1.344044 3.212119
    7 6.028142 0.000001 0.000000 -1.482225 0.327482 -1.071241
    8 11.692555 0.000000 0.000000 0.000000 0.000000 -2.207470
    9 15.188233 2.686101 -0.082034 2.546655 -0.028368 0.012620
    10 3.890452 -0.000004 -0.000003 -2.739543 -0.610537 -0.779816
    11 17.848177 0.000000 0.000000 0.000000 0.000000 2.564440
    12 16.525253 0.000000 0.000000 -0.239376 0.298143 -0.959374
    13 -3.890452 0.000004 0.000007 1.400410 -0.978937 -4.461245
    14 17.848173 0.000000 0.000000 0.000000 0.000000 2.365722
    15 16.525257 0.000000 0.000000 -0.057823 -0.040591 -1.660851
  time 39
    0 -0.307046 0.285170 14.753691 2.027528 0.018277 -0.238459
    1 0.000005 3.345128 -2.981901 1.531586 0.282572 1.567356
    2 7.485314 0.578143 -0.191412 0.890656 -0.103008 0.410802
    3 10.694003 1.385891 -1.976674 -3.062931 1.427515 1.774446
    4 6.028143 0.000001 0.000000 0.809323 0.441891 -0.492152
    5 11.692552 0.000000 0.000002 0.000000 0.000000 -1.806532
    6 10.701809 1.479638 1.898596 1.600640 -1.343741 3.211353
    7 6.028142 0.000001 0.000000 -1.479849 0.329256 -1.072942
    8 11.692555 0.000000 0.000000 0.000000 0.000000 -2.209497
    9 15.188233 2.686101 -0.082034 2.546556 -0.028140 0.012577
    10 3.890452 -0.000004 -0.000003 -2.739817 -0.610716 -0.779559
    11 17.848177 0.000000 0.000000 0.000000 0.000000 2.564518
    12 16.525253 0.000000 0.000000 -0.239465 0.298102 -0.959245
    13 -3.890452 0.000004 0.000007 1.400682 -0.978806 -4.461245
    14 17.848173 0.000000 0.000000 0.000000 0.000000 2.365640
    15 16.525257 0.000000 0.000000 -0.057894 -0.040450 -1.660628
  time 40
    0 -0.307046 0.289076 14.749784 2.027528 0.018277 -0.238459
    1 0.000005 3.345128 -2.981901 1.531586 0.282572 1.567356
    2 7.485314 0.578143 -0.191412 0.890340 -0.102540 0.410802
    3 10.694003 1.385891 -1.976674 -3.060218 1.427631 1.777102
    4 6.028143 0.000001 0.000000 0.810242 0.442305 -0.491406
    5 11.692552 0.000000 0.000002 0.000000 0.000000 -1.803047
    6 10.705715 1.479638 1.898596 1.601308 -1.343394 3.210681
    7 6.028142 0.000001 0.000000 -1.477670 0.330992 -1.074801
    8 11.692555 0.000000 0.000000 0.000000 0.000000 -2.211449
    9 15.188233 2.686101 -0.085940 2.546359 -0.027888 0.012512
    10 3.890452 -0.000004 -0.000003 -2.740000 -0.610896 -0.779301
    11 17.848177 0.000000 0.000000 0.000000 0.000000 2.564672
    12 16.525253 0.000000 0.000000 -0.239584 0.298041 -0.959149
    13 -3.890452 0.000004 0.000007 1.400954 -0.978674 -4.461509
    14 17.848173 0.000000 0.000000 0.000000 0.000000 2.365640
    15 16.525257 0.000000 0.000000 -0.057947 -0.040349 -1.660406
  time 41
    0 -0.307046 0.292983 14.749784 2.027528 0.018277 -0.238459
    1 0.000005 3.345128 -2.981901 1.531586 0.282572 1.567356
    2 7.485314 0.578143 -0.195318 0.890081 -0.102049 0.410802
    3 10.690096 1.385891 -1.976674 -3.057033 1.427718 1.780241
    4 6.028143 0.000001 0.000000 0.811162 0.442674 -0.490661
    5 11.692552 0.000000 0.000002 0.000000 0.000000 -1.799706
    6 10.705715 1.479638 1.898596 1.601880 -1.342982 3.210106
    7 6.028142 0.000001 0.000000 -1.475838 0.332729 -1.076739
    8 11.692555 0.000000 0.000000 0.000000 0.000000 -2.213175
    9 15.188233 2.686101 -0.085940 2.546210 -0.027636 0.012448
    10 3.890452 -0.000004 -0.000003 -2.740183 -0.611075 -0.779130
    11 17.848177 0.000000 0.000000 0.000000 0.000000 2.564749
    12 16.525253 0.000000 0.000000 -0.239717 0.297980 -0.959085
    13 -3.890452 0.000004 0.000007 1.400954 -0.978543 -4.461509
    14 17.848173 0.000000 0.000000 0.000000 0.000000 2.365559
    15 16.525257 0.000000 0.000000 -0.058001 -0.040269 -1.660184
  time 42
    0 -0.307046 0.292983 14.749784 2.027528 0.018277 -0.238459
    1 0.000005 3.345128 -2.981901 1.531586 0.282572 1.567356
    2 7.485314 0.578143 -0.195318 0.889823 -0.101545 0.410823
    3 10.690096 1.381985 -1.976674 -3.053317 1.427776 1.783862
    4 6.028143 0.000001 0.000000 0.811915 0.442996 -0.489915
    5 11.692552 0.000000 0.000002 0.000000 0.000000 -1.796511
    6 10.705715 1.483544 1.894690 1.602261 -1.342527 3.209531
    7 6.028142 0.000001 0.000000 -1.474254 0.334427 -1.078796
    8 11.692555 0.000000 0.000000 0.000000 0.000000 -2.214827
    9 15.188233 2.686101 -0.089846 2.546062 -0.027385 0.012383
    10 3.890452 -0.000004 -0.000003 -2.740275 -0.611300 -0.779044
    11 17.848177 0.000000 0.000000 0.000000 0.000000 2.564827
    12 16.525253 0.000000 0.000000 -0.239866 0.297899 -0.959053
    13 -3.890452 0.000004 0.000007 1.401226 -0.978412 -4.461509
    14 17.848173 0.000000 0.000000 0.000000 0.000000 2.365477
    15 16.525257 0.000000 0.000000 -0.058037 -0.040209 -1.659998
  time 43
    0 -0.307046 0.296889 14.749784 2.027528 0.018277 -0.238459
    1 0.000005 3.345128 -2.981901 1.531586 0.282572 1.567356
    2 7.485314 0.578143 -0.195318 0.889622 -0.101030 0.410823
    3 10.690096 1.381985 -1.976674 -3.049188 1.427820 1.787906
    4 6.028143 0.000001 0.000000 0.812583 0.443365 -0.489169
    5 11.692552 0.000000 0.000002 0.000000 0.000000 -1.793534
    6 10.705715 1.483544 1.894690 1.602642 -1.342050 3.209148
    7 6.028142 0.000001 0.000000 -1.473016 0.336126 -1.080931
    8 11.692555 0.000000 0.000000 0.000000 0.000000 -2.216178
    9 15.188233 2.686101 -0.089846 2.545963 -0.027133 0.012340
    10 3.890452 -0.000004 -0.000003 -2.740458 -0.611479 -0.778958
    11 17.848177 0.000000 0.000000 0.000000 0.000000 2.564904
    12 16.525253 0.000000 0.000000 -0.240044 0.297818 -0.959053
    13 -3.890452 0.000004 0.000007 1.401226 -0.978281 -4.461773
    14 17.848173 0.000000 0.000000 0.000000 0.000000 2.365395
    15 16.525257 0.000000 0.000000 -0.058055 -0.040189 -1.659813
  time 44
    0 -0.303139 0.296889 14.749784 2.027528 0.018277 -0.238459
    1 0.000005 3.345128 -2.981901 1.531586 0.282572 1.567356
    2 7.485314 0.578143 -0.195318 0.889478 -0.100515 0.410865
    3 10.690096 1.381985 -1.980580 -3.044646 1.427835 1.792433
    4 6.028143 0.000001 0.000000 0.813169 0.443734 -0.488424
    5 11.692552 0.000000 0.000002 0.000000 0.000000 -1.790702
    6 10.705715 1.483544 1.894690 1.602928 -1.341508 3.208860
    7 6.028142 0.000001 0.000000 -1.472076 0.337786 -1.083067
    8 11.692555 0.000000 0.000000 0.000000 0.000000 -2.217454
    9 15.188233 2.682194 -0.093753 2.545864 -0.026881 0.012276
    10 3.890452 -0.000004 -0.000003 -2.740549 -0.611704 -0.778958
    11 17.848177 0.000000 0.000000 0.000000 0.000000 2.564981
    12 16.525253 0.000000 0.000000 -0.240222 0.297716 -0.959085
    13 -3.890452 0.000004 0.000007 1.401226 -0.978194 -4.461773
    14 17.848173 0.000000 0.000000 0.000000 0.000000 2.365313
    15 16.525257 0.000000 0.000000 -0.058055 -0.040189 -1.659628
  time 45
    0 -0.303139 0.300795 14.749784 2.027528 0.018277 -0.238459
    1 0.000005 3.345128 -2.981901 1.531586 0.282572 1.567356
    2 7.485314 0.578143 -0.199225 0.889334 -0.099975 0.410886
    3 10.690096 1.381985 -1.980580 -3.039750 1.427820 1.797261
    4 6.028143 0.000001 0.000000 0.813670 0.444056 -0.487771
    5 11.692552 0.000000 0.000002 0.000000 0.000000 -1.788087
    6 10.705715 1.483544 1.894690 1.603119 -1.340923 3.208572
    7 6.028142 0.000001 0.000000 -1.471531 0.339447 -1.085243
    8 11.692555 0.000000 0.000000 0.000000 0.000000 -2.218430
    9 15.188233 2.682194 -0.093753 2.545766 -0.026630 0.012233
    10 3.890452 -0.000004 -0.000003 -2.740641 -0.611883 -0.778958
    11 17.848177 0.000000 0.000000 0.000000 0.000000 2.565058
    12 16.525253 0.000000 0.000000 -0.240430 0.297594 -0.959117
    13 -3.890452 0.000004 0.000007 1.401226 -0.978063 -4.461685
    14 17.848173 0.000000 0.000000 0.000000 0.000000 2.365231
    15 16.525257 0.000000 0.000000 -0.058037 -0.040209 -1.659443
  time 46
    0 -0.303139 0.300795 14.749784 2.027528 0.018277 -0.238459
    1 0.000005 3.345128 -2.981901 1.531586 0.282572 1.567356
    2 7.485314 0.578143 -0.199225 0.889219 -0.099448 0.410907
    3 10.690096 1.381985 -1.980580 -3.034501 1.427791 1.802512
    4 6.028143 0.000001 0.000000 0.814005 0.444425 -0.487026
    5 11.692552 0.000000 0.000002 0.000000 0.000000 -1.785764
    6 10.705715 1.483544 1.894690 1.603310 -1.340294 3.208381
    7 6.028142 0.000001 0.000000 -1.471333 0.341108 -1.087418
    8 11.692555 0.000000 0.000000 0.000000 0.000000 -2.219181
    9 15.188233 2.682194 -0.093753 2.545667 -0.026390 0.012169
    10 3.890452 -0.000004 -0.000003 -2.740732 -0.612108 -0.779044
    11 17.848177 0.000000 0.000000 0.000000 0.000000 2.565136
    12 16.525253 0.000000 0.000000 -0.240652 0.297492 -0.959213
    13 -3.890452 0.000004 0.000007 1.401226 -0.977931 -4.461773
    14 17.848173 0.000000 0.000000 0.000000 0.000000 2.365231
    15 16.525257 0.000000 0.000000 -0.058019 -0.040249 -1.659257
  time 47
    0 -0.299233 0.304702 14.749784 2.027528 0.018277 -0.238459
    1 0.000005 3.345128 -2.981901 1.531586 0.282572 1.567356
    2 7.485314 0.578143 -0.199225 0.889162 -0.098909 0.410950
    3 10.690096 1.381985 -1.980580 -3.028897 1.427733 1.808065
    4 6.028143 0.000001 0.000000 0.814256 0.444793 -0.486466
    5 11.692552 0.000000 0.000002 0.000000 0.000000 -1.783585
    6 10.709621 1.483544 1.894690 1.603405 -1.339644 3.208285
    7 6.028142 0.000001 0.000000 -1.471531 0.342731 -1.089514
    8 11.692555 0.000000 0.000000 0.000000 0.000000 -2.219707
    9 15.188233 2.682194 -0.097659 2.545617 -0.026150 0.012126
    10 3.890452 -0.000004 -0.000003 -2.740824 -0.612287 -0.779130
    11 17.848177 0.000000 0.000000 0.000000 0.000000 2.565136
    12 16.525253 0.000000 0.000000 -0.240890 0.297370 -0.959310
    13 -3.890452 0.000004 0.000007 1.401226 -0.977844 -4.461773
    14 17.848173 0.000000 0.000000 0.000000 0.000000 2.365149
    15 16.525257 0.000000 0.000000 -0.057965 -0.040309 -1.659109
  time 48
    0 -0.299233 0.304702 14.749784 2.027528 0.018277 -0.238459
    1 0.000005 3.345128 -2.981901 1.531586 0.282572 1.567356
    2 7.485314 0.578143 -0.199225 0.889133 -0.098382 0.410971
    3 10.690096 1.381985 -1.980580 -3.023057 1.427646 1.813919
    4 6.028143 0.000001 0.000000 0.814256 0.445208 -0.485907
    5 11.692552 0.000000 0.000002 0.000000 0.000000 -1.781697
    6 10.709621 1.483544 1.894690 1.603405 -1.338950 3.208189
    7 6.028142 0.000001 0.000000 -1.472125 0.344354 -1.091571
    8 11.692555 0.000000 0.000000 0.000000 0.000000 -2.220007
    9 15.188233 2.682194 -0.097659 2.545568 -0.025923 0.012061
    10 3.890452 -0.000004 -0.000003 -2.740824 -0.612512 -0.779301
    11 17.848177 0.000000 0.000000 0.000000 0.000000 2.565213
    12 16.525253 0.000000 0.000000 -0.241142 0.297248 -0.959470
    13 -3.890452 0.000004 0.000007 1.400954 -0.977713 -4.461773
    14 17.848173 0.000000 0.000000 0.000000 0.000000 2.365068
    15 16.525257 0.000000 0.000000 -0.057930 -0.040410 -1.658924
  time 49
    0 -0.295326 0.304702 14.749784 2.027528 0.018277 -0.238459
    1 0.000005 3.345128 -2.981901 1.531586 0.282572 1.567356
    2 7.485314 0.578143 -0.199225 0.889104 -0.097854 0.410992
    3 10.690096 1.381985 -1.980580 -3.016923 1.427558 1.820015
    4 6.028143 0.000001 0.000000 0.814172 0.445623 -0.485348
    5 11.692552 0.000000 0.000002 0.000000 0.000000 -1.780099
    6 10.709621 1.483544 1.890784 1.603310 -1.338213 3.208189
    7 6.028142 0.000001 0.000000 -1.473165 0.345939 -1.093509
    8 11.692555 0.000000 0.000000 0.000000 0.000000 -2.220007
    9 15.188233 2.682194 -0.101566 2.545568 -0.025695 0.012018
    10 3.890452 -0.000004 -0.000003 -2.740915 -0.612736 -0.779473
    11 17.848177 0.000000 0.000000 0.000000 0.000000 2.565213
    12 16.525253 0.000000 0.000000 -0.241409 0.297106 -0.959630
    13 -3.890452 0.000004 0.000007 1.400954 -0.977625 -4.461773
    14 17.848173 0.000000 0.000000 0.000000 0.000000 2.365068
    15 16.525257 0.000000 0.000000 -0.057858 -0.040510 -1.658776
  time 50
    0 -0.295326 0.304702 14.749784 2.027528 0.018277 -0.238459
    1 0.000005 3.345128 -2.981901 1.531586 0.282572 1.567356
    2 7.485314 0.574236 -0.203131 0.889104 -0.097339 0.411034
    3 10.690096 1.381985 -1.980580 -3.010553 1.427427 1.826353
    4 6.028143 0.000001 0.000000 0.813838 0.446129 -0.484975
    5 11.692552 0.000000 0.000002 0.000000 0.000000 -1.778720
    6 10.709621 1.483544 1.890784 1.603214 -1.337455 3.208285
    7 6.028142 0.000001 0.000000 -1.474650 0.347449 -1.095368
    8 11.692555 0.000000 0.000000 0.000000 0.000000 -2.219556
    9 15.188233 2.682194 -0.101566 2.545518 -0.025491 0.011975
    10 3.890452 -0.000004 -0.000003 -2.740915 -0.612916 -0.779645
    11 17.848177 0.000000 0.000000 0.000000 0.000000 2.565213
    12 16.525253 0.000000 0.000000 -0.241676 0.296963 -0.959822
    13 -3.890452 0.000004 0.000007 1.400682 -0.977538 -4.461509
    14 17.848173 0.000000 0.000000 0.000000 0.000000 2.364986
    15 16.525257 0.000000 0.000000 -0.057787 -0.040651 -1.658665
  time 51
    0 -0.291420 0.304702 14.749784 2.027528 0.018277 -0.238459
    1 0.000005 3.345128 -2.981901 1.531586 0.282572 1.567356
    2 7.485314 0.574236 -0.203131 0.889162 -0.096835 0.411055
    3 10.686190 1.381985 -1.980580 -3.004064 1.427282 1.832871
    4 6.028143 0.000001 0.000000 0.813252 0.446728 -0.484882
    5 11.692552 0.000000 0.000002 0.000000 0.000000 -1.777267
    6 10.709621 1.483544 1.890784 1.603024 -1.336653 3.208381
    7 6.028142 0.000001 0.000000 -1.476532 0.348732 -1.097069
    8 11.692555 0.000000 0.000000 0.000000 0.000000 -2.218581
    9 15.188233 2.682194 -0.101566 2.545518 -0.025287 0.011932
    10 3.890452 -0.000004 -0.000003 -2.740915 -0.613095 -0.779902
    11 17.848177 0.000000 0.000000 0.000000 0.000000 2.565213
    12 16.525253 0.000000 0.000000 -0.241958 0.296821 -0.960014
    13 -3.890452 0.000004 0.000007 1.400410 -0.977407 -4.461509
    14 17.848173 0.000000 0.000000 0.000000 0.000000 2.364904
    15 16.525257 0.000000 0.000000 -0.057698 -0.040792 -1.658516
  time 52
    0 -0.287514 0.308608 14.749784 2.027528 0.018277 -0.238459
    1 0.000005 3.345128 -2.981901 1.531586 0.282572 1.567356
    2 7.485314 0.574236 -0.203131 0.889219 -0.096356 0.411077
    3 10.686190 1.381985 -1.980580 -2.997340 1.427122 1.839510
    4 6.028143 0.000001 0.000000 0.812416 0.447420 -0.484882
    5 11.692552 0.000000 0.000002 0.000000 0.000000 -1.775888
    6 10.709621 1.483544 1.890784 1.602833 -1.335807 3.208572
    7 6.028142 0.000001 0.000000 -1.478760 0.349864 -1.098612
    8 11.692555 0.000000 0.000000 0.000000 0.000000 -2.217079
    9 15.188233 2.682194 -0.105472 2.545568 -0.025096 0.011889
    10 3.890452 -0.000004 -0.000003 -2.740915 -0.613320 -0.780245
    11 17.848177 0.000000 0.000000 0.000000 0.000000 2.565213
    12 16.525253 0.000000 0.000000 -0.242255 0.296658 -0.960238
    13 -3.890452 0.000004 0.000007 1.399956 -0.977319 -4.461509
    14 17.848173 0.000000 0.000000 0.000000 0.000000 2.364904
    15 16.525257 0.000000 0.000000 -0.057608 -0.040953 -1.658405
  time 53
    0 -0.287514 0.308608 14.749784 2.027528 0.018277 -0.238459
    1 0.000005 3.345128 -2.981901 1.531586 0.282572 1.567356
    2 7.485314 0.574236 -0.203131 0.889305 -0.095877 0.411098
    3 10.686190 1.381985 -1.984486 -2.990557 1.426933 1.846331
    4 6.028143 0.000001 0.000000 0.811497 0.448157 -0.484975
    5 11.692552 0.000000 0.000002 0.000000 0.000000 -1.774580
    6 10.709621 1.483544 1.890784 1.602547 -1.334962 3.208860
    7 6.028142 0.000001 0.000000 -1.481235 0.350770 -1.099956
    8 11.692555 0.000000 0.000000 0.000000 0.000000 -2.215127
    9 15.188233 2.682194 -0.105472 2.545568 -0.024928 0.011846
    10 3.890452 -0.000004 -0.000003 -2.740915 -0.613499 -0.780502
    11 17.848177 0.000000 0.000000 0.000000 0.000000 2.565213
    12 16.525253 0.000000 0.000000 -0.242552 0.296516 -0.960495
    13 -3.890452 0.000004 0.000007 1.399684 -0.977232 -4.461245
    14 17.848173 0.000000 0.000000 0.000000 0.000000 2.364822
    15 16.525257 0.000000 0.000000 -0.057501 -0.041134 -1.658294
  time 54
    0 -0.283607 0.308608 14.749784 2.027528 0.018277 -0.238459
    1 0.000005 3.345128 -2.981901 1.531586 0.282572 1.567356
    2 7.485314 0.574236 -0.207038 0.889420 -0.095433 0.411119
    3 10.686190 1.381985 -1.984486 -2.983656 1.426730 1.853272
    4 6.028143 0.000001 0.000000 0.810326 0.448940 -0.485255
    5 11.692552 0.000000 0.000002 0.000000 0.000000 -1.773273
    6 10.709621 1.479638 1.890784 1.602261 -1.334073 3.209052
    7 6.028142 0.000001 0.000000 -1.483909 0.351487 -1.101064
    8 11.692555 0.000000 0.000000 0.000000 0.000000 -2.212875
    9 15.188233 2.682194 -0.105472 2.545617 -0.024772 0.011803
    10 3.890452 -0.000004 -0.000003 -2.740915 -0.613679 -0.780931
    11 17.848177 0.000000 0.000000 0.000000 0.000000 2.565213
    12 16.525253 0.000000 0.000000 -0.242849 0.296353 -0.960751
    13 -3.890452 0.000004 0.000007 1.399503 -0.977145 -4.461245
    14 17.848173 0.000000 0.000000 0.000000 0.000000 2.364822
    15 16.525257 0.000000 0.000000 -0.057394 -0.041335 -1.658183
  time 55
    0 -0.279701 0.308608 14.749784 2.027528 0.018277 -0.238459
    1 0.000005 3.345128 -2.981901 1.531586 0.282572 1.567356
    2 7.485314 0.574236 -0.207038 0.889535 -0.095014 0.411140
    3 10.686190 1.381985 -1.984486 -2.976637 1.426497 1.860273
    4 6.028143 0.000001 0.000000 0.809072 0.449769 -0.485534
    5 11.692552 0.000000 0.000002 0.000000 0.000000 -1.772112
    6 10.713528 1.479638 1.890784 1.601880 -1.333141 3.209435
    7 6.028142 0.000001 0.000000 -1.486681 0.352016 -1.101895
    8 11.692555 0.000000 0.000000 0.000000 0.000000 -2.210248
    9 15.188233 2.682194 -0.105472 2.545667 -0.024628 0.011760
    10 3.890452 -0.000004 -0.000003 -2.740824 -0.613858 -0.781274
    11 17.848177 0.000000 0.000000 0.000000 0.000000 2.565213
    12 16.525253 0.000000 0.000000 -0.243161 0.296190 -0.961039
    13 -3.890452 0.000004 0.000007 1.399231 -0.977057 -4.460980
    14 17.848173 0.000000 0.000000 0.000000 0.000000 2.364822
    15 16.525257 0.000000 0.000000 -0.057269 -0.041556 -1.658072
  time 56
    0 -0.275795 0.308608 14.749784 2.027528 0.018277 -0.238459
    1 0.000005 3.345128 -2.981901 1.531586 0.282572 1.567356
    2 7.485314 0.574236 -0.207038 0.889679 -0.094618 0.411140
    3 10.686190 1.381985 -1.984486 -2.969617 1.426264 1.867274
    4 6.028143 0.000001 0.000000 0.807734 0.450599 -0.485907
    5 11.692552 0.000000 0.000002 0.000000 0.000000 -1.771022
    6 10.713528 1.479638 1.890784 1.601498 -1.332187 3.209723
    7 6.028142 0.000001 0.000000 -1.489503 0.352355 -1.102448
    8 11.692555 0.000000 0.000000 0.000000 0.000000 -2.207320
    9 15.188233 2.682194 -0.109378 2.545716 -0.024508 0.011718
    10 3.890452 -0.000004 -0.000003 -2.740732 -0.614038 -0.781703
    11 17.848177 0.000000 0.000000 0.000000 0.000000 2.565136
    12 16.525253 0.000000 0.000000 -0.243472 0.296027 -0.961327
    13 -3.890452 0.000004 0.000007 1.398777 -0.977013 -4.460980
    14 17.848173 0.000000 0.000000 0.000000 0.000000 2.364740
    15 16.525257 0.000000 0.000000 -0.057144 -0.041777 -1.657998
  time 57
    0 -0.271888 0.304702 14.749784 2.027528 0.018277 -0.238459
    1 0.000005 3.345128 -2.981901 1.531586 0.282572 1.567356
    2 7.485314 0.574236 -0.207038 0.889851 -0.094247 0.411161
    3 10.686190 1.381985 -1.984486 -2.962598 1.426003 1.874336
    4 6.028143 0.000001 0.000000 0.806313 0.451428 -0.486373
    5 11.692552 0.000000 0.000002 0.000000 0.000000 -1.770078
    6 10.713528 1.479638 1.890784 1.601022 -1.331233 3.210106
    7 6.028142 0.000001 0.000000 -1.492276 0.352544 -1.102646
    8 11.692555 0.000000 0.000000 0.000000 0.000000 -2.204317
    9 15.188233 2.682194 -0.109378 2.545766 -0.024401 0.011675
    10 3.890452 -0.000004 -0.000003 -2.740732 -0.614217 -0.782132
    11 17.848177 0.000000 0.000000 0.000000 0.000000 2.565136
    12 16.525253 0.000000 0.000000 -0.243784 0.295865 -0.961616
    13 -3.890452 0.000004 0.000007 1.398505 -0.976926 -4.460716
    14 17.848173 0.000000 0.000000 0.000000 0.000000 2.364740
    15 16.525257 0.000000 0.000000 -0.057001 -0.042018 -1.657924
  time 58
    0 -0.267982 0.304702 14.749784 2.027528 0.018277 -0.238459
    1 0.000005 3.345128 -2.981901 1.531586 0.282572 1.567356
    2 7.485314 0.574236 -0.207038 0.890024 -0.093923 0.411140
    3 10.686190 1.381985 -1.984486 -2.955638 1.425741 1.881398
    4 6.028143 0.000001 0.000000 0.804891 0.452211 -0.486839
    5 11.692552 0.000000 0.000002 0.000000 0.000000 -1.769279
    6 10.713528 1.479638 1.890784 1.600640 -1.330236 3.210490
    7 6.028142 0.000001 0.000000 -1.494999 0.352544 -1.102488
    8 11.692555 0.000000 0.000000 0.000000 0.000000 -2.201089
    9 15.188233 2.678288 -0.109378 2.545815 -0.024317 0.011632
    10 3.890452 -0.000004 -0.000003 -2.740641 -0.614397 -0.782561
    11 17.848177 0.000000 0.000000 0.000000 0.000000 2.565058
    12 16.525253 0.000000 0.000000 -0.244110 0.295702 -0.961968
    13 -3.890452 0.000004 0.000007 1.398233 -0.976882 -4.460716
    14 17.848173 0.000000 0.000000 0.000000 0.000000 2.364740
    15 16.525257 0.000000 0.000000 -0.056859 -0.042280 -1.657849
  time 59
    0 -0.264076 0.304702 14.749784 2.027528 0.018277 -0.238459
    1 0.000005 3.345128 -2.981901 1.531586 0.282572 1.567356
    2 7.485314 0.574236 -0.207038 0.890225 -0.093624 0.411140
    3 10.686190 1.381985 -1.984486 -2.948678 1.425450 1.888339
    4 6.028143 0.000001 0.000000 0.803386 0.452948 -0.487305
    5 11.692552 0.000000 0.000002 0.000000 0.000000 -1.768698
    6 10.713528 1.479638 1.890784 1.600164 -1.329217 3.210969
    7 6.028142 0.000001 0.000000 -1.497524 0.352393 -1.101934
    8 11.692555 0.000000 0.000000 0.000000 0.000000 -2.197861
    9 15.188233 2.678288 -0.109378 2.545914 -0.024257 0.011589
    10 3.890452 -0.000004 -0.000003 -2.740458 -0.614531 -0.783075
    11 17.848177 0.000000 0.000000 0.000000 0.000000 2.565058
    12 16.525253 0.000000 0.000000 -0.244422 0.295539 -0.962288
    13 -3.890452 0.000004 0.000007 1.397507 -0.976795 -4.460540
    14 17.848173 0.000000 0.000000 0.000000 0.000000 2.364658
    15 16.525257 0.000000 0.000000 -0.056716 -0.042541 -1.657812
  time 60
    0 -0.260169 0.304702 14.749784 2.027528 0.018277 -0.238459
    1 0.000005 3.345128 -2.981901 1.531586 0.282572 1.567356
    2 7.485314 0.574236 -0.210944 0.890426 -0.093372 0.411119
    3 10.686190 1.381985 -1.984486 -2.941836 1.425159 1.895280
    4 6.028143 0.000001 0.000000 0.801965 0.453639 -0.487678
    5 11.692552 0.000000 0.000002 0.000000 0.000000 -1.768263
    6 10.713528 1.479638 1.890784 1.599592 -1.328177 3.211448
    7 6.028142 0.000001 0.000000 -1.499851 0.352129 -1.100945
    8 11.692555 0.000000 0.000000 0.000000 0.000000 -2.194708
    9 15.188233 2.678288 -0.109378 2.546013 -0.024233 0.011546
    10 3.890452 -0.000004 -0.000003 -2.740366 -0.614711 -0.783504
    11 17.848177 0.000000 0.000000 0.000000 0.000000 2.564981
    12 16.525253 0.000000 0.000000 -0.244734 0.295376 -0.962641
    13 -3.890452 0.000004 0.000007 1.397054 -0.976751 -4.460540
    14 17.848173 0.000000 0.000000 0.000000 0.000000 2.364658
    15 16.525257 0.000000 0.000000 -0.056555 -0.042823 -1.657775
  time 61
    0 -0.256263 0.304702 14.749784 2.027528 0.018277 -0.238459
    1 0.000005 3.345128 -2.981901 1.531586 0.282572 1.567356
    2 7.485314 0.574236 -0.210944 0.890656 -0.093156 0.411077
    3 10.686190 1.381985 -1.984486 -2.935052 1.424854 1.902039
    4 6.028143 0.000001 0.000000 0.800544 0.454285 -0.488144
    5 11.692552 0.000000 0.000002 0.000000 0.000000 -1.768045
    6 10.713528 1.479638 1.890784 1.599115 -1.327137 3.211928
    7 6.028142 0.000001 0.000000 -1.501931 0.351789 -1.099561
    8 11.692555 0.000000 0.000000 0.000000 0.000000 -2.191555
    9 15.188233 2.678288 -0.109378 2.546112 -0.024221 0.011524
    10 3.890452 -0.000004 -0.000003 -2.740275 -0.614846 -0.784019
    11 17.848177 0.000000 0.000000 0.000000 0.000000 2.564904
    12 16.525253 0.000000 0.000000 -0.245045 0.295214 -0.962993
    13 -3.890452 0.000004 0.000007 1.396782 -0.976707 -4.460012
    14 17.848173 0.000000 0.000000 0.000000 0.000000 2.364658
    15 16.525257 0.000000 0.000000 -0.056394 -0.043104 -1.657738
  time 62
    0 -0.252356 0.300795 14.749784 2.027528 0.018277 -0.238459
    1 0.000005 3.345128 -2.981901 1.531586 0.282572 1.567356
    2 7.485314 0.574236 -0.210944 0.890915 -0.092976 0.411034
    3 10.686190 1.381985 -1.984486 -2.928446 1.424534 1.908739
    4 6.028143 0.000001 0.000000 0.799122 0.454745 -0.488424
    5 11.692552 0.000000 0.000002 0.000000 0.000000 -1.768045
    6 10.713528 1.479638 1.890784 1.598448 -1.326053 3.212503
    7 6.028142 0.000001 0.000000 -1.503763 0.351298 -1.097860
    8 11.692555 0.000000 0.000000 0.000000 0.000000 -2.188552
    9 15.188233 2.678288 -0.109378 2.546210 -0.024233 0.011481
    10 3.890452 -0.000004 -0.000003 -2.740092 -0.614980 -0.784619
    11 17.848177 0.000000 0.000000 0.000000 0.000000 2.564827
    12 16.525253 0.000000 0.000000 -0.245357 0.295051 -0.963345
    13 -3.890452 0.000004 0.000007 1.396328 -0.976664 -4.459747
    14 17.848173 0.000000 0.000000 0.000000 0.000000 2.364658
    15 16.525257 0.000000 0.000000 -0.056216 -0.043406 -1.657701
  time 63
    0 -0.248450 0.300795 14.749784 2.027528 0.018277 -0.238459
    1 0.000005 3.345128 -2.981901 1.531586 0.282572 1.567356
    2 7.485314 0.574236 -0.210944 0.891289 -0.092809 0.410992
    3 10.686190 1.381985 -1.984486 -2.921899 1.424156 1.915257
    4 6.028143 0.000001 0.000000 0.797868 0.454976 -0.488610
    5 11.692552 0.000000 0.000002 0.000000 0.000000 -1.768335
    6 10.713528 1.479638 1.890784 1.597685 -1.324991 3.213270
    7 6.028142 0.000001 0.000000 -1.505248 0.350657 -1.095843
    8 11.692555 0.000000 0.000000 0.000000 0.000000 -2.185624
    9 15.188233 2.678288 -0.105472 2.546408 -0.024257 0.011438
    10 3.890452 -0.000004 -0.000003 -2.740000 -0.615115 -0.785134
    11 17.848177 0.000000 0.000000 0.000000 0.000000 2.564749
    12 16.525253 0.000000 0.000000 -0.245669 0.294908 -0.963730
    13 -3.890452 0.000004 0.000007 1.395784 -0.976664 -4.459571
    14 17.848173 0.000000 0.000000 0.000000 0.000000 2.364658
    15 16.525257 0.000000 0.000000 -0.056055 -0.043707 -1.657701
  time 64
    0 -0.244544 0.296889 14.749784 2.027528 0.018277 -0.238459
    1 0.000005 3.345128 -2.981901 1.531586 0.282572 1.567356
    2 7.485314 0.574236 -0.210944 0.891720 -0.092641 0.410928
    3 10.686190 1.381985 -1.980580 -2.915587 1.423734 1.921655
    4 6.028143 0.000001 0.000000 0.796698 0.454976 -0.488703
    5 11.692552 0.000000 0.000002 0.000000 0.000000 -1.768989
    6 10.713528 1.479638 1.890784 1.596732 -1.323928 3.214133
    7 6.028142 0.000001 0.000000 -1.506387 0.349940 -1.093509
    8 11.692555 0.000000 0.000000 0.000000 0.000000 -2.182922
    9 15.188233 2.678288 -0.105472 2.546606 -0.024281 0.011395
    10 3.890452 -0.000004 -0.000003 -2.739817 -0.615205 -0.785649
    11 17.848177 0.000000 0.000000 0.000000 0.000000 2.564672
    12 16.525253 0.000000 0.000000 -0.245980 0.294746 -0.964082
    13 -3.890452 0.000004 0.000007 1.395058 -0.976620 -4.459571
    14 17.848173 0.000000 0.000000 0.000000 0.000000 2.364658
    15 16.525257 0.000000 0.000000 -0.055877 -0.044009 -1.657701
  time 65
    0 -0.240637 0.296889 14.749784 2.027528 0.018277 -0.238459
    1 0.000005 3.345128 -2.981901 1.531586 0.282572 1.567356
    2 7.485314 0.574236 -0.210944 0.892208 -0.092497 0.410844
    3 10.686190 1.381985 -1.980580 -2.909394 1.423283 1.927932
    4 6.028143 0.000001 0.000000 0.795694 0.454699 -0.488517
    5 11.692552 0.000000 0.000002 0.000000 0.000000 -1.769933
    6 10.713528 1.479638 1.890784 1.595779 -1.322866 3.215091
    7 6.028142 0.000001 0.000000 -1.507179 0.349072 -1.090938
    8 11.692555 0.000000 0.000000 0.000000 0.000000 -2.180445
    9 15.188233 2.678288 -0.105472 2.546804 -0.024329 0.011352
    10 3.890452 -0.000004 -0.000003 -2.739634 -0.615295 -0.786249
    11 17.848177 0.000000 0.000000 0.000000 0.000000 2.564595
    12 16.525253 0.000000 0.000000 -0.246262 0.294583 -0.964466
    13 -3.890452 0.000004 0.000007 1.394605 -0.976620 -4.459307
    14 17.848173 0.000000 0.000000 0.000000 0.000000 2.364658
    15 16.525257 0.000000 0.000000 -0.055698 -0.044330 -1.657701
  time 66
    0 -0.232825 0.296889 14.749784 2.027528 0.018277 -0.238459
    1 0.000005 3.345128 -2.981901 1.531586 0.282572 1.567356
    2 7.485314 0.574236 -0.210944 0.892783 -0.092353 0.410780
    3 10.686190 1.381985 -1.980580 -2.903378 1.422804 1.933968
    4 6.028143 0.000001 0.000000 0.794858 0.454192 -0.488237
    5 11.692552 0.000000 0.000002 0.000000 0.000000 -1.771167
    6 10.713528 1.479638 1.890784 1.594635 -1.321826 3.216146
    7 6.028142 0.000001 0.000000 -1.507525 0.348128 -1.088090
    8 11.692555 0.000000 0.000000 0.000000 0.000000 -2.178343
    9 15.188233 2.678288 -0.105472 2.547100 -0.024389 0.011309
    10 3.890452 -0.000004 -0.000003 -2.739451 -0.615429 -0.786849
    11 17.848177 0.000000 0.000000 0.000000 0.000000 2.564440
    12 16.525253 0.000000 0.000000 -0.246559 0.294441 -0.964851
    13 -3.890452 0.000004 0.000007 1.394061 -0.976576 -4.459043
    14 17.848173 0.000000 0.000000 0.000000 0.000000 2.364658
    15 16.525257 0.000000 0.000000 -0.055520 -0.044632 -1.657738
  time 67
    0 -0.228918 0.292983 14.749784 2.027528 0.018277 -0.238459
    1 0.000005 3.345128 -2.981901 1.531586 0.282572 1.567356
    2 7.485314 0.574236 -0.210944 0.893416 -0.092221 0.410696
    3 10.686190 1.385891 -1.980580 -2.897538 1.422295 1.939883
    4 6.028143 0.000001 0.000000 0.794189 0.453409 -0.487678
    5 11.692552 0.000000 0.000002 0.000000 0.000000 -1.772765
    6 10.713528 1.475732 1.894690 1.593300 -1.320785 3.217392
    7 6.028142 0.000001 0.000000 -1.507476 0.347147 -1.085045
    8 11.692555 0.000000 0.000000 0.000000 0.000000 -2.176541
    9 15.192140 2.678288 -0.101566 2.547397 -0.024449 0.011245
    10 3.890452 -0.000004 -0.000003 -2.739268 -0.615474 -0.787450
    11 17.848177 0.000000 0.000000 0.000000 0.000000 2.564363
    12 16.525253 0.000000 0.000000 -0.246826 0.294298 -0.965235
    13 -3.890452 0.000004 0.000007 1.393607 -0.976576 -4.458779
    14 17.848173 0.000000 0.000000 0.000000 0.000000 2.364658
    15 16.525257 0.000000 0.000000 -0.055341 -0.044954 -1.657775
  time 68
    0 -0.225012 0.289076 14.749784 2.027528 0.018277 -0.238459
    1 0.000005 3.345128 -2.981901 1.531586 0.282572 1.567356
    2 7.485314 0.574236 -0.210944 0.894077 -0.092102 0.410611
    3 10.686190 1.385891 -1.980580 -2.891875 1.421742 1.945556
    4 6.028143 0.000001 0.000000 0.793855 0.452349 -0.486746
    5 11.692552 0.000000 0.000002 0.000000 0.000000 -1.774726
    6 10.713528 1.475732 1.894690 1.591966 -1.319745 3.218734
    7 6.028142 0.000001 0.000000 -1.506981 0.346052 -1.081802
    8 11.692555 0.000000 0.000000 0.000000 0.000000 -2.175265
    9 15.192140 2.678288 -0.101566 2.547743 -0.024520 0.011202
    10 3.890452 -0.000004 -0.000003 -2.739085 -0.615564 -0.788050
    11 17.848177 0.000000 0.000000 0.000000 0.000000 2.564209
    12 16.525253 0.000000 0.000000 -0.247093 0.294156 -0.965652
    13 -3.890452 0.000004 0.000007 1.392881 -0.976620 -4.458514
    14 17.848173 0.000000 0.000000 0.000000 0.000000 2.364658
    15 16.525257 0.000000 0.000000 -0.055145 -0.045296 -1.657849
  time 69
    0 -0.221105 0.289076 14.749784 2.027528 0.018277 -0.238459
    1 0.000005 3.345128 -2.981901 1.531586 0.282572 1.567356
    2 7.485314 0.574236 -0.214850 0.894824 -0.091982 0.410505
    3 10.686190 1.385891 -1.980580 -2.886449 1.421175 1.951049
    4 6.028143 0.000001 0.000000 0.793521 0.451105 -0.485907
    5 11.692552 0.000000 0.000002 0.000000 0.000000 -1.776977
    6 10.713528 1.475732 1.894690 1.590440 -1.318748 3.220076
    7 6.028142 0.000001 0.000000 -1.506288 0.345109 -1.078400
    8 11.692555 0.000000 0.000000 0.000000 0.000000 -2.174064
    9 15.192140 2.678288 -0.101566 2.548089 -0.024604 0.011159
    10 3.890452 -0.000004 -0.000003 -2.738902 -0.615609 -0.788651
    11 17.848177 0.000000 0.000000 0.000000 0.000000 2.564131
    12 16.525253 0.000000 0.000000 -0.247346 0.294034 -0.966036
    13 -3.890452 0.000004 0.000007 1.392428 -0.976620 -4.458338
    14 17.848173 0.000000 0.000000 0.000000 0.000000 2.364658
    15 16.525257 0.000000 0.000000 -0.054966 -0.045617 -1.657887
  time 70
    0 -0.217199 0.285170 14.749784 2.027528 0.018277 -0.238459
    1 0.000005 3.345128 -2.981901 1.531586 0.282572 1.567356
    2 7.485314 0.574236 -0.214850 0.895600 -0.091874 0.410421
    3 10.686190 1.385891 -1.980580 -2.881199 1.420594 1.956300
    4 6.028143 0.000001 0.000000 0.792935 0.449815 -0.485068
    5 11.692552 0.000000 0.000002 0.000000 0.000000 -1.779301
    6 10.713528 1.475732 1.894690 1.588915 -1.317772 3.221610
    7 6.028142 0.000001 0.000000 -1.505495 0.344391 -1.074840
    8 11.692555 0.000000 0.000000 0.000000 0.000000 -2.172712
    9 15.192140 2.678288 -0.097659 2.548435 -0.024688 0.011116
    10 3.890452 -0.000004 -0.000003 -2.738628 -0.615654 -0.789251
    11 17.848177 0.000000 0.000000 0.000000 0.000000 2.563977
    12 16.525253 0.000000 0.000000 -0.247598 0.293912 -0.966420
    13 -3.890452 0.000004 0.000007 1.391884 -0.976620 -4.458338
    14 17.848173 0.000000 0.000000 0.000000 0.000000 2.364740
    15 16.525257 0.000000 0.000000 -0.054788 -0.045939 -1.657961
  time 71
    0 -0.213293 0.281264 14.749784 2.027528 0.018277 -0.238459
    1 0.000005 3.345128 -2.981901 1.531586 0.282572 1.567356
    2 7.485314 0.574236 -0.214850 0.896434 -0.091778 0.410336
    3 10.686190 1.385891 -1.976674 -2.876245 1.419983 1.961370
    4 6.028143 0.000001 0.000000 0.792266 0.448433 -0.484323
    5 11.692552 0.000000 0.000002 0.000000 0.000000 -1.781697
    6 10.713528 1.475732 1.894690 1.587294 -1.316797 3.223144
    7 6.028142 0.000001 0.000000 -1.504555 0.343750 -1.071201
    8 11.692555 0.000000 0.000000 0.000000 0.000000 -2.171136
    9 15.192140 2.678288 -0.097659 2.548682 -0.024760 0.011052
    10 3.890452 -0.000004 -0.000003 -2.738445 -0.615654 -0.789851
    11 17.848177 0.000000 0.000000 0.000000 0.000000 2.563900
    12 16.525253 0.000000 0.000000 -0.247821 0.293790 -0.966805
    13 -3.890452 0.000004 0.000007 1.391430 -0.976664 -4.457810
    14 17.848173 0.000000 0.000000 0.000000 0.000000 2.364740
    15 16.525257 0.000000 0.000000 -0.054591 -0.046281 -1.658072
  time 72
    0 -0.209386 0.281264 14.753691 2.027528 0.018277 -0.238459
    1 0.000005 3.345128 -2.981901 1.531586 0.282572 1.567356
    2 7.485314 0.574236 -0.214850 0.897296 -0.091694 0.410251
    3 10.690096 1.385891 -1.976674 -2.871467 1.419372 1.966198
    4 6.028143 0.000001 0.000000 0.791514 0.446959 -0.483577
    5 11.692552 0.000000 0.000002 0.000000 0.000000 -1.784166
    6 10.713528 1.471825 1.898596 1.585578 -1.315886 3.224774
    7 6.028142 0.000001 0.000000 -1.503366 0.343108 -1.067444
    8 11.692555 0.000000 0.000000 0.000000 0.000000 -2.169409
    9 15.192140 2.678288 -0.093753 2.548929 -0.024820 0.010987
    10 3.890452 -0.000004 -0.000003 -2.738170 -0.615699 -0.790452
    11 17.848177 0.000000 0.000000 0.000000 0.000000 2.563745
    12 16.525253 0.000000 0.000000 -0.248043 0.293667 -0.967189
    13 -3.890452 0.000004 0.000007 1.390705 -0.976707 -4.457546
    14 17.848173 0.000000 0.000000 0.000000 0.000000 2.364822
    15 16.525257 0.000000 0.000000 -0.054413 -0.046602 -1.658183
  time 73
    0 -0.205480 0.277357 14.753691 2.027528 0.018277 -0.238459
    1 0.000005 3.345128 -2.981901 1.531586 0.282572 1.567356
    2 7.485314 0.574236 -0.214850 0.898216 -0.091610 0.410167
    3 10.690096 1.389798 -1.976674 -2.866984 1.418732 1.970785
    4 6.028143 0.000001 0.000000 0.790761 0.445392 -0.482832
    5 11.692552 0.000000 0.000002 0.000000 0.000000 -1.786708
    6 10.713528 1.471825 1.898596 1.583863 -1.314976 3.226403
    7 6.028142 0.000001 0.000000 -1.501980 0.342466 -1.063607
    8 11.692555 0.000000 0.000000 0.000000 0.000000 -2.167532
    9 15.192140 2.678288 -0.093753 2.549077 -0.024880 0.010901
    10 3.890452 -0.000004 -0.000003 -2.737987 -0.615654 -0.791052
    11 17.848177 0.000000 0.000000 0.000000 0.000000 2.563591
    12 16.525253 0.000000 0.000000 -0.248236 0.293566 -0.967541
    13 -3.890452 0.000004 0.000007 1.390160 -0.976751 -4.457370
    14 17.848173 0.000000 0.000000 0.000000 0.000000 2.364822
    15 16.525257 0.000000 0.000000 -0.054217 -0.046924 -1.658294
  time 74
    0 -0.201574 0.273451 14.753691 2.027528 0.018277 -0.238459
    1 0.000005 3.345128 -2.981901 1.531586 0.282572 1.567356
    2 7.485314 0.574236 -0.214850 0.899135 -0.091550 0.410103
    3 10.690096 1.389798 -1.976674 -2.862678 1.418093 1.975131
    4 6.028143 0.000001 0.000000 0.790009 0.443734 -0.482086
    5 11.692552 0.000000 0.000002 0.000000 0.000000 -1.789249
    6 10.713528 1.471825 1.898596 1.582147 -1.314109 3.228033
    7 6.028142 0.000001 0.000000 -1.500396 0.341749 -1.059770
    8 11.692555 0.000000 0.000000 0.000000 0.000000 -2.165430
    9 15.192140 2.678288 -0.093753 2.549126 -0.024916 0.010815
    10 3.890452 -0.000004 -0.000003 -2.737713 -0.615654 -0.791653
    11 17.848177 0.000000 0.000000 0.000000 0.000000 2.563436
    12 16.525253 0.000000 0.000000 -0.248414 0.293484 -0.967926
    13 -3.890452 0.000004 0.000007 1.389707 -0.976795 -4.457105
    14 17.848173 0.000000 0.000000 0.000000 0.000000 2.364904
    15 16.525257 0.000000 0.000000 -0.054038 -0.047246 -1.658442
  time 75
    0 -0.197667 0.269544 14.753691 2.027528 0.018277 -0.238459
    1 0.000005 3.345128 -2.981901 1.531586 0.282572 1.567356
    2 7.485314 0.574236 -0.214850 0.900084 -0.091478 0.410040
    3 10.690096 1.389798 -1.976674 -2.858667 1.417453 1.979235
    4 6.028143 0.000001 0.000000 0.789173 0.442029 -0.481340
    5 11.692552 0.000000 0.000002 0.000000 0.000000 -1.791791
    6 10.709621 1.471825 1.898596 1.580335 -1.313285 3.229855
    7 6.028142 0.000001 0.000000 -1.498613 0.340957 -1.055934
    8 11.692555 0.000000 0.000000 0.000000 0.000000 -2.163253
    9 15.192140 2.678288 -0.089846 2.549176 -0.024952 0.010729
    10 3.890452 -0.000004 -0.000003 -2.737439 -0.615609 -0.792253
    11 17.848177 0.000000 0.000000 0.000000 0.000000 2.563282
    12 16.525253 0.000000 0.000000 -0.248578 0.293383 -0.968278
    13 -3.890452 0.000004 0.000007 1.389253 -0.976882 -4.456841
    14 17.848173 0.000000 0.000000 0.000000 0.000000 2.364904
    15 16.525257 0.000000 0.000000 -0.053860 -0.047568 -1.658590
  time 76
    0 -0.193761 0.265638 14.753691 2.027528 0.018277 -0.238459
    1 0.000005 3.345128 -2.981901 1.531586 0.282572 1.567356
    2 7.485314 0.574236 -0.214850 0.901061 -0.091418 0.409976
    3 10.690096 1.389798 -1.972767 -2.854892 1.416813 1.983038
    4 6.028143 0.000001 0.000000 0.788420 0.440232 -0.480501
    5 11.692552 0.000000 0.000002 0.000000 0.000000 -1.794332
    6 10.709621 1.467919 1.898596 1.578524 -1.312505 3.231580
    7 6.028142 0.000001 0.000000 -1.496683 0.340089 -1.052097
    8 11.692555 0.000000 0.000000 0.000000 0.000000 -2.160926
    9 15.192140 2.678288 -0.085940 2.549176 -0.024976 0.010643
    10 3.890452 -0.000004 -0.000003 -2.737164 -0.615564 -0.792853
    11 17.848177 0.000000 0.000000 0.000000 0.000000 2.563127
    12 16.525253 0.000000 0.000000 -0.248726 0.293322 -0.968630
    13 -3.890452 0.000004 0.000007 1.388709 -0.976970 -4.456577
    14 17.848173 0.000000 0.000000 0.000000 0.000000 2.364986
    15 16.525257 0.000000 0.000000 -0.053681 -0.047889 -1.658739
  time 77
    0 -0.189855 0.265638 14.753691 2.027528 0.018277 -0.238459
    1 0.000005 3.345128 -2.981901 1.531586 0.282572 1.567356
    2 7.485314 0.574236 -0.214850 0.902038 -0.091371 0.409934
    3 10.690096 1.393704 -1.972767 -2.851412 1.416159 1.986659
    4 6.028143 0.000001 0.000000 0.787668 0.438343 -0.479663
    5 11.692552 0.000000 0.000002 0.000000 0.000000 -1.796874
    6 10.709621 1.467919 1.902503 1.576618 -1.311768 3.233306
    7 6.028142 0.000001 0.000000 -1.494653 0.339145 -1.048300
    8 11.692555 0.000000 0.000000 0.000000 0.000000 -2.158599
    9 15.192140 2.678288 -0.085940 2.549077 -0.024988 0.010558
    10 3.890452 -0.000004 -0.000003 -2.736890 -0.615474 -0.793454
    11 17.848177 0.000000 0.000000 0.000000 0.000000 2.562973
    12 16.525253 0.000000 0.000000 -0.248845 0.293261 -0.968983
    13 -3.890452 0.000004 0.000007 1.387983 -0.977057 -4.456401
    14 17.848173 0.000000 0.000000 0.000000 0.000000 2.365068
    15 16.525257 0.000000 0.000000 -0.053502 -0.048191 -1.658924
  time 78
    0 -0.185948 0.261732 14.753691 2.027528 0.018277 -0.238459
    1 0.000005 3.345128 -2.981901 1.531586 0.282572 1.567356
    2 7.485314 0.574236 -0.214850 0.903016 -0.091335 0.409891
    3 10.690096 1.393704 -1.972767 -2.848168 1.415519 1.989979
    4 6.028143 0.000001 0.000000 0.786999 0.436454 -0.478824
    5 11.692552 0.000000 0.000002 0.000000 0.000000 -1.799416
    6 10.709621 1.467919 1.902503 1.574806 -1.311096 3.235127
    7 6.028142 0.000001 0.000000 -1.492474 0.338088 -1.044582
    8 11.692555 0.000000 0.000000 0.000000 0.000000 -2.156197
    9 15.192140 2.678288 -0.082034 2.548929 -0.025000 0.010450
    10 3.890452 -0.000004 -0.000003 -2.736615 -0.615384 -0.794054
    11 17.848177 0.000000 0.000000 0.000000 0.000000 2.562818
    12 16.525253 0.000000 0.000000 -0.248949 0.293200 -0.969335
    13 -3.890452 0.000004 0.000007 1.387530 -0.977145 -4.456137
    14 17.848173 0.000000 0.000000 0.000000 0.000000 2.365068
    15 16.525257 0.000000 0.000000 -0.053324 -0.048513 -1.659109
  time 79
    0 -0.182042 0.253919 14.753691 2.027528 0.018277 -0.238459
    1 0.000005 3.345128 -2.981901 1.531586 0.282572 1.567356
    2 7.485314 0.574236 -0.214850 0.904022 -0.091299 0.409870
    3 10.690096 1.393704 -1.972767 -2.845219 1.414894 1.993057
    4 6.028143 0.000001 0.000000 0.786247 0.434519 -0.477985
    5 11.692552 0.000000 0.000002 0.000000 0.000000 -1.801957
    6 10.709621 1.467919 1.902503 1.572995 -1.310446 3.236949
    7 6.028142 0.000001 0.000000 -1.490246 0.336956 -1.040943
    8 11.692555 0.000000 0.000000 0.000000 0.000000 -2.153794
    9 15.192140 2.678288 -0.082034 2.548731 -0.025000 0.010364
    10 3.890452 -0.000004 -0.000003 -2.736249 -0.615250 -0.794655
    11 17.848177 0.000000 0.000000 0.000000 0.000000 2.562664
    12 16.525253 0.000000 0.000000 -0.249053 0.293159 -0.969719
    13 -3.890452 0.000004 0.000007 1.386986 -0.977276 -4.455872
    14 17.848173 0.000000 0.000000 0.000000 0.000000 2.365149
    15 16.525257 0.000000 0.000000 -0.053128 -0.048874 -1.659369
  time 80
    0 -0.178135 0.250013 14.753691 2.027528 0.018277 -0.238459
    1 0.000005 3.345128 -2.981901 1.531586 0.282572 1.567356
    2 7.485314 0.574236 -0.218757 0.904999 -0.091263 0.409870
    3 10.690096 1.393704 -1.968861 -2.842564 1.414283 1.995833
    4 6.028143 0.000001 0.000000 0.785578 0.432538 -0.477053
    5 11.692552 0.000000 0.000002 0.000000 0.000000 -1.804572
    6 10.709621 1.467919 1.902503 1.571184 -1.309882 3.238674
    7 6.028142 0.000001 0.000000 -1.488018 0.335710 -1.037463
    8 11.692555 0.000000 0.000000 0.000000 0.000000 -2.151392
    9 15.192140 2.678288 -0.078127 2.548533 -0.024988 0.010257
    10 3.890452 -0.000004 -0.000003 -2.735883 -0.615070 -0.795427
    11 17.848177 0.000000 0.000000 0.000000 0.000000 2.562432
    12 16.525253 0.000000 0.000000 -0.249127 0.293098 -0.970136
    13 -3.890452 0.000004 0.000007 1.386079 -0.977407 -4.455344
    14 17.848173 0.000000 0.000000 0.000000 0.000000 2.365313
    15 16.525257 0.000000 0.000000 -0.052896 -0.049257 -1.659665
  time 81
    0 -0.174229 0.246106 14.753691 2.027528 0.018277 -0.238459
    1 0.000005 3.345128 -2.981901 1.531586 0.282572 1.567356
    2 7.485314 0.574236 -0.218757 0.906005 -0.091251 0.409891
    3 10.690096 1.397610 -1.968861 -2.840205 1.413672 1.998308
    4 6.028143 0.000001 0.000000 0.784909 0.430603 -0.476121
    5 11.692552 0.000000 0.000002 0.000000 0.000000 -1.807113
    6 10.709621 1.464013 1.906409 1.569372 -1.309362 3.240496
    7 6.028142 0.000001 0.000000 -1.485840 0.334352 -1.034101
    8 11.692555 0.000000 0.000000 0.000000 0.000000 -2.149065
    9 15.192140 2.678288 -0.078127 2.548237 -0.024976 0.010171
    10 3.890452 -0.000004 -0.000003 -2.735517 -0.614846 -0.796199
    11 17.848177 0.000000 0.000000 0.000000 0.000000 2.562200
    12 16.525253 0.000000 0.000000 -0.249201 0.293057 -0.970584
    13 -3.890452 0.000004 0.000007 1.385535 -0.977582 -4.455168
    14 17.848173 0.000000 0.000000 0.000000 0.000000 2.365395
    15 16.525257 0.000000 0.000000 -0.052663 -0.049679 -1.659998
  time 82
    0 -0.170323 0.238294 14.757597 2.027528 0.018277 -0.238459
    1 0.000005 3.345128 -2.981901 1.531586 0.282572 1.567356
    2 7.485314 0.574236 -0.218757 0.906982 -0.091227 0.409934
    3 10.690096 1.397610 -1.968861 -2.838081 1.413091 2.000541
    4 6.028143 0.000001 0.000000 0.784324 0.428621 -0.475282
    5 11.692552 0.000000 0.000002 0.000000 0.000000 -1.809655
    6 10.709621 1.464013 1.906409 1.567561 -1.308907 3.242221
    7 6.028142 0.000001 0.000000 -1.483711 0.332955 -1.030897
    8 11.692555 0.000000 0.000000 0.000000 0.000000 -2.146888
    9 15.192140 2.678288 -0.074221 2.547891 -0.024952 0.010085
    10 3.890452 -0.000004 -0.000003 -2.735060 -0.614666 -0.797056
    11 17.848177 0.000000 0.000000 0.000000 0.000000 2.561891
    12 16.525253 0.000000 0.000000 -0.249275 0.293037 -0.971033
    13 -3.890452 0.000004 0.000007 1.384809 -0.977757 -4.454640
    14 17.848173 0.000000 0.000000 0.000000 0.000000 2.365477
    15 16.525257 0.000000 0.000000 -0.052414 -0.050101 -1.660332
  time 83
    0 -0.166416 0.234387 14.757597 2.027528 0.018277 -0.238459
    1 0.000005 3.345128 -2.981901 1.531586 0.282572 1.567356
    2 7.485314 0.574236 -0.218757 0.907931 -0.091215 0.409976
    3 10.690096 1.397610 -1.968861 -2.836253 1.412524 2.002472
    4 6.028143 0.000001 0.000000 0.783738 0.426686 -0.474350
    5 11.692552 0.000000 0.000002 0.000000 0.000000 -1.812124
    6 10.709621 1.464013 1.906409 1.565845 -1.308516 3.244043
    7 6.028142 0.000001 0.000000 -1.481631 0.331408 -1.027930
    8 11.692555 0.000000 0.000000 0.000000 0.000000 -2.144711
    9 15.192140 2.678288 -0.074221 2.547495 -0.024928 0.009999
    10 3.890452 -0.000004 -0.000003 -2.734602 -0.614397 -0.797914
    11 17.848177 0.000000 0.000000 0.000000 0.000000 2.561660
    12 16.525253 0.000000 0.000000 -0.249335 0.292996 -0.971545
    13 -3.890452 0.000004 0.000007 1.384083 -0.977975 -4.454375
    14 17.848173 0.000000 0.000000 0.000000 0.000000 2.365640
    15 16.525257 0.000000 0.000000 -0.052164 -0.050563 -1.660739
  time 84
    0 -0.158604 0.226574 14.757597 2.027528 0.018277 -0.238459
    1 0.000005 3.345128 -2.981901 1.531586 0.282572 1.567356
    2 7.485314 0.574236 -0.218757 0.908879 -0.091215 0.410061
    3 10.690096 1.397610 -1.964955 -2.834778 1.411986 2.004162
    4 6.028143 0.000001 0.000000 0.783237 0.424751 -0.473511
    5 11.692552 0.000000 0.000002 0.000000 0.000000 -1.814665
    6 10.709621 1.464013 1.906409 1.564129 -1.308191 3.245768
    7 6.028142 0.000001 0.000000 -1.479700 0.329822 -1.025122
    8 11.692555 0.000000 0.000000 0.000000 0.000000 -2.142759
    9 15.192140 2.678288 -0.070315 2.547051 -0.024892 0.009913
    10 3.890452 -0.000004 -0.000003 -2.734054 -0.614128 -0.798772
    11 17.848177 0.000000 0.000000 0.000000 0.000000 2.561351
    12 16.525253 0.000000 0.000000 -0.249379 0.292976 -0.972058
    13 -3.890452 0.000004 0.000007 1.382904 -0.978194 -4.453935
    14 17.848173 0.000000 0.000000 0.000000 0.000000 2.365804
    15 16.525257 0.000000 0.000000 -0.051878 -0.051046 -1.661147
  time 85
    0 -0.154697 0.218762 14.757597 2.027528 0.018277 -0.238459
    1 0.000005 3.345128 -2.981901 1.531586 0.282572 1.567356
    2 7.485314 0.574236 -0.218757 0.909799 -0.091215 0.410167
    3 10.690096 1.401517 -1.964955 -2.833540 1.411477 2.005490
    4 6.028143 0.000001 0.000000 0.782735 0.422862 -0.472672
    5 11.692552 0.000000 0.000002 0.000000 0.000000 -1.817207
    6 10.709621 1.464013 1.910315 1.562413 -1.307953 3.247398
    7 6.028142 0.000001 0.000000 -1.477918 0.328124 -1.022591
    8 11.692555 0.000000 0.000000 0.000000 0.000000 -2.140882
    9 15.188233 2.678288 -0.066408 2.546556 -0.024856 0.009849
    10 3.890452 -0.000004 -0.000003 -2.733596 -0.613813 -0.799715
    11 17.848177 0.000000 0.000000 0.000000 0.000000 2.561042
    12 16.525253 0.000000 0.000000 -0.249424 0.292955 -0.972570
    13 -3.890452 0.000004 0.000007 1.382179 -0.978456 -4.453671
    14 17.848173 0.000000 0.000000 0.000000 0.000000 2.365886
    15 16.525257 0.000000 0.000000 -0.051592 -0.051569 -1.661592
  time 86
    0 -0.150791 0.210949 14.757597 2.027528 0.018277 -0.238459
    1 0.000005 3.345128 -2.981901 1.531586 0.282572 1.567356
    2 7.485314 0.574236 -0.218757 0.910690 -0.091215 0.410294
    3 10.690096 1.401517 -1.964955 -2.832655 1.410997 2.006576
    4 6.028143 0.000001 0.000000 0.782233 0.421019 -0.471740
    5 11.692552 0.000000 0.000002 0.000000 0.000000 -1.819676
    6 10.709621 1.460106 1.910315 1.560888 -1.307758 3.249028
    7 6.028142 0.000001 0.000000 -1.476383 0.326388 -1.020257
    8 11.692555 0.000000 0.000000 0.000000 0.000000 -2.139231
    9 15.188233 2.678288 -0.066408 2.546013 -0.024808 0.009784
    10 3.890452 -0.000004 -0.000003 -2.733047 -0.613499 -0.800744
    11 17.848177 0.000000 0.000000 0.000000 0.000000 2.560733
    12 16.525253 0.000000 0.000000 -0.249453 0.292935 -0.973115
    13 -3.890452 0.000004 0.000007 1.381181 -0.978674 -4.452966
    14 17.848173 0.000000 0.000000 0.000000 0.000000 2.366050
    15 16.525257 0.000000 0.000000 -0.051289 -0.052091 -1.662036
  time 87
    0 -0.142978 0.203136 14.761503 2.027528 0.018277 -0.238459
    1 0.000005 3.345128 -2.981901 1.531586 0.282572 1.567356
    2 7.485314 0.574236 -0.218757 0.911581 -0.091239 0.410442
    3 10.690096 1.401517 -1.964955 -2.832065 1.410532 2.007301
    4 6.028143 0.000001 0.000000 0.781899 0.419176 -0.470902
    5 11.692552 0.000000 0.000002 0.000000 0.000000 -1.822218
    6 10.705715 1.460106 1.910315 1.559268 -1.307541 3.250753
    7 6.028142 0.000001 0.000000 -1.474997 0.324500 -1.018121
    8 11.692555 0.000000 0.000000 0.000000 0.000000 -2.137729
    9 15.188233 2.682194 -0.062502 2.545420 -0.024748 0.009741
    10 3.890452 -0.000004 -0.000003 -2.732407 -0.613185 -0.801774
    11 17.848177 0.000000 0.000000 0.000000 0.000000 2.560346
    12 16.525253 0.000000 0.000000 -0.249483 0.292935 -0.973691
    13 -3.890452 0.000004 0.000007 1.380183 -0.978980 -4.452438
    14 17.848173 0.000000 0.000000 0.000000 0.000000 2.366213
    15 16.525257 0.000000 0.000000 -0.050985 -0.052634 -1.662555
  time 88
    0 -0.139072 0.195323 14.761503 2.027528 0.018277 -0.238459
    1 0.000005 3.345128 -2.981901 1.531586 0.282572 1.567356
    2 7.485314 0.574236 -0.218757 0.912530 -0.091275 0.410632
    3 10.690096 1.401517 -1.964955 -2.832006 1.410052 2.007542
    4 6.028143 0.000001 0.000000 0.781564 0.417241 -0.470063
    5 11.692552 0.000000 0.000002 0.000000 0.000000 -1.824759
    6 10.705715 1.460106 1.910315 1.557456 -1.307324 3.252479
    7 6.028142 0.000001 0.000000 -1.473710 0.322349 -1.016143
    8 11.692555 0.000000 0.000000 0.000000 0.000000 -2.136453
    9 15.188233 2.682194 -0.062502 2.544876 -0.024700 0.009698
    10 3.890452 -0.000004 -0.000003 -2.731858 -0.612826 -0.802803
    11 17.848177 0.000000 0.000000 0.000000 0.000000 2.559960
    12 16.525253 0.000000 0.000000 -0.249498 0.292915 -0.974236
    13 -3.890452 0.000004 0.000007 1.379004 -0.979243 -4.451998
    14 17.848173 0.000000 0.000000 0.000000 0.000000 2.366377
    15 16.525257 0.000000 0.000000 -0.050682 -0.053177 -1.663037
  time 89
    0 -0.131259 0.183604 14.761503 2.027528 0.018277 -0.238459
    1 0.000005 3.345128 -2.981901 1.531586 0.282572 1.567356
    2 7.485314 0.578143 -0.218757 0.913536 -0.091323 0.410844
    3 10.694003 1.405423 -1.961048 -2.832360 1.409572 2.007361
    4 6.028143 0.000001 0.000000 0.781314 0.415214 -0.469131
    5 11.692552 0.000000 0.000002 0.000000 0.000000 -1.827373
    6 10.705715 1.460106 1.914222 1.555645 -1.307107 3.254396
    7 6.028142 0.000001 0.000000 -1.472521 0.320009 -1.014205
    8 11.692555 0.000000 0.000000 0.000000 0.000000 -2.135252
    9 15.188233 2.682194 -0.058596 2.544332 -0.024640 0.009677
    10 3.890452 -0.000004 -0.000003 -2.731217 -0.612467 -0.803832
    11 17.848177 0.000000 0.000000 0.000000 0.000000 2.559651
    12 16.525253 0.000000 0.000000 -0.249513 0.292915 -0.974844
    13 -3.890452 0.000004 0.000007 1.378006 -0.979505 -4.451469
    14 17.848173 0.000000 0.000000 0.000000 0.000000 2.366623
    15 16.525257 0.000000 0.000000 -0.050343 -0.053740 -1.663592
  time 90
    0 -0.127353 0.175792 14.761503 2.027528 0.018277 -0.238459
    1 0.000005 3.345128 -2.981901 1.531586 0.282572 1.567356
    2 7.485314 0.578143 -0.218757 0.914599 -0.091394 0.411077
    3 10.694003 1.405423 -1.961048 -2.833186 1.409092 2.006758
    4 6.028143 0.000001 0.000000 0.781146 0.413095 -0.468292
    5 11.692552 0.000000 0.000002 0.000000 0.000000 -1.830060
    6 10.705715 1.460106 1.914222 1.553739 -1.306869 3.256409
    7 6.028142 0.000001 0.000000 -1.471283 0.317480 -1.012307
    8 11.692555 0.000000 0.000000 0.000000 0.000000 -2.134276
    9 15.188233 2.682194 -0.054689 2.543739 -0.024580 0.009655
    10 3.890452 -0.000004 -0.000003 -2.730669 -0.612063 -0.804947
    11 17.848177 0.000000 0.000000 0.000000 0.000000 2.559265
    12 16.525253 0.000000 0.000000 -0.249513 0.292915 -0.975421
    13 -3.890452 0.000004 0.000007 1.377281 -0.979811 -4.450765
    14 17.848173 0.000000 0.000000 0.000000 0.000000 2.366786
    15 16.525257 0.000000 0.000000 -0.050021 -0.054323 -1.664148
  time 91
    0 -0.119540 0.167979 14.761503 2.027528 0.018277 -0.238459
    1 0.000005 3.345128 -2.981901 1.531586 0.282572 1.567356
    2 7.485314 0.578143 -0.222663 0.915663 -0.091478 0.411331
    3 10.694003 1.405423 -1.961048 -2.834483 1.408627 2.005731
    4 6.028143 0.000001 0.000000 0.780979 0.410929 -0.467453
    5 11.692552 0.000000 0.000002 0.000000 0.000000 -1.832747
    6 10.705715 1.456200 1.914222 1.551832 -1.306652 3.258518
    7 6.028142 0.000001 0.000000 -1.470095 0.314687 -1.010369
    8 11.692555 0.000000 0.000000 0.000000 0.000000 -2.133525
    9 15.188233 2.686101 -0.054689 2.543195 -0.024520 0.009655
    10 3.890452 -0.000004 -0.000003 -2.730028 -0.611704 -0.806062
    11 17.848177 0.000000 0.000000 0.000000 0.000000 2.558879
    12 16.525253 0.000000 0.000000 -0.249513 0.292915 -0.976029
    13 -3.890452 0.000004 0.000007 1.376011 -0.980117 -4.450236
    14 17.848173 0.000000 0.000000 0.000000 0.000000 2.366950
    15 16.525257 0.000000 0.000000 -0.049682 -0.054906 -1.664704
  time 92
    0 -0.115633 0.160166 14.765410 2.027528 0.018277 -0.238459
    1 0.000005 3.345128 -2.981901 1.531586 0.282572 1.567356
    2 7.485314 0.578143 -0.222663 0.916784 -0.091586 0.411606
    3 10.694003 1.409329 -1.957142 -2.836194 1.408147 2.004223
    4 6.028143 0.000001 0.000000 0.780896 0.408672 -0.466614
    5 11.692552 0.000000 0.000002 0.000000 0.000000 -1.835507
    6 10.705715 1.456200 1.914222 1.549735 -1.306414 3.260627
    7 6.028142 0.000001 0.000000 -1.468857 0.311705 -1.008470
    8 11.692555 0.000000 0.000000 0.000000 0.000000 -2.132925
    9 15.188233 2.686101 -0.050783 2.542652 -0.024449 0.009655
    10 3.890452 -0.000004 -0.000003 -2.729388 -0.611300 -0.807177
    11 17.848177 0.000000 0.000000 0.000000 0.000000 2.558492
    12 16.525253 0.000000 0.000000 -0.249498 0.292915 -0.976638
    13 -3.890452 0.000004 0.000007 1.375013 -0.980423 -4.449796
    14 17.848173 0.000000 0.000000 0.000000 0.000000 2.367114
    15 16.525257 0.000000 0.000000 -0.049343 -0.055510 -1.665260
  time 93
    0 -0.107821 0.148447 14.765410 2.027528 0.018277 -0.238459
    1 0.000005 3.345128 -2.981901 1.531586 0.282572 1.567356
    2 7.485314 0.578143 -0.222663 0.917933 -0.091694 0.411881
    3 10.694003 1.409329 -1.957142 -2.838376 1.407696 2.002231
    4 6.028143 0.000001 0.000000 0.780896 0.406414 -0.465775
    5 11.692552 0.000000 0.000002 0.000000 0.000000 -1.838266
    6 10.705715 1.456200 1.918128 1.547637 -1.306175 3.262832
    7 6.028142 0.000001 0.000000 -1.467719 0.308573 -1.006532
    8 11.692555 0.000000 0.000000 0.000000 0.000000 -2.132474
    9 15.188233 2.686101 -0.050783 2.542158 -0.024389 0.009677
    10 3.890452 -0.000004 -0.000003 -2.728747 -0.610851 -0.808292
    11 17.848177 0.000000 0.000000 0.000000 0.000000 2.558106
    12 16.525253 0.000000 0.000000 -0.249498 0.292915 -0.977246
    13 -3.890452 0.000004 0.000007 1.373562 -0.980773 -4.449268
    14 17.848173 0.000000 0.000000 0.000000 0.000000 2.367359
    15 16.525257 0.000000 0.000000 -0.049004 -0.056113 -1.665852
  time 94
    0 -0.103914 0.140634 14.765410 2.027528 0.018277 -0.238459
    1 0.000005 3.345128 -2.981901 1.531586 0.282572 1.567356
    2 7.481408 0.578143 -0.222663 0.919112 -0.091814 0.412198
    3 10.694003 1.413236 -1.957142 -2.840854 1.407231 1.999998
    4 6.028143 0.000001 0.000000 0.780979 0.404064 -0.464937
    5 11.692552 0.000000 0.000002 0.000000 0.000000 -1.841026
    6 10.701809 1.456200 1.918128 1.545540 -1.305937 3.265133
    7 6.028142 0.000001 0.000000 -1.466580 0.305214 -1.004633
    8 11.692555 0.000000 0.000000 0.000000 0.000000 -2.132174
    9 15.188233 2.690007 -0.046876 2.541614 -0.024317 0.009698
    10 3.890452 -0.000004 -0.000003 -2.728015 -0.610447 -0.809407
    11 17.848177 0.000000 0.000000 0.000000 0.000000 2.557643
    12 16.525253 0.000000 0.000000 -0.249483 0.292935 -0.977855
    13 -3.890452 0.000004 0.000007 1.372655 -0.981079 -4.448563
    14 17.848173 0.000000 0.000000 0.000000 0.000000 2.367523
    15 16.525257 0.000000 0.000000 -0.048665 -0.056716 -1.666445
  time 95
    0 -0.096102 0.128915 14.765410 2.027528 0.018277 -0.238459
    1 0.000005 3.345128 -2.981901 1.531586 0.282572 1.567356
    2 7.481408 0.582049 -0.222663 0.920319 -0.091958 0.412516
    3 10.694003 1.413236 -1.957142 -2.843272 1.406751 1.997825
    4 6.028143 0.000001 0.000000 0.781146 0.401714 -0.464005
    5 11.692552 0.000000 0.000002 0.000000 0.000000 -1.843785
    6 10.701809 1.456200 1.918128 1.543348 -1.305698 3.267434
    7 6.028142 0.000001 0.000000 -1.465441 0.301703 -1.002774
    8 11.692555 0.000000 0.000000 0.000000 0.000000 -2.132099
    9 15.184327 2.690007 -0.042970 2.541070 -0.024257 0.009741
    10 3.890452 -0.000004 -0.000003 -2.727375 -0.610043 -0.810522
    11 17.848177 0.000000 0.000000 0.000000 0.000000 2.557257
    12 16.525253 0.000000 0.000000 -0.249453 0.292935 -0.978464
    13 -3.890452 0.000004 0.000007 1.371385 -0.981428 -4.448035
    14 17.848173 0.000000 0.000000 0.000000 0.000000 2.367687
    15 16.525257 0.000000 0.000000 -0.048326 -0.057319 -1.667038
  time 96
    0 -0.092195 0.121102 14.769316 2.027528 0.018277 -0.238459
    1 0.000005 3.345128 -2.981901 1.531586 0.282572 1.567356
    2 7.481408 0.582049 -0.222663 0.921526 -0.092102 0.412833
    3 10.694003 1.413236 -1.953236 -2.845690 1.406271 1.995652
    4 6.028143 0.000001 0.000000 0.781314 0.399365 -0.463166
    5 11.692552 0.000000 0.000002 0.000000 0.000000 -1.846617
    6 10.701809 1.456200 1.922035 1.541155 -1.305460 3.269735
    7 6.028142 0.000001 0.000000 -1.464600 0.298155 -1.000915
    8 11.692555 0.000000 0.000000 0.000000 0.000000 -2.132549
    9 15.184327 2.690007 -0.039064 2.540576 -0.024185 0.009763
    10 3.890452 -0.000004 -0.000003 -2.726735 -0.609594 -0.811638
    11 17.848177 0.000000 0.000000 0.000000 0.000000 2.556870
    12 16.525253 0.000000 0.000000 -0.249438 0.292955 -0.979040
    13 -3.890452 0.000004 0.000007 1.370387 -0.981734 -4.447594
    14 17.848173 0.000000 0.000000 0.000000 0.000000 2.367932
    15 16.525257 0.000000 0.000000 -0.047969 -0.057922 -1.667631
  time 97
    0 -0.084383 0.109383 14.769316 2.027528 0.018277 -0.238459
    1 0.000005 3.345128 -2.981901 1.531586 0.282572 1.567356
    2 7.481408 0.582049 -0.222663 0.922733 -0.092245 0.413172
    3 10.694003 1.417142 -1.953236 -2.848168 1.405792 1.993479
    4 6.028143 0.000001 0.000000 0.781481 0.397153 -0.462420
    5 11.692552 0.000000 0.000002 0.000000 0.000000 -1.849449
    6 10.701809 1.452294 1.922035 1.538962 -1.305222 3.272131
    7 6.028142 0.000001 0.000000 -1.464055 0.294721 -0.999056
    8 11.692555 0.000000 0.000000 0.000000 0.000000 -2.133751
    9 15.184327 2.693913 -0.039064 2.540082 -0.024113 0.009827
    10 3.890452 -0.000004 -0.000003 -2.726094 -0.609145 -0.812753
    11 17.848177 0.000000 0.000000 0.000000 0.000000 2.556484
    12 16.525253 0.000000 0.000000 -0.249409 0.292955 -0.979649
    13 -3.890452 0.000004 0.000007 1.369208 -0.982084 -4.447066
    14 17.848173 0.000000 0.000000 0.000000 0.000000 2.368096
    15 16.525257 0.000000 0.000000 -0.047629 -0.058525 -1.668261
  time 98
    0 -0.080476 0.101571 14.769316 2.027528 0.018277 -0.238459
    1 0.000005 3.345128 -2.981901 1.531586 0.282572 1.567356
    2 7.481408 0.582049 -0.222663 0.923941 -0.092413 0.413510
    3 10.694003 1.417142 -1.953236 -2.850586 1.405297 1.991306
    4 6.028143 0.000001 0.000000 0.781648 0.395034 -0.461768
    5 11.692552 0.000000 0.000002 0.000000 0.000000 -1.852354
    6 10.701809 1.452294 1.922035 1.536675 -1.304983 3.274528
    7 6.028142 0.000001 0.000000 -1.463807 0.291399 -0.997237
    8 11.692555 0.000000 0.000000 0.000000 0.000000 -2.135477
    9 15.184327 2.693913 -0.035157 2.539587 -0.024041 0.009870
    10 3.890452 -0.000004 -0.000003 -2.725454 -0.608741 -0.813868
    11 17.848177 0.000000 0.000000 0.000000 0.000000 2.556021
    12 16.525253 0.000000 0.000000 -0.249379 0.292976 -0.980257
    13 -3.890452 0.000004 0.000007 1.368211 -0.982390 -4.446626
    14 17.848173 0.000000 0.000000 0.000000 0.000000 2.368342
    15 16.525257 0.000000 0.000000 -0.047290 -0.059129 -1.668854
  time 99
    0 -0.072663 0.093758 14.769316 2.027528 0.018277 -0.238459
    1 0.000005 3.345128 -2.981901 1.531586 0.282572 1.567356
    2 7.481408 0.582049 -0.222663 0.925177 -0.092569 0.413870
    3 10.694003 1.421049 -1.949329 -2.852946 1.404803 1.989194
    4 6.028143 0.000001 0.000000 0.781815 0.392960 -0.461115
    5 11.692552 0.000000 0.000002 0.000000 0.000000 -1.855259
    6 10.701809 1.452294 1.925941 1.534482 -1.304745 3.276925
    7 6.028142 0.000001 0.000000 -1.463758 0.288153 -0.995418
    8 11.692555 0.000000 0.000000 0.000000 0.000000 -2.137579
    9 15.184327 2.693913 -0.031251 2.539093 -0.023969 0.009935
    10 3.890452 -0.000004 -0.000003 -2.724813 -0.608292 -0.814983
    11 17.848177 0.000000 0.000000 0.000000 0.000000 2.555634
    12 16.525253 0.000000 0.000000 -0.249349 0.292996 -0.980834
    13 -3.890452 0.000004 0.000007 1.367031 -0.982740 -4.445833
    14 17.848173 0.000000 0.000000 0.000000 0.000000 2.368505
    15 16.525257 0.000000 0.000000 -0.046951 -0.059732 -1.669446
  time 100
    0 -0.068757 0.082039 14.773223 2.027528 0.018277 -0.238459
    1 0.000005 3.345128 -2.981901 1.531586 0.282572 1.567356
    2 7.481408 0.585955 -0.222663 0.926384 -0.092737 0.414209
    3 10.694003 1.421049 -1.949329 -2.855305 1.404308 1.987081
    4 6.028143 0.000001 0.000000 0.781982 0.390979 -0.460556
    5 11.692552 0.000000 0.000002 0.000000 0.000000 -1.858091
    6 10.697902 1.452294 1.925941 1.532289 -1.304506 3.279321
    7 6.028142 0.000001 0.000000 -1.463857 0.284945 -0.993677
    8 11.692555 0.000000 0.000000 0.000000 0.000000 -2.139981
    9 15.184327 2.697820 -0.031251 2.538648 -0.023897 0.009999
    10 3.890452 -0.000004 -0.000003 -2.724173 -0.607844 -0.816098
    11 17.848177 0.000000 0.000000 0.000000 0.000000 2.555248
    12 16.525253 0.000000 0.000000 -0.249305 0.293017 -0.981410
    13 -3.890452 0.000004 0.000007 1.366034 -0.983046 -4.445393
    14 17.848173 0.000000 0.000000 0.000000 0.000000 2.368669
    15 16.525257 0.000000 0.000000 -0.046630 -0.060315 -1.670039
  time 101
    0 -0.064851 0.074226 14.773223 2.027528 0.018277 -0.238459
    1 0.000005 3.345128 -2.981901 1.531586 0.282572 1.567356
    2 7.481408 0.585955 -0.222663 0.927591 -0.092917 0.414569
    3 10.694003 1.421049 -1.949329 -2.857605 1.403814 1.985090
    4 6.028143 0.000001 0.000000 0.782150 0.389044 -0.459997
    5 11.692552 0.000000 0.000002 0.000000 0.000000 -1.860923
    6 10.697902 1.452294 1.925941 1.530097 -1.304268 3.281622
    7 6.028142 0.000001 0.000000 -1.464055 0.281812 -0.991937
    8 11.692555 0.000000 0.000000 0.000000 0.000000 -2.142684
    9 15.180420 2.697820 -0.027345 2.538204 -0.023837 0.010064
    10 3.890452 -0.000004 -0.000003 -2.723533 -0.607440 -0.817127
    11 17.848177 0.000000 0.000000 0.000000 0.000000 2.554862
    12 16.525253 0.000000 0.000000 -0.249275 0.293037 -0.981955
    13 -3.890452 0.000004 0.000007 1.364764 -0.983395 -4.444864
    14 17.848173 0.000000 0.000000 0.000000 0.000000 2.368915
    15 16.525257 0.000000 0.000000 -0.046290 -0.060878 -1.670632
  time 102
    0 -0.057038 0.066413 14.773223 2.027528 0.018277 -0.238459
    1 0.000005 3.345128 -2.981901 1.531586 0.282572 1.567356
    2 7.481408 0.585955 -0.222663 0.928769 -0.093084 0.414928
    3 10.694003 1.424955 -1.949329 -2.859847 1.403334 1.983098
    4 6.028143 0.000001 0.000000 0.782317 0.387201 -0.459531
    5 11.692552 0.000000 0.000002 0.000000 0.000000 -1.863682
    6 10.697902 1.448387 1.925941 1.527904 -1.304051 3.283923
    7 6.028142 0.000001 0.000000 -1.464402 0.278717 -0.990236
    8 11.692555 0.000000 0.000000 0.000000 0.000000 -2.145462
    9 15.180420 2.701726 -0.023438 2.537759 -0.023765 0.010128
    10 3.890452 -0.000004 -0.000003 -2.722892 -0.607036 -0.818156
    11 17.848177 0.000000 0.000000 0.000000 0.000000 2.554476
    12 16.525253 0.000000 0.000000 -0.249231 0.293057 -0.982531
    13 -3.890452 0.000004 0.000007 1.363857 -0.983701 -4.444424
    14 17.848173 0.000000 0.000000 0.000000 0.000000 2.369078
    15 16.525257 0.000000 0.000000 -0.045969 -0.061441 -1.671188
  time 103
    0 -0.053132 0.054694 14.773223 2.027528 0.018277 -0.238459
    1 0.000005 3.345128 -2.981901 1.531586 0.282572 1.567356
    2 7.481408 0.585955 -0.222663 0.929948 -0.093264 0.415267
    3 10.694003 1.424955 -1.945423 -2.862088 1.402854 1.981167
    4 6.028143 0.000001 0.000000 0.782568 0.385404 -0.459065
    5 11.692552 0.000000 0.000002 0.000000 0.000000 -1.866442
    6 10.697902 1.448387 1.929847 1.525807 -1.303813 3.286223
    7 6.028142 0.000001 0.000000 -1.464847 0.275698 -0.988614
    8 11.692555 0.000000 0.000000 0.000000 0.000000 -2.148389
    9 15.180420 2.701726 -0.023438 2.537363 -0.023694 0.010192
    10 3.890452 -0.000004 -0.000003 -2.722343 -0.606587 -0.819185
    11 17.848177 0.000000 0.000000 0.000000 0.000000 2.554089
    12 16.525253 0.000000 0.000000 -0.249186 0.293078 -0.983044
    13 -3.890452 0.000004 0.000007 1.362587 -0.984007 -4.443631
    14 17.848173 0.000000 0.000000 0.000000 0.000000 2.369242
    15 16.525257 0.000000 0.000000 -0.045666 -0.062004 -1.671744
  time 104
    0 -0.049225 0.046881 14.777129 2.027528 0.018277 -0.238459
    1 0.000005 3.345128 -2.981901 1.531586 0.282572 1.567356
    2 7.481408 0.589862 -0.222663 0.931098 -0.093444 0.415627
    3 10.694003 1.428861 -1.945423 -2.864212 1.402375 1.979295
    4 6.028143 0.000001 0.000000 0.782735 0.383654 -0.458692
    5 11.692552 0.000000 0.000002 0.000000 0.000000 -1.869128
    6 10.697902 1.448387 1.929847 1.523710 -1.303596 3.288428
    7 6.028142 0.000001 0.000000 -1.465342 0.272792 -0.986993
    8 11.692555 0.000000 0.000000 0.000000 0.000000 -2.151392
    9 15.180420 2.701726 -0.019532 2.536968 -0.023634 0.010278
    10 3.890452 -0.000004 -0.000003 -2.721703 -0.606183 -0.820129
    11 17.848177 0.000000 0.000000 0.000000 0.000000 2.553703
    12 16.525253 0.000000 0.000000 -0.249142 0.293098 -0.983556
    13 -3.890452 0.000004 0.000007 1.361861 -0.984313 -4.443191
    14 17.848173 0.000000 0.000000 0.000000 0.000000 2.369406
    15 16.525257 0.000000 0.000000 -0.045362 -0.062527 -1.672299
  time 105
    0 -0.041412 0.039069 14.777129 2.027528 0.018277 -0.238459
    1 0.000005 3.345128 -2.981901 1.531586 0.282572 1.567356
    2 7.481408 0.589862 -0.222663 0.932190 -0.093612 0.415965
    3 10.694003 1.428861 -1.945423 -2.866217 1.401924 1.977485
    4 6.028143 0.000001 0.000000 0.782902 0.382041 -0.458319
    5 11.692552 0.000000 0.000002 0.000000 0.000000 -1.871743
    6 10.697902 1.448387 1.929847 1.521708 -1.303379 3.290633
    7 6.028142 0.000001 0.000000 -1.465936 0.269923 -0.985490
    8 11.692555 0.000000 0.000000 0.000000 0.000000 -2.154395
    9 15.180420 2.705632 -0.019532 2.536573 -0.023562 0.010343
    10 3.890452 -0.000004 -0.000003 -2.721154 -0.605824 -0.821072
    11 17.848177 0.000000 0.000000 0.000000 0.000000 2.553394
    12 16.525253 0.000000 0.000000 -0.249097 0.293118 -0.984069
    13 -3.890452 0.000004 0.000007 1.360864 -0.984619 -4.442663
    14 17.848173 0.000000 0.000000 0.000000 0.000000 2.369569
    15 16.525257 0.000000 0.000000 -0.045059 -0.063049 -1.672855
  time 106
    0 -0.037506 0.031256 14.777129 2.027528 0.018277 -0.238459
    1 0.000005 3.345128 -2.981901 1.531586 0.282572 1.567356
    2 7.481408 0.589862 -0.226569 0.933282 -0.093791 0.416304
    3 10.694003 1.428861 -1.945423 -2.868223 1.401473 1.975795
    4 6.028143 0.000001 0.000000 0.783069 0.380428 -0.457946
    5 11.692552 0.000000 0.000002 0.000000 0.000000 -1.874284
    6 10.693996 1.448387 1.929847 1.519706 -1.303184 3.292742
    7 6.028142 0.000001 0.000000 -1.466530 0.267130 -0.984026
    8 11.692555 0.000000 0.000000 0.000000 0.000000 -2.157473
    9 15.180420 2.705632 -0.015625 2.536177 -0.023502 0.010429
    10 3.890452 -0.000004 -0.000003 -2.720605 -0.605420 -0.822016
    11 17.848177 0.000000 0.000000 0.000000 0.000000 2.553008
    12 16.525253 0.000000 0.000000 -0.249067 0.293139 -0.984549
    13 -3.890452 0.000004 0.000007 1.359957 -0.984881 -4.442398
    14 17.848173 0.000000 0.000000 0.000000 0.000000 2.369733
    15 16.525257 0.000000 0.000000 -0.044791 -0.063552 -1.673374
  time 107
    0 -0.033600 0.023443 14.777129 2.027528 0.018277 -0.238459
    1 0.000005 3.345128 -2.981901 1.531586 0.282572 1.567356
    2 7.481408 0.589862 -0.226569 0.934317 -0.093959 0.416621
    3 10.694003 1.432768 -1.941516 -2.870051 1.401037 1.974165
    4 6.028143 0.000001 0.000000 0.783237 0.378954 -0.457667
    5 11.692552 0.000000 0.000002 0.000000 0.000000 -1.876681
    6 10.693996 1.444481 1.933754 1.517799 -1.302967 3.294755
    7 6.028142 0.000001 0.000000 -1.467224 0.264450 -0.982642
    8 11.692555 0.000000 0.000000 0.000000 0.000000 -2.160476
    9 15.180420 2.705632 -0.011719 2.535831 -0.023442 0.010493
    10 3.890452 -0.000004 -0.000003 -2.720148 -0.605061 -0.822874
    11 17.848177 0.000000 0.000000 0.000000 0.000000 2.552699
    12 16.525253 0.000000 0.000000 -0.249023 0.293159 -0.984998
    13 -3.890452 0.000004 0.000007 1.358959 -0.985187 -4.441958
    14 17.848173 0.000000 0.000000 0.000000 0.000000 2.369897
    15 16.525257 0.000000 0.000000 -0.044505 -0.064035 -1.673855
  time 108
    0 -0.029693 0.015630 14.777129 2.027528 0.018277 -0.238459
    1 0.000005 3.345128 -2.981901 1.531586 0.282572 1.567356
    2 7.481408 0.589862 -0.226569 0.935294 -0.094115 0.416939
    3 10.690096 1.432768 -1.941516 -2.871880 1.400630 1.972596
    4 6.028143 0.000001 0.000000 0.783404 0.377572 -0.457387
    5 11.692552 0.000000 0.000002 0.000000 0.000000 -1.879004
    6 10.693996 1.444481 1.933754 1.516083 -1.302794 3.296673
    7 6.028142 0.000001 0.000000 -1.467917 0.261884 -0.981297
    8 11.692555 0.000000 0.000000 0.000000 0.000000 -2.163479
    9 15.176514 2.709539 -0.011719 2.535535 -0.023382 0.010579
    10 3.890452 -0.000004 -0.000003 -2.719599 -0.604702 -0.823731
    11 17.848177 0.000000 0.000000 0.000000 0.000000 2.552390
    12 16.525253 0.000000 0.000000 -0.248978 0.293179 -0.985446
    13 -3.890452 0.000004 0.000007 1.357961 -0.985450 -4.441254
    14 17.848173 0.000000 0.000000 0.000000 0.000000 2.370060
    15 16.525257 0.000000 0.000000 -0.044255 -0.064477 -1.674337
  time 109
    0 -0.025787 0.007818 14.781035 2.027528 0.018277 -0.238459
    1 0.000005 3.345128 -2.981901 1.531586 0.282572 1.567356
    2 7.481408 0.589862 -0.226569 0.936243 -0.094283 0.417235
    3 10.690096 1.432768 -1.941516 -2.873531 1.400237 1.971147
    4 6.028143 0.000001 0.000000 0.783487 0.376282 -0.457108
    5 11.692552 0.000000 0.000002 0.000000 0.000000 -1.881256
    6 10.693996 1.444481 1.933754 1.514368 -1.302599 3.298590
    7 6.028142 0.000001 0.000000 -1.468659 0.259430 -0.980071
    8 11.692555 0.000000 0.000000 0.000000 0.000000 -2.166406
    9 15.176514 2.709539 -0.007813 2.535238 -0.023334 0.010643
    10 3.890452 -0.000004 -0.000003 -2.719141 -0.604387 -0.824503
    11 17.848177 0.000000 0.000000 0.000000 0.000000 2.552081
    12 16.525253 0.000000 0.000000 -0.248934 0.293200 -0.985862
    13 -3.890452 0.000004 0.000007 1.357236 -0.985668 -4.440989
    14 17.848173 0.000000 0.000000 0.000000 0.000000 2.370224
    15 16.525257 0.000000 0.000000 -0.044006 -0.064899 -1.674782
  time 110
    0 -0.021881 0.003911 14.781035 2.027528 0.018277 -0.238459
    1 0.000005 3.345128 -2.981901 1.531586 0.282572 1.567356
    2 7.481408 0.593768 -0.226569 0.937134 -0.094427 0.417510
    3 10.690096 1.436674 -1.941516 -2.875124 1.399859 1.969820
    4 6.028143 0.000001 0.000000 0.783655 0.375038 -0.456921
    5 11.692552 0.000000 0.000002 0.000000 0.000000 -1.883289
    6 10.693996 1.444481 1.933754 1.512747 -1.302425 3.300316
    7 6.028142 0.000001 0.000000 -1.469452 0.257090 -0.978924
    8 11.692555 0.000000 0.000000 0.000000 0.000000 -2.169259
    9 15.176514 2.709539 -0.007813 2.534942 -0.023274 0.010708
    10 3.890452 -0.000004 -0.000003 -2.718775 -0.604073 -0.825190
    11 17.848177 0.000000 0.000000 0.000000 0.000000 2.551772
    12 16.525253 0.000000 0.000000 -0.248904 0.293220 -0.986215
    13 -3.890452 0.000004 0.000007 1.356510 -0.985930 -4.440461
    14 17.848173 0.000000 0.000000 0.000000 0.000000 2.370306
    15 16.525257 0.000000 0.000000 -0.043791 -0.065301 -1.675189
  time 111
    0 -0.017974 0.000005 14.781035 2.027528 0.018277 -0.238459
    1 0.000005 3.345128 -2.981901 1.531586 0.282572 1.567356
    2 7.481408 0.593768 -0.226569 0.937938 -0.094570 0.417764
    3 10.690096 1.436674 -1.937610 -2.876539 1.399510 1.968552
    4 6.028143 0.000001 0.000000 0.783738 0.373932 -0.456735
    5 11.692552 0.000000 0.000002 0.000000 0.000000 -1.885250
    6 10.693996 1.444481 1.937660 1.511222 -1.302273 3.301945
    7 6.028142 0.000001 0.000000 -1.470194 0.254901 -0.977856
    8 11.692555 0.000000 0.000000 0.000000 0.000000 -2.171962
    9 15.176514 2.713445 -0.007813 2.534694 -0.023226 0.010772
    10 3.890452 -0.000004 -0.000003 -2.718318 -0.603804 -0.825876
    11 17.848177 0.000000 0.000000 0.000000 0.000000 2.551540
    12 16.525253 0.000000 0.000000 -0.248860 0.293240 -0.986567
    13 -3.890452 0.000004 0.000007 1.355784 -0.986105 -4.440285
    14 17.848173 0.000000 0.000000 0.000000 0.000000 2.370470
    15 16.525257 0.000000 0.000000 -0.043577 -0.065683 -1.675597
  time 112
    0 -0.014068 -0.003901 14.781035 2.027528 0.018277 -0.238459
    1 0.000005 3.345128 -2.981901 1.531586 0.282572 1.567356
    2 7.481408 0.593768 -0.226569 0.938686 -0.094702 0.418018
    3 10.690096 1.436674 -1.937610 -2.877896 1.399205 1.967405
    4 6.028143 0.000001 0.000000 0.783905 0.372918 -0.456548
    5 11.692552 0.000000 0.000002 0.000000 0.000000 -1.887065
    6 10.693996 1.444481 1.937660 1.509887 -1.302122 3.303383
    7 6.028142 0.000001 0.000000 -1.470986 0.252901 -0.976867
    8 11.692555 0.000000 0.000000 0.000000 0.000000 -2.174514
    9 15.176514 2.713445 -0.003906 2.534447 -0.023190 0.010837
    10 3.890452 -0.000004 -0.000003 -2.717952 -0.603535 -0.826476
    11 17.848177 0.000000 0.000000 0.000000 0.000000 2.551309
    12 16.525253 0.000000 0.000000 -0.248830 0.293261 -0.986919
    13 -3.890452 0.000004 0.000007 1.355240 -0.986324 -4.440021
    14 17.848173 0.000000 0.000000 0.000000 0.000000 2.370552
    15 16.525257 0.000000 0.000000 -0.043381 -0.066025 -1.675930
  time 113
    0 -0.010162 -0.011714 14.781035 2.027528 0.018277 -0.238459
    1 0.000005 3.345128 -2.981901 1.531586 0.282572 1.567356
    2 7.481408 0.593768 -0.226569 0.939375 -0.094822 0.418230
    3 10.690096 1.436674 -1.937610 -2.879076 1.398914 1.966379
    4 6.028143 0.000001 0.000000 0.783989 0.372043 -0.456455
    5 11.692552 0.000000 0.000002 0.000000 0.000000 -1.888735
    6 10.693996 1.444481 1.937660 1.508648 -1.301992 3.304725
    7 6.028142 0.000001 0.000000 -1.471729 0.251051 -0.975997
    8 11.692555 0.000000 0.000000 0.000000 0.000000 -2.176916
    9 15.176514 2.713445 -0.003906 2.534250 -0.023142 0.010901
    10 3.890452 -0.000004 -0.000003 -2.717677 -0.603265 -0.827076
    11 17.848177 0.000000 0.000000 0.000000 0.000000 2.551077
    12 16.525253 0.000000 0.000000 -0.248800 0.293281 -0.987208
    13 -3.890452 0.000004 0.000007 1.354515 -0.986499 -4.439756
    14 17.848173 0.000000 0.000000 0.000000 0.000000 2.370633
    15 16.525257 0.000000 0.000000 -0.043202 -0.066327 -1.676264
  time 114
    0 -0.010162 -0.015620 14.781035 2.027528 0.018277 -0.238459
    1 0.000005 3.345128 -2.981901 1.531586 0.282572 1.567356
    2 7.481408 0.593768 -0.226569 0.940008 -0.094930 0.418441
    3 10.690096 1.440580 -1.937610 -2.880138 1.398652 1.965474
    4 6.028143 0.000001 0.000000 0.784073 0.371214 -0.456362
    5 11.692552 0.000000 0.000002 0.000000 0.000000 -1.890188
    6 10.693996 1.444481 1.937660 1.507504 -1.301883 3.305972
    7 6.028142 0.000001 0.000000 -1.472422 0.249391 -0.975246
    8 11.692555 0.000000 0.000000 0.000000 0.000000 -2.179093
    9 15.176514 2.713445 0.000000 2.534052 -0.023106 0.010944
    10 3.890452 -0.000004 -0.000003 -2.717311 -0.603086 -0.827591
    11 17.848177 0.000000 0.000000 0.000000 0.000000 2.550845
    12 16.525253 0.000000 0.000000 -0.248771 0.293301 -0.987464
    13 -3.890452 0.000004 0.000007 1.354061 -0.986673 -4.439492
    14 17.848173 0.000000 0.000000 0.000000 0.000000 2.370715
    15 16.525257 0.000000 0.000000 -0.043042 -0.066608 -1.676560
  time 115
    0 -0.006255 -0.019527 14.781035 2.027528 0.018277 -0.238459
    1 0.000005 3.345128 -2.981901 1.531586 0.282572 1.567356
    2 7.481408 0.593768 -0.226569 0.940525 -0.095026 0.418611
    3 10.690096 1.440580 -1.937610 -2.881081 1.398420 1.964689
    4 6.028143 0.000001 0.000000 0.784156 0.370569 -0.456269
    5 11.692552 0.000000 0.000002 0.000000 0.000000 -1.891495
    6 10.693996 1.444481 1.937660 1.506551 -1.301775 3.306930
    7 6.028142 0.000001 0.000000 -1.473115 0.247919 -0.974573
    8 11.692555 0.000000 0.000000 0.000000 0.000000 -2.181045
    9 15.176514 2.713445 0.000000 2.533854 -0.023082 0.010987
    10 3.890452 -0.000004 -0.000003 -2.717128 -0.602906 -0.828020
    11 17.848177 0.000000 0.000000 0.000000 0.000000 2.550691
    12 16.525253 0.000000 0.000000 -0.248741 0.293301 -0.987688
    13 -3.890452 0.000004 0.000007 1.353789 -0.986805 -4.439052
    14 17.848173 0.000000 0.000000 0.000000 0.000000 2.370797
    15 16.525257 0.000000 0.000000 -0.042917 -0.066829 -1.676782
  time 116
    0 -0.006255 -0.023433 14.784942 2.027528 0.018277 -0.238459
    1 0.000005 3.345128 -2.981901 1.531586 0.282572 1.567356
    2 7.481408 0.593768 -0.226569 0.940985 -0.095110 0.418759
    3 10.690096 1.440580 -1.937610 -2.881789 1.398231 1.964025
    4 6.028143 0.000001 0.000000 0.784156 0.370016 -0.456175
    5 11.692552 0.000000 0.000002 0.000000 0.000000 -1.892584
    6 10.690089 1.440574 1.937660 1.505788 -1.301688 3.307889
    7 6.028142 0.000001 0.000000 -1.473710 0.246673 -0.974019
    8 11.692555 0.000000 0.000000 0.000000 0.000000 -2.182772
    9 15.176514 2.717352 0.000000 2.533755 -0.023058 0.011030
    10 3.890452 -0.000004 -0.000003 -2.716854 -0.602727 -0.828363
    11 17.848177 0.000000 0.000000 0.000000 0.000000 2.550613
    12 16.525253 0.000000 0.000000 -0.248726 0.293322 -0.987848
    13 -3.890452 0.000004 0.000007 1.353063 -0.986936 -4.438788
    14 17.848173 0.000000 0.000000 0.000000 0.000000 2.370879
    15 16.525257 0.000000 0.000000 -0.042809 -0.067030 -1.677005
  time 117
    0 -0.002349 -0.023433 14.784942 2.027528 0.018277 -0.238459
    1 0.000005 3.345128 -2.981901 1.531586 0.282572 1.567356
    2 7.481408 0.597675 -0.226569 0.941330 -0.095170 0.418865
    3 10.690096 1.440580 -1.937610 -2.882438 1.398085 1.963482
    4 6.028143 0.000001 0.000000 0.784240 0.369555 -0.456175
    5 11.692552 0.000000 0.000002 0.000000 0.000000 -1.893455
    6 10.690089 1.440574 1.937660 1.505121 -1.301623 3.308560
    7 6.028142 0.000001 0.000000 -1.474254 0.245692 -0.973584
    8 11.692555 0.000000 0.000000 0.000000 0.000000 -2.184273
    9 15.172608 2.717352 0.000000 2.533656 -0.023034 0.011073
    10 3.890452 -0.000004 -0.000003 -2.716671 -0.602592 -0.828620
    11 17.848177 0.000000 0.000000 0.000000 0.000000 2.550459
    12 16.525253 0.000000 0.000000 -0.248696 0.293322 -0.988008
    13 -3.890452 0.000004 0.000007 1.352882 -0.987023 -4.438788
    14 17.848173 0.000000 0.000000 0.000000 0.000000 2.370961
    15 16.525257 0.000000 0.000000 -0.042720 -0.067191 -1.677190
  time 118
    0 -0.002349 -0.027340 14.784942 2.027528 0.018277 -0.238459
    1 0.000005 3.345128 -2.981901 1.531586 0.282572 1.567356
    2 7.481408 0.597675 -0.226569 0.941589 -0.095218 0.418949
    3 10.690096 1.440580 -1.937610 -2.882851 1.397969 1.963120
    4 6.028143 0.000001 0.000000 0.784240 0.369279 -0.456175
    5 11.692552 0.000000 0.000002 0.000000 0.000000 -1.894109
    6 10.690089 1.440574 1.937660 1.504644 -1.301580 3.309039
    7 6.028142 0.000001 0.000000 -1.474700 0.244975 -0.973268
    8 11.692555 0.000000 0.000000 0.000000 0.000000 -2.185324
    9 15.172608 2.717352 0.000000 2.533558 -0.023022 0.011095
    10 3.890452 -0.000004 -0.000003 -2.716580 -0.602502 -0.828792
    11 17.848177 0.000000 0.000000 0.000000 0.000000 2.550382
    12 16.525253 0.000000 0.000000 -0.248696 0.293342 -0.988105
    13 -3.890452 0.000004 0.000007 1.352882 -0.987067 -4.438523
    14 17.848173 0.000000 0.000000 0.000000 0.000000 2.370961
    15 16.525257 0.000000 0.000000 -0.042649 -0.067312 -1.677301
  time 119
    0 -0.002349 -0.027340 14.784942 2.027528 0.018277 -0.238459
    1 0.000005 3.345128 -2.981901 1.531586 0.282572 1.567356
    2 7.481408 0.597675 -0.226569 0.941761 -0.095254 0.419013
    3 10.690096 1.440580 -1.937610 -2.883146 1.397911 1.962879
    4 6.028143 0.000001 0.000000 0.784240 0.369094 -0.456175
    5 11.692552 0.000000 0.000002 0.000000 0.000000 -1.894545
    6 10.690089 1.440574 1.937660 1.504358 -1.301536 3.309327
    7 6.028142 0.000001 0.000000 -1.474947 0.244522 -0.973070
    8 11.692555 0.000000 0.000000 0.000000 0.000000 -2.186000
    9 15.172608 2.717352 0.000000 2.533508 -0.023010 0.011095
    10 3.890452 -0.000004 -0.000003 -2.716488 -0.602457 -0.828963
    11 17.848177 0.000000 0.000000 0.000000 0.000000 2.550304
    12 16.525253 0.000000 0.000000 -0.248682 0.293342 -0.988169
    13 -3.890452 0.000004 0.000007 1.352610 -0.987111 -4.438523
    14 17.848173 0.000000 0.000000 0.000000 0.000000 2.371043
    15 16.525257 0.000000 0.000000 -0.042613 -0.067372 -1.677375
  time 120
    0 -0.002349 -0.027340 14.784942 2.027528 0.018277 -0.238459
    1 0.000005 3.345128 -2.981901 1.531586 0.282572 1.567356
    2 7.481408 0.597675 -0.226569 0.941819 -0.095254 0.419034
    3 10.690096 1.440580 -1.937610 -2.883205 1.397882 1.962818
    4 6.028143 0.000001 0.000000 0.784240 0.369002 -0.456175
    5 11.692552 0.000000 0.000002 0.000000 0.000000 -1.894690
    6 10.690089 1.440574 1.937660 1.504263 -1.301536 3.309519
    7 6.028142 0.000001 0.000000 -1.475096 0.244333 -0.973031
    8 11.692555 0.000000 0.000000 0.000000 0.000000 -2.186300
    9 15.172608 2.717352 0.000000 2.533508 -0.023010 0.011116
    10 3.890452 -0.000004 -0.000003 -2.716488 -0.602457 -0.828963
    11 17.848177 0.000000 0.000000 0.000000 0.000000 2.550304
    12 16.525253 0.000000 0.000000 -0.248682 0.293342 -0.988201
    13 -3.890452 0.000004 0.000007 1.352610 -0.987154 -4.438523
    14 17.848173 0.000000 0.000000 0.000000 0.000000 2.371043
    15 16.525257 0.000000 0.000000 -0.042595 -0.067392 -1.677412
end
