// Created by Crowbar 0.74
version 1
nodes
  0 "ValveBiped.Bip01" -1
  1 "ValveBiped.Bip01_Spine" 0
  2 "ValveBiped.Bip01_Spine2" 1
  3 "ValveBiped.Bip01_R_Clavicle" 2
  4 "ValveBiped.Bip01_R_UpperArm" 3
  5 "ValveBiped.Bip01_R_Forearm" 4
  6 "ValveBiped.Bip01_L_Clavicle" 2
  7 "ValveBiped.Bip01_L_UpperArm" 6
  8 "ValveBiped.Bip01_L_Forearm" 7
  9 "ValveBiped.Bip01_Head1" 2
  10 "ValveBiped.Bip01_L_Thigh" 0
  11 "ValveBiped.Bip01_L_Calf" 10
  12 "ValveBiped.Bip01_L_Foot" 11
  13 "ValveBiped.Bip01_R_Thigh" 0
  14 "ValveBiped.Bip01_R_Calf" 13
  15 "ValveBiped.Bip01_R_Foot" 14
end
skeleton
  time 0
    0 -0.002349 -0.378913 38.141123 1.570796 0.000000 0.055812
    1 0.000005 3.345128 -2.981901 1.532269 0.086246 1.567476
    2 7.536097 -0.101566 0.000000 -0.017188 0.002864 0.137376
    3 10.744785 1.374172 -1.937610 -1.832805 1.140490 2.995815
    4 6.028143 0.000001 0.000000 1.333218 0.090717 -0.959751
    5 11.692552 0.000000 0.000002 0.000000 0.000000 -0.227901
    6 10.744779 1.374166 1.937660 1.760984 -1.140501 2.995847
    7 6.028142 0.000001 0.000000 -1.131392 0.018098 -0.945937
    8 11.692555 0.000000 0.000000 0.000000 0.000000 -0.227855
    9 15.164795 2.650943 0.000000 3.195210 -0.015304 0.191102
    10 3.890452 -0.000004 -0.000003 -1.635477 -0.132057 -1.547819
    11 17.848177 0.000000 0.000000 0.000000 0.000000 0.321243
    12 16.525253 0.000000 0.000000 -0.042593 -0.046152 -1.172854
    13 -3.890452 0.000004 0.000007 -1.237377 0.030121 -1.565189
    14 17.848173 0.000000 0.000000 0.000000 0.000000 0.200754
    15 16.525257 0.000000 0.000000 -0.053645 -0.097009 -1.214907
  time 1
    0 -0.002349 -0.378913 38.141123 1.571375 -0.000060 0.055753
    1 0.000005 3.345128 -2.981901 1.532269 0.086246 1.567500
    2 7.536097 -0.101566 0.000000 -0.017160 0.002876 0.137376
    3 10.744785 1.374172 -1.937610 -1.832805 1.140519 2.995815
    4 6.028143 0.000001 0.000000 1.333302 0.091270 -0.959658
    5 11.692552 0.000000 0.000002 0.000000 0.000000 -0.227901
    6 10.744779 1.374166 1.937660 1.761080 -1.140480 2.995751
    7 6.028142 0.000001 0.000000 -1.131541 0.017569 -0.945937
    8 11.692555 0.000000 0.000000 0.000000 0.000000 -0.227930
    9 15.164795 2.650943 0.000000 3.195655 -0.015460 0.191102
    10 3.890452 -0.000004 -0.000003 -1.635569 -0.132326 -1.547819
    11 17.848177 0.000000 0.000000 0.000000 0.000000 0.320625
    12 16.525253 0.000000 0.000000 -0.042623 -0.046131 -1.172502
    13 -3.890452 0.000004 0.000007 -1.237467 0.029072 -1.565365
    14 17.848173 0.000000 0.000000 0.000000 0.000000 0.201819
    15 16.525257 0.000000 0.000000 -0.053681 -0.096968 -1.215426
  time 2
    0 -0.006255 -0.378913 38.141123 1.571971 -0.000120 0.055753
    1 0.000005 3.345128 -2.981901 1.532269 0.086246 1.567548
    2 7.536097 -0.101566 0.000000 -0.017016 0.002912 0.137355
    3 10.744785 1.374172 -1.937610 -1.832805 1.140562 2.995815
    4 6.028143 0.000001 0.000000 1.333636 0.091823 -0.959565
    5 11.692552 0.000000 0.000002 0.000000 0.000000 -0.227973
    6 10.744779 1.374166 1.937660 1.761366 -1.140436 2.995368
    7 6.028142 0.000001 0.000000 -1.131640 0.017116 -0.945937
    8 11.692555 0.000000 0.000000 0.000000 0.000000 -0.228080
    9 15.164795 2.650943 0.000000 3.196100 -0.015688 0.191145
    10 3.890452 -0.000004 -0.000003 -1.635569 -0.132596 -1.547819
    11 17.848177 0.000000 0.000000 0.000000 0.000000 0.319930
    12 16.525253 0.000000 0.000000 -0.042727 -0.046030 -1.172149
    13 -3.890452 0.000004 0.000007 -1.237467 0.028023 -1.565453
    14 17.848173 0.000000 0.000000 0.000000 0.000000 0.202719
    15 16.525257 0.000000 0.000000 -0.053788 -0.096908 -1.215982
  time 3
    0 -0.014068 -0.378913 38.141123 1.572567 -0.000180 0.055870
    1 0.000005 3.345128 -2.981901 1.532282 0.086246 1.567620
    2 7.536097 -0.101566 0.000000 -0.016757 0.002960 0.137313
    3 10.744785 1.374172 -1.937610 -1.832805 1.140650 2.995875
    4 6.028143 0.000001 0.000000 1.334054 0.092330 -0.959378
    5 11.692552 0.000000 0.000002 0.000000 0.000000 -0.228046
    6 10.744779 1.374166 1.937660 1.761938 -1.140350 2.994793
    7 6.028142 0.000001 0.000000 -1.131640 0.016701 -0.945937
    8 11.692555 0.000000 0.000000 0.000000 0.000000 -0.228230
    9 15.164795 2.650943 0.000000 3.196644 -0.015975 0.191188
    10 3.890452 0.003902 -0.000003 -1.635569 -0.132910 -1.547648
    11 17.848177 0.000000 0.000000 0.000000 0.000000 0.319312
    12 16.525253 0.000000 0.000000 -0.042875 -0.045887 -1.171765
    13 -3.890452 -0.003903 0.000007 -1.237377 0.027017 -1.565453
    14 17.848173 0.000000 0.000000 0.000000 0.000000 0.203619
    15 16.525257 0.000000 0.000000 -0.053967 -0.096788 -1.216501
  time 4
    0 -0.025787 -0.378913 38.141123 1.573181 -0.000240 0.055988
    1 0.000005 3.345128 -2.981901 1.532282 0.086246 1.567728
    2 7.536097 -0.101566 0.000000 -0.016441 0.003032 0.137271
    3 10.744785 1.374172 -1.937610 -1.832805 1.140780 2.995875
    4 6.028143 0.000001 0.000000 1.334640 0.092836 -0.959285
    5 11.692552 0.000000 0.000002 0.000000 0.000000 -0.228118
    6 10.744779 1.374166 1.937660 1.762700 -1.140241 2.994026
    7 6.028142 0.000001 0.000000 -1.131590 0.016362 -0.945976
    8 11.692555 0.000000 0.000000 0.000000 0.000000 -0.228530
    9 15.164795 2.650943 0.000000 3.197187 -0.016335 0.191274
    10 3.890452 0.003902 -0.000003 -1.635477 -0.133269 -1.547476
    11 17.848177 0.000000 0.000000 0.000000 0.000000 0.318616
    12 16.525253 0.000000 0.000000 -0.043083 -0.045684 -1.171348
    13 -3.890452 -0.003903 0.000007 -1.237195 0.026012 -1.565277
    14 17.848173 0.000000 0.000000 0.000000 0.000000 0.204520
    15 16.525257 0.000000 0.000000 -0.054181 -0.096647 -1.217019
  time 5
    0 -0.037506 -0.378913 38.141123 1.573812 -0.000300 0.056222
    1 0.000005 3.345128 -2.981901 1.532295 0.086246 1.567872
    2 7.536097 -0.101566 0.000000 -0.016039 0.003116 0.137228
    3 10.744785 1.374172 -1.937610 -1.832864 1.140926 2.995936
    4 6.028143 0.000001 0.000000 1.335309 0.093297 -0.959192
    5 11.692552 0.000000 0.000002 0.000000 0.000000 -0.228264
    6 10.744779 1.374166 1.937660 1.763558 -1.140089 2.993067
    7 6.028142 0.000001 0.000000 -1.131442 0.016060 -0.945976
    8 11.692555 0.000000 0.000000 0.000000 0.000000 -0.228831
    9 15.164795 2.650943 0.000000 3.197780 -0.016754 0.191381
    10 3.890452 0.003902 -0.000003 -1.635386 -0.133628 -1.547219
    11 17.848177 0.000000 0.000000 0.000000 0.000000 0.317998
    12 16.525253 0.000000 0.000000 -0.043350 -0.045440 -1.170932
    13 -3.890452 -0.003903 0.000007 -1.237014 0.025050 -1.565101
    14 17.848173 0.000000 0.000000 0.000000 0.000000 0.205256
    15 16.525257 0.000000 0.000000 -0.054466 -0.096466 -1.217501
  time 6
    0 -0.053132 -0.378913 38.141123 1.574426 -0.000348 0.056457
    1 0.000005 3.345128 -2.981901 1.532307 0.086246 1.568028
    2 7.536097 -0.101566 0.000000 -0.015550 0.003224 0.137165
    3 10.744785 1.374172 -1.937610 -1.832864 1.141100 2.995996
    4 6.028143 0.000001 0.000000 1.336228 0.093712 -0.959006
    5 11.692552 0.000000 0.000002 0.000000 0.000000 -0.228409
    6 10.744779 1.374166 1.937660 1.764607 -1.139938 2.992012
    7 6.028142 0.000001 0.000000 -1.131244 0.015795 -0.946016
    8 11.692555 0.000000 0.000000 0.000000 0.000000 -0.229281
    9 15.164795 2.650943 0.000000 3.198423 -0.017222 0.191488
    10 3.890452 0.007809 -0.000003 -1.635203 -0.133987 -1.546876
    11 17.848177 0.000000 0.000000 0.000000 0.000000 0.317303
    12 16.525253 0.000000 0.000000 -0.043662 -0.045155 -1.170484
    13 -3.890452 -0.007809 0.000007 -1.236742 0.024089 -1.564837
    14 17.848173 0.000000 0.000000 0.000000 0.000000 0.205993
    15 16.525257 0.000000 0.000000 -0.054806 -0.096245 -1.218020
  time 7
    0 -0.068757 -0.378913 38.141123 1.575039 -0.000407 0.056808
    1 0.000005 3.345128 -2.981901 1.532333 0.086246 1.568207
    2 7.536097 -0.101566 -0.003906 -0.015004 0.003356 0.137080
    3 10.744785 1.374172 -1.937610 -1.832864 1.141304 2.996057
    4 6.028143 0.000001 0.000000 1.337232 0.094126 -0.958912
    5 11.692552 0.000000 0.000002 0.000000 0.000000 -0.228554
    6 10.744779 1.374166 1.937660 1.765846 -1.139764 2.990862
    7 6.028142 0.000001 0.000000 -1.130947 0.015569 -0.946055
    8 11.692555 0.000000 0.000000 0.000000 0.000000 -0.229732
    9 15.164795 2.650943 0.003906 3.199016 -0.017749 0.191617
    10 3.890452 0.007809 -0.000003 -1.634928 -0.134346 -1.546447
    11 17.848177 0.000000 0.000000 0.000000 0.000000 0.316685
    12 16.525253 0.000000 0.000000 -0.044018 -0.044829 -1.170003
    13 -3.890452 -0.007809 0.000007 -1.236470 0.023171 -1.564484
    14 17.848173 0.000000 0.000000 0.000000 0.000000 0.206730
    15 16.525257 0.000000 0.000000 -0.055198 -0.095983 -1.218501
  time 8
    0 -0.088289 -0.378913 38.141123 1.575671 -0.000455 0.057160
    1 0.000005 3.345128 -2.981901 1.532346 0.086246 1.568411
    2 7.536097 -0.101566 -0.003906 -0.014371 0.003511 0.136995
    3 10.744785 1.374172 -1.937610 -1.832923 1.141536 2.996117
    4 6.028143 0.000001 0.000000 1.338319 0.094495 -0.958819
    5 11.692552 0.000000 0.000002 0.000000 0.000000 -0.228772
    6 10.744779 1.374166 1.937660 1.767085 -1.139548 2.989616
    7 6.028142 0.000001 0.000000 -1.130551 0.015380 -0.946095
    8 11.692555 0.000000 0.000000 0.000000 0.000000 -0.230257
    9 15.164795 2.650943 0.003906 3.199708 -0.018324 0.191768
    10 3.890452 0.011715 -0.000003 -1.634654 -0.134750 -1.546018
    11 17.848177 0.000000 0.000000 0.000000 0.000000 0.315990
    12 16.525253 0.000000 0.000000 -0.044419 -0.044463 -1.169523
    13 -3.890452 -0.011715 0.000007 -1.236107 0.022253 -1.564132
    14 17.848173 0.000000 0.000000 0.000000 0.000000 0.207384
    15 16.525257 0.000000 0.000000 -0.055627 -0.095702 -1.218983
  time 9
    0 -0.107821 -0.378913 38.141123 1.576284 -0.000503 0.057570
    1 0.000005 3.345128 -2.981901 1.532372 0.086246 1.568639
    2 7.536097 -0.101566 -0.003906 -0.013682 0.003679 0.136890
    3 10.744785 1.374172 -1.937610 -1.832923 1.141784 2.996177
    4 6.028143 0.000001 0.000000 1.339489 0.094864 -0.958633
    5 11.692552 0.000000 0.000002 0.000000 0.000000 -0.228990
    6 10.744779 1.374166 1.937660 1.768420 -1.139331 2.988178
    7 6.028142 0.000001 0.000000 -1.130056 0.015229 -0.946134
    8 11.692555 0.000000 0.000000 0.000000 0.000000 -0.230783
    9 15.164795 2.650943 0.003906 3.200350 -0.018936 0.191939
    10 3.890452 0.011715 -0.000003 -1.634379 -0.135154 -1.545589
    11 17.848177 0.000000 0.000000 0.000000 0.000000 0.315295
    12 16.525253 0.000000 0.000000 -0.044849 -0.044056 -1.169042
    13 -3.890452 -0.011715 0.000007 -1.235653 0.021379 -1.563692
    14 17.848173 0.000000 0.000000 0.000000 0.000000 0.207957
    15 16.525257 0.000000 0.000000 -0.056091 -0.095400 -1.219428
  time 10
    0 -0.127353 -0.378913 38.141123 1.576915 -0.000539 0.058039
    1 0.000005 3.345128 -2.981901 1.532398 0.086246 1.568878
    2 7.536097 -0.101566 -0.007813 -0.012963 0.003871 0.136784
    3 10.744785 1.374172 -1.937610 -1.832982 1.142045 2.996238
    4 6.028143 0.000001 0.000000 1.340827 0.095140 -0.958540
    5 11.692552 0.000000 0.000002 0.000000 0.000000 -0.229208
    6 10.744779 1.374166 1.937660 1.769850 -1.139092 2.986836
    7 6.028142 0.000001 0.000000 -1.129511 0.015078 -0.946174
    8 11.692555 0.000000 0.000000 0.000000 0.000000 -0.231458
    9 15.164795 2.650943 0.007813 3.201092 -0.019595 0.192111
    10 3.890452 0.011715 -0.000003 -1.634014 -0.135558 -1.544989
    11 17.848177 0.000000 0.000000 0.000000 0.000000 0.314677
    12 16.525253 0.000000 0.000000 -0.045324 -0.043609 -1.168530
    13 -3.890452 -0.011715 0.000007 -1.235200 0.020505 -1.563163
    14 17.848173 0.000000 0.000000 0.000000 0.000000 0.208530
    15 16.525257 0.000000 0.000000 -0.056591 -0.095058 -1.219872
  time 11
    0 -0.150791 -0.378913 38.141123 1.577529 -0.000587 0.058566
    1 0.000005 3.345128 -2.981901 1.532423 0.086246 1.569142
    2 7.536097 -0.101566 -0.007813 -0.012158 0.004087 0.136678
    3 10.744785 1.374172 -1.937610 -1.832982 1.142336 2.996358
    4 6.028143 0.000001 0.000000 1.342248 0.095463 -0.958353
    5 11.692552 0.000000 0.000002 0.000000 0.000000 -0.229498
    6 10.740872 1.374166 1.937660 1.771184 -1.138854 2.985398
    7 6.028142 0.000001 0.000000 -1.128917 0.014965 -0.946214
    8 11.692555 0.000000 0.000000 0.000000 0.000000 -0.232059
    9 15.164795 2.654850 0.007813 3.201784 -0.020278 0.192305
    10 3.890452 0.015621 -0.000003 -1.633648 -0.136007 -1.544474
    11 17.848177 0.000000 0.000000 0.000000 0.000000 0.313982
    12 16.525253 0.000000 0.000000 -0.045814 -0.043141 -1.168017
    13 -3.890452 -0.015622 0.000007 -1.234656 0.019674 -1.562547
    14 17.848173 0.000000 0.000000 0.000000 0.000000 0.209021
    15 16.525257 0.000000 0.000000 -0.057126 -0.094717 -1.220354
  time 12
    0 -0.174229 -0.378913 38.141123 1.578125 -0.000623 0.059153
    1 0.000005 3.345128 -2.981901 1.532449 0.086246 1.569418
    2 7.536097 -0.101566 -0.007813 -0.011325 0.004314 0.136551
    3 10.744785 1.374172 -1.937610 -1.833041 1.142642 2.996479
    4 6.028143 0.000001 0.000000 1.343753 0.095693 -0.958167
    5 11.692552 0.000000 0.000002 0.000000 0.000000 -0.229789
    6 10.740872 1.374166 1.937660 1.772710 -1.138594 2.983960
    7 6.028142 0.000001 0.000000 -1.128174 0.014852 -0.946253
    8 11.692555 0.000000 0.000000 0.000000 0.000000 -0.232809
    9 15.164795 2.654850 0.011719 3.202476 -0.020985 0.192498
    10 3.890452 0.015621 -0.000003 -1.633190 -0.136411 -1.543874
    11 17.848177 0.000000 0.000000 0.000000 0.000000 0.313287
    12 16.525253 0.000000 0.000000 -0.046333 -0.042653 -1.167473
    13 -3.890452 -0.015622 0.000007 -1.234111 0.018887 -1.561930
    14 17.848173 0.000000 0.000000 0.000000 0.000000 0.209431
    15 16.525257 0.000000 0.000000 -0.057680 -0.094355 -1.220761
  time 13
    0 -0.201574 -0.378913 38.141123 1.578739 -0.000659 0.059739
    1 0.000005 3.345128 -2.981901 1.532475 0.086246 1.569705
    2 7.536097 -0.101566 -0.011719 -0.010434 0.004578 0.136424
    3 10.744785 1.374172 -1.933704 -1.833100 1.142961 2.996539
    4 6.028143 0.000001 0.000000 1.345342 0.095923 -0.957980
    5 11.692552 0.000000 0.000002 0.000000 0.000000 -0.230079
    6 10.740872 1.374166 1.941566 1.774140 -1.138334 2.982522
    7 6.028142 0.000001 0.000000 -1.127382 0.014776 -0.946332
    8 11.692555 0.000000 0.000000 0.000000 0.000000 -0.233485
    9 15.164795 2.654850 0.011719 3.203217 -0.021728 0.192713
    10 3.890452 0.019528 -0.000003 -1.632733 -0.136815 -1.543188
    11 17.848177 0.000000 0.000000 0.000000 0.000000 0.312669
    12 16.525253 0.000000 0.000000 -0.046882 -0.042144 -1.166928
    13 -3.890452 -0.019528 0.000007 -1.233567 0.018100 -1.561314
    14 17.848173 0.000000 0.000000 0.000000 0.000000 0.209922
    15 16.525257 0.000000 0.000000 -0.058269 -0.093953 -1.221206
  time 14
    0 -0.228918 -0.378913 38.141123 1.579318 -0.000695 0.060325
    1 0.000005 3.345128 -2.981901 1.532501 0.086246 1.570005
    2 7.536097 -0.105472 -0.011719 -0.009514 0.004854 0.136276
    3 10.744785 1.374172 -1.933704 -1.833100 1.143296 2.996660
    4 6.028143 0.000001 0.000000 1.347014 0.096154 -0.957887
    5 11.692552 0.000000 0.000002 0.000000 0.000000 -0.230442
    6 10.740872 1.374166 1.941566 1.775474 -1.138052 2.981180
    7 6.028142 0.000001 0.000000 -1.126540 0.014663 -0.946411
    8 11.692555 0.000000 0.000000 0.000000 0.000000 -0.234236
    9 15.164795 2.654850 0.015625 3.203909 -0.022483 0.192928
    10 3.890452 0.019528 -0.000003 -1.632275 -0.137219 -1.542587
    11 17.848177 0.000000 0.000000 0.000000 0.000000 0.311973
    12 16.525253 0.000000 0.000000 -0.047446 -0.041615 -1.166384
    13 -3.890452 -0.019528 0.000007 -1.232932 0.017314 -1.560609
    14 17.848173 0.000000 0.000000 0.000000 0.000000 0.210249
    15 16.525257 0.000000 0.000000 -0.058876 -0.093571 -1.221614
  time 15
    0 -0.252356 -0.378913 38.141123 1.579914 -0.000731 0.060969
    1 0.000005 3.345128 -2.981901 1.532526 0.086246 1.570317
    2 7.536097 -0.105472 -0.015625 -0.008537 0.005153 0.136149
    3 10.748692 1.374172 -1.933704 -1.833159 1.143630 2.996781
    4 6.028143 0.000001 0.000000 1.348686 0.096292 -0.957607
    5 11.692552 0.000000 0.000002 0.000000 0.000000 -0.230733
    6 10.736966 1.374166 1.941566 1.776809 -1.137792 2.979933
    7 6.028142 0.000001 0.000000 -1.125550 0.014550 -0.946451
    8 11.692555 0.000000 0.000000 0.000000 0.000000 -0.235062
    9 15.164795 2.658756 0.015625 3.204650 -0.023250 0.193142
    10 3.890452 0.019528 -0.000003 -1.631726 -0.137668 -1.541901
    11 17.848177 0.000000 0.000000 0.000000 0.000000 0.311278
    12 16.525253 0.000000 0.000000 -0.048025 -0.041086 -1.165839
    13 -3.890452 -0.019528 0.000007 -1.232297 0.016614 -1.559905
    14 17.848173 0.000000 0.000000 0.000000 0.000000 0.210658
    15 16.525257 0.000000 0.000000 -0.059483 -0.093148 -1.222021
  time 16
    0 -0.279701 -0.378913 38.137217 1.580475 -0.000767 0.061673
    1 0.000005 3.345128 -2.981901 1.532565 0.086246 1.570640
    2 7.536097 -0.105472 -0.015625 -0.007559 0.005477 0.135980
    3 10.748692 1.374172 -1.933704 -1.833159 1.143979 2.996962
    4 6.028143 0.000001 0.000000 1.350442 0.096430 -0.957421
    5 11.692552 0.000000 0.000002 0.000000 0.000000 -0.231168
    6 10.736966 1.374166 1.941566 1.778143 -1.137510 2.978687
    7 6.028142 0.000001 0.000000 -1.124560 0.014474 -0.946570
    8 11.692555 0.000000 0.000000 0.000000 0.000000 -0.235812
    9 15.160889 2.658756 0.019532 3.205342 -0.024029 0.193379
    10 3.890452 0.023434 -0.000003 -1.631269 -0.138027 -1.541215
    11 17.848177 0.000000 0.000000 0.000000 0.000000 0.310660
    12 16.525253 0.000000 0.000000 -0.048619 -0.040557 -1.165295
    13 -3.890452 -0.023435 0.000007 -1.231662 0.015915 -1.559112
    14 17.848173 0.000000 0.000000 0.000000 0.000000 0.210986
    15 16.525257 0.000000 0.000000 -0.060125 -0.092746 -1.222429
  time 17
    0 -0.310952 -0.375006 38.137217 1.581036 -0.000791 0.062317
    1 0.000005 3.345128 -2.981901 1.532591 0.086246 1.570952
    2 7.536097 -0.105472 -0.019532 -0.006553 0.005813 0.135831
    3 10.748692 1.374172 -1.933704 -1.833218 1.144343 2.997083
    4 6.028143 0.000001 0.000000 1.352198 0.096568 -0.957235
    5 11.692552 0.000000 0.000002 0.000000 0.000000 -0.231531
    6 10.736966 1.374166 1.941566 1.779287 -1.137250 2.977537
    7 6.028142 0.000001 0.000000 -1.123421 0.014361 -0.946649
    8 11.692555 0.000000 0.000000 0.000000 0.000000 -0.236638
    9 15.160889 2.658756 0.019532 3.206034 -0.024820 0.193615
    10 3.890452 0.023434 -0.000003 -1.630720 -0.138431 -1.540529
    11 17.848177 0.000000 0.000000 0.000000 0.000000 0.309965
    12 16.525253 0.000000 0.000000 -0.049227 -0.039988 -1.164718
    13 -3.890452 -0.023435 0.000007 -1.231028 0.015216 -1.558408
    14 17.848173 0.000000 0.000000 0.000000 0.000000 0.211231
    15 16.525257 0.000000 0.000000 -0.060768 -0.092324 -1.222799
  time 18
    0 -0.338297 -0.375006 38.137217 1.581580 -0.000827 0.063021
    1 0.000005 3.345128 -2.981901 1.532629 0.086246 1.571287
    2 7.536097 -0.105472 -0.019532 -0.005519 0.006184 0.135662
    3 10.748692 1.374172 -1.933704 -1.833277 1.144706 2.997264
    4 6.028143 0.000001 0.000000 1.354037 0.096661 -0.957048
    5 11.692552 0.000000 0.000002 0.000000 0.000000 -0.231967
    6 10.736966 1.378073 1.941566 1.780431 -1.136990 2.976578
    7 6.028142 0.000001 0.000000 -1.122233 0.014210 -0.946728
    8 11.692555 0.000000 0.000000 0.000000 0.000000 -0.237464
    9 15.160889 2.658756 0.023438 3.206726 -0.025611 0.193830
    10 3.890452 0.027341 -0.000003 -1.630171 -0.138835 -1.539843
    11 17.848177 0.000000 0.000000 0.000000 0.000000 0.309270
    12 16.525253 0.000000 0.000000 -0.049821 -0.039418 -1.164174
    13 -3.890452 -0.027341 0.000007 -1.230302 0.014560 -1.557615
    14 17.848173 0.000000 0.000000 0.000000 0.000000 0.211559
    15 16.525257 0.000000 0.000000 -0.061411 -0.091902 -1.223170
  time 19
    0 -0.365641 -0.375006 38.137217 1.582088 -0.000851 0.063724
    1 0.000005 3.345128 -2.981901 1.532655 0.086246 1.571611
    2 7.536097 -0.105472 -0.023438 -0.004484 0.006568 0.135493
    3 10.748692 1.374172 -1.933704 -1.833277 1.145070 2.997384
    4 6.028143 0.000001 0.000000 1.355877 0.096707 -0.956769
    5 11.692552 0.000000 0.000002 0.000000 0.000000 -0.232330
    6 10.736966 1.378073 1.941566 1.781385 -1.136730 2.975811
    7 6.028142 0.000001 0.000000 -1.120995 0.014059 -0.946846
    8 11.692555 0.000000 0.000000 0.000000 0.000000 -0.238290
    9 15.160889 2.662662 0.023438 3.207418 -0.026390 0.194066
    10 3.890452 0.027341 -0.000003 -1.629622 -0.139194 -1.539071
    11 17.848177 0.000000 0.000000 0.000000 0.000000 0.308652
    12 16.525253 0.000000 0.000000 -0.050429 -0.038869 -1.163597
    13 -3.890452 -0.027341 0.000007 -1.229576 0.013948 -1.556823
    14 17.848173 0.000000 0.000000 0.000000 0.000000 0.211804
    15 16.525257 0.000000 0.000000 -0.062053 -0.091459 -1.223540
  time 20
    0 -0.392986 -0.375006 38.137217 1.582597 -0.000875 0.064486
    1 0.000005 3.345128 -2.981901 1.532694 0.086246 1.571947
    2 7.536097 -0.105472 -0.023438 -0.003420 0.006975 0.135324
    3 10.748692 1.374172 -1.929797 -1.833336 1.145433 2.997565
    4 6.028143 0.000001 0.000000 1.357716 0.096753 -0.956489
    5 11.692552 0.000000 0.000002 0.000000 0.000000 -0.232766
    6 10.733060 1.378073 1.945473 1.782147 -1.136491 2.975140
    7 6.028142 0.000001 0.000000 -1.119609 0.013870 -0.946926
    8 11.692555 0.000000 0.000000 0.000000 0.000000 -0.239115
    9 15.160889 2.662662 0.027345 3.208061 -0.027157 0.194302
    10 3.890452 0.027341 -0.000003 -1.629073 -0.139553 -1.538384
    11 17.848177 0.000000 0.000000 0.000000 0.000000 0.307957
    12 16.525253 0.000000 0.000000 -0.051023 -0.038299 -1.163053
    13 -3.890452 -0.027341 0.000007 -1.228941 0.013336 -1.556118
    14 17.848173 0.000000 0.000000 0.000000 0.000000 0.212050
    15 16.525257 0.000000 0.000000 -0.062696 -0.091037 -1.223911
  time 21
    0 -0.420330 -0.375006 38.137217 1.583088 -0.000899 0.065189
    1 0.000005 3.345128 -2.981901 1.532732 0.086246 1.572282
    2 7.536097 -0.105472 -0.027345 -0.002357 0.007418 0.135154
    3 10.748692 1.374172 -1.929797 -1.833336 1.145797 2.997747
    4 6.028143 0.000001 0.000000 1.359639 0.096753 -0.956303
    5 11.692552 0.000000 0.000002 0.000000 0.000000 -0.233274
    6 10.733060 1.378073 1.945473 1.782719 -1.136253 2.974757
    7 6.028142 0.000001 0.000000 -1.118223 0.013682 -0.947044
    8 11.692555 0.000000 0.000000 0.000000 0.000000 -0.239941
    9 15.160889 2.662662 0.031251 3.208703 -0.027924 0.194517
    10 3.890452 0.031247 -0.000003 -1.628433 -0.139867 -1.537698
    11 17.848177 0.000000 0.000000 0.000000 0.000000 0.307339
    12 16.525253 0.000000 0.000000 -0.051617 -0.037750 -1.162508
    13 -3.890452 -0.031247 0.000007 -1.228216 0.012768 -1.555325
    14 17.848173 0.000000 0.000000 0.000000 0.000000 0.212296
    15 16.525257 0.000000 0.000000 -0.063321 -0.090635 -1.224281
  time 22
    0 -0.447675 -0.375006 38.137217 1.583543 -0.000923 0.065892
    1 0.000005 3.345128 -2.981901 1.532758 0.086246 1.572618
    2 7.536097 -0.109378 -0.027345 -0.001322 0.007874 0.134964
    3 10.748692 1.374172 -1.929797 -1.833395 1.146160 2.997928
    4 6.028143 0.000001 0.000000 1.361478 0.096707 -0.956023
    5 11.692552 0.000000 0.000002 0.000000 0.000000 -0.233710
    6 10.733060 1.378073 1.945473 1.783196 -1.136036 2.974565
    7 6.028142 0.000001 0.000000 -1.116737 0.013418 -0.947202
    8 11.692555 0.000000 0.000000 0.000000 0.000000 -0.240767
    9 15.160889 2.666569 0.031251 3.209346 -0.028667 0.194753
    10 3.890452 0.031247 -0.000003 -1.627884 -0.140181 -1.537012
    11 17.848177 0.000000 0.000000 0.000000 0.000000 0.306643
    12 16.525253 0.000000 0.000000 -0.052196 -0.037201 -1.161964
    13 -3.890452 -0.031247 0.000007 -1.227490 0.012200 -1.554533
    14 17.848173 0.000000 0.000000 0.000000 0.000000 0.212459
    15 16.525257 0.000000 0.000000 -0.063946 -0.090213 -1.224615
  time 23
    0 -0.475019 -0.375006 38.137217 1.583999 -0.000947 0.066596
    1 0.000005 3.345128 -2.981901 1.532797 0.086246 1.572953
    2 7.536097 -0.109378 -0.031251 -0.000259 0.008341 0.134794
    3 10.748692 1.378078 -1.929797 -1.833395 1.146509 2.998109
    4 6.028143 0.000001 0.000000 1.363318 0.096661 -0.955650
    5 11.692552 0.000000 0.000002 0.000000 0.000000 -0.234218
    6 10.733060 1.378073 1.945473 1.783387 -1.135863 2.974565
    7 6.028142 0.000001 0.000000 -1.115153 0.013153 -0.947321
    8 11.692555 0.000000 0.000000 0.000000 0.000000 -0.241593
    9 15.160889 2.666569 0.035157 3.209939 -0.029386 0.194968
    10 3.890452 0.031247 -0.000003 -1.627335 -0.140495 -1.536326
    11 17.848177 0.000000 0.000000 0.000000 0.000000 0.306025
    12 16.525253 0.000000 0.000000 -0.052774 -0.036672 -1.161419
    13 -3.890452 -0.031247 0.000007 -1.226765 0.011675 -1.553828
    14 17.848173 0.000000 0.000000 0.000000 0.000000 0.212705
    15 16.525257 0.000000 0.000000 -0.064535 -0.089831 -1.224985
  time 24
    0 -0.498458 -0.375006 38.137217 1.584403 -0.000959 0.067299
    1 0.000005 3.345128 -2.981901 1.532823 0.086246 1.573277
    2 7.536097 -0.109378 -0.031251 0.000747 0.008845 0.134604
    3 10.752598 1.378078 -1.929797 -1.833454 1.146858 2.998350
    4 6.028143 0.000001 0.000000 1.365157 0.096568 -0.955371
    5 11.692552 0.000000 0.000002 0.000000 0.000000 -0.234727
    6 10.729153 1.378073 1.945473 1.783291 -1.135689 2.974948
    7 6.028142 0.000001 0.000000 -1.113519 0.012814 -0.947440
    8 11.692555 0.000000 0.000000 0.000000 0.000000 -0.242419
    9 15.156982 2.666569 0.035157 3.210532 -0.030093 0.195183
    10 3.890452 0.035153 -0.000003 -1.626786 -0.140765 -1.535725
    11 17.848177 0.000000 0.000000 0.000000 0.000000 0.305408
    12 16.525253 0.000000 0.000000 -0.053309 -0.036163 -1.160907
    13 -3.890452 -0.035154 0.000007 -1.226130 0.011150 -1.553124
    14 17.848173 0.000000 0.000000 0.000000 0.000000 0.212950
    15 16.525257 0.000000 0.000000 -0.065124 -0.089449 -1.225319
  time 25
    0 -0.521896 -0.375006 38.137217 1.584806 -0.000983 0.068002
    1 0.000005 3.345128 -2.981901 1.532861 0.086246 1.573588
    2 7.536097 -0.109378 -0.035157 0.001782 0.009372 0.134414
    3 10.752598 1.378078 -1.929797 -1.833454 1.147207 2.998531
    4 6.028143 0.000001 0.000000 1.366913 0.096476 -0.955091
    5 11.692552 0.000000 0.000002 0.000000 0.000000 -0.235235
    6 10.729153 1.378073 1.945473 1.783005 -1.135537 2.975524
    7 6.028142 0.000001 0.000000 -1.111786 0.012436 -0.947598
    8 11.692555 0.000000 0.000000 0.000000 0.000000 -0.243169
    9 15.156982 2.670475 0.039064 3.211076 -0.030752 0.195376
    10 3.890452 0.035153 -0.000003 -1.626237 -0.141034 -1.535125
    11 17.848177 0.000000 0.000000 0.000000 0.000000 0.304790
    12 16.525253 0.000000 0.000000 -0.053843 -0.035675 -1.160394
    13 -3.890452 -0.035154 0.000007 -1.225495 0.010670 -1.552419
    14 17.848173 0.000000 0.000000 0.000000 0.000000 0.213196
    15 16.525257 0.000000 0.000000 -0.065677 -0.089067 -1.225652
  time 26
    0 -0.541428 -0.375006 38.133310 1.585157 -0.000995 0.068706
    1 0.000005 3.345128 -2.981901 1.532887 0.086246 1.573900
    2 7.536097 -0.109378 -0.035157 0.002788 0.009911 0.134223
    3 10.752598 1.378078 -1.929797 -1.833513 1.147542 2.998773
    4 6.028143 0.000001 0.000000 1.368669 0.096338 -0.954718
    5 11.692552 0.000000 0.000002 0.000000 0.000000 -0.235743
    6 10.729153 1.381979 1.945473 1.782433 -1.135429 2.976482
    7 6.028142 0.000001 0.000000 -1.110004 0.011983 -0.947756
    8 11.692555 0.000000 0.000000 0.000000 0.000000 -0.243995
    9 15.156982 2.670475 0.039064 3.211619 -0.031388 0.195570
    10 3.890452 0.035153 -0.000003 -1.625688 -0.141259 -1.534525
    11 17.848177 0.000000 0.000000 0.000000 0.000000 0.304249
    12 16.525253 0.000000 0.000000 -0.054348 -0.035207 -1.159914
    13 -3.890452 -0.035154 0.000007 -1.224769 0.010233 -1.551803
    14 17.848173 0.000000 0.000000 0.000000 0.000000 0.213441
    15 16.525257 0.000000 0.000000 -0.066213 -0.088725 -1.225986
  time 27
    0 -0.564866 -0.375006 38.133310 1.585490 -0.001007 0.069350
    1 0.000005 3.345128 -2.981901 1.532926 0.086246 1.574200
    2 7.536097 -0.109378 -0.039064 0.003794 0.010487 0.134033
    3 10.752598 1.378078 -1.925891 -1.833513 1.147847 2.999014
    4 6.028143 0.000001 0.000000 1.370341 0.096154 -0.954345
    5 11.692552 0.000000 0.000002 0.000000 0.000000 -0.236324
    6 10.729153 1.381979 1.949379 1.781575 -1.135342 2.977728
    7 6.028142 0.000001 0.000000 -1.108122 0.011493 -0.947914
    8 11.692555 0.000000 0.000000 0.000000 0.000000 -0.244746
    9 15.156982 2.674381 0.042970 3.212114 -0.031987 0.195741
    10 3.890452 0.039060 -0.000003 -1.625139 -0.141483 -1.533924
    11 17.848177 0.000000 0.000000 0.000000 0.000000 0.303631
    12 16.525253 0.000000 0.000000 -0.054823 -0.034759 -1.159465
    13 -3.890452 -0.039060 0.000007 -1.224134 0.009795 -1.551186
    14 17.848173 0.000000 0.000000 0.000000 0.000000 0.213687
    15 16.525257 0.000000 0.000000 -0.066713 -0.088383 -1.226356
  time 28
    0 -0.584398 -0.375006 38.133310 1.585788 -0.001019 0.069936
    1 0.000005 3.345128 -2.981901 1.532951 0.086246 1.574487
    2 7.536097 -0.109378 -0.039064 0.004743 0.011086 0.133863
    3 10.752598 1.378078 -1.925891 -1.833513 1.148152 2.999255
    4 6.028143 0.000001 0.000000 1.372013 0.095969 -0.953973
    5 11.692552 0.000000 0.000002 0.000000 0.000000 -0.236833
    6 10.725247 1.381979 1.949379 1.780622 -1.135277 2.979071
    7 6.028142 0.000001 0.000000 -1.106290 0.011002 -0.948112
    8 11.692555 0.000000 0.000000 0.000000 0.000000 -0.245421
    9 15.156982 2.674381 0.042970 3.212558 -0.032538 0.195913
    10 3.890452 0.039060 -0.000003 -1.624682 -0.141662 -1.533495
    11 17.848177 0.000000 0.000000 0.000000 0.000000 0.303167
    12 16.525253 0.000000 0.000000 -0.055253 -0.034352 -1.159017
    13 -3.890452 -0.039060 0.000007 -1.223590 0.009358 -1.550658
    14 17.848173 0.000000 0.000000 0.000000 0.000000 0.214014
    15 16.525257 0.000000 0.000000 -0.067177 -0.088082 -1.226690
  time 29
    0 -0.603930 -0.375006 38.133310 1.586068 -0.001031 0.070523
    1 0.000005 3.345128 -2.981901 1.532977 0.086246 1.574763
    2 7.536097 -0.109378 -0.042970 0.005662 0.011697 0.133673
    3 10.752598 1.378078 -1.925891 -1.833513 1.148443 2.999497
    4 6.028143 0.000001 0.000000 1.373602 0.095785 -0.953600
    5 11.692552 0.000000 0.000002 0.000000 0.000000 -0.237413
    6 10.725247 1.381979 1.949379 1.779669 -1.135212 2.980317
    7 6.028142 0.000001 0.000000 -1.104508 0.010587 -0.948310
    8 11.692555 0.000000 0.000000 0.000000 0.000000 -0.246097
    9 15.153076 2.674381 0.046876 3.213003 -0.033054 0.196064
    10 3.890452 0.039060 -0.000003 -1.624133 -0.141797 -1.532981
    11 17.848177 0.000000 0.000000 0.000000 0.000000 0.302627
    12 16.525253 0.000000 0.000000 -0.055654 -0.033986 -1.158601
    13 -3.890452 -0.039060 0.000007 -1.222955 0.008965 -1.550130
    14 17.848173 0.000000 0.000000 0.000000 0.000000 0.214342
    15 16.525257 0.000000 0.000000 -0.067605 -0.087800 -1.227060
  time 30
    0 -0.619555 -0.375006 38.133310 1.586296 -0.001043 0.071109
    1 0.000005 3.345128 -2.981901 1.533016 0.086246 1.575027
    2 7.536097 -0.113285 -0.042970 0.006553 0.012344 0.133482
    3 10.752598 1.378078 -1.925891 -1.833572 1.148705 2.999738
    4 6.028143 0.000001 0.000000 1.375023 0.095555 -0.953134
    5 11.692552 0.000000 0.000002 0.000000 0.000000 -0.237994
    6 10.725247 1.381979 1.949379 1.778906 -1.135147 2.981467
    7 6.028142 0.000001 0.000000 -1.102874 0.010209 -0.948508
    8 11.692555 0.000000 0.000000 0.000000 0.000000 -0.246773
    9 15.153076 2.678288 0.046876 3.213399 -0.033509 0.196214
    10 3.890452 0.042966 -0.000003 -1.623676 -0.141932 -1.532552
    11 17.848177 0.000000 0.000000 0.000000 0.000000 0.302163
    12 16.525253 0.000000 0.000000 -0.056010 -0.033640 -1.158216
    13 -3.890452 -0.042966 0.000007 -1.222502 0.008572 -1.549689
    14 17.848173 0.000000 0.000000 0.000000 0.000000 0.214751
    15 16.525257 0.000000 0.000000 -0.067980 -0.087559 -1.227394
  time 31
    0 -0.635181 -0.375006 38.133310 1.586507 -0.001055 0.071577
    1 0.000005 3.345128 -2.981901 1.533042 0.086246 1.575266
    2 7.536097 -0.113285 -0.046876 0.007387 0.013003 0.133292
    3 10.752598 1.378078 -1.925891 -1.833572 1.148952 2.999980
    4 6.028143 0.000001 0.000000 1.376444 0.095278 -0.952668
    5 11.692552 0.000000 0.000002 0.000000 0.000000 -0.238575
    6 10.725247 1.381979 1.949379 1.778334 -1.135061 2.982522
    7 6.028142 0.000001 0.000000 -1.101339 0.009870 -0.948745
    8 11.692555 0.000000 0.000000 0.000000 0.000000 -0.247373
    9 15.153076 2.678288 0.046876 3.213745 -0.033916 0.196321
    10 3.890452 0.042966 -0.000003 -1.623310 -0.142022 -1.532209
    11 17.848177 0.000000 0.000000 0.000000 0.000000 0.301700
    12 16.525253 0.000000 0.000000 -0.056336 -0.033356 -1.157896
    13 -3.890452 -0.042966 0.000007 -1.221957 0.008178 -1.549337
    14 17.848173 0.000000 0.000000 0.000000 0.000000 0.215160
    15 16.525257 0.000000 0.000000 -0.068319 -0.087338 -1.227764
  time 32
    0 -0.646900 -0.375006 38.133310 1.586665 -0.001055 0.072046
    1 0.000005 3.345128 -2.981901 1.533067 0.086246 1.575494
    2 7.536097 -0.113285 -0.046876 0.008163 0.013698 0.133123
    3 10.752598 1.378078 -1.925891 -1.833572 1.149185 3.000281
    4 6.028143 0.000001 0.000000 1.377782 0.094956 -0.952202
    5 11.692552 0.000000 0.000002 0.000000 0.000000 -0.239156
    6 10.721340 1.381979 1.949379 1.777762 -1.134995 2.983480
    7 6.028142 0.000001 0.000000 -1.099953 0.009605 -0.949022
    8 11.692555 0.000000 0.000000 0.000000 0.000000 -0.247899
    9 15.153076 2.682194 0.050783 3.214091 -0.034252 0.196429
    10 3.890452 0.042966 -0.000003 -1.622852 -0.142111 -1.531952
    11 17.848177 0.000000 0.000000 0.000000 0.000000 0.301314
    12 16.525253 0.000000 0.000000 -0.056604 -0.033091 -1.157576
    13 -3.890452 -0.042966 0.000007 -1.221504 0.007828 -1.549073
    14 17.848173 0.000000 0.000000 0.000000 0.000000 0.215570
    15 16.525257 0.000000 0.000000 -0.068605 -0.087137 -1.228172
  time 33
    0 -0.658619 -0.375006 38.133310 1.586787 -0.001067 0.072457
    1 0.000005 3.345128 -2.981901 1.533093 0.086246 1.575698
    2 7.536097 -0.113285 -0.046876 0.008910 0.014405 0.132932
    3 10.752598 1.381985 -1.925891 -1.833513 1.149388 3.000523
    4 6.028143 0.000001 0.000000 1.378953 0.094679 -0.951736
    5 11.692552 0.000000 0.000002 0.000000 0.000000 -0.239810
    6 10.721340 1.381979 1.949379 1.777381 -1.134930 2.984151
    7 6.028142 0.000001 0.000000 -1.098715 0.009417 -0.949299
    8 11.692555 0.000000 0.000000 0.000000 0.000000 -0.248424
    9 15.153076 2.682194 0.050783 3.214387 -0.034540 0.196493
    10 3.890452 0.046872 -0.000003 -1.622486 -0.142111 -1.531694
    11 17.848177 0.000000 0.000000 0.000000 0.000000 0.300927
    12 16.525253 0.000000 0.000000 -0.056826 -0.032888 -1.157319
    13 -3.890452 -0.046873 0.000007 -1.221141 0.007523 -1.548809
    14 17.848173 0.000000 0.000000 0.000000 0.000000 0.216143
    15 16.525257 0.000000 0.000000 -0.068819 -0.086996 -1.228542
  time 34
    0 -0.666432 -0.375006 38.129404 1.586875 -0.001079 0.072867
    1 0.000005 3.345128 -2.981901 1.533106 0.086246 1.575877
    2 7.536097 -0.113285 -0.050783 0.009600 0.015149 0.132763
    3 10.752598 1.381985 -1.925891 -1.833513 1.149563 3.000825
    4 6.028143 0.000001 0.000000 1.380040 0.094311 -0.951176
    5 11.692552 0.000000 0.000002 0.000000 0.000000 -0.240391
    6 10.721340 1.385885 1.949379 1.777190 -1.134865 2.984823
    7 6.028142 0.000001 0.000000 -1.097626 0.009304 -0.949576
    8 11.692555 0.000000 0.000000 0.000000 0.000000 -0.248875
    9 15.153076 2.686101 0.050783 3.214634 -0.034755 0.196558
    10 3.890452 0.046872 -0.000003 -1.622212 -0.142111 -1.531523
    11 17.848177 0.000000 0.000000 0.000000 0.000000 0.300618
    12 16.525253 0.000000 0.000000 -0.056989 -0.032745 -1.157095
    13 -3.890452 -0.046873 0.000007 -1.220778 0.007173 -1.548720
    14 17.848173 0.000000 0.000000 0.000000 0.000000 0.216715
    15 16.525257 0.000000 0.000000 -0.068980 -0.086895 -1.228950
  time 35
    0 -0.670338 -0.375006 38.129404 1.586928 -0.001079 0.073160
    1 0.000005 3.345128 -2.981901 1.533132 0.086246 1.576033
    2 7.536097 -0.113285 -0.050783 0.010204 0.015892 0.132594
    3 10.752598 1.381985 -1.925891 -1.833513 1.149723 3.001126
    4 6.028143 0.000001 0.000000 1.381043 0.093988 -0.950710
    5 11.692552 0.000000 0.000002 0.000000 0.000000 -0.240972
    6 10.721340 1.385885 1.949379 1.777095 -1.134779 2.985206
    7 6.028142 0.000001 0.000000 -1.096685 0.009266 -0.949892
    8 11.692555 0.000000 0.000000 0.000000 0.000000 -0.249325
    9 15.149169 2.686101 0.050783 3.214881 -0.034911 0.196579
    10 3.890452 0.046872 -0.000003 -1.621846 -0.142111 -1.531351
    11 17.848177 0.000000 0.000000 0.000000 0.000000 0.300387
    12 16.525253 0.000000 0.000000 -0.057123 -0.032623 -1.156871
    13 -3.890452 -0.046873 0.000007 -1.220415 0.006867 -1.548632
    14 17.848173 0.000000 0.000000 0.000000 0.000000 0.217370
    15 16.525257 0.000000 0.000000 -0.069123 -0.086795 -1.229394
  time 36
    0 -0.678151 -0.375006 38.129404 1.586980 -0.001079 0.073453
    1 0.000005 3.345128 -2.981901 1.533145 0.086246 1.576165
    2 7.536097 -0.113285 -0.050783 0.010779 0.016647 0.132424
    3 10.752598 1.381985 -1.925891 -1.833513 1.149854 3.001428
    4 6.028143 0.000001 0.000000 1.381879 0.093620 -0.950151
    5 11.692552 0.000000 0.000002 0.000000 0.000000 -0.241625
    6 10.721340 1.385885 1.949379 1.777190 -1.134692 2.985494
    7 6.028142 0.000001 0.000000 -1.095943 0.009304 -0.950208
    8 11.692555 0.000000 0.000000 0.000000 0.000000 -0.249775
    9 15.149169 2.686101 0.054689 3.215079 -0.035019 0.196536
    10 3.890452 0.046872 -0.000003 -1.621663 -0.142066 -1.531265
    11 17.848177 0.000000 0.000000 0.000000 0.000000 0.300078
    12 16.525253 0.000000 0.000000 -0.057257 -0.032501 -1.156679
    13 -3.890452 -0.046873 0.000007 -1.220143 0.006561 -1.548544
    14 17.848173 0.000000 0.000000 0.000000 0.000000 0.218025
    15 16.525257 0.000000 0.000000 -0.069247 -0.086714 -1.229802
  time 37
    0 -0.682057 -0.378913 38.129404 1.587015 -0.001079 0.073629
    1 0.000005 3.345128 -2.981901 1.533170 0.086246 1.576273
    2 7.536097 -0.117191 -0.050783 0.011267 0.017402 0.132255
    3 10.752598 1.381985 -1.925891 -1.833454 1.149984 3.001730
    4 6.028143 0.000001 0.000000 1.382631 0.093297 -0.949685
    5 11.692552 0.000000 0.000002 0.000000 0.000000 -0.242279
    6 10.717434 1.385885 1.949379 1.777381 -1.134584 2.985494
    7 6.028142 0.000001 0.000000 -1.095349 0.009379 -0.950485
    8 11.692555 0.000000 0.000000 0.000000 0.000000 -0.250151
    9 15.149169 2.690007 0.054689 3.215227 -0.035055 0.196472
    10 3.890452 0.050779 -0.000003 -1.621480 -0.141977 -1.531094
    11 17.848177 0.000000 0.000000 0.000000 0.000000 0.299769
    12 16.525253 0.000000 0.000000 -0.057375 -0.032379 -1.156519
    13 -3.890452 -0.050779 0.000007 -1.219962 0.006255 -1.548456
    14 17.848173 0.000000 0.000000 0.000000 0.000000 0.218680
    15 16.525257 0.000000 0.000000 -0.069372 -0.086634 -1.230209
  time 38
    0 -0.689870 -0.378913 38.129404 1.587050 -0.001091 0.073805
    1 0.000005 3.345128 -2.981901 1.533183 0.086246 1.576357
    2 7.536097 -0.117191 -0.054689 0.011698 0.018181 0.132107
    3 10.752598 1.381985 -1.921985 -1.833454 1.150086 3.002092
    4 6.028143 0.000001 0.000000 1.383300 0.092975 -0.949126
    5 11.692552 0.000000 0.000002 0.000000 0.000000 -0.242932
    6 10.717434 1.385885 1.949379 1.777857 -1.134475 2.985398
    7 6.028142 0.000001 0.000000 -1.094952 0.009568 -0.950802
    8 11.692555 0.000000 0.000000 0.000000 0.000000 -0.250526
    9 15.149169 2.690007 0.054689 3.215326 -0.035031 0.196321
    10 3.890452 0.050779 -0.000003 -1.621297 -0.141887 -1.531008
    11 17.848177 0.000000 0.000000 0.000000 0.000000 0.299537
    12 16.525253 0.000000 0.000000 -0.057494 -0.032277 -1.156358
    13 -3.890452 -0.050779 0.000007 -1.219781 0.005949 -1.548456
    14 17.848173 0.000000 0.000000 0.000000 0.000000 0.219335
    15 16.525257 0.000000 0.000000 -0.069480 -0.086553 -1.230654
  time 39
    0 -0.693776 -0.378913 38.129404 1.587068 -0.001091 0.073980
    1 0.000005 3.345128 -2.981901 1.533196 0.086246 1.576429
    2 7.536097 -0.117191 -0.054689 0.012072 0.018984 0.131959
    3 10.752598 1.381985 -1.921985 -1.833395 1.150188 3.002394
    4 6.028143 0.000001 0.000000 1.383802 0.092652 -0.948567
    5 11.692552 0.000000 0.000002 0.000000 0.000000 -0.243513
    6 10.717434 1.385885 1.953285 1.778429 -1.134324 2.985110
    7 6.028142 0.000001 0.000000 -1.094705 0.009756 -0.951118
    8 11.692555 0.000000 0.000000 0.000000 0.000000 -0.250902
    9 15.149169 2.693913 0.054689 3.215425 -0.034947 0.196150
    10 3.890452 0.050779 -0.000003 -1.621205 -0.141797 -1.530836
    11 17.848177 0.000000 0.000000 0.000000 0.000000 0.299305
    12 16.525253 0.000000 0.000000 -0.057598 -0.032176 -1.156198
    13 -3.890452 -0.050779 0.000007 -1.219690 0.005643 -1.548368
    14 17.848173 0.000000 0.000000 0.000000 0.000000 0.220071
    15 16.525257 0.000000 0.000000 -0.069604 -0.086493 -1.231062
  time 40
    0 -0.697682 -0.378913 38.125498 1.587085 -0.001091 0.074039
    1 0.000005 3.345128 -2.981901 1.533209 0.086246 1.576465
    2 7.536097 -0.117191 -0.054689 0.012388 0.019823 0.131810
    3 10.752598 1.381985 -1.921985 -1.833395 1.150261 3.002696
    4 6.028143 0.000001 0.000000 1.384220 0.092376 -0.948008
    5 11.692552 0.000000 0.000002 0.000000 0.000000 -0.244167
    6 10.717434 1.385885 1.953285 1.779192 -1.134172 2.984631
    7 6.028142 0.000001 0.000000 -1.094655 0.010058 -0.951435
    8 11.692555 0.000000 0.000000 0.000000 0.000000 -0.251277
    9 15.145263 2.693913 0.054689 3.215475 -0.034791 0.195935
    10 3.890452 0.054685 -0.000003 -1.621114 -0.141707 -1.530751
    11 17.848177 0.000000 0.000000 0.000000 0.000000 0.299073
    12 16.525253 0.000000 0.000000 -0.057702 -0.032074 -1.156070
    13 -3.890452 -0.054686 0.000007 -1.219599 0.005337 -1.548368
    14 17.848173 0.000000 0.000000 0.000000 0.000000 0.220726
    15 16.525257 0.000000 0.000000 -0.069712 -0.086413 -1.231506
  time 41
    0 -0.701589 -0.378913 38.125498 1.587085 -0.001091 0.074098
    1 0.000005 3.345128 -2.981901 1.533222 0.086246 1.576489
    2 7.536097 -0.117191 -0.054689 0.012647 0.020697 0.131662
    3 10.752598 1.381985 -1.921985 -1.833336 1.150333 3.003058
    4 6.028143 0.000001 0.000000 1.384638 0.092053 -0.947355
    5 11.692552 0.000000 0.000002 0.000000 0.000000 -0.244820
    6 10.717434 1.389792 1.953285 1.780050 -1.133977 2.983960
    7 6.028142 0.000001 0.000000 -1.094705 0.010360 -0.951830
    8 11.692555 0.000000 0.000000 0.000000 0.000000 -0.251577
    9 15.145263 2.697820 0.054689 3.215475 -0.034576 0.195656
    10 3.890452 0.054685 -0.000003 -1.621114 -0.141618 -1.530579
    11 17.848177 0.000000 0.000000 0.000000 0.000000 0.298842
    12 16.525253 0.000000 0.000000 -0.057806 -0.031972 -1.155974
    13 -3.890452 -0.054686 0.000007 -1.219508 0.005075 -1.548368
    14 17.848173 0.000000 0.000000 0.000000 0.000000 0.221381
    15 16.525257 0.000000 0.000000 -0.069801 -0.086352 -1.231914
  time 42
    0 -0.705495 -0.382819 38.125498 1.587068 -0.001091 0.074098
    1 0.000005 3.345128 -2.981901 1.533222 0.086246 1.576489
    2 7.536097 -0.117191 -0.054689 0.012848 0.021632 0.131535
    3 10.752598 1.385891 -1.921985 -1.833277 1.150392 3.003360
    4 6.028143 0.000001 0.000000 1.384889 0.091731 -0.946703
    5 11.692552 0.000000 0.000002 0.000000 0.000000 -0.245547
    6 10.717434 1.389792 1.953285 1.781099 -1.133782 2.983193
    7 6.028142 0.000001 0.000000 -1.094903 0.010738 -0.952226
    8 11.692555 0.000000 0.000000 0.000000 0.000000 -0.251877
    9 15.145263 2.697820 0.054689 3.215425 -0.034288 0.195355
    10 3.890452 0.054685 -0.000003 -1.621114 -0.141483 -1.530493
    11 17.848177 0.000000 0.000000 0.000000 0.000000 0.298610
    12 16.525253 0.000000 0.000000 -0.057895 -0.031891 -1.155878
    13 -3.890452 -0.054686 0.000007 -1.219508 0.004769 -1.548280
    14 17.848173 0.000000 0.000000 0.000000 0.000000 0.222118
    15 16.525257 0.000000 0.000000 -0.069908 -0.086292 -1.232321
  time 43
    0 -0.709402 -0.382819 38.125498 1.587068 -0.001091 0.074098
    1 0.000005 3.345128 -2.981901 1.533235 0.086246 1.576465
    2 7.536097 -0.117191 -0.058596 0.013021 0.022627 0.131408
    3 10.748692 1.385891 -1.921985 -1.833277 1.150435 3.003722
    4 6.028143 0.000001 0.000000 1.385056 0.091454 -0.946050
    5 11.692552 0.000000 0.000002 0.000000 0.000000 -0.246200
    6 10.717434 1.389792 1.953285 1.782147 -1.133565 2.982330
    7 6.028142 0.000001 0.000000 -1.095250 0.011115 -0.952700
    8 11.692555 0.000000 0.000000 0.000000 0.000000 -0.252178
    9 15.145263 2.701726 0.054689 3.215326 -0.033940 0.195011
    10 3.890452 0.054685 -0.000003 -1.621205 -0.141348 -1.530322
    11 17.848177 0.000000 0.000000 0.000000 0.000000 0.298455
    12 16.525253 0.000000 0.000000 -0.057999 -0.031809 -1.155782
    13 -3.890452 -0.054686 0.000007 -1.219508 0.004506 -1.548280
    14 17.848173 0.000000 0.000000 0.000000 0.000000 0.222772
    15 16.525257 0.000000 0.000000 -0.069997 -0.086232 -1.232729
  time 44
    0 -0.713308 -0.382819 38.125498 1.587033 -0.001079 0.074039
    1 0.000005 3.345128 -2.981901 1.533235 0.086246 1.576429
    2 7.536097 -0.117191 -0.058596 0.013136 0.023682 0.131281
    3 10.748692 1.385891 -1.921985 -1.833218 1.150464 3.004024
    4 6.028143 0.000001 0.000000 1.385223 0.091132 -0.945305
    5 11.692552 0.000000 0.000002 0.000000 0.000000 -0.246854
    6 10.717434 1.389792 1.953285 1.783291 -1.133348 2.981467
    7 6.028142 0.000001 0.000000 -1.095695 0.011530 -0.953214
    8 11.692555 0.000000 0.000000 0.000000 0.000000 -0.252478
    9 15.145263 2.701726 0.054689 3.215227 -0.033509 0.194624
    10 3.890452 0.058592 -0.000003 -1.621205 -0.141214 -1.530236
    11 17.848177 0.000000 0.000000 0.000000 0.000000 0.298301
    12 16.525253 0.000000 0.000000 -0.058073 -0.031728 -1.155750
    13 -3.890452 -0.058592 0.000007 -1.219599 0.004288 -1.548280
    14 17.848173 0.000000 0.000000 0.000000 0.000000 0.223427
    15 16.525257 0.000000 0.000000 -0.070069 -0.086171 -1.233136
  time 45
    0 -0.717214 -0.382819 38.125498 1.587015 -0.001079 0.073980
    1 0.000005 3.345128 -2.981901 1.533235 0.086246 1.576369
    2 7.536097 -0.117191 -0.058596 0.013193 0.024820 0.131176
    3 10.748692 1.385891 -1.921985 -1.833159 1.150479 3.004386
    4 6.028143 0.000001 0.000000 1.385223 0.090809 -0.944373
    5 11.692552 0.000000 0.000002 0.000000 0.000000 -0.247507
    6 10.713528 1.389792 1.953285 1.784435 -1.133088 2.980604
    7 6.028142 0.000001 0.000000 -1.096141 0.011908 -0.953808
    8 11.692555 0.000000 0.000000 0.000000 0.000000 -0.252778
    9 15.141357 2.705632 0.054689 3.215079 -0.033018 0.194216
    10 3.890452 0.058592 -0.000003 -1.621297 -0.141079 -1.530065
    11 17.848177 0.000000 0.000000 0.000000 0.000000 0.298146
    12 16.525253 0.000000 0.000000 -0.058162 -0.031647 -1.155686
    13 -3.890452 -0.058592 0.000007 -1.219690 0.004026 -1.548280
    14 17.848173 0.000000 0.000000 0.000000 0.000000 0.224082
    15 16.525257 0.000000 0.000000 -0.070158 -0.086111 -1.233507
  time 46
    0 -0.721121 -0.386726 38.121591 1.586980 -0.001079 0.073863
    1 0.000005 3.345128 -2.981901 1.533235 0.086246 1.576297
    2 7.536097 -0.121097 -0.058596 0.013222 0.026043 0.131091
    3 10.748692 1.385891 -1.921985 -1.833100 1.150493 3.004748
    4 6.028143 0.000001 0.000000 1.385223 0.090487 -0.943534
    5 11.692552 0.000000 0.000002 0.000000 0.000000 -0.248161
    6 10.713528 1.389792 1.953285 1.785484 -1.132828 2.979742
    7 6.028142 0.000001 0.000000 -1.096685 0.012285 -0.954441
    8 11.692555 0.000000 0.000000 0.000000 0.000000 -0.253003
    9 15.141357 2.705632 0.054689 3.214881 -0.032454 0.193744
    10 3.890452 0.058592 -0.000003 -1.621480 -0.140944 -1.529979
    11 17.848177 0.000000 0.000000 0.000000 0.000000 0.298069
    12 16.525253 0.000000 0.000000 -0.058236 -0.031565 -1.155686
    13 -3.890452 -0.058592 0.000007 -1.219781 0.003807 -1.548280
    14 17.848173 0.000000 0.000000 0.000000 0.000000 0.224655
    15 16.525257 0.000000 0.000000 -0.070229 -0.086071 -1.233877
  time 47
    0 -0.725027 -0.386726 38.121591 1.586928 -0.001079 0.073687
    1 0.000005 3.345128 -2.981901 1.533248 0.086246 1.576201
    2 7.536097 -0.121097 -0.058596 0.013222 0.027349 0.130985
    3 10.748692 1.385891 -1.921985 -1.833100 1.150493 3.005050
    4 6.028143 0.000001 0.000000 1.385140 0.090210 -0.942509
    5 11.692552 0.000000 0.000002 0.000000 0.000000 -0.248887
    6 10.713528 1.389792 1.953285 1.786437 -1.132568 2.979071
    7 6.028142 0.000001 0.000000 -1.097279 0.012663 -0.955192
    8 11.692555 0.000000 0.000000 0.000000 0.000000 -0.253229
    9 15.141357 2.709539 0.054689 3.214634 -0.031807 0.193271
    10 3.890452 0.058592 -0.000003 -1.621571 -0.140810 -1.529893
    11 17.848177 0.000000 0.000000 0.000000 0.000000 0.297992
    12 16.525253 0.000000 0.000000 -0.058310 -0.031504 -1.155686
    13 -3.890452 -0.058592 0.000007 -1.219871 0.003632 -1.548280
    14 17.848173 0.000000 0.000000 0.000000 0.000000 0.225228
    15 16.525257 0.000000 0.000000 -0.070301 -0.086011 -1.234248
  time 48
    0 -0.728933 -0.390632 38.121591 1.586875 -0.001067 0.073570
    1 0.000005 3.345128 -2.981901 1.533235 0.086246 1.576093
    2 7.536097 -0.121097 -0.058596 0.013164 0.028763 0.130922
    3 10.748692 1.385891 -1.921985 -1.833041 1.150464 3.005412
    4 6.028143 0.000001 0.000000 1.385056 0.089842 -0.941390
    5 11.692552 0.000000 0.000002 0.000000 0.000000 -0.249541
    6 10.713528 1.393698 1.953285 1.787200 -1.132308 2.978495
    7 6.028142 0.000001 0.000000 -1.097824 0.012927 -0.955983
    8 11.692555 0.000000 0.000000 0.000000 0.000000 -0.253454
    9 15.141357 2.709539 0.054689 3.214387 -0.031088 0.192756
    10 3.890452 0.058592 -0.000003 -1.621754 -0.140675 -1.529721
    11 17.848177 0.000000 0.000000 0.000000 0.000000 0.297915
    12 16.525253 0.000000 0.000000 -0.058384 -0.031443 -1.155718
    13 -3.890452 -0.058592 0.000007 -1.220053 0.003457 -1.548280
    14 17.848173 0.000000 0.000000 0.000000 0.000000 0.225801
    15 16.525257 0.000000 0.000000 -0.070372 -0.085970 -1.234581
  time 49
    0 -0.728933 -0.390632 38.121591 1.586822 -0.001067 0.073394
    1 0.000005 3.345128 -2.981901 1.533235 0.086246 1.575961
    2 7.536097 -0.121097 -0.058596 0.013078 0.030297 0.130858
    3 10.748692 1.389798 -1.921985 -1.832982 1.150450 3.005774
    4 6.028143 0.000001 0.000000 1.384889 0.089519 -0.940179
    5 11.692552 0.000000 0.000002 0.000000 0.000000 -0.250194
    6 10.713528 1.393698 1.953285 1.787867 -1.132026 2.978112
    7 6.028142 0.000001 0.000000 -1.098418 0.013191 -0.956893
    8 11.692555 0.000000 0.000000 0.000000 0.000000 -0.253679
    9 15.137450 2.713445 0.054689 3.214091 -0.030297 0.192197
    10 3.890452 0.058592 -0.000003 -1.621937 -0.140540 -1.529636
    11 17.848177 0.000000 0.000000 0.000000 0.000000 0.297915
    12 16.525253 0.000000 0.000000 -0.058444 -0.031382 -1.155782
    13 -3.890452 -0.058592 0.000007 -1.220234 0.003326 -1.548280
    14 17.848173 0.000000 0.000000 0.000000 0.000000 0.226374
    15 16.525257 0.000000 0.000000 -0.070426 -0.085930 -1.234915
  time 50
    0 -0.732840 -0.390632 38.121591 1.586770 -0.001055 0.073160
    1 0.000005 3.345128 -2.981901 1.533235 0.086246 1.575830
    2 7.536097 -0.121097 -0.058596 0.012963 0.031939 0.130795
    3 10.748692 1.389798 -1.921985 -1.832923 1.150406 3.006136
    4 6.028143 0.000001 0.000000 1.384638 0.089197 -0.938780
    5 11.692552 0.000000 0.000002 0.000000 0.000000 -0.250920
    6 10.713528 1.393698 1.953285 1.788344 -1.131744 2.978016
    7 6.028142 0.000001 0.000000 -1.098963 0.013380 -0.957921
    8 11.692555 0.000000 0.000000 0.000000 0.000000 -0.253829
    9 15.137450 2.713445 0.054689 3.213794 -0.029434 0.191639
    10 3.890452 0.062498 -0.000003 -1.622212 -0.140406 -1.529550
    11 17.848177 0.000000 0.000000 0.000000 0.000000 0.297992
    12 16.525253 0.000000 0.000000 -0.058503 -0.031321 -1.155846
    13 -3.890452 -0.062498 0.000007 -1.220415 0.003195 -1.548280
    14 17.848173 0.000000 0.000000 0.000000 0.000000 0.226865
    15 16.525257 0.000000 0.000000 -0.070479 -0.085910 -1.235211
  time 51
    0 -0.736746 -0.394538 38.121591 1.586700 -0.001055 0.072984
    1 0.000005 3.345128 -2.981901 1.533235 0.086246 1.575674
    2 7.536097 -0.121097 -0.058596 0.012819 0.033713 0.130752
    3 10.748692 1.389798 -1.921985 -1.832864 1.150362 3.006438
    4 6.028143 0.000001 0.000000 1.384387 0.088828 -0.937382
    5 11.692552 0.000000 0.000002 0.000000 0.000000 -0.251574
    6 10.713528 1.393698 1.949379 1.788534 -1.131462 2.978016
    7 6.028142 0.000001 0.000000 -1.099507 0.013455 -0.959029
    8 11.692555 0.000000 0.000000 0.000000 0.000000 -0.253979
    9 15.137450 2.717352 0.054689 3.213448 -0.028499 0.191037
    10 3.890452 0.062498 -0.000003 -1.622395 -0.140271 -1.529378
    11 17.848177 0.000000 0.000000 0.000000 0.000000 0.297992
    12 16.525253 0.000000 0.000000 -0.058563 -0.031260 -1.155942
    13 -3.890452 -0.062498 0.000007 -1.220688 0.003064 -1.548280
    14 17.848173 0.000000 0.000000 0.000000 0.000000 0.227274
    15 16.525257 0.000000 0.000000 -0.070533 -0.085870 -1.235508
  time 52
    0 -0.736746 -0.398445 38.117685 1.586629 -0.001043 0.072750
    1 0.000005 3.345128 -2.981901 1.533222 0.086246 1.575494
    2 7.536097 -0.121097 -0.058596 0.012618 0.035534 0.130731
    3 10.744785 1.389798 -1.921985 -1.832805 1.150304 3.006800
    4 6.028143 0.000001 0.000000 1.384136 0.088552 -0.935798
    5 11.692552 0.000000 0.000002 0.000000 0.000000 -0.252227
    6 10.713528 1.393698 1.949379 1.788534 -1.131180 2.978400
    7 6.028142 0.000001 0.000000 -1.099953 0.013493 -0.960176
    8 11.692555 0.000000 0.000000 0.000000 0.000000 -0.254130
    9 15.137450 2.717352 0.054689 3.213102 -0.027481 0.190414
    10 3.890452 0.062498 -0.000003 -1.622669 -0.140181 -1.529293
    11 17.848177 0.000000 0.000000 0.000000 0.000000 0.298146
    12 16.525253 0.000000 0.000000 -0.058622 -0.031220 -1.156070
    13 -3.890452 -0.062498 0.000007 -1.220869 0.002977 -1.548280
    14 17.848173 0.000000 0.000000 0.000000 0.000000 0.227684
    15 16.525257 0.000000 0.000000 -0.070568 -0.085850 -1.235767
  time 53
    0 -0.740653 -0.398445 38.117685 1.586542 -0.001043 0.072515
    1 0.000005 3.345128 -2.981901 1.533209 0.086246 1.575314
    2 7.536097 -0.121097 -0.058596 0.012388 0.037320 0.130710
    3 10.744785 1.389798 -1.925891 -1.832746 1.150246 3.007162
    4 6.028143 0.000001 0.000000 1.383802 0.088413 -0.934307
    5 11.692552 0.000000 0.000002 0.000000 0.000000 -0.252736
    6 10.713528 1.393698 1.949379 1.788153 -1.130899 2.979166
    7 6.028142 0.000001 0.000000 -1.100349 0.013418 -0.961283
    8 11.692555 0.000000 0.000000 0.000000 0.000000 -0.254280
    9 15.137450 2.717352 0.054689 3.212707 -0.026378 0.189770
    10 3.890452 0.062498 -0.000003 -1.622944 -0.140091 -1.529207
    11 17.848177 0.000000 0.000000 0.000000 0.000000 0.298301
    12 16.525253 0.000000 0.000000 -0.058666 -0.031179 -1.156230
    13 -3.890452 -0.062498 0.000007 -1.221141 0.002933 -1.548280
    14 17.848173 0.000000 0.000000 0.000000 0.000000 0.228093
    15 16.525257 0.000000 0.000000 -0.070604 -0.085810 -1.236026
  time 54
    0 -0.740653 -0.402351 38.117685 1.586472 -0.001043 0.072222
    1 0.000005 3.345128 -2.981901 1.533209 0.086246 1.575122
    2 7.536097 -0.121097 -0.058596 0.012101 0.039034 0.130689
    3 10.744785 1.389798 -1.925891 -1.832687 1.150173 3.007524
    4 6.028143 0.000001 0.000000 1.383384 0.088459 -0.932909
    5 11.692552 0.000000 0.000002 0.000000 0.000000 -0.253099
    6 10.713528 1.393698 1.949379 1.787486 -1.130660 2.980317
    7 6.028142 0.000001 0.000000 -1.100646 0.013267 -0.962272
    8 11.692555 0.000000 0.000000 0.000000 0.000000 -0.254430
    9 15.133544 2.721258 0.054689 3.212361 -0.025204 0.189104
    10 3.890452 0.062498 -0.000003 -1.623218 -0.140002 -1.529121
    11 17.848177 0.000000 0.000000 0.000000 0.000000 0.298455
    12 16.525253 0.000000 0.000000 -0.058711 -0.031138 -1.156422
    13 -3.890452 -0.062498 0.000007 -1.221413 0.002933 -1.548280
    14 17.848173 0.000000 0.000000 0.000000 0.000000 0.228420
    15 16.525257 0.000000 0.000000 -0.070640 -0.085789 -1.236212
  time 55
    0 -0.744559 -0.402351 38.117685 1.586384 -0.001031 0.071988
    1 0.000005 3.345128 -2.981901 1.533196 0.086246 1.574907
    2 7.536097 -0.121097 -0.058596 0.011785 0.040616 0.130689
    3 10.744785 1.389798 -1.925891 -1.832628 1.150086 3.007826
    4 6.028143 0.000001 0.000000 1.382882 0.088690 -0.931604
    5 11.692552 0.000000 0.000002 0.000000 0.000000 -0.253389
    6 10.713528 1.397604 1.949379 1.786437 -1.130465 2.981659
    7 6.028142 0.000001 0.000000 -1.100894 0.013002 -0.963221
    8 11.692555 0.000000 0.000000 0.000000 0.000000 -0.254505
    9 15.133544 2.721258 0.054689 3.211965 -0.023957 0.188438
    10 3.890452 0.062498 -0.000003 -1.623493 -0.139912 -1.529035
    11 17.848177 0.000000 0.000000 0.000000 0.000000 0.298687
    12 16.525253 0.000000 0.000000 -0.058756 -0.031097 -1.156647
    13 -3.890452 -0.062498 0.000007 -1.221685 0.002933 -1.548280
    14 17.848173 0.000000 0.000000 0.000000 0.000000 0.228666
    15 16.525257 0.000000 0.000000 -0.070676 -0.085769 -1.236434
  time 56
    0 -0.744559 -0.406257 38.117685 1.586296 -0.001031 0.071695
    1 0.000005 3.345128 -2.981901 1.533183 0.086246 1.574691
    2 7.536097 -0.121097 -0.058596 0.011440 0.042030 0.130710
    3 10.744785 1.389798 -1.925891 -1.832569 1.149999 3.008188
    4 6.028143 0.000001 0.000000 1.382381 0.089012 -0.930485
    5 11.692552 0.000000 0.000002 0.000000 0.000000 -0.253607
    6 10.713528 1.397604 1.949379 1.785293 -1.130335 2.983385
    7 6.028142 0.000001 0.000000 -1.101141 0.012700 -0.964012
    8 11.692555 0.000000 0.000000 0.000000 0.000000 -0.254580
    9 15.133544 2.725164 0.050783 3.211570 -0.022627 0.187772
    10 3.890452 0.062498 -0.000003 -1.623767 -0.139822 -1.528949
    11 17.848177 0.000000 0.000000 0.000000 0.000000 0.298996
    12 16.525253 0.000000 0.000000 -0.058785 -0.031057 -1.156903
    13 -3.890452 -0.062498 0.000007 -1.221867 0.002977 -1.548280
    14 17.848173 0.000000 0.000000 0.000000 0.000000 0.228911
    15 16.525257 0.000000 0.000000 -0.070693 -0.085749 -1.236582
  time 57
    0 -0.744559 -0.410164 38.113779 1.586209 -0.001019 0.071460
    1 0.000005 3.345128 -2.981901 1.533170 0.086246 1.574451
    2 7.536097 -0.121097 -0.058596 0.011037 0.043252 0.130710
    3 10.744785 1.393704 -1.925891 -1.832510 1.149897 3.008550
    4 6.028143 0.000001 0.000000 1.381795 0.089519 -0.929460
    5 11.692552 0.000000 0.000002 0.000000 0.000000 -0.253680
    6 10.709621 1.397604 1.949379 1.783863 -1.130227 2.985206
    7 6.028142 0.000001 0.000000 -1.101339 0.012361 -0.964685
    8 11.692555 0.000000 0.000000 0.000000 0.000000 -0.254655
    9 15.133544 2.725164 0.050783 3.211175 -0.021225 0.187063
    10 3.890452 0.062498 -0.000003 -1.624041 -0.139777 -1.528864
    11 17.848177 0.000000 0.000000 0.000000 0.000000 0.299305
    12 16.525253 0.000000 0.000000 -0.058830 -0.031016 -1.157159
    13 -3.890452 -0.062498 0.000007 -1.222139 0.003064 -1.548192
    14 17.848173 0.000000 0.000000 0.000000 0.000000 0.228993
    15 16.525257 0.000000 0.000000 -0.070711 -0.085749 -1.236693
  time 58
    0 -0.744559 -0.410164 38.113779 1.586103 -0.001019 0.071167
    1 0.000005 3.345128 -2.981901 1.533158 0.086246 1.574212
    2 7.536097 -0.121097 -0.058596 0.010577 0.044223 0.130752
    3 10.744785 1.393704 -1.925891 -1.832451 1.149795 3.008852
    4 6.028143 0.000001 0.000000 1.381127 0.090210 -0.928808
    5 11.692552 0.000000 0.000002 0.000000 0.000000 -0.253752
    6 10.709621 1.397604 1.949379 1.782338 -1.130183 2.987219
    7 6.028142 0.000001 0.000000 -1.101488 0.011946 -0.965120
    8 11.692555 0.000000 0.000000 0.000000 0.000000 -0.254730
    9 15.133544 2.729071 0.050783 3.210779 -0.019739 0.186333
    10 3.890452 0.062498 -0.000003 -1.624316 -0.139777 -1.528778
    11 17.848177 0.000000 0.000000 0.000000 0.000000 0.299691
    12 16.525253 0.000000 0.000000 -0.058859 -0.030996 -1.157479
    13 -3.890452 -0.062498 0.000007 -1.222411 0.003151 -1.548192
    14 17.848173 0.000000 0.000000 0.000000 0.000000 0.229075
    15 16.525257 0.000000 0.000000 -0.070729 -0.085729 -1.236804
  time 59
    0 -0.748465 -0.414070 38.113779 1.586016 -0.001007 0.070874
    1 0.000005 3.345128 -2.981901 1.533145 0.086246 1.573960
    2 7.536097 -0.121097 -0.058596 0.010060 0.044906 0.130773
    3 10.744785 1.393704 -1.925891 -1.832392 1.149679 3.009214
    4 6.028143 0.000001 0.000000 1.380458 0.090993 -0.928342
    5 11.692552 0.000000 0.000002 0.000000 0.000000 -0.253680
    6 10.709621 1.397604 1.949379 1.780622 -1.130162 2.989424
    7 6.028142 0.000001 0.000000 -1.101686 0.011530 -0.965357
    8 11.692555 0.000000 0.000000 0.000000 0.000000 -0.254730
    9 15.129638 2.729071 0.050783 3.210384 -0.018181 0.185603
    10 3.890452 0.062498 -0.000003 -1.624590 -0.139777 -1.528692
    11 17.848177 0.000000 0.000000 0.000000 0.000000 0.300155
    12 16.525253 0.000000 0.000000 -0.058889 -0.030975 -1.157832
    13 -3.890452 -0.062498 0.000007 -1.222683 0.003326 -1.548192
    14 17.848173 0.000000 0.000000 0.000000 0.000000 0.229157
    15 16.525257 0.000000 0.000000 -0.070747 -0.085729 -1.236879
  time 60
    0 -0.748465 -0.417977 38.113779 1.585911 -0.001007 0.070640
    1 0.000005 3.345128 -2.981901 1.533132 0.086246 1.573708
    2 7.536097 -0.121097 -0.058596 0.009514 0.045278 0.130816
    3 10.744785 1.393704 -1.925891 -1.832333 1.149563 3.009516
    4 6.028143 0.000001 0.000000 1.379705 0.091961 -0.928155
    5 11.692552 0.000000 0.000002 0.000000 0.000000 -0.253535
    6 10.709621 1.397604 1.949379 1.778906 -1.130183 2.991629
    7 6.028142 0.000001 0.000000 -1.101884 0.011115 -0.965278
    8 11.692555 0.000000 0.000000 0.000000 0.000000 -0.254730
    9 15.129638 2.732977 0.050783 3.209988 -0.016539 0.184872
    10 3.890452 0.062498 -0.000003 -1.624865 -0.139777 -1.528606
    11 17.848177 0.000000 0.000000 0.000000 0.000000 0.300696
    12 16.525253 0.000000 0.000000 -0.058904 -0.030955 -1.158216
    13 -3.890452 -0.062498 0.000007 -1.222955 0.003501 -1.548104
    14 17.848173 0.000000 0.000000 0.000000 0.000000 0.229075
    15 16.525257 0.000000 0.000000 -0.070747 -0.085729 -1.236916
  time 61
    0 -0.748465 -0.421883 38.113779 1.585805 -0.000995 0.070347
    1 0.000005 3.345128 -2.981901 1.533119 0.086246 1.573433
    2 7.536097 -0.121097 -0.058596 0.008939 0.045398 0.130879
    3 10.744785 1.393704 -1.925891 -1.832274 1.149432 3.009878
    4 6.028143 0.000001 0.000000 1.378869 0.093067 -0.928342
    5 11.692552 0.000000 0.000002 0.000000 0.000000 -0.253244
    6 10.709621 1.397604 1.949379 1.777095 -1.130227 2.993930
    7 6.028142 0.000001 0.000000 -1.102082 0.010662 -0.965001
    8 11.692555 0.000000 0.000000 0.000000 0.000000 -0.254805
    9 15.129638 2.732977 0.050783 3.209593 -0.014993 0.184120
    10 3.890452 0.058592 -0.000003 -1.625139 -0.139777 -1.528521
    11 17.848177 0.000000 0.000000 0.000000 0.000000 0.301236
    12 16.525253 0.000000 0.000000 -0.058934 -0.030935 -1.158633
    13 -3.890452 -0.058592 0.000007 -1.223227 0.003720 -1.548104
    14 17.848173 0.000000 0.000000 0.000000 0.000000 0.228911
    15 16.525257 0.000000 0.000000 -0.070747 -0.085729 -1.236916
  time 62
    0 -0.748465 -0.425789 38.109872 1.585718 -0.000995 0.070112
    1 0.000005 3.345128 -2.981901 1.533106 0.086246 1.573157
    2 7.536097 -0.121097 -0.058596 0.008307 0.045398 0.130943
    3 10.744785 1.393704 -1.925891 -1.832215 1.149301 3.010180
    4 6.028143 0.000001 0.000000 1.377949 0.094265 -0.928528
    5 11.692552 0.000000 0.000002 0.000000 0.000000 -0.252954
    6 10.709621 1.401511 1.949379 1.775284 -1.130292 2.996230
    7 6.028142 0.000001 0.000000 -1.102330 0.010172 -0.964685
    8 11.692555 0.000000 0.000000 0.000000 0.000000 -0.254730
    9 15.129638 2.732977 0.046876 3.209148 -0.013722 0.183369
    10 3.890452 0.058592 -0.000003 -1.625322 -0.139867 -1.528435
    11 17.848177 0.000000 0.000000 0.000000 0.000000 0.301854
    12 16.525253 0.000000 0.000000 -0.058948 -0.030914 -1.159081
    13 -3.890452 -0.058592 0.000007 -1.223499 0.003982 -1.548016
    14 17.848173 0.000000 0.000000 0.000000 0.000000 0.228748
    15 16.525257 0.000000 0.000000 -0.070747 -0.085729 -1.236879
  time 63
    0 -0.748465 -0.425789 38.109872 1.585612 -0.000983 0.069878
    1 0.000005 3.345128 -2.981901 1.533093 0.086246 1.572881
    2 7.536097 -0.121097 -0.058596 0.007646 0.045290 0.131027
    3 10.744785 1.393704 -1.925891 -1.832156 1.149170 3.010482
    4 6.028143 0.000001 0.000000 1.377113 0.095555 -0.928808
    5 11.692552 0.000000 0.000002 0.000000 0.000000 -0.252590
    6 10.709621 1.401511 1.949379 1.773568 -1.130400 2.998531
    7 6.028142 0.000001 0.000000 -1.102577 0.009719 -0.964289
    8 11.692555 0.000000 0.000000 0.000000 0.000000 -0.254730
    9 15.129638 2.736883 0.046876 3.208604 -0.012716 0.182617
    10 3.890452 0.058592 -0.000003 -1.625597 -0.139957 -1.528349
    11 17.848177 0.000000 0.000000 0.000000 0.000000 0.302549
    12 16.525253 0.000000 0.000000 -0.058963 -0.030894 -1.159561
    13 -3.890452 -0.058592 0.000007 -1.223771 0.004332 -1.548016
    14 17.848173 0.000000 0.000000 0.000000 0.000000 0.228420
    15 16.525257 0.000000 0.000000 -0.070729 -0.085729 -1.236804
  time 64
    0 -0.748465 -0.429696 38.109872 1.585507 -0.000983 0.069643
    1 0.000005 3.345128 -2.981901 1.533067 0.086246 1.572582
    2 7.536097 -0.121097 -0.058596 0.006956 0.045086 0.131133
    3 10.744785 1.393704 -1.925891 -1.832097 1.149025 3.010844
    4 6.028143 0.000001 0.000000 1.376194 0.096937 -0.929274
    5 11.692552 0.000000 0.000002 0.000000 0.000000 -0.252155
    6 10.709621 1.401511 1.949379 1.771852 -1.130508 3.000736
    7 6.028142 0.000001 0.000000 -1.102924 0.009228 -0.963854
    8 11.692555 0.000000 0.000000 0.000000 0.000000 -0.254655
    9 15.129638 2.736883 0.046876 3.208011 -0.011937 0.181865
    10 3.890452 0.058592 -0.000003 -1.625871 -0.140047 -1.528263
    11 17.848177 0.000000 0.000000 0.000000 0.000000 0.303245
    12 16.525253 0.000000 0.000000 -0.058978 -0.030874 -1.160074
    13 -3.890452 -0.058592 0.000007 -1.223953 0.004681 -1.547928
    14 17.848173 0.000000 0.000000 0.000000 0.000000 0.228093
    15 16.525257 0.000000 0.000000 -0.070711 -0.085749 -1.236693
  time 65
    0 -0.748465 -0.433602 38.109872 1.585402 -0.000983 0.069409
    1 0.000005 3.345128 -2.981901 1.533054 0.086246 1.572294
    2 7.536097 -0.121097 -0.058596 0.006266 0.044786 0.131239
    3 10.740879 1.397610 -1.925891 -1.832038 1.148879 3.011146
    4 6.028143 0.000001 0.000000 1.375274 0.098365 -0.929740
    5 11.692552 0.000000 0.000002 0.000000 0.000000 -0.251646
    6 10.709621 1.401511 1.949379 1.770231 -1.130638 3.002845
    7 6.028142 0.000001 0.000000 -1.103270 0.008737 -0.963419
    8 11.692555 0.000000 0.000000 0.000000 0.000000 -0.254580
    9 15.125731 2.740790 0.046876 3.207369 -0.011397 0.181113
    10 3.890452 0.054685 -0.000003 -1.626054 -0.140181 -1.528263
    11 17.848177 0.000000 0.000000 0.000000 0.000000 0.304094
    12 16.525253 0.000000 0.000000 -0.058993 -0.030874 -1.160618
    13 -3.890452 -0.054686 0.000007 -1.224134 0.005075 -1.547840
    14 17.848173 0.000000 0.000000 0.000000 0.000000 0.227602
    15 16.525257 0.000000 0.000000 -0.070693 -0.085749 -1.236508
  time 66
    0 -0.748465 -0.437508 38.109872 1.585297 -0.000971 0.069233
    1 0.000005 3.345128 -2.981901 1.533042 0.086246 1.571994
    2 7.536097 -0.121097 -0.054689 0.005519 0.044415 0.131366
    3 10.740879 1.397610 -1.925891 -1.831979 1.148734 3.011447
    4 6.028143 0.000001 0.000000 1.374354 0.099932 -0.930299
    5 11.692552 0.000000 0.000002 0.000000 0.000000 -0.251138
    6 10.709621 1.401511 1.949379 1.768706 -1.130769 3.004763
    7 6.028142 0.000001 0.000000 -1.103716 0.008247 -0.962905
    8 11.692555 0.000000 0.000000 0.000000 0.000000 -0.254505
    9 15.125731 2.740790 0.042970 3.206726 -0.011050 0.180361
    10 3.890452 0.054685 -0.000003 -1.626237 -0.140361 -1.528178
    11 17.848177 0.000000 0.000000 0.000000 0.000000 0.304944
    12 16.525253 0.000000 0.000000 -0.058993 -0.030853 -1.161227
    13 -3.890452 -0.054686 0.000007 -1.224406 0.005556 -1.547752
    14 17.848173 0.000000 0.000000 0.000000 0.000000 0.227029
    15 16.525257 0.000000 0.000000 -0.070676 -0.085769 -1.236323
  time 67
    0 -0.748465 -0.441415 38.105966 1.585192 -0.000971 0.069057
    1 0.000005 3.345128 -2.981901 1.533016 0.086246 1.571683
    2 7.536097 -0.121097 -0.054689 0.004771 0.043983 0.131514
    3 10.740879 1.397610 -1.925891 -1.831920 1.148574 3.011749
    4 6.028143 0.000001 0.000000 1.373434 0.101498 -0.930951
    5 11.692552 0.000000 0.000002 0.000000 0.000000 -0.250485
    6 10.709621 1.401511 1.949379 1.767371 -1.130920 3.006488
    7 6.028142 0.000001 0.000000 -1.104211 0.007794 -0.962430
    8 11.692555 0.000000 0.000000 0.000000 0.000000 -0.254430
    9 15.125731 2.740790 0.042970 3.205985 -0.010906 0.179610
    10 3.890452 0.050779 -0.000003 -1.626420 -0.140540 -1.528092
    11 17.848177 0.000000 0.000000 0.000000 0.000000 0.305871
    12 16.525253 0.000000 0.000000 -0.059008 -0.030853 -1.161836
    13 -3.890452 -0.050779 0.000007 -1.224588 0.006036 -1.547664
    14 17.848173 0.000000 0.000000 0.000000 0.000000 0.226374
    15 16.525257 0.000000 0.000000 -0.070640 -0.085789 -1.236063
  time 68
    0 -0.748465 -0.445321 38.105966 1.585086 -0.000971 0.068881
    1 0.000005 3.345128 -2.981901 1.533003 0.086246 1.571371
    2 7.536097 -0.121097 -0.054689 0.003995 0.043504 0.131683
    3 10.740879 1.397610 -1.925891 -1.831861 1.148414 3.011991
    4 6.028143 0.000001 0.000000 1.372431 0.103157 -0.931604
    5 11.692552 0.000000 0.000002 0.000000 0.000000 -0.249831
    6 10.709621 1.401511 1.949379 1.766323 -1.131072 3.008022
    7 6.028142 0.000001 0.000000 -1.104756 0.007379 -0.961916
    8 11.692555 0.000000 0.000000 0.000000 0.000000 -0.254280
    9 15.125731 2.744696 0.042970 3.205244 -0.010930 0.178879
    10 3.890452 0.050779 -0.000003 -1.626603 -0.140765 -1.528092
    11 17.848177 0.000000 0.000000 0.000000 0.000000 0.306952
    12 16.525253 0.000000 0.000000 -0.059008 -0.030853 -1.162508
    13 -3.890452 -0.050779 0.000007 -1.224678 0.006605 -1.547488
    14 17.848173 0.000000 0.000000 0.000000 0.000000 0.225555
    15 16.525257 0.000000 0.000000 -0.070604 -0.085810 -1.235730
  time 69
    0 -0.748465 -0.453134 38.105966 1.584981 -0.000971 0.068764
    1 0.000005 3.345128 -2.981901 1.532977 0.086246 1.571060
    2 7.536097 -0.121097 -0.054689 0.003219 0.042977 0.131874
    3 10.740879 1.397610 -1.929797 -1.831802 1.148254 3.012292
    4 6.028143 0.000001 0.000000 1.371511 0.104862 -0.932349
    5 11.692552 0.000000 0.000002 0.000000 0.000000 -0.249177
    6 10.709621 1.401511 1.945473 1.765465 -1.131245 3.009172
    7 6.028142 0.000001 0.000000 -1.105449 0.006963 -0.961442
    8 11.692555 0.000000 0.000000 0.000000 0.000000 -0.254130
    9 15.125731 2.744696 0.042970 3.204453 -0.011122 0.178149
    10 3.890452 0.046872 -0.000003 -1.626786 -0.141034 -1.528006
    11 17.848177 0.000000 0.000000 0.000000 0.000000 0.308034
    12 16.525253 0.000000 0.000000 -0.059008 -0.030853 -1.163245
    13 -3.890452 -0.046873 0.000007 -1.224860 0.007217 -1.547399
    14 17.848173 0.000000 0.000000 0.000000 0.000000 0.224655
    15 16.525257 0.000000 0.000000 -0.070568 -0.085850 -1.235396
  time 70
    0 -0.748465 -0.457040 38.105966 1.584876 -0.000959 0.068647
    1 0.000005 3.345128 -2.981901 1.532964 0.086246 1.570760
    2 7.536097 -0.121097 -0.054689 0.002414 0.042413 0.132064
    3 10.740879 1.397610 -1.929797 -1.831743 1.148080 3.012594
    4 6.028143 0.000001 0.000000 1.370592 0.106566 -0.933095
    5 11.692552 0.000000 0.000002 0.000000 0.000000 -0.248451
    6 10.709621 1.401511 1.945473 1.764893 -1.131397 3.010131
    7 6.028142 0.000001 0.000000 -1.106191 0.006624 -0.960967
    8 11.692555 0.000000 0.000000 0.000000 0.000000 -0.253979
    9 15.125731 2.748603 0.039064 3.203662 -0.011445 0.177440
    10 3.890452 0.046872 -0.000003 -1.626878 -0.141348 -1.528006
    11 17.848177 0.000000 0.000000 0.000000 0.000000 0.309115
    12 16.525253 0.000000 0.000000 -0.059008 -0.030853 -1.163950
    13 -3.890452 -0.046873 0.000007 -1.224951 0.007872 -1.547223
    14 17.848173 0.000000 0.000000 0.000000 0.000000 0.223755
    15 16.525257 0.000000 0.000000 -0.070515 -0.085870 -1.234989
  time 71
    0 -0.744559 -0.460947 38.102059 1.584771 -0.000959 0.068530
    1 0.000005 3.345128 -2.981901 1.532939 0.086246 1.570460
    2 7.536097 -0.121097 -0.054689 0.001667 0.041790 0.132213
    3 10.736973 1.397610 -1.929797 -1.831684 1.147905 3.012836
    4 6.028143 0.000001 0.000000 1.369756 0.108271 -0.933841
    5 11.692552 0.000000 0.000002 0.000000 0.000000 -0.247653
    6 10.709621 1.405417 1.945473 1.764607 -1.131549 3.010610
    7 6.028142 0.000001 0.000000 -1.107033 0.006360 -0.960492
    8 11.692555 0.000000 0.000000 0.000000 0.000000 -0.253829
    9 15.121825 2.748603 0.039064 3.202871 -0.011901 0.176731
    10 3.890452 0.042966 -0.000003 -1.626969 -0.141662 -1.528006
    11 17.848177 0.000000 0.000000 0.000000 0.000000 0.310274
    12 16.525253 0.000000 0.000000 -0.058993 -0.030874 -1.164686
    13 -3.890452 -0.042966 0.000007 -1.225041 0.008484 -1.547135
    14 17.848173 0.000000 0.000000 0.000000 0.000000 0.222854
    15 16.525257 0.000000 0.000000 -0.070479 -0.085910 -1.234618
  time 72
    0 -0.744559 -0.460947 38.102059 1.584666 -0.000959 0.068471
    1 0.000005 3.345128 -2.981901 1.532926 0.086246 1.570173
    2 7.536097 -0.121097 -0.054689 0.000920 0.041131 0.132340
    3 10.736973 1.397610 -1.929797 -1.831625 1.147731 3.013137
    4 6.028143 0.000001 0.000000 1.368920 0.109884 -0.934680
    5 11.692552 0.000000 0.000002 0.000000 0.000000 -0.246926
    6 10.709621 1.405417 1.945473 1.764797 -1.131701 3.010802
    7 6.028142 0.000001 0.000000 -1.107924 0.006209 -0.960018
    8 11.692555 0.000000 0.000000 0.000000 0.000000 -0.253679
    9 15.121825 2.748603 0.039064 3.202080 -0.012464 0.176044
    10 3.890452 0.042966 -0.000003 -1.626969 -0.142022 -1.528006
    11 17.848177 0.000000 0.000000 0.000000 0.000000 0.311510
    12 16.525253 0.000000 0.000000 -0.058963 -0.030894 -1.165391
    13 -3.890452 -0.042966 0.000007 -1.225041 0.009096 -1.547047
    14 17.848173 0.000000 0.000000 0.000000 0.000000 0.221954
    15 16.525257 0.000000 0.000000 -0.070408 -0.085950 -1.234211
  time 73
    0 -0.740653 -0.464853 38.102059 1.584560 -0.000959 0.068471
    1 0.000005 3.345128 -2.981901 1.532900 0.086246 1.569885
    2 7.536097 -0.121097 -0.054689 0.000201 0.040424 0.132445
    3 10.736973 1.397610 -1.929797 -1.831566 1.147556 3.013379
    4 6.028143 0.000001 0.000000 1.368167 0.111496 -0.935518
    5 11.692552 0.000000 0.000002 0.000000 0.000000 -0.246055
    6 10.709621 1.405417 1.945473 1.765274 -1.131831 3.010514
    7 6.028142 0.000001 0.000000 -1.108914 0.006171 -0.959543
    8 11.692555 0.000000 0.000000 0.000000 0.000000 -0.253529
    9 15.121825 2.752509 0.035157 3.201290 -0.013135 0.175378
    10 3.890452 0.039060 -0.000003 -1.626969 -0.142426 -1.528006
    11 17.848177 0.000000 0.000000 0.000000 0.000000 0.312669
    12 16.525253 0.000000 0.000000 -0.058934 -0.030914 -1.166128
    13 -3.890452 -0.039060 0.000007 -1.225132 0.009664 -1.546959
    14 17.848173 0.000000 0.000000 0.000000 0.000000 0.221054
    15 16.525257 0.000000 0.000000 -0.070354 -0.085991 -1.233803
  time 74
    0 -0.740653 -0.468759 38.102059 1.584455 -0.000959 0.068471
    1 0.000005 3.345128 -2.981901 1.532887 0.086246 1.569598
    2 7.536097 -0.117191 -0.054689 -0.000489 0.039693 0.132509
    3 10.736973 1.397610 -1.929797 -1.831507 1.147382 3.013620
    4 6.028143 0.000001 0.000000 1.367415 0.113063 -0.936357
    5 11.692552 0.000000 0.000002 0.000000 0.000000 -0.245256
    6 10.709621 1.405417 1.945473 1.766227 -1.131939 3.009748
    7 6.028142 0.000001 0.000000 -1.110004 0.006246 -0.959068
    8 11.692555 0.000000 0.000000 0.000000 0.000000 -0.253304
    9 15.121825 2.752509 0.035157 3.200449 -0.013866 0.174733
    10 3.890452 0.035153 -0.000003 -1.626969 -0.142830 -1.528006
    11 17.848177 0.000000 0.000000 0.000000 0.000000 0.313904
    12 16.525253 0.000000 0.000000 -0.058889 -0.030955 -1.166832
    13 -3.890452 -0.035154 0.000007 -1.225041 0.010233 -1.546871
    14 17.848173 0.000000 0.000000 0.000000 0.000000 0.220153
    15 16.525257 0.000000 0.000000 -0.070283 -0.086031 -1.233359
  time 75
    0 -0.736746 -0.468759 38.102059 1.584350 -0.000971 0.068530
    1 0.000005 3.345128 -2.981901 1.532874 0.086246 1.569334
    2 7.536097 -0.117191 -0.054689 -0.001150 0.038938 0.132551
    3 10.736973 1.401517 -1.929797 -1.831507 1.147207 3.013922
    4 6.028143 0.000001 0.000000 1.366746 0.114583 -0.937289
    5 11.692552 0.000000 0.000002 0.000000 0.000000 -0.244457
    6 10.709621 1.405417 1.945473 1.767657 -1.132047 3.008405
    7 6.028142 0.000001 0.000000 -1.111241 0.006435 -0.958633
    8 11.692555 0.000000 0.000000 0.000000 0.000000 -0.253154
    9 15.121825 2.752509 0.035157 3.199659 -0.014669 0.174132
    10 3.890452 0.035153 -0.000003 -1.626878 -0.143278 -1.528092
    11 17.848177 0.000000 0.000000 0.000000 0.000000 0.315140
    12 16.525253 0.000000 0.000000 -0.058845 -0.030996 -1.167505
    13 -3.890452 -0.035154 0.000007 -1.225041 0.010801 -1.546783
    14 17.848173 0.000000 0.000000 0.000000 0.000000 0.219253
    15 16.525257 0.000000 0.000000 -0.070211 -0.086071 -1.232951
  time 76
    0 -0.732840 -0.468759 38.098153 1.584245 -0.000971 0.068588
    1 0.000005 3.345128 -2.981901 1.532848 0.086246 1.569070
    2 7.536097 -0.117191 -0.054689 -0.001782 0.038147 0.132551
    3 10.736973 1.401517 -1.929797 -1.831448 1.147033 3.014163
    4 6.028143 0.000001 0.000000 1.366077 0.115965 -0.938128
    5 11.692552 0.000000 0.000002 0.000000 0.000000 -0.243659
    6 10.709621 1.405417 1.945473 1.769564 -1.132134 3.006584
    7 6.028142 0.000001 0.000000 -1.112529 0.006775 -0.958159
    8 11.692555 0.000000 0.000000 0.000000 0.000000 -0.252928
    9 15.121825 2.756415 0.035157 3.198917 -0.015508 0.173531
    10 3.890452 0.031247 -0.000003 -1.626786 -0.143727 -1.528178
    11 17.848177 0.000000 0.000000 0.000000 0.000000 0.316376
    12 16.525253 0.000000 0.000000 -0.058785 -0.031057 -1.168210
    13 -3.890452 -0.031247 0.000007 -1.224951 0.011325 -1.546695
    14 17.848173 0.000000 0.000000 0.000000 0.000000 0.218434
    15 16.525257 0.000000 0.000000 -0.070140 -0.086131 -1.232544
  time 77
    0 -0.732840 -0.468759 38.098153 1.584140 -0.000971 0.068706
    1 0.000005 3.345128 -2.981901 1.532836 0.086246 1.568819
    2 7.536097 -0.121097 -0.050783 -0.002414 0.037356 0.132509
    3 10.733066 1.401517 -1.929797 -1.831389 1.146844 3.014405
    4 6.028143 0.000001 0.000000 1.365575 0.117302 -0.939060
    5 11.692552 0.000000 0.000002 0.000000 0.000000 -0.242787
    6 10.709621 1.405417 1.945473 1.772042 -1.132178 3.004091
    7 6.028142 0.000001 0.000000 -1.114014 0.007303 -0.957763
    8 11.692555 0.000000 0.000000 0.000000 0.000000 -0.252778
    9 15.117918 2.756415 0.031251 3.198126 -0.016383 0.172972
    10 3.890452 0.031247 -0.000003 -1.626695 -0.144221 -1.528178
    11 17.848177 0.000000 0.000000 0.000000 0.000000 0.317689
    12 16.525253 0.000000 0.000000 -0.058726 -0.031118 -1.168882
    13 -3.890452 -0.031247 0.000007 -1.224769 0.011850 -1.546695
    14 17.848173 0.000000 0.000000 0.000000 0.000000 0.217616
    15 16.525257 0.000000 0.000000 -0.070051 -0.086192 -1.232099
  time 78
    0 -0.728933 -0.472666 38.098153 1.584034 -0.000983 0.068881
    1 0.000005 3.345128 -2.981901 1.532823 0.086246 1.568579
    2 7.536097 -0.121097 -0.050783 -0.002989 0.036541 0.132424
    3 10.733066 1.401517 -1.929797 -1.831330 1.146669 3.014707
    4 6.028143 0.000001 0.000000 1.365074 0.118546 -0.939899
    5 11.692552 0.000000 0.000002 0.000000 0.000000 -0.241988
    6 10.709621 1.405417 1.945473 1.774616 -1.132221 3.001503
    7 6.028142 0.000001 0.000000 -1.115450 0.007832 -0.957368
    8 11.692555 0.000000 0.000000 0.000000 0.000000 -0.252553
    9 15.117918 2.756415 0.031251 3.197385 -0.017270 0.172457
    10 3.890452 0.027341 -0.000003 -1.626512 -0.144760 -1.528349
    11 17.848177 0.000000 0.000000 0.000000 0.000000 0.318925
    12 16.525253 0.000000 0.000000 -0.058652 -0.031179 -1.169555
    13 -3.890452 -0.027341 0.000007 -1.224588 0.012331 -1.546695
    14 17.848173 0.000000 0.000000 0.000000 0.000000 0.216715
    15 16.525257 0.000000 0.000000 -0.069962 -0.086252 -1.231691
  time 79
    0 -0.725027 -0.468759 38.098153 1.583912 -0.000983 0.069116
    1 0.000005 3.345128 -2.981901 1.532810 0.086246 1.568351
    2 7.536097 -0.121097 -0.050783 -0.003507 0.035726 0.132318
    3 10.733066 1.401517 -1.929797 -1.831330 1.146480 3.014948
    4 6.028143 0.000001 0.000000 1.364655 0.119651 -0.940831
    5 11.692552 0.000000 0.000002 0.000000 0.000000 -0.241262
    6 10.709621 1.405417 1.945473 1.777095 -1.132308 2.999011
    7 6.028142 0.000001 0.000000 -1.116688 0.008322 -0.956972
    8 11.692555 0.000000 0.000000 0.000000 0.000000 -0.252328
    9 15.117918 2.760322 0.031251 3.196693 -0.018145 0.171963
    10 3.890452 0.023434 -0.000003 -1.626237 -0.145298 -1.528435
    11 17.848177 0.000000 0.000000 0.000000 0.000000 0.320239
    12 16.525253 0.000000 0.000000 -0.058577 -0.031260 -1.170227
    13 -3.890452 -0.023435 0.000007 -1.224406 0.012855 -1.546607
    14 17.848173 0.000000 0.000000 0.000000 0.000000 0.215979
    15 16.525257 0.000000 0.000000 -0.069872 -0.086312 -1.231247
  time 80
    0 -0.721121 -0.468759 38.094247 1.583806 -0.000995 0.069350
    1 0.000005 3.345128 -2.981901 1.532797 0.086246 1.568123
    2 7.536097 -0.121097 -0.050783 -0.004024 0.034911 0.132170
    3 10.733066 1.401517 -1.929797 -1.831271 1.146306 3.015189
    4 6.028143 0.000001 0.000000 1.364321 0.120665 -0.941670
    5 11.692552 0.000000 0.000002 0.000000 0.000000 -0.240536
    6 10.709621 1.405417 1.945473 1.779192 -1.132351 2.996902
    7 6.028142 0.000001 0.000000 -1.117777 0.008775 -0.956537
    8 11.692555 0.000000 0.000000 0.000000 0.000000 -0.252103
    9 15.117918 2.760322 0.031251 3.196050 -0.019008 0.171511
    10 3.890452 0.023434 -0.000003 -1.625963 -0.145882 -1.528521
    11 17.848177 0.000000 0.000000 0.000000 0.000000 0.321552
    12 16.525253 0.000000 0.000000 -0.058488 -0.031342 -1.170868
    13 -3.890452 -0.023435 0.000007 -1.224134 0.013336 -1.546607
    14 17.848173 0.000000 0.000000 0.000000 0.000000 0.215160
    15 16.525257 0.000000 0.000000 -0.069765 -0.086373 -1.230802
  time 81
    0 -0.717214 -0.468759 38.094247 1.583701 -0.000995 0.069702
    1 0.000005 3.345128 -2.981901 1.532784 0.086246 1.567920
    2 7.536097 -0.121097 -0.050783 -0.004484 0.034108 0.131959
    3 10.733066 1.401517 -1.929797 -1.831212 1.146131 3.015431
    4 6.028143 0.000001 0.000000 1.364070 0.121540 -0.942602
    5 11.692552 0.000000 0.000002 0.000000 0.000000 -0.239810
    6 10.709621 1.409323 1.945473 1.781194 -1.132329 2.994984
    7 6.028142 0.000001 0.000000 -1.118668 0.009153 -0.956062
    8 11.692555 0.000000 0.000000 0.000000 0.000000 -0.251877
    9 15.117918 2.760322 0.027345 3.195408 -0.019823 0.171082
    10 3.890452 0.019528 -0.000003 -1.625688 -0.146465 -1.528692
    11 17.848177 0.000000 0.000000 0.000000 0.000000 0.322865
    12 16.525253 0.000000 0.000000 -0.058384 -0.031423 -1.171509
    13 -3.890452 -0.019528 0.000007 -1.223862 0.013773 -1.546607
    14 17.848173 0.000000 0.000000 0.000000 0.000000 0.214342
    15 16.525257 0.000000 0.000000 -0.069658 -0.086433 -1.230358
  time 82
    0 -0.709402 -0.468759 38.094247 1.583596 -0.001007 0.070054
    1 0.000005 3.345128 -2.981901 1.532771 0.086246 1.567716
    2 7.536097 -0.121097 -0.050783 -0.004915 0.033317 0.131726
    3 10.733066 1.401517 -1.933704 -1.831212 1.145942 3.015672
    4 6.028143 0.000001 0.000000 1.363903 0.122277 -0.943441
    5 11.692552 0.000000 0.000002 0.000000 0.000000 -0.239156
    6 10.709621 1.409323 1.941566 1.782910 -1.132243 2.993355
    7 6.028142 0.000001 0.000000 -1.119411 0.009492 -0.955469
    8 11.692555 0.000000 0.000000 0.000000 0.000000 -0.251652
    9 15.117918 2.764228 0.027345 3.194815 -0.020578 0.170717
    10 3.890452 0.015621 -0.000003 -1.625231 -0.147094 -1.528864
    11 17.848177 0.000000 0.000000 0.000000 0.000000 0.324178
    12 16.525253 0.000000 0.000000 -0.058295 -0.031525 -1.172149
    13 -3.890452 -0.015622 0.000007 -1.223499 0.014254 -1.546607
    14 17.848173 0.000000 0.000000 0.000000 0.000000 0.213605
    15 16.525257 0.000000 0.000000 -0.069551 -0.086513 -1.229950
  time 83
    0 -0.705495 -0.464853 38.094247 1.583491 -0.001019 0.070464
    1 0.000005 3.345128 -2.981901 1.532758 0.086246 1.567524
    2 7.536097 -0.121097 -0.050783 -0.005289 0.032538 0.131430
    3 10.729160 1.401517 -1.933704 -1.831153 1.145768 3.015914
    4 6.028143 0.000001 0.000000 1.363903 0.122830 -0.944186
    5 11.692552 0.000000 0.000002 0.000000 0.000000 -0.238575
    6 10.709621 1.409323 1.941566 1.784435 -1.132091 2.991917
    7 6.028142 0.000001 0.000000 -1.119955 0.009794 -0.954876
    8 11.692555 0.000000 0.000000 0.000000 0.000000 -0.251427
    9 15.117918 2.764228 0.027345 3.194271 -0.021273 0.170373
    10 3.890452 0.015621 -0.000003 -1.624865 -0.147722 -1.529035
    11 17.848177 0.000000 0.000000 0.000000 0.000000 0.325568
    12 16.525253 0.000000 0.000000 -0.058177 -0.031626 -1.172758
    13 -3.890452 -0.015622 0.000007 -1.223046 0.014691 -1.546695
    14 17.848173 0.000000 0.000000 0.000000 0.000000 0.212787
    15 16.525257 0.000000 0.000000 -0.069444 -0.086594 -1.229505
  time 84
    0 -0.701589 -0.464853 38.094247 1.583386 -0.001031 0.070933
    1 0.000005 3.345128 -2.981901 1.532745 0.086246 1.567356
    2 7.536097 -0.121097 -0.046876 -0.005634 0.031783 0.131112
    3 10.729160 1.401517 -1.933704 -1.831153 1.145593 3.016155
    4 6.028143 0.000001 0.000000 1.363903 0.123245 -0.945025
    5 11.692552 0.000000 0.000002 0.000000 0.000000 -0.238067
    6 10.709621 1.409323 1.941566 1.785770 -1.131917 2.990670
    7 6.028142 0.000001 0.000000 -1.120351 0.010058 -0.954243
    8 11.692555 0.000000 0.000000 0.000000 0.000000 -0.251202
    9 15.114012 2.764228 0.023438 3.193777 -0.021872 0.170094
    10 3.890452 0.011715 -0.000003 -1.624316 -0.148395 -1.529207
    11 17.848177 0.000000 0.000000 0.000000 0.000000 0.326882
    12 16.525253 0.000000 0.000000 -0.058073 -0.031728 -1.173366
    13 -3.890452 -0.011715 0.000007 -1.222592 0.015084 -1.546695
    14 17.848173 0.000000 0.000000 0.000000 0.000000 0.212050
    15 16.525257 0.000000 0.000000 -0.069319 -0.086674 -1.229061
  time 85
    0 -0.697682 -0.460947 38.090340 1.583280 -0.001043 0.071402
    1 0.000005 3.345128 -2.981901 1.532732 0.086246 1.567189
    2 7.536097 -0.121097 -0.046876 -0.005892 0.031052 0.130731
    3 10.729160 1.405423 -1.933704 -1.831094 1.145419 3.016397
    4 6.028143 0.000001 0.000000 1.363987 0.123475 -0.945677
    5 11.692552 0.000000 0.000002 0.000000 0.000000 -0.237631
    6 10.709621 1.409323 1.941566 1.786914 -1.131679 2.989616
    7 6.028142 0.000001 0.000000 -1.120599 0.010285 -0.953570
    8 11.692555 0.000000 0.000000 0.000000 0.000000 -0.250902
    9 15.114012 2.768134 0.023438 3.193332 -0.022363 0.169836
    10 3.890452 0.007809 -0.000003 -1.623767 -0.149069 -1.529464
    11 17.848177 0.000000 0.000000 0.000000 0.000000 0.328195
    12 16.525253 0.000000 0.000000 -0.057954 -0.031850 -1.173943
    13 -3.890452 -0.007809 0.000007 -1.222048 0.015522 -1.546695
    14 17.848173 0.000000 0.000000 0.000000 0.000000 0.211313
    15 16.525257 0.000000 0.000000 -0.069194 -0.086755 -1.228616
  time 86
    0 -0.689870 -0.457040 38.090340 1.583175 -0.001055 0.071988
    1 0.000005 3.345128 -2.981901 1.532720 0.086246 1.567033
    2 7.536097 -0.125004 -0.046876 -0.006151 0.030369 0.130287
    3 10.729160 1.405423 -1.933704 -1.831094 1.145244 3.016638
    4 6.028143 0.000001 0.000000 1.364237 0.123521 -0.946423
    5 11.692552 0.000000 0.000002 0.000000 0.000000 -0.237268
    6 10.709621 1.409323 1.941566 1.787867 -1.131441 2.988753
    7 6.028142 0.000001 0.000000 -1.120599 0.010474 -0.952938
    8 11.692555 0.000000 0.000000 0.000000 0.000000 -0.250676
    9 15.114012 2.768134 0.023438 3.192937 -0.022747 0.169664
    10 3.890452 0.007809 -0.000003 -1.623127 -0.149787 -1.529636
    11 17.848177 0.000000 0.000000 0.000000 0.000000 0.329585
    12 16.525253 0.000000 0.000000 -0.057821 -0.031952 -1.174519
    13 -3.890452 -0.007809 0.000007 -1.221504 0.015915 -1.546783
    14 17.848173 0.000000 0.000000 0.000000 0.000000 0.210577
    15 16.525257 0.000000 0.000000 -0.069069 -0.086835 -1.228209
  time 87
    0 -0.685963 -0.453134 38.090340 1.583088 -0.001079 0.072632
    1 0.000005 3.345128 -2.981901 1.532707 0.086246 1.566889
    2 7.536097 -0.125004 -0.046876 -0.006323 0.029734 0.129800
    3 10.729160 1.405423 -1.933704 -1.831094 1.145084 3.016879
    4 6.028143 0.000001 0.000000 1.364572 0.123429 -0.946982
    5 11.692552 0.000000 0.000002 0.000000 0.000000 -0.236978
    6 10.709621 1.409323 1.941566 1.788725 -1.131159 2.987986
    7 6.028142 0.000001 0.000000 -1.120500 0.010662 -0.952305
    8 11.692555 0.000000 0.000000 0.000000 0.000000 -0.250376
    9 15.114012 2.768134 0.023438 3.192640 -0.022974 0.169514
    10 3.890452 0.003902 -0.000003 -1.622486 -0.150505 -1.529893
    11 17.848177 0.000000 0.000000 0.000000 0.000000 0.330898
    12 16.525253 0.000000 0.000000 -0.057702 -0.032074 -1.175064
    13 -3.890452 -0.003903 0.000007 -1.220869 0.016308 -1.546783
    14 17.848173 0.000000 0.000000 0.000000 0.000000 0.209840
    15 16.525257 0.000000 0.000000 -0.068926 -0.086915 -1.227764
  time 88
    0 -0.678151 -0.453134 38.090340 1.582982 -0.001091 0.073336
    1 0.000005 3.345128 -2.981901 1.532707 0.086246 1.566757
    2 7.536097 -0.125004 -0.046876 -0.006438 0.029182 0.129271
    3 10.729160 1.405423 -1.933704 -1.831035 1.144910 3.017121
    4 6.028143 0.000001 0.000000 1.365074 0.123153 -0.947542
    5 11.692552 0.000000 0.000002 0.000000 0.000000 -0.236687
    6 10.709621 1.409323 1.941566 1.789488 -1.130877 2.987315
    7 6.028142 0.000001 0.000000 -1.120203 0.010813 -0.951751
    8 11.692555 0.000000 0.000000 0.000000 0.000000 -0.250151
    9 15.114012 2.772041 0.019532 3.192393 -0.023058 0.169428
    10 3.890452 -0.000004 -0.000003 -1.621754 -0.151223 -1.530150
    11 17.848177 0.000000 0.000000 0.000000 0.000000 0.332289
    12 16.525253 0.000000 0.000000 -0.057553 -0.032196 -1.175608
    13 -3.890452 0.000004 0.000007 -1.220143 0.016702 -1.546871
    14 17.848173 0.000000 0.000000 0.000000 0.000000 0.209185
    15 16.525257 0.000000 0.000000 -0.068801 -0.087016 -1.227319
  time 89
    0 -0.674244 -0.449227 38.086434 1.582877 -0.001103 0.074098
    1 0.000005 3.345128 -2.981901 1.532694 0.086246 1.566649
    2 7.536097 -0.125004 -0.046876 -0.006525 0.028703 0.128678
    3 10.725253 1.405423 -1.933704 -1.831035 1.144750 3.017362
    4 6.028143 0.000001 0.000000 1.365659 0.122830 -0.948008
    5 11.692552 0.000000 0.000002 0.000000 0.000000 -0.236469
    6 10.709621 1.409323 1.941566 1.790155 -1.130595 2.986836
    7 6.028142 0.000001 0.000000 -1.119708 0.010926 -0.951276
    8 11.692555 0.000000 0.000000 0.000000 0.000000 -0.249851
    9 15.114012 2.772041 0.019532 3.192245 -0.022962 0.169385
    10 3.890452 -0.000004 -0.000003 -1.620931 -0.151986 -1.530408
    11 17.848177 0.000000 0.000000 0.000000 0.000000 0.333602
    12 16.525253 0.000000 0.000000 -0.057420 -0.032338 -1.176153
    13 -3.890452 0.000004 0.000007 -1.219327 0.017095 -1.546959
    14 17.848173 0.000000 0.000000 0.000000 0.000000 0.208448
    15 16.525257 0.000000 0.000000 -0.068658 -0.087096 -1.226912
  time 90
    0 -0.666432 -0.445321 38.086434 1.582789 -0.001127 0.074918
    1 0.000005 3.345128 -2.981901 1.532694 0.086246 1.566541
    2 7.536097 -0.128910 -0.042970 -0.006525 0.028284 0.128022
    3 10.725253 1.405423 -1.933704 -1.831035 1.144590 3.017604
    4 6.028143 0.000001 0.000000 1.366328 0.122324 -0.948380
    5 11.692552 0.000000 0.000002 0.000000 0.000000 -0.236252
    6 10.709621 1.409323 1.941566 1.790727 -1.130335 2.986356
    7 6.028142 0.000001 0.000000 -1.119064 0.011040 -0.950881
    8 11.692555 0.000000 0.000000 0.000000 0.000000 -0.249550
    9 15.110106 2.772041 0.019532 3.192146 -0.022675 0.169428
    10 3.890452 -0.000004 -0.000003 -1.620108 -0.152794 -1.530751
    11 17.848177 0.000000 0.000000 0.000000 0.000000 0.334915
    12 16.525253 0.000000 0.000000 -0.057271 -0.032481 -1.176665
    13 -3.890452 0.000004 0.000007 -1.218511 0.017489 -1.547047
    14 17.848173 0.000000 0.000000 0.000000 0.000000 0.207794
    15 16.525257 0.000000 0.000000 -0.068516 -0.087197 -1.226467
  time 91
    0 -0.662525 -0.441415 38.086434 1.582702 -0.001151 0.075856
    1 0.000005 3.345128 -2.981901 1.532681 0.086246 1.566458
    2 7.536097 -0.128910 -0.042970 -0.006467 0.027912 0.127324
    3 10.725253 1.405423 -1.933704 -1.831035 1.144430 3.017785
    4 6.028143 0.000001 0.000000 1.367164 0.121725 -0.948660
    5 11.692552 0.000000 0.000002 0.000000 0.000000 -0.236106
    6 10.709621 1.409323 1.941566 1.791204 -1.130075 2.986069
    7 6.028142 0.000001 0.000000 -1.118272 0.011153 -0.950525
    8 11.692555 0.000000 0.000000 0.000000 0.000000 -0.249250
    9 15.110106 2.775947 0.019532 3.192096 -0.022183 0.169514
    10 3.890452 -0.003910 -0.000003 -1.619101 -0.153557 -1.531008
    11 17.848177 0.000000 0.000000 0.000000 0.000000 0.336228
    12 16.525253 0.000000 0.000000 -0.057123 -0.032603 -1.177146
    13 -3.890452 0.003910 0.000007 -1.217604 0.017838 -1.547047
    14 17.848173 0.000000 0.000000 0.000000 0.000000 0.207057
    15 16.525257 0.000000 0.000000 -0.068355 -0.087297 -1.226060
  time 92
    0 -0.654712 -0.433602 38.086434 1.582614 -0.001174 0.076794
    1 0.000005 3.345128 -2.981901 1.532681 0.086246 1.566374
    2 7.536097 -0.132816 -0.042970 -0.006352 0.027612 0.126541
    3 10.725253 1.405423 -1.933704 -1.831035 1.144285 3.018026
    4 6.028143 0.000001 0.000000 1.368083 0.120941 -0.948940
    5 11.692552 0.000000 0.000002 0.000000 0.000000 -0.236034
    6 10.709621 1.413230 1.941566 1.791680 -1.129858 2.985685
    7 6.028142 0.000001 0.000000 -1.117282 0.011228 -0.950248
    8 11.692555 0.000000 0.000000 0.000000 0.000000 -0.248950
    9 15.110106 2.775947 0.015625 3.192146 -0.021476 0.169664
    10 3.890452 -0.003910 -0.000003 -1.618095 -0.154365 -1.531351
    11 17.848177 0.000000 0.000000 0.000000 0.000000 0.337619
    12 16.525253 0.000000 0.000000 -0.056975 -0.032745 -1.177626
    13 -3.890452 0.003910 0.000007 -1.216606 0.018188 -1.547135
    14 17.848173 0.000000 0.000000 0.000000 0.000000 0.206402
    15 16.525257 0.000000 0.000000 -0.068212 -0.087398 -1.225652
  time 93
    0 -0.646900 -0.429696 38.082528 1.582526 -0.001198 0.077849
    1 0.000005 3.345128 -2.981901 1.532668 0.086246 1.566314
    2 7.536097 -0.132816 -0.042970 -0.006180 0.027349 0.125716
    3 10.725253 1.405423 -1.933704 -1.831035 1.144139 3.018268
    4 6.028143 0.000001 0.000000 1.369170 0.120066 -0.949219
    5 11.692552 0.000000 0.000002 0.000000 0.000000 -0.235961
    6 10.709621 1.413230 1.941566 1.792157 -1.129663 2.985398
    7 6.028142 0.000001 0.000000 -1.116193 0.011342 -0.950090
    8 11.692555 0.000000 0.000000 0.000000 0.000000 -0.248649
    9 15.110106 2.779853 0.015625 3.192344 -0.020518 0.169879
    10 3.890452 -0.007817 -0.000003 -1.616997 -0.155218 -1.531694
    11 17.848177 0.000000 0.000000 0.000000 0.000000 0.338932
    12 16.525253 0.000000 0.000000 -0.056811 -0.032888 -1.178075
    13 -3.890452 0.007816 0.000007 -1.215608 0.018538 -1.547223
    14 17.848173 0.000000 0.000000 0.000000 0.000000 0.205747
    15 16.525257 0.000000 0.000000 -0.068051 -0.087519 -1.225245
  time 94
    0 -0.642993 -0.425789 38.082528 1.582439 -0.001222 0.078962
    1 0.000005 3.345128 -2.981901 1.532668 0.086246 1.566266
    2 7.536097 -0.132816 -0.042970 -0.005950 0.027121 0.124827
    3 10.725253 1.409329 -1.933704 -1.831035 1.143994 3.018509
    4 6.028143 0.000001 0.000000 1.370425 0.119098 -0.949406
    5 11.692552 0.000000 0.000002 0.000000 0.000000 -0.235888
    6 10.709621 1.413230 1.941566 1.792634 -1.129511 2.985206
    7 6.028142 0.000001 0.000000 -1.114905 0.011455 -0.950011
    8 11.692555 0.000000 0.000000 0.000000 0.000000 -0.248274
    9 15.110106 2.779853 0.015625 3.192591 -0.019319 0.170158
    10 3.890452 -0.011723 -0.000003 -1.615899 -0.156026 -1.532123
    11 17.848177 0.000000 0.000000 0.000000 0.000000 0.340168
    12 16.525253 0.000000 0.000000 -0.056663 -0.033050 -1.178523
    13 -3.890452 0.011723 0.000007 -1.214429 0.018887 -1.547311
    14 17.848173 0.000000 0.000000 0.000000 0.000000 0.205093
    15 16.525257 0.000000 0.000000 -0.067891 -0.087619 -1.224837
  time 95
    0 -0.635181 -0.421883 38.082528 1.582351 -0.001258 0.080134
    1 0.000005 3.345128 -2.981901 1.532668 0.086246 1.566230
    2 7.536097 -0.136723 -0.039064 -0.005634 0.026941 0.123853
    3 10.725253 1.409329 -1.933704 -1.831035 1.143863 3.018751
    4 6.028143 0.000001 0.000000 1.371762 0.117947 -0.949592
    5 11.692552 0.000000 0.000002 0.000000 0.000000 -0.235961
    6 10.709621 1.413230 1.941566 1.793110 -1.129425 2.984918
    7 6.028142 0.000001 0.000000 -1.113469 0.011606 -0.950011
    8 11.692555 0.000000 0.000000 0.000000 0.000000 -0.247974
    9 15.110106 2.779853 0.015625 3.192937 -0.017833 0.170502
    10 3.890452 -0.011723 -0.000003 -1.614618 -0.156879 -1.532466
    11 17.848177 0.000000 0.000000 0.000000 0.000000 0.341481
    12 16.525253 0.000000 0.000000 -0.056500 -0.033193 -1.178940
    13 -3.890452 0.011723 0.000007 -1.213250 0.019237 -1.547488
    14 17.848173 0.000000 0.000000 0.000000 0.000000 0.204438
    15 16.525257 0.000000 0.000000 -0.067712 -0.087720 -1.224429
  time 96
    0 -0.627368 -0.414070 38.082528 1.582263 -0.001282 0.081424
    1 0.000005 3.345128 -2.981901 1.532668 0.086246 1.566218
    2 7.536097 -0.136723 -0.039064 -0.005260 0.026786 0.122837
    3 10.721347 1.409329 -1.933704 -1.831035 1.143732 3.018932
    4 6.028143 0.000001 0.000000 1.373267 0.116703 -0.949685
    5 11.692552 0.000000 0.000002 0.000000 0.000000 -0.235961
    6 10.709621 1.413230 1.941566 1.793587 -1.129381 2.984535
    7 6.028142 0.000001 0.000000 -1.111836 0.011719 -0.950090
    8 11.692555 0.000000 0.000000 0.000000 0.000000 -0.247598
    9 15.110106 2.783760 0.015625 3.193332 -0.016179 0.170931
    10 3.890452 -0.015629 -0.000003 -1.613337 -0.157776 -1.532895
    11 17.848177 0.000000 0.000000 0.000000 0.000000 0.342794
    12 16.525253 0.000000 0.000000 -0.056336 -0.033356 -1.179356
    13 -3.890452 0.015629 0.000007 -1.211980 0.019587 -1.547576
    14 17.848173 0.000000 0.000000 0.000000 0.000000 0.203783
    15 16.525257 0.000000 0.000000 -0.067552 -0.087840 -1.224059
  time 97
    0 -0.619555 -0.410164 38.078621 1.582193 -0.001318 0.082772
    1 0.000005 3.345128 -2.981901 1.532668 0.086246 1.566206
    2 7.536097 -0.140629 -0.039064 -0.004829 0.026654 0.121737
    3 10.721347 1.409329 -1.937610 -1.831094 1.143616 3.019173
    4 6.028143 0.000001 0.000000 1.374856 0.115320 -0.949872
    5 11.692552 0.000000 0.000002 0.000000 0.000000 -0.236034
    6 10.709621 1.413230 1.937660 1.794063 -1.129425 2.984247
    7 6.028142 0.000001 0.000000 -1.110103 0.011908 -0.950288
    8 11.692555 0.000000 0.000000 0.000000 0.000000 -0.247298
    9 15.106199 2.783760 0.011719 3.193777 -0.014465 0.171468
    10 3.890452 -0.019536 -0.000003 -1.611965 -0.158629 -1.533324
    11 17.848177 0.000000 0.000000 0.000000 0.000000 0.344030
    12 16.525253 0.000000 0.000000 -0.056158 -0.033518 -1.179740
    13 -3.890452 0.019535 0.000007 -1.210620 0.019936 -1.547664
    14 17.848173 0.000000 0.000000 0.000000 0.000000 0.203128
    15 16.525257 0.000000 0.000000 -0.067373 -0.087961 -1.223688
  time 98
    0 -0.615649 -0.406257 38.078621 1.582123 -0.001354 0.084178
    1 0.000005 3.345128 -2.981901 1.532668 0.086246 1.566218
    2 7.536097 -0.144536 -0.039064 -0.004311 0.026534 0.120573
    3 10.721347 1.409329 -1.937610 -1.831094 1.143499 3.019414
    4 6.028143 0.000001 0.000000 1.376612 0.113800 -0.949965
    5 11.692552 0.000000 0.000002 0.000000 0.000000 -0.236179
    6 10.709621 1.413230 1.937660 1.794635 -1.129533 2.983768
    7 6.028142 0.000001 0.000000 -1.108221 0.012097 -0.950604
    8 11.692555 0.000000 0.000000 0.000000 0.000000 -0.246923
    9 15.106199 2.783760 0.011719 3.194271 -0.012704 0.172070
    10 3.890452 -0.019536 -0.000003 -1.610410 -0.159527 -1.533753
    11 17.848177 0.000000 0.000000 0.000000 0.000000 0.345266
    12 16.525253 0.000000 0.000000 -0.055995 -0.033661 -1.180093
    13 -3.890452 0.019535 0.000007 -1.209259 0.020286 -1.547752
    14 17.848173 0.000000 0.000000 0.000000 0.000000 0.202555
    15 16.525257 0.000000 0.000000 -0.067195 -0.088082 -1.223281
  time 99
    0 -0.607836 -0.398445 38.078621 1.582053 -0.001390 0.085702
    1 0.000005 3.345128 -2.981901 1.532668 0.086246 1.566254
    2 7.536097 -0.144536 -0.039064 -0.003737 0.026426 0.119324
    3 10.721347 1.409329 -1.937610 -1.831153 1.143383 3.019595
    4 6.028143 0.000001 0.000000 1.378535 0.112141 -0.950058
    5 11.692552 0.000000 0.000002 0.000000 0.000000 -0.236324
    6 10.709621 1.413230 1.937660 1.795398 -1.129728 2.983289
    7 6.028142 0.000001 0.000000 -1.106142 0.012361 -0.951039
    8 11.692555 0.000000 0.000000 0.000000 0.000000 -0.246622
    9 15.106199 2.787666 0.011719 3.194815 -0.010918 0.172757
    10 3.890452 -0.023442 -0.000003 -1.608855 -0.160425 -1.534182
    11 17.848177 0.000000 0.000000 0.000000 0.000000 0.346579
    12 16.525253 0.000000 0.000000 -0.055817 -0.033824 -1.180445
    13 -3.890452 0.023442 0.000007 -1.207717 0.020636 -1.547840
    14 17.848173 0.000000 0.000000 0.000000 0.000000 0.201900
    15 16.525257 0.000000 0.000000 -0.067016 -0.088202 -1.222910
  time 100
    0 -0.600023 -0.394538 38.078621 1.581983 -0.001426 0.087284
    1 0.000005 3.345128 -2.981901 1.532668 0.086246 1.566290
    2 7.536097 -0.148442 -0.035157 -0.003075 0.026330 0.118012
    3 10.721347 1.409329 -1.937610 -1.831153 1.143281 3.019837
    4 6.028143 0.000001 0.000000 1.380541 0.110344 -0.950151
    5 11.692552 0.000000 0.000002 0.000000 0.000000 -0.236469
    6 10.709621 1.413230 1.937660 1.796161 -1.130032 2.982618
    7 6.028142 0.000001 0.000000 -1.103963 0.012663 -0.951553
    8 11.692555 0.000000 0.000000 0.000000 0.000000 -0.246247
    9 15.106199 2.787666 0.011719 3.195359 -0.009108 0.173531
    10 3.890452 -0.027349 -0.000003 -1.607208 -0.161322 -1.534696
    11 17.848177 0.000000 0.000000 0.000000 0.000000 0.347738
    12 16.525253 0.000000 0.000000 -0.055654 -0.033986 -1.180765
    13 -3.890452 0.027348 0.000007 -1.206085 0.020942 -1.547928
    14 17.848173 0.000000 0.000000 0.000000 0.000000 0.201246
    15 16.525257 0.000000 0.000000 -0.066820 -0.088323 -1.222577
  time 101
    0 -0.592211 -0.386726 38.078621 1.581913 -0.001462 0.088925
    1 0.000005 3.345128 -2.981901 1.532668 0.086246 1.566350
    2 7.536097 -0.152348 -0.035157 -0.002357 0.026222 0.116637
    3 10.721347 1.409329 -1.937610 -1.831212 1.143194 3.020078
    4 6.028143 0.000001 0.000000 1.382715 0.108455 -0.950244
    5 11.692552 0.000000 0.000002 0.000000 0.000000 -0.236687
    6 10.709621 1.413230 1.937660 1.797019 -1.130443 2.981947
    7 6.028142 0.000001 0.000000 -1.101636 0.013002 -0.952226
    8 11.692555 0.000000 0.000000 0.000000 0.000000 -0.245872
    9 15.106199 2.791573 0.011719 3.195902 -0.007287 0.174368
    10 3.890452 -0.027349 -0.000003 -1.605470 -0.162265 -1.535211
    11 17.848177 0.000000 0.000000 0.000000 0.000000 0.348974
    12 16.525253 0.000000 0.000000 -0.055476 -0.034149 -1.181054
    13 -3.890452 0.027348 0.000007 -1.204452 0.021291 -1.548104
    14 17.848173 0.000000 0.000000 0.000000 0.000000 0.200673
    15 16.525257 0.000000 0.000000 -0.066623 -0.088443 -1.222206
  time 102
    0 -0.584398 -0.382819 38.074715 1.581860 -0.001510 0.090684
    1 0.000005 3.345128 -2.981901 1.532668 0.086246 1.566434
    2 7.536097 -0.152348 -0.035157 -0.001552 0.026114 0.115176
    3 10.721347 1.413236 -1.937610 -1.831271 1.143107 3.020259
    4 6.028143 0.000001 0.000000 1.385056 0.106382 -0.950338
    5 11.692552 0.000000 0.000002 0.000000 0.000000 -0.236978
    6 10.709621 1.417136 1.937660 1.798163 -1.130964 2.980988
    7 6.028142 0.000001 0.000000 -1.099161 0.013418 -0.952977
    8 11.692555 0.000000 0.000000 0.000000 0.000000 -0.245571
    9 15.102293 2.791573 0.011719 3.196495 -0.005477 0.175292
    10 3.890452 -0.031255 -0.000003 -1.603731 -0.163163 -1.535725
    11 17.848177 0.000000 0.000000 0.000000 0.000000 0.350132
    12 16.525253 0.000000 0.000000 -0.055297 -0.034312 -1.181342
    13 -3.890452 0.031255 0.000007 -1.202638 0.021641 -1.548192
    14 17.848173 0.000000 0.000000 0.000000 0.000000 0.200018
    15 16.525257 0.000000 0.000000 -0.066445 -0.088564 -1.221873
  time 103
    0 -0.576585 -0.375006 38.074715 1.581808 -0.001546 0.092442
    1 0.000005 3.345128 -2.981901 1.532681 0.086246 1.566529
    2 7.536097 -0.156255 -0.035157 -0.000661 0.025995 0.113632
    3 10.717441 1.413236 -1.937610 -1.831271 1.143020 3.020501
    4 6.028143 0.000001 0.000000 1.387481 0.104217 -0.950524
    5 11.692552 0.000000 0.000002 0.000000 0.000000 -0.237268
    6 10.709621 1.417136 1.937660 1.799307 -1.131592 2.979933
    7 6.028142 0.000001 0.000000 -1.096636 0.013908 -0.953887
    8 11.692555 0.000000 0.000000 0.000000 0.000000 -0.245196
    9 15.102293 2.791573 0.011719 3.197138 -0.003679 0.176280
    10 3.890452 -0.031255 -0.000003 -1.601902 -0.164105 -1.536240
    11 17.848177 0.000000 0.000000 0.000000 0.000000 0.351291
    12 16.525253 0.000000 0.000000 -0.055119 -0.034474 -1.181598
    13 -3.890452 0.031255 0.000007 -1.200915 0.021947 -1.548280
    14 17.848173 0.000000 0.000000 0.000000 0.000000 0.199445
    15 16.525257 0.000000 0.000000 -0.066248 -0.088705 -1.221539
  time 104
    0 -0.572679 -0.371100 38.074715 1.581755 -0.001594 0.094142
    1 0.000005 3.345128 -2.981901 1.532681 0.086246 1.566637
    2 7.536097 -0.160161 -0.035157 0.000259 0.025851 0.112002
    3 10.717441 1.413236 -1.937610 -1.831330 1.142947 3.020742
    4 6.028143 0.000001 0.000000 1.389905 0.101959 -0.950710
    5 11.692552 0.000000 0.000002 0.000000 0.000000 -0.237559
    6 10.709621 1.417136 1.937660 1.800737 -1.132373 2.978783
    7 6.028142 0.000001 0.000000 -1.094111 0.014512 -0.954955
    8 11.692555 0.000000 0.000000 0.000000 0.000000 -0.244821
    9 15.102293 2.795479 0.011719 3.197731 -0.001918 0.177311
    10 3.890452 -0.035161 -0.000003 -1.600072 -0.165003 -1.536755
    11 17.848177 0.000000 0.000000 0.000000 0.000000 0.352450
    12 16.525253 0.000000 0.000000 -0.054941 -0.034637 -1.181854
    13 -3.890452 0.035161 0.000007 -1.199191 0.022253 -1.548456
    14 17.848173 0.000000 0.000000 0.000000 0.000000 0.198954
    15 16.525257 0.000000 0.000000 -0.066052 -0.088825 -1.221243
  time 105
    0 -0.564866 -0.363287 38.074715 1.581737 -0.001642 0.095783
    1 0.000005 3.345128 -2.981901 1.532681 0.086246 1.566745
    2 7.536097 -0.164067 -0.031251 0.001265 0.025683 0.110351
    3 10.717441 1.413236 -1.937610 -1.831389 1.142903 3.020923
    4 6.028143 0.000001 0.000000 1.392247 0.099655 -0.950897
    5 11.692552 0.000000 0.000002 0.000000 0.000000 -0.237922
    6 10.709621 1.417136 1.937660 1.802071 -1.133283 2.977633
    7 6.028142 0.000001 0.000000 -1.091536 0.015078 -0.956062
    8 11.692555 0.000000 0.000000 0.000000 0.000000 -0.244445
    9 15.102293 2.795479 0.011719 3.198373 -0.000204 0.178450
    10 3.890452 -0.039068 -0.000003 -1.598425 -0.165901 -1.537269
    11 17.848177 0.000000 0.000000 0.000000 0.000000 0.353531
    12 16.525253 0.000000 0.000000 -0.054778 -0.034800 -1.182111
    13 -3.890452 0.039067 0.000007 -1.197559 0.022515 -1.548544
    14 17.848173 0.000000 0.000000 0.000000 0.000000 0.198381
    15 16.525257 0.000000 0.000000 -0.065856 -0.088946 -1.220947
  time 106
    0 -0.557053 -0.359381 38.070809 1.581772 -0.001702 0.097306
    1 0.000005 3.345128 -2.981901 1.532694 0.086246 1.566829
    2 7.536097 -0.167974 -0.031251 0.002299 0.025443 0.108701
    3 10.717441 1.413236 -1.937610 -1.831448 1.142903 3.021225
    4 6.028143 0.000001 0.000000 1.394588 0.097490 -0.951270
    5 11.692552 0.000000 0.000002 0.000000 0.000000 -0.238357
    6 10.709621 1.417136 1.937660 1.802929 -1.134389 2.976866
    7 6.028142 0.000001 0.000000 -1.088863 0.015569 -0.957249
    8 11.692555 0.000000 0.000000 0.000000 0.000000 -0.244145
    9 15.102293 2.799385 0.011719 3.199016 0.001414 0.179631
    10 3.890452 -0.039068 -0.000003 -1.596778 -0.166843 -1.537784
    11 17.848177 0.000000 0.000000 0.000000 0.000000 0.354690
    12 16.525253 0.000000 0.000000 -0.054600 -0.034963 -1.182367
    13 -3.890452 0.039067 0.000007 -1.196017 0.022646 -1.548720
    14 17.848173 0.000000 0.000000 0.000000 0.000000 0.197890
    15 16.525257 0.000000 0.000000 -0.065659 -0.089087 -1.220650
  time 107
    0 -0.549240 -0.351568 38.070809 1.581878 -0.001750 0.098830
    1 0.000005 3.345128 -2.981901 1.532694 0.086246 1.566901
    2 7.536097 -0.167974 -0.031251 0.003334 0.025180 0.107050
    3 10.717441 1.413236 -1.937610 -1.831566 1.142918 3.021467
    4 6.028143 0.000001 0.000000 1.396929 0.095370 -0.951642
    5 11.692552 0.000000 0.000002 0.000000 0.000000 -0.238721
    6 10.709621 1.417136 1.937660 1.803406 -1.135472 2.976578
    7 6.028142 0.000001 0.000000 -1.086090 0.015984 -0.958317
    8 11.692555 0.000000 0.000000 0.000000 0.000000 -0.243770
    9 15.098387 2.799385 0.011719 3.199659 0.002948 0.180920
    10 3.890452 -0.042974 -0.000003 -1.595315 -0.167876 -1.538299
    11 17.848177 0.000000 0.000000 0.000000 0.000000 0.355771
    12 16.525253 0.000000 0.000000 -0.054422 -0.035125 -1.182623
    13 -3.890452 0.042974 0.000007 -1.194565 0.022734 -1.548897
    14 17.848173 0.000000 0.000000 0.000000 0.000000 0.197480
    15 16.525257 0.000000 0.000000 -0.065481 -0.089207 -1.220391
  time 108
    0 -0.541428 -0.347662 38.070809 1.582053 -0.001810 0.100237
    1 0.000005 3.345128 -2.981901 1.532694 0.086246 1.566961
    2 7.536097 -0.171880 -0.031251 0.004369 0.024868 0.105420
    3 10.717441 1.417142 -1.937610 -1.831625 1.142976 3.021768
    4 6.028143 0.000001 0.000000 1.399103 0.093297 -0.952202
    5 11.692552 0.000000 0.000002 0.000000 0.000000 -0.239229
    6 10.705715 1.417136 1.937660 1.803406 -1.136426 2.976770
    7 6.028142 0.000001 0.000000 -1.083218 0.016324 -0.959147
    8 11.692555 0.000000 0.000000 0.000000 0.000000 -0.243470
    9 15.098387 2.803292 0.011719 3.200301 0.004386 0.182273
    10 3.890452 -0.042974 -0.000003 -1.593759 -0.168863 -1.538813
    11 17.848177 0.000000 0.000000 0.000000 0.000000 0.356776
    12 16.525253 0.000000 0.000000 -0.054244 -0.035288 -1.182879
    13 -3.890452 0.042974 0.000007 -1.193114 0.022734 -1.548985
    14 17.848173 0.000000 0.000000 0.000000 0.000000 0.197071
    15 16.525257 0.000000 0.000000 -0.065302 -0.089328 -1.220132
  time 109
    0 -0.533615 -0.343755 38.070809 1.582263 -0.001858 0.101585
    1 0.000005 3.345128 -2.981901 1.532681 0.086246 1.567009
    2 7.536097 -0.175787 -0.031251 0.005432 0.024520 0.103812
    3 10.717441 1.417142 -1.937610 -1.831743 1.143063 3.022070
    4 6.028143 0.000001 0.000000 1.401360 0.091362 -0.952761
    5 11.692552 0.000000 0.000002 0.000000 0.000000 -0.239665
    6 10.705715 1.417136 1.937660 1.802929 -1.137228 2.977345
    7 6.028142 0.000001 0.000000 -1.080248 0.016588 -0.959662
    8 11.692555 0.000000 0.000000 0.000000 0.000000 -0.243094
    9 15.098387 2.807198 0.011719 3.200894 0.005717 0.183669
    10 3.890452 -0.046880 -0.000003 -1.592387 -0.169940 -1.539328
    11 17.848177 0.000000 0.000000 0.000000 0.000000 0.357780
    12 16.525253 0.000000 0.000000 -0.054080 -0.035451 -1.183104
    13 -3.890452 0.046880 0.000007 -1.191754 0.022646 -1.549249
    14 17.848173 0.000000 0.000000 0.000000 0.000000 0.196744
    15 16.525257 0.000000 0.000000 -0.065124 -0.089449 -1.219872
  time 110
    0 -0.529709 -0.335943 38.070809 1.582544 -0.001918 0.102874
    1 0.000005 3.345128 -2.981901 1.532681 0.086246 1.567033
    2 7.532191 -0.179693 -0.031251 0.006496 0.024149 0.102182
    3 10.717441 1.417142 -1.937610 -1.831861 1.143180 3.022432
    4 6.028143 0.000001 0.000000 1.403450 0.089473 -0.953413
    5 11.692552 0.000000 0.000002 0.000000 0.000000 -0.240173
    6 10.705715 1.421043 1.937660 1.801976 -1.137878 2.978400
    7 6.028142 0.000001 0.000000 -1.077228 0.016777 -0.959978
    8 11.692555 0.000000 0.000000 0.000000 0.000000 -0.242794
    9 15.098387 2.807198 0.011719 3.201537 0.006927 0.185130
    10 3.890452 -0.046880 -0.000003 -1.591015 -0.171018 -1.539843
    11 17.848177 0.000000 0.000000 0.000000 0.000000 0.358784
    12 16.525253 0.000000 0.000000 -0.053902 -0.035614 -1.183328
    13 -3.890452 0.046880 0.000007 -1.190484 0.022472 -1.549425
    14 17.848173 0.000000 0.000000 0.000000 0.000000 0.196498
    15 16.525257 0.000000 0.000000 -0.064927 -0.089569 -1.219687
  time 111
    0 -0.525802 -0.332036 38.066902 1.582877 -0.001989 0.104105
    1 0.000005 3.345128 -2.981901 1.532681 0.086246 1.567045
    2 7.532191 -0.179693 -0.031251 0.007531 0.023741 0.100574
    3 10.717441 1.417142 -1.933704 -1.831979 1.143325 3.022734
    4 6.028143 0.000001 0.000000 1.405540 0.087630 -0.954066
    5 11.692552 0.000000 0.000002 0.000000 0.000000 -0.240754
    6 10.705715 1.421043 1.941566 1.800737 -1.138420 2.979838
    7 6.028142 0.000001 0.000000 -1.074158 0.016928 -0.960097
    8 11.692555 0.000000 0.000000 0.000000 0.000000 -0.242419
    9 15.094480 2.811104 0.011719 3.202130 0.008006 0.186634
    10 3.890452 -0.050787 -0.000003 -1.589734 -0.172095 -1.540271
    11 17.848177 0.000000 0.000000 0.000000 0.000000 0.359634
    12 16.525253 0.000000 0.000000 -0.053739 -0.035776 -1.183520
    13 -3.890452 0.050786 0.000007 -1.189214 0.022166 -1.549601
    14 17.848173 0.000000 0.000000 0.000000 0.000000 0.196334
    15 16.525257 0.000000 0.000000 -0.064767 -0.089670 -1.219576
  time 112
    0 -0.517990 -0.324224 38.066902 1.583263 -0.002049 0.105336
    1 0.000005 3.345128 -2.981901 1.532668 0.086246 1.567057
    2 7.532191 -0.183599 -0.031251 0.008594 0.023334 0.098987
    3 10.713534 1.417142 -1.933704 -1.832097 1.143485 3.023096
    4 6.028143 0.000001 0.000000 1.407631 0.085833 -0.954811
    5 11.692552 0.000000 0.000002 0.000000 0.000000 -0.241262
    6 10.705715 1.421043 1.941566 1.799116 -1.138832 2.981563
    7 6.028142 0.000001 0.000000 -1.071039 0.017003 -0.959978
    8 11.692555 0.000000 0.000000 0.000000 0.000000 -0.242118
    9 15.094480 2.815011 0.015625 3.202723 0.008941 0.188159
    10 3.890452 -0.050787 -0.000003 -1.588544 -0.173172 -1.540786
    11 17.848177 0.000000 0.000000 0.000000 0.000000 0.360483
    12 16.525253 0.000000 0.000000 -0.053576 -0.035919 -1.183712
    13 -3.890452 0.050786 0.000007 -1.188035 0.021816 -1.549865
    14 17.848173 0.000000 0.000000 0.000000 0.000000 0.196334
    15 16.525257 0.000000 0.000000 -0.064588 -0.089791 -1.219465
  time 113
    0 -0.510177 -0.320317 38.066902 1.583701 -0.002121 0.106449
    1 0.000005 3.345128 -2.981901 1.532668 0.086246 1.567057
    2 7.532191 -0.187506 -0.031251 0.009629 0.022903 0.097400
    3 10.713534 1.421049 -1.933704 -1.832215 1.143674 3.023458
    4 6.028143 0.000001 0.000000 1.409554 0.084128 -0.955557
    5 11.692552 0.000000 0.000002 0.000000 0.000000 -0.241916
    6 10.701809 1.421043 1.941566 1.797114 -1.139136 2.983672
    7 6.028142 0.000001 0.000000 -1.067969 0.017079 -0.959701
    8 11.692555 0.000000 0.000000 0.000000 0.000000 -0.241818
    9 15.094480 2.815011 0.015625 3.203267 0.009731 0.189727
    10 3.890452 -0.054693 -0.000003 -1.587355 -0.174249 -1.541215
    11 17.848177 0.000000 0.000000 0.000000 0.000000 0.361256
    12 16.525253 0.000000 0.000000 -0.053413 -0.036082 -1.183872
    13 -3.890452 0.054693 0.000007 -1.186947 0.021291 -1.550130
    14 17.848173 0.000000 0.000000 0.000000 0.000000 0.196334
    15 16.525257 0.000000 0.000000 -0.064410 -0.089911 -1.219465
  time 114
    0 -0.502364 -0.316411 38.066902 1.584192 -0.002193 0.107504
    1 0.000005 3.345128 -2.981901 1.532655 0.086246 1.567057
    2 7.532191 -0.191412 -0.031251 0.010635 0.022459 0.095812
    3 10.713534 1.421049 -1.933704 -1.832392 1.143863 3.023820
    4 6.028143 0.000001 0.000000 1.411477 0.082470 -0.956396
    5 11.692552 0.000000 0.000002 0.000000 0.000000 -0.242497
    6 10.701809 1.421043 1.941566 1.794921 -1.139331 2.985973
    7 6.028142 0.000001 0.000000 -1.064850 0.017079 -0.959266
    8 11.692555 0.000000 0.000000 0.000000 0.000000 -0.241518
    9 15.090574 2.818917 0.015625 3.203810 0.010379 0.191338
    10 3.890452 -0.054693 -0.000003 -1.586257 -0.175372 -1.541730
    11 17.848177 0.000000 0.000000 0.000000 0.000000 0.361951
    12 16.525253 0.000000 0.000000 -0.053249 -0.036224 -1.183968
    13 -3.890452 0.054693 0.000007 -1.185858 0.020679 -1.550394
    14 17.848173 0.000000 0.000000 0.000000 0.000000 0.196580
    15 16.525257 0.000000 0.000000 -0.064249 -0.090012 -1.219502
  time 115
    0 -0.498458 -0.312505 38.062996 1.584718 -0.002265 0.108501
    1 0.000005 3.345128 -2.981901 1.532642 0.086246 1.567045
    2 7.532191 -0.191412 -0.031251 0.011641 0.022016 0.094246
    3 10.713534 1.421049 -1.933704 -1.832510 1.144081 3.024122
    4 6.028143 0.000001 0.000000 1.413316 0.080903 -0.957235
    5 11.692552 0.000000 0.000002 0.000000 0.000000 -0.243150
    6 10.701809 1.424949 1.941566 1.792538 -1.139418 2.988561
    7 6.028142 0.000001 0.000000 -1.061780 0.017041 -0.958712
    8 11.692555 0.000000 0.000000 0.000000 0.000000 -0.241217
    9 15.090574 2.822824 0.019532 3.204304 0.010846 0.192949
    10 3.890452 -0.054693 -0.000003 -1.585251 -0.176449 -1.542158
    11 17.848177 0.000000 0.000000 0.000000 0.000000 0.362492
    12 16.525253 0.000000 0.000000 -0.053086 -0.036387 -1.184032
    13 -3.890452 0.054693 0.000007 -1.184860 0.019980 -1.550746
    14 17.848173 0.000000 0.000000 0.000000 0.000000 0.196989
    15 16.525257 0.000000 0.000000 -0.064088 -0.090132 -1.219613
  time 116
    0 -0.490645 -0.308598 38.062996 1.585314 -0.002337 0.109438
    1 0.000005 3.345128 -2.981901 1.532629 0.086246 1.567033
    2 7.532191 -0.195318 -0.031251 0.012589 0.021572 0.092680
    3 10.713534 1.421049 -1.933704 -1.832687 1.144314 3.024484
    4 6.028143 0.000001 0.000000 1.415072 0.079337 -0.958073
    5 11.692552 0.000000 0.000002 0.000000 0.000000 -0.243804
    6 10.697902 1.424949 1.941566 1.789869 -1.139418 2.991437
    7 6.028142 0.000001 0.000000 -1.058711 0.016928 -0.958000
    8 11.692555 0.000000 0.000000 0.000000 0.000000 -0.240917
    9 15.086668 2.826730 0.019532 3.204799 0.011134 0.194582
    10 3.890452 -0.054693 -0.000003 -1.584245 -0.177526 -1.542587
    11 17.848177 0.000000 0.000000 0.000000 0.000000 0.363032
    12 16.525253 0.000000 0.000000 -0.052923 -0.036529 -1.184096
    13 -3.890452 0.054693 0.000007 -1.183953 0.019150 -1.551098
    14 17.848173 0.000000 0.000000 0.000000 0.000000 0.197480
    15 16.525257 0.000000 0.000000 -0.063910 -0.090233 -1.219835
  time 117
    0 -0.482832 -0.300785 38.062996 1.585946 -0.002421 0.110376
    1 0.000005 3.345128 -2.981901 1.532629 0.086246 1.567021
    2 7.532191 -0.199225 -0.031251 0.013538 0.021141 0.091135
    3 10.713534 1.424955 -1.933704 -1.832864 1.144546 3.024846
    4 6.028143 0.000001 0.000000 1.416744 0.077816 -0.958912
    5 11.692552 0.000000 0.000002 0.000000 0.000000 -0.244457
    6 10.697902 1.424949 1.941566 1.787104 -1.139331 2.994409
    7 6.028142 0.000001 0.000000 -1.055690 0.016814 -0.957170
    8 11.692555 0.000000 0.000000 0.000000 0.000000 -0.240692
    9 15.086668 2.830636 0.019532 3.205244 0.011254 0.196214
    10 3.890452 -0.054693 -0.000003 -1.583238 -0.178558 -1.543016
    11 17.848177 0.000000 0.000000 0.000000 0.000000 0.363341
    12 16.525253 0.000000 0.000000 -0.052774 -0.036672 -1.184064
    13 -3.890452 0.054693 0.000007 -1.183046 0.018188 -1.551450
    14 17.848173 0.000000 0.000000 0.000000 0.000000 0.198217
    15 16.525257 0.000000 0.000000 -0.063767 -0.090333 -1.220132
  time 118
    0 -0.478926 -0.296879 38.062996 1.586612 -0.002505 0.111197
    1 0.000005 3.345128 -2.981901 1.532617 0.086246 1.567021
    2 7.532191 -0.199225 -0.031251 0.014458 0.020709 0.089590
    3 10.713534 1.424955 -1.933704 -1.833041 1.144779 3.025209
    4 6.028143 0.000001 0.000000 1.418416 0.076342 -0.959658
    5 11.692552 0.000000 0.000002 0.000000 0.000000 -0.245184
    6 10.697902 1.424949 1.941566 1.784245 -1.139179 2.997477
    7 6.028142 0.000001 0.000000 -1.052769 0.016664 -0.956260
    8 11.692555 0.000000 0.000000 0.000000 0.000000 -0.240392
    9 15.086668 2.830636 0.023438 3.205688 0.011158 0.197847
    10 3.890452 -0.054693 -0.000003 -1.582415 -0.179591 -1.543445
    11 17.848177 0.000000 0.000000 0.000000 0.000000 0.363650
    12 16.525253 0.000000 0.000000 -0.052626 -0.036814 -1.184032
    13 -3.890452 0.054693 0.000007 -1.182139 0.017095 -1.551891
    14 17.848173 0.000000 0.000000 0.000000 0.000000 0.199036
    15 16.525257 0.000000 0.000000 -0.063606 -0.090434 -1.220539
  time 119
    0 -0.471113 -0.292973 38.062996 1.587348 -0.002589 0.112017
    1 0.000005 3.345128 -2.981901 1.532604 0.086246 1.567009
    2 7.532191 -0.203131 -0.031251 0.015320 0.020302 0.088067
    3 10.713534 1.424955 -1.933704 -1.833159 1.145026 3.025510
    4 6.028143 0.000001 0.000000 1.419921 0.074914 -0.960497
    5 11.692552 0.000000 0.000002 0.000000 0.000000 -0.245910
    6 10.693996 1.424949 1.941566 1.781194 -1.138962 3.000640
    7 6.028142 0.000001 0.000000 -1.049947 0.016475 -0.955271
    8 11.692555 0.000000 0.000000 0.000000 0.000000 -0.240166
    9 15.082761 2.834543 0.023438 3.206034 0.010870 0.199458
    10 3.890452 -0.054693 -0.000003 -1.581591 -0.180578 -1.543874
    11 17.848177 0.000000 0.000000 0.000000 0.000000 0.363728
    12 16.525253 0.000000 0.000000 -0.052478 -0.036956 -1.183904
    13 -3.890452 0.054693 0.000007 -1.181414 0.015871 -1.552331
    14 17.848173 0.000000 0.000000 0.000000 0.000000 0.200182
    15 16.525257 0.000000 0.000000 -0.063464 -0.090534 -1.221058
  time 120
    0 -0.467207 -0.289066 38.059089 1.588102 -0.002673 0.112779
    1 0.000005 3.345128 -2.981901 1.532591 0.086246 1.567009
    2 7.532191 -0.207037 -0.031251 0.016154 0.019918 0.086543
    3 10.713534 1.424955 -1.929797 -1.833336 1.145273 3.025812
    4 6.028143 0.000001 0.000000 1.421426 0.073485 -0.961242
    5 11.692552 0.000000 0.000002 0.000000 0.000000 -0.246708
    6 10.693996 1.428855 1.945473 1.778239 -1.138659 3.003900
    7 6.028142 0.000001 0.000000 -1.047175 0.016211 -0.954243
    8 11.692555 0.000000 0.000000 0.000000 0.000000 -0.239866
    9 15.082761 2.838449 0.027345 3.206380 0.010367 0.201069
    10 3.890452 -0.054693 -0.000003 -1.580768 -0.181521 -1.544217
    11 17.848177 0.000000 0.000000 0.000000 0.000000 0.363728
    12 16.525253 0.000000 0.000000 -0.052344 -0.037078 -1.183744
    13 -3.890452 0.054693 0.000007 -1.180688 0.014516 -1.552771
    14 17.848173 0.000000 0.000000 0.000000 0.000000 0.201491
    15 16.525257 0.000000 0.000000 -0.063303 -0.090635 -1.221688
  time 121
    0 -0.459394 -0.289066 38.059089 1.588909 -0.002756 0.113482
    1 0.000005 3.345128 -2.981901 1.532578 0.086246 1.567009
    2 7.532191 -0.210944 -0.031251 0.016930 0.019559 0.085040
    3 10.713534 1.424955 -1.929797 -1.833572 1.145535 3.026114
    4 6.028143 0.000001 0.000000 1.422848 0.072103 -0.961988
    5 11.692552 0.000000 0.000002 0.000000 0.000000 -0.247435
    6 10.693996 1.428855 1.945473 1.775188 -1.138334 3.007159
    7 6.028142 0.000001 0.000000 -1.044551 0.015984 -0.953175
    8 11.692555 0.000000 0.000000 0.000000 0.000000 -0.239641
    9 15.082761 2.842355 0.027345 3.206677 0.009636 0.202637
    10 3.890452 -0.054693 -0.000003 -1.580036 -0.182463 -1.544646
    11 17.848177 0.000000 0.000000 0.000000 0.000000 0.363573
    12 16.525253 0.000000 0.000000 -0.052196 -0.037221 -1.183520
    13 -3.890452 0.054693 0.000007 -1.179962 0.013030 -1.553300
    14 17.848173 0.000000 0.000000 0.000000 0.000000 0.202964
    15 16.525257 0.000000 0.000000 -0.063160 -0.090736 -1.222429
  time 122
    0 -0.455488 -0.285160 38.059089 1.589751 -0.002852 0.114127
    1 0.000005 3.345128 -2.981901 1.532565 0.086246 1.566997
    2 7.532191 -0.210944 -0.035157 0.017677 0.019235 0.083559
    3 10.713534 1.428861 -1.929797 -1.833749 1.145768 3.026416
    4 6.028143 0.000001 0.000000 1.424102 0.070767 -0.962640
    5 11.692552 0.000000 0.000002 0.000000 0.000000 -0.248233
    6 10.693996 1.428855 1.945473 1.772233 -1.137943 3.010419
    7 6.028142 0.000001 0.000000 -1.042075 0.015682 -0.952067
    8 11.692555 0.000000 0.000000 0.000000 0.000000 -0.239416
    9 15.078855 2.842355 0.031251 3.206973 0.008785 0.204183
    10 3.890452 -0.050787 -0.000003 -1.579396 -0.183316 -1.545075
    11 17.848177 0.000000 0.000000 0.000000 0.000000 0.363341
    12 16.525253 0.000000 0.000000 -0.052062 -0.037343 -1.183232
    13 -3.890452 0.050786 0.000007 -1.179328 0.011456 -1.553916
    14 17.848173 0.000000 0.000000 0.000000 0.000000 0.204683
    15 16.525257 0.000000 0.000000 -0.063017 -0.090816 -1.223281
  time 123
    0 -0.447675 -0.281254 38.059089 1.590645 -0.002948 0.114713
    1 0.000005 3.345128 -2.981901 1.532552 0.086246 1.566973
    2 7.532191 -0.214850 -0.035157 0.018338 0.018948 0.082141
    3 10.713534 1.428861 -1.929797 -1.833926 1.146015 3.026718
    4 6.028143 0.000001 0.000000 1.425356 0.069569 -0.963293
    5 11.692552 0.000000 0.000002 0.000000 0.000000 -0.248960
    6 10.690089 1.428855 1.945473 1.769373 -1.137532 3.013582
    7 6.028142 0.000001 0.000000 -1.039748 0.015380 -0.950920
    8 11.692555 0.000000 0.000000 0.000000 0.000000 -0.239266
    9 15.078855 2.846262 0.031251 3.207270 0.007934 0.205687
    10 3.890452 -0.050787 -0.000003 -1.578755 -0.184169 -1.545418
    11 17.848177 0.000000 0.000000 0.000000 0.000000 0.362955
    12 16.525253 0.000000 0.000000 -0.051928 -0.037465 -1.182911
    13 -3.890452 0.050786 0.000007 -1.178783 0.009752 -1.554445
    14 17.848173 0.000000 0.000000 0.000000 0.000000 0.206484
    15 16.525257 0.000000 0.000000 -0.062892 -0.090917 -1.224207
  time 124
    0 -0.443769 -0.281254 38.059089 1.591574 -0.003044 0.115240
    1 0.000005 3.345128 -2.981901 1.532539 0.086246 1.566913
    2 7.532191 -0.218757 -0.035157 0.018970 0.018696 0.080765
    3 10.713534 1.428861 -1.929797 -1.834103 1.146248 3.026959
    4 6.028143 0.000001 0.000000 1.426443 0.068509 -0.963945
    5 11.692552 0.000000 0.000002 0.000000 0.000000 -0.249686
    6 10.690089 1.428855 1.945473 1.766609 -1.137076 3.016746
    7 6.028142 0.000001 0.000000 -1.037570 0.015041 -0.949813
    8 11.692555 0.000000 0.000000 0.000000 0.000000 -0.239266
    9 15.078855 2.850168 0.031251 3.207616 0.007071 0.207126
    10 3.890452 -0.046880 -0.000003 -1.578206 -0.185022 -1.545761
    11 17.848177 0.000000 0.000000 0.000000 0.000000 0.362492
    12 16.525253 0.000000 0.000000 -0.051810 -0.037567 -1.182559
    13 -3.890452 0.046880 0.000007 -1.178239 0.008003 -1.555061
    14 17.848173 0.000000 0.000000 0.000000 0.000000 0.208367
    15 16.525257 0.000000 0.000000 -0.062767 -0.090997 -1.225170
  time 125
    0 -0.435956 -0.277347 38.055183 1.592521 -0.003152 0.115768
    1 0.000005 3.345128 -2.981901 1.532513 0.086246 1.566817
    2 7.532191 -0.222663 -0.035157 0.019516 0.018504 0.079453
    3 10.713534 1.428861 -1.929797 -1.834339 1.146466 3.027140
    4 6.028143 0.000001 0.000000 1.427446 0.067542 -0.964504
    5 11.692552 0.000000 0.000002 0.000000 0.000000 -0.250339
    6 10.690089 1.428855 1.945473 1.764035 -1.136621 3.019718
    7 6.028142 0.000001 0.000000 -1.035639 0.014663 -0.948626
    8 11.692555 0.000000 0.000000 0.000000 0.000000 -0.239266
    9 15.074948 2.850168 0.035157 3.207912 0.006208 0.208544
    10 3.890452 -0.046880 -0.000003 -1.577658 -0.185830 -1.546104
    11 17.848177 0.000000 0.000000 0.000000 0.000000 0.362028
    12 16.525253 0.000000 0.000000 -0.051691 -0.037689 -1.182207
    13 -3.890452 0.046880 0.000007 -1.177695 0.006211 -1.555678
    14 17.848173 0.000000 0.000000 0.000000 0.000000 0.210331
    15 16.525257 0.000000 0.000000 -0.062642 -0.091077 -1.226134
  time 126
    0 -0.432049 -0.277347 38.055183 1.593520 -0.003260 0.116237
    1 0.000005 3.345128 -2.981901 1.532488 0.086246 1.566685
    2 7.532191 -0.222663 -0.035157 0.020005 0.018348 0.078226
    3 10.713534 1.432768 -1.929797 -1.834516 1.146669 3.027381
    4 6.028143 0.000001 0.000000 1.428449 0.066713 -0.965064
    5 11.692552 0.000000 0.000002 0.000000 0.000000 -0.250993
    6 10.690089 1.432762 1.945473 1.761556 -1.136144 3.022593
    7 6.028142 0.000001 0.000000 -1.033856 0.014248 -0.947479
    8 11.692555 0.000000 0.000000 0.000000 0.000000 -0.239341
    9 15.074948 2.854074 0.035157 3.208258 0.005357 0.209876
    10 3.890452 -0.042974 -0.000003 -1.577200 -0.186683 -1.546447
    11 17.848177 0.000000 0.000000 0.000000 0.000000 0.361487
    12 16.525253 0.000000 0.000000 -0.051572 -0.037790 -1.181854
    13 -3.890452 0.042974 0.000007 -1.177241 0.004419 -1.556206
    14 17.848173 0.000000 0.000000 0.000000 0.000000 0.212214
    15 16.525257 0.000000 0.000000 -0.062517 -0.091158 -1.227097
  time 127
    0 -0.428143 -0.273441 38.055183 1.594555 -0.003368 0.116647
    1 0.000005 3.345128 -2.981901 1.532449 0.086246 1.566494
    2 7.532191 -0.226569 -0.039064 0.020407 0.018265 0.077062
    3 10.713534 1.432768 -1.929797 -1.834693 1.146858 3.027502
    4 6.028143 0.000001 0.000000 1.429285 0.066021 -0.965530
    5 11.692552 0.000000 0.000002 0.000000 0.000000 -0.251574
    6 10.686183 1.432762 1.945473 1.759364 -1.135667 3.025182
    7 6.028142 0.000001 0.000000 -1.032371 0.013795 -0.946372
    8 11.692555 0.000000 0.000000 0.000000 0.000000 -0.239566
    9 15.074948 2.854074 0.039064 3.208604 0.004494 0.211143
    10 3.890452 -0.042974 -0.000003 -1.576743 -0.187535 -1.546790
    11 17.848177 0.000000 0.000000 0.000000 0.000000 0.360947
    12 16.525253 0.000000 0.000000 -0.051468 -0.037892 -1.181534
    13 -3.890452 0.042974 0.000007 -1.176879 0.002583 -1.556823
    14 17.848173 0.000000 0.000000 0.000000 0.000000 0.214096
    15 16.525257 0.000000 0.000000 -0.062393 -0.091238 -1.228060
  time 128
    0 -0.424237 -0.273441 38.055183 1.595607 -0.003476 0.116999
    1 0.000005 3.345128 -2.981901 1.532423 0.086246 1.566254
    2 7.532191 -0.226569 -0.039064 0.020752 0.018229 0.076004
    3 10.713534 1.432768 -1.925891 -1.834928 1.147033 3.027623
    4 6.028143 0.000001 0.000000 1.429954 0.065469 -0.965996
    5 11.692552 0.000000 0.000002 0.000000 0.000000 -0.252227
    6 10.686183 1.432762 1.949379 1.757457 -1.135191 3.027674
    7 6.028142 0.000001 0.000000 -1.031133 0.013304 -0.945264
    8 11.692555 0.000000 0.000000 0.000000 0.000000 -0.239866
    9 15.074948 2.857981 0.039064 3.209000 0.003655 0.212346
    10 3.890452 -0.039068 -0.000003 -1.576377 -0.188433 -1.547133
    11 17.848177 0.000000 0.000000 0.000000 0.000000 0.360483
    12 16.525253 0.000000 0.000000 -0.051364 -0.037994 -1.181214
    13 -3.890452 0.039067 0.000007 -1.176516 0.000747 -1.557351
    14 17.848173 0.000000 0.000000 0.000000 0.000000 0.215815
    15 16.525257 0.000000 0.000000 -0.062285 -0.091319 -1.228987
  time 129
    0 -0.420330 -0.273441 38.055183 1.596694 -0.003595 0.117350
    1 0.000005 3.345128 -2.981901 1.532372 0.086246 1.565954
    2 7.532191 -0.230476 -0.039064 0.020982 0.018265 0.075030
    3 10.713534 1.432768 -1.925891 -1.835105 1.147193 3.027744
    4 6.028143 0.000001 0.000000 1.430623 0.065100 -0.966369
    5 11.692552 0.000000 0.000002 0.000000 0.000000 -0.252736
    6 10.686183 1.432762 1.949379 1.755836 -1.134735 3.029783
    7 6.028142 0.000001 0.000000 -1.030143 0.012776 -0.944157
    8 11.692555 0.000000 0.000000 0.000000 0.000000 -0.240241
    9 15.071042 2.857981 0.039064 3.209395 0.002816 0.213463
    10 3.890452 -0.039068 -0.000003 -1.576011 -0.189331 -1.547390
    11 17.848177 0.000000 0.000000 0.000000 0.000000 0.360020
    12 16.525253 0.000000 0.000000 -0.051275 -0.038075 -1.180925
    13 -3.890452 0.039067 0.000007 -1.176153 -0.001001 -1.557879
    14 17.848173 0.000000 0.000000 0.000000 0.000000 0.217534
    15 16.525257 0.000000 0.000000 -0.062178 -0.091379 -1.229839
  time 130
    0 -0.416424 -0.273441 38.051277 1.597816 -0.003715 0.117643
    1 0.000005 3.345128 -2.981901 1.532333 0.086246 1.565583
    2 7.532191 -0.230476 -0.042970 0.021155 0.018372 0.074163
    3 10.713534 1.432768 -1.925891 -1.835341 1.147324 3.027804
    4 6.028143 0.000001 0.000000 1.431125 0.064870 -0.966741
    5 11.692552 0.000000 0.000002 0.000000 0.000000 -0.253244
    6 10.686183 1.432762 1.949379 1.754502 -1.134302 3.031701
    7 6.028142 0.000001 0.000000 -1.029450 0.012172 -0.943128
    8 11.692555 0.000000 0.000000 0.000000 0.000000 -0.240617
    9 15.071042 2.861887 0.042970 3.209840 0.001989 0.214494
    10 3.890452 -0.035161 -0.000003 -1.575736 -0.190318 -1.547648
    11 17.848177 0.000000 0.000000 0.000000 0.000000 0.359556
    12 16.525253 0.000000 0.000000 -0.051186 -0.038157 -1.180701
    13 -3.890452 0.035161 0.000007 -1.175881 -0.002749 -1.558408
    14 17.848173 0.000000 0.000000 0.000000 0.000000 0.219007
    15 16.525257 0.000000 0.000000 -0.062071 -0.091459 -1.230654
  time 131
    0 -0.412518 -0.273441 38.051277 1.598974 -0.003835 0.117878
    1 0.000005 3.345128 -2.981901 1.532282 0.086246 1.565139
    2 7.532191 -0.234382 -0.042970 0.021241 0.018564 0.073422
    3 10.713534 1.432768 -1.925891 -1.835518 1.147425 3.027804
    4 6.028143 0.000001 0.000000 1.431543 0.064778 -0.967021
    5 11.692552 0.000000 0.000002 0.000000 0.000000 -0.253752
    6 10.686183 1.432762 1.949379 1.753453 -1.133912 3.033330
    7 6.028142 0.000001 0.000000 -1.029054 0.011568 -0.942140
    8 11.692555 0.000000 0.000000 0.000000 0.000000 -0.241142
    9 15.071042 2.861887 0.042970 3.210235 0.001174 0.215439
    10 3.890452 -0.035161 -0.000003 -1.575553 -0.191306 -1.547991
    11 17.848177 0.000000 0.000000 0.000000 0.000000 0.359247
    12 16.525253 0.000000 0.000000 -0.051112 -0.038238 -1.180541
    13 -3.890452 0.035161 0.000007 -1.175699 -0.004410 -1.558848
    14 17.848173 0.000000 0.000000 0.000000 0.000000 0.220317
    15 16.525257 0.000000 0.000000 -0.061982 -0.091520 -1.231358
  time 132
    0 -0.408611 -0.273441 38.051277 1.600148 -0.003967 0.118054
    1 0.000005 3.345128 -2.981901 1.532217 0.086246 1.564612
    2 7.532191 -0.234382 -0.046876 0.021241 0.018828 0.072808
    3 10.713534 1.432768 -1.925891 -1.835754 1.147498 3.027804
    4 6.028143 0.000001 0.000000 1.431877 0.064870 -0.967207
    5 11.692552 0.000000 0.000002 0.000000 0.000000 -0.254188
    6 10.682277 1.432762 1.949379 1.752500 -1.133587 3.034768
    7 6.028142 0.000001 0.000000 -1.028806 0.010964 -0.941230
    8 11.692555 0.000000 0.000000 0.000000 0.000000 -0.241818
    9 15.071042 2.861887 0.042970 3.210680 0.000384 0.216255
    10 3.890452 -0.035161 -0.000003 -1.575279 -0.192383 -1.548162
    11 17.848177 0.000000 0.000000 0.000000 0.000000 0.359016
    12 16.525253 0.000000 0.000000 -0.051038 -0.038299 -1.180445
    13 -3.890452 0.035161 0.000007 -1.175427 -0.006028 -1.559288
    14 17.848173 0.000000 0.000000 0.000000 0.000000 0.221381
    15 16.525257 0.000000 0.000000 -0.061875 -0.091580 -1.231951
  time 133
    0 -0.404705 -0.273441 38.051277 1.601341 -0.004099 0.118229
    1 0.000005 3.345128 -2.981901 1.532140 0.086246 1.564013
    2 7.532191 -0.234382 -0.046876 0.021126 0.019187 0.072300
    3 10.713534 1.436674 -1.925891 -1.835931 1.147542 3.027744
    4 6.028143 0.000001 0.000000 1.432045 0.065100 -0.967394
    5 11.692552 0.000000 0.000002 0.000000 0.000000 -0.254624
    6 10.682277 1.432762 1.949379 1.751642 -1.133305 3.036111
    7 6.028142 0.000001 0.000000 -1.028757 0.010360 -0.940360
    8 11.692555 0.000000 0.000000 0.000000 0.000000 -0.242494
    9 15.071042 2.865794 0.042970 3.211175 -0.000372 0.216986
    10 3.890452 -0.035161 -0.000003 -1.575187 -0.193505 -1.548420
    11 17.848177 0.000000 0.000000 0.000000 0.000000 0.358938
    12 16.525253 0.000000 0.000000 -0.050964 -0.038360 -1.180413
    13 -3.890452 0.035161 0.000007 -1.175337 -0.007514 -1.559641
    14 17.848173 0.000000 0.000000 0.000000 0.000000 0.222281
    15 16.525257 0.000000 0.000000 -0.061786 -0.091640 -1.232432
  time 134
    0 -0.400798 -0.277347 38.051277 1.602568 -0.004231 0.118347
    1 0.000005 3.345128 -2.981901 1.532063 0.086246 1.563306
    2 7.532191 -0.238288 -0.046876 0.020896 0.019631 0.071941
    3 10.709628 1.436674 -1.925891 -1.836167 1.147556 3.027623
    4 6.028143 0.000001 0.000000 1.432128 0.065515 -0.967487
    5 11.692552 0.000000 0.000002 0.000000 0.000000 -0.254987
    6 10.682277 1.432762 1.949379 1.750879 -1.133045 3.037261
    7 6.028142 0.000001 0.000000 -1.028905 0.009756 -0.939490
    8 11.692555 0.000000 0.000000 0.000000 0.000000 -0.243244
    9 15.071042 2.865794 0.042970 3.211669 -0.001127 0.217587
    10 3.890452 -0.035161 -0.000003 -1.575004 -0.194717 -1.548677
    11 17.848177 0.000000 0.000000 0.000000 0.000000 0.359016
    12 16.525253 0.000000 0.000000 -0.050919 -0.038421 -1.180477
    13 -3.890452 0.035161 0.000007 -1.175155 -0.008913 -1.559993
    14 17.848173 0.000000 0.000000 0.000000 0.000000 0.222772
    15 16.525257 0.000000 0.000000 -0.061714 -0.091681 -1.232766
  time 135
    0 -0.400798 -0.277347 38.051277 1.603831 -0.004362 0.118464
    1 0.000005 3.345128 -2.981901 1.531985 0.086246 1.562515
    2 7.532191 -0.238288 -0.050783 0.020580 0.020182 0.071729
    3 10.709628 1.436674 -1.925891 -1.836344 1.147527 3.027502
    4 6.028143 0.000001 0.000000 1.432045 0.066160 -0.967487
    5 11.692552 0.000000 0.000002 0.000000 0.000000 -0.255350
    6 10.682277 1.432762 1.949379 1.750307 -1.132828 3.038220
    7 6.028142 0.000001 0.000000 -1.029301 0.009115 -0.938698
    8 11.692555 0.000000 0.000000 0.000000 0.000000 -0.244145
    9 15.071042 2.865794 0.042970 3.212163 -0.001846 0.218060
    10 3.890452 -0.035161 -0.000003 -1.575004 -0.196019 -1.548849
    11 17.848177 0.000000 0.000000 0.000000 0.000000 0.359170
    12 16.525253 0.000000 0.000000 -0.050860 -0.038462 -1.180669
    13 -3.890452 0.035161 0.000007 -1.175155 -0.010180 -1.560169
    14 17.848173 0.000000 0.000000 0.000000 0.000000 0.223018
    15 16.525257 0.000000 0.000000 -0.061643 -0.091741 -1.232951
  time 136
    0 -0.396892 -0.281254 38.047370 1.605093 -0.004506 0.118464
    1 0.000005 3.345128 -2.981901 1.531882 0.086246 1.561616
    2 7.532191 -0.238288 -0.050783 0.020149 0.020829 0.071665
    3 10.709628 1.436674 -1.925891 -1.836580 1.147454 3.027261
    4 6.028143 0.000001 0.000000 1.431877 0.066943 -0.967394
    5 11.692552 0.000000 0.000002 0.000000 0.000000 -0.255640
    6 10.682277 1.432762 1.949379 1.749735 -1.132633 3.039082
    7 6.028142 0.000001 0.000000 -1.029846 0.008511 -0.937907
    8 11.692555 0.000000 0.000000 0.000000 0.000000 -0.245121
    9 15.071042 2.865794 0.042970 3.212707 -0.002541 0.218403
    10 3.890452 -0.035161 -0.000003 -1.574913 -0.197410 -1.549106
    11 17.848177 0.000000 0.000000 0.000000 0.000000 0.359634
    12 16.525253 0.000000 0.000000 -0.050830 -0.038503 -1.180958
    13 -3.890452 0.035161 0.000007 -1.175065 -0.011317 -1.560345
    14 17.848173 0.000000 0.000000 0.000000 0.000000 0.222854
    15 16.525257 0.000000 0.000000 -0.061571 -0.091781 -1.232951
  time 137
    0 -0.396892 -0.285160 38.047370 1.606391 -0.004650 0.118464
    1 0.000005 3.345128 -2.981901 1.531779 0.086246 1.560597
    2 7.532191 -0.238288 -0.054689 0.019603 0.021584 0.071771
    3 10.709628 1.436674 -1.925891 -1.836757 1.147353 3.027019
    4 6.028143 0.000001 0.000000 1.431543 0.067911 -0.967301
    5 11.692552 0.000000 0.000002 0.000000 0.000000 -0.255931
    6 10.686183 1.432762 1.949379 1.749259 -1.132503 3.039753
    7 6.028142 0.000001 0.000000 -1.030638 0.007832 -0.937156
    8 11.692555 0.000000 0.000000 0.000000 0.000000 -0.246097
    9 15.071042 2.861887 0.042970 3.213250 -0.003212 0.218597
    10 3.890452 -0.039068 -0.000003 -1.575004 -0.198892 -1.549277
    11 17.848177 0.000000 0.000000 0.000000 0.000000 0.360252
    12 16.525253 0.000000 0.000000 -0.050801 -0.038523 -1.181374
    13 -3.890452 0.039067 0.000007 -1.175065 -0.012278 -1.560433
    14 17.848173 0.000000 0.000000 0.000000 0.000000 0.222363
    15 16.525257 0.000000 0.000000 -0.061500 -0.091821 -1.232729
  time 138
    0 -0.392986 -0.289066 38.047370 1.607688 -0.004794 0.118405
    1 0.000005 3.345128 -2.981901 1.531663 0.086246 1.559471
    2 7.532191 -0.234382 -0.054689 0.018942 0.022447 0.072046
    3 10.709628 1.436674 -1.925891 -1.836934 1.147207 3.026718
    4 6.028143 0.000001 0.000000 1.431125 0.069108 -0.967114
    5 11.692552 0.000000 0.000002 0.000000 0.000000 -0.256149
    6 10.686183 1.432762 1.949379 1.748877 -1.132394 3.040233
    7 6.028142 0.000001 0.000000 -1.031678 0.007152 -0.936444
    8 11.692555 0.000000 0.000000 0.000000 0.000000 -0.247223
    9 15.071042 2.861887 0.042970 3.213843 -0.003835 0.218661
    10 3.890452 -0.039068 -0.000003 -1.575004 -0.200507 -1.549449
    11 17.848177 0.000000 0.000000 0.000000 0.000000 0.361101
    12 16.525253 0.000000 0.000000 -0.050771 -0.038543 -1.181918
    13 -3.890452 0.039067 0.000007 -1.175155 -0.013065 -1.560433
    14 17.848173 0.000000 0.000000 0.000000 0.000000 0.221381
    15 16.525257 0.000000 0.000000 -0.061446 -0.091862 -1.232321
  time 139
    0 -0.392986 -0.292973 38.047370 1.609021 -0.004950 0.118347
    1 0.000005 3.345128 -2.981901 1.531535 0.086246 1.558224
    2 7.532191 -0.234382 -0.058596 0.018137 0.023430 0.072491
    3 10.709628 1.436674 -1.925891 -1.837111 1.147018 3.026295
    4 6.028143 0.000001 0.000000 1.430456 0.070491 -0.966835
    5 11.692552 0.000000 0.000002 0.000000 0.000000 -0.256367
    6 10.686183 1.432762 1.949379 1.748591 -1.132329 3.040616
    7 6.028142 0.000001 0.000000 -1.032916 0.006435 -0.935772
    8 11.692555 0.000000 0.000000 0.000000 0.000000 -0.248499
    9 15.071042 2.861887 0.042970 3.214437 -0.004434 0.218575
    10 3.890452 -0.042974 -0.000003 -1.575096 -0.202213 -1.549535
    11 17.848177 0.000000 0.000000 0.000000 0.000000 0.362183
    12 16.525253 0.000000 0.000000 -0.050756 -0.038564 -1.182623
    13 -3.890452 0.042974 0.000007 -1.175246 -0.013633 -1.560345
    14 17.848173 0.000000 0.000000 0.000000 0.000000 0.219908
    15 16.525257 0.000000 0.000000 -0.061393 -0.091902 -1.231654
  time 140
    0 -0.392986 -0.296879 38.047370 1.610458 -0.005105 0.118229
    1 0.000005 3.345128 -2.981901 1.531406 0.086223 1.556930
    2 7.532191 -0.234382 -0.058596 0.017246 0.024497 0.073083
    3 10.709628 1.436674 -1.925891 -1.837347 1.146756 3.025812
    4 6.028143 0.000001 0.000000 1.429787 0.072103 -0.966369
    5 11.692552 0.000000 0.000002 0.000000 0.000000 -0.256512
    6 10.686183 1.428855 1.949379 1.748401 -1.132329 3.040808
    7 6.028142 0.000001 0.000000 -1.034351 0.005642 -0.935178
    8 11.692555 0.000000 0.000000 0.000000 0.000000 -0.249851
    9 15.071042 2.857981 0.039064 3.215079 -0.004974 0.218318
    10 3.890452 -0.046880 -0.000003 -1.575279 -0.204188 -1.549706
    11 17.848177 0.000000 0.000000 0.000000 0.000000 0.363573
    12 16.525253 0.000000 0.000000 -0.050771 -0.038543 -1.183456
    13 -3.890452 0.046880 0.000007 -1.175337 -0.014070 -1.560169
    14 17.848173 0.000000 0.000000 0.000000 0.000000 0.217943
    15 16.525257 0.000000 0.000000 -0.061357 -0.091922 -1.230728
  time 141
    0 -0.392986 -0.300785 38.047370 1.612054 -0.005273 0.118054
    1 0.000005 3.345128 -2.981901 1.531277 0.086223 1.555671
    2 7.532191 -0.230476 -0.062502 0.016240 0.025587 0.073824
    3 10.709628 1.436674 -1.925891 -1.837642 1.146451 3.025209
    4 6.028143 0.000001 0.000000 1.429035 0.073992 -0.965809
    5 11.692552 0.000000 0.000002 0.000000 0.000000 -0.256657
    6 10.686183 1.428855 1.949379 1.748115 -1.132394 3.040904
    7 6.028142 0.000001 0.000000 -1.035936 0.004812 -0.934625
    8 11.692555 0.000000 0.000000 0.000000 0.000000 -0.251352
    9 15.074948 2.857981 0.039064 3.215672 -0.005453 0.217931
    10 3.890452 -0.054693 -0.000003 -1.575462 -0.206477 -1.549792
    11 17.848177 0.000000 0.000000 0.000000 0.000000 0.365272
    12 16.525253 0.000000 0.000000 -0.050801 -0.038523 -1.184481
    13 -3.890452 0.054693 0.000007 -1.175518 -0.014420 -1.559817
    14 17.848173 0.000000 0.000000 0.000000 0.000000 0.215324
    15 16.525257 0.000000 0.000000 -0.061339 -0.091942 -1.229431
  time 142
    0 -0.396892 -0.304692 38.047370 1.613790 -0.005441 0.117878
    1 0.000005 3.345128 -2.981901 1.531161 0.086223 1.554449
    2 7.532191 -0.230476 -0.062502 0.015148 0.026714 0.074649
    3 10.709628 1.432768 -1.925891 -1.837937 1.146073 3.024484
    4 6.028143 0.000001 0.000000 1.428282 0.076112 -0.965157
    5 11.692552 0.000000 0.000002 0.000000 0.000000 -0.256730
    6 10.690089 1.428855 1.949379 1.748019 -1.132503 3.040904
    7 6.028142 0.000001 0.000000 -1.037718 0.003868 -0.934189
    8 11.692555 0.000000 0.000000 0.000000 0.000000 -0.253079
    9 15.074948 2.854074 0.039064 3.216315 -0.005884 0.217415
    10 3.890452 -0.058600 -0.000003 -1.575736 -0.209036 -1.549792
    11 17.848177 0.000000 0.000000 0.000000 0.000000 0.367204
    12 16.525253 0.000000 0.000000 -0.050860 -0.038462 -1.185602
    13 -3.890452 0.058599 0.000007 -1.175790 -0.014639 -1.559376
    14 17.848173 0.000000 0.000000 0.000000 0.000000 0.212132
    15 16.525257 0.000000 0.000000 -0.061375 -0.091922 -1.227875
  time 143
    0 -0.396892 -0.308598 38.043464 1.615666 -0.005621 0.117643
    1 0.000005 3.345128 -2.981901 1.531045 0.086223 1.553251
    2 7.532191 -0.226569 -0.066408 0.013940 0.027864 0.075602
    3 10.709628 1.432768 -1.925891 -1.838291 1.145651 3.023639
    4 6.028143 0.000001 0.000000 1.427362 0.078415 -0.964225
    5 11.692552 0.000000 0.000002 0.000000 0.000000 -0.256730
    6 10.690089 1.428855 1.949379 1.747829 -1.132676 3.040808
    7 6.028142 0.000001 0.000000 -1.039698 0.002887 -0.933833
    8 11.692555 0.000000 0.000000 0.000000 0.000000 -0.254880
    9 15.074948 2.850168 0.035157 3.216908 -0.006268 0.216771
    10 3.890452 -0.066412 -0.000003 -1.576011 -0.211863 -1.549878
    11 17.848177 0.000000 0.000000 0.000000 0.000000 0.369444
    12 16.525253 0.000000 0.000000 -0.050934 -0.038401 -1.186883
    13 -3.890452 0.066412 0.000007 -1.176062 -0.014814 -1.558760
    14 17.848173 0.000000 0.000000 0.000000 0.000000 0.208367
    15 16.525257 0.000000 0.000000 -0.061411 -0.091882 -1.226023
  time 144
    0 -0.400798 -0.312505 38.043464 1.617630 -0.005801 0.117409
    1 0.000005 3.345128 -2.981901 1.530916 0.086223 1.552088
    2 7.532191 -0.226569 -0.066408 0.012676 0.029039 0.076639
    3 10.709628 1.432768 -1.929797 -1.838703 1.145172 3.022674
    4 6.028143 0.000001 0.000000 1.426526 0.080903 -0.963293
    5 11.692552 0.000000 0.000002 0.000000 0.000000 -0.256730
    6 10.690089 1.424949 1.945473 1.747733 -1.132893 3.040520
    7 6.028142 0.000001 0.000000 -1.041778 0.001906 -0.933557
    8 11.692555 0.000000 0.000000 0.000000 0.000000 -0.256832
    9 15.078855 2.846262 0.035157 3.217501 -0.006604 0.215998
    10 3.890452 -0.074225 -0.000003 -1.576377 -0.214871 -1.549792
    11 17.848177 0.000000 0.000000 0.000000 0.000000 0.371838
    12 16.525253 0.000000 0.000000 -0.051038 -0.038299 -1.188228
    13 -3.890452 0.074225 0.000007 -1.176334 -0.014857 -1.558055
    14 17.848173 0.000000 0.000000 0.000000 0.000000 0.204110
    15 16.525257 0.000000 0.000000 -0.061482 -0.091841 -1.223874
  time 145
    0 -0.408611 -0.312505 38.043464 1.619664 -0.005980 0.117057
    1 0.000005 3.345128 -2.981901 1.530813 0.086223 1.550962
    2 7.532191 -0.222663 -0.070315 0.011353 0.030237 0.077760
    3 10.709628 1.432768 -1.929797 -1.839116 1.144648 3.021587
    4 6.028143 0.000001 0.000000 1.425523 0.083622 -0.962174
    5 11.692552 0.000000 0.000002 0.000000 0.000000 -0.256657
    6 10.693996 1.424949 1.945473 1.747638 -1.133175 3.040233
    7 6.028142 0.000001 0.000000 -1.043956 0.000887 -0.933319
    8 11.692555 0.000000 0.000000 0.000000 0.000000 -0.258934
    9 15.078855 2.842355 0.031251 3.218143 -0.006891 0.215138
    10 3.890452 -0.085944 -0.000003 -1.576743 -0.218058 -1.549792
    11 17.848177 0.000000 0.000000 0.000000 0.000000 0.374465
    12 16.525253 0.000000 0.000000 -0.051157 -0.038197 -1.189638
    13 -3.890452 0.085944 0.000007 -1.176697 -0.014726 -1.557263
    14 17.848173 0.000000 0.000000 0.000000 0.000000 0.199363
    15 16.525257 0.000000 0.000000 -0.061571 -0.091781 -1.221502
  time 146
    0 -0.412518 -0.316411 38.043464 1.621733 -0.006160 0.116764
    1 0.000005 3.345128 -2.981901 1.530697 0.086223 1.549859
    2 7.532191 -0.222663 -0.074221 0.009945 0.031472 0.078988
    3 10.709628 1.432768 -1.929797 -1.839588 1.144081 3.020440
    4 6.028143 0.000001 0.000000 1.424436 0.086432 -0.960963
    5 11.692552 0.000000 0.000002 0.000000 0.000000 -0.256512
    6 10.697902 1.421043 1.945473 1.747543 -1.133478 3.039753
    7 6.028142 0.000001 0.000000 -1.046333 -0.000170 -0.933201
    8 11.692555 0.000000 0.000000 0.000000 0.000000 -0.261111
    9 15.082761 2.838449 0.027345 3.218737 -0.007131 0.214172
    10 3.890452 -0.093757 -0.000003 -1.577200 -0.221334 -1.549706
    11 17.848177 0.000000 0.000000 0.000000 0.000000 0.377168
    12 16.525253 0.000000 0.000000 -0.051290 -0.038055 -1.191143
    13 -3.890452 0.093757 0.000007 -1.177060 -0.014508 -1.556294
    14 17.848173 0.000000 0.000000 0.000000 0.000000 0.194206
    15 16.525257 0.000000 0.000000 -0.061696 -0.091701 -1.218835
  time 147
    0 -0.420330 -0.320317 38.043464 1.623855 -0.006340 0.116354
    1 0.000005 3.345128 -2.981901 1.530594 0.086223 1.548780
    2 7.532191 -0.218757 -0.074221 0.008479 0.032718 0.080279
    3 10.709628 1.428861 -1.929797 -1.840119 1.143485 3.019173
    4 6.028143 0.000001 0.000000 1.423349 0.089335 -0.959658
    5 11.692552 0.000000 0.000002 0.000000 0.000000 -0.256367
    6 10.697902 1.421043 1.945473 1.747543 -1.133847 3.039274
    7 6.028142 0.000001 0.000000 -1.048759 -0.001151 -0.933121
    8 11.692555 0.000000 0.000000 0.000000 0.000000 -0.263363
    9 15.082761 2.834543 0.027345 3.219330 -0.007347 0.213119
    10 3.890452 -0.105476 -0.000003 -1.577658 -0.224701 -1.549621
    11 17.848177 0.000000 0.000000 0.000000 0.000000 0.379949
    12 16.525253 0.000000 0.000000 -0.051439 -0.037913 -1.192680
    13 -3.890452 0.105476 0.000007 -1.177514 -0.014114 -1.555325
    14 17.848173 0.000000 0.000000 0.000000 0.000000 0.188640
    15 16.525257 0.000000 0.000000 -0.061821 -0.091620 -1.215982
  time 148
    0 -0.424237 -0.320317 38.043464 1.625959 -0.006520 0.115944
    1 0.000005 3.345128 -2.981901 1.530491 0.086223 1.547738
    2 7.532191 -0.214850 -0.078127 0.006956 0.033988 0.081633
    3 10.709628 1.428861 -1.929797 -1.840650 1.142845 3.017845
    4 6.028143 0.000001 0.000000 1.422262 0.092376 -0.958260
    5 11.692552 0.000000 0.000002 0.000000 0.000000 -0.256149
    6 10.701809 1.417136 1.945473 1.747543 -1.134215 3.038699
    7 6.028142 0.000001 0.000000 -1.051334 -0.002133 -0.933161
    8 11.692555 0.000000 0.000000 0.000000 0.000000 -0.265690
    9 15.086668 2.830636 0.023438 3.219923 -0.007514 0.212002
    10 3.890452 -0.113289 -0.000003 -1.578115 -0.228112 -1.549449
    11 17.848177 0.000000 0.000000 0.000000 0.000000 0.382807
    12 16.525253 0.000000 0.000000 -0.051602 -0.037770 -1.194218
    13 -3.890452 0.113288 0.000007 -1.177967 -0.013546 -1.554181
    14 17.848173 0.000000 0.000000 0.000000 0.000000 0.182583
    15 16.525257 0.000000 0.000000 -0.061964 -0.091520 -1.212907
  time 149
    0 -0.432049 -0.324224 38.043464 1.628045 -0.006699 0.115475
    1 0.000005 3.345128 -2.981901 1.530388 0.086223 1.546719
    2 7.532191 -0.210944 -0.078127 0.005375 0.035283 0.083072
    3 10.709628 1.428861 -1.929797 -1.841181 1.142176 3.016457
    4 6.028143 0.000001 0.000000 1.421008 0.095463 -0.956862
    5 11.692552 0.000000 0.000002 0.000000 0.000000 -0.255858
    6 10.701809 1.417136 1.945473 1.747543 -1.134649 3.038028
    7 6.028142 0.000001 0.000000 -1.053958 -0.003114 -0.933240
    8 11.692555 0.000000 0.000000 0.000000 0.000000 -0.268018
    9 15.090574 2.822824 0.019532 3.220466 -0.007658 0.210799
    10 3.890452 -0.125008 -0.000003 -1.578664 -0.231478 -1.549277
    11 17.848177 0.000000 0.000000 0.000000 0.000000 0.385742
    12 16.525253 0.000000 0.000000 -0.051780 -0.037607 -1.195787
    13 -3.890452 0.125007 0.000007 -1.178421 -0.012803 -1.553036
    14 17.848173 0.000000 0.000000 0.000000 0.000000 0.176199
    15 16.525257 0.000000 0.000000 -0.062125 -0.091419 -1.209609
  time 150
    0 -0.439862 -0.324224 38.043464 1.630062 -0.006867 0.115006
    1 0.000005 3.345128 -2.981901 1.530285 0.086223 1.545712
    2 7.532191 -0.210944 -0.082034 0.003765 0.036589 0.084554
    3 10.709628 1.428861 -1.933704 -1.841771 1.141478 3.014948
    4 6.028143 0.000001 0.000000 1.419754 0.098596 -0.955277
    5 11.692552 0.000000 0.000002 0.000000 0.000000 -0.255568
    6 10.705715 1.413230 1.941566 1.747638 -1.135104 3.037261
    7 6.028142 0.000001 0.000000 -1.056681 -0.004095 -0.933359
    8 11.692555 0.000000 0.000000 0.000000 0.000000 -0.270420
    9 15.090574 2.818917 0.015625 3.221060 -0.007766 0.209553
    10 3.890452 -0.132821 -0.000003 -1.579304 -0.234845 -1.549106
    11 17.848177 0.000000 0.000000 0.000000 0.000000 0.388678
    12 16.525253 0.000000 0.000000 -0.051958 -0.037424 -1.197357
    13 -3.890452 0.132820 0.000007 -1.178965 -0.011885 -1.551803
    14 17.848173 0.000000 0.000000 0.000000 0.000000 0.169487
    15 16.525257 0.000000 0.000000 -0.062303 -0.091299 -1.206163
  time 151
    0 -0.447675 -0.328130 38.043464 1.632026 -0.007035 0.114479
    1 0.000005 3.345128 -2.981901 1.530182 0.086223 1.544742
    2 7.532191 -0.207037 -0.085940 0.002127 0.037919 0.086077
    3 10.709628 1.424955 -1.933704 -1.842361 1.140751 3.013439
    4 6.028143 0.000001 0.000000 1.418416 0.101729 -0.953786
    5 11.692552 0.000000 0.000002 0.000000 0.000000 -0.255132
    6 10.709621 1.413230 1.941566 1.747733 -1.135559 3.036398
    7 6.028142 0.000001 0.000000 -1.059453 -0.005077 -0.933596
    8 11.692555 0.000000 0.000000 0.000000 0.000000 -0.272822
    9 15.094480 2.811104 0.015625 3.221603 -0.007862 0.208243
    10 3.890452 -0.144540 -0.000003 -1.579945 -0.238121 -1.548849
    11 17.848177 0.000000 0.000000 0.000000 0.000000 0.391536
    12 16.525253 0.000000 0.000000 -0.052151 -0.037262 -1.198926
    13 -3.890452 0.144539 0.000007 -1.179509 -0.010748 -1.550482
    14 17.848173 0.000000 0.000000 0.000000 0.000000 0.162366
    15 16.525257 0.000000 0.000000 -0.062482 -0.091178 -1.202532
  time 152
    0 -0.455488 -0.328130 38.043464 1.633884 -0.007191 0.113951
    1 0.000005 3.345128 -2.981901 1.530092 0.086223 1.543795
    2 7.532191 -0.203131 -0.085940 0.000460 0.039262 0.087643
    3 10.709628 1.424955 -1.933704 -1.843009 1.140024 3.011930
    4 6.028143 0.000001 0.000000 1.416995 0.104908 -0.952109
    5 11.692552 0.000000 0.000002 0.000000 0.000000 -0.254696
    6 10.709621 1.409323 1.941566 1.747924 -1.136058 3.035535
    7 6.028142 0.000001 0.000000 -1.062325 -0.006058 -0.933873
    8 11.692555 0.000000 0.000000 0.000000 0.000000 -0.275300
    9 15.098387 2.807198 0.011719 3.222147 -0.007934 0.206911
    10 3.890452 -0.156259 -0.000003 -1.580585 -0.241263 -1.548591
    11 17.848177 0.000000 0.000000 0.000000 0.000000 0.394394
    12 16.525253 0.000000 0.000000 -0.052359 -0.037058 -1.200432
    13 -3.890452 0.156258 0.000007 -1.180144 -0.009393 -1.549073
    14 17.848173 0.000000 0.000000 0.000000 0.000000 0.155081
    15 16.525257 0.000000 0.000000 -0.062678 -0.091057 -1.198716
  time 153
    0 -0.467207 -0.332036 38.043464 1.635638 -0.007335 0.113365
    1 0.000005 3.345128 -2.981901 1.530002 0.086200 1.542860
    2 7.532191 -0.199225 -0.089846 -0.001178 0.040628 0.089252
    3 10.709628 1.424955 -1.933704 -1.843658 1.139268 3.010301
    4 6.028143 0.000001 0.000000 1.415574 0.108041 -0.950524
    5 11.692552 0.000000 0.000002 0.000000 0.000000 -0.254188
    6 10.713528 1.405417 1.941566 1.748019 -1.136578 3.034673
    7 6.028142 0.000001 0.000000 -1.065197 -0.006926 -0.934229
    8 11.692555 0.000000 0.000000 0.000000 0.000000 -0.277702
    9 15.102293 2.799385 0.007813 3.222641 -0.007982 0.205537
    10 3.890452 -0.164071 -0.000003 -1.581317 -0.244271 -1.548334
    11 17.848177 0.000000 0.000000 0.000000 0.000000 0.397175
    12 16.525253 0.000000 0.000000 -0.052552 -0.036875 -1.201905
    13 -3.890452 0.164071 0.000007 -1.180779 -0.007820 -1.547664
    14 17.848173 0.000000 0.000000 0.000000 0.000000 0.147469
    15 16.525257 0.000000 0.000000 -0.062874 -0.090937 -1.194789
  time 154
    0 -0.475019 -0.332036 38.043464 1.637216 -0.007478 0.112720
    1 0.000005 3.345128 -2.981901 1.529912 0.086200 1.541961
    2 7.532191 -0.195318 -0.093753 -0.002874 0.042006 0.090881
    3 10.713534 1.424955 -1.933704 -1.844307 1.138498 3.008671
    4 6.028143 0.000001 0.000000 1.413985 0.111128 -0.948846
    5 11.692552 0.000000 0.000002 0.000000 0.000000 -0.253680
    6 10.717434 1.405417 1.941566 1.748305 -1.137098 3.033714
    7 6.028142 0.000001 0.000000 -1.068167 -0.007757 -0.934625
    8 11.692555 0.000000 0.000000 0.000000 0.000000 -0.280029
    9 15.102293 2.791573 0.003906 3.223135 -0.008018 0.204140
    10 3.886546 -0.175791 -0.000003 -1.582049 -0.247054 -1.548077
    11 17.848177 0.000000 0.000000 0.000000 0.000000 0.399801
    12 16.525253 0.000000 0.000000 -0.052760 -0.036692 -1.203347
    13 -3.886546 0.175790 0.000007 -1.181504 -0.005984 -1.546167
    14 17.848173 0.000000 0.000000 0.000000 0.000000 0.139775
    15 16.525257 0.000000 0.000000 -0.063071 -0.090796 -1.190750
  time 155
    0 -0.482832 -0.332036 38.043464 1.638636 -0.007598 0.112076
    1 0.000005 3.345128 -2.981901 1.529821 0.086200 1.541074
    2 7.532191 -0.191412 -0.097659 -0.004570 0.043384 0.092532
    3 10.713534 1.421049 -1.933704 -1.844956 1.137741 3.007041
    4 6.028143 0.000001 0.000000 1.412480 0.114122 -0.947169
    5 11.692552 0.000000 0.000002 0.000000 0.000000 -0.253026
    6 10.721340 1.401511 1.941566 1.748496 -1.137640 3.032755
    7 6.028142 0.000001 0.000000 -1.071088 -0.008511 -0.935099
    8 11.692555 0.000000 0.000000 0.000000 0.000000 -0.282431
    9 15.106199 2.787666 0.000000 3.223580 -0.008042 0.202766
    10 3.886546 -0.183603 -0.000003 -1.582781 -0.249612 -1.547734
    11 17.848177 0.000000 0.000000 0.000000 0.000000 0.402273
    12 16.525253 0.000000 0.000000 -0.052967 -0.036489 -1.204692
    13 -3.886546 0.183603 0.000007 -1.182230 -0.003973 -1.544669
    14 17.848173 0.000000 0.000000 0.000000 0.000000 0.131836
    15 16.525257 0.000000 0.000000 -0.063267 -0.090655 -1.186675
  time 156
    0 -0.490645 -0.332036 38.043464 1.639863 -0.007718 0.111372
    1 0.000005 3.345128 -2.981901 1.529744 0.086200 1.540199
    2 7.532191 -0.187506 -0.097659 -0.006295 0.044786 0.094183
    3 10.713534 1.421049 -1.937610 -1.845605 1.136956 3.005412
    4 6.028143 0.000001 0.000000 1.410808 0.117025 -0.945584
    5 11.692552 0.000000 0.000002 0.000000 0.000000 -0.252300
    6 10.721340 1.397604 1.937660 1.748782 -1.138182 3.031701
    7 6.028142 0.000001 0.000000 -1.074059 -0.009115 -0.935613
    8 11.692555 0.000000 0.000000 0.000000 0.000000 -0.284758
    9 15.110106 2.779853 0.000000 3.224074 -0.008066 0.201369
    10 3.886546 -0.195322 -0.000003 -1.583604 -0.251901 -1.547390
    11 17.848177 0.000000 0.000000 0.000000 0.000000 0.404667
    12 16.525253 0.000000 0.000000 -0.053175 -0.036305 -1.205941
    13 -3.886546 0.195322 0.000007 -1.182956 -0.001744 -1.543172
    14 17.848173 0.000000 0.000000 0.000000 0.000000 0.123896
    15 16.525257 0.000000 0.000000 -0.063481 -0.090514 -1.182488
  time 157
    0 -0.498458 -0.332036 38.043464 1.640810 -0.007814 0.110669
    1 0.000005 3.345128 -2.981901 1.529654 0.086200 1.539348
    2 7.532191 -0.183599 -0.101566 -0.007991 0.046189 0.095833
    3 10.713534 1.421049 -1.937610 -1.846254 1.136200 3.003722
    4 6.028143 0.000001 0.000000 1.409052 0.119697 -0.943907
    5 11.692552 0.000000 0.000002 0.000000 0.000000 -0.251574
    6 10.725247 1.397604 1.937660 1.749068 -1.138724 3.030646
    7 6.028142 0.000001 0.000000 -1.076980 -0.009455 -0.936207
    8 11.692555 0.000000 0.000000 0.000000 0.000000 -0.287011
    9 15.114012 2.772041 -0.003906 3.224470 -0.008078 0.199995
    10 3.886546 -0.203135 -0.000003 -1.584428 -0.253787 -1.547133
    11 17.848177 0.000000 0.000000 0.000000 0.000000 0.406830
    12 16.525253 0.000000 0.000000 -0.053368 -0.036122 -1.207094
    13 -3.886546 0.203135 0.000007 -1.183681 0.000747 -1.541675
    14 17.848173 0.000000 0.000000 0.000000 0.000000 0.116038
    15 16.525257 0.000000 0.000000 -0.063696 -0.090394 -1.178412
  time 158
    0 -0.506270 -0.332036 38.043464 1.641389 -0.007898 0.109907
    1 0.000005 3.345128 -2.981901 1.529577 0.086200 1.538510
    2 7.532191 -0.183599 -0.105472 -0.009658 0.047603 0.097505
    3 10.713534 1.417142 -1.937610 -1.846902 1.135430 3.002092
    4 6.028143 0.000001 0.000000 1.407213 0.122047 -0.942322
    5 11.692552 0.000000 0.000002 0.000000 0.000000 -0.250775
    6 10.729153 1.393698 1.937660 1.749259 -1.139266 3.029592
    7 6.028142 0.000001 0.000000 -1.079753 -0.009455 -0.936879
    8 11.692555 0.000000 0.000000 0.000000 0.000000 -0.289188
    9 15.114012 2.768134 -0.007813 3.224865 -0.008090 0.198620
    10 3.886546 -0.210948 -0.000003 -1.585251 -0.255223 -1.546704
    11 17.848177 0.000000 0.000000 0.000000 0.000000 0.408684
    12 16.525253 0.000000 0.000000 -0.053561 -0.035939 -1.208151
    13 -3.886546 0.210948 0.000007 -1.184498 0.003457 -1.540178
    14 17.848173 0.000000 0.000000 0.000000 0.000000 0.108508
    15 16.525257 0.000000 0.000000 -0.063892 -0.090253 -1.174448
  time 159
    0 -0.514083 -0.332036 38.043464 1.641617 -0.007970 0.109087
    1 0.000005 3.345128 -2.981901 1.529499 0.086200 1.537695
    2 7.532191 -0.179693 -0.109378 -0.011325 0.049029 0.099156
    3 10.713534 1.417142 -1.937610 -1.847610 1.134673 3.000402
    4 6.028143 0.000001 0.000000 1.405373 0.124028 -0.940831
    5 11.692552 0.000000 0.000002 0.000000 0.000000 -0.250049
    6 10.733060 1.389792 1.937660 1.749354 -1.139808 3.028441
    7 6.028142 0.000001 0.000000 -1.082476 -0.009115 -0.937591
    8 11.692555 0.000000 0.000000 0.000000 0.000000 -0.291290
    9 15.117918 2.760322 -0.007813 3.225261 -0.008102 0.197310
    10 3.886546 -0.214854 -0.000003 -1.586166 -0.256165 -1.546361
    11 17.848177 0.000000 0.000000 0.000000 0.000000 0.410384
    12 16.525253 0.000000 0.000000 -0.053754 -0.035756 -1.209048
    13 -3.886546 0.214854 0.000007 -1.185314 0.006342 -1.538769
    14 17.848173 0.000000 0.000000 0.000000 0.000000 0.101223
    15 16.525257 0.000000 0.000000 -0.064106 -0.090112 -1.170632
  time 160
    0 -0.521896 -0.332036 38.043464 1.641547 -0.008018 0.108266
    1 0.000005 3.345128 -2.981901 1.529422 0.086200 1.536892
    2 7.532191 -0.175787 -0.109378 -0.012934 0.050455 0.100786
    3 10.713534 1.417142 -1.937610 -1.848259 1.133932 2.998773
    4 6.028143 0.000001 0.000000 1.403367 0.125687 -0.939340
    5 11.692552 0.000000 0.000002 0.000000 0.000000 -0.249323
    6 10.733060 1.389792 1.937660 1.749354 -1.140328 3.027387
    7 6.028142 0.000001 0.000000 -1.085050 -0.008436 -0.938382
    8 11.692555 0.000000 0.000000 0.000000 0.000000 -0.293316
    9 15.121825 2.752509 -0.011719 3.225607 -0.008126 0.196021
    10 3.886546 -0.222667 -0.000003 -1.587081 -0.256704 -1.546018
    11 17.848177 0.000000 0.000000 0.000000 0.000000 0.411851
    12 16.525253 0.000000 0.000000 -0.053932 -0.035593 -1.209881
    13 -3.886546 0.222667 0.000007 -1.186130 0.009446 -1.537448
    14 17.848173 0.000000 0.000000 0.000000 0.000000 0.094266
    15 16.525257 0.000000 0.000000 -0.064303 -0.089992 -1.166964
  time 161
    0 -0.529709 -0.332036 38.043464 1.641161 -0.008042 0.107387
    1 0.000005 3.345128 -2.981901 1.529345 0.086200 1.536089
    2 7.532191 -0.171880 -0.113285 -0.014544 0.051881 0.102373
    3 10.713534 1.417142 -1.937610 -1.848908 1.133205 2.997203
    4 6.028143 0.000001 0.000000 1.401360 0.127023 -0.937848
    5 11.692552 0.000000 0.000002 0.000000 0.000000 -0.248597
    6 10.736966 1.385885 1.937660 1.749354 -1.140848 3.026332
    7 6.028142 0.000001 0.000000 -1.087526 -0.007455 -0.939252
    8 11.692555 0.000000 0.000000 0.000000 0.000000 -0.295268
    9 15.121825 2.748603 -0.015625 3.225903 -0.008162 0.194775
    10 3.886546 -0.226573 -0.000003 -1.587996 -0.256839 -1.545675
    11 17.848177 0.000000 0.000000 0.000000 0.000000 0.413164
    12 16.525253 0.000000 0.000000 -0.054095 -0.035451 -1.210617
    13 -3.886546 0.226573 0.000007 -1.186947 0.012680 -1.536215
    14 17.848173 0.000000 0.000000 0.000000 0.000000 0.087636
    15 16.525257 0.000000 0.000000 -0.064499 -0.089851 -1.163444
  time 162
    0 -0.533615 -0.332036 38.043464 1.640495 -0.008054 0.106508
    1 0.000005 3.345128 -2.981901 1.529267 0.086200 1.535310
    2 7.532191 -0.167974 -0.117191 -0.016096 0.053319 0.103960
    3 10.713534 1.413236 -1.937610 -1.849557 1.132507 2.995574
    4 6.028143 0.000001 0.000000 1.399270 0.128037 -0.936544
    5 11.692552 0.000000 0.000002 0.000000 0.000000 -0.247943
    6 10.740872 1.381979 1.937660 1.749259 -1.141347 3.025182
    7 6.028142 0.000001 0.000000 -1.089902 -0.006209 -0.940122
    8 11.692555 0.000000 0.000000 0.000000 0.000000 -0.297070
    9 15.125731 2.740790 -0.019532 3.226200 -0.008209 0.193593
    10 3.886546 -0.230480 -0.000003 -1.589002 -0.256614 -1.545246
    11 17.848177 0.000000 0.000000 0.000000 0.000000 0.414323
    12 16.525253 0.000000 0.000000 -0.054244 -0.035309 -1.211258
    13 -3.886546 0.230479 0.000007 -1.187854 0.016046 -1.534982
    14 17.848173 0.000000 0.000000 0.000000 0.000000 0.081333
    15 16.525257 0.000000 0.000000 -0.064677 -0.089730 -1.160072
  time 163
    0 -0.537521 -0.332036 38.047370 1.639565 -0.008042 0.105570
    1 0.000005 3.345128 -2.981901 1.529190 0.086176 1.534543
    2 7.532191 -0.164067 -0.121097 -0.017619 0.054746 0.105484
    3 10.713534 1.413236 -1.937610 -1.850147 1.131824 2.994065
    4 6.028143 0.000001 0.000000 1.397096 0.128820 -0.935146
    5 11.692552 0.000000 0.000002 0.000000 0.000000 -0.247217
    6 10.740872 1.381979 1.937660 1.749068 -1.141824 3.024127
    7 6.028142 0.000001 0.000000 -1.092180 -0.004737 -0.941072
    8 11.692555 0.000000 0.000000 0.000000 0.000000 -0.298797
    9 15.129638 2.736883 -0.023438 3.226447 -0.008269 0.192498
    10 3.886546 -0.234386 -0.000003 -1.590008 -0.256031 -1.544903
    11 17.848177 0.000000 0.000000 0.000000 0.000000 0.415250
    12 16.525253 0.000000 0.000000 -0.054377 -0.035166 -1.211834
    13 -3.886546 0.234386 0.000007 -1.188761 0.019543 -1.533749
    14 17.848173 0.000000 0.000000 0.000000 0.000000 0.075358
    15 16.525257 0.000000 0.000000 -0.064838 -0.089630 -1.156886
  time 164
    0 -0.545334 -0.332036 38.047370 1.638373 -0.008006 0.104632
    1 0.000005 3.345128 -2.981901 1.529113 0.086176 1.533788
    2 7.532191 -0.160161 -0.125004 -0.019057 0.056172 0.106965
    3 10.713534 1.413236 -1.937610 -1.850795 1.131184 2.992556
    4 6.028143 0.000001 0.000000 1.394922 0.129281 -0.933934
    5 11.692552 0.000000 0.000002 0.000000 0.000000 -0.246563
    6 10.744779 1.378073 1.937660 1.748877 -1.142279 3.023073
    7 6.028142 0.000001 0.000000 -1.094358 -0.003039 -0.942021
    8 11.692555 0.000000 0.000000 0.000000 0.000000 -0.300373
    9 15.129638 2.729071 -0.023438 3.226645 -0.008341 0.191467
    10 3.886546 -0.238293 -0.000003 -1.591015 -0.255133 -1.544474
    11 17.848177 0.000000 0.000000 0.000000 0.000000 0.416100
    12 16.525253 0.000000 0.000000 -0.054496 -0.035064 -1.212315
    13 -3.886546 0.238292 0.000007 -1.189668 0.023127 -1.532692
    14 17.848173 0.000000 0.000000 0.000000 0.000000 0.069710
    15 16.525257 0.000000 0.000000 -0.064999 -0.089509 -1.153848
  time 165
    0 -0.549240 -0.332036 38.047370 1.636953 -0.007946 0.103577
    1 0.000005 3.345128 -2.981901 1.529048 0.086176 1.533033
    2 7.532191 -0.160161 -0.125004 -0.020465 0.057598 0.108404
    3 10.713534 1.413236 -1.937610 -1.851385 1.130559 2.991168
    4 6.028143 0.000001 0.000000 1.392665 0.129511 -0.932815
    5 11.692552 0.000000 0.000002 0.000000 0.000000 -0.245910
    6 10.744779 1.378073 1.937660 1.748687 -1.142712 3.022018
    7 6.028142 0.000001 0.000000 -1.096388 -0.001114 -0.943010
    8 11.692555 0.000000 0.000000 0.000000 0.000000 -0.301875
    9 15.133544 2.725164 -0.027345 3.226842 -0.008449 0.190500
    10 3.886546 -0.242199 -0.000003 -1.592021 -0.253966 -1.544131
    11 17.848177 0.000000 0.000000 0.000000 0.000000 0.416795
    12 16.525253 0.000000 0.000000 -0.054600 -0.034963 -1.212763
    13 -3.886546 0.242199 0.000007 -1.190575 0.026755 -1.531636
    14 17.848173 0.000000 0.000000 0.000000 0.000000 0.064472
    15 16.525257 0.000000 0.000000 -0.065142 -0.089429 -1.150995
  time 166
    0 -0.553147 -0.332036 38.047370 1.635322 -0.007862 0.102581
    1 0.000005 3.345128 -2.981901 1.528971 0.086176 1.532290
    2 7.532191 -0.156255 -0.128910 -0.021787 0.059024 0.109780
    3 10.713534 1.409329 -1.937610 -1.851916 1.129992 2.989780
    4 6.028143 0.000001 0.000000 1.390407 0.129511 -0.931697
    5 11.692552 0.000000 0.000002 0.000000 0.000000 -0.245256
    6 10.744779 1.374166 1.937660 1.748401 -1.143103 3.021060
    7 6.028142 0.000001 0.000000 -1.098369 0.000962 -0.943999
    8 11.692555 0.000000 0.000000 0.000000 0.000000 -0.303151
    9 15.137450 2.721258 -0.031251 3.226941 -0.008581 0.189641
    10 3.886546 -0.246105 -0.000003 -1.593027 -0.252485 -1.543702
    11 17.848177 0.000000 0.000000 0.000000 0.000000 0.417413
    12 16.525253 0.000000 0.000000 -0.054689 -0.034881 -1.213148
    13 -3.886546 0.246105 0.000007 -1.191572 0.030427 -1.530667
    14 17.848173 0.000000 0.000000 0.000000 0.000000 0.059643
    15 16.525257 0.000000 0.000000 -0.065284 -0.089328 -1.148327
  time 167
    0 -0.557053 -0.328130 38.047370 1.633499 -0.007742 0.101526
    1 0.000005 3.345128 -2.981901 1.528907 0.086176 1.531558
    2 7.532191 -0.152348 -0.132817 -0.023023 0.060438 0.111092
    3 10.713534 1.409329 -1.937610 -1.852506 1.129454 2.988512
    4 6.028143 0.000001 0.000000 1.388150 0.129281 -0.930765
    5 11.692552 0.000000 0.000002 0.000000 0.000000 -0.244603
    6 10.748685 1.374166 1.933754 1.748115 -1.143471 3.020101
    7 6.028142 0.000001 0.000000 -1.100201 0.003227 -0.945027
    8 11.692555 0.000000 0.000000 0.000000 0.000000 -0.304352
    9 15.137450 2.713445 -0.031251 3.227040 -0.008737 0.188889
    10 3.882639 -0.246105 -0.000003 -1.594125 -0.250779 -1.543273
    11 17.848177 0.000000 0.000000 0.000000 0.000000 0.417876
    12 16.525253 0.000000 0.000000 -0.054748 -0.034820 -1.213500
    13 -3.882639 0.246105 0.000007 -1.192570 0.034142 -1.529786
    14 17.848173 0.000000 0.000000 0.000000 0.000000 0.055141
    15 16.525257 0.000000 0.000000 -0.065392 -0.089268 -1.145845
  time 168
    0 -0.557053 -0.328130 38.047370 1.631500 -0.007610 0.100413
    1 0.000005 3.345128 -2.981901 1.528842 0.086176 1.530827
    2 7.532191 -0.152348 -0.136723 -0.024202 0.061852 0.112319
    3 10.713534 1.409329 -1.941516 -1.853037 1.128959 2.987305
    4 6.028143 0.000001 0.000000 1.385809 0.128866 -0.929833
    5 11.692552 0.000000 0.000002 0.000000 0.000000 -0.243949
    6 10.748685 1.374166 1.933754 1.747829 -1.143796 3.019142
    7 6.028142 0.000001 0.000000 -1.101983 0.005605 -0.946016
    8 11.692555 0.000000 0.000000 0.000000 0.000000 -0.305328
    9 15.141357 2.709539 -0.035157 3.227089 -0.008941 0.188245
    10 3.882639 -0.246105 -0.000003 -1.595223 -0.248849 -1.542930
    11 17.848177 0.000000 0.000000 0.000000 0.000000 0.418340
    12 16.525253 0.000000 0.000000 -0.054793 -0.034800 -1.213820
    13 -3.882639 0.246105 0.000007 -1.193568 0.037858 -1.528994
    14 17.848173 0.000000 0.000000 0.000000 0.000000 0.050967
    15 16.525257 0.000000 0.000000 -0.065481 -0.089207 -1.143548
  time 169
    0 -0.557053 -0.328130 38.047370 1.629325 -0.007430 0.099240
    1 0.000005 3.345128 -2.981901 1.528778 0.086176 1.530096
    2 7.532191 -0.148442 -0.140629 -0.025294 0.063255 0.113462
    3 10.713534 1.409329 -1.941516 -1.853509 1.128523 2.986158
    4 6.028143 0.000001 0.000000 1.383551 0.128221 -0.928994
    5 11.692552 0.000000 0.000002 0.000000 0.000000 -0.243368
    6 10.752591 1.374166 1.933754 1.747543 -1.144078 3.018280
    7 6.028142 0.000001 0.000000 -1.103666 0.008096 -0.947044
    8 11.692555 0.000000 0.000000 0.000000 0.000000 -0.306154
    9 15.141357 2.705632 -0.035157 3.227139 -0.009168 0.187729
    10 3.882639 -0.250012 -0.000003 -1.596321 -0.246695 -1.542501
    11 17.848177 0.000000 0.000000 0.000000 0.000000 0.418649
    12 16.525253 0.000000 0.000000 -0.054793 -0.034780 -1.214109
    13 -3.882639 0.250011 0.000007 -1.194565 0.041529 -1.528289
    14 17.848173 0.000000 0.000000 0.000000 0.000000 0.047283
    15 16.525257 0.000000 0.000000 -0.065534 -0.089167 -1.141399
  time 170
    0 -0.557053 -0.324224 38.047370 1.627028 -0.007227 0.098068
    1 0.000005 3.345128 -2.981901 1.528714 0.086176 1.529377
    2 7.532191 -0.144536 -0.144536 -0.026300 0.064633 0.114520
    3 10.713534 1.409329 -1.941516 -1.853981 1.128130 2.985132
    4 6.028143 0.000001 0.000000 1.381210 0.127392 -0.928342
    5 11.692552 0.000000 0.000002 0.000000 0.000000 -0.242787
    6 10.752591 1.370260 1.933754 1.747161 -1.144316 3.017513
    7 6.028142 0.000001 0.000000 -1.105201 0.010662 -0.948033
    8 11.692555 0.000000 0.000000 0.000000 0.000000 -0.306829
    9 15.145263 2.701726 -0.035157 3.227089 -0.009444 0.187300
    10 3.882639 -0.250012 -0.000003 -1.597510 -0.244405 -1.542073
    11 17.848177 0.000000 0.000000 0.000000 0.000000 0.418958
    12 16.525253 0.000000 0.000000 -0.054793 -0.034800 -1.214365
    13 -3.882639 0.250011 0.000007 -1.195654 0.045201 -1.527673
    14 17.848173 0.000000 0.000000 0.000000 0.000000 0.043845
    15 16.525257 0.000000 0.000000 -0.065570 -0.089147 -1.139435
  time 171
    0 -0.557053 -0.324224 38.047370 1.624591 -0.006987 0.096896
    1 0.000005 3.345128 -2.981901 1.528636 0.086176 1.528658
    2 7.532191 -0.144536 -0.148442 -0.027191 0.066011 0.115473
    3 10.713534 1.409329 -1.941516 -1.854452 1.127810 2.984166
    4 6.028143 0.000001 0.000000 1.378953 0.126424 -0.927783
    5 11.692552 0.000000 0.000002 0.000000 0.000000 -0.242206
    6 10.752591 1.370260 1.933754 1.746780 -1.144490 3.016746
    7 6.028142 0.000001 0.000000 -1.106687 0.013267 -0.948982
    8 11.692555 0.000000 0.000000 0.000000 0.000000 -0.307280
    9 15.145263 2.697820 -0.039064 3.226991 -0.009755 0.187020
    10 3.882639 -0.250012 -0.000003 -1.598700 -0.241937 -1.541730
    11 17.848177 0.000000 0.000000 0.000000 0.000000 0.419267
    12 16.525253 0.000000 0.000000 -0.054748 -0.034841 -1.214621
    13 -3.882639 0.250011 0.000007 -1.196742 0.048873 -1.527056
    14 17.848173 0.000000 0.000000 0.000000 0.000000 0.040817
    15 16.525257 0.000000 0.000000 -0.065588 -0.089127 -1.137619
  time 172
    0 -0.553147 -0.320317 38.051277 1.622066 -0.006723 0.095665
    1 0.000005 3.345128 -2.981901 1.528572 0.086176 1.527939
    2 7.532191 -0.140629 -0.148442 -0.027967 0.067377 0.116340
    3 10.713534 1.405423 -1.941516 -1.854806 1.127534 2.983382
    4 6.028143 0.000001 0.000000 1.376695 0.125272 -0.927317
    5 11.692552 0.000000 0.000002 0.000000 0.000000 -0.241625
    6 10.756498 1.366353 1.933754 1.746494 -1.144620 3.016075
    7 6.028142 0.000001 0.000000 -1.108023 0.015946 -0.949932
    8 11.692555 0.000000 0.000000 0.000000 0.000000 -0.307505
    9 15.145263 2.697820 -0.039064 3.226842 -0.010115 0.186870
    10 3.882639 -0.250012 -0.000003 -1.599889 -0.239378 -1.541301
    11 17.848177 0.000000 0.000000 0.000000 0.000000 0.419499
    12 16.525253 0.000000 0.000000 -0.054674 -0.034902 -1.214877
    13 -3.882639 0.250011 0.000007 -1.197831 0.052501 -1.526528
    14 17.848173 0.000000 0.000000 0.000000 0.000000 0.037952
    15 16.525257 0.000000 0.000000 -0.065570 -0.089147 -1.135952
  time 173
    0 -0.545334 -0.320317 38.051277 1.619436 -0.006412 0.094376
    1 0.000005 3.345128 -2.981901 1.528507 0.086153 1.527220
    2 7.532191 -0.140629 -0.152348 -0.028628 0.068720 0.117081
    3 10.713534 1.405423 -1.941516 -1.855219 1.127345 2.982657
    4 6.028143 0.000001 0.000000 1.374438 0.123982 -0.926944
    5 11.692552 0.000000 0.000002 0.000000 0.000000 -0.241117
    6 10.756498 1.366353 1.933754 1.746113 -1.144707 3.015404
    7 6.028142 0.000001 0.000000 -1.109311 0.018588 -0.950802
    8 11.692555 0.000000 0.000000 0.000000 0.000000 -0.307505
    9 15.149169 2.693913 -0.039064 3.226694 -0.010534 0.186849
    10 3.882639 -0.250012 -0.000003 -1.601078 -0.236685 -1.540872
    11 17.848177 0.000000 0.000000 0.000000 0.000000 0.419730
    12 16.525253 0.000000 0.000000 -0.054570 -0.035003 -1.215134
    13 -3.882639 0.250011 0.000007 -1.199010 0.056172 -1.525999
    14 17.848173 0.000000 0.000000 0.000000 0.000000 0.035251
    15 16.525257 0.000000 0.000000 -0.065517 -0.089167 -1.134285
  time 174
    0 -0.541428 -0.316411 38.051277 1.616736 -0.006064 0.093145
    1 0.000005 3.345128 -2.981901 1.528443 0.086153 1.526501
    2 7.532191 -0.140629 -0.156255 -0.029174 0.070050 0.117716
    3 10.713534 1.405423 -1.941516 -1.855514 1.127214 2.982054
    4 6.028143 0.000001 0.000000 1.372264 0.122554 -0.926664
    5 11.692552 0.000000 0.000002 0.000000 0.000000 -0.240609
    6 10.756498 1.366353 1.933754 1.745827 -1.144707 3.014924
    7 6.028142 0.000001 0.000000 -1.110449 0.021230 -0.951672
    8 11.692555 0.000000 0.000000 0.000000 0.000000 -0.307355
    9 15.149169 2.690007 -0.039064 3.226447 -0.011002 0.186999
    10 3.882639 -0.250012 -0.000003 -1.602268 -0.233947 -1.540529
    11 17.848177 0.000000 0.000000 0.000000 0.000000 0.419962
    12 16.525253 0.000000 0.000000 -0.054437 -0.035125 -1.215390
    13 -3.882639 0.250011 0.000007 -1.200098 0.059931 -1.525471
    14 17.848173 0.000000 0.000000 0.000000 0.000000 0.032632
    15 16.525257 0.000000 0.000000 -0.065445 -0.089228 -1.132618
  time 175
    0 -0.533615 -0.316411 38.051277 1.614018 -0.005717 0.091973
    1 0.000005 3.345128 -2.981901 1.528392 0.086153 1.525854
    2 7.532191 -0.136723 -0.160161 -0.029634 0.071308 0.118224
    3 10.713534 1.405423 -1.941516 -1.855809 1.127142 2.981631
    4 6.028143 0.000001 0.000000 1.370257 0.121080 -0.926571
    5 11.692552 0.000000 0.000002 0.000000 0.000000 -0.240100
    6 10.756498 1.366353 1.933754 1.745446 -1.144663 3.014445
    7 6.028142 0.000001 0.000000 -1.111390 0.023835 -0.952463
    8 11.692555 0.000000 0.000000 0.000000 0.000000 -0.307054
    9 15.149169 2.690007 -0.039064 3.226150 -0.011529 0.187235
    10 3.882639 -0.250012 -0.000003 -1.603365 -0.231209 -1.540186
    11 17.848177 0.000000 0.000000 0.000000 0.000000 0.420271
    12 16.525253 0.000000 0.000000 -0.054273 -0.035268 -1.215646
    13 -3.882639 0.250011 0.000007 -1.201096 0.063822 -1.524943
    14 17.848173 0.000000 0.000000 0.000000 0.000000 0.029767
    15 16.525257 0.000000 0.000000 -0.065338 -0.089308 -1.130876
  time 176
    0 -0.529709 -0.312505 38.051277 1.611318 -0.005381 0.090860
    1 0.000005 3.345128 -2.981901 1.528340 0.086153 1.525350
    2 7.532191 -0.136723 -0.164068 -0.029979 0.072483 0.118647
    3 10.713534 1.405423 -1.941516 -1.856104 1.127156 2.981209
    4 6.028143 0.000001 0.000000 1.368502 0.119513 -0.926384
    5 11.692552 0.000000 0.000002 0.000000 0.000000 -0.239665
    6 10.756498 1.366353 1.933754 1.745064 -1.144555 3.014157
    7 6.028142 0.000001 0.000000 -1.112133 0.026326 -0.953254
    8 11.692555 0.000000 0.000000 0.000000 0.000000 -0.306679
    9 15.149169 2.690007 -0.039064 3.225854 -0.012104 0.187579
    10 3.882639 -0.250012 -0.000003 -1.604372 -0.228471 -1.539928
    11 17.848177 0.000000 0.000000 0.000000 0.000000 0.420425
    12 16.525253 0.000000 0.000000 -0.054110 -0.035431 -1.215870
    13 -3.882639 0.250011 0.000007 -1.202094 0.067581 -1.524502
    14 17.848173 0.000000 0.000000 0.000000 0.000000 0.026984
    15 16.525257 0.000000 0.000000 -0.065213 -0.089388 -1.129209
  time 177
    0 -0.521896 -0.308598 38.051277 1.608688 -0.005069 0.089805
    1 0.000005 3.345128 -2.981901 1.528314 0.086153 1.524979
    2 7.532191 -0.136723 -0.167974 -0.030238 0.073549 0.118965
    3 10.713534 1.405423 -1.941516 -1.856399 1.127214 2.980907
    4 6.028143 0.000001 0.000000 1.366829 0.117947 -0.926291
    5 11.692552 0.000000 0.000002 0.000000 0.000000 -0.239229
    6 10.756498 1.366353 1.933754 1.744778 -1.144403 3.013966
    7 6.028142 0.000001 0.000000 -1.112727 0.028704 -0.954045
    8 11.692555 0.000000 0.000000 0.000000 0.000000 -0.306304
    9 15.149169 2.690007 -0.039064 3.225458 -0.012728 0.187987
    10 3.882639 -0.250012 -0.000003 -1.605287 -0.225778 -1.539671
    11 17.848177 0.000000 0.000000 0.000000 0.000000 0.420580
    12 16.525253 0.000000 0.000000 -0.053947 -0.035573 -1.216030
    13 -3.882639 0.250011 0.000007 -1.203001 0.071252 -1.524062
    14 17.848173 0.000000 0.000000 0.000000 0.000000 0.024447
    15 16.525257 0.000000 0.000000 -0.065088 -0.089469 -1.127616
  time 178
    0 -0.514083 -0.308598 38.055183 1.606145 -0.004782 0.088808
    1 0.000005 3.345128 -2.981901 1.528288 0.086153 1.524739
    2 7.532191 -0.136723 -0.167974 -0.030410 0.074520 0.119197
    3 10.713534 1.405423 -1.937610 -1.856694 1.127345 2.980726
    4 6.028143 0.000001 0.000000 1.365324 0.116426 -0.926105
    5 11.692552 0.000000 0.000002 0.000000 0.000000 -0.238793
    6 10.756498 1.366353 1.933754 1.744397 -1.144208 3.013774
    7 6.028142 0.000001 0.000000 -1.113222 0.030931 -0.954797
    8 11.692555 0.000000 0.000000 0.000000 0.000000 -0.305928
    9 15.149169 2.690007 -0.039064 3.225112 -0.013399 0.188481
    10 3.882639 -0.250012 -0.000003 -1.606201 -0.223175 -1.539414
    11 17.848177 0.000000 0.000000 0.000000 0.000000 0.420734
    12 16.525253 0.000000 0.000000 -0.053769 -0.035736 -1.216191
    13 -3.882639 0.250011 0.000007 -1.203817 0.074662 -1.523710
    14 17.848173 0.000000 0.000000 0.000000 0.000000 0.022237
    15 16.525257 0.000000 0.000000 -0.064963 -0.089549 -1.126208
  time 179
    0 -0.506270 -0.304692 38.055183 1.603708 -0.004494 0.087870
    1 0.000005 3.345128 -2.981901 1.528276 0.086153 1.524607
    2 7.532191 -0.136723 -0.171880 -0.030496 0.075407 0.119346
    3 10.717441 1.409329 -1.937610 -1.856930 1.127520 2.980545
    4 6.028143 0.000001 0.000000 1.363987 0.114906 -0.926012
    5 11.692552 0.000000 0.000002 0.000000 0.000000 -0.238430
    6 10.756498 1.366353 1.937660 1.744016 -1.143948 3.013774
    7 6.028142 0.000001 0.000000 -1.113568 0.032969 -0.955548
    8 11.692555 0.000000 0.000000 0.000000 0.000000 -0.305478
    9 15.149169 2.690007 -0.035157 3.224668 -0.014106 0.189040
    10 3.882639 -0.250012 -0.000003 -1.607025 -0.220661 -1.539242
    11 17.848177 0.000000 0.000000 0.000000 0.000000 0.420812
    12 16.525253 0.000000 0.000000 -0.053591 -0.035919 -1.216319
    13 -3.882639 0.250011 0.000007 -1.204724 0.077765 -1.523445
    14 17.848173 0.000000 0.000000 0.000000 0.000000 0.020354
    15 16.525257 0.000000 0.000000 -0.064820 -0.089630 -1.124985
  time 180
    0 -0.498458 -0.300785 38.055183 1.601428 -0.004243 0.086933
    1 0.000005 3.345128 -2.981901 1.528263 0.086153 1.524595
    2 7.532191 -0.136723 -0.175787 -0.030525 0.076198 0.119430
    3 10.717441 1.409329 -1.937610 -1.857166 1.127752 2.980485
    4 6.028143 0.000001 0.000000 1.362732 0.113523 -0.925825
    5 11.692552 0.000000 0.000002 0.000000 0.000000 -0.238067
    6 10.756498 1.366353 1.937660 1.743634 -1.143666 3.013870
    7 6.028142 0.000001 0.000000 -1.113866 0.034818 -0.956260
    8 11.692555 0.000000 0.000000 0.000000 0.000000 -0.304952
    9 15.149169 2.690007 -0.035157 3.224223 -0.014861 0.189684
    10 3.882639 -0.250012 -0.000003 -1.607848 -0.218327 -1.539071
    11 17.848177 0.000000 0.000000 0.000000 0.000000 0.420812
    12 16.525253 0.000000 0.000000 -0.053413 -0.036082 -1.216415
    13 -3.882639 0.250011 0.000007 -1.205450 0.080432 -1.523357
    14 17.848173 0.000000 0.000000 0.000000 0.000000 0.019208
    15 16.525257 0.000000 0.000000 -0.064677 -0.089730 -1.124133
  time 181
    0 -0.490645 -0.300785 38.055183 1.599342 -0.004003 0.086054
    1 0.000005 3.345128 -2.981901 1.528276 0.086153 1.524679
    2 7.532191 -0.136723 -0.175787 -0.030467 0.076917 0.119409
    3 10.717441 1.409329 -1.937610 -1.857402 1.128029 2.980485
    4 6.028143 0.000001 0.000000 1.361729 0.112233 -0.925732
    5 11.692552 0.000000 0.000002 0.000000 0.000000 -0.237777
    6 10.752591 1.366353 1.937660 1.743253 -1.143341 3.014061
    7 6.028142 0.000001 0.000000 -1.114064 0.036441 -0.956932
    8 11.692555 0.000000 0.000000 0.000000 0.000000 -0.304502
    9 15.149169 2.693913 -0.031251 3.223728 -0.015652 0.190371
    10 3.882639 -0.250012 -0.000003 -1.608672 -0.216128 -1.538899
    11 17.848177 0.000000 0.000000 0.000000 0.000000 0.420812
    12 16.525253 0.000000 0.000000 -0.053220 -0.036265 -1.216447
    13 -3.882639 0.250011 0.000007 -1.206266 0.082574 -1.523357
    14 17.848173 0.000000 0.000000 0.000000 0.000000 0.018799
    15 16.525257 0.000000 0.000000 -0.064535 -0.089831 -1.123688
  time 182
    0 -0.482832 -0.296879 38.055183 1.597448 -0.003763 0.085233
    1 0.000005 3.345128 -2.981901 1.528288 0.086153 1.524871
    2 7.532191 -0.136723 -0.179693 -0.030353 0.077540 0.119346
    3 10.717441 1.409329 -1.937610 -1.857638 1.128348 2.980545
    4 6.028143 0.000001 0.000000 1.360726 0.111082 -0.925639
    5 11.692552 0.000000 0.000002 0.000000 0.000000 -0.237486
    6 10.752591 1.366353 1.937660 1.742872 -1.142972 3.014349
    7 6.028142 0.000001 0.000000 -1.114212 0.037762 -0.957605
    8 11.692555 0.000000 0.000000 0.000000 0.000000 -0.303977
    9 15.145263 2.693913 -0.031251 3.223185 -0.016467 0.191123
    10 3.882639 -0.250012 -0.000003 -1.609404 -0.214108 -1.538813
    11 17.848177 0.000000 0.000000 0.000000 0.000000 0.420734
    12 16.525253 0.000000 0.000000 -0.053027 -0.036448 -1.216479
    13 -3.882639 0.250011 0.000007 -1.206992 0.084103 -1.523622
    14 17.848173 0.000000 0.000000 0.000000 0.000000 0.019208
    15 16.525257 0.000000 0.000000 -0.064392 -0.089931 -1.123688
  time 183
    0 -0.471113 -0.292973 38.059089 1.595835 -0.003559 0.084413
    1 0.000005 3.345128 -2.981901 1.528301 0.086153 1.525135
    2 7.532191 -0.136723 -0.179693 -0.030180 0.078092 0.119197
    3 10.717441 1.409329 -1.937610 -1.857874 1.128712 2.980666
    4 6.028143 0.000001 0.000000 1.359973 0.110160 -0.925452
    5 11.692552 0.000000 0.000002 0.000000 0.000000 -0.237196
    6 10.752591 1.366353 1.937660 1.742490 -1.142582 3.014733
    7 6.028142 0.000001 0.000000 -1.114361 0.038819 -0.958198
    8 11.692555 0.000000 0.000000 0.000000 0.000000 -0.303451
    9 15.145263 2.697820 -0.027345 3.222641 -0.017306 0.191918
    10 3.882639 -0.246105 -0.000003 -1.610135 -0.212402 -1.538728
    11 17.848177 0.000000 0.000000 0.000000 0.000000 0.420580
    12 16.525253 0.000000 0.000000 -0.052834 -0.036631 -1.216479
    13 -3.882639 0.246105 0.000007 -1.207808 0.085021 -1.523974
    14 17.848173 0.000000 0.000000 0.000000 0.000000 0.020600
    15 16.525257 0.000000 0.000000 -0.064231 -0.090032 -1.124133
  time 184
    0 -0.463300 -0.289066 38.059089 1.594520 -0.003356 0.083651
    1 0.000005 3.345128 -2.981901 1.528340 0.086153 1.525494
    2 7.532191 -0.136723 -0.183599 -0.029950 0.078559 0.118986
    3 10.717441 1.409329 -1.937610 -1.858050 1.129105 2.980847
    4 6.028143 0.000001 0.000000 1.359304 0.109423 -0.925359
    5 11.692552 0.000000 0.000002 0.000000 0.000000 -0.236978
    6 10.752591 1.366353 1.937660 1.742109 -1.142149 3.015116
    7 6.028142 0.000001 0.000000 -1.114460 0.039536 -0.958752
    8 11.692555 0.000000 0.000000 0.000000 0.000000 -0.302850
    9 15.145263 2.697820 -0.023438 3.222048 -0.018181 0.192756
    10 3.882639 -0.246105 -0.000003 -1.610867 -0.210921 -1.538728
    11 17.848177 0.000000 0.000000 0.000000 0.000000 0.420348
    12 16.525253 0.000000 0.000000 -0.052626 -0.036814 -1.216415
    13 -3.882639 0.246105 0.000007 -1.208534 0.085284 -1.524414
    14 17.848173 0.000000 0.000000 0.000000 0.000000 0.022646
    15 16.525257 0.000000 0.000000 -0.064071 -0.090132 -1.124948
  time 185
    0 -0.455488 -0.285160 38.059089 1.593433 -0.003176 0.082889
    1 0.000005 3.345128 -2.981901 1.528366 0.086153 1.525914
    2 7.532191 -0.136723 -0.183599 -0.029691 0.078966 0.118711
    3 10.717441 1.409329 -1.937610 -1.858227 1.129541 2.981088
    4 6.028143 0.000001 0.000000 1.358719 0.108870 -0.925266
    5 11.692552 0.000000 0.000002 0.000000 0.000000 -0.236760
    6 10.748685 1.366353 1.937660 1.741823 -1.141715 3.015499
    7 6.028142 0.000001 0.000000 -1.114559 0.040027 -0.959266
    8 11.692555 0.000000 0.000000 0.000000 0.000000 -0.302250
    9 15.145263 2.701726 -0.023438 3.221455 -0.019067 0.193636
    10 3.882639 -0.246105 -0.000003 -1.611508 -0.209664 -1.538642
    11 17.848177 0.000000 0.000000 0.000000 0.000000 0.420116
    12 16.525253 0.000000 0.000000 -0.052418 -0.036997 -1.216319
    13 -3.882639 0.246105 0.000007 -1.209259 0.085021 -1.525031
    14 17.848173 0.000000 0.000000 0.000000 0.000000 0.025265
    15 16.525257 0.000000 0.000000 -0.063910 -0.090233 -1.126097
  time 186
    0 -0.443769 -0.285160 38.059089 1.592574 -0.003008 0.082127
    1 0.000005 3.345128 -2.981901 1.528404 0.086153 1.526405
    2 7.532191 -0.140629 -0.183599 -0.029375 0.079290 0.118393
    3 10.717441 1.413236 -1.937610 -1.858404 1.129992 2.981330
    4 6.028143 0.000001 0.000000 1.358301 0.108501 -0.925173
    5 11.692552 0.000000 0.000002 0.000000 0.000000 -0.236615
    6 10.748685 1.366353 1.937660 1.741632 -1.141238 3.015883
    7 6.028142 0.000001 0.000000 -1.114658 0.040329 -0.959741
    8 11.692555 0.000000 0.000000 0.000000 0.000000 -0.301649
    9 15.141357 2.701726 -0.019532 3.220812 -0.019978 0.194539
    10 3.882639 -0.246105 -0.000003 -1.612148 -0.208632 -1.538642
    11 17.848177 0.000000 0.000000 0.000000 0.000000 0.419808
    12 16.525253 0.000000 0.000000 -0.052210 -0.037201 -1.216223
    13 -3.882639 0.246105 0.000007 -1.209985 0.084366 -1.525823
    14 17.848173 0.000000 0.000000 0.000000 0.000000 0.028376
    15 16.525257 0.000000 0.000000 -0.063731 -0.090354 -1.127505
  time 187
    0 -0.435956 -0.281254 38.062996 1.591855 -0.002852 0.081424
    1 0.000005 3.345128 -2.981901 1.528456 0.086153 1.526956
    2 7.532191 -0.140629 -0.187506 -0.029030 0.079554 0.118012
    3 10.717441 1.413236 -1.937610 -1.858522 1.130486 2.981692
    4 6.028143 0.000001 0.000000 1.357883 0.108179 -0.925080
    5 11.692552 0.000000 0.000002 0.000000 0.000000 -0.236542
    6 10.744779 1.370260 1.937660 1.741346 -1.140740 3.016362
    7 6.028142 0.000001 0.000000 -1.114757 0.040442 -0.960176
    8 11.692555 0.000000 0.000000 0.000000 0.000000 -0.301049
    9 15.141357 2.705632 -0.015625 3.220170 -0.020901 0.195484
    10 3.886546 -0.242199 -0.000003 -1.612789 -0.207689 -1.538728
    11 17.848177 0.000000 0.000000 0.000000 0.000000 0.419499
    12 16.525253 0.000000 0.000000 -0.052003 -0.037404 -1.216062
    13 -3.886546 0.242199 0.000007 -1.210710 0.083404 -1.526528
    14 17.848173 0.000000 0.000000 0.000000 0.000000 0.031895
    15 16.525257 0.000000 0.000000 -0.063571 -0.090454 -1.129061
  time 188
    0 -0.428143 -0.277347 38.062996 1.591258 -0.002709 0.080779
    1 0.000005 3.345128 -2.981901 1.528507 0.086153 1.527556
    2 7.532191 -0.140629 -0.187506 -0.028657 0.079757 0.117589
    3 10.717441 1.413236 -1.937610 -1.858640 1.130995 2.982054
    4 6.028143 0.000001 0.000000 1.357549 0.107949 -0.924986
    5 11.692552 0.000000 0.000002 0.000000 0.000000 -0.236469
    6 10.744779 1.370260 1.937660 1.741156 -1.140241 3.016746
    7 6.028142 0.000001 0.000000 -1.114806 0.040480 -0.960571
    8 11.692555 0.000000 0.000000 0.000000 0.000000 -0.300373
    9 15.141357 2.709539 -0.011719 3.219527 -0.021824 0.196450
    10 3.886546 -0.242199 -0.000003 -1.613429 -0.206881 -1.538728
    11 17.848177 0.000000 0.000000 0.000000 0.000000 0.419035
    12 16.525253 0.000000 0.000000 -0.051780 -0.037607 -1.215838
    13 -3.886546 0.242199 0.000007 -1.211436 0.082180 -1.527408
    14 17.848173 0.000000 0.000000 0.000000 0.000000 0.035578
    15 16.525257 0.000000 0.000000 -0.063392 -0.090575 -1.130765
  time 189
    0 -0.416424 -0.273441 38.062996 1.590750 -0.002565 0.080076
    1 0.000005 3.345128 -2.981901 1.528559 0.086176 1.528191
    2 7.532191 -0.140629 -0.187506 -0.028254 0.079889 0.117123
    3 10.717441 1.413236 -1.933704 -1.858758 1.131518 2.982476
    4 6.028143 0.000001 0.000000 1.357298 0.107718 -0.924893
    5 11.692552 0.000000 0.000002 0.000000 0.000000 -0.236397
    6 10.744779 1.370260 1.937660 1.741060 -1.139721 3.017129
    7 6.028142 0.000001 0.000000 -1.114856 0.040442 -0.960967
    8 11.692555 0.000000 0.000000 0.000000 0.000000 -0.299697
    9 15.137450 2.713445 -0.011719 3.218835 -0.022771 0.197438
    10 3.886546 -0.242199 -0.000003 -1.614069 -0.206118 -1.538813
    11 17.848177 0.000000 0.000000 0.000000 0.000000 0.418572
    12 16.525253 0.000000 0.000000 -0.051572 -0.037811 -1.215614
    13 -3.886546 0.242199 0.000007 -1.212162 0.080781 -1.528289
    14 17.848173 0.000000 0.000000 0.000000 0.000000 0.039507
    15 16.525257 0.000000 0.000000 -0.063214 -0.090695 -1.132618
  time 190
    0 -0.408611 -0.269534 38.062996 1.590242 -0.002445 0.079431
    1 0.000005 3.345128 -2.981901 1.528611 0.086176 1.528874
    2 7.532191 -0.144536 -0.187506 -0.027852 0.079973 0.116637
    3 10.717441 1.413236 -1.933704 -1.858876 1.132056 2.982899
    4 6.028143 0.000001 0.000000 1.357047 0.107442 -0.924893
    5 11.692552 0.000000 0.000002 0.000000 0.000000 -0.236397
    6 10.744779 1.370260 1.941566 1.740965 -1.139179 3.017608
    7 6.028142 0.000001 0.000000 -1.114856 0.040367 -0.961323
    8 11.692555 0.000000 0.000000 0.000000 0.000000 -0.299022
    9 15.137450 2.717352 -0.007813 3.218094 -0.023706 0.198427
    10 3.886546 -0.238293 -0.000003 -1.614618 -0.205310 -1.538899
    11 17.848177 0.000000 0.000000 0.000000 0.000000 0.417954
    12 16.525253 0.000000 0.000000 -0.051350 -0.038014 -1.215326
    13 -3.886546 0.238292 0.000007 -1.212887 0.079252 -1.529258
    14 17.848173 0.000000 0.000000 0.000000 0.000000 0.043682
    15 16.525257 0.000000 0.000000 -0.063035 -0.090816 -1.134544
  time 191
    0 -0.396892 -0.265628 38.066902 1.589751 -0.002337 0.078845
    1 0.000005 3.345128 -2.981901 1.528675 0.086176 1.529569
    2 7.532191 -0.144536 -0.187506 -0.027392 0.079997 0.116108
    3 10.717441 1.417142 -1.933704 -1.858935 1.132623 2.983382
    4 6.028143 0.000001 0.000000 1.356796 0.107073 -0.924893
    5 11.692552 0.000000 0.000002 0.000000 0.000000 -0.236397
    6 10.744779 1.374166 1.941566 1.740870 -1.138659 3.017992
    7 6.028142 0.000001 0.000000 -1.114806 0.040329 -0.961679
    8 11.692555 0.000000 0.000000 0.000000 0.000000 -0.298346
    9 15.137450 2.717352 -0.003906 3.217402 -0.024640 0.199436
    10 3.886546 -0.238293 -0.000003 -1.615259 -0.204502 -1.538985
    11 17.848177 0.000000 0.000000 0.000000 0.000000 0.417336
    12 16.525253 0.000000 0.000000 -0.051127 -0.038218 -1.215037
    13 -3.886546 0.238292 0.000007 -1.213522 0.077678 -1.530227
    14 17.848173 0.000000 0.000000 0.000000 0.000000 0.048020
    15 16.525257 0.000000 0.000000 -0.062857 -0.090937 -1.136582
  time 192
    0 -0.389079 -0.261722 38.066902 1.589225 -0.002229 0.078200
    1 0.000005 3.345128 -2.981901 1.528739 0.086176 1.530300
    2 7.532191 -0.144536 -0.187506 -0.026961 0.079985 0.115536
    3 10.721347 1.417142 -1.933704 -1.858994 1.133176 2.983865
    4 6.028143 0.000001 0.000000 1.356629 0.106658 -0.924986
    5 11.692552 0.000000 0.000002 0.000000 0.000000 -0.236542
    6 10.740872 1.374166 1.941566 1.740774 -1.138117 3.018375
    7 6.028142 0.000001 0.000000 -1.114806 0.040291 -0.962035
    8 11.692555 0.000000 0.000000 0.000000 0.000000 -0.297596
    9 15.133544 2.721258 0.000000 3.216661 -0.025587 0.200446
    10 3.886546 -0.234386 -0.000003 -1.615808 -0.203649 -1.539071
    11 17.848177 0.000000 0.000000 0.000000 0.000000 0.416640
    12 16.525253 0.000000 0.000000 -0.050904 -0.038421 -1.214653
    13 -3.886546 0.234386 0.000007 -1.214157 0.076061 -1.531195
    14 17.848173 0.000000 0.000000 0.000000 0.000000 0.052522
    15 16.525257 0.000000 0.000000 -0.062678 -0.091057 -1.138657
  time 193
    0 -0.377360 -0.257815 38.066902 1.588716 -0.002133 0.077614
    1 0.000005 3.345128 -2.981901 1.528804 0.086176 1.531031
    2 7.532191 -0.148442 -0.191412 -0.026501 0.079925 0.114965
    3 10.721347 1.417142 -1.933704 -1.858994 1.133743 2.984408
    4 6.028143 0.000001 0.000000 1.356462 0.106106 -0.925080
    5 11.692552 0.000000 0.000002 0.000000 0.000000 -0.236687
    6 10.740872 1.374166 1.941566 1.740774 -1.137597 3.018759
    7 6.028142 0.000001 0.000000 -1.114757 0.040291 -0.962351
    8 11.692555 0.000000 0.000000 0.000000 0.000000 -0.296845
    9 15.133544 2.725164 0.000000 3.215870 -0.026510 0.201455
    10 3.886546 -0.230480 -0.000003 -1.616265 -0.202752 -1.539242
    11 17.848177 0.000000 0.000000 0.000000 0.000000 0.415868
    12 16.525253 0.000000 0.000000 -0.050667 -0.038645 -1.214269
    13 -3.886546 0.230479 0.000007 -1.214792 0.074400 -1.532164
    14 17.848173 0.000000 0.000000 0.000000 0.000000 0.057024
    15 16.525257 0.000000 0.000000 -0.062500 -0.091158 -1.140769
  time 194
    0 -0.369547 -0.253909 38.066902 1.588225 -0.002049 0.077028
    1 0.000005 3.345128 -2.981901 1.528855 0.086176 1.531774
    2 7.532191 -0.148442 -0.191412 -0.026070 0.079829 0.114351
    3 10.721347 1.417142 -1.929797 -1.858994 1.134325 2.984891
    4 6.028143 0.000001 0.000000 1.356211 0.105461 -0.925173
    5 11.692552 0.000000 0.000002 0.000000 0.000000 -0.236978
    6 10.736966 1.374166 1.945473 1.740870 -1.137076 3.019046
    7 6.028142 0.000001 0.000000 -1.114707 0.040291 -0.962668
    8 11.692555 0.000000 0.000000 0.000000 0.000000 -0.296094
    9 15.133544 2.729071 0.003906 3.215129 -0.027421 0.202465
    10 3.886546 -0.230480 -0.000003 -1.616814 -0.201899 -1.539328
    11 17.848177 0.000000 0.000000 0.000000 0.000000 0.415096
    12 16.525253 0.000000 0.000000 -0.050444 -0.038848 -1.213852
    13 -3.886546 0.230479 0.000007 -1.215427 0.072782 -1.533221
    14 17.848173 0.000000 0.000000 0.000000 0.000000 0.061443
    15 16.525257 0.000000 0.000000 -0.062321 -0.091278 -1.142881
  time 195
    0 -0.357828 -0.250003 38.070809 1.587752 -0.001965 0.076442
    1 0.000005 3.345128 -2.981901 1.528920 0.086176 1.532505
    2 7.532191 -0.148442 -0.191412 -0.025610 0.079710 0.113737
    3 10.721347 1.417142 -1.929797 -1.858994 1.134892 2.985434
    4 6.028143 0.000001 0.000000 1.356044 0.104723 -0.925266
    5 11.692552 0.000000 0.000002 0.000000 0.000000 -0.237341
    6 10.736966 1.374166 1.945473 1.740870 -1.136556 3.019430
    7 6.028142 0.000001 0.000000 -1.114658 0.040329 -0.962984
    8 11.692555 0.000000 0.000000 0.000000 0.000000 -0.295343
    9 15.129638 2.732977 0.003906 3.214338 -0.028332 0.203453
    10 3.886546 -0.226573 -0.000003 -1.617363 -0.201001 -1.539499
    11 17.848177 0.000000 0.000000 0.000000 0.000000 0.414169
    12 16.525253 0.000000 0.000000 -0.050222 -0.039052 -1.213404
    13 -3.886546 0.226573 0.000007 -1.216062 0.071165 -1.534190
    14 17.848173 0.000000 0.000000 0.000000 0.000000 0.065782
    15 16.525257 0.000000 0.000000 -0.062143 -0.091399 -1.144918
  time 196
    0 -0.350016 -0.246096 38.070809 1.587296 -0.001894 0.075914
    1 0.000005 3.345128 -2.981901 1.528984 0.086176 1.533236
    2 7.532191 -0.152348 -0.191412 -0.025179 0.079554 0.113102
    3 10.721347 1.421049 -1.929797 -1.858935 1.135444 2.986037
    4 6.028143 0.000001 0.000000 1.355793 0.103940 -0.925452
    5 11.692552 0.000000 0.000002 0.000000 0.000000 -0.237704
    6 10.733060 1.374166 1.945473 1.741060 -1.136058 3.019718
    7 6.028142 0.000001 0.000000 -1.114608 0.040367 -0.963261
    8 11.692555 0.000000 0.000000 0.000000 0.000000 -0.294593
    9 15.129638 2.736883 0.007813 3.213596 -0.029218 0.204420
    10 3.886546 -0.222667 -0.000003 -1.617820 -0.200103 -1.539671
    11 17.848177 0.000000 0.000000 0.000000 0.000000 0.413319
    12 16.525253 0.000000 0.000000 -0.049984 -0.039276 -1.212923
    13 -3.886546 0.222667 0.000007 -1.216606 0.069591 -1.535158
    14 17.848173 0.000000 0.000000 0.000000 0.000000 0.070038
    15 16.525257 0.000000 0.000000 -0.061964 -0.091520 -1.146882
  time 197
    0 -0.338297 -0.242190 38.070809 1.586840 -0.001822 0.075387
    1 0.000005 3.345128 -2.981901 1.529048 0.086176 1.533943
    2 7.528284 -0.152348 -0.191412 -0.024776 0.079374 0.112468
    3 10.721347 1.421049 -1.929797 -1.858876 1.135997 2.986581
    4 6.028143 0.000001 0.000000 1.355626 0.103065 -0.925639
    5 11.692552 0.000000 0.000002 0.000000 0.000000 -0.238212
    6 10.733060 1.374166 1.945473 1.741156 -1.135559 3.019909
    7 6.028142 0.000001 0.000000 -1.114608 0.040404 -0.963538
    8 11.692555 0.000000 0.000000 0.000000 0.000000 -0.293842
    9 15.129638 2.736883 0.011719 3.212806 -0.030081 0.205386
    10 3.886546 -0.222667 -0.000003 -1.618278 -0.199206 -1.539843
    11 17.848177 0.000000 0.000000 0.000000 0.000000 0.412392
    12 16.525253 0.000000 0.000000 -0.049762 -0.039479 -1.212443
    13 -3.886546 0.222667 0.000007 -1.217241 0.068062 -1.536127
    14 17.848173 0.000000 0.000000 0.000000 0.000000 0.074049
    15 16.525257 0.000000 0.000000 -0.061768 -0.091640 -1.148735
  time 198
    0 -0.330484 -0.238284 38.070809 1.586401 -0.001762 0.074860
    1 0.000005 3.345128 -2.981901 1.529113 0.086176 1.534627
    2 7.528284 -0.152348 -0.191412 -0.024374 0.079170 0.111833
    3 10.721347 1.421049 -1.925891 -1.858817 1.136535 2.987124
    4 6.028143 0.000001 0.000000 1.355375 0.102143 -0.925825
    5 11.692552 0.000000 0.000002 0.000000 0.000000 -0.238721
    6 10.729153 1.378073 1.945473 1.741346 -1.135104 3.020197
    7 6.028142 0.000001 0.000000 -1.114608 0.040517 -0.963815
    8 11.692555 0.000000 0.000000 0.000000 0.000000 -0.293016
    9 15.125731 2.740790 0.015625 3.211965 -0.030908 0.206310
    10 3.886546 -0.218761 -0.000003 -1.618735 -0.198353 -1.540014
    11 17.848177 0.000000 0.000000 0.000000 0.000000 0.411465
    12 16.525253 0.000000 0.000000 -0.049539 -0.039703 -1.211963
    13 -3.886546 0.218760 0.000007 -1.217785 0.066663 -1.537008
    14 17.848173 0.000000 0.000000 0.000000 0.000000 0.077896
    15 16.525257 0.000000 0.000000 -0.061589 -0.091761 -1.150513
  time 199
    0 -0.318765 -0.234377 38.074715 1.585981 -0.001714 0.074332
    1 0.000005 3.345128 -2.981901 1.529164 0.086200 1.535274
    2 7.528284 -0.156255 -0.191412 -0.024000 0.078942 0.111198
    3 10.721347 1.421049 -1.925891 -1.858699 1.137058 2.987727
    4 6.028143 0.000001 0.000000 1.355040 0.101130 -0.926105
    5 11.692552 0.000000 0.000002 0.000000 0.000000 -0.239301
    6 10.729153 1.378073 1.949379 1.741537 -1.134670 3.020293
    7 6.028142 0.000001 0.000000 -1.114658 0.040631 -0.964052
    8 11.692555 0.000000 0.000000 0.000000 0.000000 -0.292265
    9 15.125731 2.744696 0.015625 3.211175 -0.031723 0.207212
    10 3.886546 -0.214854 -0.000003 -1.619193 -0.197500 -1.540186
    11 17.848177 0.000000 0.000000 0.000000 0.000000 0.410538
    12 16.525253 0.000000 0.000000 -0.049316 -0.039906 -1.211450
    13 -3.886546 0.214854 0.000007 -1.218329 0.065308 -1.537888
    14 17.848173 0.000000 0.000000 0.000000 0.000000 0.081497
    15 16.525257 0.000000 0.000000 -0.061411 -0.091882 -1.152180
  time 200
    0 -0.310952 -0.230471 38.074715 1.585560 -0.001654 0.073805
    1 0.000005 3.345128 -2.981901 1.529216 0.086200 1.535885
    2 7.528284 -0.156255 -0.191412 -0.023684 0.078703 0.110563
    3 10.721347 1.421049 -1.925891 -1.858581 1.137567 2.988271
    4 6.028143 0.000001 0.000000 1.354706 0.100070 -0.926384
    5 11.692552 0.000000 0.000002 0.000000 0.000000 -0.239955
    6 10.729153 1.378073 1.949379 1.741728 -1.134237 3.020484
    7 6.028142 0.000001 0.000000 -1.114757 0.040744 -0.964289
    8 11.692555 0.000000 0.000000 0.000000 0.000000 -0.291440
    9 15.125731 2.748603 0.019532 3.210384 -0.032502 0.208071
    10 3.886546 -0.214854 -0.000003 -1.619650 -0.196647 -1.540357
    11 17.848177 0.000000 0.000000 0.000000 0.000000 0.409611
    12 16.525253 0.000000 0.000000 -0.049079 -0.040130 -1.210970
    13 -3.886546 0.214854 0.000007 -1.218873 0.064084 -1.538681
    14 17.848173 0.000000 0.000000 0.000000 0.000000 0.084853
    15 16.525257 0.000000 0.000000 -0.061232 -0.092002 -1.153700
  time 201
    0 -0.299233 -0.226564 38.074715 1.585157 -0.001606 0.073336
    1 0.000005 3.345128 -2.981901 1.529267 0.086200 1.536448
    2 7.528284 -0.156255 -0.191412 -0.023397 0.078451 0.109949
    3 10.721347 1.421049 -1.925891 -1.858404 1.138047 2.988814
    4 6.028143 0.000001 0.000000 1.354372 0.098964 -0.926757
    5 11.692552 0.000000 0.000002 0.000000 0.000000 -0.240609
    6 10.725247 1.381979 1.949379 1.742014 -1.133868 3.020484
    7 6.028142 0.000001 0.000000 -1.114856 0.040933 -0.964487
    8 11.692555 0.000000 0.000000 0.000000 0.000000 -0.290614
    9 15.121825 2.748603 0.023438 3.209593 -0.033245 0.208888
    10 3.886546 -0.210948 -0.000003 -1.620108 -0.195839 -1.540614
    11 17.848177 0.000000 0.000000 0.000000 0.000000 0.408684
    12 16.525253 0.000000 0.000000 -0.048856 -0.040333 -1.210489
    13 -3.886546 0.210948 0.000007 -1.219327 0.062991 -1.539473
    14 17.848173 0.000000 0.000000 0.000000 0.000000 0.087963
    15 16.525257 0.000000 0.000000 -0.061054 -0.092123 -1.155070
  time 202
    0 -0.291420 -0.222658 38.074715 1.584771 -0.001570 0.072867
    1 0.000005 3.345128 -2.981901 1.529319 0.086200 1.536952
    2 7.528284 -0.160161 -0.191412 -0.023138 0.078187 0.109335
    3 10.721347 1.421049 -1.925891 -1.858227 1.138498 2.989357
    4 6.028143 0.000001 0.000000 1.353953 0.097858 -0.927130
    5 11.692552 0.000000 0.000002 0.000000 0.000000 -0.241335
    6 10.725247 1.381979 1.949379 1.742395 -1.133521 3.020484
    7 6.028142 0.000001 0.000000 -1.115004 0.041159 -0.964685
    8 11.692555 0.000000 0.000000 0.000000 0.000000 -0.289863
    9 15.121825 2.752509 0.023438 3.208802 -0.033940 0.209661
    10 3.886546 -0.210948 -0.000003 -1.620473 -0.195076 -1.540786
    11 17.848177 0.000000 0.000000 0.000000 0.000000 0.407835
    12 16.525253 0.000000 0.000000 -0.048634 -0.040537 -1.210009
    13 -3.886546 0.210948 0.000007 -1.219871 0.061986 -1.540178
    14 17.848173 0.000000 0.000000 0.000000 0.000000 0.090746
    15 16.525257 0.000000 0.000000 -0.060875 -0.092244 -1.156293
  time 203
    0 -0.279701 -0.218752 38.078621 1.584403 -0.001522 0.072398
    1 0.000005 3.345128 -2.981901 1.529358 0.086200 1.537383
    2 7.528284 -0.160161 -0.191412 -0.022937 0.077924 0.108743
    3 10.721347 1.424955 -1.925891 -1.858050 1.138919 2.989840
    4 6.028143 0.000001 0.000000 1.353452 0.096661 -0.927503
    5 11.692552 0.000000 0.000002 0.000000 0.000000 -0.242134
    6 10.725247 1.381979 1.949379 1.742681 -1.133218 3.020484
    7 6.028142 0.000001 0.000000 -1.115252 0.041423 -0.964843
    8 11.692555 0.000000 0.000000 0.000000 0.000000 -0.289037
    9 15.121825 2.752509 0.027345 3.208011 -0.034600 0.210391
    10 3.886546 -0.207042 -0.000003 -1.620931 -0.194313 -1.540958
    11 17.848177 0.000000 0.000000 0.000000 0.000000 0.406985
    12 16.525253 0.000000 0.000000 -0.048411 -0.040740 -1.209560
    13 -3.886546 0.207041 0.000007 -1.220325 0.061112 -1.540883
    14 17.848173 0.000000 0.000000 0.000000 0.000000 0.093202
    15 16.525257 0.000000 0.000000 -0.060697 -0.092364 -1.157330
  time 204
    0 -0.271888 -0.214845 38.078621 1.584034 -0.001474 0.071929
    1 0.000005 3.345128 -2.981901 1.529396 0.086200 1.537754
    2 7.528284 -0.160161 -0.191412 -0.022793 0.077648 0.108193
    3 10.725253 1.424955 -1.925891 -1.857815 1.139312 2.990323
    4 6.028143 0.000001 0.000000 1.352950 0.095463 -0.927969
    5 11.692552 0.000000 0.000002 0.000000 0.000000 -0.242860
    6 10.721340 1.381979 1.949379 1.743062 -1.132936 3.020293
    7 6.028142 0.000001 0.000000 -1.115549 0.041763 -0.965001
    8 11.692555 0.000000 0.000000 0.000000 0.000000 -0.288212
    9 15.121825 2.756415 0.027345 3.207221 -0.035223 0.211057
    10 3.886546 -0.203135 -0.000003 -1.621297 -0.193640 -1.541215
    11 17.848177 0.000000 0.000000 0.000000 0.000000 0.406212
    12 16.525253 0.000000 0.000000 -0.048203 -0.040923 -1.209144
    13 -3.886546 0.203135 0.000007 -1.220778 0.060369 -1.541499
    14 17.848173 0.000000 0.000000 0.000000 0.000000 0.095330
    15 16.525257 0.000000 0.000000 -0.060518 -0.092485 -1.158220
  time 205
    0 -0.264076 -0.210939 38.078621 1.583666 -0.001438 0.071460
    1 0.000005 3.345128 -2.981901 1.529422 0.086200 1.538042
    2 7.528284 -0.164067 -0.191412 -0.022707 0.077385 0.107664
    3 10.725253 1.424955 -1.921985 -1.857579 1.139661 2.990806
    4 6.028143 0.000001 0.000000 1.352365 0.094265 -0.928528
    5 11.692552 0.000000 0.000002 0.000000 0.000000 -0.243659
    6 10.721340 1.381979 1.949379 1.743444 -1.132719 3.020101
    7 6.028142 0.000001 0.000000 -1.115896 0.042140 -0.965120
    8 11.692555 0.000000 0.000000 0.000000 0.000000 -0.287386
    9 15.117918 2.756415 0.031251 3.206430 -0.035786 0.211680
    10 3.886546 -0.203135 -0.000003 -1.621754 -0.192967 -1.541386
    11 17.848177 0.000000 0.000000 0.000000 0.000000 0.405517
    12 16.525253 0.000000 0.000000 -0.047981 -0.041127 -1.208760
    13 -3.886546 0.203135 0.000007 -1.221232 0.059800 -1.542115
    14 17.848173 0.000000 0.000000 0.000000 0.000000 0.097049
    15 16.525257 0.000000 0.000000 -0.060340 -0.092605 -1.158924
  time 206
    0 -0.252356 -0.207033 38.082528 1.583333 -0.001402 0.070991
    1 0.000005 3.345128 -2.981901 1.529435 0.086200 1.538246
    2 7.528284 -0.164067 -0.191412 -0.022678 0.077121 0.107156
    3 10.725253 1.424955 -1.921985 -1.857284 1.139966 2.991228
    4 6.028143 0.000001 0.000000 1.351612 0.093021 -0.928994
    5 11.692552 0.000000 0.000002 0.000000 0.000000 -0.244457
    6 10.721340 1.385885 1.953285 1.743920 -1.132546 3.019813
    7 6.028142 0.000001 0.000000 -1.116292 0.042556 -0.965199
    8 11.692555 0.000000 0.000000 0.000000 0.000000 -0.286560
    9 15.117918 2.756415 0.031251 3.205688 -0.036301 0.212217
    10 3.886546 -0.203135 -0.000003 -1.622120 -0.192383 -1.541558
    11 17.848177 0.000000 0.000000 0.000000 0.000000 0.404899
    12 16.525253 0.000000 0.000000 -0.047773 -0.041330 -1.208407
    13 -3.886546 0.203135 0.000007 -1.221685 0.059407 -1.542556
    14 17.848173 0.000000 0.000000 0.000000 0.000000 0.098440
    15 16.525257 0.000000 0.000000 -0.060161 -0.092706 -1.159405
  time 207
    0 -0.244544 -0.203126 38.082528 1.583000 -0.001354 0.070581
    1 0.000005 3.345128 -2.981901 1.529448 0.086200 1.538354
    2 7.528284 -0.164067 -0.191412 -0.022707 0.076857 0.106690
    3 10.725253 1.424955 -1.921985 -1.856989 1.140228 2.991590
    4 6.028143 0.000001 0.000000 1.350860 0.091777 -0.929647
    5 11.692552 0.000000 0.000002 0.000000 0.000000 -0.245329
    6 10.721340 1.385885 1.953285 1.744397 -1.132438 3.019526
    7 6.028142 0.000001 0.000000 -1.116787 0.043009 -0.965318
    8 11.692555 0.000000 0.000000 0.000000 0.000000 -0.285734
    9 15.117918 2.760322 0.031251 3.204898 -0.036757 0.212690
    10 3.886546 -0.199229 -0.000003 -1.622486 -0.191800 -1.541730
    11 17.848177 0.000000 0.000000 0.000000 0.000000 0.404358
    12 16.525253 0.000000 0.000000 -0.047565 -0.041513 -1.208119
    13 -3.886546 0.199228 0.000007 -1.222139 0.059188 -1.542996
    14 17.848173 0.000000 0.000000 0.000000 0.000000 0.099341
    15 16.525257 0.000000 0.000000 -0.060000 -0.092827 -1.159702
  time 208
    0 -0.236731 -0.199220 38.082528 1.582667 -0.001318 0.070171
    1 0.000005 3.345128 -2.981901 1.529461 0.086200 1.538366
    2 7.528284 -0.164067 -0.191412 -0.022851 0.076617 0.106267
    3 10.725253 1.424955 -1.921985 -1.856635 1.140446 2.991952
    4 6.028143 0.000001 0.000000 1.350024 0.090579 -0.930206
    5 11.692552 0.000000 0.000002 0.000000 0.000000 -0.246128
    6 10.721340 1.385885 1.953285 1.744874 -1.132373 3.019046
    7 6.028142 0.000001 0.000000 -1.117381 0.043575 -0.965357
    8 11.692555 0.000000 0.000000 0.000000 0.000000 -0.284909
    9 15.117918 2.760322 0.035157 3.204156 -0.037152 0.213076
    10 3.886546 -0.199229 -0.000003 -1.622852 -0.191306 -1.541901
    11 17.848177 0.000000 0.000000 0.000000 0.000000 0.403972
    12 16.525253 0.000000 0.000000 -0.047357 -0.041717 -1.207863
    13 -3.886546 0.199228 0.000007 -1.222592 0.059145 -1.543348
    14 17.848173 0.000000 0.000000 0.000000 0.000000 0.099914
    15 16.525257 0.000000 0.000000 -0.059822 -0.092927 -1.159739
  time 209
    0 -0.225012 -0.195313 38.086434 1.582369 -0.001270 0.069761
    1 0.000005 3.345128 -2.981901 1.529461 0.086200 1.538258
    2 7.528284 -0.167974 -0.195318 -0.023052 0.076402 0.105886
    3 10.725253 1.421049 -1.921985 -1.856281 1.140606 2.992254
    4 6.028143 0.000001 0.000000 1.349021 0.089335 -0.930951
    5 11.692552 0.000000 0.000002 0.000000 0.000000 -0.246926
    6 10.717434 1.385885 1.953285 1.745446 -1.132373 3.018471
    7 6.028142 0.000001 0.000000 -1.118074 0.044179 -0.965397
    8 11.692555 0.000000 0.000000 0.000000 0.000000 -0.284083
    9 15.117918 2.760322 0.035157 3.203415 -0.037476 0.213399
    10 3.886546 -0.199229 -0.000003 -1.623218 -0.190902 -1.542073
    11 17.848177 0.000000 0.000000 0.000000 0.000000 0.403586
    12 16.525253 0.000000 0.000000 -0.047150 -0.041900 -1.207671
    13 -3.886546 0.199228 0.000007 -1.222955 0.059319 -1.543613
    14 17.848173 0.000000 0.000000 0.000000 0.000000 0.099914
    15 16.525257 0.000000 0.000000 -0.059661 -0.093048 -1.159516
  time 210
    0 -0.217199 -0.191407 38.086434 1.582053 -0.001222 0.069350
    1 0.000005 3.345128 -2.981901 1.529448 0.086200 1.538066
    2 7.528284 -0.167974 -0.195318 -0.023310 0.076186 0.105526
    3 10.725253 1.421049 -1.921985 -1.855927 1.140737 2.992496
    4 6.028143 0.000001 0.000000 1.348017 0.088091 -0.931604
    5 11.692552 0.000000 0.000002 0.000000 0.000000 -0.247725
    6 10.717434 1.385885 1.953285 1.746018 -1.132394 3.017896
    7 6.028142 0.000001 0.000000 -1.118817 0.044820 -0.965397
    8 11.692555 0.000000 0.000000 0.000000 0.000000 -0.283257
    9 15.117918 2.760322 0.035157 3.202723 -0.037751 0.213656
    10 3.886546 -0.199229 -0.000003 -1.623584 -0.190543 -1.542244
    11 17.848177 0.000000 0.000000 0.000000 0.000000 0.403432
    12 16.525253 0.000000 0.000000 -0.046957 -0.042083 -1.207542
    13 -3.886546 0.199228 0.000007 -1.223409 0.059713 -1.543701
    14 17.848173 0.000000 0.000000 0.000000 0.000000 0.099341
    15 16.525257 0.000000 0.000000 -0.059501 -0.093148 -1.159035
  time 211
    0 -0.209386 -0.187501 38.086434 1.581755 -0.001174 0.068940
    1 0.000005 3.345128 -2.981901 1.529435 0.086200 1.537802
    2 7.528284 -0.167974 -0.195318 -0.023598 0.076006 0.105145
    3 10.725253 1.421049 -1.921985 -1.855514 1.140853 2.992797
    4 6.028143 0.000001 0.000000 1.346930 0.086893 -0.932349
    5 11.692552 0.000000 0.000002 0.000000 0.000000 -0.248451
    6 10.717434 1.385885 1.953285 1.746590 -1.132459 3.017321
    7 6.028142 0.000001 0.000000 -1.119559 0.045537 -0.965397
    8 11.692555 0.000000 0.000000 0.000000 0.000000 -0.282431
    9 15.117918 2.756415 0.035157 3.202031 -0.037979 0.213893
    10 3.886546 -0.199229 -0.000003 -1.623950 -0.190184 -1.542416
    11 17.848177 0.000000 0.000000 0.000000 0.000000 0.403354
    12 16.525253 0.000000 0.000000 -0.046764 -0.042266 -1.207478
    13 -3.886546 0.199228 0.000007 -1.223771 0.060369 -1.543789
    14 17.848173 0.000000 0.000000 0.000000 0.000000 0.098277
    15 16.525257 0.000000 0.000000 -0.059340 -0.093249 -1.158294
  time 212
    0 -0.201574 -0.183594 38.086434 1.581439 -0.001115 0.068530
    1 0.000005 3.345128 -2.981901 1.529409 0.086200 1.537491
    2 7.528284 -0.167974 -0.195318 -0.023943 0.075827 0.104743
    3 10.725253 1.421049 -1.921985 -1.855101 1.140969 2.993039
    4 6.028143 0.000001 0.000000 1.345843 0.085695 -0.933002
    5 11.692552 0.000000 0.000002 0.000000 0.000000 -0.249105
    6 10.717434 1.385885 1.953285 1.747161 -1.132503 3.016650
    7 6.028142 0.000001 0.000000 -1.120401 0.046255 -0.965357
    8 11.692555 0.000000 0.000000 0.000000 0.000000 -0.281605
    9 15.117918 2.756415 0.035157 3.201339 -0.038159 0.214086
    10 3.886546 -0.199229 -0.000003 -1.624316 -0.189914 -1.542501
    11 17.848177 0.000000 0.000000 0.000000 0.000000 0.403354
    12 16.525253 0.000000 0.000000 -0.046586 -0.042429 -1.207478
    13 -3.886546 0.199228 0.000007 -1.224134 0.061286 -1.543701
    14 17.848173 0.000000 0.000000 0.000000 0.000000 0.096721
    15 16.525257 0.000000 0.000000 -0.059179 -0.093349 -1.157293
  time 213
    0 -0.193761 -0.183594 38.090340 1.581141 -0.001055 0.068178
    1 0.000005 3.345128 -2.981901 1.529383 0.086200 1.537119
    2 7.528284 -0.167974 -0.195318 -0.024316 0.075659 0.104341
    3 10.725253 1.421049 -1.921985 -1.854688 1.141071 2.993280
    4 6.028143 0.000001 0.000000 1.344673 0.084543 -0.933748
    5 11.692552 0.000000 0.000002 0.000000 0.000000 -0.249613
    6 10.717434 1.385885 1.953285 1.747733 -1.132524 3.015979
    7 6.028142 0.000001 0.000000 -1.121243 0.047047 -0.965239
    8 11.692555 0.000000 0.000000 0.000000 0.000000 -0.280705
    9 15.117918 2.756415 0.035157 3.200647 -0.038291 0.214258
    10 3.886546 -0.203135 -0.000003 -1.624590 -0.189645 -1.542587
    11 17.848177 0.000000 0.000000 0.000000 0.000000 0.403432
    12 16.525253 0.000000 0.000000 -0.046422 -0.042592 -1.207510
    13 -3.886546 0.203135 0.000007 -1.224497 0.062467 -1.543613
    14 17.848173 0.000000 0.000000 0.000000 0.000000 0.094593
    15 16.525257 0.000000 0.000000 -0.059019 -0.093450 -1.156034
  time 214
    0 -0.185948 -0.179688 38.090340 1.580843 -0.000995 0.067768
    1 0.000005 3.345128 -2.981901 1.529358 0.086200 1.536700
    2 7.528284 -0.171880 -0.199225 -0.024719 0.075503 0.103918
    3 10.725253 1.421049 -1.921985 -1.854275 1.141173 2.993522
    4 6.028143 0.000001 0.000000 1.343419 0.083391 -0.934586
    5 11.692552 0.000000 0.000002 0.000000 0.000000 -0.250049
    6 10.717434 1.385885 1.953285 1.748401 -1.132546 3.015308
    7 6.028142 0.000001 0.000000 -1.122084 0.047802 -0.965080
    8 11.692555 0.000000 0.000000 0.000000 0.000000 -0.279879
    9 15.121825 2.756415 0.035157 3.200004 -0.038375 0.214408
    10 3.886546 -0.203135 -0.000003 -1.624956 -0.189421 -1.542673
    11 17.848177 0.000000 0.000000 0.000000 0.000000 0.403586
    12 16.525253 0.000000 0.000000 -0.046259 -0.042734 -1.207639
    13 -3.886546 0.203135 0.000007 -1.224860 0.063865 -1.543348
    14 17.848173 0.000000 0.000000 0.000000 0.000000 0.091974
    15 16.525257 0.000000 0.000000 -0.058876 -0.093550 -1.154515
  time 215
    0 -0.182042 -0.179688 38.090340 1.580528 -0.000923 0.067416
    1 0.000005 3.345128 -2.981901 1.529319 0.086200 1.536232
    2 7.528284 -0.171880 -0.199225 -0.025150 0.075335 0.103494
    3 10.725253 1.421049 -1.921985 -1.853863 1.141260 2.993763
    4 6.028143 0.000001 0.000000 1.342248 0.082286 -0.935332
    5 11.692552 0.000000 0.000002 0.000000 0.000000 -0.250412
    6 10.717434 1.385885 1.949379 1.748973 -1.132546 3.014637
    7 6.028142 0.000001 0.000000 -1.122976 0.048632 -0.964843
    8 11.692555 0.000000 0.000000 0.000000 0.000000 -0.278978
    9 15.121825 2.756415 0.035157 3.199313 -0.038423 0.214515
    10 3.886546 -0.203135 -0.000003 -1.625322 -0.189196 -1.542759
    11 17.848177 0.000000 0.000000 0.000000 0.000000 0.403818
    12 16.525253 0.000000 0.000000 -0.046111 -0.042876 -1.207799
    13 -3.886546 0.203135 0.000007 -1.225132 0.065526 -1.542996
    14 17.848173 0.000000 0.000000 0.000000 0.000000 0.088864
    15 16.525257 0.000000 0.000000 -0.058733 -0.093651 -1.152773
  time 216
    0 -0.174229 -0.175782 38.094247 1.580229 -0.000851 0.067065
    1 0.000005 3.345128 -2.981901 1.529280 0.086200 1.535741
    2 7.528284 -0.171880 -0.199225 -0.025581 0.075179 0.103071
    3 10.725253 1.417142 -1.925891 -1.853391 1.141347 2.994004
    4 6.028143 0.000001 0.000000 1.340994 0.081226 -0.936078
    5 11.692552 0.000000 0.000002 0.000000 0.000000 -0.250702
    6 10.717434 1.385885 1.949379 1.749545 -1.132503 3.013966
    7 6.028142 0.000001 0.000000 -1.123916 0.049500 -0.964566
    8 11.692555 0.000000 0.000000 0.000000 0.000000 -0.278152
    9 15.121825 2.752509 0.035157 3.198670 -0.038423 0.214601
    10 3.886546 -0.207042 -0.000003 -1.625597 -0.189017 -1.542845
    11 17.848177 0.000000 0.000000 0.000000 0.000000 0.404127
    12 16.525253 0.000000 0.000000 -0.045962 -0.043019 -1.207991
    13 -3.886546 0.207041 0.000007 -1.225495 0.067406 -1.542556
    14 17.848173 0.000000 0.000000 0.000000 0.000000 0.085180
    15 16.525257 0.000000 0.000000 -0.058590 -0.093751 -1.150735
  time 217
    0 -0.166416 -0.175782 38.094247 1.579931 -0.000779 0.066713
    1 0.000005 3.345128 -2.981901 1.529255 0.086200 1.535214
    2 7.528284 -0.171880 -0.199225 -0.026070 0.075024 0.102627
    3 10.729160 1.417142 -1.925891 -1.852919 1.141435 2.994246
    4 6.028143 0.000001 0.000000 1.339740 0.080258 -0.936916
    5 11.692552 0.000000 0.000002 0.000000 0.000000 -0.250920
    6 10.721340 1.385885 1.949379 1.750212 -1.132481 3.013199
    7 6.028142 0.000001 0.000000 -1.124857 0.050369 -0.964250
    8 11.692555 0.000000 0.000000 0.000000 0.000000 -0.277251
    9 15.121825 2.752509 0.035157 3.198077 -0.038399 0.214666
    10 3.886546 -0.207042 -0.000003 -1.625963 -0.188837 -1.542930
    11 17.848177 0.000000 0.000000 0.000000 0.000000 0.404513
    12 16.525253 0.000000 0.000000 -0.045814 -0.043141 -1.208247
    13 -3.886546 0.207041 0.000007 -1.225767 0.069548 -1.542027
    14 17.848173 0.000000 0.000000 0.000000 0.000000 0.081006
    15 16.525257 0.000000 0.000000 -0.058447 -0.093852 -1.148475
  time 218
    0 -0.158604 -0.175782 38.094247 1.579633 -0.000695 0.066361
    1 0.000005 3.345128 -2.981901 1.529216 0.086176 1.534662
    2 7.528284 -0.171880 -0.203131 -0.026558 0.074868 0.102204
    3 10.729160 1.417142 -1.925891 -1.852506 1.141507 2.994487
    4 6.028143 0.000001 0.000000 1.338402 0.079291 -0.937662
    5 11.692552 0.000000 0.000002 0.000000 0.000000 -0.251066
    6 10.721340 1.385885 1.949379 1.750784 -1.132416 3.012528
    7 6.028142 0.000001 0.000000 -1.125798 0.051237 -0.963894
    8 11.692555 0.000000 0.000000 0.000000 0.000000 -0.276350
    9 15.121825 2.752509 0.031251 3.197484 -0.038327 0.214687
    10 3.886546 -0.210948 -0.000003 -1.626237 -0.188703 -1.542930
    11 17.848177 0.000000 0.000000 0.000000 0.000000 0.404976
    12 16.525253 0.000000 0.000000 -0.045680 -0.043283 -1.208503
    13 -3.886546 0.210948 0.000007 -1.226039 0.071952 -1.541411
    14 17.848173 0.000000 0.000000 0.000000 0.000000 0.076259
    15 16.525257 0.000000 0.000000 -0.058305 -0.093932 -1.145919
  time 219
    0 -0.154697 -0.175782 38.094247 1.579335 -0.000611 0.066010
    1 0.000005 3.345128 -2.981901 1.529164 0.086176 1.534099
    2 7.528284 -0.175787 -0.203131 -0.027076 0.074700 0.101780
    3 10.729160 1.417142 -1.925891 -1.852034 1.141566 2.994668
    4 6.028143 0.000001 0.000000 1.337064 0.078415 -0.938501
    5 11.692552 0.000000 0.000002 0.000000 0.000000 -0.251066
    6 10.721340 1.385885 1.949379 1.751451 -1.132351 3.011761
    7 6.028142 0.000001 0.000000 -1.126788 0.052143 -0.963498
    8 11.692555 0.000000 0.000000 0.000000 0.000000 -0.275450
    9 15.121825 2.748603 0.031251 3.196891 -0.038231 0.214687
    10 3.886546 -0.214854 -0.000003 -1.626603 -0.188568 -1.542930
    11 17.848177 0.000000 0.000000 0.000000 0.000000 0.405363
    12 16.525253 0.000000 0.000000 -0.045547 -0.043405 -1.208824
    13 -3.886546 0.214854 0.000007 -1.226311 0.074662 -1.540706
    14 17.848173 0.000000 0.000000 0.000000 0.000000 0.070856
    15 16.525257 0.000000 0.000000 -0.058162 -0.094033 -1.142992
  time 220
    0 -0.146884 -0.175782 38.098153 1.579037 -0.000515 0.065658
    1 0.000005 3.345128 -2.981901 1.529126 0.086176 1.533524
    2 7.528284 -0.175787 -0.203131 -0.027593 0.074520 0.101357
    3 10.729160 1.417142 -1.925891 -1.851562 1.141638 2.994910
    4 6.028143 0.000001 0.000000 1.335810 0.077632 -0.939340
    5 11.692552 0.000000 0.000002 0.000000 0.000000 -0.251066
    6 10.721340 1.385885 1.949379 1.752023 -1.132264 3.011090
    7 6.028142 0.000001 0.000000 -1.127729 0.053011 -0.963103
    8 11.692555 0.000000 0.000000 0.000000 0.000000 -0.274549
    9 15.121825 2.748603 0.031251 3.196298 -0.038087 0.214666
    10 3.886546 -0.214854 -0.000003 -1.626878 -0.188433 -1.542930
    11 17.848177 0.000000 0.000000 0.000000 0.000000 0.405903
    12 16.525253 0.000000 0.000000 -0.045428 -0.043507 -1.209144
    13 -3.886546 0.214854 0.000007 -1.226583 0.077722 -1.539826
    14 17.848173 0.000000 0.000000 0.000000 0.000000 0.064799
    15 16.525257 0.000000 0.000000 -0.058037 -0.094113 -1.139731
  time 221
    0 -0.142978 -0.175782 38.098153 1.578739 -0.000419 0.065306
    1 0.000005 3.345128 -2.981901 1.529087 0.086176 1.532937
    2 7.528284 -0.175787 -0.203131 -0.028111 0.074328 0.100934
    3 10.729160 1.413236 -1.925891 -1.851090 1.141696 2.995091
    4 6.028143 0.000001 0.000000 1.334473 0.076895 -0.940085
    5 11.692552 0.000000 0.000002 0.000000 0.000000 -0.250920
    6 10.721340 1.385885 1.949379 1.752691 -1.132178 3.010323
    7 6.028142 0.000001 0.000000 -1.128719 0.053916 -0.962628
    8 11.692555 0.000000 0.000000 0.000000 0.000000 -0.273648
    9 15.125731 2.748603 0.031251 3.195754 -0.037919 0.214623
    10 3.886546 -0.218761 -0.000003 -1.627152 -0.188299 -1.542930
    11 17.848177 0.000000 0.000000 0.000000 0.000000 0.406367
    12 16.525253 0.000000 0.000000 -0.045309 -0.043629 -1.209496
    13 -3.886546 0.218760 0.000007 -1.226855 0.081175 -1.538769
    14 17.848173 0.000000 0.000000 0.000000 0.000000 0.057678
    15 16.525257 0.000000 0.000000 -0.057894 -0.094194 -1.136026
  time 222
    0 -0.135165 -0.179688 38.098153 1.578441 -0.000324 0.065013
    1 0.000005 3.345128 -2.981901 1.529048 0.086176 1.532349
    2 7.528284 -0.175787 -0.203131 -0.028628 0.074125 0.100553
    3 10.729160 1.413236 -1.925891 -1.850559 1.141740 2.995272
    4 6.028143 0.000001 0.000000 1.333135 0.076250 -0.940924
    5 11.692552 0.000000 0.000002 0.000000 0.000000 -0.250630
    6 10.721340 1.385885 1.949379 1.753358 -1.132091 3.009556
    7 6.028142 0.000001 0.000000 -1.129709 0.054785 -0.962153
    8 11.692555 0.000000 0.000000 0.000000 0.000000 -0.272747
    9 15.125731 2.744696 0.031251 3.195210 -0.037727 0.214537
    10 3.886546 -0.222667 -0.000003 -1.627518 -0.188164 -1.542930
    11 17.848177 0.000000 0.000000 0.000000 0.000000 0.406908
    12 16.525253 0.000000 0.000000 -0.045190 -0.043731 -1.209849
    13 -3.886546 0.222667 0.000007 -1.227037 0.085196 -1.537536
    14 17.848173 0.000000 0.000000 0.000000 0.000000 0.049411
    15 16.525257 0.000000 0.000000 -0.057769 -0.094294 -1.131654
  time 223
    0 -0.131259 -0.179688 38.102059 1.578143 -0.000228 0.064662
    1 0.000005 3.345128 -2.981901 1.529010 0.086176 1.531774
    2 7.528284 -0.175787 -0.203131 -0.029174 0.073897 0.100172
    3 10.729160 1.413236 -1.925891 -1.850088 1.141798 2.995453
    4 6.028143 0.000001 0.000000 1.331881 0.075697 -0.941763
    5 11.692552 0.000000 0.000002 0.000000 0.000000 -0.250339
    6 10.721340 1.385885 1.949379 1.753930 -1.131982 3.008789
    7 6.028142 0.000001 0.000000 -1.130699 0.055690 -0.961679
    8 11.692555 0.000000 0.000000 0.000000 0.000000 -0.271846
    9 15.125731 2.744696 0.031251 3.194667 -0.037500 0.214430
    10 3.886546 -0.222667 -0.000003 -1.627792 -0.188029 -1.542930
    11 17.848177 0.000000 0.000000 0.000000 0.000000 0.407448
    12 16.525253 0.000000 0.000000 -0.045087 -0.043833 -1.210233
    13 -3.886546 0.222667 0.000007 -1.227218 0.090092 -1.535951
    14 17.848173 0.000000 0.000000 0.000000 0.000000 0.039344
    15 16.525257 0.000000 0.000000 -0.057644 -0.094375 -1.126356
  time 224
    0 -0.127353 -0.179688 38.102059 1.577862 -0.000120 0.064369
    1 0.000005 3.345128 -2.981901 1.528958 0.086176 1.531211
    2 7.528284 -0.175787 -0.207038 -0.029720 0.073645 0.099791
    3 10.729160 1.413236 -1.925891 -1.849616 1.141827 2.995634
    4 6.028143 0.000001 0.000000 1.330543 0.075236 -0.942509
    5 11.692552 0.000000 0.000002 0.000000 0.000000 -0.249904
    6 10.721340 1.385885 1.949379 1.754597 -1.131896 3.008022
    7 6.028142 0.000001 0.000000 -1.131689 0.056521 -0.961165
    8 11.692555 0.000000 0.000000 0.000000 0.000000 -0.270870
    9 15.125731 2.740790 0.031251 3.194172 -0.037248 0.214301
    10 3.886546 -0.226573 -0.000003 -1.628067 -0.187895 -1.542930
    11 17.848177 0.000000 0.000000 0.000000 0.000000 0.407989
    12 16.525253 0.000000 0.000000 -0.044983 -0.043934 -1.210617
    13 -3.886546 0.226573 0.000007 -1.227309 0.096779 -1.533749
    14 17.848173 0.000000 0.000000 0.000000 0.000000 0.025347
    15 16.525257 0.000000 0.000000 -0.057519 -0.094455 -1.119020
  time 225
    0 -0.119540 -0.183594 38.102059 1.577564 -0.000012 0.064076
    1 0.000005 3.345128 -2.981901 1.528933 0.086176 1.530672
    2 7.528284 -0.179693 -0.207038 -0.030238 0.073382 0.099452
    3 10.729160 1.413236 -1.925891 -1.849144 1.141871 2.995815
    4 6.028143 0.000001 0.000000 1.329289 0.074868 -0.943254
    5 11.692552 0.000000 0.000002 0.000000 0.000000 -0.249395
    6 10.721340 1.385885 1.949379 1.755169 -1.131787 3.007255
    7 6.028142 0.000001 0.000000 -1.132680 0.057389 -0.960650
    8 11.692555 0.000000 0.000000 0.000000 0.000000 -0.269969
    9 15.125731 2.740790 0.031251 3.193678 -0.036984 0.214150
    10 3.886546 -0.226573 -0.000003 -1.628341 -0.187715 -1.542930
    11 17.848177 0.000000 0.000000 0.000000 0.000000 0.408452
    12 16.525253 0.000000 0.000000 -0.044879 -0.044016 -1.211002
    13 -3.886546 0.226573 0.000007 -1.227127 0.108538 -1.529698
    14 17.848173 0.000000 0.000000 0.000000 0.000000 0.000055
    15 16.525257 0.000000 0.000000 -0.057394 -0.094536 -1.105719
  time 226
    0 -0.115633 -0.183594 38.105966 1.577284 0.000072 0.063783
    1 0.000005 3.345128 -2.981901 1.528894 0.086176 1.530156
    2 7.528284 -0.179693 -0.207038 -0.030784 0.073082 0.099135
    3 10.729160 1.409329 -1.925891 -1.848613 1.141915 2.995996
    4 6.028143 0.000001 0.000000 1.327951 0.074637 -0.944093
    5 11.692552 0.000000 0.000002 0.000000 0.000000 -0.248742
    6 10.721340 1.385885 1.949379 1.755836 -1.131679 3.006488
    7 6.028142 0.000001 0.000000 -1.133670 0.058181 -0.960136
    8 11.692555 0.000000 0.000000 0.000000 0.000000 -0.268994
    9 15.125731 2.740790 0.031251 3.193184 -0.036685 0.213978
    10 3.886546 -0.230480 -0.000003 -1.628616 -0.187580 -1.542845
    11 17.848177 0.000000 0.000000 0.000000 0.000000 0.408993
    12 16.525253 0.000000 0.000000 -0.044790 -0.044117 -1.211354
    13 -3.886546 0.230479 0.000007 -1.227490 0.108844 -1.529786
    14 17.848173 0.000000 0.000000 0.000000 0.000000 0.000055
    15 16.525257 0.000000 0.000000 -0.057323 -0.094596 -1.105200
  time 227
    0 -0.111727 -0.187501 38.105966 1.577003 0.000180 0.063490
    1 0.000005 3.345128 -2.981901 1.528855 0.086176 1.529665
    2 7.528284 -0.179693 -0.207038 -0.031301 0.072746 0.098839
    3 10.733066 1.409329 -1.925891 -1.848141 1.141944 2.996117
    4 6.028143 0.000001 0.000000 1.326697 0.074453 -0.944839
    5 11.692552 0.000000 0.000002 0.000000 0.000000 -0.248016
    6 10.721340 1.385885 1.949379 1.756504 -1.131571 3.005721
    7 6.028142 0.000001 0.000000 -1.134611 0.058974 -0.959622
    8 11.692555 0.000000 0.000000 0.000000 0.000000 -0.268093
    9 15.129638 2.736883 0.027345 3.192739 -0.036361 0.213764
    10 3.886546 -0.234386 -0.000003 -1.628890 -0.187401 -1.542845
    11 17.848177 0.000000 0.000000 0.000000 0.000000 0.409457
    12 16.525253 0.000000 0.000000 -0.044686 -0.044199 -1.211738
    13 -3.886546 0.234386 0.000007 -1.227762 0.109193 -1.529874
    14 17.848173 0.000000 0.000000 0.000000 0.000000 0.000055
    15 16.525257 0.000000 0.000000 -0.057233 -0.094656 -1.104681
  time 228
    0 -0.107821 -0.191407 38.105966 1.576723 0.000276 0.063197
    1 0.000005 3.345128 -2.981901 1.528829 0.086176 1.529221
    2 7.528284 -0.179693 -0.207038 -0.031818 0.072375 0.098563
    3 10.733066 1.409329 -1.925891 -1.847669 1.141973 2.996298
    4 6.028143 0.000001 0.000000 1.325526 0.074223 -0.945584
    5 11.692552 0.000000 0.000002 0.000000 0.000000 -0.247362
    6 10.721340 1.385885 1.949379 1.757076 -1.131484 3.004954
    7 6.028142 0.000001 0.000000 -1.135551 0.059767 -0.959108
    8 11.692555 0.000000 0.000000 0.000000 0.000000 -0.267117
    9 15.129638 2.736883 0.027345 3.192344 -0.036014 0.213527
    10 3.886546 -0.234386 -0.000003 -1.629165 -0.187221 -1.542759
    11 17.848177 0.000000 0.000000 0.000000 0.000000 0.409920
    12 16.525253 0.000000 0.000000 -0.044597 -0.044280 -1.212123
    13 -3.886546 0.234386 0.000007 -1.228034 0.109499 -1.529962
    14 17.848173 0.000000 0.000000 0.000000 0.000000 0.000055
    15 16.525257 0.000000 0.000000 -0.057162 -0.094696 -1.104163
  time 229
    0 -0.103914 -0.191407 38.105966 1.576442 0.000384 0.062903
    1 0.000005 3.345128 -2.981901 1.528804 0.086176 1.528814
    2 7.528284 -0.179693 -0.207038 -0.032307 0.071967 0.098331
    3 10.733066 1.409329 -1.925891 -1.847138 1.141987 2.996419
    4 6.028143 0.000001 0.000000 1.324356 0.073992 -0.946330
    5 11.692552 0.000000 0.000002 0.000000 0.000000 -0.246708
    6 10.725247 1.385885 1.949379 1.757743 -1.131397 3.004187
    7 6.028142 0.000001 0.000000 -1.136492 0.060484 -0.958594
    8 11.692555 0.000000 0.000000 0.000000 0.000000 -0.266141
    9 15.129638 2.732977 0.027345 3.191899 -0.035654 0.213291
    10 3.886546 -0.238293 -0.000003 -1.629439 -0.187042 -1.542759
    11 17.848177 0.000000 0.000000 0.000000 0.000000 0.410461
    12 16.525253 0.000000 0.000000 -0.044523 -0.044361 -1.212539
    13 -3.886546 0.238292 0.000007 -1.228306 0.109849 -1.530050
    14 17.848173 0.000000 0.000000 0.000000 0.000000 0.000055
    15 16.525257 0.000000 0.000000 -0.057091 -0.094757 -1.103644
  time 230
    0 -0.100008 -0.195313 38.109872 1.576161 0.000479 0.062610
    1 0.000005 3.345128 -2.981901 1.528778 0.086176 1.528454
    2 7.528284 -0.179693 -0.207038 -0.032796 0.071512 0.098119
    3 10.733066 1.405423 -1.925891 -1.846666 1.142016 2.996539
    4 6.028143 0.000001 0.000000 1.323185 0.073716 -0.946982
    5 11.692552 0.000000 0.000002 0.000000 0.000000 -0.246055
    6 10.725247 1.385885 1.949379 1.758315 -1.131310 3.003325
    7 6.028142 0.000001 0.000000 -1.137383 0.061163 -0.958119
    8 11.692555 0.000000 0.000000 0.000000 0.000000 -0.265240
    9 15.129638 2.732977 0.027345 3.191503 -0.035271 0.213012
    10 3.886546 -0.242199 -0.000003 -1.629714 -0.186862 -1.542759
    11 17.848177 0.000000 0.000000 0.000000 0.000000 0.411002
    12 16.525253 0.000000 0.000000 -0.044434 -0.044443 -1.212956
    13 -3.886546 0.242199 0.000007 -1.228579 0.110155 -1.530050
    14 17.848173 0.000000 0.000000 0.000000 0.000000 0.000055
    15 16.525257 0.000000 0.000000 -0.057001 -0.094797 -1.103088
  time 231
    0 -0.092195 -0.199220 38.109872 1.575881 0.000563 0.062317
    1 0.000005 3.345128 -2.981901 1.528765 0.086176 1.528155
    2 7.528284 -0.179693 -0.203131 -0.033256 0.071009 0.097971
    3 10.733066 1.405423 -1.929797 -1.846195 1.142031 2.996660
    4 6.028143 0.000001 0.000000 1.322015 0.073439 -0.947635
    5 11.692552 0.000000 0.000002 0.000000 0.000000 -0.245474
    6 10.725247 1.385885 1.945473 1.758982 -1.131245 3.002558
    7 6.028142 0.000001 0.000000 -1.138274 0.061805 -0.957644
    8 11.692555 0.000000 0.000000 0.000000 0.000000 -0.264264
    9 15.133544 2.729071 0.027345 3.191157 -0.034863 0.212690
    10 3.886546 -0.242199 -0.000003 -1.629897 -0.186728 -1.542673
    11 17.848177 0.000000 0.000000 0.000000 0.000000 0.411542
    12 16.525253 0.000000 0.000000 -0.044359 -0.044504 -1.213372
    13 -3.886546 0.242199 0.000007 -1.228851 0.110505 -1.530138
    14 17.848173 0.000000 0.000000 0.000000 0.000000 0.000055
    15 16.525257 0.000000 0.000000 -0.056948 -0.094857 -1.102569
  time 232
    0 -0.088289 -0.203126 38.109872 1.575600 0.000659 0.062083
    1 0.000005 3.345128 -2.981901 1.528752 0.086176 1.527903
    2 7.528284 -0.179693 -0.203131 -0.033687 0.070457 0.097844
    3 10.733066 1.405423 -1.929797 -1.845723 1.142045 2.996781
    4 6.028143 0.000001 0.000000 1.320928 0.073163 -0.948287
    5 11.692552 0.000000 0.000002 0.000000 0.000000 -0.244893
    6 10.725247 1.385885 1.945473 1.759650 -1.131180 3.001791
    7 6.028142 0.000001 0.000000 -1.139166 0.062371 -0.957170
    8 11.692555 0.000000 0.000000 0.000000 0.000000 -0.263288
    9 15.133544 2.729071 0.027345 3.190811 -0.034456 0.212367
    10 3.882639 -0.246105 -0.000003 -1.630171 -0.186548 -1.542673
    11 17.848177 0.000000 0.000000 0.000000 0.000000 0.412083
    12 16.525253 0.000000 0.000000 -0.044285 -0.044585 -1.213820
    13 -3.882639 0.246105 0.000007 -1.229123 0.110854 -1.530227
    14 17.848173 0.000000 0.000000 0.000000 0.000000 0.000055
    15 16.525257 0.000000 0.000000 -0.056876 -0.094898 -1.102051
  time 233
    0 -0.084383 -0.207033 38.113779 1.575337 0.000743 0.061790
    1 0.000005 3.345128 -2.981901 1.528739 0.086176 1.527735
    2 7.528284 -0.179693 -0.203131 -0.034089 0.069846 0.097759
    3 10.733066 1.405423 -1.929797 -1.845192 1.142045 2.996841
    4 6.028143 0.000001 0.000000 1.319925 0.072886 -0.948940
    5 11.692552 0.000000 0.000002 0.000000 0.000000 -0.244312
    6 10.725247 1.385885 1.945473 1.760222 -1.131137 3.000928
    7 6.028142 0.000001 0.000000 -1.140007 0.062899 -0.956735
    8 11.692555 0.000000 0.000000 0.000000 0.000000 -0.262312
    9 15.133544 2.725164 0.023438 3.190465 -0.034024 0.212024
    10 3.882639 -0.250012 -0.000003 -1.630446 -0.186413 -1.542587
    11 17.848177 0.000000 0.000000 0.000000 0.000000 0.412624
    12 16.525253 0.000000 0.000000 -0.044211 -0.044646 -1.214269
    13 -3.882639 0.250011 0.000007 -1.229304 0.111204 -1.530315
    14 17.848173 0.000000 0.000000 0.000000 0.000000 0.000055
    15 16.525257 0.000000 0.000000 -0.056805 -0.094958 -1.101532
  time 234
    0 -0.080476 -0.210939 38.113779 1.575057 0.000815 0.061555
    1 0.000005 3.345128 -2.981901 1.528739 0.086176 1.527640
    2 7.528284 -0.179693 -0.203131 -0.034491 0.069175 0.097717
    3 10.733066 1.401517 -1.929797 -1.844720 1.142060 2.996962
    4 6.028143 0.000001 0.000000 1.318921 0.072564 -0.949499
    5 11.692552 0.000000 0.000002 0.000000 0.000000 -0.243731
    6 10.725247 1.385885 1.945473 1.760889 -1.131115 3.000161
    7 6.028142 0.000001 0.000000 -1.140799 0.063390 -0.956339
    8 11.692555 0.000000 0.000000 0.000000 0.000000 -0.261336
    9 15.133544 2.725164 0.023438 3.190169 -0.033581 0.211637
    10 3.882639 -0.250012 -0.000003 -1.630629 -0.186234 -1.542587
    11 17.848177 0.000000 0.000000 0.000000 0.000000 0.413242
    12 16.525253 0.000000 0.000000 -0.044152 -0.044707 -1.214717
    13 -3.882639 0.250011 0.000007 -1.229576 0.111554 -1.530315
    14 17.848173 0.000000 0.000000 0.000000 0.000000 0.000055
    15 16.525257 0.000000 0.000000 -0.056751 -0.094998 -1.101013
  time 235
    0 -0.076570 -0.214845 38.113779 1.574794 0.000887 0.061321
    1 0.000005 3.345128 -2.981901 1.528739 0.086176 1.527616
    2 7.528284 -0.179693 -0.199225 -0.034836 0.068444 0.097738
    3 10.733066 1.401517 -1.929797 -1.844248 1.142060 2.997022
    4 6.028143 0.000001 0.000000 1.318002 0.072288 -0.950058
    5 11.692552 0.000000 0.000002 0.000000 0.000000 -0.243150
    6 10.725247 1.385885 1.945473 1.761461 -1.131115 2.999394
    7 6.028142 0.000001 0.000000 -1.141592 0.063805 -0.955983
    8 11.692555 0.000000 0.000000 0.000000 0.000000 -0.260436
    9 15.133544 2.721258 0.023438 3.189922 -0.033113 0.211250
    10 3.882639 -0.253918 -0.000003 -1.630903 -0.186099 -1.542501
    11 17.848177 0.000000 0.000000 0.000000 0.000000 0.413782
    12 16.525253 0.000000 0.000000 -0.044077 -0.044768 -1.215166
    13 -3.882639 0.253918 0.000007 -1.229848 0.111903 -1.530403
    14 17.848173 0.000000 0.000000 0.000000 0.000000 0.000055
    15 16.525257 0.000000 0.000000 -0.056680 -0.095038 -1.100495
  time 236
    0 -0.076570 -0.218752 38.113779 1.574531 0.000947 0.061028
    1 0.000005 3.345128 -2.981901 1.528752 0.086176 1.527675
    2 7.528284 -0.179693 -0.199225 -0.035153 0.067629 0.097802
    3 10.736973 1.401517 -1.929797 -1.843776 1.142060 2.997083
    4 6.028143 0.000001 0.000000 1.317082 0.072011 -0.950524
    5 11.692552 0.000000 0.000002 0.000000 0.000000 -0.242569
    6 10.725247 1.385885 1.945473 1.762128 -1.131137 2.998531
    7 6.028142 0.000001 0.000000 -1.142334 0.064145 -0.955667
    8 11.692555 0.000000 0.000000 0.000000 0.000000 -0.259460
    9 15.137450 2.717352 0.023438 3.189625 -0.032646 0.210821
    10 3.882639 -0.257824 -0.000003 -1.631177 -0.185830 -1.542501
    11 17.848177 0.000000 0.000000 0.000000 0.000000 0.414091
    12 16.525253 0.000000 0.000000 -0.044018 -0.044829 -1.215518
    13 -3.882639 0.257824 0.000007 -1.230030 0.112253 -1.530491
    14 17.848173 0.000000 0.000000 0.000000 0.000000 0.000055
    15 16.525257 0.000000 0.000000 -0.056609 -0.095099 -1.100087
  time 237
    0 -0.072663 -0.222658 38.117685 1.574268 0.001007 0.060794
    1 0.000005 3.345128 -2.981901 1.528778 0.086176 1.527831
    2 7.528284 -0.179693 -0.195318 -0.035440 0.066754 0.097907
    3 10.736973 1.401517 -1.929797 -1.843363 1.142060 2.997143
    4 6.028143 0.000001 0.000000 1.316329 0.071781 -0.951083
    5 11.692552 0.000000 0.000002 0.000000 0.000000 -0.242061
    6 10.729153 1.381979 1.945473 1.762795 -1.131202 2.997764
    7 6.028142 0.000001 0.000000 -1.143027 0.064409 -0.955350
    8 11.692555 0.000000 0.000000 0.000000 0.000000 -0.258484
    9 15.137450 2.717352 0.023438 3.189428 -0.032167 0.210391
    10 3.882639 -0.257824 -0.000003 -1.631360 -0.185336 -1.542501
    11 17.848177 0.000000 0.000000 0.000000 0.000000 0.414014
    12 16.525253 0.000000 0.000000 -0.043959 -0.044890 -1.215646
    13 -3.882639 0.257824 0.000007 -1.230302 0.112646 -1.530579
    14 17.848173 0.000000 0.000000 0.000000 0.000000 0.000055
    15 16.525257 0.000000 0.000000 -0.056537 -0.095139 -1.099865
  time 238
    0 -0.068757 -0.226564 38.117685 1.574005 0.001067 0.060559
    1 0.000005 3.345128 -2.981901 1.528804 0.086176 1.528083
    2 7.528284 -0.179693 -0.195318 -0.035670 0.065783 0.098077
    3 10.736973 1.397610 -1.929797 -1.842891 1.142045 2.997203
    4 6.028143 0.000001 0.000000 1.315577 0.071504 -0.951456
    5 11.692552 0.000000 0.000002 0.000000 0.000000 -0.241553
    6 10.729153 1.381979 1.945473 1.763367 -1.131267 2.996902
    7 6.028142 0.000001 0.000000 -1.143671 0.064598 -0.955073
    8 11.692555 0.000000 0.000000 0.000000 0.000000 -0.257508
    9 15.137450 2.713445 0.023438 3.189230 -0.031687 0.209919
    10 3.882639 -0.257824 -0.000003 -1.631543 -0.184708 -1.542501
    11 17.848177 0.000000 0.000000 0.000000 0.000000 0.413551
    12 16.525253 0.000000 0.000000 -0.043884 -0.044951 -1.215550
    13 -3.882639 0.257824 0.000007 -1.230483 0.112996 -1.530579
    14 17.848173 0.000000 0.000000 0.000000 0.000000 0.000055
    15 16.525257 0.000000 0.000000 -0.056448 -0.095199 -1.099865
  time 239
    0 -0.064851 -0.230471 38.117685 1.573742 0.001115 0.060325
    1 0.000005 3.345128 -2.981901 1.528842 0.086176 1.528442
    2 7.528284 -0.179693 -0.191412 -0.035871 0.064741 0.098310
    3 10.736973 1.397610 -1.929797 -1.842420 1.142031 2.997264
    4 6.028143 0.000001 0.000000 1.314908 0.071320 -0.951922
    5 11.692552 0.000000 0.000002 0.000000 0.000000 -0.241044
    6 10.729153 1.381979 1.945473 1.764035 -1.131375 2.996135
    7 6.028142 0.000001 0.000000 -1.144265 0.064711 -0.954876
    8 11.692555 0.000000 0.000000 0.000000 0.000000 -0.256532
    9 15.137450 2.713445 0.019532 3.189032 -0.031184 0.209425
    10 3.882639 -0.253918 -0.000003 -1.631818 -0.183900 -1.542587
    11 17.848177 0.000000 0.000000 0.000000 0.000000 0.412778
    12 16.525253 0.000000 0.000000 -0.043825 -0.045012 -1.215326
    13 -3.882639 0.253918 0.000007 -1.230755 0.113389 -1.530667
    14 17.848173 0.000000 0.000000 0.000000 0.000000 0.000055
    15 16.525257 0.000000 0.000000 -0.056341 -0.095280 -1.099976
  time 240
    0 -0.060944 -0.234377 38.117685 1.573496 0.001151 0.060090
    1 0.000005 3.345128 -2.981901 1.528881 0.086176 1.528910
    2 7.528284 -0.179693 -0.187506 -0.036015 0.063614 0.098606
    3 10.736973 1.397610 -1.929797 -1.842007 1.142031 2.997324
    4 6.028143 0.000001 0.000000 1.314323 0.071136 -0.952295
    5 11.692552 0.000000 0.000002 0.000000 0.000000 -0.240536
    6 10.729153 1.381979 1.945473 1.764702 -1.131506 2.995272
    7 6.028142 0.000001 0.000000 -1.144859 0.064711 -0.954717
    8 11.692555 0.000000 0.000000 0.000000 0.000000 -0.255556
    9 15.141357 2.709539 0.019532 3.188884 -0.030681 0.208909
    10 3.882639 -0.250012 -0.000003 -1.632001 -0.182957 -1.542587
    11 17.848177 0.000000 0.000000 0.000000 0.000000 0.411697
    12 16.525253 0.000000 0.000000 -0.043766 -0.045053 -1.214909
    13 -3.882639 0.250011 0.000007 -1.230937 0.113739 -1.530755
    14 17.848173 0.000000 0.000000 0.000000 0.000000 0.000055
    15 16.525257 0.000000 0.000000 -0.056234 -0.095340 -1.100272
  time 241
    0 -0.057038 -0.238284 38.121591 1.573251 0.001186 0.059914
    1 0.000005 3.345128 -2.981901 1.528945 0.086176 1.529485
    2 7.528284 -0.179693 -0.183599 -0.036130 0.062392 0.098966
    3 10.736973 1.397610 -1.929797 -1.841535 1.142016 2.997324
    4 6.028143 0.000001 0.000000 1.313737 0.070951 -0.952575
    5 11.692552 0.000000 0.000002 0.000000 0.000000 -0.240028
    6 10.729153 1.381979 1.945473 1.765369 -1.131679 2.994505
    7 6.028142 0.000001 0.000000 -1.145354 0.064636 -0.954559
    8 11.692555 0.000000 0.000000 0.000000 0.000000 -0.254580
    9 15.141357 2.709539 0.019532 3.188736 -0.030177 0.208394
    10 3.882639 -0.246105 -0.000003 -1.632184 -0.181880 -1.542673
    11 17.848177 0.000000 0.000000 0.000000 0.000000 0.410306
    12 16.525253 0.000000 0.000000 -0.043706 -0.045114 -1.214397
    13 -3.882639 0.246105 0.000007 -1.231118 0.114133 -1.530843
    14 17.848173 0.000000 0.000000 0.000000 0.000000 0.000055
    15 16.525257 0.000000 0.000000 -0.056127 -0.095420 -1.100680
  time 242
    0 -0.057038 -0.242190 38.121591 1.573005 0.001210 0.059680
    1 0.000005 3.345128 -2.981901 1.529010 0.086176 1.530192
    2 7.528284 -0.175787 -0.179693 -0.036187 0.061061 0.099389
    3 10.736973 1.393704 -1.929797 -1.841122 1.142002 2.997384
    4 6.028143 0.000001 0.000000 1.313319 0.070859 -0.952854
    5 11.692552 0.000000 0.000002 0.000000 0.000000 -0.239519
    6 10.729153 1.381979 1.945473 1.765941 -1.131896 2.993642
    7 6.028142 0.000001 0.000000 -1.145800 0.064485 -0.954520
    8 11.692555 0.000000 0.000000 0.000000 0.000000 -0.253604
    9 15.141357 2.705632 0.019532 3.188637 -0.029662 0.207835
    10 3.886546 -0.242199 -0.000003 -1.632367 -0.180713 -1.542759
    11 17.848177 0.000000 0.000000 0.000000 0.000000 0.408761
    12 16.525253 0.000000 0.000000 -0.043647 -0.045175 -1.213788
    13 -3.886546 0.242199 0.000007 -1.231390 0.114526 -1.530843
    14 17.848173 0.000000 0.000000 0.000000 0.000000 0.000055
    15 16.525257 0.000000 0.000000 -0.056002 -0.095501 -1.101161
  time 243
    0 -0.053132 -0.250003 38.121591 1.572760 0.001234 0.059446
    1 0.000005 3.345128 -2.981901 1.529087 0.086176 1.531019
    2 7.528284 -0.175787 -0.175787 -0.036187 0.059635 0.099876
    3 10.736973 1.393704 -1.933704 -1.840709 1.141973 2.997384
    4 6.028143 0.000001 0.000000 1.312985 0.070767 -0.953134
    5 11.692552 0.000000 0.000002 0.000000 0.000000 -0.239011
    6 10.729153 1.381979 1.941566 1.766609 -1.132134 2.992779
    7 6.028142 0.000001 0.000000 -1.146246 0.064220 -0.954480
    8 11.692555 0.000000 0.000000 0.000000 0.000000 -0.252628
    9 15.141357 2.701726 0.019532 3.188538 -0.029135 0.207277
    10 3.886546 -0.238293 -0.000003 -1.632550 -0.179501 -1.542845
    11 17.848177 0.000000 0.000000 0.000000 0.000000 0.407062
    12 16.525253 0.000000 0.000000 -0.043588 -0.045236 -1.213084
    13 -3.886546 0.238292 0.000007 -1.231572 0.114876 -1.530931
    14 17.848173 0.000000 0.000000 0.000000 0.000000 0.000055
    15 16.525257 0.000000 0.000000 -0.055877 -0.095581 -1.101717
  time 244
    0 -0.049225 -0.253909 38.121591 1.572514 0.001258 0.059270
    1 0.000005 3.345128 -2.981901 1.529164 0.086176 1.531990
    2 7.528284 -0.175787 -0.171880 -0.036130 0.058101 0.100447
    3 10.736973 1.393704 -1.933704 -1.840296 1.141958 2.997384
    4 6.028143 0.000001 0.000000 1.312734 0.070721 -0.953320
    5 11.692552 0.000000 0.000002 0.000000 0.000000 -0.238575
    6 10.733060 1.381979 1.941566 1.767276 -1.132416 2.992012
    7 6.028142 0.000001 0.000000 -1.146592 0.063881 -0.954520
    8 11.692555 0.000000 0.000000 0.000000 0.000000 -0.251652
    9 15.145263 2.701726 0.015625 3.188488 -0.028619 0.206718
    10 3.886546 -0.234386 -0.000003 -1.632733 -0.178199 -1.542930
    11 17.848177 0.000000 0.000000 0.000000 0.000000 0.405285
    12 16.525253 0.000000 0.000000 -0.043528 -0.045277 -1.212315
    13 -3.886546 0.234386 0.000007 -1.231753 0.115269 -1.531019
    14 17.848173 0.000000 0.000000 0.000000 0.000000 0.000055
    15 16.525257 0.000000 0.000000 -0.055752 -0.095662 -1.102347
  time 245
    0 -0.045319 -0.257815 38.125498 1.572286 0.001270 0.059035
    1 0.000005 3.345128 -2.981901 1.529267 0.086176 1.533081
    2 7.532191 -0.171880 -0.167974 -0.036015 0.056435 0.101124
    3 10.740879 1.393704 -1.933704 -1.839883 1.141929 2.997384
    4 6.028143 0.000001 0.000000 1.312567 0.070813 -0.953507
    5 11.692552 0.000000 0.000002 0.000000 0.000000 -0.238067
    6 10.733060 1.381979 1.941566 1.767943 -1.132719 2.991150
    7 6.028142 0.000001 0.000000 -1.146840 0.063352 -0.954520
    8 11.692555 0.000000 0.000000 0.000000 0.000000 -0.250676
    9 15.145263 2.697820 0.015625 3.188488 -0.028092 0.206138
    10 3.886546 -0.226573 -0.000003 -1.632916 -0.176898 -1.543016
    11 17.848177 0.000000 0.000000 0.000000 0.000000 0.403432
    12 16.525253 0.000000 0.000000 -0.043484 -0.045338 -1.211514
    13 -3.886546 0.226573 0.000007 -1.231935 0.115662 -1.531019
    14 17.848173 0.000000 0.000000 0.000000 0.000000 0.000055
    15 16.525257 0.000000 0.000000 -0.055627 -0.095742 -1.103014
  time 246
    0 -0.045319 -0.265628 38.125498 1.572058 0.001282 0.058860
    1 0.000005 3.345128 -2.981901 1.529370 0.086176 1.534279
    2 7.532191 -0.171880 -0.160161 -0.035842 0.054602 0.101950
    3 10.740879 1.389798 -1.933704 -1.839529 1.141900 2.997384
    4 6.028143 0.000001 0.000000 1.312483 0.070997 -0.953786
    5 11.692552 0.000000 0.000002 0.000000 0.000000 -0.237559
    6 10.733060 1.381979 1.941566 1.768515 -1.133023 2.990383
    7 6.028142 0.000001 0.000000 -1.147087 0.062673 -0.954480
    8 11.692555 0.000000 0.000000 0.000000 0.000000 -0.249700
    9 15.145263 2.697820 0.015625 3.188439 -0.027565 0.205558
    10 3.886546 -0.222667 -0.000003 -1.633099 -0.175506 -1.543102
    11 17.848177 0.000000 0.000000 0.000000 0.000000 0.401346
    12 16.525253 0.000000 0.000000 -0.043424 -0.045379 -1.210649
    13 -3.886546 0.222667 0.000007 -1.232116 0.116056 -1.531107
    14 17.848173 0.000000 0.000000 0.000000 0.000000 0.000055
    15 16.525257 0.000000 0.000000 -0.055502 -0.095822 -1.103718
  time 247
    0 -0.041412 -0.269534 38.125498 1.571831 0.001282 0.058684
    1 0.000005 3.345128 -2.981901 1.529486 0.086200 1.535609
    2 7.532191 -0.167974 -0.156255 -0.035584 0.052600 0.102965
    3 10.740879 1.389798 -1.933704 -1.839116 1.141871 2.997384
    4 6.028143 0.000001 0.000000 1.312567 0.071366 -0.954066
    5 11.692552 0.000000 0.000002 0.000000 0.000000 -0.237123
    6 10.733060 1.381979 1.941566 1.769087 -1.133348 2.989616
    7 6.028142 0.000001 0.000000 -1.147236 0.061805 -0.954361
    8 11.692555 0.000000 0.000000 0.000000 0.000000 -0.248724
    9 15.145263 2.693913 0.015625 3.188439 -0.027025 0.204957
    10 3.886546 -0.214854 -0.000003 -1.633282 -0.174070 -1.543188
    11 17.848177 0.000000 0.000000 0.000000 0.000000 0.399260
    12 16.525253 0.000000 0.000000 -0.043380 -0.045419 -1.209720
    13 -3.886546 0.214854 0.000007 -1.232297 0.116405 -1.531195
    14 17.848173 0.000000 0.000000 0.000000 0.000000 0.000055
    15 16.525257 0.000000 0.000000 -0.055359 -0.095903 -1.104496
  time 248
    0 -0.041412 -0.273441 38.125498 1.571603 0.001282 0.058449
    1 0.000005 3.345128 -2.981901 1.529615 0.086200 1.537047
    2 7.532191 -0.167974 -0.148442 -0.035268 0.050419 0.104151
    3 10.740879 1.389798 -1.933704 -1.838762 1.141842 2.997324
    4 6.028143 0.000001 0.000000 1.312734 0.071873 -0.954345
    5 11.692552 0.000000 0.000002 0.000000 0.000000 -0.236615
    6 10.733060 1.381979 1.941566 1.769564 -1.133673 2.988945
    7 6.028142 0.000001 0.000000 -1.147335 0.060710 -0.954124
    8 11.692555 0.000000 0.000000 0.000000 0.000000 -0.247824
    9 15.149169 2.693913 0.015625 3.188439 -0.026486 0.204377
    10 3.886546 -0.207042 -0.000003 -1.633373 -0.172589 -1.543359
    11 17.848177 0.000000 0.000000 0.000000 0.000000 0.396943
    12 16.525253 0.000000 0.000000 -0.043320 -0.045480 -1.208728
    13 -3.886546 0.207041 0.000007 -1.232479 0.116799 -1.531283
    14 17.848173 0.000000 0.000000 0.000000 0.000000 0.000055
    15 16.525257 0.000000 0.000000 -0.055216 -0.095983 -1.105311
  time 249
    0 -0.037506 -0.277347 38.129404 1.571392 0.001282 0.058273
    1 0.000005 3.345128 -2.981901 1.529757 0.086200 1.538617
    2 7.532191 -0.164067 -0.140629 -0.034894 0.048046 0.105547
    3 10.740879 1.389798 -1.933704 -1.838409 1.141813 2.997324
    4 6.028143 0.000001 0.000000 1.313069 0.072610 -0.954718
    5 11.692552 0.000000 0.000002 0.000000 0.000000 -0.236179
    6 10.733060 1.378073 1.941566 1.769945 -1.133998 2.988465
    7 6.028142 0.000001 0.000000 -1.147384 0.059389 -0.953847
    8 11.692555 0.000000 0.000000 0.000000 0.000000 -0.246848
    9 15.149169 2.690007 0.015625 3.188439 -0.025947 0.203775
    10 3.886546 -0.203135 -0.000003 -1.633556 -0.171063 -1.543445
    11 17.848177 0.000000 0.000000 0.000000 0.000000 0.394626
    12 16.525253 0.000000 0.000000 -0.043276 -0.045521 -1.207671
    13 -3.886546 0.203135 0.000007 -1.232660 0.117192 -1.531283
    14 17.848173 0.000000 0.000000 0.000000 0.000000 0.000055
    15 16.525257 0.000000 0.000000 -0.055091 -0.096064 -1.106200
  time 250
    0 -0.033600 -0.285160 38.129404 1.571182 0.001270 0.058098
    1 0.000005 3.345128 -2.981901 1.529899 0.086200 1.540307
    2 7.532191 -0.160161 -0.132817 -0.034491 0.045517 0.107113
    3 10.740879 1.385891 -1.933704 -1.838055 1.141784 2.997264
    4 6.028143 0.000001 0.000000 1.313403 0.073485 -0.955091
    5 11.692552 0.000000 0.000002 0.000000 0.000000 -0.235743
    6 10.736966 1.378073 1.941566 1.770231 -1.134345 2.988082
    7 6.028142 0.000001 0.000000 -1.147384 0.057842 -0.953452
    8 11.692555 0.000000 0.000000 0.000000 0.000000 -0.245947
    9 15.149169 2.686101 0.011719 3.188439 -0.025407 0.203174
    10 3.886546 -0.195322 -0.000003 -1.633739 -0.169492 -1.543617
    11 17.848177 0.000000 0.000000 0.000000 0.000000 0.392154
    12 16.525253 0.000000 0.000000 -0.043231 -0.045562 -1.206550
    13 -3.886546 0.195322 0.000007 -1.232842 0.117542 -1.531371
    14 17.848173 0.000000 0.000000 0.000000 0.000000 0.000055
    15 16.525257 0.000000 0.000000 -0.054948 -0.096144 -1.107127
  time 251
    0 -0.033600 -0.289066 38.129404 1.570971 0.001270 0.057922
    1 0.000005 3.345128 -2.981901 1.530053 0.086200 1.542081
    2 7.532191 -0.156255 -0.125004 -0.034060 0.042833 0.108870
    3 10.740879 1.385891 -1.933704 -1.837701 1.141740 2.997264
    4 6.028143 0.000001 0.000000 1.313905 0.074591 -0.955464
    5 11.692552 0.000000 0.000002 0.000000 0.000000 -0.235235
    6 10.736966 1.378073 1.941566 1.770422 -1.134670 2.987698
    7 6.028142 0.000001 0.000000 -1.147285 0.056068 -0.952977
    8 11.692555 0.000000 0.000000 0.000000 0.000000 -0.244971
    9 15.149169 2.686101 0.011719 3.188488 -0.024868 0.202572
    10 3.886546 -0.187510 -0.000003 -1.633831 -0.167876 -1.543702
    11 17.848177 0.000000 0.000000 0.000000 0.000000 0.389605
    12 16.525253 0.000000 0.000000 -0.043187 -0.045602 -1.205428
    13 -3.886546 0.187509 0.000007 -1.233386 0.106352 -1.535511
    14 17.848173 0.000000 0.000000 0.000000 0.000000 0.025511
    15 16.525257 0.000000 0.000000 -0.054823 -0.096225 -1.120947
  time 252
    0 -0.029693 -0.292973 38.129404 1.570796 0.001246 0.057746
    1 0.000005 3.345128 -2.981901 1.530221 0.086223 1.543951
    2 7.532191 -0.152348 -0.113285 -0.033572 0.040029 0.110796
    3 10.740879 1.385891 -1.933704 -1.837347 1.141711 2.997203
    4 6.028143 0.000001 0.000000 1.314406 0.075835 -0.955930
    5 11.692552 0.000000 0.000002 0.000000 0.000000 -0.234799
    6 10.736966 1.378073 1.941566 1.770517 -1.135017 2.987507
    7 6.028142 0.000001 0.000000 -1.147186 0.054105 -0.952463
    8 11.692555 0.000000 0.000000 0.000000 0.000000 -0.244070
    9 15.153076 2.682194 0.011719 3.188538 -0.024329 0.201992
    10 3.886546 -0.179697 -0.000003 -1.634014 -0.166260 -1.543874
    11 17.848177 0.000000 0.000000 0.000000 0.000000 0.386978
    12 16.525253 0.000000 0.000000 -0.043142 -0.045643 -1.204211
    13 -3.886546 0.179697 0.000007 -1.233930 0.097173 -1.538945
    14 17.848173 0.000000 0.000000 0.000000 0.000000 0.046465
    15 16.525257 0.000000 0.000000 -0.054770 -0.096265 -1.132025
  time 253
    0 -0.029693 -0.300785 38.129404 1.570603 0.001234 0.057629
    1 0.000005 3.345128 -2.981901 1.530375 0.086223 1.545856
    2 7.532191 -0.148442 -0.105472 -0.033054 0.037152 0.112827
    3 10.740879 1.385891 -1.933704 -1.837052 1.141667 2.997143
    4 6.028143 0.000001 0.000000 1.315075 0.077171 -0.956303
    5 11.692552 0.000000 0.000002 0.000000 0.000000 -0.234291
    6 10.736966 1.378073 1.941566 1.770612 -1.135342 2.987315
    7 6.028142 0.000001 0.000000 -1.147038 0.051992 -0.951870
    8 11.692555 0.000000 0.000000 0.000000 0.000000 -0.243094
    9 15.153076 2.682194 0.011719 3.188587 -0.023789 0.201391
    10 3.890452 -0.171884 -0.000003 -1.634105 -0.164599 -1.543960
    11 17.848177 0.000000 0.000000 0.000000 0.000000 0.384198
    12 16.525253 0.000000 0.000000 -0.043098 -0.045684 -1.202994
    13 -3.890452 0.171884 0.000007 -1.234293 0.090922 -1.541323
    14 17.848173 0.000000 0.000000 0.000000 0.000000 0.061034
    15 16.525257 0.000000 0.000000 -0.054699 -0.096305 -1.139731
  time 254
    0 -0.025787 -0.304692 38.133310 1.570410 0.001210 0.057453
    1 0.000005 3.345128 -2.981901 1.530543 0.086223 1.547774
    2 7.536097 -0.144536 -0.097659 -0.032479 0.034252 0.114922
    3 10.740879 1.381985 -1.933704 -1.836757 1.141624 2.997143
    4 6.028143 0.000001 0.000000 1.315744 0.078554 -0.956769
    5 11.692552 0.000000 0.000002 0.000000 0.000000 -0.233855
    6 10.736966 1.378073 1.941566 1.770612 -1.135667 2.987219
    7 6.028142 0.000001 0.000000 -1.146790 0.049802 -0.951237
    8 11.692555 0.000000 0.000000 0.000000 0.000000 -0.242193
    9 15.153076 2.678288 0.011719 3.188637 -0.023250 0.200811
    10 3.890452 -0.164071 -0.000003 -1.634288 -0.162893 -1.544131
    11 17.848177 0.000000 0.000000 0.000000 0.000000 0.381494
    12 16.525253 0.000000 0.000000 -0.043068 -0.045724 -1.201713
    13 -3.890452 0.164071 0.000007 -1.234565 0.085808 -1.543348
    14 17.848173 0.000000 0.000000 0.000000 0.000000 0.073066
    15 16.525257 0.000000 0.000000 -0.054627 -0.096365 -1.146104
  time 255
    0 -0.025787 -0.308598 38.133310 1.570235 0.001186 0.057277
    1 0.000005 3.345128 -2.981901 1.530710 0.086223 1.549667
    2 7.536097 -0.140629 -0.085940 -0.031905 0.031388 0.117018
    3 10.744785 1.381985 -1.933704 -1.836462 1.141580 2.997083
    4 6.028143 0.000001 0.000000 1.316497 0.079982 -0.957235
    5 11.692552 0.000000 0.000002 0.000000 0.000000 -0.233347
    6 10.736966 1.378073 1.941566 1.770517 -1.135993 2.987219
    7 6.028142 0.000001 0.000000 -1.146493 0.047613 -0.950604
    8 11.692555 0.000000 0.000000 0.000000 0.000000 -0.241292
    9 15.153076 2.678288 0.007813 3.188736 -0.022723 0.200231
    10 3.890452 -0.152352 -0.000003 -1.634379 -0.161188 -1.544303
    11 17.848177 0.000000 0.000000 0.000000 0.000000 0.378636
    12 16.525253 0.000000 0.000000 -0.043024 -0.045745 -1.200432
    13 -3.890452 0.152352 0.000007 -1.234928 0.081393 -1.545022
    14 17.848173 0.000000 0.000000 0.000000 0.000000 0.083543
    15 16.525257 0.000000 0.000000 -0.054556 -0.096406 -1.151736
  time 256
    0 -0.021881 -0.316411 38.133310 1.570060 0.001163 0.057160
    1 0.000005 3.345128 -2.981901 1.530865 0.086223 1.551501
    2 7.536097 -0.136723 -0.078127 -0.031272 0.028595 0.119070
    3 10.744785 1.381985 -1.933704 -1.836167 1.141536 2.997022
    4 6.028143 0.000001 0.000000 1.317249 0.081364 -0.957607
    5 11.692552 0.000000 0.000002 0.000000 0.000000 -0.232911
    6 10.736966 1.378073 1.941566 1.770326 -1.136318 2.987219
    7 6.028142 0.000001 0.000000 -1.146147 0.045386 -0.949971
    8 11.692555 0.000000 0.000000 0.000000 0.000000 -0.240467
    9 15.156982 2.674381 0.007813 3.188785 -0.022195 0.199651
    10 3.890452 -0.144540 -0.000003 -1.634471 -0.159482 -1.544474
    11 17.848177 0.000000 0.000000 0.000000 0.000000 0.375778
    12 16.525253 0.000000 0.000000 -0.042994 -0.045786 -1.199087
    13 -3.890452 0.144539 0.000007 -1.235109 0.077416 -1.546607
    14 17.848173 0.000000 0.000000 0.000000 0.000000 0.093038
    15 16.525257 0.000000 0.000000 -0.054502 -0.096446 -1.156812
  time 257
    0 -0.021881 -0.320317 38.133310 1.569902 0.001127 0.056984
    1 0.000005 3.345128 -2.981901 1.531019 0.086223 1.553239
    2 7.536097 -0.132816 -0.070315 -0.030611 0.025923 0.121060
    3 10.744785 1.381985 -1.937610 -1.835872 1.141493 2.996962
    4 6.028143 0.000001 0.000000 1.318085 0.082654 -0.957980
    5 11.692552 0.000000 0.000002 0.000000 0.000000 -0.232403
    6 10.740872 1.378073 1.937660 1.770136 -1.136643 2.987411
    7 6.028142 0.000001 0.000000 -1.145701 0.043235 -0.949378
    8 11.692555 0.000000 0.000000 0.000000 0.000000 -0.239566
    9 15.156982 2.674381 0.007813 3.188933 -0.021680 0.199071
    10 3.890452 -0.136727 -0.000003 -1.634654 -0.157732 -1.544646
    11 17.848177 0.000000 0.000000 0.000000 0.000000 0.372842
    12 16.525253 0.000000 0.000000 -0.042949 -0.045826 -1.197741
    13 -3.890452 0.136727 0.000007 -1.235381 0.073744 -1.548104
    14 17.848173 0.000000 0.000000 0.000000 0.000000 0.101796
    15 16.525257 0.000000 0.000000 -0.054431 -0.096486 -1.161480
  time 258
    0 -0.017974 -0.324224 38.133310 1.569744 0.001103 0.056867
    1 0.000005 3.345128 -2.981901 1.531161 0.086223 1.554880
    2 7.536097 -0.128910 -0.062502 -0.029921 0.023406 0.122901
    3 10.744785 1.381985 -1.937610 -1.835577 1.141449 2.996902
    4 6.028143 0.000001 0.000000 1.319005 0.083852 -0.958353
    5 11.692552 0.000000 0.000002 0.000000 0.000000 -0.231967
    6 10.740872 1.378073 1.937660 1.769850 -1.136925 2.987507
    7 6.028142 0.000001 0.000000 -1.145206 0.041159 -0.948824
    8 11.692555 0.000000 0.000000 0.000000 0.000000 -0.238740
    9 15.156982 2.670475 0.007813 3.189032 -0.021177 0.198512
    10 3.890452 -0.128914 -0.000003 -1.634745 -0.156026 -1.544732
    11 17.848177 0.000000 0.000000 0.000000 0.000000 0.369907
    12 16.525253 0.000000 0.000000 -0.042920 -0.045847 -1.196364
    13 -3.890452 0.128914 0.000007 -1.235653 0.070378 -1.549425
    14 17.848173 0.000000 0.000000 0.000000 0.000000 0.109899
    15 16.525257 0.000000 0.000000 -0.054377 -0.096526 -1.165852
  time 259
    0 -0.017974 -0.328130 38.133310 1.569604 0.001067 0.056750
    1 0.000005 3.345128 -2.981901 1.531290 0.086223 1.556391
    2 7.536097 -0.125004 -0.054689 -0.029203 0.021045 0.124636
    3 10.744785 1.378078 -1.937610 -1.835341 1.141391 2.996841
    4 6.028143 0.000001 0.000000 1.319841 0.084912 -0.958633
    5 11.692552 0.000000 0.000002 0.000000 0.000000 -0.231531
    6 10.740872 1.378073 1.937660 1.769564 -1.137228 2.987794
    7 6.028142 0.000001 0.000000 -1.144612 0.039159 -0.948310
    8 11.692555 0.000000 0.000000 0.000000 0.000000 -0.237839
    9 15.156982 2.670475 0.007813 3.189180 -0.020685 0.197975
    10 3.890452 -0.121101 -0.000003 -1.634837 -0.154320 -1.544903
    11 17.848177 0.000000 0.000000 0.000000 0.000000 0.366895
    12 16.525253 0.000000 0.000000 -0.042890 -0.045867 -1.194987
    13 -3.890452 0.121101 0.000007 -1.235835 0.067231 -1.550658
    14 17.848173 0.000000 0.000000 0.000000 0.000000 0.117512
    15 16.525257 0.000000 0.000000 -0.054306 -0.096566 -1.169928
  time 260
    0 -0.017974 -0.335943 38.137217 1.569463 0.001031 0.056632
    1 0.000005 3.345128 -2.981901 1.531406 0.086246 1.557781
    2 7.536097 -0.125004 -0.046876 -0.028427 0.018876 0.126223
    3 10.744785 1.378078 -1.937610 -1.835105 1.141347 2.996720
    4 6.028143 0.000001 0.000000 1.320761 0.085879 -0.958912
    5 11.692552 0.000000 0.000002 0.000000 0.000000 -0.231023
    6 10.740872 1.374166 1.937660 1.769183 -1.137510 2.988082
    7 6.028142 0.000001 0.000000 -1.143919 0.037309 -0.947875
    8 11.692555 0.000000 0.000000 0.000000 0.000000 -0.237013
    9 15.156982 2.666569 0.007813 3.189329 -0.020194 0.197438
    10 3.890452 -0.113289 -0.000003 -1.634928 -0.152570 -1.545075
    11 17.848177 0.000000 0.000000 0.000000 0.000000 0.363959
    12 16.525253 0.000000 0.000000 -0.042860 -0.045908 -1.193609
    13 -3.890452 0.113288 0.000007 -1.236016 0.064259 -1.551891
    14 17.848173 0.000000 0.000000 0.000000 0.000000 0.124715
    15 16.525257 0.000000 0.000000 -0.054252 -0.096607 -1.173781
  time 261
    0 -0.014068 -0.339849 38.137217 1.569323 0.000995 0.056515
    1 0.000005 3.345128 -2.981901 1.531522 0.086246 1.559051
    2 7.536097 -0.121097 -0.039064 -0.027651 0.016886 0.127663
    3 10.744785 1.378078 -1.937610 -1.834869 1.141304 2.996660
    4 6.028143 0.000001 0.000000 1.321597 0.086663 -0.959192
    5 11.692552 0.000000 0.000002 0.000000 0.000000 -0.230587
    6 10.740872 1.374166 1.937660 1.768801 -1.137770 2.988370
    7 6.028142 0.000001 0.000000 -1.143225 0.035535 -0.947440
    8 11.692555 0.000000 0.000000 0.000000 0.000000 -0.236263
    9 15.160889 2.666569 0.003906 3.189477 -0.019727 0.196901
    10 3.890452 -0.105476 -0.000003 -1.635020 -0.150864 -1.545246
    11 17.848177 0.000000 0.000000 0.000000 0.000000 0.360947
    12 16.525253 0.000000 0.000000 -0.042831 -0.045928 -1.192200
    13 -3.890452 0.105476 0.000007 -1.236198 0.061505 -1.553036
    14 17.848173 0.000000 0.000000 0.000000 0.000000 0.131426
    15 16.525257 0.000000 0.000000 -0.054199 -0.096647 -1.177449
  time 262
    0 -0.014068 -0.343755 38.137217 1.569218 0.000947 0.056398
    1 0.000005 3.345128 -2.981901 1.531612 0.086246 1.560202
    2 7.536097 -0.117191 -0.035157 -0.026875 0.015065 0.128975
    3 10.744785 1.378078 -1.937610 -1.834634 1.141246 2.996600
    4 6.028143 0.000001 0.000000 1.322516 0.087354 -0.959378
    5 11.692552 0.000000 0.000002 0.000000 0.000000 -0.230079
    6 10.740872 1.374166 1.937660 1.768325 -1.138030 2.988753
    7 6.028142 0.000001 0.000000 -1.142483 0.033912 -0.947084
    8 11.692555 0.000000 0.000000 0.000000 0.000000 -0.235437
    9 15.160889 2.662662 0.003906 3.189675 -0.019271 0.196386
    10 3.890452 -0.093757 -0.000003 -1.635111 -0.149203 -1.545418
    11 17.848177 0.000000 0.000000 0.000000 0.000000 0.358011
    12 16.525253 0.000000 0.000000 -0.042816 -0.045948 -1.190791
    13 -3.890452 0.093757 0.000007 -1.236379 0.058839 -1.554092
    14 17.848173 0.000000 0.000000 0.000000 0.000000 0.137811
    15 16.525257 0.000000 0.000000 -0.054145 -0.096667 -1.180895
  time 263
    0 -0.014068 -0.347662 38.137217 1.569113 0.000899 0.056281
    1 0.000005 3.345128 -2.981901 1.531702 0.086246 1.561232
    2 7.536097 -0.117191 -0.031251 -0.026070 0.013411 0.130160
    3 10.744785 1.378078 -1.937610 -1.834457 1.141188 2.996539
    4 6.028143 0.000001 0.000000 1.323352 0.087953 -0.959565
    5 11.692552 0.000000 0.000002 0.000000 0.000000 -0.229643
    6 10.740872 1.374166 1.937660 1.767848 -1.138269 2.989136
    7 6.028142 0.000001 0.000000 -1.141641 0.032365 -0.946807
    8 11.692555 0.000000 0.000000 0.000000 0.000000 -0.234686
    9 15.160889 2.662662 0.003906 3.189872 -0.018828 0.195892
    10 3.890452 -0.085944 -0.000003 -1.635203 -0.147542 -1.545589
    11 17.848177 0.000000 0.000000 0.000000 0.000000 0.355076
    12 16.525253 0.000000 0.000000 -0.042786 -0.045969 -1.189413
    13 -3.890452 0.085944 0.000007 -1.236560 0.056347 -1.555149
    14 17.848173 0.000000 0.000000 0.000000 0.000000 0.143868
    15 16.525257 0.000000 0.000000 -0.054092 -0.096707 -1.184192
  time 264
    0 -0.010162 -0.351568 38.137217 1.569025 0.000863 0.056164
    1 0.000005 3.345128 -2.981901 1.531792 0.086246 1.562155
    2 7.536097 -0.113285 -0.023438 -0.025265 0.011925 0.131218
    3 10.744785 1.378078 -1.937610 -1.834280 1.141144 2.996479
    4 6.028143 0.000001 0.000000 1.324272 0.088413 -0.959658
    5 11.692552 0.000000 0.000002 0.000000 0.000000 -0.229208
    6 10.740872 1.374166 1.937660 1.767371 -1.138507 2.989616
    7 6.028142 0.000001 0.000000 -1.140849 0.030931 -0.946530
    8 11.692555 0.000000 0.000000 0.000000 0.000000 -0.233936
    9 15.160889 2.662662 0.003906 3.190119 -0.018396 0.195398
    10 3.890452 -0.078131 -0.000003 -1.635294 -0.145927 -1.545761
    11 17.848177 0.000000 0.000000 0.000000 0.000000 0.352141
    12 16.525253 0.000000 0.000000 -0.042771 -0.045989 -1.188036
    13 -3.890452 0.078131 0.000007 -1.236651 0.053943 -1.556118
    14 17.848173 0.000000 0.000000 0.000000 0.000000 0.149679
    15 16.525257 0.000000 0.000000 -0.054038 -0.096747 -1.187305
  time 265
    0 -0.010162 -0.355475 38.137217 1.568937 0.000815 0.056105
    1 0.000005 3.345128 -2.981901 1.531857 0.086246 1.562982
    2 7.536097 -0.109378 -0.019532 -0.024460 0.010570 0.132170
    3 10.744785 1.378078 -1.937610 -1.834044 1.141086 2.996419
    4 6.028143 0.000001 0.000000 1.325108 0.088828 -0.959751
    5 11.692552 0.000000 0.000002 0.000000 0.000000 -0.228772
    6 10.744779 1.374166 1.937660 1.766895 -1.138724 2.990095
    7 6.028142 0.000001 0.000000 -1.139958 0.029610 -0.946332
    8 11.692555 0.000000 0.000000 0.000000 0.000000 -0.233260
    9 15.160889 2.658756 0.003906 3.190367 -0.017989 0.194925
    10 3.890452 -0.070319 -0.000003 -1.635386 -0.144356 -1.545847
    11 17.848177 0.000000 0.000000 0.000000 0.000000 0.349283
    12 16.525253 0.000000 0.000000 -0.042742 -0.046009 -1.186659
    13 -3.890452 0.070318 0.000007 -1.236832 0.051758 -1.556999
    14 17.848173 0.000000 0.000000 0.000000 0.000000 0.155081
    15 16.525257 0.000000 0.000000 -0.054002 -0.096767 -1.190232
  time 266
    0 -0.010162 -0.359381 38.137217 1.568885 0.000767 0.055988
    1 0.000005 3.345128 -2.981901 1.531921 0.086246 1.563713
    2 7.536097 -0.109378 -0.015625 -0.023655 0.009372 0.133017
    3 10.744785 1.374172 -1.937610 -1.833926 1.141042 2.996358
    4 6.028143 0.000001 0.000000 1.325944 0.089150 -0.959844
    5 11.692552 0.000000 0.000002 0.000000 0.000000 -0.228409
    6 10.744779 1.374166 1.937660 1.766323 -1.138941 2.990574
    7 6.028142 0.000001 0.000000 -1.139116 0.028364 -0.946134
    8 11.692555 0.000000 0.000000 0.000000 0.000000 -0.232584
    9 15.160889 2.658756 0.003906 3.190614 -0.017605 0.194474
    10 3.890452 -0.062506 -0.000003 -1.635386 -0.142830 -1.546018
    11 17.848177 0.000000 0.000000 0.000000 0.000000 0.346425
    12 16.525253 0.000000 0.000000 -0.042727 -0.046030 -1.185314
    13 -3.890452 0.062506 0.000007 -1.236923 0.049616 -1.557879
    14 17.848173 0.000000 0.000000 0.000000 0.000000 0.160238
    15 16.525257 0.000000 0.000000 -0.053949 -0.096808 -1.193047
  time 267
    0 -0.006255 -0.363287 38.137217 1.568832 0.000707 0.055929
    1 0.000005 3.345128 -2.981901 1.531985 0.086246 1.564372
    2 7.536097 -0.109378 -0.011719 -0.022879 0.008293 0.133757
    3 10.744785 1.374172 -1.937610 -1.833749 1.140984 2.996298
    4 6.028143 0.000001 0.000000 1.326780 0.089381 -0.959844
    5 11.692552 0.000000 0.000002 0.000000 0.000000 -0.227973
    6 10.744779 1.374166 1.937660 1.765846 -1.139136 2.991054
    7 6.028142 0.000001 0.000000 -1.138225 0.027194 -0.946016
    8 11.692555 0.000000 0.000000 0.000000 0.000000 -0.231909
    9 15.164795 2.658756 0.003906 3.190861 -0.017234 0.194045
    10 3.890452 -0.054693 -0.000003 -1.635477 -0.141348 -1.546190
    11 17.848177 0.000000 0.000000 0.000000 0.000000 0.343721
    12 16.525253 0.000000 0.000000 -0.042712 -0.046050 -1.184000
    13 -3.890452 0.054693 0.000007 -1.237014 0.047561 -1.558760
    14 17.848173 0.000000 0.000000 0.000000 0.000000 0.165067
    15 16.525257 0.000000 0.000000 -0.053913 -0.096828 -1.195678
  time 268
    0 -0.006255 -0.367194 38.141123 1.568815 0.000659 0.055870
    1 0.000005 3.345128 -2.981901 1.532037 0.086246 1.564936
    2 7.536097 -0.105472 -0.011719 -0.022103 0.007335 0.134435
    3 10.744785 1.374172 -1.937610 -1.833572 1.140926 2.996177
    4 6.028143 0.000001 0.000000 1.327617 0.089565 -0.959844
    5 11.692552 0.000000 0.000002 0.000000 0.000000 -0.227610
    6 10.744779 1.374166 1.937660 1.765274 -1.139331 2.991629
    7 6.028142 0.000001 0.000000 -1.137383 0.026099 -0.945897
    8 11.692555 0.000000 0.000000 0.000000 0.000000 -0.231308
    9 15.164795 2.654850 0.000000 3.191157 -0.016898 0.193636
    10 3.890452 -0.050787 -0.000003 -1.635569 -0.139912 -1.546361
    11 17.848177 0.000000 0.000000 0.000000 0.000000 0.341018
    12 16.525253 0.000000 0.000000 -0.042697 -0.046070 -1.182719
    13 -3.890452 0.050786 0.000007 -1.237105 0.045638 -1.559553
    14 17.848173 0.000000 0.000000 0.000000 0.000000 0.169651
    15 16.525257 0.000000 0.000000 -0.053877 -0.096848 -1.198160
  time 269
    0 -0.006255 -0.367194 38.141123 1.568797 0.000611 0.055753
    1 0.000005 3.345128 -2.981901 1.532076 0.086246 1.565439
    2 7.536097 -0.105472 -0.007813 -0.021385 0.006484 0.135006
    3 10.744785 1.374172 -1.937610 -1.833454 1.140882 2.996177
    4 6.028143 0.000001 0.000000 1.328369 0.089749 -0.959844
    5 11.692552 0.000000 0.000002 0.000000 0.000000 -0.227247
    6 10.744779 1.374166 1.937660 1.764702 -1.139504 2.992108
    7 6.028142 0.000001 0.000000 -1.136541 0.025118 -0.945818
    8 11.692555 0.000000 0.000000 0.000000 0.000000 -0.230707
    9 15.164795 2.654850 0.000000 3.191454 -0.016575 0.193250
    10 3.890452 -0.042974 -0.000003 -1.635569 -0.138610 -1.546533
    11 17.848177 0.000000 0.000000 0.000000 0.000000 0.338468
    12 16.525253 0.000000 0.000000 -0.042682 -0.046070 -1.181470
    13 -3.890452 0.042974 0.000007 -1.237195 0.043802 -1.560257
    14 17.848173 0.000000 0.000000 0.000000 0.000000 0.173907
    15 16.525257 0.000000 0.000000 -0.053824 -0.096888 -1.200495
  time 270
    0 -0.006255 -0.371100 38.141123 1.568815 0.000551 0.055753
    1 0.000005 3.345128 -2.981901 1.532114 0.086246 1.565870
    2 7.536097 -0.105472 -0.007813 -0.020695 0.005741 0.135493
    3 10.744785 1.374172 -1.937610 -1.833336 1.140824 2.996117
    4 6.028143 0.000001 0.000000 1.329038 0.089888 -0.959844
    5 11.692552 0.000000 0.000002 0.000000 0.000000 -0.226957
    6 10.744779 1.374166 1.937660 1.764130 -1.139656 2.992683
    7 6.028142 0.000001 0.000000 -1.135700 0.024174 -0.945778
    8 11.692555 0.000000 0.000000 0.000000 0.000000 -0.230182
    9 15.164795 2.654850 0.000000 3.191751 -0.016287 0.192885
    10 3.890452 -0.035161 -0.000003 -1.635660 -0.137353 -1.546619
    11 17.848177 0.000000 0.000000 0.000000 0.000000 0.335997
    12 16.525253 0.000000 0.000000 -0.042667 -0.046091 -1.180285
    13 -3.890452 0.035161 0.000007 -1.237286 0.042054 -1.560962
    14 17.848173 0.000000 0.000000 0.000000 0.000000 0.177918
    15 16.525257 0.000000 0.000000 -0.053788 -0.096908 -1.202644
  time 271
    0 -0.006255 -0.375006 38.141123 1.568867 0.000491 0.055695
    1 0.000005 3.345128 -2.981901 1.532153 0.086246 1.566242
    2 7.536097 -0.105472 -0.003906 -0.020034 0.005093 0.135937
    3 10.744785 1.374172 -1.937610 -1.833218 1.140780 2.996057
    4 6.028143 0.000001 0.000000 1.329707 0.089980 -0.959751
    5 11.692552 0.000000 0.000002 0.000000 0.000000 -0.226666
    6 10.744779 1.374166 1.937660 1.763653 -1.139808 2.993163
    7 6.028142 0.000001 0.000000 -1.134908 0.023306 -0.945739
    8 11.692555 0.000000 0.000000 0.000000 0.000000 -0.229732
    9 15.164795 2.650943 0.000000 3.192096 -0.016023 0.192562
    10 3.890452 -0.031255 -0.000003 -1.635660 -0.136186 -1.546790
    11 17.848177 0.000000 0.000000 0.000000 0.000000 0.333679
    12 16.525253 0.000000 0.000000 -0.042653 -0.046091 -1.179132
    13 -3.890452 0.031255 0.000007 -1.237377 0.040437 -1.561578
    14 17.848173 0.000000 0.000000 0.000000 0.000000 0.181683
    15 16.525257 0.000000 0.000000 -0.053770 -0.096928 -1.204681
  time 272
    0 -0.002349 -0.375006 38.141123 1.568937 0.000431 0.055636
    1 0.000005 3.345128 -2.981901 1.532179 0.086246 1.566553
    2 7.536097 -0.101566 -0.003906 -0.019430 0.004542 0.136297
    3 10.744785 1.374172 -1.937610 -1.833100 1.140722 2.995996
    4 6.028143 0.000001 0.000000 1.330376 0.090072 -0.959751
    5 11.692552 0.000000 0.000002 0.000000 0.000000 -0.226448
    6 10.744779 1.374166 1.937660 1.763081 -1.139959 2.993642
    7 6.028142 0.000001 0.000000 -1.134214 0.022476 -0.945739
    8 11.692555 0.000000 0.000000 0.000000 0.000000 -0.229281
    9 15.164795 2.650943 0.000000 3.192442 -0.015796 0.192240
    10 3.890452 -0.023442 -0.000003 -1.635660 -0.135154 -1.546962
    11 17.848177 0.000000 0.000000 0.000000 0.000000 0.331439
    12 16.525253 0.000000 0.000000 -0.042638 -0.046111 -1.178043
    13 -3.890452 0.023442 0.000007 -1.237467 0.038863 -1.562195
    14 17.848173 0.000000 0.000000 0.000000 0.000000 0.185121
    15 16.525257 0.000000 0.000000 -0.053735 -0.096948 -1.206534
  time 273
    0 -0.002349 -0.378913 38.141123 1.569025 0.000372 0.055636
    1 0.000005 3.345128 -2.981901 1.532204 0.086246 1.566817
    2 7.536097 -0.101566 0.000000 -0.018884 0.004075 0.136614
    3 10.744785 1.374172 -1.937610 -1.833041 1.140679 2.995936
    4 6.028143 0.000001 0.000000 1.330961 0.090118 -0.959658
    5 11.692552 0.000000 0.000002 0.000000 0.000000 -0.226303
    6 10.744779 1.374166 1.937660 1.762605 -1.140089 2.994121
    7 6.028142 0.000001 0.000000 -1.133521 0.021721 -0.945778
    8 11.692555 0.000000 0.000000 0.000000 0.000000 -0.228906
    9 15.164795 2.650943 0.000000 3.192788 -0.015604 0.191961
    10 3.890452 -0.019536 -0.000003 -1.635660 -0.134211 -1.547047
    11 17.848177 0.000000 0.000000 0.000000 0.000000 0.329431
    12 16.525253 0.000000 0.000000 -0.042638 -0.046111 -1.177050
    13 -3.890452 0.019535 0.000007 -1.237467 0.037421 -1.562811
    14 17.848173 0.000000 0.000000 0.000000 0.000000 0.188313
    15 16.525257 0.000000 0.000000 -0.053717 -0.096968 -1.208238
  time 274
    0 -0.002349 -0.378913 38.141123 1.569165 0.000312 0.055636
    1 0.000005 3.345128 -2.981901 1.532217 0.086246 1.567033
    2 7.536097 -0.101566 0.000000 -0.018395 0.003703 0.136847
    3 10.744785 1.374172 -1.937610 -1.832982 1.140635 2.995936
    4 6.028143 0.000001 0.000000 1.331463 0.090210 -0.959658
    5 11.692552 0.000000 0.000002 0.000000 0.000000 -0.226230
    6 10.744779 1.374166 1.937660 1.762128 -1.140198 2.994601
    7 6.028142 0.000001 0.000000 -1.132927 0.021042 -0.945778
    8 11.692555 0.000000 0.000000 0.000000 0.000000 -0.228606
    9 15.164795 2.650943 0.000000 3.193184 -0.015436 0.191725
    10 3.890452 -0.015629 -0.000003 -1.635752 -0.133404 -1.547219
    11 17.848177 0.000000 0.000000 0.000000 0.000000 0.327500
    12 16.525253 0.000000 0.000000 -0.042623 -0.046131 -1.176121
    13 -3.890452 0.015629 0.000007 -1.237558 0.036022 -1.563339
    14 17.848173 0.000000 0.000000 0.000000 0.000000 0.191096
    15 16.525257 0.000000 0.000000 -0.053681 -0.096968 -1.209794
  time 275
    0 -0.002349 -0.382819 38.141123 1.569358 0.000252 0.055636
    1 0.000005 3.345128 -2.981901 1.532230 0.086246 1.567201
    2 7.536097 -0.101566 0.000000 -0.017993 0.003392 0.137059
    3 10.744785 1.374172 -1.937610 -1.832923 1.140591 2.995875
    4 6.028143 0.000001 0.000000 1.331964 0.090256 -0.959565
    5 11.692552 0.000000 0.000002 0.000000 0.000000 -0.226230
    6 10.744779 1.374166 1.937660 1.761747 -1.140285 2.994984
    7 6.028142 0.000001 0.000000 -1.132383 0.020400 -0.945818
    8 11.692555 0.000000 0.000000 0.000000 0.000000 -0.228305
    9 15.164795 2.650943 0.000000 3.193579 -0.015316 0.191510
    10 3.890452 -0.007817 -0.000003 -1.635660 -0.132730 -1.547305
    11 17.848177 0.000000 0.000000 0.000000 0.000000 0.325800
    12 16.525253 0.000000 0.000000 -0.042623 -0.046131 -1.175256
    13 -3.890452 0.007816 0.000007 -1.237558 0.034710 -1.563780
    14 17.848173 0.000000 0.000000 0.000000 0.000000 0.193715
    15 16.525257 0.000000 0.000000 -0.053663 -0.096989 -1.211165
  time 276
    0 -0.002349 -0.382819 38.141123 1.569604 0.000192 0.055636
    1 0.000005 3.345128 -2.981901 1.532243 0.086246 1.567332
    2 7.536097 -0.101566 0.000000 -0.017648 0.003152 0.137207
    3 10.744785 1.374172 -1.937610 -1.832864 1.140548 2.995875
    4 6.028143 0.000001 0.000000 1.332382 0.090348 -0.959565
    5 11.692552 0.000000 0.000002 0.000000 0.000000 -0.226376
    6 10.744779 1.374166 1.937660 1.761461 -1.140371 2.995368
    7 6.028142 0.000001 0.000000 -1.131986 0.019796 -0.945858
    8 11.692555 0.000000 0.000000 0.000000 0.000000 -0.228080
    9 15.164795 2.650943 0.000000 3.193975 -0.015244 0.191338
    10 3.890452 -0.003910 -0.000003 -1.635660 -0.132237 -1.547476
    11 17.848177 0.000000 0.000000 0.000000 0.000000 0.324333
    12 16.525253 0.000000 0.000000 -0.042608 -0.046131 -1.174487
    13 -3.890452 0.003910 0.000007 -1.237558 0.033487 -1.564220
    14 17.848173 0.000000 0.000000 0.000000 0.000000 0.195925
    15 16.525257 0.000000 0.000000 -0.053663 -0.096989 -1.212388
  time 277
    0 -0.002349 -0.382819 38.141123 1.569902 0.000132 0.055695
    1 0.000005 3.345128 -2.981901 1.532256 0.086246 1.567416
    2 7.536097 -0.101566 0.000000 -0.017418 0.002996 0.137292
    3 10.744785 1.374172 -1.937610 -1.832805 1.140519 2.995815
    4 6.028143 0.000001 0.000000 1.332717 0.090441 -0.959565
    5 11.692552 0.000000 0.000002 0.000000 0.000000 -0.226666
    6 10.744779 1.374166 1.937660 1.761175 -1.140436 2.995655
    7 6.028142 0.000001 0.000000 -1.131640 0.019230 -0.945897
    8 11.692555 0.000000 0.000000 0.000000 0.000000 -0.227930
    9 15.164795 2.650943 0.000000 3.194370 -0.015208 0.191209
    10 3.890452 -0.003910 -0.000003 -1.635660 -0.131967 -1.547562
    11 17.848177 0.000000 0.000000 0.000000 0.000000 0.323097
    12 16.525253 0.000000 0.000000 -0.042608 -0.046152 -1.173847
    13 -3.890452 0.003910 0.000007 -1.237467 0.032350 -1.564572
    14 17.848173 0.000000 0.000000 0.000000 0.000000 0.197890
    15 16.525257 0.000000 0.000000 -0.053645 -0.097009 -1.213388
  time 278
    0 -0.002349 -0.382819 38.141123 1.570305 0.000060 0.055753
    1 0.000005 3.345128 -2.981901 1.532256 0.086246 1.567464
    2 7.536097 -0.101566 0.000000 -0.017246 0.002900 0.137355
    3 10.744785 1.374172 -1.937610 -1.832805 1.140504 2.995815
    4 6.028143 0.000001 0.000000 1.332968 0.090579 -0.959658
    5 11.692552 0.000000 0.000002 0.000000 0.000000 -0.227174
    6 10.744779 1.374166 1.937660 1.760984 -1.140480 2.995751
    7 6.028142 0.000001 0.000000 -1.131442 0.018664 -0.945937
    8 11.692555 0.000000 0.000000 0.000000 0.000000 -0.227930
    9 15.164795 2.650943 0.000000 3.194765 -0.015232 0.191123
    10 3.890452 -0.000004 -0.000003 -1.635569 -0.131877 -1.547734
    11 17.848177 0.000000 0.000000 0.000000 0.000000 0.322015
    12 16.525253 0.000000 0.000000 -0.042593 -0.046152 -1.173302
    13 -3.890452 0.000004 0.000007 -1.237467 0.031214 -1.564925
    14 17.848173 0.000000 0.000000 0.000000 0.000000 0.199527
    15 16.525257 0.000000 0.000000 -0.053645 -0.097009 -1.214240
  time 279
    0 -0.002349 -0.378913 38.141123 1.570796 0.000000 0.055812
    1 0.000005 3.345128 -2.981901 1.532269 0.086246 1.567476
    2 7.536097 -0.101566 0.000000 -0.017188 0.002864 0.137376
    3 10.744785 1.374172 -1.937610 -1.832805 1.140490 2.995815
    4 6.028143 0.000001 0.000000 1.333218 0.090717 -0.959751
    5 11.692552 0.000000 0.000002 0.000000 0.000000 -0.227901
    6 10.744779 1.374166 1.937660 1.760984 -1.140501 2.995847
    7 6.028142 0.000001 0.000000 -1.131392 0.018098 -0.945937
    8 11.692555 0.000000 0.000000 0.000000 0.000000 -0.227855
    9 15.164795 2.650943 0.000000 3.195210 -0.015304 0.191102
    10 3.890452 -0.000004 -0.000003 -1.635477 -0.132057 -1.547819
    11 17.848177 0.000000 0.000000 0.000000 0.000000 0.321243
    12 16.525253 0.000000 0.000000 -0.042593 -0.046152 -1.172854
    13 -3.890452 0.000004 0.000007 -1.237377 0.030121 -1.565189
    14 17.848173 0.000000 0.000000 0.000000 0.000000 0.200754
    15 16.525257 0.000000 0.000000 -0.053645 -0.097009 -1.214907
end
