// Created by Crowbar 0.74
version 1
nodes
  0 "ValveBiped.Bip01" -1
  1 "ValveBiped.Bip01_Spine" 0
  2 "ValveBiped.Bip01_Spine2" 1
  3 "ValveBiped.Bip01_R_Clavicle" 2
  4 "ValveBiped.Bip01_R_UpperArm" 3
  5 "ValveBiped.Bip01_R_Forearm" 4
  6 "ValveBiped.Bip01_L_Clavicle" 2
  7 "ValveBiped.Bip01_L_UpperArm" 6
  8 "ValveBiped.Bip01_L_Forearm" 7
  9 "ValveBiped.Bip01_Head1" 2
  10 "ValveBiped.Bip01_L_Thigh" 0
  11 "ValveBiped.Bip01_L_Calf" 10
  12 "ValveBiped.Bip01_L_Foot" 11
  13 "ValveBiped.Bip01_R_Thigh" 0
  14 "ValveBiped.Bip01_R_Calf" 13
  15 "ValveBiped.Bip01_R_Foot" 14
end
skeleton
  time 0
    0 -0.002349 -0.531261 38.203625 1.570796 0.000000 0.055812
    1 0.000005 3.345128 -2.981901 1.532269 0.086246 1.567476
    2 7.536097 -0.101566 0.000000 -0.017188 0.002864 0.137376
    3 10.744785 1.374172 -1.937610 -1.832805 1.140490 2.995815
    4 6.028143 0.000001 0.000000 1.335309 0.090671 -0.959938
    5 11.692552 0.000000 0.000002 0.000000 0.000000 -0.227901
    6 10.744779 1.374166 1.937660 1.760984 -1.140501 2.995847
    7 6.028142 0.000001 0.000000 -1.131046 0.018060 -0.945897
    8 11.692555 0.000000 0.000000 0.000000 0.000000 -0.227855
    9 15.164795 2.650943 0.000000 3.195210 -0.015304 0.191102
    10 3.890452 -0.000004 -0.000003 -1.633282 -0.115404 -1.548677
    11 17.848177 0.000000 0.000000 0.000000 0.000000 0.295597
    12 16.525253 0.000000 0.000000 -0.044107 -0.047616 -1.163821
    13 -3.890452 0.000004 0.000007 -1.234746 0.059451 -1.556382
    14 17.848173 0.000000 0.000000 0.000000 0.000000 0.145341
    15 16.525257 0.000000 0.000000 -0.053592 -0.099622 -1.190083
  time 1
    0 -0.002349 -0.550793 38.203625 1.568517 0.000312 0.058332
    1 0.000005 3.345128 -2.981901 1.532269 0.086246 1.567572
    2 7.536097 -0.101566 0.000000 -0.016470 0.001726 0.137630
    3 10.744785 1.374172 -1.937610 -1.828794 1.140882 2.999376
    4 6.028143 0.000001 0.000000 1.335141 0.090671 -0.960870
    5 11.692552 0.000000 0.000002 0.000000 0.000000 -0.227901
    6 10.744779 1.374166 1.937660 1.760984 -1.139678 2.995655
    7 6.028142 0.000001 0.000000 -1.129412 0.016513 -0.945739
    8 11.692555 0.000000 0.000000 0.000000 0.000000 -0.227630
    9 15.164795 2.650943 0.000000 3.192986 -0.012608 0.192970
    10 3.890452 -0.000004 -0.000003 -1.633282 -0.114193 -1.548162
    11 17.848177 0.000000 0.000000 0.000000 0.000000 0.298378
    12 16.525253 0.000000 0.000000 -0.042816 -0.045399 -1.165519
    13 -3.890452 0.000004 0.000007 -1.234746 0.063909 -1.555149
    14 17.848173 0.000000 0.000000 0.000000 0.000000 0.141985
    15 16.525257 0.000000 0.000000 -0.052271 -0.097411 -1.189231
  time 2
    0 -0.002349 -0.570325 38.199719 1.566220 0.000647 0.060852
    1 0.000005 3.345128 -2.981901 1.532282 0.086246 1.567656
    2 7.536097 -0.101566 0.000000 -0.015751 0.000611 0.137884
    3 10.744785 1.374172 -1.937610 -1.824665 1.141260 3.003058
    4 6.028143 0.000001 0.000000 1.334891 0.090671 -0.961708
    5 11.692552 0.000000 0.000002 0.000000 0.000000 -0.227901
    6 10.744779 1.370260 1.937660 1.761080 -1.138876 2.995559
    7 6.028142 0.000001 0.000000 -1.127729 0.014890 -0.945581
    8 11.692555 0.000000 0.000000 0.000000 0.000000 -0.227254
    9 15.164795 2.650943 0.003906 3.190811 -0.009875 0.194796
    10 3.890452 -0.000004 -0.000003 -1.633282 -0.112756 -1.547562
    11 17.848177 0.000000 0.000000 0.000000 0.000000 0.300696
    12 16.525253 0.000000 0.000000 -0.041569 -0.043161 -1.167088
    13 -3.890452 0.000004 0.000007 -1.234656 0.069111 -1.553652
    14 17.848173 0.000000 0.000000 0.000000 0.000000 0.137238
    15 16.525257 0.000000 0.000000 -0.050950 -0.095179 -1.187749
  time 3
    0 -0.006255 -0.597669 38.199719 1.563940 0.000971 0.063372
    1 0.000005 3.345128 -2.981901 1.532282 0.086246 1.567752
    2 7.536097 -0.097659 0.003906 -0.015004 -0.000515 0.138117
    3 10.744785 1.378078 -1.933704 -1.820595 1.141624 3.006679
    4 6.028143 0.000001 0.000000 1.334723 0.090671 -0.962640
    5 11.692552 0.000000 0.000002 0.000000 0.000000 -0.227828
    6 10.744779 1.370260 1.941566 1.761175 -1.138052 2.995464
    7 6.028142 0.000001 0.000000 -1.126095 0.013304 -0.945462
    8 11.692555 0.000000 0.000000 0.000000 0.000000 -0.226954
    9 15.164795 2.650943 0.007813 3.188587 -0.007155 0.196644
    10 3.890452 -0.000004 -0.000003 -1.633282 -0.111006 -1.546962
    11 17.848177 0.000000 0.000000 0.000000 0.000000 0.302704
    12 16.525253 0.000000 0.000000 -0.040367 -0.040903 -1.168690
    13 -3.890452 0.000004 0.000007 -1.234565 0.075099 -1.551979
    14 17.848173 0.000000 0.000000 0.000000 0.000000 0.131263
    15 16.525257 0.000000 0.000000 -0.049611 -0.092967 -1.185748
  time 4
    0 -0.002349 -0.628920 38.195812 1.561678 0.001306 0.065892
    1 0.000005 3.345128 -2.981901 1.532295 0.086246 1.567860
    2 7.536097 -0.097659 0.003906 -0.014314 -0.001678 0.138350
    3 10.744785 1.378078 -1.933704 -1.816643 1.141987 3.010180
    4 6.028143 0.000001 0.000000 1.334556 0.090671 -0.963479
    5 11.692552 0.000000 0.000002 0.000000 0.000000 -0.227828
    6 10.744779 1.366353 1.941566 1.761270 -1.137185 2.995272
    7 6.028142 0.000001 0.000000 -1.124461 0.011795 -0.945264
    8 11.692555 0.000000 0.000000 0.000000 0.000000 -0.226729
    9 15.164795 2.650943 0.011719 3.186462 -0.004470 0.198534
    10 3.890452 -0.000004 -0.000003 -1.633190 -0.109165 -1.546361
    11 17.848177 0.000000 0.000000 0.000000 0.000000 0.304944
    12 16.525253 0.000000 0.000000 -0.039135 -0.038706 -1.170516
    13 -3.890452 0.000004 0.000007 -1.234565 0.081087 -1.550306
    14 17.848173 0.000000 0.000000 0.000000 0.000000 0.125369
    15 16.525257 0.000000 0.000000 -0.048183 -0.090796 -1.184007
  time 5
    0 -0.002349 -0.660171 38.191906 1.559451 0.001642 0.068413
    1 0.000005 3.345128 -2.981901 1.532307 0.086246 1.567992
    2 7.536097 -0.097659 0.007813 -0.013682 -0.002888 0.138498
    3 10.744785 1.381985 -1.933704 -1.812927 1.142351 3.013439
    4 6.028143 0.000001 0.000000 1.334556 0.090671 -0.964411
    5 11.692552 0.000000 0.000002 0.000000 0.000000 -0.227683
    6 10.744779 1.366353 1.941566 1.761461 -1.136188 2.995080
    7 6.028142 0.000001 0.000000 -1.122877 0.010398 -0.945027
    8 11.692555 0.000000 0.000000 0.000000 0.000000 -0.226654
    9 15.164795 2.647037 0.011719 3.184386 -0.001882 0.200510
    10 3.890452 -0.003910 -0.000003 -1.633190 -0.107505 -1.545847
    11 17.848177 0.000000 0.000000 0.000000 0.000000 0.307261
    12 16.525253 0.000000 0.000000 -0.037874 -0.036529 -1.172373
    13 -3.890452 0.003910 0.000007 -1.234474 0.086245 -1.548985
    14 17.848173 0.000000 0.000000 0.000000 0.000000 0.121195
    15 16.525257 0.000000 0.000000 -0.046737 -0.088685 -1.183007
  time 6
    0 -0.002349 -0.683610 38.188000 1.557733 0.001894 0.070640
    1 0.000005 3.345128 -2.981901 1.532333 0.086246 1.568423
    2 7.536097 -0.097659 0.011719 -0.013653 -0.004578 0.138075
    3 10.744785 1.381985 -1.933704 -1.811512 1.142729 3.014526
    4 6.028143 0.000001 0.000000 1.335476 0.090533 -0.965716
    5 11.692552 0.000000 0.000002 0.000000 0.000000 -0.226739
    6 10.744779 1.362447 1.941566 1.762319 -1.134042 2.994505
    7 6.028142 0.000001 0.000000 -1.121639 0.010172 -0.944157
    8 11.692555 0.000000 0.000000 0.000000 0.000000 -0.227780
    9 15.164795 2.647037 0.011719 3.182805 -0.000180 0.203367
    10 3.890452 -0.000004 -0.000003 -1.633099 -0.105575 -1.545589
    11 17.848177 0.000000 0.000000 0.000000 0.000000 0.307648
    12 16.525253 0.000000 0.000000 -0.036701 -0.034617 -1.173110
    13 -3.890452 0.000004 0.000007 -1.234474 0.087469 -1.548897
    14 17.848173 0.000000 0.000000 0.000000 0.000000 0.124305
    15 16.525257 0.000000 0.000000 -0.045451 -0.086795 -1.185674
  time 7
    0 0.001558 -0.707048 38.180187 1.556225 0.002109 0.072808
    1 0.000005 3.345128 -2.981901 1.532372 0.086246 1.568938
    2 7.536097 -0.101566 0.011719 -0.013825 -0.006412 0.137482
    3 10.744785 1.381985 -1.929797 -1.809270 1.142860 3.016276
    4 6.028143 0.000001 0.000000 1.336061 0.090026 -0.966835
    5 11.692552 0.000000 0.000002 0.000000 0.000000 -0.226012
    6 10.744779 1.362447 1.941566 1.764416 -1.133370 2.992396
    7 6.028142 0.000001 0.000000 -1.120995 0.010247 -0.945304
    8 11.692555 0.000000 0.000000 0.000000 0.000000 -0.228155
    9 15.164795 2.647037 0.011719 3.181866 0.001079 0.206761
    10 3.890452 -0.000004 -0.000003 -1.633099 -0.103285 -1.545332
    11 17.848177 0.000000 0.000000 0.000000 0.000000 0.307030
    12 16.525253 0.000000 0.000000 -0.035529 -0.032786 -1.173270
    13 -3.890452 0.000004 0.000007 -1.234565 0.086158 -1.549777
    14 17.848173 0.000000 0.000000 0.000000 0.000000 0.132572
    15 16.525257 0.000000 0.000000 -0.044148 -0.084985 -1.191010
  time 8
    0 0.001558 -0.738299 38.176280 1.554752 0.002325 0.075035
    1 0.000005 3.345128 -2.981901 1.532410 0.086246 1.569514
    2 7.536097 -0.101566 0.015625 -0.014199 -0.008281 0.136805
    3 10.744785 1.385891 -1.929797 -1.805554 1.142860 3.019354
    4 6.028143 0.000001 0.000000 1.335977 0.088966 -0.967860
    5 11.692552 0.000000 0.000002 0.000000 0.000000 -0.225577
    6 10.748685 1.358541 1.945473 1.766895 -1.133565 2.989903
    7 6.028142 0.000001 0.000000 -1.120995 0.011266 -0.947479
    8 11.692555 0.000000 0.000000 0.000000 0.000000 -0.228230
    9 15.164795 2.643131 0.007813 3.181470 0.001942 0.210692
    10 3.890452 0.007809 -0.000003 -1.633007 -0.101086 -1.545160
    11 17.848177 0.000000 0.000000 0.000000 0.000000 0.306721
    12 16.525253 0.000000 0.000000 -0.034341 -0.030894 -1.173751
    13 -3.890452 -0.007809 0.000007 -1.234656 0.085502 -1.550482
    14 17.848173 0.000000 0.000000 0.000000 0.000000 0.139612
    15 16.525257 0.000000 0.000000 -0.042774 -0.083156 -1.195826
  time 9
    0 0.005464 -0.769550 38.168468 1.553192 0.002553 0.077380
    1 0.000005 3.345128 -2.981901 1.532462 0.086246 1.570077
    2 7.536097 -0.101566 0.019532 -0.014745 -0.010067 0.136022
    3 10.744785 1.385891 -1.929797 -1.802133 1.142758 3.022251
    4 6.028143 0.000001 0.000000 1.336228 0.087676 -0.968978
    5 11.692552 0.000000 0.000002 0.000000 0.000000 -0.225867
    6 10.748685 1.358541 1.945473 1.769278 -1.133912 2.987411
    7 6.028142 0.000001 0.000000 -1.122084 0.013153 -0.949615
    8 11.692555 0.000000 0.000000 0.000000 0.000000 -0.228005
    9 15.168701 2.643131 0.007813 3.181272 0.002349 0.215117
    10 3.890452 0.011715 -0.000003 -1.633007 -0.099335 -1.544817
    11 17.848177 0.000000 0.000000 0.000000 0.000000 0.307570
    12 16.525253 0.000000 0.000000 -0.033139 -0.028860 -1.174872
    13 -3.890452 -0.011715 0.000007 -1.234746 0.086682 -1.550394
    14 17.848173 0.000000 0.000000 0.000000 0.000000 0.142804
    15 16.525257 0.000000 0.000000 -0.041399 -0.081185 -1.198753
  time 10
    0 0.005464 -0.796894 38.160655 1.551543 0.002792 0.079900
    1 0.000005 3.345128 -2.981901 1.532488 0.086246 1.570592
    2 7.536097 -0.105472 0.023438 -0.015464 -0.011673 0.135133
    3 10.744785 1.385891 -1.929797 -1.801366 1.142438 3.022915
    4 6.028143 0.000001 0.000000 1.337733 0.086340 -0.969910
    5 11.692552 0.000000 0.000002 0.000000 0.000000 -0.227029
    6 10.748685 1.354634 1.945473 1.772138 -1.134215 2.984631
    7 6.028142 0.000001 0.000000 -1.124956 0.015267 -0.951355
    8 11.692555 0.000000 0.000000 0.000000 0.000000 -0.227479
    9 15.168701 2.643131 0.007813 3.181124 0.002265 0.219993
    10 3.890452 0.011715 -0.000003 -1.633007 -0.098303 -1.544388
    11 17.848177 0.000000 0.000000 0.000000 0.000000 0.309965
    12 16.525253 0.000000 0.000000 -0.031863 -0.026642 -1.176730
    13 -3.890452 -0.011715 0.000007 -1.234746 0.089130 -1.549865
    14 17.848173 0.000000 0.000000 0.000000 0.000000 0.143295
    15 16.525257 0.000000 0.000000 -0.039953 -0.079014 -1.200198
  time 11
    0 0.009370 -0.824239 38.156749 1.549930 0.003020 0.082772
    1 0.000005 3.345128 -2.981901 1.532526 0.086246 1.571024
    2 7.536097 -0.105472 0.027345 -0.016355 -0.013015 0.134054
    3 10.744785 1.385891 -1.929797 -1.802959 1.141464 3.021889
    4 6.028143 0.000001 0.000000 1.340660 0.085511 -0.970190
    5 11.692552 0.000000 0.000002 0.000000 0.000000 -0.228191
    6 10.748685 1.354634 1.945473 1.774902 -1.133478 2.982522
    7 6.028142 0.000001 0.000000 -1.129808 0.017267 -0.951355
    8 11.692555 0.000000 0.000000 0.000000 0.000000 -0.227329
    9 15.164795 2.643131 0.007813 3.180926 0.001582 0.225277
    10 3.890452 0.011715 -0.000003 -1.632916 -0.097001 -1.544045
    11 17.848177 0.000000 0.000000 0.000000 0.000000 0.311510
    12 16.525253 0.000000 0.000000 -0.030334 -0.024262 -1.178011
    13 -3.890452 -0.011715 0.000007 -1.234746 0.091665 -1.549337
    14 17.848173 0.000000 0.000000 0.000000 0.000000 0.143377
    15 16.525257 0.000000 0.000000 -0.038329 -0.076621 -1.201384
  time 12
    0 0.017183 -0.847677 38.156749 1.548457 0.003236 0.085936
    1 0.000005 3.345128 -2.981901 1.532539 0.086246 1.571371
    2 7.536097 -0.109378 0.027345 -0.017361 -0.014034 0.132720
    3 10.744785 1.389798 -1.929797 -1.805849 1.140271 3.020139
    4 6.028143 0.000001 0.000000 1.344255 0.085188 -0.969910
    5 11.692552 0.000000 0.000002 0.000000 0.000000 -0.228554
    6 10.748685 1.358541 1.945473 1.774235 -1.131961 2.984056
    7 6.028142 0.000001 0.000000 -1.134809 0.018777 -0.949694
    8 11.692555 0.000000 0.000000 0.000000 0.000000 -0.227930
    9 15.164795 2.647037 0.007813 3.180828 0.000264 0.230862
    10 3.890452 0.015621 -0.000003 -1.632916 -0.094712 -1.543960
    11 17.848177 0.000000 0.000000 0.000000 0.000000 0.310428
    12 16.525253 0.000000 0.000000 -0.028568 -0.021617 -1.177851
    13 -3.890452 -0.015622 0.000007 -1.234746 0.093938 -1.548897
    14 17.848173 0.000000 0.000000 0.000000 0.000000 0.143786
    15 16.525257 0.000000 0.000000 -0.036490 -0.073947 -1.202681
  time 13
    0 0.017183 -0.875022 38.152842 1.547283 0.003404 0.089394
    1 0.000005 3.345128 -2.981901 1.532552 0.086246 1.571623
    2 7.536097 -0.113285 0.031251 -0.018453 -0.014717 0.131154
    3 10.740879 1.389798 -1.929797 -1.809978 1.139486 3.017664
    4 6.028143 0.000001 0.000000 1.348017 0.084405 -0.970097
    5 11.692552 0.000000 0.000002 0.000000 0.000000 -0.228554
    6 10.744779 1.358541 1.945473 1.768611 -1.131245 2.990574
    7 6.028142 0.000001 0.000000 -1.138324 0.019494 -0.947993
    8 11.692555 0.000000 0.000000 0.000000 0.000000 -0.228981
    9 15.164795 2.650943 0.011719 3.181025 -0.001690 0.236512
    10 3.890452 0.019528 -0.000003 -1.632824 -0.093051 -1.543617
    11 17.848177 0.000000 0.000000 0.000000 0.000000 0.310119
    12 16.525253 0.000000 0.000000 -0.026772 -0.018647 -1.178107
    13 -3.890452 -0.019528 0.000007 -1.234656 0.096911 -1.548016
    14 17.848173 0.000000 0.000000 0.000000 0.000000 0.142067
    15 16.525257 0.000000 0.000000 -0.034634 -0.070971 -1.203014
  time 14
    0 0.021089 -0.902366 38.152842 1.546511 0.003523 0.093087
    1 0.000005 3.345128 -2.981901 1.532565 0.086246 1.571827
    2 7.536097 -0.117191 0.031251 -0.019488 -0.015161 0.129461
    3 10.740879 1.393704 -1.929797 -1.813576 1.139166 3.015853
    4 6.028143 0.000001 0.000000 1.351194 0.083391 -0.970936
    5 11.692552 0.000000 0.000002 0.000000 0.000000 -0.228118
    6 10.744779 1.362447 1.945473 1.761175 -1.131289 2.998915
    7 6.028142 0.000001 0.000000 -1.140502 0.019494 -0.946926
    8 11.692555 0.000000 0.000000 0.000000 0.000000 -0.229807
    9 15.160889 2.662662 0.011719 3.181421 -0.004087 0.241860
    10 3.890452 0.019528 -0.000003 -1.632824 -0.092692 -1.543273
    11 17.848177 0.000000 0.000000 0.000000 0.000000 0.311664
    12 16.525253 0.000000 0.000000 -0.024902 -0.015453 -1.179324
    13 -3.890452 -0.019528 0.000007 -1.234565 0.100233 -1.546871
    14 17.848173 0.000000 0.000000 0.000000 0.000000 0.138793
    15 16.525257 0.000000 0.000000 -0.032706 -0.067794 -1.202607
  time 15
    0 0.028902 -0.929711 38.145030 1.546073 0.003583 0.096955
    1 0.000005 3.345128 -2.981901 1.532578 0.086246 1.572042
    2 7.536097 -0.121097 0.031251 -0.020379 -0.015520 0.127874
    3 10.740879 1.393704 -1.929797 -1.814343 1.139225 3.016578
    4 6.028143 0.000001 0.000000 1.353034 0.082470 -0.971961
    5 11.692552 0.000000 0.000002 0.000000 0.000000 -0.227828
    6 10.744779 1.366353 1.945473 1.754216 -1.131267 3.006584
    7 6.028142 0.000001 0.000000 -1.141790 0.019192 -0.946016
    8 11.692555 0.000000 0.000000 0.000000 0.000000 -0.230632
    9 15.156982 2.670475 0.015625 3.182063 -0.006544 0.246414
    10 3.890452 0.015621 -0.000003 -1.632824 -0.093770 -1.543102
    11 17.848177 0.000000 0.000000 0.000000 0.000000 0.315372
    12 16.525253 0.000000 0.000000 -0.022824 -0.012178 -1.181598
    13 -3.890452 -0.015622 0.000007 -1.234474 0.104035 -1.545462
    14 17.848173 0.000000 0.000000 0.000000 0.000000 0.133555
    15 16.525257 0.000000 0.000000 -0.030617 -0.064497 -1.201087
  time 16
    0 0.044528 -0.949243 38.141123 1.545722 0.003643 0.100999
    1 0.000005 3.345128 -2.981901 1.532604 0.086246 1.572342
    2 7.536097 -0.121097 0.031251 -0.021040 -0.015975 0.126626
    3 10.740879 1.397610 -1.929797 -1.813694 1.139210 3.018388
    4 6.028143 0.000001 0.000000 1.354622 0.082332 -0.972334
    5 11.692552 0.000000 0.000002 0.000000 0.000000 -0.227320
    6 10.740872 1.370260 1.945473 1.750212 -1.131354 3.011473
    7 6.028142 0.000001 0.000000 -1.142582 0.018928 -0.946016
    8 11.692555 0.000000 0.000000 0.000000 0.000000 -0.230632
    9 15.153076 2.678288 0.015625 3.182805 -0.008713 0.249765
    10 3.890452 0.011715 -0.000003 -1.632824 -0.095071 -1.543016
    11 17.848177 0.000000 0.000000 0.000000 0.000000 0.319157
    12 16.525253 0.000000 0.000000 -0.020494 -0.008842 -1.183872
    13 -3.890452 -0.011715 0.000007 -1.234293 0.108800 -1.543965
    14 17.848173 0.000000 0.000000 0.000000 0.000000 0.125860
    15 16.525257 0.000000 0.000000 -0.028314 -0.061099 -1.198197
  time 17
    0 0.060153 -0.964868 38.145030 1.545178 0.003715 0.105218
    1 0.000005 3.345128 -2.981901 1.532629 0.086246 1.572761
    2 7.536097 -0.125004 0.035157 -0.021413 -0.016659 0.125885
    3 10.736973 1.397610 -1.929797 -1.811335 1.139297 3.021346
    4 6.028143 0.000001 0.000000 1.355793 0.083806 -0.972520
    5 11.692552 0.000000 0.000002 0.000000 0.000000 -0.225432
    6 10.740872 1.370260 1.945473 1.749068 -1.131224 3.013295
    7 6.028142 0.000001 0.000000 -1.143324 0.018890 -0.946095
    8 11.692555 0.000000 0.000000 0.000000 0.000000 -0.229882
    9 15.153076 2.682194 0.015625 3.183546 -0.010487 0.251720
    10 3.890452 0.011715 -0.000003 -1.632824 -0.094892 -1.543188
    11 17.848177 0.000000 0.000000 0.000000 0.000000 0.319698
    12 16.525253 0.000000 0.000000 -0.017942 -0.005465 -1.184193
    13 -3.890452 -0.011715 0.000007 -1.234202 0.113040 -1.542644
    14 17.848173 0.000000 0.000000 0.000000 0.000000 0.119312
    15 16.525257 0.000000 0.000000 -0.025886 -0.057621 -1.195641
  time 18
    0 0.075779 -0.968775 38.148936 1.544354 0.003835 0.109438
    1 0.000005 3.345128 -2.981901 1.532655 0.086246 1.573289
    2 7.536097 -0.125004 0.035157 -0.021500 -0.017605 0.125673
    3 10.736973 1.393704 -1.929797 -1.809565 1.139355 3.023217
    4 6.028143 0.000001 0.000000 1.357131 0.085188 -0.973079
    5 11.692552 0.000000 0.000002 0.000000 0.000000 -0.223616
    6 10.740872 1.374166 1.945473 1.747543 -1.131137 3.015020
    7 6.028142 0.000001 0.000000 -1.143077 0.018890 -0.945739
    8 11.692555 0.000000 0.000000 0.000000 0.000000 -0.229657
    9 15.153076 2.682194 0.015625 3.184090 -0.011997 0.252450
    10 3.890452 0.015621 -0.000003 -1.632916 -0.093276 -1.543531
    11 17.848177 0.000000 0.000000 0.000000 0.000000 0.317149
    12 16.525253 0.000000 0.000000 -0.015255 -0.002128 -1.182527
    13 -3.890452 -0.015622 0.000007 -1.234202 0.115619 -1.542027
    14 17.848173 0.000000 0.000000 0.000000 0.000000 0.116366
    15 16.525257 0.000000 0.000000 -0.023458 -0.054082 -1.194641
  time 19
    0 0.091404 -0.964868 38.152842 1.543408 0.003967 0.113717
    1 0.000005 3.345128 -2.981901 1.532694 0.086246 1.573876
    2 7.536097 -0.125004 0.039064 -0.021413 -0.018756 0.125885
    3 10.736973 1.393704 -1.933704 -1.810509 1.138556 3.022251
    4 6.028143 0.000001 0.000000 1.359304 0.084866 -0.973266
    5 11.692552 0.000000 0.000002 0.000000 0.000000 -0.223544
    6 10.740872 1.374166 1.941566 1.744492 -1.131961 3.017608
    7 6.028142 0.000001 0.000000 -1.141592 0.018475 -0.946214
    8 11.692555 0.000000 0.000000 0.000000 0.000000 -0.229807
    9 15.153076 2.682194 0.011719 3.184386 -0.013423 0.252257
    10 3.890452 0.019528 -0.000003 -1.632824 -0.090987 -1.543874
    11 17.848177 0.000000 0.000000 0.000000 0.000000 0.313132
    12 16.525253 0.000000 0.000000 -0.012569 0.001249 -1.179901
    13 -3.890452 -0.019528 0.000007 -1.234202 0.116449 -1.541851
    14 17.848173 0.000000 0.000000 0.000000 0.000000 0.117184
    15 16.525257 0.000000 0.000000 -0.021084 -0.050463 -1.195456
  time 20
    0 0.103123 -0.960962 38.156749 1.542548 0.004099 0.118054
    1 0.000005 3.345128 -2.981901 1.532732 0.086246 1.574475
    2 7.536097 -0.125004 0.039064 -0.021212 -0.019930 0.126308
    3 10.736973 1.389798 -1.933704 -1.811040 1.137393 3.021527
    4 6.028143 0.000001 0.000000 1.360977 0.083622 -0.973452
    5 11.692552 0.000000 0.000002 0.000000 0.000000 -0.224415
    6 10.740872 1.374166 1.941566 1.741156 -1.133717 3.020293
    7 6.028142 0.000001 0.000000 -1.139661 0.018060 -0.947914
    8 11.692555 0.000000 0.000000 0.000000 0.000000 -0.230107
    9 15.153076 2.682194 0.003906 3.184337 -0.014885 0.251398
    10 3.890452 0.027341 -0.000003 -1.632824 -0.088742 -1.544131
    11 17.848177 0.000000 0.000000 0.000000 0.000000 0.308961
    12 16.525253 0.000000 0.000000 -0.009912 0.004687 -1.177178
    13 -3.890452 -0.027341 0.000007 -1.234202 0.115925 -1.542204
    14 17.848173 0.000000 0.000000 0.000000 0.000000 0.120868
    15 16.525257 0.000000 0.000000 -0.018746 -0.046804 -1.197753
  time 21
    0 0.114842 -0.957055 38.160655 1.542005 0.004183 0.122449
    1 0.000005 3.345128 -2.981901 1.532758 0.086246 1.574991
    2 7.536097 -0.121097 0.042970 -0.020982 -0.021009 0.126774
    3 10.736973 1.385891 -1.937610 -1.808857 1.136651 3.023096
    4 6.028143 0.000001 0.000000 1.361478 0.082977 -0.973638
    5 11.692552 0.000000 0.000002 0.000000 0.000000 -0.224342
    6 10.744779 1.374166 1.937660 1.737629 -1.135689 3.023073
    7 6.028142 0.000001 0.000000 -1.137779 0.017192 -0.949932
    8 11.692555 0.000000 0.000000 0.000000 0.000000 -0.229732
    9 15.153076 2.678288 0.000000 3.184139 -0.016479 0.250066
    10 3.890452 0.031247 -0.000003 -1.632824 -0.087261 -1.544474
    11 17.848177 0.000000 0.000000 0.000000 0.000000 0.305562
    12 16.525253 0.000000 0.000000 -0.007211 0.008166 -1.174808
    13 -3.890452 -0.031247 0.000007 -1.234202 0.115750 -1.542204
    14 17.848173 0.000000 0.000000 0.000000 0.000000 0.122914
    15 16.525257 0.000000 0.000000 -0.016407 -0.043104 -1.199161
  time 22
    0 0.130468 -0.949243 38.160655 1.541900 0.004195 0.126845
    1 0.000005 3.345128 -2.981901 1.532784 0.086246 1.575374
    2 7.536097 -0.121097 0.042970 -0.020695 -0.021848 0.127155
    3 10.736973 1.381985 -1.937610 -1.805731 1.135938 3.025571
    4 6.028143 0.000001 0.000000 1.361562 0.082884 -0.973359
    5 11.692552 0.000000 0.000002 0.000000 0.000000 -0.223689
    6 10.744779 1.378073 1.937660 1.737057 -1.136339 3.023360
    7 6.028142 0.000001 0.000000 -1.137680 0.016437 -0.950920
    8 11.692555 0.000000 0.000000 0.000000 0.000000 -0.228530
    9 15.156982 2.674381 -0.011719 3.183941 -0.018145 0.248326
    10 3.890452 0.035153 -0.000003 -1.632824 -0.086947 -1.544732
    11 17.848177 0.000000 0.000000 0.000000 0.000000 0.303554
    12 16.525253 0.000000 0.000000 -0.004480 0.011685 -1.173078
    13 -3.890452 -0.035154 0.000007 -1.234202 0.116449 -1.541851
    14 17.848173 0.000000 0.000000 0.000000 0.000000 0.121850
    15 16.525257 0.000000 0.000000 -0.014069 -0.039364 -1.198827
  time 23
    0 0.142187 -0.929711 38.164561 1.542215 0.004159 0.131182
    1 0.000005 3.345128 -2.981901 1.532797 0.086246 1.575590
    2 7.536097 -0.121097 0.046876 -0.020292 -0.022411 0.127472
    3 10.733066 1.378078 -1.941516 -1.802723 1.134921 3.028106
    4 6.028143 0.000001 0.000000 1.361896 0.083023 -0.972334
    5 11.692552 0.000000 0.000002 0.000000 0.000000 -0.224124
    6 10.744779 1.378073 1.933754 1.740393 -1.134822 3.020389
    7 6.028142 0.000001 0.000000 -1.139958 0.015758 -0.950208
    8 11.692555 0.000000 0.000000 0.000000 0.000000 -0.227329
    9 15.156982 2.674381 -0.019532 3.183645 -0.019834 0.246264
    10 3.890452 0.031247 -0.000003 -1.632916 -0.088698 -1.545075
    11 17.848177 0.000000 0.000000 0.000000 0.000000 0.304326
    12 16.525253 0.000000 0.000000 -0.001794 0.015103 -1.172470
    13 -3.890452 -0.031247 0.000007 -1.234111 0.116405 -1.541587
    14 17.848173 0.000000 0.000000 0.000000 0.000000 0.120704
    15 16.525257 0.000000 0.000000 -0.011891 -0.035665 -1.198160
  time 24
    0 0.161719 -0.894554 38.164561 1.542811 0.004075 0.134991
    1 0.000005 3.345128 -2.981901 1.532810 0.086246 1.575614
    2 7.536097 -0.121097 0.046876 -0.019660 -0.022663 0.127747
    3 10.733066 1.378078 -1.945423 -1.801248 1.133932 3.029313
    4 6.028143 0.000001 0.000000 1.362983 0.083161 -0.971029
    5 11.692552 0.000000 0.000002 0.000000 0.000000 -0.225577
    6 10.744779 1.381979 1.929847 1.746113 -1.132850 3.015308
    7 6.028142 0.000001 0.000000 -1.143473 0.014852 -0.949417
    8 11.692555 0.000000 0.000000 0.000000 0.000000 -0.226278
    9 15.156982 2.674381 -0.027345 3.183052 -0.021369 0.243987
    10 3.890452 0.031247 -0.000003 -1.633007 -0.090942 -1.545589
    11 17.848177 0.000000 0.000000 0.000000 0.000000 0.304712
    12 16.525253 0.000000 0.000000 0.000818 0.017971 -1.171220
    13 -3.890452 -0.031247 0.000007 -1.234202 0.113783 -1.542204
    14 17.848173 0.000000 0.000000 0.000000 0.000000 0.123651
    15 16.525257 0.000000 0.000000 -0.009945 -0.032448 -1.199013
  time 25
    0 0.177344 -0.855490 38.164561 1.543408 0.003979 0.137805
    1 0.000005 3.345128 -2.981901 1.532797 0.086246 1.575410
    2 7.536097 -0.121097 0.046876 -0.018683 -0.022615 0.128149
    3 10.733066 1.374172 -1.949329 -1.800717 1.134150 3.029615
    4 6.028143 0.000001 0.000000 1.363987 0.083207 -0.970936
    5 11.692552 0.000000 0.000002 0.000000 0.000000 -0.226666
    6 10.744779 1.385885 1.925941 1.749259 -1.132069 3.012528
    7 6.028142 0.000001 0.000000 -1.145849 0.013720 -0.949734
    8 11.692555 0.000000 0.000000 0.000000 0.000000 -0.224852
    9 15.156982 2.674381 -0.035157 3.181964 -0.022747 0.241624
    10 3.890452 0.035153 -0.000003 -1.633007 -0.092109 -1.546361
    11 17.848177 0.000000 0.000000 0.000000 0.000000 0.302858
    12 16.525253 0.000000 0.000000 0.002970 0.019924 -1.168818
    13 -3.890452 -0.035154 0.000007 -1.234293 0.109412 -1.543701
    14 17.848173 0.000000 0.000000 0.000000 0.000000 0.130117
    15 16.525257 0.000000 0.000000 -0.008374 -0.030156 -1.201495
  time 26
    0 0.185157 -0.828145 38.164561 1.543793 0.003931 0.139270
    1 0.000005 3.345128 -2.981901 1.532771 0.086246 1.575015
    2 7.536097 -0.117191 0.042970 -0.017246 -0.022279 0.128763
    3 10.733066 1.374172 -1.949329 -1.801602 1.136244 3.028347
    4 6.028143 0.000001 0.000000 1.364823 0.082977 -0.973266
    5 11.692552 0.000000 0.000002 0.000000 0.000000 -0.226884
    6 10.744779 1.385885 1.925941 1.746399 -1.132524 3.015020
    7 6.028142 0.000001 0.000000 -1.145602 0.012172 -0.950564
    8 11.692555 0.000000 0.000000 0.000000 0.000000 -0.222900
    9 15.156982 2.670475 -0.039064 3.180432 -0.024041 0.239283
    10 3.890452 0.035153 -0.000003 -1.633007 -0.093815 -1.546790
    11 17.848177 0.000000 0.000000 0.000000 0.000000 0.303631
    12 16.525253 0.000000 0.000000 0.004113 0.020921 -1.168338
    13 -3.890452 -0.035154 0.000007 -1.234383 0.106090 -1.544757
    14 17.848173 0.000000 0.000000 0.000000 0.000000 0.135192
    15 16.525257 0.000000 0.000000 -0.007624 -0.028969 -1.203496
  time 27
    0 0.185157 -0.804707 38.160655 1.543898 0.003907 0.139387
    1 0.000005 3.345128 -2.981901 1.532732 0.086246 1.574463
    2 7.536097 -0.117191 0.042970 -0.015406 -0.021740 0.129673
    3 10.733066 1.370266 -1.949329 -1.806734 1.138934 3.022915
    4 6.028143 0.000001 0.000000 1.366829 0.082516 -0.976900
    5 11.692552 0.000000 0.000002 0.000000 0.000000 -0.226376
    6 10.744779 1.389792 1.925941 1.741728 -1.133673 3.018759
    7 6.028142 0.000001 0.000000 -1.144612 0.010285 -0.951514
    8 11.692555 0.000000 0.000000 0.000000 0.000000 -0.220423
    9 15.156982 2.670475 -0.039064 3.178653 -0.025359 0.237135
    10 3.890452 0.031247 -0.000003 -1.633099 -0.096642 -1.546704
    11 17.848177 0.000000 0.000000 0.000000 0.000000 0.307802
    12 16.525253 0.000000 0.000000 0.004246 0.021002 -1.169779
    13 -3.890452 -0.031247 0.000007 -1.234383 0.104866 -1.544934
    14 17.848173 0.000000 0.000000 0.000000 0.000000 0.136092
    15 16.525257 0.000000 0.000000 -0.007749 -0.028748 -1.203273
  time 28
    0 0.181251 -0.773456 38.156749 1.543828 0.003919 0.138449
    1 0.000005 3.345128 -2.981901 1.532694 0.086246 1.573828
    2 7.536097 -0.113285 0.039064 -0.013308 -0.021057 0.130773
    3 10.736973 1.370266 -1.949329 -1.814638 1.140722 3.014827
    4 6.028143 0.000001 0.000000 1.369923 0.081594 -0.979697
    5 11.692552 0.000000 0.000002 0.000000 0.000000 -0.226085
    6 10.744779 1.389792 1.925941 1.742014 -1.134757 3.017800
    7 6.028142 0.000001 0.000000 -1.145453 0.009266 -0.952503
    8 11.692555 0.000000 0.000000 0.000000 0.000000 -0.218396
    9 15.160889 2.666569 -0.039064 3.176626 -0.026762 0.235330
    10 3.890452 0.023434 -0.000003 -1.633099 -0.099380 -1.546533
    11 17.848177 0.000000 0.000000 0.000000 0.000000 0.312051
    12 16.525253 0.000000 0.000000 0.003757 0.020189 -1.171252
    13 -3.890452 -0.023435 0.000007 -1.234293 0.105259 -1.544581
    14 17.848173 0.000000 0.000000 0.000000 0.000000 0.133309
    15 16.525257 0.000000 0.000000 -0.008463 -0.029452 -1.200902
  time 29
    0 0.185157 -0.734392 38.156749 1.543898 0.003907 0.136750
    1 0.000005 3.345128 -2.981901 1.532655 0.086246 1.573169
    2 7.536097 -0.113285 0.039064 -0.011152 -0.020362 0.131916
    3 10.736973 1.366359 -1.949329 -1.818708 1.141595 3.010301
    4 6.028143 0.000001 0.000000 1.371511 0.081088 -0.980815
    5 11.692552 0.000000 0.000002 0.000000 0.000000 -0.226957
    6 10.744779 1.389792 1.925941 1.745255 -1.134497 3.014157
    7 6.028142 0.000001 0.000000 -1.147483 0.009002 -0.952344
    8 11.692555 0.000000 0.000000 0.000000 0.000000 -0.218171
    9 15.160889 2.662662 -0.035157 3.174551 -0.028212 0.233998
    10 3.890452 0.019528 -0.000003 -1.633099 -0.101849 -1.546704
    11 17.848177 0.000000 0.000000 0.000000 0.000000 0.315140
    12 16.525253 0.000000 0.000000 0.003074 0.018602 -1.171957
    13 -3.890452 -0.019528 0.000007 -1.234383 0.103948 -1.545022
    14 17.848173 0.000000 0.000000 0.000000 0.000000 0.133227
    15 16.525257 0.000000 0.000000 -0.009427 -0.030879 -1.199457
  time 30
    0 0.196876 -0.679703 38.156749 1.544337 0.003847 0.134757
    1 0.000005 3.345128 -2.981901 1.532617 0.086246 1.572558
    2 7.536097 -0.109378 0.035157 -0.009111 -0.019751 0.132911
    3 10.740879 1.366359 -1.949329 -1.816761 1.142133 3.011447
    4 6.028143 0.000001 0.000000 1.370675 0.081779 -0.980722
    5 11.692552 0.000000 0.000002 0.000000 0.000000 -0.228409
    6 10.744779 1.389792 1.925941 1.744969 -1.132286 3.013966
    7 6.028142 0.000001 0.000000 -1.148077 0.008058 -0.950011
    8 11.692555 0.000000 0.000000 0.000000 0.000000 -0.219747
    9 15.160889 2.658756 -0.035157 3.172623 -0.029626 0.233139
    10 3.890452 0.015621 -0.000003 -1.633190 -0.104363 -1.547219
    11 17.848177 0.000000 0.000000 0.000000 0.000000 0.316763
    12 16.525253 0.000000 0.000000 0.002510 0.016649 -1.171509
    13 -3.890452 -0.015622 0.000007 -1.234474 0.099970 -1.546431
    14 17.848173 0.000000 0.000000 0.000000 0.000000 0.137402
    15 16.525257 0.000000 0.000000 -0.010409 -0.032609 -1.199791
  time 31
    0 0.204689 -0.617201 38.160655 1.545108 0.003727 0.132881
    1 0.000005 3.345128 -2.981901 1.532578 0.086246 1.572054
    2 7.536097 -0.109378 0.035157 -0.007329 -0.019307 0.133652
    3 10.740879 1.366359 -1.949329 -1.813045 1.142569 3.014465
    4 6.028143 0.000001 0.000000 1.368836 0.082884 -0.980256
    5 11.692552 0.000000 0.000002 0.000000 0.000000 -0.229789
    6 10.744779 1.385885 1.925941 1.741537 -1.129230 3.017129
    7 6.028142 0.000001 0.000000 -1.146988 0.006246 -0.946530
    8 11.692555 0.000000 0.000000 0.000000 0.000000 -0.221549
    9 15.164795 2.654850 -0.031251 3.171041 -0.030836 0.232559
    10 3.890452 0.011715 -0.000003 -1.633282 -0.106921 -1.547905
    11 17.848177 0.000000 0.000000 0.000000 0.000000 0.317303
    12 16.525253 0.000000 0.000000 0.002035 0.014716 -1.170291
    13 -3.890452 -0.011715 0.000007 -1.234565 0.096342 -1.547664
    14 17.848173 0.000000 0.000000 0.000000 0.000000 0.139448
    15 16.525257 0.000000 0.000000 -0.011355 -0.034257 -1.198790
  time 32
    0 0.216408 -0.562512 38.168468 1.546108 0.003583 0.131065
    1 0.000005 3.345128 -2.981901 1.532552 0.086246 1.571659
    2 7.536097 -0.105472 0.035157 -0.005806 -0.019055 0.134096
    3 10.740879 1.366359 -1.949329 -1.812514 1.142845 3.014888
    4 6.028143 0.000001 0.000000 1.367916 0.082977 -0.979976
    5 11.692552 0.000000 0.000002 0.000000 0.000000 -0.230805
    6 10.744779 1.385885 1.925941 1.740584 -1.127062 3.018184
    7 6.028142 0.000001 0.000000 -1.146444 0.004774 -0.944078
    8 11.692555 0.000000 0.000000 0.000000 0.000000 -0.222750
    9 15.164795 2.654850 -0.031251 3.170102 -0.031663 0.232065
    10 3.890452 0.011715 -0.000003 -1.633282 -0.108941 -1.548591
    11 17.848177 0.000000 0.000000 0.000000 0.000000 0.316608
    12 16.525253 0.000000 0.000000 0.001486 0.012865 -1.168562
    13 -3.890452 -0.011715 0.000007 -1.234656 0.093501 -1.548544
    14 17.848173 0.000000 0.000000 0.000000 0.000000 0.139693
    15 16.525257 0.000000 0.000000 -0.012337 -0.035866 -1.197086
  time 33
    0 0.220314 -0.515636 38.172374 1.547195 0.003428 0.128838
    1 0.000005 3.345128 -2.981901 1.532539 0.086246 1.571395
    2 7.536097 -0.105472 0.035157 -0.004541 -0.019020 0.134350
    3 10.740879 1.366359 -1.949329 -1.813812 1.143543 3.013982
    4 6.028143 0.000001 0.000000 1.366997 0.082516 -0.980256
    5 11.692552 0.000000 0.000002 0.000000 0.000000 -0.231677
    6 10.744779 1.389792 1.925941 1.742109 -1.126563 3.017129
    7 6.028142 0.000001 0.000000 -1.146691 0.003529 -0.943287
    8 11.692555 0.000000 0.000000 0.000000 0.000000 -0.223125
    9 15.164795 2.658756 -0.031251 3.169756 -0.032047 0.231464
    10 3.890452 0.011715 -0.000003 -1.633373 -0.109928 -1.549192
    11 17.848177 0.000000 0.000000 0.000000 0.000000 0.314291
    12 16.525253 0.000000 0.000000 0.000655 0.010770 -1.166320
    13 -3.890452 -0.011715 0.000007 -1.234746 0.089567 -1.549865
    14 17.848173 0.000000 0.000000 0.000000 0.000000 0.142804
    15 16.525257 0.000000 0.000000 -0.013480 -0.037816 -1.197086
  time 34
    0 0.224221 -0.472666 38.176280 1.548264 0.003272 0.126024
    1 0.000005 3.345128 -2.981901 1.532539 0.086246 1.571239
    2 7.536097 -0.105472 0.035157 -0.003478 -0.019151 0.134519
    3 10.740879 1.366359 -1.949329 -1.813576 1.144924 3.014646
    4 6.028143 0.000001 0.000000 1.365074 0.082792 -0.980908
    5 11.692552 0.000000 0.000002 0.000000 0.000000 -0.232475
    6 10.744779 1.389792 1.925941 1.741632 -1.127539 3.018184
    7 6.028142 0.000001 0.000000 -1.145998 0.001377 -0.943603
    8 11.692555 0.000000 0.000000 0.000000 0.000000 -0.222600
    9 15.160889 2.662662 -0.031251 3.169905 -0.032047 0.230583
    10 3.890452 0.011715 -0.000003 -1.633373 -0.110647 -1.549792
    11 17.848177 0.000000 0.000000 0.000000 0.000000 0.311742
    12 16.525253 0.000000 0.000000 -0.000533 0.008186 -1.164110
    13 -3.890452 -0.011715 0.000007 -1.234837 0.084409 -1.551627
    14 17.848173 0.000000 0.000000 0.000000 0.000000 0.148779
    15 16.525257 0.000000 0.000000 -0.014908 -0.040269 -1.198568
  time 35
    0 0.228127 -0.425789 38.184093 1.549246 0.003128 0.122508
    1 0.000005 3.345128 -2.981901 1.532526 0.086246 1.571144
    2 7.536097 -0.105472 0.035157 -0.002673 -0.019415 0.134794
    3 10.736973 1.370266 -1.949329 -1.811217 1.145869 3.017785
    4 6.028143 0.000001 0.000000 1.361813 0.084359 -0.981095
    5 11.692552 0.000000 0.000002 0.000000 0.000000 -0.232766
    6 10.744779 1.389792 1.925941 1.738868 -1.129164 3.021731
    7 6.028142 0.000001 0.000000 -1.144463 -0.001491 -0.944552
    8 11.692555 0.000000 0.000000 0.000000 0.000000 -0.221174
    9 15.156982 2.670475 -0.031251 3.170300 -0.031699 0.229316
    10 3.890452 0.011715 -0.000003 -1.633373 -0.111230 -1.550393
    11 17.848177 0.000000 0.000000 0.000000 0.000000 0.308961
    12 16.525253 0.000000 0.000000 -0.002091 0.004972 -1.161804
    13 -3.890452 -0.011715 0.000007 -1.234928 0.080213 -1.553124
    14 17.848173 0.000000 0.000000 0.000000 0.000000 0.152380
    15 16.525257 0.000000 0.000000 -0.016693 -0.043365 -1.198679
  time 36
    0 0.235940 -0.378913 38.191906 1.550088 0.002996 0.118288
    1 0.000005 3.345128 -2.981901 1.532526 0.086246 1.571084
    2 7.536097 -0.105472 0.035157 -0.002156 -0.019751 0.135302
    3 10.733066 1.374172 -1.949329 -1.802959 1.146771 3.026597
    4 6.028143 0.000001 0.000000 1.355877 0.088091 -0.981095
    5 11.692552 0.000000 0.000002 0.000000 0.000000 -0.231386
    6 10.744779 1.393698 1.925941 1.735436 -1.130790 3.026141
    7 6.028142 0.000001 0.000000 -1.142780 -0.004020 -0.945739
    8 11.692555 0.000000 0.000000 0.000000 0.000000 -0.219822
    9 15.153076 2.678288 -0.035157 3.170745 -0.031064 0.227554
    10 3.890452 0.011715 -0.000003 -1.633373 -0.111365 -1.551079
    11 17.848177 0.000000 0.000000 0.000000 0.000000 0.305717
    12 16.525253 0.000000 0.000000 -0.003991 0.001147 -1.159209
    13 -3.890452 -0.011715 0.000007 -1.235018 0.078465 -1.553828
    14 17.848173 0.000000 0.000000 0.000000 0.000000 0.150498
    15 16.525257 0.000000 0.000000 -0.018781 -0.047045 -1.195678
  time 37
    0 0.243752 -0.332036 38.199719 1.550754 0.002912 0.113717
    1 0.000005 3.345128 -2.981901 1.532526 0.086246 1.570964
    2 7.536097 -0.105472 0.035157 -0.002041 -0.020074 0.136212
    3 10.729160 1.374172 -1.953236 -1.789569 1.147658 3.040479
    4 6.028143 0.000001 0.000000 1.347599 0.093251 -0.981001
    5 11.692552 0.000000 0.000002 0.000000 0.000000 -0.229353
    6 10.744779 1.393698 1.922035 1.730479 -1.132438 3.032180
    7 6.028142 0.000001 0.000000 -1.140750 -0.006285 -0.946767
    8 11.692555 0.000000 0.000000 0.000000 0.000000 -0.219597
    9 15.149169 2.686101 -0.042970 3.171091 -0.030213 0.225385
    10 3.890452 0.011715 -0.000003 -1.633465 -0.111544 -1.551765
    11 17.848177 0.000000 0.000000 0.000000 0.000000 0.303090
    12 16.525253 0.000000 0.000000 -0.006054 -0.002962 -1.157063
    13 -3.890452 -0.011715 0.000007 -1.235018 0.075886 -1.555061
    14 17.848173 0.000000 0.000000 0.000000 0.000000 0.150989
    15 16.525257 0.000000 0.000000 -0.020995 -0.051066 -1.193937
  time 38
    0 0.259378 -0.285160 38.199719 1.551088 0.002864 0.109321
    1 0.000005 3.345128 -2.981901 1.532513 0.086246 1.570748
    2 7.536097 -0.105472 0.039064 -0.002414 -0.020278 0.137609
    3 10.725253 1.378078 -1.953236 -1.779070 1.148196 3.051705
    4 6.028143 0.000001 0.000000 1.340660 0.097951 -0.980256
    5 11.692552 0.000000 0.000002 0.000000 0.000000 -0.227537
    6 10.744779 1.393698 1.922035 1.725331 -1.133890 3.038507
    7 6.028142 0.000001 0.000000 -1.138868 -0.008587 -0.947519
    8 11.692555 0.000000 0.000000 0.000000 0.000000 -0.220198
    9 15.145263 2.697820 -0.046876 3.171041 -0.029111 0.223022
    10 3.890452 0.015621 -0.000003 -1.633465 -0.111095 -1.552623
    11 17.848177 0.000000 0.000000 0.000000 0.000000 0.299846
    12 16.525253 0.000000 0.000000 -0.007879 -0.007072 -1.154693
    13 -3.890452 -0.015622 0.000007 -1.235290 0.068674 -1.558055
    14 17.848173 0.000000 0.000000 0.000000 0.000000 0.162857
    15 16.525257 0.000000 0.000000 -0.022959 -0.055047 -1.198235
  time 39
    0 0.263284 -0.238284 38.195812 1.550947 0.002888 0.105570
    1 0.000005 3.345128 -2.981901 1.532488 0.086246 1.570401
    2 7.536097 -0.101566 0.039064 -0.003305 -0.020266 0.139556
    3 10.721347 1.381985 -1.953236 -1.773053 1.148981 3.058706
    4 6.028143 0.000001 0.000000 1.335727 0.101867 -0.979790
    5 11.692552 0.000000 0.000002 0.000000 0.000000 -0.226376
    6 10.744779 1.397604 1.922035 1.720851 -1.134822 3.044163
    7 6.028142 0.000001 0.000000 -1.137581 -0.011305 -0.947637
    8 11.692555 0.000000 0.000000 0.000000 0.000000 -0.220573
    9 15.141357 2.705632 -0.046876 3.170399 -0.027816 0.220723
    10 3.890452 0.019528 -0.000003 -1.633373 -0.110871 -1.553137
    11 17.848177 0.000000 0.000000 0.000000 0.000000 0.297915
    12 16.525253 0.000000 0.000000 -0.009512 -0.010489 -1.152771
    13 -3.890452 -0.019528 0.000007 -1.235472 0.060675 -1.561226
    14 17.848173 0.000000 0.000000 0.000000 0.000000 0.177427
    15 16.525257 0.000000 0.000000 -0.024797 -0.058304 -1.203977
  time 40
    0 0.243752 -0.195313 38.191906 1.550316 0.002984 0.102816
    1 0.000005 3.345128 -2.981901 1.532449 0.086246 1.569945
    2 7.536097 -0.097659 0.039064 -0.004599 -0.020002 0.141990
    3 10.717441 1.385891 -1.953236 -1.770812 1.149795 3.062026
    4 6.028143 0.000001 0.000000 1.332550 0.104171 -0.980815
    5 11.692552 0.000000 0.000002 0.000000 0.000000 -0.226739
    6 10.744779 1.397604 1.922035 1.717323 -1.135039 3.048861
    7 6.028142 0.000001 0.000000 -1.137037 -0.014211 -0.946451
    8 11.692555 0.000000 0.000000 0.000000 0.000000 -0.219372
    9 15.137450 2.717352 -0.050783 3.168966 -0.026414 0.218790
    10 3.890452 0.015621 -0.000003 -1.633373 -0.113070 -1.552537
    11 17.848177 0.000000 0.000000 0.000000 0.000000 0.301623
    12 16.525253 0.000000 0.000000 -0.011337 -0.012564 -1.153572
    13 -3.890452 -0.015622 0.000007 -1.235381 0.058839 -1.561226
    14 17.848173 0.000000 0.000000 0.000000 0.000000 0.179309
    15 16.525257 0.000000 0.000000 -0.026922 -0.060295 -1.203422
  time 41
    0 0.212502 -0.152343 38.191906 1.549317 0.003128 0.100823
    1 0.000005 3.345128 -2.981901 1.532410 0.086246 1.569478
    2 7.536097 -0.093753 0.039064 -0.006122 -0.019547 0.144720
    3 10.717441 1.389798 -1.949329 -1.768158 1.150624 3.065587
    4 6.028143 0.000001 0.000000 1.329707 0.105184 -0.982586
    5 11.692552 0.000000 0.000002 0.000000 0.000000 -0.228845
    6 10.744779 1.397604 1.925941 1.714368 -1.134779 3.052791
    7 6.028142 0.000001 0.000000 -1.136938 -0.017230 -0.944592
    8 11.692555 0.000000 0.000000 0.000000 0.000000 -0.217645
    9 15.133544 2.725164 -0.046876 3.166939 -0.025120 0.217458
    10 3.890452 0.003902 -0.000003 -1.633465 -0.116616 -1.551164
    11 17.848177 0.000000 0.000000 0.000000 0.000000 0.308961
    12 16.525253 0.000000 0.000000 -0.013163 -0.013765 -1.156262
    13 -3.890452 -0.003903 0.000007 -1.235200 0.062248 -1.559024
    14 17.848173 0.000000 0.000000 0.000000 0.000000 0.170633
    15 16.525257 0.000000 0.000000 -0.029064 -0.061421 -1.197605
  time 42
    0 0.196876 -0.109373 38.195812 1.548229 0.003284 0.098772
    1 0.000005 3.345128 -2.981901 1.532385 0.086246 1.569046
    2 7.536097 -0.089846 0.039064 -0.007646 -0.019008 0.147556
    3 10.713534 1.397610 -1.949329 -1.762908 1.152253 3.071381
    4 6.028143 0.000001 0.000000 1.327031 0.106889 -0.984264
    5 11.692552 0.000000 0.000002 0.000000 0.000000 -0.230515
    6 10.744779 1.393698 1.925941 1.710460 -1.134410 3.057584
    7 6.028142 0.000001 0.000000 -1.136294 -0.020476 -0.943366
    8 11.692555 0.000000 0.000000 0.000000 0.000000 -0.216744
    9 15.129638 2.729071 -0.042970 3.164616 -0.024161 0.216707
    10 3.890452 -0.000004 -0.000003 -1.633465 -0.118322 -1.550564
    11 17.848177 0.000000 0.000000 0.000000 0.000000 0.312669
    12 16.525253 0.000000 0.000000 -0.014528 -0.015270 -1.157127
    13 -3.890452 0.000004 0.000007 -1.235109 0.064040 -1.557967
    14 17.848173 0.000000 0.000000 0.000000 0.000000 0.165968
    15 16.525257 0.000000 0.000000 -0.030724 -0.062808 -1.193751
  time 43
    0 0.204689 -0.066403 38.195812 1.547177 0.003440 0.096134
    1 0.000005 3.345128 -2.981901 1.532359 0.086246 1.568723
    2 7.536097 -0.085940 0.039064 -0.008968 -0.018492 0.150222
    3 10.713534 1.401517 -1.945423 -1.758602 1.154303 3.076330
    4 6.028143 0.000001 0.000000 1.325777 0.109607 -0.985662
    5 11.692552 0.000000 0.000002 0.000000 0.000000 -0.230152
    6 10.740872 1.393698 1.929847 1.704454 -1.134280 3.064103
    7 6.028142 0.000001 0.000000 -1.134512 -0.023835 -0.942931
    8 11.692555 0.000000 0.000000 0.000000 0.000000 -0.216819
    9 15.129638 2.736883 -0.039064 3.162343 -0.023634 0.216427
    10 3.890452 -0.000004 -0.000003 -1.633465 -0.117963 -1.550736
    11 17.848177 0.000000 0.000000 0.000000 0.000000 0.312051
    12 16.525253 0.000000 0.000000 -0.015656 -0.017711 -1.155782
    13 -3.890452 0.000004 0.000007 -1.235200 0.062117 -1.558936
    14 17.848173 0.000000 0.000000 0.000000 0.000000 0.169242
    15 16.525257 0.000000 0.000000 -0.032134 -0.065040 -1.193751
  time 44
    0 0.212502 -0.023433 38.199719 1.546195 0.003583 0.092618
    1 0.000005 3.345128 -2.981901 1.532346 0.086246 1.568507
    2 7.536097 -0.082034 0.035157 -0.010003 -0.018085 0.152571
    3 10.709628 1.405423 -1.945423 -1.756538 1.155582 3.079227
    4 6.028143 0.000001 0.000000 1.325861 0.112326 -0.986314
    5 11.692552 0.000000 0.000002 0.000000 0.000000 -0.228627
    6 10.740872 1.393698 1.929847 1.697209 -1.134258 3.071772
    7 6.028142 0.000001 0.000000 -1.132135 -0.026779 -0.942654
    8 11.692555 0.000000 0.000000 0.000000 0.000000 -0.217345
    9 15.125731 2.744696 -0.035157 3.160415 -0.023514 0.216427
    10 3.890452 -0.000004 -0.000003 -1.633465 -0.116975 -1.551250
    11 17.848177 0.000000 0.000000 0.000000 0.000000 0.310274
    12 16.525253 0.000000 0.000000 -0.017096 -0.020926 -1.154084
    13 -3.890452 0.000004 0.000007 -1.235290 0.060063 -1.560169
    14 17.848173 0.000000 0.000000 0.000000 0.000000 0.172598
    15 16.525257 0.000000 0.000000 -0.033759 -0.068096 -1.193751
  time 45
    0 0.220314 0.007818 38.203625 1.545336 0.003703 0.088457
    1 0.000005 3.345128 -2.981901 1.532333 0.086246 1.568375
    2 7.536097 -0.082034 0.035157 -0.010692 -0.017797 0.154497
    3 10.709628 1.409329 -1.941516 -1.756302 1.155582 3.080616
    4 6.028143 0.000001 0.000000 1.326613 0.114721 -0.985941
    5 11.692552 0.000000 0.000002 0.000000 0.000000 -0.227102
    6 10.736966 1.393698 1.933754 1.689964 -1.134324 3.079442
    7 6.028142 0.000001 0.000000 -1.129659 -0.028818 -0.942258
    8 11.692555 0.000000 0.000000 0.000000 0.000000 -0.218096
    9 15.121825 2.748603 -0.027345 3.158982 -0.023694 0.216513
    10 3.890452 -0.000004 -0.000003 -1.633465 -0.115808 -1.551508
    11 17.848177 0.000000 0.000000 0.000000 0.000000 0.308652
    12 16.525253 0.000000 0.000000 -0.019040 -0.024588 -1.152707
    13 -3.890452 0.000004 0.000007 -1.235381 0.058751 -1.561138
    14 17.848173 0.000000 0.000000 0.000000 0.000000 0.174562
    15 16.525257 0.000000 0.000000 -0.035794 -0.071675 -1.193196
  time 46
    0 0.216408 0.027350 38.207531 1.544600 0.003811 0.084120
    1 0.000005 3.345128 -2.981901 1.532333 0.086246 1.568327
    2 7.536097 -0.078127 0.035157 -0.011066 -0.017605 0.156021
    3 10.709628 1.417142 -1.937610 -1.754532 1.155190 3.083392
    4 6.028143 0.000001 0.000000 1.326112 0.116841 -0.985568
    5 11.692552 0.000000 0.000002 0.000000 0.000000 -0.226012
    6 10.736966 1.389792 1.937660 1.683958 -1.134454 3.085865
    7 6.028142 0.000001 0.000000 -1.127531 -0.029459 -0.941586
    8 11.692555 0.000000 0.000000 0.000000 0.000000 -0.219447
    9 15.117918 2.756415 -0.019532 3.157993 -0.024029 0.216578
    10 3.890452 -0.000004 -0.000003 -1.633465 -0.114552 -1.551508
    11 17.848177 0.000000 0.000000 0.000000 0.000000 0.307416
    12 16.525253 0.000000 0.000000 -0.021414 -0.028249 -1.151906
    13 -3.890452 0.000004 0.000007 -1.235472 0.057178 -1.561930
    14 17.848173 0.000000 0.000000 0.000000 0.000000 0.177591
    15 16.525257 0.000000 0.000000 -0.038097 -0.075374 -1.193566
  time 47
    0 0.204689 0.035162 38.203625 1.544004 0.003895 0.079900
    1 0.000005 3.345128 -2.981901 1.532333 0.086246 1.568303
    2 7.536097 -0.078127 0.035157 -0.011181 -0.017462 0.157227
    3 10.709628 1.417142 -1.937610 -1.752291 1.154914 3.086229
    4 6.028143 0.000001 0.000000 1.324607 0.118131 -0.985568
    5 11.692552 0.000000 0.000002 0.000000 0.000000 -0.225867
    6 10.733060 1.389792 1.937660 1.678906 -1.134670 3.091041
    7 6.028142 0.000001 0.000000 -1.125600 -0.029044 -0.940755
    8 11.692555 0.000000 0.000000 0.000000 0.000000 -0.221549
    9 15.117918 2.760322 -0.015625 3.157499 -0.024461 0.216535
    10 3.890452 -0.000004 -0.000003 -1.633373 -0.113564 -1.551164
    11 17.848177 0.000000 0.000000 0.000000 0.000000 0.307184
    12 16.525253 0.000000 0.000000 -0.023982 -0.031626 -1.151970
    13 -3.890452 0.000004 0.000007 -1.235472 0.055954 -1.562459
    14 17.848173 0.000000 0.000000 0.000000 0.000000 0.180455
    15 16.525257 0.000000 0.000000 -0.040471 -0.078873 -1.194307
  time 48
    0 0.196876 0.042975 38.203625 1.543583 0.003955 0.075973
    1 0.000005 3.345128 -2.981901 1.532333 0.086246 1.568315
    2 7.536097 -0.074221 0.035157 -0.011152 -0.017294 0.158222
    3 10.709628 1.421049 -1.937610 -1.753530 1.154521 3.085565
    4 6.028143 0.000001 0.000000 1.324105 0.118499 -0.985102
    5 11.692552 0.000000 0.000002 0.000000 0.000000 -0.226085
    6 10.733060 1.389792 1.937660 1.674711 -1.134974 3.095068
    7 6.028142 0.000001 0.000000 -1.123867 -0.028516 -0.940122
    8 11.692555 0.000000 0.000000 0.000000 0.000000 -0.223501
    9 15.117918 2.764228 -0.007813 3.157499 -0.024976 0.216513
    10 3.890452 -0.000004 -0.000003 -1.633373 -0.113160 -1.550907
    11 17.848177 0.000000 0.000000 0.000000 0.000000 0.307725
    12 16.525253 0.000000 0.000000 -0.026282 -0.034780 -1.152323
    13 -3.890452 0.000004 0.000007 -1.235472 0.054424 -1.563075
    14 17.848173 0.000000 0.000000 0.000000 0.000000 0.183484
    15 16.525257 0.000000 0.000000 -0.042631 -0.082130 -1.195122
  time 49
    0 0.196876 0.062507 38.199719 1.543232 0.004015 0.072398
    1 0.000005 3.345128 -2.981901 1.532333 0.086246 1.568327
    2 7.536097 -0.074221 0.035157 -0.011095 -0.017114 0.159090
    3 10.713534 1.421049 -1.933704 -1.758425 1.153779 3.081219
    4 6.028143 0.000001 0.000000 1.324941 0.118177 -0.983984
    5 11.692552 0.000000 0.000002 0.000000 0.000000 -0.226376
    6 10.729153 1.389792 1.941566 1.672423 -1.135191 3.096985
    7 6.028142 0.000001 0.000000 -1.122728 -0.028063 -0.939925
    8 11.692555 0.000000 0.000000 0.000000 0.000000 -0.225152
    9 15.117918 2.764228 0.000000 3.157796 -0.025527 0.216599
    10 3.890452 0.003902 -0.000003 -1.633373 -0.113205 -1.550907
    11 17.848177 0.000000 0.000000 0.000000 0.000000 0.308497
    12 16.525253 0.000000 0.000000 -0.028152 -0.037811 -1.152547
    13 -3.890452 -0.003903 0.000007 -1.235563 0.051889 -1.564220
    14 17.848173 0.000000 0.000000 0.000000 0.000000 0.188149
    15 16.525257 0.000000 0.000000 -0.044488 -0.085186 -1.196604
  time 50
    0 0.200782 0.082039 38.199719 1.542899 0.004051 0.069233
    1 0.000005 3.345128 -2.981901 1.532333 0.086246 1.568375
    2 7.536097 -0.070315 0.031251 -0.011124 -0.016934 0.159830
    3 10.713534 1.421049 -1.933704 -1.762613 1.153038 3.077055
    4 6.028143 0.000001 0.000000 1.325610 0.117670 -0.982959
    5 11.692552 0.000000 0.000002 0.000000 0.000000 -0.226376
    6 10.729153 1.385885 1.941566 1.672042 -1.135126 3.096985
    7 6.028142 0.000001 0.000000 -1.122332 -0.027421 -0.939608
    8 11.692555 0.000000 0.000000 0.000000 0.000000 -0.226128
    9 15.117918 2.760322 0.000000 3.158290 -0.026055 0.216835
    10 3.890452 0.003902 -0.000003 -1.633373 -0.113564 -1.550907
    11 17.848177 0.000000 0.000000 0.000000 0.000000 0.309424
    12 16.525253 0.000000 0.000000 -0.029800 -0.040496 -1.152771
    13 -3.890452 -0.003903 0.000007 -1.235563 0.050403 -1.564925
    14 17.848173 0.000000 0.000000 0.000000 0.000000 0.190359
    15 16.525257 0.000000 0.000000 -0.046166 -0.087860 -1.196678
  time 51
    0 0.196876 0.101571 38.199719 1.542636 0.004099 0.066537
    1 0.000005 3.345128 -2.981901 1.532333 0.086246 1.568447
    2 7.536097 -0.070315 0.031251 -0.011267 -0.016754 0.160486
    3 10.717441 1.421049 -1.933704 -1.763675 1.152660 3.075485
    4 6.028143 0.000001 0.000000 1.325276 0.117209 -0.982399
    5 11.692552 0.000000 0.000002 0.000000 0.000000 -0.226158
    6 10.729153 1.385885 1.941566 1.673281 -1.134995 3.095068
    7 6.028142 0.000001 0.000000 -1.122777 -0.026364 -0.939292
    8 11.692555 0.000000 0.000000 0.000000 0.000000 -0.226579
    9 15.121825 2.756415 0.003906 3.158735 -0.026486 0.217244
    10 3.890452 -0.000004 -0.000003 -1.633373 -0.114237 -1.550821
    11 17.848177 0.000000 0.000000 0.000000 0.000000 0.310892
    12 16.525253 0.000000 0.000000 -0.031314 -0.042734 -1.153219
    13 -3.890452 0.000004 0.000007 -1.235563 0.050490 -1.564925
    14 17.848173 0.000000 0.000000 0.000000 0.000000 0.189050
    15 16.525257 0.000000 0.000000 -0.047701 -0.090092 -1.195048
  time 52
    0 0.196876 0.121102 38.199719 1.542513 0.004111 0.064193
    1 0.000005 3.345128 -2.981901 1.532346 0.086246 1.568519
    2 7.536097 -0.070315 0.031251 -0.011497 -0.016539 0.160973
    3 10.717441 1.417142 -1.933704 -1.765150 1.152616 3.073071
    4 6.028143 0.000001 0.000000 1.325526 0.116242 -0.982399
    5 11.692552 0.000000 0.000002 0.000000 0.000000 -0.225649
    6 10.729153 1.381979 1.941566 1.675951 -1.134865 3.091521
    7 6.028142 0.000001 0.000000 -1.123867 -0.024854 -0.939054
    8 11.692555 0.000000 0.000000 0.000000 0.000000 -0.227029
    9 15.121825 2.748603 0.003906 3.158932 -0.026822 0.217738
    10 3.890452 -0.000004 -0.000003 -1.633373 -0.114641 -1.550821
    11 17.848177 0.000000 0.000000 0.000000 0.000000 0.311433
    12 16.525253 0.000000 0.000000 -0.032575 -0.044646 -1.153187
    13 -3.890452 0.000004 0.000007 -1.235563 0.049616 -1.565189
    14 17.848173 0.000000 0.000000 0.000000 0.000000 0.189623
    15 16.525257 0.000000 0.000000 -0.049022 -0.092002 -1.194492
  time 53
    0 0.200782 0.140634 38.199719 1.542671 0.004087 0.062142
    1 0.000005 3.345128 -2.981901 1.532346 0.086246 1.568543
    2 7.536097 -0.066408 0.031251 -0.011670 -0.016239 0.161312
    3 10.721347 1.413236 -1.933704 -1.769691 1.152209 3.067518
    4 6.028143 0.000001 0.000000 1.327366 0.114353 -0.981933
    5 11.692552 0.000000 0.000002 0.000000 0.000000 -0.225286
    6 10.733060 1.381979 1.941566 1.680431 -1.134909 3.085961
    7 6.028142 0.000001 0.000000 -1.125451 -0.022930 -0.939252
    8 11.692555 0.000000 0.000000 0.000000 0.000000 -0.227555
    9 15.125731 2.740790 0.000000 3.158784 -0.027037 0.218189
    10 3.890452 -0.000004 -0.000003 -1.633373 -0.114417 -1.551079
    11 17.848177 0.000000 0.000000 0.000000 0.000000 0.310042
    12 16.525253 0.000000 0.000000 -0.033495 -0.046518 -1.152066
    13 -3.890452 0.000004 0.000007 -1.235653 0.046206 -1.566510
    14 17.848173 0.000000 0.000000 0.000000 0.000000 0.195189
    15 16.525257 0.000000 0.000000 -0.050039 -0.093812 -1.196456
  time 54
    0 0.208595 0.160166 38.199719 1.543057 0.004027 0.060149
    1 0.000005 3.345128 -2.981901 1.532333 0.086246 1.568495
    2 7.536097 -0.066408 0.031251 -0.011698 -0.015760 0.161523
    3 10.721347 1.409329 -1.933704 -1.775590 1.151337 3.060215
    4 6.028143 0.000001 0.000000 1.330208 0.111634 -0.980815
    5 11.692552 0.000000 0.000002 0.000000 0.000000 -0.225068
    6 10.736966 1.381979 1.941566 1.687104 -1.135039 3.078004
    7 6.028142 0.000001 0.000000 -1.127332 -0.020325 -0.939846
    8 11.692555 0.000000 0.000000 0.000000 0.000000 -0.227855
    9 15.133544 2.729071 0.000000 3.158438 -0.027121 0.218532
    10 3.890452 0.003902 -0.000003 -1.633373 -0.113878 -1.551593
    11 17.848177 0.000000 0.000000 0.000000 0.000000 0.307416
    12 16.525253 0.000000 0.000000 -0.034312 -0.048430 -1.150337
    13 -3.890452 -0.003903 0.000007 -1.235744 0.042185 -1.568095
    14 17.848173 0.000000 0.000000 0.000000 0.000000 0.201655
    15 16.525257 0.000000 0.000000 -0.050932 -0.095662 -1.198939
  time 55
    0 0.216408 0.179698 38.199719 1.543635 0.003943 0.057980
    1 0.000005 3.345128 -2.981901 1.532333 0.086246 1.568339
    2 7.536097 -0.062502 0.031251 -0.011440 -0.015089 0.161714
    3 10.725253 1.405423 -1.937610 -1.780604 1.150464 3.053274
    4 6.028143 0.000001 0.000000 1.332633 0.108455 -0.979697
    5 11.692552 0.000000 0.000002 0.000000 0.000000 -0.224996
    6 10.736966 1.378073 1.937660 1.695684 -1.134822 3.067842
    7 6.028142 0.000001 0.000000 -1.129461 -0.016777 -0.940162
    8 11.692555 0.000000 0.000000 0.000000 0.000000 -0.228455
    9 15.137450 2.713445 0.000000 3.157944 -0.027109 0.218747
    10 3.890452 0.007809 -0.000003 -1.633373 -0.113744 -1.552108
    11 17.848177 0.000000 0.000000 0.000000 0.000000 0.305253
    12 16.525253 0.000000 0.000000 -0.035202 -0.050444 -1.148927
    13 -3.890452 -0.007809 0.000007 -1.235744 0.038994 -1.569416
    14 17.848173 0.000000 0.000000 0.000000 0.000000 0.205993
    15 16.525257 0.000000 0.000000 -0.051896 -0.097612 -1.200272
  time 56
    0 0.220314 0.195323 38.199719 1.544319 0.003847 0.055577
    1 0.000005 3.345128 -2.981901 1.532307 0.086246 1.568087
    2 7.536097 -0.062502 0.027345 -0.010951 -0.014214 0.161968
    3 10.729160 1.397610 -1.937610 -1.783494 1.150057 3.047782
    4 6.028143 0.000001 0.000000 1.334222 0.105230 -0.979231
    5 11.692552 0.000000 0.000002 0.000000 0.000000 -0.224923
    6 10.744779 1.374166 1.937660 1.704740 -1.134085 3.056722
    7 6.028142 0.000001 0.000000 -1.131293 -0.012739 -0.939925
    8 11.692555 0.000000 0.000000 0.000000 0.000000 -0.228981
    9 15.145263 2.697820 -0.003906 3.157400 -0.027133 0.218876
    10 3.890452 0.003902 -0.000003 -1.633373 -0.114552 -1.552451
    11 17.848177 0.000000 0.000000 0.000000 0.000000 0.305176
    12 16.525253 0.000000 0.000000 -0.036360 -0.052580 -1.148607
    13 -3.890452 -0.003903 0.000007 -1.235744 0.037945 -1.569856
    14 17.848173 0.000000 0.000000 0.000000 0.000000 0.205256
    15 16.525257 0.000000 0.000000 -0.053092 -0.099723 -1.199013
  time 57
    0 0.224221 0.210949 38.203625 1.544986 0.003739 0.052823
    1 0.000005 3.345128 -2.981901 1.532295 0.086246 1.567776
    2 7.536097 -0.058595 0.027345 -0.010261 -0.013195 0.162370
    3 10.733066 1.389798 -1.937610 -1.786266 1.149635 3.041927
    4 6.028143 0.000001 0.000000 1.335476 0.101636 -0.978858
    5 11.692552 0.000000 0.000002 0.000000 0.000000 -0.225359
    6 10.744779 1.374166 1.937660 1.714559 -1.132763 3.044643
    7 6.028142 0.000001 0.000000 -1.133076 -0.008436 -0.939094
    8 11.692555 0.000000 0.000000 0.000000 0.000000 -0.229131
    9 15.153076 2.678288 -0.007813 3.156758 -0.027289 0.219005
    10 3.890452 -0.000004 -0.000003 -1.633465 -0.116392 -1.552537
    11 17.848177 0.000000 0.000000 0.000000 0.000000 0.307339
    12 16.525253 0.000000 0.000000 -0.037799 -0.054879 -1.149536
    13 -3.890452 0.000004 0.000007 -1.235744 0.039038 -1.569416
    14 17.848173 0.000000 0.000000 0.000000 0.000000 0.199690
    15 16.525257 0.000000 0.000000 -0.054556 -0.102035 -1.195196
  time 58
    0 0.232033 0.234387 38.207531 1.545564 0.003667 0.049892
    1 0.000005 3.345128 -2.981901 1.532269 0.086246 1.567464
    2 7.536097 -0.054689 0.023438 -0.009600 -0.012092 0.162983
    3 10.740879 1.378078 -1.937610 -1.792106 1.148283 3.032934
    4 6.028143 0.000001 0.000000 1.337984 0.097444 -0.977460
    5 11.692552 0.000000 0.000002 0.000000 0.000000 -0.226448
    6 10.748685 1.370260 1.937660 1.724950 -1.131159 3.031701
    7 6.028142 0.000001 0.000000 -1.135056 -0.004133 -0.938105
    8 11.692555 0.000000 0.000000 0.000000 0.000000 -0.228831
    9 15.164795 2.654850 -0.011719 3.155868 -0.027505 0.219134
    10 3.890452 -0.000004 -0.000003 -1.633465 -0.118322 -1.552708
    11 17.848177 0.000000 0.000000 0.000000 0.000000 0.309656
    12 16.525253 0.000000 0.000000 -0.039269 -0.057442 -1.150401
    13 -3.890452 0.000004 0.000007 -1.235744 0.040218 -1.568976
    14 17.848173 0.000000 0.000000 0.000000 0.000000 0.193879
    15 16.525257 0.000000 0.000000 -0.056073 -0.104549 -1.191047
  time 59
    0 0.247659 0.257825 38.211438 1.545915 0.003619 0.046962
    1 0.000005 3.345128 -2.981901 1.532256 0.086246 1.567165
    2 7.536097 -0.050783 0.019532 -0.009140 -0.010942 0.163851
    3 10.744785 1.374172 -1.937610 -1.800304 1.146262 3.021768
    4 6.028143 0.000001 0.000000 1.341245 0.093297 -0.975502
    5 11.692552 0.000000 0.000002 0.000000 0.000000 -0.227392
    6 10.752591 1.366353 1.937660 1.735245 -1.129858 3.018567
    7 6.028142 0.000001 0.000000 -1.136987 0.000056 -0.937828
    8 11.692555 0.000000 0.000000 0.000000 0.000000 -0.228455
    9 15.172608 2.635318 -0.015625 3.154533 -0.027720 0.219435
    10 3.890452 -0.003910 -0.000003 -1.633556 -0.118861 -1.553223
    11 17.848177 0.000000 0.000000 0.000000 0.000000 0.309347
    12 16.525253 0.000000 0.000000 -0.040515 -0.060148 -1.149824
    13 -3.890452 0.003910 0.000007 -1.235744 0.039300 -1.569592
    14 17.848173 0.000000 0.000000 0.000000 0.000000 0.193060
    15 16.525257 0.000000 0.000000 -0.057412 -0.107182 -1.189379
  time 60
    0 0.263284 0.273451 38.211438 1.545950 0.003607 0.044266
    1 0.000005 3.345128 -2.981901 1.532230 0.086246 1.566877
    2 7.536097 -0.046876 0.019532 -0.009111 -0.009767 0.164909
    3 10.744785 1.366359 -1.941516 -1.809329 1.144023 3.009938
    4 6.028143 0.000001 0.000000 1.344338 0.089197 -0.973266
    5 11.692552 0.000000 0.000002 0.000000 0.000000 -0.227901
    6 10.756498 1.362447 1.933754 1.745350 -1.130075 3.005338
    7 6.028142 0.000001 0.000000 -1.138621 0.004435 -0.939608
    8 11.692555 0.000000 0.000000 0.000000 0.000000 -0.227930
    9 15.180420 2.611880 -0.015625 3.152655 -0.027828 0.220015
    10 3.890452 -0.000004 -0.000003 -1.633465 -0.117739 -1.553909
    11 17.848177 0.000000 0.000000 0.000000 0.000000 0.306798
    12 16.525253 0.000000 0.000000 -0.041465 -0.062772 -1.148447
    13 -3.890452 0.000004 0.000007 -1.235835 0.036065 -1.571442
    14 17.848173 0.000000 0.000000 0.000000 0.000000 0.198872
    15 16.525257 0.000000 0.000000 -0.058358 -0.109756 -1.191454
  time 61
    0 0.278910 0.273451 38.207531 1.545722 0.003643 0.041922
    1 0.000005 3.345128 -2.981901 1.532204 0.086246 1.566565
    2 7.536097 -0.042970 0.015625 -0.009658 -0.008569 0.166094
    3 10.752598 1.354640 -1.941516 -1.818000 1.141653 2.998712
    4 6.028143 0.000001 0.000000 1.346930 0.085372 -0.970749
    5 11.692552 0.000000 0.000002 0.000000 0.000000 -0.228917
    6 10.760404 1.358541 1.933754 1.754025 -1.131375 2.993546
    7 6.028142 0.000001 0.000000 -1.139710 0.008624 -0.942575
    8 11.692555 0.000000 0.000000 0.000000 0.000000 -0.227104
    9 15.188233 2.588441 -0.015625 3.150382 -0.027780 0.220831
    10 3.890452 -0.000004 -0.000003 -1.633465 -0.117200 -1.554424
    11 17.848177 0.000000 0.000000 0.000000 0.000000 0.306566
    12 16.525253 0.000000 0.000000 -0.042385 -0.065010 -1.148479
    13 -3.890452 0.000004 0.000007 -1.235925 0.034186 -1.572763
    14 17.848173 0.000000 0.000000 0.000000 0.000000 0.202964
    15 16.525257 0.000000 0.000000 -0.059179 -0.112008 -1.193122
  time 62
    0 0.286723 0.269544 38.203625 1.545406 0.003691 0.039929
    1 0.000005 3.345128 -2.981901 1.532191 0.086246 1.566218
    2 7.536097 -0.039064 0.015625 -0.010836 -0.007383 0.167301
    3 10.756504 1.350734 -1.941516 -1.824075 1.139137 2.990564
    4 6.028143 0.000001 0.000000 1.348017 0.082009 -0.968046
    5 11.692552 0.000000 0.000002 0.000000 0.000000 -0.230733
    6 10.764310 1.354634 1.933754 1.761270 -1.132091 2.983768
    7 6.028142 0.000001 0.000000 -1.140849 0.012889 -0.944434
    8 11.692555 0.000000 0.000000 0.000000 0.000000 -0.227104
    9 15.196046 2.568910 -0.011719 3.147515 -0.027517 0.221733
    10 3.890452 -0.000004 -0.000003 -1.633556 -0.117694 -1.554510
    11 17.848177 0.000000 0.000000 0.000000 0.000000 0.309115
    12 16.525253 0.000000 0.000000 -0.043306 -0.066760 -1.150145
    13 -3.890452 0.000004 0.000007 -1.236016 0.034142 -1.573203
    14 17.848173 0.000000 0.000000 0.000000 0.000000 0.203783
    15 16.525257 0.000000 0.000000 -0.059947 -0.113817 -1.193307
  time 63
    0 0.290629 0.261732 38.199719 1.545091 0.003739 0.038347
    1 0.000005 3.345128 -2.981901 1.532166 0.086246 1.565846
    2 7.536097 -0.039064 0.011719 -0.012647 -0.006220 0.168380
    3 10.760411 1.342921 -1.941516 -1.826553 1.137102 2.986460
    4 6.028143 0.000001 0.000000 1.347348 0.079798 -0.965716
    5 11.692552 0.000000 0.000002 0.000000 0.000000 -0.232621
    6 10.764310 1.350728 1.933754 1.766227 -1.132134 2.976962
    7 6.028142 0.000001 0.000000 -1.141691 0.016626 -0.944908
    8 11.692555 0.000000 0.000000 0.000000 0.000000 -0.227855
    9 15.203859 2.557190 -0.011719 3.143462 -0.026989 0.222442
    10 3.890452 -0.003910 -0.000003 -1.633556 -0.118053 -1.554510
    11 17.848177 0.000000 0.000000 0.000000 0.000000 0.311355
    12 16.525253 0.000000 0.000000 -0.044077 -0.068102 -1.151650
    13 -3.890452 0.003910 0.000007 -1.236016 0.033880 -1.573643
    14 17.848173 0.000000 0.000000 0.000000 0.000000 0.205174
    15 16.525257 0.000000 0.000000 -0.060572 -0.115245 -1.193974
  time 64
    0 0.290629 0.257825 38.199719 1.544915 0.003763 0.037116
    1 0.000005 3.345128 -2.981901 1.532140 0.086246 1.565463
    2 7.536097 -0.035157 0.011719 -0.015004 -0.005117 0.169184
    3 10.764317 1.342921 -1.937610 -1.827319 1.136447 2.984830
    4 6.028143 0.000001 0.000000 1.345760 0.078876 -0.964691
    5 11.692552 0.000000 0.000002 0.000000 0.000000 -0.233783
    6 10.768217 1.350728 1.937660 1.768420 -1.132026 2.973798
    7 6.028142 0.000001 0.000000 -1.141938 0.018815 -0.944829
    8 11.692555 0.000000 0.000000 0.000000 0.000000 -0.228380
    9 15.203859 2.549378 -0.007813 3.137334 -0.026198 0.222807
    10 3.890452 -0.003910 -0.000003 -1.633556 -0.118502 -1.554424
    11 17.848177 0.000000 0.000000 0.000000 0.000000 0.313364
    12 16.525253 0.000000 0.000000 -0.044775 -0.069120 -1.152963
    13 -3.890452 0.003910 0.000007 -1.236107 0.034055 -1.573731
    14 17.848173 0.000000 0.000000 0.000000 0.000000 0.205338
    15 16.525257 0.000000 0.000000 -0.061143 -0.116311 -1.194048
  time 65
    0 0.290629 0.253919 38.195812 1.544933 0.003763 0.036120
    1 0.000005 3.345128 -2.981901 1.532114 0.086246 1.565079
    2 7.536097 -0.035157 0.011719 -0.017706 -0.004111 0.169692
    3 10.764317 1.342921 -1.937610 -1.827319 1.137160 2.984589
    4 6.028143 0.000001 0.000000 1.344004 0.079014 -0.965250
    5 11.692552 0.000000 0.000002 0.000000 0.000000 -0.234218
    6 10.768217 1.346822 1.937660 1.770517 -1.131115 2.971785
    7 6.028142 0.000001 0.000000 -1.142532 0.020136 -0.943880
    8 11.692555 0.000000 0.000000 0.000000 0.000000 -0.228831
    9 15.207765 2.549378 -0.003906 3.137037 -0.025575 0.221604
    10 3.890452 -0.007817 -0.000003 -1.633556 -0.119265 -1.554338
    11 17.848177 0.000000 0.000000 0.000000 0.000000 0.315372
    12 16.525253 0.000000 0.000000 -0.045369 -0.069913 -1.154244
    13 -3.890452 0.007816 0.000007 -1.236107 0.035191 -1.573379
    14 17.848173 0.000000 0.000000 0.000000 0.000000 0.202964
    15 16.525257 0.000000 0.000000 -0.061643 -0.117175 -1.192714
  time 66
    0 0.290629 0.250013 38.195812 1.545126 0.003727 0.035299
    1 0.000005 3.345128 -2.981901 1.532088 0.086246 1.564720
    2 7.536097 -0.035157 0.007813 -0.020637 -0.003176 0.169861
    3 10.764317 1.346828 -1.937610 -1.825727 1.139196 2.986339
    4 6.028143 0.000001 0.000000 1.341747 0.080396 -0.966928
    5 11.692552 0.000000 0.000002 0.000000 0.000000 -0.234000
    6 10.764310 1.346822 1.937660 1.771661 -1.130118 2.971305
    7 6.028142 0.000001 0.000000 -1.142829 0.020740 -0.942970
    8 11.692555 0.000000 0.000000 0.000000 0.000000 -0.229431
    9 15.203859 2.553284 0.000000 3.136839 -0.024940 0.220680
    10 3.890452 -0.011723 -0.000003 -1.633556 -0.119893 -1.554338
    11 17.848177 0.000000 0.000000 0.000000 0.000000 0.316685
    12 16.525253 0.000000 0.000000 -0.045814 -0.070605 -1.155077
    13 -3.890452 0.011723 0.000007 -1.236107 0.035978 -1.573203
    14 17.848173 0.000000 0.000000 0.000000 0.000000 0.200754
    15 16.525257 0.000000 0.000000 -0.062018 -0.117899 -1.191528
  time 67
    0 0.294535 0.242200 38.195812 1.545529 0.003667 0.034654
    1 0.000005 3.345128 -2.981901 1.532063 0.086246 1.564384
    2 7.536097 -0.035157 0.007813 -0.023598 -0.002301 0.169734
    3 10.764317 1.350734 -1.937610 -1.823308 1.141042 2.989176
    4 6.028143 0.000001 0.000000 1.339907 0.082239 -0.967953
    5 11.692552 0.000000 0.000002 0.000000 0.000000 -0.234218
    6 10.764310 1.342915 1.937660 1.769945 -1.129641 2.973606
    7 6.028142 0.000001 0.000000 -1.141790 0.020551 -0.942535
    8 11.692555 0.000000 0.000000 0.000000 0.000000 -0.229957
    9 15.203859 2.557190 0.000000 3.136740 -0.024293 0.220015
    10 3.890452 -0.011723 -0.000003 -1.633556 -0.120207 -1.554424
    11 17.848177 0.000000 0.000000 0.000000 0.000000 0.317149
    12 16.525253 0.000000 0.000000 -0.046140 -0.071174 -1.155558
    13 -3.890452 0.011723 0.000007 -1.236107 0.035716 -1.573379
    14 17.848173 0.000000 0.000000 0.000000 0.000000 0.200754
    15 16.525257 0.000000 0.000000 -0.062232 -0.118522 -1.191640
  time 68
    0 0.298442 0.230481 38.195812 1.546178 0.003583 0.034244
    1 0.000005 3.345128 -2.981901 1.532037 0.086246 1.564085
    2 7.536097 -0.035157 0.007813 -0.026501 -0.001462 0.169417
    3 10.764317 1.358547 -1.933704 -1.823249 1.141740 2.990021
    4 6.028143 0.000001 0.000000 1.339740 0.083299 -0.967580
    5 11.692552 0.000000 0.000002 0.000000 0.000000 -0.235017
    6 10.764310 1.342915 1.941566 1.767753 -1.129034 2.976482
    7 6.028142 0.000001 0.000000 -1.140552 0.020249 -0.941823
    8 11.692555 0.000000 0.000000 0.000000 0.000000 -0.230933
    9 15.199952 2.561097 0.007813 3.136493 -0.023610 0.219563
    10 3.890452 -0.011723 -0.000003 -1.633556 -0.120342 -1.554681
    11 17.848177 0.000000 0.000000 0.000000 0.000000 0.316917
    12 16.525253 0.000000 0.000000 -0.046304 -0.071581 -1.155814
    13 -3.890452 0.011723 0.000007 -1.236107 0.034754 -1.573819
    14 17.848173 0.000000 0.000000 0.000000 0.000000 0.202228
    15 16.525257 0.000000 0.000000 -0.062250 -0.119005 -1.192640
  time 69
    0 0.298442 0.218762 38.195812 1.547072 0.003452 0.033951
    1 0.000005 3.345128 -2.981901 1.532011 0.086246 1.563809
    2 7.536097 -0.039064 0.007813 -0.029145 -0.000647 0.168930
    3 10.764317 1.358547 -1.933704 -1.826671 1.142089 2.987426
    4 6.028143 0.000001 0.000000 1.341328 0.083852 -0.967487
    5 11.692552 0.000000 0.000002 0.000000 0.000000 -0.235090
    6 10.760404 1.339009 1.941566 1.766132 -1.128406 2.978495
    7 6.028142 0.000001 0.000000 -1.139364 0.019457 -0.941190
    8 11.692555 0.000000 0.000000 0.000000 0.000000 -0.231008
    9 15.199952 2.565003 0.015625 3.136049 -0.022879 0.219241
    10 3.890452 -0.011723 -0.000003 -1.633556 -0.120791 -1.554853
    11 17.848177 0.000000 0.000000 0.000000 0.000000 0.316685
    12 16.525253 0.000000 0.000000 -0.046422 -0.071846 -1.156038
    13 -3.890452 0.011723 0.000007 -1.236107 0.034667 -1.573907
    14 17.848173 0.000000 0.000000 0.000000 0.000000 0.201000
    15 16.525257 0.000000 0.000000 -0.062268 -0.119327 -1.192269
  time 70
    0 0.302348 0.210949 38.199719 1.548142 0.003296 0.033658
    1 0.000005 3.345128 -2.981901 1.531985 0.086246 1.563557
    2 7.536097 -0.039064 0.007813 -0.031416 0.000084 0.168338
    3 10.764317 1.362453 -1.929797 -1.830859 1.142772 2.983804
    4 6.028143 0.000001 0.000000 1.343419 0.084681 -0.968233
    5 11.692552 0.000000 0.000002 0.000000 0.000000 -0.233928
    6 10.760404 1.339009 1.945473 1.764130 -1.127929 2.980509
    7 6.028142 0.000001 0.000000 -1.137631 0.018513 -0.940637
    8 11.692555 0.000000 0.000000 0.000000 0.000000 -0.230482
    9 15.199952 2.565003 0.023438 3.135258 -0.022040 0.219005
    10 3.890452 -0.011723 -0.000003 -1.633556 -0.121240 -1.555110
    11 17.848177 0.000000 0.000000 0.000000 0.000000 0.315913
    12 16.525253 0.000000 0.000000 -0.046571 -0.072151 -1.155974
    13 -3.890452 0.011723 0.000007 -1.236107 0.034710 -1.573819
    14 17.848173 0.000000 0.000000 0.000000 0.000000 0.199036
    15 16.525257 0.000000 0.000000 -0.062303 -0.119709 -1.191417
  time 71
    0 0.306254 0.199230 38.199719 1.549317 0.003116 0.033013
    1 0.000005 3.345128 -2.981901 1.531972 0.086246 1.563318
    2 7.536097 -0.039064 0.003906 -0.033227 0.000755 0.167660
    3 10.764317 1.366359 -1.925891 -1.831448 1.144983 2.982959
    4 6.028143 0.000001 0.000000 1.344338 0.086340 -0.970376
    5 11.692552 0.000000 0.000002 0.000000 0.000000 -0.232185
    6 10.756498 1.339009 1.949379 1.761366 -1.127192 2.982905
    7 6.028142 0.000001 0.000000 -1.135205 0.018249 -0.939529
    8 11.692555 0.000000 0.000000 0.000000 0.000000 -0.230783
    9 15.199952 2.565003 0.027345 3.134121 -0.021033 0.218855
    10 3.890452 -0.015629 -0.000003 -1.633556 -0.121599 -1.555367
    11 17.848177 0.000000 0.000000 0.000000 0.000000 0.315295
    12 16.525253 0.000000 0.000000 -0.046868 -0.072700 -1.156070
    13 -3.890452 0.015629 0.000007 -1.236107 0.034710 -1.573907
    14 17.848173 0.000000 0.000000 0.000000 0.000000 0.197235
    15 16.525257 0.000000 0.000000 -0.062446 -0.120352 -1.190750
  time 72
    0 0.306254 0.179698 38.199719 1.550544 0.002936 0.032017
    1 0.000005 3.345128 -2.981901 1.531947 0.086246 1.563102
    2 7.536097 -0.039064 0.003906 -0.034578 0.001294 0.166941
    3 10.768224 1.366359 -1.925891 -1.827142 1.148690 2.986279
    4 6.028143 0.000001 0.000000 1.343502 0.088321 -0.973732
    5 11.692552 0.000000 0.000002 0.000000 0.000000 -0.230515
    6 10.756498 1.335102 1.949379 1.759554 -1.126498 2.984343
    7 6.028142 0.000001 0.000000 -1.132531 0.018400 -0.938619
    8 11.692555 0.000000 0.000000 0.000000 0.000000 -0.231458
    9 15.199952 2.565003 0.035157 3.132688 -0.019834 0.218747
    10 3.890452 -0.015629 -0.000003 -1.633556 -0.122451 -1.555625
    11 17.848177 0.000000 0.000000 0.000000 0.000000 0.315990
    12 16.525253 0.000000 0.000000 -0.047402 -0.073555 -1.157063
    13 -3.890452 0.015629 0.000007 -1.236107 0.034579 -1.573995
    14 17.848173 0.000000 0.000000 0.000000 0.000000 0.195925
    15 16.525257 0.000000 0.000000 -0.062732 -0.121337 -1.190454
  time 73
    0 0.310161 0.156260 38.195812 1.551771 0.002756 0.030728
    1 0.000005 3.345128 -2.981901 1.531921 0.086246 1.562874
    2 7.536097 -0.042970 0.003906 -0.035440 0.001690 0.166200
    3 10.768224 1.366359 -1.921985 -1.823073 1.151264 2.989357
    4 6.028143 0.000001 0.000000 1.343252 0.089058 -0.975875
    5 11.692552 0.000000 0.000002 0.000000 0.000000 -0.230006
    6 10.756498 1.335102 1.953285 1.762509 -1.126086 2.981084
    7 6.028142 0.000001 0.000000 -1.131392 0.019268 -0.938817
    8 11.692555 0.000000 0.000000 0.000000 0.000000 -0.231458
    9 15.199952 2.561097 0.039064 3.130958 -0.018396 0.218661
    10 3.890452 -0.015629 -0.000003 -1.633556 -0.123125 -1.555882
    11 17.848177 0.000000 0.000000 0.000000 0.000000 0.316454
    12 16.525253 0.000000 0.000000 -0.048099 -0.074633 -1.158120
    13 -3.890452 0.015629 0.000007 -1.236107 0.033618 -1.574436
    14 17.848173 0.000000 0.000000 0.000000 0.000000 0.196580
    15 16.525257 0.000000 0.000000 -0.063142 -0.122584 -1.191232
  time 74
    0 0.314067 0.128915 38.199719 1.552999 0.002589 0.029262
    1 0.000005 3.345128 -2.981901 1.531908 0.086246 1.562646
    2 7.536097 -0.042970 0.003906 -0.035871 0.001918 0.165544
    3 10.772130 1.362453 -1.921985 -1.822601 1.151613 2.989417
    4 6.028143 0.000001 0.000000 1.345007 0.088644 -0.975689
    5 11.692552 0.000000 0.000002 0.000000 0.000000 -0.230515
    6 10.756498 1.335102 1.953285 1.768992 -1.126347 2.974469
    7 6.028142 0.000001 0.000000 -1.131541 0.020438 -0.940360
    8 11.692555 0.000000 0.000000 0.000000 0.000000 -0.229957
    9 15.203859 2.557190 0.042970 3.128981 -0.016695 0.218511
    10 3.890452 -0.015629 -0.000003 -1.633556 -0.122945 -1.556225
    11 17.848177 0.000000 0.000000 0.000000 0.000000 0.315449
    12 16.525253 0.000000 0.000000 -0.048871 -0.075935 -1.158408
    13 -3.890452 0.015629 0.000007 -1.236107 0.033006 -1.574876
    14 17.848173 0.000000 0.000000 0.000000 0.000000 0.196498
    15 16.525257 0.000000 0.000000 -0.063589 -0.124052 -1.191640
  time 75
    0 0.317973 0.109383 38.203625 1.554138 0.002421 0.027504
    1 0.000005 3.345128 -2.981901 1.531882 0.086246 1.562395
    2 7.536097 -0.042970 0.003906 -0.035900 0.001977 0.165036
    3 10.772130 1.362453 -1.921985 -1.825786 1.149941 2.986218
    4 6.028143 0.000001 0.000000 1.348686 0.087907 -0.973638
    5 11.692552 0.000000 0.000002 0.000000 0.000000 -0.231023
    6 10.756498 1.335102 1.953285 1.772996 -1.126997 2.970251
    7 6.028142 0.000001 0.000000 -1.130947 0.020249 -0.942140
    8 11.692555 0.000000 0.000000 0.000000 0.000000 -0.226954
    9 15.203859 2.557190 0.042970 3.126806 -0.014717 0.218210
    10 3.890452 -0.015629 -0.000003 -1.633556 -0.122003 -1.556654
    11 17.848177 0.000000 0.000000 0.000000 0.000000 0.312978
    12 16.525253 0.000000 0.000000 -0.049732 -0.077460 -1.157960
    13 -3.890452 0.015629 0.000007 -1.236107 0.033924 -1.574876
    14 17.848173 0.000000 0.000000 0.000000 0.000000 0.193142
    15 16.525257 0.000000 0.000000 -0.064142 -0.125740 -1.190195
  time 76
    0 0.321880 0.082039 38.207531 1.554945 0.002301 0.025570
    1 0.000005 3.345128 -2.981901 1.531857 0.086246 1.562143
    2 7.536097 -0.042970 0.003906 -0.035612 0.001834 0.164803
    3 10.772130 1.358547 -1.921985 -1.829502 1.146931 2.982657
    4 6.028143 0.000001 0.000000 1.352532 0.087077 -0.970563
    5 11.692552 0.000000 0.000002 0.000000 0.000000 -0.231531
    6 10.756498 1.335102 1.953285 1.770422 -1.127907 2.971977
    7 6.028142 0.000001 0.000000 -1.128224 0.018664 -0.943208
    8 11.692555 0.000000 0.000000 0.000000 0.000000 -0.224326
    9 15.203859 2.553284 0.042970 3.124631 -0.012488 0.217673
    10 3.890452 -0.015629 -0.000003 -1.633556 -0.120880 -1.556911
    11 17.848177 0.000000 0.000000 0.000000 0.000000 0.311046
    12 16.525253 0.000000 0.000000 -0.050771 -0.079108 -1.157928
    13 -3.890452 0.015629 0.000007 -1.236198 0.035016 -1.574788
    14 17.848173 0.000000 0.000000 0.000000 0.000000 0.190359
    15 16.525257 0.000000 0.000000 -0.064820 -0.127590 -1.189194
  time 77
    0 0.317973 0.046881 38.203625 1.555208 0.002265 0.023519
    1 0.000005 3.345128 -2.981901 1.531844 0.086246 1.561939
    2 7.536097 -0.042970 0.003906 -0.035095 0.001438 0.164825
    3 10.772130 1.358547 -1.921985 -1.826494 1.145142 2.985253
    4 6.028143 0.000001 0.000000 1.353117 0.087354 -0.968885
    5 11.692552 0.000000 0.000002 0.000000 0.000000 -0.231967
    6 10.756498 1.335102 1.953285 1.762605 -1.128926 2.978687
    7 6.028142 0.000001 0.000000 -1.124065 0.017003 -0.943168
    8 11.692555 0.000000 0.000000 0.000000 0.000000 -0.223651
    9 15.203859 2.549378 0.039064 3.122506 -0.010019 0.216878
    10 3.890452 -0.019536 -0.000003 -1.633648 -0.120746 -1.556825
    11 17.848177 0.000000 0.000000 0.000000 0.000000 0.312746
    12 16.525253 0.000000 0.000000 -0.052047 -0.080715 -1.159914
    13 -3.890452 0.019535 0.000007 -1.236198 0.036896 -1.574436
    14 17.848173 0.000000 0.000000 0.000000 0.000000 0.187331
    15 16.525257 0.000000 0.000000 -0.065659 -0.129460 -1.188231
  time 78
    0 0.314067 0.011724 38.199719 1.554928 0.002313 0.021468
    1 0.000005 3.345128 -2.981901 1.531831 0.086246 1.561820
    2 7.536097 -0.042970 0.003906 -0.034491 0.000767 0.164994
    3 10.772130 1.354640 -1.925891 -1.817410 1.145550 2.993159
    4 6.028143 0.000001 0.000000 1.350609 0.088874 -0.969537
    5 11.692552 0.000000 0.000002 0.000000 0.000000 -0.231822
    6 10.756498 1.335102 1.949379 1.756694 -1.128948 2.983768
    7 6.028142 0.000001 0.000000 -1.121391 0.016664 -0.941665
    8 11.692555 0.000000 0.000000 0.000000 0.000000 -0.224777
    9 15.207765 2.545471 0.035157 3.120578 -0.007347 0.215955
    10 3.890452 -0.023442 -0.000003 -1.633648 -0.120880 -1.556397
    11 17.848177 0.000000 0.000000 0.000000 0.000000 0.316299
    12 16.525253 0.000000 0.000000 -0.053413 -0.082241 -1.162861
    13 -3.890452 0.023442 0.000007 -1.236198 0.039300 -1.573907
    14 17.848173 0.000000 0.000000 0.000000 0.000000 0.184384
    15 16.525257 0.000000 0.000000 -0.066588 -0.131250 -1.187379
  time 79
    0 0.302348 -0.011714 38.195812 1.554261 0.002409 0.019416
    1 0.000005 3.345128 -2.981901 1.531844 0.086246 1.561844
    2 7.536097 -0.042970 0.007813 -0.033830 -0.000168 0.165057
    3 10.772130 1.354640 -1.925891 -1.808503 1.146044 3.001006
    4 6.028143 0.000001 0.000000 1.347766 0.090072 -0.970842
    5 11.692552 0.000000 0.000002 0.000000 0.000000 -0.231822
    6 10.760404 1.335102 1.949379 1.756122 -1.126910 2.984439
    7 6.028142 0.000001 0.000000 -1.121688 0.017909 -0.937987
    8 11.692555 0.000000 0.000000 0.000000 0.000000 -0.227705
    9 15.207765 2.545471 0.031251 3.118898 -0.004542 0.215138
    10 3.890452 -0.023442 -0.000003 -1.633648 -0.120746 -1.555882
    11 17.848177 0.000000 0.000000 0.000000 0.000000 0.319775
    12 16.525253 0.000000 0.000000 -0.054912 -0.083686 -1.165647
    13 -3.890452 0.023442 0.000007 -1.236288 0.041617 -1.573291
    14 17.848173 0.000000 0.000000 0.000000 0.000000 0.182256
    15 16.525257 0.000000 0.000000 -0.067677 -0.132918 -1.186897
  time 80
    0 0.286723 -0.042965 38.191906 1.553542 0.002517 0.017424
    1 0.000005 3.345128 -2.981901 1.531857 0.086246 1.562011
    2 7.536097 -0.042970 0.007813 -0.033284 -0.001306 0.164782
    3 10.772130 1.354640 -1.929797 -1.802841 1.145491 3.006377
    4 6.028143 0.000001 0.000000 1.346178 0.090487 -0.971588
    5 11.692552 0.000000 0.000002 0.000000 0.000000 -0.232330
    6 10.760404 1.335102 1.945473 1.756313 -1.125068 2.984727
    7 6.028142 0.000001 0.000000 -1.122777 0.019532 -0.934427
    8 11.692555 0.000000 0.000000 0.000000 0.000000 -0.230557
    9 15.207765 2.545471 0.027345 3.117662 -0.001654 0.214644
    10 3.890452 -0.027349 -0.000003 -1.633648 -0.120387 -1.555110
    11 17.848177 0.000000 0.000000 0.000000 0.000000 0.323019
    12 16.525253 0.000000 0.000000 -0.056514 -0.085028 -1.168306
    13 -3.890452 0.027348 0.000007 -1.236288 0.043627 -1.572586
    14 17.848173 0.000000 0.000000 0.000000 0.000000 0.180946
    15 16.525257 0.000000 0.000000 -0.068873 -0.134527 -1.186860
  time 81
    0 0.275003 -0.082029 38.188000 1.553086 0.002577 0.015665
    1 0.000005 3.345128 -2.981901 1.531869 0.086246 1.562251
    2 7.536097 -0.042970 0.011719 -0.032911 -0.002493 0.163957
    3 10.768224 1.354640 -1.929797 -1.801720 1.144866 3.008067
    4 6.028143 0.000001 0.000000 1.346178 0.090671 -0.972427
    5 11.692552 0.000000 0.000002 0.000000 0.000000 -0.231677
    6 10.760404 1.339009 1.945473 1.753739 -1.126000 2.987698
    7 6.028142 0.000001 0.000000 -1.122381 0.020098 -0.934427
    8 11.692555 0.000000 0.000000 0.000000 0.000000 -0.231458
    9 15.203859 2.549378 0.023438 3.116921 0.001234 0.214623
    10 3.890452 -0.023442 -0.000003 -1.633648 -0.118142 -1.554853
    11 17.848177 0.000000 0.000000 0.000000 0.000000 0.321938
    12 16.525253 0.000000 0.000000 -0.057731 -0.086269 -1.168946
    13 -3.890452 0.023442 0.000007 -1.236288 0.044021 -1.572851
    14 17.848173 0.000000 0.000000 0.000000 0.000000 0.183320
    15 16.525257 0.000000 0.000000 -0.069622 -0.136055 -1.188935
  time 82
    0 0.275003 -0.128905 38.191906 1.553016 0.002589 0.014669
    1 0.000005 3.345128 -2.981901 1.531895 0.086246 1.562503
    2 7.536097 -0.046876 0.011719 -0.032767 -0.003523 0.162581
    3 10.768224 1.354640 -1.933704 -1.804551 1.144488 3.006438
    4 6.028143 0.000001 0.000000 1.347599 0.090993 -0.973079
    5 11.692552 0.000000 0.000002 0.000000 0.000000 -0.229934
    6 10.760404 1.342915 1.941566 1.752119 -1.128016 2.990095
    7 6.028142 0.000001 0.000000 -1.122431 0.020287 -0.936800
    8 11.692555 0.000000 0.000000 0.000000 0.000000 -0.231008
    9 15.203859 2.557190 0.015625 3.116674 0.003991 0.215117
    10 3.890452 -0.015629 -0.000003 -1.633556 -0.113789 -1.555196
    11 17.848177 0.000000 0.000000 0.000000 0.000000 0.315990
    12 16.525253 0.000000 0.000000 -0.058251 -0.087144 -1.167281
    13 -3.890452 0.015629 0.000007 -1.236379 0.043321 -1.573731
    14 17.848173 0.000000 0.000000 0.000000 0.000000 0.187822
    15 16.525257 0.000000 0.000000 -0.069622 -0.137181 -1.192418
  time 83
    0 0.278910 -0.175782 38.195812 1.553227 0.002553 0.014610
    1 0.000005 3.345128 -2.981901 1.531908 0.086246 1.562670
    2 7.536097 -0.050783 0.015625 -0.032824 -0.004290 0.160761
    3 10.764317 1.354640 -1.933704 -1.808090 1.144154 3.004627
    4 6.028143 0.000001 0.000000 1.349355 0.091592 -0.972986
    5 11.692552 0.000000 0.000002 0.000000 0.000000 -0.228191
    6 10.760404 1.346822 1.941566 1.754025 -1.128731 2.989808
    7 6.028142 0.000001 0.000000 -1.124461 0.020853 -0.938659
    8 11.692555 0.000000 0.000000 0.000000 0.000000 -0.230632
    9 15.199952 2.565003 0.011719 3.116822 0.006544 0.216041
    10 3.890452 -0.011723 -0.000003 -1.633556 -0.109749 -1.555625
    11 17.848177 0.000000 0.000000 0.000000 0.000000 0.310197
    12 16.525253 0.000000 0.000000 -0.058162 -0.087307 -1.165679
    13 -3.890452 0.011723 0.000007 -1.236470 0.044414 -1.574084
    14 17.848173 0.000000 0.000000 0.000000 0.000000 0.188068
    15 16.525257 0.000000 0.000000 -0.069051 -0.137563 -1.193937
  time 84
    0 0.282816 -0.226564 38.195812 1.553630 0.002493 0.015138
    1 0.000005 3.345128 -2.981901 1.531908 0.086246 1.562706
    2 7.536097 -0.054689 0.015625 -0.032853 -0.004734 0.158687
    3 10.760411 1.358547 -1.937610 -1.807619 1.144052 3.006679
    4 6.028143 0.000001 0.000000 1.349522 0.091869 -0.972427
    5 11.692552 0.000000 0.000002 0.000000 0.000000 -0.228336
    6 10.756498 1.350728 1.937660 1.757171 -1.127560 2.988945
    7 6.028142 0.000001 0.000000 -1.127630 0.021910 -0.938382
    8 11.692555 0.000000 0.000000 0.000000 0.000000 -0.231608
    9 15.196046 2.576722 0.003906 3.117218 0.008929 0.217222
    10 3.890452 -0.011723 -0.000003 -1.633556 -0.108492 -1.555796
    11 17.848177 0.000000 0.000000 0.000000 0.000000 0.309579
    12 16.525253 0.000000 0.000000 -0.057895 -0.086839 -1.166768
    13 -3.890452 0.011723 0.000007 -1.236470 0.047780 -1.573291
    14 17.848173 0.000000 0.000000 0.000000 0.000000 0.182911
    15 16.525257 0.000000 0.000000 -0.068301 -0.137342 -1.192714
  time 85
    0 0.286723 -0.273441 38.195812 1.554086 0.002433 0.015665
    1 0.000005 3.345128 -2.981901 1.531895 0.086246 1.562563
    2 7.536097 -0.062502 0.015625 -0.032767 -0.004890 0.156508
    3 10.756504 1.358547 -1.937610 -1.801838 1.144343 3.013801
    4 6.028143 0.000001 0.000000 1.347516 0.091961 -0.972147
    5 11.692552 0.000000 0.000002 0.000000 0.000000 -0.229353
    6 10.756498 1.354634 1.937660 1.757552 -1.126108 2.990766
    7 6.028142 0.000001 0.000000 -1.129759 0.022627 -0.937354
    8 11.692555 0.000000 0.000000 0.000000 0.000000 -0.233260
    9 15.188233 2.588441 0.000000 3.117613 0.011182 0.218489
    10 3.890452 -0.011723 -0.000003 -1.633556 -0.108402 -1.555710
    11 17.848177 0.000000 0.000000 0.000000 0.000000 0.311355
    12 16.525253 0.000000 0.000000 -0.057687 -0.086290 -1.169138
    13 -3.890452 0.011723 0.000007 -1.236560 0.051233 -1.572410
    14 17.848173 0.000000 0.000000 0.000000 0.000000 0.177591
    15 16.525257 0.000000 0.000000 -0.067623 -0.137020 -1.191454
  time 86
    0 0.286723 -0.320317 38.191906 1.554489 0.002373 0.015900
    1 0.000005 3.345128 -2.981901 1.531869 0.086246 1.562287
    2 7.536097 -0.066408 0.015625 -0.032365 -0.004842 0.154455
    3 10.752598 1.362453 -1.937610 -1.794524 1.144692 3.022251
    4 6.028143 0.000001 0.000000 1.345175 0.092652 -0.971868
    5 11.692552 0.000000 0.000002 0.000000 0.000000 -0.229861
    6 10.756498 1.358541 1.937660 1.755836 -1.125696 2.994217
    7 6.028142 0.000001 0.000000 -1.130402 0.022552 -0.937393
    8 11.692555 0.000000 0.000000 0.000000 0.000000 -0.234086
    9 15.184327 2.600160 0.000000 3.117959 0.013387 0.219671
    10 3.890452 -0.015629 -0.000003 -1.633556 -0.107729 -1.555882
    11 17.848177 0.000000 0.000000 0.000000 0.000000 0.311819
    12 16.525253 0.000000 0.000000 -0.057553 -0.086066 -1.170676
    13 -3.890452 0.015629 0.000007 -1.236560 0.052850 -1.572322
    14 17.848173 0.000000 0.000000 0.000000 0.000000 0.176035
    15 16.525257 0.000000 0.000000 -0.067034 -0.137040 -1.191973
  time 87
    0 0.286723 -0.359381 38.188000 1.554857 0.002325 0.015841
    1 0.000005 3.345128 -2.981901 1.531844 0.086246 1.561915
    2 7.536097 -0.070315 0.015625 -0.031675 -0.004710 0.152592
    3 10.752598 1.362453 -1.937610 -1.790336 1.144939 3.027381
    4 6.028143 0.000001 0.000000 1.344422 0.092836 -0.971588
    5 11.692552 0.000000 0.000002 0.000000 0.000000 -0.230733
    6 10.752591 1.362447 1.937660 1.755264 -1.125588 2.996135
    7 6.028142 0.000001 0.000000 -1.131095 0.022514 -0.937749
    8 11.692555 0.000000 0.000000 0.000000 0.000000 -0.234011
    9 15.180420 2.607973 0.000000 3.118157 0.015580 0.220702
    10 3.890452 -0.015629 -0.000003 -1.633556 -0.107684 -1.555796
    11 17.848177 0.000000 0.000000 0.000000 0.000000 0.313518
    12 16.525253 0.000000 0.000000 -0.057702 -0.086066 -1.172758
    13 -3.890452 0.015629 0.000007 -1.236560 0.054380 -1.572058
    14 17.848173 0.000000 0.000000 0.000000 0.000000 0.174480
    15 16.525257 0.000000 0.000000 -0.066748 -0.137241 -1.192381
  time 88
    0 0.278910 -0.398445 38.184093 1.555173 0.002277 0.015665
    1 0.000005 3.345128 -2.981901 1.531805 0.086246 1.561544
    2 7.536097 -0.074221 0.015625 -0.030784 -0.004590 0.151005
    3 10.748692 1.366359 -1.937610 -1.789923 1.144881 3.028770
    4 6.028143 0.000001 0.000000 1.345342 0.092099 -0.971495
    5 11.692552 0.000000 0.000002 0.000000 0.000000 -0.232330
    6 10.752591 1.366353 1.937660 1.756885 -1.124612 2.995847
    7 6.028142 0.000001 0.000000 -1.132531 0.023080 -0.936919
    8 11.692555 0.000000 0.000000 0.000000 0.000000 -0.234086
    9 15.180420 2.615786 0.000000 3.118305 0.017737 0.221497
    10 3.890452 -0.019536 -0.000003 -1.633556 -0.108896 -1.555453
    11 17.848177 0.000000 0.000000 0.000000 0.000000 0.317767
    12 16.525253 0.000000 0.000000 -0.058103 -0.086025 -1.176057
    13 -3.890452 0.019535 0.000007 -1.236560 0.057484 -1.571001
    14 17.848173 0.000000 0.000000 0.000000 0.000000 0.169324
    15 16.525257 0.000000 0.000000 -0.066748 -0.137422 -1.190750
  time 89
    0 0.271097 -0.433602 38.180187 1.555471 0.002229 0.015607
    1 0.000005 3.345128 -2.981901 1.531779 0.086246 1.561244
    2 7.536097 -0.074221 0.015625 -0.029806 -0.004602 0.149672
    3 10.748692 1.366359 -1.937610 -1.791516 1.144256 3.027864
    4 6.028143 0.000001 0.000000 1.346930 0.091040 -0.971308
    5 11.692552 0.000000 0.000002 0.000000 0.000000 -0.233710
    6 10.752591 1.366353 1.937660 1.759459 -1.122922 2.994121
    7 6.028142 0.000001 0.000000 -1.134214 0.024099 -0.935099
    8 11.692555 0.000000 0.000000 0.000000 0.000000 -0.234161
    9 15.176514 2.615786 0.000000 3.118453 0.019823 0.222120
    10 3.890452 -0.027349 -0.000003 -1.633648 -0.110198 -1.555024
    11 17.848177 0.000000 0.000000 0.000000 0.000000 0.322015
    12 16.525253 0.000000 0.000000 -0.058474 -0.085801 -1.179228
    13 -3.890452 0.027348 0.000007 -1.236470 0.061199 -1.569680
    14 17.848173 0.000000 0.000000 0.000000 0.000000 0.162612
    15 16.525257 0.000000 0.000000 -0.066766 -0.137422 -1.188342
  time 90
    0 0.263284 -0.464853 38.176280 1.555699 0.002193 0.015900
    1 0.000005 3.345128 -2.981901 1.531766 0.086246 1.561136
    2 7.536097 -0.078127 0.015625 -0.028858 -0.004842 0.148529
    3 10.752598 1.366359 -1.937610 -1.792695 1.143587 3.026959
    4 6.028143 0.000001 0.000000 1.348184 0.090210 -0.971122
    5 11.692552 0.000000 0.000002 0.000000 0.000000 -0.234291
    6 10.748685 1.366353 1.937660 1.761080 -1.120927 2.992875
    7 6.028142 0.000001 0.000000 -1.135254 0.024967 -0.932924
    8 11.692555 0.000000 0.000000 0.000000 0.000000 -0.234311
    9 15.176514 2.615786 0.000000 3.118651 0.021776 0.222614
    10 3.890452 -0.027349 -0.000003 -1.633648 -0.110512 -1.554595
    11 17.848177 0.000000 0.000000 0.000000 0.000000 0.324024
    12 16.525253 0.000000 0.000000 -0.058652 -0.085354 -1.181150
    13 -3.890452 0.027348 0.000007 -1.236470 0.064390 -1.568447
    14 17.848173 0.000000 0.000000 0.000000 0.000000 0.157128
    15 16.525257 0.000000 0.000000 -0.066605 -0.137161 -1.186452
  time 91
    0 0.255472 -0.496104 38.176280 1.555892 0.002169 0.016544
    1 0.000005 3.345128 -2.981901 1.531779 0.086246 1.561232
    2 7.536097 -0.078127 0.015625 -0.028024 -0.005345 0.147598
    3 10.752598 1.366359 -1.937610 -1.791752 1.143732 3.027623
    4 6.028143 0.000001 0.000000 1.347934 0.089703 -0.971495
    5 11.692552 0.000000 0.000002 0.000000 0.000000 -0.234000
    6 10.748685 1.366353 1.937660 1.762033 -1.119714 2.991917
    7 6.028142 0.000001 0.000000 -1.135551 0.025609 -0.931856
    8 11.692555 0.000000 0.000000 0.000000 0.000000 -0.234011
    9 15.176514 2.615786 0.000000 3.118997 0.023562 0.223022
    10 3.890452 -0.027349 -0.000003 -1.633556 -0.109973 -1.554338
    11 17.848177 0.000000 0.000000 0.000000 0.000000 0.324410
    12 16.525253 0.000000 0.000000 -0.058577 -0.084601 -1.182239
    13 -3.890452 0.027348 0.000007 -1.236379 0.067362 -1.567390
    14 17.848173 0.000000 0.000000 0.000000 0.000000 0.152298
    15 16.525257 0.000000 0.000000 -0.066231 -0.136578 -1.185044
  time 92
    0 0.251565 -0.535168 38.176280 1.556120 0.002133 0.017599
    1 0.000005 3.345128 -2.981901 1.531805 0.086246 1.561532
    2 7.536097 -0.082034 0.015625 -0.027248 -0.006088 0.146815
    3 10.752598 1.366359 -1.937610 -1.789569 1.144183 3.029132
    4 6.028143 0.000001 0.000000 1.346847 0.088874 -0.971868
    5 11.692552 0.000000 0.000002 0.000000 0.000000 -0.233710
    6 10.748685 1.362447 1.937660 1.764321 -1.119410 2.989232
    7 6.028142 0.000001 0.000000 -1.135898 0.026628 -0.932330
    8 11.692555 0.000000 0.000000 0.000000 0.000000 -0.233410
    9 15.180420 2.611880 0.007813 3.119343 0.025144 0.223344
    10 3.890452 -0.027349 -0.000003 -1.633556 -0.108941 -1.554252
    11 17.848177 0.000000 0.000000 0.000000 0.000000 0.323715
    12 16.525253 0.000000 0.000000 -0.058206 -0.083604 -1.182815
    13 -3.890452 0.027348 0.000007 -1.236379 0.069854 -1.566598
    14 17.848173 0.000000 0.000000 0.000000 0.000000 0.148779
    15 16.525257 0.000000 0.000000 -0.065534 -0.135773 -1.184489
  time 93
    0 0.251565 -0.574231 38.176280 1.556506 0.002085 0.018772
    1 0.000005 3.345128 -2.981901 1.531831 0.086246 1.561963
    2 7.536097 -0.082034 0.015625 -0.026357 -0.007011 0.146286
    3 10.756504 1.362453 -1.933704 -1.787564 1.144517 3.030158
    4 6.028143 0.000001 0.000000 1.345676 0.087722 -0.971774
    5 11.692552 0.000000 0.000002 0.000000 0.000000 -0.233202
    6 10.748685 1.362447 1.941566 1.768515 -1.119020 2.984343
    7 6.028142 0.000001 0.000000 -1.136839 0.028666 -0.933042
    8 11.692555 0.000000 0.000000 0.000000 0.000000 -0.233560
    9 15.180420 2.607973 0.011719 3.119590 0.026522 0.223559
    10 3.890452 -0.023442 -0.000003 -1.633556 -0.106876 -1.554338
    11 17.848177 0.000000 0.000000 0.000000 0.000000 0.320779
    12 16.525253 0.000000 0.000000 -0.057642 -0.082587 -1.182399
    13 -3.890452 0.023442 0.000007 -1.236379 0.070247 -1.566686
    14 17.848173 0.000000 0.000000 0.000000 0.000000 0.149925
    15 16.525257 0.000000 0.000000 -0.064624 -0.134929 -1.186452
  time 94
    0 0.251565 -0.613295 38.176280 1.557049 0.002001 0.019709
    1 0.000005 3.345128 -2.981901 1.531869 0.086246 1.562443
    2 7.536097 -0.082034 0.015625 -0.025236 -0.007994 0.146053
    3 10.760411 1.362453 -1.933704 -1.787210 1.144895 3.029252
    4 6.028143 0.000001 0.000000 1.345007 0.086663 -0.971681
    5 11.692552 0.000000 0.000002 0.000000 0.000000 -0.232475
    6 10.748685 1.358541 1.941566 1.774044 -1.118023 2.977920
    7 6.028142 0.000001 0.000000 -1.138423 0.031384 -0.933201
    8 11.692555 0.000000 0.000000 0.000000 0.000000 -0.234461
    9 15.184327 2.600160 0.019532 3.119541 0.027744 0.223645
    10 3.890452 -0.015629 -0.000003 -1.633556 -0.104228 -1.554595
    11 17.848177 0.000000 0.000000 0.000000 0.000000 0.316145
    12 16.525253 0.000000 0.000000 -0.057138 -0.081834 -1.181022
    13 -3.890452 0.015629 0.000007 -1.236560 0.067319 -1.568007
    14 17.848173 0.000000 0.000000 0.000000 0.000000 0.157864
    15 16.525257 0.000000 0.000000 -0.063767 -0.134326 -1.191862
  time 95
    0 0.247659 -0.636733 38.172374 1.557698 0.001906 0.020061
    1 0.000005 3.345128 -2.981901 1.531895 0.086246 1.562886
    2 7.536097 -0.078127 0.019532 -0.023655 -0.008941 0.146201
    3 10.764317 1.358547 -1.929797 -1.789274 1.145142 3.025752
    4 6.028143 0.000001 0.000000 1.345342 0.086156 -0.971681
    5 11.692552 0.000000 0.000002 0.000000 0.000000 -0.231314
    6 10.748685 1.354634 1.945473 1.780622 -1.116874 2.970059
    7 6.028142 0.000001 0.000000 -1.140552 0.033761 -0.933161
    8 11.692555 0.000000 0.000000 0.000000 0.000000 -0.234836
    9 15.188233 2.588441 0.027345 3.119145 0.028919 0.223602
    10 3.890452 -0.011723 -0.000003 -1.633556 -0.102657 -1.554853
    11 17.848177 0.000000 0.000000 0.000000 0.000000 0.312823
    12 16.525253 0.000000 0.000000 -0.056930 -0.081570 -1.179997
    13 -3.890452 0.011723 0.000007 -1.236560 0.063909 -1.569328
    14 17.848173 0.000000 0.000000 0.000000 0.000000 0.165722
    15 16.525257 0.000000 0.000000 -0.063339 -0.134185 -1.196678
  time 96
    0 0.243752 -0.648452 38.168468 1.558294 0.001822 0.019709
    1 0.000005 3.345128 -2.981901 1.531921 0.086246 1.563222
    2 7.536097 -0.078127 0.019532 -0.021557 -0.009779 0.146773
    3 10.768224 1.354640 -1.929797 -1.793226 1.144939 3.020380
    4 6.028143 0.000001 0.000000 1.346094 0.085372 -0.971774
    5 11.692552 0.000000 0.000002 0.000000 0.000000 -0.230442
    6 10.748685 1.350728 1.945473 1.787200 -1.116159 2.961911
    7 6.028142 0.000001 0.000000 -1.142730 0.035611 -0.933319
    8 11.692555 0.000000 0.000000 0.000000 0.000000 -0.234161
    9 15.196046 2.576722 0.035157 3.118206 0.030045 0.223323
    10 3.890452 -0.007817 -0.000003 -1.633556 -0.103016 -1.554853
    11 17.848177 0.000000 0.000000 0.000000 0.000000 0.313209
    12 16.525253 0.000000 0.000000 -0.057212 -0.081773 -1.180509
    13 -3.890452 0.007816 0.000007 -1.236560 0.062729 -1.569680
    14 17.848173 0.000000 0.000000 0.000000 0.000000 0.167768
    15 16.525257 0.000000 0.000000 -0.063481 -0.134487 -1.198049
  time 97
    0 0.243752 -0.656265 38.168468 1.558820 0.001738 0.018947
    1 0.000005 3.345128 -2.981901 1.531947 0.086246 1.563461
    2 7.536097 -0.074221 0.015625 -0.018999 -0.010487 0.147683
    3 10.776036 1.354640 -1.925891 -1.799420 1.143892 3.012956
    4 6.028143 0.000001 0.000000 1.347348 0.083760 -0.971402
    5 11.692552 0.000000 0.000002 0.000000 0.000000 -0.230152
    6 10.748685 1.346822 1.949379 1.791680 -1.115812 2.955488
    7 6.028142 0.000001 0.000000 -1.144216 0.037007 -0.933477
    8 11.692555 0.000000 0.000000 0.000000 0.000000 -0.233560
    9 15.199952 2.561097 0.042970 3.116872 0.031124 0.222850
    10 3.890452 -0.011723 -0.000003 -1.633556 -0.103555 -1.554853
    11 17.848177 0.000000 0.000000 0.000000 0.000000 0.314059
    12 16.525253 0.000000 0.000000 -0.057746 -0.082384 -1.181278
    13 -3.890452 0.011723 0.000007 -1.236560 0.063035 -1.569504
    14 17.848173 0.000000 0.000000 0.000000 0.000000 0.166377
    15 16.525257 0.000000 0.000000 -0.063892 -0.135170 -1.197456
  time 98
    0 0.243752 -0.664078 38.168468 1.559241 0.001678 0.017951
    1 0.000005 3.345128 -2.981901 1.531947 0.086246 1.563617
    2 7.536097 -0.070315 0.015625 -0.016039 -0.011122 0.148910
    3 10.779943 1.350734 -1.921985 -1.807442 1.143121 3.003782
    4 6.028143 0.000001 0.000000 1.348770 0.082055 -0.971588
    5 11.692552 0.000000 0.000002 0.000000 0.000000 -0.229716
    6 10.748685 1.342915 1.953285 1.791966 -1.115942 2.952803
    7 6.028142 0.000001 0.000000 -1.144067 0.037423 -0.933636
    8 11.692555 0.000000 0.000000 0.000000 0.000000 -0.233185
    9 15.203859 2.549378 0.054689 3.115191 0.032155 0.222163
    10 3.890452 -0.011723 -0.000003 -1.633556 -0.104048 -1.554853
    11 17.848177 0.000000 0.000000 0.000000 0.000000 0.314909
    12 16.525253 0.000000 0.000000 -0.058340 -0.083177 -1.182047
    13 -3.890452 0.011723 0.000007 -1.236560 0.063691 -1.569328
    14 17.848173 0.000000 0.000000 0.000000 0.000000 0.164249
    15 16.525257 0.000000 0.000000 -0.064356 -0.136055 -1.196456
  time 99
    0 0.243752 -0.671891 38.168468 1.559574 0.001630 0.016896
    1 0.000005 3.345128 -2.981901 1.531960 0.086246 1.563737
    2 7.536097 -0.066408 0.015625 -0.012819 -0.011709 0.150307
    3 10.787755 1.346828 -1.918078 -1.816348 1.144110 2.993763
    4 6.028143 0.000001 0.000000 1.349857 0.081456 -0.973638
    5 11.692552 0.000000 0.000002 0.000000 0.000000 -0.228118
    6 10.748685 1.339009 1.957192 1.789011 -1.116245 2.953379
    7 6.028142 0.000001 0.000000 -1.142582 0.036517 -0.933715
    8 11.692555 0.000000 0.000000 0.000000 0.000000 -0.232434
    9 15.211671 2.537659 0.066408 3.113313 0.033125 0.221389
    10 3.890452 -0.011723 -0.000003 -1.633556 -0.104542 -1.554853
    11 17.848177 0.000000 0.000000 0.000000 0.000000 0.315913
    12 16.525253 0.000000 0.000000 -0.058889 -0.084011 -1.182783
    13 -3.890452 0.011723 0.000007 -1.236560 0.064128 -1.569240
    14 17.848173 0.000000 0.000000 0.000000 0.000000 0.162694
    15 16.525257 0.000000 0.000000 -0.064802 -0.136940 -1.195604
  time 100
    0 0.243752 -0.671891 38.168468 1.559820 0.001594 0.015958
    1 0.000005 3.345128 -2.981901 1.531972 0.086246 1.563869
    2 7.536097 -0.062502 0.015625 -0.009485 -0.012308 0.151788
    3 10.791662 1.342921 -1.914172 -1.823721 1.144677 2.985615
    4 6.028143 0.000001 0.000000 1.350609 0.081410 -0.974570
    5 11.692552 0.000000 0.000002 0.000000 0.000000 -0.227465
    6 10.744779 1.335102 1.961098 1.784817 -1.116310 2.955296
    7 6.028142 0.000001 0.000000 -1.140700 0.035007 -0.933477
    8 11.692555 0.000000 0.000000 0.000000 0.000000 -0.231608
    9 15.215578 2.529846 0.078127 3.111336 0.034024 0.220573
    10 3.890452 -0.011723 -0.000003 -1.633556 -0.104991 -1.554853
    11 17.848177 0.000000 0.000000 0.000000 0.000000 0.316685
    12 16.525253 0.000000 0.000000 -0.059468 -0.084784 -1.183328
    13 -3.890452 0.011723 0.000007 -1.236560 0.064346 -1.569152
    14 17.848173 0.000000 0.000000 0.000000 0.000000 0.161630
    15 16.525257 0.000000 0.000000 -0.065320 -0.137784 -1.194974
  time 101
    0 0.239846 -0.675797 38.168468 1.560048 0.001570 0.014903
    1 0.000005 3.345128 -2.981901 1.531985 0.086246 1.564025
    2 7.536097 -0.062502 0.011719 -0.006151 -0.012943 0.153227
    3 10.799474 1.342921 -1.910265 -1.832215 1.142322 2.977286
    4 6.028143 0.000001 0.000000 1.352699 0.080581 -0.971961
    5 11.692552 0.000000 0.000002 0.000000 0.000000 -0.228845
    6 10.744779 1.335102 1.965005 1.781099 -1.116028 2.957309
    7 6.028142 0.000001 0.000000 -1.139166 0.033535 -0.933042
    8 11.692555 0.000000 0.000000 0.000000 0.000000 -0.231158
    9 15.215578 2.522033 0.093753 3.109458 0.034839 0.219800
    10 3.890452 -0.011723 -0.000003 -1.633556 -0.105126 -1.554767
    11 17.848177 0.000000 0.000000 0.000000 0.000000 0.316917
    12 16.525253 0.000000 0.000000 -0.060106 -0.085598 -1.183648
    13 -3.890452 0.011723 0.000007 -1.236560 0.064521 -1.569064
    14 17.848173 0.000000 0.000000 0.000000 0.000000 0.160729
    15 16.525257 0.000000 0.000000 -0.065874 -0.138628 -1.194492
  time 102
    0 0.235940 -0.683610 38.168468 1.560346 0.001522 0.013849
    1 0.000005 3.345128 -2.981901 1.531998 0.086246 1.564240
    2 7.536097 -0.058595 0.011719 -0.002932 -0.013638 0.154539
    3 10.803381 1.339015 -1.906359 -1.841299 1.138803 2.969077
    4 6.028143 0.000001 0.000000 1.355542 0.079705 -0.968139
    5 11.692552 0.000000 0.000002 0.000000 0.000000 -0.230733
    6 10.744779 1.335102 1.968911 1.777857 -1.115682 2.959514
    7 6.028142 0.000001 0.000000 -1.137928 0.032063 -0.932766
    8 11.692555 0.000000 0.000000 0.000000 0.000000 -0.230933
    9 15.219484 2.518127 0.105472 3.107728 0.035570 0.219091
    10 3.890452 -0.011723 -0.000003 -1.633556 -0.104722 -1.554853
    11 17.848177 0.000000 0.000000 0.000000 0.000000 0.316145
    12 16.525253 0.000000 0.000000 -0.060744 -0.086452 -1.183488
    13 -3.890452 0.011723 0.000007 -1.236560 0.064608 -1.569064
    14 17.848173 0.000000 0.000000 0.000000 0.000000 0.160156
    15 16.525257 0.000000 0.000000 -0.066391 -0.139573 -1.194159
  time 103
    0 0.235940 -0.687516 38.172374 1.560749 0.001462 0.012794
    1 0.000005 3.345128 -2.981901 1.532024 0.086246 1.564504
    2 7.536097 -0.054689 0.011719 0.000086 -0.014370 0.155725
    3 10.807287 1.339015 -1.902453 -1.846195 1.137276 2.964973
    4 6.028143 0.000001 0.000000 1.356462 0.080443 -0.966089
    5 11.692552 0.000000 0.000002 0.000000 0.000000 -0.231386
    6 10.740872 1.331196 1.972817 1.773854 -1.115768 2.962773
    7 6.028142 0.000001 0.000000 -1.136690 0.030062 -0.933042
    8 11.692555 0.000000 0.000000 0.000000 0.000000 -0.230557
    9 15.219484 2.518127 0.117191 3.106196 0.036181 0.218489
    10 3.890452 -0.011723 -0.000003 -1.633556 -0.103600 -1.555024
    11 17.848177 0.000000 0.000000 0.000000 0.000000 0.313673
    12 16.525253 0.000000 0.000000 -0.061308 -0.087388 -1.182431
    13 -3.890452 0.011723 0.000007 -1.236560 0.064215 -1.569328
    14 17.848173 0.000000 0.000000 0.000000 0.000000 0.160238
    15 16.525257 0.000000 0.000000 -0.066855 -0.140559 -1.194233
  time 104
    0 0.235940 -0.695329 38.176280 1.561222 0.001390 0.011739
    1 0.000005 3.345128 -2.981901 1.532050 0.086246 1.564804
    2 7.536097 -0.054689 0.011719 0.002874 -0.015137 0.156783
    3 10.811194 1.342921 -1.898546 -1.847964 1.137567 2.963887
    4 6.028143 0.000001 0.000000 1.355877 0.082608 -0.965623
    5 11.692552 0.000000 0.000002 0.000000 0.000000 -0.230878
    6 10.736966 1.331196 1.976724 1.768515 -1.116267 2.967758
    7 6.028142 0.000001 0.000000 -1.135304 0.027307 -0.933675
    8 11.692555 0.000000 0.000000 0.000000 0.000000 -0.229957
    9 15.215578 2.518127 0.128910 3.105010 0.036673 0.217888
    10 3.890452 -0.007817 -0.000003 -1.633556 -0.102388 -1.555282
    11 17.848177 0.000000 0.000000 0.000000 0.000000 0.310737
    12 16.525253 0.000000 0.000000 -0.061857 -0.088283 -1.181150
    13 -3.890452 0.007816 0.000007 -1.236560 0.063603 -1.569592
    14 17.848173 0.000000 0.000000 0.000000 0.000000 0.160729
    15 16.525257 0.000000 0.000000 -0.067320 -0.141524 -1.194418
  time 105
    0 0.235940 -0.699235 38.176280 1.561626 0.001330 0.010742
    1 0.000005 3.345128 -2.981901 1.532076 0.086246 1.565151
    2 7.536097 -0.054689 0.011719 0.005375 -0.015892 0.157777
    3 10.811194 1.342921 -1.894640 -1.847315 1.139370 2.965275
    4 6.028143 0.000001 0.000000 1.353870 0.085925 -0.966741
    5 11.692552 0.000000 0.000002 0.000000 0.000000 -0.229353
    6 10.733060 1.335102 1.976724 1.762224 -1.116679 2.974086
    7 6.028142 0.000001 0.000000 -1.134115 0.024137 -0.934031
    8 11.692555 0.000000 0.000000 0.000000 0.000000 -0.229356
    9 15.215578 2.522033 0.140629 3.104169 0.037044 0.217179
    10 3.890452 -0.007817 -0.000003 -1.633556 -0.101669 -1.555282
    11 17.848177 0.000000 0.000000 0.000000 0.000000 0.308884
    12 16.525253 0.000000 0.000000 -0.062451 -0.089077 -1.180349
    13 -3.890452 0.007816 0.000007 -1.236560 0.063253 -1.569680
    14 17.848173 0.000000 0.000000 0.000000 0.000000 0.160647
    15 16.525257 0.000000 0.000000 -0.067819 -0.142368 -1.194344
  time 106
    0 0.232033 -0.699235 38.176280 1.561854 0.001306 0.009805
    1 0.000005 3.345128 -2.981901 1.532101 0.086246 1.565511
    2 7.536097 -0.050783 0.011719 0.007531 -0.016635 0.158751
    3 10.815100 1.346828 -1.894640 -1.844071 1.142860 2.969017
    4 6.028143 0.000001 0.000000 1.350275 0.090441 -0.970003
    5 11.692552 0.000000 0.000002 0.000000 0.000000 -0.226593
    6 10.729153 1.335102 1.980630 1.755741 -1.116744 2.980892
    7 6.028142 0.000001 0.000000 -1.133224 0.020966 -0.933873
    8 11.692555 0.000000 0.000000 0.000000 0.000000 -0.229131
    9 15.211671 2.529846 0.148442 3.103725 0.037272 0.216320
    10 3.890452 -0.007817 -0.000003 -1.633556 -0.101714 -1.555282
    11 17.848177 0.000000 0.000000 0.000000 0.000000 0.308884
    12 16.525253 0.000000 0.000000 -0.063030 -0.089809 -1.180445
    13 -3.890452 0.007816 0.000007 -1.236560 0.063516 -1.569592
    14 17.848173 0.000000 0.000000 0.000000 0.000000 0.159501
    15 16.525257 0.000000 0.000000 -0.068337 -0.143152 -1.193677
  time 107
    0 0.232033 -0.703141 38.180187 1.561783 0.001318 0.008867
    1 0.000005 3.345128 -2.981901 1.532127 0.086246 1.565870
    2 7.536097 -0.050783 0.011719 0.009370 -0.017294 0.159746
    3 10.815100 1.346828 -1.890734 -1.842596 1.146829 2.971190
    4 6.028143 0.000001 0.000000 1.347265 0.094818 -0.974198
    5 11.692552 0.000000 0.000002 0.000000 0.000000 -0.223180
    6 10.725247 1.339009 1.984536 1.749545 -1.116852 2.987698
    7 6.028142 0.000001 0.000000 -1.132482 0.018136 -0.933833
    8 11.692555 0.000000 0.000000 0.000000 0.000000 -0.229056
    9 15.207765 2.537659 0.156255 3.103626 0.037356 0.215246
    10 3.890452 -0.003910 -0.000003 -1.633556 -0.101176 -1.555282
    11 17.848177 0.000000 0.000000 0.000000 0.000000 0.308343
    12 16.525253 0.000000 0.000000 -0.063564 -0.090541 -1.180317
    13 -3.890452 0.003910 0.000007 -1.236560 0.064040 -1.569416
    14 17.848173 0.000000 0.000000 0.000000 0.000000 0.158519
    15 16.525257 0.000000 0.000000 -0.068801 -0.143916 -1.193122
  time 108
    0 0.232033 -0.710954 38.184093 1.561468 0.001354 0.008046
    1 0.000005 3.345128 -2.981901 1.532153 0.086246 1.566170
    2 7.536097 -0.050783 0.011719 0.010865 -0.017809 0.160634
    3 10.815100 1.350734 -1.890734 -1.843422 1.149970 2.971431
    4 6.028143 0.000001 0.000000 1.345676 0.098365 -0.977553
    5 11.692552 0.000000 0.000002 0.000000 0.000000 -0.219767
    6 10.721340 1.339009 1.984536 1.744016 -1.116765 2.994121
    7 6.028142 0.000001 0.000000 -1.131689 0.015758 -0.933833
    8 11.692555 0.000000 0.000000 0.000000 0.000000 -0.229056
    9 15.203859 2.545471 0.164068 3.104021 0.037284 0.214000
    10 3.890452 -0.003910 -0.000003 -1.633556 -0.098931 -1.555453
    11 17.848177 0.000000 0.000000 0.000000 0.000000 0.304867
    12 16.525253 0.000000 0.000000 -0.063980 -0.091294 -1.178779
    13 -3.890452 0.003910 0.000007 -1.236651 0.064346 -1.569592
    14 17.848173 0.000000 0.000000 0.000000 0.000000 0.158847
    15 16.525257 0.000000 0.000000 -0.069123 -0.144721 -1.193270
  time 109
    0 0.228127 -0.718767 38.188000 1.561117 0.001414 0.007284
    1 0.000005 3.345128 -2.981901 1.532166 0.086246 1.566374
    2 7.536097 -0.050783 0.007813 0.011986 -0.018109 0.161375
    3 10.815100 1.354640 -1.886827 -1.841889 1.152122 2.973906
    4 6.028143 0.000001 0.000000 1.343837 0.101360 -0.979417
    5 11.692552 0.000000 0.000002 0.000000 0.000000 -0.217298
    6 10.717434 1.339009 1.988443 1.738773 -1.116202 3.000257
    7 6.028142 0.000001 0.000000 -1.130650 0.013833 -0.933596
    8 11.692555 0.000000 0.000000 0.000000 0.000000 -0.229281
    9 15.199952 2.553284 0.167974 3.104812 0.037020 0.212625
    10 3.890452 -0.000004 -0.000003 -1.633556 -0.095879 -1.555625
    11 17.848177 0.000000 0.000000 0.000000 0.000000 0.300000
    12 16.525253 0.000000 0.000000 -0.064351 -0.091965 -1.176601
    13 -3.890452 0.000004 0.000007 -1.236651 0.064652 -1.569768
    14 17.848173 0.000000 0.000000 0.000000 0.000000 0.159420
    15 16.525257 0.000000 0.000000 -0.069337 -0.145444 -1.193751
  time 110
    0 0.232033 -0.726580 38.191906 1.561047 0.001414 0.006698
    1 0.000005 3.345128 -2.981901 1.532179 0.086246 1.566422
    2 7.536097 -0.050783 0.007813 0.012733 -0.018133 0.161841
    3 10.811194 1.358547 -1.886827 -1.837524 1.153794 2.979036
    4 6.028143 0.000001 0.000000 1.341663 0.103986 -0.979883
    5 11.692552 0.000000 0.000002 0.000000 0.000000 -0.216427
    6 10.713528 1.342915 1.988443 1.735150 -1.115487 3.004858
    7 6.028142 0.000001 0.000000 -1.129659 0.011870 -0.933596
    8 11.692555 0.000000 0.000000 0.000000 0.000000 -0.228831
    9 15.199952 2.561097 0.171880 3.106146 0.036589 0.211186
    10 3.890452 -0.000004 -0.000003 -1.633556 -0.094353 -1.555796
    11 17.848177 0.000000 0.000000 0.000000 0.000000 0.297683
    12 16.525253 0.000000 0.000000 -0.064559 -0.092474 -1.175641
    13 -3.890452 0.000004 0.000007 -1.236651 0.064914 -1.569944
    14 17.848173 0.000000 0.000000 0.000000 0.000000 0.159420
    15 16.525257 0.000000 0.000000 -0.069462 -0.145987 -1.193863
  time 111
    0 0.235940 -0.730486 38.191906 1.561363 0.001378 0.006347
    1 0.000005 3.345128 -2.981901 1.532166 0.086246 1.566314
    2 7.536097 -0.050783 0.007813 0.013107 -0.017893 0.161989
    3 10.811194 1.358547 -1.882921 -1.833041 1.155335 2.984106
    4 6.028143 0.000001 0.000000 1.339824 0.106244 -0.980256
    5 11.692552 0.000000 0.000002 0.000000 0.000000 -0.216209
    6 10.713528 1.342915 1.988443 1.732576 -1.114858 3.008214
    7 6.028142 0.000001 0.000000 -1.128620 0.009794 -0.933557
    8 11.692555 0.000000 0.000000 0.000000 0.000000 -0.227780
    9 15.196046 2.568910 0.175787 3.107926 0.036026 0.209661
    10 3.890452 -0.000004 -0.000003 -1.633556 -0.094308 -1.556053
    11 17.848177 0.000000 0.000000 0.000000 0.000000 0.296988
    12 16.525253 0.000000 0.000000 -0.064618 -0.092861 -1.175384
    13 -3.890452 0.000004 0.000007 -1.236651 0.064477 -1.570209
    14 17.848173 0.000000 0.000000 0.000000 0.000000 0.159665
    15 16.525257 0.000000 0.000000 -0.069497 -0.146389 -1.193900
  time 112
    0 0.239846 -0.726580 38.188000 1.561941 0.001294 0.006112
    1 0.000005 3.345128 -2.981901 1.532140 0.086246 1.566038
    2 7.536097 -0.050783 0.007813 0.013078 -0.017438 0.161904
    3 10.811194 1.362453 -1.882921 -1.830800 1.155699 2.986943
    4 6.028143 0.000001 0.000000 1.339238 0.107027 -0.979790
    5 11.692552 0.000000 0.000002 0.000000 0.000000 -0.217807
    6 10.709621 1.346822 1.988443 1.729335 -1.114685 3.012048
    7 6.028142 0.000001 0.000000 -1.126936 0.008020 -0.933121
    8 11.692555 0.000000 0.000000 0.000000 0.000000 -0.227179
    9 15.192140 2.572816 0.179693 3.110348 0.035319 0.207942
    10 3.890452 -0.000004 -0.000003 -1.633556 -0.096193 -1.556139
    11 17.848177 0.000000 0.000000 0.000000 0.000000 0.299614
    12 16.525253 0.000000 0.000000 -0.064692 -0.093125 -1.176665
    13 -3.890452 0.000004 0.000007 -1.236651 0.064084 -1.570297
    14 17.848173 0.000000 0.000000 0.000000 0.000000 0.159010
    15 16.525257 0.000000 0.000000 -0.069604 -0.146651 -1.193418
  time 113
    0 0.243752 -0.722673 38.184093 1.562555 0.001198 0.005819
    1 0.000005 3.345128 -2.981901 1.532114 0.086246 1.565667
    2 7.536097 -0.050783 0.007813 0.012589 -0.016874 0.161671
    3 10.811194 1.362453 -1.882921 -1.830976 1.153663 2.987607
    4 6.028143 0.000001 0.000000 1.340492 0.105599 -0.976994
    5 11.692552 0.000000 0.000002 0.000000 0.000000 -0.221438
    6 10.709621 1.346822 1.992349 1.725998 -1.115096 3.015499
    7 6.028142 0.000001 0.000000 -1.124906 0.006963 -0.932805
    8 11.692555 0.000000 0.000000 0.000000 0.000000 -0.227029
    9 15.192140 2.576722 0.179693 3.113461 0.034504 0.205902
    10 3.890452 -0.003910 -0.000003 -1.633556 -0.098393 -1.556139
    11 17.848177 0.000000 0.000000 0.000000 0.000000 0.302936
    12 16.525253 0.000000 0.000000 -0.064796 -0.093390 -1.178395
    13 -3.890452 0.003910 0.000007 -1.236651 0.063822 -1.570297
    14 17.848173 0.000000 0.000000 0.000000 0.000000 0.158028
    15 16.525257 0.000000 0.000000 -0.069712 -0.146912 -1.192825
  time 114
    0 0.247659 -0.726580 38.184093 1.563028 0.001127 0.005468
    1 0.000005 3.345128 -2.981901 1.532076 0.086246 1.565223
    2 7.536097 -0.050783 0.003906 0.011641 -0.016299 0.161354
    3 10.811194 1.362453 -1.882921 -1.830328 1.150828 2.988814
    4 6.028143 0.000001 0.000000 1.341830 0.103065 -0.973638
    5 11.692552 0.000000 0.000002 0.000000 0.000000 -0.225359
    6 10.709621 1.346822 1.992349 1.724854 -1.115378 3.016746
    7 6.028142 0.000001 0.000000 -1.123669 0.006850 -0.932686
    8 11.692555 0.000000 0.000000 0.000000 0.000000 -0.227029
    9 15.192140 2.576722 0.179693 3.117316 0.033605 0.203496
    10 3.890452 -0.003910 -0.000003 -1.633556 -0.099695 -1.556311
    11 17.848177 0.000000 0.000000 0.000000 0.000000 0.304867
    12 16.525253 0.000000 0.000000 -0.064885 -0.093715 -1.179516
    13 -3.890452 0.003910 0.000007 -1.236651 0.063647 -1.570473
    14 17.848173 0.000000 0.000000 0.000000 0.000000 0.157537
    15 16.525257 0.000000 0.000000 -0.069765 -0.147254 -1.192529
  time 115
    0 0.251565 -0.730486 38.180187 1.563309 0.001091 0.005175
    1 0.000005 3.345128 -2.981901 1.532037 0.086246 1.564768
    2 7.536097 -0.050783 0.003906 0.010118 -0.015796 0.161036
    3 10.811194 1.362453 -1.882921 -1.827437 1.150057 2.991469
    4 6.028143 0.000001 0.000000 1.342165 0.100991 -0.972800
    5 11.692552 0.000000 0.000002 0.000000 0.000000 -0.227973
    6 10.709621 1.346822 1.988443 1.726094 -1.115053 3.015499
    7 6.028142 0.000001 0.000000 -1.123520 0.007492 -0.932212
    8 11.692555 0.000000 0.000000 0.000000 0.000000 -0.226879
    9 15.192140 2.576722 0.179693 3.121962 0.032682 0.200746
    10 3.890452 -0.007817 -0.000003 -1.633648 -0.100951 -1.556311
    11 17.848177 0.000000 0.000000 0.000000 0.000000 0.307184
    12 16.525253 0.000000 0.000000 -0.065048 -0.094020 -1.180797
    13 -3.890452 0.007816 0.000007 -1.236651 0.063778 -1.570473
    14 17.848173 0.000000 0.000000 0.000000 0.000000 0.156718
    15 16.525257 0.000000 0.000000 -0.069872 -0.147576 -1.192121
  time 116
    0 0.247659 -0.730486 38.176280 1.563397 0.001079 0.004823
    1 0.000005 3.345128 -2.981901 1.531998 0.086246 1.564336
    2 7.536097 -0.054689 0.003906 0.007962 -0.015460 0.160761
    3 10.811194 1.362453 -1.882921 -1.826376 1.150464 2.992133
    4 6.028143 0.000001 0.000000 1.343168 0.099195 -0.973359
    5 11.692552 0.000000 0.000002 0.000000 0.000000 -0.229498
    6 10.709621 1.346822 1.988443 1.729621 -1.114273 3.012144
    7 6.028142 0.000001 0.000000 -1.124708 0.008775 -0.931421
    8 11.692555 0.000000 0.000000 0.000000 0.000000 -0.226428
    9 15.192140 2.576722 0.175787 3.127399 0.031759 0.197632
    10 3.890452 -0.011723 -0.000003 -1.633648 -0.102388 -1.556139
    11 17.848177 0.000000 0.000000 0.000000 0.000000 0.310197
    12 16.525253 0.000000 0.000000 -0.065286 -0.094285 -1.182495
    13 -3.890452 0.011723 0.000007 -1.236651 0.064303 -1.570209
    14 17.848173 0.000000 0.000000 0.000000 0.000000 0.155409
    15 16.525257 0.000000 0.000000 -0.070069 -0.147857 -1.191454
  time 117
    0 0.247659 -0.734392 38.176280 1.563309 0.001091 0.004413
    1 0.000005 3.345128 -2.981901 1.531960 0.086246 1.563989
    2 7.536097 -0.054689 0.007813 0.005174 -0.015328 0.160529
    3 10.811194 1.358547 -1.886827 -1.828735 1.150915 2.989478
    4 6.028143 0.000001 0.000000 1.345676 0.097582 -0.974291
    5 11.692552 0.000000 0.000002 0.000000 0.000000 -0.229861
    6 10.713528 1.346822 1.988443 1.735150 -1.114164 3.006967
    7 6.028142 0.000001 0.000000 -1.126788 0.010474 -0.931618
    8 11.692555 0.000000 0.000000 0.000000 0.000000 -0.225377
    9 15.192140 2.572816 0.171880 3.133528 0.030860 0.194238
    10 3.890452 -0.015629 -0.000003 -1.633648 -0.103510 -1.556053
    11 17.848177 0.000000 0.000000 0.000000 0.000000 0.313055
    12 16.525253 0.000000 0.000000 -0.065568 -0.094590 -1.184064
    13 -3.890452 0.015629 0.000007 -1.236651 0.065133 -1.569944
    14 17.848173 0.000000 0.000000 0.000000 0.000000 0.153854
    15 16.525257 0.000000 0.000000 -0.070283 -0.148199 -1.190713
  time 118
    0 0.251565 -0.738299 38.172374 1.563081 0.001127 0.003885
    1 0.000005 3.345128 -2.981901 1.531947 0.086246 1.563689
    2 7.536097 -0.054689 0.007813 0.001782 -0.015388 0.160359
    3 10.807287 1.358547 -1.890734 -1.831566 1.150959 2.986581
    4 6.028143 0.000001 0.000000 1.348184 0.096522 -0.974943
    5 11.692552 0.000000 0.000002 0.000000 0.000000 -0.229861
    6 10.713528 1.346822 1.984536 1.740012 -1.115010 3.002462
    7 6.028142 0.000001 0.000000 -1.128521 0.011795 -0.932884
    8 11.692555 0.000000 0.000000 0.000000 0.000000 -0.224402
    9 15.192140 2.572816 0.160161 3.140398 0.030009 0.190629
    10 3.890452 -0.015629 -0.000003 -1.633648 -0.103510 -1.556053
    11 17.848177 0.000000 0.000000 0.000000 0.000000 0.313827
    12 16.525253 0.000000 0.000000 -0.065761 -0.095058 -1.184609
    13 -3.890452 0.015629 0.000007 -1.236651 0.065614 -1.570032
    14 17.848173 0.000000 0.000000 0.000000 0.000000 0.153444
    15 16.525257 0.000000 0.000000 -0.070444 -0.148702 -1.190454
  time 119
    0 0.255472 -0.738299 38.176280 1.562783 0.001163 0.003123
    1 0.000005 3.345128 -2.981901 1.531921 0.086246 1.563425
    2 7.536097 -0.054689 0.011719 -0.002012 -0.015604 0.160169
    3 10.803381 1.362453 -1.890734 -1.830151 1.150057 2.987969
    4 6.028143 0.000001 0.000000 1.348853 0.095877 -0.974291
    5 11.692552 0.000000 0.000002 0.000000 0.000000 -0.230805
    6 10.717434 1.346822 1.980630 1.743062 -1.115422 3.000065
    7 6.028142 0.000001 0.000000 -1.129511 0.012587 -0.933359
    8 11.692555 0.000000 0.000000 0.000000 0.000000 -0.224251
    9 15.192140 2.576722 0.152348 3.147812 0.029218 0.186891
    10 3.890452 -0.015629 -0.000003 -1.633648 -0.102118 -1.556311
    11 17.848177 0.000000 0.000000 0.000000 0.000000 0.311896
    12 16.525253 0.000000 0.000000 -0.065983 -0.095831 -1.183744
    13 -3.890452 0.015629 0.000007 -1.236742 0.065483 -1.570473
    14 17.848173 0.000000 0.000000 0.000000 0.000000 0.154427
    15 16.525257 0.000000 0.000000 -0.070604 -0.149466 -1.190861
  time 120
    0 0.263284 -0.746112 38.180187 1.562485 0.001210 0.002068
    1 0.000005 3.345128 -2.981901 1.531895 0.086246 1.563162
    2 7.536097 -0.054689 0.015625 -0.006093 -0.015880 0.160000
    3 10.799474 1.362453 -1.894640 -1.823544 1.149272 2.994487
    4 6.028143 0.000001 0.000000 1.347265 0.096062 -0.973266
    5 11.692552 0.000000 0.000002 0.000000 0.000000 -0.231895
    6 10.721340 1.346822 1.980630 1.746113 -1.115465 2.998052
    7 6.028142 0.000001 0.000000 -1.130303 0.013078 -0.933082
    8 11.692555 0.000000 0.000000 0.000000 0.000000 -0.224477
    9 15.192140 2.580629 0.140629 3.155522 0.028475 0.183089
    10 3.890452 -0.011723 -0.000003 -1.633648 -0.100098 -1.556654
    11 17.848177 0.000000 0.000000 0.000000 0.000000 0.309038
    12 16.525253 0.000000 0.000000 -0.066354 -0.096848 -1.182559
    13 -3.890452 0.011723 0.000007 -1.236832 0.065439 -1.570913
    14 17.848173 0.000000 0.000000 0.000000 0.000000 0.155491
    15 16.525257 0.000000 0.000000 -0.070836 -0.150511 -1.191380
  time 121
    0 0.267191 -0.757831 38.180187 1.562257 0.001246 0.000779
    1 0.000005 3.345128 -2.981901 1.531869 0.086246 1.562874
    2 7.536097 -0.054689 0.015625 -0.010290 -0.016155 0.159788
    3 10.795568 1.366359 -1.898546 -1.813930 1.150842 3.003782
    4 6.028143 0.000001 0.000000 1.343670 0.097674 -0.974384
    5 11.692552 0.000000 0.000002 0.000000 0.000000 -0.231386
    6 10.725247 1.346822 1.976724 1.748782 -1.116137 2.996614
    7 6.028142 0.000001 0.000000 -1.130452 0.013078 -0.933280
    8 11.692555 0.000000 0.000000 0.000000 0.000000 -0.224477
    9 15.188233 2.584535 0.128910 3.163282 0.027780 0.179287
    10 3.890452 -0.011723 -0.000003 -1.633648 -0.099156 -1.556911
    11 17.848177 0.000000 0.000000 0.000000 0.000000 0.308497
    12 16.525253 0.000000 0.000000 -0.066889 -0.098028 -1.182719
    13 -3.890452 0.011723 0.000007 -1.236832 0.066095 -1.571177
    14 17.848173 0.000000 0.000000 0.000000 0.000000 0.155000
    15 16.525257 0.000000 0.000000 -0.071211 -0.151738 -1.191232
  time 122
    0 0.271097 -0.769550 38.176280 1.562204 0.001246 -0.000569
    1 0.000005 3.345128 -2.981901 1.531844 0.086246 1.562551
    2 7.536097 -0.058595 0.019532 -0.014429 -0.016383 0.159534
    3 10.787755 1.370266 -1.898546 -1.806970 1.153329 3.010904
    4 6.028143 0.000001 0.000000 1.340576 0.099287 -0.977087
    5 11.692552 0.000000 0.000002 0.000000 0.000000 -0.230006
    6 10.725247 1.346822 1.976724 1.751070 -1.117828 2.995847
    7 6.028142 0.000001 0.000000 -1.129858 0.012889 -0.934427
    8 11.692555 0.000000 0.000000 0.000000 0.000000 -0.224101
    9 15.188233 2.592348 0.121097 3.170992 0.027097 0.175614
    10 3.890452 -0.015629 -0.000003 -1.633648 -0.099425 -1.556997
    11 17.848177 0.000000 0.000000 0.000000 0.000000 0.310197
    12 16.525253 0.000000 0.000000 -0.067527 -0.099187 -1.184032
    13 -3.890452 0.015629 0.000007 -1.236832 0.067056 -1.571177
    14 17.848173 0.000000 0.000000 0.000000 0.000000 0.153444
    15 16.525257 0.000000 0.000000 -0.071675 -0.152984 -1.190491
  time 123
    0 0.275003 -0.777362 38.176280 1.562362 0.001234 -0.001858
    1 0.000005 3.345128 -2.981901 1.531818 0.086246 1.562227
    2 7.536097 -0.058595 0.023438 -0.018367 -0.016563 0.159153
    3 10.783849 1.374172 -1.902453 -1.805023 1.154143 3.013982
    4 6.028143 0.000001 0.000000 1.339656 0.099794 -0.978392
    5 11.692552 0.000000 0.000002 0.000000 0.000000 -0.230006
    6 10.729153 1.346822 1.972817 1.752214 -1.120212 2.996230
    7 6.028142 0.000001 0.000000 -1.128570 0.012210 -0.936246
    8 11.692555 0.000000 0.000000 0.000000 0.000000 -0.223801
    9 15.184327 2.604067 0.113285 3.178406 0.026450 0.172134
    10 3.890452 -0.019536 -0.000003 -1.633648 -0.100098 -1.557083
    11 17.848177 0.000000 0.000000 0.000000 0.000000 0.312128
    12 16.525253 0.000000 0.000000 -0.068120 -0.100306 -1.185410
    13 -3.890452 0.019535 0.000007 -1.236923 0.067668 -1.571177
    14 17.848173 0.000000 0.000000 0.000000 0.000000 0.152053
    15 16.525257 0.000000 0.000000 -0.072139 -0.154171 -1.189787
  time 124
    0 0.278910 -0.785175 38.172374 1.562695 0.001174 -0.003089
    1 0.000005 3.345128 -2.981901 1.531792 0.086246 1.561903
    2 7.536097 -0.058595 0.023438 -0.022017 -0.016730 0.158624
    3 10.779943 1.378078 -1.902453 -1.801130 1.154608 3.019113
    4 6.028143 0.000001 0.000000 1.338235 0.100485 -0.979137
    5 11.692552 0.000000 0.000002 0.000000 0.000000 -0.230733
    6 10.729153 1.350728 1.972817 1.752881 -1.122098 2.997381
    7 6.028142 0.000001 0.000000 -1.127332 0.010964 -0.937235
    8 11.692555 0.000000 0.000000 0.000000 0.000000 -0.224702
    9 15.180420 2.611880 0.105472 3.185375 0.025851 0.168977
    10 3.890452 -0.019536 -0.000003 -1.633648 -0.100727 -1.557254
    11 17.848177 0.000000 0.000000 0.000000 0.000000 0.313441
    12 16.525253 0.000000 0.000000 -0.068714 -0.101425 -1.186339
    13 -3.890452 0.019535 0.000007 -1.236923 0.067668 -1.571442
    14 17.848173 0.000000 0.000000 0.000000 0.000000 0.151398
    15 16.525257 0.000000 0.000000 -0.072604 -0.155337 -1.189342
  time 125
    0 0.282816 -0.785175 38.172374 1.563204 0.001103 -0.004437
    1 0.000005 3.345128 -2.981901 1.531766 0.086246 1.561628
    2 7.536097 -0.062502 0.027345 -0.025265 -0.016970 0.157926
    3 10.772130 1.381985 -1.902453 -1.789982 1.156135 3.031244
    4 6.028143 0.000001 0.000000 1.334473 0.102604 -0.980722
    5 11.692552 0.000000 0.000002 0.000000 0.000000 -0.231096
    6 10.729153 1.350728 1.968911 1.754311 -1.123507 2.998148
    7 6.028142 0.000001 0.000000 -1.126738 0.009115 -0.937868
    8 11.692555 0.000000 0.000000 0.000000 0.000000 -0.226053
    9 15.172608 2.627505 0.101566 3.191849 0.025359 0.166249
    10 3.890452 -0.023442 -0.000003 -1.633739 -0.101400 -1.557426
    11 17.848177 0.000000 0.000000 0.000000 0.000000 0.314368
    12 16.525253 0.000000 0.000000 -0.069352 -0.102625 -1.187011
    13 -3.890452 0.023442 0.000007 -1.236923 0.067275 -1.571706
    14 17.848173 0.000000 0.000000 0.000000 0.000000 0.151153
    15 16.525257 0.000000 0.000000 -0.073175 -0.156603 -1.189009
  time 126
    0 0.286723 -0.792988 38.172374 1.563835 0.001019 -0.006195
    1 0.000005 3.345128 -2.981901 1.531741 0.086246 1.561412
    2 7.536097 -0.066408 0.031251 -0.028111 -0.017342 0.156994
    3 10.768224 1.385891 -1.906359 -1.775708 1.158389 3.046394
    4 6.028143 0.000001 0.000000 1.330125 0.105645 -0.983425
    5 11.692552 0.000000 0.000002 0.000000 0.000000 -0.231241
    6 10.725247 1.354634 1.968911 1.753453 -1.125154 3.001120
    7 6.028142 0.000001 0.000000 -1.125402 0.006246 -0.938936
    8 11.692555 0.000000 0.000000 0.000000 0.000000 -0.226879
    9 15.168701 2.643131 0.093753 3.197682 0.025012 0.164015
    10 3.890452 -0.023442 -0.000003 -1.633739 -0.102567 -1.557683
    11 17.848177 0.000000 0.000000 0.000000 0.000000 0.316145
    12 16.525253 0.000000 0.000000 -0.070169 -0.104131 -1.188164
    13 -3.890452 0.023442 0.000007 -1.236923 0.066925 -1.571970
    14 17.848173 0.000000 0.000000 0.000000 0.000000 0.150416
    15 16.525257 0.000000 0.000000 -0.073889 -0.158172 -1.188453
  time 127
    0 0.294535 -0.796894 38.168468 1.564501 0.000911 -0.008423
    1 0.000005 3.345128 -2.981901 1.531728 0.086246 1.561256
    2 7.536097 -0.070315 0.031251 -0.030525 -0.017893 0.155873
    3 10.760411 1.393704 -1.906359 -1.766506 1.160773 3.057077
    4 6.028143 0.000001 0.000000 1.328536 0.108409 -0.986407
    5 11.692552 0.000000 0.000002 0.000000 0.000000 -0.230878
    6 10.725247 1.358541 1.968911 1.748782 -1.127300 3.007830
    7 6.028142 0.000001 0.000000 -1.122678 0.002472 -0.940201
    8 11.692555 0.000000 0.000000 0.000000 0.000000 -0.226579
    9 15.164795 2.654850 0.089846 3.202921 0.024844 0.162318
    10 3.890452 -0.023442 -0.000003 -1.633739 -0.103196 -1.558026
    11 17.848177 0.000000 0.000000 0.000000 0.000000 0.316994
    12 16.525253 0.000000 0.000000 -0.071222 -0.106104 -1.189029
    13 -3.890452 0.023442 0.000007 -1.237014 0.065964 -1.572586
    14 17.848173 0.000000 0.000000 0.000000 0.000000 0.151071
    15 16.525257 0.000000 0.000000 -0.074781 -0.160202 -1.188564
  time 128
    0 0.298442 -0.808613 38.168468 1.565203 0.000815 -0.011119
    1 0.000005 3.345128 -2.981901 1.531715 0.086246 1.561172
    2 7.536097 -0.074221 0.035157 -0.032479 -0.018648 0.154603
    3 10.756504 1.397610 -1.910265 -1.765209 1.162707 3.060457
    4 6.028143 0.000001 0.000000 1.330794 0.110206 -0.988551
    5 11.692552 0.000000 0.000002 0.000000 0.000000 -0.230733
    6 10.725247 1.362447 1.965005 1.744683 -1.129295 3.014157
    7 6.028142 0.000001 0.000000 -1.120401 -0.000887 -0.940993
    8 11.692555 0.000000 0.000000 0.000000 0.000000 -0.226203
    9 15.156982 2.670475 0.082034 3.207418 0.024856 0.161201
    10 3.890452 -0.023442 -0.000003 -1.633739 -0.102702 -1.558455
    11 17.848177 0.000000 0.000000 0.000000 0.000000 0.315836
    12 16.525253 0.000000 0.000000 -0.072484 -0.108525 -1.188901
    13 -3.890452 0.023442 0.000007 -1.237105 0.063734 -1.573819
    14 17.848173 0.000000 0.000000 0.000000 0.000000 0.154590
    15 16.525257 0.000000 0.000000 -0.075835 -0.162736 -1.190157
  time 129
    0 0.302348 -0.820333 38.164561 1.565921 0.000707 -0.014166
    1 0.000005 3.345128 -2.981901 1.531702 0.086246 1.561100
    2 7.536097 -0.078127 0.039064 -0.034060 -0.019535 0.153270
    3 10.748692 1.401517 -1.910265 -1.765739 1.163972 3.062086
    4 6.028143 0.000001 0.000000 1.333887 0.111035 -0.989669
    5 11.692552 0.000000 0.000002 0.000000 0.000000 -0.231677
    6 10.721340 1.366353 1.965005 1.743539 -1.130877 3.017608
    7 6.028142 0.000001 0.000000 -1.119460 -0.003039 -0.941269
    8 11.692555 0.000000 0.000000 0.000000 0.000000 -0.226729
    9 15.149169 2.686101 0.074221 3.211224 0.025024 0.160621
    10 3.890452 -0.023442 -0.000003 -1.633739 -0.102388 -1.558884
    11 17.848177 0.000000 0.000000 0.000000 0.000000 0.315218
    12 16.525253 0.000000 0.000000 -0.073953 -0.111170 -1.189189
    13 -3.890452 0.023442 0.000007 -1.237105 0.062073 -1.574876
    14 17.848173 0.000000 0.000000 0.000000 0.000000 0.156964
    15 16.525257 0.000000 0.000000 -0.077066 -0.165510 -1.191232
  time 130
    0 0.302348 -0.839864 38.164561 1.566167 0.000683 -0.011060
    1 0.000005 3.345128 -2.981901 1.531728 0.086246 1.561388
    2 7.536097 -0.078127 0.035157 -0.033342 -0.018552 0.152487
    3 10.748692 1.401517 -1.914172 -1.768984 1.162998 3.059008
    4 6.028143 0.000001 0.000000 1.334054 0.110206 -0.988364
    5 11.692552 0.000000 0.000002 0.000000 0.000000 -0.231531
    6 10.725247 1.366353 1.961098 1.744302 -1.131397 3.016746
    7 6.028142 0.000001 0.000000 -1.119955 -0.002171 -0.941467
    8 11.692555 0.000000 0.000000 0.000000 0.000000 -0.226804
    9 15.153076 2.682194 0.070315 3.212064 0.023358 0.159912
    10 3.890452 -0.023442 -0.000003 -1.633739 -0.102253 -1.558798
    11 17.848177 0.000000 0.000000 0.000000 0.000000 0.314677
    12 16.525253 0.000000 0.000000 -0.072350 -0.108545 -1.189189
    13 -3.890452 0.023442 0.000007 -1.237105 0.063297 -1.574260
    14 17.848173 0.000000 0.000000 0.000000 0.000000 0.155409
    15 16.525257 0.000000 0.000000 -0.075406 -0.162917 -1.191454
  time 131
    0 0.306254 -0.855490 38.168468 1.566430 0.000647 -0.007954
    1 0.000005 3.345128 -2.981901 1.531753 0.086246 1.561688
    2 7.536097 -0.078127 0.035157 -0.032623 -0.017557 0.151704
    3 10.748692 1.397610 -1.914172 -1.772228 1.161995 3.055870
    4 6.028143 0.000001 0.000000 1.334222 0.109331 -0.986966
    5 11.692552 0.000000 0.000002 0.000000 0.000000 -0.231386
    6 10.725247 1.366353 1.961098 1.745064 -1.131896 3.015883
    7 6.028142 0.000001 0.000000 -1.120450 -0.001265 -0.941705
    8 11.692555 0.000000 0.000000 0.000000 0.000000 -0.226804
    9 15.153076 2.682194 0.066408 3.212558 0.021644 0.159676
    10 3.890452 -0.019536 -0.000003 -1.633739 -0.101894 -1.558798
    11 17.848177 0.000000 0.000000 0.000000 0.000000 0.313750
    12 16.525253 0.000000 0.000000 -0.070703 -0.105901 -1.189029
    13 -3.890452 0.019535 0.000007 -1.237105 0.065002 -1.573555
    14 17.848173 0.000000 0.000000 0.000000 0.000000 0.152871
    15 16.525257 0.000000 0.000000 -0.073692 -0.160283 -1.191195
  time 132
    0 0.310161 -0.875022 38.168468 1.566675 0.000623 -0.004789
    1 0.000005 3.345128 -2.981901 1.531779 0.086246 1.561975
    2 7.536097 -0.082034 0.031251 -0.031876 -0.016539 0.150921
    3 10.748692 1.397610 -1.914172 -1.775472 1.160962 3.052671
    4 6.028143 0.000001 0.000000 1.334389 0.108455 -0.985568
    5 11.692552 0.000000 0.000002 0.000000 0.000000 -0.231241
    6 10.725247 1.370260 1.961098 1.745827 -1.132373 3.015020
    7 6.028142 0.000001 0.000000 -1.120995 -0.000359 -0.941942
    8 11.692555 0.000000 0.000000 0.000000 0.000000 -0.226879
    9 15.153076 2.682194 0.062502 3.212806 0.019882 0.159805
    10 3.890452 -0.019536 -0.000003 -1.633739 -0.101669 -1.558798
    11 17.848177 0.000000 0.000000 0.000000 0.000000 0.313132
    12 16.525253 0.000000 0.000000 -0.068996 -0.103215 -1.189093
    13 -3.890452 0.019535 0.000007 -1.237014 0.066444 -1.572939
    14 17.848173 0.000000 0.000000 0.000000 0.000000 0.150989
    15 16.525257 0.000000 0.000000 -0.071925 -0.157609 -1.191306
  time 133
    0 0.310161 -0.890647 38.164561 1.566903 0.000587 -0.001565
    1 0.000005 3.345128 -2.981901 1.531805 0.086246 1.562275
    2 7.536097 -0.082034 0.031251 -0.031100 -0.015520 0.150159
    3 10.748692 1.397610 -1.918078 -1.778716 1.159915 3.049532
    4 6.028143 0.000001 0.000000 1.334556 0.107534 -0.984170
    5 11.692552 0.000000 0.000002 0.000000 0.000000 -0.231023
    6 10.729153 1.370260 1.957192 1.746590 -1.132871 3.014061
    7 6.028142 0.000001 0.000000 -1.121490 0.000547 -0.942179
    8 11.692555 0.000000 0.000000 0.000000 0.000000 -0.226954
    9 15.153076 2.678288 0.058596 3.212756 0.018073 0.160277
    10 3.890452 -0.019536 -0.000003 -1.633739 -0.101849 -1.558627
    11 17.848177 0.000000 0.000000 0.000000 0.000000 0.313132
    12 16.525253 0.000000 0.000000 -0.067319 -0.100489 -1.189317
    13 -3.890452 0.019535 0.000007 -1.237014 0.067144 -1.572498
    14 17.848173 0.000000 0.000000 0.000000 0.000000 0.150416
    15 16.525257 0.000000 0.000000 -0.070229 -0.154874 -1.192010
  time 134
    0 0.306254 -0.906273 38.164561 1.567149 0.000563 0.001658
    1 0.000005 3.345128 -2.981901 1.531831 0.086246 1.562575
    2 7.536097 -0.082034 0.027345 -0.030324 -0.014477 0.149376
    3 10.748692 1.393704 -1.918078 -1.781960 1.158839 3.046333
    4 6.028143 0.000001 0.000000 1.334640 0.106658 -0.982772
    5 11.692552 0.000000 0.000002 0.000000 0.000000 -0.230878
    6 10.729153 1.370260 1.957192 1.747352 -1.133326 3.013103
    7 6.028142 0.000001 0.000000 -1.122035 0.001528 -0.942377
    8 11.692555 0.000000 0.000000 0.000000 0.000000 -0.226954
    9 15.153076 2.678288 0.054689 3.212558 0.016227 0.161050
    10 3.890452 -0.015629 -0.000003 -1.633739 -0.102118 -1.558369
    11 17.848177 0.000000 0.000000 0.000000 0.000000 0.313287
    12 16.525253 0.000000 0.000000 -0.065761 -0.097621 -1.189638
    13 -3.890452 0.015629 0.000007 -1.237014 0.067843 -1.571970
    14 17.848173 0.000000 0.000000 0.000000 0.000000 0.150007
    15 16.525257 0.000000 0.000000 -0.068641 -0.152039 -1.192862
  time 135
    0 0.298442 -0.925805 38.160655 1.567394 0.000527 0.004940
    1 0.000005 3.345128 -2.981901 1.531857 0.086246 1.562874
    2 7.536097 -0.082034 0.027345 -0.029548 -0.013435 0.148614
    3 10.748692 1.393704 -1.918078 -1.785263 1.157763 3.043134
    4 6.028143 0.000001 0.000000 1.334807 0.105691 -0.981374
    5 11.692552 0.000000 0.000002 0.000000 0.000000 -0.230660
    6 10.729153 1.370260 1.957192 1.748115 -1.133803 3.012144
    7 6.028142 0.000001 0.000000 -1.122579 0.002472 -0.942614
    8 11.692555 0.000000 0.000000 0.000000 0.000000 -0.227029
    9 15.153076 2.678288 0.050783 3.212064 0.014334 0.162081
    10 3.890452 -0.015629 -0.000003 -1.633739 -0.101984 -1.558112
    11 17.848177 0.000000 0.000000 0.000000 0.000000 0.313132
    12 16.525253 0.000000 0.000000 -0.064247 -0.094712 -1.189926
    13 -3.890452 0.015629 0.000007 -1.236923 0.069286 -1.571089
    14 17.848173 0.000000 0.000000 0.000000 0.000000 0.148451
    15 16.525257 0.000000 0.000000 -0.067034 -0.149164 -1.193270
  time 136
    0 0.298442 -0.949243 38.160655 1.567622 0.000491 0.008281
    1 0.000005 3.345128 -2.981901 1.531882 0.086246 1.563174
    2 7.536097 -0.085940 0.023438 -0.028743 -0.012368 0.147852
    3 10.748692 1.393704 -1.921985 -1.788507 1.156658 3.039936
    4 6.028143 0.000001 0.000000 1.334891 0.104769 -0.979976
    5 11.692552 0.000000 0.000002 0.000000 0.000000 -0.230515
    6 10.729153 1.370260 1.953285 1.748973 -1.134258 3.011090
    7 6.028142 0.000001 0.000000 -1.123124 0.003491 -0.942852
    8 11.692555 0.000000 0.000000 0.000000 0.000000 -0.227029
    9 15.156982 2.674381 0.046876 3.211471 0.012416 0.163392
    10 3.890452 -0.015629 -0.000003 -1.633739 -0.101939 -1.558026
    11 17.848177 0.000000 0.000000 0.000000 0.000000 0.312978
    12 16.525253 0.000000 0.000000 -0.062510 -0.091864 -1.190246
    13 -3.890452 0.015629 0.000007 -1.236923 0.070553 -1.570561
    14 17.848173 0.000000 0.000000 0.000000 0.000000 0.147060
    15 16.525257 0.000000 0.000000 -0.065231 -0.146369 -1.193714
  time 137
    0 0.306254 -0.968775 38.156749 1.567850 0.000467 0.011621
    1 0.000005 3.345128 -2.981901 1.531908 0.086246 1.563485
    2 7.536097 -0.085940 0.023438 -0.027909 -0.011301 0.147090
    3 10.748692 1.389798 -1.921985 -1.791752 1.155553 3.036676
    4 6.028143 0.000001 0.000000 1.334891 0.103802 -0.978578
    5 11.692552 0.000000 0.000002 0.000000 0.000000 -0.230297
    6 10.733060 1.370260 1.953285 1.749831 -1.134714 3.010035
    7 6.028142 0.000001 0.000000 -1.123718 0.004472 -0.943049
    8 11.692555 0.000000 0.000000 0.000000 0.000000 -0.227104
    9 15.156982 2.674381 0.046876 3.210631 0.010475 0.164895
    10 3.890452 -0.011723 -0.000003 -1.633739 -0.102298 -1.558026
    11 17.848177 0.000000 0.000000 0.000000 0.000000 0.313750
    12 16.525253 0.000000 0.000000 -0.060670 -0.089077 -1.191047
    13 -3.890452 0.011723 0.000007 -1.236923 0.071034 -1.570385
    14 17.848173 0.000000 0.000000 0.000000 0.000000 0.147551
    15 16.525257 0.000000 0.000000 -0.063303 -0.143575 -1.195159
  time 138
    0 0.310161 -0.992213 38.152842 1.568078 0.000431 0.015021
    1 0.000005 3.345128 -2.981901 1.531934 0.086246 1.563785
    2 7.536097 -0.085940 0.019532 -0.027105 -0.010223 0.146328
    3 10.744785 1.389798 -1.921985 -1.794996 1.154419 3.033477
    4 6.028143 0.000001 0.000000 1.334974 0.102834 -0.977087
    5 11.692552 0.000000 0.000002 0.000000 0.000000 -0.230152
    6 10.733060 1.370260 1.953285 1.750593 -1.135169 3.008981
    7 6.028142 0.000001 0.000000 -1.124263 0.005491 -0.943287
    8 11.692555 0.000000 0.000000 0.000000 0.000000 -0.227179
    9 15.156982 2.670475 0.042970 3.209692 0.008497 0.166592
    10 3.890452 -0.011723 -0.000003 -1.633739 -0.102612 -1.557940
    11 17.848177 0.000000 0.000000 0.000000 0.000000 0.314368
    12 16.525253 0.000000 0.000000 -0.058845 -0.086249 -1.191784
    13 -3.890452 0.011723 0.000007 -1.236923 0.071646 -1.570121
    14 17.848173 0.000000 0.000000 0.000000 0.000000 0.147715
    15 16.525257 0.000000 0.000000 -0.061411 -0.140780 -1.196419
  time 139
    0 0.314067 -1.011745 38.152842 1.568306 0.000395 0.018361
    1 0.000005 3.345128 -2.981901 1.531960 0.086246 1.564097
    2 7.536097 -0.089846 0.019532 -0.026271 -0.009144 0.145588
    3 10.744785 1.389798 -1.925891 -1.798240 1.153285 3.030279
    4 6.028143 0.000001 0.000000 1.335058 0.101867 -0.975689
    5 11.692552 0.000000 0.000002 0.000000 0.000000 -0.229934
    6 10.733060 1.370260 1.949379 1.751451 -1.135624 3.007926
    7 6.028142 0.000001 0.000000 -1.124807 0.006548 -0.943524
    8 11.692555 0.000000 0.000000 0.000000 0.000000 -0.227179
    9 15.156982 2.670475 0.039064 3.208654 0.006520 0.168461
    10 3.890452 -0.011723 -0.000003 -1.633739 -0.102657 -1.557940
    11 17.848177 0.000000 0.000000 0.000000 0.000000 0.314291
    12 16.525253 0.000000 0.000000 -0.057004 -0.083401 -1.192072
    13 -3.890452 0.011723 0.000007 -1.236832 0.072782 -1.569680
    14 17.848173 0.000000 0.000000 0.000000 0.000000 0.146569
    15 16.525257 0.000000 0.000000 -0.059536 -0.137925 -1.196938
  time 140
    0 0.321880 -1.027370 38.152842 1.568534 0.000372 0.021761
    1 0.000005 3.345128 -2.981901 1.531985 0.086246 1.564408
    2 7.536097 -0.089846 0.015625 -0.025437 -0.008054 0.144826
    3 10.744785 1.385891 -1.925891 -1.801425 1.152151 3.027080
    4 6.028143 0.000001 0.000000 1.335058 0.100853 -0.974198
    5 11.692552 0.000000 0.000002 0.000000 0.000000 -0.229716
    6 10.736966 1.374166 1.949379 1.752309 -1.136079 3.006872
    7 6.028142 0.000001 0.000000 -1.125402 0.007567 -0.943722
    8 11.692555 0.000000 0.000000 0.000000 0.000000 -0.227254
    9 15.156982 2.666569 0.035157 3.207468 0.004518 0.170459
    10 3.890452 -0.011723 -0.000003 -1.633739 -0.102477 -1.557940
    11 17.848177 0.000000 0.000000 0.000000 0.000000 0.313750
    12 16.525253 0.000000 0.000000 -0.055149 -0.080532 -1.192104
    13 -3.890452 0.011723 0.000007 -1.236832 0.074312 -1.569064
    14 17.848173 0.000000 0.000000 0.000000 0.000000 0.144523
    15 16.525257 0.000000 0.000000 -0.057644 -0.135070 -1.196901
  time 141
    0 0.325786 -1.042996 38.152842 1.568762 0.000336 0.025218
    1 0.000005 3.345128 -2.981901 1.532024 0.086246 1.564708
    2 7.536097 -0.089846 0.015625 -0.024633 -0.006963 0.144085
    3 10.744785 1.385891 -1.925891 -1.804669 1.150988 3.023881
    4 6.028143 0.000001 0.000000 1.335058 0.099886 -0.972800
    5 11.692552 0.000000 0.000002 0.000000 0.000000 -0.229571
    6 10.736966 1.374166 1.949379 1.753167 -1.136513 3.005721
    7 6.028142 0.000001 0.000000 -1.125946 0.008624 -0.943959
    8 11.692555 0.000000 0.000000 0.000000 0.000000 -0.227329
    9 15.160889 2.666569 0.031251 3.206232 0.002505 0.172542
    10 3.890452 -0.007817 -0.000003 -1.633739 -0.102477 -1.558026
    11 17.848177 0.000000 0.000000 0.000000 0.000000 0.313287
    12 16.525253 0.000000 0.000000 -0.053264 -0.077705 -1.192040
    13 -3.890452 0.007816 0.000007 -1.236832 0.075536 -1.568535
    14 17.848173 0.000000 0.000000 0.000000 0.000000 0.142886
    15 16.525257 0.000000 0.000000 -0.055770 -0.132195 -1.196975
  time 142
    0 0.294535 -0.992213 38.156749 1.568990 0.000300 0.028618
    1 0.000005 3.345128 -2.981901 1.532050 0.086246 1.565019
    2 7.536097 -0.093753 0.011719 -0.023770 -0.005860 0.143344
    3 10.744785 1.385891 -1.929797 -1.807854 1.149824 3.020682
    4 6.028143 0.000001 0.000000 1.335141 0.098872 -0.971308
    5 11.692552 0.000000 0.000002 0.000000 0.000000 -0.229353
    6 10.736966 1.374166 1.945473 1.754025 -1.136946 3.004667
    7 6.028142 0.000001 0.000000 -1.126540 0.009681 -0.944157
    8 11.692555 0.000000 0.000000 0.000000 0.000000 -0.227329
    9 15.160889 2.662662 0.027345 3.204947 0.000491 0.174712
    10 3.890452 -0.007817 -0.000003 -1.633648 -0.103959 -1.556997
    11 17.848177 0.000000 0.000000 0.000000 0.000000 0.311742
    12 16.525253 0.000000 0.000000 -0.052210 -0.074368 -1.189317
    13 -3.890452 0.007816 0.000007 -1.236560 0.073919 -1.567214
    14 17.848173 0.000000 0.000000 0.000000 0.000000 0.143213
    15 16.525257 0.000000 0.000000 -0.055430 -0.128616 -1.196419
  time 143
    0 0.259378 -0.937524 38.164561 1.569218 0.000264 0.032076
    1 0.000005 3.345128 -2.981901 1.532076 0.086246 1.565331
    2 7.536097 -0.093753 0.011719 -0.022937 -0.004770 0.142582
    3 10.744785 1.381985 -1.929797 -1.811040 1.148661 3.017483
    4 6.028143 0.000001 0.000000 1.335141 0.097858 -0.969910
    5 11.692552 0.000000 0.000002 0.000000 0.000000 -0.229135
    6 10.736966 1.374166 1.945473 1.754883 -1.137402 3.003516
    7 6.028142 0.000001 0.000000 -1.127134 0.010738 -0.944394
    8 11.692555 0.000000 0.000000 0.000000 0.000000 -0.227404
    9 15.160889 2.662662 0.023438 3.203613 -0.001510 0.176925
    10 3.890452 -0.007817 -0.000003 -1.633648 -0.105395 -1.555968
    11 17.848177 0.000000 0.000000 0.000000 0.000000 0.310119
    12 16.525253 0.000000 0.000000 -0.051186 -0.071012 -1.186467
    13 -3.890452 0.007816 0.000007 -1.236379 0.072170 -1.565893
    14 17.848173 0.000000 0.000000 0.000000 0.000000 0.143622
    15 16.525257 0.000000 0.000000 -0.055127 -0.124996 -1.195826
  time 144
    0 0.224221 -0.882834 38.168468 1.569446 0.000228 0.035475
    1 0.000005 3.345128 -2.981901 1.532101 0.086246 1.565643
    2 7.536097 -0.093753 0.007813 -0.022103 -0.003667 0.141842
    3 10.744785 1.381985 -1.929797 -1.814225 1.147498 3.014344
    4 6.028143 0.000001 0.000000 1.335141 0.096845 -0.968419
    5 11.692552 0.000000 0.000002 0.000000 0.000000 -0.228990
    6 10.740872 1.374166 1.945473 1.755741 -1.137835 3.002366
    7 6.028142 0.000001 0.000000 -1.127679 0.011795 -0.944592
    8 11.692555 0.000000 0.000000 0.000000 0.000000 -0.227479
    9 15.160889 2.658756 0.019532 3.202278 -0.003511 0.179158
    10 3.890452 -0.003910 -0.000003 -1.633556 -0.106921 -1.554938
    11 17.848177 0.000000 0.000000 0.000000 0.000000 0.308343
    12 16.525253 0.000000 0.000000 -0.050162 -0.067655 -1.183488
    13 -3.890452 0.003910 0.000007 -1.236107 0.070378 -1.564572
    14 17.848173 0.000000 0.000000 0.000000 0.000000 0.144031
    15 16.525257 0.000000 0.000000 -0.054877 -0.121377 -1.195159
  time 145
    0 0.185157 -0.824239 38.176280 1.569674 0.000192 0.038874
    1 0.000005 3.345128 -2.981901 1.532127 0.086246 1.565954
    2 7.536097 -0.093753 0.007813 -0.021270 -0.002565 0.141101
    3 10.744785 1.378078 -1.933704 -1.817351 1.146320 3.011146
    4 6.028143 0.000001 0.000000 1.335141 0.095831 -0.967021
    5 11.692552 0.000000 0.000002 0.000000 0.000000 -0.228772
    6 10.740872 1.374166 1.941566 1.756599 -1.138269 3.001311
    7 6.028142 0.000001 0.000000 -1.128273 0.012851 -0.944829
    8 11.692555 0.000000 0.000000 0.000000 0.000000 -0.227555
    9 15.160889 2.658756 0.015625 3.200944 -0.005513 0.181350
    10 3.890452 -0.003910 -0.000003 -1.633465 -0.108402 -1.553823
    11 17.848177 0.000000 0.000000 0.000000 0.000000 0.306489
    12 16.525253 0.000000 0.000000 -0.049168 -0.064278 -1.180381
    13 -3.890452 0.003910 0.000007 -1.235835 0.068542 -1.563251
    14 17.848173 0.000000 0.000000 0.000000 0.000000 0.144441
    15 16.525257 0.000000 0.000000 -0.054645 -0.117718 -1.194455
  time 146
    0 0.146093 -0.765643 38.180187 1.569884 0.000156 0.042332
    1 0.000005 3.345128 -2.981901 1.532153 0.086246 1.566254
    2 7.536097 -0.097659 0.003906 -0.020436 -0.001474 0.140360
    3 10.744785 1.378078 -1.933704 -1.820477 1.145157 3.008067
    4 6.028143 0.000001 0.000000 1.335141 0.094771 -0.965623
    5 11.692552 0.000000 0.000002 0.000000 0.000000 -0.228627
    6 10.740872 1.374166 1.941566 1.757457 -1.138702 3.000161
    7 6.028142 0.000001 0.000000 -1.128818 0.013908 -0.945027
    8 11.692555 0.000000 0.000000 0.000000 0.000000 -0.227555
    9 15.164795 2.654850 0.011719 3.199609 -0.007502 0.183519
    10 3.890452 -0.003910 -0.000003 -1.633465 -0.109884 -1.552794
    11 17.848177 0.000000 0.000000 0.000000 0.000000 0.304481
    12 16.525253 0.000000 0.000000 -0.048159 -0.060901 -1.177178
    13 -3.890452 0.003910 0.000007 -1.235653 0.066663 -1.561842
    14 17.848173 0.000000 0.000000 0.000000 0.000000 0.144768
    15 16.525257 0.000000 0.000000 -0.054431 -0.114079 -1.193640
  time 147
    0 0.110936 -0.707048 38.188000 1.570112 0.000120 0.045731
    1 0.000005 3.345128 -2.981901 1.532179 0.086246 1.566565
    2 7.536097 -0.097659 0.003906 -0.019631 -0.000372 0.139620
    3 10.744785 1.378078 -1.933704 -1.823603 1.143979 3.004929
    4 6.028143 0.000001 0.000000 1.335225 0.093758 -0.964132
    5 11.692552 0.000000 0.000002 0.000000 0.000000 -0.228409
    6 10.744779 1.374166 1.941566 1.758410 -1.139157 2.999106
    7 6.028142 0.000001 0.000000 -1.129362 0.014965 -0.945264
    8 11.692555 0.000000 0.000000 0.000000 0.000000 -0.227630
    9 15.164795 2.654850 0.007813 3.198373 -0.009480 0.185603
    10 3.890452 -0.000004 -0.000003 -1.633373 -0.111320 -1.551679
    11 17.848177 0.000000 0.000000 0.000000 0.000000 0.302395
    12 16.525253 0.000000 0.000000 -0.047164 -0.057544 -1.173879
    13 -3.890452 0.000004 0.000007 -1.235381 0.064827 -1.560433
    14 17.848173 0.000000 0.000000 0.000000 0.000000 0.145014
    15 16.525257 0.000000 0.000000 -0.054234 -0.110440 -1.192825
  time 148
    0 0.071872 -0.648452 38.191906 1.570340 0.000072 0.049131
    1 0.000005 3.345128 -2.981901 1.532204 0.086246 1.566877
    2 7.536097 -0.097659 0.000000 -0.018798 0.000707 0.138879
    3 10.744785 1.374172 -1.937610 -1.826671 1.142816 3.001851
    4 6.028143 0.000001 0.000000 1.335225 0.092744 -0.962734
    5 11.692552 0.000000 0.000002 0.000000 0.000000 -0.228264
    6 10.744779 1.374166 1.937660 1.759268 -1.139591 2.997956
    7 6.028142 0.000001 0.000000 -1.129957 0.016022 -0.945462
    8 11.692555 0.000000 0.000000 0.000000 0.000000 -0.227705
    9 15.164795 2.650943 0.003906 3.197187 -0.011445 0.187579
    10 3.890452 -0.000004 -0.000003 -1.633373 -0.112711 -1.550650
    11 17.848177 0.000000 0.000000 0.000000 0.000000 0.300232
    12 16.525253 0.000000 0.000000 -0.046155 -0.054208 -1.170548
    13 -3.890452 0.000004 0.000007 -1.235200 0.062991 -1.559112
    14 17.848173 0.000000 0.000000 0.000000 0.000000 0.145177
    15 16.525257 0.000000 0.000000 -0.054038 -0.106800 -1.191936
  time 149
    0 0.036715 -0.589857 38.199719 1.570568 0.000036 0.052471
    1 0.000005 3.345128 -2.981901 1.532230 0.086246 1.567177
    2 7.536097 -0.101566 0.000000 -0.017993 0.001786 0.138117
    3 10.744785 1.374172 -1.937610 -1.829738 1.141653 2.998833
    4 6.028143 0.000001 0.000000 1.335225 0.091685 -0.961336
    5 11.692552 0.000000 0.000002 0.000000 0.000000 -0.228046
    6 10.744779 1.374166 1.937660 1.760126 -1.140046 2.996902
    7 6.028142 0.000001 0.000000 -1.130501 0.017041 -0.945699
    8 11.692555 0.000000 0.000000 0.000000 0.000000 -0.227780
    9 15.164795 2.650943 0.000000 3.196149 -0.013387 0.189405
    10 3.890452 -0.000004 -0.000003 -1.633373 -0.114103 -1.549621
    11 17.848177 0.000000 0.000000 0.000000 0.000000 0.297992
    12 16.525253 0.000000 0.000000 -0.045131 -0.050892 -1.167185
    13 -3.890452 0.000004 0.000007 -1.234928 0.061199 -1.557791
    14 17.848173 0.000000 0.000000 0.000000 0.000000 0.145341
    15 16.525257 0.000000 0.000000 -0.053824 -0.103201 -1.191010
  time 150
    0 -0.002349 -0.531261 38.203625 1.570796 0.000000 0.055812
    1 0.000005 3.345128 -2.981901 1.532269 0.086246 1.567476
    2 7.536097 -0.101566 0.000000 -0.017188 0.002864 0.137376
    3 10.744785 1.374172 -1.937610 -1.832805 1.140490 2.995815
    4 6.028143 0.000001 0.000000 1.335309 0.090671 -0.959938
    5 11.692552 0.000000 0.000002 0.000000 0.000000 -0.227901
    6 10.744779 1.374166 1.937660 1.760984 -1.140501 2.995847
    7 6.028142 0.000001 0.000000 -1.131046 0.018060 -0.945897
    8 11.692555 0.000000 0.000000 0.000000 0.000000 -0.227855
    9 15.164795 2.650943 0.000000 3.195210 -0.015304 0.191102
    10 3.890452 -0.000004 -0.000003 -1.633282 -0.115404 -1.548677
    11 17.848177 0.000000 0.000000 0.000000 0.000000 0.295597
    12 16.525253 0.000000 0.000000 -0.044107 -0.047616 -1.163821
    13 -3.890452 0.000004 0.000007 -1.234746 0.059451 -1.556382
    14 17.848173 0.000000 0.000000 0.000000 0.000000 0.145341
    15 16.525257 0.000000 0.000000 -0.053592 -0.099622 -1.190083
end
