// Created by Crowbar 0.74
version 1
nodes
  0 "ValveBiped.Bip01_Spine" -1
  1 "ValveBiped.Bip01_Spine1" 0
  2 "ValveBiped.Bip01_Spine2" 1
  3 "ValveBiped.Bip01_Spine4" 2
  4 "ValveBiped.Bip01_Neck1" 3
  5 "ValveBiped.Bip01_Head1" 4
  6 "ValveBiped.Bip01_L_Clavicle" 3
  7 "ValveBiped.Bip01_L_UpperArm" 6
  8 "ValveBiped.Bip01_L_Forearm" 7
  9 "ValveBiped.Bip01_L_Hand" 8
  10 "ValveBiped.Bip01_L_Finger3" 9
  11 "ValveBiped.Bip01_L_Finger31" 10
  12 "ValveBiped.Bip01_L_Finger2" 9
  13 "ValveBiped.Bip01_L_Finger21" 12
  14 "ValveBiped.Bip01_L_Finger22" 13
  15 "ValveBiped.Bip01_L_Finger1" 9
  16 "ValveBiped.Bip01_L_Finger11" 15
  17 "ValveBiped.Bip01_L_Finger12" 16
  18 "ValveBiped.Bip01_R_Clavicle" 3
  19 "ValveBiped.Bip01_R_UpperArm" 18
  20 "ValveBiped.Bip01_R_Forearm" 19
  21 "ValveBiped.Bip01_R_Hand" 20
  22 "ValveBiped.Bip01_R_Finger3" 21
  23 "ValveBiped.Bip01_R_Finger31" 22
  24 "ValveBiped.Bip01_R_Finger32" 23
  25 "ValveBiped.Bip01_R_Finger2" 21
  26 "ValveBiped.Bip01_R_Finger21" 25
  27 "ValveBiped.Bip01_R_Finger22" 26
  28 "ValveBiped.Bip01_R_Finger1" 21
  29 "ValveBiped.Bip01_R_Finger11" 28
  30 "ValveBiped.Bip01_R_Finger12" 29
  31 "ValveBiped.HC_Body_Bone" 3
  32 "ValveBiped.HC_Head_Bone" 31
  33 "ValveBiped.HC_FangL_Bone1" 32
  34 "ValveBiped.HC_FangL_Bone2" 33
  35 "ValveBiped.HC_FangR_Bone1" 32
  36 "ValveBiped.HC_FangR_Bone2" 35
end
skeleton
  time 0
    0 4.497977 0.000000 41.699120 1.570800 -1.484503 -0.000004
    1 4.126704 0.000000 0.000000 0.000000 0.000000 -0.029242
    2 3.613468 0.000000 0.000000 0.000000 0.000000 0.100355
    3 9.183784 0.000000 0.000000 0.000000 0.000000 0.194628
    4 3.166100 0.000000 0.000000 3.141591 0.000000 -0.970156
    5 1.734697 -0.000001 0.000000 0.000000 0.000000 -0.422444
    6 1.673222 1.247215 2.595494 1.597167 -1.286515 2.942410
    7 6.028143 -0.000001 0.000000 -1.580047 -0.013594 -0.589175
    8 11.692555 0.000000 0.000001 0.000000 0.000000 -0.767230
    9 12.075547 0.000001 -0.000032 1.497010 0.461745 -0.134837
    10 5.564227 -0.209469 -0.526835 -0.143137 -0.019710 -0.640843
    11 5.508580 -0.000001 -0.000001 0.000000 -0.213723 -1.223992
    12 5.744636 0.209471 0.526837 0.085296 -0.117962 -0.637785
    13 6.052552 0.000000 0.000000 0.000000 -0.280945 -1.217796
    14 3.325015 0.000000 0.000000 0.000000 -0.096001 -1.230572
    15 5.613002 0.274427 1.782151 0.378929 -0.371446 -0.586631
    16 5.643136 0.000001 0.000000 0.000000 -0.192563 -1.225564
    17 3.079116 0.000000 -0.000001 0.000000 -0.064808 -1.231461
    18 1.673230 1.247220 -2.595441 -1.669005 1.286518 2.942401
    19 6.028143 0.000001 0.000000 1.639837 0.053459 -0.587171
    20 11.692555 0.000000 0.000001 0.000000 0.000000 -0.767230
    21 12.075578 -0.000001 0.000003 -1.569752 0.195545 0.020654
    22 5.943745 -0.452102 0.398078 0.147217 0.287840 -0.578718
    23 5.043453 0.000000 0.000000 0.000000 0.530358 -1.175525
    24 4.081745 0.000000 0.000000 0.000000 0.206790 -1.461372
    25 6.213901 0.452095 -0.398078 -0.094865 0.384803 -0.547821
    26 5.536297 -0.000001 0.000000 0.000000 0.618516 -1.150872
    27 3.312719 0.000000 -0.000002 0.000000 0.238651 -1.221912
    28 5.899517 1.061160 -1.488765 -0.397780 0.602637 -0.377010
    29 5.285243 0.000001 0.000000 0.000000 0.597561 -1.157329
    30 3.098848 0.000000 0.000000 0.000000 0.228027 -1.222829
    31 9.573584 0.263878 1.933152 2.803390 -0.068954 1.791758
    32 3.738597 -2.965120 -0.136397 0.215984 -0.078540 -0.078540
    33 1.884797 0.225917 -3.244098 -0.856219 -0.128452 -1.738723
    34 3.698875 -0.000002 0.000000 0.000000 0.000000 -0.664655
    35 1.884668 0.225917 3.247675 -2.285333 0.128458 -1.738718
    36 3.698877 0.000000 -0.000001 0.000000 0.000000 0.664655
  time 1
    0 4.497977 0.000000 41.699120 1.570800 -1.484503 -0.000004
    1 4.126704 0.000000 0.000000 0.000000 0.000000 -0.029242
    2 3.613468 0.000000 0.000000 0.000000 0.000000 0.100355
    3 9.183784 0.000000 0.000000 0.000000 0.000000 0.194628
    4 3.166100 0.000000 0.000000 3.141591 0.000000 -0.970156
    5 1.734697 -0.000001 0.000000 0.000000 0.000000 -0.422444
    6 1.673222 1.247215 2.595494 1.597167 -1.286515 2.942410
    7 6.028143 -0.000001 0.000000 -1.580047 -0.013594 -0.589175
    8 11.692555 0.000000 0.000001 0.000000 0.000000 -0.767230
    9 12.075547 0.000001 -0.000032 1.497010 0.461745 -0.134837
    10 5.564227 -0.209469 -0.526835 -0.143137 -0.019710 -0.640843
    11 5.508580 -0.000001 -0.000001 0.000000 -0.213723 -1.223992
    12 5.744636 0.209471 0.526837 0.085296 -0.117962 -0.637785
    13 6.052552 0.000000 0.000000 0.000000 -0.280945 -1.217796
    14 3.325015 0.000000 0.000000 0.000000 -0.096001 -1.230572
    15 5.613002 0.274427 1.782151 0.378929 -0.371446 -0.586631
    16 5.643136 0.000001 0.000000 0.000000 -0.192563 -1.225564
    17 3.079116 0.000000 -0.000001 0.000000 -0.064808 -1.231461
    18 1.673230 1.247220 -2.595441 -1.669005 1.286518 2.942401
    19 6.028143 0.000001 0.000000 1.639837 0.053459 -0.587171
    20 11.692555 0.000000 0.000001 0.000000 0.000000 -0.767230
    21 12.075578 -0.000001 0.000003 -1.569752 0.195545 0.020654
    22 5.943745 -0.452102 0.398078 0.147217 0.287840 -0.578718
    23 5.043453 0.000000 0.000000 0.000000 0.530358 -1.175525
    24 4.081745 0.000000 0.000000 0.000000 0.206790 -1.461372
    25 6.213901 0.452095 -0.398078 -0.094865 0.384803 -0.547821
    26 5.536297 -0.000001 0.000000 0.000000 0.618516 -1.150872
    27 3.312719 0.000000 -0.000002 0.000000 0.238651 -1.221912
    28 5.899517 1.061160 -1.488765 -0.397780 0.602637 -0.377010
    29 5.285243 0.000001 0.000000 0.000000 0.597561 -1.157329
    30 3.098848 0.000000 0.000000 0.000000 0.228027 -1.222829
    31 9.573584 0.263878 1.933152 2.803390 -0.068954 1.791758
    32 3.738597 -2.965120 -0.136397 0.215984 -0.078540 -0.078540
    33 1.884797 0.225917 -3.244098 -0.856219 -0.128452 -1.738723
    34 3.698875 -0.000002 0.000000 0.000000 0.000000 -0.664655
    35 1.884668 0.225917 3.247675 -2.285333 0.128458 -1.738718
    36 3.698877 0.000000 -0.000001 0.000000 0.000000 0.664655
  time 2
    0 4.497977 0.000000 41.699120 1.570800 -1.484503 -0.000004
    1 4.126704 0.000000 0.000000 0.000000 0.000000 -0.029242
    2 3.613468 0.000000 0.000000 0.000000 0.000000 0.100355
    3 9.183784 0.000000 0.000000 0.000000 0.000000 0.194628
    4 3.166100 0.000000 0.000000 3.141591 0.000000 -0.970156
    5 1.734697 -0.000001 0.000000 0.000000 0.000000 -0.422444
    6 1.673222 1.247215 2.595494 1.597167 -1.286515 2.942410
    7 6.028143 -0.000001 0.000000 -1.580047 -0.013594 -0.589175
    8 11.692555 0.000000 0.000001 0.000000 0.000000 -0.767230
    9 12.075547 0.000001 -0.000032 1.497010 0.461745 -0.134837
    10 5.564227 -0.209469 -0.526835 -0.143137 -0.019710 -0.640843
    11 5.508580 -0.000001 -0.000001 0.000000 -0.213723 -1.223992
    12 5.744636 0.209471 0.526837 0.085296 -0.117962 -0.637785
    13 6.052552 0.000000 0.000000 0.000000 -0.280945 -1.217796
    14 3.325015 0.000000 0.000000 0.000000 -0.096001 -1.230572
    15 5.613002 0.274427 1.782151 0.378929 -0.371446 -0.586631
    16 5.643136 0.000001 0.000000 0.000000 -0.192563 -1.225564
    17 3.079116 0.000000 -0.000001 0.000000 -0.064808 -1.231461
    18 1.673230 1.247220 -2.595441 -1.669005 1.286518 2.942401
    19 6.028143 0.000001 0.000000 1.639837 0.053459 -0.587171
    20 11.692555 0.000000 0.000001 0.000000 0.000000 -0.767230
    21 12.075578 -0.000001 0.000003 -1.569752 0.195545 0.020654
    22 5.943745 -0.452102 0.398078 0.147217 0.287840 -0.578718
    23 5.043453 0.000000 0.000000 0.000000 0.530358 -1.175525
    24 4.081745 0.000000 0.000000 0.000000 0.206790 -1.461372
    25 6.213901 0.452095 -0.398078 -0.094865 0.384803 -0.547821
    26 5.536297 -0.000001 0.000000 0.000000 0.618516 -1.150872
    27 3.312719 0.000000 -0.000002 0.000000 0.238651 -1.221912
    28 5.899517 1.061160 -1.488765 -0.397780 0.602637 -0.377010
    29 5.285243 0.000001 0.000000 0.000000 0.597561 -1.157329
    30 3.098848 0.000000 0.000000 0.000000 0.228027 -1.222829
    31 9.573584 0.263878 1.933152 2.803390 -0.068954 1.791758
    32 3.738597 -2.965120 -0.136397 0.215984 -0.078540 -0.078540
    33 1.884797 0.225917 -3.244098 -0.856219 -0.128452 -1.738723
    34 3.698875 -0.000002 0.000000 0.000000 0.000000 -0.664655
    35 1.884668 0.225917 3.247675 -2.285333 0.128458 -1.738718
    36 3.698877 0.000000 -0.000001 0.000000 0.000000 0.664655
  time 3
    0 4.497977 0.000000 41.699120 1.570800 -1.484503 -0.000004
    1 4.126704 0.000000 0.000000 0.000000 0.000000 -0.029242
    2 3.613468 0.000000 0.000000 0.000000 0.000000 0.100355
    3 9.183784 0.000000 0.000000 0.000000 0.000000 0.194628
    4 3.166100 0.000000 0.000000 3.141591 0.000000 -0.970156
    5 1.734697 -0.000001 0.000000 0.000000 0.000000 -0.422444
    6 1.673222 1.247215 2.595494 1.597167 -1.286515 2.942410
    7 6.028143 -0.000001 0.000000 -1.580047 -0.013594 -0.589175
    8 11.692555 0.000000 0.000001 0.000000 0.000000 -0.767230
    9 12.075547 0.000001 -0.000032 1.497010 0.461745 -0.134837
    10 5.564227 -0.209469 -0.526835 -0.143137 -0.019710 -0.640843
    11 5.508580 -0.000001 -0.000001 0.000000 -0.213723 -1.223992
    12 5.744636 0.209471 0.526837 0.085296 -0.117962 -0.637785
    13 6.052552 0.000000 0.000000 0.000000 -0.280945 -1.217796
    14 3.325015 0.000000 0.000000 0.000000 -0.096001 -1.230572
    15 5.613002 0.274427 1.782151 0.378929 -0.371446 -0.586631
    16 5.643136 0.000001 0.000000 0.000000 -0.192563 -1.225564
    17 3.079116 0.000000 -0.000001 0.000000 -0.064808 -1.231461
    18 1.673230 1.247220 -2.595441 -1.669005 1.286518 2.942401
    19 6.028143 0.000001 0.000000 1.639837 0.053459 -0.587171
    20 11.692555 0.000000 0.000001 0.000000 0.000000 -0.767230
    21 12.075578 -0.000001 0.000003 -1.569752 0.195545 0.020654
    22 5.943745 -0.452102 0.398078 0.147217 0.287840 -0.578718
    23 5.043453 0.000000 0.000000 0.000000 0.530358 -1.175525
    24 4.081745 0.000000 0.000000 0.000000 0.206790 -1.461372
    25 6.213901 0.452095 -0.398078 -0.094865 0.384803 -0.547821
    26 5.536297 -0.000001 0.000000 0.000000 0.618516 -1.150872
    27 3.312719 0.000000 -0.000002 0.000000 0.238651 -1.221912
    28 5.899517 1.061160 -1.488765 -0.397780 0.602637 -0.377010
    29 5.285243 0.000001 0.000000 0.000000 0.597561 -1.157329
    30 3.098848 0.000000 0.000000 0.000000 0.228027 -1.222829
    31 9.573584 0.263878 1.933152 2.803390 -0.068954 1.791758
    32 3.738597 -2.965120 -0.136397 0.215984 -0.078540 -0.078540
    33 1.884797 0.225917 -3.244098 -0.856219 -0.128452 -1.738723
    34 3.698875 -0.000002 0.000000 0.000000 0.000000 -0.664655
    35 1.884668 0.225917 3.247675 -2.285333 0.128458 -1.738718
    36 3.698877 0.000000 -0.000001 0.000000 0.000000 0.664655
  time 4
    0 4.497977 0.000000 41.699120 1.570800 -1.484503 -0.000004
    1 4.126704 0.000000 0.000000 0.000000 0.000000 -0.029242
    2 3.613468 0.000000 0.000000 0.000000 0.000000 0.100355
    3 9.183784 0.000000 0.000000 0.000000 0.000000 0.194628
    4 3.166100 0.000000 0.000000 3.141591 0.000000 -0.970156
    5 1.734697 -0.000001 0.000000 0.000000 0.000000 -0.422444
    6 1.673222 1.247215 2.595494 1.597167 -1.286515 2.942410
    7 6.028143 -0.000001 0.000000 -1.580047 -0.013594 -0.589175
    8 11.692555 0.000000 0.000001 0.000000 0.000000 -0.767230
    9 12.075547 0.000001 -0.000032 1.497010 0.461745 -0.134837
    10 5.564227 -0.209469 -0.526835 -0.143137 -0.019710 -0.640843
    11 5.508580 -0.000001 -0.000001 0.000000 -0.213723 -1.223992
    12 5.744636 0.209471 0.526837 0.085296 -0.117962 -0.637785
    13 6.052552 0.000000 0.000000 0.000000 -0.280945 -1.217796
    14 3.325015 0.000000 0.000000 0.000000 -0.096001 -1.230572
    15 5.613002 0.274427 1.782151 0.378929 -0.371446 -0.586631
    16 5.643136 0.000001 0.000000 0.000000 -0.192563 -1.225564
    17 3.079116 0.000000 -0.000001 0.000000 -0.064808 -1.231461
    18 1.673230 1.247220 -2.595441 -1.669005 1.286518 2.942401
    19 6.028143 0.000001 0.000000 1.639837 0.053459 -0.587171
    20 11.692555 0.000000 0.000001 0.000000 0.000000 -0.767230
    21 12.075578 -0.000001 0.000003 -1.569752 0.195545 0.020654
    22 5.943745 -0.452102 0.398078 0.147217 0.287840 -0.578718
    23 5.043453 0.000000 0.000000 0.000000 0.530358 -1.175525
    24 4.081745 0.000000 0.000000 0.000000 0.206790 -1.461372
    25 6.213901 0.452095 -0.398078 -0.094865 0.384803 -0.547821
    26 5.536297 -0.000001 0.000000 0.000000 0.618516 -1.150872
    27 3.312719 0.000000 -0.000002 0.000000 0.238651 -1.221912
    28 5.899517 1.061160 -1.488765 -0.397780 0.602637 -0.377010
    29 5.285243 0.000001 0.000000 0.000000 0.597561 -1.157329
    30 3.098848 0.000000 0.000000 0.000000 0.228027 -1.222829
    31 9.573584 0.263878 1.933152 2.803390 -0.068954 1.791758
    32 3.738597 -2.965120 -0.136397 0.215984 -0.078540 -0.078540
    33 1.884797 0.225917 -3.244098 -0.856219 -0.128452 -1.738723
    34 3.698875 -0.000002 0.000000 0.000000 0.000000 -0.664655
    35 1.884668 0.225917 3.247675 -2.285333 0.128458 -1.738718
    36 3.698877 0.000000 -0.000001 0.000000 0.000000 0.664655
  time 5
    0 4.497977 0.000000 41.699120 1.570800 -1.484503 -0.000004
    1 4.126704 0.000000 0.000000 0.000000 0.000000 -0.029242
    2 3.613468 0.000000 0.000000 0.000000 0.000000 0.100355
    3 9.183784 0.000000 0.000000 0.000000 0.000000 0.194628
    4 3.166100 0.000000 0.000000 3.141591 0.000000 -0.970156
    5 1.734697 -0.000001 0.000000 0.000000 0.000000 -0.422444
    6 1.673222 1.247215 2.595494 1.597167 -1.286515 2.942410
    7 6.028143 -0.000001 0.000000 -1.580047 -0.013594 -0.589175
    8 11.692555 0.000000 0.000001 0.000000 0.000000 -0.767230
    9 12.075547 0.000001 -0.000032 1.497010 0.461745 -0.134837
    10 5.564227 -0.209469 -0.526835 -0.143137 -0.019710 -0.640843
    11 5.508580 -0.000001 -0.000001 0.000000 -0.213723 -1.223992
    12 5.744636 0.209471 0.526837 0.085296 -0.117962 -0.637785
    13 6.052552 0.000000 0.000000 0.000000 -0.280945 -1.217796
    14 3.325015 0.000000 0.000000 0.000000 -0.096001 -1.230572
    15 5.613002 0.274427 1.782151 0.378929 -0.371446 -0.586631
    16 5.643136 0.000001 0.000000 0.000000 -0.192563 -1.225564
    17 3.079116 0.000000 -0.000001 0.000000 -0.064808 -1.231461
    18 1.673230 1.247220 -2.595441 -1.669005 1.286518 2.942401
    19 6.028143 0.000001 0.000000 1.639837 0.053459 -0.587171
    20 11.692555 0.000000 0.000001 0.000000 0.000000 -0.767230
    21 12.075578 -0.000001 0.000003 -1.569752 0.195545 0.020654
    22 5.943745 -0.452102 0.398078 0.147217 0.287840 -0.578718
    23 5.043453 0.000000 0.000000 0.000000 0.530358 -1.175525
    24 4.081745 0.000000 0.000000 0.000000 0.206790 -1.461372
    25 6.213901 0.452095 -0.398078 -0.094865 0.384803 -0.547821
    26 5.536297 -0.000001 0.000000 0.000000 0.618516 -1.150872
    27 3.312719 0.000000 -0.000002 0.000000 0.238651 -1.221912
    28 5.899517 1.061160 -1.488765 -0.397780 0.602637 -0.377010
    29 5.285243 0.000001 0.000000 0.000000 0.597561 -1.157329
    30 3.098848 0.000000 0.000000 0.000000 0.228027 -1.222829
    31 9.573584 0.263878 1.933152 2.803390 -0.068954 1.791758
    32 3.738597 -2.965120 -0.136397 0.215984 -0.078540 -0.078540
    33 1.884797 0.225917 -3.244098 -0.856219 -0.128452 -1.738723
    34 3.698875 -0.000002 0.000000 0.000000 0.000000 -0.664655
    35 1.884668 0.225917 3.247675 -2.285333 0.128458 -1.738718
    36 3.698877 0.000000 -0.000001 0.000000 0.000000 0.664655
  time 6
    0 4.497977 0.000000 41.699120 1.570800 -1.484503 -0.000004
    1 4.126704 0.000000 0.000000 0.000000 0.000000 -0.029242
    2 3.613468 0.000000 0.000000 0.000000 0.000000 0.100355
    3 9.183784 0.000000 0.000000 0.000000 0.000000 0.194628
    4 3.166100 0.000000 0.000000 3.141591 0.000000 -0.970156
    5 1.734697 -0.000001 0.000000 0.000000 0.000000 -0.422444
    6 1.673222 1.247215 2.595494 1.597167 -1.286515 2.942410
    7 6.028143 -0.000001 0.000000 -1.580047 -0.013594 -0.589175
    8 11.692555 0.000000 0.000001 0.000000 0.000000 -0.767230
    9 12.075547 0.000001 -0.000032 1.497010 0.461745 -0.134837
    10 5.564227 -0.209469 -0.526835 -0.143137 -0.019710 -0.640843
    11 5.508580 -0.000001 -0.000001 0.000000 -0.213723 -1.223992
    12 5.744636 0.209471 0.526837 0.085296 -0.117962 -0.637785
    13 6.052552 0.000000 0.000000 0.000000 -0.280945 -1.217796
    14 3.325015 0.000000 0.000000 0.000000 -0.096001 -1.230572
    15 5.613002 0.274427 1.782151 0.378929 -0.371446 -0.586631
    16 5.643136 0.000001 0.000000 0.000000 -0.192563 -1.225564
    17 3.079116 0.000000 -0.000001 0.000000 -0.064808 -1.231461
    18 1.673230 1.247220 -2.595441 -1.669005 1.286518 2.942401
    19 6.028143 0.000001 0.000000 1.639837 0.053459 -0.587171
    20 11.692555 0.000000 0.000001 0.000000 0.000000 -0.767230
    21 12.075578 -0.000001 0.000003 -1.569752 0.195545 0.020654
    22 5.943745 -0.452102 0.398078 0.147217 0.287840 -0.578718
    23 5.043453 0.000000 0.000000 0.000000 0.530358 -1.175525
    24 4.081745 0.000000 0.000000 0.000000 0.206790 -1.461372
    25 6.213901 0.452095 -0.398078 -0.094865 0.384803 -0.547821
    26 5.536297 -0.000001 0.000000 0.000000 0.618516 -1.150872
    27 3.312719 0.000000 -0.000002 0.000000 0.238651 -1.221912
    28 5.899517 1.061160 -1.488765 -0.397780 0.602637 -0.377010
    29 5.285243 0.000001 0.000000 0.000000 0.597561 -1.157329
    30 3.098848 0.000000 0.000000 0.000000 0.228027 -1.222829
    31 9.573584 0.263878 1.933152 2.803390 -0.068954 1.791758
    32 3.738597 -2.965120 -0.136397 0.215984 -0.078540 -0.078540
    33 1.884797 0.225917 -3.244098 -0.856219 -0.128452 -1.738723
    34 3.698875 -0.000002 0.000000 0.000000 0.000000 -0.664655
    35 1.884668 0.225917 3.247675 -2.285333 0.128458 -1.738718
    36 3.698877 0.000000 -0.000001 0.000000 0.000000 0.664655
  time 7
    0 4.497977 0.000000 41.699120 1.570800 -1.484503 -0.000004
    1 4.126704 0.000000 0.000000 0.000000 0.000000 -0.029242
    2 3.613468 0.000000 0.000000 0.000000 0.000000 0.100355
    3 9.183784 0.000000 0.000000 0.000000 0.000000 0.194628
    4 3.166100 0.000000 0.000000 3.141591 0.000000 -0.970156
    5 1.734697 -0.000001 0.000000 0.000000 0.000000 -0.422444
    6 1.673222 1.247215 2.595494 1.597167 -1.286515 2.942410
    7 6.028143 -0.000001 0.000000 -1.580047 -0.013594 -0.589175
    8 11.692555 0.000000 0.000001 0.000000 0.000000 -0.767230
    9 12.075547 0.000001 -0.000032 1.497010 0.461745 -0.134837
    10 5.564227 -0.209469 -0.526835 -0.143137 -0.019710 -0.640843
    11 5.508580 -0.000001 -0.000001 0.000000 -0.213723 -1.223992
    12 5.744636 0.209471 0.526837 0.085296 -0.117962 -0.637785
    13 6.052552 0.000000 0.000000 0.000000 -0.280945 -1.217796
    14 3.325015 0.000000 0.000000 0.000000 -0.096001 -1.230572
    15 5.613002 0.274427 1.782151 0.378929 -0.371446 -0.586631
    16 5.643136 0.000001 0.000000 0.000000 -0.192563 -1.225564
    17 3.079116 0.000000 -0.000001 0.000000 -0.064808 -1.231461
    18 1.673230 1.247220 -2.595441 -1.669005 1.286518 2.942401
    19 6.028143 0.000001 0.000000 1.639837 0.053459 -0.587171
    20 11.692555 0.000000 0.000001 0.000000 0.000000 -0.767230
    21 12.075578 -0.000001 0.000003 -1.569752 0.195545 0.020654
    22 5.943745 -0.452102 0.398078 0.147217 0.287840 -0.578718
    23 5.043453 0.000000 0.000000 0.000000 0.530358 -1.175525
    24 4.081745 0.000000 0.000000 0.000000 0.206790 -1.461372
    25 6.213901 0.452095 -0.398078 -0.094865 0.384803 -0.547821
    26 5.536297 -0.000001 0.000000 0.000000 0.618516 -1.150872
    27 3.312719 0.000000 -0.000002 0.000000 0.238651 -1.221912
    28 5.899517 1.061160 -1.488765 -0.397780 0.602637 -0.377010
    29 5.285243 0.000001 0.000000 0.000000 0.597561 -1.157329
    30 3.098848 0.000000 0.000000 0.000000 0.228027 -1.222829
    31 9.573584 0.263878 1.933152 2.803390 -0.068954 1.791758
    32 3.738597 -2.965120 -0.136397 0.215984 -0.078540 -0.078540
    33 1.884797 0.225917 -3.244098 -0.856219 -0.128452 -1.738723
    34 3.698875 -0.000002 0.000000 0.000000 0.000000 -0.664655
    35 1.884668 0.225917 3.247675 -2.285333 0.128458 -1.738718
    36 3.698877 0.000000 -0.000001 0.000000 0.000000 0.664655
  time 8
    0 4.497977 0.000000 41.699120 1.570800 -1.484503 -0.000004
    1 4.126704 0.000000 0.000000 0.000000 0.000000 -0.029242
    2 3.613468 0.000000 0.000000 0.000000 0.000000 0.100355
    3 9.183784 0.000000 0.000000 0.000000 0.000000 0.194628
    4 3.166100 0.000000 0.000000 3.141591 0.000000 -0.970156
    5 1.734697 -0.000001 0.000000 0.000000 0.000000 -0.422444
    6 1.673222 1.247215 2.595494 1.597167 -1.286515 2.942410
    7 6.028143 -0.000001 0.000000 -1.580047 -0.013594 -0.589175
    8 11.692555 0.000000 0.000001 0.000000 0.000000 -0.767230
    9 12.075547 0.000001 -0.000032 1.497010 0.461745 -0.134837
    10 5.564227 -0.209469 -0.526835 -0.143137 -0.019710 -0.640843
    11 5.508580 -0.000001 -0.000001 0.000000 -0.213723 -1.223992
    12 5.744636 0.209471 0.526837 0.085296 -0.117962 -0.637785
    13 6.052552 0.000000 0.000000 0.000000 -0.280945 -1.217796
    14 3.325015 0.000000 0.000000 0.000000 -0.096001 -1.230572
    15 5.613002 0.274427 1.782151 0.378929 -0.371446 -0.586631
    16 5.643136 0.000001 0.000000 0.000000 -0.192563 -1.225564
    17 3.079116 0.000000 -0.000001 0.000000 -0.064808 -1.231461
    18 1.673230 1.247220 -2.595441 -1.669005 1.286518 2.942401
    19 6.028143 0.000001 0.000000 1.639837 0.053459 -0.587171
    20 11.692555 0.000000 0.000001 0.000000 0.000000 -0.767230
    21 12.075578 -0.000001 0.000003 -1.569752 0.195545 0.020654
    22 5.943745 -0.452102 0.398078 0.147217 0.287840 -0.578718
    23 5.043453 0.000000 0.000000 0.000000 0.530358 -1.175525
    24 4.081745 0.000000 0.000000 0.000000 0.206790 -1.461372
    25 6.213901 0.452095 -0.398078 -0.094865 0.384803 -0.547821
    26 5.536297 -0.000001 0.000000 0.000000 0.618516 -1.150872
    27 3.312719 0.000000 -0.000002 0.000000 0.238651 -1.221912
    28 5.899517 1.061160 -1.488765 -0.397780 0.602637 -0.377010
    29 5.285243 0.000001 0.000000 0.000000 0.597561 -1.157329
    30 3.098848 0.000000 0.000000 0.000000 0.228027 -1.222829
    31 9.573584 0.263878 1.933152 2.803390 -0.068954 1.791758
    32 3.738597 -2.965120 -0.136397 0.215984 -0.078540 -0.078540
    33 1.884797 0.225917 -3.244098 -0.856219 -0.128452 -1.738723
    34 3.698875 -0.000002 0.000000 0.000000 0.000000 -0.664655
    35 1.884668 0.225917 3.247675 -2.285333 0.128458 -1.738718
    36 3.698877 0.000000 -0.000001 0.000000 0.000000 0.664655
  time 9
    0 4.497977 0.000000 41.699120 1.570800 -1.484503 -0.000004
    1 4.126704 0.000000 0.000000 0.000000 0.000000 -0.029242
    2 3.613468 0.000000 0.000000 0.000000 0.000000 0.100355
    3 9.183784 0.000000 0.000000 0.000000 0.000000 0.194628
    4 3.166100 0.000000 0.000000 3.141591 0.000000 -0.970156
    5 1.734697 -0.000001 0.000000 0.000000 0.000000 -0.422444
    6 1.673222 1.247215 2.595494 1.597167 -1.286515 2.942410
    7 6.028143 -0.000001 0.000000 -1.580047 -0.013594 -0.589175
    8 11.692555 0.000000 0.000001 0.000000 0.000000 -0.767230
    9 12.075547 0.000001 -0.000032 1.497010 0.461745 -0.134837
    10 5.564227 -0.209469 -0.526835 -0.143137 -0.019710 -0.640843
    11 5.508580 -0.000001 -0.000001 0.000000 -0.213723 -1.223992
    12 5.744636 0.209471 0.526837 0.085296 -0.117962 -0.637785
    13 6.052552 0.000000 0.000000 0.000000 -0.280945 -1.217796
    14 3.325015 0.000000 0.000000 0.000000 -0.096001 -1.230572
    15 5.613002 0.274427 1.782151 0.378929 -0.371446 -0.586631
    16 5.643136 0.000001 0.000000 0.000000 -0.192563 -1.225564
    17 3.079116 0.000000 -0.000001 0.000000 -0.064808 -1.231461
    18 1.673230 1.247220 -2.595441 -1.669005 1.286518 2.942401
    19 6.028143 0.000001 0.000000 1.639837 0.053459 -0.587171
    20 11.692555 0.000000 0.000001 0.000000 0.000000 -0.767230
    21 12.075578 -0.000001 0.000003 -1.569752 0.195545 0.020654
    22 5.943745 -0.452102 0.398078 0.147217 0.287840 -0.578718
    23 5.043453 0.000000 0.000000 0.000000 0.530358 -1.175525
    24 4.081745 0.000000 0.000000 0.000000 0.206790 -1.461372
    25 6.213901 0.452095 -0.398078 -0.094865 0.384803 -0.547821
    26 5.536297 -0.000001 0.000000 0.000000 0.618516 -1.150872
    27 3.312719 0.000000 -0.000002 0.000000 0.238651 -1.221912
    28 5.899517 1.061160 -1.488765 -0.397780 0.602637 -0.377010
    29 5.285243 0.000001 0.000000 0.000000 0.597561 -1.157329
    30 3.098848 0.000000 0.000000 0.000000 0.228027 -1.222829
    31 9.573584 0.263878 1.933152 2.803390 -0.068954 1.791758
    32 3.738597 -2.965120 -0.136397 0.215984 -0.078540 -0.078540
    33 1.884797 0.225917 -3.244098 -0.856219 -0.128452 -1.738723
    34 3.698875 -0.000002 0.000000 0.000000 0.000000 -0.664655
    35 1.884668 0.225917 3.247675 -2.285333 0.128458 -1.738718
    36 3.698877 0.000000 -0.000001 0.000000 0.000000 0.664655
  time 10
    0 4.497977 0.000000 41.699120 1.570800 -1.484503 -0.000004
    1 4.126704 0.000000 0.000000 0.000000 0.000000 -0.029242
    2 3.613468 0.000000 0.000000 0.000000 0.000000 0.100355
    3 9.183784 0.000000 0.000000 0.000000 0.000000 0.194628
    4 3.166100 0.000000 0.000000 3.141591 0.000000 -0.970156
    5 1.734697 -0.000001 0.000000 0.000000 0.000000 -0.422444
    6 1.673222 1.247215 2.595494 1.597167 -1.286515 2.942410
    7 6.028143 -0.000001 0.000000 -1.580047 -0.013594 -0.589175
    8 11.692555 0.000000 0.000001 0.000000 0.000000 -0.767230
    9 12.075547 0.000001 -0.000032 1.497010 0.461745 -0.134837
    10 5.564227 -0.209469 -0.526835 -0.143137 -0.019710 -0.640843
    11 5.508580 -0.000001 -0.000001 0.000000 -0.213723 -1.223992
    12 5.744636 0.209471 0.526837 0.085296 -0.117962 -0.637785
    13 6.052552 0.000000 0.000000 0.000000 -0.280945 -1.217796
    14 3.325015 0.000000 0.000000 0.000000 -0.096001 -1.230572
    15 5.613002 0.274427 1.782151 0.378929 -0.371446 -0.586631
    16 5.643136 0.000001 0.000000 0.000000 -0.192563 -1.225564
    17 3.079116 0.000000 -0.000001 0.000000 -0.064808 -1.231461
    18 1.673230 1.247220 -2.595441 -1.669005 1.286518 2.942401
    19 6.028143 0.000001 0.000000 1.639837 0.053459 -0.587171
    20 11.692555 0.000000 0.000001 0.000000 0.000000 -0.767230
    21 12.075578 -0.000001 0.000003 -1.569752 0.195545 0.020654
    22 5.943745 -0.452102 0.398078 0.147217 0.287840 -0.578718
    23 5.043453 0.000000 0.000000 0.000000 0.530358 -1.175525
    24 4.081745 0.000000 0.000000 0.000000 0.206790 -1.461372
    25 6.213901 0.452095 -0.398078 -0.094865 0.384803 -0.547821
    26 5.536297 -0.000001 0.000000 0.000000 0.618516 -1.150872
    27 3.312719 0.000000 -0.000002 0.000000 0.238651 -1.221912
    28 5.899517 1.061160 -1.488765 -0.397780 0.602637 -0.377010
    29 5.285243 0.000001 0.000000 0.000000 0.597561 -1.157329
    30 3.098848 0.000000 0.000000 0.000000 0.228027 -1.222829
    31 9.573584 0.263878 1.933152 2.803390 -0.068954 1.791758
    32 3.738597 -2.965120 -0.136397 0.215984 -0.078540 -0.078540
    33 1.884797 0.225917 -3.244098 -0.856219 -0.128452 -1.738723
    34 3.698875 -0.000002 0.000000 0.000000 0.000000 -0.664655
    35 1.884668 0.225917 3.247675 -2.285333 0.128458 -1.738718
    36 3.698877 0.000000 -0.000001 0.000000 0.000000 0.664655
  time 11
    0 4.497977 0.000000 41.699120 1.570800 -1.484503 -0.000004
    1 4.126704 0.000000 0.000000 0.000000 0.000000 -0.029242
    2 3.613468 0.000000 0.000000 0.000000 0.000000 0.100355
    3 9.183784 0.000000 0.000000 0.000000 0.000000 0.194628
    4 3.166100 0.000000 0.000000 3.141591 0.000000 -0.970156
    5 1.734697 -0.000001 0.000000 0.000000 0.000000 -0.422444
    6 1.673222 1.247215 2.595494 1.597167 -1.286515 2.942410
    7 6.028143 -0.000001 0.000000 -1.580047 -0.013594 -0.589175
    8 11.692555 0.000000 0.000001 0.000000 0.000000 -0.767230
    9 12.075547 0.000001 -0.000032 1.497010 0.461745 -0.134837
    10 5.564227 -0.209469 -0.526835 -0.143137 -0.019710 -0.640843
    11 5.508580 -0.000001 -0.000001 0.000000 -0.213723 -1.223992
    12 5.744636 0.209471 0.526837 0.085296 -0.117962 -0.637785
    13 6.052552 0.000000 0.000000 0.000000 -0.280945 -1.217796
    14 3.325015 0.000000 0.000000 0.000000 -0.096001 -1.230572
    15 5.613002 0.274427 1.782151 0.378929 -0.371446 -0.586631
    16 5.643136 0.000001 0.000000 0.000000 -0.192563 -1.225564
    17 3.079116 0.000000 -0.000001 0.000000 -0.064808 -1.231461
    18 1.673230 1.247220 -2.595441 -1.669005 1.286518 2.942401
    19 6.028143 0.000001 0.000000 1.639837 0.053459 -0.587171
    20 11.692555 0.000000 0.000001 0.000000 0.000000 -0.767230
    21 12.075578 -0.000001 0.000003 -1.569752 0.195545 0.020654
    22 5.943745 -0.452102 0.398078 0.147217 0.287840 -0.578718
    23 5.043453 0.000000 0.000000 0.000000 0.530358 -1.175525
    24 4.081745 0.000000 0.000000 0.000000 0.206790 -1.461372
    25 6.213901 0.452095 -0.398078 -0.094865 0.384803 -0.547821
    26 5.536297 -0.000001 0.000000 0.000000 0.618516 -1.150872
    27 3.312719 0.000000 -0.000002 0.000000 0.238651 -1.221912
    28 5.899517 1.061160 -1.488765 -0.397780 0.602637 -0.377010
    29 5.285243 0.000001 0.000000 0.000000 0.597561 -1.157329
    30 3.098848 0.000000 0.000000 0.000000 0.228027 -1.222829
    31 9.573584 0.263878 1.933152 2.803390 -0.068954 1.791758
    32 3.738597 -2.965120 -0.136397 0.215984 -0.078540 -0.078540
    33 1.884797 0.225917 -3.244098 -0.856219 -0.128452 -1.738723
    34 3.698875 -0.000002 0.000000 0.000000 0.000000 -0.664655
    35 1.884668 0.225917 3.247675 -2.285333 0.128458 -1.738718
    36 3.698877 0.000000 -0.000001 0.000000 0.000000 0.664655
  time 12
    0 4.497977 0.000000 41.699120 1.570800 -1.484503 -0.000004
    1 4.126704 0.000000 0.000000 0.000000 0.000000 -0.029242
    2 3.613468 0.000000 0.000000 0.000000 0.000000 0.100355
    3 9.183784 0.000000 0.000000 0.000000 0.000000 0.194628
    4 3.166100 0.000000 0.000000 3.141591 0.000000 -0.970156
    5 1.734697 -0.000001 0.000000 0.000000 0.000000 -0.422444
    6 1.673222 1.247215 2.595494 1.597167 -1.286515 2.942410
    7 6.028143 -0.000001 0.000000 -1.580047 -0.013594 -0.589175
    8 11.692555 0.000000 0.000001 0.000000 0.000000 -0.767230
    9 12.075547 0.000001 -0.000032 1.497010 0.461745 -0.134837
    10 5.564227 -0.209469 -0.526835 -0.143137 -0.019710 -0.640843
    11 5.508580 -0.000001 -0.000001 0.000000 -0.213723 -1.223992
    12 5.744636 0.209471 0.526837 0.085296 -0.117962 -0.637785
    13 6.052552 0.000000 0.000000 0.000000 -0.280945 -1.217796
    14 3.325015 0.000000 0.000000 0.000000 -0.096001 -1.230572
    15 5.613002 0.274427 1.782151 0.378929 -0.371446 -0.586631
    16 5.643136 0.000001 0.000000 0.000000 -0.192563 -1.225564
    17 3.079116 0.000000 -0.000001 0.000000 -0.064808 -1.231461
    18 1.673230 1.247220 -2.595441 -1.669005 1.286518 2.942401
    19 6.028143 0.000001 0.000000 1.639837 0.053459 -0.587171
    20 11.692555 0.000000 0.000001 0.000000 0.000000 -0.767230
    21 12.075578 -0.000001 0.000003 -1.569752 0.195545 0.020654
    22 5.943745 -0.452102 0.398078 0.147217 0.287840 -0.578718
    23 5.043453 0.000000 0.000000 0.000000 0.530358 -1.175525
    24 4.081745 0.000000 0.000000 0.000000 0.206790 -1.461372
    25 6.213901 0.452095 -0.398078 -0.094865 0.384803 -0.547821
    26 5.536297 -0.000001 0.000000 0.000000 0.618516 -1.150872
    27 3.312719 0.000000 -0.000002 0.000000 0.238651 -1.221912
    28 5.899517 1.061160 -1.488765 -0.397780 0.602637 -0.377010
    29 5.285243 0.000001 0.000000 0.000000 0.597561 -1.157329
    30 3.098848 0.000000 0.000000 0.000000 0.228027 -1.222829
    31 9.573584 0.263878 1.933152 2.803390 -0.068954 1.791758
    32 3.738597 -2.965120 -0.136397 0.215984 -0.078540 -0.078540
    33 1.884797 0.225917 -3.244098 -0.856219 -0.128452 -1.738723
    34 3.698875 -0.000002 0.000000 0.000000 0.000000 -0.664655
    35 1.884668 0.225917 3.247675 -2.285333 0.128458 -1.738718
    36 3.698877 0.000000 -0.000001 0.000000 0.000000 0.664655
  time 13
    0 4.497977 0.000000 41.699120 1.570800 -1.484503 -0.000004
    1 4.126704 0.000000 0.000000 0.000000 0.000000 -0.029242
    2 3.613468 0.000000 0.000000 0.000000 0.000000 0.100355
    3 9.183784 0.000000 0.000000 0.000000 0.000000 0.194628
    4 3.166100 0.000000 0.000000 3.141591 0.000000 -0.970156
    5 1.734697 -0.000001 0.000000 0.000000 0.000000 -0.422444
    6 1.673222 1.247215 2.595494 1.597167 -1.286515 2.942410
    7 6.028143 -0.000001 0.000000 -1.580047 -0.013594 -0.589175
    8 11.692555 0.000000 0.000001 0.000000 0.000000 -0.767230
    9 12.075547 0.000001 -0.000032 1.497010 0.461745 -0.134837
    10 5.564227 -0.209469 -0.526835 -0.143137 -0.019710 -0.640843
    11 5.508580 -0.000001 -0.000001 0.000000 -0.213723 -1.223992
    12 5.744636 0.209471 0.526837 0.085296 -0.117962 -0.637785
    13 6.052552 0.000000 0.000000 0.000000 -0.280945 -1.217796
    14 3.325015 0.000000 0.000000 0.000000 -0.096001 -1.230572
    15 5.613002 0.274427 1.782151 0.378929 -0.371446 -0.586631
    16 5.643136 0.000001 0.000000 0.000000 -0.192563 -1.225564
    17 3.079116 0.000000 -0.000001 0.000000 -0.064808 -1.231461
    18 1.673230 1.247220 -2.595441 -1.669005 1.286518 2.942401
    19 6.028143 0.000001 0.000000 1.639837 0.053459 -0.587171
    20 11.692555 0.000000 0.000001 0.000000 0.000000 -0.767230
    21 12.075578 -0.000001 0.000003 -1.569752 0.195545 0.020654
    22 5.943745 -0.452102 0.398078 0.147217 0.287840 -0.578718
    23 5.043453 0.000000 0.000000 0.000000 0.530358 -1.175525
    24 4.081745 0.000000 0.000000 0.000000 0.206790 -1.461372
    25 6.213901 0.452095 -0.398078 -0.094865 0.384803 -0.547821
    26 5.536297 -0.000001 0.000000 0.000000 0.618516 -1.150872
    27 3.312719 0.000000 -0.000002 0.000000 0.238651 -1.221912
    28 5.899517 1.061160 -1.488765 -0.397780 0.602637 -0.377010
    29 5.285243 0.000001 0.000000 0.000000 0.597561 -1.157329
    30 3.098848 0.000000 0.000000 0.000000 0.228027 -1.222829
    31 9.573584 0.263878 1.933152 2.803390 -0.068954 1.791758
    32 3.738597 -2.965120 -0.136397 0.215984 -0.078540 -0.078540
    33 1.884797 0.225917 -3.244098 -0.856219 -0.128452 -1.738723
    34 3.698875 -0.000002 0.000000 0.000000 0.000000 -0.664655
    35 1.884668 0.225917 3.247675 -2.285333 0.128458 -1.738718
    36 3.698877 0.000000 -0.000001 0.000000 0.000000 0.664655
  time 14
    0 4.497977 0.000000 41.699120 1.570800 -1.484503 -0.000004
    1 4.126704 0.000000 0.000000 0.000000 0.000000 -0.029242
    2 3.613468 0.000000 0.000000 0.000000 0.000000 0.100355
    3 9.183784 0.000000 0.000000 0.000000 0.000000 0.194628
    4 3.166100 0.000000 0.000000 3.141591 0.000000 -0.970156
    5 1.734697 -0.000001 0.000000 0.000000 0.000000 -0.422444
    6 1.673222 1.247215 2.595494 1.597167 -1.286515 2.942410
    7 6.028143 -0.000001 0.000000 -1.580047 -0.013594 -0.589175
    8 11.692555 0.000000 0.000001 0.000000 0.000000 -0.767230
    9 12.075547 0.000001 -0.000032 1.497010 0.461745 -0.134837
    10 5.564227 -0.209469 -0.526835 -0.143137 -0.019710 -0.640843
    11 5.508580 -0.000001 -0.000001 0.000000 -0.213723 -1.223992
    12 5.744636 0.209471 0.526837 0.085296 -0.117962 -0.637785
    13 6.052552 0.000000 0.000000 0.000000 -0.280945 -1.217796
    14 3.325015 0.000000 0.000000 0.000000 -0.096001 -1.230572
    15 5.613002 0.274427 1.782151 0.378929 -0.371446 -0.586631
    16 5.643136 0.000001 0.000000 0.000000 -0.192563 -1.225564
    17 3.079116 0.000000 -0.000001 0.000000 -0.064808 -1.231461
    18 1.673230 1.247220 -2.595441 -1.669005 1.286518 2.942401
    19 6.028143 0.000001 0.000000 1.639837 0.053459 -0.587171
    20 11.692555 0.000000 0.000001 0.000000 0.000000 -0.767230
    21 12.075578 -0.000001 0.000003 -1.569752 0.195545 0.020654
    22 5.943745 -0.452102 0.398078 0.147217 0.287840 -0.578718
    23 5.043453 0.000000 0.000000 0.000000 0.530358 -1.175525
    24 4.081745 0.000000 0.000000 0.000000 0.206790 -1.461372
    25 6.213901 0.452095 -0.398078 -0.094865 0.384803 -0.547821
    26 5.536297 -0.000001 0.000000 0.000000 0.618516 -1.150872
    27 3.312719 0.000000 -0.000002 0.000000 0.238651 -1.221912
    28 5.899517 1.061160 -1.488765 -0.397780 0.602637 -0.377010
    29 5.285243 0.000001 0.000000 0.000000 0.597561 -1.157329
    30 3.098848 0.000000 0.000000 0.000000 0.228027 -1.222829
    31 9.573584 0.263878 1.933152 2.803390 -0.068954 1.791758
    32 3.738597 -2.965120 -0.136397 0.215984 -0.078540 -0.078540
    33 1.884797 0.225917 -3.244098 -0.856219 -0.128452 -1.738723
    34 3.698875 -0.000002 0.000000 0.000000 0.000000 -0.664655
    35 1.884668 0.225917 3.247675 -2.285333 0.128458 -1.738718
    36 3.698877 0.000000 -0.000001 0.000000 0.000000 0.664655
  time 15
    0 4.497977 0.000000 41.699120 1.570800 -1.484503 -0.000004
    1 4.126704 0.000000 0.000000 0.000000 0.000000 -0.029242
    2 3.613468 0.000000 0.000000 0.000000 0.000000 0.100355
    3 9.183784 0.000000 0.000000 0.000000 0.000000 0.194628
    4 3.166100 0.000000 0.000000 3.141591 0.000000 -0.970156
    5 1.734697 -0.000001 0.000000 0.000000 0.000000 -0.422444
    6 1.673222 1.247215 2.595494 1.597167 -1.286515 2.942410
    7 6.028143 -0.000001 0.000000 -1.580047 -0.013594 -0.589175
    8 11.692555 0.000000 0.000001 0.000000 0.000000 -0.767230
    9 12.075547 0.000001 -0.000032 1.497010 0.461745 -0.134837
    10 5.564227 -0.209469 -0.526835 -0.143137 -0.019710 -0.640843
    11 5.508580 -0.000001 -0.000001 0.000000 -0.213723 -1.223992
    12 5.744636 0.209471 0.526837 0.085296 -0.117962 -0.637785
    13 6.052552 0.000000 0.000000 0.000000 -0.280945 -1.217796
    14 3.325015 0.000000 0.000000 0.000000 -0.096001 -1.230572
    15 5.613002 0.274427 1.782151 0.378929 -0.371446 -0.586631
    16 5.643136 0.000001 0.000000 0.000000 -0.192563 -1.225564
    17 3.079116 0.000000 -0.000001 0.000000 -0.064808 -1.231461
    18 1.673230 1.247220 -2.595441 -1.669005 1.286518 2.942401
    19 6.028143 0.000001 0.000000 1.639837 0.053459 -0.587171
    20 11.692555 0.000000 0.000001 0.000000 0.000000 -0.767230
    21 12.075578 -0.000001 0.000003 -1.569752 0.195545 0.020654
    22 5.943745 -0.452102 0.398078 0.147217 0.287840 -0.578718
    23 5.043453 0.000000 0.000000 0.000000 0.530358 -1.175525
    24 4.081745 0.000000 0.000000 0.000000 0.206790 -1.461372
    25 6.213901 0.452095 -0.398078 -0.094865 0.384803 -0.547821
    26 5.536297 -0.000001 0.000000 0.000000 0.618516 -1.150872
    27 3.312719 0.000000 -0.000002 0.000000 0.238651 -1.221912
    28 5.899517 1.061160 -1.488765 -0.397780 0.602637 -0.377010
    29 5.285243 0.000001 0.000000 0.000000 0.597561 -1.157329
    30 3.098848 0.000000 0.000000 0.000000 0.228027 -1.222829
    31 9.573584 0.263878 1.933152 2.803390 -0.068954 1.791758
    32 3.738597 -2.965120 -0.136397 0.215984 -0.078540 -0.078540
    33 1.884797 0.225917 -3.244098 -0.856219 -0.128452 -1.738723
    34 3.698875 -0.000002 0.000000 0.000000 0.000000 -0.664655
    35 1.884668 0.225917 3.247675 -2.285333 0.128458 -1.738718
    36 3.698877 0.000000 -0.000001 0.000000 0.000000 0.664655
  time 16
    0 4.497977 0.000000 41.699120 1.570800 -1.484503 -0.000004
    1 4.126704 0.000000 0.000000 0.000000 0.000000 -0.029242
    2 3.613468 0.000000 0.000000 0.000000 0.000000 0.100355
    3 9.183784 0.000000 0.000000 0.000000 0.000000 0.194628
    4 3.166100 0.000000 0.000000 3.141591 0.000000 -0.970156
    5 1.734697 -0.000001 0.000000 0.000000 0.000000 -0.422444
    6 1.673222 1.247215 2.595494 1.597167 -1.286515 2.942410
    7 6.028143 -0.000001 0.000000 -1.580047 -0.013594 -0.589175
    8 11.692555 0.000000 0.000001 0.000000 0.000000 -0.767230
    9 12.075547 0.000001 -0.000032 1.497010 0.461745 -0.134837
    10 5.564227 -0.209469 -0.526835 -0.143137 -0.019710 -0.640843
    11 5.508580 -0.000001 -0.000001 0.000000 -0.213723 -1.223992
    12 5.744636 0.209471 0.526837 0.085296 -0.117962 -0.637785
    13 6.052552 0.000000 0.000000 0.000000 -0.280945 -1.217796
    14 3.325015 0.000000 0.000000 0.000000 -0.096001 -1.230572
    15 5.613002 0.274427 1.782151 0.378929 -0.371446 -0.586631
    16 5.643136 0.000001 0.000000 0.000000 -0.192563 -1.225564
    17 3.079116 0.000000 -0.000001 0.000000 -0.064808 -1.231461
    18 1.673230 1.247220 -2.595441 -1.669005 1.286518 2.942401
    19 6.028143 0.000001 0.000000 1.639837 0.053459 -0.587171
    20 11.692555 0.000000 0.000001 0.000000 0.000000 -0.767230
    21 12.075578 -0.000001 0.000003 -1.569752 0.195545 0.020654
    22 5.943745 -0.452102 0.398078 0.147217 0.287840 -0.578718
    23 5.043453 0.000000 0.000000 0.000000 0.530358 -1.175525
    24 4.081745 0.000000 0.000000 0.000000 0.206790 -1.461372
    25 6.213901 0.452095 -0.398078 -0.094865 0.384803 -0.547821
    26 5.536297 -0.000001 0.000000 0.000000 0.618516 -1.150872
    27 3.312719 0.000000 -0.000002 0.000000 0.238651 -1.221912
    28 5.899517 1.061160 -1.488765 -0.397780 0.602637 -0.377010
    29 5.285243 0.000001 0.000000 0.000000 0.597561 -1.157329
    30 3.098848 0.000000 0.000000 0.000000 0.228027 -1.222829
    31 9.573584 0.263878 1.933152 2.803390 -0.068954 1.791758
    32 3.738597 -2.965120 -0.136397 0.215984 -0.078540 -0.078540
    33 1.884797 0.225917 -3.244098 -0.856219 -0.128452 -1.738723
    34 3.698875 -0.000002 0.000000 0.000000 0.000000 -0.664655
    35 1.884668 0.225917 3.247675 -2.285333 0.128458 -1.738718
    36 3.698877 0.000000 -0.000001 0.000000 0.000000 0.664655
  time 17
    0 4.497977 0.000000 41.699120 1.570800 -1.484503 -0.000004
    1 4.126704 0.000000 0.000000 0.000000 0.000000 -0.029242
    2 3.613468 0.000000 0.000000 0.000000 0.000000 0.100355
    3 9.183784 0.000000 0.000000 0.000000 0.000000 0.194628
    4 3.166100 0.000000 0.000000 3.141591 0.000000 -0.970156
    5 1.734697 -0.000001 0.000000 0.000000 0.000000 -0.422444
    6 1.673222 1.247215 2.595494 1.597167 -1.286515 2.942410
    7 6.028143 -0.000001 0.000000 -1.580047 -0.013594 -0.589175
    8 11.692555 0.000000 0.000001 0.000000 0.000000 -0.767230
    9 12.075547 0.000001 -0.000032 1.497010 0.461745 -0.134837
    10 5.564227 -0.209469 -0.526835 -0.143137 -0.019710 -0.640843
    11 5.508580 -0.000001 -0.000001 0.000000 -0.213723 -1.223992
    12 5.744636 0.209471 0.526837 0.085296 -0.117962 -0.637785
    13 6.052552 0.000000 0.000000 0.000000 -0.280945 -1.217796
    14 3.325015 0.000000 0.000000 0.000000 -0.096001 -1.230572
    15 5.613002 0.274427 1.782151 0.378929 -0.371446 -0.586631
    16 5.643136 0.000001 0.000000 0.000000 -0.192563 -1.225564
    17 3.079116 0.000000 -0.000001 0.000000 -0.064808 -1.231461
    18 1.673230 1.247220 -2.595441 -1.669005 1.286518 2.942401
    19 6.028143 0.000001 0.000000 1.639837 0.053459 -0.587171
    20 11.692555 0.000000 0.000001 0.000000 0.000000 -0.767230
    21 12.075578 -0.000001 0.000003 -1.569752 0.195545 0.020654
    22 5.943745 -0.452102 0.398078 0.147217 0.287840 -0.578718
    23 5.043453 0.000000 0.000000 0.000000 0.530358 -1.175525
    24 4.081745 0.000000 0.000000 0.000000 0.206790 -1.461372
    25 6.213901 0.452095 -0.398078 -0.094865 0.384803 -0.547821
    26 5.536297 -0.000001 0.000000 0.000000 0.618516 -1.150872
    27 3.312719 0.000000 -0.000002 0.000000 0.238651 -1.221912
    28 5.899517 1.061160 -1.488765 -0.397780 0.602637 -0.377010
    29 5.285243 0.000001 0.000000 0.000000 0.597561 -1.157329
    30 3.098848 0.000000 0.000000 0.000000 0.228027 -1.222829
    31 9.573584 0.263878 1.933152 2.803390 -0.068954 1.791758
    32 3.738597 -2.965120 -0.136397 0.215984 -0.078540 -0.078540
    33 1.884797 0.225917 -3.244098 -0.856219 -0.128452 -1.738723
    34 3.698875 -0.000002 0.000000 0.000000 0.000000 -0.664655
    35 1.884668 0.225917 3.247675 -2.285333 0.128458 -1.738718
    36 3.698877 0.000000 -0.000001 0.000000 0.000000 0.664655
  time 18
    0 4.497977 0.000000 41.699120 1.570800 -1.484503 -0.000004
    1 4.126704 0.000000 0.000000 0.000000 0.000000 -0.029242
    2 3.613468 0.000000 0.000000 0.000000 0.000000 0.100355
    3 9.183784 0.000000 0.000000 0.000000 0.000000 0.194628
    4 3.166100 0.000000 0.000000 3.141591 0.000000 -0.970156
    5 1.734697 -0.000001 0.000000 0.000000 0.000000 -0.422444
    6 1.673222 1.247215 2.595494 1.597167 -1.286515 2.942410
    7 6.028143 -0.000001 0.000000 -1.580047 -0.013594 -0.589175
    8 11.692555 0.000000 0.000001 0.000000 0.000000 -0.767230
    9 12.075547 0.000001 -0.000032 1.497010 0.461745 -0.134837
    10 5.564227 -0.209469 -0.526835 -0.143137 -0.019710 -0.640843
    11 5.508580 -0.000001 -0.000001 0.000000 -0.213723 -1.223992
    12 5.744636 0.209471 0.526837 0.085296 -0.117962 -0.637785
    13 6.052552 0.000000 0.000000 0.000000 -0.280945 -1.217796
    14 3.325015 0.000000 0.000000 0.000000 -0.096001 -1.230572
    15 5.613002 0.274427 1.782151 0.378929 -0.371446 -0.586631
    16 5.643136 0.000001 0.000000 0.000000 -0.192563 -1.225564
    17 3.079116 0.000000 -0.000001 0.000000 -0.064808 -1.231461
    18 1.673230 1.247220 -2.595441 -1.669005 1.286518 2.942401
    19 6.028143 0.000001 0.000000 1.639837 0.053459 -0.587171
    20 11.692555 0.000000 0.000001 0.000000 0.000000 -0.767230
    21 12.075578 -0.000001 0.000003 -1.569752 0.195545 0.020654
    22 5.943745 -0.452102 0.398078 0.147217 0.287840 -0.578718
    23 5.043453 0.000000 0.000000 0.000000 0.530358 -1.175525
    24 4.081745 0.000000 0.000000 0.000000 0.206790 -1.461372
    25 6.213901 0.452095 -0.398078 -0.094865 0.384803 -0.547821
    26 5.536297 -0.000001 0.000000 0.000000 0.618516 -1.150872
    27 3.312719 0.000000 -0.000002 0.000000 0.238651 -1.221912
    28 5.899517 1.061160 -1.488765 -0.397780 0.602637 -0.377010
    29 5.285243 0.000001 0.000000 0.000000 0.597561 -1.157329
    30 3.098848 0.000000 0.000000 0.000000 0.228027 -1.222829
    31 9.573584 0.263878 1.933152 2.803390 -0.068954 1.791758
    32 3.738597 -2.965120 -0.136397 0.215984 -0.078540 -0.078540
    33 1.884797 0.225917 -3.244098 -0.856219 -0.128452 -1.738723
    34 3.698875 -0.000002 0.000000 0.000000 0.000000 -0.664655
    35 1.884668 0.225917 3.247675 -2.285333 0.128458 -1.738718
    36 3.698877 0.000000 -0.000001 0.000000 0.000000 0.664655
  time 19
    0 4.497977 0.000000 41.699120 1.570800 -1.484503 -0.000004
    1 4.126704 0.000000 0.000000 0.000000 0.000000 -0.029242
    2 3.613468 0.000000 0.000000 0.000000 0.000000 0.100355
    3 9.183784 0.000000 0.000000 0.000000 0.000000 0.194628
    4 3.166100 0.000000 0.000000 3.141591 0.000000 -0.970156
    5 1.734697 -0.000001 0.000000 0.000000 0.000000 -0.422444
    6 1.673222 1.247215 2.595494 1.597167 -1.286515 2.942410
    7 6.028143 -0.000001 0.000000 -1.580047 -0.013594 -0.589175
    8 11.692555 0.000000 0.000001 0.000000 0.000000 -0.767230
    9 12.075547 0.000001 -0.000032 1.497010 0.461745 -0.134837
    10 5.564227 -0.209469 -0.526835 -0.143137 -0.019710 -0.640843
    11 5.508580 -0.000001 -0.000001 0.000000 -0.213723 -1.223992
    12 5.744636 0.209471 0.526837 0.085296 -0.117962 -0.637785
    13 6.052552 0.000000 0.000000 0.000000 -0.280945 -1.217796
    14 3.325015 0.000000 0.000000 0.000000 -0.096001 -1.230572
    15 5.613002 0.274427 1.782151 0.378929 -0.371446 -0.586631
    16 5.643136 0.000001 0.000000 0.000000 -0.192563 -1.225564
    17 3.079116 0.000000 -0.000001 0.000000 -0.064808 -1.231461
    18 1.673230 1.247220 -2.595441 -1.669005 1.286518 2.942401
    19 6.028143 0.000001 0.000000 1.639837 0.053459 -0.587171
    20 11.692555 0.000000 0.000001 0.000000 0.000000 -0.767230
    21 12.075578 -0.000001 0.000003 -1.569752 0.195545 0.020654
    22 5.943745 -0.452102 0.398078 0.147217 0.287840 -0.578718
    23 5.043453 0.000000 0.000000 0.000000 0.530358 -1.175525
    24 4.081745 0.000000 0.000000 0.000000 0.206790 -1.461372
    25 6.213901 0.452095 -0.398078 -0.094865 0.384803 -0.547821
    26 5.536297 -0.000001 0.000000 0.000000 0.618516 -1.150872
    27 3.312719 0.000000 -0.000002 0.000000 0.238651 -1.221912
    28 5.899517 1.061160 -1.488765 -0.397780 0.602637 -0.377010
    29 5.285243 0.000001 0.000000 0.000000 0.597561 -1.157329
    30 3.098848 0.000000 0.000000 0.000000 0.228027 -1.222829
    31 9.573584 0.263878 1.933152 2.803390 -0.068954 1.791758
    32 3.738597 -2.965120 -0.136397 0.215984 -0.078540 -0.078540
    33 1.884797 0.225917 -3.244098 -0.856219 -0.128452 -1.738723
    34 3.698875 -0.000002 0.000000 0.000000 0.000000 -0.664655
    35 1.884668 0.225917 3.247675 -2.285333 0.128458 -1.738718
    36 3.698877 0.000000 -0.000001 0.000000 0.000000 0.664655
  time 20
    0 4.497977 0.000000 41.699120 1.570800 -1.484503 -0.000004
    1 4.126704 0.000000 0.000000 0.000000 0.000000 -0.029242
    2 3.613468 0.000000 0.000000 0.000000 0.000000 0.100355
    3 9.183784 0.000000 0.000000 0.000000 0.000000 0.194628
    4 3.166100 0.000000 0.000000 3.141591 0.000000 -0.970156
    5 1.734697 -0.000001 0.000000 0.000000 0.000000 -0.422444
    6 1.673222 1.247215 2.595494 1.597167 -1.286515 2.942410
    7 6.028143 -0.000001 0.000000 -1.580047 -0.013594 -0.589175
    8 11.692555 0.000000 0.000001 0.000000 0.000000 -0.767230
    9 12.075547 0.000001 -0.000032 1.497010 0.461745 -0.134837
    10 5.564227 -0.209469 -0.526835 -0.143137 -0.019710 -0.640843
    11 5.508580 -0.000001 -0.000001 0.000000 -0.213723 -1.223992
    12 5.744636 0.209471 0.526837 0.085296 -0.117962 -0.637785
    13 6.052552 0.000000 0.000000 0.000000 -0.280945 -1.217796
    14 3.325015 0.000000 0.000000 0.000000 -0.096001 -1.230572
    15 5.613002 0.274427 1.782151 0.378929 -0.371446 -0.586631
    16 5.643136 0.000001 0.000000 0.000000 -0.192563 -1.225564
    17 3.079116 0.000000 -0.000001 0.000000 -0.064808 -1.231461
    18 1.673230 1.247220 -2.595441 -1.669005 1.286518 2.942401
    19 6.028143 0.000001 0.000000 1.639837 0.053459 -0.587171
    20 11.692555 0.000000 0.000001 0.000000 0.000000 -0.767230
    21 12.075578 -0.000001 0.000003 -1.569752 0.195545 0.020654
    22 5.943745 -0.452102 0.398078 0.147217 0.287840 -0.578718
    23 5.043453 0.000000 0.000000 0.000000 0.530358 -1.175525
    24 4.081745 0.000000 0.000000 0.000000 0.206790 -1.461372
    25 6.213901 0.452095 -0.398078 -0.094865 0.384803 -0.547821
    26 5.536297 -0.000001 0.000000 0.000000 0.618516 -1.150872
    27 3.312719 0.000000 -0.000002 0.000000 0.238651 -1.221912
    28 5.899517 1.061160 -1.488765 -0.397780 0.602637 -0.377010
    29 5.285243 0.000001 0.000000 0.000000 0.597561 -1.157329
    30 3.098848 0.000000 0.000000 0.000000 0.228027 -1.222829
    31 9.573584 0.263878 1.933152 2.803390 -0.068954 1.791758
    32 3.738597 -2.965120 -0.136397 0.215984 -0.078540 -0.078540
    33 1.884797 0.225917 -3.244098 -0.856219 -0.128452 -1.738723
    34 3.698875 -0.000002 0.000000 0.000000 0.000000 -0.664655
    35 1.884668 0.225917 3.247675 -2.285333 0.128458 -1.738718
    36 3.698877 0.000000 -0.000001 0.000000 0.000000 0.664655
  time 21
    0 4.497977 0.000000 41.699120 1.570800 -1.484503 -0.000004
    1 4.126704 0.000000 0.000000 0.000000 0.000000 -0.029242
    2 3.613468 0.000000 0.000000 0.000000 0.000000 0.100355
    3 9.183784 0.000000 0.000000 0.000000 0.000000 0.194628
    4 3.166100 0.000000 0.000000 3.141591 0.000000 -0.970156
    5 1.734697 -0.000001 0.000000 0.000000 0.000000 -0.422444
    6 1.673222 1.247215 2.595494 1.597167 -1.286515 2.942410
    7 6.028143 -0.000001 0.000000 -1.580047 -0.013594 -0.589175
    8 11.692555 0.000000 0.000001 0.000000 0.000000 -0.767230
    9 12.075547 0.000001 -0.000032 1.497010 0.461745 -0.134837
    10 5.564227 -0.209469 -0.526835 -0.143137 -0.019710 -0.640843
    11 5.508580 -0.000001 -0.000001 0.000000 -0.213723 -1.223992
    12 5.744636 0.209471 0.526837 0.085296 -0.117962 -0.637785
    13 6.052552 0.000000 0.000000 0.000000 -0.280945 -1.217796
    14 3.325015 0.000000 0.000000 0.000000 -0.096001 -1.230572
    15 5.613002 0.274427 1.782151 0.378929 -0.371446 -0.586631
    16 5.643136 0.000001 0.000000 0.000000 -0.192563 -1.225564
    17 3.079116 0.000000 -0.000001 0.000000 -0.064808 -1.231461
    18 1.673230 1.247220 -2.595441 -1.669005 1.286518 2.942401
    19 6.028143 0.000001 0.000000 1.639837 0.053459 -0.587171
    20 11.692555 0.000000 0.000001 0.000000 0.000000 -0.767230
    21 12.075578 -0.000001 0.000003 -1.569752 0.195545 0.020654
    22 5.943745 -0.452102 0.398078 0.147217 0.287840 -0.578718
    23 5.043453 0.000000 0.000000 0.000000 0.530358 -1.175525
    24 4.081745 0.000000 0.000000 0.000000 0.206790 -1.461372
    25 6.213901 0.452095 -0.398078 -0.094865 0.384803 -0.547821
    26 5.536297 -0.000001 0.000000 0.000000 0.618516 -1.150872
    27 3.312719 0.000000 -0.000002 0.000000 0.238651 -1.221912
    28 5.899517 1.061160 -1.488765 -0.397780 0.602637 -0.377010
    29 5.285243 0.000001 0.000000 0.000000 0.597561 -1.157329
    30 3.098848 0.000000 0.000000 0.000000 0.228027 -1.222829
    31 9.573584 0.263878 1.933152 2.803390 -0.068954 1.791758
    32 3.738597 -2.965120 -0.136397 0.215984 -0.078540 -0.078540
    33 1.884797 0.225917 -3.244098 -0.856219 -0.128452 -1.738723
    34 3.698875 -0.000002 0.000000 0.000000 0.000000 -0.664655
    35 1.884668 0.225917 3.247675 -2.285333 0.128458 -1.738718
    36 3.698877 0.000000 -0.000001 0.000000 0.000000 0.664655
  time 22
    0 4.497977 0.000000 41.699120 1.570800 -1.484503 -0.000004
    1 4.126704 0.000000 0.000000 0.000000 0.000000 -0.029242
    2 3.613468 0.000000 0.000000 0.000000 0.000000 0.100355
    3 9.183784 0.000000 0.000000 0.000000 0.000000 0.194628
    4 3.166100 0.000000 0.000000 3.141591 0.000000 -0.970156
    5 1.734697 -0.000001 0.000000 0.000000 0.000000 -0.422444
    6 1.673222 1.247215 2.595494 1.597167 -1.286515 2.942410
    7 6.028143 -0.000001 0.000000 -1.580047 -0.013594 -0.589175
    8 11.692555 0.000000 0.000001 0.000000 0.000000 -0.767230
    9 12.075547 0.000001 -0.000032 1.497010 0.461745 -0.134837
    10 5.564227 -0.209469 -0.526835 -0.143137 -0.019710 -0.640843
    11 5.508580 -0.000001 -0.000001 0.000000 -0.213723 -1.223992
    12 5.744636 0.209471 0.526837 0.085296 -0.117962 -0.637785
    13 6.052552 0.000000 0.000000 0.000000 -0.280945 -1.217796
    14 3.325015 0.000000 0.000000 0.000000 -0.096001 -1.230572
    15 5.613002 0.274427 1.782151 0.378929 -0.371446 -0.586631
    16 5.643136 0.000001 0.000000 0.000000 -0.192563 -1.225564
    17 3.079116 0.000000 -0.000001 0.000000 -0.064808 -1.231461
    18 1.673230 1.247220 -2.595441 -1.669005 1.286518 2.942401
    19 6.028143 0.000001 0.000000 1.639837 0.053459 -0.587171
    20 11.692555 0.000000 0.000001 0.000000 0.000000 -0.767230
    21 12.075578 -0.000001 0.000003 -1.569752 0.195545 0.020654
    22 5.943745 -0.452102 0.398078 0.147217 0.287840 -0.578718
    23 5.043453 0.000000 0.000000 0.000000 0.530358 -1.175525
    24 4.081745 0.000000 0.000000 0.000000 0.206790 -1.461372
    25 6.213901 0.452095 -0.398078 -0.094865 0.384803 -0.547821
    26 5.536297 -0.000001 0.000000 0.000000 0.618516 -1.150872
    27 3.312719 0.000000 -0.000002 0.000000 0.238651 -1.221912
    28 5.899517 1.061160 -1.488765 -0.397780 0.602637 -0.377010
    29 5.285243 0.000001 0.000000 0.000000 0.597561 -1.157329
    30 3.098848 0.000000 0.000000 0.000000 0.228027 -1.222829
    31 9.573584 0.263878 1.933152 2.803390 -0.068954 1.791758
    32 3.738597 -2.965120 -0.136397 0.215984 -0.078540 -0.078540
    33 1.884797 0.225917 -3.244098 -0.856219 -0.128452 -1.738723
    34 3.698875 -0.000002 0.000000 0.000000 0.000000 -0.664655
    35 1.884668 0.225917 3.247675 -2.285333 0.128458 -1.738718
    36 3.698877 0.000000 -0.000001 0.000000 0.000000 0.664655
  time 23
    0 4.497977 0.000000 41.699120 1.570800 -1.484503 -0.000004
    1 4.126704 0.000000 0.000000 0.000000 0.000000 -0.029242
    2 3.613468 0.000000 0.000000 0.000000 0.000000 0.100355
    3 9.183784 0.000000 0.000000 0.000000 0.000000 0.194628
    4 3.166100 0.000000 0.000000 3.141591 0.000000 -0.970156
    5 1.734697 -0.000001 0.000000 0.000000 0.000000 -0.422444
    6 1.673222 1.247215 2.595494 1.597167 -1.286515 2.942410
    7 6.028143 -0.000001 0.000000 -1.580047 -0.013594 -0.589175
    8 11.692555 0.000000 0.000001 0.000000 0.000000 -0.767230
    9 12.075547 0.000001 -0.000032 1.497010 0.461745 -0.134837
    10 5.564227 -0.209469 -0.526835 -0.143137 -0.019710 -0.640843
    11 5.508580 -0.000001 -0.000001 0.000000 -0.213723 -1.223992
    12 5.744636 0.209471 0.526837 0.085296 -0.117962 -0.637785
    13 6.052552 0.000000 0.000000 0.000000 -0.280945 -1.217796
    14 3.325015 0.000000 0.000000 0.000000 -0.096001 -1.230572
    15 5.613002 0.274427 1.782151 0.378929 -0.371446 -0.586631
    16 5.643136 0.000001 0.000000 0.000000 -0.192563 -1.225564
    17 3.079116 0.000000 -0.000001 0.000000 -0.064808 -1.231461
    18 1.673230 1.247220 -2.595441 -1.669005 1.286518 2.942401
    19 6.028143 0.000001 0.000000 1.639837 0.053459 -0.587171
    20 11.692555 0.000000 0.000001 0.000000 0.000000 -0.767230
    21 12.075578 -0.000001 0.000003 -1.569752 0.195545 0.020654
    22 5.943745 -0.452102 0.398078 0.147217 0.287840 -0.578718
    23 5.043453 0.000000 0.000000 0.000000 0.530358 -1.175525
    24 4.081745 0.000000 0.000000 0.000000 0.206790 -1.461372
    25 6.213901 0.452095 -0.398078 -0.094865 0.384803 -0.547821
    26 5.536297 -0.000001 0.000000 0.000000 0.618516 -1.150872
    27 3.312719 0.000000 -0.000002 0.000000 0.238651 -1.221912
    28 5.899517 1.061160 -1.488765 -0.397780 0.602637 -0.377010
    29 5.285243 0.000001 0.000000 0.000000 0.597561 -1.157329
    30 3.098848 0.000000 0.000000 0.000000 0.228027 -1.222829
    31 9.573584 0.263878 1.933152 2.803390 -0.068954 1.791758
    32 3.738597 -2.965120 -0.136397 0.215984 -0.078540 -0.078540
    33 1.884797 0.225917 -3.244098 -0.856219 -0.128452 -1.738723
    34 3.698875 -0.000002 0.000000 0.000000 0.000000 -0.664655
    35 1.884668 0.225917 3.247675 -2.285333 0.128458 -1.738718
    36 3.698877 0.000000 -0.000001 0.000000 0.000000 0.664655
  time 24
    0 4.497977 0.000000 41.699120 1.570800 -1.484503 -0.000004
    1 4.126704 0.000000 0.000000 0.000000 0.000000 -0.029242
    2 3.613468 0.000000 0.000000 0.000000 0.000000 0.100355
    3 9.183784 0.000000 0.000000 0.000000 0.000000 0.194628
    4 3.166100 0.000000 0.000000 3.141591 0.000000 -0.970156
    5 1.734697 -0.000001 0.000000 0.000000 0.000000 -0.422444
    6 1.673222 1.247215 2.595494 1.597167 -1.286515 2.942410
    7 6.028143 -0.000001 0.000000 -1.580047 -0.013594 -0.589175
    8 11.692555 0.000000 0.000001 0.000000 0.000000 -0.767230
    9 12.075547 0.000001 -0.000032 1.497010 0.461745 -0.134837
    10 5.564227 -0.209469 -0.526835 -0.143137 -0.019710 -0.640843
    11 5.508580 -0.000001 -0.000001 0.000000 -0.213723 -1.223992
    12 5.744636 0.209471 0.526837 0.085296 -0.117962 -0.637785
    13 6.052552 0.000000 0.000000 0.000000 -0.280945 -1.217796
    14 3.325015 0.000000 0.000000 0.000000 -0.096001 -1.230572
    15 5.613002 0.274427 1.782151 0.378929 -0.371446 -0.586631
    16 5.643136 0.000001 0.000000 0.000000 -0.192563 -1.225564
    17 3.079116 0.000000 -0.000001 0.000000 -0.064808 -1.231461
    18 1.673230 1.247220 -2.595441 -1.669005 1.286518 2.942401
    19 6.028143 0.000001 0.000000 1.639837 0.053459 -0.587171
    20 11.692555 0.000000 0.000001 0.000000 0.000000 -0.767230
    21 12.075578 -0.000001 0.000003 -1.569752 0.195545 0.020654
    22 5.943745 -0.452102 0.398078 0.147217 0.287840 -0.578718
    23 5.043453 0.000000 0.000000 0.000000 0.530358 -1.175525
    24 4.081745 0.000000 0.000000 0.000000 0.206790 -1.461372
    25 6.213901 0.452095 -0.398078 -0.094865 0.384803 -0.547821
    26 5.536297 -0.000001 0.000000 0.000000 0.618516 -1.150872
    27 3.312719 0.000000 -0.000002 0.000000 0.238651 -1.221912
    28 5.899517 1.061160 -1.488765 -0.397780 0.602637 -0.377010
    29 5.285243 0.000001 0.000000 0.000000 0.597561 -1.157329
    30 3.098848 0.000000 0.000000 0.000000 0.228027 -1.222829
    31 9.573584 0.263878 1.933152 2.803390 -0.068954 1.791758
    32 3.738597 -2.965120 -0.136397 0.215984 -0.078540 -0.078540
    33 1.884797 0.225917 -3.244098 -0.856219 -0.128452 -1.738723
    34 3.698875 -0.000002 0.000000 0.000000 0.000000 -0.664655
    35 1.884668 0.225917 3.247675 -2.285333 0.128458 -1.738718
    36 3.698877 0.000000 -0.000001 0.000000 0.000000 0.664655
  time 25
    0 4.497977 0.000000 41.699120 1.570800 -1.484503 -0.000004
    1 4.126704 0.000000 0.000000 0.000000 0.000000 -0.029242
    2 3.613468 0.000000 0.000000 0.000000 0.000000 0.100355
    3 9.183784 0.000000 0.000000 0.000000 0.000000 0.194628
    4 3.166100 0.000000 0.000000 3.141591 0.000000 -0.970156
    5 1.734697 -0.000001 0.000000 0.000000 0.000000 -0.422444
    6 1.673222 1.247215 2.595494 1.597167 -1.286515 2.942410
    7 6.028143 -0.000001 0.000000 -1.580047 -0.013594 -0.589175
    8 11.692555 0.000000 0.000001 0.000000 0.000000 -0.767230
    9 12.075547 0.000001 -0.000032 1.497010 0.461745 -0.134837
    10 5.564227 -0.209469 -0.526835 -0.143137 -0.019710 -0.640843
    11 5.508580 -0.000001 -0.000001 0.000000 -0.213723 -1.223992
    12 5.744636 0.209471 0.526837 0.085296 -0.117962 -0.637785
    13 6.052552 0.000000 0.000000 0.000000 -0.280945 -1.217796
    14 3.325015 0.000000 0.000000 0.000000 -0.096001 -1.230572
    15 5.613002 0.274427 1.782151 0.378929 -0.371446 -0.586631
    16 5.643136 0.000001 0.000000 0.000000 -0.192563 -1.225564
    17 3.079116 0.000000 -0.000001 0.000000 -0.064808 -1.231461
    18 1.673230 1.247220 -2.595441 -1.669005 1.286518 2.942401
    19 6.028143 0.000001 0.000000 1.639837 0.053459 -0.587171
    20 11.692555 0.000000 0.000001 0.000000 0.000000 -0.767230
    21 12.075578 -0.000001 0.000003 -1.569752 0.195545 0.020654
    22 5.943745 -0.452102 0.398078 0.147217 0.287840 -0.578718
    23 5.043453 0.000000 0.000000 0.000000 0.530358 -1.175525
    24 4.081745 0.000000 0.000000 0.000000 0.206790 -1.461372
    25 6.213901 0.452095 -0.398078 -0.094865 0.384803 -0.547821
    26 5.536297 -0.000001 0.000000 0.000000 0.618516 -1.150872
    27 3.312719 0.000000 -0.000002 0.000000 0.238651 -1.221912
    28 5.899517 1.061160 -1.488765 -0.397780 0.602637 -0.377010
    29 5.285243 0.000001 0.000000 0.000000 0.597561 -1.157329
    30 3.098848 0.000000 0.000000 0.000000 0.228027 -1.222829
    31 9.573584 0.263878 1.933152 2.803390 -0.068954 1.791758
    32 3.738597 -2.965120 -0.136397 0.215984 -0.078540 -0.078540
    33 1.884797 0.225917 -3.244098 -0.856219 -0.128452 -1.738723
    34 3.698875 -0.000002 0.000000 0.000000 0.000000 -0.664655
    35 1.884668 0.225917 3.247675 -2.285333 0.128458 -1.738718
    36 3.698877 0.000000 -0.000001 0.000000 0.000000 0.664655
  time 26
    0 4.497977 0.000000 41.699120 1.570800 -1.484503 -0.000004
    1 4.126704 0.000000 0.000000 0.000000 0.000000 -0.029242
    2 3.613468 0.000000 0.000000 0.000000 0.000000 0.100355
    3 9.183784 0.000000 0.000000 0.000000 0.000000 0.194628
    4 3.166100 0.000000 0.000000 3.141591 0.000000 -0.970156
    5 1.734697 -0.000001 0.000000 0.000000 0.000000 -0.422444
    6 1.673222 1.247215 2.595494 1.597167 -1.286515 2.942410
    7 6.028143 -0.000001 0.000000 -1.580047 -0.013594 -0.589175
    8 11.692555 0.000000 0.000001 0.000000 0.000000 -0.767230
    9 12.075547 0.000001 -0.000032 1.497010 0.461745 -0.134837
    10 5.564227 -0.209469 -0.526835 -0.143137 -0.019710 -0.640843
    11 5.508580 -0.000001 -0.000001 0.000000 -0.213723 -1.223992
    12 5.744636 0.209471 0.526837 0.085296 -0.117962 -0.637785
    13 6.052552 0.000000 0.000000 0.000000 -0.280945 -1.217796
    14 3.325015 0.000000 0.000000 0.000000 -0.096001 -1.230572
    15 5.613002 0.274427 1.782151 0.378929 -0.371446 -0.586631
    16 5.643136 0.000001 0.000000 0.000000 -0.192563 -1.225564
    17 3.079116 0.000000 -0.000001 0.000000 -0.064808 -1.231461
    18 1.673230 1.247220 -2.595441 -1.669005 1.286518 2.942401
    19 6.028143 0.000001 0.000000 1.639837 0.053459 -0.587171
    20 11.692555 0.000000 0.000001 0.000000 0.000000 -0.767230
    21 12.075578 -0.000001 0.000003 -1.569752 0.195545 0.020654
    22 5.943745 -0.452102 0.398078 0.147217 0.287840 -0.578718
    23 5.043453 0.000000 0.000000 0.000000 0.530358 -1.175525
    24 4.081745 0.000000 0.000000 0.000000 0.206790 -1.461372
    25 6.213901 0.452095 -0.398078 -0.094865 0.384803 -0.547821
    26 5.536297 -0.000001 0.000000 0.000000 0.618516 -1.150872
    27 3.312719 0.000000 -0.000002 0.000000 0.238651 -1.221912
    28 5.899517 1.061160 -1.488765 -0.397780 0.602637 -0.377010
    29 5.285243 0.000001 0.000000 0.000000 0.597561 -1.157329
    30 3.098848 0.000000 0.000000 0.000000 0.228027 -1.222829
    31 9.573584 0.263878 1.933152 2.803390 -0.068954 1.791758
    32 3.738597 -2.965120 -0.136397 0.215984 -0.078540 -0.078540
    33 1.884797 0.225917 -3.244098 -0.856219 -0.128452 -1.738723
    34 3.698875 -0.000002 0.000000 0.000000 0.000000 -0.664655
    35 1.884668 0.225917 3.247675 -2.285333 0.128458 -1.738718
    36 3.698877 0.000000 -0.000001 0.000000 0.000000 0.664655
  time 27
    0 4.497977 0.000000 41.699120 1.570800 -1.484503 -0.000004
    1 4.126704 0.000000 0.000000 0.000000 0.000000 -0.029242
    2 3.613468 0.000000 0.000000 0.000000 0.000000 0.100355
    3 9.183784 0.000000 0.000000 0.000000 0.000000 0.194628
    4 3.166100 0.000000 0.000000 3.141591 0.000000 -0.970156
    5 1.734697 -0.000001 0.000000 0.000000 0.000000 -0.422444
    6 1.673222 1.247215 2.595494 1.597167 -1.286515 2.942410
    7 6.028143 -0.000001 0.000000 -1.580047 -0.013594 -0.589175
    8 11.692555 0.000000 0.000001 0.000000 0.000000 -0.767230
    9 12.075547 0.000001 -0.000032 1.497010 0.461745 -0.134837
    10 5.564227 -0.209469 -0.526835 -0.143137 -0.019710 -0.640843
    11 5.508580 -0.000001 -0.000001 0.000000 -0.213723 -1.223992
    12 5.744636 0.209471 0.526837 0.085296 -0.117962 -0.637785
    13 6.052552 0.000000 0.000000 0.000000 -0.280945 -1.217796
    14 3.325015 0.000000 0.000000 0.000000 -0.096001 -1.230572
    15 5.613002 0.274427 1.782151 0.378929 -0.371446 -0.586631
    16 5.643136 0.000001 0.000000 0.000000 -0.192563 -1.225564
    17 3.079116 0.000000 -0.000001 0.000000 -0.064808 -1.231461
    18 1.673230 1.247220 -2.595441 -1.669005 1.286518 2.942401
    19 6.028143 0.000001 0.000000 1.639837 0.053459 -0.587171
    20 11.692555 0.000000 0.000001 0.000000 0.000000 -0.767230
    21 12.075578 -0.000001 0.000003 -1.569752 0.195545 0.020654
    22 5.943745 -0.452102 0.398078 0.147217 0.287840 -0.578718
    23 5.043453 0.000000 0.000000 0.000000 0.530358 -1.175525
    24 4.081745 0.000000 0.000000 0.000000 0.206790 -1.461372
    25 6.213901 0.452095 -0.398078 -0.094865 0.384803 -0.547821
    26 5.536297 -0.000001 0.000000 0.000000 0.618516 -1.150872
    27 3.312719 0.000000 -0.000002 0.000000 0.238651 -1.221912
    28 5.899517 1.061160 -1.488765 -0.397780 0.602637 -0.377010
    29 5.285243 0.000001 0.000000 0.000000 0.597561 -1.157329
    30 3.098848 0.000000 0.000000 0.000000 0.228027 -1.222829
    31 9.573584 0.263878 1.933152 2.803390 -0.068954 1.791758
    32 3.738597 -2.965120 -0.136397 0.215984 -0.078540 -0.078540
    33 1.884797 0.225917 -3.244098 -0.856219 -0.128452 -1.738723
    34 3.698875 -0.000002 0.000000 0.000000 0.000000 -0.664655
    35 1.884668 0.225917 3.247675 -2.285333 0.128458 -1.738718
    36 3.698877 0.000000 -0.000001 0.000000 0.000000 0.664655
  time 28
    0 4.497977 0.000000 41.699120 1.570800 -1.484503 -0.000004
    1 4.126704 0.000000 0.000000 0.000000 0.000000 -0.029242
    2 3.613468 0.000000 0.000000 0.000000 0.000000 0.100355
    3 9.183784 0.000000 0.000000 0.000000 0.000000 0.194628
    4 3.166100 0.000000 0.000000 3.141591 0.000000 -0.970156
    5 1.734697 -0.000001 0.000000 0.000000 0.000000 -0.422444
    6 1.673222 1.247215 2.595494 1.597167 -1.286515 2.942410
    7 6.028143 -0.000001 0.000000 -1.580047 -0.013594 -0.589175
    8 11.692555 0.000000 0.000001 0.000000 0.000000 -0.767230
    9 12.075547 0.000001 -0.000032 1.497010 0.461745 -0.134837
    10 5.564227 -0.209469 -0.526835 -0.143137 -0.019710 -0.640843
    11 5.508580 -0.000001 -0.000001 0.000000 -0.213723 -1.223992
    12 5.744636 0.209471 0.526837 0.085296 -0.117962 -0.637785
    13 6.052552 0.000000 0.000000 0.000000 -0.280945 -1.217796
    14 3.325015 0.000000 0.000000 0.000000 -0.096001 -1.230572
    15 5.613002 0.274427 1.782151 0.378929 -0.371446 -0.586631
    16 5.643136 0.000001 0.000000 0.000000 -0.192563 -1.225564
    17 3.079116 0.000000 -0.000001 0.000000 -0.064808 -1.231461
    18 1.673230 1.247220 -2.595441 -1.669005 1.286518 2.942401
    19 6.028143 0.000001 0.000000 1.639837 0.053459 -0.587171
    20 11.692555 0.000000 0.000001 0.000000 0.000000 -0.767230
    21 12.075578 -0.000001 0.000003 -1.569752 0.195545 0.020654
    22 5.943745 -0.452102 0.398078 0.147217 0.287840 -0.578718
    23 5.043453 0.000000 0.000000 0.000000 0.530358 -1.175525
    24 4.081745 0.000000 0.000000 0.000000 0.206790 -1.461372
    25 6.213901 0.452095 -0.398078 -0.094865 0.384803 -0.547821
    26 5.536297 -0.000001 0.000000 0.000000 0.618516 -1.150872
    27 3.312719 0.000000 -0.000002 0.000000 0.238651 -1.221912
    28 5.899517 1.061160 -1.488765 -0.397780 0.602637 -0.377010
    29 5.285243 0.000001 0.000000 0.000000 0.597561 -1.157329
    30 3.098848 0.000000 0.000000 0.000000 0.228027 -1.222829
    31 9.573584 0.263878 1.933152 2.803390 -0.068954 1.791758
    32 3.738597 -2.965120 -0.136397 0.215984 -0.078540 -0.078540
    33 1.884797 0.225917 -3.244098 -0.856219 -0.128452 -1.738723
    34 3.698875 -0.000002 0.000000 0.000000 0.000000 -0.664655
    35 1.884668 0.225917 3.247675 -2.285333 0.128458 -1.738718
    36 3.698877 0.000000 -0.000001 0.000000 0.000000 0.664655
  time 29
    0 4.497977 0.000000 41.699120 1.570800 -1.484503 -0.000004
    1 4.126704 0.000000 0.000000 0.000000 0.000000 -0.029242
    2 3.613468 0.000000 0.000000 0.000000 0.000000 0.100355
    3 9.183784 0.000000 0.000000 0.000000 0.000000 0.194628
    4 3.166100 0.000000 0.000000 3.141591 0.000000 -0.970156
    5 1.734697 -0.000001 0.000000 0.000000 0.000000 -0.422444
    6 1.673222 1.247215 2.595494 1.597167 -1.286515 2.942410
    7 6.028143 -0.000001 0.000000 -1.580047 -0.013594 -0.589175
    8 11.692555 0.000000 0.000001 0.000000 0.000000 -0.767230
    9 12.075547 0.000001 -0.000032 1.497010 0.461745 -0.134837
    10 5.564227 -0.209469 -0.526835 -0.143137 -0.019710 -0.640843
    11 5.508580 -0.000001 -0.000001 0.000000 -0.213723 -1.223992
    12 5.744636 0.209471 0.526837 0.085296 -0.117962 -0.637785
    13 6.052552 0.000000 0.000000 0.000000 -0.280945 -1.217796
    14 3.325015 0.000000 0.000000 0.000000 -0.096001 -1.230572
    15 5.613002 0.274427 1.782151 0.378929 -0.371446 -0.586631
    16 5.643136 0.000001 0.000000 0.000000 -0.192563 -1.225564
    17 3.079116 0.000000 -0.000001 0.000000 -0.064808 -1.231461
    18 1.673230 1.247220 -2.595441 -1.669005 1.286518 2.942401
    19 6.028143 0.000001 0.000000 1.639837 0.053459 -0.587171
    20 11.692555 0.000000 0.000001 0.000000 0.000000 -0.767230
    21 12.075578 -0.000001 0.000003 -1.569752 0.195545 0.020654
    22 5.943745 -0.452102 0.398078 0.147217 0.287840 -0.578718
    23 5.043453 0.000000 0.000000 0.000000 0.530358 -1.175525
    24 4.081745 0.000000 0.000000 0.000000 0.206790 -1.461372
    25 6.213901 0.452095 -0.398078 -0.094865 0.384803 -0.547821
    26 5.536297 -0.000001 0.000000 0.000000 0.618516 -1.150872
    27 3.312719 0.000000 -0.000002 0.000000 0.238651 -1.221912
    28 5.899517 1.061160 -1.488765 -0.397780 0.602637 -0.377010
    29 5.285243 0.000001 0.000000 0.000000 0.597561 -1.157329
    30 3.098848 0.000000 0.000000 0.000000 0.228027 -1.222829
    31 9.573584 0.263878 1.933152 2.803390 -0.068954 1.791758
    32 3.738597 -2.965120 -0.136397 0.215984 -0.078540 -0.078540
    33 1.884797 0.225917 -3.244098 -0.856219 -0.128452 -1.738723
    34 3.698875 -0.000002 0.000000 0.000000 0.000000 -0.664655
    35 1.884668 0.225917 3.247675 -2.285333 0.128458 -1.738718
    36 3.698877 0.000000 -0.000001 0.000000 0.000000 0.664655
  time 30
    0 4.497977 0.000000 41.699120 1.570800 -1.484503 -0.000004
    1 4.126704 0.000000 0.000000 0.000000 0.000000 -0.029242
    2 3.613468 0.000000 0.000000 0.000000 0.000000 0.100355
    3 9.183784 0.000000 0.000000 0.000000 0.000000 0.194628
    4 3.166100 0.000000 0.000000 3.141591 0.000000 -0.970156
    5 1.734697 -0.000001 0.000000 0.000000 0.000000 -0.422444
    6 1.673222 1.247215 2.595494 1.597167 -1.286515 2.942410
    7 6.028143 -0.000001 0.000000 -1.580047 -0.013594 -0.589175
    8 11.692555 0.000000 0.000001 0.000000 0.000000 -0.767230
    9 12.075547 0.000001 -0.000032 1.497010 0.461745 -0.134837
    10 5.564227 -0.209469 -0.526835 -0.143137 -0.019710 -0.640843
    11 5.508580 -0.000001 -0.000001 0.000000 -0.213723 -1.223992
    12 5.744636 0.209471 0.526837 0.085296 -0.117962 -0.637785
    13 6.052552 0.000000 0.000000 0.000000 -0.280945 -1.217796
    14 3.325015 0.000000 0.000000 0.000000 -0.096001 -1.230572
    15 5.613002 0.274427 1.782151 0.378929 -0.371446 -0.586631
    16 5.643136 0.000001 0.000000 0.000000 -0.192563 -1.225564
    17 3.079116 0.000000 -0.000001 0.000000 -0.064808 -1.231461
    18 1.673230 1.247220 -2.595441 -1.669005 1.286518 2.942401
    19 6.028143 0.000001 0.000000 1.639837 0.053459 -0.587171
    20 11.692555 0.000000 0.000001 0.000000 0.000000 -0.767230
    21 12.075578 -0.000001 0.000003 -1.569752 0.195545 0.020654
    22 5.943745 -0.452102 0.398078 0.147217 0.287840 -0.578718
    23 5.043453 0.000000 0.000000 0.000000 0.530358 -1.175525
    24 4.081745 0.000000 0.000000 0.000000 0.206790 -1.461372
    25 6.213901 0.452095 -0.398078 -0.094865 0.384803 -0.547821
    26 5.536297 -0.000001 0.000000 0.000000 0.618516 -1.150872
    27 3.312719 0.000000 -0.000002 0.000000 0.238651 -1.221912
    28 5.899517 1.061160 -1.488765 -0.397780 0.602637 -0.377010
    29 5.285243 0.000001 0.000000 0.000000 0.597561 -1.157329
    30 3.098848 0.000000 0.000000 0.000000 0.228027 -1.222829
    31 9.573584 0.263878 1.933152 2.803390 -0.068954 1.791758
    32 3.738597 -2.965120 -0.136397 0.215984 -0.078540 -0.078540
    33 1.884797 0.225917 -3.244098 -0.856219 -0.128452 -1.738723
    34 3.698875 -0.000002 0.000000 0.000000 0.000000 -0.664655
    35 1.884668 0.225917 3.247675 -2.285333 0.128458 -1.738718
    36 3.698877 0.000000 -0.000001 0.000000 0.000000 0.664655
  time 31
    0 4.497977 0.000000 41.699120 1.570800 -1.484503 -0.000004
    1 4.126704 0.000000 0.000000 0.000000 0.000000 -0.029242
    2 3.613468 0.000000 0.000000 0.000000 0.000000 0.100355
    3 9.183784 0.000000 0.000000 0.000000 0.000000 0.194628
    4 3.166100 0.000000 0.000000 3.141591 0.000000 -0.970156
    5 1.734697 -0.000001 0.000000 0.000000 0.000000 -0.422444
    6 1.673222 1.247215 2.595494 1.597167 -1.286515 2.942410
    7 6.028143 -0.000001 0.000000 -1.580047 -0.013594 -0.589175
    8 11.692555 0.000000 0.000001 0.000000 0.000000 -0.767230
    9 12.075547 0.000001 -0.000032 1.497010 0.461745 -0.134837
    10 5.564227 -0.209469 -0.526835 -0.143137 -0.019710 -0.640843
    11 5.508580 -0.000001 -0.000001 0.000000 -0.213723 -1.223992
    12 5.744636 0.209471 0.526837 0.085296 -0.117962 -0.637785
    13 6.052552 0.000000 0.000000 0.000000 -0.280945 -1.217796
    14 3.325015 0.000000 0.000000 0.000000 -0.096001 -1.230572
    15 5.613002 0.274427 1.782151 0.378929 -0.371446 -0.586631
    16 5.643136 0.000001 0.000000 0.000000 -0.192563 -1.225564
    17 3.079116 0.000000 -0.000001 0.000000 -0.064808 -1.231461
    18 1.673230 1.247220 -2.595441 -1.669005 1.286518 2.942401
    19 6.028143 0.000001 0.000000 1.639837 0.053459 -0.587171
    20 11.692555 0.000000 0.000001 0.000000 0.000000 -0.767230
    21 12.075578 -0.000001 0.000003 -1.569752 0.195545 0.020654
    22 5.943745 -0.452102 0.398078 0.147217 0.287840 -0.578718
    23 5.043453 0.000000 0.000000 0.000000 0.530358 -1.175525
    24 4.081745 0.000000 0.000000 0.000000 0.206790 -1.461372
    25 6.213901 0.452095 -0.398078 -0.094865 0.384803 -0.547821
    26 5.536297 -0.000001 0.000000 0.000000 0.618516 -1.150872
    27 3.312719 0.000000 -0.000002 0.000000 0.238651 -1.221912
    28 5.899517 1.061160 -1.488765 -0.397780 0.602637 -0.377010
    29 5.285243 0.000001 0.000000 0.000000 0.597561 -1.157329
    30 3.098848 0.000000 0.000000 0.000000 0.228027 -1.222829
    31 9.573584 0.263878 1.933152 2.803390 -0.068954 1.791758
    32 3.738597 -2.965120 -0.136397 0.215984 -0.078540 -0.078540
    33 1.884797 0.225917 -3.244098 -0.856219 -0.128452 -1.738723
    34 3.698875 -0.000002 0.000000 0.000000 0.000000 -0.664655
    35 1.884668 0.225917 3.247675 -2.285333 0.128458 -1.738718
    36 3.698877 0.000000 -0.000001 0.000000 0.000000 0.664655
  time 32
    0 4.497977 0.000000 41.699120 1.570800 -1.484503 -0.000004
    1 4.126704 0.000000 0.000000 0.000000 0.000000 -0.029242
    2 3.613468 0.000000 0.000000 0.000000 0.000000 0.100355
    3 9.183784 0.000000 0.000000 0.000000 0.000000 0.194628
    4 3.166100 0.000000 0.000000 3.141591 0.000000 -0.970156
    5 1.734697 -0.000001 0.000000 0.000000 0.000000 -0.422444
    6 1.673222 1.247215 2.595494 1.597167 -1.286515 2.942410
    7 6.028143 -0.000001 0.000000 -1.580047 -0.013594 -0.589175
    8 11.692555 0.000000 0.000001 0.000000 0.000000 -0.767230
    9 12.075547 0.000001 -0.000032 1.497010 0.461745 -0.134837
    10 5.564227 -0.209469 -0.526835 -0.143137 -0.019710 -0.640843
    11 5.508580 -0.000001 -0.000001 0.000000 -0.213723 -1.223992
    12 5.744636 0.209471 0.526837 0.085296 -0.117962 -0.637785
    13 6.052552 0.000000 0.000000 0.000000 -0.280945 -1.217796
    14 3.325015 0.000000 0.000000 0.000000 -0.096001 -1.230572
    15 5.613002 0.274427 1.782151 0.378929 -0.371446 -0.586631
    16 5.643136 0.000001 0.000000 0.000000 -0.192563 -1.225564
    17 3.079116 0.000000 -0.000001 0.000000 -0.064808 -1.231461
    18 1.673230 1.247220 -2.595441 -1.669005 1.286518 2.942401
    19 6.028143 0.000001 0.000000 1.639837 0.053459 -0.587171
    20 11.692555 0.000000 0.000001 0.000000 0.000000 -0.767230
    21 12.075578 -0.000001 0.000003 -1.569752 0.195545 0.020654
    22 5.943745 -0.452102 0.398078 0.147217 0.287840 -0.578718
    23 5.043453 0.000000 0.000000 0.000000 0.530358 -1.175525
    24 4.081745 0.000000 0.000000 0.000000 0.206790 -1.461372
    25 6.213901 0.452095 -0.398078 -0.094865 0.384803 -0.547821
    26 5.536297 -0.000001 0.000000 0.000000 0.618516 -1.150872
    27 3.312719 0.000000 -0.000002 0.000000 0.238651 -1.221912
    28 5.899517 1.061160 -1.488765 -0.397780 0.602637 -0.377010
    29 5.285243 0.000001 0.000000 0.000000 0.597561 -1.157329
    30 3.098848 0.000000 0.000000 0.000000 0.228027 -1.222829
    31 9.573584 0.263878 1.933152 2.803390 -0.068954 1.791758
    32 3.738597 -2.965120 -0.136397 0.215984 -0.078540 -0.078540
    33 1.884797 0.225917 -3.244098 -0.856219 -0.128452 -1.738723
    34 3.698875 -0.000002 0.000000 0.000000 0.000000 -0.664655
    35 1.884668 0.225917 3.247675 -2.285333 0.128458 -1.738718
    36 3.698877 0.000000 -0.000001 0.000000 0.000000 0.664655
  time 33
    0 4.497977 0.000000 41.699120 1.570800 -1.484503 -0.000004
    1 4.126704 0.000000 0.000000 0.000000 0.000000 -0.029242
    2 3.613468 0.000000 0.000000 0.000000 0.000000 0.100355
    3 9.183784 0.000000 0.000000 0.000000 0.000000 0.194628
    4 3.166100 0.000000 0.000000 3.141591 0.000000 -0.970156
    5 1.734697 -0.000001 0.000000 0.000000 0.000000 -0.422444
    6 1.673222 1.247215 2.595494 1.597167 -1.286515 2.942410
    7 6.028143 -0.000001 0.000000 -1.580047 -0.013594 -0.589175
    8 11.692555 0.000000 0.000001 0.000000 0.000000 -0.767230
    9 12.075547 0.000001 -0.000032 1.497010 0.461745 -0.134837
    10 5.564227 -0.209469 -0.526835 -0.143137 -0.019710 -0.640843
    11 5.508580 -0.000001 -0.000001 0.000000 -0.213723 -1.223992
    12 5.744636 0.209471 0.526837 0.085296 -0.117962 -0.637785
    13 6.052552 0.000000 0.000000 0.000000 -0.280945 -1.217796
    14 3.325015 0.000000 0.000000 0.000000 -0.096001 -1.230572
    15 5.613002 0.274427 1.782151 0.378929 -0.371446 -0.586631
    16 5.643136 0.000001 0.000000 0.000000 -0.192563 -1.225564
    17 3.079116 0.000000 -0.000001 0.000000 -0.064808 -1.231461
    18 1.673230 1.247220 -2.595441 -1.669005 1.286518 2.942401
    19 6.028143 0.000001 0.000000 1.639837 0.053459 -0.587171
    20 11.692555 0.000000 0.000001 0.000000 0.000000 -0.767230
    21 12.075578 -0.000001 0.000003 -1.569752 0.195545 0.020654
    22 5.943745 -0.452102 0.398078 0.147217 0.287840 -0.578718
    23 5.043453 0.000000 0.000000 0.000000 0.530358 -1.175525
    24 4.081745 0.000000 0.000000 0.000000 0.206790 -1.461372
    25 6.213901 0.452095 -0.398078 -0.094865 0.384803 -0.547821
    26 5.536297 -0.000001 0.000000 0.000000 0.618516 -1.150872
    27 3.312719 0.000000 -0.000002 0.000000 0.238651 -1.221912
    28 5.899517 1.061160 -1.488765 -0.397780 0.602637 -0.377010
    29 5.285243 0.000001 0.000000 0.000000 0.597561 -1.157329
    30 3.098848 0.000000 0.000000 0.000000 0.228027 -1.222829
    31 9.573584 0.263878 1.933152 2.803390 -0.068954 1.791758
    32 3.738597 -2.965120 -0.136397 0.215984 -0.078540 -0.078540
    33 1.884797 0.225917 -3.244098 -0.856219 -0.128452 -1.738723
    34 3.698875 -0.000002 0.000000 0.000000 0.000000 -0.664655
    35 1.884668 0.225917 3.247675 -2.285333 0.128458 -1.738718
    36 3.698877 0.000000 -0.000001 0.000000 0.000000 0.664655
  time 34
    0 4.497977 0.000000 41.699120 1.570800 -1.484503 -0.000004
    1 4.126704 0.000000 0.000000 0.000000 0.000000 -0.029242
    2 3.613468 0.000000 0.000000 0.000000 0.000000 0.100355
    3 9.183784 0.000000 0.000000 0.000000 0.000000 0.194628
    4 3.166100 0.000000 0.000000 3.141591 0.000000 -0.970156
    5 1.734697 -0.000001 0.000000 0.000000 0.000000 -0.422444
    6 1.673222 1.247215 2.595494 1.597167 -1.286515 2.942410
    7 6.028143 -0.000001 0.000000 -1.580047 -0.013594 -0.589175
    8 11.692555 0.000000 0.000001 0.000000 0.000000 -0.767230
    9 12.075547 0.000001 -0.000032 1.497010 0.461745 -0.134837
    10 5.564227 -0.209469 -0.526835 -0.143137 -0.019710 -0.640843
    11 5.508580 -0.000001 -0.000001 0.000000 -0.213723 -1.223992
    12 5.744636 0.209471 0.526837 0.085296 -0.117962 -0.637785
    13 6.052552 0.000000 0.000000 0.000000 -0.280945 -1.217796
    14 3.325015 0.000000 0.000000 0.000000 -0.096001 -1.230572
    15 5.613002 0.274427 1.782151 0.378929 -0.371446 -0.586631
    16 5.643136 0.000001 0.000000 0.000000 -0.192563 -1.225564
    17 3.079116 0.000000 -0.000001 0.000000 -0.064808 -1.231461
    18 1.673230 1.247220 -2.595441 -1.669005 1.286518 2.942401
    19 6.028143 0.000001 0.000000 1.639837 0.053459 -0.587171
    20 11.692555 0.000000 0.000001 0.000000 0.000000 -0.767230
    21 12.075578 -0.000001 0.000003 -1.569752 0.195545 0.020654
    22 5.943745 -0.452102 0.398078 0.147217 0.287840 -0.578718
    23 5.043453 0.000000 0.000000 0.000000 0.530358 -1.175525
    24 4.081745 0.000000 0.000000 0.000000 0.206790 -1.461372
    25 6.213901 0.452095 -0.398078 -0.094865 0.384803 -0.547821
    26 5.536297 -0.000001 0.000000 0.000000 0.618516 -1.150872
    27 3.312719 0.000000 -0.000002 0.000000 0.238651 -1.221912
    28 5.899517 1.061160 -1.488765 -0.397780 0.602637 -0.377010
    29 5.285243 0.000001 0.000000 0.000000 0.597561 -1.157329
    30 3.098848 0.000000 0.000000 0.000000 0.228027 -1.222829
    31 9.573584 0.263878 1.933152 2.803390 -0.068954 1.791758
    32 3.738597 -2.965120 -0.136397 0.215984 -0.078540 -0.078540
    33 1.884797 0.225917 -3.244098 -0.856219 -0.128452 -1.738723
    34 3.698875 -0.000002 0.000000 0.000000 0.000000 -0.664655
    35 1.884668 0.225917 3.247675 -2.285333 0.128458 -1.738718
    36 3.698877 0.000000 -0.000001 0.000000 0.000000 0.664655
  time 35
    0 4.497977 0.000000 41.699120 1.570800 -1.484503 -0.000004
    1 4.126704 0.000000 0.000000 0.000000 0.000000 -0.029242
    2 3.613468 0.000000 0.000000 0.000000 0.000000 0.100355
    3 9.183784 0.000000 0.000000 0.000000 0.000000 0.194628
    4 3.166100 0.000000 0.000000 3.141591 0.000000 -0.970156
    5 1.734697 -0.000001 0.000000 0.000000 0.000000 -0.422444
    6 1.673222 1.247215 2.595494 1.597167 -1.286515 2.942410
    7 6.028143 -0.000001 0.000000 -1.580047 -0.013594 -0.589175
    8 11.692555 0.000000 0.000001 0.000000 0.000000 -0.767230
    9 12.075547 0.000001 -0.000032 1.497010 0.461745 -0.134837
    10 5.564227 -0.209469 -0.526835 -0.143137 -0.019710 -0.640843
    11 5.508580 -0.000001 -0.000001 0.000000 -0.213723 -1.223992
    12 5.744636 0.209471 0.526837 0.085296 -0.117962 -0.637785
    13 6.052552 0.000000 0.000000 0.000000 -0.280945 -1.217796
    14 3.325015 0.000000 0.000000 0.000000 -0.096001 -1.230572
    15 5.613002 0.274427 1.782151 0.378929 -0.371446 -0.586631
    16 5.643136 0.000001 0.000000 0.000000 -0.192563 -1.225564
    17 3.079116 0.000000 -0.000001 0.000000 -0.064808 -1.231461
    18 1.673230 1.247220 -2.595441 -1.669005 1.286518 2.942401
    19 6.028143 0.000001 0.000000 1.639837 0.053459 -0.587171
    20 11.692555 0.000000 0.000001 0.000000 0.000000 -0.767230
    21 12.075578 -0.000001 0.000003 -1.569752 0.195545 0.020654
    22 5.943745 -0.452102 0.398078 0.147217 0.287840 -0.578718
    23 5.043453 0.000000 0.000000 0.000000 0.530358 -1.175525
    24 4.081745 0.000000 0.000000 0.000000 0.206790 -1.461372
    25 6.213901 0.452095 -0.398078 -0.094865 0.384803 -0.547821
    26 5.536297 -0.000001 0.000000 0.000000 0.618516 -1.150872
    27 3.312719 0.000000 -0.000002 0.000000 0.238651 -1.221912
    28 5.899517 1.061160 -1.488765 -0.397780 0.602637 -0.377010
    29 5.285243 0.000001 0.000000 0.000000 0.597561 -1.157329
    30 3.098848 0.000000 0.000000 0.000000 0.228027 -1.222829
    31 9.573584 0.263878 1.933152 2.803390 -0.068954 1.791758
    32 3.738597 -2.965120 -0.136397 0.215984 -0.078540 -0.078540
    33 1.884797 0.225917 -3.244098 -0.856219 -0.128452 -1.738723
    34 3.698875 -0.000002 0.000000 0.000000 0.000000 -0.664655
    35 1.884668 0.225917 3.247675 -2.285333 0.128458 -1.738718
    36 3.698877 0.000000 -0.000001 0.000000 0.000000 0.664655
  time 36
    0 4.497977 0.000000 41.699120 1.570800 -1.484503 -0.000004
    1 4.126704 0.000000 0.000000 0.000000 0.000000 -0.029242
    2 3.613468 0.000000 0.000000 0.000000 0.000000 0.100355
    3 9.183784 0.000000 0.000000 0.000000 0.000000 0.194628
    4 3.166100 0.000000 0.000000 3.141591 0.000000 -0.970156
    5 1.734697 -0.000001 0.000000 0.000000 0.000000 -0.422444
    6 1.673222 1.247215 2.595494 1.597167 -1.286515 2.942410
    7 6.028143 -0.000001 0.000000 -1.580047 -0.013594 -0.589175
    8 11.692555 0.000000 0.000001 0.000000 0.000000 -0.767230
    9 12.075547 0.000001 -0.000032 1.497010 0.461745 -0.134837
    10 5.564227 -0.209469 -0.526835 -0.143137 -0.019710 -0.640843
    11 5.508580 -0.000001 -0.000001 0.000000 -0.213723 -1.223992
    12 5.744636 0.209471 0.526837 0.085296 -0.117962 -0.637785
    13 6.052552 0.000000 0.000000 0.000000 -0.280945 -1.217796
    14 3.325015 0.000000 0.000000 0.000000 -0.096001 -1.230572
    15 5.613002 0.274427 1.782151 0.378929 -0.371446 -0.586631
    16 5.643136 0.000001 0.000000 0.000000 -0.192563 -1.225564
    17 3.079116 0.000000 -0.000001 0.000000 -0.064808 -1.231461
    18 1.673230 1.247220 -2.595441 -1.669005 1.286518 2.942401
    19 6.028143 0.000001 0.000000 1.639837 0.053459 -0.587171
    20 11.692555 0.000000 0.000001 0.000000 0.000000 -0.767230
    21 12.075578 -0.000001 0.000003 -1.569752 0.195545 0.020654
    22 5.943745 -0.452102 0.398078 0.147217 0.287840 -0.578718
    23 5.043453 0.000000 0.000000 0.000000 0.530358 -1.175525
    24 4.081745 0.000000 0.000000 0.000000 0.206790 -1.461372
    25 6.213901 0.452095 -0.398078 -0.094865 0.384803 -0.547821
    26 5.536297 -0.000001 0.000000 0.000000 0.618516 -1.150872
    27 3.312719 0.000000 -0.000002 0.000000 0.238651 -1.221912
    28 5.899517 1.061160 -1.488765 -0.397780 0.602637 -0.377010
    29 5.285243 0.000001 0.000000 0.000000 0.597561 -1.157329
    30 3.098848 0.000000 0.000000 0.000000 0.228027 -1.222829
    31 9.573584 0.263878 1.933152 2.803390 -0.068954 1.791758
    32 3.738597 -2.965120 -0.136397 0.215984 -0.078540 -0.078540
    33 1.884797 0.225917 -3.244098 -0.856219 -0.128452 -1.738723
    34 3.698875 -0.000002 0.000000 0.000000 0.000000 -0.664655
    35 1.884668 0.225917 3.247675 -2.285333 0.128458 -1.738718
    36 3.698877 0.000000 -0.000001 0.000000 0.000000 0.664655
  time 37
    0 4.497977 0.000000 41.699120 1.570800 -1.484503 -0.000004
    1 4.126704 0.000000 0.000000 0.000000 0.000000 -0.029242
    2 3.613468 0.000000 0.000000 0.000000 0.000000 0.100355
    3 9.183784 0.000000 0.000000 0.000000 0.000000 0.194628
    4 3.166100 0.000000 0.000000 3.141591 0.000000 -0.970156
    5 1.734697 -0.000001 0.000000 0.000000 0.000000 -0.422444
    6 1.673222 1.247215 2.595494 1.597167 -1.286515 2.942410
    7 6.028143 -0.000001 0.000000 -1.580047 -0.013594 -0.589175
    8 11.692555 0.000000 0.000001 0.000000 0.000000 -0.767230
    9 12.075547 0.000001 -0.000032 1.497010 0.461745 -0.134837
    10 5.564227 -0.209469 -0.526835 -0.143137 -0.019710 -0.640843
    11 5.508580 -0.000001 -0.000001 0.000000 -0.213723 -1.223992
    12 5.744636 0.209471 0.526837 0.085296 -0.117962 -0.637785
    13 6.052552 0.000000 0.000000 0.000000 -0.280945 -1.217796
    14 3.325015 0.000000 0.000000 0.000000 -0.096001 -1.230572
    15 5.613002 0.274427 1.782151 0.378929 -0.371446 -0.586631
    16 5.643136 0.000001 0.000000 0.000000 -0.192563 -1.225564
    17 3.079116 0.000000 -0.000001 0.000000 -0.064808 -1.231461
    18 1.673230 1.247220 -2.595441 -1.669005 1.286518 2.942401
    19 6.028143 0.000001 0.000000 1.639837 0.053459 -0.587171
    20 11.692555 0.000000 0.000001 0.000000 0.000000 -0.767230
    21 12.075578 -0.000001 0.000003 -1.569752 0.195545 0.020654
    22 5.943745 -0.452102 0.398078 0.147217 0.287840 -0.578718
    23 5.043453 0.000000 0.000000 0.000000 0.530358 -1.175525
    24 4.081745 0.000000 0.000000 0.000000 0.206790 -1.461372
    25 6.213901 0.452095 -0.398078 -0.094865 0.384803 -0.547821
    26 5.536297 -0.000001 0.000000 0.000000 0.618516 -1.150872
    27 3.312719 0.000000 -0.000002 0.000000 0.238651 -1.221912
    28 5.899517 1.061160 -1.488765 -0.397780 0.602637 -0.377010
    29 5.285243 0.000001 0.000000 0.000000 0.597561 -1.157329
    30 3.098848 0.000000 0.000000 0.000000 0.228027 -1.222829
    31 9.573584 0.263878 1.933152 2.803390 -0.068954 1.791758
    32 3.738597 -2.965120 -0.136397 0.215984 -0.078540 -0.078540
    33 1.884797 0.225917 -3.244098 -0.856219 -0.128452 -1.738723
    34 3.698875 -0.000002 0.000000 0.000000 0.000000 -0.664655
    35 1.884668 0.225917 3.247675 -2.285333 0.128458 -1.738718
    36 3.698877 0.000000 -0.000001 0.000000 0.000000 0.664655
  time 38
    0 4.497977 0.000000 41.699120 1.570800 -1.484503 -0.000004
    1 4.126704 0.000000 0.000000 0.000000 0.000000 -0.029242
    2 3.613468 0.000000 0.000000 0.000000 0.000000 0.100355
    3 9.183784 0.000000 0.000000 0.000000 0.000000 0.194628
    4 3.166100 0.000000 0.000000 3.141591 0.000000 -0.970156
    5 1.734697 -0.000001 0.000000 0.000000 0.000000 -0.422444
    6 1.673222 1.247215 2.595494 1.597167 -1.286515 2.942410
    7 6.028143 -0.000001 0.000000 -1.580047 -0.013594 -0.589175
    8 11.692555 0.000000 0.000001 0.000000 0.000000 -0.767230
    9 12.075547 0.000001 -0.000032 1.497010 0.461745 -0.134837
    10 5.564227 -0.209469 -0.526835 -0.143137 -0.019710 -0.640843
    11 5.508580 -0.000001 -0.000001 0.000000 -0.213723 -1.223992
    12 5.744636 0.209471 0.526837 0.085296 -0.117962 -0.637785
    13 6.052552 0.000000 0.000000 0.000000 -0.280945 -1.217796
    14 3.325015 0.000000 0.000000 0.000000 -0.096001 -1.230572
    15 5.613002 0.274427 1.782151 0.378929 -0.371446 -0.586631
    16 5.643136 0.000001 0.000000 0.000000 -0.192563 -1.225564
    17 3.079116 0.000000 -0.000001 0.000000 -0.064808 -1.231461
    18 1.673230 1.247220 -2.595441 -1.669005 1.286518 2.942401
    19 6.028143 0.000001 0.000000 1.639837 0.053459 -0.587171
    20 11.692555 0.000000 0.000001 0.000000 0.000000 -0.767230
    21 12.075578 -0.000001 0.000003 -1.569752 0.195545 0.020654
    22 5.943745 -0.452102 0.398078 0.147217 0.287840 -0.578718
    23 5.043453 0.000000 0.000000 0.000000 0.530358 -1.175525
    24 4.081745 0.000000 0.000000 0.000000 0.206790 -1.461372
    25 6.213901 0.452095 -0.398078 -0.094865 0.384803 -0.547821
    26 5.536297 -0.000001 0.000000 0.000000 0.618516 -1.150872
    27 3.312719 0.000000 -0.000002 0.000000 0.238651 -1.221912
    28 5.899517 1.061160 -1.488765 -0.397780 0.602637 -0.377010
    29 5.285243 0.000001 0.000000 0.000000 0.597561 -1.157329
    30 3.098848 0.000000 0.000000 0.000000 0.228027 -1.222829
    31 9.573584 0.263878 1.933152 2.803390 -0.068954 1.791758
    32 3.738597 -2.965120 -0.136397 0.215984 -0.078540 -0.078540
    33 1.884797 0.225917 -3.244098 -0.856219 -0.128452 -1.738723
    34 3.698875 -0.000002 0.000000 0.000000 0.000000 -0.664655
    35 1.884668 0.225917 3.247675 -2.285333 0.128458 -1.738718
    36 3.698877 0.000000 -0.000001 0.000000 0.000000 0.664655
  time 39
    0 4.497977 0.000000 41.699120 1.570800 -1.484503 -0.000004
    1 4.126704 0.000000 0.000000 0.000000 0.000000 -0.029242
    2 3.613468 0.000000 0.000000 0.000000 0.000000 0.100355
    3 9.183784 0.000000 0.000000 0.000000 0.000000 0.194628
    4 3.166100 0.000000 0.000000 3.141591 0.000000 -0.970156
    5 1.734697 -0.000001 0.000000 0.000000 0.000000 -0.422444
    6 1.673222 1.247215 2.595494 1.597167 -1.286515 2.942410
    7 6.028143 -0.000001 0.000000 -1.580047 -0.013594 -0.589175
    8 11.692555 0.000000 0.000001 0.000000 0.000000 -0.767230
    9 12.075547 0.000001 -0.000032 1.497010 0.461745 -0.134837
    10 5.564227 -0.209469 -0.526835 -0.143137 -0.019710 -0.640843
    11 5.508580 -0.000001 -0.000001 0.000000 -0.213723 -1.223992
    12 5.744636 0.209471 0.526837 0.085296 -0.117962 -0.637785
    13 6.052552 0.000000 0.000000 0.000000 -0.280945 -1.217796
    14 3.325015 0.000000 0.000000 0.000000 -0.096001 -1.230572
    15 5.613002 0.274427 1.782151 0.378929 -0.371446 -0.586631
    16 5.643136 0.000001 0.000000 0.000000 -0.192563 -1.225564
    17 3.079116 0.000000 -0.000001 0.000000 -0.064808 -1.231461
    18 1.673230 1.247220 -2.595441 -1.669005 1.286518 2.942401
    19 6.028143 0.000001 0.000000 1.639837 0.053459 -0.587171
    20 11.692555 0.000000 0.000001 0.000000 0.000000 -0.767230
    21 12.075578 -0.000001 0.000003 -1.569752 0.195545 0.020654
    22 5.943745 -0.452102 0.398078 0.147217 0.287840 -0.578718
    23 5.043453 0.000000 0.000000 0.000000 0.530358 -1.175525
    24 4.081745 0.000000 0.000000 0.000000 0.206790 -1.461372
    25 6.213901 0.452095 -0.398078 -0.094865 0.384803 -0.547821
    26 5.536297 -0.000001 0.000000 0.000000 0.618516 -1.150872
    27 3.312719 0.000000 -0.000002 0.000000 0.238651 -1.221912
    28 5.899517 1.061160 -1.488765 -0.397780 0.602637 -0.377010
    29 5.285243 0.000001 0.000000 0.000000 0.597561 -1.157329
    30 3.098848 0.000000 0.000000 0.000000 0.228027 -1.222829
    31 9.573584 0.263878 1.933152 2.803390 -0.068954 1.791758
    32 3.738597 -2.965120 -0.136397 0.215984 -0.078540 -0.078540
    33 1.884797 0.225917 -3.244098 -0.856219 -0.128452 -1.738723
    34 3.698875 -0.000002 0.000000 0.000000 0.000000 -0.664655
    35 1.884668 0.225917 3.247675 -2.285333 0.128458 -1.738718
    36 3.698877 0.000000 -0.000001 0.000000 0.000000 0.664655
  time 40
    0 4.497977 0.000000 41.699120 1.570800 -1.484503 -0.000004
    1 4.126704 0.000000 0.000000 0.000000 0.000000 -0.029242
    2 3.613468 0.000000 0.000000 0.000000 0.000000 0.100355
    3 9.183784 0.000000 0.000000 0.000000 0.000000 0.194628
    4 3.166100 0.000000 0.000000 3.141591 0.000000 -0.970156
    5 1.734697 -0.000001 0.000000 0.000000 0.000000 -0.422444
    6 1.673222 1.247215 2.595494 1.597167 -1.286515 2.942410
    7 6.028143 -0.000001 0.000000 -1.580047 -0.013594 -0.589175
    8 11.692555 0.000000 0.000001 0.000000 0.000000 -0.767230
    9 12.075547 0.000001 -0.000032 1.497010 0.461745 -0.134837
    10 5.564227 -0.209469 -0.526835 -0.143137 -0.019710 -0.640843
    11 5.508580 -0.000001 -0.000001 0.000000 -0.213723 -1.223992
    12 5.744636 0.209471 0.526837 0.085296 -0.117962 -0.637785
    13 6.052552 0.000000 0.000000 0.000000 -0.280945 -1.217796
    14 3.325015 0.000000 0.000000 0.000000 -0.096001 -1.230572
    15 5.613002 0.274427 1.782151 0.378929 -0.371446 -0.586631
    16 5.643136 0.000001 0.000000 0.000000 -0.192563 -1.225564
    17 3.079116 0.000000 -0.000001 0.000000 -0.064808 -1.231461
    18 1.673230 1.247220 -2.595441 -1.669005 1.286518 2.942401
    19 6.028143 0.000001 0.000000 1.639837 0.053459 -0.587171
    20 11.692555 0.000000 0.000001 0.000000 0.000000 -0.767230
    21 12.075578 -0.000001 0.000003 -1.569752 0.195545 0.020654
    22 5.943745 -0.452102 0.398078 0.147217 0.287840 -0.578718
    23 5.043453 0.000000 0.000000 0.000000 0.530358 -1.175525
    24 4.081745 0.000000 0.000000 0.000000 0.206790 -1.461372
    25 6.213901 0.452095 -0.398078 -0.094865 0.384803 -0.547821
    26 5.536297 -0.000001 0.000000 0.000000 0.618516 -1.150872
    27 3.312719 0.000000 -0.000002 0.000000 0.238651 -1.221912
    28 5.899517 1.061160 -1.488765 -0.397780 0.602637 -0.377010
    29 5.285243 0.000001 0.000000 0.000000 0.597561 -1.157329
    30 3.098848 0.000000 0.000000 0.000000 0.228027 -1.222829
    31 9.573584 0.263878 1.933152 2.803390 -0.068954 1.791758
    32 3.738597 -2.965120 -0.136397 0.215984 -0.078540 -0.078540
    33 1.884797 0.225917 -3.244098 -0.856219 -0.128452 -1.738723
    34 3.698875 -0.000002 0.000000 0.000000 0.000000 -0.664655
    35 1.884668 0.225917 3.247675 -2.285333 0.128458 -1.738718
    36 3.698877 0.000000 -0.000001 0.000000 0.000000 0.664655
  time 41
    0 4.497977 0.000000 41.699120 1.570800 -1.484503 -0.000004
    1 4.126704 0.000000 0.000000 0.000000 0.000000 -0.029242
    2 3.613468 0.000000 0.000000 0.000000 0.000000 0.100355
    3 9.183784 0.000000 0.000000 0.000000 0.000000 0.194628
    4 3.166100 0.000000 0.000000 3.141591 0.000000 -0.970156
    5 1.734697 -0.000001 0.000000 0.000000 0.000000 -0.422444
    6 1.673222 1.247215 2.595494 1.597167 -1.286515 2.942410
    7 6.028143 -0.000001 0.000000 -1.580047 -0.013594 -0.589175
    8 11.692555 0.000000 0.000001 0.000000 0.000000 -0.767230
    9 12.075547 0.000001 -0.000032 1.497010 0.461745 -0.134837
    10 5.564227 -0.209469 -0.526835 -0.143137 -0.019710 -0.640843
    11 5.508580 -0.000001 -0.000001 0.000000 -0.213723 -1.223992
    12 5.744636 0.209471 0.526837 0.085296 -0.117962 -0.637785
    13 6.052552 0.000000 0.000000 0.000000 -0.280945 -1.217796
    14 3.325015 0.000000 0.000000 0.000000 -0.096001 -1.230572
    15 5.613002 0.274427 1.782151 0.378929 -0.371446 -0.586631
    16 5.643136 0.000001 0.000000 0.000000 -0.192563 -1.225564
    17 3.079116 0.000000 -0.000001 0.000000 -0.064808 -1.231461
    18 1.673230 1.247220 -2.595441 -1.669005 1.286518 2.942401
    19 6.028143 0.000001 0.000000 1.639837 0.053459 -0.587171
    20 11.692555 0.000000 0.000001 0.000000 0.000000 -0.767230
    21 12.075578 -0.000001 0.000003 -1.569752 0.195545 0.020654
    22 5.943745 -0.452102 0.398078 0.147217 0.287840 -0.578718
    23 5.043453 0.000000 0.000000 0.000000 0.530358 -1.175525
    24 4.081745 0.000000 0.000000 0.000000 0.206790 -1.461372
    25 6.213901 0.452095 -0.398078 -0.094865 0.384803 -0.547821
    26 5.536297 -0.000001 0.000000 0.000000 0.618516 -1.150872
    27 3.312719 0.000000 -0.000002 0.000000 0.238651 -1.221912
    28 5.899517 1.061160 -1.488765 -0.397780 0.602637 -0.377010
    29 5.285243 0.000001 0.000000 0.000000 0.597561 -1.157329
    30 3.098848 0.000000 0.000000 0.000000 0.228027 -1.222829
    31 9.573584 0.263878 1.933152 2.803390 -0.068954 1.791758
    32 3.738597 -2.965120 -0.136397 0.215984 -0.078540 -0.078540
    33 1.884797 0.225917 -3.244098 -0.856219 -0.128452 -1.738723
    34 3.698875 -0.000002 0.000000 0.000000 0.000000 -0.664655
    35 1.884668 0.225917 3.247675 -2.285333 0.128458 -1.738718
    36 3.698877 0.000000 -0.000001 0.000000 0.000000 0.664655
  time 42
    0 4.497977 0.000000 41.699120 1.570800 -1.484503 -0.000004
    1 4.126704 0.000000 0.000000 0.000000 0.000000 -0.029242
    2 3.613468 0.000000 0.000000 0.000000 0.000000 0.100355
    3 9.183784 0.000000 0.000000 0.000000 0.000000 0.194628
    4 3.166100 0.000000 0.000000 3.141591 0.000000 -0.970156
    5 1.734697 -0.000001 0.000000 0.000000 0.000000 -0.422444
    6 1.673222 1.247215 2.595494 1.597167 -1.286515 2.942410
    7 6.028143 -0.000001 0.000000 -1.580047 -0.013594 -0.589175
    8 11.692555 0.000000 0.000001 0.000000 0.000000 -0.767230
    9 12.075547 0.000001 -0.000032 1.497010 0.461745 -0.134837
    10 5.564227 -0.209469 -0.526835 -0.143137 -0.019710 -0.640843
    11 5.508580 -0.000001 -0.000001 0.000000 -0.213723 -1.223992
    12 5.744636 0.209471 0.526837 0.085296 -0.117962 -0.637785
    13 6.052552 0.000000 0.000000 0.000000 -0.280945 -1.217796
    14 3.325015 0.000000 0.000000 0.000000 -0.096001 -1.230572
    15 5.613002 0.274427 1.782151 0.378929 -0.371446 -0.586631
    16 5.643136 0.000001 0.000000 0.000000 -0.192563 -1.225564
    17 3.079116 0.000000 -0.000001 0.000000 -0.064808 -1.231461
    18 1.673230 1.247220 -2.595441 -1.669005 1.286518 2.942401
    19 6.028143 0.000001 0.000000 1.639837 0.053459 -0.587171
    20 11.692555 0.000000 0.000001 0.000000 0.000000 -0.767230
    21 12.075578 -0.000001 0.000003 -1.569752 0.195545 0.020654
    22 5.943745 -0.452102 0.398078 0.147217 0.287840 -0.578718
    23 5.043453 0.000000 0.000000 0.000000 0.530358 -1.175525
    24 4.081745 0.000000 0.000000 0.000000 0.206790 -1.461372
    25 6.213901 0.452095 -0.398078 -0.094865 0.384803 -0.547821
    26 5.536297 -0.000001 0.000000 0.000000 0.618516 -1.150872
    27 3.312719 0.000000 -0.000002 0.000000 0.238651 -1.221912
    28 5.899517 1.061160 -1.488765 -0.397780 0.602637 -0.377010
    29 5.285243 0.000001 0.000000 0.000000 0.597561 -1.157329
    30 3.098848 0.000000 0.000000 0.000000 0.228027 -1.222829
    31 9.573584 0.263878 1.933152 2.803390 -0.068954 1.791758
    32 3.738597 -2.965120 -0.136397 0.215984 -0.078540 -0.078540
    33 1.884797 0.225917 -3.244098 -0.856219 -0.128452 -1.738723
    34 3.698875 -0.000002 0.000000 0.000000 0.000000 -0.664655
    35 1.884668 0.225917 3.247675 -2.285333 0.128458 -1.738718
    36 3.698877 0.000000 -0.000001 0.000000 0.000000 0.664655
  time 43
    0 4.497977 0.000000 41.699120 1.570800 -1.484503 -0.000004
    1 4.126704 0.000000 0.000000 0.000000 0.000000 -0.029242
    2 3.613468 0.000000 0.000000 0.000000 0.000000 0.100355
    3 9.183784 0.000000 0.000000 0.000000 0.000000 0.194628
    4 3.166100 0.000000 0.000000 3.141591 0.000000 -0.970156
    5 1.734697 -0.000001 0.000000 0.000000 0.000000 -0.422444
    6 1.673222 1.247215 2.595494 1.597167 -1.286515 2.942410
    7 6.028143 -0.000001 0.000000 -1.580047 -0.013594 -0.589175
    8 11.692555 0.000000 0.000001 0.000000 0.000000 -0.767230
    9 12.075547 0.000001 -0.000032 1.497010 0.461745 -0.134837
    10 5.564227 -0.209469 -0.526835 -0.143137 -0.019710 -0.640843
    11 5.508580 -0.000001 -0.000001 0.000000 -0.213723 -1.223992
    12 5.744636 0.209471 0.526837 0.085296 -0.117962 -0.637785
    13 6.052552 0.000000 0.000000 0.000000 -0.280945 -1.217796
    14 3.325015 0.000000 0.000000 0.000000 -0.096001 -1.230572
    15 5.613002 0.274427 1.782151 0.378929 -0.371446 -0.586631
    16 5.643136 0.000001 0.000000 0.000000 -0.192563 -1.225564
    17 3.079116 0.000000 -0.000001 0.000000 -0.064808 -1.231461
    18 1.673230 1.247220 -2.595441 -1.669005 1.286518 2.942401
    19 6.028143 0.000001 0.000000 1.639837 0.053459 -0.587171
    20 11.692555 0.000000 0.000001 0.000000 0.000000 -0.767230
    21 12.075578 -0.000001 0.000003 -1.569752 0.195545 0.020654
    22 5.943745 -0.452102 0.398078 0.147217 0.287840 -0.578718
    23 5.043453 0.000000 0.000000 0.000000 0.530358 -1.175525
    24 4.081745 0.000000 0.000000 0.000000 0.206790 -1.461372
    25 6.213901 0.452095 -0.398078 -0.094865 0.384803 -0.547821
    26 5.536297 -0.000001 0.000000 0.000000 0.618516 -1.150872
    27 3.312719 0.000000 -0.000002 0.000000 0.238651 -1.221912
    28 5.899517 1.061160 -1.488765 -0.397780 0.602637 -0.377010
    29 5.285243 0.000001 0.000000 0.000000 0.597561 -1.157329
    30 3.098848 0.000000 0.000000 0.000000 0.228027 -1.222829
    31 9.573584 0.263878 1.933152 2.803390 -0.068954 1.791758
    32 3.738597 -2.965120 -0.136397 0.215984 -0.078540 -0.078540
    33 1.884797 0.225917 -3.244098 -0.856219 -0.128452 -1.738723
    34 3.698875 -0.000002 0.000000 0.000000 0.000000 -0.664655
    35 1.884668 0.225917 3.247675 -2.285333 0.128458 -1.738718
    36 3.698877 0.000000 -0.000001 0.000000 0.000000 0.664655
  time 44
    0 4.497977 0.000000 41.699120 1.570800 -1.484503 -0.000004
    1 4.126704 0.000000 0.000000 0.000000 0.000000 -0.029242
    2 3.613468 0.000000 0.000000 0.000000 0.000000 0.100355
    3 9.183784 0.000000 0.000000 0.000000 0.000000 0.194628
    4 3.166100 0.000000 0.000000 3.141591 0.000000 -0.970156
    5 1.734697 -0.000001 0.000000 0.000000 0.000000 -0.422444
    6 1.673222 1.247215 2.595494 1.597167 -1.286515 2.942410
    7 6.028143 -0.000001 0.000000 -1.580047 -0.013594 -0.589175
    8 11.692555 0.000000 0.000001 0.000000 0.000000 -0.767230
    9 12.075547 0.000001 -0.000032 1.497010 0.461745 -0.134837
    10 5.564227 -0.209469 -0.526835 -0.143137 -0.019710 -0.640843
    11 5.508580 -0.000001 -0.000001 0.000000 -0.213723 -1.223992
    12 5.744636 0.209471 0.526837 0.085296 -0.117962 -0.637785
    13 6.052552 0.000000 0.000000 0.000000 -0.280945 -1.217796
    14 3.325015 0.000000 0.000000 0.000000 -0.096001 -1.230572
    15 5.613002 0.274427 1.782151 0.378929 -0.371446 -0.586631
    16 5.643136 0.000001 0.000000 0.000000 -0.192563 -1.225564
    17 3.079116 0.000000 -0.000001 0.000000 -0.064808 -1.231461
    18 1.673230 1.247220 -2.595441 -1.669005 1.286518 2.942401
    19 6.028143 0.000001 0.000000 1.639837 0.053459 -0.587171
    20 11.692555 0.000000 0.000001 0.000000 0.000000 -0.767230
    21 12.075578 -0.000001 0.000003 -1.569752 0.195545 0.020654
    22 5.943745 -0.452102 0.398078 0.147217 0.287840 -0.578718
    23 5.043453 0.000000 0.000000 0.000000 0.530358 -1.175525
    24 4.081745 0.000000 0.000000 0.000000 0.206790 -1.461372
    25 6.213901 0.452095 -0.398078 -0.094865 0.384803 -0.547821
    26 5.536297 -0.000001 0.000000 0.000000 0.618516 -1.150872
    27 3.312719 0.000000 -0.000002 0.000000 0.238651 -1.221912
    28 5.899517 1.061160 -1.488765 -0.397780 0.602637 -0.377010
    29 5.285243 0.000001 0.000000 0.000000 0.597561 -1.157329
    30 3.098848 0.000000 0.000000 0.000000 0.228027 -1.222829
    31 9.573584 0.263878 1.933152 2.803390 -0.068954 1.791758
    32 3.738597 -2.965120 -0.136397 0.215984 -0.078540 -0.078540
    33 1.884797 0.225917 -3.244098 -0.856219 -0.128452 -1.738723
    34 3.698875 -0.000002 0.000000 0.000000 0.000000 -0.664655
    35 1.884668 0.225917 3.247675 -2.285333 0.128458 -1.738718
    36 3.698877 0.000000 -0.000001 0.000000 0.000000 0.664655
  time 45
    0 4.497977 0.000000 41.699120 1.570800 -1.484503 -0.000004
    1 4.126704 0.000000 0.000000 0.000000 0.000000 -0.029242
    2 3.613468 0.000000 0.000000 0.000000 0.000000 0.100355
    3 9.183784 0.000000 0.000000 0.000000 0.000000 0.194628
    4 3.166100 0.000000 0.000000 3.141591 0.000000 -0.970156
    5 1.734697 -0.000001 0.000000 0.000000 0.000000 -0.422444
    6 1.673222 1.247215 2.595494 1.597167 -1.286515 2.942410
    7 6.028143 -0.000001 0.000000 -1.580047 -0.013594 -0.589175
    8 11.692555 0.000000 0.000001 0.000000 0.000000 -0.767230
    9 12.075547 0.000001 -0.000032 1.497010 0.461745 -0.134837
    10 5.564227 -0.209469 -0.526835 -0.143137 -0.019710 -0.640843
    11 5.508580 -0.000001 -0.000001 0.000000 -0.213723 -1.223992
    12 5.744636 0.209471 0.526837 0.085296 -0.117962 -0.637785
    13 6.052552 0.000000 0.000000 0.000000 -0.280945 -1.217796
    14 3.325015 0.000000 0.000000 0.000000 -0.096001 -1.230572
    15 5.613002 0.274427 1.782151 0.378929 -0.371446 -0.586631
    16 5.643136 0.000001 0.000000 0.000000 -0.192563 -1.225564
    17 3.079116 0.000000 -0.000001 0.000000 -0.064808 -1.231461
    18 1.673230 1.247220 -2.595441 -1.669005 1.286518 2.942401
    19 6.028143 0.000001 0.000000 1.639837 0.053459 -0.587171
    20 11.692555 0.000000 0.000001 0.000000 0.000000 -0.767230
    21 12.075578 -0.000001 0.000003 -1.569752 0.195545 0.020654
    22 5.943745 -0.452102 0.398078 0.147217 0.287840 -0.578718
    23 5.043453 0.000000 0.000000 0.000000 0.530358 -1.175525
    24 4.081745 0.000000 0.000000 0.000000 0.206790 -1.461372
    25 6.213901 0.452095 -0.398078 -0.094865 0.384803 -0.547821
    26 5.536297 -0.000001 0.000000 0.000000 0.618516 -1.150872
    27 3.312719 0.000000 -0.000002 0.000000 0.238651 -1.221912
    28 5.899517 1.061160 -1.488765 -0.397780 0.602637 -0.377010
    29 5.285243 0.000001 0.000000 0.000000 0.597561 -1.157329
    30 3.098848 0.000000 0.000000 0.000000 0.228027 -1.222829
    31 9.573584 0.263878 1.933152 2.803390 -0.068954 1.791758
    32 3.738597 -2.965120 -0.136397 0.215984 -0.078540 -0.078540
    33 1.884797 0.225917 -3.244098 -0.856219 -0.128452 -1.738723
    34 3.698875 -0.000002 0.000000 0.000000 0.000000 -0.664655
    35 1.884668 0.225917 3.247675 -2.285333 0.128458 -1.738718
    36 3.698877 0.000000 -0.000001 0.000000 0.000000 0.664655
  time 46
    0 4.497977 0.000000 41.699120 1.570800 -1.484503 -0.000004
    1 4.126704 0.000000 0.000000 0.000000 0.000000 -0.029242
    2 3.613468 0.000000 0.000000 0.000000 0.000000 0.100355
    3 9.183784 0.000000 0.000000 0.000000 0.000000 0.194628
    4 3.166100 0.000000 0.000000 3.141591 0.000000 -0.970156
    5 1.734697 -0.000001 0.000000 0.000000 0.000000 -0.422444
    6 1.673222 1.247215 2.595494 1.597167 -1.286515 2.942410
    7 6.028143 -0.000001 0.000000 -1.580047 -0.013594 -0.589175
    8 11.692555 0.000000 0.000001 0.000000 0.000000 -0.767230
    9 12.075547 0.000001 -0.000032 1.497010 0.461745 -0.134837
    10 5.564227 -0.209469 -0.526835 -0.143137 -0.019710 -0.640843
    11 5.508580 -0.000001 -0.000001 0.000000 -0.213723 -1.223992
    12 5.744636 0.209471 0.526837 0.085296 -0.117962 -0.637785
    13 6.052552 0.000000 0.000000 0.000000 -0.280945 -1.217796
    14 3.325015 0.000000 0.000000 0.000000 -0.096001 -1.230572
    15 5.613002 0.274427 1.782151 0.378929 -0.371446 -0.586631
    16 5.643136 0.000001 0.000000 0.000000 -0.192563 -1.225564
    17 3.079116 0.000000 -0.000001 0.000000 -0.064808 -1.231461
    18 1.673230 1.247220 -2.595441 -1.669005 1.286518 2.942401
    19 6.028143 0.000001 0.000000 1.639837 0.053459 -0.587171
    20 11.692555 0.000000 0.000001 0.000000 0.000000 -0.767230
    21 12.075578 -0.000001 0.000003 -1.569752 0.195545 0.020654
    22 5.943745 -0.452102 0.398078 0.147217 0.287840 -0.578718
    23 5.043453 0.000000 0.000000 0.000000 0.530358 -1.175525
    24 4.081745 0.000000 0.000000 0.000000 0.206790 -1.461372
    25 6.213901 0.452095 -0.398078 -0.094865 0.384803 -0.547821
    26 5.536297 -0.000001 0.000000 0.000000 0.618516 -1.150872
    27 3.312719 0.000000 -0.000002 0.000000 0.238651 -1.221912
    28 5.899517 1.061160 -1.488765 -0.397780 0.602637 -0.377010
    29 5.285243 0.000001 0.000000 0.000000 0.597561 -1.157329
    30 3.098848 0.000000 0.000000 0.000000 0.228027 -1.222829
    31 9.573584 0.263878 1.933152 2.803390 -0.068954 1.791758
    32 3.738597 -2.965120 -0.136397 0.215984 -0.078540 -0.078540
    33 1.884797 0.225917 -3.244098 -0.856219 -0.128452 -1.738723
    34 3.698875 -0.000002 0.000000 0.000000 0.000000 -0.664655
    35 1.884668 0.225917 3.247675 -2.285333 0.128458 -1.738718
    36 3.698877 0.000000 -0.000001 0.000000 0.000000 0.664655
  time 47
    0 4.497977 0.000000 41.699120 1.570800 -1.484503 -0.000004
    1 4.126704 0.000000 0.000000 0.000000 0.000000 -0.029242
    2 3.613468 0.000000 0.000000 0.000000 0.000000 0.100355
    3 9.183784 0.000000 0.000000 0.000000 0.000000 0.194628
    4 3.166100 0.000000 0.000000 3.141591 0.000000 -0.970156
    5 1.734697 -0.000001 0.000000 0.000000 0.000000 -0.422444
    6 1.673222 1.247215 2.595494 1.597167 -1.286515 2.942410
    7 6.028143 -0.000001 0.000000 -1.580047 -0.013594 -0.589175
    8 11.692555 0.000000 0.000001 0.000000 0.000000 -0.767230
    9 12.075547 0.000001 -0.000032 1.497010 0.461745 -0.134837
    10 5.564227 -0.209469 -0.526835 -0.143137 -0.019710 -0.640843
    11 5.508580 -0.000001 -0.000001 0.000000 -0.213723 -1.223992
    12 5.744636 0.209471 0.526837 0.085296 -0.117962 -0.637785
    13 6.052552 0.000000 0.000000 0.000000 -0.280945 -1.217796
    14 3.325015 0.000000 0.000000 0.000000 -0.096001 -1.230572
    15 5.613002 0.274427 1.782151 0.378929 -0.371446 -0.586631
    16 5.643136 0.000001 0.000000 0.000000 -0.192563 -1.225564
    17 3.079116 0.000000 -0.000001 0.000000 -0.064808 -1.231461
    18 1.673230 1.247220 -2.595441 -1.669005 1.286518 2.942401
    19 6.028143 0.000001 0.000000 1.639837 0.053459 -0.587171
    20 11.692555 0.000000 0.000001 0.000000 0.000000 -0.767230
    21 12.075578 -0.000001 0.000003 -1.569752 0.195545 0.020654
    22 5.943745 -0.452102 0.398078 0.147217 0.287840 -0.578718
    23 5.043453 0.000000 0.000000 0.000000 0.530358 -1.175525
    24 4.081745 0.000000 0.000000 0.000000 0.206790 -1.461372
    25 6.213901 0.452095 -0.398078 -0.094865 0.384803 -0.547821
    26 5.536297 -0.000001 0.000000 0.000000 0.618516 -1.150872
    27 3.312719 0.000000 -0.000002 0.000000 0.238651 -1.221912
    28 5.899517 1.061160 -1.488765 -0.397780 0.602637 -0.377010
    29 5.285243 0.000001 0.000000 0.000000 0.597561 -1.157329
    30 3.098848 0.000000 0.000000 0.000000 0.228027 -1.222829
    31 9.573584 0.263878 1.933152 2.803390 -0.068954 1.791758
    32 3.738597 -2.965120 -0.136397 0.215984 -0.078540 -0.078540
    33 1.884797 0.225917 -3.244098 -0.856219 -0.128452 -1.738723
    34 3.698875 -0.000002 0.000000 0.000000 0.000000 -0.664655
    35 1.884668 0.225917 3.247675 -2.285333 0.128458 -1.738718
    36 3.698877 0.000000 -0.000001 0.000000 0.000000 0.664655
  time 48
    0 4.497977 0.000000 41.699120 1.570800 -1.484503 -0.000004
    1 4.126704 0.000000 0.000000 0.000000 0.000000 -0.029242
    2 3.613468 0.000000 0.000000 0.000000 0.000000 0.100355
    3 9.183784 0.000000 0.000000 0.000000 0.000000 0.194628
    4 3.166100 0.000000 0.000000 3.141591 0.000000 -0.970156
    5 1.734697 -0.000001 0.000000 0.000000 0.000000 -0.422444
    6 1.673222 1.247215 2.595494 1.597167 -1.286515 2.942410
    7 6.028143 -0.000001 0.000000 -1.580047 -0.013594 -0.589175
    8 11.692555 0.000000 0.000001 0.000000 0.000000 -0.767230
    9 12.075547 0.000001 -0.000032 1.497010 0.461745 -0.134837
    10 5.564227 -0.209469 -0.526835 -0.143137 -0.019710 -0.640843
    11 5.508580 -0.000001 -0.000001 0.000000 -0.213723 -1.223992
    12 5.744636 0.209471 0.526837 0.085296 -0.117962 -0.637785
    13 6.052552 0.000000 0.000000 0.000000 -0.280945 -1.217796
    14 3.325015 0.000000 0.000000 0.000000 -0.096001 -1.230572
    15 5.613002 0.274427 1.782151 0.378929 -0.371446 -0.586631
    16 5.643136 0.000001 0.000000 0.000000 -0.192563 -1.225564
    17 3.079116 0.000000 -0.000001 0.000000 -0.064808 -1.231461
    18 1.673230 1.247220 -2.595441 -1.669005 1.286518 2.942401
    19 6.028143 0.000001 0.000000 1.639837 0.053459 -0.587171
    20 11.692555 0.000000 0.000001 0.000000 0.000000 -0.767230
    21 12.075578 -0.000001 0.000003 -1.569752 0.195545 0.020654
    22 5.943745 -0.452102 0.398078 0.147217 0.287840 -0.578718
    23 5.043453 0.000000 0.000000 0.000000 0.530358 -1.175525
    24 4.081745 0.000000 0.000000 0.000000 0.206790 -1.461372
    25 6.213901 0.452095 -0.398078 -0.094865 0.384803 -0.547821
    26 5.536297 -0.000001 0.000000 0.000000 0.618516 -1.150872
    27 3.312719 0.000000 -0.000002 0.000000 0.238651 -1.221912
    28 5.899517 1.061160 -1.488765 -0.397780 0.602637 -0.377010
    29 5.285243 0.000001 0.000000 0.000000 0.597561 -1.157329
    30 3.098848 0.000000 0.000000 0.000000 0.228027 -1.222829
    31 9.573584 0.263878 1.933152 2.803390 -0.068954 1.791758
    32 3.738597 -2.965120 -0.136397 0.215984 -0.078540 -0.078540
    33 1.884797 0.225917 -3.244098 -0.856219 -0.128452 -1.738723
    34 3.698875 -0.000002 0.000000 0.000000 0.000000 -0.664655
    35 1.884668 0.225917 3.247675 -2.285333 0.128458 -1.738718
    36 3.698877 0.000000 -0.000001 0.000000 0.000000 0.664655
  time 49
    0 4.497977 0.000000 41.699120 1.570800 -1.484503 -0.000004
    1 4.126704 0.000000 0.000000 0.000000 0.000000 -0.029242
    2 3.613468 0.000000 0.000000 0.000000 0.000000 0.100355
    3 9.183784 0.000000 0.000000 0.000000 0.000000 0.194628
    4 3.166100 0.000000 0.000000 3.141591 0.000000 -0.970156
    5 1.734697 -0.000001 0.000000 0.000000 0.000000 -0.422444
    6 1.673222 1.247215 2.595494 1.597167 -1.286515 2.942410
    7 6.028143 -0.000001 0.000000 -1.580047 -0.013594 -0.589175
    8 11.692555 0.000000 0.000001 0.000000 0.000000 -0.767230
    9 12.075547 0.000001 -0.000032 1.497010 0.461745 -0.134837
    10 5.564227 -0.209469 -0.526835 -0.143137 -0.019710 -0.640843
    11 5.508580 -0.000001 -0.000001 0.000000 -0.213723 -1.223992
    12 5.744636 0.209471 0.526837 0.085296 -0.117962 -0.637785
    13 6.052552 0.000000 0.000000 0.000000 -0.280945 -1.217796
    14 3.325015 0.000000 0.000000 0.000000 -0.096001 -1.230572
    15 5.613002 0.274427 1.782151 0.378929 -0.371446 -0.586631
    16 5.643136 0.000001 0.000000 0.000000 -0.192563 -1.225564
    17 3.079116 0.000000 -0.000001 0.000000 -0.064808 -1.231461
    18 1.673230 1.247220 -2.595441 -1.669005 1.286518 2.942401
    19 6.028143 0.000001 0.000000 1.639837 0.053459 -0.587171
    20 11.692555 0.000000 0.000001 0.000000 0.000000 -0.767230
    21 12.075578 -0.000001 0.000003 -1.569752 0.195545 0.020654
    22 5.943745 -0.452102 0.398078 0.147217 0.287840 -0.578718
    23 5.043453 0.000000 0.000000 0.000000 0.530358 -1.175525
    24 4.081745 0.000000 0.000000 0.000000 0.206790 -1.461372
    25 6.213901 0.452095 -0.398078 -0.094865 0.384803 -0.547821
    26 5.536297 -0.000001 0.000000 0.000000 0.618516 -1.150872
    27 3.312719 0.000000 -0.000002 0.000000 0.238651 -1.221912
    28 5.899517 1.061160 -1.488765 -0.397780 0.602637 -0.377010
    29 5.285243 0.000001 0.000000 0.000000 0.597561 -1.157329
    30 3.098848 0.000000 0.000000 0.000000 0.228027 -1.222829
    31 9.573584 0.263878 1.933152 2.803390 -0.068954 1.791758
    32 3.738597 -2.965120 -0.136397 0.215984 -0.078540 -0.078540
    33 1.884797 0.225917 -3.244098 -0.856219 -0.128452 -1.738723
    34 3.698875 -0.000002 0.000000 0.000000 0.000000 -0.664655
    35 1.884668 0.225917 3.247675 -2.285333 0.128458 -1.738718
    36 3.698877 0.000000 -0.000001 0.000000 0.000000 0.664655
  time 50
    0 4.497977 0.000000 41.699120 1.570800 -1.484503 -0.000004
    1 4.126704 0.000000 0.000000 0.000000 0.000000 -0.029242
    2 3.613468 0.000000 0.000000 0.000000 0.000000 0.100355
    3 9.183784 0.000000 0.000000 0.000000 0.000000 0.194628
    4 3.166100 0.000000 0.000000 3.141591 0.000000 -0.970156
    5 1.734697 -0.000001 0.000000 0.000000 0.000000 -0.422444
    6 1.673222 1.247215 2.595494 1.597167 -1.286515 2.942410
    7 6.028143 -0.000001 0.000000 -1.580047 -0.013594 -0.589175
    8 11.692555 0.000000 0.000001 0.000000 0.000000 -0.767230
    9 12.075547 0.000001 -0.000032 1.497010 0.461745 -0.134837
    10 5.564227 -0.209469 -0.526835 -0.143137 -0.019710 -0.640843
    11 5.508580 -0.000001 -0.000001 0.000000 -0.213723 -1.223992
    12 5.744636 0.209471 0.526837 0.085296 -0.117962 -0.637785
    13 6.052552 0.000000 0.000000 0.000000 -0.280945 -1.217796
    14 3.325015 0.000000 0.000000 0.000000 -0.096001 -1.230572
    15 5.613002 0.274427 1.782151 0.378929 -0.371446 -0.586631
    16 5.643136 0.000001 0.000000 0.000000 -0.192563 -1.225564
    17 3.079116 0.000000 -0.000001 0.000000 -0.064808 -1.231461
    18 1.673230 1.247220 -2.595441 -1.669005 1.286518 2.942401
    19 6.028143 0.000001 0.000000 1.639837 0.053459 -0.587171
    20 11.692555 0.000000 0.000001 0.000000 0.000000 -0.767230
    21 12.075578 -0.000001 0.000003 -1.569752 0.195545 0.020654
    22 5.943745 -0.452102 0.398078 0.147217 0.287840 -0.578718
    23 5.043453 0.000000 0.000000 0.000000 0.530358 -1.175525
    24 4.081745 0.000000 0.000000 0.000000 0.206790 -1.461372
    25 6.213901 0.452095 -0.398078 -0.094865 0.384803 -0.547821
    26 5.536297 -0.000001 0.000000 0.000000 0.618516 -1.150872
    27 3.312719 0.000000 -0.000002 0.000000 0.238651 -1.221912
    28 5.899517 1.061160 -1.488765 -0.397780 0.602637 -0.377010
    29 5.285243 0.000001 0.000000 0.000000 0.597561 -1.157329
    30 3.098848 0.000000 0.000000 0.000000 0.228027 -1.222829
    31 9.573584 0.263878 1.933152 2.803390 -0.068954 1.791758
    32 3.738597 -2.965120 -0.136397 0.215984 -0.078540 -0.078540
    33 1.884797 0.225917 -3.244098 -0.856219 -0.128452 -1.738723
    34 3.698875 -0.000002 0.000000 0.000000 0.000000 -0.664655
    35 1.884668 0.225917 3.247675 -2.285333 0.128458 -1.738718
    36 3.698877 0.000000 -0.000001 0.000000 0.000000 0.664655
  time 51
    0 4.497977 0.000000 41.699120 1.570800 -1.484503 -0.000004
    1 4.126704 0.000000 0.000000 0.000000 0.000000 -0.029242
    2 3.613468 0.000000 0.000000 0.000000 0.000000 0.100355
    3 9.183784 0.000000 0.000000 0.000000 0.000000 0.194628
    4 3.166100 0.000000 0.000000 3.141591 0.000000 -0.970156
    5 1.734697 -0.000001 0.000000 0.000000 0.000000 -0.422444
    6 1.673222 1.247215 2.595494 1.597167 -1.286515 2.942410
    7 6.028143 -0.000001 0.000000 -1.580047 -0.013594 -0.589175
    8 11.692555 0.000000 0.000001 0.000000 0.000000 -0.767230
    9 12.075547 0.000001 -0.000032 1.497010 0.461745 -0.134837
    10 5.564227 -0.209469 -0.526835 -0.143137 -0.019710 -0.640843
    11 5.508580 -0.000001 -0.000001 0.000000 -0.213723 -1.223992
    12 5.744636 0.209471 0.526837 0.085296 -0.117962 -0.637785
    13 6.052552 0.000000 0.000000 0.000000 -0.280945 -1.217796
    14 3.325015 0.000000 0.000000 0.000000 -0.096001 -1.230572
    15 5.613002 0.274427 1.782151 0.378929 -0.371446 -0.586631
    16 5.643136 0.000001 0.000000 0.000000 -0.192563 -1.225564
    17 3.079116 0.000000 -0.000001 0.000000 -0.064808 -1.231461
    18 1.673230 1.247220 -2.595441 -1.669005 1.286518 2.942401
    19 6.028143 0.000001 0.000000 1.639837 0.053459 -0.587171
    20 11.692555 0.000000 0.000001 0.000000 0.000000 -0.767230
    21 12.075578 -0.000001 0.000003 -1.569752 0.195545 0.020654
    22 5.943745 -0.452102 0.398078 0.147217 0.287840 -0.578718
    23 5.043453 0.000000 0.000000 0.000000 0.530358 -1.175525
    24 4.081745 0.000000 0.000000 0.000000 0.206790 -1.461372
    25 6.213901 0.452095 -0.398078 -0.094865 0.384803 -0.547821
    26 5.536297 -0.000001 0.000000 0.000000 0.618516 -1.150872
    27 3.312719 0.000000 -0.000002 0.000000 0.238651 -1.221912
    28 5.899517 1.061160 -1.488765 -0.397780 0.602637 -0.377010
    29 5.285243 0.000001 0.000000 0.000000 0.597561 -1.157329
    30 3.098848 0.000000 0.000000 0.000000 0.228027 -1.222829
    31 9.573584 0.263878 1.933152 2.803390 -0.068954 1.791758
    32 3.738597 -2.965120 -0.136397 0.215984 -0.078540 -0.078540
    33 1.884797 0.225917 -3.244098 -0.856219 -0.128452 -1.738723
    34 3.698875 -0.000002 0.000000 0.000000 0.000000 -0.664655
    35 1.884668 0.225917 3.247675 -2.285333 0.128458 -1.738718
    36 3.698877 0.000000 -0.000001 0.000000 0.000000 0.664655
  time 52
    0 4.497977 0.000000 41.699120 1.570800 -1.484503 -0.000004
    1 4.126704 0.000000 0.000000 0.000000 0.000000 -0.029242
    2 3.613468 0.000000 0.000000 0.000000 0.000000 0.100355
    3 9.183784 0.000000 0.000000 0.000000 0.000000 0.194628
    4 3.166100 0.000000 0.000000 3.141591 0.000000 -0.970156
    5 1.734697 -0.000001 0.000000 0.000000 0.000000 -0.422444
    6 1.673222 1.247215 2.595494 1.597167 -1.286515 2.942410
    7 6.028143 -0.000001 0.000000 -1.580047 -0.013594 -0.589175
    8 11.692555 0.000000 0.000001 0.000000 0.000000 -0.767230
    9 12.075547 0.000001 -0.000032 1.497010 0.461745 -0.134837
    10 5.564227 -0.209469 -0.526835 -0.143137 -0.019710 -0.640843
    11 5.508580 -0.000001 -0.000001 0.000000 -0.213723 -1.223992
    12 5.744636 0.209471 0.526837 0.085296 -0.117962 -0.637785
    13 6.052552 0.000000 0.000000 0.000000 -0.280945 -1.217796
    14 3.325015 0.000000 0.000000 0.000000 -0.096001 -1.230572
    15 5.613002 0.274427 1.782151 0.378929 -0.371446 -0.586631
    16 5.643136 0.000001 0.000000 0.000000 -0.192563 -1.225564
    17 3.079116 0.000000 -0.000001 0.000000 -0.064808 -1.231461
    18 1.673230 1.247220 -2.595441 -1.669005 1.286518 2.942401
    19 6.028143 0.000001 0.000000 1.639837 0.053459 -0.587171
    20 11.692555 0.000000 0.000001 0.000000 0.000000 -0.767230
    21 12.075578 -0.000001 0.000003 -1.569752 0.195545 0.020654
    22 5.943745 -0.452102 0.398078 0.147217 0.287840 -0.578718
    23 5.043453 0.000000 0.000000 0.000000 0.530358 -1.175525
    24 4.081745 0.000000 0.000000 0.000000 0.206790 -1.461372
    25 6.213901 0.452095 -0.398078 -0.094865 0.384803 -0.547821
    26 5.536297 -0.000001 0.000000 0.000000 0.618516 -1.150872
    27 3.312719 0.000000 -0.000002 0.000000 0.238651 -1.221912
    28 5.899517 1.061160 -1.488765 -0.397780 0.602637 -0.377010
    29 5.285243 0.000001 0.000000 0.000000 0.597561 -1.157329
    30 3.098848 0.000000 0.000000 0.000000 0.228027 -1.222829
    31 9.573584 0.263878 1.933152 2.803390 -0.068954 1.791758
    32 3.738597 -2.965120 -0.136397 0.215984 -0.078540 -0.078540
    33 1.884797 0.225917 -3.244098 -0.856219 -0.128452 -1.738723
    34 3.698875 -0.000002 0.000000 0.000000 0.000000 -0.664655
    35 1.884668 0.225917 3.247675 -2.285333 0.128458 -1.738718
    36 3.698877 0.000000 -0.000001 0.000000 0.000000 0.664655
  time 53
    0 4.497977 0.000000 41.699120 1.570800 -1.484503 -0.000004
    1 4.126704 0.000000 0.000000 0.000000 0.000000 -0.029242
    2 3.613468 0.000000 0.000000 0.000000 0.000000 0.100355
    3 9.183784 0.000000 0.000000 0.000000 0.000000 0.194628
    4 3.166100 0.000000 0.000000 3.141591 0.000000 -0.970156
    5 1.734697 -0.000001 0.000000 0.000000 0.000000 -0.422444
    6 1.673222 1.247215 2.595494 1.597167 -1.286515 2.942410
    7 6.028143 -0.000001 0.000000 -1.580047 -0.013594 -0.589175
    8 11.692555 0.000000 0.000001 0.000000 0.000000 -0.767230
    9 12.075547 0.000001 -0.000032 1.497010 0.461745 -0.134837
    10 5.564227 -0.209469 -0.526835 -0.143137 -0.019710 -0.640843
    11 5.508580 -0.000001 -0.000001 0.000000 -0.213723 -1.223992
    12 5.744636 0.209471 0.526837 0.085296 -0.117962 -0.637785
    13 6.052552 0.000000 0.000000 0.000000 -0.280945 -1.217796
    14 3.325015 0.000000 0.000000 0.000000 -0.096001 -1.230572
    15 5.613002 0.274427 1.782151 0.378929 -0.371446 -0.586631
    16 5.643136 0.000001 0.000000 0.000000 -0.192563 -1.225564
    17 3.079116 0.000000 -0.000001 0.000000 -0.064808 -1.231461
    18 1.673230 1.247220 -2.595441 -1.669005 1.286518 2.942401
    19 6.028143 0.000001 0.000000 1.639837 0.053459 -0.587171
    20 11.692555 0.000000 0.000001 0.000000 0.000000 -0.767230
    21 12.075578 -0.000001 0.000003 -1.569752 0.195545 0.020654
    22 5.943745 -0.452102 0.398078 0.147217 0.287840 -0.578718
    23 5.043453 0.000000 0.000000 0.000000 0.530358 -1.175525
    24 4.081745 0.000000 0.000000 0.000000 0.206790 -1.461372
    25 6.213901 0.452095 -0.398078 -0.094865 0.384803 -0.547821
    26 5.536297 -0.000001 0.000000 0.000000 0.618516 -1.150872
    27 3.312719 0.000000 -0.000002 0.000000 0.238651 -1.221912
    28 5.899517 1.061160 -1.488765 -0.397780 0.602637 -0.377010
    29 5.285243 0.000001 0.000000 0.000000 0.597561 -1.157329
    30 3.098848 0.000000 0.000000 0.000000 0.228027 -1.222829
    31 9.573584 0.263878 1.933152 2.803390 -0.068954 1.791758
    32 3.738597 -2.965120 -0.136397 0.215984 -0.078540 -0.078540
    33 1.884797 0.225917 -3.244098 -0.856219 -0.128452 -1.738723
    34 3.698875 -0.000002 0.000000 0.000000 0.000000 -0.664655
    35 1.884668 0.225917 3.247675 -2.285333 0.128458 -1.738718
    36 3.698877 0.000000 -0.000001 0.000000 0.000000 0.664655
  time 54
    0 4.497977 0.000000 41.699120 1.570800 -1.484503 -0.000004
    1 4.126704 0.000000 0.000000 0.000000 0.000000 -0.029242
    2 3.613468 0.000000 0.000000 0.000000 0.000000 0.100355
    3 9.183784 0.000000 0.000000 0.000000 0.000000 0.194628
    4 3.166100 0.000000 0.000000 3.141591 0.000000 -0.970156
    5 1.734697 -0.000001 0.000000 0.000000 0.000000 -0.422444
    6 1.673222 1.247215 2.595494 1.597167 -1.286515 2.942410
    7 6.028143 -0.000001 0.000000 -1.580047 -0.013594 -0.589175
    8 11.692555 0.000000 0.000001 0.000000 0.000000 -0.767230
    9 12.075547 0.000001 -0.000032 1.497010 0.461745 -0.134837
    10 5.564227 -0.209469 -0.526835 -0.143137 -0.019710 -0.640843
    11 5.508580 -0.000001 -0.000001 0.000000 -0.213723 -1.223992
    12 5.744636 0.209471 0.526837 0.085296 -0.117962 -0.637785
    13 6.052552 0.000000 0.000000 0.000000 -0.280945 -1.217796
    14 3.325015 0.000000 0.000000 0.000000 -0.096001 -1.230572
    15 5.613002 0.274427 1.782151 0.378929 -0.371446 -0.586631
    16 5.643136 0.000001 0.000000 0.000000 -0.192563 -1.225564
    17 3.079116 0.000000 -0.000001 0.000000 -0.064808 -1.231461
    18 1.673230 1.247220 -2.595441 -1.669005 1.286518 2.942401
    19 6.028143 0.000001 0.000000 1.639837 0.053459 -0.587171
    20 11.692555 0.000000 0.000001 0.000000 0.000000 -0.767230
    21 12.075578 -0.000001 0.000003 -1.569752 0.195545 0.020654
    22 5.943745 -0.452102 0.398078 0.147217 0.287840 -0.578718
    23 5.043453 0.000000 0.000000 0.000000 0.530358 -1.175525
    24 4.081745 0.000000 0.000000 0.000000 0.206790 -1.461372
    25 6.213901 0.452095 -0.398078 -0.094865 0.384803 -0.547821
    26 5.536297 -0.000001 0.000000 0.000000 0.618516 -1.150872
    27 3.312719 0.000000 -0.000002 0.000000 0.238651 -1.221912
    28 5.899517 1.061160 -1.488765 -0.397780 0.602637 -0.377010
    29 5.285243 0.000001 0.000000 0.000000 0.597561 -1.157329
    30 3.098848 0.000000 0.000000 0.000000 0.228027 -1.222829
    31 9.573584 0.263878 1.933152 2.803390 -0.068954 1.791758
    32 3.738597 -2.965120 -0.136397 0.215984 -0.078540 -0.078540
    33 1.884797 0.225917 -3.244098 -0.856219 -0.128452 -1.738723
    34 3.698875 -0.000002 0.000000 0.000000 0.000000 -0.664655
    35 1.884668 0.225917 3.247675 -2.285333 0.128458 -1.738718
    36 3.698877 0.000000 -0.000001 0.000000 0.000000 0.664655
  time 55
    0 4.497977 0.000000 41.699120 1.570800 -1.484503 -0.000004
    1 4.126704 0.000000 0.000000 0.000000 0.000000 -0.029242
    2 3.613468 0.000000 0.000000 0.000000 0.000000 0.100355
    3 9.183784 0.000000 0.000000 0.000000 0.000000 0.194628
    4 3.166100 0.000000 0.000000 3.141591 0.000000 -0.970156
    5 1.734697 -0.000001 0.000000 0.000000 0.000000 -0.422444
    6 1.673222 1.247215 2.595494 1.597167 -1.286515 2.942410
    7 6.028143 -0.000001 0.000000 -1.580047 -0.013594 -0.589175
    8 11.692555 0.000000 0.000001 0.000000 0.000000 -0.767230
    9 12.075547 0.000001 -0.000032 1.497010 0.461745 -0.134837
    10 5.564227 -0.209469 -0.526835 -0.143137 -0.019710 -0.640843
    11 5.508580 -0.000001 -0.000001 0.000000 -0.213723 -1.223992
    12 5.744636 0.209471 0.526837 0.085296 -0.117962 -0.637785
    13 6.052552 0.000000 0.000000 0.000000 -0.280945 -1.217796
    14 3.325015 0.000000 0.000000 0.000000 -0.096001 -1.230572
    15 5.613002 0.274427 1.782151 0.378929 -0.371446 -0.586631
    16 5.643136 0.000001 0.000000 0.000000 -0.192563 -1.225564
    17 3.079116 0.000000 -0.000001 0.000000 -0.064808 -1.231461
    18 1.673230 1.247220 -2.595441 -1.669005 1.286518 2.942401
    19 6.028143 0.000001 0.000000 1.639837 0.053459 -0.587171
    20 11.692555 0.000000 0.000001 0.000000 0.000000 -0.767230
    21 12.075578 -0.000001 0.000003 -1.569752 0.195545 0.020654
    22 5.943745 -0.452102 0.398078 0.147217 0.287840 -0.578718
    23 5.043453 0.000000 0.000000 0.000000 0.530358 -1.175525
    24 4.081745 0.000000 0.000000 0.000000 0.206790 -1.461372
    25 6.213901 0.452095 -0.398078 -0.094865 0.384803 -0.547821
    26 5.536297 -0.000001 0.000000 0.000000 0.618516 -1.150872
    27 3.312719 0.000000 -0.000002 0.000000 0.238651 -1.221912
    28 5.899517 1.061160 -1.488765 -0.397780 0.602637 -0.377010
    29 5.285243 0.000001 0.000000 0.000000 0.597561 -1.157329
    30 3.098848 0.000000 0.000000 0.000000 0.228027 -1.222829
    31 9.573584 0.263878 1.933152 2.803390 -0.068954 1.791758
    32 3.738597 -2.965120 -0.136397 0.215984 -0.078540 -0.078540
    33 1.884797 0.225917 -3.244098 -0.856219 -0.128452 -1.738723
    34 3.698875 -0.000002 0.000000 0.000000 0.000000 -0.664655
    35 1.884668 0.225917 3.247675 -2.285333 0.128458 -1.738718
    36 3.698877 0.000000 -0.000001 0.000000 0.000000 0.664655
  time 56
    0 4.497977 0.000000 41.699120 1.570800 -1.484503 -0.000004
    1 4.126704 0.000000 0.000000 0.000000 0.000000 -0.029242
    2 3.613468 0.000000 0.000000 0.000000 0.000000 0.100355
    3 9.183784 0.000000 0.000000 0.000000 0.000000 0.194628
    4 3.166100 0.000000 0.000000 3.141591 0.000000 -0.970156
    5 1.734697 -0.000001 0.000000 0.000000 0.000000 -0.422444
    6 1.673222 1.247215 2.595494 1.597167 -1.286515 2.942410
    7 6.028143 -0.000001 0.000000 -1.580047 -0.013594 -0.589175
    8 11.692555 0.000000 0.000001 0.000000 0.000000 -0.767230
    9 12.075547 0.000001 -0.000032 1.497010 0.461745 -0.134837
    10 5.564227 -0.209469 -0.526835 -0.143137 -0.019710 -0.640843
    11 5.508580 -0.000001 -0.000001 0.000000 -0.213723 -1.223992
    12 5.744636 0.209471 0.526837 0.085296 -0.117962 -0.637785
    13 6.052552 0.000000 0.000000 0.000000 -0.280945 -1.217796
    14 3.325015 0.000000 0.000000 0.000000 -0.096001 -1.230572
    15 5.613002 0.274427 1.782151 0.378929 -0.371446 -0.586631
    16 5.643136 0.000001 0.000000 0.000000 -0.192563 -1.225564
    17 3.079116 0.000000 -0.000001 0.000000 -0.064808 -1.231461
    18 1.673230 1.247220 -2.595441 -1.669005 1.286518 2.942401
    19 6.028143 0.000001 0.000000 1.639837 0.053459 -0.587171
    20 11.692555 0.000000 0.000001 0.000000 0.000000 -0.767230
    21 12.075578 -0.000001 0.000003 -1.569752 0.195545 0.020654
    22 5.943745 -0.452102 0.398078 0.147217 0.287840 -0.578718
    23 5.043453 0.000000 0.000000 0.000000 0.530358 -1.175525
    24 4.081745 0.000000 0.000000 0.000000 0.206790 -1.461372
    25 6.213901 0.452095 -0.398078 -0.094865 0.384803 -0.547821
    26 5.536297 -0.000001 0.000000 0.000000 0.618516 -1.150872
    27 3.312719 0.000000 -0.000002 0.000000 0.238651 -1.221912
    28 5.899517 1.061160 -1.488765 -0.397780 0.602637 -0.377010
    29 5.285243 0.000001 0.000000 0.000000 0.597561 -1.157329
    30 3.098848 0.000000 0.000000 0.000000 0.228027 -1.222829
    31 9.573584 0.263878 1.933152 2.803390 -0.068954 1.791758
    32 3.738597 -2.965120 -0.136397 0.215984 -0.078540 -0.078540
    33 1.884797 0.225917 -3.244098 -0.856219 -0.128452 -1.738723
    34 3.698875 -0.000002 0.000000 0.000000 0.000000 -0.664655
    35 1.884668 0.225917 3.247675 -2.285333 0.128458 -1.738718
    36 3.698877 0.000000 -0.000001 0.000000 0.000000 0.664655
  time 57
    0 4.497977 0.000000 41.699120 1.570800 -1.484503 -0.000004
    1 4.126704 0.000000 0.000000 0.000000 0.000000 -0.029242
    2 3.613468 0.000000 0.000000 0.000000 0.000000 0.100355
    3 9.183784 0.000000 0.000000 0.000000 0.000000 0.194628
    4 3.166100 0.000000 0.000000 3.141591 0.000000 -0.970156
    5 1.734697 -0.000001 0.000000 0.000000 0.000000 -0.422444
    6 1.673222 1.247215 2.595494 1.597167 -1.286515 2.942410
    7 6.028143 -0.000001 0.000000 -1.580047 -0.013594 -0.589175
    8 11.692555 0.000000 0.000001 0.000000 0.000000 -0.767230
    9 12.075547 0.000001 -0.000032 1.497010 0.461745 -0.134837
    10 5.564227 -0.209469 -0.526835 -0.143137 -0.019710 -0.640843
    11 5.508580 -0.000001 -0.000001 0.000000 -0.213723 -1.223992
    12 5.744636 0.209471 0.526837 0.085296 -0.117962 -0.637785
    13 6.052552 0.000000 0.000000 0.000000 -0.280945 -1.217796
    14 3.325015 0.000000 0.000000 0.000000 -0.096001 -1.230572
    15 5.613002 0.274427 1.782151 0.378929 -0.371446 -0.586631
    16 5.643136 0.000001 0.000000 0.000000 -0.192563 -1.225564
    17 3.079116 0.000000 -0.000001 0.000000 -0.064808 -1.231461
    18 1.673230 1.247220 -2.595441 -1.669005 1.286518 2.942401
    19 6.028143 0.000001 0.000000 1.639837 0.053459 -0.587171
    20 11.692555 0.000000 0.000001 0.000000 0.000000 -0.767230
    21 12.075578 -0.000001 0.000003 -1.569752 0.195545 0.020654
    22 5.943745 -0.452102 0.398078 0.147217 0.287840 -0.578718
    23 5.043453 0.000000 0.000000 0.000000 0.530358 -1.175525
    24 4.081745 0.000000 0.000000 0.000000 0.206790 -1.461372
    25 6.213901 0.452095 -0.398078 -0.094865 0.384803 -0.547821
    26 5.536297 -0.000001 0.000000 0.000000 0.618516 -1.150872
    27 3.312719 0.000000 -0.000002 0.000000 0.238651 -1.221912
    28 5.899517 1.061160 -1.488765 -0.397780 0.602637 -0.377010
    29 5.285243 0.000001 0.000000 0.000000 0.597561 -1.157329
    30 3.098848 0.000000 0.000000 0.000000 0.228027 -1.222829
    31 9.573584 0.263878 1.933152 2.803390 -0.068954 1.791758
    32 3.738597 -2.965120 -0.136397 0.215984 -0.078540 -0.078540
    33 1.884797 0.225917 -3.244098 -0.856219 -0.128452 -1.738723
    34 3.698875 -0.000002 0.000000 0.000000 0.000000 -0.664655
    35 1.884668 0.225917 3.247675 -2.285333 0.128458 -1.738718
    36 3.698877 0.000000 -0.000001 0.000000 0.000000 0.664655
  time 58
    0 4.497977 0.000000 41.699120 1.570800 -1.484503 -0.000004
    1 4.126704 0.000000 0.000000 0.000000 0.000000 -0.029242
    2 3.613468 0.000000 0.000000 0.000000 0.000000 0.100355
    3 9.183784 0.000000 0.000000 0.000000 0.000000 0.194628
    4 3.166100 0.000000 0.000000 3.141591 0.000000 -0.970156
    5 1.734697 -0.000001 0.000000 0.000000 0.000000 -0.422444
    6 1.673222 1.247215 2.595494 1.597167 -1.286515 2.942410
    7 6.028143 -0.000001 0.000000 -1.580047 -0.013594 -0.589175
    8 11.692555 0.000000 0.000001 0.000000 0.000000 -0.767230
    9 12.075547 0.000001 -0.000032 1.497010 0.461745 -0.134837
    10 5.564227 -0.209469 -0.526835 -0.143137 -0.019710 -0.640843
    11 5.508580 -0.000001 -0.000001 0.000000 -0.213723 -1.223992
    12 5.744636 0.209471 0.526837 0.085296 -0.117962 -0.637785
    13 6.052552 0.000000 0.000000 0.000000 -0.280945 -1.217796
    14 3.325015 0.000000 0.000000 0.000000 -0.096001 -1.230572
    15 5.613002 0.274427 1.782151 0.378929 -0.371446 -0.586631
    16 5.643136 0.000001 0.000000 0.000000 -0.192563 -1.225564
    17 3.079116 0.000000 -0.000001 0.000000 -0.064808 -1.231461
    18 1.673230 1.247220 -2.595441 -1.669005 1.286518 2.942401
    19 6.028143 0.000001 0.000000 1.639837 0.053459 -0.587171
    20 11.692555 0.000000 0.000001 0.000000 0.000000 -0.767230
    21 12.075578 -0.000001 0.000003 -1.569752 0.195545 0.020654
    22 5.943745 -0.452102 0.398078 0.147217 0.287840 -0.578718
    23 5.043453 0.000000 0.000000 0.000000 0.530358 -1.175525
    24 4.081745 0.000000 0.000000 0.000000 0.206790 -1.461372
    25 6.213901 0.452095 -0.398078 -0.094865 0.384803 -0.547821
    26 5.536297 -0.000001 0.000000 0.000000 0.618516 -1.150872
    27 3.312719 0.000000 -0.000002 0.000000 0.238651 -1.221912
    28 5.899517 1.061160 -1.488765 -0.397780 0.602637 -0.377010
    29 5.285243 0.000001 0.000000 0.000000 0.597561 -1.157329
    30 3.098848 0.000000 0.000000 0.000000 0.228027 -1.222829
    31 9.573584 0.263878 1.933152 2.803390 -0.068954 1.791758
    32 3.738597 -2.965120 -0.136397 0.215984 -0.078540 -0.078540
    33 1.884797 0.225917 -3.244098 -0.856219 -0.128452 -1.738723
    34 3.698875 -0.000002 0.000000 0.000000 0.000000 -0.664655
    35 1.884668 0.225917 3.247675 -2.285333 0.128458 -1.738718
    36 3.698877 0.000000 -0.000001 0.000000 0.000000 0.664655
  time 59
    0 4.497977 0.000000 41.699120 1.570800 -1.484503 -0.000004
    1 4.126704 0.000000 0.000000 0.000000 0.000000 -0.029242
    2 3.613468 0.000000 0.000000 0.000000 0.000000 0.100355
    3 9.183784 0.000000 0.000000 0.000000 0.000000 0.194628
    4 3.166100 0.000000 0.000000 3.141591 0.000000 -0.970156
    5 1.734697 -0.000001 0.000000 0.000000 0.000000 -0.422444
    6 1.673222 1.247215 2.595494 1.597167 -1.286515 2.942410
    7 6.028143 -0.000001 0.000000 -1.580047 -0.013594 -0.589175
    8 11.692555 0.000000 0.000001 0.000000 0.000000 -0.767230
    9 12.075547 0.000001 -0.000032 1.497010 0.461745 -0.134837
    10 5.564227 -0.209469 -0.526835 -0.143137 -0.019710 -0.640843
    11 5.508580 -0.000001 -0.000001 0.000000 -0.213723 -1.223992
    12 5.744636 0.209471 0.526837 0.085296 -0.117962 -0.637785
    13 6.052552 0.000000 0.000000 0.000000 -0.280945 -1.217796
    14 3.325015 0.000000 0.000000 0.000000 -0.096001 -1.230572
    15 5.613002 0.274427 1.782151 0.378929 -0.371446 -0.586631
    16 5.643136 0.000001 0.000000 0.000000 -0.192563 -1.225564
    17 3.079116 0.000000 -0.000001 0.000000 -0.064808 -1.231461
    18 1.673230 1.247220 -2.595441 -1.669005 1.286518 2.942401
    19 6.028143 0.000001 0.000000 1.639837 0.053459 -0.587171
    20 11.692555 0.000000 0.000001 0.000000 0.000000 -0.767230
    21 12.075578 -0.000001 0.000003 -1.569752 0.195545 0.020654
    22 5.943745 -0.452102 0.398078 0.147217 0.287840 -0.578718
    23 5.043453 0.000000 0.000000 0.000000 0.530358 -1.175525
    24 4.081745 0.000000 0.000000 0.000000 0.206790 -1.461372
    25 6.213901 0.452095 -0.398078 -0.094865 0.384803 -0.547821
    26 5.536297 -0.000001 0.000000 0.000000 0.618516 -1.150872
    27 3.312719 0.000000 -0.000002 0.000000 0.238651 -1.221912
    28 5.899517 1.061160 -1.488765 -0.397780 0.602637 -0.377010
    29 5.285243 0.000001 0.000000 0.000000 0.597561 -1.157329
    30 3.098848 0.000000 0.000000 0.000000 0.228027 -1.222829
    31 9.573584 0.263878 1.933152 2.803390 -0.068954 1.791758
    32 3.738597 -2.965120 -0.136397 0.215984 -0.078540 -0.078540
    33 1.884797 0.225917 -3.244098 -0.856219 -0.128452 -1.738723
    34 3.698875 -0.000002 0.000000 0.000000 0.000000 -0.664655
    35 1.884668 0.225917 3.247675 -2.285333 0.128458 -1.738718
    36 3.698877 0.000000 -0.000001 0.000000 0.000000 0.664655
  time 60
    0 4.497977 0.000000 41.699120 1.570800 -1.484503 -0.000004
    1 4.126704 0.000000 0.000000 0.000000 0.000000 -0.029242
    2 3.613468 0.000000 0.000000 0.000000 0.000000 0.100355
    3 9.183784 0.000000 0.000000 0.000000 0.000000 0.194628
    4 3.166100 0.000000 0.000000 3.141591 0.000000 -0.970156
    5 1.734697 -0.000001 0.000000 0.000000 0.000000 -0.422444
    6 1.673222 1.247215 2.595494 1.597167 -1.286515 2.942410
    7 6.028143 -0.000001 0.000000 -1.580047 -0.013594 -0.589175
    8 11.692555 0.000000 0.000001 0.000000 0.000000 -0.767230
    9 12.075547 0.000001 -0.000032 1.497010 0.461745 -0.134837
    10 5.564227 -0.209469 -0.526835 -0.143137 -0.019710 -0.640843
    11 5.508580 -0.000001 -0.000001 0.000000 -0.213723 -1.223992
    12 5.744636 0.209471 0.526837 0.085296 -0.117962 -0.637785
    13 6.052552 0.000000 0.000000 0.000000 -0.280945 -1.217796
    14 3.325015 0.000000 0.000000 0.000000 -0.096001 -1.230572
    15 5.613002 0.274427 1.782151 0.378929 -0.371446 -0.586631
    16 5.643136 0.000001 0.000000 0.000000 -0.192563 -1.225564
    17 3.079116 0.000000 -0.000001 0.000000 -0.064808 -1.231461
    18 1.673230 1.247220 -2.595441 -1.669005 1.286518 2.942401
    19 6.028143 0.000001 0.000000 1.639837 0.053459 -0.587171
    20 11.692555 0.000000 0.000001 0.000000 0.000000 -0.767230
    21 12.075578 -0.000001 0.000003 -1.569752 0.195545 0.020654
    22 5.943745 -0.452102 0.398078 0.147217 0.287840 -0.578718
    23 5.043453 0.000000 0.000000 0.000000 0.530358 -1.175525
    24 4.081745 0.000000 0.000000 0.000000 0.206790 -1.461372
    25 6.213901 0.452095 -0.398078 -0.094865 0.384803 -0.547821
    26 5.536297 -0.000001 0.000000 0.000000 0.618516 -1.150872
    27 3.312719 0.000000 -0.000002 0.000000 0.238651 -1.221912
    28 5.899517 1.061160 -1.488765 -0.397780 0.602637 -0.377010
    29 5.285243 0.000001 0.000000 0.000000 0.597561 -1.157329
    30 3.098848 0.000000 0.000000 0.000000 0.228027 -1.222829
    31 9.573584 0.263878 1.933152 2.803390 -0.068954 1.791758
    32 3.738597 -2.965120 -0.136397 0.215984 -0.078540 -0.078540
    33 1.884797 0.225917 -3.244098 -0.856219 -0.128452 -1.738723
    34 3.698875 -0.000002 0.000000 0.000000 0.000000 -0.664655
    35 1.884668 0.225917 3.247675 -2.285333 0.128458 -1.738718
    36 3.698877 0.000000 -0.000001 0.000000 0.000000 0.664655
  time 61
    0 4.497977 0.000000 41.699120 1.570800 -1.484503 -0.000004
    1 4.126704 0.000000 0.000000 0.000000 0.000000 -0.029242
    2 3.613468 0.000000 0.000000 0.000000 0.000000 0.100355
    3 9.183784 0.000000 0.000000 0.000000 0.000000 0.194628
    4 3.166100 0.000000 0.000000 3.141591 0.000000 -0.970156
    5 1.734697 -0.000001 0.000000 0.000000 0.000000 -0.422444
    6 1.673222 1.247215 2.595494 1.597167 -1.286515 2.942410
    7 6.028143 -0.000001 0.000000 -1.580047 -0.013594 -0.589175
    8 11.692555 0.000000 0.000001 0.000000 0.000000 -0.767230
    9 12.075547 0.000001 -0.000032 1.497010 0.461745 -0.134837
    10 5.564227 -0.209469 -0.526835 -0.143137 -0.019710 -0.640843
    11 5.508580 -0.000001 -0.000001 0.000000 -0.213723 -1.223992
    12 5.744636 0.209471 0.526837 0.085296 -0.117962 -0.637785
    13 6.052552 0.000000 0.000000 0.000000 -0.280945 -1.217796
    14 3.325015 0.000000 0.000000 0.000000 -0.096001 -1.230572
    15 5.613002 0.274427 1.782151 0.378929 -0.371446 -0.586631
    16 5.643136 0.000001 0.000000 0.000000 -0.192563 -1.225564
    17 3.079116 0.000000 -0.000001 0.000000 -0.064808 -1.231461
    18 1.673230 1.247220 -2.595441 -1.669005 1.286518 2.942401
    19 6.028143 0.000001 0.000000 1.639837 0.053459 -0.587171
    20 11.692555 0.000000 0.000001 0.000000 0.000000 -0.767230
    21 12.075578 -0.000001 0.000003 -1.569752 0.195545 0.020654
    22 5.943745 -0.452102 0.398078 0.147217 0.287840 -0.578718
    23 5.043453 0.000000 0.000000 0.000000 0.530358 -1.175525
    24 4.081745 0.000000 0.000000 0.000000 0.206790 -1.461372
    25 6.213901 0.452095 -0.398078 -0.094865 0.384803 -0.547821
    26 5.536297 -0.000001 0.000000 0.000000 0.618516 -1.150872
    27 3.312719 0.000000 -0.000002 0.000000 0.238651 -1.221912
    28 5.899517 1.061160 -1.488765 -0.397780 0.602637 -0.377010
    29 5.285243 0.000001 0.000000 0.000000 0.597561 -1.157329
    30 3.098848 0.000000 0.000000 0.000000 0.228027 -1.222829
    31 9.573584 0.263878 1.933152 2.803390 -0.068954 1.791758
    32 3.738597 -2.965120 -0.136397 0.215984 -0.078540 -0.078540
    33 1.884797 0.225917 -3.244098 -0.856219 -0.128452 -1.738723
    34 3.698875 -0.000002 0.000000 0.000000 0.000000 -0.664655
    35 1.884668 0.225917 3.247675 -2.285333 0.128458 -1.738718
    36 3.698877 0.000000 -0.000001 0.000000 0.000000 0.664655
  time 62
    0 4.497977 0.000000 41.699120 1.570800 -1.484503 -0.000004
    1 4.126704 0.000000 0.000000 0.000000 0.000000 -0.029242
    2 3.613468 0.000000 0.000000 0.000000 0.000000 0.100355
    3 9.183784 0.000000 0.000000 0.000000 0.000000 0.194628
    4 3.166100 0.000000 0.000000 3.141591 0.000000 -0.970156
    5 1.734697 -0.000001 0.000000 0.000000 0.000000 -0.422444
    6 1.673222 1.247215 2.595494 1.597167 -1.286515 2.942410
    7 6.028143 -0.000001 0.000000 -1.580047 -0.013594 -0.589175
    8 11.692555 0.000000 0.000001 0.000000 0.000000 -0.767230
    9 12.075547 0.000001 -0.000032 1.497010 0.461745 -0.134837
    10 5.564227 -0.209469 -0.526835 -0.143137 -0.019710 -0.640843
    11 5.508580 -0.000001 -0.000001 0.000000 -0.213723 -1.223992
    12 5.744636 0.209471 0.526837 0.085296 -0.117962 -0.637785
    13 6.052552 0.000000 0.000000 0.000000 -0.280945 -1.217796
    14 3.325015 0.000000 0.000000 0.000000 -0.096001 -1.230572
    15 5.613002 0.274427 1.782151 0.378929 -0.371446 -0.586631
    16 5.643136 0.000001 0.000000 0.000000 -0.192563 -1.225564
    17 3.079116 0.000000 -0.000001 0.000000 -0.064808 -1.231461
    18 1.673230 1.247220 -2.595441 -1.669005 1.286518 2.942401
    19 6.028143 0.000001 0.000000 1.639837 0.053459 -0.587171
    20 11.692555 0.000000 0.000001 0.000000 0.000000 -0.767230
    21 12.075578 -0.000001 0.000003 -1.569752 0.195545 0.020654
    22 5.943745 -0.452102 0.398078 0.147217 0.287840 -0.578718
    23 5.043453 0.000000 0.000000 0.000000 0.530358 -1.175525
    24 4.081745 0.000000 0.000000 0.000000 0.206790 -1.461372
    25 6.213901 0.452095 -0.398078 -0.094865 0.384803 -0.547821
    26 5.536297 -0.000001 0.000000 0.000000 0.618516 -1.150872
    27 3.312719 0.000000 -0.000002 0.000000 0.238651 -1.221912
    28 5.899517 1.061160 -1.488765 -0.397780 0.602637 -0.377010
    29 5.285243 0.000001 0.000000 0.000000 0.597561 -1.157329
    30 3.098848 0.000000 0.000000 0.000000 0.228027 -1.222829
    31 9.573584 0.263878 1.933152 2.803390 -0.068954 1.791758
    32 3.738597 -2.965120 -0.136397 0.215984 -0.078540 -0.078540
    33 1.884797 0.225917 -3.244098 -0.856219 -0.128452 -1.738723
    34 3.698875 -0.000002 0.000000 0.000000 0.000000 -0.664655
    35 1.884668 0.225917 3.247675 -2.285333 0.128458 -1.738718
    36 3.698877 0.000000 -0.000001 0.000000 0.000000 0.664655
  time 63
    0 4.497977 0.000000 41.699120 1.570800 -1.484503 -0.000004
    1 4.126704 0.000000 0.000000 0.000000 0.000000 -0.029242
    2 3.613468 0.000000 0.000000 0.000000 0.000000 0.100355
    3 9.183784 0.000000 0.000000 0.000000 0.000000 0.194628
    4 3.166100 0.000000 0.000000 3.141591 0.000000 -0.970156
    5 1.734697 -0.000001 0.000000 0.000000 0.000000 -0.422444
    6 1.673222 1.247215 2.595494 1.597167 -1.286515 2.942410
    7 6.028143 -0.000001 0.000000 -1.580047 -0.013594 -0.589175
    8 11.692555 0.000000 0.000001 0.000000 0.000000 -0.767230
    9 12.075547 0.000001 -0.000032 1.497010 0.461745 -0.134837
    10 5.564227 -0.209469 -0.526835 -0.143137 -0.019710 -0.640843
    11 5.508580 -0.000001 -0.000001 0.000000 -0.213723 -1.223992
    12 5.744636 0.209471 0.526837 0.085296 -0.117962 -0.637785
    13 6.052552 0.000000 0.000000 0.000000 -0.280945 -1.217796
    14 3.325015 0.000000 0.000000 0.000000 -0.096001 -1.230572
    15 5.613002 0.274427 1.782151 0.378929 -0.371446 -0.586631
    16 5.643136 0.000001 0.000000 0.000000 -0.192563 -1.225564
    17 3.079116 0.000000 -0.000001 0.000000 -0.064808 -1.231461
    18 1.673230 1.247220 -2.595441 -1.669005 1.286518 2.942401
    19 6.028143 0.000001 0.000000 1.639837 0.053459 -0.587171
    20 11.692555 0.000000 0.000001 0.000000 0.000000 -0.767230
    21 12.075578 -0.000001 0.000003 -1.569752 0.195545 0.020654
    22 5.943745 -0.452102 0.398078 0.147217 0.287840 -0.578718
    23 5.043453 0.000000 0.000000 0.000000 0.530358 -1.175525
    24 4.081745 0.000000 0.000000 0.000000 0.206790 -1.461372
    25 6.213901 0.452095 -0.398078 -0.094865 0.384803 -0.547821
    26 5.536297 -0.000001 0.000000 0.000000 0.618516 -1.150872
    27 3.312719 0.000000 -0.000002 0.000000 0.238651 -1.221912
    28 5.899517 1.061160 -1.488765 -0.397780 0.602637 -0.377010
    29 5.285243 0.000001 0.000000 0.000000 0.597561 -1.157329
    30 3.098848 0.000000 0.000000 0.000000 0.228027 -1.222829
    31 9.573584 0.263878 1.933152 2.803390 -0.068954 1.791758
    32 3.738597 -2.965120 -0.136397 0.215984 -0.078540 -0.078540
    33 1.884797 0.225917 -3.244098 -0.856219 -0.128452 -1.738723
    34 3.698875 -0.000002 0.000000 0.000000 0.000000 -0.664655
    35 1.884668 0.225917 3.247675 -2.285333 0.128458 -1.738718
    36 3.698877 0.000000 -0.000001 0.000000 0.000000 0.664655
  time 64
    0 4.497977 0.000000 41.699120 1.570800 -1.484503 -0.000004
    1 4.126704 0.000000 0.000000 0.000000 0.000000 -0.029242
    2 3.613468 0.000000 0.000000 0.000000 0.000000 0.100355
    3 9.183784 0.000000 0.000000 0.000000 0.000000 0.194628
    4 3.166100 0.000000 0.000000 3.141591 0.000000 -0.970156
    5 1.734697 -0.000001 0.000000 0.000000 0.000000 -0.422444
    6 1.673222 1.247215 2.595494 1.597167 -1.286515 2.942410
    7 6.028143 -0.000001 0.000000 -1.580047 -0.013594 -0.589175
    8 11.692555 0.000000 0.000001 0.000000 0.000000 -0.767230
    9 12.075547 0.000001 -0.000032 1.497010 0.461745 -0.134837
    10 5.564227 -0.209469 -0.526835 -0.143137 -0.019710 -0.640843
    11 5.508580 -0.000001 -0.000001 0.000000 -0.213723 -1.223992
    12 5.744636 0.209471 0.526837 0.085296 -0.117962 -0.637785
    13 6.052552 0.000000 0.000000 0.000000 -0.280945 -1.217796
    14 3.325015 0.000000 0.000000 0.000000 -0.096001 -1.230572
    15 5.613002 0.274427 1.782151 0.378929 -0.371446 -0.586631
    16 5.643136 0.000001 0.000000 0.000000 -0.192563 -1.225564
    17 3.079116 0.000000 -0.000001 0.000000 -0.064808 -1.231461
    18 1.673230 1.247220 -2.595441 -1.669005 1.286518 2.942401
    19 6.028143 0.000001 0.000000 1.639837 0.053459 -0.587171
    20 11.692555 0.000000 0.000001 0.000000 0.000000 -0.767230
    21 12.075578 -0.000001 0.000003 -1.569752 0.195545 0.020654
    22 5.943745 -0.452102 0.398078 0.147217 0.287840 -0.578718
    23 5.043453 0.000000 0.000000 0.000000 0.530358 -1.175525
    24 4.081745 0.000000 0.000000 0.000000 0.206790 -1.461372
    25 6.213901 0.452095 -0.398078 -0.094865 0.384803 -0.547821
    26 5.536297 -0.000001 0.000000 0.000000 0.618516 -1.150872
    27 3.312719 0.000000 -0.000002 0.000000 0.238651 -1.221912
    28 5.899517 1.061160 -1.488765 -0.397780 0.602637 -0.377010
    29 5.285243 0.000001 0.000000 0.000000 0.597561 -1.157329
    30 3.098848 0.000000 0.000000 0.000000 0.228027 -1.222829
    31 9.573584 0.263878 1.933152 2.803390 -0.068954 1.791758
    32 3.738597 -2.965120 -0.136397 0.215984 -0.078540 -0.078540
    33 1.884797 0.225917 -3.244098 -0.856219 -0.128452 -1.738723
    34 3.698875 -0.000002 0.000000 0.000000 0.000000 -0.664655
    35 1.884668 0.225917 3.247675 -2.285333 0.128458 -1.738718
    36 3.698877 0.000000 -0.000001 0.000000 0.000000 0.664655
  time 65
    0 4.497977 0.000000 41.699120 1.570800 -1.484503 -0.000004
    1 4.126704 0.000000 0.000000 0.000000 0.000000 -0.029242
    2 3.613468 0.000000 0.000000 0.000000 0.000000 0.100355
    3 9.183784 0.000000 0.000000 0.000000 0.000000 0.194628
    4 3.166100 0.000000 0.000000 3.141591 0.000000 -0.970156
    5 1.734697 -0.000001 0.000000 0.000000 0.000000 -0.422444
    6 1.673222 1.247215 2.595494 1.597167 -1.286515 2.942410
    7 6.028143 -0.000001 0.000000 -1.580047 -0.013594 -0.589175
    8 11.692555 0.000000 0.000001 0.000000 0.000000 -0.767230
    9 12.075547 0.000001 -0.000032 1.497010 0.461745 -0.134837
    10 5.564227 -0.209469 -0.526835 -0.143137 -0.019710 -0.640843
    11 5.508580 -0.000001 -0.000001 0.000000 -0.213723 -1.223992
    12 5.744636 0.209471 0.526837 0.085296 -0.117962 -0.637785
    13 6.052552 0.000000 0.000000 0.000000 -0.280945 -1.217796
    14 3.325015 0.000000 0.000000 0.000000 -0.096001 -1.230572
    15 5.613002 0.274427 1.782151 0.378929 -0.371446 -0.586631
    16 5.643136 0.000001 0.000000 0.000000 -0.192563 -1.225564
    17 3.079116 0.000000 -0.000001 0.000000 -0.064808 -1.231461
    18 1.673230 1.247220 -2.595441 -1.669005 1.286518 2.942401
    19 6.028143 0.000001 0.000000 1.639837 0.053459 -0.587171
    20 11.692555 0.000000 0.000001 0.000000 0.000000 -0.767230
    21 12.075578 -0.000001 0.000003 -1.569752 0.195545 0.020654
    22 5.943745 -0.452102 0.398078 0.147217 0.287840 -0.578718
    23 5.043453 0.000000 0.000000 0.000000 0.530358 -1.175525
    24 4.081745 0.000000 0.000000 0.000000 0.206790 -1.461372
    25 6.213901 0.452095 -0.398078 -0.094865 0.384803 -0.547821
    26 5.536297 -0.000001 0.000000 0.000000 0.618516 -1.150872
    27 3.312719 0.000000 -0.000002 0.000000 0.238651 -1.221912
    28 5.899517 1.061160 -1.488765 -0.397780 0.602637 -0.377010
    29 5.285243 0.000001 0.000000 0.000000 0.597561 -1.157329
    30 3.098848 0.000000 0.000000 0.000000 0.228027 -1.222829
    31 9.573584 0.263878 1.933152 2.803390 -0.068954 1.791758
    32 3.738597 -2.965120 -0.136397 0.215984 -0.078540 -0.078540
    33 1.884797 0.225917 -3.244098 -0.856219 -0.128452 -1.738723
    34 3.698875 -0.000002 0.000000 0.000000 0.000000 -0.664655
    35 1.884668 0.225917 3.247675 -2.285333 0.128458 -1.738718
    36 3.698877 0.000000 -0.000001 0.000000 0.000000 0.664655
  time 66
    0 4.497977 0.000000 41.699120 1.570800 -1.484503 -0.000004
    1 4.126704 0.000000 0.000000 0.000000 0.000000 -0.029242
    2 3.613468 0.000000 0.000000 0.000000 0.000000 0.100355
    3 9.183784 0.000000 0.000000 0.000000 0.000000 0.194628
    4 3.166100 0.000000 0.000000 3.141591 0.000000 -0.970156
    5 1.734697 -0.000001 0.000000 0.000000 0.000000 -0.422444
    6 1.673222 1.247215 2.595494 1.597167 -1.286515 2.942410
    7 6.028143 -0.000001 0.000000 -1.580047 -0.013594 -0.589175
    8 11.692555 0.000000 0.000001 0.000000 0.000000 -0.767230
    9 12.075547 0.000001 -0.000032 1.497010 0.461745 -0.134837
    10 5.564227 -0.209469 -0.526835 -0.143137 -0.019710 -0.640843
    11 5.508580 -0.000001 -0.000001 0.000000 -0.213723 -1.223992
    12 5.744636 0.209471 0.526837 0.085296 -0.117962 -0.637785
    13 6.052552 0.000000 0.000000 0.000000 -0.280945 -1.217796
    14 3.325015 0.000000 0.000000 0.000000 -0.096001 -1.230572
    15 5.613002 0.274427 1.782151 0.378929 -0.371446 -0.586631
    16 5.643136 0.000001 0.000000 0.000000 -0.192563 -1.225564
    17 3.079116 0.000000 -0.000001 0.000000 -0.064808 -1.231461
    18 1.673230 1.247220 -2.595441 -1.669005 1.286518 2.942401
    19 6.028143 0.000001 0.000000 1.639837 0.053459 -0.587171
    20 11.692555 0.000000 0.000001 0.000000 0.000000 -0.767230
    21 12.075578 -0.000001 0.000003 -1.569752 0.195545 0.020654
    22 5.943745 -0.452102 0.398078 0.147217 0.287840 -0.578718
    23 5.043453 0.000000 0.000000 0.000000 0.530358 -1.175525
    24 4.081745 0.000000 0.000000 0.000000 0.206790 -1.461372
    25 6.213901 0.452095 -0.398078 -0.094865 0.384803 -0.547821
    26 5.536297 -0.000001 0.000000 0.000000 0.618516 -1.150872
    27 3.312719 0.000000 -0.000002 0.000000 0.238651 -1.221912
    28 5.899517 1.061160 -1.488765 -0.397780 0.602637 -0.377010
    29 5.285243 0.000001 0.000000 0.000000 0.597561 -1.157329
    30 3.098848 0.000000 0.000000 0.000000 0.228027 -1.222829
    31 9.573584 0.263878 1.933152 2.803390 -0.068954 1.791758
    32 3.738597 -2.965120 -0.136397 0.215984 -0.078540 -0.078540
    33 1.884797 0.225917 -3.244098 -0.856219 -0.128452 -1.738723
    34 3.698875 -0.000002 0.000000 0.000000 0.000000 -0.664655
    35 1.884668 0.225917 3.247675 -2.285333 0.128458 -1.738718
    36 3.698877 0.000000 -0.000001 0.000000 0.000000 0.664655
  time 67
    0 4.497977 0.000000 41.699120 1.570800 -1.484503 -0.000004
    1 4.126704 0.000000 0.000000 0.000000 0.000000 -0.029242
    2 3.613468 0.000000 0.000000 0.000000 0.000000 0.100355
    3 9.183784 0.000000 0.000000 0.000000 0.000000 0.194628
    4 3.166100 0.000000 0.000000 3.141591 0.000000 -0.970156
    5 1.734697 -0.000001 0.000000 0.000000 0.000000 -0.422444
    6 1.673222 1.247215 2.595494 1.597167 -1.286515 2.942410
    7 6.028143 -0.000001 0.000000 -1.580047 -0.013594 -0.589175
    8 11.692555 0.000000 0.000001 0.000000 0.000000 -0.767230
    9 12.075547 0.000001 -0.000032 1.497010 0.461745 -0.134837
    10 5.564227 -0.209469 -0.526835 -0.143137 -0.019710 -0.640843
    11 5.508580 -0.000001 -0.000001 0.000000 -0.213723 -1.223992
    12 5.744636 0.209471 0.526837 0.085296 -0.117962 -0.637785
    13 6.052552 0.000000 0.000000 0.000000 -0.280945 -1.217796
    14 3.325015 0.000000 0.000000 0.000000 -0.096001 -1.230572
    15 5.613002 0.274427 1.782151 0.378929 -0.371446 -0.586631
    16 5.643136 0.000001 0.000000 0.000000 -0.192563 -1.225564
    17 3.079116 0.000000 -0.000001 0.000000 -0.064808 -1.231461
    18 1.673230 1.247220 -2.595441 -1.669005 1.286518 2.942401
    19 6.028143 0.000001 0.000000 1.639837 0.053459 -0.587171
    20 11.692555 0.000000 0.000001 0.000000 0.000000 -0.767230
    21 12.075578 -0.000001 0.000003 -1.569752 0.195545 0.020654
    22 5.943745 -0.452102 0.398078 0.147217 0.287840 -0.578718
    23 5.043453 0.000000 0.000000 0.000000 0.530358 -1.175525
    24 4.081745 0.000000 0.000000 0.000000 0.206790 -1.461372
    25 6.213901 0.452095 -0.398078 -0.094865 0.384803 -0.547821
    26 5.536297 -0.000001 0.000000 0.000000 0.618516 -1.150872
    27 3.312719 0.000000 -0.000002 0.000000 0.238651 -1.221912
    28 5.899517 1.061160 -1.488765 -0.397780 0.602637 -0.377010
    29 5.285243 0.000001 0.000000 0.000000 0.597561 -1.157329
    30 3.098848 0.000000 0.000000 0.000000 0.228027 -1.222829
    31 9.573584 0.263878 1.933152 2.803390 -0.068954 1.791758
    32 3.738597 -2.965120 -0.136397 0.215984 -0.078540 -0.078540
    33 1.884797 0.225917 -3.244098 -0.856219 -0.128452 -1.738723
    34 3.698875 -0.000002 0.000000 0.000000 0.000000 -0.664655
    35 1.884668 0.225917 3.247675 -2.285333 0.128458 -1.738718
    36 3.698877 0.000000 -0.000001 0.000000 0.000000 0.664655
  time 68
    0 4.497977 0.000000 41.699120 1.570800 -1.484503 -0.000004
    1 4.126704 0.000000 0.000000 0.000000 0.000000 -0.029242
    2 3.613468 0.000000 0.000000 0.000000 0.000000 0.100355
    3 9.183784 0.000000 0.000000 0.000000 0.000000 0.194628
    4 3.166100 0.000000 0.000000 3.141591 0.000000 -0.970156
    5 1.734697 -0.000001 0.000000 0.000000 0.000000 -0.422444
    6 1.673222 1.247215 2.595494 1.597167 -1.286515 2.942410
    7 6.028143 -0.000001 0.000000 -1.580047 -0.013594 -0.589175
    8 11.692555 0.000000 0.000001 0.000000 0.000000 -0.767230
    9 12.075547 0.000001 -0.000032 1.497010 0.461745 -0.134837
    10 5.564227 -0.209469 -0.526835 -0.143137 -0.019710 -0.640843
    11 5.508580 -0.000001 -0.000001 0.000000 -0.213723 -1.223992
    12 5.744636 0.209471 0.526837 0.085296 -0.117962 -0.637785
    13 6.052552 0.000000 0.000000 0.000000 -0.280945 -1.217796
    14 3.325015 0.000000 0.000000 0.000000 -0.096001 -1.230572
    15 5.613002 0.274427 1.782151 0.378929 -0.371446 -0.586631
    16 5.643136 0.000001 0.000000 0.000000 -0.192563 -1.225564
    17 3.079116 0.000000 -0.000001 0.000000 -0.064808 -1.231461
    18 1.673230 1.247220 -2.595441 -1.669005 1.286518 2.942401
    19 6.028143 0.000001 0.000000 1.639837 0.053459 -0.587171
    20 11.692555 0.000000 0.000001 0.000000 0.000000 -0.767230
    21 12.075578 -0.000001 0.000003 -1.569752 0.195545 0.020654
    22 5.943745 -0.452102 0.398078 0.147217 0.287840 -0.578718
    23 5.043453 0.000000 0.000000 0.000000 0.530358 -1.175525
    24 4.081745 0.000000 0.000000 0.000000 0.206790 -1.461372
    25 6.213901 0.452095 -0.398078 -0.094865 0.384803 -0.547821
    26 5.536297 -0.000001 0.000000 0.000000 0.618516 -1.150872
    27 3.312719 0.000000 -0.000002 0.000000 0.238651 -1.221912
    28 5.899517 1.061160 -1.488765 -0.397780 0.602637 -0.377010
    29 5.285243 0.000001 0.000000 0.000000 0.597561 -1.157329
    30 3.098848 0.000000 0.000000 0.000000 0.228027 -1.222829
    31 9.573584 0.263878 1.933152 2.803390 -0.068954 1.791758
    32 3.738597 -2.965120 -0.136397 0.215984 -0.078540 -0.078540
    33 1.884797 0.225917 -3.244098 -0.856219 -0.128452 -1.738723
    34 3.698875 -0.000002 0.000000 0.000000 0.000000 -0.664655
    35 1.884668 0.225917 3.247675 -2.285333 0.128458 -1.738718
    36 3.698877 0.000000 -0.000001 0.000000 0.000000 0.664655
  time 69
    0 4.497977 0.000000 41.699120 1.570800 -1.484503 -0.000004
    1 4.126704 0.000000 0.000000 0.000000 0.000000 -0.029242
    2 3.613468 0.000000 0.000000 0.000000 0.000000 0.100355
    3 9.183784 0.000000 0.000000 0.000000 0.000000 0.194628
    4 3.166100 0.000000 0.000000 3.141591 0.000000 -0.970156
    5 1.734697 -0.000001 0.000000 0.000000 0.000000 -0.422444
    6 1.673222 1.247215 2.595494 1.597167 -1.286515 2.942410
    7 6.028143 -0.000001 0.000000 -1.580047 -0.013594 -0.589175
    8 11.692555 0.000000 0.000001 0.000000 0.000000 -0.767230
    9 12.075547 0.000001 -0.000032 1.497010 0.461745 -0.134837
    10 5.564227 -0.209469 -0.526835 -0.143137 -0.019710 -0.640843
    11 5.508580 -0.000001 -0.000001 0.000000 -0.213723 -1.223992
    12 5.744636 0.209471 0.526837 0.085296 -0.117962 -0.637785
    13 6.052552 0.000000 0.000000 0.000000 -0.280945 -1.217796
    14 3.325015 0.000000 0.000000 0.000000 -0.096001 -1.230572
    15 5.613002 0.274427 1.782151 0.378929 -0.371446 -0.586631
    16 5.643136 0.000001 0.000000 0.000000 -0.192563 -1.225564
    17 3.079116 0.000000 -0.000001 0.000000 -0.064808 -1.231461
    18 1.673230 1.247220 -2.595441 -1.669005 1.286518 2.942401
    19 6.028143 0.000001 0.000000 1.639837 0.053459 -0.587171
    20 11.692555 0.000000 0.000001 0.000000 0.000000 -0.767230
    21 12.075578 -0.000001 0.000003 -1.569752 0.195545 0.020654
    22 5.943745 -0.452102 0.398078 0.147217 0.287840 -0.578718
    23 5.043453 0.000000 0.000000 0.000000 0.530358 -1.175525
    24 4.081745 0.000000 0.000000 0.000000 0.206790 -1.461372
    25 6.213901 0.452095 -0.398078 -0.094865 0.384803 -0.547821
    26 5.536297 -0.000001 0.000000 0.000000 0.618516 -1.150872
    27 3.312719 0.000000 -0.000002 0.000000 0.238651 -1.221912
    28 5.899517 1.061160 -1.488765 -0.397780 0.602637 -0.377010
    29 5.285243 0.000001 0.000000 0.000000 0.597561 -1.157329
    30 3.098848 0.000000 0.000000 0.000000 0.228027 -1.222829
    31 9.573584 0.263878 1.933152 2.803390 -0.068954 1.791758
    32 3.738597 -2.965120 -0.136397 0.215984 -0.078540 -0.078540
    33 1.884797 0.225917 -3.244098 -0.856219 -0.128452 -1.738723
    34 3.698875 -0.000002 0.000000 0.000000 0.000000 -0.664655
    35 1.884668 0.225917 3.247675 -2.285333 0.128458 -1.738718
    36 3.698877 0.000000 -0.000001 0.000000 0.000000 0.664655
  time 70
    0 4.497977 0.000000 41.699120 1.570800 -1.484503 -0.000004
    1 4.126704 0.000000 0.000000 0.000000 0.000000 -0.029242
    2 3.613468 0.000000 0.000000 0.000000 0.000000 0.100355
    3 9.183784 0.000000 0.000000 0.000000 0.000000 0.194628
    4 3.166100 0.000000 0.000000 3.141591 0.000000 -0.970156
    5 1.734697 -0.000001 0.000000 0.000000 0.000000 -0.422444
    6 1.673222 1.247215 2.595494 1.597167 -1.286515 2.942410
    7 6.028143 -0.000001 0.000000 -1.580047 -0.013594 -0.589175
    8 11.692555 0.000000 0.000001 0.000000 0.000000 -0.767230
    9 12.075547 0.000001 -0.000032 1.497010 0.461745 -0.134837
    10 5.564227 -0.209469 -0.526835 -0.143137 -0.019710 -0.640843
    11 5.508580 -0.000001 -0.000001 0.000000 -0.213723 -1.223992
    12 5.744636 0.209471 0.526837 0.085296 -0.117962 -0.637785
    13 6.052552 0.000000 0.000000 0.000000 -0.280945 -1.217796
    14 3.325015 0.000000 0.000000 0.000000 -0.096001 -1.230572
    15 5.613002 0.274427 1.782151 0.378929 -0.371446 -0.586631
    16 5.643136 0.000001 0.000000 0.000000 -0.192563 -1.225564
    17 3.079116 0.000000 -0.000001 0.000000 -0.064808 -1.231461
    18 1.673230 1.247220 -2.595441 -1.669005 1.286518 2.942401
    19 6.028143 0.000001 0.000000 1.639837 0.053459 -0.587171
    20 11.692555 0.000000 0.000001 0.000000 0.000000 -0.767230
    21 12.075578 -0.000001 0.000003 -1.569752 0.195545 0.020654
    22 5.943745 -0.452102 0.398078 0.147217 0.287840 -0.578718
    23 5.043453 0.000000 0.000000 0.000000 0.530358 -1.175525
    24 4.081745 0.000000 0.000000 0.000000 0.206790 -1.461372
    25 6.213901 0.452095 -0.398078 -0.094865 0.384803 -0.547821
    26 5.536297 -0.000001 0.000000 0.000000 0.618516 -1.150872
    27 3.312719 0.000000 -0.000002 0.000000 0.238651 -1.221912
    28 5.899517 1.061160 -1.488765 -0.397780 0.602637 -0.377010
    29 5.285243 0.000001 0.000000 0.000000 0.597561 -1.157329
    30 3.098848 0.000000 0.000000 0.000000 0.228027 -1.222829
    31 9.573584 0.263878 1.933152 2.803390 -0.068954 1.791758
    32 3.738597 -2.965120 -0.136397 0.215984 -0.078540 -0.078540
    33 1.884797 0.225917 -3.244098 -0.856219 -0.128452 -1.738723
    34 3.698875 -0.000002 0.000000 0.000000 0.000000 -0.664655
    35 1.884668 0.225917 3.247675 -2.285333 0.128458 -1.738718
    36 3.698877 0.000000 -0.000001 0.000000 0.000000 0.664655
  time 71
    0 4.497977 0.000000 41.699120 1.570800 -1.484503 -0.000004
    1 4.126704 0.000000 0.000000 0.000000 0.000000 -0.029242
    2 3.613468 0.000000 0.000000 0.000000 0.000000 0.100355
    3 9.183784 0.000000 0.000000 0.000000 0.000000 0.194628
    4 3.166100 0.000000 0.000000 3.141591 0.000000 -0.970156
    5 1.734697 -0.000001 0.000000 0.000000 0.000000 -0.422444
    6 1.673222 1.247215 2.595494 1.597167 -1.286515 2.942410
    7 6.028143 -0.000001 0.000000 -1.580047 -0.013594 -0.589175
    8 11.692555 0.000000 0.000001 0.000000 0.000000 -0.767230
    9 12.075547 0.000001 -0.000032 1.497010 0.461745 -0.134837
    10 5.564227 -0.209469 -0.526835 -0.143137 -0.019710 -0.640843
    11 5.508580 -0.000001 -0.000001 0.000000 -0.213723 -1.223992
    12 5.744636 0.209471 0.526837 0.085296 -0.117962 -0.637785
    13 6.052552 0.000000 0.000000 0.000000 -0.280945 -1.217796
    14 3.325015 0.000000 0.000000 0.000000 -0.096001 -1.230572
    15 5.613002 0.274427 1.782151 0.378929 -0.371446 -0.586631
    16 5.643136 0.000001 0.000000 0.000000 -0.192563 -1.225564
    17 3.079116 0.000000 -0.000001 0.000000 -0.064808 -1.231461
    18 1.673230 1.247220 -2.595441 -1.669005 1.286518 2.942401
    19 6.028143 0.000001 0.000000 1.639837 0.053459 -0.587171
    20 11.692555 0.000000 0.000001 0.000000 0.000000 -0.767230
    21 12.075578 -0.000001 0.000003 -1.569752 0.195545 0.020654
    22 5.943745 -0.452102 0.398078 0.147217 0.287840 -0.578718
    23 5.043453 0.000000 0.000000 0.000000 0.530358 -1.175525
    24 4.081745 0.000000 0.000000 0.000000 0.206790 -1.461372
    25 6.213901 0.452095 -0.398078 -0.094865 0.384803 -0.547821
    26 5.536297 -0.000001 0.000000 0.000000 0.618516 -1.150872
    27 3.312719 0.000000 -0.000002 0.000000 0.238651 -1.221912
    28 5.899517 1.061160 -1.488765 -0.397780 0.602637 -0.377010
    29 5.285243 0.000001 0.000000 0.000000 0.597561 -1.157329
    30 3.098848 0.000000 0.000000 0.000000 0.228027 -1.222829
    31 9.573584 0.263878 1.933152 2.803390 -0.068954 1.791758
    32 3.738597 -2.965120 -0.136397 0.215984 -0.078540 -0.078540
    33 1.884797 0.225917 -3.244098 -0.856219 -0.128452 -1.738723
    34 3.698875 -0.000002 0.000000 0.000000 0.000000 -0.664655
    35 1.884668 0.225917 3.247675 -2.285333 0.128458 -1.738718
    36 3.698877 0.000000 -0.000001 0.000000 0.000000 0.664655
  time 72
    0 4.497977 0.000000 41.699120 1.570800 -1.484503 -0.000004
    1 4.126704 0.000000 0.000000 0.000000 0.000000 -0.029242
    2 3.613468 0.000000 0.000000 0.000000 0.000000 0.100355
    3 9.183784 0.000000 0.000000 0.000000 0.000000 0.194628
    4 3.166100 0.000000 0.000000 3.141591 0.000000 -0.970156
    5 1.734697 -0.000001 0.000000 0.000000 0.000000 -0.422444
    6 1.673222 1.247215 2.595494 1.597167 -1.286515 2.942410
    7 6.028143 -0.000001 0.000000 -1.580047 -0.013594 -0.589175
    8 11.692555 0.000000 0.000001 0.000000 0.000000 -0.767230
    9 12.075547 0.000001 -0.000032 1.497010 0.461745 -0.134837
    10 5.564227 -0.209469 -0.526835 -0.143137 -0.019710 -0.640843
    11 5.508580 -0.000001 -0.000001 0.000000 -0.213723 -1.223992
    12 5.744636 0.209471 0.526837 0.085296 -0.117962 -0.637785
    13 6.052552 0.000000 0.000000 0.000000 -0.280945 -1.217796
    14 3.325015 0.000000 0.000000 0.000000 -0.096001 -1.230572
    15 5.613002 0.274427 1.782151 0.378929 -0.371446 -0.586631
    16 5.643136 0.000001 0.000000 0.000000 -0.192563 -1.225564
    17 3.079116 0.000000 -0.000001 0.000000 -0.064808 -1.231461
    18 1.673230 1.247220 -2.595441 -1.669005 1.286518 2.942401
    19 6.028143 0.000001 0.000000 1.639837 0.053459 -0.587171
    20 11.692555 0.000000 0.000001 0.000000 0.000000 -0.767230
    21 12.075578 -0.000001 0.000003 -1.569752 0.195545 0.020654
    22 5.943745 -0.452102 0.398078 0.147217 0.287840 -0.578718
    23 5.043453 0.000000 0.000000 0.000000 0.530358 -1.175525
    24 4.081745 0.000000 0.000000 0.000000 0.206790 -1.461372
    25 6.213901 0.452095 -0.398078 -0.094865 0.384803 -0.547821
    26 5.536297 -0.000001 0.000000 0.000000 0.618516 -1.150872
    27 3.312719 0.000000 -0.000002 0.000000 0.238651 -1.221912
    28 5.899517 1.061160 -1.488765 -0.397780 0.602637 -0.377010
    29 5.285243 0.000001 0.000000 0.000000 0.597561 -1.157329
    30 3.098848 0.000000 0.000000 0.000000 0.228027 -1.222829
    31 9.573584 0.263878 1.933152 2.803390 -0.068954 1.791758
    32 3.738597 -2.965120 -0.136397 0.215984 -0.078540 -0.078540
    33 1.884797 0.225917 -3.244098 -0.856219 -0.128452 -1.738723
    34 3.698875 -0.000002 0.000000 0.000000 0.000000 -0.664655
    35 1.884668 0.225917 3.247675 -2.285333 0.128458 -1.738718
    36 3.698877 0.000000 -0.000001 0.000000 0.000000 0.664655
  time 73
    0 4.497977 0.000000 41.699120 1.570800 -1.484503 -0.000004
    1 4.126704 0.000000 0.000000 0.000000 0.000000 -0.029242
    2 3.613468 0.000000 0.000000 0.000000 0.000000 0.100355
    3 9.183784 0.000000 0.000000 0.000000 0.000000 0.194628
    4 3.166100 0.000000 0.000000 3.141591 0.000000 -0.970156
    5 1.734697 -0.000001 0.000000 0.000000 0.000000 -0.422444
    6 1.673222 1.247215 2.595494 1.597167 -1.286515 2.942410
    7 6.028143 -0.000001 0.000000 -1.580047 -0.013594 -0.589175
    8 11.692555 0.000000 0.000001 0.000000 0.000000 -0.767230
    9 12.075547 0.000001 -0.000032 1.497010 0.461745 -0.134837
    10 5.564227 -0.209469 -0.526835 -0.143137 -0.019710 -0.640843
    11 5.508580 -0.000001 -0.000001 0.000000 -0.213723 -1.223992
    12 5.744636 0.209471 0.526837 0.085296 -0.117962 -0.637785
    13 6.052552 0.000000 0.000000 0.000000 -0.280945 -1.217796
    14 3.325015 0.000000 0.000000 0.000000 -0.096001 -1.230572
    15 5.613002 0.274427 1.782151 0.378929 -0.371446 -0.586631
    16 5.643136 0.000001 0.000000 0.000000 -0.192563 -1.225564
    17 3.079116 0.000000 -0.000001 0.000000 -0.064808 -1.231461
    18 1.673230 1.247220 -2.595441 -1.669005 1.286518 2.942401
    19 6.028143 0.000001 0.000000 1.639837 0.053459 -0.587171
    20 11.692555 0.000000 0.000001 0.000000 0.000000 -0.767230
    21 12.075578 -0.000001 0.000003 -1.569752 0.195545 0.020654
    22 5.943745 -0.452102 0.398078 0.147217 0.287840 -0.578718
    23 5.043453 0.000000 0.000000 0.000000 0.530358 -1.175525
    24 4.081745 0.000000 0.000000 0.000000 0.206790 -1.461372
    25 6.213901 0.452095 -0.398078 -0.094865 0.384803 -0.547821
    26 5.536297 -0.000001 0.000000 0.000000 0.618516 -1.150872
    27 3.312719 0.000000 -0.000002 0.000000 0.238651 -1.221912
    28 5.899517 1.061160 -1.488765 -0.397780 0.602637 -0.377010
    29 5.285243 0.000001 0.000000 0.000000 0.597561 -1.157329
    30 3.098848 0.000000 0.000000 0.000000 0.228027 -1.222829
    31 9.573584 0.263878 1.933152 2.803390 -0.068954 1.791758
    32 3.738597 -2.965120 -0.136397 0.215984 -0.078540 -0.078540
    33 1.884797 0.225917 -3.244098 -0.856219 -0.128452 -1.738723
    34 3.698875 -0.000002 0.000000 0.000000 0.000000 -0.664655
    35 1.884668 0.225917 3.247675 -2.285333 0.128458 -1.738718
    36 3.698877 0.000000 -0.000001 0.000000 0.000000 0.664655
  time 74
    0 4.497977 0.000000 41.699120 1.570800 -1.484503 -0.000004
    1 4.126704 0.000000 0.000000 0.000000 0.000000 -0.029242
    2 3.613468 0.000000 0.000000 0.000000 0.000000 0.100355
    3 9.183784 0.000000 0.000000 0.000000 0.000000 0.194628
    4 3.166100 0.000000 0.000000 3.141591 0.000000 -0.970156
    5 1.734697 -0.000001 0.000000 0.000000 0.000000 -0.422444
    6 1.673222 1.247215 2.595494 1.597167 -1.286515 2.942410
    7 6.028143 -0.000001 0.000000 -1.580047 -0.013594 -0.589175
    8 11.692555 0.000000 0.000001 0.000000 0.000000 -0.767230
    9 12.075547 0.000001 -0.000032 1.497010 0.461745 -0.134837
    10 5.564227 -0.209469 -0.526835 -0.143137 -0.019710 -0.640843
    11 5.508580 -0.000001 -0.000001 0.000000 -0.213723 -1.223992
    12 5.744636 0.209471 0.526837 0.085296 -0.117962 -0.637785
    13 6.052552 0.000000 0.000000 0.000000 -0.280945 -1.217796
    14 3.325015 0.000000 0.000000 0.000000 -0.096001 -1.230572
    15 5.613002 0.274427 1.782151 0.378929 -0.371446 -0.586631
    16 5.643136 0.000001 0.000000 0.000000 -0.192563 -1.225564
    17 3.079116 0.000000 -0.000001 0.000000 -0.064808 -1.231461
    18 1.673230 1.247220 -2.595441 -1.669005 1.286518 2.942401
    19 6.028143 0.000001 0.000000 1.639837 0.053459 -0.587171
    20 11.692555 0.000000 0.000001 0.000000 0.000000 -0.767230
    21 12.075578 -0.000001 0.000003 -1.569752 0.195545 0.020654
    22 5.943745 -0.452102 0.398078 0.147217 0.287840 -0.578718
    23 5.043453 0.000000 0.000000 0.000000 0.530358 -1.175525
    24 4.081745 0.000000 0.000000 0.000000 0.206790 -1.461372
    25 6.213901 0.452095 -0.398078 -0.094865 0.384803 -0.547821
    26 5.536297 -0.000001 0.000000 0.000000 0.618516 -1.150872
    27 3.312719 0.000000 -0.000002 0.000000 0.238651 -1.221912
    28 5.899517 1.061160 -1.488765 -0.397780 0.602637 -0.377010
    29 5.285243 0.000001 0.000000 0.000000 0.597561 -1.157329
    30 3.098848 0.000000 0.000000 0.000000 0.228027 -1.222829
    31 9.573584 0.263878 1.933152 2.803390 -0.068954 1.791758
    32 3.738597 -2.965120 -0.136397 0.215984 -0.078540 -0.078540
    33 1.884797 0.225917 -3.244098 -0.856219 -0.128452 -1.738723
    34 3.698875 -0.000002 0.000000 0.000000 0.000000 -0.664655
    35 1.884668 0.225917 3.247675 -2.285333 0.128458 -1.738718
    36 3.698877 0.000000 -0.000001 0.000000 0.000000 0.664655
  time 75
    0 4.497977 0.000000 41.699120 1.570800 -1.484503 -0.000004
    1 4.126704 0.000000 0.000000 0.000000 0.000000 -0.029242
    2 3.613468 0.000000 0.000000 0.000000 0.000000 0.100355
    3 9.183784 0.000000 0.000000 0.000000 0.000000 0.194628
    4 3.166100 0.000000 0.000000 3.141591 0.000000 -0.970156
    5 1.734697 -0.000001 0.000000 0.000000 0.000000 -0.422444
    6 1.673222 1.247215 2.595494 1.597167 -1.286515 2.942410
    7 6.028143 -0.000001 0.000000 -1.580047 -0.013594 -0.589175
    8 11.692555 0.000000 0.000001 0.000000 0.000000 -0.767230
    9 12.075547 0.000001 -0.000032 1.497010 0.461745 -0.134837
    10 5.564227 -0.209469 -0.526835 -0.143137 -0.019710 -0.640843
    11 5.508580 -0.000001 -0.000001 0.000000 -0.213723 -1.223992
    12 5.744636 0.209471 0.526837 0.085296 -0.117962 -0.637785
    13 6.052552 0.000000 0.000000 0.000000 -0.280945 -1.217796
    14 3.325015 0.000000 0.000000 0.000000 -0.096001 -1.230572
    15 5.613002 0.274427 1.782151 0.378929 -0.371446 -0.586631
    16 5.643136 0.000001 0.000000 0.000000 -0.192563 -1.225564
    17 3.079116 0.000000 -0.000001 0.000000 -0.064808 -1.231461
    18 1.673230 1.247220 -2.595441 -1.669005 1.286518 2.942401
    19 6.028143 0.000001 0.000000 1.639837 0.053459 -0.587171
    20 11.692555 0.000000 0.000001 0.000000 0.000000 -0.767230
    21 12.075578 -0.000001 0.000003 -1.569752 0.195545 0.020654
    22 5.943745 -0.452102 0.398078 0.147217 0.287840 -0.578718
    23 5.043453 0.000000 0.000000 0.000000 0.530358 -1.175525
    24 4.081745 0.000000 0.000000 0.000000 0.206790 -1.461372
    25 6.213901 0.452095 -0.398078 -0.094865 0.384803 -0.547821
    26 5.536297 -0.000001 0.000000 0.000000 0.618516 -1.150872
    27 3.312719 0.000000 -0.000002 0.000000 0.238651 -1.221912
    28 5.899517 1.061160 -1.488765 -0.397780 0.602637 -0.377010
    29 5.285243 0.000001 0.000000 0.000000 0.597561 -1.157329
    30 3.098848 0.000000 0.000000 0.000000 0.228027 -1.222829
    31 9.573584 0.263878 1.933152 2.803390 -0.068954 1.791758
    32 3.738597 -2.965120 -0.136397 0.215984 -0.078540 -0.078540
    33 1.884797 0.225917 -3.244098 -0.856219 -0.128452 -1.738723
    34 3.698875 -0.000002 0.000000 0.000000 0.000000 -0.664655
    35 1.884668 0.225917 3.247675 -2.285333 0.128458 -1.738718
    36 3.698877 0.000000 -0.000001 0.000000 0.000000 0.664655
  time 76
    0 4.497977 0.000000 41.699120 1.570800 -1.484503 -0.000004
    1 4.126704 0.000000 0.000000 0.000000 0.000000 -0.029242
    2 3.613468 0.000000 0.000000 0.000000 0.000000 0.100355
    3 9.183784 0.000000 0.000000 0.000000 0.000000 0.194628
    4 3.166100 0.000000 0.000000 3.141591 0.000000 -0.970156
    5 1.734697 -0.000001 0.000000 0.000000 0.000000 -0.422444
    6 1.673222 1.247215 2.595494 1.597167 -1.286515 2.942410
    7 6.028143 -0.000001 0.000000 -1.580047 -0.013594 -0.589175
    8 11.692555 0.000000 0.000001 0.000000 0.000000 -0.767230
    9 12.075547 0.000001 -0.000032 1.497010 0.461745 -0.134837
    10 5.564227 -0.209469 -0.526835 -0.143137 -0.019710 -0.640843
    11 5.508580 -0.000001 -0.000001 0.000000 -0.213723 -1.223992
    12 5.744636 0.209471 0.526837 0.085296 -0.117962 -0.637785
    13 6.052552 0.000000 0.000000 0.000000 -0.280945 -1.217796
    14 3.325015 0.000000 0.000000 0.000000 -0.096001 -1.230572
    15 5.613002 0.274427 1.782151 0.378929 -0.371446 -0.586631
    16 5.643136 0.000001 0.000000 0.000000 -0.192563 -1.225564
    17 3.079116 0.000000 -0.000001 0.000000 -0.064808 -1.231461
    18 1.673230 1.247220 -2.595441 -1.669005 1.286518 2.942401
    19 6.028143 0.000001 0.000000 1.639837 0.053459 -0.587171
    20 11.692555 0.000000 0.000001 0.000000 0.000000 -0.767230
    21 12.075578 -0.000001 0.000003 -1.569752 0.195545 0.020654
    22 5.943745 -0.452102 0.398078 0.147217 0.287840 -0.578718
    23 5.043453 0.000000 0.000000 0.000000 0.530358 -1.175525
    24 4.081745 0.000000 0.000000 0.000000 0.206790 -1.461372
    25 6.213901 0.452095 -0.398078 -0.094865 0.384803 -0.547821
    26 5.536297 -0.000001 0.000000 0.000000 0.618516 -1.150872
    27 3.312719 0.000000 -0.000002 0.000000 0.238651 -1.221912
    28 5.899517 1.061160 -1.488765 -0.397780 0.602637 -0.377010
    29 5.285243 0.000001 0.000000 0.000000 0.597561 -1.157329
    30 3.098848 0.000000 0.000000 0.000000 0.228027 -1.222829
    31 9.573584 0.263878 1.933152 2.803390 -0.068954 1.791758
    32 3.738597 -2.965120 -0.136397 0.215984 -0.078540 -0.078540
    33 1.884797 0.225917 -3.244098 -0.856219 -0.128452 -1.738723
    34 3.698875 -0.000002 0.000000 0.000000 0.000000 -0.664655
    35 1.884668 0.225917 3.247675 -2.285333 0.128458 -1.738718
    36 3.698877 0.000000 -0.000001 0.000000 0.000000 0.664655
  time 77
    0 4.497977 0.000000 41.699120 1.570800 -1.484503 -0.000004
    1 4.126704 0.000000 0.000000 0.000000 0.000000 -0.029242
    2 3.613468 0.000000 0.000000 0.000000 0.000000 0.100355
    3 9.183784 0.000000 0.000000 0.000000 0.000000 0.194628
    4 3.166100 0.000000 0.000000 3.141591 0.000000 -0.970156
    5 1.734697 -0.000001 0.000000 0.000000 0.000000 -0.422444
    6 1.673222 1.247215 2.595494 1.597167 -1.286515 2.942410
    7 6.028143 -0.000001 0.000000 -1.580047 -0.013594 -0.589175
    8 11.692555 0.000000 0.000001 0.000000 0.000000 -0.767230
    9 12.075547 0.000001 -0.000032 1.497010 0.461745 -0.134837
    10 5.564227 -0.209469 -0.526835 -0.143137 -0.019710 -0.640843
    11 5.508580 -0.000001 -0.000001 0.000000 -0.213723 -1.223992
    12 5.744636 0.209471 0.526837 0.085296 -0.117962 -0.637785
    13 6.052552 0.000000 0.000000 0.000000 -0.280945 -1.217796
    14 3.325015 0.000000 0.000000 0.000000 -0.096001 -1.230572
    15 5.613002 0.274427 1.782151 0.378929 -0.371446 -0.586631
    16 5.643136 0.000001 0.000000 0.000000 -0.192563 -1.225564
    17 3.079116 0.000000 -0.000001 0.000000 -0.064808 -1.231461
    18 1.673230 1.247220 -2.595441 -1.669005 1.286518 2.942401
    19 6.028143 0.000001 0.000000 1.639837 0.053459 -0.587171
    20 11.692555 0.000000 0.000001 0.000000 0.000000 -0.767230
    21 12.075578 -0.000001 0.000003 -1.569752 0.195545 0.020654
    22 5.943745 -0.452102 0.398078 0.147217 0.287840 -0.578718
    23 5.043453 0.000000 0.000000 0.000000 0.530358 -1.175525
    24 4.081745 0.000000 0.000000 0.000000 0.206790 -1.461372
    25 6.213901 0.452095 -0.398078 -0.094865 0.384803 -0.547821
    26 5.536297 -0.000001 0.000000 0.000000 0.618516 -1.150872
    27 3.312719 0.000000 -0.000002 0.000000 0.238651 -1.221912
    28 5.899517 1.061160 -1.488765 -0.397780 0.602637 -0.377010
    29 5.285243 0.000001 0.000000 0.000000 0.597561 -1.157329
    30 3.098848 0.000000 0.000000 0.000000 0.228027 -1.222829
    31 9.573584 0.263878 1.933152 2.803390 -0.068954 1.791758
    32 3.738597 -2.965120 -0.136397 0.215984 -0.078540 -0.078540
    33 1.884797 0.225917 -3.244098 -0.856219 -0.128452 -1.738723
    34 3.698875 -0.000002 0.000000 0.000000 0.000000 -0.664655
    35 1.884668 0.225917 3.247675 -2.285333 0.128458 -1.738718
    36 3.698877 0.000000 -0.000001 0.000000 0.000000 0.664655
  time 78
    0 4.497977 0.000000 41.699120 1.570800 -1.484503 -0.000004
    1 4.126704 0.000000 0.000000 0.000000 0.000000 -0.029242
    2 3.613468 0.000000 0.000000 0.000000 0.000000 0.100355
    3 9.183784 0.000000 0.000000 0.000000 0.000000 0.194628
    4 3.166100 0.000000 0.000000 3.141591 0.000000 -0.970156
    5 1.734697 -0.000001 0.000000 0.000000 0.000000 -0.422444
    6 1.673222 1.247215 2.595494 1.597167 -1.286515 2.942410
    7 6.028143 -0.000001 0.000000 -1.580047 -0.013594 -0.589175
    8 11.692555 0.000000 0.000001 0.000000 0.000000 -0.767230
    9 12.075547 0.000001 -0.000032 1.497010 0.461745 -0.134837
    10 5.564227 -0.209469 -0.526835 -0.143137 -0.019710 -0.640843
    11 5.508580 -0.000001 -0.000001 0.000000 -0.213723 -1.223992
    12 5.744636 0.209471 0.526837 0.085296 -0.117962 -0.637785
    13 6.052552 0.000000 0.000000 0.000000 -0.280945 -1.217796
    14 3.325015 0.000000 0.000000 0.000000 -0.096001 -1.230572
    15 5.613002 0.274427 1.782151 0.378929 -0.371446 -0.586631
    16 5.643136 0.000001 0.000000 0.000000 -0.192563 -1.225564
    17 3.079116 0.000000 -0.000001 0.000000 -0.064808 -1.231461
    18 1.673230 1.247220 -2.595441 -1.669005 1.286518 2.942401
    19 6.028143 0.000001 0.000000 1.639837 0.053459 -0.587171
    20 11.692555 0.000000 0.000001 0.000000 0.000000 -0.767230
    21 12.075578 -0.000001 0.000003 -1.569752 0.195545 0.020654
    22 5.943745 -0.452102 0.398078 0.147217 0.287840 -0.578718
    23 5.043453 0.000000 0.000000 0.000000 0.530358 -1.175525
    24 4.081745 0.000000 0.000000 0.000000 0.206790 -1.461372
    25 6.213901 0.452095 -0.398078 -0.094865 0.384803 -0.547821
    26 5.536297 -0.000001 0.000000 0.000000 0.618516 -1.150872
    27 3.312719 0.000000 -0.000002 0.000000 0.238651 -1.221912
    28 5.899517 1.061160 -1.488765 -0.397780 0.602637 -0.377010
    29 5.285243 0.000001 0.000000 0.000000 0.597561 -1.157329
    30 3.098848 0.000000 0.000000 0.000000 0.228027 -1.222829
    31 9.573584 0.263878 1.933152 2.803390 -0.068954 1.791758
    32 3.738597 -2.965120 -0.136397 0.215984 -0.078540 -0.078540
    33 1.884797 0.225917 -3.244098 -0.856219 -0.128452 -1.738723
    34 3.698875 -0.000002 0.000000 0.000000 0.000000 -0.664655
    35 1.884668 0.225917 3.247675 -2.285333 0.128458 -1.738718
    36 3.698877 0.000000 -0.000001 0.000000 0.000000 0.664655
  time 79
    0 4.497977 0.000000 41.699120 1.570800 -1.484503 -0.000004
    1 4.126704 0.000000 0.000000 0.000000 0.000000 -0.029242
    2 3.613468 0.000000 0.000000 0.000000 0.000000 0.100355
    3 9.183784 0.000000 0.000000 0.000000 0.000000 0.194628
    4 3.166100 0.000000 0.000000 3.141591 0.000000 -0.970156
    5 1.734697 -0.000001 0.000000 0.000000 0.000000 -0.422444
    6 1.673222 1.247215 2.595494 1.597167 -1.286515 2.942410
    7 6.028143 -0.000001 0.000000 -1.580047 -0.013594 -0.589175
    8 11.692555 0.000000 0.000001 0.000000 0.000000 -0.767230
    9 12.075547 0.000001 -0.000032 1.497010 0.461745 -0.134837
    10 5.564227 -0.209469 -0.526835 -0.143137 -0.019710 -0.640843
    11 5.508580 -0.000001 -0.000001 0.000000 -0.213723 -1.223992
    12 5.744636 0.209471 0.526837 0.085296 -0.117962 -0.637785
    13 6.052552 0.000000 0.000000 0.000000 -0.280945 -1.217796
    14 3.325015 0.000000 0.000000 0.000000 -0.096001 -1.230572
    15 5.613002 0.274427 1.782151 0.378929 -0.371446 -0.586631
    16 5.643136 0.000001 0.000000 0.000000 -0.192563 -1.225564
    17 3.079116 0.000000 -0.000001 0.000000 -0.064808 -1.231461
    18 1.673230 1.247220 -2.595441 -1.669005 1.286518 2.942401
    19 6.028143 0.000001 0.000000 1.639837 0.053459 -0.587171
    20 11.692555 0.000000 0.000001 0.000000 0.000000 -0.767230
    21 12.075578 -0.000001 0.000003 -1.569752 0.195545 0.020654
    22 5.943745 -0.452102 0.398078 0.147217 0.287840 -0.578718
    23 5.043453 0.000000 0.000000 0.000000 0.530358 -1.175525
    24 4.081745 0.000000 0.000000 0.000000 0.206790 -1.461372
    25 6.213901 0.452095 -0.398078 -0.094865 0.384803 -0.547821
    26 5.536297 -0.000001 0.000000 0.000000 0.618516 -1.150872
    27 3.312719 0.000000 -0.000002 0.000000 0.238651 -1.221912
    28 5.899517 1.061160 -1.488765 -0.397780 0.602637 -0.377010
    29 5.285243 0.000001 0.000000 0.000000 0.597561 -1.157329
    30 3.098848 0.000000 0.000000 0.000000 0.228027 -1.222829
    31 9.573584 0.263878 1.933152 2.803390 -0.068954 1.791758
    32 3.738597 -2.965120 -0.136397 0.215984 -0.078540 -0.078540
    33 1.884797 0.225917 -3.244098 -0.856219 -0.128452 -1.738723
    34 3.698875 -0.000002 0.000000 0.000000 0.000000 -0.664655
    35 1.884668 0.225917 3.247675 -2.285333 0.128458 -1.738718
    36 3.698877 0.000000 -0.000001 0.000000 0.000000 0.664655
  time 80
    0 4.497977 0.000000 41.699120 1.570800 -1.484503 -0.000004
    1 4.126704 0.000000 0.000000 0.000000 0.000000 -0.029242
    2 3.613468 0.000000 0.000000 0.000000 0.000000 0.100355
    3 9.183784 0.000000 0.000000 0.000000 0.000000 0.194628
    4 3.166100 0.000000 0.000000 3.141591 0.000000 -0.970156
    5 1.734697 -0.000001 0.000000 0.000000 0.000000 -0.422444
    6 1.673222 1.247215 2.595494 1.597167 -1.286515 2.942410
    7 6.028143 -0.000001 0.000000 -1.580047 -0.013594 -0.589175
    8 11.692555 0.000000 0.000001 0.000000 0.000000 -0.767230
    9 12.075547 0.000001 -0.000032 1.497010 0.461745 -0.134837
    10 5.564227 -0.209469 -0.526835 -0.143137 -0.019710 -0.640843
    11 5.508580 -0.000001 -0.000001 0.000000 -0.213723 -1.223992
    12 5.744636 0.209471 0.526837 0.085296 -0.117962 -0.637785
    13 6.052552 0.000000 0.000000 0.000000 -0.280945 -1.217796
    14 3.325015 0.000000 0.000000 0.000000 -0.096001 -1.230572
    15 5.613002 0.274427 1.782151 0.378929 -0.371446 -0.586631
    16 5.643136 0.000001 0.000000 0.000000 -0.192563 -1.225564
    17 3.079116 0.000000 -0.000001 0.000000 -0.064808 -1.231461
    18 1.673230 1.247220 -2.595441 -1.669005 1.286518 2.942401
    19 6.028143 0.000001 0.000000 1.639837 0.053459 -0.587171
    20 11.692555 0.000000 0.000001 0.000000 0.000000 -0.767230
    21 12.075578 -0.000001 0.000003 -1.569752 0.195545 0.020654
    22 5.943745 -0.452102 0.398078 0.147217 0.287840 -0.578718
    23 5.043453 0.000000 0.000000 0.000000 0.530358 -1.175525
    24 4.081745 0.000000 0.000000 0.000000 0.206790 -1.461372
    25 6.213901 0.452095 -0.398078 -0.094865 0.384803 -0.547821
    26 5.536297 -0.000001 0.000000 0.000000 0.618516 -1.150872
    27 3.312719 0.000000 -0.000002 0.000000 0.238651 -1.221912
    28 5.899517 1.061160 -1.488765 -0.397780 0.602637 -0.377010
    29 5.285243 0.000001 0.000000 0.000000 0.597561 -1.157329
    30 3.098848 0.000000 0.000000 0.000000 0.228027 -1.222829
    31 9.573584 0.263878 1.933152 2.803390 -0.068954 1.791758
    32 3.738597 -2.965120 -0.136397 0.215984 -0.078540 -0.078540
    33 1.884797 0.225917 -3.244098 -0.856219 -0.128452 -1.738723
    34 3.698875 -0.000002 0.000000 0.000000 0.000000 -0.664655
    35 1.884668 0.225917 3.247675 -2.285333 0.128458 -1.738718
    36 3.698877 0.000000 -0.000001 0.000000 0.000000 0.664655
  time 81
    0 4.497977 0.000000 41.699120 1.570800 -1.484503 -0.000004
    1 4.126704 0.000000 0.000000 0.000000 0.000000 -0.029242
    2 3.613468 0.000000 0.000000 0.000000 0.000000 0.100355
    3 9.183784 0.000000 0.000000 0.000000 0.000000 0.194628
    4 3.166100 0.000000 0.000000 3.141591 0.000000 -0.970156
    5 1.734697 -0.000001 0.000000 0.000000 0.000000 -0.422444
    6 1.673222 1.247215 2.595494 1.597167 -1.286515 2.942410
    7 6.028143 -0.000001 0.000000 -1.580047 -0.013594 -0.589175
    8 11.692555 0.000000 0.000001 0.000000 0.000000 -0.767230
    9 12.075547 0.000001 -0.000032 1.497010 0.461745 -0.134837
    10 5.564227 -0.209469 -0.526835 -0.143137 -0.019710 -0.640843
    11 5.508580 -0.000001 -0.000001 0.000000 -0.213723 -1.223992
    12 5.744636 0.209471 0.526837 0.085296 -0.117962 -0.637785
    13 6.052552 0.000000 0.000000 0.000000 -0.280945 -1.217796
    14 3.325015 0.000000 0.000000 0.000000 -0.096001 -1.230572
    15 5.613002 0.274427 1.782151 0.378929 -0.371446 -0.586631
    16 5.643136 0.000001 0.000000 0.000000 -0.192563 -1.225564
    17 3.079116 0.000000 -0.000001 0.000000 -0.064808 -1.231461
    18 1.673230 1.247220 -2.595441 -1.669005 1.286518 2.942401
    19 6.028143 0.000001 0.000000 1.639837 0.053459 -0.587171
    20 11.692555 0.000000 0.000001 0.000000 0.000000 -0.767230
    21 12.075578 -0.000001 0.000003 -1.569752 0.195545 0.020654
    22 5.943745 -0.452102 0.398078 0.147217 0.287840 -0.578718
    23 5.043453 0.000000 0.000000 0.000000 0.530358 -1.175525
    24 4.081745 0.000000 0.000000 0.000000 0.206790 -1.461372
    25 6.213901 0.452095 -0.398078 -0.094865 0.384803 -0.547821
    26 5.536297 -0.000001 0.000000 0.000000 0.618516 -1.150872
    27 3.312719 0.000000 -0.000002 0.000000 0.238651 -1.221912
    28 5.899517 1.061160 -1.488765 -0.397780 0.602637 -0.377010
    29 5.285243 0.000001 0.000000 0.000000 0.597561 -1.157329
    30 3.098848 0.000000 0.000000 0.000000 0.228027 -1.222829
    31 9.573584 0.263878 1.933152 2.803390 -0.068954 1.791758
    32 3.738597 -2.965120 -0.136397 0.215984 -0.078540 -0.078540
    33 1.884797 0.225917 -3.244098 -0.856219 -0.128452 -1.738723
    34 3.698875 -0.000002 0.000000 0.000000 0.000000 -0.664655
    35 1.884668 0.225917 3.247675 -2.285333 0.128458 -1.738718
    36 3.698877 0.000000 -0.000001 0.000000 0.000000 0.664655
  time 82
    0 4.497977 0.000000 41.699120 1.570800 -1.484503 -0.000004
    1 4.126704 0.000000 0.000000 0.000000 0.000000 -0.029242
    2 3.613468 0.000000 0.000000 0.000000 0.000000 0.100355
    3 9.183784 0.000000 0.000000 0.000000 0.000000 0.194628
    4 3.166100 0.000000 0.000000 3.141591 0.000000 -0.970156
    5 1.734697 -0.000001 0.000000 0.000000 0.000000 -0.422444
    6 1.673222 1.247215 2.595494 1.597167 -1.286515 2.942410
    7 6.028143 -0.000001 0.000000 -1.580047 -0.013594 -0.589175
    8 11.692555 0.000000 0.000001 0.000000 0.000000 -0.767230
    9 12.075547 0.000001 -0.000032 1.497010 0.461745 -0.134837
    10 5.564227 -0.209469 -0.526835 -0.143137 -0.019710 -0.640843
    11 5.508580 -0.000001 -0.000001 0.000000 -0.213723 -1.223992
    12 5.744636 0.209471 0.526837 0.085296 -0.117962 -0.637785
    13 6.052552 0.000000 0.000000 0.000000 -0.280945 -1.217796
    14 3.325015 0.000000 0.000000 0.000000 -0.096001 -1.230572
    15 5.613002 0.274427 1.782151 0.378929 -0.371446 -0.586631
    16 5.643136 0.000001 0.000000 0.000000 -0.192563 -1.225564
    17 3.079116 0.000000 -0.000001 0.000000 -0.064808 -1.231461
    18 1.673230 1.247220 -2.595441 -1.669005 1.286518 2.942401
    19 6.028143 0.000001 0.000000 1.639837 0.053459 -0.587171
    20 11.692555 0.000000 0.000001 0.000000 0.000000 -0.767230
    21 12.075578 -0.000001 0.000003 -1.569752 0.195545 0.020654
    22 5.943745 -0.452102 0.398078 0.147217 0.287840 -0.578718
    23 5.043453 0.000000 0.000000 0.000000 0.530358 -1.175525
    24 4.081745 0.000000 0.000000 0.000000 0.206790 -1.461372
    25 6.213901 0.452095 -0.398078 -0.094865 0.384803 -0.547821
    26 5.536297 -0.000001 0.000000 0.000000 0.618516 -1.150872
    27 3.312719 0.000000 -0.000002 0.000000 0.238651 -1.221912
    28 5.899517 1.061160 -1.488765 -0.397780 0.602637 -0.377010
    29 5.285243 0.000001 0.000000 0.000000 0.597561 -1.157329
    30 3.098848 0.000000 0.000000 0.000000 0.228027 -1.222829
    31 9.573584 0.263878 1.933152 2.803390 -0.068954 1.791758
    32 3.738597 -2.965120 -0.136397 0.215984 -0.078540 -0.078540
    33 1.884797 0.225917 -3.244098 -0.856219 -0.128452 -1.738723
    34 3.698875 -0.000002 0.000000 0.000000 0.000000 -0.664655
    35 1.884668 0.225917 3.247675 -2.285333 0.128458 -1.738718
    36 3.698877 0.000000 -0.000001 0.000000 0.000000 0.664655
  time 83
    0 4.497977 0.000000 41.699120 1.570800 -1.484503 -0.000004
    1 4.126704 0.000000 0.000000 0.000000 0.000000 -0.029242
    2 3.613468 0.000000 0.000000 0.000000 0.000000 0.100355
    3 9.183784 0.000000 0.000000 0.000000 0.000000 0.194628
    4 3.166100 0.000000 0.000000 3.141591 0.000000 -0.970156
    5 1.734697 -0.000001 0.000000 0.000000 0.000000 -0.422444
    6 1.673222 1.247215 2.595494 1.597167 -1.286515 2.942410
    7 6.028143 -0.000001 0.000000 -1.580047 -0.013594 -0.589175
    8 11.692555 0.000000 0.000001 0.000000 0.000000 -0.767230
    9 12.075547 0.000001 -0.000032 1.497010 0.461745 -0.134837
    10 5.564227 -0.209469 -0.526835 -0.143137 -0.019710 -0.640843
    11 5.508580 -0.000001 -0.000001 0.000000 -0.213723 -1.223992
    12 5.744636 0.209471 0.526837 0.085296 -0.117962 -0.637785
    13 6.052552 0.000000 0.000000 0.000000 -0.280945 -1.217796
    14 3.325015 0.000000 0.000000 0.000000 -0.096001 -1.230572
    15 5.613002 0.274427 1.782151 0.378929 -0.371446 -0.586631
    16 5.643136 0.000001 0.000000 0.000000 -0.192563 -1.225564
    17 3.079116 0.000000 -0.000001 0.000000 -0.064808 -1.231461
    18 1.673230 1.247220 -2.595441 -1.669005 1.286518 2.942401
    19 6.028143 0.000001 0.000000 1.639837 0.053459 -0.587171
    20 11.692555 0.000000 0.000001 0.000000 0.000000 -0.767230
    21 12.075578 -0.000001 0.000003 -1.569752 0.195545 0.020654
    22 5.943745 -0.452102 0.398078 0.147217 0.287840 -0.578718
    23 5.043453 0.000000 0.000000 0.000000 0.530358 -1.175525
    24 4.081745 0.000000 0.000000 0.000000 0.206790 -1.461372
    25 6.213901 0.452095 -0.398078 -0.094865 0.384803 -0.547821
    26 5.536297 -0.000001 0.000000 0.000000 0.618516 -1.150872
    27 3.312719 0.000000 -0.000002 0.000000 0.238651 -1.221912
    28 5.899517 1.061160 -1.488765 -0.397780 0.602637 -0.377010
    29 5.285243 0.000001 0.000000 0.000000 0.597561 -1.157329
    30 3.098848 0.000000 0.000000 0.000000 0.228027 -1.222829
    31 9.573584 0.263878 1.933152 2.803390 -0.068954 1.791758
    32 3.738597 -2.965120 -0.136397 0.215984 -0.078540 -0.078540
    33 1.884797 0.225917 -3.244098 -0.856219 -0.128452 -1.738723
    34 3.698875 -0.000002 0.000000 0.000000 0.000000 -0.664655
    35 1.884668 0.225917 3.247675 -2.285333 0.128458 -1.738718
    36 3.698877 0.000000 -0.000001 0.000000 0.000000 0.664655
  time 84
    0 4.497977 0.000000 41.699120 1.570800 -1.484503 -0.000004
    1 4.126704 0.000000 0.000000 0.000000 0.000000 -0.029242
    2 3.613468 0.000000 0.000000 0.000000 0.000000 0.100355
    3 9.183784 0.000000 0.000000 0.000000 0.000000 0.194628
    4 3.166100 0.000000 0.000000 3.141591 0.000000 -0.970156
    5 1.734697 -0.000001 0.000000 0.000000 0.000000 -0.422444
    6 1.673222 1.247215 2.595494 1.597167 -1.286515 2.942410
    7 6.028143 -0.000001 0.000000 -1.580047 -0.013594 -0.589175
    8 11.692555 0.000000 0.000001 0.000000 0.000000 -0.767230
    9 12.075547 0.000001 -0.000032 1.497010 0.461745 -0.134837
    10 5.564227 -0.209469 -0.526835 -0.143137 -0.019710 -0.640843
    11 5.508580 -0.000001 -0.000001 0.000000 -0.213723 -1.223992
    12 5.744636 0.209471 0.526837 0.085296 -0.117962 -0.637785
    13 6.052552 0.000000 0.000000 0.000000 -0.280945 -1.217796
    14 3.325015 0.000000 0.000000 0.000000 -0.096001 -1.230572
    15 5.613002 0.274427 1.782151 0.378929 -0.371446 -0.586631
    16 5.643136 0.000001 0.000000 0.000000 -0.192563 -1.225564
    17 3.079116 0.000000 -0.000001 0.000000 -0.064808 -1.231461
    18 1.673230 1.247220 -2.595441 -1.669005 1.286518 2.942401
    19 6.028143 0.000001 0.000000 1.639837 0.053459 -0.587171
    20 11.692555 0.000000 0.000001 0.000000 0.000000 -0.767230
    21 12.075578 -0.000001 0.000003 -1.569752 0.195545 0.020654
    22 5.943745 -0.452102 0.398078 0.147217 0.287840 -0.578718
    23 5.043453 0.000000 0.000000 0.000000 0.530358 -1.175525
    24 4.081745 0.000000 0.000000 0.000000 0.206790 -1.461372
    25 6.213901 0.452095 -0.398078 -0.094865 0.384803 -0.547821
    26 5.536297 -0.000001 0.000000 0.000000 0.618516 -1.150872
    27 3.312719 0.000000 -0.000002 0.000000 0.238651 -1.221912
    28 5.899517 1.061160 -1.488765 -0.397780 0.602637 -0.377010
    29 5.285243 0.000001 0.000000 0.000000 0.597561 -1.157329
    30 3.098848 0.000000 0.000000 0.000000 0.228027 -1.222829
    31 9.573584 0.263878 1.933152 2.803390 -0.068954 1.791758
    32 3.738597 -2.965120 -0.136397 0.215984 -0.078540 -0.078540
    33 1.884797 0.225917 -3.244098 -0.856219 -0.128452 -1.738723
    34 3.698875 -0.000002 0.000000 0.000000 0.000000 -0.664655
    35 1.884668 0.225917 3.247675 -2.285333 0.128458 -1.738718
    36 3.698877 0.000000 -0.000001 0.000000 0.000000 0.664655
  time 85
    0 4.497977 0.000000 41.699120 1.570800 -1.484503 -0.000004
    1 4.126704 0.000000 0.000000 0.000000 0.000000 -0.029242
    2 3.613468 0.000000 0.000000 0.000000 0.000000 0.100355
    3 9.183784 0.000000 0.000000 0.000000 0.000000 0.194628
    4 3.166100 0.000000 0.000000 3.141591 0.000000 -0.970156
    5 1.734697 -0.000001 0.000000 0.000000 0.000000 -0.422444
    6 1.673222 1.247215 2.595494 1.597167 -1.286515 2.942410
    7 6.028143 -0.000001 0.000000 -1.580047 -0.013594 -0.589175
    8 11.692555 0.000000 0.000001 0.000000 0.000000 -0.767230
    9 12.075547 0.000001 -0.000032 1.497010 0.461745 -0.134837
    10 5.564227 -0.209469 -0.526835 -0.143137 -0.019710 -0.640843
    11 5.508580 -0.000001 -0.000001 0.000000 -0.213723 -1.223992
    12 5.744636 0.209471 0.526837 0.085296 -0.117962 -0.637785
    13 6.052552 0.000000 0.000000 0.000000 -0.280945 -1.217796
    14 3.325015 0.000000 0.000000 0.000000 -0.096001 -1.230572
    15 5.613002 0.274427 1.782151 0.378929 -0.371446 -0.586631
    16 5.643136 0.000001 0.000000 0.000000 -0.192563 -1.225564
    17 3.079116 0.000000 -0.000001 0.000000 -0.064808 -1.231461
    18 1.673230 1.247220 -2.595441 -1.669005 1.286518 2.942401
    19 6.028143 0.000001 0.000000 1.639837 0.053459 -0.587171
    20 11.692555 0.000000 0.000001 0.000000 0.000000 -0.767230
    21 12.075578 -0.000001 0.000003 -1.569752 0.195545 0.020654
    22 5.943745 -0.452102 0.398078 0.147217 0.287840 -0.578718
    23 5.043453 0.000000 0.000000 0.000000 0.530358 -1.175525
    24 4.081745 0.000000 0.000000 0.000000 0.206790 -1.461372
    25 6.213901 0.452095 -0.398078 -0.094865 0.384803 -0.547821
    26 5.536297 -0.000001 0.000000 0.000000 0.618516 -1.150872
    27 3.312719 0.000000 -0.000002 0.000000 0.238651 -1.221912
    28 5.899517 1.061160 -1.488765 -0.397780 0.602637 -0.377010
    29 5.285243 0.000001 0.000000 0.000000 0.597561 -1.157329
    30 3.098848 0.000000 0.000000 0.000000 0.228027 -1.222829
    31 9.573584 0.263878 1.933152 2.803390 -0.068954 1.791758
    32 3.738597 -2.965120 -0.136397 0.215984 -0.078540 -0.078540
    33 1.884797 0.225917 -3.244098 -0.856219 -0.128452 -1.738723
    34 3.698875 -0.000002 0.000000 0.000000 0.000000 -0.664655
    35 1.884668 0.225917 3.247675 -2.285333 0.128458 -1.738718
    36 3.698877 0.000000 -0.000001 0.000000 0.000000 0.664655
  time 86
    0 4.497977 0.000000 41.699120 1.570800 -1.484503 -0.000004
    1 4.126704 0.000000 0.000000 0.000000 0.000000 -0.029242
    2 3.613468 0.000000 0.000000 0.000000 0.000000 0.100355
    3 9.183784 0.000000 0.000000 0.000000 0.000000 0.194628
    4 3.166100 0.000000 0.000000 3.141591 0.000000 -0.970156
    5 1.734697 -0.000001 0.000000 0.000000 0.000000 -0.422444
    6 1.673222 1.247215 2.595494 1.597167 -1.286515 2.942410
    7 6.028143 -0.000001 0.000000 -1.580047 -0.013594 -0.589175
    8 11.692555 0.000000 0.000001 0.000000 0.000000 -0.767230
    9 12.075547 0.000001 -0.000032 1.497010 0.461745 -0.134837
    10 5.564227 -0.209469 -0.526835 -0.143137 -0.019710 -0.640843
    11 5.508580 -0.000001 -0.000001 0.000000 -0.213723 -1.223992
    12 5.744636 0.209471 0.526837 0.085296 -0.117962 -0.637785
    13 6.052552 0.000000 0.000000 0.000000 -0.280945 -1.217796
    14 3.325015 0.000000 0.000000 0.000000 -0.096001 -1.230572
    15 5.613002 0.274427 1.782151 0.378929 -0.371446 -0.586631
    16 5.643136 0.000001 0.000000 0.000000 -0.192563 -1.225564
    17 3.079116 0.000000 -0.000001 0.000000 -0.064808 -1.231461
    18 1.673230 1.247220 -2.595441 -1.669005 1.286518 2.942401
    19 6.028143 0.000001 0.000000 1.639837 0.053459 -0.587171
    20 11.692555 0.000000 0.000001 0.000000 0.000000 -0.767230
    21 12.075578 -0.000001 0.000003 -1.569752 0.195545 0.020654
    22 5.943745 -0.452102 0.398078 0.147217 0.287840 -0.578718
    23 5.043453 0.000000 0.000000 0.000000 0.530358 -1.175525
    24 4.081745 0.000000 0.000000 0.000000 0.206790 -1.461372
    25 6.213901 0.452095 -0.398078 -0.094865 0.384803 -0.547821
    26 5.536297 -0.000001 0.000000 0.000000 0.618516 -1.150872
    27 3.312719 0.000000 -0.000002 0.000000 0.238651 -1.221912
    28 5.899517 1.061160 -1.488765 -0.397780 0.602637 -0.377010
    29 5.285243 0.000001 0.000000 0.000000 0.597561 -1.157329
    30 3.098848 0.000000 0.000000 0.000000 0.228027 -1.222829
    31 9.573584 0.263878 1.933152 2.803390 -0.068954 1.791758
    32 3.738597 -2.965120 -0.136397 0.215984 -0.078540 -0.078540
    33 1.884797 0.225917 -3.244098 -0.856219 -0.128452 -1.738723
    34 3.698875 -0.000002 0.000000 0.000000 0.000000 -0.664655
    35 1.884668 0.225917 3.247675 -2.285333 0.128458 -1.738718
    36 3.698877 0.000000 -0.000001 0.000000 0.000000 0.664655
  time 87
    0 4.497977 0.000000 41.699120 1.570800 -1.484503 -0.000004
    1 4.126704 0.000000 0.000000 0.000000 0.000000 -0.029242
    2 3.613468 0.000000 0.000000 0.000000 0.000000 0.100355
    3 9.183784 0.000000 0.000000 0.000000 0.000000 0.194628
    4 3.166100 0.000000 0.000000 3.141591 0.000000 -0.970156
    5 1.734697 -0.000001 0.000000 0.000000 0.000000 -0.422444
    6 1.673222 1.247215 2.595494 1.597167 -1.286515 2.942410
    7 6.028143 -0.000001 0.000000 -1.580047 -0.013594 -0.589175
    8 11.692555 0.000000 0.000001 0.000000 0.000000 -0.767230
    9 12.075547 0.000001 -0.000032 1.497010 0.461745 -0.134837
    10 5.564227 -0.209469 -0.526835 -0.143137 -0.019710 -0.640843
    11 5.508580 -0.000001 -0.000001 0.000000 -0.213723 -1.223992
    12 5.744636 0.209471 0.526837 0.085296 -0.117962 -0.637785
    13 6.052552 0.000000 0.000000 0.000000 -0.280945 -1.217796
    14 3.325015 0.000000 0.000000 0.000000 -0.096001 -1.230572
    15 5.613002 0.274427 1.782151 0.378929 -0.371446 -0.586631
    16 5.643136 0.000001 0.000000 0.000000 -0.192563 -1.225564
    17 3.079116 0.000000 -0.000001 0.000000 -0.064808 -1.231461
    18 1.673230 1.247220 -2.595441 -1.669005 1.286518 2.942401
    19 6.028143 0.000001 0.000000 1.639837 0.053459 -0.587171
    20 11.692555 0.000000 0.000001 0.000000 0.000000 -0.767230
    21 12.075578 -0.000001 0.000003 -1.569752 0.195545 0.020654
    22 5.943745 -0.452102 0.398078 0.147217 0.287840 -0.578718
    23 5.043453 0.000000 0.000000 0.000000 0.530358 -1.175525
    24 4.081745 0.000000 0.000000 0.000000 0.206790 -1.461372
    25 6.213901 0.452095 -0.398078 -0.094865 0.384803 -0.547821
    26 5.536297 -0.000001 0.000000 0.000000 0.618516 -1.150872
    27 3.312719 0.000000 -0.000002 0.000000 0.238651 -1.221912
    28 5.899517 1.061160 -1.488765 -0.397780 0.602637 -0.377010
    29 5.285243 0.000001 0.000000 0.000000 0.597561 -1.157329
    30 3.098848 0.000000 0.000000 0.000000 0.228027 -1.222829
    31 9.573584 0.263878 1.933152 2.803390 -0.068954 1.791758
    32 3.738597 -2.965120 -0.136397 0.215984 -0.078540 -0.078540
    33 1.884797 0.225917 -3.244098 -0.856219 -0.128452 -1.738723
    34 3.698875 -0.000002 0.000000 0.000000 0.000000 -0.664655
    35 1.884668 0.225917 3.247675 -2.285333 0.128458 -1.738718
    36 3.698877 0.000000 -0.000001 0.000000 0.000000 0.664655
  time 88
    0 4.497977 0.000000 41.699120 1.570800 -1.484503 -0.000004
    1 4.126704 0.000000 0.000000 0.000000 0.000000 -0.029242
    2 3.613468 0.000000 0.000000 0.000000 0.000000 0.100355
    3 9.183784 0.000000 0.000000 0.000000 0.000000 0.194628
    4 3.166100 0.000000 0.000000 3.141591 0.000000 -0.970156
    5 1.734697 -0.000001 0.000000 0.000000 0.000000 -0.422444
    6 1.673222 1.247215 2.595494 1.597167 -1.286515 2.942410
    7 6.028143 -0.000001 0.000000 -1.580047 -0.013594 -0.589175
    8 11.692555 0.000000 0.000001 0.000000 0.000000 -0.767230
    9 12.075547 0.000001 -0.000032 1.497010 0.461745 -0.134837
    10 5.564227 -0.209469 -0.526835 -0.143137 -0.019710 -0.640843
    11 5.508580 -0.000001 -0.000001 0.000000 -0.213723 -1.223992
    12 5.744636 0.209471 0.526837 0.085296 -0.117962 -0.637785
    13 6.052552 0.000000 0.000000 0.000000 -0.280945 -1.217796
    14 3.325015 0.000000 0.000000 0.000000 -0.096001 -1.230572
    15 5.613002 0.274427 1.782151 0.378929 -0.371446 -0.586631
    16 5.643136 0.000001 0.000000 0.000000 -0.192563 -1.225564
    17 3.079116 0.000000 -0.000001 0.000000 -0.064808 -1.231461
    18 1.673230 1.247220 -2.595441 -1.669005 1.286518 2.942401
    19 6.028143 0.000001 0.000000 1.639837 0.053459 -0.587171
    20 11.692555 0.000000 0.000001 0.000000 0.000000 -0.767230
    21 12.075578 -0.000001 0.000003 -1.569752 0.195545 0.020654
    22 5.943745 -0.452102 0.398078 0.147217 0.287840 -0.578718
    23 5.043453 0.000000 0.000000 0.000000 0.530358 -1.175525
    24 4.081745 0.000000 0.000000 0.000000 0.206790 -1.461372
    25 6.213901 0.452095 -0.398078 -0.094865 0.384803 -0.547821
    26 5.536297 -0.000001 0.000000 0.000000 0.618516 -1.150872
    27 3.312719 0.000000 -0.000002 0.000000 0.238651 -1.221912
    28 5.899517 1.061160 -1.488765 -0.397780 0.602637 -0.377010
    29 5.285243 0.000001 0.000000 0.000000 0.597561 -1.157329
    30 3.098848 0.000000 0.000000 0.000000 0.228027 -1.222829
    31 9.573584 0.263878 1.933152 2.803390 -0.068954 1.791758
    32 3.738597 -2.965120 -0.136397 0.215984 -0.078540 -0.078540
    33 1.884797 0.225917 -3.244098 -0.856219 -0.128452 -1.738723
    34 3.698875 -0.000002 0.000000 0.000000 0.000000 -0.664655
    35 1.884668 0.225917 3.247675 -2.285333 0.128458 -1.738718
    36 3.698877 0.000000 -0.000001 0.000000 0.000000 0.664655
  time 89
    0 4.497977 0.000000 41.699120 1.570800 -1.484503 -0.000004
    1 4.126704 0.000000 0.000000 0.000000 0.000000 -0.029242
    2 3.613468 0.000000 0.000000 0.000000 0.000000 0.100355
    3 9.183784 0.000000 0.000000 0.000000 0.000000 0.194628
    4 3.166100 0.000000 0.000000 3.141591 0.000000 -0.970156
    5 1.734697 -0.000001 0.000000 0.000000 0.000000 -0.422444
    6 1.673222 1.247215 2.595494 1.597167 -1.286515 2.942410
    7 6.028143 -0.000001 0.000000 -1.580047 -0.013594 -0.589175
    8 11.692555 0.000000 0.000001 0.000000 0.000000 -0.767230
    9 12.075547 0.000001 -0.000032 1.497010 0.461745 -0.134837
    10 5.564227 -0.209469 -0.526835 -0.143137 -0.019710 -0.640843
    11 5.508580 -0.000001 -0.000001 0.000000 -0.213723 -1.223992
    12 5.744636 0.209471 0.526837 0.085296 -0.117962 -0.637785
    13 6.052552 0.000000 0.000000 0.000000 -0.280945 -1.217796
    14 3.325015 0.000000 0.000000 0.000000 -0.096001 -1.230572
    15 5.613002 0.274427 1.782151 0.378929 -0.371446 -0.586631
    16 5.643136 0.000001 0.000000 0.000000 -0.192563 -1.225564
    17 3.079116 0.000000 -0.000001 0.000000 -0.064808 -1.231461
    18 1.673230 1.247220 -2.595441 -1.669005 1.286518 2.942401
    19 6.028143 0.000001 0.000000 1.639837 0.053459 -0.587171
    20 11.692555 0.000000 0.000001 0.000000 0.000000 -0.767230
    21 12.075578 -0.000001 0.000003 -1.569752 0.195545 0.020654
    22 5.943745 -0.452102 0.398078 0.147217 0.287840 -0.578718
    23 5.043453 0.000000 0.000000 0.000000 0.530358 -1.175525
    24 4.081745 0.000000 0.000000 0.000000 0.206790 -1.461372
    25 6.213901 0.452095 -0.398078 -0.094865 0.384803 -0.547821
    26 5.536297 -0.000001 0.000000 0.000000 0.618516 -1.150872
    27 3.312719 0.000000 -0.000002 0.000000 0.238651 -1.221912
    28 5.899517 1.061160 -1.488765 -0.397780 0.602637 -0.377010
    29 5.285243 0.000001 0.000000 0.000000 0.597561 -1.157329
    30 3.098848 0.000000 0.000000 0.000000 0.228027 -1.222829
    31 9.573584 0.263878 1.933152 2.803390 -0.068954 1.791758
    32 3.738597 -2.965120 -0.136397 0.215984 -0.078540 -0.078540
    33 1.884797 0.225917 -3.244098 -0.856219 -0.128452 -1.738723
    34 3.698875 -0.000002 0.000000 0.000000 0.000000 -0.664655
    35 1.884668 0.225917 3.247675 -2.285333 0.128458 -1.738718
    36 3.698877 0.000000 -0.000001 0.000000 0.000000 0.664655
  time 90
    0 4.497977 0.000000 41.699120 1.570800 -1.484503 -0.000004
    1 4.126704 0.000000 0.000000 0.000000 0.000000 -0.029242
    2 3.613468 0.000000 0.000000 0.000000 0.000000 0.100355
    3 9.183784 0.000000 0.000000 0.000000 0.000000 0.194628
    4 3.166100 0.000000 0.000000 3.141591 0.000000 -0.970156
    5 1.734697 -0.000001 0.000000 0.000000 0.000000 -0.422444
    6 1.673222 1.247215 2.595494 1.597167 -1.286515 2.942410
    7 6.028143 -0.000001 0.000000 -1.580047 -0.013594 -0.589175
    8 11.692555 0.000000 0.000001 0.000000 0.000000 -0.767230
    9 12.075547 0.000001 -0.000032 1.497010 0.461745 -0.134837
    10 5.564227 -0.209469 -0.526835 -0.143137 -0.019710 -0.640843
    11 5.508580 -0.000001 -0.000001 0.000000 -0.213723 -1.223992
    12 5.744636 0.209471 0.526837 0.085296 -0.117962 -0.637785
    13 6.052552 0.000000 0.000000 0.000000 -0.280945 -1.217796
    14 3.325015 0.000000 0.000000 0.000000 -0.096001 -1.230572
    15 5.613002 0.274427 1.782151 0.378929 -0.371446 -0.586631
    16 5.643136 0.000001 0.000000 0.000000 -0.192563 -1.225564
    17 3.079116 0.000000 -0.000001 0.000000 -0.064808 -1.231461
    18 1.673230 1.247220 -2.595441 -1.669005 1.286518 2.942401
    19 6.028143 0.000001 0.000000 1.639837 0.053459 -0.587171
    20 11.692555 0.000000 0.000001 0.000000 0.000000 -0.767230
    21 12.075578 -0.000001 0.000003 -1.569752 0.195545 0.020654
    22 5.943745 -0.452102 0.398078 0.147217 0.287840 -0.578718
    23 5.043453 0.000000 0.000000 0.000000 0.530358 -1.175525
    24 4.081745 0.000000 0.000000 0.000000 0.206790 -1.461372
    25 6.213901 0.452095 -0.398078 -0.094865 0.384803 -0.547821
    26 5.536297 -0.000001 0.000000 0.000000 0.618516 -1.150872
    27 3.312719 0.000000 -0.000002 0.000000 0.238651 -1.221912
    28 5.899517 1.061160 -1.488765 -0.397780 0.602637 -0.377010
    29 5.285243 0.000001 0.000000 0.000000 0.597561 -1.157329
    30 3.098848 0.000000 0.000000 0.000000 0.228027 -1.222829
    31 9.573584 0.263878 1.933152 2.803390 -0.068954 1.791758
    32 3.738597 -2.965120 -0.136397 0.215984 -0.078540 -0.078540
    33 1.884797 0.225917 -3.244098 -0.856219 -0.128452 -1.738723
    34 3.698875 -0.000002 0.000000 0.000000 0.000000 -0.664655
    35 1.884668 0.225917 3.247675 -2.285333 0.128458 -1.738718
    36 3.698877 0.000000 -0.000001 0.000000 0.000000 0.664655
  time 91
    0 4.497977 0.000000 41.699120 1.570800 -1.484503 -0.000004
    1 4.126704 0.000000 0.000000 0.000000 0.000000 -0.029242
    2 3.613468 0.000000 0.000000 0.000000 0.000000 0.100355
    3 9.183784 0.000000 0.000000 0.000000 0.000000 0.194628
    4 3.166100 0.000000 0.000000 3.141591 0.000000 -0.970156
    5 1.734697 -0.000001 0.000000 0.000000 0.000000 -0.422444
    6 1.673222 1.247215 2.595494 1.597167 -1.286515 2.942410
    7 6.028143 -0.000001 0.000000 -1.580047 -0.013594 -0.589175
    8 11.692555 0.000000 0.000001 0.000000 0.000000 -0.767230
    9 12.075547 0.000001 -0.000032 1.497010 0.461745 -0.134837
    10 5.564227 -0.209469 -0.526835 -0.143137 -0.019710 -0.640843
    11 5.508580 -0.000001 -0.000001 0.000000 -0.213723 -1.223992
    12 5.744636 0.209471 0.526837 0.085296 -0.117962 -0.637785
    13 6.052552 0.000000 0.000000 0.000000 -0.280945 -1.217796
    14 3.325015 0.000000 0.000000 0.000000 -0.096001 -1.230572
    15 5.613002 0.274427 1.782151 0.378929 -0.371446 -0.586631
    16 5.643136 0.000001 0.000000 0.000000 -0.192563 -1.225564
    17 3.079116 0.000000 -0.000001 0.000000 -0.064808 -1.231461
    18 1.673230 1.247220 -2.595441 -1.669005 1.286518 2.942401
    19 6.028143 0.000001 0.000000 1.639837 0.053459 -0.587171
    20 11.692555 0.000000 0.000001 0.000000 0.000000 -0.767230
    21 12.075578 -0.000001 0.000003 -1.569752 0.195545 0.020654
    22 5.943745 -0.452102 0.398078 0.147217 0.287840 -0.578718
    23 5.043453 0.000000 0.000000 0.000000 0.530358 -1.175525
    24 4.081745 0.000000 0.000000 0.000000 0.206790 -1.461372
    25 6.213901 0.452095 -0.398078 -0.094865 0.384803 -0.547821
    26 5.536297 -0.000001 0.000000 0.000000 0.618516 -1.150872
    27 3.312719 0.000000 -0.000002 0.000000 0.238651 -1.221912
    28 5.899517 1.061160 -1.488765 -0.397780 0.602637 -0.377010
    29 5.285243 0.000001 0.000000 0.000000 0.597561 -1.157329
    30 3.098848 0.000000 0.000000 0.000000 0.228027 -1.222829
    31 9.573584 0.263878 1.933152 2.803390 -0.068954 1.791758
    32 3.738597 -2.965120 -0.136397 0.215984 -0.078540 -0.078540
    33 1.884797 0.225917 -3.244098 -0.856219 -0.128452 -1.738723
    34 3.698875 -0.000002 0.000000 0.000000 0.000000 -0.664655
    35 1.884668 0.225917 3.247675 -2.285333 0.128458 -1.738718
    36 3.698877 0.000000 -0.000001 0.000000 0.000000 0.664655
  time 92
    0 4.497977 0.000000 41.699120 1.570800 -1.484503 -0.000004
    1 4.126704 0.000000 0.000000 0.000000 0.000000 -0.029242
    2 3.613468 0.000000 0.000000 0.000000 0.000000 0.100355
    3 9.183784 0.000000 0.000000 0.000000 0.000000 0.194628
    4 3.166100 0.000000 0.000000 3.141591 0.000000 -0.970156
    5 1.734697 -0.000001 0.000000 0.000000 0.000000 -0.422444
    6 1.673222 1.247215 2.595494 1.597167 -1.286515 2.942410
    7 6.028143 -0.000001 0.000000 -1.580047 -0.013594 -0.589175
    8 11.692555 0.000000 0.000001 0.000000 0.000000 -0.767230
    9 12.075547 0.000001 -0.000032 1.497010 0.461745 -0.134837
    10 5.564227 -0.209469 -0.526835 -0.143137 -0.019710 -0.640843
    11 5.508580 -0.000001 -0.000001 0.000000 -0.213723 -1.223992
    12 5.744636 0.209471 0.526837 0.085296 -0.117962 -0.637785
    13 6.052552 0.000000 0.000000 0.000000 -0.280945 -1.217796
    14 3.325015 0.000000 0.000000 0.000000 -0.096001 -1.230572
    15 5.613002 0.274427 1.782151 0.378929 -0.371446 -0.586631
    16 5.643136 0.000001 0.000000 0.000000 -0.192563 -1.225564
    17 3.079116 0.000000 -0.000001 0.000000 -0.064808 -1.231461
    18 1.673230 1.247220 -2.595441 -1.669005 1.286518 2.942401
    19 6.028143 0.000001 0.000000 1.639837 0.053459 -0.587171
    20 11.692555 0.000000 0.000001 0.000000 0.000000 -0.767230
    21 12.075578 -0.000001 0.000003 -1.569752 0.195545 0.020654
    22 5.943745 -0.452102 0.398078 0.147217 0.287840 -0.578718
    23 5.043453 0.000000 0.000000 0.000000 0.530358 -1.175525
    24 4.081745 0.000000 0.000000 0.000000 0.206790 -1.461372
    25 6.213901 0.452095 -0.398078 -0.094865 0.384803 -0.547821
    26 5.536297 -0.000001 0.000000 0.000000 0.618516 -1.150872
    27 3.312719 0.000000 -0.000002 0.000000 0.238651 -1.221912
    28 5.899517 1.061160 -1.488765 -0.397780 0.602637 -0.377010
    29 5.285243 0.000001 0.000000 0.000000 0.597561 -1.157329
    30 3.098848 0.000000 0.000000 0.000000 0.228027 -1.222829
    31 9.573584 0.263878 1.933152 2.803390 -0.068954 1.791758
    32 3.738597 -2.965120 -0.136397 0.215984 -0.078540 -0.078540
    33 1.884797 0.225917 -3.244098 -0.856219 -0.128452 -1.738723
    34 3.698875 -0.000002 0.000000 0.000000 0.000000 -0.664655
    35 1.884668 0.225917 3.247675 -2.285333 0.128458 -1.738718
    36 3.698877 0.000000 -0.000001 0.000000 0.000000 0.664655
  time 93
    0 4.497977 0.000000 41.699120 1.570800 -1.484503 -0.000004
    1 4.126704 0.000000 0.000000 0.000000 0.000000 -0.029242
    2 3.613468 0.000000 0.000000 0.000000 0.000000 0.100355
    3 9.183784 0.000000 0.000000 0.000000 0.000000 0.194628
    4 3.166100 0.000000 0.000000 3.141591 0.000000 -0.970156
    5 1.734697 -0.000001 0.000000 0.000000 0.000000 -0.422444
    6 1.673222 1.247215 2.595494 1.597167 -1.286515 2.942410
    7 6.028143 -0.000001 0.000000 -1.580047 -0.013594 -0.589175
    8 11.692555 0.000000 0.000001 0.000000 0.000000 -0.767230
    9 12.075547 0.000001 -0.000032 1.497010 0.461745 -0.134837
    10 5.564227 -0.209469 -0.526835 -0.143137 -0.019710 -0.640843
    11 5.508580 -0.000001 -0.000001 0.000000 -0.213723 -1.223992
    12 5.744636 0.209471 0.526837 0.085296 -0.117962 -0.637785
    13 6.052552 0.000000 0.000000 0.000000 -0.280945 -1.217796
    14 3.325015 0.000000 0.000000 0.000000 -0.096001 -1.230572
    15 5.613002 0.274427 1.782151 0.378929 -0.371446 -0.586631
    16 5.643136 0.000001 0.000000 0.000000 -0.192563 -1.225564
    17 3.079116 0.000000 -0.000001 0.000000 -0.064808 -1.231461
    18 1.673230 1.247220 -2.595441 -1.669005 1.286518 2.942401
    19 6.028143 0.000001 0.000000 1.639837 0.053459 -0.587171
    20 11.692555 0.000000 0.000001 0.000000 0.000000 -0.767230
    21 12.075578 -0.000001 0.000003 -1.569752 0.195545 0.020654
    22 5.943745 -0.452102 0.398078 0.147217 0.287840 -0.578718
    23 5.043453 0.000000 0.000000 0.000000 0.530358 -1.175525
    24 4.081745 0.000000 0.000000 0.000000 0.206790 -1.461372
    25 6.213901 0.452095 -0.398078 -0.094865 0.384803 -0.547821
    26 5.536297 -0.000001 0.000000 0.000000 0.618516 -1.150872
    27 3.312719 0.000000 -0.000002 0.000000 0.238651 -1.221912
    28 5.899517 1.061160 -1.488765 -0.397780 0.602637 -0.377010
    29 5.285243 0.000001 0.000000 0.000000 0.597561 -1.157329
    30 3.098848 0.000000 0.000000 0.000000 0.228027 -1.222829
    31 9.573584 0.263878 1.933152 2.803390 -0.068954 1.791758
    32 3.738597 -2.965120 -0.136397 0.215984 -0.078540 -0.078540
    33 1.884797 0.225917 -3.244098 -0.856219 -0.128452 -1.738723
    34 3.698875 -0.000002 0.000000 0.000000 0.000000 -0.664655
    35 1.884668 0.225917 3.247675 -2.285333 0.128458 -1.738718
    36 3.698877 0.000000 -0.000001 0.000000 0.000000 0.664655
  time 94
    0 4.497977 0.000000 41.699120 1.570800 -1.484503 -0.000004
    1 4.126704 0.000000 0.000000 0.000000 0.000000 -0.029242
    2 3.613468 0.000000 0.000000 0.000000 0.000000 0.100355
    3 9.183784 0.000000 0.000000 0.000000 0.000000 0.194628
    4 3.166100 0.000000 0.000000 3.141591 0.000000 -0.970156
    5 1.734697 -0.000001 0.000000 0.000000 0.000000 -0.422444
    6 1.673222 1.247215 2.595494 1.597167 -1.286515 2.942410
    7 6.028143 -0.000001 0.000000 -1.580047 -0.013594 -0.589175
    8 11.692555 0.000000 0.000001 0.000000 0.000000 -0.767230
    9 12.075547 0.000001 -0.000032 1.497010 0.461745 -0.134837
    10 5.564227 -0.209469 -0.526835 -0.143137 -0.019710 -0.640843
    11 5.508580 -0.000001 -0.000001 0.000000 -0.213723 -1.223992
    12 5.744636 0.209471 0.526837 0.085296 -0.117962 -0.637785
    13 6.052552 0.000000 0.000000 0.000000 -0.280945 -1.217796
    14 3.325015 0.000000 0.000000 0.000000 -0.096001 -1.230572
    15 5.613002 0.274427 1.782151 0.378929 -0.371446 -0.586631
    16 5.643136 0.000001 0.000000 0.000000 -0.192563 -1.225564
    17 3.079116 0.000000 -0.000001 0.000000 -0.064808 -1.231461
    18 1.673230 1.247220 -2.595441 -1.669005 1.286518 2.942401
    19 6.028143 0.000001 0.000000 1.639837 0.053459 -0.587171
    20 11.692555 0.000000 0.000001 0.000000 0.000000 -0.767230
    21 12.075578 -0.000001 0.000003 -1.569752 0.195545 0.020654
    22 5.943745 -0.452102 0.398078 0.147217 0.287840 -0.578718
    23 5.043453 0.000000 0.000000 0.000000 0.530358 -1.175525
    24 4.081745 0.000000 0.000000 0.000000 0.206790 -1.461372
    25 6.213901 0.452095 -0.398078 -0.094865 0.384803 -0.547821
    26 5.536297 -0.000001 0.000000 0.000000 0.618516 -1.150872
    27 3.312719 0.000000 -0.000002 0.000000 0.238651 -1.221912
    28 5.899517 1.061160 -1.488765 -0.397780 0.602637 -0.377010
    29 5.285243 0.000001 0.000000 0.000000 0.597561 -1.157329
    30 3.098848 0.000000 0.000000 0.000000 0.228027 -1.222829
    31 9.573584 0.263878 1.933152 2.803390 -0.068954 1.791758
    32 3.738597 -2.965120 -0.136397 0.215984 -0.078540 -0.078540
    33 1.884797 0.225917 -3.244098 -0.856219 -0.128452 -1.738723
    34 3.698875 -0.000002 0.000000 0.000000 0.000000 -0.664655
    35 1.884668 0.225917 3.247675 -2.285333 0.128458 -1.738718
    36 3.698877 0.000000 -0.000001 0.000000 0.000000 0.664655
  time 95
    0 4.497977 0.000000 41.699120 1.570800 -1.484503 -0.000004
    1 4.126704 0.000000 0.000000 0.000000 0.000000 -0.029242
    2 3.613468 0.000000 0.000000 0.000000 0.000000 0.100355
    3 9.183784 0.000000 0.000000 0.000000 0.000000 0.194628
    4 3.166100 0.000000 0.000000 3.141591 0.000000 -0.970156
    5 1.734697 -0.000001 0.000000 0.000000 0.000000 -0.422444
    6 1.673222 1.247215 2.595494 1.597167 -1.286515 2.942410
    7 6.028143 -0.000001 0.000000 -1.580047 -0.013594 -0.589175
    8 11.692555 0.000000 0.000001 0.000000 0.000000 -0.767230
    9 12.075547 0.000001 -0.000032 1.497010 0.461745 -0.134837
    10 5.564227 -0.209469 -0.526835 -0.143137 -0.019710 -0.640843
    11 5.508580 -0.000001 -0.000001 0.000000 -0.213723 -1.223992
    12 5.744636 0.209471 0.526837 0.085296 -0.117962 -0.637785
    13 6.052552 0.000000 0.000000 0.000000 -0.280945 -1.217796
    14 3.325015 0.000000 0.000000 0.000000 -0.096001 -1.230572
    15 5.613002 0.274427 1.782151 0.378929 -0.371446 -0.586631
    16 5.643136 0.000001 0.000000 0.000000 -0.192563 -1.225564
    17 3.079116 0.000000 -0.000001 0.000000 -0.064808 -1.231461
    18 1.673230 1.247220 -2.595441 -1.669005 1.286518 2.942401
    19 6.028143 0.000001 0.000000 1.639837 0.053459 -0.587171
    20 11.692555 0.000000 0.000001 0.000000 0.000000 -0.767230
    21 12.075578 -0.000001 0.000003 -1.569752 0.195545 0.020654
    22 5.943745 -0.452102 0.398078 0.147217 0.287840 -0.578718
    23 5.043453 0.000000 0.000000 0.000000 0.530358 -1.175525
    24 4.081745 0.000000 0.000000 0.000000 0.206790 -1.461372
    25 6.213901 0.452095 -0.398078 -0.094865 0.384803 -0.547821
    26 5.536297 -0.000001 0.000000 0.000000 0.618516 -1.150872
    27 3.312719 0.000000 -0.000002 0.000000 0.238651 -1.221912
    28 5.899517 1.061160 -1.488765 -0.397780 0.602637 -0.377010
    29 5.285243 0.000001 0.000000 0.000000 0.597561 -1.157329
    30 3.098848 0.000000 0.000000 0.000000 0.228027 -1.222829
    31 9.573584 0.263878 1.933152 2.803390 -0.068954 1.791758
    32 3.738597 -2.965120 -0.136397 0.215984 -0.078540 -0.078540
    33 1.884797 0.225917 -3.244098 -0.856219 -0.128452 -1.738723
    34 3.698875 -0.000002 0.000000 0.000000 0.000000 -0.664655
    35 1.884668 0.225917 3.247675 -2.285333 0.128458 -1.738718
    36 3.698877 0.000000 -0.000001 0.000000 0.000000 0.664655
  time 96
    0 4.497977 0.000000 41.699120 1.570800 -1.484503 -0.000004
    1 4.126704 0.000000 0.000000 0.000000 0.000000 -0.029242
    2 3.613468 0.000000 0.000000 0.000000 0.000000 0.100355
    3 9.183784 0.000000 0.000000 0.000000 0.000000 0.194628
    4 3.166100 0.000000 0.000000 3.141591 0.000000 -0.970156
    5 1.734697 -0.000001 0.000000 0.000000 0.000000 -0.422444
    6 1.673222 1.247215 2.595494 1.597167 -1.286515 2.942410
    7 6.028143 -0.000001 0.000000 -1.580047 -0.013594 -0.589175
    8 11.692555 0.000000 0.000001 0.000000 0.000000 -0.767230
    9 12.075547 0.000001 -0.000032 1.497010 0.461745 -0.134837
    10 5.564227 -0.209469 -0.526835 -0.143137 -0.019710 -0.640843
    11 5.508580 -0.000001 -0.000001 0.000000 -0.213723 -1.223992
    12 5.744636 0.209471 0.526837 0.085296 -0.117962 -0.637785
    13 6.052552 0.000000 0.000000 0.000000 -0.280945 -1.217796
    14 3.325015 0.000000 0.000000 0.000000 -0.096001 -1.230572
    15 5.613002 0.274427 1.782151 0.378929 -0.371446 -0.586631
    16 5.643136 0.000001 0.000000 0.000000 -0.192563 -1.225564
    17 3.079116 0.000000 -0.000001 0.000000 -0.064808 -1.231461
    18 1.673230 1.247220 -2.595441 -1.669005 1.286518 2.942401
    19 6.028143 0.000001 0.000000 1.639837 0.053459 -0.587171
    20 11.692555 0.000000 0.000001 0.000000 0.000000 -0.767230
    21 12.075578 -0.000001 0.000003 -1.569752 0.195545 0.020654
    22 5.943745 -0.452102 0.398078 0.147217 0.287840 -0.578718
    23 5.043453 0.000000 0.000000 0.000000 0.530358 -1.175525
    24 4.081745 0.000000 0.000000 0.000000 0.206790 -1.461372
    25 6.213901 0.452095 -0.398078 -0.094865 0.384803 -0.547821
    26 5.536297 -0.000001 0.000000 0.000000 0.618516 -1.150872
    27 3.312719 0.000000 -0.000002 0.000000 0.238651 -1.221912
    28 5.899517 1.061160 -1.488765 -0.397780 0.602637 -0.377010
    29 5.285243 0.000001 0.000000 0.000000 0.597561 -1.157329
    30 3.098848 0.000000 0.000000 0.000000 0.228027 -1.222829
    31 9.573584 0.263878 1.933152 2.803390 -0.068954 1.791758
    32 3.738597 -2.965120 -0.136397 0.215984 -0.078540 -0.078540
    33 1.884797 0.225917 -3.244098 -0.856219 -0.128452 -1.738723
    34 3.698875 -0.000002 0.000000 0.000000 0.000000 -0.664655
    35 1.884668 0.225917 3.247675 -2.285333 0.128458 -1.738718
    36 3.698877 0.000000 -0.000001 0.000000 0.000000 0.664655
  time 97
    0 4.497977 0.000000 41.699120 1.570800 -1.484503 -0.000004
    1 4.126704 0.000000 0.000000 0.000000 0.000000 -0.029242
    2 3.613468 0.000000 0.000000 0.000000 0.000000 0.100355
    3 9.183784 0.000000 0.000000 0.000000 0.000000 0.194628
    4 3.166100 0.000000 0.000000 3.141591 0.000000 -0.970156
    5 1.734697 -0.000001 0.000000 0.000000 0.000000 -0.422444
    6 1.673222 1.247215 2.595494 1.597167 -1.286515 2.942410
    7 6.028143 -0.000001 0.000000 -1.580047 -0.013594 -0.589175
    8 11.692555 0.000000 0.000001 0.000000 0.000000 -0.767230
    9 12.075547 0.000001 -0.000032 1.497010 0.461745 -0.134837
    10 5.564227 -0.209469 -0.526835 -0.143137 -0.019710 -0.640843
    11 5.508580 -0.000001 -0.000001 0.000000 -0.213723 -1.223992
    12 5.744636 0.209471 0.526837 0.085296 -0.117962 -0.637785
    13 6.052552 0.000000 0.000000 0.000000 -0.280945 -1.217796
    14 3.325015 0.000000 0.000000 0.000000 -0.096001 -1.230572
    15 5.613002 0.274427 1.782151 0.378929 -0.371446 -0.586631
    16 5.643136 0.000001 0.000000 0.000000 -0.192563 -1.225564
    17 3.079116 0.000000 -0.000001 0.000000 -0.064808 -1.231461
    18 1.673230 1.247220 -2.595441 -1.669005 1.286518 2.942401
    19 6.028143 0.000001 0.000000 1.639837 0.053459 -0.587171
    20 11.692555 0.000000 0.000001 0.000000 0.000000 -0.767230
    21 12.075578 -0.000001 0.000003 -1.569752 0.195545 0.020654
    22 5.943745 -0.452102 0.398078 0.147217 0.287840 -0.578718
    23 5.043453 0.000000 0.000000 0.000000 0.530358 -1.175525
    24 4.081745 0.000000 0.000000 0.000000 0.206790 -1.461372
    25 6.213901 0.452095 -0.398078 -0.094865 0.384803 -0.547821
    26 5.536297 -0.000001 0.000000 0.000000 0.618516 -1.150872
    27 3.312719 0.000000 -0.000002 0.000000 0.238651 -1.221912
    28 5.899517 1.061160 -1.488765 -0.397780 0.602637 -0.377010
    29 5.285243 0.000001 0.000000 0.000000 0.597561 -1.157329
    30 3.098848 0.000000 0.000000 0.000000 0.228027 -1.222829
    31 9.573584 0.263878 1.933152 2.803390 -0.068954 1.791758
    32 3.738597 -2.965120 -0.136397 0.215984 -0.078540 -0.078540
    33 1.884797 0.225917 -3.244098 -0.856219 -0.128452 -1.738723
    34 3.698875 -0.000002 0.000000 0.000000 0.000000 -0.664655
    35 1.884668 0.225917 3.247675 -2.285333 0.128458 -1.738718
    36 3.698877 0.000000 -0.000001 0.000000 0.000000 0.664655
  time 98
    0 4.497977 0.000000 41.699120 1.570800 -1.484503 -0.000004
    1 4.126704 0.000000 0.000000 0.000000 0.000000 -0.029242
    2 3.613468 0.000000 0.000000 0.000000 0.000000 0.100355
    3 9.183784 0.000000 0.000000 0.000000 0.000000 0.194628
    4 3.166100 0.000000 0.000000 3.141591 0.000000 -0.970156
    5 1.734697 -0.000001 0.000000 0.000000 0.000000 -0.422444
    6 1.673222 1.247215 2.595494 1.597167 -1.286515 2.942410
    7 6.028143 -0.000001 0.000000 -1.580047 -0.013594 -0.589175
    8 11.692555 0.000000 0.000001 0.000000 0.000000 -0.767230
    9 12.075547 0.000001 -0.000032 1.497010 0.461745 -0.134837
    10 5.564227 -0.209469 -0.526835 -0.143137 -0.019710 -0.640843
    11 5.508580 -0.000001 -0.000001 0.000000 -0.213723 -1.223992
    12 5.744636 0.209471 0.526837 0.085296 -0.117962 -0.637785
    13 6.052552 0.000000 0.000000 0.000000 -0.280945 -1.217796
    14 3.325015 0.000000 0.000000 0.000000 -0.096001 -1.230572
    15 5.613002 0.274427 1.782151 0.378929 -0.371446 -0.586631
    16 5.643136 0.000001 0.000000 0.000000 -0.192563 -1.225564
    17 3.079116 0.000000 -0.000001 0.000000 -0.064808 -1.231461
    18 1.673230 1.247220 -2.595441 -1.669005 1.286518 2.942401
    19 6.028143 0.000001 0.000000 1.639837 0.053459 -0.587171
    20 11.692555 0.000000 0.000001 0.000000 0.000000 -0.767230
    21 12.075578 -0.000001 0.000003 -1.569752 0.195545 0.020654
    22 5.943745 -0.452102 0.398078 0.147217 0.287840 -0.578718
    23 5.043453 0.000000 0.000000 0.000000 0.530358 -1.175525
    24 4.081745 0.000000 0.000000 0.000000 0.206790 -1.461372
    25 6.213901 0.452095 -0.398078 -0.094865 0.384803 -0.547821
    26 5.536297 -0.000001 0.000000 0.000000 0.618516 -1.150872
    27 3.312719 0.000000 -0.000002 0.000000 0.238651 -1.221912
    28 5.899517 1.061160 -1.488765 -0.397780 0.602637 -0.377010
    29 5.285243 0.000001 0.000000 0.000000 0.597561 -1.157329
    30 3.098848 0.000000 0.000000 0.000000 0.228027 -1.222829
    31 9.573584 0.263878 1.933152 2.803390 -0.068954 1.791758
    32 3.738597 -2.965120 -0.136397 0.215984 -0.078540 -0.078540
    33 1.884797 0.225917 -3.244098 -0.856219 -0.128452 -1.738723
    34 3.698875 -0.000002 0.000000 0.000000 0.000000 -0.664655
    35 1.884668 0.225917 3.247675 -2.285333 0.128458 -1.738718
    36 3.698877 0.000000 -0.000001 0.000000 0.000000 0.664655
  time 99
    0 4.497977 0.000000 41.699120 1.570800 -1.484503 -0.000004
    1 4.126704 0.000000 0.000000 0.000000 0.000000 -0.029242
    2 3.613468 0.000000 0.000000 0.000000 0.000000 0.100355
    3 9.183784 0.000000 0.000000 0.000000 0.000000 0.194628
    4 3.166100 0.000000 0.000000 3.141591 0.000000 -0.970156
    5 1.734697 -0.000001 0.000000 0.000000 0.000000 -0.422444
    6 1.673222 1.247215 2.595494 1.597167 -1.286515 2.942410
    7 6.028143 -0.000001 0.000000 -1.580047 -0.013594 -0.589175
    8 11.692555 0.000000 0.000001 0.000000 0.000000 -0.767230
    9 12.075547 0.000001 -0.000032 1.497010 0.461745 -0.134837
    10 5.564227 -0.209469 -0.526835 -0.143137 -0.019710 -0.640843
    11 5.508580 -0.000001 -0.000001 0.000000 -0.213723 -1.223992
    12 5.744636 0.209471 0.526837 0.085296 -0.117962 -0.637785
    13 6.052552 0.000000 0.000000 0.000000 -0.280945 -1.217796
    14 3.325015 0.000000 0.000000 0.000000 -0.096001 -1.230572
    15 5.613002 0.274427 1.782151 0.378929 -0.371446 -0.586631
    16 5.643136 0.000001 0.000000 0.000000 -0.192563 -1.225564
    17 3.079116 0.000000 -0.000001 0.000000 -0.064808 -1.231461
    18 1.673230 1.247220 -2.595441 -1.669005 1.286518 2.942401
    19 6.028143 0.000001 0.000000 1.639837 0.053459 -0.587171
    20 11.692555 0.000000 0.000001 0.000000 0.000000 -0.767230
    21 12.075578 -0.000001 0.000003 -1.569752 0.195545 0.020654
    22 5.943745 -0.452102 0.398078 0.147217 0.287840 -0.578718
    23 5.043453 0.000000 0.000000 0.000000 0.530358 -1.175525
    24 4.081745 0.000000 0.000000 0.000000 0.206790 -1.461372
    25 6.213901 0.452095 -0.398078 -0.094865 0.384803 -0.547821
    26 5.536297 -0.000001 0.000000 0.000000 0.618516 -1.150872
    27 3.312719 0.000000 -0.000002 0.000000 0.238651 -1.221912
    28 5.899517 1.061160 -1.488765 -0.397780 0.602637 -0.377010
    29 5.285243 0.000001 0.000000 0.000000 0.597561 -1.157329
    30 3.098848 0.000000 0.000000 0.000000 0.228027 -1.222829
    31 9.573584 0.263878 1.933152 2.803390 -0.068954 1.791758
    32 3.738597 -2.965120 -0.136397 0.215984 -0.078540 -0.078540
    33 1.884797 0.225917 -3.244098 -0.856219 -0.128452 -1.738723
    34 3.698875 -0.000002 0.000000 0.000000 0.000000 -0.664655
    35 1.884668 0.225917 3.247675 -2.285333 0.128458 -1.738718
    36 3.698877 0.000000 -0.000001 0.000000 0.000000 0.664655
  time 100
    0 4.497977 0.000000 41.699120 1.570800 -1.484503 -0.000004
    1 4.126704 0.000000 0.000000 0.000000 0.000000 -0.029242
    2 3.613468 0.000000 0.000000 0.000000 0.000000 0.100355
    3 9.183784 0.000000 0.000000 0.000000 0.000000 0.194628
    4 3.166100 0.000000 0.000000 3.141591 0.000000 -0.970156
    5 1.734697 -0.000001 0.000000 0.000000 0.000000 -0.422444
    6 1.673222 1.247215 2.595494 1.597167 -1.286515 2.942410
    7 6.028143 -0.000001 0.000000 -1.580047 -0.013594 -0.589175
    8 11.692555 0.000000 0.000001 0.000000 0.000000 -0.767230
    9 12.075547 0.000001 -0.000032 1.497010 0.461745 -0.134837
    10 5.564227 -0.209469 -0.526835 -0.143137 -0.019710 -0.640843
    11 5.508580 -0.000001 -0.000001 0.000000 -0.213723 -1.223992
    12 5.744636 0.209471 0.526837 0.085296 -0.117962 -0.637785
    13 6.052552 0.000000 0.000000 0.000000 -0.280945 -1.217796
    14 3.325015 0.000000 0.000000 0.000000 -0.096001 -1.230572
    15 5.613002 0.274427 1.782151 0.378929 -0.371446 -0.586631
    16 5.643136 0.000001 0.000000 0.000000 -0.192563 -1.225564
    17 3.079116 0.000000 -0.000001 0.000000 -0.064808 -1.231461
    18 1.673230 1.247220 -2.595441 -1.669005 1.286518 2.942401
    19 6.028143 0.000001 0.000000 1.639837 0.053459 -0.587171
    20 11.692555 0.000000 0.000001 0.000000 0.000000 -0.767230
    21 12.075578 -0.000001 0.000003 -1.569752 0.195545 0.020654
    22 5.943745 -0.452102 0.398078 0.147217 0.287840 -0.578718
    23 5.043453 0.000000 0.000000 0.000000 0.530358 -1.175525
    24 4.081745 0.000000 0.000000 0.000000 0.206790 -1.461372
    25 6.213901 0.452095 -0.398078 -0.094865 0.384803 -0.547821
    26 5.536297 -0.000001 0.000000 0.000000 0.618516 -1.150872
    27 3.312719 0.000000 -0.000002 0.000000 0.238651 -1.221912
    28 5.899517 1.061160 -1.488765 -0.397780 0.602637 -0.377010
    29 5.285243 0.000001 0.000000 0.000000 0.597561 -1.157329
    30 3.098848 0.000000 0.000000 0.000000 0.228027 -1.222829
    31 9.573584 0.263878 1.933152 2.803390 -0.068954 1.791758
    32 3.738597 -2.965120 -0.136397 0.215984 -0.078540 -0.078540
    33 1.884797 0.225917 -3.244098 -0.856219 -0.128452 -1.738723
    34 3.698875 -0.000002 0.000000 0.000000 0.000000 -0.664655
    35 1.884668 0.225917 3.247675 -2.285333 0.128458 -1.738718
    36 3.698877 0.000000 -0.000001 0.000000 0.000000 0.664655
  time 101
    0 4.497977 0.000000 41.699120 1.570800 -1.484503 -0.000004
    1 4.126704 0.000000 0.000000 0.000000 0.000000 -0.029242
    2 3.613468 0.000000 0.000000 0.000000 0.000000 0.100355
    3 9.183784 0.000000 0.000000 0.000000 0.000000 0.194628
    4 3.166100 0.000000 0.000000 3.141591 0.000000 -0.970156
    5 1.734697 -0.000001 0.000000 0.000000 0.000000 -0.422444
    6 1.673222 1.247215 2.595494 1.597167 -1.286515 2.942410
    7 6.028143 -0.000001 0.000000 -1.580047 -0.013594 -0.589175
    8 11.692555 0.000000 0.000001 0.000000 0.000000 -0.767230
    9 12.075547 0.000001 -0.000032 1.497010 0.461745 -0.134837
    10 5.564227 -0.209469 -0.526835 -0.143137 -0.019710 -0.640843
    11 5.508580 -0.000001 -0.000001 0.000000 -0.213723 -1.223992
    12 5.744636 0.209471 0.526837 0.085296 -0.117962 -0.637785
    13 6.052552 0.000000 0.000000 0.000000 -0.280945 -1.217796
    14 3.325015 0.000000 0.000000 0.000000 -0.096001 -1.230572
    15 5.613002 0.274427 1.782151 0.378929 -0.371446 -0.586631
    16 5.643136 0.000001 0.000000 0.000000 -0.192563 -1.225564
    17 3.079116 0.000000 -0.000001 0.000000 -0.064808 -1.231461
    18 1.673230 1.247220 -2.595441 -1.669005 1.286518 2.942401
    19 6.028143 0.000001 0.000000 1.639837 0.053459 -0.587171
    20 11.692555 0.000000 0.000001 0.000000 0.000000 -0.767230
    21 12.075578 -0.000001 0.000003 -1.569752 0.195545 0.020654
    22 5.943745 -0.452102 0.398078 0.147217 0.287840 -0.578718
    23 5.043453 0.000000 0.000000 0.000000 0.530358 -1.175525
    24 4.081745 0.000000 0.000000 0.000000 0.206790 -1.461372
    25 6.213901 0.452095 -0.398078 -0.094865 0.384803 -0.547821
    26 5.536297 -0.000001 0.000000 0.000000 0.618516 -1.150872
    27 3.312719 0.000000 -0.000002 0.000000 0.238651 -1.221912
    28 5.899517 1.061160 -1.488765 -0.397780 0.602637 -0.377010
    29 5.285243 0.000001 0.000000 0.000000 0.597561 -1.157329
    30 3.098848 0.000000 0.000000 0.000000 0.228027 -1.222829
    31 9.573584 0.263878 1.933152 2.803390 -0.068954 1.791758
    32 3.738597 -2.965120 -0.136397 0.215984 -0.078540 -0.078540
    33 1.884797 0.225917 -3.244098 -0.856219 -0.128452 -1.738723
    34 3.698875 -0.000002 0.000000 0.000000 0.000000 -0.664655
    35 1.884668 0.225917 3.247675 -2.285333 0.128458 -1.738718
    36 3.698877 0.000000 -0.000001 0.000000 0.000000 0.664655
  time 102
    0 4.497977 0.000000 41.699120 1.570800 -1.484503 -0.000004
    1 4.126704 0.000000 0.000000 0.000000 0.000000 -0.029242
    2 3.613468 0.000000 0.000000 0.000000 0.000000 0.100355
    3 9.183784 0.000000 0.000000 0.000000 0.000000 0.194628
    4 3.166100 0.000000 0.000000 3.141591 0.000000 -0.970156
    5 1.734697 -0.000001 0.000000 0.000000 0.000000 -0.422444
    6 1.673222 1.247215 2.595494 1.597167 -1.286515 2.942410
    7 6.028143 -0.000001 0.000000 -1.580047 -0.013594 -0.589175
    8 11.692555 0.000000 0.000001 0.000000 0.000000 -0.767230
    9 12.075547 0.000001 -0.000032 1.497010 0.461745 -0.134837
    10 5.564227 -0.209469 -0.526835 -0.143137 -0.019710 -0.640843
    11 5.508580 -0.000001 -0.000001 0.000000 -0.213723 -1.223992
    12 5.744636 0.209471 0.526837 0.085296 -0.117962 -0.637785
    13 6.052552 0.000000 0.000000 0.000000 -0.280945 -1.217796
    14 3.325015 0.000000 0.000000 0.000000 -0.096001 -1.230572
    15 5.613002 0.274427 1.782151 0.378929 -0.371446 -0.586631
    16 5.643136 0.000001 0.000000 0.000000 -0.192563 -1.225564
    17 3.079116 0.000000 -0.000001 0.000000 -0.064808 -1.231461
    18 1.673230 1.247220 -2.595441 -1.669005 1.286518 2.942401
    19 6.028143 0.000001 0.000000 1.639837 0.053459 -0.587171
    20 11.692555 0.000000 0.000001 0.000000 0.000000 -0.767230
    21 12.075578 -0.000001 0.000003 -1.569752 0.195545 0.020654
    22 5.943745 -0.452102 0.398078 0.147217 0.287840 -0.578718
    23 5.043453 0.000000 0.000000 0.000000 0.530358 -1.175525
    24 4.081745 0.000000 0.000000 0.000000 0.206790 -1.461372
    25 6.213901 0.452095 -0.398078 -0.094865 0.384803 -0.547821
    26 5.536297 -0.000001 0.000000 0.000000 0.618516 -1.150872
    27 3.312719 0.000000 -0.000002 0.000000 0.238651 -1.221912
    28 5.899517 1.061160 -1.488765 -0.397780 0.602637 -0.377010
    29 5.285243 0.000001 0.000000 0.000000 0.597561 -1.157329
    30 3.098848 0.000000 0.000000 0.000000 0.228027 -1.222829
    31 9.573584 0.263878 1.933152 2.803390 -0.068954 1.791758
    32 3.738597 -2.965120 -0.136397 0.215984 -0.078540 -0.078540
    33 1.884797 0.225917 -3.244098 -0.856219 -0.128452 -1.738723
    34 3.698875 -0.000002 0.000000 0.000000 0.000000 -0.664655
    35 1.884668 0.225917 3.247675 -2.285333 0.128458 -1.738718
    36 3.698877 0.000000 -0.000001 0.000000 0.000000 0.664655
  time 103
    0 4.497977 0.000000 41.699120 1.570800 -1.484503 -0.000004
    1 4.126704 0.000000 0.000000 0.000000 0.000000 -0.029242
    2 3.613468 0.000000 0.000000 0.000000 0.000000 0.100355
    3 9.183784 0.000000 0.000000 0.000000 0.000000 0.194628
    4 3.166100 0.000000 0.000000 3.141591 0.000000 -0.970156
    5 1.734697 -0.000001 0.000000 0.000000 0.000000 -0.422444
    6 1.673222 1.247215 2.595494 1.597167 -1.286515 2.942410
    7 6.028143 -0.000001 0.000000 -1.580047 -0.013594 -0.589175
    8 11.692555 0.000000 0.000001 0.000000 0.000000 -0.767230
    9 12.075547 0.000001 -0.000032 1.497010 0.461745 -0.134837
    10 5.564227 -0.209469 -0.526835 -0.143137 -0.019710 -0.640843
    11 5.508580 -0.000001 -0.000001 0.000000 -0.213723 -1.223992
    12 5.744636 0.209471 0.526837 0.085296 -0.117962 -0.637785
    13 6.052552 0.000000 0.000000 0.000000 -0.280945 -1.217796
    14 3.325015 0.000000 0.000000 0.000000 -0.096001 -1.230572
    15 5.613002 0.274427 1.782151 0.378929 -0.371446 -0.586631
    16 5.643136 0.000001 0.000000 0.000000 -0.192563 -1.225564
    17 3.079116 0.000000 -0.000001 0.000000 -0.064808 -1.231461
    18 1.673230 1.247220 -2.595441 -1.669005 1.286518 2.942401
    19 6.028143 0.000001 0.000000 1.639837 0.053459 -0.587171
    20 11.692555 0.000000 0.000001 0.000000 0.000000 -0.767230
    21 12.075578 -0.000001 0.000003 -1.569752 0.195545 0.020654
    22 5.943745 -0.452102 0.398078 0.147217 0.287840 -0.578718
    23 5.043453 0.000000 0.000000 0.000000 0.530358 -1.175525
    24 4.081745 0.000000 0.000000 0.000000 0.206790 -1.461372
    25 6.213901 0.452095 -0.398078 -0.094865 0.384803 -0.547821
    26 5.536297 -0.000001 0.000000 0.000000 0.618516 -1.150872
    27 3.312719 0.000000 -0.000002 0.000000 0.238651 -1.221912
    28 5.899517 1.061160 -1.488765 -0.397780 0.602637 -0.377010
    29 5.285243 0.000001 0.000000 0.000000 0.597561 -1.157329
    30 3.098848 0.000000 0.000000 0.000000 0.228027 -1.222829
    31 9.573584 0.263878 1.933152 2.803390 -0.068954 1.791758
    32 3.738597 -2.965120 -0.136397 0.215984 -0.078540 -0.078540
    33 1.884797 0.225917 -3.244098 -0.856219 -0.128452 -1.738723
    34 3.698875 -0.000002 0.000000 0.000000 0.000000 -0.664655
    35 1.884668 0.225917 3.247675 -2.285333 0.128458 -1.738718
    36 3.698877 0.000000 -0.000001 0.000000 0.000000 0.664655
  time 104
    0 4.497977 0.000000 41.699120 1.570800 -1.484503 -0.000004
    1 4.126704 0.000000 0.000000 0.000000 0.000000 -0.029242
    2 3.613468 0.000000 0.000000 0.000000 0.000000 0.100355
    3 9.183784 0.000000 0.000000 0.000000 0.000000 0.194628
    4 3.166100 0.000000 0.000000 3.141591 0.000000 -0.970156
    5 1.734697 -0.000001 0.000000 0.000000 0.000000 -0.422444
    6 1.673222 1.247215 2.595494 1.597167 -1.286515 2.942410
    7 6.028143 -0.000001 0.000000 -1.580047 -0.013594 -0.589175
    8 11.692555 0.000000 0.000001 0.000000 0.000000 -0.767230
    9 12.075547 0.000001 -0.000032 1.497010 0.461745 -0.134837
    10 5.564227 -0.209469 -0.526835 -0.143137 -0.019710 -0.640843
    11 5.508580 -0.000001 -0.000001 0.000000 -0.213723 -1.223992
    12 5.744636 0.209471 0.526837 0.085296 -0.117962 -0.637785
    13 6.052552 0.000000 0.000000 0.000000 -0.280945 -1.217796
    14 3.325015 0.000000 0.000000 0.000000 -0.096001 -1.230572
    15 5.613002 0.274427 1.782151 0.378929 -0.371446 -0.586631
    16 5.643136 0.000001 0.000000 0.000000 -0.192563 -1.225564
    17 3.079116 0.000000 -0.000001 0.000000 -0.064808 -1.231461
    18 1.673230 1.247220 -2.595441 -1.669005 1.286518 2.942401
    19 6.028143 0.000001 0.000000 1.639837 0.053459 -0.587171
    20 11.692555 0.000000 0.000001 0.000000 0.000000 -0.767230
    21 12.075578 -0.000001 0.000003 -1.569752 0.195545 0.020654
    22 5.943745 -0.452102 0.398078 0.147217 0.287840 -0.578718
    23 5.043453 0.000000 0.000000 0.000000 0.530358 -1.175525
    24 4.081745 0.000000 0.000000 0.000000 0.206790 -1.461372
    25 6.213901 0.452095 -0.398078 -0.094865 0.384803 -0.547821
    26 5.536297 -0.000001 0.000000 0.000000 0.618516 -1.150872
    27 3.312719 0.000000 -0.000002 0.000000 0.238651 -1.221912
    28 5.899517 1.061160 -1.488765 -0.397780 0.602637 -0.377010
    29 5.285243 0.000001 0.000000 0.000000 0.597561 -1.157329
    30 3.098848 0.000000 0.000000 0.000000 0.228027 -1.222829
    31 9.573584 0.263878 1.933152 2.803390 -0.068954 1.791758
    32 3.738597 -2.965120 -0.136397 0.215984 -0.078540 -0.078540
    33 1.884797 0.225917 -3.244098 -0.856219 -0.128452 -1.738723
    34 3.698875 -0.000002 0.000000 0.000000 0.000000 -0.664655
    35 1.884668 0.225917 3.247675 -2.285333 0.128458 -1.738718
    36 3.698877 0.000000 -0.000001 0.000000 0.000000 0.664655
  time 105
    0 4.497977 0.000000 41.699120 1.570800 -1.484503 -0.000004
    1 4.126704 0.000000 0.000000 0.000000 0.000000 -0.029242
    2 3.613468 0.000000 0.000000 0.000000 0.000000 0.100355
    3 9.183784 0.000000 0.000000 0.000000 0.000000 0.194628
    4 3.166100 0.000000 0.000000 3.141591 0.000000 -0.970156
    5 1.734697 -0.000001 0.000000 0.000000 0.000000 -0.422444
    6 1.673222 1.247215 2.595494 1.597167 -1.286515 2.942410
    7 6.028143 -0.000001 0.000000 -1.580047 -0.013594 -0.589175
    8 11.692555 0.000000 0.000001 0.000000 0.000000 -0.767230
    9 12.075547 0.000001 -0.000032 1.497010 0.461745 -0.134837
    10 5.564227 -0.209469 -0.526835 -0.143137 -0.019710 -0.640843
    11 5.508580 -0.000001 -0.000001 0.000000 -0.213723 -1.223992
    12 5.744636 0.209471 0.526837 0.085296 -0.117962 -0.637785
    13 6.052552 0.000000 0.000000 0.000000 -0.280945 -1.217796
    14 3.325015 0.000000 0.000000 0.000000 -0.096001 -1.230572
    15 5.613002 0.274427 1.782151 0.378929 -0.371446 -0.586631
    16 5.643136 0.000001 0.000000 0.000000 -0.192563 -1.225564
    17 3.079116 0.000000 -0.000001 0.000000 -0.064808 -1.231461
    18 1.673230 1.247220 -2.595441 -1.669005 1.286518 2.942401
    19 6.028143 0.000001 0.000000 1.639837 0.053459 -0.587171
    20 11.692555 0.000000 0.000001 0.000000 0.000000 -0.767230
    21 12.075578 -0.000001 0.000003 -1.569752 0.195545 0.020654
    22 5.943745 -0.452102 0.398078 0.147217 0.287840 -0.578718
    23 5.043453 0.000000 0.000000 0.000000 0.530358 -1.175525
    24 4.081745 0.000000 0.000000 0.000000 0.206790 -1.461372
    25 6.213901 0.452095 -0.398078 -0.094865 0.384803 -0.547821
    26 5.536297 -0.000001 0.000000 0.000000 0.618516 -1.150872
    27 3.312719 0.000000 -0.000002 0.000000 0.238651 -1.221912
    28 5.899517 1.061160 -1.488765 -0.397780 0.602637 -0.377010
    29 5.285243 0.000001 0.000000 0.000000 0.597561 -1.157329
    30 3.098848 0.000000 0.000000 0.000000 0.228027 -1.222829
    31 9.573584 0.263878 1.933152 2.803390 -0.068954 1.791758
    32 3.738597 -2.965120 -0.136397 0.215984 -0.078540 -0.078540
    33 1.884797 0.225917 -3.244098 -0.856219 -0.128452 -1.738723
    34 3.698875 -0.000002 0.000000 0.000000 0.000000 -0.664655
    35 1.884668 0.225917 3.247675 -2.285333 0.128458 -1.738718
    36 3.698877 0.000000 -0.000001 0.000000 0.000000 0.664655
  time 106
    0 4.497977 0.000000 41.699120 1.570800 -1.484503 -0.000004
    1 4.126704 0.000000 0.000000 0.000000 0.000000 -0.029242
    2 3.613468 0.000000 0.000000 0.000000 0.000000 0.100355
    3 9.183784 0.000000 0.000000 0.000000 0.000000 0.194628
    4 3.166100 0.000000 0.000000 3.141591 0.000000 -0.970156
    5 1.734697 -0.000001 0.000000 0.000000 0.000000 -0.422444
    6 1.673222 1.247215 2.595494 1.597167 -1.286515 2.942410
    7 6.028143 -0.000001 0.000000 -1.580047 -0.013594 -0.589175
    8 11.692555 0.000000 0.000001 0.000000 0.000000 -0.767230
    9 12.075547 0.000001 -0.000032 1.497010 0.461745 -0.134837
    10 5.564227 -0.209469 -0.526835 -0.143137 -0.019710 -0.640843
    11 5.508580 -0.000001 -0.000001 0.000000 -0.213723 -1.223992
    12 5.744636 0.209471 0.526837 0.085296 -0.117962 -0.637785
    13 6.052552 0.000000 0.000000 0.000000 -0.280945 -1.217796
    14 3.325015 0.000000 0.000000 0.000000 -0.096001 -1.230572
    15 5.613002 0.274427 1.782151 0.378929 -0.371446 -0.586631
    16 5.643136 0.000001 0.000000 0.000000 -0.192563 -1.225564
    17 3.079116 0.000000 -0.000001 0.000000 -0.064808 -1.231461
    18 1.673230 1.247220 -2.595441 -1.669005 1.286518 2.942401
    19 6.028143 0.000001 0.000000 1.639837 0.053459 -0.587171
    20 11.692555 0.000000 0.000001 0.000000 0.000000 -0.767230
    21 12.075578 -0.000001 0.000003 -1.569752 0.195545 0.020654
    22 5.943745 -0.452102 0.398078 0.147217 0.287840 -0.578718
    23 5.043453 0.000000 0.000000 0.000000 0.530358 -1.175525
    24 4.081745 0.000000 0.000000 0.000000 0.206790 -1.461372
    25 6.213901 0.452095 -0.398078 -0.094865 0.384803 -0.547821
    26 5.536297 -0.000001 0.000000 0.000000 0.618516 -1.150872
    27 3.312719 0.000000 -0.000002 0.000000 0.238651 -1.221912
    28 5.899517 1.061160 -1.488765 -0.397780 0.602637 -0.377010
    29 5.285243 0.000001 0.000000 0.000000 0.597561 -1.157329
    30 3.098848 0.000000 0.000000 0.000000 0.228027 -1.222829
    31 9.573584 0.263878 1.933152 2.803390 -0.068954 1.791758
    32 3.738597 -2.965120 -0.136397 0.215984 -0.078540 -0.078540
    33 1.884797 0.225917 -3.244098 -0.856219 -0.128452 -1.738723
    34 3.698875 -0.000002 0.000000 0.000000 0.000000 -0.664655
    35 1.884668 0.225917 3.247675 -2.285333 0.128458 -1.738718
    36 3.698877 0.000000 -0.000001 0.000000 0.000000 0.664655
  time 107
    0 4.497977 0.000000 41.699120 1.570800 -1.484503 -0.000004
    1 4.126704 0.000000 0.000000 0.000000 0.000000 -0.029242
    2 3.613468 0.000000 0.000000 0.000000 0.000000 0.100355
    3 9.183784 0.000000 0.000000 0.000000 0.000000 0.194628
    4 3.166100 0.000000 0.000000 3.141591 0.000000 -0.970156
    5 1.734697 -0.000001 0.000000 0.000000 0.000000 -0.422444
    6 1.673222 1.247215 2.595494 1.597167 -1.286515 2.942410
    7 6.028143 -0.000001 0.000000 -1.580047 -0.013594 -0.589175
    8 11.692555 0.000000 0.000001 0.000000 0.000000 -0.767230
    9 12.075547 0.000001 -0.000032 1.497010 0.461745 -0.134837
    10 5.564227 -0.209469 -0.526835 -0.143137 -0.019710 -0.640843
    11 5.508580 -0.000001 -0.000001 0.000000 -0.213723 -1.223992
    12 5.744636 0.209471 0.526837 0.085296 -0.117962 -0.637785
    13 6.052552 0.000000 0.000000 0.000000 -0.280945 -1.217796
    14 3.325015 0.000000 0.000000 0.000000 -0.096001 -1.230572
    15 5.613002 0.274427 1.782151 0.378929 -0.371446 -0.586631
    16 5.643136 0.000001 0.000000 0.000000 -0.192563 -1.225564
    17 3.079116 0.000000 -0.000001 0.000000 -0.064808 -1.231461
    18 1.673230 1.247220 -2.595441 -1.669005 1.286518 2.942401
    19 6.028143 0.000001 0.000000 1.639837 0.053459 -0.587171
    20 11.692555 0.000000 0.000001 0.000000 0.000000 -0.767230
    21 12.075578 -0.000001 0.000003 -1.569752 0.195545 0.020654
    22 5.943745 -0.452102 0.398078 0.147217 0.287840 -0.578718
    23 5.043453 0.000000 0.000000 0.000000 0.530358 -1.175525
    24 4.081745 0.000000 0.000000 0.000000 0.206790 -1.461372
    25 6.213901 0.452095 -0.398078 -0.094865 0.384803 -0.547821
    26 5.536297 -0.000001 0.000000 0.000000 0.618516 -1.150872
    27 3.312719 0.000000 -0.000002 0.000000 0.238651 -1.221912
    28 5.899517 1.061160 -1.488765 -0.397780 0.602637 -0.377010
    29 5.285243 0.000001 0.000000 0.000000 0.597561 -1.157329
    30 3.098848 0.000000 0.000000 0.000000 0.228027 -1.222829
    31 9.573584 0.263878 1.933152 2.803390 -0.068954 1.791758
    32 3.738597 -2.965120 -0.136397 0.215984 -0.078540 -0.078540
    33 1.884797 0.225917 -3.244098 -0.856219 -0.128452 -1.738723
    34 3.698875 -0.000002 0.000000 0.000000 0.000000 -0.664655
    35 1.884668 0.225917 3.247675 -2.285333 0.128458 -1.738718
    36 3.698877 0.000000 -0.000001 0.000000 0.000000 0.664655
  time 108
    0 4.497977 0.000000 41.699120 1.570800 -1.484503 -0.000004
    1 4.126704 0.000000 0.000000 0.000000 0.000000 -0.029242
    2 3.613468 0.000000 0.000000 0.000000 0.000000 0.100355
    3 9.183784 0.000000 0.000000 0.000000 0.000000 0.194628
    4 3.166100 0.000000 0.000000 3.141591 0.000000 -0.970156
    5 1.734697 -0.000001 0.000000 0.000000 0.000000 -0.422444
    6 1.673222 1.247215 2.595494 1.597167 -1.286515 2.942410
    7 6.028143 -0.000001 0.000000 -1.580047 -0.013594 -0.589175
    8 11.692555 0.000000 0.000001 0.000000 0.000000 -0.767230
    9 12.075547 0.000001 -0.000032 1.497010 0.461745 -0.134837
    10 5.564227 -0.209469 -0.526835 -0.143137 -0.019710 -0.640843
    11 5.508580 -0.000001 -0.000001 0.000000 -0.213723 -1.223992
    12 5.744636 0.209471 0.526837 0.085296 -0.117962 -0.637785
    13 6.052552 0.000000 0.000000 0.000000 -0.280945 -1.217796
    14 3.325015 0.000000 0.000000 0.000000 -0.096001 -1.230572
    15 5.613002 0.274427 1.782151 0.378929 -0.371446 -0.586631
    16 5.643136 0.000001 0.000000 0.000000 -0.192563 -1.225564
    17 3.079116 0.000000 -0.000001 0.000000 -0.064808 -1.231461
    18 1.673230 1.247220 -2.595441 -1.669005 1.286518 2.942401
    19 6.028143 0.000001 0.000000 1.639837 0.053459 -0.587171
    20 11.692555 0.000000 0.000001 0.000000 0.000000 -0.767230
    21 12.075578 -0.000001 0.000003 -1.569752 0.195545 0.020654
    22 5.943745 -0.452102 0.398078 0.147217 0.287840 -0.578718
    23 5.043453 0.000000 0.000000 0.000000 0.530358 -1.175525
    24 4.081745 0.000000 0.000000 0.000000 0.206790 -1.461372
    25 6.213901 0.452095 -0.398078 -0.094865 0.384803 -0.547821
    26 5.536297 -0.000001 0.000000 0.000000 0.618516 -1.150872
    27 3.312719 0.000000 -0.000002 0.000000 0.238651 -1.221912
    28 5.899517 1.061160 -1.488765 -0.397780 0.602637 -0.377010
    29 5.285243 0.000001 0.000000 0.000000 0.597561 -1.157329
    30 3.098848 0.000000 0.000000 0.000000 0.228027 -1.222829
    31 9.573584 0.263878 1.933152 2.803390 -0.068954 1.791758
    32 3.738597 -2.965120 -0.136397 0.215984 -0.078540 -0.078540
    33 1.884797 0.225917 -3.244098 -0.856219 -0.128452 -1.738723
    34 3.698875 -0.000002 0.000000 0.000000 0.000000 -0.664655
    35 1.884668 0.225917 3.247675 -2.285333 0.128458 -1.738718
    36 3.698877 0.000000 -0.000001 0.000000 0.000000 0.664655
  time 109
    0 4.497977 0.000000 41.699120 1.570800 -1.484503 -0.000004
    1 4.126704 0.000000 0.000000 0.000000 0.000000 -0.029242
    2 3.613468 0.000000 0.000000 0.000000 0.000000 0.100355
    3 9.183784 0.000000 0.000000 0.000000 0.000000 0.194628
    4 3.166100 0.000000 0.000000 3.141591 0.000000 -0.970156
    5 1.734697 -0.000001 0.000000 0.000000 0.000000 -0.422444
    6 1.673222 1.247215 2.595494 1.597167 -1.286515 2.942410
    7 6.028143 -0.000001 0.000000 -1.580047 -0.013594 -0.589175
    8 11.692555 0.000000 0.000001 0.000000 0.000000 -0.767230
    9 12.075547 0.000001 -0.000032 1.497010 0.461745 -0.134837
    10 5.564227 -0.209469 -0.526835 -0.143137 -0.019710 -0.640843
    11 5.508580 -0.000001 -0.000001 0.000000 -0.213723 -1.223992
    12 5.744636 0.209471 0.526837 0.085296 -0.117962 -0.637785
    13 6.052552 0.000000 0.000000 0.000000 -0.280945 -1.217796
    14 3.325015 0.000000 0.000000 0.000000 -0.096001 -1.230572
    15 5.613002 0.274427 1.782151 0.378929 -0.371446 -0.586631
    16 5.643136 0.000001 0.000000 0.000000 -0.192563 -1.225564
    17 3.079116 0.000000 -0.000001 0.000000 -0.064808 -1.231461
    18 1.673230 1.247220 -2.595441 -1.669005 1.286518 2.942401
    19 6.028143 0.000001 0.000000 1.639837 0.053459 -0.587171
    20 11.692555 0.000000 0.000001 0.000000 0.000000 -0.767230
    21 12.075578 -0.000001 0.000003 -1.569752 0.195545 0.020654
    22 5.943745 -0.452102 0.398078 0.147217 0.287840 -0.578718
    23 5.043453 0.000000 0.000000 0.000000 0.530358 -1.175525
    24 4.081745 0.000000 0.000000 0.000000 0.206790 -1.461372
    25 6.213901 0.452095 -0.398078 -0.094865 0.384803 -0.547821
    26 5.536297 -0.000001 0.000000 0.000000 0.618516 -1.150872
    27 3.312719 0.000000 -0.000002 0.000000 0.238651 -1.221912
    28 5.899517 1.061160 -1.488765 -0.397780 0.602637 -0.377010
    29 5.285243 0.000001 0.000000 0.000000 0.597561 -1.157329
    30 3.098848 0.000000 0.000000 0.000000 0.228027 -1.222829
    31 9.573584 0.263878 1.933152 2.803390 -0.068954 1.791758
    32 3.738597 -2.965120 -0.136397 0.215984 -0.078540 -0.078540
    33 1.884797 0.225917 -3.244098 -0.856219 -0.128452 -1.738723
    34 3.698875 -0.000002 0.000000 0.000000 0.000000 -0.664655
    35 1.884668 0.225917 3.247675 -2.285333 0.128458 -1.738718
    36 3.698877 0.000000 -0.000001 0.000000 0.000000 0.664655
  time 110
    0 4.497977 0.000000 41.699120 1.570800 -1.484503 -0.000004
    1 4.126704 0.000000 0.000000 0.000000 0.000000 -0.029242
    2 3.613468 0.000000 0.000000 0.000000 0.000000 0.100355
    3 9.183784 0.000000 0.000000 0.000000 0.000000 0.194628
    4 3.166100 0.000000 0.000000 3.141591 0.000000 -0.970156
    5 1.734697 -0.000001 0.000000 0.000000 0.000000 -0.422444
    6 1.673222 1.247215 2.595494 1.597167 -1.286515 2.942410
    7 6.028143 -0.000001 0.000000 -1.580047 -0.013594 -0.589175
    8 11.692555 0.000000 0.000001 0.000000 0.000000 -0.767230
    9 12.075547 0.000001 -0.000032 1.497010 0.461745 -0.134837
    10 5.564227 -0.209469 -0.526835 -0.143137 -0.019710 -0.640843
    11 5.508580 -0.000001 -0.000001 0.000000 -0.213723 -1.223992
    12 5.744636 0.209471 0.526837 0.085296 -0.117962 -0.637785
    13 6.052552 0.000000 0.000000 0.000000 -0.280945 -1.217796
    14 3.325015 0.000000 0.000000 0.000000 -0.096001 -1.230572
    15 5.613002 0.274427 1.782151 0.378929 -0.371446 -0.586631
    16 5.643136 0.000001 0.000000 0.000000 -0.192563 -1.225564
    17 3.079116 0.000000 -0.000001 0.000000 -0.064808 -1.231461
    18 1.673230 1.247220 -2.595441 -1.669005 1.286518 2.942401
    19 6.028143 0.000001 0.000000 1.639837 0.053459 -0.587171
    20 11.692555 0.000000 0.000001 0.000000 0.000000 -0.767230
    21 12.075578 -0.000001 0.000003 -1.569752 0.195545 0.020654
    22 5.943745 -0.452102 0.398078 0.147217 0.287840 -0.578718
    23 5.043453 0.000000 0.000000 0.000000 0.530358 -1.175525
    24 4.081745 0.000000 0.000000 0.000000 0.206790 -1.461372
    25 6.213901 0.452095 -0.398078 -0.094865 0.384803 -0.547821
    26 5.536297 -0.000001 0.000000 0.000000 0.618516 -1.150872
    27 3.312719 0.000000 -0.000002 0.000000 0.238651 -1.221912
    28 5.899517 1.061160 -1.488765 -0.397780 0.602637 -0.377010
    29 5.285243 0.000001 0.000000 0.000000 0.597561 -1.157329
    30 3.098848 0.000000 0.000000 0.000000 0.228027 -1.222829
    31 9.573584 0.263878 1.933152 2.803390 -0.068954 1.791758
    32 3.738597 -2.965120 -0.136397 0.215984 -0.078540 -0.078540
    33 1.884797 0.225917 -3.244098 -0.856219 -0.128452 -1.738723
    34 3.698875 -0.000002 0.000000 0.000000 0.000000 -0.664655
    35 1.884668 0.225917 3.247675 -2.285333 0.128458 -1.738718
    36 3.698877 0.000000 -0.000001 0.000000 0.000000 0.664655
  time 111
    0 4.497977 0.000000 41.699120 1.570800 -1.484503 -0.000004
    1 4.126704 0.000000 0.000000 0.000000 0.000000 -0.029242
    2 3.613468 0.000000 0.000000 0.000000 0.000000 0.100355
    3 9.183784 0.000000 0.000000 0.000000 0.000000 0.194628
    4 3.166100 0.000000 0.000000 3.141591 0.000000 -0.970156
    5 1.734697 -0.000001 0.000000 0.000000 0.000000 -0.422444
    6 1.673222 1.247215 2.595494 1.597167 -1.286515 2.942410
    7 6.028143 -0.000001 0.000000 -1.580047 -0.013594 -0.589175
    8 11.692555 0.000000 0.000001 0.000000 0.000000 -0.767230
    9 12.075547 0.000001 -0.000032 1.497010 0.461745 -0.134837
    10 5.564227 -0.209469 -0.526835 -0.143137 -0.019710 -0.640843
    11 5.508580 -0.000001 -0.000001 0.000000 -0.213723 -1.223992
    12 5.744636 0.209471 0.526837 0.085296 -0.117962 -0.637785
    13 6.052552 0.000000 0.000000 0.000000 -0.280945 -1.217796
    14 3.325015 0.000000 0.000000 0.000000 -0.096001 -1.230572
    15 5.613002 0.274427 1.782151 0.378929 -0.371446 -0.586631
    16 5.643136 0.000001 0.000000 0.000000 -0.192563 -1.225564
    17 3.079116 0.000000 -0.000001 0.000000 -0.064808 -1.231461
    18 1.673230 1.247220 -2.595441 -1.669005 1.286518 2.942401
    19 6.028143 0.000001 0.000000 1.639837 0.053459 -0.587171
    20 11.692555 0.000000 0.000001 0.000000 0.000000 -0.767230
    21 12.075578 -0.000001 0.000003 -1.569752 0.195545 0.020654
    22 5.943745 -0.452102 0.398078 0.147217 0.287840 -0.578718
    23 5.043453 0.000000 0.000000 0.000000 0.530358 -1.175525
    24 4.081745 0.000000 0.000000 0.000000 0.206790 -1.461372
    25 6.213901 0.452095 -0.398078 -0.094865 0.384803 -0.547821
    26 5.536297 -0.000001 0.000000 0.000000 0.618516 -1.150872
    27 3.312719 0.000000 -0.000002 0.000000 0.238651 -1.221912
    28 5.899517 1.061160 -1.488765 -0.397780 0.602637 -0.377010
    29 5.285243 0.000001 0.000000 0.000000 0.597561 -1.157329
    30 3.098848 0.000000 0.000000 0.000000 0.228027 -1.222829
    31 9.573584 0.263878 1.933152 2.803390 -0.068954 1.791758
    32 3.738597 -2.965120 -0.136397 0.215984 -0.078540 -0.078540
    33 1.884797 0.225917 -3.244098 -0.856219 -0.128452 -1.738723
    34 3.698875 -0.000002 0.000000 0.000000 0.000000 -0.664655
    35 1.884668 0.225917 3.247675 -2.285333 0.128458 -1.738718
    36 3.698877 0.000000 -0.000001 0.000000 0.000000 0.664655
  time 112
    0 4.497977 0.000000 41.699120 1.570800 -1.484503 -0.000004
    1 4.126704 0.000000 0.000000 0.000000 0.000000 -0.029242
    2 3.613468 0.000000 0.000000 0.000000 0.000000 0.100355
    3 9.183784 0.000000 0.000000 0.000000 0.000000 0.194628
    4 3.166100 0.000000 0.000000 3.141591 0.000000 -0.970156
    5 1.734697 -0.000001 0.000000 0.000000 0.000000 -0.422444
    6 1.673222 1.247215 2.595494 1.597167 -1.286515 2.942410
    7 6.028143 -0.000001 0.000000 -1.580047 -0.013594 -0.589175
    8 11.692555 0.000000 0.000001 0.000000 0.000000 -0.767230
    9 12.075547 0.000001 -0.000032 1.497010 0.461745 -0.134837
    10 5.564227 -0.209469 -0.526835 -0.143137 -0.019710 -0.640843
    11 5.508580 -0.000001 -0.000001 0.000000 -0.213723 -1.223992
    12 5.744636 0.209471 0.526837 0.085296 -0.117962 -0.637785
    13 6.052552 0.000000 0.000000 0.000000 -0.280945 -1.217796
    14 3.325015 0.000000 0.000000 0.000000 -0.096001 -1.230572
    15 5.613002 0.274427 1.782151 0.378929 -0.371446 -0.586631
    16 5.643136 0.000001 0.000000 0.000000 -0.192563 -1.225564
    17 3.079116 0.000000 -0.000001 0.000000 -0.064808 -1.231461
    18 1.673230 1.247220 -2.595441 -1.669005 1.286518 2.942401
    19 6.028143 0.000001 0.000000 1.639837 0.053459 -0.587171
    20 11.692555 0.000000 0.000001 0.000000 0.000000 -0.767230
    21 12.075578 -0.000001 0.000003 -1.569752 0.195545 0.020654
    22 5.943745 -0.452102 0.398078 0.147217 0.287840 -0.578718
    23 5.043453 0.000000 0.000000 0.000000 0.530358 -1.175525
    24 4.081745 0.000000 0.000000 0.000000 0.206790 -1.461372
    25 6.213901 0.452095 -0.398078 -0.094865 0.384803 -0.547821
    26 5.536297 -0.000001 0.000000 0.000000 0.618516 -1.150872
    27 3.312719 0.000000 -0.000002 0.000000 0.238651 -1.221912
    28 5.899517 1.061160 -1.488765 -0.397780 0.602637 -0.377010
    29 5.285243 0.000001 0.000000 0.000000 0.597561 -1.157329
    30 3.098848 0.000000 0.000000 0.000000 0.228027 -1.222829
    31 9.573584 0.263878 1.933152 2.803390 -0.068954 1.791758
    32 3.738597 -2.965120 -0.136397 0.215984 -0.078540 -0.078540
    33 1.884797 0.225917 -3.244098 -0.856219 -0.128452 -1.738723
    34 3.698875 -0.000002 0.000000 0.000000 0.000000 -0.664655
    35 1.884668 0.225917 3.247675 -2.285333 0.128458 -1.738718
    36 3.698877 0.000000 -0.000001 0.000000 0.000000 0.664655
  time 113
    0 4.497977 0.000000 41.699120 1.570800 -1.484503 -0.000004
    1 4.126704 0.000000 0.000000 0.000000 0.000000 -0.029242
    2 3.613468 0.000000 0.000000 0.000000 0.000000 0.100355
    3 9.183784 0.000000 0.000000 0.000000 0.000000 0.194628
    4 3.166100 0.000000 0.000000 3.141591 0.000000 -0.970156
    5 1.734697 -0.000001 0.000000 0.000000 0.000000 -0.422444
    6 1.673222 1.247215 2.595494 1.597167 -1.286515 2.942410
    7 6.028143 -0.000001 0.000000 -1.580047 -0.013594 -0.589175
    8 11.692555 0.000000 0.000001 0.000000 0.000000 -0.767230
    9 12.075547 0.000001 -0.000032 1.497010 0.461745 -0.134837
    10 5.564227 -0.209469 -0.526835 -0.143137 -0.019710 -0.640843
    11 5.508580 -0.000001 -0.000001 0.000000 -0.213723 -1.223992
    12 5.744636 0.209471 0.526837 0.085296 -0.117962 -0.637785
    13 6.052552 0.000000 0.000000 0.000000 -0.280945 -1.217796
    14 3.325015 0.000000 0.000000 0.000000 -0.096001 -1.230572
    15 5.613002 0.274427 1.782151 0.378929 -0.371446 -0.586631
    16 5.643136 0.000001 0.000000 0.000000 -0.192563 -1.225564
    17 3.079116 0.000000 -0.000001 0.000000 -0.064808 -1.231461
    18 1.673230 1.247220 -2.595441 -1.669005 1.286518 2.942401
    19 6.028143 0.000001 0.000000 1.639837 0.053459 -0.587171
    20 11.692555 0.000000 0.000001 0.000000 0.000000 -0.767230
    21 12.075578 -0.000001 0.000003 -1.569752 0.195545 0.020654
    22 5.943745 -0.452102 0.398078 0.147217 0.287840 -0.578718
    23 5.043453 0.000000 0.000000 0.000000 0.530358 -1.175525
    24 4.081745 0.000000 0.000000 0.000000 0.206790 -1.461372
    25 6.213901 0.452095 -0.398078 -0.094865 0.384803 -0.547821
    26 5.536297 -0.000001 0.000000 0.000000 0.618516 -1.150872
    27 3.312719 0.000000 -0.000002 0.000000 0.238651 -1.221912
    28 5.899517 1.061160 -1.488765 -0.397780 0.602637 -0.377010
    29 5.285243 0.000001 0.000000 0.000000 0.597561 -1.157329
    30 3.098848 0.000000 0.000000 0.000000 0.228027 -1.222829
    31 9.573584 0.263878 1.933152 2.803390 -0.068954 1.791758
    32 3.738597 -2.965120 -0.136397 0.215984 -0.078540 -0.078540
    33 1.884797 0.225917 -3.244098 -0.856219 -0.128452 -1.738723
    34 3.698875 -0.000002 0.000000 0.000000 0.000000 -0.664655
    35 1.884668 0.225917 3.247675 -2.285333 0.128458 -1.738718
    36 3.698877 0.000000 -0.000001 0.000000 0.000000 0.664655
  time 114
    0 4.497977 0.000000 41.699120 1.570800 -1.484503 -0.000004
    1 4.126704 0.000000 0.000000 0.000000 0.000000 -0.029242
    2 3.613468 0.000000 0.000000 0.000000 0.000000 0.100355
    3 9.183784 0.000000 0.000000 0.000000 0.000000 0.194628
    4 3.166100 0.000000 0.000000 3.141591 0.000000 -0.970156
    5 1.734697 -0.000001 0.000000 0.000000 0.000000 -0.422444
    6 1.673222 1.247215 2.595494 1.597167 -1.286515 2.942410
    7 6.028143 -0.000001 0.000000 -1.580047 -0.013594 -0.589175
    8 11.692555 0.000000 0.000001 0.000000 0.000000 -0.767230
    9 12.075547 0.000001 -0.000032 1.497010 0.461745 -0.134837
    10 5.564227 -0.209469 -0.526835 -0.143137 -0.019710 -0.640843
    11 5.508580 -0.000001 -0.000001 0.000000 -0.213723 -1.223992
    12 5.744636 0.209471 0.526837 0.085296 -0.117962 -0.637785
    13 6.052552 0.000000 0.000000 0.000000 -0.280945 -1.217796
    14 3.325015 0.000000 0.000000 0.000000 -0.096001 -1.230572
    15 5.613002 0.274427 1.782151 0.378929 -0.371446 -0.586631
    16 5.643136 0.000001 0.000000 0.000000 -0.192563 -1.225564
    17 3.079116 0.000000 -0.000001 0.000000 -0.064808 -1.231461
    18 1.673230 1.247220 -2.595441 -1.669005 1.286518 2.942401
    19 6.028143 0.000001 0.000000 1.639837 0.053459 -0.587171
    20 11.692555 0.000000 0.000001 0.000000 0.000000 -0.767230
    21 12.075578 -0.000001 0.000003 -1.569752 0.195545 0.020654
    22 5.943745 -0.452102 0.398078 0.147217 0.287840 -0.578718
    23 5.043453 0.000000 0.000000 0.000000 0.530358 -1.175525
    24 4.081745 0.000000 0.000000 0.000000 0.206790 -1.461372
    25 6.213901 0.452095 -0.398078 -0.094865 0.384803 -0.547821
    26 5.536297 -0.000001 0.000000 0.000000 0.618516 -1.150872
    27 3.312719 0.000000 -0.000002 0.000000 0.238651 -1.221912
    28 5.899517 1.061160 -1.488765 -0.397780 0.602637 -0.377010
    29 5.285243 0.000001 0.000000 0.000000 0.597561 -1.157329
    30 3.098848 0.000000 0.000000 0.000000 0.228027 -1.222829
    31 9.573584 0.263878 1.933152 2.803390 -0.068954 1.791758
    32 3.738597 -2.965120 -0.136397 0.215984 -0.078540 -0.078540
    33 1.884797 0.225917 -3.244098 -0.856219 -0.128452 -1.738723
    34 3.698875 -0.000002 0.000000 0.000000 0.000000 -0.664655
    35 1.884668 0.225917 3.247675 -2.285333 0.128458 -1.738718
    36 3.698877 0.000000 -0.000001 0.000000 0.000000 0.664655
  time 115
    0 4.497977 0.000000 41.699120 1.570800 -1.484503 -0.000004
    1 4.126704 0.000000 0.000000 0.000000 0.000000 -0.029242
    2 3.613468 0.000000 0.000000 0.000000 0.000000 0.100355
    3 9.183784 0.000000 0.000000 0.000000 0.000000 0.194628
    4 3.166100 0.000000 0.000000 3.141591 0.000000 -0.970156
    5 1.734697 -0.000001 0.000000 0.000000 0.000000 -0.422444
    6 1.673222 1.247215 2.595494 1.597167 -1.286515 2.942410
    7 6.028143 -0.000001 0.000000 -1.580047 -0.013594 -0.589175
    8 11.692555 0.000000 0.000001 0.000000 0.000000 -0.767230
    9 12.075547 0.000001 -0.000032 1.497010 0.461745 -0.134837
    10 5.564227 -0.209469 -0.526835 -0.143137 -0.019710 -0.640843
    11 5.508580 -0.000001 -0.000001 0.000000 -0.213723 -1.223992
    12 5.744636 0.209471 0.526837 0.085296 -0.117962 -0.637785
    13 6.052552 0.000000 0.000000 0.000000 -0.280945 -1.217796
    14 3.325015 0.000000 0.000000 0.000000 -0.096001 -1.230572
    15 5.613002 0.274427 1.782151 0.378929 -0.371446 -0.586631
    16 5.643136 0.000001 0.000000 0.000000 -0.192563 -1.225564
    17 3.079116 0.000000 -0.000001 0.000000 -0.064808 -1.231461
    18 1.673230 1.247220 -2.595441 -1.669005 1.286518 2.942401
    19 6.028143 0.000001 0.000000 1.639837 0.053459 -0.587171
    20 11.692555 0.000000 0.000001 0.000000 0.000000 -0.767230
    21 12.075578 -0.000001 0.000003 -1.569752 0.195545 0.020654
    22 5.943745 -0.452102 0.398078 0.147217 0.287840 -0.578718
    23 5.043453 0.000000 0.000000 0.000000 0.530358 -1.175525
    24 4.081745 0.000000 0.000000 0.000000 0.206790 -1.461372
    25 6.213901 0.452095 -0.398078 -0.094865 0.384803 -0.547821
    26 5.536297 -0.000001 0.000000 0.000000 0.618516 -1.150872
    27 3.312719 0.000000 -0.000002 0.000000 0.238651 -1.221912
    28 5.899517 1.061160 -1.488765 -0.397780 0.602637 -0.377010
    29 5.285243 0.000001 0.000000 0.000000 0.597561 -1.157329
    30 3.098848 0.000000 0.000000 0.000000 0.228027 -1.222829
    31 9.573584 0.263878 1.933152 2.803390 -0.068954 1.791758
    32 3.738597 -2.965120 -0.136397 0.215984 -0.078540 -0.078540
    33 1.884797 0.225917 -3.244098 -0.856219 -0.128452 -1.738723
    34 3.698875 -0.000002 0.000000 0.000000 0.000000 -0.664655
    35 1.884668 0.225917 3.247675 -2.285333 0.128458 -1.738718
    36 3.698877 0.000000 -0.000001 0.000000 0.000000 0.664655
  time 116
    0 4.497977 0.000000 41.699120 1.570800 -1.484503 -0.000004
    1 4.126704 0.000000 0.000000 0.000000 0.000000 -0.029242
    2 3.613468 0.000000 0.000000 0.000000 0.000000 0.100355
    3 9.183784 0.000000 0.000000 0.000000 0.000000 0.194628
    4 3.166100 0.000000 0.000000 3.141591 0.000000 -0.970156
    5 1.734697 -0.000001 0.000000 0.000000 0.000000 -0.422444
    6 1.673222 1.247215 2.595494 1.597167 -1.286515 2.942410
    7 6.028143 -0.000001 0.000000 -1.580047 -0.013594 -0.589175
    8 11.692555 0.000000 0.000001 0.000000 0.000000 -0.767230
    9 12.075547 0.000001 -0.000032 1.497010 0.461745 -0.134837
    10 5.564227 -0.209469 -0.526835 -0.143137 -0.019710 -0.640843
    11 5.508580 -0.000001 -0.000001 0.000000 -0.213723 -1.223992
    12 5.744636 0.209471 0.526837 0.085296 -0.117962 -0.637785
    13 6.052552 0.000000 0.000000 0.000000 -0.280945 -1.217796
    14 3.325015 0.000000 0.000000 0.000000 -0.096001 -1.230572
    15 5.613002 0.274427 1.782151 0.378929 -0.371446 -0.586631
    16 5.643136 0.000001 0.000000 0.000000 -0.192563 -1.225564
    17 3.079116 0.000000 -0.000001 0.000000 -0.064808 -1.231461
    18 1.673230 1.247220 -2.595441 -1.669005 1.286518 2.942401
    19 6.028143 0.000001 0.000000 1.639837 0.053459 -0.587171
    20 11.692555 0.000000 0.000001 0.000000 0.000000 -0.767230
    21 12.075578 -0.000001 0.000003 -1.569752 0.195545 0.020654
    22 5.943745 -0.452102 0.398078 0.147217 0.287840 -0.578718
    23 5.043453 0.000000 0.000000 0.000000 0.530358 -1.175525
    24 4.081745 0.000000 0.000000 0.000000 0.206790 -1.461372
    25 6.213901 0.452095 -0.398078 -0.094865 0.384803 -0.547821
    26 5.536297 -0.000001 0.000000 0.000000 0.618516 -1.150872
    27 3.312719 0.000000 -0.000002 0.000000 0.238651 -1.221912
    28 5.899517 1.061160 -1.488765 -0.397780 0.602637 -0.377010
    29 5.285243 0.000001 0.000000 0.000000 0.597561 -1.157329
    30 3.098848 0.000000 0.000000 0.000000 0.228027 -1.222829
    31 9.573584 0.263878 1.933152 2.803390 -0.068954 1.791758
    32 3.738597 -2.965120 -0.136397 0.215984 -0.078540 -0.078540
    33 1.884797 0.225917 -3.244098 -0.856219 -0.128452 -1.738723
    34 3.698875 -0.000002 0.000000 0.000000 0.000000 -0.664655
    35 1.884668 0.225917 3.247675 -2.285333 0.128458 -1.738718
    36 3.698877 0.000000 -0.000001 0.000000 0.000000 0.664655
  time 117
    0 4.497977 0.000000 41.699120 1.570800 -1.484503 -0.000004
    1 4.126704 0.000000 0.000000 0.000000 0.000000 -0.029242
    2 3.613468 0.000000 0.000000 0.000000 0.000000 0.100355
    3 9.183784 0.000000 0.000000 0.000000 0.000000 0.194628
    4 3.166100 0.000000 0.000000 3.141591 0.000000 -0.970156
    5 1.734697 -0.000001 0.000000 0.000000 0.000000 -0.422444
    6 1.673222 1.247215 2.595494 1.597167 -1.286515 2.942410
    7 6.028143 -0.000001 0.000000 -1.580047 -0.013594 -0.589175
    8 11.692555 0.000000 0.000001 0.000000 0.000000 -0.767230
    9 12.075547 0.000001 -0.000032 1.497010 0.461745 -0.134837
    10 5.564227 -0.209469 -0.526835 -0.143137 -0.019710 -0.640843
    11 5.508580 -0.000001 -0.000001 0.000000 -0.213723 -1.223992
    12 5.744636 0.209471 0.526837 0.085296 -0.117962 -0.637785
    13 6.052552 0.000000 0.000000 0.000000 -0.280945 -1.217796
    14 3.325015 0.000000 0.000000 0.000000 -0.096001 -1.230572
    15 5.613002 0.274427 1.782151 0.378929 -0.371446 -0.586631
    16 5.643136 0.000001 0.000000 0.000000 -0.192563 -1.225564
    17 3.079116 0.000000 -0.000001 0.000000 -0.064808 -1.231461
    18 1.673230 1.247220 -2.595441 -1.669005 1.286518 2.942401
    19 6.028143 0.000001 0.000000 1.639837 0.053459 -0.587171
    20 11.692555 0.000000 0.000001 0.000000 0.000000 -0.767230
    21 12.075578 -0.000001 0.000003 -1.569752 0.195545 0.020654
    22 5.943745 -0.452102 0.398078 0.147217 0.287840 -0.578718
    23 5.043453 0.000000 0.000000 0.000000 0.530358 -1.175525
    24 4.081745 0.000000 0.000000 0.000000 0.206790 -1.461372
    25 6.213901 0.452095 -0.398078 -0.094865 0.384803 -0.547821
    26 5.536297 -0.000001 0.000000 0.000000 0.618516 -1.150872
    27 3.312719 0.000000 -0.000002 0.000000 0.238651 -1.221912
    28 5.899517 1.061160 -1.488765 -0.397780 0.602637 -0.377010
    29 5.285243 0.000001 0.000000 0.000000 0.597561 -1.157329
    30 3.098848 0.000000 0.000000 0.000000 0.228027 -1.222829
    31 9.573584 0.263878 1.933152 2.803390 -0.068954 1.791758
    32 3.738597 -2.965120 -0.136397 0.215984 -0.078540 -0.078540
    33 1.884797 0.225917 -3.244098 -0.856219 -0.128452 -1.738723
    34 3.698875 -0.000002 0.000000 0.000000 0.000000 -0.664655
    35 1.884668 0.225917 3.247675 -2.285333 0.128458 -1.738718
    36 3.698877 0.000000 -0.000001 0.000000 0.000000 0.664655
end
